sample,time,wbo2,AFR,FFB,EGT,AFC,AFL,RPM,MPH,Timing,IAT,MAF,MAF(V),Accelerator,Throttle,RQTQ,ATM(psi),MAP,Trgt_Boost,IAM,CL/OL,FLKC,FBKC,avcs,wgdc,tdi,Tdp,IPW,KNOCK_FLAG,ECT
0,167378.880,10.17,14.7,11.052,255,0,.78125,183,0,13.5,113,2.33,1.16,0,6.66667,0,14.5098,13.92,-9.14531,1,7,0,0,0,0,0,0,1.28,0,177.8
1,167378.920,10.17,14.7,7.61589,255,0,.78125,183,0,13.5,113,2.33,1.2,0,6.66667,0,14.5098,13.92,-9.14531,1,7,0,0,0,0,0,0,1.28,0,177.8
2,167378.960,10.17,14.7,7.61589,255,0,.78125,183,0,13.5,113,2.33,1.08,0,6.66667,0,14.5098,13.92,-9.14531,1,7,0,0,0,0,0,0,1.28,0,177.8
3,167379.000,10.17,14.7,7.61589,255,0,.78125,183,0,13.5,113,2.33,1.1,0,6.66667,0,14.5098,13.92,-9.14531,1,7,0,0,0,0,0,0,1.28,0,177.8
4,167379.040,10.17,14.7,7.61589,255,0,.78125,189.75,0,13.5,113,2.55,1.2,0,6.66667,0,14.5098,13.775,-9.14531,1,7,0,0,0,0,0,0,6.144,0,177.8
5,167379.080,10.17,14.7,7.61589,255,0,.78125,189.75,0,13.5,113,2.55,1.22,0,6.66667,0,14.5098,13.775,-9.14531,1,7,0,0,0,0,0,0,5.888,0,177.8
6,167379.120,22.5147,14.7,7.61589,255,0,.78125,390.5,0,13.5,113,3.16,1.18,0,6.66667,0,14.5098,13.34,-9.14531,1,7,0,0,0,0,0,0,5.632,0,177.8
7,167379.160,22.6404,14.7,7.61589,255,0,.78125,701.25,0,20.5,113,2.95,1.22,0,6.66667,0,14.5098,12.47,-9.14531,1,7,0,0,0,0,0,0,5.376,0,177.8
8,167379.200,22.4722,14.7,7.61589,255,0,.78125,924.5,0,18.5,113,3.42,1.28,0,6.66667,0,14.5098,11.89,-9.14531,1,7,0,0,0,0,0,0,4.608,0,177.8
9,167379.240,22.7661,14.7,7.70161,255,0,.78125,1254,0,17.5,113,4.34,1.32,0,6.66667,0,14.5098,10.585,-9.14531,1,7,0,0,0,0,0,0,3.84,0,177.8
10,167379.280,22.7661,14.7,7.70161,255,0,.78125,1475.75,0,17.5,114.8,5.19,1.36,0,6.66667,0,14.5098,9.57,-8.77791,1,7,0,0,0,0,0,0,3.584,0,177.8
11,167379.320,22.5147,14.7,7.70358,255,0,.78125,1621.5,0,17.5,114.8,5.62,1.4,0,6.66667,0,14.5098,8.555,-8.77791,1,7,0,0,0,0,0,0,3.328,0,177.8
12,167379.360,22.5553,14.7,7.70358,255,0,.78125,1728,0,17.5,114.8,5.92,1.42,0,6.66667,0,14.5098,7.975,-8.77791,1,7,0,0,0,0,0,0,3.072,0,177.8
13,167379.400,22.683,14.7,7.70555,255,0,.78125,1820.5,0,17.5,114.8,6.07,1.44,0,6.66667,0,14.5098,7.395,-9.09321,1,7,0,0,0,0,0,0,3.072,0,177.8
14,167379.440,22.683,14.7,7.70753,255,0,.78125,1913,0,17.5,114.8,6.18,1.44,0,6.66667,0,14.5098,6.815,-9.45793,1,7,0,0,0,0,0,0,3.072,0,177.8
15,167379.480,22.3871,14.7,7.70753,255,0,.78125,1958.5,0,17.5,114.8,6.25,1.44,0,6.66667,0,14.5098,6.38,-9.45793,1,7,0,0,0,0,0,0,2.816,0,177.8
16,167379.520,22.6404,14.7,7.91836,255,0,.78125,1992.5,0,16.5,114.8,6.33,1.44,0,6.66667,0,14.5098,5.8,-9.7372,1,7,0,0,0,0,0,0,2.816,0,177.8
17,167379.560,22.5979,14.7,7.91836,255,0,.78125,2036,0,15.5,114.8,6.33,1.44,0,6.66667,0,14.5098,5.365,-9.7372,1,7,0,0,1,0,0,0,2.56,0,177.8
18,167379.600,22.2614,14.7,8.30958,255,0,.78125,2042.5,0,14.5,114.8,6.33,1.44,0,6.66667,0,14.5098,5.075,-9.76409,1,7,0,0,1,0,0,0,2.56,0,177.8
19,167379.640,22.5979,14.7,8.65601,255,0,.78125,2041.75,0,13.5,114.8,6.37,1.44,0,6.66667,0,14.5098,4.785,-9.76409,1,7,0,0,1,0,0,0,2.56,0,177.8
20,167379.680,22.683,14.7,8.65601,255,0,-1.5625,2042,0,12.5,114.8,6.4,1.46,0,6.66667,0,14.5098,4.495,-9.76409,1,7,0,0,1,0,0,0,2.304,0,177.8
21,167379.720,22.5553,14.7,9.0926,255,0,-1.5625,2015.5,0,11.5,114.8,6.44,1.44,0,6.66667,0,14.5098,4.35,-9.76409,1,7,0,0,1,0,0,0,2.304,0,177.8
22,167379.760,22.5147,14.7,9.33218,255,0,-1.5625,2003.75,0,10.5,114.8,6.54,1.46,0,6.66667,0,14.5098,4.205,-9.76409,1,7,0,0,1,0,0,0,2.304,0,177.8
23,167379.800,22.5553,14.7,9.33218,255,0,-1.5625,1987.25,0,9.5,114.8,6.54,1.46,0,6.66667,0,14.5098,4.06,-9.76409,1,7,0,0,1,0,0,0,2.304,0,177.8
24,167379.840,22.3445,14.7,9.53614,255,0,-1.5625,1945.75,0,9.5,114.8,6.54,1.46,0,6.66667,0,14.5098,4.06,-9.67183,1,7,0,0,1,0,0,0,2.304,0,177.8
25,167379.880,22.5553,14.7,9.53614,255,0,-1.5625,1919.75,0,9.5,114.8,6.54,1.46,0,6.66667,0,14.5098,4.06,-9.67183,1,7,0,0,1,0,0,0,2.304,0,177.8
26,167379.920,22.4296,14.7,9.70835,255,0,-1.5625,1884.75,0,9.5,114.8,6.54,1.46,0,6.66667,0,14.5098,3.915,-9.56594,1,7,0,0,1,0,0,0,2.304,0,177.8
27,167379.960,22.4722,14.7,9.85453,255,0,-1.5625,1858,0,9.5,114.8,6.63,1.46,0,6.66667,0,14.5098,3.915,-9.42014,1,7,0,0,1,0,0,0,2.304,0,177.8
28,167380.000,22.5147,14.7,9.85453,255,0,-1.5625,1803.25,0,9.5,114.8,6.91,1.46,0,6.66667,0,14.5098,3.915,-9.42014,1,7,0,0,1,0,0,0,2.304,0,177.8
29,167380.040,22.5553,14.7,9.97865,255,0,-1.5625,1775.75,0,9.5,114.8,6.91,1.46,0,6.66667,0,14.5098,3.915,-9.27931,1,7,0,0,1,0,0,0,2.304,0,177.8
30,167380.080,22.5553,14.7,10.0789,255,0,-1.5625,1753,0,9.5,114.8,6.91,1.46,0,6.66667,0,14.5098,3.915,-9.15538,1,7,0,0,1,0,0,0,2.304,0,177.8
31,167380.120,23.6094,14.7,10.0789,255,0,-1.5625,1728.5,0,9.5,114.8,7.09,1.46,0,6.66667,0,14.5098,3.915,-9.15538,1,7,0,0,1,0,0,0,2.304,0,179.6
32,167380.160,23.7351,14.7,10.1639,255,0,-1.5625,1672.5,0,9.5,114.8,7.09,1.46,0,6.66667,0,14.5098,3.915,-9.03012,1,7,0,0,1,0,0,0,2.304,0,179.6
33,167380.200,23.8202,14.7,10.1639,255,0,-1.5625,1572.5,0,9.5,114.8,7.09,1.46,0,6.66667,0,14.5098,3.915,-9.03012,1,7,0,0,1,0,0,0,2.304,0,179.6
34,167380.240,23.6945,14.7,10.2018,255,0,-1.5625,1536.25,0,9.5,114.8,7.09,1.46,0,6.66667,0,14.5098,4.06,-8.77791,1,7,0,0,1,0,0,0,2.56,0,179.6
35,167380.280,23.6945,14.7,10.2644,255,0,-1.5625,1507.5,0,9.5,114.8,6.72,1.46,0,6.66667,0,14.5098,4.06,-8.77791,1,7,0,0,1,0,0,0,2.56,0,179.6
36,167380.320,23.6519,14.7,10.2644,255,0,-1.5625,1487.75,0,9.5,114.8,6.81,1.46,0,6.66667,0,14.5098,4.06,-8.77791,1,7,0,0,1,0,0,0,2.56,0,179.6
37,167380.360,23.6945,14.7,10.2925,255,0,-1.5625,1471,0,9.5,114.8,6.72,1.46,0,6.66667,0,14.5098,4.06,-8.77791,1,7,0,0,1,0,0,0,2.56,0,179.6
38,167380.400,23.7776,14.7,10.342,255,0,-1.5625,1453,0,9.5,114.8,6.63,1.46,0,6.66667,0,14.5098,4.06,-8.77791,1,7,0,0,1,0,0,0,2.56,0,179.6
39,167380.440,23.6945,14.7,10.342,255,0,-1.5625,1436.25,0,9.5,114.8,6.63,1.46,0,6.66667,0,14.5098,4.06,-8.77791,1,7,0,0,1,0,0,0,2.56,0,179.6
40,167380.480,23.8202,14.7,10.3812,255,0,-1.5625,1417,0,9.5,114.8,6.54,1.44,0,6.27451,0,14.5098,4.205,-8.77791,1,7,0,0,1,0,0,0,2.56,0,179.6
41,167380.520,23.8202,14.7,10.3812,255,0,-1.5625,1409.25,0,9.5,114.8,6.33,1.44,0,6.27451,0,14.5098,4.205,-8.77791,1,7,0,0,1,0,0,0,2.56,0,179.6
42,167380.560,23.8202,14.7,10.3992,255,0,-1.5625,1397.75,0,9.5,114.8,6.29,1.44,0,6.27451,0,14.5098,4.205,-8.77791,1,7,0,0,1,0,0,0,2.56,0,179.6
43,167380.600,23.6945,14.7,10.4028,255,0,-1.5625,1386.75,0,9.5,114.8,6.11,1.44,0,6.27451,0,14.5098,4.205,-8.77791,1,7,0,0,1,0,0,0,2.56,0,179.6
44,167380.640,23.6519,14.7,10.4028,255,0,-1.5625,1374.5,0,9.5,114.8,6.11,1.42,0,6.27451,0,14.5098,4.205,-8.77791,1,7,0,0,1,0,0,0,2.56,0,179.6
45,167380.680,23.8202,14.7,10.4136,255,0,-1.5625,1365.75,0,9.5,114.8,6.07,1.42,0,6.27451,0,14.5098,4.205,-8.77791,1,7,0,0,1,0,0,0,2.56,0,179.6
46,167380.720,23.9033,14.7,10.4208,255,0,-1.5625,1350.75,0,9.5,114.8,6,1.42,0,6.27451,0,14.5098,4.205,-8.77791,1,7,0,0,1,0,0,0,2.56,0,179.6
47,167380.760,23.7776,14.7,10.4208,255,0,-1.5625,1339.5,0,9.5,114.8,5.92,1.42,0,6.27451,0,14.5098,4.205,-8.77791,1,7,0,0,1,0,0,0,2.56,0,179.6
48,167380.800,23.7776,14.7,10.4461,255,0,-1.5625,1342.5,0,9.5,114.8,6.03,1.44,0,6.27451,0,14.5098,4.35,-8.77791,1,7,0,0,1,0,0,0,2.56,0,179.6
49,167380.840,23.7776,14.7,10.4461,255,0,-1.5625,1334.25,0,9.5,114.8,6.03,1.42,0,6.27451,0,14.5098,4.35,-8.77791,1,7,0,0,1,0,0,0,2.56,0,179.6
50,167380.880,23.6945,14.7,10.4461,255,0,-1.5625,1325.5,0,9.5,114.8,6.03,1.42,0,6.27451,0,14.5098,4.35,-8.77791,1,7,0,0,1,0,0,0,2.56,0,179.6
51,167380.920,23.6945,14.7,10.4642,255,0,-1.5625,1319.25,0,9.5,114.8,6.11,1.42,0,6.27451,0,14.5098,4.35,-8.77791,1,7,0,0,1,0,0,0,2.56,0,179.6
52,167380.960,23.7776,14.7,10.4642,255,0,-1.5625,1311.5,0,9.5,114.8,6.11,1.44,0,6.27451,0,14.5098,4.35,-8.77791,1,7,0,0,1,0,0,0,2.56,0,179.6
53,167381.000,23.8202,14.7,10.4715,255,0,-1.5625,1291.75,0,9.5,114.8,5.96,1.42,0,5.88235,0,14.5098,4.35,-8.77791,1,7,0,0,1,0,0,0,2.56,0,179.6
54,167381.040,23.8202,14.7,10.4752,255,0,-1.5625,1284.75,0,9.5,114.8,5.89,1.4,0,5.88235,0,14.5098,4.35,-8.77791,1,7,0,0,1,0,0,0,2.56,0,179.6
55,167381.080,23.8202,14.7,10.4752,255,0,-1.5625,1272.5,0,9.5,114.8,5.89,1.42,0,5.88235,0,14.5098,4.35,-8.77791,1,7,0,0,1,0,0,0,2.56,0,179.6
56,167381.120,23.6945,14.7,10.4934,255,0,-1.5625,1271.75,0,9.5,114.8,5.85,1.42,0,5.88235,0,14.5098,4.35,-8.77791,1,7,0,0,1,0,0,0,2.56,0,179.6
57,167381.160,23.7351,14.7,10.4934,255,0,-1.5625,1259.75,0,9.5,114.8,5.74,1.4,0,5.88235,0,14.5098,4.35,-8.77791,1,7,0,0,1,0,0,0,2.56,0,179.6
58,167381.200,23.7776,14.7,10.4934,255,0,-1.5625,1251.5,0,9.5,114.8,5.7,1.4,0,5.88235,0,14.5098,4.35,-8.77791,1,7,0,0,1,0,0,0,2.56,0,179.6
59,167381.240,23.7776,14.7,10.5081,255,0,-1.5625,1247.25,0,9.5,114.8,5.62,1.4,0,5.88235,0,14.5098,4.35,-8.77791,1,7,0,0,1,0,0,0,2.56,0,179.6
60,167381.280,23.7351,14.7,10.5081,255,0,.78125,1242.5,0,9.5,114.8,5.56,1.38,0,5.88235,0,14.5098,4.35,-8.77791,1,7,0,0,1,0,0,0,2.56,0,179.6
61,167381.320,23.8202,14.7,10.5154,255,0,.78125,1230.5,0,9.5,114.8,5.56,1.4,0,5.88235,0,14.5098,4.35,-8.77791,1,7,0,0,1,0,0,0,2.56,0,179.6
62,167381.360,23.9033,14.7,10.5191,255,0,.78125,1226.25,0,9.5,114.8,5.62,1.4,0,5.88235,0,14.5098,4.35,-8.77791,1,7,0,0,1,0,0,0,2.56,0,179.6
63,167381.400,23.6945,14.7,10.5191,255,0,.78125,1219.5,0,9.5,114.8,5.56,1.38,0,5.88235,0,14.5098,4.35,-8.77791,1,7,0,0,1,0,0,0,2.816,0,179.6
64,167381.440,23.6519,14.7,10.5191,255,0,.78125,1208.75,0,9.5,114.8,5.5,1.38,0,5.88235,0,14.5098,4.35,-8.77791,1,7,0,0,1,0,0,0,2.816,0,179.6
65,167381.480,23.8202,14.7,10.5191,255,0,.78125,1173.25,0,9.5,114.8,5.46,1.38,0,5.4902,0,14.5098,4.35,-8.77791,1,7,0,0,1,0,0,0,2.56,0,179.6
66,167381.520,23.8202,14.7,10.5191,255,0,.78125,1167.5,0,9.5,114.8,5.46,1.38,0,5.4902,0,14.5098,4.35,-8.80244,1,7,0,0,1,0,0,0,2.56,0,179.6
67,167381.560,23.7776,14.7,10.5191,255,0,.78125,1158.25,0,9.5,114.8,5.36,1.36,0,5.4902,0,14.5098,4.35,-8.81692,1,7,0,0,1,0,0,0,2.56,0,179.6
68,167381.600,23.8202,14.7,10.5191,255,0,.78125,1144,0,9.5,114.8,5.32,1.36,0,5.4902,0,14.5098,4.35,-8.81692,1,7,0,0,1,0,0,0,2.56,0,179.6
69,167381.640,23.7351,14.7,10.5191,255,0,.78125,1130.25,0,9.5,114.8,5.32,1.38,0,5.4902,0,14.5098,4.35,-8.82929,1,7,0,0,1,0,0,0,2.56,0,179.6
70,167381.680,23.7351,14.7,10.5191,255,0,.78125,1116.5,0,9.5,114.8,5.32,1.36,0,5.4902,0,14.5098,4.35,-8.84288,1,7,0,0,0,0,0,0,2.56,0,179.6
71,167381.720,23.8202,14.7,10.5191,255,0,.78125,1118.75,0,9.5,114.8,5.32,1.38,0,5.4902,0,14.5098,4.35,-8.84288,1,7,0,0,0,0,0,0,2.56,0,179.6
72,167381.760,23.8202,14.7,10.5191,255,0,.78125,1112,0,9.5,114.8,5.32,1.36,0,5.4902,0,14.5098,4.35,-8.85831,1,7,0,0,0,0,0,0,2.56,0,179.6
73,167381.800,23.8202,14.7,10.5191,255,0,.78125,1096.75,0,9.5,114.8,5.32,1.38,0,5.4902,0,14.5098,4.35,-8.85831,1,7,0,0,0,0,0,0,2.56,0,179.6
74,167381.840,23.7351,14.7,10.5117,255,0,.78125,1091.5,0,9.5,114.8,5.36,1.36,0,5.4902,0,14.5098,4.35,-8.87269,1,7,0,0,1,0,0,0,2.56,0,179.6
75,167381.880,23.7776,14.7,10.5117,255,0,.78125,1073.5,0,9.5,114.8,5.32,1.36,0,5.4902,0,14.5098,4.35,-8.88953,1,7,0,0,0,0,0,0,2.56,0,179.6
76,167381.920,23.6945,14.7,10.5117,255,0,.78125,1060.5,0,9.5,114.8,5.32,1.38,0,5.4902,0,14.5098,4.35,-8.88953,1,7,0,0,0,0,0,0,2.56,0,179.6
77,167381.960,23.7351,14.7,10.5117,255,0,.78125,1058.75,0,9.5,114.8,5.42,1.36,0,5.4902,0,14.5098,4.35,-8.90187,1,7,0,0,0,0,0,0,2.816,0,179.6
78,167382.000,23.8202,14.7,10.5044,255,0,.78125,1051,0,9.5,114.8,5.42,1.38,0,5.4902,0,14.5098,4.495,-8.91471,1,7,0,0,0,0,0,0,2.816,0,179.6
79,167382.040,23.6945,14.7,10.5044,255,0,.78125,1038,0,9.5,114.8,5.38,1.36,0,5.4902,0,14.5098,4.495,-8.91471,1,7,0,0,0,0,0,0,2.816,0,179.6
80,167382.080,23.8202,14.7,10.4971,255,0,.78125,1028.25,0,9.5,114.8,5.38,1.36,0,5.4902,0,14.5098,4.495,-8.92977,1,7,0,0,1,0,0,0,2.816,0,179.6
81,167382.120,23.8202,14.7,10.4971,255,0,.78125,1031.25,0,9.5,114.8,5.36,1.38,0,5.4902,0,14.5098,4.495,-8.92977,1,7,0,0,0,0,0,0,2.816,0,179.6
82,167382.160,23.6094,14.7,10.4971,255,0,.78125,1027,0,9.5,114.8,5.32,1.36,0,5.4902,0,14.5098,4.495,-8.93293,1,7,0,0,0,0,0,0,2.816,0,179.6
83,167382.200,23.7351,14.7,10.4971,255,0,.78125,1017.5,0,9.5,114.8,5.32,1.36,0,5.4902,0,14.5098,4.495,-8.93678,1,7,0,0,0,0,0,0,2.816,0,179.6
84,167382.240,23.8202,14.7,10.4971,255,0,.78125,1010,0,9.5,114.8,5.32,1.36,0,5.4902,0,14.5098,4.495,-8.93678,1,7,0,0,0,0,0,0,2.816,0,179.6
85,167382.280,23.6945,14.7,10.4898,255,0,.78125,987.5,0,10,114.8,5.26,1.34,0,5.4902,0,14.5098,4.495,-8.96705,1,7,0,0,1,0,0,0,2.816,0,179.6
86,167382.320,23.8202,14.7,10.4861,255,0,.78125,973.25,0,10,114.8,5.24,1.36,0,5.4902,0,14.5098,4.495,-8.9862,1,7,0,0,1,0,0,0,2.816,0,179.6
87,167382.360,23.8202,14.7,10.4861,255,0,.78125,965.5,0,10,114.8,5.24,1.36,0,5.4902,0,14.5098,4.495,-8.9862,1,7,0,0,0,0,0,0,2.816,0,179.6
88,167382.400,23.7776,14.7,10.4825,255,0,.78125,955,0,10,114.8,5.17,1.34,0,5.4902,0,14.5098,4.495,-9.00292,1,7,0,0,0,0,0,0,2.816,0,179.6
89,167382.440,23.6945,14.7,10.4825,255,0,.78125,949,0,10,114.8,5.09,1.34,0,5.4902,0,14.5098,4.495,-9.00292,1,7,0,0,0,0,0,0,2.816,0,179.6
90,167382.480,23.7351,14.7,10.4825,255,0,.78125,943,0,10,114.8,5.05,1.36,0,5.4902,0,14.5098,4.64,-9.00838,1,7,0,0,0,0,0,0,2.816,0,179.6
91,167382.520,23.7776,14.7,10.4825,255,0,.78125,931,0,10.5,114.8,5.05,1.36,0,5.4902,0,14.5098,4.64,-9.02508,1,7,0,0,0,0,0,0,2.816,0,179.6
92,167382.560,23.7351,14.7,10.4825,255,0,.78125,928,0,10.5,114.8,5.09,1.34,0,5.09804,0,14.5098,4.64,-9.02508,1,7,0,0,1,0,0,0,2.816,0,179.6
93,167382.600,23.6094,14.7,10.4752,255,0,.78125,922.5,0,10.5,114.8,5.13,1.34,0,5.09804,0,14.5098,4.64,-9.03431,1,7,0,0,0,0,0,0,2.816,0,179.6
94,167382.640,23.8202,14.7,10.4752,255,0,.78125,917.25,0,10.5,114.8,5.13,1.36,0,5.09804,0,14.5098,4.64,-9.03756,1,7,0,0,0,0,0,0,2.816,0,179.6
95,167382.680,23.6945,14.7,10.4752,255,0,.78125,916.75,0,10.5,114.8,5.09,1.36,0,5.09804,0,14.5098,4.64,-9.03756,1,7,0,0,0,0,0,0,2.816,0,179.6
96,167382.720,23.7351,14.7,10.4715,255,0,.78125,902.5,0,10.5,114.8,5.05,1.34,0,5.09804,0,14.5098,4.64,-9.05128,1,7,0,0,0,0,0,0,2.816,0,179.6
97,167382.760,23.7776,14.7,10.4715,255,0,.78125,892.25,0,10.5,114.8,5.05,1.34,0,5.09804,0,14.5098,4.64,-9.05128,1,7,0,0,0,0,0,0,2.816,0,179.6
98,167382.800,23.6945,14.7,10.4679,255,0,.78125,884,0,11,114.8,5.05,1.34,0,5.09804,0,14.5098,4.785,-9.06058,1,7,0,0,1,0,0,0,2.816,0,179.6
99,167382.840,23.7776,14.7,10.4679,255,0,.78125,880.75,0,11,114.8,5.05,1.34,0,5.09804,0,14.5098,4.785,-9.06812,1,7,0,0,1,0,0,0,2.816,0,179.6
100,167382.880,23.8202,14.7,10.4679,255,0,.78125,874.25,0,11,114.8,5.01,1.34,0,5.09804,0,14.5098,4.785,-9.06812,1,7,0,0,0,0,0,0,2.816,0,179.6
101,167382.920,23.8202,14.5852,10.4679,255,0,.78125,859.75,0,11,114.8,4.97,1.34,0,5.09804,0,14.5098,4.785,-9.07709,1,7,0,0,0,0,0,0,2.816,0,179.6
102,167382.960,23.7351,14.5852,10.4642,255,0,.78125,847.5,0,11.5,114.8,4.93,1.34,0,5.09804,0,14.5098,4.785,-9.1017,1,7,0,0,1,0,0,0,3.072,0,179.6
103,167383.000,23.7351,14.5852,10.4642,255,0,.78125,836.25,0,11.5,114.8,4.93,1.34,0,5.09804,0,14.5098,4.785,-9.1017,1,7,0,0,1,0,0,0,3.072,0,179.6
104,167383.040,23.7776,14.5852,10.4606,255,0,.78125,829,0,11.5,114.8,4.97,1.34,0,5.09804,0,14.5098,4.785,-9.11861,1,7,0,0,1,0,0,0,3.072,0,179.6
105,167383.080,23.7776,14.5852,10.4606,255,0,.78125,810.5,0,12,114.8,5.01,1.32,0,5.09804,0,14.5098,4.785,-9.11861,1,7,0,0,1,0,0,0,3.072,0,179.6
106,167383.120,23.6945,14.5852,10.4606,255,0,.78125,805.25,0,12,114.8,4.93,1.32,0,5.09804,0,14.5098,4.93,-9.14022,1,7,0,0,1,0,0,0,3.072,0,179.6
107,167383.160,23.7351,14.5852,10.4642,255,0,.78125,801.25,0,12,114.8,4.93,1.32,0,5.09804,0,14.5098,4.93,-9.14052,1,7,0,0,0,0,0,0,3.072,0,179.6
108,167383.200,23.5668,14.5852,10.4642,255,0,.78125,788.5,0,17,114.8,4.93,1.34,0,5.09804,0,14.5098,4.93,-9.14052,1,7,0,0,0,0,0,0,3.072,0,179.6
109,167383.240,23.5243,14.5852,10.4642,255,0,.78125,782,0,17,114.8,4.93,1.34,0,5.09804,0,14.5098,4.93,-9.14531,1,7,0,0,1,0,0,0,3.072,0,179.6
110,167383.280,23.5668,14.5852,10.4642,255,0,.78125,777.5,0,17,114.8,4.93,1.34,0,5.09804,0,14.5098,5.075,-9.14531,1,7,0,0,1,0,0,0,3.072,0,179.6
111,167383.320,23.7351,14.5852,10.4642,255,0,.78125,775,0,17,114.8,4.93,1.34,0,5.09804,0,14.5098,5.075,-9.14531,1,7,0,0,0,0,0,0,3.072,0,179.6
112,167383.360,23.6945,14.5852,10.4606,255,0,.78125,773,0,17,114.8,4.93,1.34,0,5.09804,0,14.5098,5.075,-9.14531,1,7,0,0,0,0,0,0,3.072,0,179.6
113,167383.400,23.7351,14.5852,10.4606,255,0,.78125,776.75,0,17,114.8,4.89,1.34,0,5.09804,0,14.5098,5.075,-9.14531,1,7,0,0,1,0,0,0,3.072,0,179.6
114,167383.440,23.6945,14.5852,10.4642,255,0,.78125,782.75,0,17,114.8,4.89,1.34,0,5.09804,0,14.5098,5.075,-9.14531,1,7,0,0,1,0,0,0,3.072,0,179.6
115,167383.480,23.6094,14.5852,10.4642,255,0,.78125,791,0,17,114.8,4.85,1.34,0,5.09804,0,14.5098,5.22,-9.14537,1,7,0,0,0,0,0,0,3.072,0,179.6
116,167383.520,23.6094,14.5852,10.4642,255,0,.78125,778.25,0,17,114.8,4.77,1.34,0,5.09804,0,14.5098,5.22,-9.14537,1,7,0,0,0,0,0,0,3.072,0,179.6
117,167383.560,23.7351,14.4703,10.4642,255,0,.78125,777.25,0,17,114.8,4.69,1.34,0,5.09804,0,14.5098,5.22,-9.14531,1,7,0,0,0,0,0,0,3.072,0,179.6
118,167383.600,23.6945,14.4703,10.4679,255,0,.78125,778.5,0,17,114.8,4.64,1.34,0,5.09804,0,14.5098,5.22,-9.14531,1,7,0,0,0,0,0,0,3.072,0,179.6
119,167383.640,23.7351,14.4703,10.4679,255,0,.78125,787,0,17,114.8,4.73,1.34,0,5.09804,0,14.5098,5.22,-9.14531,1,7,0,0,0,0,0,0,3.072,0,179.6
120,167383.680,23.6945,14.4703,10.4679,255,0,.78125,793.75,0,17,114.8,4.64,1.32,0,4.70588,0,14.5098,5.22,-9.14531,1,7,0,0,0,0,0,0,3.072,0,179.6
121,167383.720,23.6945,14.4703,10.4679,255,0,.78125,798.5,0,17,114.8,4.64,1.32,0,5.09804,0,14.5098,5.22,-9.14531,1,7,0,0,0,0,0,0,3.072,0,179.6
122,167383.760,23.6094,14.4703,10.4642,255,0,.78125,805,0,17,114.8,4.64,1.32,0,4.70588,0,14.5098,5.22,-9.14531,1,7,0,0,0,0,0,0,3.072,0,179.6
123,167383.800,23.6945,14.4703,10.4752,255,0,.78125,812.75,0,17,114.8,4.6,1.3,0,4.70588,0,14.5098,5.22,-9.13353,1,7,0,0,0,0,0,0,3.072,0,179.6
124,167383.840,23.6519,14.4703,10.4752,255,0,.78125,813.75,0,17,114.8,4.56,1.3,0,4.70588,0,14.5098,5.22,-9.13353,1,7,0,0,0,0,0,0,3.072,0,179.6
125,167383.880,23.6519,14.4703,10.4752,255,0,.78125,821.75,0,17,114.8,4.6,1.3,0,4.70588,0,14.5098,5.22,-9.1296,1,7,0,0,0,0,0,0,3.072,0,179.6
126,167383.920,23.7351,14.4703,10.4825,255,0,.78125,826.25,0,17,114.8,4.6,1.32,0,4.70588,0,14.5098,5.22,-9.12119,1,7,0,0,0,0,0,0,3.072,0,179.6
127,167383.960,23.7776,14.3555,10.4825,255,0,.78125,827.5,0,17,114.8,4.56,1.32,0,4.70588,0,14.5098,5.22,-9.12119,1,7,0,0,0,0,0,0,3.072,0,179.6
128,167384.000,23.6945,14.3555,10.4861,255,0,.78125,825.5,0,17,114.8,4.64,1.32,0,4.70588,0,14.5098,5.22,-9.12011,1,7,0,0,1,0,0,0,3.072,0,179.6
129,167384.040,24.3249,14.3555,10.4861,255,0,.78125,825.25,0,17,114.8,4.6,1.32,0,4.70588,0,14.5098,5.22,-9.12011,1,7,0,0,1,0,0,0,3.072,0,179.6
130,167384.080,24.41,14.3555,10.4861,255,0,.78125,834.5,0,16.5,114.8,4.56,1.32,0,4.70588,0,14.5098,5.22,-9.12221,1,7,0,0,0,0,0,0,3.072,0,179.6
131,167384.120,24.41,14.3555,10.4934,255,0,.78125,836.75,0,16.5,114.8,4.56,1.32,0,4.70588,0,14.5098,5.22,-9.11154,1,7,0,0,0,0,0,0,3.072,0,179.6
132,167384.160,24.41,14.3555,10.4934,255,0,.78125,840.75,0,16.5,114.8,4.53,1.3,0,4.70588,0,14.5098,5.22,-9.11154,1,7,0,0,0,0,0,0,3.072,0,179.6
133,167384.200,24.5358,14.2406,10.4934,255,0,.78125,843.5,0,16.5,114.8,4.45,1.3,0,4.70588,0,14.5098,5.22,-9.10541,1,7,0,0,0,0,0,0,3.072,0,179.6
134,167384.240,24.5358,14.2406,10.4934,255,0,.78125,834.5,0,16.5,114.8,4.33,1.3,0,4.70588,0,14.5098,5.22,-9.10892,1,7,0,0,1,0,0,0,3.072,0,179.6
135,167384.280,24.3249,14.2406,10.4934,255,0,.78125,835.75,0,16.5,114.8,4.37,1.3,0,4.70588,0,14.5098,5.22,-9.10892,1,7,0,0,1,0,0,0,3.072,0,179.6
136,167384.320,24.4932,14.2406,10.4971,255,0,.78125,840.5,0,16,114.8,4.41,1.32,0,4.70588,0,14.5098,5.22,-9.11242,1,7,0,0,1,0,0,0,3.072,0,179.6
137,167384.360,24.6634,14.2406,10.4971,255,0,.78125,853,0,15.5,114.8,4.41,1.32,0,4.70588,0,14.5098,5.22,-9.11242,1,7,0,0,0,0,0,0,2.816,0,179.6
138,167384.400,24.4932,14.2406,10.5044,255,0,.78125,850,0,15.5,114.8,4.33,1.3,0,4.70588,0,14.5098,5.22,-9.09671,1,7,0,0,0,0,0,0,2.816,0,179.6
139,167384.440,24.4932,14.1258,10.5044,255,0,.78125,857.25,0,15,114.8,4.33,1.3,0,4.70588,0,14.5098,5.22,-9.09278,1,7,0,0,0,0,0,0,2.816,0,179.6
140,167384.480,24.6208,14.1258,10.5044,255,0,.78125,860,0,14.5,114.8,4.33,1.3,0,4.70588,0,14.5098,5.075,-9.09278,1,7,0,0,0,0,0,0,2.816,0,179.6
141,167384.520,24.41,14.1258,10.5081,255,0,.78125,850.75,0,15,114.8,4.33,1.28,0,4.70588,0,14.5098,5.075,-9.09534,1,7,0,0,0,0,0,0,2.816,0,179.6
142,167384.560,24.4932,14.1258,10.5117,255,0,.78125,855.5,0,15,114.8,4.29,1.28,0,4.31373,0,14.5098,5.075,-9.09876,1,7,0,0,0,0,0,0,2.816,0,179.6
143,167384.600,24.4932,14.1258,10.5117,255,0,.78125,858,0,14.5,114.8,4.25,1.3,0,4.31373,0,14.5098,5.075,-9.09876,1,7,0,0,0,0,0,0,2.816,0,179.6
144,167384.640,24.4526,14.0109,10.5154,255,0,.78125,869.5,0,13,114.8,4.29,1.3,0,4.31373,0,14.5098,5.075,-9.09212,1,7,0,0,0,0,0,0,2.816,0,179.6
145,167384.680,24.4932,14.0109,10.5154,255,0,.78125,873.25,0,13,114.8,4.25,1.3,0,4.31373,0,14.5098,5.075,-9.09212,1,7,0,0,0,0,0,0,2.816,0,179.6
146,167384.720,24.4932,14.0109,10.5264,255,0,.78125,868.75,0,13,114.8,4.22,1.3,0,4.31373,0,14.5098,5.075,-9.07806,1,7,0,0,1,0,0,0,2.816,0,179.6
147,167384.760,24.41,14.0109,10.5264,255,0,.78125,860.75,0,14,114.8,4.22,1.28,0,4.31373,0,14.5098,5.075,-9.08941,1,7,0,0,1,0,0,0,2.816,0,179.6
148,167384.800,24.3249,13.8961,10.5264,255,0,.78125,873.5,0,12.5,114.8,4.18,1.28,0,4.31373,0,14.5098,5.075,-9.08941,1,7,0,0,0,0,0,0,2.816,0,179.6
149,167384.840,24.41,13.8961,10.5412,255,0,.78125,865.75,0,13.5,114.8,4.16,1.28,0,4.31373,0,14.5098,5.075,-9.07791,1,7,0,0,1,0,0,0,2.816,0,179.6
150,167384.880,24.41,13.8961,10.5375,255,0,.78125,859.5,0,14,114.8,4.12,1.3,0,4.31373,0,14.5098,4.93,-9.09076,1,7,0,0,1,0,0,0,2.816,0,179.6
151,167384.920,24.4526,13.8961,10.5375,255,0,.78125,848.5,0,15,114.8,4.12,1.3,0,4.31373,0,14.5098,4.93,-9.09076,1,7,0,0,1,0,0,0,2.816,0,179.6
152,167384.960,24.4932,13.7813,10.5375,255,0,.78125,835,0,16,114.8,4.12,1.3,0,4.31373,0,14.5098,4.93,-9.11323,1,7,0,0,1,0,0,0,2.816,0,179.6
153,167385.000,24.4932,13.7813,10.5375,255,0,.78125,838.5,0,15.5,114.8,4.16,1.28,0,4.31373,0,14.5098,4.93,-9.11323,1,7,0,0,1,0,0,0,2.816,0,179.6
154,167385.040,23.6094,13.7813,10.5375,255,0,.78125,845.5,0,15,114.8,4.12,1.28,0,4.31373,0,14.5098,4.93,-9.10994,1,7,0,0,1,0,0,0,2.816,0,179.6
155,167385.080,23.6094,13.6664,10.5486,255,0,.78125,857.5,0,13.5,114.8,4.1,1.26,0,4.31373,0,14.5098,4.93,-9.09165,1,7,0,0,0,0,0,0,2.816,0,179.6
156,167385.120,23.6945,13.6664,10.5486,255,0,.78125,859.75,0,13.5,114.8,4.06,1.28,0,4.31373,0,14.5098,4.93,-9.09165,1,7,0,0,0,0,0,0,2.816,0,179.6
157,167385.160,23.6945,13.6664,10.5523,255,0,.78125,855.25,0,14,114.8,4.06,1.28,0,4.31373,0,14.5098,4.93,-9.09036,1,7,0,0,0,0,0,0,2.816,0,179.6
158,167385.200,23.6945,13.5516,10.5597,255,0,.78125,852.5,0,14,114.8,4.06,1.3,0,4.31373,0,14.5098,4.93,-9.09709,1,7,0,0,0,0,0,0,2.816,0,179.6
159,167385.240,23.7776,13.5516,10.5597,255,0,.78125,841.75,0,15,114.8,4.1,1.3,0,4.31373,0,14.5098,4.93,-9.09709,1,7,0,0,0,0,0,0,2.816,0,179.6
160,167385.280,23.6945,13.4367,10.5634,255,0,.78125,846.75,0,14.5,114.8,4.1,1.28,0,4.31373,0,14.5098,4.93,-9.10231,1,7,0,0,0,0,0,0,2.816,0,179.6
161,167385.320,23.7776,13.4367,10.5634,255,0,.78125,850,0,14,114.8,4.1,1.28,0,4.31373,0,14.5098,4.93,-9.10231,1,7,0,0,0,0,0,0,2.816,0,179.6
162,167385.360,23.8202,13.4367,10.5708,255,0,.78125,856.75,0,13.5,114.8,4.12,1.28,0,4.31373,0,14.5098,4.93,-9.09948,1,7,0,0,0,0,0,0,2.816,0,179.6
163,167385.400,23.5243,13.3219,10.5782,255,0,.78125,855.5,0,13.5,114.8,4.1,1.28,0,4.31373,0,14.5098,4.93,-9.09311,1,7,0,0,0,0,0,0,2.816,0,179.6
164,167385.440,23.6094,13.3219,10.5782,255,0,.78125,847.25,0,14,114.8,4.1,1.28,0,4.31373,0,14.5098,4.93,-9.09311,1,7,0,0,0,0,0,0,2.816,0,179.6
165,167385.480,23.6945,13.207,10.5745,255,0,.78125,850.5,0,13.5,114.8,4.06,1.28,0,4.31373,0,14.5098,4.93,-9.10194,1,7,0,0,0,0,0,0,2.816,0,179.6
166,167385.520,23.8202,13.207,10.5782,255,0,.78125,845.5,0,14,114.8,4.06,1.3,0,4.31373,0,14.5098,4.93,-9.10346,1,7,0,0,0,0,0,0,2.816,0,179.6
167,167385.560,23.5668,13.207,10.5782,255,0,.78125,844.75,0,14,114.8,4.06,1.28,0,4.31373,0,14.5098,4.93,-9.10346,1,7,0,0,1,0,0,0,2.56,0,179.6
168,167385.600,23.5668,13.0922,10.6043,255,0,.78125,847.5,0,14,114.8,4.04,1.28,0,4.31373,0,14.5098,4.93,-9.10161,1,7,0,0,1,0,0,0,2.56,0,179.6
169,167385.640,23.8627,13.0922,10.6043,255,0,.78125,847,0,14,114.8,4.06,1.28,0,4.31373,0,14.5098,4.93,-9.10161,1,7,0,0,0,0,0,0,2.56,0,179.6
170,167385.680,23.6519,12.9773,10.6043,255,0,.78125,837.75,0,15.5,114.8,4.1,1.28,0,4.31373,0,14.5098,4.93,-9.10215,1,7,0,0,0,0,0,0,2.816,0,179.6
171,167385.720,23.4837,12.9773,10.6043,255,0,.78125,842,0,14,114.8,4.1,1.28,0,4.31373,0,14.5098,4.93,-9.11065,1,7,0,0,0,0,0,0,2.816,0,179.6
172,167385.760,23.9459,12.8625,10.6043,255,0,.78125,851.25,0,13,114.8,4.08,1.28,0,4.31373,0,14.5098,4.93,-9.11065,1,7,0,0,0,0,0,0,2.56,0,179.6
173,167385.800,23.9459,12.8625,10.6118,255,0,.78125,846,0,13.5,114.8,4,1.28,0,4.31373,0,14.5098,4.93,-9.09819,1,7,0,0,0,0,0,0,2.56,0,179.6
174,167385.840,23.6945,12.8625,10.6118,255,0,.78125,844.5,0,13.5,114.8,3.98,1.28,0,4.31373,0,14.5098,4.93,-9.10444,1,7,0,0,0,0,0,0,2.56,0,179.6
175,167385.880,23.7351,12.7477,10.6118,255,0,.78125,839.25,0,14,114.8,3.98,1.28,0,4.31373,0,14.5098,4.93,-9.10444,1,7,0,0,0,0,0,0,2.56,0,179.6
176,167385.920,23.7776,12.7477,10.608,255,0,.78125,826.5,0,15.5,114.8,3.98,1.28,0,4.31373,0,14.5098,4.93,-9.12096,1,7,0,0,1,0,0,0,2.816,0,179.6
177,167385.960,23.7776,12.6328,10.608,255,0,.78125,813.75,0,16,114.8,3.98,1.26,0,4.31373,0,14.5098,4.93,-9.12096,1,7,0,0,1,0,0,0,2.816,0,179.6
178,167386.000,23.7351,12.6328,10.6043,255,0,.78125,811.25,0,16,114.8,3.98,1.26,0,4.31373,0,14.5098,4.93,-9.13265,1,7,0,0,1,0,0,0,2.56,0,179.6
179,167386.040,23.6945,12.518,10.6871,255,0,.78125,811.5,0,16,114.8,4,1.26,0,4.31373,0,14.5098,4.93,-9.13483,1,7,0,0,1,0,0,0,2.56,0,179.6
180,167386.080,23.7776,12.518,10.6871,255,0,.78125,811.75,0,15.5,114.8,3.98,1.26,0,4.31373,0,14.5098,4.93,-9.13483,1,7,0,0,0,0,0,0,2.816,0,179.6
181,167386.120,23.5668,12.4031,10.6871,255,0,.78125,808.25,0,16,114.8,3.98,1.26,0,4.31373,0,14.5098,4.93,-9.1345,1,7,0,0,1,0,0,0,2.816,0,179.6
182,167386.160,23.8202,12.2883,10.6909,255,0,.78125,802.75,0,16,114.8,3.95,1.26,0,4.31373,0,14.5098,4.93,-9.14283,1,7,0,0,1,0,0,0,2.816,0,179.6
183,167386.200,23.8202,12.2883,10.6909,255,0,.78125,811.25,0,15.5,114.8,3.93,1.26,0,4.31373,0,14.5098,4.93,-9.14283,1,7,0,0,0,0,0,0,2.816,0,179.6
184,167386.240,23.7776,12.1734,10.6909,255,0,.78125,807.75,0,15.5,114.8,3.93,1.28,0,4.31373,0,14.5098,4.93,-9.13488,1,7,0,0,0,0,0,0,2.816,0,179.6
185,167386.280,23.8202,12.1734,10.6909,255,0,.78125,807.75,0,18,114.8,3.93,1.28,0,4.31373,0,14.5098,4.93,-9.13488,1,7,0,0,0,0,0,0,2.816,0,179.6
186,167386.320,23.7351,12.0586,10.6947,255,0,.78125,804.75,0,18,114.8,3.93,1.28,0,4.31373,0,14.5098,4.93,-9.13816,1,7,0,0,0,0,0,0,2.816,0,179.6
187,167386.360,23.6945,12.0586,10.6985,255,0,.78125,806.5,0,18,114.8,3.95,1.28,0,4.31373,0,14.5098,4.93,-9.13933,1,7,0,0,0,0,0,0,2.816,0,179.6
188,167386.400,23.6945,11.9437,10.6985,255,0,.78125,790.5,0,18.5,114.8,3.98,1.28,0,4.31373,0,14.5098,4.93,-9.13933,1,7,0,0,0,0,0,0,2.816,0,179.6
189,167386.440,23.8202,11.9437,10.6985,255,0,.78125,786.75,0,18.5,114.8,3.98,1.28,0,4.31373,0,14.5098,4.93,-9.14531,1,7,0,0,0,0,0,0,2.816,0,179.6
190,167386.480,23.7776,11.8289,10.7023,255,0,.78125,788,0,18.5,114.8,3.98,1.28,0,4.31373,0,14.5098,4.93,-9.14531,1,7,0,0,0,0,0,0,2.816,0,179.6
191,167386.520,23.8202,11.8289,10.7023,255,0,.78125,798.75,0,18,114.8,4,1.26,0,4.31373,0,14.5098,4.93,-9.14531,1,7,0,0,0,0,0,0,2.816,0,179.6
192,167386.560,23.7776,11.7141,10.7061,255,0,.78125,799.5,0,18,114.8,3.95,1.26,0,4.31373,0,14.5098,4.93,-9.14531,1,7,0,0,0,0,0,0,2.816,0,179.6
193,167386.600,23.7776,11.7141,10.7061,255,0,.78125,804.75,0,17.5,114.8,3.93,1.26,0,4.31373,0,14.5098,4.93,-9.14531,1,7,0,0,0,0,0,0,2.816,0,179.6
194,167386.640,23.6945,11.5992,10.7061,255,0,.78125,811.75,0,16.5,114.8,3.93,1.26,0,4.31373,0,14.5098,4.93,-9.14088,1,7,0,0,0,0,0,0,2.816,0,179.6
195,167386.680,23.6519,11.5992,10.7061,255,0,.78125,809.75,0,17,114.8,3.93,1.26,0,4.31373,0,14.5098,4.93,-9.13455,1,7,0,0,0,0,0,0,2.816,0,179.6
196,167386.720,23.6519,11.4844,10.7061,255,0,.78125,807.25,0,17,114.8,3.93,1.26,0,4.31373,0,14.5098,4.93,-9.13455,1,7,0,0,0,0,0,0,2.816,0,179.6
197,167386.760,23.7776,11.4844,10.7099,255,0,.78125,804.75,0,17,114.8,3.93,1.26,0,4.31373,0,14.5098,4.93,-9.13859,1,7,0,0,0,0,0,0,2.816,0,179.6
198,167386.800,23.7776,11.4844,10.7137,255,0,.78125,803,0,17.5,114.8,3.93,1.26,0,4.31373,0,14.5098,4.93,-9.14256,1,7,0,0,0,0,0,0,2.816,0,179.6
199,167386.840,23.7776,11.4844,10.7137,255,0,.78125,794.5,0,18,114.8,3.93,1.28,0,3.92157,0,14.5098,4.93,-9.14256,1,7,0,0,0,0,0,0,2.816,0,179.6
200,167386.880,23.6945,11.3695,10.7176,255,0,.78125,804,0,17,114.8,3.87,1.28,0,3.92157,0,14.5098,4.93,-9.14531,1,7,0,0,0,0,0,0,2.816,0,179.6
201,167386.920,23.7351,11.3695,10.7176,255,0,.78125,807,0,16.5,114.8,3.83,1.26,0,3.92157,0,14.5098,4.93,-9.14531,1,7,0,0,0,0,0,0,2.816,0,179.6
202,167386.960,23.7776,11.3695,10.7176,255,0,.78125,811,0,16,114.8,3.83,1.26,0,3.92157,0,14.5098,4.93,-9.13888,1,7,0,0,0,0,0,0,2.816,0,179.6
203,167387.000,23.7776,11.3695,10.7983,255,0,.78125,805.5,0,16.5,114.8,3.81,1.26,0,3.92157,0,14.5098,4.93,-9.14034,1,7,0,0,0,0,0,0,2.56,0,179.6
204,167387.040,23.8202,11.2547,10.7983,255,0,.78125,805.5,0,16.5,114.8,3.81,1.26,0,3.92157,0,14.5098,4.93,-9.14034,1,7,0,0,0,0,0,0,2.56,0,179.6
205,167387.080,23.7776,11.2547,10.7983,255,0,.78125,797.5,0,17.5,114.8,3.83,1.26,0,3.92157,0,14.5098,4.93,-9.14531,1,7,0,0,0,0,0,0,2.56,0,179.6
206,167387.120,23.7776,11.2547,10.8022,255,0,.78125,799.75,0,17,114.8,3.83,1.26,0,3.92157,0,14.5098,4.93,-9.14537,1,7,0,0,0,0,0,0,2.56,0,179.6
207,167387.160,23.6945,11.1398,10.8022,255,0,.78125,798.75,0,17,114.8,3.85,1.26,0,3.92157,0,14.5098,4.93,-9.14537,1,7,0,0,0,0,0,0,2.56,0,179.6
208,167387.200,23.6945,11.1398,10.806,255,0,.78125,795.25,0,17,114.8,3.85,1.26,0,3.92157,0,14.5098,4.93,-9.14531,1,7,0,0,0,0,0,0,2.56,0,179.6
209,167387.240,23.7776,11.1398,10.8099,255,0,.78125,797,0,17,114.8,3.85,1.26,0,3.92157,0,14.5098,4.93,-9.14531,1,7,0,0,0,0,0,0,2.56,0,179.6
210,167387.280,23.6945,11.1398,10.8099,255,0,.78125,795.5,0,17,114.8,3.85,1.26,0,3.92157,0,14.5098,4.93,-9.14531,1,7,0,0,0,0,0,0,2.56,0,179.6
211,167387.320,23.9033,11.1398,10.8099,255,0,.78125,797,0,17,114.8,3.87,1.26,0,3.92157,0,14.5098,4.93,-9.14531,1,7,0,0,0,0,0,0,2.56,0,179.6
212,167387.360,23.7776,11.1398,10.8099,255,0,.78125,790.25,0,17.5,114.8,3.85,1.26,0,3.92157,0,14.5098,4.93,-9.14531,1,7,0,0,0,0,0,0,2.56,0,179.6
213,167387.400,23.7351,11.1398,10.8138,255,0,.78125,789.5,0,17.5,114.8,3.85,1.26,0,3.92157,0,14.5098,4.93,-9.14531,1,7,0,0,0,0,0,0,2.56,0,179.6
214,167387.440,23.7351,11.1398,10.8177,255,0,.78125,779.5,0,18,114.8,3.85,1.26,0,3.92157,0,14.5098,4.93,-9.14531,1,7,0,0,0,0,0,0,2.56,0,179.6
215,167387.480,23.8202,11.1398,10.8177,255,0,.78125,785.75,0,17.5,114.8,3.87,1.26,0,3.92157,0,14.5098,4.93,-9.14531,1,7,0,0,0,0,0,0,2.56,0,179.6
216,167387.520,23.8202,11.1398,10.8177,255,0,.78125,784.25,0,17.5,114.8,3.85,1.28,0,3.92157,0,14.5098,4.93,-9.14531,1,7,0,0,0,0,0,0,2.56,0,179.6
217,167387.560,23.8202,11.1398,10.8177,255,0,.78125,783.5,0,17.5,114.8,3.87,1.28,0,3.92157,0,14.5098,4.93,-9.14531,1,7,0,0,0,0,0,0,2.56,0,179.6
218,167387.600,23.8202,11.1398,10.8177,255,0,.78125,782,0,17.5,114.8,3.85,1.28,0,3.92157,0,14.5098,4.93,-9.14531,1,7,0,0,0,0,0,0,2.56,0,179.6
219,167387.640,23.7776,11.1398,10.8216,255,0,.78125,788.5,0,17,114.8,3.83,1.28,0,3.92157,0,14.5098,4.93,-9.14531,1,7,0,0,0,0,0,0,2.56,0,179.6
220,167387.680,23.7351,11.1398,10.8216,255,0,.78125,784.75,0,17,114.8,3.83,1.26,0,3.92157,0,14.5098,4.93,-9.14531,1,7,0,0,0,0,0,0,2.56,0,179.6
221,167387.720,23.7776,11.1398,10.8255,255,0,.78125,794,0,16,114.8,3.83,1.26,0,3.92157,0,14.5098,4.93,-9.14531,1,7,0,0,0,0,0,0,2.56,0,179.6
222,167387.760,23.7776,11.1398,10.8294,255,0,.78125,787.75,0,16.5,114.8,3.81,1.26,0,3.92157,0,14.5098,4.93,-9.14537,1,7,0,0,0,0,0,0,2.56,0,179.6
223,167387.800,23.8202,11.1398,10.8294,255,0,.78125,781.25,0,16,114.8,3.81,1.26,0,3.92157,0,14.5098,4.93,-9.14537,1,7,0,0,0,0,0,0,2.56,0,179.6
224,167387.840,23.8202,11.1398,10.8294,243,0,.78125,773.5,0,16.5,114.8,3.83,1.26,0,3.92157,0,14.5098,4.93,-9.14531,1,7,0,0,0,0,0,0,2.56,0,179.6
225,167387.880,23.7776,11.1398,10.8294,243,0,.78125,779.75,0,15.5,114.8,3.83,1.26,0,3.92157,0,14.5098,4.93,-9.14531,1,7,0,0,0,0,0,0,2.56,0,179.6
226,167387.920,23.7351,11.1398,10.8294,243,0,.78125,777.75,0,16,114.8,3.83,1.26,0,3.92157,0,14.5098,4.93,-9.14531,1,7,0,0,0,0,0,0,2.56,0,179.6
227,167387.960,23.7351,11.1398,10.8333,226,0,.78125,787.25,0,15,114.8,3.83,1.26,0,3.92157,0,14.5098,4.93,-9.14531,1,7,0,0,0,0,0,0,2.56,0,179.6
228,167388.000,23.8202,11.1398,10.8333,226,0,.78125,791.25,0,14,114.8,3.83,1.24,0,3.92157,0,14.5098,4.93,-9.14531,1,7,0,0,0,0,0,0,2.56,0,179.6
229,167388.040,23.7776,11.1398,10.9157,226,0,.78125,777.75,0,15.5,114.8,3.83,1.26,0,3.92157,0,14.5098,4.93,-9.14531,1,7,0,0,0,0,0,0,2.56,0,179.6
230,167388.080,23.8202,11.1398,10.9197,211,0,.78125,776,0,15.5,114.8,3.85,1.26,0,3.92157,0,14.5098,4.93,-9.14537,1,7,0,0,0,0,0,0,2.56,0,179.6
231,167388.120,23.7776,11.1398,10.9197,211,0,.78125,773.5,0,16,114.8,3.85,1.26,0,3.92157,0,14.5098,4.93,-9.14537,1,7,0,0,0,0,0,0,2.56,0,179.6
232,167388.160,23.7351,11.1398,10.9237,211,0,.78125,772.25,0,16,114.8,3.85,1.26,0,3.92157,0,14.5098,4.93,-9.14531,1,7,0,0,0,0,0,0,2.56,0,179.6
233,167388.200,23.6094,11.1398,10.9237,197,0,.78125,775.5,0,15.5,114.8,3.85,1.26,0,4.31373,0,14.5098,4.93,-9.14531,1,7,0,0,0,0,0,0,2.56,0,179.6
234,167388.240,23.6094,11.1398,10.9237,197,0,.78125,785.75,0,14.5,114.8,3.85,1.26,0,3.92157,0,14.5098,4.93,-9.14531,1,7,0,0,0,0,0,0,2.56,0,179.6
235,167388.280,23.7776,11.1398,10.9237,197,0,.78125,781.25,0,14.5,114.8,3.85,1.26,0,3.92157,0,14.5098,4.93,-9.14531,1,7,0,0,0,0,0,0,2.56,0,179.6
236,167388.320,23.8202,11.1398,10.9237,184,0,.78125,789.5,0,14,114.8,3.85,1.26,0,4.31373,0,14.5098,4.93,-9.14531,1,7,0,0,0,0,0,0,2.56,0,179.6
237,167388.360,23.8202,11.1398,10.9276,184,0,.78125,792.25,0,13.5,114.8,3.83,1.26,0,4.31373,0,14.5098,4.93,-9.14537,1,7,0,0,0,0,0,0,2.56,0,179.6
238,167388.400,23.8202,11.1398,10.9316,184,0,.78125,794,0,13.5,114.8,3.83,1.26,0,4.31373,0,14.5098,4.93,-9.14549,1,7,0,0,0,0,0,0,2.56,0,179.6
239,167388.440,23.7351,11.1398,10.9316,184,0,.78125,788,0,14,114.8,3.81,1.26,0,4.31373,0,14.5098,4.93,-9.14549,1,7,0,0,0,0,0,0,2.56,0,179.6
240,167388.480,23.7351,11.1398,10.9356,172,0,.78125,789,0,13.5,114.8,3.83,1.26,0,4.31373,0,14.5098,4.93,-9.14531,1,7,0,0,0,0,0,0,2.56,0,179.6
241,167388.520,23.8202,11.1398,10.9356,172,0,.78125,782.5,0,14.5,114.8,3.83,1.28,0,4.31373,0,14.5098,4.93,-9.14531,1,7,0,0,0,0,0,0,2.56,0,179.6
242,167388.560,23.8202,11.1398,10.9356,172,0,.78125,790.75,0,13.5,114.8,3.83,1.26,0,4.31373,0,14.5098,4.93,-9.14531,1,7,0,0,0,0,0,0,2.56,0,179.6
243,167388.600,23.8202,11.1398,10.9395,161,0,.78125,791.5,0,13.5,114.8,3.83,1.26,0,4.31373,0,14.5098,4.93,-9.14531,1,7,0,0,0,0,0,0,2.56,0,179.6
244,167388.640,23.8202,11.1398,10.9395,161,0,.78125,792.5,0,13.5,114.8,3.85,1.26,0,4.31373,0,14.5098,4.93,-9.14531,1,7,0,0,0,0,0,0,2.56,0,179.6
245,167388.680,23.8202,11.1398,10.9395,161,0,.78125,790.5,0,13.5,114.8,3.83,1.26,0,4.31373,0,14.5098,4.93,-9.14537,1,7,0,0,0,0,0,0,2.56,0,179.6
246,167388.720,23.6945,11.1398,10.9435,152,0,.78125,787.75,0,13.5,114.8,3.85,1.26,0,4.31373,0,14.5098,4.93,-9.14531,1,7,0,0,0,0,0,0,2.56,0,179.6
247,167388.760,23.6945,11.1398,10.9435,152,0,.78125,779.75,0,14.5,114.8,3.85,1.26,0,4.31373,0,14.5098,4.93,-9.14531,1,7,0,0,0,0,0,0,2.56,0,179.6
248,167388.800,23.8202,11.1398,10.9435,152,0,.78125,783.25,0,14,114.8,3.85,1.26,0,4.31373,0,14.5098,4.93,-9.14531,1,7,0,0,0,0,0,0,2.56,0,179.6
249,167388.840,23.7776,11.1398,10.9475,143,0,.78125,794.75,0,14,114.8,3.87,1.26,0,4.31373,0,14.5098,4.93,-9.14531,1,7,0,0,0,0,0,0,2.56,0,179.6
250,167388.880,23.8202,11.1398,10.9475,143,0,.78125,794.75,0,13,114.8,3.85,1.26,0,4.31373,0,14.5098,4.93,-9.14531,1,7,0,0,0,0,0,0,2.56,0,179.6
251,167388.920,23.7351,11.1398,10.9515,143,0,.78125,795.25,0,13,114.8,3.87,1.26,0,4.31373,0,14.5098,4.93,-9.14531,1,7,0,0,0,0,0,0,2.56,0,179.6
252,167388.960,23.6945,11.1398,10.9515,135,0,.78125,789.75,0,13.5,114.8,3.85,1.26,0,4.31373,0,14.5098,4.93,-9.14531,1,7,0,0,0,0,0,0,2.56,0,179.6
253,167389.000,23.6094,11.1398,10.9555,135,0,.78125,784.75,0,14,114.8,3.87,1.26,0,4.31373,0,14.5098,4.93,-9.14531,1,7,0,0,1,0,0,0,2.56,0,179.6
254,167389.040,23.8202,11.1398,11.0398,135,0,.78125,785.25,0,14,114.8,3.87,1.26,0,4.31373,0,14.5098,4.93,-9.14543,1,7,0,0,1,0,0,0,2.56,0,179.6
255,167389.080,23.8202,11.1398,11.0398,135,0,.78125,790.5,0,13,114.8,3.87,1.26,0,4.31373,0,14.5098,4.93,-9.14543,1,7,0,0,0,0,0,0,2.56,0,179.6
256,167389.120,23.7776,11.1398,11.0398,127,0,.78125,787,0,13.5,114.8,3.87,1.26,0,4.31373,0,14.5098,4.93,-9.14531,1,7,0,0,0,0,0,0,2.56,0,179.6
257,167389.160,23.7776,11.1398,11.0439,127,0,.78125,795.75,0,12.5,114.8,3.87,1.28,0,4.31373,0,14.5098,4.93,-9.14531,1,7,0,0,0,0,0,0,2.56,0,179.6
258,167389.200,23.8202,11.1398,11.0439,127,0,.78125,797.25,0,12.5,114.8,3.87,1.28,0,4.31373,0,14.5098,4.93,-9.14537,1,7,0,0,0,0,0,0,2.56,0,179.6
259,167389.240,23.7351,11.1398,11.0439,120,0,.78125,794,0,13,114.8,3.85,1.28,0,4.31373,0,14.5098,4.93,-9.14531,1,7,0,0,0,0,0,0,2.56,0,179.6
260,167389.280,23.6945,11.1398,11.0439,120,0,.78125,785.25,0,13.5,114.8,3.85,1.28,0,4.31373,0,14.5098,4.93,-9.14531,1,7,0,0,0,0,0,0,2.56,0,179.6
261,167389.320,23.7776,11.1398,11.0479,120,0,.78125,782.75,0,13.5,114.8,3.85,1.28,0,4.31373,0,14.5098,4.93,-9.14531,1,7,0,0,1,0,0,0,2.56,0,179.6
262,167389.360,23.7776,11.1398,11.052,114,0,.78125,784.5,0,13,114.8,3.85,1.26,0,4.31373,0,14.5098,4.93,-9.14531,1,7,0,0,1,0,0,0,2.56,0,179.6
263,167389.400,23.7776,11.1398,11.052,114,0,.78125,789.5,0,12.5,114.8,3.87,1.26,0,4.31373,0,14.5098,4.93,-9.14531,1,7,0,0,0,0,0,0,2.56,0,179.6
264,167389.440,23.8202,11.1398,11.052,114,0,.78125,785.5,0,13,114.8,3.85,1.26,0,4.31373,0,14.5098,4.93,-9.14531,1,7,0,0,0,0,0,0,2.56,0,179.6
265,167389.480,23.8202,11.1398,11.052,108,0,.78125,793,0,12,114.8,3.85,1.26,0,4.31373,0,14.5098,4.93,-9.14531,1,7,0,0,0,0,0,0,2.56,0,179.6
266,167389.520,24.41,11.1398,11.052,108,0,.78125,794.25,0,12,114.8,3.87,1.26,0,4.31373,0,14.5098,4.93,-9.14531,1,7,0,0,0,0,0,0,2.56,0,179.6
267,167389.560,24.3675,11.1398,11.056,108,0,.78125,798.25,0,12,114.8,3.87,1.26,0,4.31373,0,14.5098,4.93,-9.14531,1,7,0,0,0,0,0,0,2.56,0,179.6
268,167389.600,24.4526,11.1398,11.056,102,0,.78125,795,0,12,114.8,3.89,1.26,0,4.31373,0,14.5098,4.93,-9.14531,1,7,0,0,0,0,0,0,2.56,0,179.6
269,167389.640,24.4932,11.1398,11.0601,102,0,.78125,791.75,0,12.5,114.8,3.89,1.26,0,4.31373,0,14.5098,4.93,-9.14537,1,7,0,0,0,0,0,0,2.56,0,179.6
270,167389.680,24.4526,11.1398,11.0642,102,0,.78125,800.5,0,11.5,114.8,3.93,1.26,0,4.31373,0,14.5098,4.93,-9.14537,1,7,0,0,0,0,0,0,2.56,0,179.6
271,167389.720,24.3249,11.1398,11.0642,102,0,.78125,798,0,12,114.8,3.93,1.26,0,4.31373,0,14.5098,4.93,-9.14537,1,7,0,0,0,0,0,0,2.56,0,179.6
272,167389.760,24.4526,11.1398,11.0642,97,0,.78125,800,0,12,114.8,3.89,1.26,0,4.31373,0,14.5098,4.93,-9.14531,1,7,0,0,0,0,0,0,2.56,0,179.6
273,167389.800,24.41,11.1398,11.0682,97,0,.78125,802.75,0,11.5,114.8,3.93,1.28,0,4.31373,0,14.5098,4.93,-9.14531,1,7,0,0,0,0,0,0,2.56,0,179.6
274,167389.840,24.4932,11.1398,11.0682,97,0,.78125,803.75,0,11.5,114.8,3.93,1.28,0,4.31373,0,14.5098,4.93,-9.14292,1,7,0,0,0,0,0,0,2.56,0,179.6
275,167389.880,24.5358,11.1398,11.0723,93,0,.78125,790.5,0,12.5,114.8,3.89,1.28,0,4.31373,0,14.5098,4.93,-9.14531,1,7,0,0,0,0,0,0,2.56,0,179.6
276,167389.920,24.4932,11.1398,11.0723,93,0,.78125,789.75,0,12.5,114.8,3.89,1.28,0,4.31373,0,14.5098,4.93,-9.14531,1,7,0,0,1,0,0,0,2.56,0,179.6
277,167389.960,24.5358,11.1398,11.0723,93,0,.78125,785,0,13,114.8,3.89,1.28,0,4.31373,0,14.5098,4.93,-9.14531,1,7,0,0,1,0,0,0,2.56,0,179.6
278,167390.000,24.4932,11.1398,11.0723,88,0,.78125,796.5,0,12,114.8,3.89,1.28,0,4.31373,0,14.5098,4.93,-9.14537,1,7,0,0,0,0,0,0,2.56,0,179.6
279,167390.040,24.41,11.1398,11.0723,88,0,.78125,800,0,12,114.8,3.89,1.26,0,4.31373,0,14.5098,4.93,-9.14537,1,7,0,0,0,0,0,0,2.56,0,179.6
280,167390.080,24.4526,11.1398,11.1626,88,0,.78125,801.75,0,11.5,114.8,3.87,1.26,0,4.31373,0,14.5098,4.93,-9.14365,1,7,0,0,0,0,0,0,2.56,0,179.6
281,167390.120,24.4932,11.1398,11.1626,84,0,.78125,799,0,12,114.8,3.87,1.26,0,4.31373,0,14.5098,4.93,-9.14365,1,7,0,0,0,0,0,0,2.56,0,179.6
282,167390.160,24.4932,11.1398,11.1626,84,0,.78125,792.5,0,12.5,114.8,3.89,1.26,0,4.31373,0,14.5098,4.93,-9.14531,1,7,0,0,0,0,0,0,2.56,0,179.6
283,167390.200,24.4932,11.1398,11.1668,84,0,.78125,785.5,0,13,114.8,3.89,1.26,0,4.31373,0,14.5098,4.93,-9.14543,1,7,0,0,0,0,0,0,2.56,0,179.6
284,167390.240,24.4932,11.1398,11.1668,81,0,.78125,788.25,0,13,114.8,3.93,1.26,0,4.31373,0,14.5098,4.93,-9.14543,1,7,0,0,0,0,0,0,2.56,0,179.6
285,167390.280,24.4526,11.1398,11.1709,81,0,.78125,794.75,0,12,114.8,3.93,1.26,0,4.31373,0,14.5098,4.93,-9.14531,1,7,0,0,0,0,0,0,2.56,0,179.6
286,167390.320,24.4526,11.1398,11.1709,81,0,.78125,799.25,0,12,114.8,3.93,1.26,0,4.31373,0,14.5098,4.93,-9.14537,1,7,0,0,0,0,0,0,2.56,0,179.6
287,167390.360,24.3675,11.1398,11.1709,81,0,.78125,804.25,0,11.5,114.8,3.87,1.26,0,4.31373,0,14.5098,4.93,-9.14537,1,7,0,0,0,0,0,0,2.56,0,179.6
288,167390.400,24.4932,11.1398,11.1709,77,0,.78125,799.5,0,12,114.8,3.87,1.26,0,4.31373,0,14.5098,4.93,-9.14131,1,7,0,0,0,0,0,0,2.56,0,179.6
289,167390.440,24.5783,11.1398,11.1751,77,0,.78125,800,0,12,114.8,3.87,1.26,0,4.31373,0,14.5098,4.93,-9.14131,1,7,0,0,0,0,0,0,2.56,0,179.6
290,167390.480,24.4932,11.1398,11.1751,77,0,.78125,800.25,0,12,114.8,3.87,1.28,0,4.31373,0,14.5098,4.93,-9.14531,1,7,0,0,0,0,0,0,2.56,0,179.6
291,167390.520,24.4932,11.1398,11.1792,74,0,.78125,804.75,0,11.5,114.8,3.87,1.28,0,4.31373,0,14.5098,4.93,-9.14091,1,7,0,0,0,0,0,0,2.56,0,179.6
292,167390.560,23.7776,11.1398,11.1792,74,0,.78125,805.25,0,11.5,114.8,3.87,1.28,0,4.31373,0,14.5098,4.93,-9.14091,1,7,0,0,0,0,0,0,2.56,0,179.6
293,167390.600,23.7351,11.1398,11.1834,74,0,.78125,797.5,0,12,114.8,3.89,1.28,0,4.31373,0,14.5098,4.93,-9.14043,1,7,0,0,0,0,0,0,2.56,0,179.6
294,167390.640,23.7351,11.1398,11.1834,71,0,.78125,791.5,0,12.5,114.8,3.89,1.28,0,4.31373,0,14.5098,4.93,-9.14537,1,7,0,0,0,0,0,0,2.56,0,179.6
295,167390.680,23.8202,11.1398,11.1834,71,0,.78125,798.75,0,12,114.8,3.89,1.28,0,4.31373,0,14.5098,4.93,-9.14537,1,7,0,0,0,0,0,0,2.56,0,179.6
296,167390.720,23.8202,11.1398,11.1875,71,0,.78125,801.5,0,12,114.8,3.89,1.26,0,4.31373,0,14.5098,4.93,-9.14391,1,7,0,0,0,0,0,0,2.56,0,179.6
297,167390.760,23.7776,11.1398,11.1875,68,0,.78125,815,0,10.5,114.8,3.89,1.26,0,4.31373,0,14.5098,4.93,-9.14391,1,7,0,0,0,0,0,0,2.56,0,179.6
298,167390.800,23.6945,11.1398,11.1875,68,0,.78125,814.75,0,10.5,114.8,3.87,1.26,0,4.31373,0,14.5098,4.93,-9.13161,1,7,0,0,0,0,0,0,2.56,0,179.6
299,167390.840,23.7351,11.1398,11.1917,68,0,.78125,811.75,0,13,114.8,3.85,1.26,0,4.31373,0,14.5098,4.93,-9.13068,1,7,0,0,0,0,0,0,2.56,0,179.6
300,167390.880,23.7351,11.1398,11.1917,66,0,.78125,813,0,12.5,114.8,3.85,1.26,0,4.31373,0,14.5098,4.93,-9.13068,1,7,0,0,0,0,0,0,2.56,0,179.6
301,167390.920,23.6945,11.1398,11.1917,66,0,.78125,808.25,0,13,114.8,3.85,1.26,0,4.31373,0,14.5098,4.93,-9.13357,1,7,0,0,0,0,0,0,2.56,0,179.6
302,167390.960,23.9033,11.1398,11.1958,66,0,.78125,811.25,0,13,114.8,3.83,1.26,0,4.31373,0,14.5098,4.93,-9.13508,1,7,0,0,0,0,0,0,2.56,0,179.6
303,167391.000,23.8202,11.1398,11.1958,66,0,.78125,810,0,13,114.8,3.83,1.26,0,4.31373,0,14.5098,4.93,-9.13508,1,7,0,0,0,0,0,0,2.56,0,179.6
304,167391.040,23.8627,11.1398,11.2,63,0,.78125,812.75,0,13,114.8,3.85,1.28,0,4.31373,0,14.5098,4.93,-9.13604,1,7,0,0,0,0,0,0,2.56,0,179.6
305,167391.080,23.8202,11.1398,11.2042,63,0,.78125,808.25,0,13,114.8,3.85,1.28,0,4.31373,0,14.5098,4.93,-9.13604,1,7,0,0,0,0,0,0,2.56,0,179.6
306,167391.120,23.7351,11.1398,11.2042,63,0,.78125,807.5,0,13.5,114.8,3.85,1.28,0,4.31373,0,14.5098,4.93,-9.13778,1,7,0,0,0,0,0,0,2.56,0,179.6
307,167391.160,23.8202,11.1398,11.2924,61,0,.78125,802.25,0,13.5,114.8,3.85,1.28,0,4.31373,0,14.5098,4.93,-9.14318,1,7,0,0,0,0,0,0,2.56,0,179.6
308,167391.200,23.8627,11.1398,11.2924,61,0,.78125,808.25,0,13,114.8,3.87,1.26,0,4.31373,0,14.5098,4.93,-9.14318,1,7,0,0,0,0,0,0,2.56,0,179.6
309,167391.240,23.8202,11.1398,11.2924,61,0,.78125,803,0,13.5,114.8,3.85,1.26,0,4.31373,0,14.5098,4.93,-9.13781,1,7,0,0,0,0,0,0,2.56,0,179.6
310,167391.280,23.8202,11.1398,11.2967,59,0,.78125,803.5,0,13.5,116.6,3.87,1.26,0,4.31373,0,14.5098,4.93,-9.14212,1,7,0,0,0,0,0,0,2.56,0,179.6
311,167391.320,23.7351,11.1398,11.2967,59,0,.78125,813.5,0,13,116.6,3.87,1.26,0,4.31373,0,14.5098,4.93,-9.14212,1,7,0,0,0,0,0,0,2.56,0,179.6
312,167391.360,23.7351,11.1398,11.2967,59,0,.78125,812.25,0,13,116.6,3.93,1.26,0,4.31373,0,14.5098,4.93,-9.13295,1,7,0,0,0,0,0,0,2.56,0,179.6
313,167391.400,23.6945,11.1398,11.3009,57,0,.78125,817,0,12.5,116.6,3.93,1.26,0,4.31373,0,14.5098,4.93,-9.12973,1,7,0,0,0,0,0,0,2.56,0,179.6
314,167391.440,23.8202,11.1398,11.3009,57,0,.78125,815,0,13,116.6,3.93,1.28,0,4.31373,0,14.5098,4.93,-9.12973,1,7,0,0,0,0,0,0,2.56,0,179.6
315,167391.480,23.7351,11.1398,11.3051,57,0,.78125,818.5,0,12.5,116.6,3.98,1.28,0,4.31373,0,14.5098,4.93,-9.13145,1,7,0,0,0,0,0,0,2.56,0,179.6
316,167391.520,23.8202,11.1398,11.3051,55,0,.78125,818.75,0,12.5,116.6,3.98,1.28,0,4.31373,0,14.5098,4.93,-9.13145,1,7,0,0,0,0,0,0,2.56,0,179.6
317,167391.560,23.8202,11.1398,11.3094,55,0,.78125,823.25,0,12,116.6,3.95,1.28,0,4.31373,0,14.5098,4.93,-9.12803,1,7,0,0,0,0,0,0,2.56,0,179.6
318,167391.600,23.8202,11.1398,11.3136,55,0,.78125,821.25,0,12.5,116.6,3.95,1.28,0,4.31373,0,14.5098,4.93,-9.12575,1,7,0,0,0,0,0,0,2.56,0,179.6
319,167391.640,23.7776,11.1398,11.3136,55,0,.78125,823.75,0,12,116.6,3.98,1.28,0,4.31373,0,14.5098,4.93,-9.12575,1,7,0,0,0,0,0,0,2.56,0,179.6
320,167391.680,23.8202,11.1398,11.3136,54,0,.78125,820,0,13,116.6,3.98,1.26,0,4.31373,0,14.5098,4.93,-9.12703,1,7,0,0,0,0,0,0,2.56,0,179.6
321,167391.720,23.8627,11.1398,11.3136,54,0,.78125,813,0,13.5,116.6,3.95,1.26,0,4.31373,0,14.5098,4.93,-9.13345,1,7,0,0,0,0,0,0,2.56,0,179.6
322,167391.760,23.7776,11.1398,11.3136,54,0,.78125,818.5,0,13,116.6,3.98,1.26,0,4.31373,0,14.5098,4.93,-9.13345,1,7,0,0,0,0,0,0,2.56,0,179.6
323,167391.800,23.8202,11.1398,11.3179,52,0,.78125,820.75,0,13,116.6,3.95,1.26,0,4.31373,0,14.5098,4.93,-9.12856,1,7,0,0,0,0,0,0,2.56,0,179.6
324,167391.840,23.7351,11.1398,11.3179,52,0,.78125,823,0,12.5,116.6,3.95,1.26,0,4.31373,0,14.5098,4.93,-9.12856,1,7,0,0,0,0,0,0,2.56,0,179.6
325,167391.880,23.7776,11.1398,11.3222,52,0,.78125,819.25,0,13,116.6,3.95,1.26,0,4.31373,0,14.5098,4.93,-9.12455,1,7,0,0,0,0,0,0,2.56,0,179.6
326,167391.920,23.7351,11.1398,11.3222,51,0,.78125,821,0,13,116.6,3.93,1.28,0,4.31373,0,14.5098,4.93,-9.12639,1,7,0,0,0,0,0,0,2.56,0,179.6
327,167391.960,23.8627,11.1398,11.3222,51,0,.78125,817,0,13,116.6,3.93,1.28,0,4.31373,0,14.5098,4.93,-9.12639,1,7,0,0,0,0,0,0,2.56,0,179.6
328,167392.000,23.8627,11.1398,11.3264,51,0,.78125,812.5,0,13.5,116.6,3.93,1.28,0,4.31373,0,14.5098,4.93,-9.13011,1,7,0,0,0,0,0,0,2.56,0,179.6
329,167392.040,23.7776,11.1398,11.3264,50,0,.78125,808,0,14,116.6,3.93,1.28,0,4.31373,0,14.5098,4.93,-9.13838,1,7,0,0,0,0,0,0,2.56,0,179.6
330,167392.080,23.7776,11.1398,11.3264,50,0,.78125,822.5,0,13,116.6,3.93,1.28,0,4.31373,0,14.5098,4.93,-9.13838,1,7,0,0,0,0,0,0,2.56,0,179.6
331,167392.120,23.6945,11.1398,11.4209,50,0,.78125,821,0,13,116.6,3.93,1.26,0,4.31373,0,14.5098,4.93,-9.12651,1,7,0,0,0,0,0,0,2.56,0,179.6
332,167392.160,23.7351,11.1398,11.4209,49,0,.78125,824.75,0,12.5,116.6,3.89,1.26,0,4.31373,0,14.5098,4.93,-9.12651,1,7,0,0,0,0,0,0,2.56,0,179.6
333,167392.200,23.7351,11.1398,11.4253,49,0,.78125,829.5,0,12,116.6,3.89,1.26,0,4.31373,0,14.5098,4.93,-9.12245,1,7,0,0,0,0,0,0,2.56,0,179.6
334,167392.240,23.7776,11.1398,11.4296,49,0,.78125,830.25,0,12,116.6,3.89,1.26,0,4.31373,0,14.5098,4.93,-9.11873,1,7,0,0,0,0,0,0,2.56,0,179.6
335,167392.280,23.7351,11.1398,11.4296,49,0,.78125,831.5,0,10,116.6,3.89,1.26,0,4.31373,0,14.5098,4.93,-9.11873,1,7,0,0,0,0,0,0,2.56,0,179.6
336,167392.320,23.6945,11.1398,11.434,48,0,.78125,824.5,0,11,116.6,3.89,1.28,0,4.31373,0,14.5098,4.93,-9.11689,1,7,0,0,0,0,0,0,2.56,0,179.6
337,167392.360,23.7776,11.1398,11.4296,48,0,.78125,822.75,0,11,116.6,3.89,1.28,0,4.31373,0,14.5098,4.93,-9.1251,1,7,0,0,0,0,0,0,2.56,0,179.6
338,167392.400,23.6945,11.1398,11.4296,48,0,.78125,819.25,0,11.5,116.6,3.89,1.28,0,4.31373,0,14.5098,4.93,-9.1251,1,7,0,0,0,0,0,0,2.56,0,179.6
339,167392.440,23.6519,11.1398,11.4383,47,0,.78125,828.25,0,11,116.6,3.89,1.28,0,4.31373,0,14.5098,4.93,-9.11996,1,7,0,0,0,0,0,0,2.56,0,179.6
340,167392.480,23.7776,11.1398,11.4383,47,0,.78125,832.25,0,10.5,116.6,3.89,1.26,0,4.31373,0,14.5098,4.93,-9.11996,1,7,0,0,0,0,0,0,2.56,0,179.6
341,167392.520,23.6945,11.1398,11.4426,47,0,.78125,843.25,0,9,116.6,3.89,1.26,0,4.31373,0,14.5098,4.93,-9.11648,1,7,0,0,0,0,0,0,2.56,0,179.6
342,167392.560,23.6945,11.1398,11.4514,46,0,.78125,857.5,0,7.5,116.6,3.89,1.26,0,4.31373,0,14.5098,4.93,-9.10199,1,7,0,0,0,0,0,0,2.56,0,179.6
343,167392.600,23.5668,11.1398,11.4514,46,0,.78125,859.75,0,7.5,116.6,3.87,1.26,0,4.31373,0,14.5098,4.93,-9.10199,1,7,0,0,0,0,0,0,2.56,0,179.6
344,167392.640,23.6945,11.1398,11.4644,46,0,.78125,866.75,0,7,116.6,3.87,1.26,0,4.31373,0,14.5098,4.93,-9.09138,1,7,0,0,0,0,0,0,2.56,0,179.6
345,167392.680,23.6519,11.1398,11.4688,45,0,.78125,868,0,7,116.6,3.87,1.28,0,4.31373,0,14.5098,4.93,-9.08371,1,7,0,0,0,0,0,0,2.56,0,179.6
346,167392.720,23.7776,11.1398,11.4688,45,0,.78125,871.75,0,6.5,116.6,3.85,1.26,0,4.31373,0,14.5098,4.93,-9.08371,1,7,0,0,0,0,0,0,2.56,0,179.6
347,167392.760,23.6945,11.2547,11.4732,45,0,.78125,866.5,0,7.5,116.6,3.85,1.26,0,4.31373,0,14.5098,4.93,-9.08523,1,7,0,0,0,0,0,0,2.56,0,179.6
348,167392.800,23.6519,11.2547,11.4732,44,0,.78125,865.25,0,7.5,116.6,3.83,1.26,0,4.31373,0,14.5098,4.93,-9.08523,1,7,0,0,0,0,0,0,2.56,0,179.6
349,167392.840,23.6094,11.2547,11.4732,44,0,.78125,865.5,0,8,116.6,3.81,1.24,0,4.31373,0,14.5098,4.93,-9.09208,1,7,0,0,0,0,0,0,2.56,0,179.6
350,167392.880,23.7776,11.3695,11.4732,44,0,.78125,863.25,0,8,116.6,3.79,1.26,0,4.31373,0,14.5098,4.93,-9.08834,1,7,0,0,0,0,0,0,2.304,0,179.6
351,167392.920,23.6519,11.3695,11.4732,44,0,.78125,874.5,0,7,116.6,3.79,1.26,0,3.92157,0,14.5098,4.93,-9.08834,1,7,0,0,0,0,0,0,2.304,0,179.6
352,167392.960,23.6519,11.3695,11.4819,44,0,.78125,872,0,7.5,116.6,3.79,1.26,0,3.92157,0,14.5098,4.93,-9.07803,1,7,0,0,0,0,0,0,2.304,0,179.6
353,167393.000,23.7351,11.3695,11.4863,44,0,.78125,872.5,0,7.5,116.6,3.79,1.26,0,3.92157,0,14.5098,4.785,-9.07991,1,7,0,0,0,0,0,0,2.304,0,179.6
354,167393.040,23.6519,11.4844,11.4863,44,0,.78125,865,0,8.5,116.6,3.77,1.24,0,3.92157,0,14.5098,4.785,-9.07991,1,7,0,0,0,0,0,0,2.304,0,179.6
355,167393.080,23.6945,11.4844,11.4819,43,0,.78125,851.25,0,10.5,116.6,3.79,1.24,0,3.92157,0,14.5098,4.785,-9.08904,1,7,0,0,0,0,0,0,2.304,0,179.6
356,167393.120,23.9033,11.4844,11.4819,43,0,.78125,853.25,0,10.5,116.6,3.77,1.24,0,3.92157,0,14.5098,4.785,-9.08904,1,7,0,0,0,0,0,0,2.304,0,179.6
357,167393.160,23.7351,11.5992,11.5702,43,0,.78125,853.25,0,10.5,116.6,3.79,1.26,0,3.92157,0,14.5098,4.785,-9.09772,1,7,0,0,0,0,0,0,2.304,0,179.6
358,167393.200,23.8627,11.5992,11.5791,42,0,.78125,860.75,0,9.5,116.6,3.79,1.26,0,3.92157,0,14.5098,4.785,-9.09083,1,7,0,0,0,0,0,0,2.304,0,179.6
359,167393.240,23.8627,11.5992,11.5791,42,0,.78125,854.25,0,10.5,116.6,3.79,1.26,0,3.92157,0,14.5098,4.785,-9.09083,1,7,0,0,0,0,0,0,2.304,0,179.6
360,167393.280,23.8202,11.5992,11.5791,42,0,.78125,855.25,0,10.5,116.6,3.79,1.26,0,3.92157,0,14.5098,4.785,-9.09584,1,7,0,0,0,0,0,0,2.304,0,179.6
361,167393.320,23.7776,11.7141,11.5791,42,0,.78125,848.25,0,11,116.6,3.79,1.26,0,4.31373,0,14.5098,4.785,-9.10231,1,7,0,0,0,0,0,0,2.304,0,179.6
362,167393.360,23.8202,11.7141,11.5791,42,0,.78125,846,0,11.5,116.6,3.79,1.24,0,3.92157,0,14.5098,4.785,-9.10231,1,7,0,0,0,0,0,0,2.304,0,179.6
363,167393.400,23.6945,11.7141,11.5746,42,0,.78125,844,0,11.5,116.6,3.79,1.24,0,3.92157,0,14.5098,4.785,-9.11155,1,7,0,0,0,0,0,0,2.304,0,179.6
364,167393.440,23.7776,11.7141,11.5746,41,0,.78125,842.5,0,11.5,116.6,3.79,1.26,0,4.31373,0,14.5098,4.785,-9.11155,1,7,0,0,0,0,0,0,2.304,0,179.6
365,167393.480,23.8202,11.7141,11.5835,41,0,.78125,842.5,0,11.5,116.6,3.79,1.26,0,4.31373,0,14.5098,4.785,-9.10774,1,7,0,0,0,0,0,0,2.304,0,179.6
366,167393.520,23.8627,11.7141,11.5791,41,0,.78125,834,0,12.5,116.6,3.79,1.26,0,3.92157,0,14.5098,4.785,-9.11547,1,7,0,0,0,0,0,0,2.304,0,179.6
367,167393.560,23.8202,11.7141,11.5791,41,0,.78125,825.75,0,13.5,116.6,3.79,1.26,0,4.31373,0,14.5098,4.785,-9.11547,1,7,0,0,0,0,0,0,2.304,0,179.6
368,167393.600,23.8202,11.7141,11.5746,41,0,.78125,816,0,14.5,116.6,3.79,1.26,0,4.31373,0,14.5098,4.785,-9.12318,1,7,0,0,0,0,0,0,2.304,0,179.6
369,167393.640,23.8627,11.7141,11.5746,41,0,.78125,817,0,14,116.6,3.79,1.26,0,4.31373,0,14.5098,4.785,-9.13117,1,7,0,0,0,0,0,0,2.304,0,179.6
370,167393.680,23.7351,11.7141,11.5746,41,0,.78125,817,0,14,116.6,3.81,1.26,0,4.31373,0,14.5098,4.785,-9.13117,1,7,0,0,0,0,0,0,2.304,0,179.6
371,167393.720,23.7351,11.7141,11.5835,40,0,.78125,823.25,0,14.5,116.6,3.81,1.26,0,3.92157,0,14.5098,4.785,-9.12557,1,7,0,0,0,0,0,0,2.304,0,179.6
372,167393.760,23.9033,11.7141,11.5835,40,0,.78125,817.5,0,15,116.6,3.81,1.24,0,4.31373,0,14.5098,4.785,-9.12557,1,7,0,0,0,0,0,0,2.56,0,179.6
373,167393.800,23.9459,11.7141,11.5835,40,0,.78125,814.5,0,15,116.6,3.83,1.24,0,4.31373,0,14.5098,4.785,-9.13104,1,7,0,0,0,0,0,0,2.56,0,179.6
374,167393.840,24.3675,11.7141,11.5835,40,0,.78125,818,0,14.5,116.6,3.83,1.26,0,4.31373,0,14.5098,4.785,-9.13372,1,7,0,0,0,0,0,0,2.56,0,179.6
375,167393.880,24.4932,11.8289,11.5835,40,0,.78125,811.75,0,15.5,116.6,3.81,1.26,0,4.70588,0,14.5098,4.785,-9.13372,1,7,0,0,0,0,0,0,2.56,0,179.6
376,167393.920,24.4526,11.8289,11.588,40,0,.78125,809.25,0,15.5,116.6,3.92,1.32,0,5.88235,0,14.5098,4.785,-9.13621,1,7,0,0,0,0,0,0,2.56,0,179.6
377,167393.960,24.41,11.8289,11.5925,40,0,.78125,799.75,0,16.5,116.6,4.61,1.38,0,6.27451,0,14.5098,4.785,-9.14711,1,7,0,0,0,0,0,0,2.56,0,179.6
378,167394.000,24.41,11.8289,11.5925,40,0,.78125,792.5,0,16.5,116.6,5.33,1.42,0,6.27451,0,14.5098,4.785,-9.14711,1,7,0,0,0,0,0,0,2.56,0,179.6
379,167394.040,24.3675,11.7141,11.5925,40,0,.78125,779,0,17,116.6,5.73,1.42,0,6.27451,0,14.5098,4.785,-9.14709,1,7,0,0,0,0,0,0,2.56,0,179.6
380,167394.080,24.3675,11.7141,11.5925,39,0,.78125,788.5,0,16.5,116.6,6,1.44,0,6.27451,0,14.5098,4.93,-9.14709,1,7,0,0,0,0,0,0,2.816,0,179.6
381,167394.120,24.41,11.7141,11.4732,39,0,.78125,793.25,0,16.5,116.6,6.11,1.44,0,6.27451,0,14.5098,5.075,-9.14714,1,7,0,0,0,0,0,0,2.816,0,179.6
382,167394.160,24.4526,11.7141,10.9834,39,0,.78125,815.5,0,14,116.6,6.11,1.42,0,5.09804,0,14.5098,5.365,-9.13289,1,7,0,0,0,0,0,0,3.072,0,179.6
383,167394.200,24.2843,11.7141,10.9834,39,0,.78125,833,0,12.5,116.6,5.8,1.32,0,3.92157,0,14.5098,5.365,-9.13289,1,7,0,0,0,0,0,0,2.816,0,179.6
384,167394.240,24.2418,11.7141,11.4863,39,0,.78125,879,0,7.5,116.6,4.29,1.28,0,3.92157,0,14.5098,5.51,-9.09006,1,7,0,0,0,0,0,0,2.816,0,179.6
385,167394.280,24.41,11.7141,11.6508,39,0,.78125,888.75,0,6.5,116.6,4.02,1.26,0,3.92157,0,14.5098,5.51,-9.06568,1,7,0,0,0,0,0,0,2.816,0,179.6
386,167394.320,24.3249,11.8289,11.6508,39,0,.78125,889,0,6.5,116.6,3.87,1.26,0,3.92157,0,14.5098,5.365,-9.06568,1,7,0,0,0,0,0,0,2.816,0,179.6
387,167394.360,24.2843,11.8289,11.6643,39,0,.78125,887.25,0,7,116.6,3.77,1.26,.392157,3.92157,2.39844,14.5098,5.365,-9.06721,1,7,0,0,0,0,0,0,2.56,0,179.6
388,167394.400,24.3675,11.9437,11.6643,39,0,.78125,874.5,0,8.5,116.6,3.75,1.26,.392157,3.92157,2.39844,14.5098,5.22,-9.06721,1,7,0,0,0,0,0,0,2.56,0,179.6
389,167394.440,24.41,11.9437,12.159,39,0,.78125,866.75,0,9.5,116.6,3.69,1.24,.392157,3.92157,2.39844,14.5098,5.22,-8.9995,1,7,0,0,0,0,0,0,2.56,0,179.6
390,167394.480,24.3249,11.9437,12.3333,38,0,.78125,861.5,0,10.5,116.6,3.67,1.22,.392157,3.92157,2.39844,14.5098,5.075,-9.01228,1,7,0,0,0,0,0,0,2.56,0,179.6
391,167394.520,24.2418,11.9437,12.3333,38,0,.78125,857.5,0,11,116.6,3.67,1.22,.392157,3.92157,2.39844,14.5098,4.93,-9.01228,1,7,0,0,0,0,0,0,2.56,0,177.8
392,167394.560,24.4526,11.8289,11.7097,38,0,.78125,862.5,0,10.5,116.6,3.65,1.24,.392157,4.31373,2.4933,14.5098,4.93,-9.0149,1,7,0,0,0,0,0,0,2.56,0,177.8
393,167394.600,24.41,11.8289,12.3283,38,0,.78125,863.25,0,11,116.6,3.67,1.26,1.17647,4.31373,11.3043,14.5098,4.93,-8.71359,1,7,0,0,0,12.1569,0,0,2.304,0,177.8
394,167394.640,24.4932,11.7141,12.3283,38,0,.78125,870.5,0,10.5,116.6,3.73,1.28,1.96078,5.09804,23.8783,14.5098,4.785,-8.71359,1,7,0,0,0,12.1569,0,0,2.304,0,177.8
395,167394.680,24.41,11.7141,12.3333,38,0,.78125,866.25,0,11.5,116.6,3.85,1.3,2.7451,5.4902,33.3344,14.5098,4.785,-8.08361,1,7,0,0,0,32.549,0,0,2.304,0,177.8
396,167394.720,24.41,11.5992,12.3333,38,0,.78125,861,0,14.5,116.6,4.16,1.34,3.52941,5.88235,39.6605,14.5098,4.785,-8.08361,1,7,0,0,0,32.549,0,0,2.304,0,177.8
397,167394.760,24.2418,11.4844,12.3283,38,0,.78125,863.75,0,15.5,116.6,5.27,1.4,3.92157,6.66667,45.992,14.5098,4.93,-7.77352,1,7,0,0,0,42.3529,0,0,2.304,0,177.8
398,167394.800,24.41,11.3695,12.3333,38,0,.78125,870.5,0,16,116.6,5.73,1.42,3.92157,6.66667,45.8944,14.5098,4.93,-7.56148,1,7,0,0,0,49.4118,0,0,2.56,0,177.8
399,167394.840,24.41,11.3695,12.3333,38,0,.78125,889.75,0,17,116.6,6.11,1.46,3.92157,7.05882,48.8984,14.5098,4.93,-7.56148,1,7,0,0,0,49.4118,0,0,2.56,0,177.8
400,167394.880,24.41,11.3695,12.3637,37,0,.78125,905.5,0,17.5,116.6,6.29,1.46,4.70588,7.05882,55.0354,14.5098,5.075,-7.34742,1,7,0,0,0,55.6863,0,0,2.56,0,177.8
401,167394.920,24.4526,11.2547,12.2331,37,0,.78125,930.5,0,18.5,116.6,6.65,1.48,4.70588,7.45098,57.9395,14.5098,5.075,-7.13665,1,7,0,0,0,61.9608,0,0,2.56,0,177.8
402,167394.960,24.3675,11.2547,12.2331,37,0,.78125,965.25,0,20,116.6,7.64,1.5,4.70588,7.84314,57.6289,14.5098,5.365,-7.13665,1,7,0,0,0,61.9608,0,0,2.816,0,177.8
403,167395.000,24.3249,11.3695,11.999,37,0,.78125,980,0,21,116.6,7.77,1.52,5.4902,7.84314,63.6739,14.5098,5.51,-7.03332,1,7,0,0,0,65.098,0,0,2.816,0,177.8
404,167395.040,24.3249,11.4844,11.999,37,0,.78125,998.25,0,22,116.6,7.86,1.54,5.4902,8.23529,63.4893,14.5098,5.655,-7.03332,1,7,0,0,0,65.098,0,0,3.072,0,177.8
405,167395.080,24.41,11.5992,12.1541,37,0,-1.5625,1014.25,0,22.5,116.6,8.02,1.54,5.4902,8.23529,66.4005,14.5098,5.8,-6.83443,1,7,0,0,0,71.3726,0,0,3.072,0,177.8
406,167395.120,24.41,11.8289,12.1492,37,0,-1.5625,1020.75,0,23,116.6,8.08,1.56,6.27451,8.62745,72.4651,14.5098,5.8,-6.73731,1,7,0,0,0,74.5098,0,0,3.072,0,177.8
407,167395.160,24.4526,11.9437,12.1492,37,-1.5625,-1.5625,1028.25,0,23,116.6,8.62,1.56,6.27451,9.01961,72.393,14.5098,5.945,-6.73731,1,7,0,0,0,74.5098,0,0,3.072,0,177.8
408,167395.200,24.41,12.0586,12.1443,37,-2.34375,-1.5625,1038.25,0,23,116.6,8.68,1.58,6.27451,9.01961,72.263,14.5098,6.09,-6.64068,1,7,0,0,0,74.902,0,0,3.072,0,177.8
409,167395.240,24.41,12.2883,12.0664,37,-3.125,-1.5625,1043,0,23,116.6,8.8,1.58,6.27451,9.01961,75.2626,14.5098,6.235,-6.5458,1,7,0,0,0,74.902,0,0,3.072,0,177.8
410,167395.280,24.41,12.4031,12.0664,37,-4.6875,-1.5625,1052.25,0,23,116.6,8.93,1.58,6.27451,9.01961,72.1,14.5098,6.38,-6.5458,1,7,0,0,0,74.902,0,0,3.072,0,177.8
411,167395.320,24.3249,12.4031,12.0567,37,-5.46875,-1.5625,1059.75,0,23.5,116.6,8.87,1.58,6.27451,9.01961,72.0129,14.5098,6.38,-6.64339,1,7,0,0,0,74.902,0,0,3.072,0,179.6
412,167395.360,24.41,12.518,12.0567,36,-4.6875,-1.5625,1072.25,0,23.5,116.6,8.87,1.58,6.27451,9.01961,71.9565,14.5098,6.525,-6.64339,1,7,0,0,0,74.902,0,0,3.328,0,179.6
413,167395.400,24.4526,12.6328,12.1737,36,-4.6875,-1.5625,1077.75,0,23.5,116.6,9.05,1.6,6.27451,9.01961,71.804,14.5098,6.525,-6.6455,1,7,0,0,0,74.902,0,0,3.328,0,179.6
414,167395.440,24.4932,12.6328,12.1639,36,-4.6875,-1.5625,1086,0,23.5,116.6,9.09,1.6,5.88235,9.01961,68.674,14.5098,6.525,-6.74165,1,7,0,0,0,73.7255,0,0,3.328,0,179.6
415,167395.480,24.3249,12.6328,12.1639,36,-4.6875,-1.5625,1105.75,0,23.5,116.6,9.22,1.58,5.88235,9.01961,68.4557,14.5098,6.525,-6.74165,1,7,0,0,0,73.7255,0,0,3.328,0,179.6
416,167395.520,24.3249,12.6328,12.1737,36,-4.6875,-1.5625,1113.75,0,23.5,116.6,9.29,1.6,6.27451,9.01961,71.3875,14.5098,6.525,-6.74286,1,7,0,0,0,73.3333,0,0,3.328,0,179.6
417,167395.560,24.3249,12.6328,12.1885,36,-4.6875,-1.5625,1138.75,0,24,116.6,9.11,1.58,6.27451,9.01961,71.0964,14.5098,6.67,-6.65226,1,7,0,0,1,74.902,0,0,3.328,0,179.6
418,167395.600,24.3249,12.6328,12.1885,36,-5.46875,-1.5625,1151.75,0,24,116.6,9.11,1.58,6.27451,9.01961,73.946,14.5098,6.525,-6.65226,1,7,0,0,0,74.902,0,0,3.328,0,179.6
419,167395.640,24.2843,12.6328,12.2083,36,-5.46875,-1.5625,1173.75,0,24.5,116.6,8.93,1.58,6.27451,9.01961,73.6798,14.5098,6.525,-6.56257,1,7,0,0,1,74.902,0,0,3.328,0,179.6
420,167395.680,24.3675,12.6328,12.2083,36,-5.46875,-1.5625,1193.25,0,24.5,116.6,8.93,1.58,6.27451,9.01961,73.575,14.5098,6.525,-6.56257,1,7,0,0,0,74.902,0,0,3.328,0,179.6
421,167395.720,24.2418,12.6328,12.238,36,-6.25,-1.5625,1199.75,0,24.5,116.6,8.87,1.6,6.27451,9.01961,70.3893,14.5098,6.525,-6.65693,1,7,0,0,0,74.902,0,0,3.328,0,179.6
422,167395.760,24.3675,12.518,12.253,36,-6.25,-1.5625,1227.75,0,24.5,116.6,9.11,1.58,6.27451,9.01961,70.019,14.5098,6.525,-6.66406,1,7,0,0,1,74.902,0,0,3.328,0,179.6
423,167395.800,24.3675,12.4031,12.253,36,-7.8125,-1.5625,1253.25,0,24.5,116.6,9.22,1.6,6.27451,9.01961,69.7868,14.5098,6.525,-6.66406,1,7,0,0,0,74.902,0,0,3.328,0,179.6
424,167395.840,24.3249,12.4031,12.288,36,-8.59375,-1.5625,1273.75,0,25,116.6,9.22,1.6,6.27451,9.01961,69.4108,14.5098,6.525,-6.67895,1,7,0,0,1,74.5098,0,0,3.072,0,179.6
425,167395.880,24.3249,12.2883,12.3182,36,-10.9375,-1.5625,1302,0,25,116.6,9.11,1.6,6.27451,9.01961,71.9455,14.5098,6.38,-6.61065,1,7,0,0,0,74.902,0,0,3.072,0,179.6
426,167395.920,24.41,12.1734,12.3182,36,-12.5,-1.5625,1324.75,0,25,116.6,9.15,1.6,6.27451,9.01961,71.631,14.5098,6.38,-6.61065,1,7,0,0,1,74.902,0,0,3.072,0,179.6
427,167395.960,24.3249,12.1734,12.3536,36,-14.0625,-1.5625,1345.5,0,25,116.6,9.53,1.62,6.66667,9.41177,74.4095,14.5098,6.38,-6.53635,1,7,0,0,1,74.902,0,0,3.072,0,179.6
428,167396.000,24.3249,12.0586,12.3536,36,-14.8438,-1.5625,1350.5,0,25,116.6,9.56,1.62,7.05882,9.80392,77.0406,14.5098,6.38,-6.53635,1,7,0,0,1,74.902,0,0,2.816,0,179.6
429,167396.040,24.8742,12.0586,12.384,36,-16.4063,-1.5625,1362,0,25,116.6,9.7,1.64,7.05882,9.80392,76.8655,14.5098,6.235,-6.45709,1,7,0,0,1,74.902,0,0,2.816,0,179.6
430,167396.080,24.2418,12.0586,12.4045,36,-17.9688,-1.5625,1370.75,0,25,116.6,10.08,1.64,6.66667,9.80392,73.8633,14.5098,6.235,-6.55301,1,7,0,0,1,74.902,0,0,2.816,0,179.6
431,167396.120,24.2843,12.1734,12.4045,36,-19.5313,-1.5625,1380.5,0,25,116.6,9.98,1.64,6.66667,9.80392,73.7206,14.5098,6.235,-6.55301,1,7,0,0,1,74.902,0,0,2.816,0,179.6
432,167396.160,23.7351,12.2883,12.4198,36,-20.3125,-1.5625,1386,0,25,116.6,9.91,1.64,6.27451,9.80392,70.7491,14.5098,6.235,-6.55732,1,7,0,0,1,74.902,0,0,2.816,0,179.6
433,167396.200,23.8202,12.4031,12.4403,36,-20.3125,-1.5625,1397.75,0,25.5,116.6,9.77,1.62,6.27451,9.80392,67.7737,14.5098,6.235,-6.7368,1,7,0,0,1,72.549,0,0,2.816,0,179.6
434,167396.240,23.7776,12.6328,12.4403,36,-21.0938,-1.5625,1410,0,25.5,116.6,9.67,1.62,5.88235,9.41177,64.7527,14.5098,6.235,-6.7368,1,7,0,0,1,72.549,0,0,2.816,0,179.6
435,167396.280,23.7776,12.7477,12.4661,35,-21.0938,-1.5625,1425.5,0,25.5,116.6,9.42,1.6,5.4902,9.01961,58.8812,14.5098,6.235,-6.9148,1,7,0,0,1,66.2745,0,0,2.816,0,179.6
436,167396.320,23.7776,12.9773,12.4661,35,-21.0938,-1.5625,1445.75,0,25.5,116.6,9.46,1.6,4.70588,9.01961,52.9954,14.5098,6.09,-6.9148,1,7,0,0,1,66.2745,0,0,2.56,0,179.6
437,167396.360,23.7351,13.207,12.5179,35,-21.875,-1.5625,1459.5,0,25.5,116.6,9.22,1.56,4.70588,8.62745,50.0372,14.5098,6.09,-7.26796,1,7,0,0,1,53.7255,0,0,2.56,0,179.6
438,167396.400,23.7776,13.3219,12.586,35,-21.875,-1.5625,1472.5,0,25.5,116.6,8.56,1.56,4.70588,8.23529,49.9112,14.5098,5.945,-7.27585,1,7,0,0,1,53.3333,0,0,2.56,0,179.6
439,167396.440,23.8627,13.5516,12.586,35,-21.875,-1.5625,1478,0,26,116.6,8.43,1.56,5.4902,8.23529,58.2758,14.5098,5.655,-7.27585,1,7,0,0,2,53.3333,0,0,2.56,0,179.6
440,167396.480,23.8202,13.6664,12.6547,35,-21.875,-1.5625,1484.75,0,26,116.6,8.31,1.56,5.88235,8.23529,63.8045,14.5098,5.655,-6.9386,1,7,0,0,1,65.4902,0,0,2.56,0,179.6
441,167396.520,23.7351,13.7813,12.6867,35,-21.875,-1.5625,1481.5,0,25.5,116.6,8.25,1.56,5.88235,9.01961,63.8442,14.5098,5.51,-6.85562,1,7,0,0,2,68.6274,0,0,2.56,0,179.6
442,167396.560,23.6094,13.8961,12.6867,35,-21.875,-1.5625,1476.25,0,25.5,116.6,8.68,1.58,5.88235,9.01961,63.9094,14.5098,5.365,-6.85562,1,7,0,0,1,68.6274,0,0,2.304,0,179.6
443,167396.600,23.5243,13.8961,12.7028,35,-21.875,-1.5625,1464.25,0,25.5,116.6,9.05,1.58,5.88235,9.01961,64.0625,14.5098,5.365,-6.93453,1,7,0,0,2,65.4902,0,0,2.304,0,179.6
444,167396.640,23.6945,14.0109,12.7028,35,-21.875,-1.5625,1453.75,0,25.5,116.6,9.05,1.58,6.27451,9.01961,67.0159,14.5098,5.365,-6.93453,1,7,0,0,1,65.4902,0,0,2.304,0,179.6
445,167396.680,23.8202,14.0109,12.6974,35,-21.875,-1.5625,1426.5,0,25.5,116.6,9.17,1.58,6.27451,9.01961,67.3759,14.5098,5.365,-6.76002,1,7,0,0,2,71.7647,0,0,2.304,0,179.6
446,167396.720,23.7776,14.1258,12.6974,35,-21.875,-1.5625,1408.75,0,25.5,116.6,9.22,1.6,6.27451,9.01961,70.4576,14.5098,5.365,-6.65771,1,7,0,0,1,74.902,0,0,2.304,0,179.6
447,167396.760,23.7351,14.2406,12.6974,35,-21.875,-1.5625,1388.5,0,25.5,116.6,9.35,1.6,6.27451,9.01961,70.5992,14.5098,5.365,-6.65771,1,7,0,0,2,74.902,0,0,2.304,0,179.6
448,167396.800,23.6945,14.3555,12.6814,35,-21.875,-1.5625,1373.25,0,25.5,116.6,9.31,1.62,6.27451,9.41177,70.947,14.5098,5.365,-6.56164,1,7,0,0,2,74.902,0,0,2.56,0,179.6
449,167396.840,23.7776,14.3555,12.6814,35,-21.875,-1.5625,1353,0,25.5,116.6,9.6,1.62,6.27451,9.41177,71.227,14.5098,5.51,-6.63314,1,7,0,0,2,74.902,0,0,2.56,0,179.6
450,167396.880,23.6945,14.4703,12.6814,35,-21.875,-1.5625,1344,0,25.5,116.6,9.67,1.64,6.27451,9.41177,68.4651,14.5098,5.51,-6.63314,1,7,0,0,2,74.902,0,0,2.56,0,179.6
451,167396.920,23.7776,14.5852,12.6814,35,-21.0938,-1.5625,1331.75,0,25.5,116.6,9.77,1.64,5.88235,9.41177,65.732,14.5098,5.51,-6.71621,1,7,0,0,1,73.3333,0,0,2.56,0,179.6
452,167396.960,23.8627,14.5852,12.6814,35,-21.0938,-1.5625,1322.75,1.24274,25.5,116.6,9.7,1.62,5.88235,9.41177,65.8009,14.5098,5.51,-6.71621,1,7,0,0,2,73.3333,0,0,2.56,0,179.6
453,167397.000,23.7351,14.7,12.6814,35,-21.0938,-1.5625,1322.25,1.24274,25.5,116.6,9.6,1.6,5.88235,9.01961,65.8485,14.5098,5.655,-6.79562,1,7,0,0,1,70.5882,0,0,2.56,0,179.6
454,167397.040,23.6945,14.8148,12.6441,35,-6.25,-1.5625,1314,1.24274,25,116.6,9.39,1.6,5.88235,9.01961,65.9522,14.5098,5.655,-6.79337,1,7,0,0,2,70.5882,0,0,3.072,0,179.6
455,167397.080,23.8202,14.9297,12.6441,35,-6.25,-1.5625,1318.5,1.24274,25,116.6,9.46,1.62,5.4902,9.01961,62.9921,14.5098,5.655,-6.79337,1,7,0,0,1,70.5882,0,0,3.072,0,179.6
456,167397.120,23.6519,14.9297,12.6335,35,-5.46875,-1.5625,1336,1.24274,25,116.6,9.42,1.6,5.4902,9.01961,60.1053,14.5098,5.655,-6.88155,1,7,0,0,2,67.451,0,0,3.072,0,179.6
457,167397.160,23.7776,14.9297,12.6282,34,-5.46875,-1.5625,1356.5,1.24274,25.5,116.6,9.39,1.6,4.70588,8.62745,51.0173,14.5098,5.655,-7.24279,1,7,0,0,2,54.5098,0,0,3.072,0,179.6
458,167397.200,23.8627,15.0445,12.6282,34,-5.46875,-1.5625,1413.75,1.24274,25.5,116.6,9.17,1.58,3.92157,8.23529,41.9312,14.5098,5.655,-7.24279,1,7,0,0,1,54.5098,0,0,3.072,0,179.6
459,167397.240,23.7776,14.9297,12.6282,34,-5.46875,-1.5625,1476.25,1.24274,25.5,116.6,8.62,1.54,3.52941,7.45098,35.8252,14.5098,5.655,-7.61069,1,7,0,0,2,41.5686,0,0,3.072,0,179.6
460,167397.280,23.7776,14.7,12.6282,34,-5.46875,-1.5625,1533.75,1.24274,26,116.6,7.9,1.5,3.52941,7.05882,35.4437,14.5098,5.655,-7.61069,1,7,0,0,2,41.5686,0,0,2.816,0,179.6
461,167397.320,23.8202,14.2406,12.6814,34,-7.03125,-1.5625,1583.75,1.24274,26,116.6,7.63,1.48,3.52941,7.05882,37.8548,14.5098,5.51,-7.71965,1,7,0,0,3,37.6471,0,0,2.816,0,179.6
462,167397.360,23.6945,13.8961,14.4046,34,-9.375,-1.5625,1653.5,1.24274,26.5,116.6,7.19,1.46,3.52941,7.05882,37.5377,14.5098,5.075,-7.69244,1,7,0,0,4,42.7451,0,0,2.304,0,179.6
463,167397.400,23.7351,13.5516,14.4046,34,-10.9375,-1.5625,1688.25,1.24274,26.5,116.6,7,1.46,3.92157,7.05882,42.4692,14.5098,4.93,-7.69244,1,7,0,0,4,42.7451,0,0,2.304,0,179.6
464,167397.440,23.7351,13.0922,13.5185,34,-13.2813,-1.5625,1717.5,1.24274,26.5,116.6,6.91,1.48,4.70588,7.84314,50.2162,14.5098,4.785,-7.54898,1,7,0,0,5,54.5098,0,0,2.304,0,179.6
465,167397.480,23.7776,12.7477,12.7891,34,-15.625,-1.5625,1745.25,1.24274,27,116.6,7.8,1.52,5.4902,8.23529,55.2564,14.5098,4.64,-7.27276,1,7,0,0,5,64.7059,0,0,2.304,0,179.6
466,167397.520,23.7776,12.4031,12.7891,34,-17.9688,-1.5625,1758.25,0,27,116.6,8,1.54,5.4902,8.62745,55.0823,14.5098,4.64,-7.27276,1,7,0,0,6,64.7059,0,0,2.048,0,179.6
467,167397.560,23.7351,12.2883,12.7674,34,-18.75,-1.5625,1773,0,27,116.6,8.05,1.56,5.4902,8.62745,54.9175,14.5098,4.64,-7.31963,1,7,0,0,6,65.8824,0,0,2.048,0,179.6
468,167397.600,23.7351,12.4031,12.7674,34,-19.5313,-1.5625,1759.75,0,27,116.6,8.37,1.56,5.4902,9.01961,57.6521,14.5098,4.64,-7.31963,1,7,0,0,8,65.8824,0,0,2.048,0,179.6
469,167397.640,23.6945,12.518,12.7404,34,-19.5313,-1.5625,1730.75,0,26.5,116.6,8.37,1.56,6.27451,9.01961,63.3601,14.5098,4.64,-7.11783,1,7,0,0,9,68.6274,0,0,2.048,0,179.6
470,167397.680,23.6945,12.7477,12.7243,34,-19.5313,-1.5625,1696.75,0,26.5,116.6,8.74,1.58,6.27451,9.01961,63.8015,14.5098,4.64,-6.94827,1,7,0,0,10,69.8039,0,0,2.048,0,179.6
471,167397.720,23.8202,13.0922,12.7243,34,-19.5313,-1.5625,1659,0,26,116.6,8.8,1.6,6.27451,9.01961,66.9911,14.5098,4.64,-6.94827,1,7,0,0,11,69.8039,0,0,2.048,0,179.6
472,167397.760,23.7351,13.3219,12.7135,34,-18.75,-1.5625,1595.75,0,25.5,116.6,9.28,1.6,6.27451,9.80392,67.8528,14.5098,4.64,-6.76164,1,8,0,0,11,72.549,0,0,2.048,0,179.6
473,167397.800,23.7351,13.6664,12.6814,34,-17.9688,-1.5625,1531.75,0,25.5,116.6,10.37,1.68,6.66667,10.9804,71.2079,14.5098,4.64,-6.63397,1,8,0,0,12,74.902,0,0,2.304,0,179.6
474,167397.840,23.8202,14.0109,12.6814,34,-17.9688,-1.5625,1490.25,0,25.5,116.6,11.47,1.72,6.66667,11.7647,71.7149,14.5098,4.785,-6.63397,1,8,0,0,11,74.902,0,0,2.304,0,179.6
475,167397.880,23.6519,14.2406,12.4713,34,-6.25,-1.5625,1471.5,0,25.5,116.6,11.72,1.76,7.05882,12.1569,75.1911,14.5098,4.93,-6.5223,1,8,0,0,12,74.902,0,0,2.56,0,179.6
476,167397.920,23.7351,14.5852,12.4713,34,-5.46875,-1.5625,1440,0,25.5,116.6,12.8,1.78,7.05882,12.9412,78.4935,14.5098,5.365,-6.5223,1,8,0,0,11,74.902,0,0,3.072,0,179.6
477,167397.960,24.41,14.8148,11.5171,34,-5.46875,-1.5625,1420.5,0,26,116.6,13.87,1.82,7.05882,12.9412,78.799,14.5098,5.8,-6.404,1,8,0,0,11,74.902,0,0,3.328,0,179.6
478,167398.000,24.41,15.1594,11.6014,34,-3.90625,-1.5625,1443.75,0,25.5,116.6,14.65,1.84,7.05882,13.3333,78.4327,14.5098,6.235,-6.41617,1,8,0,0,11,74.902,0,0,3.584,0,179.6
479,167398.040,24.3675,15.5039,11.6014,34,-3.125,-1.5625,1482.75,0,25.5,116.6,15.08,1.84,7.05882,13.3333,77.8227,14.5098,6.525,-6.41617,1,8,0,0,11,74.902,0,0,3.584,0,179.6
480,167398.080,24.41,15.7336,11.8479,33,-1.5625,-1.5625,1530.5,1.24274,25,116.6,14.91,1.84,7.05882,13.3333,77.0783,14.5098,6.815,-6.4434,1,8,0,0,10,74.902,0,0,3.84,0,179.6
481,167398.120,24.3675,15.7336,12.1492,33,0,-1.5625,1578.25,1.24274,24.5,116.6,15.08,1.84,7.05882,13.3333,73.5843,14.5098,6.96,-6.56255,1,8,0,0,10,74.902,0,0,3.84,0,179.6
482,167398.160,24.2418,15.2742,12.1492,33,-1.5625,-1.5625,1645.75,1.24274,24,116.6,14.91,1.84,7.05882,12.9412,72.8386,14.5098,7.105,-6.56255,1,8,0,0,10,74.902,0,0,3.84,0,179.6
483,167398.200,24.1141,14.7,12.1492,33,-3.125,-1.5625,1694,1.24274,24,116.6,14.39,1.82,7.05882,12.9412,71.8618,14.5098,7.105,-6.66059,1,8,0,0,11,74.902,0,0,3.84,0,179.6
484,167398.240,24.3675,14.1258,12.1492,33,-4.6875,-1.5625,1736.5,1.24274,24,116.6,14.4,1.82,7.05882,12.9412,71.233,14.5098,6.96,-6.66059,1,8,0,0,11,74.902,0,0,3.84,0,179.6
485,167398.280,24.2418,13.6664,12.1737,33,-4.6875,-1.5625,1777.75,1.24274,24.5,116.6,14.4,1.8,7.05882,12.549,70.6231,14.5098,6.96,-6.73029,1,8,0,0,11,74.902,0,0,3.584,0,179.6
486,167398.320,24.3675,13.3219,12.2182,33,-5.46875,-1.5625,1838.25,1.24274,25,116.6,13.78,1.8,6.66667,12.549,67.1331,14.5098,6.96,-6.91763,1,8,0,0,13,73.7255,0,0,3.584,0,179.6
487,167398.360,24.3249,12.8625,12.2182,33,-6.25,-1.5625,1868.5,1.24274,25.5,116.6,13.69,1.8,6.66667,12.549,66.7003,14.5098,6.815,-6.91763,1,8,0,0,13,73.7255,0,0,3.584,0,179.6
488,167398.400,24.2418,12.518,12.268,33,-8.59375,-1.5625,1905.5,1.24274,26,116.6,13.51,1.78,6.66667,12.549,66.1735,14.5098,6.815,-7.00202,1,8,0,0,14,73.7255,0,0,3.328,0,179.6
489,167398.440,24.1141,12.2883,12.3384,33,-11.7188,-1.5625,1952,1.24274,26,116.6,13.69,1.8,6.27451,12.549,63.2728,14.5098,6.67,-7.1735,1,8,0,0,16,73.7255,0,0,3.328,0,179.6
490,167398.480,24.3675,12.2883,12.3384,33,-12.5,-1.5625,1973.75,1.24274,26.5,116.6,12.98,1.78,6.27451,12.1569,62.6904,14.5098,6.525,-7.1735,1,8,0,0,16,73.7255,0,0,3.072,0,179.6
491,167398.520,24.3249,12.2883,12.4249,33,-14.0625,-1.5625,1994.5,1.24274,27,116.6,12.98,1.78,6.27451,12.1569,62.4262,14.5098,6.38,-7.25471,1,8,0,0,17,74.902,0,0,3.072,0,179.6
492,167398.560,24.1567,12.2883,12.4249,33,-15.625,-1.5625,2004,1.24274,27,116.6,12.89,1.78,6.27451,12.1569,62.2479,14.5098,6.235,-7.25471,1,8,0,0,17,74.902,0,0,2.816,0,179.6
493,167398.600,24.41,12.4031,12.492,33,-16.4063,-1.5625,2018.5,1.24274,27.5,116.6,13.25,1.78,6.27451,12.1569,61.9515,14.5098,6.09,-7.28496,1,8,0,0,17,74.902,0,0,2.816,0,179.6
494,167398.640,24.41,12.6328,12.5492,33,-17.1875,-1.5625,2015,1.86411,27.5,116.6,13.16,1.78,6.27451,12.1569,62.0227,14.5098,5.945,-7.29138,1,8,0,0,18,74.902,0,0,2.816,0,179.6
495,167398.680,24.2843,12.7477,12.5492,33,-17.9688,-1.5625,2026,1.86411,27.5,116.6,13.33,1.78,6.27451,12.1569,59.4746,14.5098,5.945,-7.29138,1,8,0,0,18,74.902,0,0,2.816,0,179.6
496,167398.720,24.3249,12.9773,12.586,33,-17.9688,-1.5625,2022.25,1.86411,27.5,116.6,12.89,1.76,5.4902,11.7647,54.4528,14.5098,5.8,-7.49255,1,8,0,0,18,74.902,0,0,2.816,0,179.6
497,167398.760,24.41,13.207,12.6335,33,-18.75,-1.5625,2000.25,1.86411,28,116.6,12.18,1.74,5.4902,11.7647,52.3405,14.5098,5.8,-7.67346,1,8,0,0,18,74.902,0,0,2.56,0,179.6
498,167398.800,24.6208,13.5516,12.6335,33,-17.9688,-1.5625,1989.25,1.86411,28,116.6,11.78,1.72,4.70588,10.9804,47.446,14.5098,5.655,-7.67346,1,8,0,0,18,74.902,0,0,2.56,0,179.6
499,167398.840,24.2843,13.7813,12.6707,33,-17.9688,-1.5625,1973.75,1.86411,28,116.6,11.5,1.7,4.31373,10.9804,42.5897,14.5098,5.655,-7.92917,1,8,0,0,18,73.3333,0,0,2.56,0,179.6
500,167398.880,24.3675,13.8961,12.6707,33,-17.9688,-1.5625,1941.75,1.86411,28,116.6,11.17,1.68,3.52941,10.1961,32.655,14.5098,5.51,-7.92917,1,8,0,0,18,73.3333,0,0,2.56,0,179.6
501,167398.920,24.2843,14.0109,12.7081,33,-17.9688,-1.5625,1914.5,1.86411,28,116.6,10.19,1.62,2.7451,9.01961,27.8313,14.5098,5.365,-8.45868,1,8,0,0,17,68.6274,0,0,2.56,0,179.6
502,167398.960,24.2843,14.1258,12.735,33,-17.9688,-1.5625,1889.5,1.86411,28,116.6,9.42,1.6,2.7451,9.01961,27.9649,14.5098,5.22,-8.46772,1,8,0,0,17,63.5294,0,0,2.304,0,179.6
503,167399.000,24.41,14.1258,12.735,33,-17.9688,-1.5625,1866.25,1.86411,27.5,116.6,9.31,1.6,2.7451,9.01961,28.089,14.5098,5.075,-8.46772,1,8,0,0,17,63.5294,0,0,2.304,0,179.6
504,167399.040,24.3675,14.2406,12.7566,33,-17.9688,-1.5625,1822.75,1.86411,27.5,116.6,9.17,1.58,2.7451,9.01961,28.3216,14.5098,4.93,-8.36541,1,8,0,0,17,57.6471,0,0,2.304,0,179.6
505,167399.080,24.3249,14.2406,12.7566,33,-18.75,-1.5625,1797.75,1.86411,27,116.6,9.28,1.6,2.7451,9.01961,28.4542,14.5098,4.93,-8.27295,1,8,0,0,17,52.549,0,0,2.304,0,179.6
506,167399.120,24.3675,14.1258,12.7566,33,-18.75,-1.5625,1754.75,1.86411,27,116.6,9.11,1.6,3.13725,9.01961,31.2706,14.5098,4.785,-8.27295,1,8,0,0,16,52.549,0,0,2.304,0,179.6
507,167399.160,24.3675,14.1258,12.7404,33,-18.75,-1.5625,1730.25,1.86411,26.5,116.6,9.15,1.6,3.52941,9.41177,36.7829,14.5098,4.785,-7.97472,1,8,0,0,15,49.4118,0,0,2.304,0,179.6
508,167399.200,24.2843,14.1258,12.7404,33,-19.5313,-1.5625,1698.75,1.86411,26.5,116.6,9.39,1.62,3.52941,9.80392,37.0053,14.5098,4.785,-7.97472,1,8,0,0,15,49.4118,0,0,2.304,0,179.6
509,167399.240,24.3675,14.2406,12.7243,33,-19.5313,-1.5625,1681.75,1.86411,26.5,116.6,9.67,1.64,3.52941,9.80392,37.1265,14.5098,4.785,-7.81978,1,8,0,0,14,48.2353,0,0,2.304,0,179.6
510,167399.280,24.3675,14.2406,12.7081,33,-19.5313,-1.5625,1641.25,1.86411,26,116.6,9.81,1.64,3.52941,9.80392,34.5691,14.5098,4.93,-7.84001,1,8,0,0,14,43.1373,0,0,2.304,0,179.6
511,167399.320,24.2843,14.3555,12.7081,33,-19.5313,-1.5625,1620.25,1.86411,26,116.6,9.91,1.64,3.13725,9.80392,32.0382,14.5098,4.93,-7.84001,1,8,0,0,14,43.1373,0,0,2.304,0,179.6
512,167399.360,24.2418,14.3555,12.6814,32,-18.75,-1.5625,1609.75,1.86411,26,116.6,9.98,1.64,3.13725,9.80392,32.183,14.5098,4.93,-7.84722,1,8,0,0,14,36.4706,0,0,2.304,0,179.6
513,167399.400,24.41,14.4703,12.6814,32,-18.75,-1.5625,1602.5,1.86411,26,116.6,9.88,1.64,3.13725,9.80392,32.2257,14.5098,4.93,-7.81448,1,8,0,0,13,34.902,0,0,2.304,0,179.6
514,167399.440,24.3249,14.5852,12.6814,32,-18.75,-1.5625,1593.25,1.86411,26,116.6,9.81,1.62,3.52941,9.80392,37.7546,14.5098,4.93,-7.81448,1,8,0,0,13,34.902,0,0,2.304,0,179.6
515,167399.480,24.3249,14.8148,12.6814,32,-17.9688,-1.5625,1589.5,1.86411,26,116.6,9.67,1.62,3.92157,9.80392,43.2613,14.5098,4.93,-7.56192,1,8,0,0,12,43.5294,0,0,2.304,0,179.6
516,167399.520,24.41,14.9297,12.6814,32,-17.1875,-1.5625,1589.75,1.86411,26,116.6,9.67,1.62,4.70588,9.80392,48.736,14.5098,4.93,-7.56192,1,8,0,0,12,43.5294,0,0,2.56,0,179.6
517,167399.560,24.3675,15.0445,12.6814,32,-7.03125,-1.5625,1580,1.86411,26,116.6,10.01,1.66,5.09804,10.5882,54.2543,14.5098,5.075,-7.3141,1,8,0,0,12,52.1569,0,0,2.56,0,179.6
518,167399.600,24.2843,15.1594,12.6814,32,-6.25,-1.5625,1564.25,1.86411,26,116.6,11.12,1.7,5.4902,11.3725,59.9624,14.5098,5.075,-6.97385,1,8,0,0,12,64.3137,0,0,2.816,0,179.6
519,167399.640,24.3675,15.2742,12.6814,32,-6.25,-1.5625,1570.25,1.86411,26,116.6,11.65,1.74,5.88235,11.7647,62.8031,14.5098,5.22,-6.97385,1,8,0,0,12,64.3137,0,0,2.816,0,179.6
520,167399.680,24.1992,15.2742,12.4868,32,-5.46875,-1.5625,1584,1.86411,26,116.6,11.94,1.74,5.88235,11.7647,62.5048,14.5098,5.51,-6.89201,1,8,0,0,11,67.0588,0,0,3.072,0,179.6
521,167399.720,24.1992,15.2742,12.3739,32,-5.46875,-1.5625,1603.25,1.86411,26.5,116.6,11.9,1.74,5.88235,11.7647,62.2617,14.5098,5.655,-6.90747,1,8,0,0,12,66.6667,0,0,3.072,0,179.6
522,167399.760,24.3249,15.2742,12.3739,32,-4.6875,-1.5625,1613.5,1.86411,26.5,116.6,11.99,1.74,6.27451,11.7647,64.8559,14.5098,5.8,-6.90747,1,8,0,0,11,66.6667,0,0,3.072,0,179.6
523,167399.800,24.3249,15.1594,12.4713,32,-4.6875,-1.5625,1620.75,1.86411,26,116.6,12.02,1.74,6.27451,11.7647,67.4831,14.5098,5.8,-6.83723,1,8,0,0,12,69.8039,0,0,3.072,0,179.6
524,167399.840,24.2843,14.9297,12.4713,32,-5.46875,-1.5625,1622.25,1.86411,26,116.6,12.18,1.76,6.27451,12.1569,67.4607,14.5098,5.945,-6.83723,1,8,0,0,11,69.8039,0,0,3.072,0,179.6
525,167399.880,24.3675,14.5852,12.4455,32,-6.25,-1.5625,1618,1.86411,26,116.6,12.98,1.78,6.66667,12.1569,70.1548,14.5098,6.09,-6.6776,1,8,0,0,12,74.902,0,0,3.072,0,179.6
526,167399.920,24.3249,14.2406,12.4249,32,-6.25,-1.5625,1615,2.48548,26,116.6,13.42,1.8,6.66667,12.1569,70.1833,14.5098,6.09,-6.68177,1,8,0,0,11,74.902,0,0,3.328,0,179.6
527,167399.960,24.1992,14.0109,12.4249,32,-6.25,-1.5625,1611,2.48548,25.5,116.6,13.07,1.78,6.66667,12.1569,70.3394,14.5098,6.235,-6.68177,1,8,0,0,12,74.902,0,0,3.328,0,179.6
528,167400.000,24.41,13.8961,12.3942,32,-6.25,-1.5625,1606.25,2.48548,25.5,116.6,13.25,1.78,6.27451,12.1569,67.6785,14.5098,6.38,-6.67063,1,8,0,0,12,74.902,0,0,3.328,0,179.6
529,167400.040,24.41,13.6664,12.384,32,-6.25,-1.5625,1602.5,2.48548,25.5,116.6,13.16,1.78,6.27451,12.1569,67.7285,14.5098,6.38,-6.74161,1,8,0,0,12,72.549,0,0,3.328,0,179.6
530,167400.080,24.41,13.5516,12.384,32,-6.25,-1.5625,1597.5,2.48548,25.5,116.6,13.33,1.78,6.27451,11.7647,67.7982,14.5098,6.38,-6.74161,1,8,0,0,12,72.549,0,0,3.328,0,179.6
531,167400.120,24.41,13.4367,12.3789,32,-6.25,-1.5625,1595.25,2.48548,25.5,116.6,12.89,1.76,6.27451,11.7647,67.8255,14.5098,6.525,-6.74076,1,8,0,0,13,72.549,0,0,3.328,0,179.6
532,167400.160,24.4526,13.3219,12.3789,32,-6.25,-1.5625,1595,2.48548,25.5,116.6,12.62,1.78,6.27451,11.7647,67.8764,14.5098,6.525,-6.74076,1,8,0,0,13,72.549,0,0,3.328,0,179.6
533,167400.200,24.3675,13.207,12.3891,32,-6.25,-1.5625,1591,2.48548,25.5,116.6,12.45,1.76,6.27451,11.7647,67.9128,14.5098,6.525,-6.7366,1,8,0,0,13,72.549,0,0,3.328,0,179.6
534,167400.240,24.2418,13.0922,12.4045,32,-7.03125,-1.5625,1585.75,2.48548,25.5,116.6,12.27,1.76,6.27451,11.7647,67.9564,14.5098,6.525,-6.73139,1,8,0,0,13,72.9412,0,0,3.328,0,179.6
535,167400.280,24.2418,12.9773,12.4045,32,-7.8125,-1.5625,1582,2.48548,25.5,116.6,12.36,1.76,6.27451,11.7647,68.0092,14.5098,6.525,-6.73139,1,8,0,0,13,72.9412,0,0,3.328,0,179.6
536,167400.320,24.41,12.8625,12.4147,32,-9.375,-1.5625,1576.5,2.48548,25.5,116.6,12.02,1.76,6.27451,11.7647,68.0845,14.5098,6.525,-6.73138,1,8,0,0,13,72.9412,0,0,3.328,0,179.6
537,167400.360,24.3675,12.8625,12.4301,32,-10.9375,-1.5625,1571.5,2.48548,25.5,116.6,12.09,1.76,6.27451,11.7647,68.1524,14.5098,6.525,-6.72713,1,8,0,0,12,72.9412,0,0,3.328,0,179.6
538,167400.400,24.4526,12.7477,12.4301,32,-11.7188,-1.5625,1569.25,2.48548,25.5,116.6,12.45,1.76,6.27451,11.7647,68.1836,14.5098,6.525,-6.72713,1,8,0,0,13,72.9412,0,0,3.328,0,179.6
539,167400.440,24.3675,12.7477,12.4352,32,-13.2813,-1.5625,1568.5,2.48548,25.5,116.6,12.45,1.76,6.27451,11.7647,68.1916,14.5098,6.525,-6.72442,1,8,0,0,12,73.3333,0,0,3.328,0,179.6
540,167400.480,24.3675,12.7477,12.4352,32,-14.0625,-1.5625,1579.5,3.10686,25.5,116.6,12.18,1.76,6.27451,11.7647,68.0397,14.5098,6.525,-6.72442,1,8,0,0,13,73.3333,0,0,3.072,0,179.6
541,167400.520,24.3249,12.7477,12.4403,32,-14.8438,-1.5625,1595,3.10686,25.5,116.6,12.36,1.74,6.27451,11.7647,65.0882,14.5098,6.525,-6.81436,1,8,0,0,12,69.8039,0,0,3.072,0,179.6
542,167400.560,24.3249,12.8625,12.4506,32,-16.4063,-1.5625,1610,3.10686,25.5,116.6,11.9,1.74,6.27451,11.7647,67.6484,14.5098,6.525,-6.74851,1,8,0,0,13,72.549,0,0,3.072,0,179.6
543,167400.600,24.2418,12.9773,12.4506,32,-16.4063,-1.5625,1619.25,3.10686,25.5,116.6,12.36,1.76,6.27451,11.7647,64.7697,14.5098,6.525,-6.74851,1,8,0,0,12,72.549,0,0,3.072,0,179.6
544,167400.640,24.3675,13.207,12.4609,32,-17.1875,-1.5625,1633.5,3.10686,25.5,116.6,12.36,1.76,6.27451,11.7647,67.296,14.5098,6.525,-6.77171,1,8,0,0,13,72.549,0,0,3.072,0,179.6
545,167400.680,24.3675,13.3219,12.4816,32,-17.1875,-1.5625,1644.75,3.10686,25.5,116.6,12.27,1.76,6.27451,11.7647,67.1444,14.5098,6.525,-6.79372,1,8,0,0,12,72.1569,0,0,3.072,0,179.6
546,167400.720,24.3249,13.5516,12.4816,32,-17.1875,-1.5625,1661.5,3.10686,25.5,116.6,12.53,1.76,6.27451,11.7647,64.2193,14.5098,6.525,-6.79372,1,8,0,0,13,72.1569,0,0,3.072,0,179.6
547,167400.760,24.1992,13.6664,12.492,31,-17.1875,-1.5625,1693.5,3.10686,26,116.6,12.53,1.76,5.88235,11.7647,61.2918,14.5098,6.525,-7.00882,1,8,0,0,13,67.451,0,0,3.072,0,179.6
548,167400.800,24.3675,13.8961,12.492,31,-17.1875,-1.5625,1710.5,3.10686,26,116.6,12.53,1.76,5.4902,11.7647,58.2424,14.5098,6.38,-7.00882,1,8,0,0,13,67.451,0,0,3.072,0,179.6
549,167400.840,24.3675,14.0109,12.5023,31,-17.1875,-1.5625,1725,3.10686,26,116.6,12.36,1.74,5.4902,11.3725,55.411,14.5098,6.38,-7.13994,1,8,0,0,14,65.8824,0,0,3.072,0,179.6
550,167400.880,24.3249,14.1258,12.5231,31,-17.1875,-1.5625,1734.25,3.10686,26,116.6,11.78,1.72,5.09804,10.9804,52.6522,14.5098,6.38,-7.35154,1,8,0,0,13,62.7451,0,0,2.816,0,179.6
551,167400.920,24.41,14.2406,12.5231,31,-17.1875,-1.5625,1741.75,3.10686,26.5,116.6,11.35,1.68,5.09804,10.9804,52.5709,14.5098,6.38,-7.35154,1,8,0,0,14,62.7451,0,0,2.816,0,179.6
552,167400.960,24.3675,14.3555,12.5597,31,-17.1875,-1.5625,1746.75,3.10686,26.5,116.6,11.23,1.7,5.09804,10.9804,52.5184,14.5098,6.235,-7.37225,1,8,0,0,14,63.5294,0,0,2.816,0,179.6
553,167401.000,24.3675,14.3555,12.5965,31,-17.1875,-1.5625,1745.5,3.10686,26.5,116.6,11.38,1.7,5.09804,10.9804,52.5297,14.5098,6.235,-7.36895,1,8,0,0,14,63.1373,0,0,2.816,0,179.6
554,167401.040,24.3675,14.4703,12.5965,31,-17.1875,-1.5625,1749,3.10686,27,116.6,11.35,1.7,5.09804,10.9804,52.4923,14.5098,6.09,-7.36895,1,8,0,0,15,63.1373,0,0,2.816,0,179.6
555,167401.080,24.2843,14.3555,12.6388,31,-17.1875,-1.5625,1742,3.10686,27,116.6,11.32,1.7,5.4902,10.9804,55.2171,14.5098,5.945,-7.27302,1,8,0,0,14,64.7059,0,0,2.816,0,179.6
556,167401.120,24.3249,14.3555,12.6388,31,-17.1875,-1.5625,1739.75,3.72823,27,116.6,11.38,1.72,5.4902,10.9804,55.2412,14.5098,5.945,-7.27302,1,8,0,0,15,64.7059,0,0,2.816,0,179.6
557,167401.160,25.1682,14.3555,12.6814,31,-17.1875,-1.5625,1727.25,3.72823,27,116.6,11.62,1.72,5.4902,10.9804,55.3243,14.5098,5.945,-7.26265,1,8,0,0,14,64.7059,0,0,2.816,0,179.6
558,167401.200,24.3249,14.3555,12.6814,31,-17.9688,-1.5625,1717.5,3.72823,27,116.6,11.59,1.72,5.4902,11.3725,55.4895,14.5098,5.945,-7.25113,1,8,0,0,15,64.3137,0,0,2.816,0,179.6
559,167401.240,24.3249,14.3555,12.6814,31,-17.9688,-1.5625,1709,3.72823,27,116.6,11.56,1.72,5.4902,11.3725,58.2538,14.5098,5.945,-7.25113,1,8,0,0,15,64.3137,0,0,2.816,0,179.6
560,167401.280,24.1992,14.4703,12.6814,31,-17.9688,-1.5625,1696.75,3.72823,26.5,116.6,11.59,1.72,5.4902,11.3725,58.4123,14.5098,5.945,-7.13483,1,8,0,0,15,65.8824,0,0,2.816,0,179.6
561,167401.320,24.3675,14.4703,12.7891,31,-17.9688,-1.5625,1688.5,3.72823,26.5,116.6,11.75,1.74,5.4902,11.3725,58.4951,14.5098,5.945,-7.10938,1,8,0,0,15,65.4902,0,0,2.816,0,179.6
562,167401.360,24.2843,14.4703,12.7891,31,-17.1875,-1.5625,1677.75,3.72823,26.5,116.6,11.78,1.74,5.4902,11.3725,58.6218,14.5098,5.945,-7.10938,1,8,0,0,14,65.4902,0,0,2.816,0,179.6
563,167401.400,24.3249,14.5852,12.7891,31,-17.1875,-1.5625,1670.5,3.72823,26.5,116.6,11.78,1.74,5.88235,11.3725,61.3987,14.5098,5.945,-7.08124,1,8,0,0,15,65.098,0,0,2.816,0,179.6
564,167401.440,24.3675,14.5852,12.7891,31,-17.1875,-1.5625,1653.5,3.72823,26.5,116.6,11.81,1.74,6.27451,11.7647,66.9043,14.5098,5.945,-7.08124,1,8,0,0,14,65.098,0,0,2.816,0,179.6
565,167401.480,24.1992,14.7,12.7891,31,-16.4063,-1.5625,1633.5,3.72823,26,116.6,12.36,1.76,6.27451,11.7647,67.0642,14.5098,5.945,-6.8054,1,8,0,0,14,72.1569,0,0,2.816,0,179.6
566,167401.520,24.3249,14.8148,12.762,31,-16.4063,-1.5625,1622.75,3.72823,26,116.6,12.53,1.78,6.27451,12.1569,64.7121,14.5098,5.945,-6.86466,1,8,0,0,14,69.8039,0,0,2.816,0,179.6
567,167401.560,24.41,14.9297,12.762,31,-15.625,-1.5625,1612.5,3.72823,26,116.6,12.98,1.78,6.27451,12.1569,64.8437,14.5098,6.09,-6.86466,1,8,0,0,14,69.8039,0,0,2.816,0,179.6
568,167401.600,24.41,15.0445,12.7404,31,-15.625,-1.5625,1603.75,3.72823,26,116.6,12.89,1.78,5.88235,11.7647,62.2271,14.5098,6.09,-6.83791,1,8,0,0,14,69.8039,0,0,3.072,0,179.6
569,167401.640,24.3675,15.0445,12.7243,31,-14.8438,-1.5625,1607.25,3.72823,25.5,116.6,12.62,1.76,5.4902,11.3725,59.4546,14.5098,6.09,-6.99725,1,8,0,0,14,63.9216,0,0,3.072,0,179.6
570,167401.680,24.41,15.1594,12.7243,31,-7.03125,-1.5625,1605,3.72823,25.5,116.6,12.09,1.74,5.09804,10.9804,54.019,14.5098,6.235,-6.99725,1,8,0,0,13,63.9216,0,0,3.328,0,179.6
571,167401.720,24.4526,15.1594,12.7189,31,-6.25,-1.5625,1611.5,3.72823,25.5,116.6,11.69,1.72,5.09804,10.9804,54.0137,14.5098,6.235,-7.16157,1,8,0,0,13,58.0392,0,0,3.328,0,179.6
572,167401.760,24.3249,15.1594,12.7189,31,-6.25,-1.5625,1614.5,3.72823,25.5,116.6,11.5,1.72,4.70588,10.9804,51.2556,14.5098,6.235,-7.16157,1,8,0,0,14,58.0392,0,0,3.328,0,179.6
573,167401.800,24.4526,15.0445,12.7296,31,-6.25,-1.5625,1614.75,3.72823,25.5,116.6,11.47,1.72,4.70588,10.5882,48.4643,14.5098,6.09,-7.2568,1,8,0,0,13,55.6863,0,0,3.072,0,179.6
574,167401.840,24.5783,14.8148,12.7404,31,-6.25,-1.5625,1612,3.72823,26,116.6,11.32,1.7,4.31373,10.5882,45.7634,14.5098,6.09,-7.41905,1,8,0,0,14,49.8039,0,0,3.072,0,179.6
575,167401.880,24.41,14.4703,12.7404,31,-7.8125,-1.5625,1608.5,3.72823,26,116.6,11.1,1.68,4.31373,10.1961,45.7947,14.5098,6.09,-7.41905,1,8,0,0,13,49.8039,0,0,3.072,0,179.6
576,167401.920,24.5783,14.1258,12.7566,31,-8.59375,-1.5625,1602.25,3.72823,26,116.6,10.93,1.68,4.31373,10.1961,45.8502,14.5098,6.09,-7.40199,1,8,0,0,14,49.4118,0,0,3.072,0,179.6
577,167401.960,24.5783,13.8961,12.7946,31,-9.375,-1.5625,1591.5,3.72823,26,116.6,10.96,1.68,3.92157,10.1961,43.2076,14.5098,6.09,-7.48043,1,8,0,0,13,46.2745,0,0,3.072,0,179.6
578,167402.000,24.5783,13.5516,12.7946,31,-11.7188,-1.5625,1573.5,3.72823,26,116.6,10.78,1.66,2.7451,9.80392,29.5674,14.5098,5.945,-7.48043,1,8,0,0,14,46.2745,0,0,3.072,0,179.6
579,167402.040,24.4526,13.207,12.7946,31,-13.2813,-1.5625,1560.5,3.72823,26,116.6,9.87,1.62,1.96078,9.01961,18.624,14.5098,5.945,-8.05606,1,8,0,0,13,25.8824,0,0,2.816,0,179.6
580,167402.080,24.2843,12.9773,12.7946,31,-14.8438,-1.5625,1546.75,3.72823,26,116.6,9.39,1.58,0,7.84314,0,14.5098,5.8,-8.05606,1,8,0,0,14,25.8824,0,0,2.816,0,179.6
581,167402.120,24.1567,12.8625,12.8109,31,-15.625,-1.5625,1531.5,3.72823,25.5,116.6,8.35,1.54,0,7.45098,0,14.5098,5.655,-8.78383,1,8,0,0,13,0,0,0,2.56,0,179.6
582,167402.160,24.3675,12.7477,13.7531,31,-16.4063,-1.5625,1517.75,3.72823,28.5,116.6,7.79,1.48,0,6.27451,0,14.5098,5.365,-8.78391,1,8,0,0,10,0,0,0,2.304,0,179.6
583,167402.200,24.2843,12.7477,13.7531,31,-17.1875,-1.5625,1502.75,3.72823,27.5,116.6,6.81,1.46,0,6.27451,0,14.5098,5.22,-8.78391,1,8,0,0,5,0,0,0,2.304,0,179.6
584,167402.240,24.4526,12.7477,13.9831,31,-17.9688,-1.5625,1496.25,3.72823,26.5,116.6,6.29,1.44,0,6.27451,0,14.5098,5.075,-8.78392,1,8,0,0,3,0,0,0,2.304,0,179.6
585,167402.280,24.2843,12.7477,12.9098,31,-17.9688,-1.5625,1496.5,3.72823,25,116.6,6.11,1.42,0,6.27451,0,14.5098,4.93,-8.784,1,8,0,0,2,0,0,0,2.304,0,179.6
586,167402.320,24.3675,12.7477,12.9098,31,-18.75,-1.5625,1503.25,3.10686,24,116.6,6.03,1.42,0,6.27451,0,14.5098,4.785,-8.784,1,8,0,0,1,0,0,0,2.304,0,179.6
587,167402.360,24.2418,12.8625,13.0215,31,-18.75,-1.5625,1506.75,3.10686,23,116.6,6.14,1.44,0,6.66667,0,14.5098,4.64,-8.78395,1,8,0,0,1,0,0,0,2.048,0,179.6
588,167402.400,24.2843,12.8625,13.0215,31,-18.75,-1.5625,1506.5,3.10686,22,116.6,6.25,1.44,0,7.05882,0,14.5098,4.64,-8.78395,1,8,0,0,1,0,0,0,2.048,0,179.6
589,167402.440,24.41,12.9773,13.0102,31,-19.5313,-1.5625,1495.25,3.10686,21,116.6,6.54,1.46,0,7.05882,0,14.5098,4.495,-8.7839,1,8,0,0,1,0,0,0,2.048,0,179.6
590,167402.480,24.2418,13.0922,12.999,31,-19.5313,-1.5625,1478.75,3.10686,20,116.6,6.63,1.46,0,6.66667,0,14.5098,4.495,-8.78391,1,8,0,0,1,0,0,0,2.048,0,179.6
591,167402.520,24.3249,13.207,12.999,31,-19.5313,-1.5625,1462,3.10686,18.5,116.6,6.54,1.44,0,6.27451,0,14.5098,4.495,-8.78391,1,8,0,0,1,0,0,0,2.048,0,179.6
592,167402.560,24.3249,13.3219,12.9821,31,-20.3125,-1.5625,1429.75,3.10686,17.5,116.6,6.11,1.42,0,5.88235,0,14.5098,4.495,-8.78399,1,8,0,0,1,0,0,0,2.048,0,179.6
593,167402.600,24.1141,13.4367,12.9766,31,-20.3125,-1.5625,1409,3.10686,17,116.6,5.85,1.4,0,5.4902,0,14.5098,4.35,-8.78406,1,8,0,0,0,0,0,0,2.048,0,179.6
594,167402.640,24.2418,13.6664,12.9766,31,-20.3125,-1.5625,1408,3.10686,16.5,116.6,5.7,1.4,0,5.4902,0,14.5098,4.35,-8.78406,1,8,0,0,0,0,0,0,2.048,0,179.6
595,167402.680,24.3249,13.8961,12.971,31,-19.5313,-1.5625,1389.25,3.10686,16.5,116.6,5.54,1.38,0,5.09804,0,14.5098,4.35,-8.78413,1,8,0,0,0,0,0,0,2.048,0,179.6
596,167402.720,23.7351,14.0109,12.971,31,-19.5313,-1.5625,1367.25,3.10686,16.5,116.6,5.44,1.36,0,5.09804,0,14.5098,4.205,-8.78413,1,8,0,0,0,0,0,0,2.048,0,179.6
597,167402.760,23.7776,14.1258,12.971,31,-19.5313,-1.5625,1338.5,3.10686,16.5,116.6,5.25,1.34,0,5.09804,0,14.5098,4.205,-8.78421,1,8,0,0,0,0,0,0,1.792,0,179.6
598,167402.800,23.8202,14.2406,12.971,31,-19.5313,-1.5625,1314.75,2.48548,16.5,116.6,4.97,1.32,0,4.70588,0,14.5098,4.06,-8.78428,1,8,0,0,0,0,0,0,1.792,0,179.6
599,167402.840,23.9033,14.3555,12.971,31,-18.75,-1.5625,1297.25,2.48548,16.5,116.6,4.77,1.32,0,4.70588,0,14.5098,4.06,-8.78428,1,8,0,0,0,0,0,0,2.048,0,179.6
600,167402.880,23.8202,14.4703,12.9766,31,-18.75,.78125,1268.5,2.48548,16.5,116.6,4.4,1.3,0,4.31373,0,14.5098,3.915,-8.78429,1,8,0,0,0,0,0,0,1.792,0,179.6
601,167402.920,23.7351,14.5852,12.9654,31,-18.75,.78125,1244.25,2.48548,16.5,116.6,4.36,1.3,0,4.31373,0,14.5098,3.915,-8.7843,1,8,0,0,0,0,0,0,1.792,0,179.6
602,167402.960,23.8627,14.7,12.9654,31,-18.75,.78125,1238.75,2.48548,16.5,116.6,4.29,1.3,0,4.31373,0,14.5098,3.915,-8.7843,1,8,0,0,0,0,0,0,1.792,0,179.6
603,167403.000,23.8202,14.7,12.9598,31,-18.75,.78125,1208.5,2.48548,16.5,116.6,4.21,1.3,0,5.4902,0,14.5098,3.915,-8.78425,1,8,0,0,0,0,0,0,1.792,0,179.6
604,167403.040,23.9033,14.7,12.9598,31,-17.9688,.78125,1172.25,2.48548,16.5,116.6,5.07,1.36,0,6.66667,0,14.5098,3.915,-8.78425,1,8,0,0,0,0,0,0,1.792,0,179.6
605,167403.080,24.031,14.7,12.932,31,-17.9688,.78125,1146.5,2.48548,16.5,116.6,5.58,1.42,0,6.66667,0,14.5098,3.915,-8.80977,1,8,0,0,0,0,0,0,1.792,0,179.6
606,167403.120,24.2418,14.7,12.8987,31,-17.9688,.78125,1135.75,2.48548,16.5,116.6,5.96,1.44,0,6.66667,0,14.5098,3.915,-8.8433,1,8,0,0,0,0,0,0,2.048,0,179.6
607,167403.160,10.17,14.7,12.8987,31,-17.9688,.78125,1094.75,2.48548,16.5,116.6,6.46,1.44,0,6.66667,0,14.5098,4.06,-8.8433,1,8,0,0,0,0,0,0,2.048,0,179.6
608,167403.200,10.17,14.7,12.8437,30,-17.9688,.78125,1077.25,1.86411,16.5,116.6,6.29,1.44,8.62745,7.45098,96.4323,14.5098,4.06,-8.25337,1,8,0,0,0,21.5686,0,0,2.048,0,179.6
609,167403.240,10.17,14.5852,12.4764,30,-17.9688,.78125,1060.5,1.86411,13,116.6,7.72,1.66,20.3922,14.5098,155.764,14.5098,4.35,-.992636,1,8,0,0,0,74.902,0,0,2.048,0,179.6
610,167403.280,10.17,14.5852,12.4764,30,-7.03125,.78125,1056.25,1.86411,13.5,118.4,13.92,2.22,27.0588,24.3137,169.372,14.5098,5.945,-.992636,1,8,0,0,0,74.902,0,0,3.328,0,179.6
611,167403.320,14.8039,14.5852,8.83121,30,-4.6875,.78125,1089.25,1.86411,14.5,118.4,33.99,2.34,20.3922,25.098,155.247,14.5098,10.44,-.10965,1,8,0,0,1,74.902,0,0,4.864,0,181.4
612,167403.360,14.6356,14.4703,8.83121,30,-4.6875,.78125,1161,1.86411,-7.5,118.4,34.41,2.14,4.31373,18.4314,46.9241,14.5098,11.6,-.10965,1,8,0,0,1,74.902,0,0,5.632,0,181.4
613,167403.400,14.3397,14.2406,9.64305,30,-4.6875,.78125,1332.75,1.86411,10.5,118.4,19.88,1.78,0,9.01961,0,14.5098,11.6,-8.36242,1,8,0,0,0,14.902,0,0,5.376,0,181.4
614,167403.440,13.7924,13.7813,13.3211,30,-4.6875,.78125,1480.5,1.86411,10.5,118.4,10.61,1.56,0,6.66667,0,14.5098,9.86,-8.78463,1,8,0,0,0,0,0,0,4.608,0,181.4
615,167403.480,12.9085,13.3219,13.3211,30,-4.6875,2.34375,1638.5,1.86411,2.5,118.4,7.53,1.44,0,5.4902,0,14.5098,8.555,-8.78463,1,8,0,0,0,0,0,0,4.096,0,181.4
616,167403.520,12.6977,12.9773,15.0603,30,-6.25,2.34375,1757.75,1.86411,2.5,118.4,5.48,1.36,1.17647,5.09804,10.2953,14.5098,7.25,-9.0391,1,8,0,0,0,0,0,0,3.328,0,181.4
617,167403.560,12.1485,12.6328,16.3885,30,-7.8125,2.34375,1764,1.86411,5,118.4,5.32,1.38,7.84314,7.05882,78.7984,14.5098,6.525,-6.4934,1,8,0,0,0,74.902,0,0,2.816,0,181.4
618,167403.600,11.812,12.2883,16.3885,30,-4.6875,2.34375,1745.5,1.86411,15.5,118.4,6.84,1.54,9.80392,10.9804,97.9735,14.5098,6.38,-6.4934,1,8,0,0,0,74.902,0,0,3.072,0,181.4
619,167403.640,11.3904,11.9437,14.4253,30,-4.6875,2.34375,1645,1.86411,17.5,118.4,10.66,1.7,9.80392,12.1569,98.6266,14.5098,6.235,-5.82525,1,8,0,0,2,74.902,0,0,3.072,0,181.4
620,167403.680,11.1389,11.5992,14.4253,30,-5.46875,.78125,1513.25,1.86411,18.5,118.4,12.71,1.8,10.1961,12.9412,105.107,14.5098,6.235,-5.82525,1,8,0,0,3,74.902,0,0,3.072,0,181.4
621,167403.720,11.0964,11.2547,12.7243,30,-8.59375,.78125,1492.75,1.86411,19.5,118.4,14.99,1.84,10.9804,13.7255,112.114,14.5098,6.525,-5.29679,1,8,0,0,4,74.902,0,0,3.072,0,181.4
622,167403.760,11.0538,11.1398,12.1737,30,-11.7188,.78125,1490.5,1.24274,20,118.4,17.14,1.9,11.7647,14.902,116.451,14.5098,6.96,-4.35939,1,8,0,0,5,74.902,0,0,3.328,0,181.4
623,167403.800,10.8856,11.1398,12.1737,30,-14.8438,.78125,1503.5,1.24274,20,118.4,18.26,1.94,11.7647,15.6863,116.446,14.5098,7.395,-4.35939,1,8,0,0,6,74.902,0,0,3.584,0,181.4
624,167403.840,10.7173,11.1398,11.6824,30,-17.9688,.78125,1528.5,1.24274,19.5,118.4,18.93,1.96,10.9804,15.6863,112.043,14.5098,7.83,-4.36002,1,8,0,0,7,74.902,0,0,3.584,0,181.4
625,167403.880,10.7173,11.1398,11.8619,30,-21.0938,-1.5625,1560.25,1.24274,19,118.4,18.85,1.94,10.5882,14.902,107.488,14.5098,8.265,-5.12695,1,8,0,0,8,74.902,0,0,3.584,0,181.4
626,167403.920,11.1795,11.1398,11.8619,30,-24.2188,-1.5625,1592.5,0,19,118.4,17.29,1.88,10.1961,14.1176,102.685,14.5098,8.265,-5.12695,1,8,0,0,9,74.902,0,0,3.584,0,181.4
627,167403.960,12.1485,11.4844,12.3232,30,-6.25,-1.5625,1616.75,0,19.5,118.4,16.68,1.88,10.1961,14.1176,104.651,14.5098,8.265,-5.56137,1,8,0,0,10,74.902,0,0,4.096,0,181.4
628,167404.000,12.9917,11.8289,12.3232,30,-5.46875,-1.5625,1630.5,0,19.5,118.4,16.6,1.88,10.1961,14.1176,102.135,14.5098,8.265,-5.56137,1,8,0,0,11,74.902,0,0,4.352,0,181.4
629,167404.040,13.5816,12.0586,12.3688,30,-5.46875,-1.5625,1636.75,0,19.5,118.4,16.52,1.88,10.1961,14.1176,104.329,14.5098,8.12,-5.58545,1,8,0,0,12,74.902,0,0,4.096,0,181.4
630,167404.080,13.9606,12.518,12.4249,30,-4.6875,-1.5625,1631,0,19.5,118.4,16.68,1.88,10.1961,14.1176,102.125,14.5098,8.12,-5.58638,1,8,0,0,12,74.902,0,0,4.096,0,181.4
631,167404.120,13.9181,12.8625,12.4249,30,-5.46875,-1.5625,1597.75,0,19.5,118.4,16.52,1.88,10.1961,14.1176,102.49,14.5098,8.12,-5.58638,1,8,0,0,13,74.902,0,0,4.096,0,181.4
632,167404.160,13.4984,13.207,12.4609,30,-5.46875,-1.5625,1561,0,19,118.4,16.6,1.88,10.5882,14.1176,107.364,14.5098,8.12,-5.34618,1,8,0,0,14,74.902,0,0,4.096,0,181.4
633,167404.200,13.0768,13.0922,12.4868,30,-6.25,-1.5625,1513,0,19,118.4,16.75,1.88,10.9804,14.5098,112.003,14.5098,8.12,-4.7406,1,8,0,0,14,74.902,0,0,4.096,0,181.4
634,167404.240,12.7809,12.8625,12.4868,30,-6.25,-1.5625,1466.5,0,18.5,118.4,17.29,1.92,11.7647,14.902,118.603,14.5098,8.12,-4.7406,1,8,0,0,14,74.902,0,0,4.352,0,181.4
635,167404.280,12.5275,12.7477,12.4764,30,-7.03125,-1.5625,1416,0,17.5,118.4,18.34,1.94,12.549,16.0784,124.852,14.5098,8.41,-3.81938,1,8,0,0,13,74.902,0,0,4.352,0,181.4
636,167404.320,12.4018,12.6328,12.4764,30,-7.03125,-1.5625,1388.25,0,17,118.4,19.07,1.98,12.549,16.4706,124.659,14.5098,8.555,-3.81938,1,8,0,0,13,74.902,0,0,4.608,0,181.4
637,167404.360,12.5701,12.518,11.7922,30,-6.25,-1.5625,1356.25,0,16,118.4,19.89,2,12.1569,16.8627,122.528,14.5098,9.135,-3.66111,1,8,0,0,13,74.902,0,0,4.864,0,181.4
638,167404.400,12.3593,12.518,11.6463,30,-6.25,-1.5625,1335.75,0,15.5,118.4,20.47,2,12.549,17.2549,124.438,14.5098,9.57,-3.67041,1,8,0,0,12,74.902,0,0,5.12,0,181.4
639,167404.440,12.4444,12.6328,11.6463,30,-6.25,-1.5625,1333.5,0,14.5,118.4,20.65,2.02,12.1569,17.2549,120.49,14.5098,10.005,-3.67041,1,8,0,0,12,74.902,0,0,5.12,0,181.4
640,167404.480,12.6977,12.7477,11.8386,30,-5.46875,-1.5625,1331.25,0,14,118.4,20.05,2,12.1569,16.8627,120.493,14.5098,10.295,-4.01399,1,8,0,0,10,74.902,0,0,5.12,0,181.4
641,167404.520,12.9085,12.8625,12.0326,30,-5.46875,-1.5625,1344,0,13.5,118.4,19.82,1.98,12.1569,16.4706,120.507,14.5098,10.44,-4.01256,1,8,0,0,10,74.902,0,0,5.376,0,181.4
642,167404.560,12.6977,12.8625,12.0326,30,-5.46875,-1.5625,1359,1.24274,13.5,118.4,19.15,1.96,12.1569,16.4706,120.533,14.5098,10.585,-4.01256,1,8,0,0,9,74.902,0,0,5.376,0,181.4
643,167404.600,12.8234,12.8625,12.2132,30,-5.46875,-1.5625,1369.25,1.24274,13.5,118.4,18.48,1.94,11.7647,16.4706,118.538,14.5098,10.585,-4.01082,1,8,0,0,9,74.902,0,0,5.376,0,181.4
644,167404.640,12.7384,12.7477,12.2132,30,-5.46875,-1.5625,1382.5,1.24274,13.5,118.4,18.63,1.94,11.7647,16.4706,118.545,14.5098,10.585,-4.01082,1,8,0,0,8,74.902,0,0,5.376,0,181.4
645,167404.680,12.4444,12.6328,12.248,30,-5.46875,-1.5625,1391.75,1.24274,13.5,118.4,18.56,1.94,11.7647,16.4706,118.544,14.5098,10.585,-4.18077,1,8,0,0,9,74.902,0,0,5.376,0,181.4
646,167404.720,12.3593,12.518,12.283,30,-6.25,-1.5625,1405,1.86411,13.5,118.4,18.34,1.94,11.7647,16.4706,116.506,14.5098,10.585,-4.35523,1,8,0,0,8,74.902,0,0,5.376,0,181.4
647,167404.760,12.3187,12.4031,12.283,30,-6.25,-1.5625,1400.75,1.86411,13.5,118.4,18.56,1.94,12.1569,16.4706,120.604,14.5098,10.585,-4.35523,1,8,0,0,8,74.902,0,0,5.376,0,181.4
648,167404.800,12.2761,12.2883,12.3232,30,-6.25,-1.5625,1421.5,2.48548,14,118.4,18.56,1.94,11.7647,16.4706,116.488,14.5098,10.44,-4.17917,1,8,0,0,9,74.902,0,0,5.12,0,181.4
649,167404.840,12.1485,12.1734,12.3637,30,-6.25,-1.5625,1429.25,2.48548,14,118.4,18.7,1.94,11.7647,16.4706,118.568,14.5098,10.44,-4.17879,1,8,0,0,9,74.902,0,0,5.12,0,181.4
650,167404.880,12.6977,12.1734,12.3637,30,-9.375,-1.5625,1442.75,2.48548,14,118.4,18.7,1.96,11.7647,16.4706,116.473,14.5098,10.44,-4.17879,1,8,0,0,9,74.902,0,0,5.12,0,181.4
651,167404.920,12.5701,12.1734,12.4045,30,-11.7188,-1.5625,1447,2.48548,14,118.4,18.85,1.94,11.7647,16.0784,116.469,14.5098,10.44,-4.5398,1,8,0,0,9,74.902,0,0,4.864,0,181.4
652,167404.960,12.4444,12.0586,12.4045,31,-14.0625,-1.5625,1462.5,3.10686,14.5,118.4,18.78,1.94,11.7647,16.0784,118.584,14.5098,10.295,-4.5398,1,8,0,0,10,74.902,0,0,4.864,0,181.4
653,167405.000,12.5701,12.0586,12.4506,31,-16.4063,-1.5625,1476.25,3.10686,14.5,118.4,18.78,1.96,10.9804,16.0784,110.022,14.5098,10.295,-4.35949,1,8,0,0,10,74.902,0,0,4.608,0,181.4
654,167405.040,12.5275,12.1734,12.4971,31,-17.9688,-1.5625,1491.25,3.10686,14.5,118.4,18.56,1.92,11.7647,15.2941,116.438,14.5098,10.15,-4.36121,1,8,0,0,10,74.902,0,0,4.608,0,181.4
655,167405.080,12.4869,12.2883,12.4971,31,-19.5313,-1.5625,1502,3.10686,15,118.4,17.75,1.92,10.1961,15.2941,105.563,14.5098,10.15,-4.36121,1,8,0,0,10,74.902,0,0,4.352,0,181.4
656,167405.120,12.6552,12.518,12.5754,31,-20.3125,-1.5625,1501.25,3.10686,15,118.4,17.97,1.92,11.3725,15.2941,114.258,14.5098,10.005,-5.10939,1,8,0,0,11,74.902,0,0,4.352,0,181.4
657,167405.160,12.7809,12.6328,12.6441,31,-21.0938,-1.5625,1498.25,3.10686,15.5,118.4,17.59,1.9,10.9804,15.2941,109.925,14.5098,9.86,-4.919,1,8,0,0,11,74.902,0,0,4.096,0,181.4
658,167405.200,12.8234,12.8625,12.6441,31,-21.875,-1.5625,1480,3.72823,15.5,118.4,17.37,1.9,11.3725,14.902,114.297,14.5098,9.715,-4.919,1,8,0,0,12,74.902,0,0,4.096,0,181.4
659,167405.240,13.1174,13.0922,12.7081,31,-22.6563,-1.5625,1457,3.72823,15.5,118.4,17.14,1.9,10.9804,15.2941,112.221,14.5098,9.57,-4.36043,1,8,0,0,11,74.902,0,0,4.096,0,181.4
660,167405.280,13.4559,13.3219,12.7081,31,-23.4375,-1.5625,1421.75,3.72823,15.5,118.4,17.37,1.9,10.5882,14.902,108.177,14.5098,9.57,-4.36043,1,8,0,0,12,74.902,0,0,4.096,0,181.4
661,167405.320,13.6241,13.5516,12.7404,31,-23.4375,-1.5625,1381.75,3.72823,15.5,118.4,17.14,1.9,11.3725,14.902,114.438,14.5098,9.57,-4.71311,1,8,0,0,12,74.902,0,0,3.84,0,181.4
662,167405.360,13.8775,13.7813,12.7566,31,-23.4375,-1.5625,1328,4.3496,15,118.4,17.14,1.9,10.1961,14.902,104.452,14.5098,9.57,-5.38773,1,8,0,0,12,74.902,0,0,3.84,0,181.4
663,167405.400,13.9181,13.8961,12.7566,31,-23.4375,-1.5625,1312.5,4.3496,15,118.4,16.68,1.86,11.7647,14.5098,116.555,14.5098,9.57,-5.38773,1,8,0,0,11,74.902,0,0,3.84,0,181.4
664,167405.440,14.1714,14.1258,12.8766,31,-23.4375,-1.5625,1234.5,4.97097,15,118.4,16.37,1.88,9.41177,14.5098,101.81,14.5098,9.57,-4.50928,1,8,0,0,11,74.902,0,0,3.84,0,181.4
665,167405.480,14.2972,14.2406,12.8711,31,-23.4375,-1.5625,1203.75,4.97097,14.5,118.4,16.45,1.86,10.5882,14.1176,109.377,14.5098,9.715,-4.96604,1,8,0,0,11,74.902,0,0,3.84,0,181.4
666,167405.520,14.5931,14.3555,12.8711,31,-22.6563,-1.5625,1161,5.59234,14,118.4,15.83,1.88,11.7647,14.5098,116.308,14.5098,9.715,-4.96604,1,8,0,0,10,74.902,0,0,4.096,0,181.4
667,167405.560,14.508,14.4703,12.8547,31,-22.6563,-1.5625,1103.25,5.59234,13.5,118.4,15.98,1.88,9.01961,14.5098,99.3884,14.5098,9.86,-5.25821,1,8,0,0,10,74.902,0,0,4.096,0,181.4
668,167405.600,14.8464,14.5852,12.8547,31,-22.6563,-1.5625,1067,5.59234,12.5,118.4,15.98,1.84,11.7647,13.7255,115.532,14.5098,10.005,-5.25821,1,8,0,0,8,74.902,0,0,4.096,0,181.4
669,167405.640,14.9721,14.7,12.7296,31,-22.6563,-1.5625,1077.5,5.59234,12.5,118.4,15.25,1.84,12.1569,14.902,120.42,14.5098,10.15,-4.30353,1,8,0,0,8,74.902,0,0,4.096,0,181.4
670,167405.680,15.2255,14.8148,12.5807,31,-21.875,-1.5625,1075.75,5.59234,12,118.4,15.65,1.88,11.7647,15.2941,117.201,14.5098,10.295,-4.15159,1,8,0,0,8,74.902,0,0,4.096,0,181.4
671,167405.720,15.1404,14.9297,12.5807,31,-21.0938,-1.5625,1070.75,5.59234,12,118.4,16.52,1.88,11.3725,15.2941,113.972,14.5098,10.44,-4.15159,1,8,0,0,6,74.902,0,0,4.352,0,181.4
672,167405.760,15.3512,15.1594,12.5023,31,-7.03125,-1.5625,1073.25,6.21371,11.5,118.4,15.81,1.84,11.3725,14.5098,113.873,14.5098,10.73,-4.71506,1,8,0,0,5,74.902,0,0,4.352,0,181.4
673,167405.800,15.3937,15.1594,12.5388,31,-6.25,-1.5625,1083.25,6.21371,11.5,118.4,15.42,1.84,11.7647,14.5098,117.274,14.5098,10.875,-4.28995,1,8,0,0,5,74.902,0,0,5.12,0,181.4
674,167405.840,15.6471,15.3891,12.5388,31,-5.46875,-1.5625,1141,6.21371,12,118.4,15.25,1.84,11.7647,14.902,117.584,14.5098,10.875,-4.28995,1,8,0,0,3,74.902,0,0,5.12,0,181.4
675,167405.880,15.8153,15.3891,12.6867,31,-4.6875,-1.5625,1193.5,6.21371,12.5,118.4,15.67,1.86,11.7647,15.2941,118.369,14.5098,10.875,-4.24083,1,8,0,0,3,74.902,0,0,5.12,0,181.4
676,167405.920,16.1519,15.5039,12.6867,31,-3.90625,-1.5625,1260.25,6.21371,13,118.4,15.98,1.88,11.7647,15.2941,118.466,14.5098,10.875,-4.24083,1,8,0,0,2,74.902,0,0,5.12,0,181.4
677,167405.960,16.237,15.2742,12.7135,31,-3.90625,-1.5625,1281.5,6.21371,13,118.4,16.68,1.88,11.7647,15.2941,116.58,14.5098,10.875,-4.18802,1,8,0,0,3,74.902,0,0,5.12,0,181.4
678,167406.000,15.6045,14.8148,12.7512,31,-4.6875,-1.5625,1270,6.83508,13,118.4,16.45,1.88,11.3725,15.2941,114.685,14.5098,10.73,-4.51179,1,8,0,0,3,74.902,0,0,5.12,0,181.4
679,167406.040,14.9296,14.3555,12.7512,31,-7.03125,-1.5625,1251.25,6.83508,13,118.4,16.6,1.88,10.9804,14.5098,112.85,14.5098,10.73,-4.51179,1,8,0,0,3,74.902,0,0,4.864,0,181.4
680,167406.080,14.0032,13.8961,12.7728,31,-9.375,-1.5625,1257.25,6.83508,13.5,118.4,15.98,1.86,10.9804,14.5098,112.83,14.5098,10.73,-4.66888,1,8,0,0,4,74.902,0,0,4.864,0,181.4
681,167406.120,13.7073,13.4367,12.8218,31,-10.1563,-1.5625,1280.75,6.83508,13.5,118.4,15.58,1.86,11.3725,14.5098,114.663,14.5098,10.585,-4.51363,1,8,0,0,4,74.902,0,0,4.608,0,181.4
682,167406.160,13.2451,13.0922,12.8218,31,-12.5,-1.5625,1331.5,7.45645,14,118.4,15.83,1.86,11.7647,14.902,116.534,14.5098,10.585,-4.51363,1,8,0,0,6,74.902,0,0,4.608,0,181.4
683,167406.200,13.0343,12.8625,12.8766,31,-14.8438,-1.5625,1391,7.45645,14.5,118.4,16.29,1.88,11.7647,15.2941,116.493,14.5098,10.44,-4.35482,1,8,0,0,6,74.902,0,0,4.352,0,181.4
684,167406.240,12.5701,12.7477,12.8766,31,-16.4063,-1.5625,1441.75,7.45645,15,118.4,16.91,1.9,11.7647,15.2941,116.458,14.5098,10.295,-4.35482,1,8,0,0,7,74.902,0,0,4.352,0,181.4
685,167406.280,12.5275,12.7477,12.9375,31,-17.9688,-1.5625,1465.5,7.45645,15.5,118.4,17.6,1.92,11.3725,15.2941,114.312,14.5098,10.15,-4.36005,1,8,0,0,7,74.902,0,0,4.352,0,181.4
686,167406.320,12.6552,12.7477,12.9877,31,-19.5313,-1.5625,1478.25,8.07783,15.5,118.4,17.97,1.92,10.9804,15.2941,112.143,14.5098,10.005,-4.54398,1,8,0,0,9,74.902,0,0,4.096,0,181.4
687,167406.360,12.7384,12.9773,12.9877,31,-19.5313,-1.5625,1468.75,8.07783,15.5,118.4,17.82,1.9,10.9804,15.2941,110.053,14.5098,10.005,-4.54398,1,8,0,0,9,74.902,0,0,4.096,0,181.4
688,167406.400,13.0768,13.0922,13.0327,31,-20.3125,-1.5625,1472.75,8.07783,15.5,118.4,17.44,1.9,10.1961,14.902,105.823,14.5098,9.86,-5.0924,1,8,0,0,10,74.902,0,0,4.096,0,181.4
689,167406.440,13.3282,13.4367,13.0667,31,-20.3125,-1.5625,1499.75,8.07783,16,118.4,16.75,1.88,10.1961,14.5098,105.722,14.5098,9.715,-5.27945,1,8,0,0,10,74.902,0,0,4.096,0,181.4
690,167406.480,13.7498,13.7813,13.0667,31,-19.5313,-1.5625,1539.75,8.07783,16.5,118.4,16.45,1.88,10.1961,14.5098,105.487,14.5098,9.57,-5.27945,1,8,0,0,10,74.902,0,0,3.84,0,181.4
691,167406.520,13.8775,14.0109,13.7406,31,-19.5313,-1.5625,1580.75,8.07783,17,118.4,16.6,1.88,10.1961,14.5098,105.017,14.5098,9.425,-5.32265,1,8,0,0,10,74.902,0,0,3.84,0,181.4
692,167406.560,14.214,14.1258,13.7406,31,-19.5313,-1.5625,1619,8.6992,17.5,118.4,16.91,1.88,9.80392,14.5098,99.9936,14.5098,9.28,-5.32265,1,8,0,0,11,74.902,0,0,3.84,0,181.4
693,167406.600,14.3397,14.3555,13.7594,31,-19.5313,-1.5625,1639,8.6992,17.5,118.4,17.45,1.9,9.41177,14.5098,97.3717,14.5098,8.99,-5.76955,1,8,0,0,11,74.902,0,0,3.84,0,181.4
694,167406.640,14.4248,14.4703,13.4041,31,-19.5313,-1.5625,1648.5,8.6992,18,118.4,17.22,1.9,9.41177,14.5098,97.215,14.5098,8.99,-5.85674,1,8,0,0,12,74.902,0,0,3.84,0,181.4
695,167406.680,14.6782,14.5852,13.4041,31,-18.75,-1.5625,1637.75,8.6992,18,118.4,17.22,1.9,9.41177,14.5098,97.2564,14.5098,8.845,-5.85674,1,8,0,0,12,74.902,0,0,3.84,0,181.4
696,167406.720,14.6356,14.7,13.428,31,-18.75,-1.5625,1650.25,8.6992,18.5,118.4,16.91,1.88,9.41177,14.5098,94.8738,14.5098,8.7,-5.85064,1,8,0,0,13,74.902,0,0,3.584,0,181.4
697,167406.760,14.8039,14.8148,13.434,31,-17.9688,-1.5625,1664.25,8.6992,18.5,118.4,16.75,1.88,9.41177,14.1176,94.6517,14.5098,8.7,-5.93915,1,8,0,0,13,74.902,0,0,3.584,0,181.4
698,167406.800,15.0978,14.9297,13.434,31,-17.1875,-1.5625,1688.25,9.32057,19,118.4,16.91,1.88,9.01961,14.1176,91.9518,14.5098,8.555,-5.93915,1,8,0,0,13,74.902,0,0,3.584,0,181.4
699,167406.840,15.0572,14.9297,13.452,31,-17.1875,-1.5625,1738.25,9.32057,19.5,118.4,16.45,1.86,8.62745,13.7255,89.1488,14.5098,8.41,-6.12429,1,8,0,0,14,74.902,0,0,3.584,0,181.4
700,167406.880,15.0978,14.9297,13.452,31,-17.1875,-1.5625,1754.25,9.32057,20,118.4,16.21,1.86,9.01961,13.7255,90.8497,14.5098,8.265,-6.12429,1,8,0,0,14,74.902,0,0,3.584,0,181.4
701,167406.920,15.1404,14.9297,13.458,31,-16.4063,-1.5625,1770.75,9.32057,20,118.4,16.29,1.86,8.62745,13.7255,88.2549,14.5098,8.12,-6.1588,1,8,0,0,14,74.902,0,0,3.584,0,181.4
702,167406.960,15.0147,14.9297,13.464,31,-16.4063,-1.5625,1774.5,9.32057,21,118.4,16.29,1.86,8.62745,13.7255,88.0391,14.5098,7.975,-6.18433,1,8,0,0,14,74.902,0,0,3.328,0,181.4
703,167407.000,15.0147,14.9297,13.464,31,-16.4063,-1.5625,1782,9.32057,21,118.4,16.29,1.88,8.62745,13.7255,88.0658,14.5098,7.975,-6.18433,1,8,0,0,15,74.902,0,0,3.328,0,181.4
704,167407.040,14.9721,14.9297,13.458,31,-16.4063,-1.5625,1794.75,9.94194,21.5,118.4,16.52,1.88,8.62745,13.7255,85.5299,14.5098,7.83,-6.19658,1,8,0,0,15,74.902,0,0,3.328,0,181.4
705,167407.080,14.9296,14.8148,13.452,31,-16.4063,-1.5625,1827.75,9.94194,22,118.4,16.52,1.86,8.62745,13.7255,85.2624,14.5098,7.83,-6.29683,1,8,0,0,15,74.902,0,0,3.328,0,181.4
706,167407.120,14.8039,14.8148,13.452,31,-16.4063,-1.5625,1841.25,9.94194,22.5,118.4,16.29,1.88,8.62745,13.7255,84.7413,14.5098,7.685,-6.29683,1,8,0,0,16,74.902,0,0,3.328,0,181.4
707,167407.160,14.887,14.8148,13.446,31,-15.625,-1.5625,1848.25,9.94194,22.5,118.4,16.29,1.88,8.62745,13.7255,84.5289,14.5098,7.685,-6.3245,1,8,0,0,16,74.902,0,0,3.328,0,181.4
708,167407.200,15.3937,14.8148,13.446,31,-15.625,-1.5625,1859.25,9.94194,23,118.4,16.6,1.88,8.62745,13.7255,84.4324,14.5098,7.685,-6.3245,1,8,0,0,17,74.902,0,0,3.328,0,181.4
709,167407.240,15.4363,14.8148,13.44,31,-15.625,-1.5625,1889.75,9.94194,23,118.4,16.52,1.88,8.62745,13.7255,84.1715,14.5098,7.54,-6.3387,1,8,0,0,17,74.902,0,0,3.328,0,181.4
710,167407.280,15.4363,14.8148,13.434,31,-14.8438,-1.5625,1900,9.94194,23.5,118.4,16.6,1.88,8.23529,13.7255,81.4078,14.5098,7.54,-6.45923,1,8,0,0,17,74.902,0,0,3.328,0,181.4
711,167407.320,15.4769,14.8148,13.434,31,-14.8438,-1.5625,1901.75,9.94194,23.5,118.4,16.45,1.88,7.84314,13.7255,78.8822,14.5098,7.395,-6.45923,1,8,0,0,17,74.902,0,0,3.328,0,181.4
712,167407.360,15.3086,14.8148,13.434,31,-14.8438,-1.5625,1915.75,9.94194,24,118.4,16.14,1.86,7.84314,13.3333,78.7748,14.5098,7.395,-6.5669,1,8,0,0,17,74.902,0,0,3.328,0,181.4
713,167407.400,15.3937,14.8148,13.434,31,-14.8438,-1.5625,1943.25,9.94194,24.5,118.4,15.67,1.84,7.84314,13.3333,78.3037,14.5098,7.25,-6.60763,1,8,0,0,17,74.902,0,0,3.072,0,181.4
714,167407.440,15.3086,14.8148,13.434,31,-14.8438,-1.5625,1944.75,10.5633,25,118.4,15.51,1.84,7.84314,13.3333,75.6387,14.5098,7.105,-6.60763,1,8,0,0,18,74.902,0,0,3.072,0,181.4
715,167407.480,15.3937,14.7,13.5611,31,-14.8438,-1.5625,1953.5,10.5633,25,118.4,15.75,1.84,7.84314,13.3333,75.5997,14.5098,7.105,-6.62651,1,8,0,0,18,74.902,0,0,3.072,0,181.4
716,167407.520,15.268,14.7,13.5611,31,-14.8438,-1.5625,1975.5,10.5633,25.5,118.4,15.75,1.86,7.84314,13.3333,75.4715,14.5098,6.96,-6.62651,1,8,0,0,18,74.902,0,0,3.072,0,181.4
717,167407.560,15.0572,14.7,13.5611,31,-14.8438,-1.5625,1982.5,10.5633,25.5,118.4,15.83,1.86,7.84314,13.3333,75.1173,14.5098,6.96,-6.74593,1,8,0,0,18,74.902,0,0,3.072,0,181.4
718,167407.600,15.1829,14.5852,13.5611,31,-14.8438,-1.5625,1990,10.5633,25.5,118.4,15.83,1.86,7.84314,13.3333,74.9935,14.5098,6.815,-6.77195,1,8,0,0,18,74.902,0,0,3.072,0,181.4
719,167407.640,15.0978,14.5852,13.5611,31,-14.8438,-1.5625,2016.75,10.5633,25.5,118.4,15.68,1.86,7.84314,13.3333,74.7595,14.5098,6.815,-6.77195,1,8,0,0,18,74.902,0,0,3.072,0,181.4
720,167407.680,14.9296,14.5852,13.555,31,-14.8438,-1.5625,2024.75,10.5633,26,118.4,15.75,1.86,7.84314,13.3333,74.188,14.5098,6.815,-6.79442,1,8,0,0,19,74.902,0,0,3.072,0,181.4
721,167407.720,15.0572,14.5852,13.5489,31,-14.8438,-1.5625,2028,10.5633,26,118.4,15.91,1.86,7.45098,13.3333,71.6372,14.5098,6.67,-6.90493,1,8,0,0,19,74.902,0,0,3.072,0,181.4
722,167407.760,15.0147,14.5852,13.5489,31,-14.0625,-1.5625,2048,11.1847,26,118.4,15.91,1.86,7.45098,13.3333,71.5158,14.5098,6.67,-6.90493,1,8,0,0,19,74.902,0,0,3.072,0,181.4
723,167407.800,15.0978,14.7,13.5428,31,-14.0625,-1.5625,2046.75,11.1847,26,118.4,15.83,1.86,7.45098,13.3333,71.024,14.5098,6.525,-6.91788,1,8,0,0,19,74.902,0,0,3.072,0,181.4
724,167407.840,14.9721,14.7,13.5428,31,-14.0625,-1.5625,2052.25,11.1847,26,118.4,15.51,1.84,7.05882,13.3333,68.5915,14.5098,6.525,-6.91788,1,8,0,0,19,74.902,0,0,3.072,0,181.4
725,167407.880,15.0572,14.7,13.5428,31,-14.0625,-1.5625,2077,11.1847,26.5,118.4,15.51,1.84,7.05882,12.9412,65.5873,14.5098,6.525,-7.02689,1,8,0,0,19,74.902,0,0,2.816,0,181.4
726,167407.920,15.1829,14.7,13.5367,31,-14.0625,-1.5625,2077.75,11.1847,26.5,118.4,15.25,1.84,7.05882,12.9412,65.3813,14.5098,6.38,-7.15537,1,8,0,0,19,74.902,0,0,2.816,0,181.4
727,167407.960,15.1829,14.7,13.5367,31,-14.0625,-1.5625,2100,11.1847,26.5,118.4,14.82,1.82,7.05882,12.9412,65.3676,14.5098,6.235,-7.15537,1,8,0,0,19,74.902,0,0,2.816,0,181.4
728,167408.000,15.1404,14.5852,13.5489,31,-14.0625,-1.5625,2108.75,11.1847,27,118.4,14.65,1.82,6.27451,12.549,60.1005,14.5098,6.235,-7.26377,1,8,0,0,19,74.902,0,0,2.816,0,181.4
729,167408.040,14.9721,14.5852,13.5489,31,-14.0625,-1.5625,2112,11.1847,27,118.4,14.4,1.78,5.88235,12.1569,55.2795,14.5098,6.235,-7.55971,1,8,0,0,19,74.902,0,0,2.816,0,181.4
730,167408.080,15.0978,14.5852,13.5489,31,-14.0625,-1.5625,2129.5,11.1847,27.5,118.4,12.98,1.76,5.4902,11.7647,50.2334,14.5098,6.09,-7.55971,1,8,0,0,19,74.902,0,0,2.816,0,181.4
731,167408.120,14.9296,14.4703,13.555,31,-14.0625,-1.5625,2121,11.1847,28,118.4,12.71,1.76,4.70588,11.7647,45.6335,14.5098,5.945,-7.85109,1,8,0,0,19,74.902,0,0,2.56,0,181.4
732,167408.160,14.887,14.4703,13.555,31,-14.0625,-1.5625,2132,11.1847,28,118.4,12.11,1.74,3.92157,10.9804,38.5276,14.5098,5.8,-7.85109,1,8,0,0,19,74.902,0,0,2.56,0,181.4
733,167408.200,14.9721,14.4703,13.5733,31,-14.8438,-1.5625,2123.25,11.1847,28,118.4,11.35,1.7,3.92157,10.5882,36.0441,14.5098,5.655,-8.23523,1,8,0,0,19,74.902,0,0,2.56,0,181.4
734,167408.240,14.9296,14.4703,13.604,31,-14.8438,-1.5625,2126.5,11.8061,28,118.4,11.17,1.68,3.92157,10.5882,36.1019,14.5098,5.51,-8.33005,1,8,0,0,19,74.902,0,0,2.56,0,181.4
735,167408.280,14.7613,14.4703,13.604,31,-14.0625,-1.5625,2143.25,11.8061,28,118.4,11.13,1.68,3.92157,10.5882,35.9352,14.5098,5.365,-8.33005,1,8,0,0,18,74.902,0,0,2.304,0,181.4
736,167408.320,14.8039,14.5852,13.6101,31,-14.0625,-1.5625,2143.75,11.8061,28,118.4,11.17,1.68,3.92157,10.5882,35.9286,14.5098,5.22,-8.33143,1,8,0,0,19,74.902,0,0,2.304,0,181.4
737,167408.360,14.8039,14.5852,13.604,31,-14.0625,-1.5625,2164.75,11.8061,28.5,118.4,10.86,1.66,3.92157,10.5882,35.7186,14.5098,5.075,-8.3429,1,8,0,0,18,74.902,0,0,2.304,0,181.4
738,167408.400,14.887,14.5852,13.604,31,-14.0625,-1.5625,2154.75,11.8061,28.5,118.4,10.78,1.66,3.92157,10.5882,35.8185,14.5098,4.93,-8.3429,1,8,0,0,18,74.902,0,0,2.304,0,181.4
739,167408.440,15.0572,14.7,13.5856,31,-14.0625,-1.5625,2173,11.8061,28.5,118.4,10.86,1.68,3.52941,10.5882,33.4317,14.5098,4.93,-8.43752,1,8,0,0,17,74.902,0,0,2.304,0,181.4
740,167408.480,15.2255,14.7,13.5856,31,-13.2813,-1.5625,2156.25,11.8061,28.5,118.4,10.5,1.66,3.52941,10.5882,33.3483,14.5098,4.93,-8.43752,1,8,0,0,18,74.902,0,0,2.304,0,181.4
741,167408.520,15.3937,14.8148,13.6906,31,-13.2813,-1.5625,2165.75,11.8061,28.5,118.4,10.93,1.68,3.52941,10.5882,31.1537,14.5098,4.93,-8.433,1,8,0,0,18,74.902,0,0,2.304,0,181.4
742,167408.560,15.4363,14.9297,13.6719,31,-13.2813,-1.5625,2163,11.8061,28.5,118.4,10.78,1.66,3.52941,10.5882,31.0839,14.5098,4.785,-8.526,1,8,0,0,17,74.902,0,0,2.304,0,181.4
743,167408.600,15.6045,15.0445,13.6719,31,-12.5,-1.5625,2158.25,11.8061,28.5,118.4,10.71,1.66,3.52941,10.1961,31.1209,14.5098,4.785,-8.526,1,8,0,0,18,74.902,0,0,2.048,0,181.4
744,167408.640,15.5194,15.0445,13.6595,31,-11.7188,-1.5625,2176.5,11.8061,28.5,118.4,10.36,1.66,3.52941,10.1961,30.9763,14.5098,4.785,-8.53054,1,8,0,0,17,74.902,0,0,2.048,0,181.4
745,167408.680,15.6877,15.1594,13.6595,31,-11.7188,-1.5625,2178.5,11.8061,28.5,118.4,10.71,1.66,3.52941,10.1961,30.9605,14.5098,4.785,-8.5335,1,8,0,0,17,74.902,0,0,2.048,0,181.4
746,167408.720,16.0262,15.3891,13.6595,31,-10.9375,-1.5625,2190.5,11.8061,28.5,118.4,10.29,1.66,3.52941,10.1961,30.8651,14.5098,4.64,-8.5335,1,8,0,0,17,74.902,0,0,2.048,0,181.4
747,167408.760,16.1944,15.5039,13.6595,31,-10.1563,-1.5625,2173.5,11.8061,28.5,118.4,10.22,1.66,3.52941,10.1961,33.3125,14.5098,4.64,-8.44211,1,8,0,0,17,74.902,0,0,2.048,0,181.4
748,167408.800,16.2776,15.6187,13.6595,31,-9.375,-1.5625,2175,11.8061,28.5,118.4,10.08,1.66,3.52941,10.1961,31.0534,14.5098,4.64,-8.44211,1,8,0,0,17,74.902,0,0,2.048,0,181.4
749,167408.840,16.4884,15.6187,13.6533,31,-8.59375,-1.5625,2155.75,11.8061,28.5,118.4,10.57,1.66,3.52941,10.1961,31.0474,14.5098,4.64,-8.5325,1,8,0,0,17,74.902,0,0,2.048,0,181.4
750,167408.880,16.4052,15.6187,13.641,31,-7.8125,-1.5625,2167.5,11.8061,28.5,118.4,10.57,1.66,3.52941,10.1961,33.4583,14.5098,4.64,-8.52692,1,8,0,0,17,74.902,0,0,2.048,0,181.4
751,167408.920,16.4052,15.6187,13.641,31,-7.8125,-1.5625,2158.75,11.8061,28.5,118.4,10.78,1.66,3.52941,10.1961,33.3569,14.5098,4.64,-8.52692,1,8,0,0,17,74.902,0,0,2.304,0,181.4
752,167408.960,16.4458,15.6187,13.6348,31,-7.03125,-1.5625,2166.75,11.8061,28.5,118.4,10.57,1.66,3.52941,10.5882,33.3698,14.5098,4.64,-8.43428,1,8,0,0,17,74.902,0,0,2.304,0,181.4
753,167409.000,16.1944,15.6187,13.6101,31,-7.03125,-1.5625,2192,11.8061,28.5,118.4,10.71,1.66,3.52941,10.5882,33.1435,14.5098,4.64,-8.44626,1,8,0,0,16,74.902,0,0,2.304,0,181.4
754,167409.040,15.7303,15.5039,13.6101,31,-6.25,-1.5625,2193.25,11.8061,28.5,118.4,10.78,1.66,3.52941,10.5882,33.1316,14.5098,4.64,-8.44626,1,8,0,0,17,74.902,0,0,2.304,0,181.4
755,167409.080,15.6045,15.5039,13.6101,31,-5.46875,-1.5625,2214.5,11.8061,28.5,118.4,10.93,1.68,3.52941,10.5882,32.9401,14.5098,4.64,-8.44999,1,8,0,0,17,74.902,0,0,2.304,0,181.4
756,167409.120,15.6045,15.5039,13.6101,31,-5.46875,-1.5625,2191,11.8061,28.5,118.4,11.1,1.66,3.52941,10.5882,31.4172,14.5098,4.64,-8.44999,1,8,0,0,16,74.902,0,0,2.304,0,181.4
757,167409.160,15.4363,15.3891,13.6101,31,-5.46875,-1.5625,2182.5,11.8061,28.5,118.4,11.13,1.68,3.13725,10.5882,30.0769,14.5098,4.64,-8.53047,1,8,0,0,17,74.902,0,0,2.304,0,181.4
758,167409.200,15.3937,15.2742,13.6101,31,-5.46875,-1.5625,2161,11.8061,28.5,118.4,11.03,1.68,3.13725,10.5882,28.7646,14.5098,4.64,-8.62525,1,8,0,0,17,74.902,0,0,2.304,0,181.4
759,167409.240,15.3937,15.1594,13.6101,31,-5.46875,-1.5625,2172.25,11.8061,28.5,118.4,11.1,1.68,3.13725,10.1961,28.7633,14.5098,4.64,-8.62525,1,8,0,0,17,74.902,0,0,2.304,0,181.4
760,167409.280,15.1404,15.0445,13.6101,31,-5.46875,-1.5625,2171,11.8061,28.5,118.4,10.36,1.64,3.13725,9.80392,28.655,14.5098,4.64,-8.62271,1,8,0,0,17,74.902,0,0,2.304,0,181.4
761,167409.320,15.0572,14.9297,13.6101,31,-5.46875,-1.5625,2198,11.8061,28.5,118.4,10.15,1.66,2.7451,9.80392,28.233,14.5098,4.64,-8.64277,1,8,0,0,17,74.902,0,0,2.304,0,181.4
762,167409.360,14.887,14.8148,13.6101,31,-5.46875,-1.5625,2200.5,11.8061,28.5,118.4,10.01,1.64,2.7451,9.80392,26.3323,14.5098,4.495,-8.64277,1,8,0,0,17,74.902,0,0,2.304,0,181.4
763,167409.400,14.8039,14.7,13.6101,31,-5.46875,-1.5625,2222,11.8061,28.5,118.4,9.84,1.64,2.7451,9.80392,25.0546,14.5098,4.495,-8.73931,1,8,0,0,17,74.902,0,0,2.304,0,181.4
764,167409.440,14.6356,14.5852,13.6101,31,-5.46875,-1.5625,2223,11.8061,28.5,118.4,9.84,1.64,1.96078,9.80392,23.1171,14.5098,4.495,-8.73931,1,8,0,0,17,74.902,0,0,2.048,0,181.4
765,167409.480,14.508,14.4703,13.641,31,-6.25,-1.5625,2197,11.8061,28.5,118.4,9.7,1.62,1.56863,9.41177,21.1994,14.5098,4.35,-8.86303,1,8,0,0,17,74.902,0,0,2.048,0,181.4
766,167409.520,14.3397,14.3555,13.772,31,-6.25,-1.5625,2191.25,11.8061,28.5,118.4,9.6,1.62,1.17647,9.01961,19.3131,14.5098,4.35,-8.98483,1,8,0,0,17,74.902,0,0,2.048,0,181.4
767,167409.560,14.1289,14.3555,13.772,31,-7.03125,-1.5625,2172.75,11.8061,28.5,118.4,9.36,1.6,1.17647,9.01961,17.4482,14.5098,4.35,-8.98483,1,8,0,0,17,74.902,0,0,2.048,0,181.4
768,167409.600,14.214,14.2406,13.7783,31,-7.03125,-1.5625,2179.5,11.8061,28.5,118.4,9.24,1.58,1.17647,9.01961,15.6004,14.5098,4.205,-9.10421,1,8,0,0,16,74.902,0,0,2.048,0,181.4
769,167409.640,14.214,14.2406,13.7846,31,-7.03125,-1.5625,2175.75,11.8061,28.5,118.4,9.17,1.58,1.17647,9.01961,13.7468,14.5098,4.205,-9.22274,1,8,0,0,17,74.902,0,0,2.048,0,181.4
770,167409.680,14.1714,14.3555,13.7846,31,-7.03125,-1.5625,2188.5,11.8061,28.5,118.4,8.68,1.56,1.17647,8.62745,11.8815,14.5098,4.205,-9.22274,1,8,0,0,17,74.902,0,0,2.048,0,181.4
771,167409.720,14.1714,14.3555,13.7846,31,-7.03125,-1.5625,2167.75,11.8061,28.5,118.4,8.56,1.56,.784314,8.23529,10.0216,14.5098,4.06,-9.34213,1,8,0,0,16,74.902,0,0,2.048,0,181.4
772,167409.760,14.3397,14.4703,13.7846,31,-6.25,-1.5625,2167.25,11.8061,28.5,118.4,8.1,1.54,.784314,8.23529,8.1875,14.5098,4.06,-9.34213,1,8,0,0,16,74.902,0,0,2.048,0,181.4
773,167409.800,14.4248,14.4703,13.7846,31,-6.25,-1.5625,2147,11.8061,28.5,118.4,8.05,1.54,.784314,7.84314,7.81753,14.5098,3.915,-9.45948,1,8,0,0,16,74.902,0,0,2.048,0,181.4
774,167409.840,14.5931,14.5852,13.7909,31,-6.25,-1.5625,2142.75,11.8061,28.5,118.4,7.94,1.52,.784314,7.84314,7.76682,14.5098,3.915,-9.46092,1,8,0,0,16,74.902,0,0,1.792,0,181.4
775,167409.880,14.5505,14.5852,13.7909,31,-6.25,-1.5625,2158.25,11.8061,28.5,118.4,7.9,1.52,.784314,7.84314,7.80787,14.5098,3.77,-9.46092,1,8,0,0,15,74.902,0,0,1.792,0,181.4
776,167409.920,14.3823,14.5852,13.7909,31,-6.25,-1.5625,2152,11.8061,28.5,118.4,7.84,1.52,1.17647,7.84314,10.1272,14.5098,3.77,-9.46122,1,8,0,0,16,74.902,0,0,1.792,0,181.4
777,167409.960,14.4673,14.5852,13.7909,31,-6.25,-1.5625,2181.75,11.8061,28.5,118.4,7.84,1.5,1.17647,7.84314,10.1743,14.5098,3.77,-9.36588,1,8,0,0,15,74.902,0,0,1.792,0,181.4
778,167410.000,14.7188,14.7,13.7909,31,-6.25,-1.5625,2194.5,11.8061,28.5,118.4,7.75,1.5,1.17647,7.84314,10.1942,14.5098,3.625,-9.36588,1,8,0,0,15,74.902,0,0,1.792,0,181.4
779,167410.040,14.6782,14.7,13.7846,31,-6.25,-1.5625,2211.75,11.8061,28.5,118.4,7.79,1.5,1.17647,7.84314,10.2211,14.5098,3.625,-9.36425,1,8,0,0,15,74.902,0,0,1.792,0,181.4
780,167410.080,14.7188,14.7,13.7846,31,-6.25,-1.5625,2183.5,11.8061,28.5,118.4,7.79,1.5,.784314,7.84314,9.43937,14.5098,3.625,-9.36425,1,8,0,0,15,74.902,0,0,1.792,0,181.4
781,167410.120,14.7188,14.7,13.7783,31,-5.46875,-1.5625,2175.75,11.8061,28.5,118.4,7.88,1.52,.784314,7.84314,7.84582,14.5098,3.625,-9.41028,1,8,0,0,15,74.902,0,0,1.792,0,181.4
782,167410.160,14.7188,14.7,13.772,31,-5.46875,-1.5625,2145.25,11.8061,28.5,118.4,7.92,1.52,.784314,7.84314,7.80956,14.5098,3.625,-9.46056,1,8,0,0,15,74.902,0,0,1.792,0,181.4
783,167410.200,14.7188,14.7,13.772,31,-5.46875,-1.5625,2142.75,11.8061,28.5,118.4,7.98,1.54,1.17647,7.84314,10.0993,14.5098,3.625,-9.46056,1,8,0,0,15,74.902,0,0,1.792,0,181.4
784,167410.240,14.8039,14.8148,13.7343,31,-5.46875,-1.5625,2138.75,11.8061,28.5,118.4,7.98,1.52,1.17647,7.84314,12.4521,14.5098,3.625,-9.36853,1,8,0,0,15,74.902,0,0,1.792,0,181.4
785,167410.280,15.268,14.8148,13.7343,31,-5.46875,-1.5625,2138.75,11.8061,28.5,118.4,7.94,1.52,1.17647,8.23529,12.0999,14.5098,3.625,-9.28881,1,8,0,0,14,74.902,0,0,1.792,0,181.4
786,167410.320,15.2255,14.9297,13.7343,31,-4.6875,-1.5625,2149.25,11.8061,28.5,118.4,7.9,1.52,1.17647,8.23529,11.7365,14.5098,3.625,-9.28881,1,8,0,0,14,74.902,0,0,1.792,0,181.4
787,167410.360,15.3086,14.9297,13.7343,31,-4.6875,-1.5625,2135.25,11.8061,28.5,118.4,7.98,1.52,1.17647,8.23529,11.0317,14.5098,3.625,-9.303,1,8,0,0,15,74.902,0,0,1.792,0,181.4
788,167410.400,15.3937,15.0445,13.7343,31,-3.90625,-1.5625,2151.25,11.8061,28.5,118.4,7.98,1.54,1.17647,8.23529,10.0973,14.5098,3.625,-9.303,1,8,0,0,15,74.902,0,0,1.792,0,181.4
789,167410.440,15.3937,15.0445,13.7343,31,-3.90625,-1.5625,2134,11.8061,28.5,118.4,8.02,1.54,1.17647,8.23529,10.1069,14.5098,3.625,-9.36805,1,8,0,0,14,74.902,0,0,1.792,0,181.4
790,167410.480,15.3086,15.0445,13.7343,30,-3.125,-1.5625,2135.5,11.1847,28.5,118.4,8.02,1.54,1.17647,8.23529,10.0769,14.5098,3.625,-9.36975,1,8,0,0,14,74.902,0,0,1.792,0,181.4
791,167410.520,15.3937,15.0445,13.7343,30,-3.125,-1.5625,2132,11.1847,28.5,118.4,7.96,1.52,1.17647,8.23529,10.0877,14.5098,3.625,-9.36975,1,8,0,0,15,74.902,0,0,1.792,0,181.4
792,167410.560,15.3937,15.0445,13.8672,30,-3.125,-1.5625,2115.75,11.1847,28.5,118.4,7.96,1.52,1.17647,8.23529,12.4354,14.5098,3.625,-9.3699,1,8,0,0,14,74.902,0,0,1.792,0,181.4
793,167410.600,15.5194,15.0445,13.8672,30,-3.125,-1.5625,2116.5,11.1847,28.5,118.4,7.98,1.52,1.17647,8.23529,12.4354,14.5098,3.625,-9.27526,1,8,0,0,14,74.902,0,0,1.792,0,181.4
794,167410.640,15.7303,15.0445,13.8672,30,-3.125,-1.5625,2105.75,11.1847,28.5,118.4,7.98,1.52,1.17647,8.23529,12.4347,14.5098,3.625,-9.27526,1,8,0,0,15,74.902,0,0,1.792,0,181.4
795,167410.680,15.7728,15.0445,13.8672,30,-2.34375,-1.5625,2118.75,11.1847,28.5,118.4,7.98,1.54,1.17647,8.23529,12.4291,14.5098,3.625,-9.27526,1,8,0,0,15,74.902,0,0,1.792,0,181.4
796,167410.720,15.8985,15.0445,13.8672,30,-2.34375,-1.5625,2122.5,11.1847,28.5,118.4,8,1.54,1.17647,8.23529,12.4372,14.5098,3.625,-9.27526,1,8,0,0,14,74.902,0,0,1.792,0,181.4
797,167410.760,15.6471,15.0445,13.8672,30,-2.34375,-1.5625,2113.5,11.1847,28.5,118.4,8.05,1.54,1.17647,8.23529,12.4317,14.5098,3.625,-9.27544,1,8,0,0,14,74.902,0,0,1.792,0,181.4
798,167410.800,15.8153,15.0445,13.8672,30,-2.34375,-1.5625,2115.75,11.1847,28.5,118.4,7.98,1.54,1.17647,8.23529,12.4325,14.5098,3.625,-9.27559,1,8,0,0,15,74.902,0,0,1.792,0,181.4
799,167410.840,15.8153,14.9297,13.8672,30,-2.34375,-1.5625,2101.25,11.1847,28.5,118.4,8.05,1.54,1.17647,8.23529,12.4296,14.5098,3.625,-9.27559,1,8,0,0,14,74.902,0,0,1.792,0,181.4
800,167410.880,15.7303,14.9297,13.8672,30,-1.5625,-1.5625,2106.25,11.1847,28.5,118.4,8.04,1.54,1.56863,8.23529,14.814,14.5098,3.625,-9.27559,1,8,0,0,14,74.902,0,0,1.792,0,181.4
801,167410.920,15.6471,14.9297,13.8672,30,-1.5625,-1.5625,2091.25,11.1847,28.5,118.4,8.05,1.54,1.56863,8.23529,14.8177,14.5098,3.625,-9.18029,1,8,0,0,14,74.902,0,0,1.792,0,181.4
802,167410.960,15.4363,14.8148,13.8672,30,-1.5625,-1.5625,2102.5,11.1847,28.5,118.4,8.02,1.56,1.96078,8.62745,17.2164,14.5098,3.625,-9.18029,1,8,0,0,14,74.902,0,0,1.792,0,181.4
803,167411.000,15.4769,14.8148,13.8672,30,-1.5625,-1.5625,2099.25,11.1847,28.5,118.4,8.37,1.56,1.96078,8.62745,17.2045,14.5098,3.625,-9.08407,1,8,0,0,14,74.902,0,0,1.792,0,181.4
804,167411.040,14.9296,14.7,13.8672,30,-2.34375,-1.5625,2088.25,11.1847,28.5,118.4,8.56,1.56,1.96078,8.62745,17.2212,14.5098,3.625,-9.08407,1,8,0,0,14,74.902,0,0,1.792,0,181.4
805,167411.080,14.887,14.7,13.8672,30,-2.34375,-1.5625,2108.5,11.1847,28.5,118.4,8.68,1.56,1.96078,8.62745,17.2136,14.5098,3.625,-9.08394,1,8,0,0,14,74.902,0,0,2.048,0,181.4
806,167411.120,14.8039,14.7,13.8672,30,-1.5625,-1.5625,2107.5,11.1847,28.5,118.4,8.74,1.58,1.96078,9.01961,19.5734,14.5098,3.625,-8.99051,1,8,0,0,14,74.902,0,0,2.048,0,181.4
807,167411.160,14.6782,14.7,13.8672,30,-1.5625,-1.5625,2111.75,11.1847,28.5,118.4,8.8,1.58,1.56863,9.01961,18.198,14.5098,3.625,-8.99051,1,8,0,0,14,74.902,0,0,2.048,0,181.4
808,167411.200,14.6356,14.7,13.8672,30,-1.5625,-1.5625,2108.5,11.1847,28.5,118.4,8.68,1.58,1.56863,9.01961,16.4858,14.5098,3.77,-9.05861,1,8,0,0,14,74.902,0,0,2.048,0,181.4
809,167411.240,14.6356,14.7,13.8672,30,-1.5625,-1.5625,2095.5,11.1847,28.5,118.4,8.93,1.58,1.56863,9.01961,14.8115,14.5098,3.77,-9.16765,1,8,0,0,14,74.902,0,0,2.048,0,181.4
810,167411.280,14.6356,14.8148,13.8672,30,-1.5625,-1.5625,2104,11.1847,28.5,116.6,8.93,1.58,1.56863,8.62745,14.8067,14.5098,3.77,-9.16765,1,8,0,0,14,74.902,0,0,2.048,0,181.4
811,167411.320,14.8039,14.8148,13.8672,30,-1.5625,-1.5625,2091,11.1847,28.5,116.6,8.68,1.56,1.56863,8.62745,14.8127,14.5098,3.77,-9.19421,1,8,0,0,14,74.902,0,0,2.048,0,181.4
812,167411.360,14.7188,14.8148,13.8672,30,-.78125,-1.5625,2092.5,11.1847,28.5,116.6,8.56,1.56,1.56863,8.23529,14.8151,14.5098,3.77,-9.19421,1,8,0,0,14,74.902,0,0,2.048,0,181.4
813,167411.400,14.887,14.7,13.8672,30,-1.5625,-1.5625,2097.25,11.1847,28.5,116.6,8.31,1.54,1.56863,8.23529,14.8086,14.5098,3.77,-9.18037,1,8,0,0,14,74.902,0,0,2.048,0,181.4
814,167411.440,14.8039,14.7,13.8672,30,-1.5625,-1.5625,2100.5,11.1847,28.5,116.6,8.1,1.54,1.56863,8.23529,14.8065,14.5098,3.77,-9.18089,1,8,0,0,14,74.902,0,0,2.048,0,181.4
815,167411.480,14.8464,14.5852,13.8672,30,-1.5625,-1.5625,2107.25,11.1847,28.5,116.6,8.05,1.54,1.56863,8.23529,14.8026,14.5098,3.77,-9.18089,1,8,0,0,15,74.902,0,0,2.048,0,181.4
816,167411.520,14.6356,14.4703,13.8672,30,-1.5625,-1.5625,2097.75,11.1847,28.5,116.6,8.1,1.54,1.56863,8.23529,14.8068,14.5098,3.77,-9.18091,1,8,0,0,14,74.902,0,0,2.048,0,181.4
817,167411.560,14.2972,14.3555,13.9961,30,-2.34375,-1.5625,2107.25,11.1847,28.5,116.6,8.05,1.56,1.17647,8.23529,13.4443,14.5098,3.77,-9.22176,1,8,0,0,15,74.902,0,0,1.792,0,181.4
818,167411.600,14.214,14.3555,13.9961,30,-2.34375,-1.5625,2109.75,11.1847,28.5,116.6,8.18,1.56,1.17647,8.23529,12.419,14.5098,3.77,-9.22176,1,8,0,0,15,74.902,0,0,1.792,0,181.4
819,167411.640,14.4248,14.2406,13.9961,30,-3.125,-1.5625,2102.25,11.1847,28.5,116.6,8.18,1.54,1.17647,8.23529,11.7378,14.5098,3.77,-9.27659,1,8,0,0,14,74.902,0,0,1.792,0,181.4
820,167411.680,14.4673,14.2406,13.9961,30,-3.125,-1.5625,2116.25,11.1847,28.5,116.6,8.16,1.54,.784314,8.23529,10.0175,14.5098,3.77,-9.27659,1,8,0,0,14,74.902,0,0,1.792,0,181.4
821,167411.720,14.2972,14.2406,13.9961,30,-3.125,-1.5625,2103,11.1847,28.5,116.6,8.02,1.54,.392157,7.84314,8.29499,14.5098,3.77,-9.37258,1,8,0,0,15,74.902,0,0,1.792,0,181.4
822,167411.760,14.1714,14.2406,13.9961,30,-3.125,-1.5625,2109.75,11.1847,28.5,116.6,8.02,1.52,0,7.84314,6.58683,14.5098,3.77,-9.48277,1,8,0,0,14,74.902,0,0,1.792,0,181.4
823,167411.800,14.1714,14.2406,13.9961,30,-3.125,-1.5625,2118.75,11.1847,28,116.6,7.9,1.52,0,7.84314,4.86369,14.5098,3.77,-9.48277,1,8,0,0,14,74.902,0,0,1.792,0,181.4
824,167411.840,14.0883,14.3555,13.9961,30,-3.125,-1.5625,2098.5,11.1847,27.5,116.6,7.82,1.5,0,7.45098,3.49201,14.5098,3.625,-9.59271,1,8,0,0,10,0,0,0,1.792,0,181.4
825,167411.880,14.1714,14.3555,13.9961,30,-3.125,-1.5625,2101.5,11.1847,26.5,116.6,7.79,1.5,0,7.45098,1.45476,14.5098,3.625,-9.70183,1,8,0,0,2,0,0,0,1.792,0,181.4
826,167411.920,14.3397,14.3555,13.9961,30,-3.125,-1.5625,2090.75,11.1847,26,116.6,7.49,1.46,0,7.05882,0,14.5098,3.625,-9.70183,1,8,0,0,1,0,0,0,1.792,0,181.4
827,167411.960,14.2565,14.4703,13.9961,30,-3.125,-1.5625,2084.5,11.1847,25.5,116.6,7.28,1.48,0,7.05882,0,14.5098,3.625,-9.77374,1,8,0,0,1,0,0,0,1.792,0,181.4
828,167412.000,14.214,14.4703,13.9961,30,-3.125,-1.5625,2107.5,11.1847,24.5,116.6,7.46,1.46,0,7.05882,0,14.5098,3.625,-9.77374,1,8,0,0,0,0,0,0,1.792,0,181.4
829,167412.040,14.2972,14.4703,13.9961,30,-3.125,-1.5625,2109,11.1847,23.5,116.6,6.91,1.46,0,7.05882,0,14.5098,3.625,-9.77379,1,8,0,0,0,0,0,0,1.792,0,181.4
830,167412.080,14.3397,14.3555,13.9961,30,-3.125,-1.5625,2104,11.1847,23.5,116.6,6.72,1.46,0,7.05882,0,14.5098,3.625,-9.77384,1,8,0,0,0,0,0,0,1.792,0,181.4
831,167412.120,14.3823,14.2406,13.9961,30,-3.90625,-1.5625,2085,11.1847,24.5,116.6,7,1.46,0,7.05882,0,14.5098,3.48,-9.77384,1,8,0,0,0,0,0,0,0,0,181.4
832,167412.160,14.2565,14.1258,13.9961,30,-3.90625,-1.5625,2077,11.1847,25,116.6,6.91,1.46,0,7.05882,0,14.5098,3.48,-9.77388,1,8,0,0,0,0,0,0,0,0,181.4
833,167412.200,14.3397,14.0109,13.9961,30,-3.90625,-1.5625,2069.75,11.1847,25,116.6,7,1.46,0,7.05882,0,14.5098,3.48,-9.77386,1,8,0,0,1,0,0,0,0,0,181.4
834,167412.240,14.214,14.0109,13.9961,30,-3.90625,-1.5625,2070.75,11.1847,23.5,116.6,7.28,1.46,0,7.05882,0,14.5098,3.48,-9.77386,1,8,0,0,1,0,0,0,0,0,181.4
835,167412.280,14.0457,14.0109,13.9961,30,-4.6875,-1.5625,2063,11.1847,23.5,116.6,7.28,1.48,0,7.05882,0,14.5098,3.48,-9.77391,1,8,0,0,1,0,0,0,0,0,181.4
836,167412.320,13.8775,14.1258,13.9961,30,-4.6875,-1.5625,2053,11.1847,23.5,116.6,7.28,1.48,0,7.05882,0,14.5098,3.48,-9.77391,1,8,0,0,1,0,0,0,0,0,181.4
837,167412.360,14.0457,14.4703,13.9961,30,-3.90625,-1.5625,2043.75,11.1847,24,116.6,7.28,1.46,0,7.05882,0,14.5098,3.48,-9.77395,1,8,0,0,1,0,0,0,0,0,181.4
838,167412.400,14.7188,14.9297,13.9961,30,-3.90625,-1.5625,2063.5,11.1847,22.5,116.6,7,1.46,0,7.05882,0,14.5098,3.48,-9.774,1,8,0,0,1,0,0,0,0,0,181.4
839,167412.440,15.2255,15.5039,13.9961,30,-3.125,-1.5625,2059.5,11.1847,22.5,116.6,7.09,1.46,0,7.05882,0,14.5098,3.48,-9.774,1,8,0,0,1,0,0,0,0,0,181.4
840,167412.480,15.856,15.9633,13.9961,30,-2.34375,-1.5625,2067.75,11.1847,21.5,116.6,7.09,1.46,0,7.05882,0,14.5098,3.48,-9.77404,1,8,0,0,1,0,0,0,0,0,181.4
841,167412.520,16.7843,16.4227,13.9961,30,-1.5625,-1.5625,2057.5,11.1847,22.5,116.6,7,1.46,0,7.05882,0,14.5098,3.48,-9.77409,1,8,0,0,1,0,0,0,0,0,181.4
842,167412.560,17.2465,16.7672,13.9961,30,-.78125,-1.5625,2021.25,11.1847,24.5,116.6,7.09,1.46,0,7.05882,0,14.5098,3.48,-9.77409,1,8,0,0,1,0,0,0,0,0,181.4
843,167412.600,17.6681,16.9969,14.1341,30,0,-1.5625,2011.25,11.1847,24.5,116.6,7.09,1.46,0,7.05882,0,14.5098,3.48,-9.77413,1,8,0,0,1,0,0,0,0,0,181.4
844,167412.640,18.258,17.2266,14.1341,30,0,-1.5625,2000.75,11.1847,24.5,116.6,7.19,1.46,0,7.05882,0,14.5098,3.48,-9.77413,1,8,0,0,1,0,0,0,0,0,181.4
845,167412.680,18.5539,17.4562,12.3536,30,0,-1.5625,1989,11.1847,24.5,116.6,7.28,1.46,0,7.05882,0,14.5098,3.48,-9.77417,1,8,0,0,1,0,0,0,0,0,181.4
846,167412.720,18.8479,17.4562,12.3536,30,0,-1.5625,2010,10.5633,24,116.6,7.37,1.46,0,7.05882,0,14.5098,3.48,-9.77421,1,8,0,0,1,0,0,0,0,0,181.4
847,167412.760,19.1438,17.4562,12.3536,30,0,-1.5625,2026.75,10.5633,23,116.6,7.09,1.46,0,7.05882,0,14.5098,3.48,-9.77421,1,8,0,0,1,0,0,0,0,0,181.4
848,167412.800,19.1863,17.4562,12.3536,30,0,-1.5625,2008.75,10.5633,24,116.6,7.09,1.46,0,7.05882,0,14.5098,3.48,-9.77426,1,8,0,0,1,0,0,0,0,0,181.4
849,167412.840,19.4377,17.3414,12.3536,30,0,-1.5625,1991,10.5633,24.5,116.6,6.91,1.46,0,7.05882,0,14.5098,3.48,-9.75661,1,8,0,0,1,0,0,0,0,0,181.4
850,167412.880,19.2695,17.1117,12.3536,30,0,-1.5625,1969.5,10.5633,24.5,116.6,6.91,1.46,0,7.05882,0,14.5098,3.48,-9.75661,1,8,0,0,1,0,0,0,0,0,181.4
851,167412.920,19.2695,16.9969,12.3536,30,0,-1.5625,1933.75,10.5633,24.5,116.6,6.81,1.46,0,7.05882,0,14.5098,3.48,-9.65877,1,8,0,0,1,0,0,0,2.048,0,181.4
852,167412.960,19.5228,16.882,12.3536,30,0,-1.5625,1922.25,10.5633,24.5,116.6,7.09,1.46,0,7.05882,0,14.5098,3.48,-9.65877,1,8,0,0,1,0,0,0,2.048,0,181.4
853,167413.000,19.4803,16.9969,12.3536,30,0,-1.5625,1925.25,10.5633,24.5,116.6,7.09,1.46,0,7.05882,0,14.5098,3.48,-9.58861,1,8,0,0,1,0,0,0,2.048,0,181.4
854,167413.040,19.0161,17.2266,12.3536,30,0,-1.5625,1938,10.5633,24.5,116.6,6.91,1.46,0,7.05882,0,14.5098,3.48,-9.62137,1,8,0,0,1,0,0,0,2.048,0,181.4
855,167413.080,19.1438,17.2266,12.3536,30,0,-1.5625,1925.25,10.5633,24.5,116.6,6.72,1.46,0,7.05882,0,14.5098,3.48,-9.62137,1,8,0,0,1,0,0,0,2.048,0,181.4
856,167413.120,18.8479,16.9969,12.3536,30,0,-1.5625,1924.25,9.94194,24.5,116.6,6.4,1.46,0,7.05882,0,14.5098,3.48,-9.61294,1,8,0,0,1,0,0,0,2.048,0,181.4
857,167413.160,18.8479,16.5375,12.3536,30,0,-1.5625,1903.75,9.94194,24.5,116.6,6.33,1.44,0,7.05882,0,14.5098,3.48,-9.53731,1,8,0,0,1,0,0,0,2.048,0,181.4
858,167413.200,18.6796,15.8484,12.3536,30,0,-1.5625,1861,9.94194,24.5,116.6,6.4,1.44,0,7.05882,0,14.5098,3.48,-9.53731,1,8,0,0,1,0,0,0,2.048,0,181.4
859,167413.240,18.7647,15.0445,12.3536,30,0,-1.5625,1833,9.94194,24.5,116.6,6.54,1.46,0,7.05882,0,14.5098,3.48,-9.41932,1,8,0,0,1,0,0,0,1.792,0,181.4
860,167413.280,18.4262,14.5852,12.3536,30,-.78125,-1.5625,1812.75,9.94194,24.5,116.6,6.4,1.46,0,7.05882,0,14.5098,3.48,-9.41932,1,8,0,0,1,0,0,0,1.792,0,181.4
861,167413.320,18.0066,14.1258,14.1407,30,-1.5625,-1.5625,1793.75,9.94194,24.5,116.6,6.4,1.44,0,7.05882,0,14.5098,3.625,-9.30806,1,8,0,0,1,0,0,0,1.792,0,181.4
862,167413.360,17.2891,13.7813,14.1407,30,-2.34375,-1.5625,1769,9.94194,24,116.6,6.4,1.46,0,7.05882,0,14.5098,3.625,-9.20485,1,8,0,0,1,0,0,0,1.792,0,181.4
863,167413.400,16.4458,13.5516,14.1407,30,-3.125,-1.5625,1717,9.94194,23,116.6,6.4,1.46,0,6.66667,0,14.5098,3.625,-9.20485,1,8,0,0,1,0,0,0,1.792,0,181.4
864,167413.440,15.6877,13.4367,14.1407,30,-3.125,-1.5625,1710.75,9.32057,23,116.6,6.4,1.44,0,6.66667,0,14.5098,3.625,-9.07666,1,8,0,0,1,0,0,0,1.792,0,181.4
865,167413.480,14.2565,13.3219,14.1407,30,-3.90625,-1.5625,1698,9.32057,22.5,116.6,6.33,1.44,0,6.66667,0,14.5098,3.625,-9.03028,1,8,0,0,1,0,0,0,1.792,0,181.4
866,167413.520,13.7498,13.3219,14.1407,30,-3.90625,-1.5625,1691,9.32057,22.5,116.6,6.4,1.46,0,6.66667,0,14.5098,3.625,-9.03028,1,8,0,0,1,0,0,0,1.792,0,181.4
867,167413.560,13.7924,13.4367,14.1407,30,-4.6875,-1.5625,1697.5,9.32057,22.5,116.6,6.33,1.44,0,6.66667,0,14.5098,3.625,-9.03441,1,8,0,0,1,0,0,0,1.792,0,181.4
868,167413.600,13.7924,13.5516,14.1407,30,-4.6875,-1.5625,1700.25,9.32057,22.5,116.6,6.25,1.44,0,6.66667,0,14.5098,3.625,-9.03441,1,8,0,0,1,0,0,0,1.792,0,181.4
869,167413.640,13.6667,13.6664,14.2816,30,-4.6875,-1.5625,1692.5,9.32057,22.5,116.6,6.37,1.44,0,6.66667,0,14.5098,3.625,-9.03587,1,8,0,0,1,0,0,0,1.792,0,181.4
870,167413.680,13.7924,13.8961,14.2816,30,-4.6875,-1.5625,1674.75,8.6992,22,116.6,6.29,1.44,0,6.66667,0,14.5098,3.625,-8.97273,1,8,0,0,1,0,0,0,1.792,0,181.4
871,167413.720,13.9606,14.0109,14.2816,30,-3.90625,-1.5625,1629,8.6992,21.5,116.6,6.33,1.44,0,6.66667,0,14.5098,3.625,-8.97273,1,8,0,0,1,0,0,0,1.792,0,181.4
872,167413.760,14.1289,14.1258,14.2816,30,-3.90625,-1.5625,1587.25,8.6992,20.5,116.6,6.33,1.44,0,6.66667,0,14.5098,3.625,-8.86016,1,8,0,0,1,0,0,0,1.792,0,181.4
873,167413.800,14.3397,14.3555,14.2816,30,-3.90625,-1.5625,1553.75,8.6992,20.5,116.6,6.33,1.44,0,6.66667,0,14.5098,3.625,-8.78871,1,8,0,0,1,0,0,0,1.792,0,181.4
874,167413.840,14.6782,14.4703,14.2816,30,-3.90625,-1.5625,1525.5,8.6992,20,116.6,6.33,1.44,0,6.66667,0,14.5098,3.625,-8.78871,1,8,0,0,1,0,0,0,1.792,0,181.4
875,167413.880,14.8464,14.4703,14.2816,30,-3.90625,-1.5625,1502.25,8.6992,19.5,116.6,6.22,1.44,0,6.27451,0,14.5098,3.625,-8.78875,1,8,0,0,1,0,0,0,1.792,0,181.4
876,167413.920,14.9721,14.5852,14.2816,30,-3.90625,-1.5625,1492.5,8.07783,19.5,116.6,6.11,1.42,0,6.27451,0,14.5098,3.625,-8.78875,1,8,0,0,0,0,0,0,1.792,0,181.4
877,167413.960,15.1829,14.7,14.2545,30,-3.125,-1.5625,1495.5,8.07783,19.5,116.6,6.07,1.42,0,6.27451,0,14.5098,3.625,-8.78879,1,8,0,0,0,0,0,0,1.792,0,181.4
878,167414.000,15.2255,14.7,14.2478,30,-3.125,-1.5625,1497.75,8.07783,19.5,116.6,6.11,1.42,0,6.27451,0,14.5098,3.625,-8.78882,1,8,0,0,0,0,0,0,1.792,0,181.4
879,167414.040,15.2255,14.8148,14.2478,30,-3.125,-1.5625,1488.5,8.07783,19.5,116.6,6.18,1.44,0,6.66667,0,14.5098,3.77,-8.78882,1,8,0,0,0,0,0,0,2.048,0,181.4
880,167414.080,14.9721,14.8148,14.2411,30,-3.125,-1.5625,1467,8.07783,19.5,116.6,6.29,1.44,0,7.05882,0,14.5098,3.77,-8.78886,1,8,0,0,1,0,0,0,2.048,0,181.4
881,167414.120,14.8464,14.8148,14.2411,30,-3.125,-1.5625,1441.25,8.07783,19,116.6,6.63,1.46,0,7.05882,0,14.5098,3.77,-8.78889,1,8,0,0,0,0,0,0,2.048,0,181.4
882,167414.160,14.8464,14.8148,14.2411,30,-3.125,-1.5625,1413.25,8.07783,19,116.6,7.09,1.46,0,7.05882,0,14.5098,3.77,-8.78889,1,8,0,0,0,0,0,0,2.048,0,181.4
883,167414.200,15.0978,14.7,14.2276,30,-3.125,-1.5625,1408.5,8.07783,19,116.6,7.19,1.48,0,7.05882,0,14.5098,3.77,-8.78893,1,8,0,0,0,0,0,0,2.048,0,181.4
884,167414.240,15.0978,14.7,14.2276,30,-3.125,-1.5625,1388.25,7.45645,18.5,116.6,7.37,1.48,0,7.05882,0,14.5098,3.915,-8.78893,1,8,0,0,0,0,0,0,2.048,0,181.4
885,167414.280,14.9721,14.7,14.1941,30,-3.125,-1.5625,1376.75,7.45645,18.5,116.6,7.37,1.48,0,7.05882,0,14.5098,4.06,-8.78897,1,8,0,0,0,0,0,0,2.048,0,181.4
886,167414.320,14.9296,14.7,14.1407,30,-3.125,-1.5625,1374.25,7.45645,18.5,116.6,7.19,1.46,0,7.05882,0,14.5098,4.06,-8.789,1,8,0,0,0,0,0,0,2.048,0,181.4
887,167414.360,14.8464,14.5852,14.1407,30,-3.125,-1.5625,1378.25,7.45645,18.5,116.6,7.37,1.46,0,7.05882,0,14.5098,4.205,-8.789,1,8,0,0,0,0,0,0,2.304,0,181.4
888,167414.400,14.7188,14.5852,14.1208,30,-3.125,-1.5625,1379.25,7.45645,18.5,116.6,7.37,1.46,0,7.05882,0,14.5098,4.205,-8.78897,1,8,0,0,0,0,0,0,2.304,0,181.4
889,167414.440,14.7188,14.5852,14.1076,30,-3.125,-1.5625,1370.5,7.45645,18.5,116.6,7.19,1.46,0,7.05882,0,14.5098,4.205,-8.78901,1,8,0,0,0,0,0,0,2.304,0,181.4
890,167414.480,14.7188,14.4703,14.1076,30,-3.125,-1.5625,1358.5,7.45645,18,116.6,7.09,1.46,0,6.27451,0,14.5098,4.205,-8.78901,1,8,0,0,0,0,0,0,2.304,0,181.4
891,167414.520,14.4673,14.4703,14.101,30,-3.125,-1.5625,1327.5,7.45645,18,116.6,6.63,1.44,0,6.27451,0,14.5098,4.35,-8.78904,1,8,0,0,0,0,0,0,2.304,0,181.4
892,167414.560,15.0147,14.3555,14.101,30,-3.125,-1.5625,1291.75,7.45645,17.5,116.6,6.18,1.42,0,6.27451,0,14.5098,4.35,-8.78904,1,8,0,0,0,0,0,0,2.304,0,181.4
893,167414.600,15.0147,14.2406,14.1076,30,-3.90625,-1.5625,1287,7.45645,17.5,116.6,6,1.42,0,5.88235,0,14.5098,4.35,-8.78908,1,8,0,0,0,0,0,0,2.304,0,181.4
894,167414.640,14.7188,14.1258,14.2478,30,-3.90625,-1.5625,1262,6.83508,17,116.6,5.78,1.4,0,5.88235,0,14.5098,4.35,-8.78911,1,8,0,0,0,0,0,0,2.048,0,181.4
895,167414.680,14.8039,14.1258,14.2478,30,-3.90625,-1.5625,1256.25,6.83508,17,116.6,5.62,1.38,0,5.88235,0,14.5098,4.35,-8.78911,1,8,0,0,0,0,0,0,2.048,0,181.4
896,167414.720,14.9721,13.8961,14.2545,30,-4.6875,-1.5625,1254.5,6.83508,17,116.6,5.64,1.4,0,5.88235,0,14.5098,4.35,-8.78915,1,8,0,0,0,0,0,0,2.048,0,181.4
897,167414.760,14.7613,13.8961,14.2681,30,-4.6875,-1.5625,1252.25,6.83508,17,116.6,5.58,1.4,0,5.88235,0,14.5098,4.35,-8.78918,1,8,0,0,0,0,0,0,2.048,0,181.4
898,167414.800,14.6356,13.6664,14.2681,30,-5.46875,-1.5625,1248.5,6.83508,17,116.6,5.52,1.38,0,5.88235,0,14.5098,4.205,-8.78918,1,8,0,0,0,0,0,0,2.048,0,181.4
899,167414.840,14.6356,13.5516,14.2748,30,-6.25,-1.5625,1236.75,6.83508,17,116.6,5.62,1.4,0,5.88235,0,14.5098,4.205,-8.78921,1,8,0,0,0,0,0,0,2.048,0,181.4
900,167414.880,13.9606,13.4367,14.2748,30,-6.25,.78125,1238.25,6.83508,17,116.6,5.56,1.4,0,5.88235,0,14.5098,4.205,-8.78921,1,8,0,0,0,0,0,0,2.048,0,181.4
901,167414.920,13.7498,13.4367,14.2816,30,-7.03125,.78125,1207.5,6.83508,16.5,116.6,5.52,1.38,0,5.88235,0,14.5098,4.205,-8.78924,1,8,0,0,0,0,0,0,2.048,0,181.4
902,167414.960,13.5816,13.3219,14.2748,30,-7.8125,.78125,1185,6.21371,16.5,116.6,5.56,1.4,0,5.88235,0,14.5098,4.205,-8.80311,1,8,0,0,0,0,0,0,2.048,0,181.4
903,167415.000,13.4984,13.207,14.2748,30,-7.8125,.78125,1154.25,6.21371,16.5,116.6,5.54,1.38,0,5.88235,0,14.5098,4.205,-8.80311,1,8,0,0,0,0,0,0,2.048,0,181.4
904,167415.040,13.4559,13.207,14.2545,30,-8.59375,.78125,1150.25,6.21371,16.5,116.6,5.54,1.4,0,5.88235,0,14.5098,4.205,-8.83125,1,8,0,0,0,0,0,0,2.048,0,181.4
905,167415.080,13.4133,13.207,14.2411,30,-9.375,.78125,1141.25,6.21371,16.5,116.6,5.56,1.38,0,5.88235,0,14.5098,4.35,-8.84322,1,8,0,0,0,0,0,0,2.048,0,181.4
906,167415.120,13.4559,13.207,14.2411,30,-9.375,.78125,1129.75,6.21371,16.5,116.6,5.54,1.4,0,5.88235,0,14.5098,4.35,-8.84322,1,8,0,0,0,0,0,0,2.048,0,181.4
907,167415.160,13.2876,13.207,14.2343,30,-9.375,.78125,1124,6.21371,16.5,116.6,5.54,1.38,0,5.88235,0,14.5098,4.35,-8.85124,1,8,0,0,0,0,0,0,2.048,0,181.4
908,167415.200,13.2025,13.207,14.2343,30,-10.1563,.78125,1125.25,6.21371,16.5,116.6,5.56,1.4,0,5.88235,0,14.5098,4.35,-8.85124,1,8,0,0,0,0,0,0,2.048,0,181.4
909,167415.240,13.2876,13.3219,14.2276,30,-10.1563,.78125,1101.25,6.21371,16.5,116.6,5.66,1.38,0,5.88235,0,14.5098,4.35,-8.87456,1,8,0,0,0,0,0,0,2.048,0,181.4
910,167415.280,13.1174,13.3219,14.1874,30,-10.1563,.78125,1084.75,5.59234,16.5,116.6,5.6,1.38,0,5.4902,0,14.5098,4.35,-8.89523,1,8,0,0,0,0,0,0,2.048,0,181.4
911,167415.320,13.2025,13.4367,14.1874,30,-10.9375,.78125,1058.25,5.59234,16.5,116.6,5.46,1.36,0,5.4902,0,14.5098,4.35,-8.89523,1,8,0,0,0,0,0,0,2.048,0,181.4
912,167415.360,13.2451,13.4367,14.1607,30,-10.9375,.78125,1047.25,5.59234,16.5,116.6,5.42,1.38,0,5.4902,0,14.5098,4.35,-8.91966,1,8,0,0,0,0,0,0,2.048,0,181.4
913,167415.400,13.0768,13.4367,14.1407,30,-10.9375,.78125,1025.5,5.59234,16.5,116.6,5.42,1.36,0,5.4902,0,14.5098,4.495,-8.94972,1,8,0,0,0,0,0,0,2.048,0,181.4
914,167415.440,13.16,13.5516,14.1407,30,-10.9375,.78125,995,5.59234,17.5,116.6,5.38,1.36,0,5.4902,0,14.5098,4.495,-8.94972,1,8,0,0,0,0,0,0,2.048,0,181.4
915,167415.480,13.2451,13.6664,14.101,31,-10.9375,.78125,999.75,5.59234,17.5,116.6,5.42,1.38,0,5.4902,0,14.5098,4.495,-8.97787,1,8,0,0,0,0,0,0,2.048,0,181.4
916,167415.520,13.2876,13.6664,14.101,31,-10.9375,.78125,992.75,5.59234,17.5,116.6,5.42,1.36,0,5.4902,0,14.5098,4.64,-8.97787,1,8,0,0,0,0,0,0,2.048,0,181.4
917,167415.560,13.7924,13.6664,14.0944,31,-10.9375,.78125,996.25,5.59234,17.5,116.6,5.36,1.36,0,5.4902,0,14.5098,4.64,-8.96929,1,8,0,0,0,0,0,0,2.048,0,181.4
918,167415.600,13.8775,13.7813,14.0878,31,-10.9375,.78125,1005.5,5.59234,16.5,116.6,5.32,1.38,0,5.4902,0,14.5098,4.64,-8.9683,1,8,0,0,0,0,0,0,2.048,0,181.4
919,167415.640,13.9181,13.8961,14.0878,31,-10.9375,.78125,1005.5,5.59234,16.5,116.6,5.36,1.36,0,5.4902,0,14.5098,4.64,-8.9683,1,8,0,0,0,0,0,0,2.048,0,181.4
920,167415.680,13.8775,13.8961,14.2276,31,-11.7188,.78125,1024.75,5.59234,16.5,116.6,5.36,1.36,0,5.4902,0,14.5098,4.785,-8.9558,1,8,0,0,0,0,0,0,2.048,0,181.4
921,167415.720,13.9606,14.0109,14.2343,31,-11.7188,.78125,1036.25,5.59234,16.5,116.6,5.36,1.38,0,5.4902,0,14.5098,4.785,-8.93997,1,8,0,0,0,0,0,0,2.048,0,181.4
922,167415.760,14.1289,14.0109,14.2343,31,-11.7188,.78125,1030.5,5.59234,16.5,116.6,5.3,1.36,0,5.4902,0,14.5098,4.785,-8.93997,1,8,0,0,0,0,0,0,2.048,0,181.4
923,167415.800,14.0883,14.0109,14.2343,31,-11.7188,.78125,1015.5,5.59234,16.5,116.6,5.3,1.36,0,5.4902,0,14.5098,4.785,-8.94536,1,8,0,0,0,0,0,0,2.048,0,181.4
924,167415.840,14.1714,14.1258,14.2343,31,-11.7188,.78125,1011.75,5.59234,16.5,116.6,5.36,1.38,0,5.4902,0,14.5098,4.785,-8.94536,1,8,0,0,0,0,0,0,2.048,0,181.4
925,167415.880,14.2972,14.1258,14.2209,31,-11.7188,.78125,984.5,5.59234,17.5,116.6,5.38,1.36,0,5.4902,0,14.5098,4.785,-8.96265,1,8,0,0,0,0,0,0,2.048,0,181.4
926,167415.920,13.7498,14.1258,14.2075,31,-11.7188,.78125,972,5.59234,17.5,116.6,5.42,1.38,0,5.4902,0,14.5098,4.785,-8.98762,1,8,0,0,0,0,0,0,2.048,0,181.4
927,167415.960,13.7073,14.1258,14.2075,31,-11.7188,.78125,978.25,5.59234,17.5,116.6,5.42,1.38,0,5.4902,0,14.5098,4.785,-8.98762,1,8,0,0,0,0,0,0,2.048,0,181.4
928,167416.000,13.7073,14.1258,14.2008,31,-11.7188,.78125,968.25,5.59234,17.5,116.6,5.38,1.38,0,5.4902,0,14.5098,4.785,-9.00262,1,8,0,0,0,0,0,0,2.048,0,181.4
929,167416.040,13.9606,14.2406,14.2075,31,-11.7188,.78125,972.25,5.59234,17.5,116.6,5.44,1.36,0,5.4902,0,14.5098,4.93,-8.99898,1,8,0,0,0,0,0,0,2.304,0,181.4
930,167416.080,13.9606,14.2406,14.2075,31,-11.7188,.78125,998,5.59234,17.5,116.6,5.42,1.38,0,5.4902,0,14.5098,4.93,-8.99898,1,8,0,0,0,0,0,0,2.304,0,181.4
931,167416.120,14.1289,14.2406,14.2276,31,-11.7188,.78125,998,5.59234,17.5,116.6,5.48,1.38,0,5.4902,0,14.5098,4.93,-8.97528,1,8,0,0,0,0,0,0,2.304,0,181.4
932,167416.160,14.1289,14.3555,14.2276,31,-11.7188,.78125,1024.75,5.59234,16.5,116.6,5.48,1.38,0,5.4902,0,14.5098,4.93,-8.97528,1,8,0,0,0,0,0,0,2.304,0,181.4
933,167416.200,14.1289,14.4703,14.2411,31,-10.9375,.78125,1042.5,5.59234,16.5,116.6,5.48,1.38,0,5.4902,0,14.5098,4.93,-8.95092,1,8,0,0,0,0,0,0,2.304,0,181.4
934,167416.240,14.214,14.5852,14.2613,31,-10.9375,.78125,1046.75,5.59234,16.5,116.6,5.52,1.36,0,5.4902,0,14.5098,4.93,-8.93611,1,8,0,0,0,0,0,0,2.304,0,181.4
935,167416.280,14.2972,14.5852,14.2613,31,-10.9375,.78125,1049.75,5.59234,16.5,116.6,5.44,1.38,0,5.4902,0,14.5098,4.93,-8.93611,1,8,0,0,0,0,0,0,2.304,0,181.4
936,167416.320,14.4248,14.7,14.2748,31,-10.9375,.78125,1063.5,5.59234,16,116.6,5.42,1.38,0,5.4902,0,14.5098,4.93,-8.92792,1,8,0,0,0,0,0,0,2.304,0,181.4
937,167416.360,14.4673,14.8148,14.2884,31,-10.1563,.78125,1061,5.59234,16,116.6,5.38,1.36,0,5.4902,0,14.5098,4.93,-8.91772,1,8,0,0,0,0,0,0,2.304,0,181.4
938,167416.400,14.7613,14.9297,14.2884,31,-10.1563,.78125,1044.25,5.59234,16.5,116.6,5.38,1.38,0,5.4902,0,14.5098,4.93,-8.91772,1,8,0,0,0,0,0,0,2.304,0,181.4
939,167416.440,14.7613,15.0445,14.2816,31,-9.375,.78125,1027.25,5.59234,16.5,116.6,5.42,1.36,.392157,5.4902,2.39844,14.5098,4.785,-8.85882,1,8,0,0,0,0,0,0,2.304,0,181.4
940,167416.480,14.7188,15.0445,14.2816,31,-9.375,.78125,1031.75,5.59234,16.5,116.6,5.44,1.4,.392157,5.88235,2.39844,14.5098,4.785,-8.86838,1,8,0,0,0,0,0,0,2.304,0,181.4
941,167416.520,14.9296,15.1594,14.2816,31,-9.375,.78125,1018,5.59234,16.5,116.6,5.56,1.38,.392157,5.88235,2.39844,14.5098,4.785,-8.86838,1,8,0,0,0,0,0,0,2.304,0,181.4
942,167416.560,15.1829,15.1594,14.2748,31,-8.59375,.78125,1007,5.59234,16.5,116.6,5.6,1.38,0,5.88235,1.99844,14.5098,4.93,-8.89025,1,8,0,0,0,0,0,0,2.304,0,181.4
943,167416.600,15.3086,15.2742,14.2748,31,-8.59375,.78125,1004,5.59234,16.5,116.6,5.58,1.4,0,5.88235,1.49844,14.5098,4.93,-8.89025,1,8,0,0,0,0,0,0,2.304,0,181.4
944,167416.640,15.4769,15.2742,14.2748,31,-8.59375,.78125,986.75,5.59234,17.5,116.6,5.62,1.4,.392157,5.88235,2.39844,14.5098,4.93,-8.89663,1,8,0,0,0,0,0,0,2.304,0,181.4
945,167416.680,15.5194,15.2742,14.2816,31,-7.8125,.78125,971.5,5.59234,17.5,116.6,5.62,1.38,.392157,5.88235,2.39844,14.5098,4.93,-8.90088,1,8,0,0,0,0,0,0,2.304,0,181.4
946,167416.720,15.4769,15.3891,14.2816,31,-7.8125,.78125,972.5,5.59234,17.5,116.6,5.62,1.4,.392157,5.88235,2.39844,14.5098,4.93,-8.90088,1,8,0,0,0,0,0,0,2.304,0,181.4
947,167416.760,15.4769,15.3891,14.2681,31,-7.8125,.78125,968.5,5.59234,17.5,116.6,5.68,1.4,.392157,5.88235,5.01554,14.5098,4.93,-8.92181,1,8,0,0,0,2.7451,0,0,2.304,0,181.4
948,167416.800,15.5194,15.5039,14.2681,31,-7.03125,.78125,981.25,5.59234,18.5,116.6,5.62,1.38,.784314,5.88235,8.10722,14.5098,4.93,-8.92181,1,8,0,0,0,2.7451,0,0,2.304,0,181.4
949,167416.840,15.5194,15.5039,14.2816,31,-7.03125,.78125,1009.75,5.59234,18,116.6,5.62,1.38,1.96078,5.88235,15.8181,14.5098,4.93,-8.68077,1,8,0,0,0,10.1961,0,0,2.304,0,181.4
950,167416.880,15.6045,15.5039,14.3019,31,-7.03125,.78125,1028.75,5.59234,18,116.6,5.6,1.44,3.52941,7.05882,25.3745,14.5098,4.93,-8.244,1,8,0,0,0,23.9216,0,0,2.304,0,181.4
951,167416.920,15.7303,15.5039,14.3019,31,-6.25,.78125,1050.75,5.59234,-11.5,116.6,6.66,1.48,3.52941,8.23529,33.6082,14.5098,4.93,-8.244,1,8,0,0,0,23.9216,0,0,2.304,0,181.4
952,167416.960,15.6045,15.5039,14.3019,31,-6.25,.78125,1061.25,5.59234,-11,116.6,7.49,1.54,3.52941,9.01961,41.5594,14.5098,5.075,-7.81552,1,8,0,0,0,37.6471,0,0,2.304,0,181.4
953,167417.000,15.6045,15.5039,14.0615,31,-5.46875,.78125,990.5,5.59234,-10.5,116.6,8.03,1.58,3.92157,9.01961,44.8041,14.5098,5.22,-7.56972,1,8,0,0,0,46.6667,0,0,2.56,0,181.4
954,167417.040,15.7303,15.6187,14.0615,31,-4.6875,.78125,936.25,5.59234,18.5,116.6,9.15,1.58,4.70588,9.01961,52.4574,14.5098,5.655,-7.56972,1,8,0,0,0,46.6667,0,0,2.816,0,181.4
955,167417.080,15.7728,15.6187,13.3093,31,-4.6875,.78125,945.5,5.59234,19.5,116.6,9.32,1.62,6.27451,9.41177,59.8016,14.5098,5.8,-7.22754,1,8,0,0,0,59.2157,0,0,2.816,0,181.4
956,167417.120,15.856,15.8484,13.3093,31,-3.90625,.78125,994,5.59234,4,116.6,9.6,1.64,7.84314,9.80392,67.491,14.5098,6.09,-7.22754,1,8,0,0,0,59.2157,0,0,3.072,0,181.4
957,167417.160,16.1944,16.0781,12.932,31,-1.5625,.78125,1065.75,5.59234,5,116.6,10.08,1.66,7.84314,10.9804,75.7717,14.5098,6.525,-6.81584,1,8,0,0,0,72.1569,0,0,3.072,0,181.4
958,167417.200,16.6566,16.4227,13.416,31,-.78125,.78125,1087.75,5.59234,6.5,116.6,10.84,1.72,7.84314,11.7647,84.2007,14.5098,6.67,-6.37261,1,8,0,0,0,74.902,0,0,3.072,0,181.4
959,167417.240,17.2465,16.882,13.416,31,1.5625,.78125,1134.5,5.59234,8.5,116.6,11.81,1.74,7.84314,12.549,89.2111,14.5098,6.96,-6.37261,1,8,0,0,0,74.902,0,0,3.328,0,181.4
960,167417.280,17.8364,17.1117,13.1179,31,3.125,-1.5625,1140,5.59234,8.5,116.6,12.45,1.78,7.84314,12.9412,92.1347,14.5098,7.25,-6.0511,1,8,0,0,0,74.902,0,0,3.584,0,181.4
961,167417.320,17.7958,16.9969,12.9153,31,4.6875,-1.5625,1103.25,5.59234,22,116.6,13.78,1.8,7.84314,12.9412,89.6694,14.5098,7.685,-6.10843,1,8,0,0,1,74.902,0,0,3.84,0,181.4
962,167417.360,17.4573,16.7672,12.9153,31,4.6875,-1.5625,1049.75,5.59234,20.5,116.6,13.96,1.8,7.05882,12.9412,84.3491,14.5098,8.265,-6.10843,1,8,0,0,1,74.902,0,0,4.096,0,181.4
963,167417.400,16.9525,16.5375,12.6123,31,5.46875,-1.5625,1008.75,5.59234,19,116.6,13.78,1.78,7.05882,12.1569,84.7818,14.5098,8.265,-6.25823,1,8,0,0,1,74.902,0,0,5.12,0,181.4
964,167417.440,16.8268,16.3078,12.6123,31,5.46875,-1.5625,1007.75,5.59234,17,116.6,12.98,1.76,7.45098,12.1569,87.9958,14.5098,8.7,-6.25823,1,8,0,0,2,74.902,0,0,5.376,0,181.4
965,167417.480,16.2776,16.0781,12.6974,31,5.46875,-1.5625,1034.5,5.59234,17,116.6,12.36,1.74,7.84314,11.7647,90.6755,14.5098,8.845,-6.15708,1,8,0,0,0,74.902,0,0,5.632,0,181.4
966,167417.520,15.8985,15.7336,13.1638,31,5.46875,-1.5625,1108,5.59234,17.5,116.6,11.81,1.72,7.84314,11.7647,89.5957,14.5098,9.135,-6.08081,1,8,0,0,0,74.902,0,0,5.376,0,181.4
967,167417.560,15.1829,15.0445,13.1638,31,4.6875,-1.5625,1139.5,5.59234,17.5,116.6,11.78,1.74,7.45098,11.7647,86.128,14.5098,9.135,-6.08081,1,8,0,0,0,74.902,0,0,5.376,0,181.4
968,167417.600,15.1404,14.8148,13.416,31,3.90625,-1.5625,1175.5,6.21371,18,116.6,11.75,1.74,7.05882,11.7647,82.6311,14.5098,9.135,-6.20872,1,8,0,0,0,74.902,0,0,5.376,0,181.4
969,167417.640,14.8039,14.2406,13.458,31,2.34375,-1.5625,1185.5,6.21371,18,116.6,11.75,1.72,7.05882,11.7647,79.5132,14.5098,8.99,-6.39455,1,8,0,0,1,74.902,0,0,5.376,0,181.4
970,167417.680,14.1714,13.7813,13.458,31,0,-1.5625,1156.5,6.21371,18,116.6,11.65,1.72,7.05882,11.7647,79.8941,14.5098,8.99,-6.39455,1,8,0,0,0,74.902,0,0,5.12,0,181.4
971,167417.720,13.7498,13.5516,13.5245,31,-.78125,-1.5625,1135,6.21371,18,116.6,11.69,1.74,7.05882,11.7647,80.1763,14.5098,8.99,-6.3837,1,8,0,0,0,74.902,0,0,6.144,0,181.4
972,167417.760,13.4984,13.0922,13.5245,31,-3.125,-1.5625,1147.5,6.21371,18,116.6,11.81,1.74,7.05882,12.1569,83.0129,14.5098,8.99,-6.3837,1,8,0,0,1,74.902,0,0,6.144,0,181.4
973,167417.800,13.0768,12.7477,13.555,31,-5.46875,-1.5625,1192,6.21371,18.5,116.6,11.94,1.74,7.45098,12.549,85.3807,14.5098,8.99,-6.29453,1,8,0,0,1,74.902,0,0,5.888,0,181.4
974,167417.840,12.6552,12.4031,13.5917,31,-6.25,-1.5625,1231.75,6.83508,18.5,116.6,12.2,1.78,7.84314,12.9412,87.7074,14.5098,8.99,-6.14472,1,8,0,0,2,74.902,0,0,5.888,0,181.4
975,167417.880,12.6977,12.2883,13.5917,31,-6.25,-1.5625,1287.25,6.83508,19,116.6,12.98,1.78,7.84314,12.9412,86.7708,14.5098,8.99,-6.14472,1,8,0,0,2,74.902,0,0,5.888,0,181.4
976,167417.920,12.6552,12.1734,13.6163,31,-7.8125,-1.5625,1315,6.83508,19,116.6,13.42,1.78,7.45098,12.9412,83.4001,14.5098,8.99,-6.17301,1,8,0,0,3,74.902,0,0,5.888,0,181.4
977,167417.960,12.6126,11.8289,13.6595,31,-9.375,-1.5625,1314.25,6.83508,19,116.6,13.33,1.8,7.45098,12.9412,83.4104,14.5098,8.99,-6.27439,1,8,0,0,3,74.902,0,0,5.632,0,181.4
978,167418.000,12.3187,12.0586,13.6595,31,-11.7188,-1.5625,1297.5,6.83508,19,116.6,13.6,1.78,7.45098,12.9412,83.6831,14.5098,8.99,-6.27439,1,8,0,0,3,74.902,0,0,5.632,0,181.4
979,167418.040,12.2761,11.7141,13.7031,31,-14.8438,-1.5625,1277.75,6.83508,18.5,116.6,13.69,1.8,7.84314,12.9412,86.929,14.5098,8.845,-6.26437,1,8,0,0,4,74.902,0,0,5.376,0,181.4
980,167418.080,12.1485,11.9437,13.7031,31,-17.1875,-1.5625,1286,6.83508,18.5,116.6,13.78,1.8,7.84314,12.9412,86.7875,14.5098,8.845,-6.26437,1,8,0,0,4,74.902,0,0,5.12,0,181.4
981,167418.120,12.1079,11.7141,13.7406,31,-17.9688,-1.5625,1305.75,6.83508,18.5,116.6,13.51,1.78,8.23529,13.3333,91.3944,14.5098,8.845,-6.17257,1,8,0,0,5,74.902,0,0,5.12,0,181.4
982,167418.160,11.9802,11.8289,13.7657,31,-21.0938,-1.5625,1335.75,7.45645,18.5,116.6,13.6,1.8,8.62745,13.3333,92.8767,14.5098,8.845,-6.03199,1,8,0,0,5,74.902,0,0,4.864,0,181.4
983,167418.200,12.3187,11.9437,13.7657,31,-21.875,-1.5625,1379.25,7.45645,18.5,116.6,14.74,1.84,8.62745,13.7255,92.2124,14.5098,8.845,-6.03199,1,8,0,0,6,74.902,0,0,4.864,0,181.4
984,167418.240,12.3187,12.0586,13.7973,31,-24.2188,-1.5625,1399.75,7.45645,18.5,116.6,15.08,1.84,8.62745,13.7255,93.9512,14.5098,8.845,-6.00898,1,8,0,0,6,74.902,0,0,4.864,0,181.4
985,167418.280,12.4444,12.4031,13.8226,31,-24.2188,-1.5625,1411,7.45645,18.5,116.6,15.51,1.86,8.62745,14.1176,91.7319,14.5098,8.845,-6.0257,1,8,0,0,7,74.902,0,0,4.864,0,181.4
986,167418.320,12.4869,12.7477,13.8226,31,-25,-1.5625,1373,7.45645,18,116.6,15.51,1.86,8.62745,13.7255,94.4944,14.5098,8.845,-6.0257,1,8,0,0,7,74.902,0,0,4.864,0,181.4
987,167418.360,12.6977,13.0922,13.8544,31,-25,-1.5625,1392.75,7.45645,18,116.6,15.58,1.86,8.62745,14.1176,94.0492,14.5098,8.845,-5.9453,1,8,0,0,7,74.902,0,0,4.864,0,181.4
988,167418.400,13.1174,13.207,13.8544,31,-25,-1.5625,1379.5,7.45645,18,116.6,15.83,1.84,8.62745,14.1176,94.2322,14.5098,8.845,-5.9453,1,8,0,0,8,74.902,0,0,4.864,0,181.4
989,167418.440,13.4133,13.5516,13.8799,31,-25,-1.5625,1443.75,7.45645,18,116.6,15.75,1.86,8.62745,13.7255,93.3341,14.5098,8.845,-5.94811,1,8,0,0,7,74.902,0,0,4.864,0,181.4
990,167418.480,13.7073,13.6664,13.912,31,-25,-1.5625,1437.25,8.07783,18,116.6,15.83,1.86,8.62745,13.7255,93.4234,14.5098,8.845,-5.97913,1,8,0,0,8,74.902,0,0,4.864,0,181.4
991,167418.520,13.9181,14.0109,13.912,31,-25,-1.5625,1488.75,8.07783,18,116.6,15.58,1.84,8.62745,13.3333,92.7037,14.5098,8.845,-5.97913,1,8,0,0,8,74.902,0,0,4.864,0,181.4
992,167418.560,14.2565,14.0109,13.9636,31,-25,-1.5625,1476.75,8.07783,18,116.6,14.91,1.82,8.62745,13.3333,92.8724,14.5098,8.845,-5.99426,1,8,0,0,9,74.902,0,0,4.864,0,181.4
993,167418.600,14.2565,14.2406,14.0222,31,-25,-1.5625,1500.5,8.07783,18.5,116.6,14.91,1.82,8.62745,13.3333,92.5401,14.5098,8.7,-5.99915,1,8,0,0,9,74.902,0,0,4.608,0,181.4
994,167418.640,14.4673,14.2406,14.0222,31,-25,-1.5625,1469.5,8.07783,18.5,116.6,14.91,1.82,8.62745,13.3333,92.9725,14.5098,8.555,-5.99915,1,8,0,0,10,74.902,0,0,4.608,0,181.4
995,167418.680,14.6356,14.3555,14.0878,31,-25,-1.5625,1490.75,8.07783,19,116.6,14.91,1.84,9.01961,13.7255,94.8326,14.5098,8.555,-5.92645,1,8,0,0,10,74.902,0,0,4.608,0,181.4
996,167418.720,14.5505,14.2406,14.1341,31,-25,-1.5625,1466,8.07783,18.5,116.6,15.83,1.86,9.01961,13.7255,95.1489,14.5098,8.41,-5.9205,1,8,0,0,11,74.902,0,0,4.608,0,181.4
997,167418.760,14.3397,14.2406,14.1341,31,-25,-1.5625,1517.25,8.07783,19,116.6,15.91,1.86,9.41177,13.7255,96.6858,14.5098,8.41,-5.9205,1,8,0,0,10,74.902,0,0,4.608,0,181.4
998,167418.800,14.7613,14.2406,14.1607,31,-25,-1.5625,1514.5,8.07783,19,116.6,15.98,1.86,9.41177,13.7255,96.7172,14.5098,8.41,-5.88027,1,8,0,0,11,74.902,0,0,4.608,0,181.4
999,167418.840,14.7613,14.4703,14.1607,31,-25,-1.5625,1567.5,8.07783,19,116.6,15.98,1.86,9.41177,13.7255,96.1042,14.5098,8.41,-5.88027,1,8,0,0,10,74.902,0,0,4.608,0,181.4
1000,167418.880,14.7613,14.4703,14.1941,31,-24.2188,-1.5625,1564.25,8.07783,19,116.6,16.06,1.86,9.41177,13.7255,96.1404,14.5098,8.41,-5.89606,1,8,0,0,11,74.902,0,0,4.608,0,181.4
1001,167418.920,14.8039,14.5852,14.2142,31,-24.2188,-1.5625,1593.25,8.07783,19,116.6,15.98,1.86,9.41177,13.7255,95.7968,14.5098,8.41,-5.90102,1,8,0,0,12,74.902,0,0,4.608,0,181.4
1002,167418.960,15.0572,14.5852,14.2142,31,-24.2188,-1.5625,1570,8.6992,19,116.6,16.06,1.88,9.41177,14.1176,96.2174,14.5098,8.265,-5.90102,1,8,0,0,12,74.902,0,0,4.608,0,181.4
1003,167419.000,15.0572,14.7,14.2478,31,-24.2188,-1.5625,1572,8.6992,19,116.6,16.52,1.88,9.41177,14.1176,96.0113,14.5098,8.265,-5.89273,1,8,0,0,12,74.902,0,0,4.608,0,181.4
1004,167419.040,14.7613,14.7,14.2681,31,-24.2188,-1.5625,1565.75,8.6992,19,116.6,16.06,1.86,9.41177,14.1176,96.1229,14.5098,8.265,-5.89123,1,8,0,0,12,74.902,0,0,4.608,0,181.4
1005,167419.080,14.6356,14.8148,14.2681,31,-23.4375,-1.5625,1603,8.6992,19,116.6,16.52,1.88,9.80392,14.1176,100.26,14.5098,8.265,-5.89123,1,8,0,0,13,74.902,0,0,4.608,0,181.4
1006,167419.120,14.5931,14.7,14.2884,31,-23.4375,-1.5625,1613,8.6992,19,116.6,16.6,1.88,10.1961,14.5098,104.685,14.5098,8.265,-5.54038,1,8,0,0,12,74.902,0,0,4.608,0,181.4
1007,167419.160,14.7188,14.9297,14.2884,31,-22.6563,-1.5625,1649.5,8.6992,19.5,116.6,17.37,1.9,10.1961,14.902,104.103,14.5098,8.265,-5.54038,1,8,0,0,13,74.902,0,0,4.608,0,181.4
1008,167419.200,15.1404,14.9297,14.3019,31,-22.6563,-1.5625,1653.5,8.6992,19,116.6,17.82,1.92,10.1961,14.902,101.736,14.5098,8.265,-5.61983,1,8,0,0,13,74.902,0,0,4.608,0,181.4
1009,167419.240,15.2255,15.0445,14.3019,31,-21.875,-1.5625,1642.25,8.6992,19,116.6,17.89,1.92,10.1961,14.902,101.423,14.5098,8.265,-5.6525,1,8,0,0,13,74.902,0,0,4.608,0,181.4
1010,167419.280,15.0147,15.1594,14.3019,31,-21.0938,-1.5625,1658,8.6992,19,116.6,18.04,1.92,10.1961,14.902,101.663,14.5098,8.41,-5.6525,1,8,0,0,13,74.902,0,0,4.608,0,181.4
1011,167419.320,15.3086,15.1594,14.3019,31,-20.3125,-1.5625,1600.75,8.6992,18.5,116.6,17.89,1.92,10.1961,14.902,102.585,14.5098,8.41,-5.61078,1,8,0,0,14,74.902,0,0,4.608,0,181.4
1012,167419.360,15.1404,15.2742,14.3019,31,-20.3125,-1.5625,1641.25,8.6992,18.5,116.6,17.97,1.9,10.1961,14.902,104.233,14.5098,8.41,-5.41191,1,8,0,0,14,74.902,0,0,4.608,0,181.4
1013,167419.400,15.6471,15.3891,14.3019,31,-19.5313,-1.5625,1666,8.6992,18.5,116.6,17.67,1.92,10.1961,14.902,103.835,14.5098,8.41,-5.41191,1,8,0,0,14,74.902,0,0,4.608,0,181.4
1014,167419.440,15.3512,15.5039,14.3087,31,-17.9688,-1.5625,1725.75,9.32057,19,116.6,17.75,1.92,10.1961,14.902,102.88,14.5098,8.41,-5.52702,1,8,0,0,14,74.902,0,0,4.608,0,181.4
1015,167419.480,15.3512,15.2742,14.3087,31,-17.9688,-1.5625,1721,9.32057,19,116.6,17.82,1.92,10.1961,14.902,100.647,14.5098,8.41,-5.52702,1,8,0,0,14,74.902,0,0,4.608,0,181.4
1016,167419.520,15.1829,15.1594,14.3292,31,-17.9688,-1.5625,1735.25,9.32057,19.5,116.6,18.04,1.94,10.1961,14.902,100.417,14.5098,8.41,-5.71899,1,8,0,0,15,74.902,0,0,4.608,0,181.4
1017,167419.560,15.0572,15.1594,14.3428,31,-17.9688,-1.5625,1744,9.32057,19.5,116.6,18.04,1.92,10.1961,14.902,100.36,14.5098,8.41,-5.7436,1,8,0,0,15,74.902,0,0,4.608,0,181.4
1018,167419.600,15.1404,15.0445,14.3428,31,-17.9688,-1.5625,1714.5,9.32057,19.5,116.6,18.11,1.92,10.1961,14.902,100.751,14.5098,8.41,-5.7436,1,8,0,0,15,74.902,0,0,4.608,0,181.4
1019,167419.640,14.8039,15.0445,14.3634,31,-17.1875,-1.5625,1733,9.32057,19.5,116.6,17.97,1.92,10.1961,14.902,100.45,14.5098,8.265,-5.72901,1,8,0,0,15,74.902,0,0,4.608,0,181.4
1020,167419.680,14.9721,14.9297,14.3702,31,-17.1875,-1.5625,1752.5,9.32057,19.5,116.6,17.89,1.92,9.80392,14.902,98.2613,14.5098,8.265,-5.83344,1,8,0,0,15,74.902,0,0,4.608,0,181.4
1021,167419.720,14.8039,14.9297,14.3702,31,-17.1875,-1.5625,1769,9.32057,19.5,116.6,17.82,1.92,9.41177,14.5098,95.2358,14.5098,8.265,-5.83344,1,8,0,0,16,74.902,0,0,4.352,0,181.4
1022,167419.760,14.887,14.9297,14.3908,31,-17.1875,-1.5625,1768.25,9.32057,20,116.6,17.52,1.9,9.41177,14.5098,92.9319,14.5098,8.265,-5.9222,1,8,0,0,16,74.902,0,0,4.352,0,181.4
1023,167419.800,14.9721,14.9297,14.3908,31,-16.4063,-1.5625,1785.5,9.32057,20,116.6,17.22,1.9,9.01961,14.5098,90.2333,14.5098,8.265,-5.9222,1,8,0,0,16,74.902,0,0,4.352,0,181.4
1024,167419.840,15.3937,15.0445,14.4046,31,-15.625,-1.5625,1823.75,9.94194,20.5,116.6,17.06,1.88,9.01961,14.1176,89.6881,14.5098,8.265,-6.11042,1,8,0,0,16,74.902,0,0,4.352,0,181.4
1025,167419.880,15.7728,14.9297,14.4461,31,-15.625,-1.5625,1835,9.94194,21,116.6,16.6,1.88,8.62745,14.1176,85.1774,14.5098,8.12,-6.30047,1,8,0,0,16,74.902,0,0,4.352,0,181.4
1026,167419.920,15.5194,14.9297,14.4461,31,-15.625,-1.5625,1839.75,9.94194,21.5,116.6,16.45,1.88,7.84314,13.7255,77.4973,14.5098,7.975,-6.30047,1,8,0,0,17,74.902,0,0,4.096,0,181.4
1027,167419.960,15.5194,14.8148,14.5578,31,-15.625,-1.5625,1838.25,9.94194,22,116.6,15.9,1.84,7.05882,13.3333,72.3351,14.5098,7.83,-6.65855,1,8,0,0,16,74.902,0,0,4.096,0,181.4
1028,167420.000,15.4769,14.7,14.5931,31,-15.625,-1.5625,1825.75,9.94194,22.5,116.6,14.65,1.82,7.05882,12.9412,72.5285,14.5098,7.685,-6.75612,1,8,0,0,17,74.902,0,0,3.84,0,181.4
1029,167420.040,15.3512,14.7,14.5931,31,-15.625,-1.5625,1843.75,9.94194,23.5,116.6,14.13,1.8,7.84314,12.9412,77.4296,14.5098,7.54,-6.75612,1,8,0,0,17,74.902,0,0,3.84,0,181.4
1030,167420.080,15.1404,14.5852,14.6428,31,-16.4063,-1.5625,1842.5,9.94194,24.5,116.6,14.22,1.8,7.84314,12.9412,77.4469,14.5098,7.25,-6.56798,1,8,0,0,17,74.902,0,0,3.584,0,181.4
1031,167420.120,15.1404,14.5852,14.6428,31,-15.625,-1.5625,1862.5,9.94194,25,116.6,14.22,1.84,7.84314,13.3333,77.1166,14.5098,7.25,-6.56798,1,8,0,0,18,74.902,0,0,3.584,0,181.4
1032,167420.160,14.6356,14.5852,14.6571,31,-16.4063,-1.5625,1883,9.94194,25,116.6,15.08,1.84,7.84314,13.3333,79.3425,14.5098,7.105,-6.60391,1,8,0,0,17,74.902,0,0,3.584,0,181.4
1033,167420.200,14.887,14.5852,14.6428,31,-16.4063,-1.5625,1873.75,9.94194,25.5,116.6,15.59,1.86,7.84314,13.7255,79.5006,14.5098,7.105,-6.5313,1,8,0,0,18,74.902,0,0,3.584,0,181.4
1034,167420.240,15.3512,14.5852,14.6428,31,-15.625,-1.5625,1904.5,9.94194,25.5,116.6,16.06,1.86,7.84314,13.7255,78.9723,14.5098,7.105,-6.5313,1,8,0,0,18,74.902,0,0,3.584,0,181.4
1035,167420.280,15.3937,14.7,14.6144,31,-15.625,-1.5625,1916,9.94194,25.5,116.6,16.14,1.86,7.45098,13.7255,73.6795,14.5098,7.105,-6.64936,1,8,0,0,18,74.902,0,0,3.584,0,181.4
1036,167420.320,15.4769,14.9297,14.6002,31,-14.8438,-1.5625,1911.25,10.5633,25.5,116.6,15.41,1.82,6.27451,12.549,63.5591,14.5098,7.105,-7.15351,1,8,0,0,18,73.3333,0,0,3.584,0,181.4
1037,167420.360,15.7728,15.1594,14.6002,31,-14.0625,-1.5625,1919.25,10.5633,25.5,116.6,13.87,1.8,6.27451,12.1569,60.8713,14.5098,6.96,-7.15351,1,8,0,0,18,73.3333,0,0,3.584,0,181.4
1038,167420.400,15.7728,15.1594,14.6286,31,-13.2813,-1.5625,1924.5,10.5633,26,116.6,13.25,1.78,6.27451,12.1569,60.8357,14.5098,6.815,-7.24133,1,8,0,0,18,72.9412,0,0,3.328,0,181.4
1039,167420.440,15.8985,15.2742,14.6286,31,-12.5,-1.5625,1920.25,10.5633,26,116.6,12.98,1.78,6.27451,11.7647,60.6609,14.5098,6.67,-7.24133,1,8,0,0,19,72.9412,0,0,3.328,0,181.4
1040,167420.480,16.3201,15.3891,14.6642,31,-12.5,-1.5625,1932,10.5633,26.5,116.6,13.07,1.78,6.27451,11.7647,63.275,14.5098,6.525,-7.2634,1,8,0,0,18,72.9412,0,0,3.328,0,181.4
1041,167420.520,16.3627,15.1594,14.6713,31,-12.5,-1.5625,1947,10.5633,27,116.6,12.98,1.76,6.27451,11.7647,63.0685,14.5098,6.38,-7.17968,1,8,0,0,18,73.7255,0,0,3.072,0,181.4
1042,167420.560,16.4458,15.1594,14.6713,31,-12.5,-1.5625,1949,10.5633,27,116.6,12.71,1.78,6.27451,12.1569,63.0421,14.5098,6.235,-7.17968,1,8,0,0,19,73.7255,0,0,3.072,0,181.4
1043,167420.600,16.237,15.0445,14.6642,31,-12.5,-1.5625,1950.75,10.5633,27.5,116.6,13.16,1.78,6.27451,12.1569,63.0178,14.5098,6.235,-7.18889,1,8,0,0,18,73.7255,0,0,3.072,0,181.4
1044,167420.640,16.1519,14.9297,14.6428,31,-11.7188,-1.5625,1968.5,10.5633,27.5,116.6,13.25,1.78,6.27451,12.1569,63.0449,14.5098,6.235,-7.22518,1,8,0,0,18,74.5098,0,0,3.072,0,181.4
1045,167420.680,16.0262,15.0445,14.6428,31,-11.7188,-1.5625,1970.75,10.5633,27.5,116.6,13.25,1.78,6.27451,12.1569,62.7412,14.5098,6.235,-7.22518,1,8,0,0,18,74.5098,0,0,3.072,0,181.4
1046,167420.720,16.0262,15.0445,14.6144,31,-10.9375,-1.5625,1966.25,10.5633,27.5,116.6,13.25,1.78,6.27451,12.1569,60.2874,14.5098,6.235,-7.2521,1,8,0,0,17,74.5098,0,0,3.072,0,181.4
1047,167420.760,15.7303,15.1594,14.6144,31,-10.1563,-1.5625,1966,10.5633,27.5,116.6,13.51,1.8,6.27451,12.549,60.5171,14.5098,6.235,-7.2521,1,8,0,0,18,74.5098,0,0,3.072,0,181.4
1048,167420.800,15.7303,15.2742,14.6002,31,-9.375,-1.5625,1980.25,10.5633,27.5,116.6,13.51,1.8,6.27451,12.549,60.1023,14.5098,6.235,-7.33085,1,8,0,0,18,74.1176,0,0,3.072,0,181.4
1049,167420.840,15.7728,15.5039,14.5931,31,-8.59375,-1.5625,1991.5,10.5633,27.5,116.6,13.6,1.78,6.27451,12.1569,59.8127,14.5098,6.235,-7.38336,1,8,0,0,17,74.902,0,0,3.072,0,181.4
1050,167420.880,16.0668,15.7336,14.5931,31,-7.8125,-1.5625,1984.25,10.5633,27.5,116.6,13.25,1.78,5.4902,12.1569,55.0373,14.5098,6.235,-7.38336,1,8,0,0,18,74.902,0,0,3.072,0,181.4
1051,167420.920,16.1519,15.9633,14.586,31,-6.25,-1.5625,2003.25,10.5633,27.5,116.6,12.89,1.76,5.4902,11.7647,52.3018,14.5098,6.09,-7.58304,1,8,0,0,18,74.902,0,0,3.072,0,181.4
1052,167420.960,16.4052,16.0781,14.5931,31,-5.46875,-1.5625,1995,10.5633,28,116.6,12.18,1.74,5.4902,11.3725,52.2625,14.5098,6.09,-7.67978,1,8,0,0,17,74.902,0,0,2.816,0,181.4
1053,167421.000,16.6992,16.0781,14.5931,31,-4.6875,-1.5625,1994.75,10.5633,28,116.6,11.84,1.74,5.09804,10.9804,49.9129,14.5098,5.945,-7.67978,1,8,0,0,18,74.902,0,0,2.816,0,181.4
1054,167421.040,16.1519,16.0781,14.6215,31,-3.90625,-1.5625,1998.5,10.5633,28,116.6,11.69,1.72,4.70588,10.9804,44.8775,14.5098,5.8,-7.9667,1,8,0,0,18,74.5098,0,0,2.816,0,181.4
1055,167421.080,16.4052,16.0781,14.6215,31,-3.125,-1.5625,1990.25,10.5633,28,116.6,11.41,1.7,4.31373,10.5882,42.3874,14.5098,5.8,-7.9667,1,8,0,0,17,74.5098,0,0,2.816,0,181.4
1056,167421.120,16.4884,15.9633,14.6357,31,-2.34375,-1.5625,1990.75,10.5633,28,116.6,11.38,1.7,4.31373,10.5882,42.4479,14.5098,5.655,-8.0646,1,8,0,0,18,74.5098,0,0,2.816,0,181.4
1057,167421.160,16.3627,15.8484,14.6428,31,-2.34375,-1.5625,2003.5,10.5633,28,116.6,11.13,1.68,3.92157,10.5882,37.3357,14.5098,5.51,-8.26904,1,8,0,0,17,74.5098,0,0,2.56,0,181.4
1058,167421.200,16.1944,15.7336,14.6428,31,-1.5625,-1.5625,2008,10.5633,28,116.6,10.78,1.66,3.52941,9.80392,32.2509,14.5098,5.51,-8.26904,1,8,0,0,17,74.5098,0,0,2.56,0,181.4
1059,167421.240,15.9411,15.6187,14.6499,31,-1.5625,-1.5625,2017.75,10.5633,28,116.6,9.88,1.64,3.13725,9.41177,29.7579,14.5098,5.365,-8.58793,1,8,0,0,17,74.902,0,0,2.56,0,181.4
1060,167421.280,15.8153,15.5039,14.6642,31,-1.5625,-1.5625,2036.25,10.5633,28,116.6,9.77,1.62,2.7451,9.41177,27.173,14.5098,5.22,-8.68995,1,8,0,0,17,74.902,0,0,2.56,0,181.4
1061,167421.320,15.8153,15.3891,14.6642,31,-1.5625,-1.5625,2019.25,10.5633,28,116.6,9.49,1.6,2.7451,9.01961,25.4015,14.5098,5.075,-8.68995,1,8,0,0,17,74.902,0,0,2.304,0,181.4
1062,167421.360,15.6471,15.2742,14.6785,31,-.78125,-1.5625,2015.75,10.5633,28,116.6,9.39,1.6,2.35294,9.01961,23.8631,14.5098,4.93,-8.79806,1,8,0,0,17,74.902,0,0,2.304,0,181.4
1063,167421.400,15.6045,15.1594,14.6785,31,-.78125,-1.5625,2005,10.5633,28,116.6,9.22,1.6,1.96078,9.01961,22.3484,14.5098,4.785,-8.79806,1,8,0,0,17,74.902,0,0,2.304,0,181.4
1064,167421.440,15.3937,15.1594,14.6713,31,-.78125,-1.5625,1990.5,10.5633,28,116.6,9.36,1.6,1.17647,9.01961,20.8501,14.5098,4.785,-8.8854,1,8,0,0,16,74.5098,0,0,2.304,0,181.4
1065,167421.480,15.0572,15.1594,14.6571,31,-.78125,-1.5625,1998.25,10.5633,28,116.6,9.05,1.58,.392157,9.01961,19.3623,14.5098,4.64,-8.96951,1,8,0,0,16,73.7255,0,0,2.304,0,181.4
1066,167421.520,15.0978,15.1594,14.6571,31,-.78125,-1.5625,2003.25,10.5633,28,116.6,9.17,1.58,0,9.01961,17.8712,14.5098,4.64,-8.96951,1,8,0,0,16,73.7255,0,0,2.304,0,181.4
1067,167421.560,15.0978,15.1594,14.6428,31,0,-1.5625,2003.5,10.5633,27.5,116.6,8.56,1.56,0,9.01961,16.3598,14.5098,4.64,-9.08359,1,8,0,0,16,0,0,0,2.048,0,181.4
1068,167421.600,15.0572,15.1594,14.6286,31,0,-1.5625,2020.25,10.5633,27,116.6,8.8,1.58,0,8.62745,14.8386,14.5098,4.64,-9.18373,1,8,0,0,6,0,0,0,2.048,0,181.4
1069,167421.640,15.1404,15.2742,14.6286,31,.78125,-1.5625,2015.5,10.5633,26.5,116.6,8.56,1.56,0,8.23529,13.3083,14.5098,4.495,-9.18373,1,8,0,0,3,0,0,0,2.048,0,181.4
1070,167421.680,15.2255,15.2742,14.6215,31,1.5625,-1.5625,2007.75,10.5633,26,114.8,8.25,1.56,0,8.23529,11.7824,14.5098,4.495,-9.28165,1,8,0,0,1,0,0,0,2.048,0,181.4
1071,167421.720,15.0978,15.3891,14.6215,31,1.5625,-1.5625,2010,10.5633,25,114.8,8.25,1.56,0,8.23529,10.2667,14.5098,4.35,-9.28165,1,8,0,0,0,0,0,0,2.048,0,181.4
1072,167421.760,15.3512,15.3891,14.6144,31,2.34375,-1.5625,2000,10.5633,24.5,114.8,8.08,1.54,0,7.84314,8.76388,14.5098,4.35,-9.37892,1,8,0,0,0,0,0,0,2.048,0,181.4
1073,167421.800,15.5194,15.3891,14.6144,31,2.34375,-1.5625,1984,10.5633,24,114.8,7.96,1.52,0,7.84314,7.27902,14.5098,4.35,-9.47089,1,8,0,0,0,0,0,0,2.048,0,181.4
1074,167421.840,15.6471,15.3891,14.6144,31,3.125,-1.5625,1976.25,10.5633,23,114.8,7.86,1.52,0,7.84314,5.82166,14.5098,4.205,-9.47089,1,8,0,0,0,0,0,0,2.048,0,181.4
1075,167421.880,15.5194,15.3891,14.6144,31,3.125,-1.5625,1965.5,10.5633,22.5,114.8,7.77,1.5,0,7.45098,4.38491,14.5098,4.205,-9.51271,1,8,0,0,0,0,0,0,2.048,0,181.4
1076,167421.920,15.3937,15.3891,14.5578,31,3.125,-1.5625,1930.75,10.5633,22,114.8,7.67,1.5,0,7.05882,2.97743,14.5098,4.205,-9.49316,1,8,0,0,0,0,0,0,0,0,181.4
1077,167421.960,15.3512,15.2742,14.5578,31,3.90625,-1.5625,1916.75,10.5633,21.5,114.8,7.63,1.48,0,7.05882,1.6238,14.5098,4.205,-9.49316,1,8,0,0,0,0,0,0,0,0,181.4
1078,167422.000,15.3512,15.2742,14.5578,31,3.90625,-1.5625,1887.75,10.5633,20.5,114.8,7.61,1.48,0,7.05882,.336282,14.5098,4.06,-9.45896,1,8,0,0,0,0,0,0,0,0,181.4
1079,167422.040,15.3937,15.3891,14.5578,31,4.6875,-1.5625,1890.75,10.5633,20,114.8,7.37,1.46,0,7.05882,0,14.5098,4.06,-9.45896,1,8,0,0,1,0,0,0,0,0,181.4
1080,167422.080,15.3937,15.5039,14.5578,31,4.6875,-1.5625,1908.75,10.5633,24,114.8,6.63,1.46,0,6.66667,0,14.5098,4.06,-9.48395,1,8,0,0,0,0,0,0,2.048,0,181.4
1081,167422.120,15.6045,15.8484,14.5578,31,5.46875,-1.5625,1937.75,10.5633,22.5,114.8,6.72,1.46,0,6.66667,0,14.5098,3.915,-9.62452,1,8,0,0,0,0,0,0,1.792,0,181.4
1082,167422.160,16.1093,16.0781,14.5578,31,6.25,-1.5625,1993.75,10.5633,16.5,114.8,6.81,1.46,0,6.66667,0,14.5098,3.915,-9.62452,1,8,0,0,1,0,0,0,1.792,0,181.4
1083,167422.200,16.616,16.3078,14.5508,31,7.03125,-1.5625,1964,10.5633,20,114.8,6.54,1.46,0,6.66667,0,14.5098,3.915,-9.72876,1,8,0,0,1,0,0,0,1.792,0,181.4
1084,167422.240,16.91,16.5375,14.586,31,7.03125,-1.5625,1934.5,10.5633,23,114.8,6.63,1.46,0,6.66667,0,14.5098,3.77,-9.61608,1,8,0,0,1,0,0,0,1.792,0,181.4
1085,167422.280,17.4167,16.7672,14.586,31,7.8125,-1.5625,1906.75,10.5633,24,114.8,6.54,1.46,0,7.05882,0,14.5098,3.77,-9.61608,1,8,0,0,1,0,0,0,1.792,0,181.4
1086,167422.320,17.6256,16.882,14.586,31,8.59375,-1.5625,1884.25,9.94194,24.5,114.8,6.54,1.46,0,7.05882,0,14.5098,3.77,-9.50402,1,8,0,0,1,0,0,0,1.792,0,181.4
1087,167422.360,18.3856,16.7672,14.586,31,9.375,-1.5625,1846.5,9.94194,24.5,114.8,6.91,1.46,0,7.05882,0,14.5098,3.77,-9.50402,1,8,0,0,1,0,0,0,1.792,0,181.4
1088,167422.400,17.6256,16.6523,14.5578,31,9.375,-1.5625,1831.25,9.94194,24.5,114.8,6.63,1.46,0,7.05882,0,14.5098,3.77,-9.39933,1,8,0,0,1,0,0,0,1.792,0,181.4
1089,167422.440,17.2465,16.3078,14.5578,31,9.375,-1.5625,1840.25,9.94194,24.5,114.8,6.63,1.46,0,7.05882,0,14.5098,3.77,-9.34891,1,8,0,0,1,0,0,0,1.792,0,181.4
1090,167422.480,17.0357,16.193,14.5578,31,9.375,-1.5625,1860.5,9.94194,24.5,114.8,6.54,1.46,0,7.05882,0,14.5098,3.77,-9.34891,1,8,0,0,1,0,0,0,1.792,0,181.4
1091,167422.520,16.4884,15.8484,14.5578,31,10.1563,-1.5625,1871.75,9.94194,24,114.8,6.54,1.46,0,7.05882,0,14.5098,3.77,-9.4321,1,8,0,0,1,0,0,0,1.792,0,181.4
1092,167422.560,16.3627,15.7336,14.5578,31,10.1563,-1.5625,1870.25,9.94194,24,114.8,6.72,1.46,0,7.05882,0,14.5098,3.77,-9.45786,1,8,0,0,1,0,0,0,1.792,0,181.4
1093,167422.600,15.9411,15.5039,14.5578,31,10.1563,-1.5625,1871.75,9.94194,24,114.8,6.72,1.46,0,7.05882,0,14.5098,3.77,-9.45786,1,8,0,0,1,0,0,0,1.792,0,181.4
1094,167422.640,15.6877,15.3891,14.5578,31,10.1563,-1.5625,1850.5,9.94194,24.5,114.8,6.72,1.46,0,7.05882,0,14.5098,3.77,-9.4179,1,8,0,0,1,0,0,0,1.792,0,181.4
1095,167422.680,15.562,15.2742,14.5578,31,10.1563,-1.5625,1792.5,9.94194,24.5,114.8,6.72,1.46,0,7.05882,0,14.5098,3.77,-9.4179,1,8,0,0,1,0,0,0,1.792,0,181.4
1096,167422.720,15.4363,15.2742,14.5578,31,10.1563,-1.5625,1779.25,9.94194,24,114.8,6.72,1.46,0,7.05882,0,14.5098,3.77,-9.26606,1,8,0,0,1,0,0,0,1.792,0,181.4
1097,167422.760,15.3512,15.1594,14.5578,31,10.1563,-1.5625,1773.75,9.94194,24,114.8,6.91,1.46,0,7.05882,0,14.5098,3.77,-9.21976,1,8,0,0,1,0,0,0,1.792,0,181.4
1098,167422.800,15.268,15.1594,14.5578,31,10.1563,-1.5625,1785,9.94194,24.5,114.8,6.81,1.46,0,6.66667,0,14.5098,3.77,-9.21976,1,8,0,0,1,0,0,0,2.048,0,181.4
1099,167422.840,15.268,15.0445,14.5578,31,10.1563,-1.5625,1775.25,9.94194,24,114.8,6.72,1.46,0,7.05882,0,14.5098,3.77,-9.21384,1,8,0,0,1,0,0,0,2.048,0,181.4
1100,167422.880,15.1829,15.0445,14.5578,31,10.9375,-1.5625,1769.5,9.32057,24,114.8,6.81,1.46,0,6.66667,0,14.5098,3.77,-9.22925,1,8,0,0,1,0,0,0,2.048,0,181.4
1101,167422.920,15.6045,15.0445,14.5578,31,10.9375,-1.5625,1765.5,9.32057,24,114.8,6.72,1.46,0,6.66667,0,14.5098,3.77,-9.22925,1,8,0,0,1,0,0,0,2.048,0,181.4
1102,167422.960,15.6045,15.0445,14.5649,31,10.9375,-1.5625,1755.5,9.32057,24,114.8,6.4,1.46,0,6.66667,0,14.5098,3.77,-9.20602,1,8,0,0,1,0,0,0,2.048,0,181.4
1103,167423.000,15.562,15.0445,14.5649,31,10.9375,-1.5625,1755.25,9.32057,24,114.8,6.4,1.44,0,6.66667,0,14.5098,3.77,-9.20602,1,8,0,0,1,0,0,0,2.048,0,181.4
1104,167423.040,15.5194,14.9297,14.5649,31,10.9375,-1.5625,1752.75,9.32057,23.5,114.8,6.37,1.46,0,6.66667,0,14.5098,3.77,-9.18799,1,8,0,0,1,0,0,0,2.048,0,181.4
1105,167423.080,15.562,14.9297,14.5649,31,10.9375,-1.5625,1723.25,9.32057,23,114.8,6.5,1.46,0,6.66667,0,14.5098,3.77,-9.09525,1,8,0,0,1,0,0,0,2.048,0,181.4
1106,167423.120,15.562,14.9297,14.5649,31,10.9375,-1.5625,1698.75,9.32057,22.5,114.8,6.54,1.46,0,6.66667,0,14.5098,3.77,-9.09525,1,8,0,0,1,0,0,0,2.048,0,181.4
1107,167423.160,15.6045,14.8148,14.5649,31,10.9375,-1.5625,1654.75,9.32057,22,114.8,6.63,1.46,0,6.66667,0,14.5098,3.77,-8.99037,1,8,0,0,1,0,0,0,2.048,0,181.4
1108,167423.200,15.5194,14.8148,14.5649,31,10.9375,-1.5625,1631.75,8.6992,21.5,114.8,6.5,1.46,0,6.66667,0,14.5098,3.77,-8.86981,1,8,0,0,1,0,0,0,2.048,0,181.4
1109,167423.240,15.3512,14.7,14.5649,31,10.9375,-1.5625,1620.25,8.6992,21,114.8,6.5,1.44,0,6.66667,0,14.5098,3.77,-8.86981,1,8,0,0,1,0,0,0,2.048,0,181.4
1110,167423.280,15.4363,14.7,14.5649,31,10.9375,-1.5625,1615.75,8.6992,21,114.8,6.29,1.44,0,6.66667,0,14.5098,3.77,-8.85761,1,8,0,0,1,0,0,0,2.048,0,181.4
1111,167423.320,15.3512,14.7,14.5649,31,10.9375,-1.5625,1612,8.6992,21,114.8,6.22,1.44,0,6.66667,0,14.5098,3.77,-8.85761,1,8,0,0,1,0,0,0,2.048,0,181.4
1112,167423.360,15.3512,14.7,14.5649,31,10.9375,-1.5625,1586.5,8.6992,20.5,114.8,6.14,1.44,0,6.66667,0,14.5098,3.77,-8.81885,1,8,0,0,1,0,0,0,2.048,0,181.4
1113,167423.400,15.1829,14.7,14.5649,31,10.9375,-1.5625,1563.5,8.6992,20.5,114.8,6.18,1.44,0,6.27451,0,14.5098,3.77,-8.79165,1,8,0,0,1,0,0,0,2.048,0,181.4
1114,167423.440,15.1829,14.5852,14.5649,31,10.9375,-1.5625,1553,8.07783,20.5,114.8,6.18,1.44,0,6.27451,0,14.5098,3.77,-8.79165,1,8,0,0,1,0,0,0,2.048,0,181.4
1115,167423.480,15.1404,14.5852,14.5649,31,10.9375,-1.5625,1538.75,8.07783,20,114.8,6.22,1.44,0,6.27451,0,14.5098,3.77,-8.79166,1,8,0,0,1,0,0,0,2.048,0,181.4
1116,167423.520,15.0978,14.5852,14.5649,31,10.9375,-1.5625,1514.5,8.07783,20,114.8,6.22,1.44,0,6.27451,0,14.5098,3.77,-8.79167,1,8,0,0,1,0,0,0,2.048,0,181.4
1117,167423.560,15.0572,14.4703,14.5649,31,10.9375,-1.5625,1501.75,8.07783,19.5,114.8,6.18,1.44,0,6.27451,0,14.5098,3.77,-8.79167,1,8,0,0,1,0,0,0,2.048,0,181.4
1118,167423.600,14.9296,14.4703,14.5649,31,10.9375,-1.5625,1492.75,8.07783,19.5,114.8,6.14,1.44,0,6.27451,0,14.5098,3.77,-8.79169,1,8,0,0,0,0,0,0,2.048,0,181.4
1119,167423.640,14.9296,14.4703,14.5649,31,10.1563,-1.5625,1479,8.07783,19.5,114.8,6.18,1.44,0,6.27451,0,14.5098,3.77,-8.79169,1,8,0,0,1,0,0,0,2.048,0,181.4
1120,167423.680,14.9721,14.3555,14.5649,31,10.1563,-1.5625,1452.25,7.45645,19,114.8,6.11,1.42,0,6.27451,0,14.5098,3.77,-8.7917,1,8,0,0,0,0,0,0,2.048,0,181.4
1121,167423.720,14.887,14.3555,14.5649,31,10.1563,-1.5625,1431.25,7.45645,19,114.8,6.07,1.44,0,6.27451,0,14.5098,3.915,-8.79172,1,8,0,0,0,0,0,0,2.048,0,181.4
1122,167423.760,14.8039,14.3555,14.5649,31,10.1563,-1.5625,1411.5,7.45645,19,114.8,6.03,1.42,0,6.27451,0,14.5098,3.915,-8.79172,1,8,0,0,0,0,0,0,2.048,0,181.4
1123,167423.800,14.8039,14.3555,14.5649,31,10.1563,-1.5625,1402,7.45645,18.5,114.8,6.07,1.44,0,6.27451,0,14.5098,3.915,-8.79173,1,8,0,0,0,0,0,0,2.048,0,181.4
1124,167423.840,14.9296,14.2406,14.5649,31,10.1563,-1.5625,1385,6.83508,18.5,114.8,6.14,1.42,0,6.27451,0,14.5098,3.915,-8.79174,1,8,0,0,0,0,0,0,2.048,0,181.4
1125,167423.880,14.3397,14.2406,14.5649,31,10.1563,-1.5625,1365.75,6.83508,18.5,114.8,6,1.42,0,6.27451,0,14.5098,3.915,-8.79174,1,8,0,0,0,0,0,0,2.048,0,181.4
1126,167423.920,14.4248,14.1258,14.5649,31,9.375,-1.5625,1356,6.83508,18,114.8,5.92,1.42,0,6.27451,0,14.5098,3.915,-8.79175,1,8,0,0,0,0,0,0,2.048,0,181.4
1127,167423.960,14.3397,14.1258,14.5649,31,9.375,-1.5625,1350.75,6.83508,18,114.8,6,1.42,0,6.27451,0,14.5098,3.915,-8.79175,1,8,0,0,0,0,0,0,2.048,0,181.4
1128,167424.000,14.0883,14.1258,14.5649,31,9.375,-1.5625,1355,6.83508,18,114.8,5.96,1.42,0,6.27451,0,14.5098,3.915,-8.79177,1,8,0,0,0,0,0,0,2.048,0,181.4
1129,167424.040,14.214,14.0109,14.5297,31,8.59375,-1.5625,1344.25,6.83508,18,114.8,6,1.42,0,6.27451,0,14.5098,3.915,-8.79178,1,8,0,0,0,0,0,0,2.048,0,181.4
1130,167424.080,14.1289,14.0109,14.5297,31,8.59375,-1.5625,1333,6.21371,18,114.8,6,1.42,0,6.27451,0,14.5098,3.915,-8.79178,1,8,0,0,0,0,0,0,2.048,0,181.4
1131,167424.120,14.0032,13.8961,14.5367,31,8.59375,-1.5625,1325.5,6.21371,18,114.8,5.92,1.42,0,6.27451,0,14.5098,3.915,-8.79179,1,8,0,0,0,0,0,0,2.048,0,181.4
1132,167424.160,13.9606,13.8961,14.5297,31,8.59375,-1.5625,1316.25,6.21371,18,114.8,5.96,1.42,0,6.27451,0,14.5098,3.915,-8.7918,1,8,0,0,0,0,0,0,2.048,0,181.4
1133,167424.200,13.9181,13.7813,14.5297,31,7.8125,-1.5625,1309.5,6.21371,17.5,114.8,5.92,1.42,0,6.27451,0,14.5098,3.915,-8.7918,1,8,0,0,0,0,0,0,2.048,0,181.4
1134,167424.240,13.8349,13.7813,14.5157,31,7.8125,-1.5625,1304,5.59234,17.5,114.8,5.89,1.4,0,6.27451,0,14.5098,4.06,-8.79181,1,8,0,0,0,0,0,0,2.048,0,181.4
1135,167424.280,13.8349,13.7813,14.5157,31,7.03125,-1.5625,1300.25,5.59234,17.5,114.8,5.85,1.42,0,6.27451,0,14.5098,4.06,-8.79181,1,8,0,0,0,0,0,0,2.048,0,181.4
1136,167424.320,13.6667,13.6664,14.5087,31,7.03125,-1.5625,1303.25,5.59234,17.5,114.8,5.89,1.42,0,5.88235,0,14.5098,4.06,-8.79182,1,8,0,0,0,0,0,0,2.048,0,181.4
1137,167424.360,13.7073,13.6664,14.5017,31,7.03125,-1.5625,1306.5,5.59234,17.5,114.8,5.81,1.4,0,5.88235,0,14.5098,4.06,-8.79184,1,8,0,0,0,0,0,0,2.048,0,181.4
1138,167424.400,13.6241,13.5516,14.5017,31,6.25,-1.5625,1309.5,4.97097,17.5,114.8,5.81,1.4,0,5.88235,0,14.5098,4.06,-8.79184,1,8,0,0,0,0,0,0,2.048,0,181.4
1139,167424.440,13.7073,13.5516,14.4948,31,6.25,-1.5625,1303.75,4.97097,17.5,114.8,5.81,1.42,0,5.88235,0,14.5098,4.06,-8.79185,1,8,0,0,0,0,0,0,2.304,0,181.4
1140,167424.480,13.539,13.5516,14.4948,31,5.46875,.78125,1295.25,4.97097,16.5,114.8,5.85,1.42,0,6.27451,0,14.5098,4.06,-8.79186,1,8,0,0,0,0,0,0,2.048,0,181.4
1141,167424.520,13.539,13.4367,14.4948,31,5.46875,.78125,1293.25,4.97097,16.5,114.8,5.85,1.42,0,5.88235,0,14.5098,4.06,-8.79186,1,8,0,0,0,0,0,0,2.048,0,181.4
1142,167424.560,13.5816,13.4367,14.4948,31,4.6875,.78125,1294.75,4.3496,16.5,114.8,5.92,1.42,0,5.88235,0,14.5098,4.06,-8.79187,1,8,0,0,0,0,0,0,2.048,0,181.4
1143,167424.600,13.4133,13.4367,14.4948,31,4.6875,.78125,1289.75,4.3496,16.5,114.8,5.96,1.42,0,5.88235,0,14.5098,4.06,-8.79187,1,8,0,0,0,0,0,0,2.048,0,181.4
1144,167424.640,13.3282,13.4367,14.4948,31,4.6875,.78125,1295.25,4.3496,16.5,114.8,5.92,1.42,0,5.88235,0,14.5098,4.06,-8.79188,1,8,0,0,0,0,0,0,2.048,0,181.4
1145,167424.680,13.3282,13.4367,14.4878,31,3.90625,.78125,1291.25,4.3496,16.5,114.8,5.92,1.42,0,5.88235,0,14.5098,4.205,-8.79189,1,8,0,0,0,0,0,0,2.048,0,181.4
1146,167424.720,13.4133,13.4367,14.4878,31,3.90625,.78125,1291.75,4.3496,16.5,114.8,6,1.42,0,5.88235,0,14.5098,4.205,-8.79189,1,8,0,0,0,0,0,0,2.048,0,181.4
1147,167424.760,13.2025,13.5516,14.4878,31,3.125,.78125,1284.75,4.3496,16.5,114.8,6,1.42,0,5.88235,0,14.5098,4.205,-8.79184,1,8,0,0,0,0,0,0,2.048,0,181.4
1148,167424.800,13.3708,13.5516,14.4878,31,3.125,.78125,1283.75,3.72823,16.5,114.8,5.96,1.42,0,5.88235,0,14.5098,4.205,-8.79186,1,8,0,0,0,0,0,0,2.048,0,181.4
1149,167424.840,13.2876,13.5516,14.4878,31,3.125,.78125,1287.25,3.72823,16.5,114.8,5.85,1.4,0,5.88235,0,14.5098,4.205,-8.79186,1,8,0,0,0,0,0,0,2.048,0,181.4
1150,167424.880,13.2876,13.5516,14.4878,31,2.34375,.78125,1283.25,3.72823,16.5,114.8,5.58,1.38,0,5.4902,0,14.5098,4.205,-8.79187,1,8,0,0,0,0,0,0,2.048,0,181.4
1151,167424.920,13.2876,13.5516,14.4878,31,2.34375,.78125,1283.5,3.72823,16.5,114.8,5.5,1.38,0,5.09804,0,14.5098,4.205,-8.79187,1,8,0,0,0,0,0,0,2.048,0,181.4
1152,167424.960,13.539,13.6664,14.4878,31,2.34375,.78125,1270,3.10686,16.5,114.8,5.28,1.34,0,5.09804,0,14.5098,4.205,-8.79188,1,8,0,0,0,0,0,0,2.048,0,181.4
1153,167425.000,13.4559,13.6664,14.4948,31,2.34375,.78125,1267.25,3.10686,16.5,114.8,4.85,1.32,0,4.70588,0,14.5098,4.205,-8.79189,1,8,0,0,0,0,0,0,2.048,0,181.4
1154,167425.040,13.3282,13.6664,14.4948,31,1.5625,.78125,1259,3.10686,16.5,114.8,4.69,1.32,0,4.70588,0,14.5098,4.205,-8.79189,1,8,0,0,0,0,0,0,2.048,0,181.4
1155,167425.080,13.5816,13.6664,14.5017,31,1.5625,.78125,1245,3.10686,16.5,114.8,4.44,1.3,0,4.31373,0,14.5098,4.205,-8.7919,1,8,0,0,0,0,0,0,2.048,0,181.4
1156,167425.120,13.9606,13.6664,14.5157,31,1.5625,.78125,1221.25,3.10686,16.5,114.8,4.21,1.28,0,4.31373,0,14.5098,4.06,-8.79185,1,8,0,0,0,0,0,0,2.048,0,181.4
1157,167425.160,13.9606,13.6664,14.5157,31,1.5625,.78125,1213.5,3.10686,16.5,114.8,4.08,1.28,0,4.31373,0,14.5098,4.06,-8.79185,1,8,0,0,0,0,0,0,2.048,0,181.4
1158,167425.200,14.0457,13.6664,14.5297,31,.78125,.78125,1194.25,2.48548,16.5,114.8,3.93,1.26,0,4.31373,0,14.5098,4.06,-8.7964,1,8,0,0,0,0,0,0,2.048,0,181.4
1159,167425.240,14.1289,13.6664,14.5297,31,.78125,.78125,1172.75,2.48548,16.5,114.8,3.91,1.28,0,4.31373,0,14.5098,4.06,-8.7964,1,8,0,0,0,0,0,0,2.048,0,181.4
1160,167425.280,14.1289,13.6664,14.5438,31,0,.78125,1154.5,2.48548,16.5,114.8,3.85,1.26,0,4.31373,0,14.5098,4.06,-8.82179,1,8,0,0,0,0,0,0,2.048,0,181.4
1161,167425.320,13.9606,13.6664,14.5297,31,0,.78125,1146.75,2.48548,16.5,114.8,3.83,1.26,0,4.31373,0,14.5098,3.915,-8.84071,1,8,0,0,0,0,0,0,1.792,0,181.4
1162,167425.360,14.1714,13.5516,14.5297,31,0,.78125,1109.75,2.48548,16.5,114.8,3.83,1.26,0,4.31373,0,14.5098,3.915,-8.84071,1,8,0,0,0,0,0,0,1.792,0,181.4
1163,167425.400,14.0032,13.5516,14.4948,31,-.78125,.78125,1084,2.48548,16.5,114.8,3.85,1.28,0,4.31373,0,14.5098,3.915,-8.87473,1,8,0,0,0,0,0,0,1.792,0,181.4
1164,167425.440,14.3823,13.5516,14.4461,31,-.78125,.78125,1010,2.48548,16.5,114.8,3.91,1.26,0,4.31373,0,14.5098,3.915,-8.96637,1,8,0,0,0,0,0,0,1.792,0,181.4
1165,167425.480,14.1289,13.5516,14.4461,31,-1.5625,.78125,997.75,2.48548,17.5,114.8,3.96,1.28,0,4.70588,0,14.5098,3.915,-8.96637,1,8,0,0,0,0,0,0,1.792,0,181.4
1166,167425.520,14.0457,13.5516,14.3908,31,-1.5625,.78125,973.75,1.86411,17.5,114.8,4.08,1.3,0,4.70588,0,14.5098,3.915,-8.99974,1,8,0,0,0,0,0,0,1.792,0,181.4
1167,167425.560,14.0457,13.5516,14.3908,31,-1.5625,.78125,966.5,1.86411,17.5,114.8,4.12,1.28,0,4.70588,0,14.5098,4.06,-8.99974,1,8,0,0,0,0,0,0,1.792,0,181.4
1168,167425.600,14.0457,13.5516,14.3634,31,-1.5625,.78125,925.75,1.86411,17.5,114.8,4.33,1.3,0,4.70588,0,14.5098,4.06,-9.03131,1,8,0,0,0,0,0,0,2.048,0,181.4
1169,167425.640,14.0457,13.5516,14.3292,31,-1.5625,.78125,892.25,1.86411,17.5,114.8,4.41,1.32,0,4.70588,0,14.5098,4.06,-9.07468,1,8,0,0,0,0,0,0,2.048,0,181.4
1170,167425.680,14.0032,13.5516,14.3292,31,-2.34375,.78125,867.5,1.86411,17.5,114.8,4.41,1.32,0,4.70588,0,14.5098,4.06,-9.07468,1,8,0,0,1,0,0,0,2.048,0,181.4
1171,167425.720,14.0032,13.6664,14.2816,31,-2.34375,.78125,841.25,1.86411,17.5,114.8,4.33,1.32,0,4.70588,0,14.5098,4.06,-9.09745,1,8,0,0,1,0,0,0,2.048,0,181.4
1172,167425.760,14.0457,13.6664,14.2276,31,-2.34375,.78125,830,1.86411,17.5,114.8,4.41,1.32,0,4.70588,0,14.5098,4.205,-9.13187,1,8,0,0,0,0,0,0,2.048,0,181.4
1173,167425.800,13.9181,13.6664,14.2276,31,-2.34375,.78125,803.75,1.86411,17.5,114.8,4.41,1.3,0,4.70588,0,14.5098,4.205,-9.13187,1,8,0,0,0,0,0,0,2.048,0,181.4
1174,167425.840,14.0032,13.7813,13.9184,31,-2.34375,.78125,789.25,1.86411,17.5,114.8,4.48,1.3,0,4.70588,0,14.5098,4.35,-9.15938,1,8,0,0,0,0,0,0,2.048,0,181.4
1175,167425.880,14.0032,13.8961,13.9184,31,-2.34375,.78125,759.5,1.86411,17.5,114.8,4.48,1.3,0,4.70588,0,14.5098,4.495,-9.15938,1,8,0,0,0,0,0,0,2.048,0,181.4
1176,167425.920,13.9606,13.8961,13.8928,31,-2.34375,.78125,746,1.86411,17.5,114.8,4.48,1.32,0,4.70588,0,14.5098,4.64,-9.15939,1,8,0,0,0,0,0,0,2.304,0,181.4
1177,167425.960,13.9181,14.0109,13.8799,31,-2.34375,.78125,730.25,1.86411,17.5,114.8,4.48,1.32,0,4.70588,0,14.5098,4.64,-9.1594,1,8,0,0,0,0,0,0,2.304,0,181.4
1178,167426.000,14.0457,14.0109,13.8799,31,-1.5625,.78125,723.75,1.24274,17.5,114.8,4.45,1.32,0,4.70588,0,14.5098,4.785,-9.1594,1,8,0,0,0,0,0,0,2.304,0,181.4
1179,167426.040,14.0032,14.1258,13.8735,31,-1.5625,.78125,707.25,1.24274,17.5,114.8,4.41,1.32,0,4.70588,0,14.5098,4.785,-9.15942,1,8,0,0,0,0,0,0,2.304,0,181.4
1180,167426.080,14.0883,14.1258,13.8672,31,-1.5625,.78125,714.25,1.24274,17.5,114.8,4.41,1.32,0,4.70588,0,14.5098,4.93,-9.15943,1,8,0,0,0,0,0,0,2.304,0,181.4
1181,167426.120,14.1289,14.2406,13.8672,31,-1.5625,.78125,712.75,1.24274,17.5,114.8,4.37,1.32,0,4.70588,0,14.5098,5.075,-9.15943,1,8,0,0,0,0,0,0,2.304,0,181.4
1182,167426.160,14.0457,14.2406,13.8289,31,-1.5625,.78125,711.5,1.24274,17.5,114.8,4.37,1.32,0,4.70588,0,14.5098,5.075,-9.15944,1,8,0,0,0,0,0,0,2.304,0,181.4
1183,167426.200,14.1714,14.3555,13.8289,31,-1.5625,.78125,710,1.24274,17.5,114.8,4.33,1.3,0,4.70588,0,14.5098,5.22,-9.15944,1,8,0,0,0,0,0,0,2.304,0,181.4
1184,167426.240,14.3823,14.3555,13.8672,31,-.78125,.78125,722,1.24274,17.5,114.8,4.25,1.3,0,4.70588,0,14.5098,5.22,-9.15944,1,8,0,0,0,0,0,0,2.304,0,181.4
1185,167426.280,14.4673,14.4703,14.0091,31,-.78125,.78125,725.25,1.24274,17.5,114.8,4.25,1.3,0,4.70588,0,14.5098,5.22,-9.15945,1,8,0,0,0,0,0,0,2.304,0,181.4
1186,167426.320,14.4673,14.4703,14.0091,31,-.78125,.78125,741.75,1.24274,17.5,114.8,4.25,1.3,0,4.70588,0,14.5098,5.365,-9.15945,1,8,0,0,0,0,0,0,2.304,0,181.4
1187,167426.360,14.5931,14.5852,14.0026,31,-.78125,.78125,749.25,1.24274,17.5,114.8,4.25,1.3,0,4.70588,0,14.5098,5.365,-9.15946,1,8,0,0,0,0,0,0,2.304,0,181.4
1188,167426.400,14.6782,14.5852,14.0026,31,-.78125,.78125,775.75,0,17.5,114.8,4.25,1.3,0,4.70588,0,14.5098,5.365,-9.15947,1,8,0,0,0,0,0,0,2.304,0,181.4
1189,167426.440,14.6782,14.7,14.0026,31,0,.78125,786.75,0,17.5,114.8,4.25,1.3,0,4.70588,0,14.5098,5.365,-9.15947,1,8,0,0,0,0,0,0,2.56,0,181.4
1190,167426.480,14.8464,14.7,14.0091,31,0,.78125,810.25,0,17.5,114.8,4.18,1.3,0,4.70588,0,14.5098,5.365,-9.15012,1,8,0,0,0,0,0,0,2.304,0,181.4
1191,167426.520,15.0147,14.7,14.0091,31,0,.78125,820.5,0,17.5,114.8,4.18,1.3,0,4.70588,0,14.5098,5.365,-9.15012,1,8,0,0,0,0,0,0,2.304,0,181.4
1192,167426.560,15.1404,14.7,14.0156,31,0,.78125,843.5,0,17.5,114.8,4.18,1.3,0,4.70588,0,14.5098,5.365,-9.14069,1,8,0,0,0,0,0,0,2.304,0,181.4
1193,167426.600,15.0978,14.7,14.0352,31,0,.78125,875.5,0,17,114.8,4.21,1.28,0,4.70588,0,14.5098,5.365,-9.10607,1,8,0,0,0,0,0,0,2.304,0,181.4
1194,167426.640,15.1404,14.7,14.0352,31,0,.78125,880.25,0,17,114.8,4.21,1.28,0,4.70588,0,14.5098,5.365,-9.10607,1,8,0,0,0,0,0,0,2.304,0,181.4
1195,167426.680,15.268,14.5852,14.0483,31,0,.78125,903.25,0,17,114.8,4.29,1.3,0,4.70588,0,14.5098,5.365,-9.08589,1,8,0,0,0,0,0,0,2.304,0,181.4
1196,167426.720,15.2255,14.5852,14.0812,31,0,.78125,920,0,16.5,114.8,4.29,1.3,0,4.70588,0,14.5098,5.22,-9.04932,1,8,0,0,0,0,0,0,2.304,0,181.4
1197,167426.760,15.268,14.4703,14.0812,31,0,.78125,947.25,0,15,114.8,4.25,1.3,0,4.70588,0,14.5098,5.22,-9.04932,1,8,0,0,0,0,0,0,2.304,0,181.4
1198,167426.800,15.268,14.4703,14.1076,31,-.78125,.78125,967.75,0,12.5,114.8,4.22,1.28,0,4.31373,0,14.5098,5.22,-9.01628,1,8,0,0,0,0,0,0,2.304,0,181.4
1199,167426.840,15.268,14.3555,14.1076,31,-.78125,.78125,965,0,13,114.8,4.18,1.3,0,4.31373,0,14.5098,5.22,-9.01628,1,8,0,0,0,0,0,0,2.304,0,181.4
1200,167426.880,15.3086,14.3555,14.1407,31,-.78125,.78125,970.5,0,12.5,114.8,4.18,1.3,0,4.31373,0,14.5098,5.075,-9.00789,1,8,0,0,0,0,0,0,2.304,0,181.4
1201,167426.920,14.5931,14.3555,14.174,31,-.78125,.78125,974.25,0,12,114.8,4.12,1.28,0,4.31373,0,14.5098,5.075,-9.0112,1,8,0,0,0,0,0,0,2.304,0,181.4
1202,167426.960,14.5505,14.2406,14.174,31,-.78125,.78125,961.75,0,13,114.8,4.06,1.28,0,4.31373,0,14.5098,4.93,-9.0112,1,8,0,0,0,0,0,0,2.048,0,181.4
1203,167427.000,14.5505,14.2406,14.2075,31,-1.5625,.78125,965.5,0,13,114.8,4.06,1.28,0,4.31373,0,14.5098,4.93,-9.01103,1,8,0,0,0,0,0,0,2.048,0,181.4
1204,167427.040,14.508,14.2406,14.2343,31,-1.5625,.78125,954.5,0,14,114.8,4.06,1.28,0,4.31373,0,14.5098,4.93,-9.01755,1,8,0,0,0,0,0,0,2.048,0,181.4
1205,167427.080,14.2972,14.1258,14.2343,31,-1.5625,.78125,950.5,0,14.5,114.8,4.1,1.26,0,4.31373,0,14.5098,4.785,-9.01755,1,8,0,0,0,0,0,0,2.048,0,181.4
1206,167427.120,14.3823,14.1258,14.2478,31,-1.5625,.78125,951,0,14,114.8,4.06,1.28,0,4.31373,0,14.5098,4.785,-9.02121,1,8,0,0,0,0,0,0,2.048,0,181.4
1207,167427.160,14.3823,14.1258,14.2478,31,-1.5625,.78125,936,0,15.5,114.8,4.04,1.28,0,4.31373,0,14.5098,4.785,-9.02121,1,8,0,0,0,0,0,0,2.048,0,181.4
1208,167427.200,14.2565,14.1258,14.2545,31,-1.5625,.78125,938.25,0,15.5,114.8,4,1.28,0,4.31373,0,14.5098,4.785,-9.03465,1,8,0,0,0,0,0,0,2.048,0,181.4
1209,167427.240,14.0457,14.1258,14.2681,31,-1.5625,.78125,927.75,0,16,114.8,4.04,1.26,0,4.31373,0,14.5098,4.785,-9.04233,1,8,0,0,0,0,0,0,2.048,0,181.4
1210,167427.280,14.214,14.1258,14.2681,31,-1.5625,.78125,915.75,0,16.5,114.8,4.06,1.28,0,4.70588,0,14.5098,4.785,-9.04233,1,8,0,0,0,0,0,0,2.048,0,181.4
1211,167427.320,14.1714,14.1258,14.2613,31,-1.5625,.78125,915,0,16.5,114.8,4.12,1.3,0,4.70588,0,14.5098,4.785,-9.05321,1,8,0,0,0,0,0,0,2.048,0,181.4
1212,167427.360,14.6782,14.1258,14.2478,31,-1.5625,.78125,895,0,17,114.8,4.16,1.3,0,4.70588,0,14.5098,4.785,-9.07234,1,8,0,0,0,0,0,0,2.048,0,181.4
1213,167427.400,14.7188,14.2406,14.2478,31,-1.5625,.78125,890,0,17,114.8,4.22,1.3,0,4.70588,0,14.5098,4.785,-9.07234,1,8,0,0,0,0,0,0,2.048,0,181.4
1214,167427.440,14.214,14.2406,14.2276,31,-1.5625,.78125,890.25,0,17,114.8,4.33,1.3,0,4.70588,0,14.5098,4.785,-9.08694,1,8,0,0,0,0,0,0,2.048,0,181.4
1215,167427.480,14.0883,14.2406,14.2276,31,-1.5625,.78125,885.75,0,17,114.8,4.37,1.3,0,4.70588,0,14.5098,4.785,-9.08694,1,8,0,0,0,0,0,0,2.048,0,181.4
1216,167427.520,14.1714,14.2406,14.2343,31,-1.5625,.78125,886.25,0,17,114.8,4.37,1.3,0,4.70588,0,14.5098,4.785,-9.08086,1,8,0,0,0,0,0,0,2.048,0,181.4
1217,167427.560,14.214,14.3555,14.2276,31,-1.5625,.78125,873.5,0,17,114.8,4.37,1.32,0,4.70588,0,14.5098,4.785,-9.09207,1,8,0,0,0,0,0,0,2.048,0,181.4
1218,167427.600,14.1714,14.3555,14.2276,31,-1.5625,.78125,873,0,17,114.8,4.37,1.3,0,4.70588,0,14.5098,4.785,-9.09207,1,8,0,0,0,0,0,0,2.048,0,181.4
1219,167427.640,14.2972,14.3555,14.2142,31,-1.5625,.78125,859.25,0,17,114.8,4.37,1.3,0,4.70588,0,14.5098,4.785,-9.10513,1,8,0,0,0,0,0,0,2.048,0,181.4
1220,167427.680,14.2565,14.4703,14.2142,31,-.78125,.78125,854.25,0,17,114.8,4.41,1.3,0,4.70588,0,14.5098,4.785,-9.10973,1,8,0,0,0,0,0,0,2.048,0,181.4
1221,167427.720,14.2565,14.4703,14.2142,31,-.78125,.78125,868,0,17,114.8,4.41,1.3,0,4.70588,0,14.5098,4.785,-9.10973,1,8,0,0,0,0,0,0,2.304,0,181.4
1222,167427.760,14.2972,14.5852,14.2209,31,-.78125,.78125,866.75,0,17,114.8,4.33,1.3,0,4.70588,0,14.5098,4.785,-9.09706,1,8,0,0,0,0,0,0,2.304,0,181.4
1223,167427.800,14.3397,14.5852,14.2209,31,-.78125,.78125,872.5,0,17,114.8,4.37,1.32,0,4.70588,0,14.5098,4.785,-9.09706,1,8,0,0,0,0,0,0,2.304,0,181.4
1224,167427.840,14.3823,14.5852,14.2209,31,-.78125,.78125,861.5,0,17,114.8,4.33,1.32,0,4.70588,0,14.5098,4.785,-9.09308,1,8,0,0,0,0,0,0,2.304,0,181.4
1225,167427.880,14.508,14.7,14.2209,31,0,.78125,865.5,0,17,114.8,4.33,1.3,0,4.70588,0,14.5098,4.785,-9.09941,1,8,0,0,0,0,0,0,2.304,0,181.4
1226,167427.920,14.5505,14.7,14.2209,31,0,.78125,847.5,0,17,114.8,4.37,1.3,0,4.70588,0,14.5098,4.785,-9.09941,1,8,0,0,0,0,0,0,2.304,0,181.4
1227,167427.960,14.5931,14.7,14.2008,31,0,.78125,824.75,0,17,114.8,4.33,1.28,0,4.70588,0,14.5098,4.785,-9.11536,1,8,0,0,0,0,0,0,2.304,0,181.4
1228,167428.000,14.3823,14.7,14.1874,31,0,.78125,826.25,0,17,114.8,4.33,1.3,0,4.70588,0,14.5098,4.785,-9.13557,1,8,0,0,0,0,0,0,2.304,0,181.4
1229,167428.040,14.6782,14.7,14.1874,31,.78125,.78125,831.25,0,17,114.8,4.33,1.3,0,4.31373,0,14.5098,4.785,-9.13557,1,8,0,0,0,0,0,0,2.304,0,181.4
1230,167428.080,14.5931,14.7,14.1874,31,.78125,.78125,838.25,0,17,114.8,4.29,1.3,0,4.31373,0,14.5098,4.93,-9.13083,1,8,0,0,0,0,0,0,2.304,0,181.4
1231,167428.120,14.7188,14.8148,14.1874,31,.78125,.78125,838,0,17,114.8,4.25,1.3,0,4.31373,0,14.5098,4.93,-9.13083,1,8,0,0,0,0,0,0,2.304,0,181.4
1232,167428.160,14.8039,14.8148,14.1941,31,.78125,.78125,850.5,0,16.5,114.8,4.25,1.3,0,4.31373,0,14.5098,4.93,-9.12475,1,8,0,0,0,0,0,0,2.304,0,181.4
1233,167428.200,14.8039,14.8148,14.1941,31,.78125,.78125,846,0,16.5,114.8,4.25,1.3,0,4.31373,0,14.5098,4.93,-9.11731,1,8,0,0,0,0,0,0,2.304,0,181.4
1234,167428.240,15.3086,14.7,14.1941,31,.78125,.78125,858.75,0,16,114.8,4.25,1.28,0,4.31373,0,14.5098,4.93,-9.11731,1,8,0,0,0,0,0,0,2.304,0,181.4
1235,167428.280,15.1829,14.7,14.2075,31,.78125,.78125,870.25,0,15.5,114.8,4.18,1.28,0,4.31373,0,14.5098,4.93,-9.10343,1,8,0,0,0,0,0,0,2.304,0,181.4
1236,167428.320,15.268,14.7,14.2142,31,.78125,.78125,866.25,0,15.5,114.8,4.18,1.28,0,4.31373,0,14.5098,4.93,-9.09881,1,8,0,0,0,0,0,0,2.304,0,181.4
1237,167428.360,15.268,14.7,14.2142,31,.78125,.78125,878.75,0,14.5,114.8,4.18,1.3,0,4.31373,0,14.5098,4.93,-9.09881,1,8,0,0,0,0,0,0,2.304,0,181.4
1238,167428.400,15.268,14.5852,14.2209,31,.78125,.78125,871.75,0,15,114.8,4.18,1.3,0,4.31373,0,14.5098,4.93,-9.09377,1,8,0,0,0,0,0,0,2.304,0,181.4
1239,167428.440,15.3512,14.5852,14.2209,31,.78125,.78125,876,0,14.5,114.8,4.18,1.3,0,4.31373,0,14.5098,4.93,-9.09377,1,8,0,0,0,0,0,0,2.304,0,181.4
1240,167428.480,15.268,14.5852,14.2276,31,.78125,.78125,869.75,0,15,114.8,4.14,1.28,0,4.31373,0,14.5098,4.93,-9.0899,1,8,0,0,0,0,0,0,2.304,0,181.4
1241,167428.520,15.3086,14.4703,14.2343,31,.78125,.78125,867.75,0,15,114.8,4.1,1.26,0,4.31373,0,14.5098,4.93,-9.09012,1,8,0,0,0,0,0,0,2.304,0,181.4
1242,167428.560,15.268,14.4703,14.2343,31,.78125,.78125,870.25,0,15,114.8,4.06,1.28,0,4.31373,0,14.5098,4.93,-9.09012,1,8,0,0,0,0,0,0,2.304,0,181.4
1243,167428.600,15.268,14.4703,14.2343,31,.78125,.78125,864.25,0,15.5,114.8,4.04,1.28,0,4.31373,0,14.5098,4.93,-9.09503,1,8,0,0,0,0,0,0,2.304,0,181.4
1244,167428.640,15.1404,14.4703,14.2343,31,.78125,.78125,869,0,15,114.8,4.04,1.3,0,4.31373,0,14.5098,4.93,-9.09631,1,8,0,0,0,0,0,0,2.304,0,181.4
1245,167428.680,15.2255,14.3555,14.2343,31,.78125,.78125,865.25,0,15,114.8,4.04,1.28,0,4.31373,0,14.5098,4.93,-9.09631,1,8,0,0,0,0,0,0,2.304,0,181.4
1246,167428.720,14.6782,14.3555,14.2343,31,.78125,.78125,867.25,0,15,114.8,4.06,1.28,0,4.31373,0,14.5098,4.93,-9.09793,1,8,0,0,0,0,0,0,2.304,0,181.4
1247,167428.760,14.5931,14.3555,14.2343,31,.78125,.78125,847,0,16,114.8,4.06,1.26,0,4.31373,0,14.5098,4.93,-9.09793,1,8,0,0,0,0,0,0,2.304,0,181.4
1248,167428.800,14.508,14.3555,14.2209,31,.78125,.78125,834.5,0,16.5,114.8,4.04,1.26,0,4.31373,0,14.5098,4.93,-9.1166,1,8,0,0,0,0,0,0,2.304,0,181.4
1249,167428.840,14.3397,14.3555,14.2142,31,.78125,.78125,835.75,0,16.5,114.8,4.04,1.28,0,4.31373,0,14.5098,4.93,-9.12811,1,8,0,0,0,0,0,0,2.304,0,181.4
1250,167428.880,14.4673,14.2406,14.2142,31,.78125,.78125,831,0,16,114.8,4.08,1.28,0,4.31373,0,14.5098,4.93,-9.12811,1,8,0,0,0,0,0,0,2.304,0,181.4
1251,167428.920,14.4248,14.2406,14.2142,31,.78125,.78125,836,0,16,114.8,4.06,1.28,0,4.31373,0,14.5098,4.93,-9.1312,1,8,0,0,0,0,0,0,2.304,0,181.4
1252,167428.960,14.4248,14.3555,14.2142,31,.78125,.78125,832.5,0,16,114.8,4.1,1.3,0,4.31373,0,14.5098,4.93,-9.12986,1,8,0,0,0,0,0,0,2.304,0,181.4
1253,167429.000,14.3823,14.2406,14.2142,31,.78125,.78125,841,0,15.5,114.8,4.1,1.3,0,4.31373,0,14.5098,4.93,-9.12986,1,8,0,0,0,0,0,0,2.304,0,181.4
1254,167429.040,14.3397,14.2406,14.2142,31,.78125,.78125,829.75,0,16,114.8,4.06,1.28,0,4.31373,0,14.5098,4.93,-9.13235,1,8,0,0,0,0,0,0,2.304,0,181.4
1255,167429.080,14.2565,14.3555,14.2142,31,.78125,.78125,830,0,16,114.8,4.06,1.28,0,4.31373,0,14.5098,4.93,-9.13235,1,8,0,0,0,0,0,0,2.304,0,181.4
1256,167429.120,14.2565,14.3555,14.2142,31,.78125,.78125,821.75,0,16,114.8,4.06,1.26,0,4.31373,0,14.5098,4.93,-9.13984,1,8,0,0,0,0,0,0,2.304,0,181.4
1257,167429.160,14.2565,14.3555,14.2209,31,.78125,.78125,833,0,15.5,114.8,4,1.26,0,4.31373,0,14.5098,4.93,-9.12975,1,8,0,0,0,0,0,0,2.304,0,181.4
1258,167429.200,14.1289,14.3555,14.2209,31,.78125,.78125,844.75,0,15,114.8,3.98,1.26,0,4.31373,0,14.5098,4.93,-9.12975,1,8,0,0,0,0,0,0,2.304,0,181.4
1259,167429.240,14.214,14.3555,14.2276,31,.78125,.78125,842.75,0,15,114.8,3.98,1.26,0,4.31373,0,14.5098,4.93,-9.11875,1,8,0,0,0,0,0,0,2.304,0,181.4
1260,167429.280,14.214,14.3555,14.2276,31,.78125,.78125,847,0,14.5,114.8,3.98,1.28,0,4.31373,0,14.5098,4.93,-9.11665,1,8,0,0,0,0,0,0,2.304,0,181.4
1261,167429.320,14.2972,14.3555,14.2276,31,.78125,.78125,841.75,0,15,114.8,3.98,1.28,0,4.31373,0,14.5098,4.93,-9.11665,1,8,0,0,0,0,0,0,2.304,0,181.4
1262,167429.360,14.2565,14.3555,14.2276,31,.78125,.78125,843.25,0,14.5,114.8,3.95,1.28,0,4.31373,0,14.5098,4.93,-9.12009,1,8,0,0,0,0,0,0,2.304,0,181.4
1263,167429.400,14.5931,14.3555,14.2276,31,.78125,.78125,837,0,15,114.8,3.93,1.28,0,4.31373,0,14.5098,4.93,-9.12009,1,8,0,0,0,0,0,0,2.304,0,181.4
1264,167429.440,14.3823,14.3555,14.2276,31,.78125,.78125,841.25,0,14.5,114.8,3.98,1.26,0,4.31373,0,14.5098,4.93,-9.12587,1,8,0,0,0,0,0,0,2.304,0,181.4
1265,167429.480,14.6782,14.3555,14.2343,31,.78125,.78125,846,0,14,114.8,3.98,1.26,0,4.31373,0,14.5098,4.93,-9.12224,1,8,0,0,0,0,0,0,2.304,0,181.4
1266,167429.520,14.214,14.3555,14.2343,31,.78125,.78125,835,0,15,114.8,3.98,1.26,0,4.31373,0,14.5098,4.93,-9.12224,1,8,0,0,0,0,0,0,2.304,0,181.4
1267,167429.560,14.5505,14.3555,14.2343,31,.78125,.78125,835.5,0,15,114.8,3.98,1.28,0,4.31373,0,14.5098,4.93,-9.1277,1,8,0,0,0,0,0,0,2.304,0,181.4
1268,167429.600,14.508,14.3555,14.2209,31,.78125,.78125,820,0,16,114.8,3.98,1.28,0,4.31373,0,14.5098,4.93,-9.14153,1,8,0,0,0,0,0,0,2.304,0,181.4
1269,167429.640,14.5931,14.3555,14.2209,31,.78125,.78125,817,0,16,114.8,3.98,1.28,0,4.31373,0,14.5098,4.93,-9.14153,1,8,0,0,0,0,0,0,2.304,0,181.4
1270,167429.680,14.508,14.3555,14.2209,31,.78125,.78125,814.25,0,16,116.6,3.98,1.28,0,4.31373,0,14.5098,4.93,-9.14676,1,8,0,0,0,0,0,0,2.304,0,181.4
1271,167429.720,14.508,14.3555,14.2209,31,.78125,.78125,821,0,15.5,116.6,3.98,1.28,0,4.31373,0,14.5098,4.93,-9.14676,1,8,0,0,0,0,0,0,2.304,0,181.4
1272,167429.760,14.4248,14.3555,14.2276,31,.78125,.78125,815.25,0,16,116.6,4,1.28,0,4.31373,0,14.5098,4.93,-9.14046,1,8,0,0,0,0,0,0,2.304,0,181.4
1273,167429.800,14.4248,14.3555,14.2209,31,.78125,.78125,822.5,0,15.5,116.6,3.98,1.28,0,4.31373,0,14.5098,4.93,-9.13914,1,8,0,0,0,0,0,0,2.304,0,181.4
1274,167429.840,14.4248,14.3555,14.2209,31,.78125,.78125,813.5,0,15.5,116.6,3.98,1.26,0,4.31373,0,14.5098,4.93,-9.13914,1,8,0,0,0,0,0,0,2.304,0,181.4
1275,167429.880,14.3397,14.3555,14.2142,31,.78125,.78125,821.5,0,15.5,116.6,4,1.26,0,4.31373,0,14.5098,4.93,-9.14182,1,8,0,0,0,0,0,0,2.304,0,181.4
1276,167429.920,14.4248,14.3555,14.2142,31,.78125,.78125,823,0,15,116.6,3.95,1.26,0,4.31373,0,14.5098,4.93,-9.13865,1,8,0,0,0,0,0,0,2.304,0,181.4
1277,167429.960,14.3823,14.3555,14.2142,31,.78125,.78125,813.5,0,15.5,116.6,3.98,1.26,0,4.31373,0,14.5098,4.93,-9.13865,1,8,0,0,0,0,0,0,2.304,0,181.4
1278,167430.000,14.3823,14.3555,14.2142,31,.78125,.78125,816.5,0,15.5,116.6,3.98,1.26,0,4.31373,0,14.5098,4.93,-9.14745,1,8,0,0,0,0,0,0,2.304,0,181.4
1279,167430.040,14.4248,14.3555,14.2142,31,.78125,.78125,809.5,0,15.5,116.6,3.98,1.28,0,4.31373,0,14.5098,4.93,-9.14745,1,8,0,0,0,0,0,0,2.304,0,181.4
1280,167430.080,14.4248,14.3555,14.2142,31,.78125,.78125,817.5,0,15,116.6,3.95,1.28,0,4.31373,0,14.5098,4.93,-9.15097,1,8,0,0,0,0,0,0,2.304,0,181.4
1281,167430.120,14.3823,14.3555,14.2142,31,.78125,.78125,816,0,15,116.6,3.93,1.28,0,4.31373,0,14.5098,4.93,-9.14514,1,8,0,0,0,0,0,0,2.304,0,181.4
1282,167430.160,14.3397,14.3555,14.2142,31,.78125,.78125,823,0,14.5,116.6,3.93,1.28,0,4.31373,0,14.5098,4.93,-9.14514,1,8,0,0,0,0,0,0,2.304,0,181.4
1283,167430.200,14.4248,14.3555,14.2209,31,1.5625,.78125,824,0,14,116.6,3.93,1.28,0,4.31373,0,14.5098,4.93,-9.13775,1,8,0,0,0,0,0,0,2.304,0,181.4
1284,167430.240,14.4248,14.3555,14.2276,31,1.5625,.78125,830,0,13.5,116.6,3.93,1.26,0,4.31373,0,14.5098,4.93,-9.13232,1,8,0,0,0,0,0,0,2.304,0,181.4
1285,167430.280,14.3397,14.3555,14.2276,31,1.5625,.78125,822.5,0,14.5,116.6,3.89,1.26,0,4.31373,0,14.5098,4.93,-9.13232,1,8,0,0,0,0,0,0,2.304,0,181.4
1286,167430.320,14.4248,14.3555,14.2276,31,1.5625,.78125,816.5,0,15,116.6,3.89,1.26,0,4.31373,0,14.5098,4.93,-9.13635,1,8,0,0,0,0,0,0,2.304,0,181.4
1287,167430.360,14.9296,14.3555,14.2276,31,1.5625,.78125,820.5,0,14.5,116.6,3.87,1.26,0,4.31373,0,14.5098,4.93,-9.13635,1,8,0,0,0,0,0,0,2.304,0,181.4
1288,167430.400,14.7188,14.3555,14.2276,31,1.5625,.78125,814,0,15,116.6,3.87,1.26,0,4.31373,0,14.5098,4.93,-9.14098,1,8,0,0,0,0,0,0,2.304,0,181.4
1289,167430.440,14.9721,14.3555,14.2276,31,1.5625,.78125,819,0,14.5,116.6,3.89,1.26,0,4.31373,0,14.5098,4.93,-9.14236,1,8,0,0,0,0,0,0,2.304,0,181.4
1290,167430.480,15.0572,14.3555,14.2276,31,1.5625,.78125,809,0,15.5,116.6,3.89,1.26,0,4.31373,0,14.5098,4.93,-9.14236,1,8,0,0,0,0,0,0,2.304,0,181.4
1291,167430.520,14.9296,14.3555,14.2209,31,1.5625,.78125,812.25,0,15,116.6,3.87,1.28,0,4.31373,0,14.5098,4.93,-9.15146,1,8,0,0,0,0,0,0,2.304,0,181.4
1292,167430.560,14.9296,14.3555,14.2276,31,1.5625,.78125,807.5,0,15,116.6,3.87,1.28,0,4.31373,0,14.5098,4.93,-9.15299,1,8,0,0,0,0,0,0,2.304,0,181.4
1293,167430.600,14.9721,14.3555,14.2276,31,1.5625,.78125,815.25,0,14.5,116.6,3.87,1.28,0,4.31373,0,14.5098,4.93,-9.15299,1,8,0,0,0,0,0,0,2.304,0,181.4
1294,167430.640,14.9721,14.3555,14.2276,31,1.5625,.78125,813.75,0,14.5,116.6,3.89,1.28,0,4.31373,0,14.5098,4.93,-9.14713,1,8,0,0,0,0,0,0,2.304,0,181.4
1295,167430.680,14.8464,14.3555,14.2276,31,1.5625,.78125,815.75,0,14,116.6,3.89,1.26,0,4.31373,0,14.5098,4.93,-9.14713,1,8,0,0,0,0,0,0,2.304,0,181.4
1296,167430.720,14.9721,14.3555,14.2276,31,1.5625,.78125,796,0,15.5,116.6,3.87,1.26,0,4.31373,0,14.5098,4.93,-9.14536,1,8,0,0,0,0,0,0,2.304,0,181.4
1297,167430.760,14.9721,14.3555,14.2276,31,1.5625,.78125,794.75,0,15.5,116.6,3.87,1.26,0,4.31373,0,14.5098,4.93,-9.15986,1,8,0,0,0,0,0,0,2.304,0,181.4
1298,167430.800,15.1404,14.3555,14.2276,31,1.5625,.78125,783.75,0,16,116.6,3.91,1.26,0,4.31373,0,14.5098,4.93,-9.15986,1,8,0,0,0,0,0,0,2.304,0,181.4
1299,167430.840,14.9721,14.3555,14.2276,31,1.5625,.78125,789.5,0,15.5,116.6,3.87,1.26,0,4.31373,0,14.5098,4.93,-9.15986,1,8,0,0,0,0,0,0,2.304,0,181.4
1300,167430.880,15.0572,14.3555,14.2276,31,1.5625,.78125,792,0,15.5,116.6,3.87,1.26,0,4.31373,0,14.5098,4.93,-9.15987,1,8,0,0,0,0,0,0,2.304,0,181.4
1301,167430.920,15.0147,14.3555,14.2276,31,1.5625,.78125,789.75,0,15.5,116.6,3.93,1.26,0,4.31373,0,14.5098,4.93,-9.15987,1,8,0,0,0,0,0,0,2.304,0,181.4
1302,167430.960,15.0978,14.3555,14.2209,31,1.5625,.78125,795.25,0,15.5,116.6,3.93,1.26,0,4.31373,0,14.5098,4.93,-9.15988,1,8,0,0,0,0,0,0,2.304,0,181.4
1303,167431.000,14.8039,14.3555,14.2209,31,1.5625,.78125,782.25,0,16,116.6,3.93,1.26,0,4.31373,0,14.5098,4.93,-9.15988,1,8,0,0,0,0,0,0,2.304,0,181.4
1304,167431.040,15.0978,14.3555,14.2209,31,1.5625,.78125,788.75,0,15.5,116.6,3.93,1.26,0,4.31373,0,14.5098,4.93,-9.15982,1,8,0,0,0,0,0,0,2.304,0,181.4
1305,167431.080,15.1404,14.3555,14.2209,31,1.5625,.78125,786.25,0,15.5,116.6,3.91,1.26,0,4.31373,0,14.5098,4.93,-9.15983,1,8,0,0,0,0,0,0,2.304,0,181.4
1306,167431.120,15.0572,14.3555,14.2209,31,1.5625,.78125,786,0,15.5,116.6,3.87,1.26,0,4.31373,0,14.5098,4.93,-9.15983,1,8,0,0,0,0,0,0,2.304,0,181.4
1307,167431.160,15.0147,14.3555,14.2209,31,1.5625,.78125,781.75,0,15.5,116.6,3.87,1.28,0,4.31373,0,14.5098,4.93,-9.15984,1,8,0,0,0,0,0,0,2.304,0,181.4
1308,167431.200,15.0572,14.3555,14.2209,31,1.5625,.78125,790.5,0,15,116.6,3.93,1.28,0,4.31373,0,14.5098,4.93,-9.15984,1,8,0,0,0,0,0,0,2.304,0,181.4
1309,167431.240,15.1404,14.3555,14.2209,31,1.5625,.78125,774.75,0,16,116.6,3.93,1.28,0,4.31373,0,14.5098,4.93,-9.15984,1,8,0,0,0,0,0,0,2.304,0,181.4
1310,167431.280,14.9721,14.3555,14.2142,31,1.5625,.78125,776,0,15.5,116.6,3.93,1.28,0,4.31373,0,14.5098,4.93,-9.15985,1,8,0,0,0,0,0,0,2.304,0,181.4
1311,167431.320,15.0572,14.4703,14.2142,31,1.5625,.78125,770.75,0,16,116.6,3.93,1.28,0,4.31373,0,14.5098,4.93,-9.15985,1,8,0,0,0,0,0,0,2.304,0,181.4
1312,167431.360,15.2255,14.4703,14.2142,31,2.34375,.78125,775.25,0,15.5,116.6,3.93,1.28,0,4.31373,0,14.5098,4.93,-9.15986,1,8,0,0,0,0,0,0,2.304,0,181.4
1313,167431.400,15.2255,14.4703,14.2142,31,2.34375,.78125,779.75,0,15.5,116.6,3.93,1.28,0,4.31373,0,14.5098,4.93,-9.15987,1,8,0,0,0,0,0,0,2.304,0,181.4
1314,167431.440,15.0572,14.4703,14.2142,31,2.34375,.78125,790.25,0,14.5,116.6,3.93,1.28,0,4.31373,0,14.5098,5.075,-9.15987,1,8,0,0,0,0,0,0,2.304,0,181.4
1315,167431.480,15.0978,14.4703,14.2142,31,2.34375,.78125,791.5,0,14,116.6,3.93,1.28,0,4.31373,0,14.5098,5.075,-9.15987,1,8,0,0,0,0,0,0,2.304,0,181.4
1316,167431.520,15.0978,14.4703,14.2142,31,2.34375,.78125,798.75,0,13.5,116.6,3.93,1.26,0,4.31373,0,14.5098,5.075,-9.15988,1,8,0,0,0,0,0,0,2.304,0,181.4
1317,167431.560,15.0572,14.3555,14.2142,31,2.34375,.78125,792.75,0,14,116.6,3.93,1.26,0,4.31373,0,14.5098,5.075,-9.15988,1,8,0,0,0,0,0,0,2.304,0,181.4
1318,167431.600,15.0572,14.3555,14.2142,31,2.34375,.78125,798.25,0,13,116.6,3.93,1.26,0,4.31373,0,14.5098,5.075,-9.15989,1,8,0,0,0,0,0,0,2.304,0,181.4
1319,167431.640,15.0978,14.3555,14.2142,31,2.34375,.78125,800,0,13,116.6,3.93,1.26,0,4.31373,0,14.5098,5.075,-9.15989,1,8,0,0,0,0,0,0,2.304,0,181.4
1320,167431.680,14.9721,14.3555,14.2142,31,2.34375,.78125,798.5,0,13,116.6,3.93,1.26,0,4.31373,0,14.5098,5.075,-9.15986,1,8,0,0,0,0,0,0,2.304,0,181.4
1321,167431.720,15.0147,14.3555,14.2142,31,2.34375,.78125,805.25,0,12.5,116.6,3.91,1.26,0,4.31373,0,14.5098,5.075,-9.1599,1,8,0,0,0,0,0,0,2.304,0,181.4
1322,167431.760,14.4673,14.3555,14.2142,31,2.34375,.78125,790.5,0,14,116.6,3.87,1.26,0,4.31373,0,14.5098,5.075,-9.1599,1,8,0,0,0,0,0,0,2.304,0,181.4
1323,167431.800,14.3397,14.3555,14.2209,31,2.34375,.78125,790.5,0,14,116.6,3.93,1.26,0,4.31373,0,14.5098,5.075,-9.15991,1,8,0,0,0,0,0,0,2.304,0,181.4
1324,167431.840,14.4673,14.3555,14.2209,31,2.34375,.78125,790,0,14,116.6,3.93,1.26,0,4.31373,0,14.5098,5.075,-9.15991,1,8,0,0,0,0,0,0,2.304,0,181.4
1325,167431.880,14.5505,14.3555,14.2209,31,2.34375,.78125,798.25,0,13,116.6,3.93,1.28,0,4.31373,0,14.5098,5.075,-9.15991,1,8,0,0,0,0,0,0,2.304,0,181.4
1326,167431.920,14.4673,14.3555,14.2209,31,2.34375,.78125,801,0,12.5,116.6,3.93,1.28,0,4.31373,0,14.5098,5.075,-9.15992,1,8,0,0,0,0,0,0,2.304,0,181.4
1327,167431.960,14.4248,14.3555,14.2209,31,2.34375,.78125,812,0,11.5,116.6,3.93,1.28,0,4.31373,0,14.5098,5.075,-9.15992,1,8,0,0,0,0,0,0,2.304,0,181.4
1328,167432.000,14.4673,14.3555,14.2209,31,2.34375,.78125,807.5,0,12,116.6,3.93,1.28,0,4.31373,0,14.5098,5.075,-9.14894,1,8,0,0,0,0,0,0,2.304,0,181.4
1329,167432.040,14.4248,14.3555,14.2209,31,2.34375,.78125,804.5,0,12.5,116.6,3.93,1.28,0,4.31373,0,14.5098,5.075,-9.15584,1,8,0,0,0,0,0,0,2.304,0,181.4
1330,167432.080,14.3823,14.2406,14.2209,31,2.34375,.78125,789.5,0,14,116.6,3.98,1.28,0,4.31373,0,14.5098,5.075,-9.15584,1,8,0,0,0,0,0,0,2.304,0,181.4
1331,167432.120,14.4673,14.2406,14.2276,31,2.34375,.78125,794.75,0,13.5,116.6,3.98,1.28,0,4.31373,0,14.5098,5.075,-9.15994,1,8,0,0,0,0,0,0,2.304,0,181.4
1332,167432.160,14.4248,14.2406,14.2276,31,2.34375,.78125,792.25,0,13.5,116.6,4,1.28,0,4.31373,0,14.5098,5.075,-9.15995,1,8,0,0,0,0,0,0,2.304,0,181.4
1333,167432.200,14.3397,14.2406,14.2276,31,2.34375,.78125,795.75,0,13,116.6,4,1.26,0,4.31373,0,14.5098,5.075,-9.15995,1,8,0,0,0,0,0,0,2.304,0,181.4
1334,167432.240,14.2972,14.2406,14.2276,31,2.34375,.78125,790.75,0,13.5,116.6,3.98,1.26,0,4.31373,0,14.5098,5.075,-9.15996,1,8,0,0,0,0,0,0,2.304,0,181.4
1335,167432.280,14.3823,14.2406,14.2276,31,2.34375,.78125,798.5,0,12.5,116.6,3.98,1.26,0,4.31373,0,14.5098,5.075,-9.15996,1,8,0,0,0,0,0,0,2.304,0,181.4
1336,167432.320,14.2565,14.2406,14.2276,31,2.34375,.78125,799.5,0,12.5,116.6,3.93,1.26,0,4.31373,0,14.5098,5.075,-9.15996,1,8,0,0,0,0,0,0,2.304,0,181.4
1337,167432.360,14.2565,14.2406,14.2276,31,2.34375,.78125,784,0,14,116.6,3.93,1.26,0,4.31373,0,14.5098,5.075,-9.15997,1,8,0,0,0,0,0,0,2.304,0,181.4
1338,167432.400,14.1714,14.2406,14.2276,31,2.34375,.78125,791.5,0,13.5,116.6,3.98,1.26,0,4.31373,0,14.5098,5.075,-9.15997,1,8,0,0,0,0,0,0,2.304,0,181.4
1339,167432.440,14.0883,14.2406,14.2276,31,2.34375,.78125,794.75,0,13,116.6,3.98,1.26,0,4.31373,0,14.5098,5.075,-9.15998,1,8,0,0,0,0,0,0,2.304,0,181.4
1340,167432.480,14.214,14.2406,14.2343,31,2.34375,.78125,802.25,0,12,116.6,3.98,1.28,0,4.31373,0,14.5098,5.075,-9.15794,1,8,0,0,0,0,0,0,2.304,0,181.4
1341,167432.520,14.2972,14.2406,14.2343,31,2.34375,.78125,787,0,14,116.6,3.95,1.28,0,4.31373,0,14.5098,5.075,-9.15794,1,8,0,0,0,0,0,0,2.304,0,181.4
1342,167432.560,14.8039,14.2406,14.2343,31,2.34375,.78125,792.5,0,13,116.6,3.98,1.28,0,4.31373,0,14.5098,5.075,-9.15993,1,8,0,0,0,0,0,0,2.304,0,181.4
1343,167432.600,14.8039,14.2406,14.2343,31,2.34375,.78125,790.25,0,13.5,116.6,3.98,1.28,0,4.31373,0,14.5098,5.075,-9.15993,1,8,0,0,0,0,0,0,2.304,0,181.4
1344,167432.640,14.887,14.2406,14.2276,31,2.34375,.78125,800.25,0,12.5,116.6,3.98,1.28,0,4.31373,0,14.5098,5.075,-9.15994,1,8,0,0,0,0,0,0,2.304,0,181.4
1345,167432.680,14.9296,14.2406,14.2276,31,2.34375,.78125,797,0,12.5,116.6,3.98,1.28,0,4.31373,0,14.5098,5.075,-9.15994,1,8,0,0,0,0,0,0,2.304,0,181.4
1346,167432.720,14.7613,14.2406,14.2276,31,2.34375,.78125,802.5,0,12,116.6,3.98,1.28,0,4.31373,0,14.5098,5.075,-9.15994,1,8,0,0,0,0,0,0,2.304,0,181.4
1347,167432.760,14.7613,14.2406,14.2276,31,2.34375,.78125,800.25,0,12,116.6,3.98,1.28,0,4.31373,0,14.5098,5.075,-9.15972,1,8,0,0,0,0,0,0,2.304,0,181.4
1348,167432.800,14.9296,14.2406,14.2276,31,2.34375,.78125,798.75,0,12.5,116.6,3.95,1.28,0,4.31373,0,14.5098,5.075,-9.15996,1,8,0,0,0,0,0,0,2.304,0,181.4
1349,167432.840,14.8039,14.2406,14.2276,31,2.34375,.78125,784,0,14,116.6,3.95,1.26,0,4.31373,0,14.5098,5.075,-9.15996,1,8,0,0,0,0,0,0,2.304,0,181.4
1350,167432.880,14.8464,14.2406,14.2276,31,2.34375,.78125,791.5,0,13,116.6,3.98,1.26,0,4.31373,0,14.5098,5.075,-9.15997,1,8,0,0,0,0,0,0,2.304,0,181.4
1351,167432.920,14.887,14.2406,14.2276,31,2.34375,.78125,790,0,13,116.6,3.98,1.26,0,4.31373,0,14.5098,5.075,-9.15997,1,8,0,0,0,0,0,0,2.304,0,181.4
1352,167432.960,14.887,14.2406,14.2343,31,2.34375,.78125,791.5,0,13,116.6,3.98,1.26,0,4.31373,0,14.5098,5.075,-9.15997,1,8,0,0,0,0,0,0,2.304,0,181.4
1353,167433.000,14.7613,14.3555,14.2276,31,2.34375,.78125,797.75,0,12.5,116.6,3.95,1.26,0,4.31373,0,14.5098,5.075,-9.15998,1,8,0,0,0,0,0,0,2.304,0,181.4
1354,167433.040,14.8464,14.2406,14.2276,31,2.34375,.78125,788,0,13.5,116.6,3.95,1.26,0,4.31373,0,14.5098,5.075,-9.15998,1,8,0,0,0,0,0,0,2.304,0,181.4
1355,167433.080,14.8464,14.3555,14.2276,31,2.34375,.78125,779.5,0,14,116.6,3.95,1.26,0,4.31373,0,14.5098,5.075,-9.15999,1,8,0,0,0,0,0,0,2.304,0,181.4
1356,167433.120,14.8039,14.3555,14.2276,31,2.34375,.78125,762.25,0,15.5,116.6,3.98,1.26,0,4.31373,0,14.5098,5.075,-9.15999,1,8,0,0,0,0,0,0,2.304,0,181.4
1357,167433.160,14.7188,14.3555,14.2276,31,2.34375,.78125,772.5,0,15,116.6,3.98,1.26,0,4.31373,0,14.5098,5.075,-9.15999,1,8,0,0,0,0,0,0,2.304,0,181.4
1358,167433.200,14.6782,14.3555,14.2276,31,2.34375,.78125,773.25,0,14.5,116.6,4.04,1.26,0,4.31373,0,14.5098,5.075,-9.16,1,8,0,0,0,0,0,0,2.304,0,181.4
1359,167433.240,14.8464,14.3555,14.2276,31,2.34375,.78125,792.5,0,12.5,116.6,3.98,1.28,0,4.31373,0,14.5098,5.075,-9.16,1,8,0,0,0,0,0,0,2.304,0,181.4
1360,167433.280,14.887,14.3555,14.2209,31,2.34375,.78125,795.5,0,12,116.6,3.98,1.28,0,4.31373,0,14.5098,5.075,-9.16001,1,8,0,0,0,0,0,0,2.304,0,181.4
1361,167433.320,14.9296,14.3555,14.2209,31,2.34375,.78125,802,0,11.5,116.6,3.98,1.28,0,4.31373,0,14.5098,5.075,-9.15827,1,8,0,0,0,0,0,0,2.304,0,181.4
1362,167433.360,14.887,14.3555,14.2209,31,2.34375,.78125,794.5,0,11.5,116.6,3.98,1.28,0,4.31373,0,14.5098,5.075,-9.15827,1,8,0,0,0,0,0,0,2.304,0,181.4
1363,167433.400,14.9296,14.3555,14.2209,31,2.34375,.78125,792,0,12,116.6,3.98,1.28,0,4.31373,0,14.5098,5.075,-9.16002,1,8,0,0,0,0,0,0,2.304,0,181.4
1364,167433.440,14.8464,14.3555,14.2209,31,2.34375,.78125,781.25,0,13,116.6,3.98,1.28,0,4.31373,0,14.5098,5.075,-9.16002,1,8,0,0,0,0,0,0,2.304,0,181.4
1365,167433.480,14.8039,14.3555,14.2209,31,2.34375,.78125,786.75,0,12.5,116.6,4,1.28,0,4.31373,0,14.5098,5.075,-9.16002,1,8,0,0,0,0,0,0,2.304,0,181.4
1366,167433.520,14.7613,14.3555,14.2209,31,2.34375,.78125,788,0,12,116.6,4.04,1.28,0,4.31373,0,14.5098,5.075,-9.16003,1,8,0,0,0,0,0,0,2.304,0,181.4
1367,167433.560,14.8464,14.3555,14.2209,31,2.34375,.78125,799.75,0,11,116.6,4.04,1.28,0,4.31373,0,14.5098,5.075,-9.16003,1,8,0,0,0,0,0,0,2.304,0,181.4
1368,167433.600,14.3823,14.3555,14.2209,31,2.34375,.78125,793,0,11.5,116.6,4,1.28,0,4.31373,0,14.5098,5.075,-9.16003,1,8,0,0,0,0,0,0,2.304,0,181.4
1369,167433.640,14.2972,14.3555,14.2209,31,2.34375,.78125,800.5,0,11,116.6,4.04,1.26,0,4.31373,0,14.5098,5.075,-9.15952,1,8,0,0,0,0,0,0,2.304,0,181.4
1370,167433.680,14.4248,14.3555,14.2209,31,2.34375,.78125,799.25,0,11,116.6,4.04,1.26,0,4.31373,0,14.5098,5.075,-9.15952,1,8,0,0,0,0,0,0,2.304,0,181.4
1371,167433.720,14.3823,14.3555,14.2276,31,2.34375,.78125,800.25,0,11,116.6,4,1.26,0,4.31373,0,14.5098,5.075,-9.1538,1,8,0,0,0,0,0,0,2.304,0,181.4
1372,167433.760,14.3823,14.3555,14.2276,31,2.34375,.78125,808.5,0,10.5,116.6,4.04,1.26,0,4.31373,0,14.5098,5.075,-9.15216,1,8,0,0,0,0,0,0,2.304,0,181.4
1373,167433.800,14.2972,14.3555,14.2276,31,2.34375,.78125,804,0,11,116.6,4.04,1.26,0,4.31373,0,14.5098,5.075,-9.15216,1,8,0,0,0,0,0,0,2.304,0,181.4
1374,167433.840,14.3823,14.3555,14.2276,31,2.34375,.78125,812,0,10,116.6,4,1.26,0,4.31373,0,14.5098,5.075,-9.15647,1,8,0,0,0,0,0,0,2.304,0,181.4
1375,167433.880,14.3823,14.3555,14.2276,31,2.34375,.78125,803.25,0,11,116.6,3.98,1.28,0,4.31373,0,14.5098,5.075,-9.15647,1,8,0,0,0,0,0,0,2.304,0,181.4
1376,167433.920,14.4673,14.3555,14.2276,31,2.34375,.78125,809.75,0,10.5,116.6,4,1.28,0,4.31373,0,14.5098,5.075,-9.15714,1,8,0,0,0,0,0,0,2.304,0,181.4
1377,167433.960,14.3823,14.3555,14.2276,31,3.125,.78125,807.5,0,10.5,116.6,4,1.28,0,4.31373,0,14.5098,5.075,-9.15311,1,8,0,0,0,0,0,0,2.304,0,181.4
1378,167434.000,14.3397,14.3555,14.2276,31,3.125,.78125,813.75,0,10,116.6,4,1.28,0,4.31373,0,14.5098,5.075,-9.15311,1,8,0,0,0,0,0,0,2.304,0,181.4
1379,167434.040,14.3823,14.3555,14.2276,31,3.125,.78125,806,0,11,116.6,3.98,1.28,0,4.31373,0,14.5098,5.075,-9.14732,1,8,0,0,0,0,0,0,2.304,0,181.4
1380,167434.080,14.2972,14.3555,14.2343,31,3.125,.78125,807,0,10.5,116.6,3.98,1.28,0,4.31373,0,14.5098,5.075,-9.15361,1,8,0,0,0,0,0,0,2.304,0,181.4
1381,167434.120,14.3397,14.3555,14.2343,31,3.125,.78125,804.5,0,11,116.6,4,1.28,0,4.31373,0,14.5098,5.075,-9.15361,1,8,0,0,0,0,0,0,2.304,0,181.4
1382,167434.160,14.4248,14.3555,14.2343,31,3.125,.78125,806,0,11,116.6,4,1.26,0,4.31373,0,14.5098,5.075,-9.15457,1,8,0,0,0,0,0,0,2.304,0,181.4
1383,167434.200,14.4248,14.3555,14.2343,31,3.125,.78125,795.75,0,11.5,116.6,4.04,1.26,0,4.31373,0,14.5098,5.075,-9.15457,1,8,0,0,0,0,0,0,2.304,0,181.4
1384,167434.240,14.3823,14.3555,14.2343,31,3.125,.78125,795.25,0,12,116.6,4.04,1.26,0,4.31373,0,14.5098,5.075,-9.15774,1,8,0,0,0,0,0,0,2.304,0,181.4
1385,167434.280,14.3823,14.2406,14.2343,31,2.34375,.78125,802.75,0,11,116.6,4.04,1.26,0,4.31373,0,14.5098,5.075,-9.16008,1,8,0,0,0,0,0,0,2.304,0,181.4
1386,167434.320,14.2972,14.2406,14.2343,31,2.34375,.78125,801.25,0,11,116.6,4,1.26,0,4.31373,0,14.5098,5.075,-9.16008,1,8,0,0,0,0,0,0,2.304,0,181.4
1387,167434.360,14.214,14.2406,14.2343,31,2.34375,.78125,805.5,0,11,116.6,4,1.26,0,4.31373,0,14.5098,5.075,-9.15893,1,8,0,0,0,0,0,0,2.304,0,181.4
1388,167434.400,14.3823,14.2406,14.2343,31,2.34375,.78125,799.75,0,11.5,116.6,4,1.28,0,4.31373,0,14.5098,5.075,-9.16009,1,8,0,0,0,0,0,0,2.304,0,181.4
1389,167434.440,14.3823,14.2406,14.2343,31,2.34375,.78125,806.75,0,11,116.6,3.98,1.28,0,4.31373,0,14.5098,5.075,-9.16009,1,8,0,0,0,0,0,0,2.304,0,181.4
1390,167434.480,14.2565,14.2406,14.2343,31,2.34375,.78125,802.5,0,11,116.6,3.98,1.28,0,4.31373,0,14.5098,5.075,-9.15388,1,8,0,0,0,0,0,0,2.304,0,181.4
1391,167434.520,14.214,14.2406,14.2343,31,2.34375,.78125,802.5,0,11,116.6,4,1.28,0,4.31373,0,14.5098,5.075,-9.15388,1,8,0,0,0,0,0,0,2.304,0,181.4
1392,167434.560,14.2565,14.2406,14.2343,31,2.34375,.78125,793.75,0,12,116.6,4,1.28,0,4.31373,0,14.5098,5.075,-9.15774,1,8,0,0,0,0,0,0,2.304,0,181.4
1393,167434.600,14.214,14.2406,14.2343,31,2.34375,.78125,798.25,0,11.5,116.6,4,1.28,0,4.31373,0,14.5098,5.075,-9.16011,1,8,0,0,0,0,0,0,2.304,0,181.4
1394,167434.640,14.214,14.2406,14.2343,31,2.34375,.78125,786.75,0,12.5,116.6,4,1.28,0,4.31373,0,14.5098,5.075,-9.16011,1,8,0,0,0,0,0,0,2.304,0,181.4
1395,167434.680,14.3397,14.2406,14.2343,31,3.125,.78125,796,0,11.5,116.6,4,1.28,0,4.31373,0,14.5098,5.075,-9.16011,1,8,0,0,0,0,0,0,2.304,0,181.4
1396,167434.720,14.2565,14.3555,14.2411,31,3.125,.78125,799,0,11.5,116.6,4,1.28,0,4.31373,0,14.5098,5.075,-9.16012,1,8,0,0,0,0,0,0,2.304,0,181.4
1397,167434.760,14.1714,14.3555,14.2411,31,3.125,.78125,801.75,0,11,116.6,4,1.28,0,4.31373,0,14.5098,5.075,-9.16012,1,8,0,0,0,0,0,0,2.304,0,181.4
1398,167434.800,14.3397,14.3555,14.2411,31,3.125,.78125,798,0,11.5,116.6,3.98,1.26,0,4.31373,0,14.5098,5.075,-9.16012,1,8,0,0,0,0,0,0,2.304,0,181.4
1399,167434.840,14.2972,14.3555,14.2411,31,3.125,.78125,797.75,0,12,116.6,4,1.26,0,4.31373,0,14.5098,5.075,-9.16012,1,8,0,0,0,0,0,0,2.304,0,181.4
1400,167434.880,14.3397,14.3555,14.2411,31,3.125,.78125,797.75,0,12,116.6,3.98,1.26,0,4.31373,0,14.5098,5.075,-9.16013,1,8,0,0,0,0,0,0,2.304,0,181.4
1401,167434.920,14.3397,14.3555,14.2411,31,3.125,.78125,787,0,13,116.6,3.98,1.26,0,4.31373,0,14.5098,5.075,-9.16013,1,8,0,0,0,0,0,0,2.304,0,181.4
1402,167434.960,14.3397,14.3555,14.2411,31,3.125,.78125,789.75,0,13,116.6,4,1.26,0,4.31373,0,14.5098,5.075,-9.16013,1,8,0,0,0,0,0,0,2.304,0,181.4
1403,167435.000,14.214,14.3555,14.2411,31,3.125,.78125,786.75,0,13,116.6,3.98,1.28,0,4.31373,0,14.5098,5.075,-9.16013,1,8,0,0,0,0,0,0,2.304,0,181.4
1404,167435.040,14.4248,14.3555,14.2411,31,3.125,.78125,793.5,0,12.5,116.6,4.04,1.28,0,4.31373,0,14.5098,5.075,-9.16014,1,8,0,0,0,0,0,0,2.304,0,181.4
1405,167435.080,14.2972,14.3555,14.2411,31,3.125,.78125,792.5,0,12.5,116.6,4.04,1.28,0,4.31373,0,14.5098,5.075,-9.16014,1,8,0,0,0,0,0,0,2.304,0,181.4
1406,167435.120,14.3823,14.3555,14.2748,31,3.125,.78125,807,0,11.5,116.6,4.04,1.28,0,4.31373,0,14.5098,5.075,-9.16014,1,8,0,0,0,0,0,0,2.304,0,181.4
1407,167435.160,14.3823,14.3555,14.2748,31,3.125,.78125,803.75,0,11.5,116.6,4.04,1.28,0,4.31373,0,14.5098,5.075,-9.16014,1,8,0,0,0,0,0,0,2.304,0,181.4
1408,167435.200,14.4248,14.3555,14.2748,31,3.125,.78125,806,0,11.5,116.6,4,1.28,0,4.31373,0,14.5098,5.075,-9.15669,1,8,0,0,0,0,0,0,2.304,0,181.4
1409,167435.240,14.3823,14.3555,14.2748,31,3.125,.78125,792.25,0,12.5,116.6,4,1.28,0,4.31373,0,14.5098,5.075,-9.16015,1,8,0,0,0,0,0,0,2.304,0,181.4
1410,167435.280,14.3823,14.3555,14.2748,31,3.125,.78125,786.5,0,13,116.6,4,1.28,0,4.31373,0,14.5098,5.075,-9.16015,1,8,0,0,0,0,0,0,2.304,0,181.4
1411,167435.320,14.3823,14.3555,14.2748,31,3.125,.78125,782.75,0,13.5,116.6,4.04,1.28,0,4.31373,0,14.5098,5.075,-9.16016,1,8,0,0,0,0,0,0,2.304,0,181.4
1412,167435.360,14.3823,14.2406,14.2748,31,3.125,.78125,789,0,13,116.6,4,1.28,0,4.31373,0,14.5098,5.075,-9.16016,1,8,0,0,0,0,0,0,2.304,0,181.4
1413,167435.400,14.2565,14.3555,14.2748,31,3.125,.78125,781.75,0,13.5,116.6,4,1.28,0,4.31373,0,14.5098,5.075,-9.16016,1,8,0,0,0,0,0,0,2.304,0,181.4
1414,167435.440,14.3823,14.2406,14.2748,31,3.125,.78125,791.25,0,12.5,116.6,4,1.28,0,4.31373,0,14.5098,5.075,-9.16017,1,8,0,0,0,0,0,0,2.304,0,181.4
1415,167435.480,14.3823,14.2406,14.2748,31,3.125,.78125,790.25,0,12.5,116.6,4,1.26,0,4.31373,0,14.5098,5.075,-9.16017,1,8,0,0,0,0,0,0,2.304,0,181.4
1416,167435.520,14.3823,14.3555,14.2748,31,3.125,.78125,795.5,0,12,116.6,4.04,1.26,0,4.31373,0,14.5098,5.075,-9.16017,1,8,0,0,0,0,0,0,2.304,0,181.4
1417,167435.560,14.887,14.3555,14.2748,31,3.125,.78125,797.5,0,12,116.6,4,1.26,0,4.31373,0,14.5098,5.075,-9.16018,1,8,0,0,0,0,0,0,2.304,0,181.4
1418,167435.600,14.9721,14.3555,14.2748,31,3.125,.78125,795.5,0,12,116.6,4.04,1.26,0,4.31373,0,14.5098,5.075,-9.16018,1,8,0,0,0,0,0,0,2.304,0,181.4
1419,167435.640,14.9296,14.3555,14.2748,31,3.125,.78125,794.25,0,12,116.6,3.98,1.26,0,4.31373,0,14.5098,5.075,-9.16018,1,8,0,0,0,0,0,0,2.304,0,181.4
1420,167435.680,14.8039,14.3555,14.2748,31,3.125,.78125,785.25,0,13,116.6,3.98,1.28,0,4.31373,0,14.5098,5.075,-9.16019,1,8,0,0,0,0,0,0,2.304,0,181.4
1421,167435.720,14.8039,14.3555,14.2748,31,3.125,.78125,789.25,0,12.5,116.6,4.04,1.28,0,4.31373,0,14.5098,5.075,-9.16019,1,8,0,0,0,0,0,0,2.304,0,181.4
1422,167435.760,14.9721,14.3555,14.2748,31,3.125,.78125,785,0,13,116.6,4.06,1.28,0,4.31373,0,14.5098,5.075,-9.16019,1,8,0,0,0,0,0,0,2.304,0,181.4
1423,167435.800,15.0147,14.3555,14.2748,31,3.125,.78125,794.5,0,12,116.6,4.04,1.28,0,4.31373,0,14.5098,5.075,-9.16019,1,8,0,0,0,0,0,0,2.304,0,181.4
1424,167435.840,14.9721,14.3555,14.2748,31,3.125,.78125,785.75,0,13,116.6,4.04,1.28,0,4.31373,0,14.5098,5.075,-9.1602,1,8,0,0,0,0,0,0,2.304,0,181.4
1425,167435.880,14.9721,14.3555,14.2748,31,3.125,.78125,789.75,0,12.5,116.6,4.06,1.3,0,4.31373,0,14.5098,5.075,-9.1602,1,8,0,0,0,0,0,0,2.304,0,181.4
1426,167435.920,14.887,14.3555,14.2748,31,3.125,.78125,790,0,12.5,116.6,4.06,1.3,0,4.31373,0,14.5098,5.075,-9.1602,1,8,0,0,0,0,0,0,2.304,0,181.4
1427,167435.960,14.9721,14.3555,14.2748,31,3.125,.78125,795.5,0,12,116.6,4.06,1.3,0,4.31373,0,14.5098,5.075,-9.16021,1,8,0,0,0,0,0,0,2.304,0,181.4
1428,167436.000,15.0147,14.3555,14.2748,31,3.125,.78125,790.25,0,12.5,116.6,4.06,1.3,0,4.31373,0,14.5098,5.075,-9.16021,1,8,0,0,0,0,0,0,2.304,0,181.4
1429,167436.040,14.9296,14.3555,14.2748,31,3.125,.78125,805.25,0,11,116.6,4.06,1.28,0,4.31373,0,14.5098,5.075,-9.16021,1,8,0,0,0,0,0,0,2.304,0,181.4
1430,167436.080,15.0147,14.3555,14.2411,31,3.125,.78125,797.25,0,12,116.6,4.06,1.28,0,4.31373,0,14.5098,5.22,-9.16022,1,8,0,0,0,0,0,0,2.304,0,181.4
1431,167436.120,15.0147,14.3555,14.2411,31,3.125,.78125,793.5,0,12,116.6,4.06,1.28,0,4.31373,0,14.5098,5.22,-9.16022,1,8,0,0,0,0,0,0,2.304,0,183.2
1432,167436.160,14.9721,14.3555,14.2411,31,3.125,.78125,781,0,13.5,116.6,4.1,1.28,0,4.31373,0,14.5098,5.22,-9.16022,1,8,0,0,0,0,0,0,2.304,0,183.2
1433,167436.200,15.0572,14.3555,14.2478,31,3.125,.78125,785,0,13,116.6,4.1,1.28,0,4.31373,0,14.5098,5.22,-9.16022,1,8,0,0,0,0,0,0,2.304,0,183.2
1434,167436.240,14.9721,14.3555,14.2478,31,3.125,.78125,784.75,0,13,116.6,4.06,1.28,0,4.31373,0,14.5098,5.22,-9.16022,1,8,0,0,0,0,0,0,2.304,0,183.2
1435,167436.280,14.9296,14.3555,14.2545,31,3.125,.78125,790.75,0,12.5,116.6,4.06,1.26,0,4.31373,0,14.5098,5.22,-9.16023,1,8,0,0,0,0,0,0,2.304,0,183.2
1436,167436.320,14.9296,14.3555,14.2545,31,3.125,.78125,802,0,11.5,116.6,4.06,1.26,0,4.31373,0,14.5098,5.22,-9.16023,1,8,0,0,0,0,0,0,2.304,0,183.2
1437,167436.360,14.8464,14.3555,14.2545,31,3.125,.78125,806.25,0,11,116.6,4.06,1.28,0,4.31373,0,14.5098,5.22,-9.16023,1,8,0,0,0,0,0,0,2.304,0,183.2
1438,167436.400,14.7613,14.2406,14.2545,31,3.125,.78125,811.75,0,10.5,116.6,4.06,1.28,0,4.31373,0,14.5098,5.22,-9.15444,1,8,0,0,0,0,0,0,2.304,0,183.2
1439,167436.440,14.8039,14.2406,14.2545,31,3.125,.78125,806.25,0,11,116.6,4.06,1.28,0,4.31373,0,14.5098,5.22,-9.15444,1,8,0,0,0,0,0,0,2.304,0,183.2
1440,167436.480,14.9721,14.2406,14.2816,31,3.125,.78125,815.5,0,10,116.6,4.06,1.28,0,4.31373,0,14.5098,5.22,-9.15458,1,8,0,0,0,0,0,0,2.304,0,183.2
1441,167436.520,14.9296,14.2406,14.2884,31,3.125,.78125,817.25,0,10,116.6,4.06,1.3,0,4.31373,0,14.5098,5.22,-9.14431,1,8,0,0,0,0,0,0,2.304,0,183.2
1442,167436.560,14.8464,14.2406,14.2884,31,3.125,.78125,831,0,8,116.6,4.06,1.3,0,4.31373,0,14.5098,5.22,-9.14431,1,8,0,0,0,0,0,0,2.304,0,183.2
1443,167436.600,14.9296,14.2406,14.2952,31,3.125,.78125,828.25,0,8.5,116.6,4.06,1.28,0,4.31373,0,14.5098,5.22,-9.13185,1,8,0,0,0,0,0,0,2.304,0,183.2
1444,167436.640,14.8039,14.2406,14.2952,31,3.125,.78125,832.5,0,8.5,116.6,4.06,1.28,0,4.31373,0,14.5098,5.22,-9.1304,1,8,0,0,0,0,0,0,2.304,0,183.2
1445,167436.680,14.3397,14.2406,14.2952,31,3.125,.78125,824,0,9.5,116.6,4.06,1.26,0,4.31373,0,14.5098,5.22,-9.1304,1,8,0,0,0,0,0,0,2.304,0,183.2
1446,167436.720,14.2972,14.2406,14.2884,31,3.125,.78125,821.25,0,10,116.6,4.04,1.26,0,4.31373,0,14.5098,5.075,-9.1313,1,8,0,0,0,0,0,0,2.304,0,183.2
1447,167436.760,14.2972,14.2406,14.2884,31,3.125,.78125,819.75,0,10.5,116.6,4.06,1.26,0,4.31373,0,14.5098,5.075,-9.1313,1,8,0,0,0,0,0,0,2.304,0,183.2
1448,167436.800,14.214,14.2406,14.2748,31,3.125,.78125,804.5,0,11.5,116.6,4.06,1.28,0,4.31373,0,14.5098,5.075,-9.14209,1,8,0,0,0,0,0,0,2.304,0,183.2
1449,167436.840,14.1289,14.2406,14.2748,31,3.125,.78125,803.75,0,12,116.6,4.06,1.28,0,4.31373,0,14.5098,5.075,-9.15615,1,8,0,0,0,0,0,0,2.304,0,183.2
1450,167436.880,14.2972,14.2406,14.2748,31,3.125,.78125,795.75,0,12.5,116.6,4.06,1.28,0,4.31373,0,14.5098,5.075,-9.15615,1,8,0,0,0,0,0,0,2.304,0,183.2
1451,167436.920,14.1714,14.2406,14.2748,31,3.125,.78125,810,0,11.5,116.6,4.06,1.28,0,4.31373,0,14.5098,5.075,-9.16028,1,8,0,0,0,0,0,0,2.304,0,183.2
1452,167436.960,14.1289,14.2406,14.2748,31,3.125,.78125,807.25,0,11.5,116.6,4.1,1.3,0,4.31373,0,14.5098,5.075,-9.15356,1,8,0,0,0,0,0,0,2.304,0,183.2
1453,167437.000,14.2565,14.2406,14.2748,31,3.125,.78125,813.25,0,11,116.6,4.06,1.3,0,4.31373,0,14.5098,5.075,-9.15356,1,8,0,0,0,0,0,0,2.304,0,183.2
1454,167437.040,14.214,14.2406,14.2748,31,3.125,.78125,806.25,0,11.5,116.6,4.06,1.3,0,4.31373,0,14.5098,5.075,-9.15449,1,8,0,0,0,0,0,0,2.304,0,183.2
1455,167437.080,14.1714,14.2406,14.2748,31,3.125,.78125,815,0,11,116.6,4.06,1.28,0,4.31373,0,14.5098,5.075,-9.15449,1,8,0,0,0,0,0,0,2.304,0,183.2
1456,167437.120,14.2565,14.2406,14.2748,31,3.125,.78125,816.5,0,11,116.6,4.04,1.28,0,4.31373,0,14.5098,5.075,-9.14652,1,8,0,0,0,0,0,0,2.304,0,183.2
1457,167437.160,14.214,14.3555,14.2748,31,3.125,.78125,820.5,0,10.5,116.6,4.06,1.28,0,4.31373,0,14.5098,5.075,-9.14147,1,8,0,0,0,0,0,0,2.304,0,183.2
1458,167437.200,14.1714,14.3555,14.2748,31,3.125,.78125,820,0,10.5,116.6,4.06,1.26,0,4.31373,0,14.5098,5.075,-9.14147,1,8,0,0,0,0,0,0,2.304,0,183.2
1459,167437.240,14.2972,14.3555,14.2748,31,3.125,.78125,807,0,11.5,116.6,4.06,1.26,0,4.31373,0,14.5098,5.075,-9.14192,1,8,0,0,0,0,0,0,2.304,0,183.2
1460,167437.280,14.2565,14.3555,14.2748,31,3.125,.78125,815.25,0,11,116.6,4.06,1.28,0,4.31373,0,14.5098,5.075,-9.1462,1,8,0,0,0,0,0,0,2.304,0,183.2
1461,167437.320,14.2565,14.3555,14.2748,31,3.125,.78125,813,0,11.5,116.6,4.06,1.28,0,4.31373,0,14.5098,5.075,-9.1462,1,8,0,0,0,0,0,0,2.304,0,183.2
1462,167437.360,14.3397,14.3555,14.2748,31,3.90625,.78125,820.5,0,11,116.6,4.06,1.28,0,4.31373,0,14.5098,5.22,-9.14839,1,8,0,0,0,0,0,0,2.304,0,183.2
1463,167437.400,14.3397,14.3555,14.2748,31,3.90625,.78125,817.25,0,11,116.6,4.06,1.28,0,4.31373,0,14.5098,5.22,-9.14839,1,8,0,0,0,0,0,0,2.304,0,183.2
1464,167437.440,14.2565,14.3555,14.2748,31,3.90625,.78125,824.25,0,10.5,116.6,4.06,1.3,0,4.31373,0,14.5098,5.22,-9.14456,1,8,0,0,0,0,0,0,2.304,0,183.2
1465,167437.480,14.214,14.3555,14.2748,31,3.90625,.78125,813.5,0,11.5,116.6,4.04,1.28,0,4.31373,0,14.5098,5.22,-9.14798,1,8,0,0,0,0,0,0,2.304,0,183.2
1466,167437.520,14.3823,14.3555,14.2748,31,3.90625,.78125,817.75,0,11,116.6,4.04,1.28,0,4.31373,0,14.5098,5.22,-9.14798,1,8,0,0,0,0,0,0,2.304,0,183.2
1467,167437.560,14.2972,14.3555,14.2748,31,3.90625,.78125,810.25,0,11.5,116.6,4.04,1.28,0,4.31373,0,14.5098,5.22,-9.15086,1,8,0,0,0,0,0,0,2.304,0,183.2
1468,167437.600,14.2972,14.3555,14.2748,31,3.90625,.78125,818,0,11,116.6,4.04,1.28,0,4.31373,0,14.5098,5.22,-9.1438,1,8,0,0,0,0,0,0,2.304,0,183.2
1469,167437.640,14.3823,14.3555,14.2748,31,3.90625,.78125,810.75,0,11.5,116.6,4.04,1.26,0,4.31373,0,14.5098,5.22,-9.1438,1,8,0,0,0,0,0,0,2.304,0,183.2
1470,167437.680,14.2972,14.3555,14.2748,31,3.90625,.78125,817.75,0,11,116.6,4.06,1.26,0,4.31373,0,14.5098,5.22,-9.14555,1,8,0,0,0,0,0,0,2.304,0,183.2
1471,167437.720,14.7613,14.3555,14.2748,31,3.90625,.78125,827.25,0,10.5,116.6,4.04,1.26,0,4.31373,0,14.5098,5.22,-9.14555,1,8,0,0,0,0,0,0,2.304,0,183.2
1472,167437.760,14.9721,14.4703,14.2816,31,3.90625,.78125,824.25,0,11,116.6,4.04,1.28,0,4.31373,0,14.5098,5.22,-9.13522,1,8,0,0,0,0,0,0,2.304,0,183.2
1473,167437.800,14.9296,14.4703,14.2884,31,3.90625,.78125,836.25,0,9,116.6,4.04,1.28,0,4.31373,0,14.5098,5.22,-9.12688,1,8,0,0,0,0,0,0,2.304,0,183.2
1474,167437.840,14.887,14.4703,14.2884,31,3.90625,.78125,825.25,0,10.5,116.6,4.04,1.28,0,4.31373,0,14.5098,5.22,-9.12688,1,8,0,0,0,0,0,0,2.304,0,183.2
1475,167437.880,14.9296,14.4703,14.2816,31,3.90625,.78125,825.5,0,10.5,116.6,4.04,1.3,0,4.31373,0,14.5098,5.075,-9.13699,1,8,0,0,0,0,0,0,2.304,0,183.2
1476,167437.920,15.0147,14.4703,14.2748,31,3.90625,.78125,824,0,11,116.6,4.04,1.28,0,4.31373,0,14.5098,5.075,-9.13834,1,8,0,0,0,0,0,0,2.304,0,183.2
1477,167437.960,14.887,14.4703,14.2748,31,4.6875,.78125,825.75,0,10.5,116.6,4.04,1.28,0,4.31373,0,14.5098,5.075,-9.13834,1,8,0,0,0,0,0,0,2.304,0,183.2
1478,167438.000,14.9296,14.4703,14.2748,31,4.6875,.78125,815.25,0,11.5,116.6,4.04,1.28,0,4.31373,0,14.5098,5.075,-9.14633,1,8,0,0,0,0,0,0,2.304,0,183.2
1479,167438.040,15.0147,14.4703,14.2748,31,4.6875,.78125,821.5,0,11,116.6,4.04,1.26,0,4.31373,0,14.5098,5.075,-9.14633,1,8,0,0,0,0,0,0,2.304,0,183.2
1480,167438.080,15.0978,14.4703,14.2748,31,4.6875,.78125,836.75,0,9.5,116.6,4.04,1.26,.784314,4.31373,8.20095,14.5098,5.075,-9.14188,1,8,0,0,0,0,0,0,2.304,0,183.2
1481,167438.120,14.887,14.4703,14.2884,31,4.6875,.78125,837.5,0,10,116.6,4.06,1.28,7.05882,5.09804,84.099,14.5098,5.075,-6.83859,1,8,0,0,0,73.3333,0,0,2.304,0,183.2
1482,167438.160,15.0572,14.4703,14.2884,31,4.6875,.78125,839.5,0,12.5,116.6,4.84,1.46,12.9412,9.80392,119.664,14.5098,5.075,-6.83859,1,8,0,0,0,73.3333,0,0,2.304,0,183.2
1483,167438.200,15.1404,14.5852,14.2884,31,4.6875,.78125,828,0,13.5,116.6,8,1.74,13.7255,14.902,123.01,14.5098,5.22,-3.78461,1,8,0,0,0,74.902,0,0,2.56,0,183.2
1484,167438.240,15.0978,14.5852,9.66782,31,4.6875,.78125,842.75,0,14,116.6,12.86,1.9,10.9804,14.902,111.289,14.5098,6.96,-4.8096,1,8,0,0,0,74.902,0,0,3.584,0,183.2
1485,167438.280,15.0978,14.4703,9.66782,31,4.6875,.78125,848.75,0,15,116.6,16.44,1.84,8.62745,12.1569,99.1781,14.5098,7.975,-4.8096,1,8,0,0,0,74.902,0,0,4.096,0,183.2
1486,167438.320,15.0147,14.2406,11.7417,31,4.6875,.78125,889.5,0,15.5,116.6,15.34,1.72,8.23529,10.5882,97.4065,14.5098,8.41,-5.9098,1,8,0,0,0,74.902,0,0,3.84,0,183.2
1487,167438.360,15.0147,14.0109,11.7417,31,2.34375,.78125,1052.75,0,15.5,116.6,11.44,1.68,9.41177,10.5882,101.402,14.5098,8.555,-5.9098,1,8,0,0,0,74.902,0,0,3.584,0,183.2
1488,167438.400,14.9721,13.6664,13.6286,31,1.5625,.78125,1140,0,16.5,116.6,11.19,1.68,11.3725,11.3725,114.447,14.5098,8.555,-5.38932,1,8,0,0,0,74.902,0,0,3.584,0,183.2
1489,167438.440,14.887,13.207,13.6844,31,-.78125,.78125,1306.25,0,18,116.6,11.38,1.74,11.3725,12.9412,114.641,14.5098,8.555,-4.52256,1,8,0,0,0,74.902,0,0,3.584,0,183.2
1490,167438.480,13.9181,12.8625,13.6844,31,-3.125,.78125,1455,0,19.5,116.6,12.45,1.78,11.3725,12.9412,114.362,14.5098,8.41,-4.52256,1,8,0,0,0,74.902,0,0,3.584,0,183.2
1491,167438.520,13.2876,12.518,13.7343,31,-5.46875,.78125,1590.5,0,21,116.6,13.33,1.8,11.3725,13.3333,114.108,14.5098,8.41,-4.55887,1,8,0,0,0,74.902,0,0,3.584,0,183.2
1492,167438.560,12.7809,12.2883,13.7846,31,-4.6875,.78125,1749.75,0,23,116.6,14.31,1.82,11.3725,13.3333,112.632,14.5098,8.265,-4.69461,1,8,0,0,2,74.902,0,0,3.584,0,183.2
1493,167438.600,12.6552,12.6328,13.7846,31,-4.6875,.78125,1823.5,0,24.5,116.6,14.74,1.84,11.7647,13.7255,115.298,14.5098,8.12,-4.69461,1,8,0,0,3,74.902,0,0,3.328,0,183.2
1494,167438.640,12.6977,12.9773,13.8928,31,-3.90625,.78125,1885.75,0,25,116.6,15.34,1.84,11.7647,13.7255,114.624,14.5098,7.975,-4.49244,1,8,0,0,4,74.902,0,0,3.328,0,183.2
1495,167438.680,13.2025,13.3219,13.8928,31,-3.125,0,1920.5,0,25,116.6,15.59,1.86,12.1569,13.7255,116.169,14.5098,7.83,-4.49244,1,8,0,0,5,74.902,0,0,3.328,0,183.2
1496,167438.720,13.7498,13.7813,14.0026,31,-2.34375,0,1972.75,0,25.5,116.6,16.14,1.86,12.1569,13.7255,115.704,14.5098,7.685,-4.39167,1,8,0,0,8,74.902,0,0,3.328,0,183.2
1497,167438.760,14.0883,14.2406,14.1142,31,-2.34375,0,1993.5,0,25.5,116.6,16.29,1.86,12.1569,14.1176,117.424,14.5098,7.54,-4.26501,1,8,0,0,9,74.902,0,0,3.328,0,183.2
1498,167438.800,14.887,14.7,14.1142,31,-.78125,0,2008.75,0,25.5,116.6,16.6,1.88,12.1569,14.5098,117.204,14.5098,7.395,-4.26501,1,8,0,0,10,74.902,0,0,3.328,0,183.2
1499,167438.840,15.1404,15.0445,14.1874,31,.78125,0,2033.75,0,25.5,116.6,16.98,1.9,12.549,14.5098,119.388,14.5098,7.25,-4.11497,1,8,0,0,12,74.902,0,0,3.328,0,183.2
1500,167438.880,15.2255,15.0445,14.2276,31,.78125,0,2020.75,0,25.5,116.6,17.14,1.9,12.549,14.5098,119.242,14.5098,7.25,-4.1286,1,8,0,0,14,74.902,0,0,3.328,0,183.2
1501,167438.920,15.5194,14.9297,14.2276,31,.78125,0,2009.25,0,25.5,116.6,17.22,1.92,12.1569,14.5098,117.196,14.5098,7.25,-4.1286,1,8,0,0,15,74.902,0,0,3.328,0,183.2
1502,167438.960,15.3937,14.8148,14.2613,31,0,0,1970.5,0,25,116.6,17.44,1.9,12.1569,14.5098,117.657,14.5098,7.25,-4.29642,1,8,0,0,17,74.902,0,0,3.328,0,183.2
1503,167439.000,15.3086,14.8148,14.2613,31,0,0,1924,0,25,116.6,17.37,1.9,12.1569,14.1176,116.112,14.5098,7.25,-4.29642,1,8,0,0,18,74.902,0,0,3.328,0,183.2
1504,167439.040,14.6782,14.7,14.2884,31,0,0,1842,0,24.5,116.6,16.75,1.88,12.1569,14.5098,119.098,14.5098,7.25,-4.36155,1,8,0,0,18,74.902,0,0,3.328,0,183.2
1505,167439.080,14.5931,14.5852,14.2952,31,0,-1.5625,1782,0,24,116.6,17.29,1.94,12.549,16.0784,122.873,14.5098,7.25,-3.86474,1,8,0,0,18,74.902,0,0,3.584,0,183.2
1506,167439.120,14.4248,14.5852,14.2952,31,0,-1.5625,1714,0,22.5,116.6,19.9,2,12.549,16.4706,123.66,14.5098,7.395,-3.86474,1,8,0,0,18,74.902,0,0,3.584,0,183.2
1507,167439.160,14.2972,14.5852,14.1208,31,0,-1.5625,1673.5,0,20.5,116.6,20.99,2.04,12.549,17.2549,124.292,14.5098,8.12,-3.73219,1,8,0,0,18,74.902,0,0,4.096,0,183.2
1508,167439.200,14.214,14.4703,13.6968,31,0,-1.5625,1631.5,1.24274,19,116.6,22.09,2.06,12.549,17.6471,125.078,14.5098,8.41,-3.62883,1,8,0,0,18,74.902,0,0,4.096,0,183.2
1509,167439.240,14.1714,14.3555,13.6968,31,-.78125,-1.5625,1595.75,1.24274,18,116.6,22.43,2.06,12.9412,18.4314,127.81,14.5098,8.845,-3.62883,1,8,0,0,17,74.902,0,0,4.352,0,183.2
1510,167439.280,14.1289,14.3555,13.2042,31,-.78125,-1.5625,1572.75,1.24274,17,116.6,23.09,2.08,12.549,18.4314,125.428,14.5098,9.28,-3.59823,1,8,0,0,16,74.902,0,0,4.608,0,183.2
1511,167439.320,14.3397,14.4703,13.2042,31,-.78125,-1.5625,1556.75,1.24274,16,116.6,23.17,2.08,12.549,18.4314,125.36,14.5098,9.715,-3.59823,1,8,0,0,15,74.902,0,0,4.864,0,183.2
1512,167439.360,14.7188,14.7,13.2741,31,0,-1.5625,1552.5,1.86411,15.5,116.6,22.59,2.08,12.1569,18.4314,120.872,14.5098,10.005,-3.60469,1,8,0,0,15,74.902,0,0,5.12,0,183.2
1513,167439.400,14.9296,14.9297,13.5672,31,.78125,-1.5625,1558.5,1.86411,15,116.6,22.34,2.06,12.1569,18.0392,123.124,14.5098,10.15,-3.79614,1,8,0,0,14,74.902,0,0,5.12,0,183.2
1514,167439.440,15.3086,15.0445,13.5672,31,1.5625,-1.5625,1560,2.48548,14.5,116.6,21.67,2.04,12.1569,18.0392,120.885,14.5098,10.295,-3.79614,1,8,0,0,14,74.902,0,0,5.12,0,183.2
1515,167439.480,14.887,15.0445,13.6533,31,2.34375,-1.5625,1576.5,2.48548,14.5,116.6,21.92,2.02,10.9804,17.6471,111.855,14.5098,10.44,-4.5651,1,8,0,0,13,74.902,0,0,5.12,0,183.2
1516,167439.520,14.6356,14.9297,13.6781,31,1.5625,-1.5625,1598.25,2.48548,14.5,116.6,20.56,2,11.7647,17.2549,116.376,14.5098,10.295,-4.37405,1,8,0,0,13,74.902,0,0,5.12,0,183.2
1517,167439.560,14.1289,14.7,13.6781,31,1.5625,-1.5625,1623.75,2.48548,15,116.6,20.39,1.98,8.62745,16.4706,90.7563,14.5098,10.295,-4.37405,1,8,0,0,12,74.902,0,0,5.12,0,183.2
1518,167439.600,14.1289,14.4703,13.7406,31,.78125,-1.5625,1652.5,2.48548,15.5,116.6,18.85,1.92,9.01961,15.2941,92.5711,14.5098,10.295,-6.00424,1,8,0,0,12,74.902,0,0,4.864,0,183.2
1519,167439.640,13.7498,14.2406,13.7406,31,0,-1.5625,1696.25,2.48548,16,116.6,17.75,1.92,7.84314,15.2941,82.5839,14.5098,10.005,-6.00424,1,8,0,0,12,74.902,0,0,4.608,0,183.2
1520,167439.680,13.4984,14.0109,14.8964,31,-1.5625,-1.5625,1757,2.48548,17.5,116.6,17.14,1.88,9.41177,14.5098,93.4558,14.5098,9.57,-6.35757,1,8,0,0,12,74.902,0,0,4.096,0,183.2
1521,167439.720,13.6667,13.7813,15.0153,31,-2.34375,-1.5625,1796,2.48548,18,116.6,17.29,1.92,8.62745,15.2941,85.5356,14.5098,9.28,-6.09767,1,8,0,0,13,74.902,0,0,4.096,0,183.2
1522,167439.760,13.3282,13.6664,15.0153,31,-3.125,-1.5625,1818.25,3.10686,18.5,116.6,17.75,1.92,8.62745,15.2941,85.1563,14.5098,8.99,-6.09767,1,8,0,0,13,74.902,0,0,3.84,0,183.2
1523,167439.800,13.5816,13.7813,14.6642,31,-3.90625,-1.5625,1818.5,3.10686,19,116.6,17.89,1.92,8.62745,15.2941,87.4751,14.5098,8.845,-6.05304,1,8,0,0,14,74.902,0,0,4.096,0,183.2
1524,167439.840,13.9181,14.0109,14.2613,31,-3.125,-1.5625,1843.25,3.10686,19.5,116.6,17.97,1.92,6.27451,14.5098,64.5158,14.5098,8.7,-7.05967,1,8,0,0,14,72.549,0,0,3.84,0,183.2
1525,167439.880,14.2565,14.2406,14.2613,31,-2.34375,-1.5625,1868.25,3.10686,20,116.6,16.6,1.88,7.84314,13.7255,77.2778,14.5098,8.555,-7.05967,1,8,0,0,15,72.549,0,0,3.84,0,183.2
1526,167439.920,14.5505,14.4703,15.1513,31,-2.34375,-1.5625,1886.5,3.72823,20.5,116.6,15.98,1.84,5.09804,13.3333,51.1063,14.5098,8.265,-7.00448,1,8,0,0,16,73.7255,0,0,3.584,0,183.2
1527,167439.960,14.7188,14.5852,15.1513,31,-1.5625,-1.5625,1888.75,3.72823,22,116.6,13.87,1.78,5.09804,11.7647,51.009,14.5098,7.83,-7.00448,1,8,0,0,16,73.7255,0,0,3.328,0,183.2
1528,167440.000,14.5931,14.5852,15.68,31,-1.5625,-1.5625,1892.5,4.3496,23,116.6,13.07,1.78,3.92157,11.7647,38.2402,14.5098,7.54,-7.60011,1,8,0,0,17,69.4118,0,0,3.072,0,183.2
1529,167440.040,14.6356,14.5852,16.1684,31,-2.34375,-1.5625,1900.25,4.3496,25,116.6,11.99,1.7,.392157,9.41177,4.95725,14.5098,7.105,-9.33418,1,8,0,0,18,56.8627,0,0,3.072,0,183.2
1530,167440.080,14.508,14.5852,16.1684,31,-2.34375,-1.5625,1886.5,4.3496,25.5,116.6,10.3,1.62,.784314,9.01961,7.52095,14.5098,6.815,-9.33418,1,8,0,0,18,56.8627,0,0,2.816,0,183.2
1531,167440.120,14.508,14.5852,17.3021,31,-2.34375,-1.5625,1848.5,4.3496,26.5,116.6,9.35,1.58,0,8.23529,0,14.5098,6.235,-9.37486,1,8,0,0,18,51.7647,0,0,2.56,0,183.2
1532,167440.160,14.3823,14.5852,17.213,31,-2.34375,-1.5625,1813.75,3.72823,21,116.6,8.62,1.56,.392157,7.84314,2.39844,14.5098,5.8,-9.23482,1,8,0,0,18,0,0,0,2.56,0,183.2
1533,167440.200,14.4673,14.5852,17.213,31,-2.34375,-1.5625,1732.25,3.72823,28,116.6,7.92,1.52,0,7.05882,0,14.5098,5.51,-9.23482,1,8,0,0,8,0,0,0,2.56,0,183.2
1534,167440.240,14.4248,14.5852,16.1858,31,-2.34375,-1.5625,1678,3.72823,28,116.6,7.67,1.48,0,6.66667,0,14.5098,5.365,-9.03855,1,8,0,0,4,0,0,0,2.304,0,183.2
1535,167440.280,14.5931,14.7,16.1858,31,-2.34375,-1.5625,1629.5,3.72823,27,116.6,7,1.46,.392157,6.66667,4.96383,14.5098,5.22,-9.03855,1,8,0,0,2,0,0,0,2.304,0,183.2
1536,167440.320,14.7613,14.7,15.6474,31,-2.34375,-1.5625,1579.5,4.3496,27.5,116.6,6.81,1.46,0,6.66667,0,14.5098,5.075,-8.79154,1,8,0,0,2,7.84314,0,0,2.304,0,183.2
1537,167440.360,14.7188,14.7,14.7649,31,-1.5625,-1.5625,1527.25,4.3496,26.5,116.6,6.63,1.44,.784314,6.27451,7.74329,14.5098,4.93,-8.72059,1,8,0,0,1,0,0,0,2.304,0,183.2
1538,167440.400,14.7613,14.8148,14.7649,31,-1.5625,-1.5625,1482,4.97097,26.5,116.6,6.33,1.46,.392157,7.05882,2.39844,14.5098,4.785,-8.72059,1,8,0,0,1,0,0,0,2.304,0,183.2
1539,167440.440,14.6356,14.8148,14.736,31,-1.5625,-1.5625,1435.5,4.97097,27,116.6,6.72,1.46,0,7.05882,0,14.5098,4.785,-8.79294,1,8,0,0,1,0,0,0,2.304,0,183.2
1540,167440.480,14.8464,14.8148,14.7,31,-1.5625,-1.5625,1391.25,4.97097,26,116.6,7,1.46,.392157,6.66667,2.39844,14.5098,4.785,-8.7206,1,8,0,0,1,0,0,0,2.304,0,183.2
1541,167440.520,14.8039,14.8148,14.7,31,-1.5625,-1.5625,1354,4.97097,24.5,116.6,6.81,1.44,0,6.27451,0,14.5098,4.785,-8.7206,1,8,0,0,1,0,0,0,2.304,0,183.2
1542,167440.560,14.887,14.7,14.6642,31,-1.5625,-1.5625,1325,4.3496,24,116.6,6.42,1.44,0,5.88235,0,14.5098,4.785,-8.79295,1,8,0,0,1,0,0,0,2.304,0,183.2
1543,167440.600,14.7188,14.7,14.6642,31,-1.5625,-1.5625,1313.5,4.3496,23,116.6,6.11,1.42,.392157,5.88235,2.39844,14.5098,4.785,-8.79295,1,8,0,0,0,0,0,0,2.048,0,183.2
1544,167440.640,15.268,14.5852,14.6499,31,-1.5625,-1.5625,1280.5,4.97097,21.5,116.6,6.03,1.42,0,5.88235,0,14.5098,4.785,-8.79295,1,8,0,0,1,0,0,0,2.048,0,183.2
1545,167440.680,15.268,14.5852,14.6357,31,-1.5625,-1.5625,1234.75,4.97097,20.5,116.6,5.85,1.4,0,5.88235,0,14.5098,4.785,-8.79295,1,8,0,0,1,0,0,0,2.048,0,183.2
1546,167440.720,15.3086,14.5852,14.6357,31,-1.5625,-1.5625,1214,4.97097,20,116.6,5.78,1.42,0,5.88235,0,14.5098,4.785,-8.79295,1,8,0,0,1,0,0,0,2.048,0,183.2
1547,167440.760,15.268,14.5852,14.6073,31,-1.5625,-1.5625,1169.5,4.97097,18.5,116.6,5.81,1.4,0,5.88235,0,14.5098,4.785,-8.80452,1,8,0,0,1,0,0,0,2.048,0,183.2
1548,167440.800,15.268,14.5852,14.5649,31,-1.5625,-1.5625,1142,4.97097,18,116.6,5.89,1.42,0,5.88235,0,14.5098,4.785,-8.84614,1,8,0,0,1,0,0,0,2.048,0,183.2
1549,167440.840,15.3086,14.7,14.5649,31,-1.5625,-1.5625,1094.5,4.97097,17,116.6,5.71,1.4,0,5.88235,0,14.5098,4.785,-8.84614,1,8,0,0,1,0,0,0,2.048,0,183.2
1550,167440.880,15.2255,14.7,14.5227,31,-1.5625,-1.5625,1067.75,4.97097,16.5,116.6,5.71,1.4,0,5.88235,0,14.5098,4.785,-8.88984,1,8,0,0,1,0,0,0,2.304,0,183.2
1551,167440.920,15.3086,14.7,14.5227,31,-1.5625,-1.5625,1047.5,4.97097,16.5,116.6,5.5,1.38,0,5.88235,0,14.5098,4.785,-8.88984,1,8,0,0,0,0,0,0,2.304,0,183.2
1552,167440.960,15.268,14.8148,14.4738,31,-.78125,-1.5625,1020.75,4.97097,16.5,116.6,5.48,1.38,0,5.4902,0,14.5098,4.785,-8.93297,1,8,0,0,0,0,0,0,2.304,0,183.2
1553,167441.000,15.3086,14.8148,14.4253,31,-.78125,-1.5625,1004.5,4.97097,16.5,116.6,5.5,1.38,0,5.4902,0,14.5098,4.785,-8.97264,1,8,0,0,0,0,0,0,2.304,0,183.2
1554,167441.040,15.3086,14.8148,14.4253,31,-.78125,-1.5625,996.25,4.97097,16.5,116.6,5.46,1.36,0,5.4902,0,14.5098,4.785,-8.97264,1,8,0,0,0,0,0,0,2.304,0,183.2
1555,167441.080,15.3937,14.9297,14.4253,31,-.78125,-1.5625,998.5,4.97097,16.5,116.6,5.46,1.38,0,5.4902,0,14.5098,4.785,-8.98016,1,8,0,0,0,0,0,0,2.304,0,183.2
1556,167441.120,15.3086,14.9297,14.4322,31,0,-1.5625,1004.25,4.97097,16.5,116.6,5.42,1.38,0,5.4902,0,14.5098,4.785,-8.97282,1,8,0,0,0,0,0,0,2.304,0,183.2
1557,167441.160,15.3512,14.9297,14.4322,31,0,-1.5625,1017.75,4.97097,16.5,116.6,5.42,1.36,0,5.4902,0,14.5098,4.93,-8.97282,1,8,0,0,0,0,0,0,2.304,0,183.2
1558,167441.200,15.4769,14.9297,14.4461,31,0,-1.5625,1013,4.97097,16.5,116.6,5.42,1.38,0,5.4902,0,14.5098,4.93,-8.96046,1,8,0,0,0,0,0,0,2.304,0,183.2
1559,167441.240,15.3937,14.9297,14.4461,31,0,-1.5625,1019.25,4.97097,16.5,116.6,5.38,1.38,0,5.4902,0,14.5098,4.93,-8.96046,1,8,0,0,0,0,0,0,2.304,0,183.2
1560,167441.280,15.5194,14.9297,14.453,31,0,-.78125,1030.25,4.97097,16.5,116.6,5.3,1.36,0,5.4902,0,14.5098,4.93,-8.95901,1,8,0,0,0,0,0,0,2.304,0,183.2
1561,167441.320,15.4769,15.0445,14.4599,31,.78125,-.78125,1031.5,4.97097,16.5,116.6,5.32,1.38,0,5.4902,0,14.5098,4.93,-8.94776,1,8,0,0,0,0,0,0,2.304,0,183.2
1562,167441.360,15.4769,15.0445,14.4599,31,.78125,-.78125,1050.5,4.97097,16.5,116.6,5.36,1.36,0,5.4902,0,14.5098,4.93,-8.94776,1,8,0,0,0,0,0,0,2.304,0,183.2
1563,167441.400,15.6471,15.0445,14.4738,31,.78125,-.78125,1078,4.97097,16.5,116.6,5.36,1.36,0,5.4902,0,14.5098,4.93,-8.92129,1,8,0,0,0,0,0,0,2.304,0,183.2
1564,167441.440,15.6045,15.0445,14.4878,31,.78125,-.78125,1083,4.97097,16.5,116.6,5.3,1.36,0,5.4902,0,14.5098,4.93,-8.90038,1,8,0,0,0,0,0,0,2.304,0,183.2
1565,167441.480,15.7728,14.9297,14.4878,31,.78125,.78125,1102.75,4.97097,16.5,116.6,5.26,1.36,0,5.4902,0,14.5098,4.93,-8.90038,1,8,0,0,0,0,0,0,2.304,0,183.2
1566,167441.520,15.6471,14.9297,14.5087,31,.78125,.78125,1119.75,4.97097,16.5,116.6,5.36,1.38,0,5.4902,0,14.5098,4.93,-8.86675,1,8,0,0,0,0,0,0,2.304,0,183.2
1567,167441.560,15.6471,14.8148,14.5087,31,.78125,.78125,1124.75,4.97097,16.5,116.6,5.38,1.36,0,5.4902,0,14.5098,4.93,-8.86675,1,8,0,0,0,0,0,0,2.304,0,183.2
1568,167441.600,15.0572,14.8148,14.5087,31,.78125,.78125,1124,4.97097,16.5,116.6,5.44,1.38,0,5.4902,0,14.5098,4.93,-8.86218,1,8,0,0,0,0,0,0,2.304,0,183.2
1569,167441.640,15.0572,14.7,14.5157,31,.78125,.78125,1137.5,4.97097,16.5,116.6,5.44,1.38,0,5.88235,0,14.5098,4.93,-8.85315,1,8,0,0,0,0,0,0,2.304,0,183.2
1570,167441.680,14.7613,14.7,14.5157,31,.78125,.78125,1150.5,4.3496,16.5,116.6,5.48,1.38,0,5.88235,0,14.5098,4.93,-8.85315,1,8,0,0,0,0,0,0,2.304,0,183.2
1571,167441.720,14.9721,14.5852,14.5297,31,.78125,.78125,1166.75,4.3496,16.5,116.6,5.48,1.38,3.52941,5.88235,40.9047,14.5098,4.93,-8.83654,1,8,0,0,0,0,0,0,2.304,0,183.2
1572,167441.760,14.9296,14.5852,14.5367,31,.78125,.78125,1156,4.3496,12.5,116.6,5.56,1.5,12.1569,9.80392,121.489,14.5098,4.93,-3.9363,1,8,0,0,0,74.902,0,0,2.304,0,183.2
1573,167441.800,14.7613,14.5852,14.5367,31,.78125,.78125,1155,4.3496,13.5,116.6,9.48,1.78,11.3725,14.5098,114.547,14.5098,4.93,-3.9363,1,8,0,0,1,74.902,0,0,2.304,0,183.2
1574,167441.840,14.7613,14.5852,12.1345,31,.78125,.78125,1126.5,4.3496,15,116.6,15.72,1.88,7.05882,13.7255,82.8827,14.5098,6.67,-6.02487,1,8,0,0,0,74.902,0,0,2.816,0,183.2
1575,167441.880,14.5505,14.5852,12.1345,31,.78125,.78125,1132.5,4.3496,16,116.6,15.47,1.8,5.4902,11.3725,62.1787,14.5098,6.96,-6.02487,1,8,0,0,1,74.902,0,0,3.328,0,183.2
1576,167441.920,14.3397,14.4703,12.1443,31,0,.78125,1230.25,4.3496,-2.5,116.6,12.23,1.7,4.70588,9.80392,52.8674,14.5098,7.105,-7.03347,1,8,0,0,1,63.5294,0,0,3.328,0,183.2
1577,167441.960,14.0883,14.2406,13.9636,31,0,.78125,1286.75,4.3496,-2,116.6,11.24,1.66,4.70588,9.80392,51.747,14.5098,7.105,-7.23203,1,8,0,0,1,55.2941,0,0,3.328,0,183.2
1578,167442.000,13.9606,13.8961,13.9636,31,-1.5625,.78125,1309.25,4.3496,-.5,116.6,10.22,1.64,4.70588,9.80392,51.5281,14.5098,7.105,-7.23203,1,8,0,0,3,55.2941,0,0,3.328,0,183.2
1579,167442.040,12.866,13.4367,14.0222,31,-3.90625,.78125,1290.25,4.3496,.5,116.6,10.05,1.62,4.70588,9.80392,51.7113,14.5098,6.96,-7.32589,1,8,0,0,3,52.1569,0,0,3.072,0,183.2
1580,167442.080,12.191,13.0922,14.0615,31,-4.6875,.78125,1221,4.97097,20.5,116.6,9.84,1.64,5.4902,10.1961,63.7151,14.5098,6.96,-6.87102,1,8,0,0,5,68.2353,0,0,3.072,0,183.2
1581,167442.120,11.8971,12.7477,14.0615,31,-4.6875,.78125,1205.75,4.97097,21.5,116.6,10.22,1.7,7.05882,10.9804,79.2535,14.5098,6.815,-6.87102,1,8,0,0,5,68.2353,0,0,3.072,0,183.2
1582,167442.160,11.7694,12.2883,14.0944,31,-4.6875,.78125,1166.75,4.97097,22.5,116.6,11.5,1.72,7.45098,11.7647,85.5329,14.5098,6.96,-6.21519,1,8,0,0,7,74.902,0,0,3.072,0,183.2
1583,167442.200,11.6437,12.4031,14.0944,31,-4.6875,.78125,1142.75,4.97097,23,116.6,11.78,1.76,7.45098,12.1569,86.0952,14.5098,7.105,-6.21519,1,8,0,0,7,74.902,0,0,3.328,0,183.2
1584,167442.240,12.0653,12.6328,13.9378,31,-4.6875,.78125,1096.5,4.97097,22,116.6,12.45,1.76,7.05882,12.1569,80.4051,14.5098,7.395,-6.29534,1,8,0,0,7,74.902,0,0,3.328,0,183.2
1585,167442.280,12.3593,12.8625,13.1523,31,-4.6875,0,1073.75,4.97097,21,116.6,12.45,1.74,5.4902,10.9804,65.7977,14.5098,7.685,-6.75262,1,8,0,0,7,73.7255,0,0,3.584,0,183.2
1586,167442.320,12.4869,13.207,13.1523,31,-3.90625,0,1058.75,4.97097,20.5,116.6,12.02,1.68,4.70588,10.1961,56.811,14.5098,7.83,-6.75262,1,8,0,0,7,73.7255,0,0,3.584,0,183.2
1587,167442.360,12.9917,13.5516,13.4041,31,-3.125,0,1054.25,4.97097,19.5,116.6,10.6,1.64,4.70588,9.80392,56.8519,14.5098,7.975,-7.13569,1,8,0,0,6,60.7843,0,0,3.584,0,183.2
1588,167442.400,13.2876,13.8961,13.8735,31,-3.125,0,1064.5,5.59234,19.5,116.6,9.87,1.62,4.70588,9.41177,53.715,14.5098,7.975,-7.23016,1,8,0,0,6,57.6471,0,0,3.584,0,183.2
1589,167442.440,13.9181,14.2406,13.8735,31,-1.5625,0,1089.75,5.59234,20,116.6,9.63,1.62,4.70588,9.41177,53.5013,14.5098,7.975,-7.23016,1,8,0,0,4,57.6471,0,0,3.584,0,183.2
1590,167442.480,14.508,14.4703,13.9056,31,-1.5625,0,1097.25,5.59234,20.5,116.6,9.56,1.62,4.70588,9.41177,53.4385,14.5098,7.975,-7.22606,1,8,0,0,4,57.2549,0,0,3.584,0,183.2
1591,167442.520,14.8464,14.7,13.9056,31,-.78125,0,1115.25,5.59234,21,116.6,9.36,1.6,4.70588,9.41177,53.3386,14.5098,7.83,-7.22606,1,8,0,0,4,57.2549,0,0,3.584,0,183.2
1592,167442.560,15.0147,14.9297,13.9701,31,-.78125,0,1124.25,5.59234,21,116.6,9.39,1.6,4.70588,9.41177,56.2229,14.5098,7.83,-7.22186,1,8,0,0,3,57.2549,0,0,3.584,0,183.2
1593,167442.600,15.268,14.8148,14.0026,31,-.78125,0,1138.5,5.59234,22,116.6,9.53,1.62,4.70588,9.41177,56.0959,14.5098,7.685,-7.12665,1,8,0,0,3,60.3922,0,0,3.328,0,183.2
1594,167442.640,15.2255,14.7,14.0026,31,-.78125,0,1137,6.21371,22,116.6,9.7,1.62,4.70588,9.80392,56.1079,14.5098,7.685,-7.12665,1,8,0,0,3,60.3922,0,0,3.328,0,183.2
1595,167442.680,14.7613,14.4703,14.0615,31,-1.5625,-1.5625,1128.5,6.21371,22,116.6,9.67,1.64,4.70588,9.80392,53.1734,14.5098,7.54,-7.12563,1,8,0,0,3,60,0,0,3.328,0,183.2
1596,167442.720,14.2565,14.3555,14.0878,31,-2.34375,-1.5625,1128.75,6.21371,22,116.6,9.81,1.62,4.70588,9.80392,53.1696,14.5098,7.54,-7.21966,1,8,0,0,4,56.8627,0,0,3.328,0,183.2
1597,167442.760,14.6356,14.2406,14.0878,31,-3.125,-1.5625,1138.75,6.21371,22.5,116.6,9.87,1.64,4.31373,9.80392,47.074,14.5098,7.54,-7.21966,1,8,0,0,3,56.8627,0,0,3.328,0,183.2
1598,167442.800,14.6356,14.1258,14.1142,31,-3.125,-1.5625,1145.75,6.21371,22.5,116.6,9.94,1.62,2.7451,9.01961,32.0144,14.5098,7.54,-7.58359,1,8,0,0,3,43.9216,0,0,3.328,0,183.2
1599,167442.840,14.4673,14.0109,14.1142,31,-3.90625,-1.5625,1186.5,6.21371,23,116.6,9.42,1.58,.392157,7.84314,11.576,14.5098,7.54,-7.58359,1,8,0,0,4,43.9216,0,0,3.328,0,183.2
1600,167442.880,14.508,14.0109,14.1407,31,-3.90625,-1.5625,1224,6.21371,24,116.6,8.26,1.54,0,7.84314,11.076,14.5098,7.25,-8.45771,1,8,0,0,4,12.1569,0,0,3.328,0,183.2
1601,167442.920,14.3397,14.0109,15.3522,31,-3.90625,-1.5625,1242,6.21371,23.5,116.6,7.96,1.5,0,7.05882,10.576,14.5098,7.105,-8.47087,1,8,0,0,5,0,0,0,2.816,0,183.2
1602,167442.960,14.3397,14.1258,15.3522,31,-3.90625,-1.5625,1249.25,6.83508,22.5,116.6,7.69,1.48,0,7.05882,10.076,14.5098,6.815,-8.47087,1,8,0,0,2,0,0,0,2.816,0,183.2
1603,167443.000,14.508,14.1258,16.5689,31,-3.90625,-1.5625,1234.75,6.83508,21,116.6,7.37,1.46,0,7.05882,9.57598,14.5098,6.525,-8.49501,1,8,0,0,1,0,0,0,2.56,0,183.2
1604,167443.040,14.5931,14.1258,16.0392,31,-3.90625,-1.5625,1221,6.83508,20.5,116.6,7.19,1.46,0,7.05882,9.07598,14.5098,6.38,-8.51914,1,8,0,0,1,0,0,0,2.56,0,183.2
1605,167443.080,14.5505,14.1258,16.0392,31,-3.90625,-1.5625,1213.75,6.83508,19,116.6,6.81,1.46,0,7.05882,8.57598,14.5098,6.235,-8.51914,1,8,0,0,0,0,0,0,2.56,0,183.2
1606,167443.120,14.6356,14.1258,15.4309,31,-4.6875,-1.5625,1228,6.83508,19,116.6,6.63,1.46,0,6.66667,8.07598,14.5098,6.09,-8.54328,1,8,0,0,0,0,0,0,2.56,0,183.2
1607,167443.160,14.508,14.2406,15.4309,31,-4.6875,-1.5625,1255.75,6.83508,18,116.6,6.46,1.46,0,6.66667,7.57598,14.5098,5.945,-8.54328,1,8,0,0,0,0,0,0,2.56,0,183.2
1608,167443.200,14.5505,14.2406,15.2976,31,-4.6875,-1.5625,1291.25,6.83508,17.5,116.6,6.59,1.46,0,6.66667,7.07597,14.5098,5.8,-8.56741,1,8,0,0,0,0,0,0,2.56,0,183.2
1609,167443.240,14.5931,14.3555,15.2898,31,-4.6875,-1.5625,1310.5,6.83508,16.5,116.6,6.63,1.46,0,6.66667,6.57597,14.5098,5.655,-8.59155,1,8,0,0,0,0,0,0,2.304,0,183.2
1610,167443.280,14.7188,14.3555,15.2898,31,-3.90625,-1.5625,1302.75,6.83508,16,116.6,6.63,1.46,0,6.66667,6.07597,14.5098,5.51,-8.59155,1,8,0,0,0,0,0,0,2.304,0,183.2
1611,167443.320,14.7188,14.4703,14.6357,31,-3.90625,-1.5625,1291.25,6.83508,14.5,116.6,6.72,1.46,0,6.66667,5.57597,14.5098,5.51,-8.61568,1,8,0,0,0,0,0,0,2.304,0,183.2
1612,167443.360,14.8039,14.5852,14.6357,31,-3.90625,-1.5625,1274.75,6.83508,13.5,116.6,6.33,1.44,0,6.66667,5.07597,14.5098,5.365,-8.63982,1,8,0,0,0,0,0,0,2.304,0,183.2
1613,167443.400,14.887,14.5852,14.6357,31,-3.90625,-1.5625,1274.5,6.83508,13,116.6,6.46,1.46,0,6.66667,4.57596,14.5098,5.365,-8.63982,1,8,0,0,0,0,0,0,2.304,0,183.2
1614,167443.440,14.8464,14.7,14.6357,31,-3.125,-1.5625,1281.5,6.83508,13,116.6,6.59,1.46,0,6.66667,4.07596,14.5098,5.22,-8.66395,1,8,0,0,0,0,0,0,2.304,0,183.2
1615,167443.480,14.9296,14.7,14.6357,31,-3.125,-1.5625,1285.25,6.83508,13,116.6,6.33,1.44,0,6.27451,3.57596,14.5098,5.22,-8.66395,1,8,0,0,0,0,0,0,2.304,0,183.2
1616,167443.520,15.0147,14.7,14.6286,31,-3.125,-1.5625,1282.5,6.83508,13,116.6,6.18,1.44,0,6.27451,0,14.5098,5.22,-8.68809,1,8,0,0,0,0,0,0,2.304,0,183.2
1617,167443.560,15.0978,14.8148,14.6357,31,-3.125,-1.5625,1268,6.83508,12.5,116.6,6.07,1.42,0,5.88235,0,14.5098,5.075,-8.79294,1,8,0,0,0,0,0,0,2.304,0,183.2
1618,167443.600,15.1404,14.8148,14.6357,31,-3.125,-1.5625,1259.5,6.83508,9.5,116.6,5.7,1.4,0,5.88235,0,14.5098,5.075,-8.79294,1,8,0,0,0,0,0,0,2.304,0,183.2
1619,167443.640,15.3086,14.8148,14.6286,31,-2.34375,-1.5625,1246,6.83508,11.5,116.6,5.68,1.4,0,5.88235,0,14.5098,4.93,-8.79294,1,8,0,0,0,0,0,0,2.304,0,183.2
1620,167443.680,15.268,14.8148,14.6286,31,-2.34375,-1.5625,1247.25,6.83508,11.5,116.6,5.62,1.4,0,5.88235,0,14.5098,4.93,-8.79295,1,8,0,0,0,0,0,0,2.048,0,183.2
1621,167443.720,15.1829,14.9297,14.6286,31,-2.34375,-1.5625,1235,6.83508,12.5,116.6,5.56,1.38,0,5.88235,0,14.5098,4.93,-8.79295,1,8,0,0,0,0,0,0,2.048,0,183.2
1622,167443.760,15.3512,14.9297,14.6286,31,-2.34375,-1.5625,1232.25,6.83508,12.5,116.6,5.56,1.4,0,5.88235,0,14.5098,4.93,-8.79295,1,8,0,0,0,0,0,0,2.048,0,183.2
1623,167443.800,15.3512,14.9297,14.6286,31,-2.34375,-1.5625,1216.5,6.83508,14,116.6,5.56,1.4,0,5.88235,0,14.5098,4.93,-8.79295,1,8,0,0,0,0,0,0,2.048,0,183.2
1624,167443.840,15.3512,14.9297,14.6215,31,-2.34375,-1.5625,1200.5,6.83508,15.5,116.6,5.66,1.4,0,5.88235,0,14.5098,4.93,-8.79295,1,8,0,0,0,0,0,0,2.048,0,183.2
1625,167443.880,15.2255,15.0445,14.6073,31,-1.5625,-1.5625,1198.75,6.83508,15.5,116.6,5.68,1.4,0,5.88235,0,14.5098,4.93,-8.7942,1,8,0,0,0,0,0,0,2.048,0,183.2
1626,167443.920,15.4363,15.0445,14.6073,31,-1.5625,-1.5625,1199.75,6.83508,15,116.6,5.56,1.38,0,5.88235,0,14.5098,4.93,-8.7942,1,8,0,0,0,0,0,0,2.048,0,183.2
1627,167443.960,15.5194,15.0445,14.6002,31,-1.5625,-1.5625,1195.5,6.83508,15.5,116.6,5.5,1.38,0,5.88235,0,14.5098,4.93,-8.79312,1,8,0,0,0,0,0,0,2.048,0,183.2
1628,167444.000,15.6045,15.1594,14.586,31,-1.5625,-1.5625,1191.5,6.83508,15.5,116.6,5.52,1.4,0,5.88235,0,14.5098,4.785,-8.80077,1,8,0,0,0,0,0,0,2.048,0,183.2
1629,167444.040,15.7303,15.1594,14.586,31,-.78125,-1.5625,1178,6.83508,16,116.6,5.54,1.38,0,5.88235,0,14.5098,4.785,-8.80077,1,8,0,0,0,0,0,0,2.048,0,183.2
1630,167444.080,15.7303,15.2742,14.579,31,-.78125,-1.5625,1181.25,6.83508,15.5,116.6,5.54,1.4,0,5.88235,0,14.5098,4.785,-8.81306,1,8,0,0,0,0,0,0,2.048,0,183.2
1631,167444.120,15.856,15.3891,14.579,31,0,-1.5625,1186,6.83508,15.5,116.6,5.54,1.38,0,5.88235,0,14.5098,4.785,-8.81306,1,8,0,0,0,0,0,0,2.048,0,183.2
1632,167444.160,15.9836,15.5039,14.579,31,0,-1.5625,1178.5,6.21371,15.5,116.6,5.54,1.4,0,5.88235,0,14.5098,4.785,-8.80579,1,8,0,0,0,0,0,0,2.048,0,183.2
1633,167444.200,16.0262,15.5039,14.5719,31,0,-1.5625,1175.25,6.21371,15.5,116.6,5.5,1.38,0,5.88235,0,14.5098,4.785,-8.81037,1,8,0,0,0,0,0,0,2.048,0,183.2
1634,167444.240,16.0262,15.5039,14.5719,31,.78125,-1.5625,1160,6.21371,16,116.6,5.5,1.38,0,5.88235,0,14.5098,4.785,-8.81037,1,8,0,0,0,0,0,0,2.048,0,183.2
1635,167444.280,16.1093,15.6187,14.5508,31,.78125,-.78125,1167.25,6.21371,16,116.6,5.5,1.38,0,5.88235,0,14.5098,4.785,-8.82982,1,8,0,0,0,0,0,0,2.048,0,183.2
1636,167444.320,16.237,15.6187,14.5367,31,1.5625,-.78125,1175.75,6.21371,15.5,116.6,5.5,1.38,0,5.88235,0,14.5098,4.785,-8.82615,1,8,0,0,0,0,0,0,2.048,0,183.2
1637,167444.360,16.237,15.6187,14.5367,31,1.5625,-.78125,1161.25,6.21371,16,116.6,5.5,1.4,0,5.88235,0,14.5098,4.785,-8.82615,1,8,0,0,0,0,0,0,2.048,0,183.2
1638,167444.400,16.3201,15.7336,14.5297,31,1.5625,-.78125,1146,6.21371,16,116.6,5.5,1.38,0,5.88235,0,14.5098,4.785,-8.83417,1,8,0,0,0,0,0,0,2.304,0,183.2
1639,167444.440,16.2776,15.7336,14.5297,31,2.34375,-.78125,1149.25,6.21371,16,116.6,5.52,1.4,0,5.88235,0,14.5098,4.785,-8.83417,1,8,0,0,0,0,0,0,2.304,0,183.2
1640,167444.480,16.3201,15.6187,14.5297,31,2.34375,.78125,1153.25,5.59234,16,116.6,5.52,1.38,0,5.88235,0,14.5098,4.785,-8.83953,1,8,0,0,0,0,0,0,2.304,0,183.2
1641,167444.520,15.7303,15.6187,14.5297,31,2.34375,.78125,1148.75,5.59234,16,116.6,5.5,1.4,0,5.88235,0,14.5098,4.785,-8.84006,1,8,0,0,0,0,0,0,2.304,0,183.2
1642,167444.560,15.8153,15.6187,14.5297,31,3.125,.78125,1147.75,5.59234,16,116.6,5.5,1.38,0,5.88235,0,14.5098,4.785,-8.84006,1,8,0,0,0,0,0,0,2.304,0,183.2
1643,167444.600,15.6877,15.6187,14.5297,31,3.125,.78125,1151.75,5.59234,15.5,116.6,5.46,1.38,0,5.88235,0,14.5098,4.785,-8.84099,1,8,0,0,0,0,0,0,2.304,0,183.2
1644,167444.640,15.7728,15.6187,14.5297,31,3.125,.78125,1154,4.97097,15.5,116.6,5.5,1.38,0,5.88235,0,14.5098,4.785,-8.83514,1,8,0,0,0,0,0,0,2.304,0,183.2
1645,167444.680,15.856,15.5039,14.5297,31,3.125,.78125,1149,4.97097,15.5,116.6,5.54,1.4,0,5.88235,0,14.5098,4.785,-8.83514,1,8,0,0,0,0,0,0,2.304,0,183.2
1646,167444.720,15.6877,15.5039,14.5297,31,3.90625,.78125,1151,4.97097,15.5,116.6,5.54,1.38,0,5.88235,0,14.5098,4.785,-8.83423,1,8,0,0,0,0,0,0,2.304,0,183.2
1647,167444.760,15.6471,15.3891,14.5297,31,3.90625,.78125,1162,4.97097,14.5,116.6,5.5,1.38,0,5.88235,0,14.5098,4.785,-8.83423,1,8,0,0,0,0,0,0,2.304,0,183.2
1648,167444.800,15.6471,15.3891,14.5367,31,3.90625,.78125,1166.75,4.97097,14,116.6,5.52,1.38,0,5.88235,0,14.5098,4.785,-8.82782,1,8,0,0,0,0,0,0,2.304,0,183.2
1649,167444.840,15.6471,15.2742,14.5367,31,3.90625,.78125,1161.25,4.97097,14.5,116.6,5.46,1.38,0,5.88235,0,14.5098,4.785,-8.83193,1,8,0,0,0,0,0,0,2.304,0,183.2
1650,167444.880,15.4769,15.1594,14.5367,31,3.90625,.78125,1154.5,4.3496,15,116.6,5.46,1.4,0,5.88235,0,14.5098,4.785,-8.83193,1,8,0,0,0,0,0,0,2.304,0,183.2
1651,167444.920,15.4363,15.1594,14.5367,31,3.90625,.78125,1153.25,4.3496,15,116.6,5.5,1.38,0,5.88235,0,14.5098,4.785,-8.83138,1,8,0,0,0,0,0,0,2.304,0,185
1652,167444.960,15.3512,15.0445,14.5367,31,3.90625,.78125,1161.25,4.3496,14,116.6,5.5,1.4,0,5.88235,0,14.5098,4.785,-8.82849,1,8,0,0,0,0,0,0,2.304,0,185
1653,167445.000,15.3086,14.9297,14.5367,31,3.90625,.78125,1156,4.3496,14.5,116.6,5.54,1.38,0,5.88235,0,14.5098,4.785,-8.82849,1,8,0,0,0,0,0,0,2.304,0,185
1654,167445.040,15.0147,14.9297,14.5297,31,3.90625,.78125,1154.5,3.72823,14.5,116.6,5.54,1.4,0,5.88235,0,14.5098,4.785,-8.83474,1,8,0,0,0,0,0,0,2.304,0,185
1655,167445.080,15.1829,14.9297,14.5297,31,3.90625,.78125,1150.75,3.72823,15,116.6,5.6,1.38,0,5.88235,0,14.5098,4.785,-8.83474,1,8,0,0,0,0,0,0,2.304,0,185
1656,167445.120,15.0978,14.8148,14.5297,31,3.90625,.78125,1155.5,3.72823,14,116.6,5.6,1.38,0,5.88235,0,14.5098,4.785,-8.83834,1,8,0,0,0,0,0,0,2.304,0,185
1657,167445.160,15.0978,14.8148,14.5297,31,3.90625,.78125,1162,3.72823,13.5,116.6,5.5,1.38,0,5.88235,0,14.5098,4.64,-8.82797,1,8,0,0,0,0,0,0,2.304,0,185
1658,167445.200,15.0572,14.7,14.5297,31,3.90625,.78125,1169.75,3.10686,12.5,116.6,5.5,1.38,0,5.88235,0,14.5098,4.64,-8.82797,1,8,0,0,0,0,0,0,2.304,0,185
1659,167445.240,14.887,14.7,14.5438,31,3.90625,.78125,1163.25,3.10686,13,116.6,5.5,1.38,0,5.88235,0,14.5098,4.64,-8.82072,1,8,0,0,0,0,0,0,2.304,0,185
1660,167445.280,14.7613,14.7,14.5438,31,3.90625,.78125,1156.75,3.10686,13.5,116.6,5.46,1.38,0,5.88235,0,14.5098,4.64,-8.82555,1,8,0,0,0,0,0,0,2.304,0,185
1661,167445.320,14.8039,14.5852,14.5438,31,3.90625,.78125,1155.25,3.10686,14,116.6,5.48,1.4,0,5.88235,0,14.5098,4.64,-8.82555,1,8,0,0,0,0,0,0,2.304,0,185
1662,167445.360,14.7188,14.5852,14.5227,31,3.90625,.78125,1150.5,2.48548,14,116.6,5.52,1.38,0,5.88235,0,14.5098,4.64,-8.84589,1,8,0,0,0,0,0,0,2.304,0,185
1663,167445.400,14.7188,14.5852,14.5227,31,3.90625,.78125,1144.75,2.48548,14.5,116.6,5.54,1.4,0,5.88235,0,14.5098,4.64,-8.84589,1,8,0,0,0,0,0,0,2.304,0,185
1664,167445.440,14.6782,14.5852,14.5227,31,3.90625,.78125,1154.75,2.48548,13.5,116.6,5.6,1.38,0,5.88235,0,14.5098,4.64,-8.8438,1,8,0,0,0,0,0,0,2.304,0,185
1665,167445.480,14.5931,14.5852,14.5367,31,3.90625,.78125,1160,2.48548,13,116.6,5.56,1.4,0,5.88235,0,14.5098,4.64,-8.82986,1,8,0,0,0,0,0,0,2.304,0,185
1666,167445.520,14.5931,14.4703,14.5367,31,3.90625,.78125,1159,2.48548,13,116.6,5.6,1.38,0,5.88235,0,14.5098,4.64,-8.82986,1,8,0,0,0,0,0,0,2.304,0,185
1667,167445.560,14.3823,14.4703,14.5367,31,3.90625,.78125,1147.5,2.48548,14,116.6,5.56,1.38,0,5.4902,0,14.5098,4.64,-8.83062,1,8,0,0,0,0,0,0,2.304,0,185
1668,167445.600,14.5505,14.4703,14.5227,31,3.90625,.78125,1137.75,1.86411,15,116.6,5.32,1.34,0,5.09804,0,14.5098,4.785,-8.8502,1,8,0,0,0,0,0,0,2.304,0,185
1669,167445.640,14.5505,14.4703,14.5227,31,3.90625,.78125,1143,1.86411,14.5,116.6,5.09,1.34,0,4.70588,0,14.5098,4.64,-8.8502,1,8,0,0,0,0,0,0,2.304,0,185
1670,167445.680,14.5505,14.4703,14.5227,31,3.90625,.78125,1146.25,1.86411,14,116.6,4.6,1.3,0,4.70588,0,14.5098,4.64,-8.84689,1,8,0,0,0,0,0,0,2.304,0,185
1671,167445.720,14.508,14.4703,14.5227,31,3.90625,.78125,1137,1.86411,15,116.6,4.44,1.3,0,4.31373,0,14.5098,4.64,-8.84689,1,8,0,0,0,0,0,0,2.048,0,185
1672,167445.760,14.4673,14.4703,14.5367,31,3.125,.78125,1136,1.86411,14.5,116.6,4.12,1.26,0,3.92157,0,14.5098,4.495,-8.84782,1,8,0,0,0,0,0,0,2.048,0,185
1673,167445.800,15.0978,14.4703,14.5438,31,3.125,.78125,1136.5,1.86411,14.5,116.6,3.97,1.26,0,3.92157,0,14.5098,4.495,-8.8513,1,8,0,0,0,0,0,0,2.048,0,185
1674,167445.840,14.9721,14.4703,14.5438,31,3.125,.78125,1119,1.86411,15.5,116.6,3.75,1.24,0,3.92157,0,14.5098,4.35,-8.8513,1,8,0,0,0,0,0,0,2.048,0,185
1675,167445.880,14.9296,14.4703,14.5438,31,3.125,.78125,1110,1.86411,16,116.6,3.71,1.26,0,3.92157,0,14.5098,4.35,-8.86733,1,8,0,0,0,0,0,0,2.048,0,185
1676,167445.920,14.9721,14.3555,14.5367,31,3.125,.78125,1097.75,1.24274,16,116.6,3.69,1.24,0,3.92157,0,14.5098,4.205,-8.88687,1,8,0,0,0,0,0,0,2.048,0,185
1677,167445.960,14.887,14.3555,14.5367,31,3.125,.78125,1099,1.24274,16,116.6,3.67,1.26,0,3.92157,0,14.5098,4.205,-8.88687,1,8,0,0,0,0,0,0,2.048,0,185
1678,167446.000,15.0147,14.3555,14.5227,31,3.125,.78125,1071.5,1.24274,16.5,116.6,3.73,1.24,0,3.92157,0,14.5098,4.205,-8.90216,1,8,0,0,0,0,0,0,2.048,0,185
1679,167446.040,14.9296,14.2406,14.5227,31,3.125,.78125,1055.5,1.24274,16.5,116.6,3.73,1.26,0,3.92157,0,14.5098,4.205,-8.90216,1,8,0,0,0,0,0,0,2.048,0,185
1680,167446.080,14.9296,14.2406,14.5017,31,2.34375,.78125,1027.25,1.24274,16.5,116.6,3.73,1.24,0,3.92157,0,14.5098,4.06,-8.92583,1,8,0,0,0,0,0,0,2.048,0,185
1681,167446.120,14.9721,14.1258,14.4738,31,2.34375,.78125,1026.75,1.24274,16.5,116.6,3.73,1.26,0,4.31373,0,14.5098,4.06,-8.95211,1,8,0,0,0,0,0,0,2.048,0,185
1682,167446.160,15.0572,14.1258,14.4738,31,2.34375,.78125,1003.5,0,16.5,116.6,3.73,1.26,0,4.31373,0,14.5098,4.06,-8.95211,1,8,0,0,0,0,0,0,2.048,0,185
1683,167446.200,14.9296,14.1258,14.4322,31,2.34375,.78125,960,0,16.5,116.6,3.79,1.24,0,4.31373,0,14.5098,4.06,-8.9866,1,8,0,0,0,0,0,0,2.048,0,185
1684,167446.240,15.0572,14.0109,14.3908,31,1.5625,.78125,942.75,0,16.5,116.6,3.83,1.26,0,4.31373,0,14.5098,4.205,-9.02921,1,8,0,0,0,0,0,0,2.048,0,185
1685,167446.280,15.0147,14.0109,14.3908,31,1.5625,.78125,919,0,16.5,116.6,3.83,1.26,0,4.31373,0,14.5098,4.205,-9.02921,1,8,0,0,0,0,0,0,2.048,0,185
1686,167446.320,15.0147,14.0109,14.3497,31,1.5625,.78125,898.75,0,16.5,116.6,3.81,1.26,0,4.31373,0,14.5098,4.205,-9.0697,1,8,0,0,1,0,0,0,2.048,0,185
1687,167446.360,14.887,14.0109,14.3497,31,1.5625,.78125,867.25,0,16.5,116.6,3.81,1.26,0,4.31373,0,14.5098,4.205,-9.0697,1,8,0,0,1,0,0,0,2.048,0,185
1688,167446.400,14.887,13.8961,14.3087,31,1.5625,.78125,857.25,0,16.5,116.6,3.85,1.26,0,4.31373,0,14.5098,4.205,-9.09871,1,8,0,0,0,0,0,0,2.048,0,185
1689,167446.440,14.887,13.8961,14.2884,31,1.5625,.78125,826.25,0,16.5,116.6,3.85,1.26,0,4.31373,0,14.5098,4.205,-9.12777,1,8,0,0,0,0,0,0,2.048,0,185
1690,167446.480,14.8039,13.8961,14.2884,31,.78125,.78125,797,0,16.5,116.6,3.87,1.26,0,4.31373,0,14.5098,4.205,-9.12777,1,8,0,0,0,0,0,0,2.048,0,185
1691,167446.520,14.0457,13.8961,14.2748,31,.78125,.78125,784.75,0,16.5,116.6,3.87,1.26,0,4.31373,0,14.5098,4.205,-9.16045,1,8,0,0,0,0,0,0,2.048,0,185
1692,167446.560,14.0032,13.8961,14.2748,31,.78125,.78125,760.75,0,16.5,116.6,3.93,1.26,0,4.31373,0,14.5098,4.35,-9.16045,1,8,0,0,0,0,0,0,2.048,0,185
1693,167446.600,14.0457,14.0109,14.2748,31,.78125,.78125,736,0,16.5,116.6,3.95,1.26,0,4.31373,0,14.5098,4.35,-9.16045,1,8,0,0,1,0,0,0,2.048,0,185
1694,167446.640,13.9181,14.0109,14.1142,31,.78125,.78125,704.5,0,16.5,116.6,3.98,1.26,0,4.31373,0,14.5098,4.495,-9.16045,1,8,0,0,1,0,0,0,2.048,0,185
1695,167446.680,13.8349,14.0109,14.1142,31,.78125,.78125,697.5,0,16.5,116.6,3.98,1.26,0,4.31373,0,14.5098,4.495,-9.16045,1,8,0,0,1,0,0,0,2.048,0,185
1696,167446.720,13.9181,14.0109,14.0156,31,.78125,.78125,697.5,0,16.5,116.6,3.98,1.26,0,4.31373,0,14.5098,4.64,-9.16046,1,8,0,0,0,0,0,0,2.304,0,185
1697,167446.760,13.7498,14.0109,13.8928,31,.78125,.78125,679.5,0,16.5,116.6,3.98,1.28,0,4.31373,0,14.5098,4.64,-9.16046,1,8,0,0,0,0,0,0,2.304,0,185
1698,167446.800,13.9181,14.1258,13.8928,31,.78125,.78125,676,0,16.5,116.6,4.02,1.28,0,4.31373,0,14.5098,4.785,-9.16046,1,8,0,0,0,0,0,0,2.304,0,185
1699,167446.840,14.0032,14.1258,13.912,31,1.5625,.78125,670,0,16.5,116.6,3.98,1.28,0,4.31373,0,14.5098,4.93,-9.16046,1,8,0,0,0,0,0,0,2.304,0,185
1700,167446.880,13.9181,14.1258,13.9313,31,1.5625,.78125,674.5,0,16.5,116.6,4.04,1.3,0,4.31373,0,14.5098,4.93,-9.16046,1,8,0,0,0,0,0,0,2.304,0,185
1701,167446.920,13.8775,14.2406,13.9313,31,1.5625,.78125,676,0,16.5,116.6,4.04,1.28,0,4.31373,0,14.5098,5.075,-9.16046,1,8,0,0,0,0,0,0,2.304,0,185
1702,167446.960,13.9181,14.2406,13.8992,31,1.5625,.78125,674.75,0,16.5,116.6,4.04,1.28,0,4.31373,0,14.5098,5.075,-9.16047,1,8,0,0,1,0,0,0,2.304,0,185
1703,167447.000,14.0032,14.2406,13.8992,31,1.5625,.78125,666.25,0,16.5,116.6,4.04,1.28,0,4.31373,0,14.5098,5.22,-9.16047,1,8,0,0,1,0,0,0,2.304,0,185
1704,167447.040,14.0032,14.3555,13.912,31,1.5625,.78125,680,0,16.5,116.6,4.1,1.28,0,4.31373,0,14.5098,5.22,-9.16047,1,8,0,0,0,0,0,0,2.304,0,185
1705,167447.080,14.1289,14.3555,13.9378,31,1.5625,.78125,683.5,0,16.5,116.6,4.1,1.28,0,4.70588,0,14.5098,5.365,-9.16047,1,8,0,0,0,0,0,0,2.304,0,185
1706,167447.120,14.0883,14.3555,13.9378,31,1.5625,.78125,683.5,0,16.5,116.6,4.1,1.28,0,4.70588,0,14.5098,5.365,-9.16047,1,8,0,0,0,0,0,0,2.304,0,185
1707,167447.160,14.0883,14.4703,13.9184,31,2.34375,.78125,698.75,0,16.5,116.6,4.16,1.28,0,4.70588,0,14.5098,5.365,-9.16047,1,8,0,0,0,0,0,0,2.56,0,185
1708,167447.200,14.214,14.4703,14.0615,31,2.34375,.78125,711,0,16.5,116.6,4.16,1.28,0,4.70588,0,14.5098,5.51,-9.16047,1,8,0,0,0,0,0,0,2.56,0,185
1709,167447.240,14.2565,14.4703,14.0615,31,2.34375,.78125,736.75,0,16.5,116.6,4.18,1.28,0,4.70588,0,14.5098,5.51,-9.16047,1,8,0,0,0,0,0,0,2.56,0,185
1710,167447.280,14.3397,14.4703,14.0615,31,2.34375,.78125,758,0,16.5,116.6,4.22,1.28,0,4.70588,0,14.5098,5.51,-9.16048,1,8,0,0,0,0,0,0,2.56,0,185
1711,167447.320,14.4673,14.4703,14.0615,31,2.34375,.78125,777,0,16.5,116.6,4.25,1.28,0,4.70588,0,14.5098,5.51,-9.16048,1,8,0,0,0,0,0,0,2.56,0,185
1712,167447.360,14.4673,14.4703,14.068,31,2.34375,.78125,810.75,0,16.5,116.6,4.25,1.28,0,4.70588,0,14.5098,5.51,-9.16048,1,8,0,0,0,0,0,0,2.56,0,185
1713,167447.400,14.2972,14.4703,14.0746,31,2.34375,.78125,830.75,0,16,116.6,4.22,1.28,0,4.70588,0,14.5098,5.51,-9.1505,1,8,0,0,0,0,0,0,2.56,0,185
1714,167447.440,14.4673,14.4703,14.0746,31,2.34375,.78125,857.75,0,15.5,116.6,4.21,1.28,0,4.70588,0,14.5098,5.51,-9.1505,1,8,0,0,0,0,0,0,2.304,0,185
1715,167447.480,14.7188,14.3555,14.1076,31,1.5625,.78125,873.75,0,14,116.6,4.21,1.3,0,4.70588,0,14.5098,5.51,-9.10748,1,8,0,0,0,0,0,0,2.304,0,185
1716,167447.520,14.7188,14.3555,14.1341,31,1.5625,.78125,899.75,0,11.5,116.6,4.25,1.3,0,4.70588,0,14.5098,5.51,-9.06888,1,8,0,0,0,0,0,0,2.304,0,185
1717,167447.560,14.4248,14.3555,14.1341,31,1.5625,.78125,907.25,0,10.5,116.6,4.25,1.3,0,4.31373,0,14.5098,5.365,-9.06888,1,8,0,0,0,0,0,0,2.304,0,185
1718,167447.600,14.2972,14.2406,14.154,31,1.5625,.78125,910.25,0,10.5,116.6,4.18,1.28,0,4.31373,0,14.5098,5.365,-9.05394,1,8,0,0,0,0,0,0,2.304,0,185
1719,167447.640,14.7188,14.2406,14.154,31,1.5625,.78125,911.75,0,10.5,116.6,4.18,1.28,0,4.31373,0,14.5098,5.365,-9.05394,1,8,0,0,0,0,0,0,2.304,0,185
1720,167447.680,14.508,14.1258,14.1673,31,.78125,.78125,907.25,0,11,116.6,4.14,1.3,0,4.31373,0,14.5098,5.22,-9.05778,1,8,0,0,0,0,0,0,2.304,0,185
1721,167447.720,14.4673,14.1258,14.1874,31,.78125,.78125,913.75,0,10,116.6,4.12,1.3,0,4.31373,0,14.5098,5.22,-9.05596,1,8,0,0,0,0,0,0,2.304,0,185
1722,167447.760,14.5505,14.0109,14.1874,31,.78125,.78125,913.5,0,10.5,116.6,4.06,1.26,0,4.31373,0,14.5098,5.22,-9.05596,1,8,0,0,0,0,0,0,2.304,0,185
1723,167447.800,14.2972,14.0109,14.2209,31,.78125,.78125,911,0,11,116.6,4.04,1.26,0,4.31373,0,14.5098,5.075,-9.04908,1,8,0,0,0,0,0,0,2.304,0,185
1724,167447.840,14.1714,14.0109,14.2411,31,.78125,.78125,912.25,0,10.5,116.6,4,1.28,0,4.31373,0,14.5098,5.075,-9.05737,1,8,0,0,0,0,0,0,2.304,0,185
1725,167447.880,14.1714,14.0109,14.2411,31,0,.78125,903,0,11.5,116.6,4,1.28,0,4.31373,0,14.5098,4.93,-9.05737,1,8,0,0,0,0,0,0,2.304,0,185
1726,167447.920,14.0457,14.0109,14.2478,31,0,.78125,907,0,11,116.6,3.98,1.28,0,4.31373,0,14.5098,4.93,-9.06227,1,8,0,0,0,0,0,0,2.304,0,185
1727,167447.960,14.508,14.0109,14.2478,31,0,.78125,891.5,0,12.5,116.6,3.95,1.28,0,4.31373,0,14.5098,4.93,-9.06227,1,8,0,0,0,0,0,0,2.048,0,185
1728,167448.000,14.6356,14.0109,14.2478,31,0,.78125,881.75,0,13.5,116.6,4,1.26,0,4.31373,0,14.5098,4.93,-9.07808,1,8,0,0,0,0,0,0,2.048,0,185
1729,167448.040,14.2565,14.0109,14.2478,31,0,.78125,884.5,0,13,116.6,4,1.28,0,4.31373,0,14.5098,4.93,-9.08539,1,8,0,0,0,0,0,0,2.048,0,185
1730,167448.080,14.508,14.0109,14.2478,31,0,.78125,869.5,0,14.5,116.6,4.06,1.3,0,4.31373,0,14.5098,4.93,-9.08539,1,8,0,0,0,0,0,0,2.048,0,185
1731,167448.120,14.5505,14.0109,14.2411,31,0,.78125,868.25,0,15,116.6,4.06,1.3,0,4.31373,0,14.5098,4.93,-9.09664,1,8,0,0,0,0,0,0,2.048,0,185
1732,167448.160,14.4673,14.0109,14.2343,31,0,.78125,855.75,0,15.5,116.6,4.06,1.28,0,4.31373,0,14.5098,4.93,-9.10934,1,8,0,0,0,0,0,0,2.048,0,185
1733,167448.200,14.3823,14.0109,14.2343,31,0,.78125,860.5,0,15,116.6,4.06,1.28,0,4.31373,0,14.5098,4.93,-9.10934,1,8,0,0,0,0,0,0,2.048,0,185
1734,167448.240,14.4673,14.1258,14.2343,31,0,.78125,849.5,0,15.5,116.6,4.1,1.28,0,4.31373,0,14.5098,4.93,-9.11232,1,8,0,0,0,0,0,0,2.048,0,185
1735,167448.280,14.5505,14.1258,14.2343,31,0,.78125,834,0,16,116.6,4.12,1.28,0,4.31373,0,14.5098,4.93,-9.11232,1,8,0,0,0,0,0,0,2.048,0,185
1736,167448.320,14.5505,14.1258,14.2209,31,0,.78125,832.75,0,16,116.6,4.12,1.28,0,4.31373,0,14.5098,4.93,-9.12939,1,8,0,0,0,0,0,0,2.048,0,185
1737,167448.360,14.6356,14.1258,14.2142,31,0,.78125,823.25,0,16,116.6,4.16,1.3,0,4.31373,0,14.5098,4.93,-9.13923,1,8,0,0,0,0,0,0,2.304,0,185
1738,167448.400,14.5505,14.1258,14.2142,31,0,.78125,827.5,0,16,116.6,4.16,1.3,0,4.31373,0,14.5098,4.93,-9.13923,1,8,0,0,0,0,0,0,2.304,0,185
1739,167448.440,14.5931,14.2406,14.2209,31,0,.78125,824.25,0,16,116.6,4.18,1.3,0,4.31373,0,14.5098,4.93,-9.13516,1,8,0,0,0,0,0,0,2.304,0,185
1740,167448.480,14.4248,14.2406,14.2209,31,0,.78125,833.75,0,16,116.6,4.18,1.3,0,4.31373,0,14.5098,4.93,-9.12955,1,8,0,0,0,0,0,0,2.304,0,185
1741,167448.520,14.508,14.2406,14.2209,31,0,.78125,829.5,0,16,116.6,4.18,1.3,0,4.31373,0,14.5098,4.93,-9.12955,1,8,0,0,0,0,0,0,2.304,0,185
1742,167448.560,14.6356,14.2406,14.2142,31,0,.78125,829.5,0,16,116.6,4.18,1.28,0,4.31373,0,14.5098,4.93,-9.13341,1,8,0,0,0,0,0,0,2.304,0,185
1743,167448.600,14.6782,14.3555,14.2142,31,.78125,.78125,829.5,0,15.5,116.6,4.18,1.28,0,4.31373,0,14.5098,4.93,-9.13341,1,8,0,0,0,0,0,0,2.304,0,185
1744,167448.640,14.6782,14.3555,14.2142,31,.78125,.78125,826.5,0,16,116.6,4.12,1.28,0,4.31373,0,14.5098,4.93,-9.13342,1,8,0,0,0,0,0,0,2.304,0,185
1745,167448.680,14.5931,14.3555,14.2142,31,.78125,.78125,839.25,0,15,116.6,4.16,1.28,0,4.31373,0,14.5098,4.93,-9.13623,1,8,0,0,0,0,0,0,2.304,0,185
1746,167448.720,14.5505,14.3555,14.2142,31,.78125,.78125,841.5,0,15,116.6,4.12,1.28,0,4.31373,0,14.5098,4.93,-9.13623,1,8,0,0,0,0,0,0,2.304,0,185
1747,167448.760,14.7613,14.3555,14.2276,31,.78125,.78125,849,0,14,116.6,4.18,1.3,0,4.31373,0,14.5098,4.93,-9.12251,1,8,0,0,0,0,0,0,2.304,0,185
1748,167448.800,14.7613,14.3555,14.2209,31,.78125,.78125,842,0,14.5,116.6,4.18,1.3,0,4.31373,0,14.5098,4.93,-9.12186,1,8,0,0,0,0,0,0,2.304,0,185
1749,167448.840,14.8039,14.3555,14.2209,31,.78125,.78125,844.5,0,14.5,116.6,4.16,1.3,0,4.31373,0,14.5098,4.93,-9.12186,1,8,0,0,0,0,0,0,2.304,0,185
1750,167448.880,14.887,14.3555,14.2209,31,.78125,.78125,836.5,0,15,118.4,4.16,1.28,0,4.31373,0,14.5098,4.93,-9.12692,1,8,0,0,0,0,0,0,2.304,0,185
1751,167448.920,14.8039,14.3555,14.2209,31,.78125,.78125,845,0,14,118.4,4.16,1.28,0,4.31373,0,14.5098,4.93,-9.12692,1,8,0,0,0,0,0,0,2.304,0,185
1752,167448.960,14.6356,14.3555,14.2276,31,.78125,.78125,853,0,13,118.4,4.16,1.28,0,4.31373,0,14.5098,4.93,-9.1184,1,8,0,0,0,0,0,0,2.304,0,185
1753,167449.000,14.9296,14.3555,14.2343,31,.78125,.78125,840.25,0,14.5,118.4,4.12,1.28,0,4.31373,0,14.5098,4.93,-9.11196,1,8,0,0,0,0,0,0,2.304,0,185
1754,167449.040,15.0978,14.3555,14.2343,31,.78125,.78125,840.75,0,14.5,118.4,4.12,1.28,0,4.31373,0,14.5098,4.93,-9.11196,1,8,0,0,0,0,0,0,2.304,0,185
1755,167449.080,14.7613,14.3555,14.2276,31,.78125,.78125,831,0,15,118.4,4.1,1.28,0,4.31373,0,14.5098,4.93,-9.12321,1,8,0,0,0,0,0,0,2.304,0,185
1756,167449.120,14.8039,14.3555,14.2276,31,.78125,.78125,835.5,0,14.5,118.4,4.06,1.3,0,4.31373,0,14.5098,4.93,-9.12799,1,8,0,0,0,0,0,0,2.304,0,185
1757,167449.160,14.9296,14.3555,14.2276,31,.78125,.78125,830.5,0,15,118.4,4.06,1.3,0,4.31373,0,14.5098,4.93,-9.12799,1,8,0,0,0,0,0,0,2.304,0,185
1758,167449.200,14.8039,14.3555,14.2276,31,.78125,.78125,839.5,0,14,118.4,4.06,1.28,0,4.31373,0,14.5098,4.93,-9.1242,1,8,0,0,0,0,0,0,2.304,0,185
1759,167449.240,15.0147,14.3555,14.2276,31,.78125,.78125,841.5,0,14,118.4,4.06,1.28,0,4.31373,0,14.5098,4.93,-9.1242,1,8,0,0,0,0,0,0,2.304,0,185
1760,167449.280,14.7188,14.3555,14.2343,31,.78125,.78125,849.25,0,13,118.4,4.04,1.26,0,4.31373,0,14.5098,4.93,-9.11763,1,8,0,0,0,0,0,0,2.304,0,185
1761,167449.320,14.9721,14.3555,14.2411,31,.78125,.78125,861.25,0,11.5,118.4,4.04,1.26,0,4.31373,0,14.5098,4.93,-9.11543,1,8,0,0,0,0,0,0,2.304,0,185
1762,167449.360,14.887,14.3555,14.2411,31,.78125,.78125,855.75,0,12,118.4,4.04,1.28,0,4.31373,0,14.5098,4.93,-9.11543,1,8,0,0,0,0,0,0,2.304,0,185
1763,167449.400,15.0147,14.3555,14.2478,31,.78125,.78125,853.75,0,12.5,118.4,3.98,1.28,0,4.31373,0,14.5098,4.93,-9.1093,1,8,0,0,0,0,0,0,2.304,0,185
1764,167449.440,14.9721,14.3555,14.2343,31,.78125,.78125,837.75,0,14,118.4,3.98,1.28,0,4.31373,0,14.5098,4.93,-9.1258,1,8,0,0,0,0,0,0,2.304,0,185
1765,167449.480,14.887,14.3555,14.2343,31,.78125,.78125,840.75,0,13.5,118.4,3.95,1.28,0,4.31373,0,14.5098,4.93,-9.1258,1,8,0,0,0,0,0,0,2.304,0,185
1766,167449.520,14.8039,14.2406,14.2411,31,.78125,.78125,835.5,0,14.5,118.4,3.95,1.26,0,4.31373,0,14.5098,4.93,-9.12799,1,8,0,0,0,0,0,0,2.304,0,185
1767,167449.560,14.887,14.2406,14.2411,31,.78125,.78125,837.5,0,14,118.4,3.93,1.26,0,4.31373,0,14.5098,4.93,-9.12799,1,8,0,0,0,0,0,0,2.304,0,185
1768,167449.600,14.3397,14.3555,14.2343,31,.78125,.78125,827.5,0,15,118.4,3.93,1.26,0,4.31373,0,14.5098,4.93,-9.13722,1,8,0,0,0,0,0,0,2.304,0,185
1769,167449.640,14.2565,14.2406,14.2343,31,.78125,.78125,819,0,15.5,118.4,3.93,1.26,0,4.31373,0,14.5098,4.93,-9.13538,1,8,0,0,0,0,0,0,2.304,0,185
1770,167449.680,14.3397,14.2406,14.2343,31,.78125,.78125,826.75,0,15,118.4,3.93,1.26,0,4.31373,0,14.5098,4.93,-9.13538,1,8,0,0,0,0,0,0,2.304,0,185
1771,167449.720,14.2972,14.3555,14.2343,31,.78125,.78125,822.75,0,15,118.4,3.93,1.26,0,4.31373,0,14.5098,4.93,-9.13604,1,8,0,0,0,0,0,0,2.304,0,185
1772,167449.760,14.214,14.3555,14.2411,31,.78125,.78125,835.5,0,13.5,118.4,3.89,1.28,0,4.31373,0,14.5098,4.93,-9.12785,1,8,0,0,0,0,0,0,2.304,0,185
1773,167449.800,14.2972,14.2406,14.2411,31,.78125,.78125,831.25,0,14,118.4,3.89,1.28,0,4.31373,0,14.5098,4.93,-9.12785,1,8,0,0,0,0,0,0,2.304,0,185
1774,167449.840,14.2565,14.3555,14.2478,31,.78125,.78125,836.75,0,13.5,118.4,3.93,1.28,0,4.31373,0,14.5098,4.93,-9.12671,1,8,0,0,0,0,0,0,2.304,0,185
1775,167449.880,14.214,14.3555,14.2478,31,.78125,.78125,827.5,0,14.5,118.4,3.93,1.28,0,4.31373,0,14.5098,4.93,-9.12671,1,8,0,0,0,0,0,0,2.304,0,185
1776,167449.920,14.2972,14.3555,14.2411,31,.78125,.78125,828.25,0,14,118.4,3.95,1.26,0,4.31373,0,14.5098,4.93,-9.1353,1,8,0,0,0,0,0,0,2.304,0,185
1777,167449.960,14.214,14.3555,14.2343,31,.78125,.78125,817.5,0,15.5,118.4,3.95,1.26,0,4.31373,0,14.5098,4.93,-9.14456,1,8,0,0,0,0,0,0,2.304,0,185
1778,167450.000,14.2565,14.3555,14.2343,31,.78125,.78125,806.25,0,15.5,118.4,3.93,1.26,0,4.31373,0,14.5098,4.93,-9.14456,1,8,0,0,0,0,0,0,2.304,0,185
1779,167450.040,14.214,14.3555,14.2343,31,.78125,.78125,810.5,0,15.5,118.4,3.93,1.26,0,4.31373,0,14.5098,4.93,-9.15493,1,8,0,0,0,0,0,0,2.304,0,185
1780,167450.080,14.887,14.3555,14.2343,31,.78125,.78125,802,0,16,118.4,3.93,1.26,0,4.31373,0,14.5098,4.93,-9.15874,1,8,0,0,0,0,0,0,2.304,0,185
1781,167450.120,14.8039,14.3555,14.2343,31,.78125,.78125,810.5,0,15.5,118.4,3.93,1.26,0,4.31373,0,14.5098,4.93,-9.15874,1,8,0,0,0,0,0,0,2.304,0,185
1782,167450.160,14.887,14.3555,14.2343,31,.78125,.78125,798,0,16,118.4,3.93,1.26,0,4.31373,0,14.5098,4.93,-9.15099,1,8,0,0,0,0,0,0,2.304,0,185
1783,167450.200,14.8464,14.3555,14.2343,31,.78125,.78125,805.5,0,15.5,118.4,3.93,1.28,0,4.31373,0,14.5098,4.93,-9.15099,1,8,0,0,0,0,0,0,2.304,0,185
1784,167450.240,14.7613,14.3555,14.2276,31,.78125,.78125,808.75,0,15.5,118.4,3.98,1.28,0,4.31373,0,14.5098,4.93,-9.15544,1,8,0,0,0,0,0,0,2.304,0,185
1785,167450.280,14.8039,14.3555,14.2343,31,.78125,.78125,814.5,0,14.5,118.4,3.95,1.28,0,4.31373,0,14.5098,4.93,-9.14721,1,8,0,0,0,0,0,0,2.304,0,185
1786,167450.320,14.8464,14.3555,14.2343,31,.78125,.78125,803.75,0,15.5,118.4,3.93,1.28,0,4.31373,0,14.5098,4.93,-9.14721,1,8,0,0,0,0,0,0,2.304,0,185
1787,167450.360,14.3397,14.3555,14.2343,31,.78125,.78125,805.25,0,15.5,118.4,3.93,1.28,0,4.31373,0,14.5098,4.93,-9.15707,1,8,0,0,0,0,0,0,2.304,0,185
1788,167450.400,14.2972,14.3555,14.2343,31,.78125,.78125,801.5,0,15.5,118.4,3.93,1.28,0,4.31373,0,14.5098,4.93,-9.15931,1,8,0,0,0,0,0,0,2.304,0,185
1789,167450.440,14.3823,14.3555,14.2343,31,.78125,.78125,808.25,0,15,118.4,3.95,1.26,0,4.31373,0,14.5098,4.93,-9.15931,1,8,0,0,0,0,0,0,2.304,0,185
1790,167450.480,14.3397,14.3555,14.2276,31,.78125,.78125,806.5,0,15.5,118.4,3.93,1.26,0,4.31373,0,14.5098,5.075,-9.16059,1,8,0,0,0,0,0,0,2.304,0,185
1791,167450.520,14.2565,14.3555,14.2276,31,.78125,.78125,802.25,0,15,118.4,3.95,1.26,0,4.31373,0,14.5098,5.075,-9.16059,1,8,0,0,0,0,0,0,2.304,0,185
1792,167450.560,14.2972,14.3555,14.2276,31,.78125,.78125,811.5,0,14,118.4,3.95,1.26,0,4.31373,0,14.5098,5.075,-9.15848,1,8,0,0,0,0,0,0,2.304,0,185
1793,167450.600,14.214,14.3555,14.2276,31,1.5625,.78125,814,0,13.5,118.4,3.93,1.26,0,4.31373,0,14.5098,5.075,-9.14995,1,8,0,0,0,0,0,0,2.304,0,185
1794,167450.640,14.3823,14.3555,14.2276,31,1.5625,.78125,823,0,13,118.4,3.95,1.26,0,4.31373,0,14.5098,5.075,-9.14995,1,8,0,0,0,0,0,0,2.304,0,185
1795,167450.680,14.4248,14.3555,14.2343,31,1.5625,.78125,815.75,0,13.5,118.4,3.98,1.26,0,4.31373,0,14.5098,5.075,-9.13956,1,8,0,0,0,0,0,0,2.304,0,185
1796,167450.720,14.4248,14.3555,14.2343,31,1.5625,.78125,815.75,0,13.5,118.4,3.93,1.28,0,4.31373,0,14.5098,5.075,-9.14599,1,8,0,0,0,0,0,0,2.304,0,185
1797,167450.760,14.4248,14.3555,14.2343,31,1.5625,.78125,807,0,14.5,118.4,3.89,1.28,0,4.31373,0,14.5098,5.075,-9.14599,1,8,0,0,0,0,0,0,2.304,0,185
1798,167450.800,14.3397,14.3555,14.2343,31,1.5625,.78125,810.25,0,14,118.4,3.93,1.28,0,4.31373,0,14.5098,5.075,-9.15121,1,8,0,0,0,0,0,0,2.304,0,185
1799,167450.840,14.3823,14.3555,14.2343,31,1.5625,.78125,798.5,0,15,118.4,3.93,1.28,0,4.31373,0,14.5098,5.075,-9.15121,1,8,0,0,0,0,0,0,2.304,0,185
1800,167450.880,14.4248,14.3555,14.2343,31,1.5625,.78125,795.5,0,15.5,118.4,3.93,1.28,0,4.31373,0,14.5098,5.075,-9.16054,1,8,0,0,0,0,0,0,2.304,0,185
1801,167450.920,14.4673,14.3555,14.2343,31,1.5625,.78125,788.5,0,15.5,118.4,3.93,1.28,0,4.31373,0,14.5098,5.075,-9.16054,1,8,0,0,0,0,0,0,2.304,0,185
1802,167450.960,15.0147,14.3555,14.2343,31,1.5625,.78125,802.25,0,14.5,118.4,3.93,1.26,0,4.31373,0,14.5098,5.075,-9.16054,1,8,0,0,0,0,0,0,2.304,0,185
1803,167451.000,15.0147,14.3555,14.2343,31,1.5625,.78125,804.25,0,14,118.4,3.93,1.26,0,4.31373,0,14.5098,5.075,-9.15662,1,8,0,0,0,0,0,0,2.304,0,185
1804,167451.040,14.9296,14.3555,14.2343,31,1.5625,.78125,808.5,0,13.5,118.4,3.87,1.26,0,4.31373,0,14.5098,5.075,-9.1477,1,8,0,0,0,0,0,0,2.304,0,185
1805,167451.080,14.9721,14.3555,14.2343,31,1.5625,.78125,819.25,0,12.5,118.4,3.87,1.26,0,4.31373,0,14.5098,5.075,-9.1477,1,8,0,0,0,0,0,0,2.304,0,185
1806,167451.120,14.887,14.3555,14.2411,31,1.5625,.78125,812.5,0,13,118.4,3.87,1.26,0,4.31373,0,14.5098,5.075,-9.14283,1,8,0,0,0,0,0,0,2.304,0,185
1807,167451.160,15.0572,14.3555,14.2411,31,1.5625,.78125,813.75,0,13,118.4,3.87,1.26,0,4.31373,0,14.5098,5.075,-9.14283,1,8,0,0,0,0,0,0,2.304,0,185
1808,167451.200,15.0978,14.3555,14.2411,31,1.5625,.78125,808.75,0,13.5,118.4,3.85,1.26,0,4.31373,0,14.5098,5.075,-9.1479,1,8,0,0,0,0,0,0,2.304,0,185
1809,167451.240,15.0147,14.3555,14.2411,31,1.5625,.78125,819,0,12.5,118.4,3.87,1.28,0,4.31373,0,14.5098,5.075,-9.1431,1,8,0,0,0,0,0,0,2.304,0,185
1810,167451.280,14.9721,14.3555,14.2411,31,1.5625,.78125,817,0,12.5,118.4,3.87,1.28,0,4.31373,0,14.5098,5.075,-9.1431,1,8,0,0,0,0,0,0,2.304,0,185
1811,167451.320,14.9721,14.3555,14.2411,31,1.5625,.78125,812.5,0,13,118.4,3.89,1.28,0,4.31373,0,14.5098,5.075,-9.14501,1,8,0,0,0,0,0,0,2.304,0,185
1812,167451.360,15.0572,14.3555,14.2411,31,1.5625,.78125,799.5,0,14.5,118.4,3.87,1.28,0,4.31373,0,14.5098,5.075,-9.16056,1,8,0,0,0,0,0,0,2.304,0,185
1813,167451.400,14.9721,14.3555,14.2411,31,1.5625,.78125,801.25,0,14,118.4,3.87,1.28,0,4.31373,0,14.5098,5.075,-9.16056,1,8,0,0,0,0,0,0,2.304,0,185
1814,167451.440,15.0978,14.3555,14.2411,31,1.5625,.78125,795.25,0,14.5,118.4,3.87,1.26,0,4.31373,0,14.5098,5.075,-9.16056,1,8,0,0,0,0,0,0,2.304,0,185
1815,167451.480,14.4248,14.3555,14.2411,31,1.5625,.78125,801.5,0,14,118.4,3.87,1.26,0,4.31373,0,14.5098,5.075,-9.16056,1,8,0,0,0,0,0,0,2.304,0,185
1816,167451.520,14.3823,14.3555,14.2411,31,1.5625,.78125,798.5,0,14,118.4,3.87,1.26,0,4.31373,0,14.5098,5.075,-9.15921,1,8,0,0,0,0,0,0,2.304,0,185
1817,167451.560,14.3823,14.3555,14.2411,31,1.5625,.78125,799,0,14,118.4,3.89,1.26,0,4.31373,0,14.5098,5.075,-9.15343,1,8,0,0,0,0,0,0,2.304,0,185
1818,167451.600,14.3823,14.3555,14.2411,31,1.5625,.78125,794.75,0,14.5,118.4,3.87,1.26,0,4.31373,0,14.5098,5.075,-9.15343,1,8,0,0,0,0,0,0,2.304,0,185
1819,167451.640,14.1714,14.3555,14.2411,31,1.5625,.78125,791,0,15,118.4,3.85,1.26,0,4.31373,0,14.5098,5.075,-9.16057,1,8,0,0,0,0,0,0,2.304,0,185
1820,167451.680,14.1714,14.3555,14.2478,31,1.5625,.78125,800.25,0,13.5,118.4,3.87,1.26,0,4.31373,0,14.5098,5.075,-9.16038,1,8,0,0,0,0,0,0,2.304,0,185
1821,167451.720,14.4248,14.3555,14.2478,31,1.5625,.78125,792.5,0,14.5,118.4,3.87,1.26,0,4.31373,0,14.5098,5.075,-9.16038,1,8,0,0,0,0,0,0,2.304,0,185
1822,167451.760,14.3397,14.3555,14.2478,31,1.5625,.78125,793.5,0,14.5,118.4,3.91,1.26,0,4.31373,0,14.5098,5.075,-9.16057,1,8,0,0,0,0,0,0,2.304,0,185
1823,167451.800,14.2972,14.3555,14.2478,31,1.5625,.78125,784,0,15,118.4,3.87,1.26,0,4.31373,0,14.5098,5.075,-9.16057,1,8,0,0,0,0,0,0,2.304,0,185
1824,167451.840,14.2565,14.3555,14.2478,31,1.5625,.78125,796,0,14,118.4,3.87,1.28,0,4.31373,0,14.5098,5.075,-9.16057,1,8,0,0,0,0,0,0,2.304,0,185
1825,167451.880,14.2565,14.3555,14.2478,31,1.5625,.78125,795.75,0,14,118.4,3.93,1.28,0,4.31373,0,14.5098,5.075,-9.16058,1,8,0,0,0,0,0,0,2.304,0,185
1826,167451.920,14.2972,14.3555,14.2478,31,1.5625,.78125,800,0,13.5,118.4,3.89,1.28,0,4.31373,0,14.5098,5.075,-9.16058,1,8,0,0,0,0,0,0,2.304,0,185
1827,167451.960,14.5505,14.3555,14.2748,31,1.5625,.78125,784.5,0,15,118.4,3.87,1.28,0,4.31373,0,14.5098,5.075,-9.16058,1,8,0,0,0,0,0,0,2.304,0,185
1828,167452.000,14.2972,14.3555,14.2748,31,1.5625,.78125,784.75,0,15,118.4,3.87,1.28,0,4.31373,0,14.5098,5.075,-9.16058,1,8,0,0,0,0,0,0,2.304,0,185
1829,167452.040,14.2972,14.3555,14.2748,31,1.5625,.78125,782.75,0,15,118.4,3.89,1.28,0,4.31373,0,14.5098,5.075,-9.16058,1,8,0,0,0,0,0,0,2.304,0,185
1830,167452.080,14.4248,14.3555,14.2411,31,2.34375,.78125,791.5,0,14,118.4,3.91,1.26,0,4.31373,0,14.5098,5.075,-9.16058,1,8,0,0,0,0,0,0,2.304,0,185
1831,167452.120,14.2972,14.3555,14.2411,31,2.34375,.78125,790,0,14,118.4,3.87,1.26,0,4.31373,0,14.5098,5.075,-9.16058,1,8,0,0,0,0,0,0,2.304,0,185
1832,167452.160,14.2565,14.3555,14.2411,31,2.34375,.78125,791.75,0,14,118.4,3.89,1.26,0,4.31373,0,14.5098,5.075,-9.16059,1,8,0,0,0,0,0,0,2.304,0,185
1833,167452.200,14.3823,14.3555,14.2411,31,2.34375,.78125,782.75,0,14.5,118.4,3.89,1.26,0,4.31373,0,14.5098,5.075,-9.16059,1,8,0,0,0,0,0,0,2.304,0,185
1834,167452.240,14.3823,14.3555,14.2411,31,2.34375,.78125,789.25,0,14,118.4,3.89,1.26,0,4.31373,0,14.5098,5.075,-9.16059,1,8,0,0,0,0,0,0,2.304,0,185
1835,167452.280,14.2972,14.3555,14.2411,31,2.34375,.78125,787,0,14,118.4,3.89,1.26,0,4.31373,0,14.5098,5.075,-9.16059,1,8,0,0,0,0,0,0,2.304,0,185
1836,167452.320,14.3397,14.3555,14.2478,31,2.34375,.78125,802,0,12.5,118.4,3.89,1.26,0,4.31373,0,14.5098,5.075,-9.15711,1,8,0,0,0,0,0,0,2.304,0,185
1837,167452.360,14.2565,14.3555,14.2478,31,2.34375,.78125,804.75,0,12,118.4,3.87,1.26,0,4.31373,0,14.5098,5.075,-9.15711,1,8,0,0,0,0,0,0,2.304,0,185
1838,167452.400,14.3397,14.3555,14.2478,31,2.34375,.78125,798.5,0,13,118.4,3.87,1.26,0,4.31373,0,14.5098,5.075,-9.15615,1,8,0,0,0,0,0,0,2.304,0,185
1839,167452.440,14.3823,14.3555,14.2478,31,2.34375,.78125,802.5,0,12.5,118.4,3.87,1.26,0,4.31373,0,14.5098,5.075,-9.15615,1,8,0,0,0,0,0,0,2.304,0,185
1840,167452.480,14.4248,14.3555,14.2478,31,2.34375,.78125,793.25,0,12.5,118.4,3.87,1.26,0,4.31373,0,14.5098,5.075,-9.15822,1,8,0,0,0,0,0,0,2.304,0,185
1841,167452.520,14.4248,14.3555,14.2478,31,2.34375,.78125,797.5,0,12,118.4,3.87,1.26,0,4.31373,0,14.5098,5.075,-9.16059,1,8,0,0,0,0,0,0,2.304,0,185
1842,167452.560,14.3397,14.3555,14.2478,31,2.34375,.78125,786.75,0,13.5,118.4,3.87,1.28,0,4.31373,0,14.5098,5.075,-9.16059,1,8,0,0,0,0,0,0,2.304,0,185
1843,167452.600,14.4673,14.3555,14.2748,31,2.34375,.78125,788.25,0,13,118.4,3.87,1.28,0,4.31373,0,14.5098,5.075,-9.16059,1,8,0,0,0,0,0,0,2.304,0,185
1844,167452.640,14.3397,14.3555,14.2748,31,2.34375,.78125,788.5,0,13,118.4,3.93,1.28,0,4.31373,0,14.5098,5.075,-9.16059,1,8,0,0,0,0,0,0,2.304,0,185
1845,167452.680,14.2972,14.3555,14.2748,31,2.34375,.78125,800.75,0,11.5,118.4,3.93,1.28,0,4.31373,0,14.5098,5.075,-9.16059,1,8,0,0,0,0,0,0,2.304,0,185
1846,167452.720,14.4248,14.3555,14.2748,31,2.34375,.78125,794.5,0,12.5,118.4,3.89,1.28,0,4.31373,0,14.5098,5.075,-9.16059,1,8,0,0,0,0,0,0,2.304,0,185
1847,167452.760,14.3823,14.3555,14.2748,31,2.34375,.78125,799.75,0,11.5,118.4,3.93,1.28,0,4.31373,0,14.5098,5.075,-9.16059,1,8,0,0,0,0,0,0,2.304,0,185
1848,167452.800,14.3397,14.3555,14.2748,31,2.34375,.78125,793,0,12.5,118.4,3.93,1.26,0,4.31373,0,14.5098,5.075,-9.16059,1,8,0,0,0,0,0,0,2.304,0,185
1849,167452.840,14.3823,14.3555,14.2478,31,2.34375,.78125,804.25,0,11.5,118.4,3.93,1.26,0,4.31373,0,14.5098,5.075,-9.15661,1,8,0,0,0,0,0,0,2.304,0,185
1850,167452.880,14.2972,14.3555,14.2478,31,2.34375,.78125,805.5,0,11.5,118.4,3.89,1.26,0,4.31373,0,14.5098,5.075,-9.15661,1,8,0,0,0,0,0,0,2.304,0,185
1851,167452.920,14.2565,14.3555,14.2748,31,2.34375,.78125,796,0,12,118.4,3.93,1.26,0,4.31373,0,14.5098,5.075,-9.15553,1,8,0,0,0,0,0,0,2.304,0,185
1852,167452.960,14.3397,14.3555,14.2748,31,2.34375,.78125,796,0,12,118.4,3.89,1.26,0,4.31373,0,14.5098,5.075,-9.16059,1,8,0,0,0,0,0,0,2.304,0,185
1853,167453.000,14.2972,14.3555,14.2748,31,2.34375,.78125,785.25,0,13,118.4,3.87,1.26,0,4.31373,0,14.5098,5.075,-9.16059,1,8,0,0,0,0,0,0,2.304,0,185
1854,167453.040,14.1714,14.3555,14.2748,31,2.34375,.78125,793.25,0,12.5,118.4,3.93,1.26,0,4.31373,0,14.5098,5.075,-9.16059,1,8,0,0,0,0,0,0,2.304,0,185
1855,167453.080,14.8039,14.2406,14.2748,31,2.34375,.78125,792.25,0,12.5,118.4,3.93,1.26,0,4.31373,0,14.5098,5.075,-9.16059,1,8,0,0,0,0,0,0,2.304,0,185
1856,167453.120,14.9296,14.2406,14.2748,31,2.34375,.78125,800.75,0,11.5,118.4,3.93,1.26,0,4.31373,0,14.5098,5.075,-9.16059,1,8,0,0,0,0,0,0,2.304,0,185
1857,167453.160,14.8039,14.2406,14.2478,31,2.34375,.78125,798,0,11.5,118.4,3.93,1.28,0,4.31373,0,14.5098,5.075,-9.16059,1,8,0,0,0,0,0,0,2.304,0,185
1858,167453.200,14.7613,14.2406,14.2478,31,2.34375,.78125,807,0,11,118.4,3.93,1.28,0,4.31373,0,14.5098,5.075,-9.16059,1,8,0,0,0,0,0,0,2.304,0,185
1859,167453.240,14.8464,14.2406,14.2478,31,2.34375,.78125,798.5,0,11.5,118.4,3.93,1.28,0,4.31373,0,14.5098,5.075,-9.15427,1,8,0,0,0,0,0,0,2.304,0,185
1860,167453.280,14.8039,14.2406,14.2748,31,2.34375,.78125,802.75,0,11.5,118.4,3.93,1.28,0,4.31373,0,14.5098,5.075,-9.15806,1,8,0,0,0,0,0,0,2.304,0,185
1861,167453.320,14.8039,14.2406,14.2748,31,2.34375,.78125,795.25,0,12,118.4,3.93,1.28,0,4.31373,0,14.5098,5.075,-9.15806,1,8,0,0,0,0,0,0,2.304,0,185
1862,167453.360,14.8039,14.2406,14.2748,31,2.34375,.78125,795.5,0,12,118.4,3.89,1.28,0,4.31373,0,14.5098,5.075,-9.16059,1,8,0,0,0,0,0,0,2.304,0,185
1863,167453.400,14.7613,14.2406,14.2748,31,2.34375,.78125,791,0,12.5,118.4,3.93,1.28,0,4.31373,0,14.5098,5.075,-9.16059,1,8,0,0,0,0,0,0,2.304,0,185
1864,167453.440,14.7188,14.2406,14.2748,31,2.34375,.78125,788.25,0,12.5,118.4,3.93,1.28,0,4.31373,0,14.5098,5.075,-9.16059,1,8,0,0,0,0,0,0,2.304,0,185
1865,167453.480,14.8464,14.2406,14.2748,31,2.34375,.78125,781,0,13.5,118.4,3.91,1.26,0,4.31373,0,14.5098,5.075,-9.16059,1,8,0,0,0,0,0,0,2.304,0,185
1866,167453.520,14.8464,14.2406,14.2748,31,2.34375,.78125,790.25,0,12.5,118.4,3.91,1.26,0,4.31373,0,14.5098,5.075,-9.16059,1,8,0,0,0,0,0,0,2.304,0,185
1867,167453.560,14.7613,14.2406,14.2748,31,2.34375,.78125,780,0,13.5,118.4,3.93,1.26,0,4.31373,0,14.5098,5.075,-9.16059,1,8,0,0,0,0,0,0,2.304,0,185
1868,167453.600,14.7613,14.2406,14.2748,31,2.34375,.78125,787.25,0,12.5,118.4,3.93,1.26,0,4.31373,0,14.5098,5.075,-9.16059,1,8,0,0,0,0,0,0,2.304,0,185
1869,167453.640,14.7613,14.2406,14.2748,31,2.34375,.78125,791,0,12,118.4,3.98,1.26,0,4.31373,0,14.5098,5.075,-9.16059,1,8,0,0,0,0,0,0,2.304,0,185
1870,167453.680,14.6782,14.2406,14.2748,31,2.34375,.78125,789,0,12.5,118.4,3.98,1.26,0,4.31373,0,14.5098,5.075,-9.16059,1,8,0,0,0,0,0,0,2.304,0,185
1871,167453.720,14.5931,14.2406,14.2748,31,2.34375,.78125,799.5,0,11.5,118.4,3.98,1.26,0,4.31373,0,14.5098,5.075,-9.16059,1,8,0,0,0,0,0,0,2.304,0,185
1872,167453.760,14.6356,14.2406,14.2748,31,2.34375,.78125,789.5,0,12.5,118.4,3.95,1.26,0,4.31373,0,14.5098,5.075,-9.16059,1,8,0,0,0,0,0,0,2.304,0,185
1873,167453.800,14.7188,14.2406,14.2748,31,2.34375,.78125,792.75,0,12,118.4,3.98,1.26,0,4.31373,0,14.5098,5.075,-9.16059,1,8,0,0,0,0,0,0,2.304,0,185
1874,167453.840,14.6782,14.2406,14.2748,31,2.34375,.78125,786.25,0,12.5,118.4,3.95,1.28,0,4.31373,0,14.5098,5.075,-9.16059,1,8,0,0,0,0,0,0,2.304,0,185
1875,167453.880,14.7613,14.2406,14.2478,31,2.34375,.78125,794,0,11.5,118.4,3.95,1.28,0,4.31373,0,14.5098,5.075,-9.16059,1,8,0,0,0,0,0,0,2.304,0,185
1876,167453.920,14.8039,14.2406,14.2478,31,2.34375,.78125,791.25,0,12,118.4,3.95,1.28,0,4.31373,0,14.5098,5.075,-9.16059,1,8,0,0,0,0,0,0,2.304,0,185
1877,167453.960,14.6782,14.2406,14.2478,31,2.34375,.78125,789,0,12,118.4,3.95,1.28,0,4.31373,0,14.5098,5.075,-9.16059,1,8,0,0,0,0,0,0,2.304,0,185
1878,167454.000,14.7188,14.2406,14.2748,31,2.34375,.78125,778.75,0,14,118.4,3.95,1.28,0,4.31373,0,14.5098,5.075,-9.16059,1,8,0,0,0,0,0,0,2.304,0,185
1879,167454.040,14.7613,14.2406,14.2748,31,2.34375,.78125,790.5,0,12.5,118.4,3.95,1.28,0,4.31373,0,14.5098,5.075,-9.16059,1,8,0,0,0,0,0,0,2.304,0,185
1880,167454.080,14.7188,14.2406,14.2748,31,2.34375,.78125,784,0,13.5,118.4,3.98,1.28,0,4.31373,0,14.5098,5.075,-9.16059,1,8,0,0,0,0,0,0,2.304,0,185
1881,167454.120,14.7613,14.2406,14.2748,31,2.34375,.78125,796.75,0,12,118.4,3.98,1.28,0,4.31373,0,14.5098,5.075,-9.16059,1,8,0,0,0,0,0,0,2.304,0,185
1882,167454.160,14.7613,14.2406,14.2748,31,2.34375,.78125,790.75,0,12.5,118.4,3.98,1.28,0,4.31373,0,14.5098,5.075,-9.16059,1,8,0,0,0,0,0,0,2.304,0,185
1883,167454.200,14.6782,14.2406,14.2748,31,2.34375,.78125,790,0,12.5,118.4,3.98,1.28,0,4.31373,0,14.5098,5.075,-9.16059,1,8,0,0,0,0,0,0,2.304,0,185
1884,167454.240,14.6356,14.2406,14.2748,31,2.34375,.78125,785.25,0,13,118.4,3.95,1.28,0,4.31373,0,14.5098,5.075,-9.16059,1,8,0,0,0,0,0,0,2.304,0,185
1885,167454.280,14.8039,14.2406,14.2748,31,2.34375,.78125,794.25,0,12,118.4,3.98,1.26,0,4.31373,0,14.5098,5.075,-9.16059,1,8,0,0,0,0,0,0,2.304,0,185
1886,167454.320,14.7613,14.2406,14.2478,31,2.34375,.78125,784.75,0,13,118.4,3.98,1.26,0,4.31373,0,14.5098,5.075,-9.16059,1,8,0,0,0,0,0,0,2.304,0,185
1887,167454.360,14.6356,14.3555,14.2478,31,2.34375,.78125,789.75,0,12.5,118.4,3.98,1.26,0,4.31373,0,14.5098,5.075,-9.16059,1,8,0,0,0,0,0,0,2.304,0,185
1888,167454.400,14.8464,14.3555,14.2478,31,2.34375,.78125,796.25,0,12,118.4,3.98,1.26,0,4.31373,0,14.5098,5.075,-9.16059,1,8,0,0,0,0,0,0,2.304,0,185
1889,167454.440,14.7188,14.3555,14.2478,31,2.34375,.78125,794,0,12,118.4,3.98,1.26,0,4.31373,0,14.5098,5.075,-9.16059,1,8,0,0,0,0,0,0,2.304,0,185
1890,167454.480,14.5931,14.3555,14.2478,31,2.34375,.78125,803.25,0,11.5,118.4,3.95,1.26,0,4.31373,0,14.5098,5.075,-9.16059,1,8,0,0,0,0,0,0,2.304,0,185
1891,167454.520,14.8039,14.3555,14.2478,31,2.34375,.78125,795.75,0,12,118.4,3.98,1.26,0,4.31373,0,14.5098,5.075,-9.15764,1,8,0,0,0,0,0,0,2.304,0,186.8
1892,167454.560,14.8039,14.3555,14.2478,31,2.34375,.78125,800.5,0,11.5,118.4,3.98,1.28,0,4.31373,0,14.5098,5.075,-9.16005,1,8,0,0,0,0,0,0,2.304,0,186.8
1893,167454.600,14.2972,14.2406,14.2478,31,2.34375,.78125,791.25,0,12.5,118.4,3.98,1.28,0,4.31373,0,14.5098,5.075,-9.16005,1,8,0,0,0,0,0,0,2.304,0,186.8
1894,167454.640,14.2972,14.2406,14.2478,31,2.34375,.78125,797.5,0,12,118.4,3.98,1.28,0,4.31373,0,14.5098,5.075,-9.16059,1,8,0,0,0,0,0,0,2.304,0,186.8
1895,167454.680,14.3823,14.2406,14.2478,31,2.34375,.78125,795.75,0,12,118.4,3.98,1.28,0,4.31373,0,14.5098,5.075,-9.16059,1,8,0,0,0,0,0,0,2.304,0,186.8
1896,167454.720,14.214,14.2406,14.2748,31,2.34375,.78125,806,0,11.5,118.4,3.98,1.28,0,4.31373,0,14.5098,5.075,-9.16059,1,8,0,0,0,0,0,0,2.304,0,186.8
1897,167454.760,14.3397,14.2406,14.2748,31,2.34375,.78125,805.5,0,11.5,118.4,3.98,1.28,0,4.31373,0,14.5098,5.075,-9.15565,1,8,0,0,0,0,0,0,2.304,0,186.8
1898,167454.800,14.2972,14.2406,14.2748,31,2.34375,.78125,812.25,0,11,118.4,3.95,1.28,0,4.31373,0,14.5098,5.075,-9.15565,1,8,0,0,0,0,0,0,2.304,0,186.8
1899,167454.840,14.2565,14.2406,14.2748,31,2.34375,.78125,803.75,0,11.5,118.4,3.93,1.26,0,4.31373,0,14.5098,5.075,-9.15718,1,8,0,0,0,0,0,0,2.304,0,186.8
1900,167454.880,14.214,14.2406,14.2748,31,2.34375,.78125,808.5,0,11.5,118.4,3.98,1.26,0,4.31373,0,14.5098,5.075,-9.15275,1,8,0,0,0,0,0,0,2.304,0,186.8
1901,167454.920,14.214,14.2406,14.2748,31,2.34375,.78125,797.5,0,12,118.4,3.98,1.26,0,4.31373,0,14.5098,5.075,-9.15275,1,8,0,0,0,0,0,0,2.304,0,186.8
1902,167454.960,14.214,14.2406,14.2748,31,2.34375,.78125,791,0,12.5,118.4,3.98,1.26,0,4.31373,0,14.5098,5.075,-9.16059,1,8,0,0,0,0,0,0,2.304,0,186.8
1903,167455.000,14.1289,14.2406,14.2748,31,2.34375,.78125,800.5,0,12,118.4,4,1.26,0,4.31373,0,14.5098,5.075,-9.16059,1,8,0,0,0,0,0,0,2.304,0,186.8
1904,167455.040,14.0883,14.2406,14.2748,31,2.34375,.78125,794.5,0,12.5,118.4,3.98,1.26,0,4.31373,0,14.5098,5.075,-9.16015,1,8,0,0,0,0,0,0,2.304,0,186.8
1905,167455.080,14.0032,14.2406,14.2748,31,2.34375,.78125,803.25,0,11.5,118.4,3.98,1.26,0,4.31373,0,14.5098,5.075,-9.16059,1,8,0,0,0,0,0,0,2.304,0,186.8
1906,167455.120,14.214,14.2406,14.2748,31,2.34375,.78125,798,0,12,118.4,3.98,1.28,0,4.31373,0,14.5098,5.075,-9.16059,1,8,0,0,0,0,0,0,2.304,0,186.8
1907,167455.160,14.214,14.2406,14.2748,31,2.34375,.78125,809,0,11.5,118.4,3.98,1.28,0,4.31373,0,14.5098,5.075,-9.16059,1,8,0,0,0,0,0,0,2.304,0,186.8
1908,167455.200,14.2565,14.2406,14.2748,31,2.34375,.78125,806,0,11.5,118.4,3.98,1.28,0,4.31373,0,14.5098,5.075,-9.15505,1,8,0,0,0,0,0,0,2.304,0,186.8
1909,167455.240,14.5931,14.2406,14.2748,31,2.34375,.78125,815.25,0,10.5,118.4,3.98,1.28,0,4.31373,0,14.5098,5.075,-9.15505,1,8,0,0,0,0,0,0,2.304,0,186.8
1910,167455.280,14.6782,14.2406,14.2748,31,2.34375,.78125,804.5,0,11.5,118.4,3.98,1.28,0,4.31373,0,14.5098,5.075,-9.14653,1,8,0,0,0,0,0,0,2.304,0,186.8
1911,167455.320,14.7188,14.2406,14.2748,31,2.34375,.78125,809,0,11.5,118.4,3.98,1.28,0,4.31373,0,14.5098,5.075,-9.14653,1,8,0,0,0,0,0,0,2.304,0,186.8
1912,167455.360,14.7188,14.2406,14.2748,31,2.34375,.78125,804.75,0,11.5,118.4,3.98,1.28,0,4.31373,0,14.5098,5.075,-9.15236,1,8,0,0,0,0,0,0,2.304,0,186.8
1913,167455.400,14.8039,14.2406,14.2748,31,2.34375,.78125,798.5,0,12,118.4,3.98,1.28,0,4.31373,0,14.5098,5.075,-9.16059,1,8,0,0,0,0,0,0,2.304,0,186.8
1914,167455.440,14.5931,14.2406,14.2748,31,2.34375,.78125,785,0,13.5,118.4,3.98,1.28,0,4.31373,0,14.5098,5.075,-9.16059,1,8,0,0,0,0,0,0,2.304,0,186.8
1915,167455.480,14.6356,14.2406,14.2748,31,2.34375,.78125,793,0,12.5,118.4,3.98,1.26,0,4.31373,0,14.5098,5.075,-9.16059,1,8,0,0,0,0,0,0,2.304,0,186.8
1916,167455.520,14.6356,14.2406,14.2748,31,2.34375,.78125,812.5,0,12.5,118.4,3.98,1.26,0,4.31373,0,14.5098,5.075,-9.16059,1,8,0,0,0,0,0,0,2.304,0,186.8
1917,167455.560,14.6356,14.2406,14.2748,31,2.34375,.78125,804.25,0,11.5,118.4,3.98,1.26,0,4.31373,0,14.5098,5.075,-9.16059,1,8,0,0,0,0,0,0,2.304,0,186.8
1918,167455.600,14.5931,14.2406,14.2748,31,2.34375,.78125,803,0,11.5,118.4,3.98,1.26,0,4.31373,0,14.5098,5.075,-9.15659,1,8,0,0,0,0,0,0,2.304,0,186.8
1919,167455.640,14.5505,14.2406,14.2748,31,2.34375,.78125,799.75,0,12,118.4,3.98,1.26,0,4.31373,0,14.5098,5.075,-9.15659,1,8,0,0,0,0,0,0,2.304,0,186.8
1920,167455.680,14.6356,14.2406,14.2748,31,2.34375,.78125,800.25,0,11.5,118.4,3.98,1.26,0,4.31373,0,14.5098,5.075,-9.16059,1,8,0,0,0,0,0,0,2.304,0,186.8
1921,167455.720,14.5505,14.2406,14.2748,31,2.34375,.78125,788,0,13,118.4,3.98,1.28,0,4.31373,0,14.5098,5.075,-9.16046,1,8,0,0,0,0,0,0,2.304,0,186.8
1922,167455.760,14.6356,14.2406,14.2748,31,2.34375,.78125,800.75,0,11.5,118.4,3.98,1.28,0,4.31373,0,14.5098,5.075,-9.16046,1,8,0,0,0,0,0,0,2.304,0,186.8
1923,167455.800,14.6356,14.2406,14.2748,31,2.34375,.78125,802,0,11.5,118.4,4,1.28,0,4.31373,0,14.5098,5.075,-9.15997,1,8,0,0,0,0,0,0,2.304,0,186.8
1924,167455.840,14.6782,14.2406,14.2748,31,2.34375,.78125,809.75,0,11,118.4,3.98,1.28,0,4.31373,0,14.5098,5.075,-9.15153,1,8,0,0,0,0,0,0,2.304,0,186.8
1925,167455.880,14.6356,14.2406,14.2748,31,2.34375,.78125,796.25,0,12,118.4,3.98,1.28,0,4.31373,0,14.5098,5.075,-9.15153,1,8,0,0,0,0,0,0,2.304,0,186.8
1926,167455.920,14.7188,14.2406,14.2748,31,2.34375,.78125,796.75,0,12,118.4,3.98,1.28,0,4.31373,0,14.5098,5.075,-9.16054,1,8,0,0,0,0,0,0,2.304,0,186.8
1927,167455.960,14.2565,14.2406,14.2748,31,2.34375,.78125,789.75,0,13,118.4,3.98,1.28,0,4.31373,0,14.5098,5.075,-9.16054,1,8,0,0,0,0,0,0,2.304,0,186.8
1928,167456.000,14.2972,14.2406,14.2748,31,2.34375,.78125,796.5,0,12,118.4,4,1.28,0,4.31373,0,14.5098,5.075,-9.16054,1,8,0,0,0,0,0,0,2.304,0,186.8
1929,167456.040,14.214,14.2406,14.2748,31,2.34375,.78125,792,0,12.5,118.4,3.98,1.28,0,4.31373,0,14.5098,5.075,-9.16054,1,8,0,0,0,0,0,0,2.304,0,186.8
1930,167456.080,14.3397,14.2406,14.2748,31,2.34375,.78125,804.75,0,11.5,118.4,4,1.26,0,4.31373,0,14.5098,5.075,-9.16054,1,8,0,0,0,0,0,0,2.304,0,186.8
1931,167456.120,14.2565,14.2406,14.2748,31,2.34375,.78125,802.5,0,11.5,118.4,3.98,1.26,0,4.31373,0,14.5098,5.075,-9.15828,1,8,0,0,0,0,0,0,2.304,0,186.8
1932,167456.160,14.2565,14.2406,14.2748,31,2.34375,.78125,791.75,0,12.5,118.4,3.98,1.26,0,4.31373,0,14.5098,5.075,-9.1594,1,8,0,0,0,0,0,0,2.304,0,186.8
1933,167456.200,14.3823,14.2406,14.2748,31,2.34375,.78125,799,0,12,118.4,3.98,1.26,0,4.31373,0,14.5098,5.075,-9.1594,1,8,0,0,0,0,0,0,2.304,0,186.8
1934,167456.240,14.1714,14.2406,14.2748,31,2.34375,.78125,797.25,0,12,118.4,4,1.26,0,4.31373,0,14.5098,5.075,-9.16055,1,8,0,0,0,0,0,0,2.304,0,186.8
1935,167456.280,14.2565,14.2406,14.2748,31,2.34375,.78125,810,0,11,118.4,4,1.28,0,4.31373,0,14.5098,5.075,-9.16055,1,8,0,0,0,0,0,0,2.304,0,186.8
1936,167456.320,14.214,14.2406,14.2748,31,2.34375,.78125,812.5,0,11,118.4,4,1.28,0,4.31373,0,14.5098,5.075,-9.15138,1,8,0,0,0,0,0,0,2.304,0,186.8
1937,167456.360,14.3397,14.2406,14.2748,31,2.34375,.78125,821,0,10,118.4,3.98,1.28,0,4.31373,0,14.5098,5.075,-9.14126,1,8,0,0,0,0,0,0,2.304,0,186.8
1938,167456.400,14.2972,14.2406,14.2748,31,2.34375,.78125,811.5,0,11,118.4,3.98,1.28,0,4.31373,0,14.5098,5.075,-9.14126,1,8,0,0,0,0,0,0,2.304,0,186.8
1939,167456.440,14.3823,14.2406,14.2748,31,2.34375,.78125,809.25,0,11,118.4,3.98,1.28,0,4.31373,0,14.5098,5.075,-9.15002,1,8,0,0,0,0,0,0,2.304,0,186.8
1940,167456.480,14.3397,14.2406,14.2748,31,2.34375,.78125,795.25,0,12.5,118.4,3.98,1.28,0,4.31373,0,14.5098,5.075,-9.16056,1,8,0,0,0,0,0,0,2.304,0,186.8
1941,167456.520,14.2972,14.2406,14.2748,31,2.34375,.78125,803.5,0,11.5,118.4,3.98,1.28,0,4.31373,0,14.5098,5.075,-9.16056,1,8,0,0,0,0,0,0,2.304,0,186.8
1942,167456.560,14.2565,14.2406,14.2748,31,2.34375,.78125,805.5,0,11.5,118.4,3.98,1.28,0,4.31373,0,14.5098,5.075,-9.15559,1,8,0,0,0,0,0,0,2.304,0,186.8
1943,167456.600,14.2565,14.2406,14.2748,31,2.34375,.78125,813.5,0,11,118.4,3.98,1.26,0,4.31373,0,14.5098,5.075,-9.15559,1,8,0,0,0,0,0,0,2.304,0,186.8
1944,167456.640,14.1714,14.2406,14.2748,31,2.34375,.78125,802,0,12,118.4,3.98,1.26,0,4.31373,0,14.5098,5.075,-9.1481,1,8,0,0,0,0,0,0,2.304,0,186.8
1945,167456.680,14.3397,14.2406,14.2748,31,2.34375,.78125,801,0,11.5,118.4,3.98,1.26,0,4.31373,0,14.5098,5.075,-9.15577,1,8,0,0,0,0,0,0,2.304,0,186.8
1946,167456.720,14.2972,14.2406,14.2748,31,2.34375,.78125,808.25,0,11.5,118.4,4,1.26,0,4.31373,0,14.5098,5.075,-9.15577,1,8,0,0,0,0,0,0,2.304,0,186.8
1947,167456.760,14.1289,14.2406,14.2748,31,2.34375,.78125,805.25,0,11.5,118.4,3.98,1.26,0,4.31373,0,14.5098,5.075,-9.15308,1,8,0,0,0,0,0,0,2.304,0,186.8
1948,167456.800,14.4673,14.2406,14.2748,31,2.34375,.78125,807.75,0,11.5,118.4,3.98,1.26,0,4.31373,0,14.5098,5.075,-9.15349,1,8,0,0,0,0,0,0,2.304,0,186.8
1949,167456.840,14.2972,14.2406,14.2748,31,2.34375,.78125,800,0,12,118.4,3.98,1.28,0,4.31373,0,14.5098,5.075,-9.15349,1,8,0,0,0,0,0,0,2.304,0,186.8
1950,167456.880,14.214,14.2406,14.2748,31,2.34375,.78125,803.5,0,11.5,118.4,3.98,1.28,0,4.31373,0,14.5098,5.075,-9.16057,1,8,0,0,0,0,0,0,2.304,0,186.8
1951,167456.920,14.2565,14.2406,14.2748,31,2.34375,.78125,790.5,0,13,118.4,3.98,1.28,0,4.31373,0,14.5098,5.075,-9.16057,1,8,0,0,0,0,0,0,2.304,0,186.8
1952,167456.960,14.2972,14.2406,14.2748,31,2.34375,.78125,793.5,0,12.5,118.4,3.98,1.28,0,4.31373,0,14.5098,5.075,-9.16057,1,8,0,0,0,0,0,0,2.304,0,186.8
1953,167457.000,14.2565,14.2406,14.2748,31,2.34375,.78125,797.25,0,12,118.4,4,1.28,0,4.31373,0,14.5098,5.075,-9.16058,1,8,0,0,0,0,0,0,2.304,0,186.8
1954,167457.040,14.214,14.2406,14.2748,31,2.34375,.78125,817,0,10.5,118.4,3.98,1.28,0,4.31373,0,14.5098,5.075,-9.16058,1,8,0,0,0,0,0,0,2.304,0,186.8
1955,167457.080,14.214,14.3555,14.2748,31,2.34375,.78125,816.75,0,10.5,118.4,3.98,1.28,0,4.31373,0,14.5098,5.075,-9.14496,1,8,0,0,0,0,0,0,2.304,0,186.8
1956,167457.120,14.1289,14.3555,14.2748,31,2.34375,.78125,814,0,11,118.4,3.98,1.28,0,4.31373,0,14.5098,5.075,-9.14772,1,8,0,0,0,0,0,0,2.304,0,186.8
1957,167457.160,14.1289,14.3555,14.2748,31,2.34375,.78125,805.25,0,11.5,118.4,3.98,1.26,0,4.31373,0,14.5098,5.075,-9.14772,1,8,0,0,0,0,0,0,2.304,0,186.8
1958,167457.200,14.2565,14.3555,14.2748,31,2.34375,.78125,815.5,0,11,118.4,3.98,1.26,0,4.31373,0,14.5098,5.075,-9.14639,1,8,0,0,0,0,0,0,2.304,0,186.8
1959,167457.240,14.2565,14.3555,14.2748,31,2.34375,.78125,812.25,0,11,118.4,3.98,1.26,0,4.31373,0,14.5098,5.075,-9.14639,1,8,0,0,0,0,0,0,2.304,0,186.8
1960,167457.280,14.1289,14.3555,14.2748,31,2.34375,.78125,811.5,0,11,118.4,3.98,1.26,0,4.31373,0,14.5098,5.075,-9.14924,1,8,0,0,0,0,0,0,2.304,0,186.8
1961,167457.320,14.1289,14.2406,14.2748,31,2.34375,.78125,815,0,11,118.4,3.98,1.26,0,4.31373,0,14.5098,5.075,-9.15008,1,8,0,0,0,0,0,0,2.304,0,186.8
1962,167457.360,14.1714,14.2406,14.2748,31,2.34375,.78125,806.25,0,11.5,118.4,3.98,1.28,0,4.31373,0,14.5098,5.075,-9.15008,1,8,0,0,0,0,0,0,2.304,0,186.8
1963,167457.400,14.1289,14.2406,14.2748,31,2.34375,.78125,806.5,0,11.5,118.4,3.98,1.28,0,4.31373,0,14.5098,5.075,-9.15479,1,8,0,0,0,0,0,0,2.304,0,186.8
1964,167457.440,14.214,14.2406,14.2748,31,2.34375,.78125,793.5,0,13,118.4,3.98,1.28,0,4.31373,0,14.5098,5.075,-9.16059,1,8,0,0,0,0,0,0,2.304,0,186.8
1965,167457.480,14.1714,14.2406,14.2748,31,2.34375,.78125,788,0,13.5,118.4,3.98,1.28,0,4.31373,0,14.5098,5.075,-9.16059,1,8,0,0,0,0,0,0,2.304,0,186.8
1966,167457.520,14.2972,14.2406,14.2748,31,2.34375,.78125,777.75,0,14.5,118.4,3.98,1.28,0,4.31373,0,14.5098,5.075,-9.16059,1,8,0,0,0,0,0,0,2.304,0,186.8
1967,167457.560,14.214,14.2406,14.2748,31,2.34375,.78125,790.25,0,13,118.4,3.98,1.28,0,4.31373,0,14.5098,5.075,-9.16059,1,8,0,0,0,0,0,0,2.304,0,186.8
1968,167457.600,14.2565,14.2406,14.2748,31,2.34375,.78125,792.5,0,13,118.4,3.98,1.28,0,4.31373,0,14.5098,5.075,-9.16059,1,8,0,0,0,0,0,0,2.304,0,186.8
1969,167457.640,14.214,14.2406,14.2748,31,2.34375,.78125,805.5,0,11.5,118.4,3.98,1.28,0,4.31373,0,14.5098,5.075,-9.15555,1,8,0,0,0,0,0,0,2.304,0,186.8
1970,167457.680,14.2565,14.3555,14.2748,31,2.34375,.78125,804.5,0,11.5,118.4,3.98,1.28,0,4.31373,0,14.5098,5.075,-9.15555,1,8,0,0,0,0,0,0,2.304,0,186.8
1971,167457.720,14.2972,14.3555,14.2748,31,2.34375,.78125,814.25,0,11,118.4,3.98,1.26,0,4.31373,0,14.5098,5.075,-9.14761,1,8,0,0,0,0,0,0,2.304,0,186.8
1972,167457.760,14.2972,14.2406,14.2748,31,2.34375,.78125,807,0,11.5,118.4,3.98,1.26,0,4.31373,0,14.5098,5.075,-9.15419,1,8,0,0,0,0,0,0,2.304,0,186.8
1973,167457.800,14.1714,14.2406,14.2748,31,2.34375,.78125,811,0,11,118.4,3.95,1.26,0,4.31373,0,14.5098,5.075,-9.15419,1,8,0,0,0,0,0,0,2.304,0,186.8
1974,167457.840,14.2565,14.2406,14.2748,31,2.34375,.78125,820.75,0,10.5,118.4,3.98,1.26,0,4.31373,0,14.5098,5.075,-9.15052,1,8,0,0,0,0,0,0,2.304,0,186.8
1975,167457.880,14.2972,14.2406,14.2748,31,2.34375,.78125,818,0,11,118.4,3.98,1.26,0,4.31373,0,14.5098,5.075,-9.15052,1,8,0,0,0,0,0,0,2.304,0,186.8
1976,167457.920,14.1714,14.2406,14.2748,31,2.34375,.78125,825.5,0,10,118.4,3.98,1.28,0,4.31373,0,14.5098,5.075,-9.14408,1,8,0,0,0,0,0,0,2.304,0,186.8
1977,167457.960,14.2972,14.2406,14.2816,31,2.34375,.78125,818.75,0,11,118.4,3.98,1.28,0,4.31373,0,14.5098,5.075,-9.14338,1,8,0,0,0,0,0,0,2.304,0,186.8
1978,167458.000,14.3397,14.2406,14.2816,31,2.34375,.78125,824.5,0,10,118.4,4,1.3,0,4.31373,0,14.5098,5.075,-9.14338,1,8,0,0,0,0,0,0,2.304,0,186.8
1979,167458.040,14.2972,14.2406,14.2748,31,2.34375,.78125,822,0,10.5,118.4,4.04,1.28,0,4.31373,0,14.5098,5.075,-9.13807,1,8,0,0,0,0,0,0,2.304,0,186.8
1980,167458.080,14.214,14.2406,14.2816,31,2.34375,1.5625,828.25,0,10,118.4,4.04,1.28,0,4.31373,0,14.5098,5.075,-9.13472,1,8,0,0,0,0,0,0,2.304,0,186.8
1981,167458.120,14.2972,14.2406,14.2816,31,2.34375,1.5625,822.25,0,10.5,118.4,4.04,1.28,0,4.31373,0,14.5098,5.075,-9.13472,1,8,0,0,0,0,0,0,2.304,0,186.8
1982,167458.160,14.1714,14.2406,14.2748,31,2.34375,1.5625,821.5,0,11,118.4,4.04,1.28,0,4.31373,0,14.5098,5.075,-9.14095,1,8,0,0,0,0,0,0,2.304,0,186.8
1983,167458.200,14.214,14.2406,14.2748,31,2.34375,1.5625,812.5,0,11.5,118.4,4.06,1.26,0,4.31373,0,14.5098,5.075,-9.14095,1,8,0,0,0,0,0,0,2.304,0,186.8
1984,167458.240,14.2972,14.2406,14.2748,31,2.34375,1.5625,816.5,0,11,118.4,4.04,1.26,0,4.31373,0,14.5098,5.075,-9.14137,1,8,0,0,0,0,0,0,2.304,0,186.8
1985,167458.280,14.1289,14.2406,14.2748,31,2.34375,1.5625,820.75,0,11,118.4,4.06,1.28,0,4.31373,0,14.5098,5.075,-9.14548,1,8,0,0,0,0,0,0,2.304,0,186.8
1986,167458.320,14.7613,14.2406,14.2748,31,2.34375,1.5625,811.25,0,11.5,118.4,4.06,1.28,0,4.31373,0,14.5098,5.075,-9.14548,1,8,0,0,0,0,0,0,2.304,0,186.8
1987,167458.360,14.8464,14.2406,14.2748,31,2.34375,1.5625,811.75,0,11.5,118.4,4.06,1.28,0,4.31373,0,14.5098,5.075,-9.15021,1,8,0,0,0,0,0,0,2.304,0,186.8
1988,167458.400,14.7613,14.2406,14.2748,31,2.34375,1.5625,805,0,12,118.4,4.06,1.28,0,4.31373,0,14.5098,5.075,-9.15602,1,8,0,0,0,0,0,0,2.304,0,186.8
1989,167458.440,14.7188,14.3555,14.2748,31,2.34375,1.5625,818.25,0,11,118.4,4.06,1.3,0,4.31373,0,14.5098,5.075,-9.15602,1,8,0,0,0,0,0,0,2.304,0,186.8
1990,167458.480,14.8039,14.2406,14.2748,31,2.34375,1.5625,817.75,0,11.5,118.4,4.06,1.3,0,4.31373,0,14.5098,5.075,-9.14392,1,8,0,0,0,0,0,0,2.304,0,186.8
1991,167458.520,14.8039,14.3555,14.2748,31,2.34375,1.5625,832.25,0,10,118.4,4.04,1.28,0,4.31373,0,14.5098,5.075,-9.14392,1,8,0,0,0,0,0,0,2.304,0,186.8
1992,167458.560,14.8039,14.3555,14.2816,31,2.34375,1.5625,820.75,0,11.5,118.4,4.04,1.28,0,4.31373,0,14.5098,5.075,-9.13106,1,8,0,0,0,0,0,0,2.304,0,186.8
1993,167458.600,14.8464,14.2406,14.2748,31,2.34375,1.5625,817.5,0,11.5,118.4,4.04,1.28,0,4.31373,0,14.5098,5.075,-9.14443,1,8,0,0,0,0,0,0,2.304,0,186.8
1994,167458.640,14.8039,14.2406,14.2748,31,2.34375,1.5625,810.25,0,12,118.4,4.04,1.26,0,4.31373,0,14.5098,5.075,-9.14443,1,8,0,0,0,0,0,0,2.304,0,186.8
1995,167458.680,14.7188,14.2406,14.2748,31,2.34375,1.5625,791,0,12.5,118.4,4.04,1.26,0,4.31373,0,14.5098,5.075,-9.15331,1,8,0,0,0,0,0,0,2.304,0,186.8
1996,167458.720,14.8039,14.2406,14.2748,31,2.34375,1.5625,795.25,0,13.5,118.4,4.04,1.26,0,4.31373,0,14.5098,5.075,-9.16059,1,8,0,0,0,0,0,0,2.304,0,186.8
1997,167458.760,14.7613,14.2406,14.2748,31,2.34375,1.5625,798.75,0,13.5,118.4,4.04,1.26,0,4.31373,0,14.5098,5.075,-9.16059,1,8,0,0,0,0,0,0,2.304,0,186.8
1998,167458.800,14.8039,14.2406,14.2748,31,2.34375,1.5625,815.25,0,11.5,118.4,4.06,1.28,0,4.31373,0,14.5098,5.075,-9.16059,1,8,0,0,0,0,0,0,2.304,0,186.8
1999,167458.840,14.8039,14.2406,14.2748,31,2.34375,1.5625,815,0,11.5,118.4,4.06,1.28,0,4.31373,0,14.5098,5.075,-9.16059,1,8,0,0,0,0,0,0,2.304,0,186.8
2000,167458.880,14.8464,14.2406,14.2748,31,2.34375,1.5625,821.25,0,11.5,118.4,4.1,1.28,0,4.31373,0,14.5098,5.075,-9.14677,1,8,0,0,0,0,0,0,2.304,0,186.8
2001,167458.920,14.7613,14.2406,14.2748,31,2.34375,1.5625,816.75,0,11.5,118.4,4.06,1.3,0,4.31373,0,14.5098,5.075,-9.14511,1,8,0,0,0,0,0,0,2.304,0,186.8
2002,167458.960,14.8039,14.2406,14.2748,31,2.34375,1.5625,823.5,0,11,118.4,4.04,1.28,0,4.31373,0,14.5098,5.075,-9.14511,1,8,0,0,0,0,0,0,2.304,0,186.8
2003,167459.000,14.887,14.2406,14.2748,31,2.34375,1.5625,814.5,0,12,118.4,4.04,1.28,0,4.31373,0,14.5098,5.075,-9.1391,1,8,0,0,0,0,0,0,2.304,0,186.8
2004,167459.040,14.8464,14.2406,14.2816,31,2.34375,1.5625,828.25,0,10.5,118.4,4.06,1.28,0,4.31373,0,14.5098,5.075,-9.13474,1,8,0,0,0,0,0,0,2.304,0,186.8
2005,167459.080,14.8039,14.2406,14.2816,31,2.34375,1.5625,819.75,0,11.5,118.4,4.04,1.28,0,4.31373,0,14.5098,5.075,-9.13474,1,8,0,0,0,0,0,0,2.304,0,186.8
2006,167459.120,14.887,14.2406,14.2748,31,2.34375,1.5625,820,0,11.5,118.4,4.04,1.26,0,4.31373,0,14.5098,5.075,-9.14226,1,8,0,0,0,0,0,0,2.304,0,186.8
2007,167459.160,14.8464,14.3555,14.2748,31,2.34375,1.5625,810.75,0,12.5,118.4,4.06,1.26,0,4.31373,0,14.5098,5.075,-9.14226,1,8,0,0,0,0,0,0,2.304,0,186.8
2008,167459.200,14.7613,14.2406,14.2748,31,2.34375,1.5625,805.75,0,13,118.4,4.06,1.26,0,4.31373,0,14.5098,5.075,-9.15083,1,8,0,0,0,0,0,0,2.304,0,186.8
2009,167459.240,14.8039,14.2406,14.2748,31,2.34375,1.5625,810,0,12.5,118.4,4.06,1.28,0,4.31373,0,14.5098,5.075,-9.15537,1,8,0,0,0,0,0,0,2.304,0,186.8
2010,167459.280,14.9296,14.3555,14.2748,31,2.34375,1.5625,804.75,0,13,118.4,4.06,1.28,0,4.31373,0,14.5098,5.075,-9.15537,1,8,0,0,0,0,0,0,2.304,0,186.8
2011,167459.320,14.8464,14.3555,14.2748,31,2.34375,1.5625,810,0,12.5,118.4,4.06,1.28,0,4.31373,0,14.5098,5.075,-9.15613,1,8,0,0,0,0,0,0,2.304,0,186.8
2012,167459.360,14.8464,14.3555,14.2748,31,2.34375,1.5625,811,0,12,118.4,4.06,1.28,0,4.31373,0,14.5098,5.075,-9.15045,1,8,0,0,0,0,0,0,2.304,0,186.8
2013,167459.400,14.9296,14.2406,14.2748,31,2.34375,1.5625,823,0,11.5,118.4,4.06,1.3,0,4.31373,0,14.5098,5.075,-9.15045,1,8,0,0,0,0,0,0,2.304,0,186.8
2014,167459.440,14.9296,14.3555,14.2748,31,2.34375,1.5625,811.75,0,12,118.4,4.04,1.3,0,4.31373,0,14.5098,5.075,-9.13944,1,8,0,0,0,0,0,0,2.304,0,186.8
2015,167459.480,14.887,14.2406,14.2748,31,2.34375,1.5625,815.5,0,12,118.4,4.04,1.28,0,4.31373,0,14.5098,5.075,-9.13944,1,8,0,0,0,0,0,0,2.304,0,186.8
2016,167459.520,14.9721,14.2406,14.2748,31,2.34375,1.5625,810.75,0,12,118.4,4.04,1.28,0,4.31373,0,14.5098,5.075,-9.14625,1,8,0,0,0,0,0,0,2.304,0,186.8
2017,167459.560,14.887,14.2406,14.2748,31,2.34375,1.5625,818.5,0,11.5,118.4,4.04,1.28,0,4.31373,0,14.5098,5.075,-9.14353,1,8,0,0,0,0,0,0,2.304,0,186.8
2018,167459.600,14.8464,14.2406,14.2748,31,2.34375,1.5625,810.75,0,12.5,118.4,4,1.26,0,4.31373,0,14.5098,5.075,-9.14353,1,8,0,0,0,0,0,0,2.304,0,186.8
2019,167459.640,14.2972,14.2406,14.2748,31,2.34375,1.5625,820.75,0,11.5,118.4,4.04,1.26,0,4.31373,0,14.5098,5.075,-9.1412,1,8,0,0,0,0,0,0,2.304,0,186.8
2020,167459.680,14.214,14.2406,14.2748,31,2.34375,1.5625,832.25,0,10.5,118.4,4.04,1.26,0,4.31373,0,14.5098,5.075,-9.14147,1,8,0,0,0,0,0,0,2.304,0,186.8
2021,167459.720,14.1714,14.2406,14.2748,31,2.34375,1.5625,829.25,0,11,118.4,4.04,1.28,0,4.31373,0,14.5098,5.075,-9.14147,1,8,0,0,0,0,0,0,2.304,0,186.8
2022,167459.760,14.2565,14.2406,14.2816,31,2.34375,1.5625,834.75,0,10,118.4,4.04,1.28,0,4.31373,0,14.5098,5.075,-9.13367,1,8,0,0,0,0,0,0,2.304,0,186.8
2023,167459.800,14.2972,14.2406,14.2816,31,2.34375,1.5625,821.25,0,11.5,118.4,4.04,1.28,0,4.31373,0,14.5098,5.075,-9.13367,1,8,0,0,0,0,0,0,2.304,0,186.8
2024,167459.840,14.214,14.2406,14.2748,31,2.34375,1.5625,816.75,0,12,118.4,4.04,1.3,0,4.31373,0,14.5098,5.075,-9.1411,1,8,0,0,0,0,0,0,2.304,0,186.8
2025,167459.880,14.2972,14.2406,14.2748,31,2.34375,1.5625,803.25,0,13.5,118.4,4.04,1.3,0,4.31373,0,14.5098,5.075,-9.15762,1,8,0,0,0,0,0,0,2.304,0,186.8
2026,167459.920,14.1714,14.2406,14.2748,31,2.34375,1.5625,804.25,0,13,118.4,4.06,1.28,0,4.31373,0,14.5098,5.075,-9.15762,1,8,0,0,0,0,0,0,2.304,0,186.8
2027,167459.960,14.1714,14.2406,14.2748,31,2.34375,1.5625,804,0,13,118.4,4.06,1.28,0,4.31373,0,14.5098,5.075,-9.15664,1,8,0,0,0,0,0,0,2.304,0,186.8
2028,167460.000,14.1714,14.2406,14.2748,31,2.34375,1.5625,822,0,11,118.4,4.06,1.28,0,4.31373,0,14.5098,5.075,-9.14043,1,8,0,0,0,0,0,0,2.304,0,186.8
2029,167460.040,14.2565,14.2406,14.2748,31,2.34375,1.5625,820.75,0,11.5,118.4,4.06,1.26,0,4.31373,0,14.5098,5.075,-9.14043,1,8,0,0,0,0,0,0,2.304,0,186.8
2030,167460.080,14.214,14.2406,14.2816,31,2.34375,1.5625,823.5,0,11,118.4,4.06,1.26,0,4.31373,0,14.5098,5.075,-9.13754,1,8,0,0,0,0,0,0,2.304,0,186.8
2031,167460.120,14.1289,14.2406,14.2816,31,2.34375,1.5625,828,0,11,118.4,4.06,1.26,0,4.31373,0,14.5098,5.075,-9.13754,1,8,0,0,0,0,0,0,2.304,0,186.8
2032,167460.160,14.2972,14.2406,14.2816,31,2.34375,1.5625,819.75,0,11.5,118.4,4.06,1.28,0,4.31373,0,14.5098,5.075,-9.13489,1,8,0,0,0,0,0,0,2.304,0,186.8
2033,167460.200,14.214,14.2406,14.2748,31,2.34375,1.5625,831.5,0,10.5,118.4,4.1,1.3,0,4.31373,0,14.5098,5.075,-9.14237,1,8,0,0,0,0,0,0,2.304,0,186.8
2034,167460.240,14.214,14.2406,14.2748,31,2.34375,1.5625,822.75,0,11.5,118.4,4.1,1.3,0,4.31373,0,14.5098,5.075,-9.14237,1,8,0,0,0,0,0,0,2.304,0,186.8
2035,167460.280,14.214,14.2406,14.2748,31,2.34375,1.5625,823.25,0,11.5,118.4,4.12,1.3,0,4.31373,0,14.5098,5.075,-9.13959,1,8,0,0,0,0,0,0,2.304,0,186.8
2036,167460.320,14.2565,14.2406,14.2748,31,2.34375,1.5625,813.25,0,12,118.4,4.12,1.3,0,4.31373,0,14.5098,5.075,-9.14844,1,8,0,0,0,0,0,0,2.304,0,186.8
2037,167460.360,14.2565,14.2406,14.2748,31,2.34375,1.5625,817,0,12,118.4,4.12,1.3,0,4.31373,0,14.5098,5.075,-9.14844,1,8,0,0,0,0,0,0,2.304,0,186.8
2038,167460.400,14.2565,14.2406,14.2748,31,2.34375,1.5625,820.75,0,11.5,118.4,4.12,1.28,0,4.31373,0,14.5098,5.075,-9.14149,1,8,0,0,0,0,0,0,2.304,0,186.8
2039,167460.440,14.4248,14.2406,14.2748,31,2.34375,1.5625,829.25,0,11,118.4,4.12,1.28,0,4.31373,0,14.5098,5.075,-9.14149,1,8,0,0,0,0,0,0,2.304,0,186.8
2040,167460.480,14.7188,14.3555,14.2816,31,2.34375,1.5625,817.75,0,12,118.4,4.12,1.28,0,4.31373,0,14.5098,5.075,-9.13367,1,8,0,0,0,0,0,0,2.304,0,186.8
2041,167460.520,14.6356,14.2406,14.2748,31,2.34375,1.5625,809.5,0,12.5,118.4,4.12,1.28,0,4.31373,0,14.5098,5.075,-9.14432,1,8,0,0,0,0,0,0,2.304,0,186.8
2042,167460.560,14.887,14.2406,14.2748,31,2.34375,1.5625,818.75,0,11.5,118.4,4.12,1.28,0,4.31373,0,14.5098,5.075,-9.14432,1,8,0,0,0,0,0,0,2.304,0,186.8
2043,167460.600,14.8039,14.2406,14.2748,31,2.34375,1.5625,822.5,0,11.5,118.4,4.12,1.28,0,4.31373,0,14.5098,5.075,-9.14333,1,8,0,0,0,0,0,0,2.304,0,186.8
2044,167460.640,14.887,14.3555,14.2884,31,2.34375,1.5625,838.25,0,10,118.4,4.12,1.3,0,4.31373,0,14.5098,5.075,-9.12538,1,8,0,0,0,0,0,0,2.304,0,186.8
2045,167460.680,14.887,14.2406,14.2884,31,2.34375,1.5625,837.25,0,10,118.4,4.12,1.3,0,4.31373,0,14.5098,5.075,-9.12538,1,8,0,0,0,0,0,0,2.304,0,186.8
2046,167460.720,14.887,14.3555,14.2952,31,2.34375,1.5625,842.5,0,9.5,118.4,4.12,1.3,0,4.31373,0,14.5098,5.075,-9.12148,1,8,0,0,0,0,0,0,2.304,0,186.8
2047,167460.760,14.8464,14.3555,14.2952,31,2.34375,1.5625,834.75,0,10.5,118.4,4.12,1.28,0,4.31373,0,14.5098,5.075,-9.12148,1,8,0,0,0,0,0,0,2.304,0,186.8
2048,167460.800,14.8039,14.3555,14.2884,31,2.34375,1.5625,833.25,0,11,118.4,4.12,1.28,0,4.31373,0,14.5098,5.075,-9.12874,1,8,0,0,0,0,0,0,2.304,0,186.8
2049,167460.840,14.8464,14.2406,14.2816,31,2.34375,1.5625,827.5,0,11.5,118.4,4.1,1.26,0,4.31373,0,14.5098,5.075,-9.13531,1,8,0,0,0,0,0,0,2.304,0,186.8
2050,167460.880,14.8464,14.2406,14.2816,31,2.34375,1.5625,825,0,11.5,118.4,4.1,1.28,0,4.31373,0,14.5098,5.075,-9.13531,1,8,0,0,0,0,0,0,2.304,0,186.8
2051,167460.920,14.9296,14.2406,14.2816,31,2.34375,1.5625,834.75,0,11,118.4,4.12,1.28,0,4.31373,0,14.5098,5.075,-9.13767,1,8,0,0,0,0,0,0,2.304,0,186.8
2052,167460.960,14.9721,14.2406,14.2816,31,2.34375,1.5625,831.75,0,11,118.4,4.1,1.28,0,4.31373,0,14.5098,5.075,-9.13151,1,8,0,0,0,0,0,0,2.304,0,186.8
2053,167461.000,14.887,14.2406,14.2816,31,2.34375,1.5625,841.5,0,10,118.4,4.1,1.3,0,4.31373,0,14.5098,5.075,-9.13151,1,8,0,0,0,0,0,0,2.304,0,186.8
2054,167461.040,14.8039,14.2406,14.2884,31,2.34375,1.5625,835.5,0,11,118.4,4.1,1.3,0,4.31373,0,14.5098,5.075,-9.12247,1,8,0,0,0,0,0,0,2.304,0,186.8
2055,167461.080,14.887,14.2406,14.2884,31,2.34375,1.5625,835.5,0,11,118.4,4.1,1.3,0,4.31373,0,14.5098,5.075,-9.12247,1,8,0,0,0,0,0,0,2.304,0,186.8
2056,167461.120,14.8039,14.2406,14.2884,31,2.34375,1.5625,827.25,0,11.5,118.4,4.1,1.28,0,4.31373,0,14.5098,5.075,-9.12788,1,8,0,0,0,0,0,0,2.304,0,186.8
2057,167461.160,14.887,14.2406,14.2884,31,2.34375,1.5625,835.25,0,11,118.4,4.06,1.28,0,4.31373,0,14.5098,5.075,-9.12832,1,8,0,0,0,0,0,0,2.304,0,186.8
2058,167461.200,14.9296,14.2406,14.2884,31,2.34375,1.5625,841.5,0,11,118.4,4.1,1.26,0,4.31373,0,14.5098,5.075,-9.12832,1,8,0,0,0,0,0,0,2.304,0,186.8
2059,167461.240,14.7613,14.2406,14.2884,31,2.34375,1.5625,833.75,0,11,118.4,4.06,1.26,0,4.31373,0,14.5098,5.075,-9.12246,1,8,0,0,0,0,0,0,2.304,0,186.8
2060,167461.280,14.7613,14.2406,14.2884,31,2.34375,1.5625,834.25,0,11,118.4,4.06,1.28,0,4.31373,0,14.5098,5.075,-9.12903,1,8,0,0,0,0,0,0,2.304,0,186.8
2061,167461.320,14.7613,14.2406,14.2884,31,2.34375,1.5625,824,0,12,118.4,4.06,1.28,0,4.31373,0,14.5098,5.075,-9.12903,1,8,0,0,0,0,0,0,2.304,0,186.8
2062,167461.360,14.8039,14.2406,14.2748,31,2.34375,1.5625,829,0,11.5,118.4,4.06,1.28,0,4.31373,0,14.5098,5.075,-9.13859,1,8,0,0,0,0,0,0,2.304,0,186.8
2063,167461.400,14.8039,14.2406,14.2748,31,2.34375,1.5625,828.5,0,12,118.4,4.06,1.3,0,4.31373,0,14.5098,5.075,-9.13859,1,8,0,0,0,0,0,0,2.304,0,186.8
2064,167461.440,14.8039,14.2406,14.2816,31,2.34375,1.5625,840,0,11,118.4,4.06,1.28,0,4.31373,0,14.5098,5.075,-9.13441,1,8,0,0,0,0,0,0,2.304,0,186.8
2065,167461.480,14.7188,14.2406,14.2816,31,2.34375,1.5625,830.25,0,11.5,118.4,4.06,1.28,0,4.31373,0,14.5098,5.075,-9.13282,1,8,0,0,0,0,0,0,2.304,0,186.8
2066,167461.520,14.1289,14.2406,14.2816,31,2.34375,1.5625,834.25,0,11.5,118.4,4.04,1.28,0,4.31373,0,14.5098,5.075,-9.13282,1,8,0,0,0,0,0,0,2.304,0,186.8
2067,167461.560,14.1714,14.2406,14.2748,31,2.34375,1.5625,823.25,0,12.5,118.4,4.06,1.26,0,4.31373,0,14.5098,5.075,-9.13923,1,8,0,0,0,0,0,0,2.304,0,186.8
2068,167461.600,14.2565,14.2406,14.2816,31,2.34375,1.5625,822.75,0,12.5,118.4,4.04,1.26,0,4.31373,0,14.5098,5.075,-9.12987,1,8,0,0,0,0,0,0,2.304,0,186.8
2069,167461.640,14.0883,14.2406,14.2816,31,2.34375,1.5625,824.5,0,12,118.4,4.06,1.28,0,4.31373,0,14.5098,5.075,-9.12987,1,8,0,0,0,0,0,0,2.304,0,186.8
2070,167461.680,14.2972,14.2406,14.2748,31,2.34375,1.5625,819.25,0,12.5,118.4,4.06,1.28,0,4.31373,0,14.5098,5.075,-9.13801,1,8,0,0,0,0,0,0,2.304,0,186.8
2071,167461.720,14.2972,14.2406,14.2748,31,2.34375,1.5625,826.5,0,12,118.4,4.06,1.28,0,4.31373,0,14.5098,5.075,-9.13801,1,8,0,0,0,0,0,0,2.304,0,186.8
2072,167461.760,14.214,14.2406,14.2816,31,2.34375,1.5625,823.5,0,12.5,118.4,4.06,1.3,0,4.31373,0,14.5098,5.075,-9.1363,1,8,0,0,0,0,0,0,2.304,0,186.8
2073,167461.800,14.214,14.2406,14.2816,31,2.34375,1.5625,827.75,0,12,118.4,4.06,1.3,0,4.31373,0,14.5098,5.075,-9.13511,1,8,0,0,0,0,0,0,2.304,0,186.8
2074,167461.840,14.1714,14.2406,14.2816,31,2.34375,1.5625,824,0,12,118.4,4.04,1.28,0,4.31373,0,14.5098,5.075,-9.13511,1,8,0,0,0,0,0,0,2.304,0,186.8
2075,167461.880,14.1714,14.2406,14.2748,31,2.34375,1.5625,822.5,0,12.5,118.4,4,1.28,0,4.31373,0,14.5098,5.075,-9.13854,1,8,0,0,0,0,0,0,2.304,0,186.8
2076,167461.920,14.214,14.2406,14.2748,31,2.34375,1.5625,815.25,0,13,118.4,4,1.28,0,4.31373,0,14.5098,5.075,-9.14656,1,8,0,0,0,0,0,0,2.304,0,186.8
2077,167461.960,14.214,14.2406,14.2748,31,2.34375,1.5625,824.25,0,12,118.4,4,1.26,0,4.31373,0,14.5098,5.075,-9.14656,1,8,0,0,0,0,0,0,2.304,0,186.8
2078,167462.000,14.1714,14.2406,14.2748,31,2.34375,1.5625,830.25,0,11.5,118.4,4,1.26,0,4.31373,0,14.5098,5.075,-9.13826,1,8,0,0,0,0,0,0,2.304,0,186.8
2079,167462.040,14.0883,14.2406,14.2748,31,2.34375,1.5625,820.5,0,12.5,118.4,4,1.26,0,4.31373,0,14.5098,5.075,-9.13826,1,8,0,0,0,0,0,0,2.304,0,186.8
2080,167462.080,14.1714,14.2406,14.2748,31,2.34375,1.5625,817.5,0,13,118.4,3.98,1.26,0,4.31373,0,14.5098,5.075,-9.14175,1,8,0,0,0,0,0,0,2.304,0,186.8
2081,167462.120,14.1289,14.2406,14.2748,31,2.34375,1.5625,812,0,13.5,118.4,3.98,1.28,0,4.31373,0,14.5098,5.075,-9.14458,1,8,0,0,0,0,0,0,2.304,0,186.8
2082,167462.160,14.214,14.2406,14.2748,31,2.34375,1.5625,823,0,12,118.4,3.98,1.28,0,4.31373,0,14.5098,5.075,-9.14458,1,8,0,0,0,0,0,0,2.304,0,186.8
2083,167462.200,14.2565,14.2406,14.2748,31,2.34375,1.5625,813,0,13,118.4,3.98,1.28,0,4.31373,0,14.5098,5.075,-9.13947,1,8,0,0,0,0,0,0,2.304,0,186.8
2084,167462.240,14.2972,14.2406,14.2748,31,2.34375,1.5625,819.25,0,12.5,118.4,4,1.28,0,4.31373,0,14.5098,5.075,-9.1428,1,8,0,0,0,0,0,0,2.304,0,186.8
2085,167462.280,14.2972,14.2406,14.2748,31,2.34375,1.5625,815.5,0,13,118.4,4,1.28,0,4.31373,0,14.5098,5.075,-9.1428,1,8,0,0,0,0,0,0,2.304,0,186.8
2086,167462.320,14.214,14.2406,14.2748,31,2.34375,1.5625,821.5,0,12,118.4,3.98,1.28,0,4.31373,0,14.5098,5.075,-9.14086,1,8,0,0,0,0,0,0,2.304,0,186.8
2087,167462.360,14.214,14.2406,14.2748,31,2.34375,1.5625,821,0,12.5,118.4,4,1.26,0,4.31373,0,14.5098,5.075,-9.14086,1,8,0,0,0,0,0,0,2.304,0,186.8
2088,167462.400,14.1714,14.2406,14.2748,31,2.34375,1.5625,831,0,11.5,118.4,4,1.26,0,4.31373,0,14.5098,5.075,-9.14122,1,8,0,0,0,0,0,0,2.304,0,186.8
2089,167462.440,14.2972,14.2406,14.2816,31,2.34375,1.5625,822.25,0,12,118.4,3.98,1.26,0,4.31373,0,14.5098,5.075,-9.13625,1,8,0,0,0,0,0,0,2.304,0,186.8
2090,167462.480,14.0883,14.2406,14.2816,31,2.34375,1.5625,808.25,0,13.5,118.4,3.98,1.26,0,4.31373,0,14.5098,5.075,-9.13625,1,8,0,0,0,0,0,0,2.304,0,186.8
2091,167462.520,14.214,14.2406,14.2748,31,2.34375,1.5625,813.5,0,13,118.4,3.98,1.26,0,4.31373,0,14.5098,5.075,-9.15303,1,8,0,0,0,0,0,0,2.304,0,186.8
2092,167462.560,14.2565,14.2406,14.2748,31,2.34375,1.5625,808.5,0,13.5,118.4,4,1.28,0,4.31373,0,14.5098,5.075,-9.15288,1,8,0,0,0,0,0,0,2.304,0,186.8
2093,167462.600,14.2565,14.2406,14.2748,31,2.34375,1.5625,822.25,0,12,118.4,4,1.28,0,4.31373,0,14.5098,5.075,-9.15288,1,8,0,0,0,0,0,0,2.304,0,186.8
2094,167462.640,14.1714,14.2406,14.2748,31,2.34375,1.5625,817,0,12.5,118.4,4,1.28,0,4.31373,0,14.5098,5.075,-9.14005,1,8,0,0,0,0,0,0,2.304,0,186.8
2095,167462.680,14.214,14.2406,14.2748,31,2.34375,1.5625,822,0,12,118.4,3.98,1.28,0,4.31373,0,14.5098,5.075,-9.14005,1,8,0,0,0,0,0,0,2.304,0,186.8
2096,167462.720,14.2972,14.2406,14.2748,31,2.34375,1.5625,818.75,0,12.5,118.4,3.98,1.28,0,4.31373,0,14.5098,5.075,-9.14049,1,8,0,0,0,0,0,0,2.304,0,186.8
2097,167462.760,14.2565,14.2406,14.2748,31,2.34375,1.5625,817.75,0,12.5,118.4,3.95,1.28,0,4.31373,0,14.5098,5.075,-9.14428,1,8,0,0,0,0,0,0,2.304,0,186.8
2098,167462.800,14.2565,14.2406,14.2748,31,2.34375,1.5625,803.5,0,14,118.4,3.95,1.26,0,4.31373,0,14.5098,5.075,-9.14428,1,8,0,0,0,0,0,0,2.304,0,186.8
2099,167462.840,14.214,14.2406,14.2748,31,2.34375,1.5625,809.25,0,13.5,118.4,3.98,1.26,0,4.31373,0,14.5098,5.075,-9.15199,1,8,0,0,0,0,0,0,2.304,0,186.8
2100,167462.880,14.2565,14.2406,14.2748,31,2.34375,1.5625,813,0,13,118.4,3.95,1.26,0,4.31373,0,14.5098,5.075,-9.1537,1,8,0,0,0,0,0,0,2.304,0,186.8
2101,167462.920,14.1289,14.2406,14.2748,31,2.34375,1.5625,810.5,0,13,118.4,3.95,1.26,0,4.31373,0,14.5098,5.075,-9.1537,1,8,0,0,0,0,0,0,2.304,0,186.8
2102,167462.960,14.1714,14.2406,14.2748,31,2.34375,1.5625,821.5,0,12,118.4,3.95,1.26,0,4.31373,0,14.5098,5.075,-9.15094,1,8,0,0,0,0,0,0,2.304,0,186.8
2103,167463.000,14.2972,14.2406,14.2748,31,2.34375,1.5625,815.25,0,12.5,118.4,3.95,1.26,0,4.31373,0,14.5098,5.075,-9.15094,1,8,0,0,0,0,0,0,2.304,0,186.8
2104,167463.040,14.214,14.2406,14.2748,31,2.34375,1.5625,824.25,0,12,118.4,3.95,1.28,0,4.31373,0,14.5098,5.075,-9.14655,1,8,0,0,0,0,0,0,2.304,0,186.8
2105,167463.080,14.2565,14.2406,14.2748,31,2.34375,1.5625,819,0,12,118.4,3.95,1.28,0,4.31373,0,14.5098,5.075,-9.14311,1,8,0,0,0,0,0,0,2.304,0,186.8
2106,167463.120,14.214,14.2406,14.2748,31,2.34375,1.5625,824,0,12,118.4,3.93,1.28,0,4.31373,0,14.5098,5.075,-9.14311,1,8,0,0,0,0,0,0,2.304,0,186.8
2107,167463.160,14.2565,14.2406,14.2748,31,2.34375,1.5625,817.5,0,12.5,118.4,3.93,1.28,0,4.31373,0,14.5098,5.075,-9.13862,1,8,0,0,0,0,0,0,2.304,0,186.8
2108,167463.200,14.214,14.2406,14.2748,31,2.34375,1.5625,820,0,12,118.4,3.95,1.28,0,4.31373,0,14.5098,5.075,-9.14215,1,8,0,0,0,0,0,0,2.304,0,186.8
2109,167463.240,14.2972,14.2406,14.2748,31,2.34375,1.5625,813.5,0,12.5,118.4,3.95,1.26,0,4.31373,0,14.5098,5.075,-9.14215,1,8,0,0,0,0,0,0,2.304,0,186.8
2110,167463.280,14.214,14.2406,14.2748,31,2.34375,1.5625,820.75,0,12,118.4,3.98,1.26,0,4.31373,0,14.5098,5.075,-9.14155,1,8,0,0,0,0,0,0,2.304,0,186.8
2111,167463.320,14.214,14.2406,14.2748,31,2.34375,1.5625,819.75,0,12,118.4,3.95,1.26,0,4.31373,0,14.5098,5.075,-9.14155,1,8,0,0,0,0,0,0,2.304,0,186.8
2112,167463.360,14.1714,14.2406,14.2748,31,2.34375,1.5625,811,0,13,118.4,3.95,1.26,0,4.31373,0,14.5098,5.075,-9.14234,1,8,0,0,0,0,0,0,2.304,0,186.8
2113,167463.400,14.0032,14.2406,14.2748,31,2.34375,1.5625,816.5,0,12.5,118.4,3.98,1.26,0,4.31373,0,14.5098,5.075,-9.15053,1,8,0,0,0,0,0,0,2.304,0,186.8
2114,167463.440,14.6782,14.2406,14.2748,31,2.34375,1.5625,811.25,0,13,118.4,3.95,1.26,0,4.31373,0,14.5098,5.075,-9.15053,1,8,0,0,0,0,0,0,2.304,0,186.8
2115,167463.480,14.8039,14.2406,14.2748,31,2.34375,1.5625,806.75,0,13.5,118.4,3.95,1.28,0,4.31373,0,14.5098,5.075,-9.15035,1,8,0,0,0,0,0,0,2.304,0,186.8
2116,167463.520,14.7613,14.2406,14.2748,31,2.34375,1.5625,796.25,0,14.5,118.4,3.98,1.28,0,4.31373,0,14.5098,5.075,-9.16059,1,8,0,0,0,0,0,0,2.304,0,186.8
2117,167463.560,14.7188,14.2406,14.2748,31,2.34375,1.5625,806.25,0,13.5,118.4,3.98,1.28,0,4.31373,0,14.5098,5.075,-9.16059,1,8,0,0,0,0,0,0,2.304,0,186.8
2118,167463.600,14.8039,14.2406,14.2748,31,2.34375,1.5625,808.25,0,13,118.4,3.98,1.28,0,4.31373,0,14.5098,5.075,-9.15475,1,8,0,0,0,0,0,0,2.304,0,186.8
2119,167463.640,14.7613,14.2406,14.2748,31,2.34375,1.5625,823.25,0,11.5,118.4,3.98,1.28,0,4.31373,0,14.5098,5.075,-9.15475,1,8,0,0,0,0,0,0,2.304,0,186.8
2120,167463.680,14.6782,14.2406,14.2748,31,2.34375,1.5625,817.75,0,12,118.4,3.95,1.28,0,4.31373,0,14.5098,5.075,-9.13927,1,8,0,0,0,0,0,0,2.304,0,186.8
2121,167463.720,14.7613,14.2406,14.2748,31,2.34375,1.5625,824,0,11.5,118.4,3.93,1.26,0,4.31373,0,14.5098,5.075,-9.13863,1,8,0,0,0,0,0,0,2.304,0,186.8
2122,167463.760,14.7613,14.2406,14.2748,31,2.34375,1.5625,814.5,0,12.5,118.4,3.93,1.26,0,4.31373,0,14.5098,5.075,-9.13863,1,8,0,0,0,0,0,0,2.304,0,186.8
2123,167463.800,14.7188,14.2406,14.2748,31,2.34375,1.5625,808,0,13,118.4,3.93,1.26,0,4.31373,0,14.5098,5.075,-9.14806,1,8,0,0,0,0,0,0,2.304,0,186.8
2124,167463.840,14.6356,14.2406,14.2748,31,2.34375,1.5625,813.25,0,12.5,118.4,3.93,1.26,0,4.31373,0,14.5098,5.075,-9.15316,1,8,0,0,0,0,0,0,2.304,0,186.8
2125,167463.880,14.5505,14.2406,14.2748,31,2.34375,1.5625,811,0,12.5,118.4,3.93,1.26,0,4.31373,0,14.5098,5.075,-9.15316,1,8,0,0,0,0,0,0,2.304,0,186.8
2126,167463.920,14.6356,14.2406,14.2748,31,2.34375,1.5625,817.5,0,12,118.4,3.93,1.26,0,4.31373,0,14.5098,5.075,-9.1505,1,8,0,0,0,0,0,0,2.304,0,186.8
2127,167463.960,14.5931,14.2406,14.2748,31,2.34375,1.5625,799.25,0,14,118.4,3.89,1.26,0,4.31373,0,14.5098,5.075,-9.1505,1,8,0,0,0,0,0,0,2.304,0,186.8
2128,167464.000,14.7188,14.2406,14.2748,31,2.34375,1.5625,800,0,14,118.4,3.87,1.28,0,4.31373,0,14.5098,5.075,-9.16059,1,8,0,0,0,0,0,0,2.304,0,186.8
2129,167464.040,14.6356,14.2406,14.2748,31,2.34375,1.5625,796,0,14,118.4,3.93,1.28,0,4.31373,0,14.5098,5.075,-9.16059,1,8,0,0,0,0,0,0,2.304,0,186.8
2130,167464.080,14.6782,14.2406,14.2748,31,2.34375,1.5625,804.25,0,13,118.4,3.89,1.28,0,4.31373,0,14.5098,5.075,-9.16059,1,8,0,0,0,0,0,0,2.304,0,186.8
2131,167464.120,14.8039,14.2406,14.2748,31,2.34375,1.5625,792.25,0,14.5,118.4,3.89,1.28,0,4.31373,0,14.5098,5.075,-9.1567,1,8,0,0,0,0,0,0,2.304,0,188.6
2132,167464.160,14.7188,14.2406,14.2748,31,1.5625,1.5625,796.25,0,14,118.4,3.93,1.28,0,4.31373,0,14.5098,5.075,-9.16059,1,8,0,0,0,0,0,0,2.304,0,188.6
2133,167464.200,14.7188,14.2406,14.2748,31,1.5625,1.5625,799,0,13.5,118.4,3.93,1.28,0,4.31373,0,14.5098,5.075,-9.16059,1,8,0,0,0,0,0,0,2.304,0,188.6
2134,167464.240,14.7613,14.2406,14.2748,31,1.5625,1.5625,808,0,12.5,118.4,3.93,1.26,0,4.31373,0,14.5098,5.075,-9.15327,1,8,0,0,0,0,0,0,2.304,0,188.6
2135,167464.280,14.7188,14.2406,14.2748,31,1.5625,1.5625,800.75,0,13.5,118.4,3.89,1.26,0,4.31373,0,14.5098,5.075,-9.15327,1,8,0,0,0,0,0,0,2.304,0,188.6
2136,167464.320,14.6356,14.2406,14.2748,31,1.5625,1.5625,801.75,0,13,118.4,3.93,1.26,0,4.31373,0,14.5098,5.075,-9.15998,1,8,0,0,0,0,0,0,2.304,0,188.6
2137,167464.360,14.7188,14.2406,14.2748,31,1.5625,1.5625,799.25,0,13,118.4,3.89,1.26,0,4.31373,0,14.5098,5.075,-9.16059,1,8,0,0,0,0,0,0,2.304,0,188.6
2138,167464.400,14.7188,14.2406,14.2748,31,1.5625,1.5625,788,0,14.5,118.4,3.93,1.26,0,4.31373,0,14.5098,5.075,-9.16059,1,8,0,0,0,0,0,0,2.304,0,188.6
2139,167464.440,14.5931,14.2406,14.2748,31,1.5625,1.5625,793.5,0,13.5,118.4,3.89,1.26,0,4.31373,0,14.5098,5.075,-9.16059,1,8,0,0,0,0,0,0,2.304,0,188.6
2140,167464.480,14.5505,14.2406,14.2748,31,1.5625,1.5625,790.5,0,14,118.4,3.89,1.26,0,4.31373,0,14.5098,5.075,-9.16059,1,8,0,0,0,0,0,0,2.304,0,188.6
2141,167464.520,14.7188,14.2406,14.2748,31,2.34375,1.5625,798.25,0,13,118.4,3.93,1.26,0,4.31373,0,14.5098,5.075,-9.16059,1,8,0,0,0,0,0,0,2.304,0,188.6
2142,167464.560,14.6356,14.2406,14.2748,31,2.34375,1.5625,797.5,0,13,118.4,3.89,1.26,0,4.31373,0,14.5098,5.075,-9.16059,1,8,0,0,0,0,0,0,2.304,0,188.6
2143,167464.600,14.5931,14.2406,14.2748,31,2.34375,1.5625,803.25,0,12.5,118.4,3.93,1.28,0,4.31373,0,14.5098,5.075,-9.16059,1,8,0,0,0,0,0,0,2.304,0,188.6
2144,167464.640,14.2972,14.2406,14.2748,31,2.34375,1.5625,801,0,12.5,118.4,3.89,1.28,0,4.31373,0,14.5098,5.075,-9.1577,1,8,0,0,0,0,0,0,2.304,0,188.6
2145,167464.680,14.0883,14.2406,14.2748,31,2.34375,1.5625,814,0,11.5,118.4,3.93,1.28,0,4.31373,0,14.5098,5.075,-9.14771,1,8,0,0,0,0,0,0,2.304,0,188.6
2146,167464.720,14.1714,14.2406,14.2748,31,2.34375,1.5625,809.5,0,12,118.4,3.93,1.28,0,4.31373,0,14.5098,5.075,-9.14771,1,8,0,0,0,0,0,0,2.304,0,188.6
2147,167464.760,14.1714,14.2406,14.2748,31,2.34375,1.5625,809.5,0,12,118.4,3.93,1.28,0,4.31373,0,14.5098,5.075,-9.15181,1,8,0,0,0,0,0,0,2.304,0,188.6
2148,167464.800,14.214,14.2406,14.2748,31,2.34375,1.5625,802,0,12.5,118.4,3.89,1.28,0,4.31373,0,14.5098,5.075,-9.15872,1,8,0,0,0,0,0,0,2.304,0,188.6
2149,167464.840,14.214,14.2406,14.2748,31,2.34375,1.5625,800.75,0,12.5,118.4,3.89,1.26,0,4.31373,0,14.5098,5.075,-9.15872,1,8,0,0,0,0,0,0,2.304,0,188.6
2150,167464.880,14.1714,14.2406,14.2748,31,2.34375,1.5625,784.75,0,14.5,118.4,3.89,1.26,0,4.31373,0,14.5098,5.075,-9.16059,1,8,0,0,0,0,0,0,2.304,0,188.6
2151,167464.920,14.1714,14.2406,14.2748,31,2.34375,1.5625,788.25,0,14,118.4,3.87,1.26,0,4.31373,0,14.5098,5.075,-9.16059,1,8,0,0,0,0,0,0,2.304,0,188.6
2152,167464.960,14.0457,14.2406,14.2748,31,1.5625,1.5625,790.25,0,13.5,118.4,3.91,1.26,0,4.31373,0,14.5098,5.075,-9.16059,1,8,0,0,0,0,0,0,2.304,0,188.6
2153,167465.000,14.214,14.2406,14.2748,31,1.5625,1.5625,802,0,12.5,118.4,3.93,1.26,0,4.31373,0,14.5098,5.075,-9.15757,1,8,0,0,0,0,0,0,2.304,0,188.6
2154,167465.040,14.0883,14.2406,14.2748,31,1.5625,1.5625,810.5,0,11.5,118.4,3.89,1.26,0,4.31373,0,14.5098,5.075,-9.15757,1,8,0,0,0,0,0,0,2.304,0,188.6
2155,167465.080,13.9606,14.2406,14.2748,31,1.5625,1.5625,806,0,12,118.4,3.89,1.26,0,4.31373,0,14.5098,5.075,-9.15101,1,8,0,0,0,0,0,0,2.304,0,188.6
2156,167465.120,14.0883,14.2406,14.2748,31,1.5625,1.5625,809.5,0,11.5,118.4,3.89,1.26,0,4.31373,0,14.5098,5.075,-9.15177,1,8,0,0,0,0,0,0,2.304,0,188.6
2157,167465.160,14.1714,14.2406,14.2748,31,1.5625,1.5625,799.25,0,12.5,118.4,3.89,1.26,0,4.31373,0,14.5098,5.075,-9.15177,1,8,0,0,0,0,0,0,2.304,0,188.6
2158,167465.200,14.0032,14.2406,14.2748,31,1.5625,1.5625,809,0,11.5,118.4,3.89,1.28,0,4.31373,0,14.5098,5.075,-9.16059,1,8,0,0,0,0,0,0,2.304,0,188.6
2159,167465.240,14.1289,14.2406,14.2748,31,1.5625,1.5625,803.75,0,12,118.4,3.87,1.28,0,4.31373,0,14.5098,5.075,-9.16059,1,8,0,0,0,0,0,0,2.304,0,188.6
2160,167465.280,14.1714,14.2406,14.2748,31,1.5625,1.5625,810.25,0,11.5,118.4,3.87,1.28,0,4.31373,0,14.5098,5.075,-9.15716,1,8,0,0,0,0,0,0,2.304,0,188.6
2161,167465.320,14.0883,14.2406,14.2748,31,1.5625,1.5625,810.75,0,11.5,118.4,3.87,1.28,0,4.31373,0,14.5098,5.075,-9.15067,1,8,0,0,0,0,0,0,2.304,0,188.6
2162,167465.360,14.0457,14.2406,14.2748,31,1.5625,1.5625,808.75,0,11.5,118.4,3.89,1.26,0,4.31373,0,14.5098,5.075,-9.15067,1,8,0,0,0,0,0,0,2.304,0,188.6
2163,167465.400,14.214,14.2406,14.2748,31,1.5625,1.5625,795.5,0,13,118.4,3.87,1.26,0,4.31373,0,14.5098,5.075,-9.15254,1,8,0,0,0,0,0,0,2.304,0,188.6
2164,167465.440,14.1714,14.2406,14.2748,31,1.5625,1.5625,805,0,12,118.4,3.87,1.26,0,4.31373,0,14.5098,5.075,-9.15591,1,8,0,0,0,0,0,0,2.304,0,188.6
2165,167465.480,14.1714,14.2406,14.2748,31,1.5625,1.5625,801.5,0,12.5,118.4,3.89,1.26,0,4.31373,0,14.5098,5.075,-9.15591,1,8,0,0,0,0,0,0,2.304,0,188.6
2166,167465.520,14.1289,14.2406,14.2748,31,1.5625,1.5625,809.25,0,11.5,118.4,3.89,1.26,0,4.31373,0,14.5098,5.075,-9.14882,1,8,0,0,0,0,0,0,2.304,0,188.6
2167,167465.560,14.6782,14.2406,14.2748,31,1.5625,1.5625,811.75,0,11.5,118.4,3.93,1.26,0,4.31373,0,14.5098,5.075,-9.14882,1,8,0,0,0,0,0,0,2.304,0,188.6
2168,167465.600,14.6782,14.2406,14.2748,31,1.5625,1.5625,798.25,0,12.5,118.4,3.93,1.26,0,4.31373,0,14.5098,5.075,-9.14979,1,8,0,0,0,0,0,0,2.304,0,188.6
2169,167465.640,14.8039,14.2406,14.2748,31,1.5625,1.5625,798.5,0,12.5,118.4,3.89,1.26,0,4.31373,0,14.5098,5.075,-9.16059,1,8,0,0,0,0,0,0,2.304,0,188.6
2170,167465.680,14.8039,14.2406,14.2748,31,1.5625,1.5625,793.5,0,13,120.2,3.93,1.26,0,4.31373,0,14.5098,5.075,-9.16059,1,8,0,0,0,0,0,0,2.304,0,188.6
2171,167465.720,14.7188,14.2406,14.2748,31,1.5625,1.5625,802.25,0,12,120.2,3.93,1.26,0,4.31373,0,14.5098,5.075,-9.16059,1,8,0,0,0,0,0,0,2.304,0,188.6
2172,167465.760,14.6782,14.2406,14.2748,31,1.5625,1.5625,794.25,0,13,120.2,3.89,1.28,0,4.31373,0,14.5098,5.075,-9.16059,1,8,0,0,0,0,0,0,2.304,0,188.6
2173,167465.800,14.7613,14.2406,14.2748,31,2.34375,1.5625,793.5,0,13,120.2,3.89,1.28,0,4.31373,0,14.5098,5.075,-9.16059,1,8,0,0,0,0,0,0,2.304,0,188.6
2174,167465.840,14.7613,14.2406,14.2748,31,2.34375,1.5625,794.25,0,13.5,120.2,3.93,1.28,0,4.31373,0,14.5098,5.075,-9.16059,1,8,0,0,0,0,0,0,2.304,0,188.6
2175,167465.880,14.6782,14.2406,14.2748,31,2.34375,1.5625,805,0,12,120.2,3.93,1.28,0,4.31373,0,14.5098,5.075,-9.16059,1,8,0,0,0,0,0,0,2.304,0,188.6
2176,167465.920,14.7613,14.2406,14.2748,31,2.34375,1.5625,796.25,0,13,120.2,3.93,1.28,0,4.31373,0,14.5098,5.075,-9.15596,1,8,0,0,0,0,0,0,2.304,0,188.6
2177,167465.960,14.6782,14.2406,14.2748,31,2.34375,1.5625,803,0,12.5,120.2,3.93,1.28,0,4.31373,0,14.5098,5.075,-9.15776,1,8,0,0,0,0,0,0,2.304,0,188.6
2178,167466.000,14.6782,14.2406,14.2748,31,2.34375,1.5625,803.5,0,12,120.2,3.93,1.26,0,4.31373,0,14.5098,5.075,-9.15776,1,8,0,0,0,0,0,0,2.304,0,188.6
2179,167466.040,14.7188,14.3555,14.2748,31,2.34375,1.5625,806.25,0,12,120.2,3.89,1.26,0,4.31373,0,14.5098,5.075,-9.1548,1,8,0,0,0,0,0,0,2.304,0,188.6
2180,167466.080,14.7613,14.3555,14.2748,31,2.34375,1.5625,799,0,12.5,120.2,3.89,1.26,0,4.31373,0,14.5098,5.075,-9.16059,1,8,0,0,0,0,0,0,2.304,0,188.6
2181,167466.120,14.7188,14.3555,14.2748,31,2.34375,1.5625,810.5,0,11.5,120.2,3.93,1.26,0,4.31373,0,14.5098,5.075,-9.16059,1,8,0,0,0,0,0,0,2.304,0,188.6
2182,167466.160,14.6782,14.3555,14.2748,31,2.34375,1.5625,823,0,10.5,120.2,3.89,1.26,0,4.31373,0,14.5098,5.075,-9.15091,1,8,0,0,0,0,0,0,2.304,0,188.6
2183,167466.200,14.6782,14.3555,14.2748,31,2.34375,1.5625,821.5,0,11,120.2,3.89,1.26,0,4.31373,0,14.5098,5.075,-9.15091,1,8,0,0,0,0,0,0,2.304,0,188.6
2184,167466.240,14.7188,14.3555,14.2748,31,2.34375,1.5625,830.25,0,10,120.2,3.93,1.26,0,4.31373,0,14.5098,5.075,-9.14093,1,8,0,0,0,0,0,0,2.304,0,188.6
2185,167466.280,14.7188,14.3555,14.2816,31,2.34375,1.5625,824.25,0,10.5,120.2,3.89,1.28,0,4.31373,0,14.5098,5.075,-9.13829,1,8,0,0,0,0,0,0,2.304,0,188.6
2186,167466.320,14.7613,14.3555,14.2816,31,2.34375,1.5625,824,0,11,120.2,3.89,1.28,0,4.31373,0,14.5098,5.075,-9.13829,1,8,0,0,0,0,0,0,2.304,0,188.6
2187,167466.360,14.6782,14.3555,14.2748,31,2.34375,1.5625,810,0,12,120.2,3.89,1.28,0,4.31373,0,14.5098,5.075,-9.13854,1,8,0,0,0,0,0,0,2.304,0,188.6
2188,167466.400,14.6356,14.3555,14.2748,31,2.34375,1.5625,808.25,0,12,120.2,3.93,1.28,0,4.31373,0,14.5098,5.075,-9.15298,1,8,0,0,0,0,0,0,2.304,0,188.6
2189,167466.440,14.6782,14.3555,14.2748,31,2.34375,1.5625,804.5,0,12.5,120.2,3.89,1.28,0,4.31373,0,14.5098,5.075,-9.15298,1,8,0,0,0,0,0,0,2.304,0,188.6
2190,167466.480,14.7188,14.3555,14.2748,31,2.34375,1.5625,813.5,0,11.5,120.2,3.93,1.26,0,4.31373,0,14.5098,5.075,-9.1481,1,8,0,0,0,0,0,0,2.304,0,188.6
2191,167466.520,14.5931,14.3555,14.2748,31,2.34375,1.5625,813.5,0,12,120.2,3.89,1.26,0,4.31373,0,14.5098,5.075,-9.1481,1,8,0,0,0,0,0,0,2.304,0,188.6
2192,167466.560,14.6356,14.3555,14.2748,31,2.34375,1.5625,816,0,11.5,120.2,3.89,1.26,0,4.31373,0,14.5098,5.075,-9.1483,1,8,0,0,0,0,0,0,2.304,0,188.6
2193,167466.600,14.5505,14.4703,14.2748,31,2.34375,1.5625,815.75,0,11.5,120.2,3.89,1.26,0,4.31373,0,14.5098,5.075,-9.14599,1,8,0,0,0,0,0,0,2.304,0,188.6
2194,167466.640,14.0457,14.4703,14.2748,31,2.34375,1.5625,802,0,13,120.2,3.87,1.26,.392157,4.31373,2.39844,14.5098,5.075,-9.14599,1,8,0,0,0,0,0,0,2.304,0,188.6
2195,167466.680,14.2972,14.4703,14.2748,31,3.125,1.5625,800.25,0,13,120.2,3.93,1.26,.392157,4.31373,2.39844,14.5098,5.075,-9.07764,1,8,0,0,0,0,0,0,2.304,0,188.6
2196,167466.720,14.2565,14.4703,14.2748,31,3.125,1.5625,796.75,0,13.5,120.2,3.93,1.28,.392157,4.31373,2.50663,14.5098,5.075,-9.07943,1,8,0,0,0,0,0,0,2.304,0,188.6
2197,167466.760,14.3823,14.4703,14.2748,31,3.125,1.5625,814.5,0,12,120.2,3.93,1.28,.392157,4.31373,5.0242,14.5098,5.075,-9.07943,1,8,0,0,0,0,0,0,2.304,0,188.6
2198,167466.800,14.3823,14.4703,14.2748,31,3.125,1.5625,804.75,0,13.5,120.2,3.89,1.28,1.56863,4.31373,17.7442,14.5098,5.075,-8.87097,1,8,0,0,0,8.62745,0,0,2.304,0,188.6
2199,167466.840,14.4248,14.4703,14.2748,31,3.125,1.5625,810.25,0,13.5,120.2,3.93,1.28,3.13725,5.09804,36.7949,14.5098,5.075,-7.9096,1,8,0,0,0,39.6078,0,0,2.304,0,188.6
2200,167466.880,14.4248,14.4703,14.2748,31,3.125,1.5625,806.5,0,14,120.2,4.04,1.36,3.52941,5.88235,39.9919,14.5098,5.075,-7.9096,1,8,0,0,0,39.6078,0,0,2.304,0,188.6
2201,167466.920,14.4673,14.4703,14.2748,31,3.125,1.5625,807.75,0,14.5,120.2,4.77,1.4,3.52941,6.27451,39.9841,14.5098,5.075,-7.91056,1,8,0,0,0,39.6078,0,0,2.304,0,188.6
2202,167466.960,14.508,14.4703,14.2748,31,3.125,1.5625,797.5,0,15,120.2,5.44,1.42,3.52941,6.27451,40.0287,14.5098,5.075,-7.91056,1,8,0,0,0,39.6078,0,0,2.304,0,188.6
2203,167467.000,14.4248,14.4703,14.2748,31,3.125,1.5625,799.5,0,15.5,120.2,5.79,1.42,3.52941,6.27451,43.2106,14.5098,5.075,-7.80605,1,8,0,0,0,42.7451,0,0,2.304,0,188.6
2204,167467.040,14.3397,14.4703,14.1275,31,3.125,1.5625,800.5,0,16,120.2,5.96,1.44,4.31373,6.66667,49.5708,14.5098,5.22,-7.59056,1,8,0,0,0,49.8039,0,0,2.56,0,188.6
2205,167467.080,14.2972,14.4703,14.1275,31,3.125,1.5625,840,0,18,120.2,6.42,1.46,4.31373,7.05882,52.5456,14.5098,5.51,-7.59056,1,8,0,0,0,49.8039,0,0,2.56,0,188.6
2206,167467.120,14.4248,14.4703,13.6595,31,3.125,1.5625,868,0,18.5,120.2,6.81,1.48,4.70588,7.45098,55.3674,14.5098,5.655,-7.26271,1,8,0,0,0,59.6078,0,0,2.56,0,188.6
2207,167467.160,14.4673,14.4703,13.9378,31,3.125,1.5625,884.5,0,19.5,120.2,7.42,1.5,5.09804,7.84314,61.5046,14.5098,5.8,-7.04946,1,8,0,0,0,65.8824,0,0,2.56,0,188.6
2208,167467.200,14.4248,14.4703,13.9378,31,3.125,1.5625,925.5,0,20.5,120.2,7.69,1.52,5.4902,7.84314,64.2325,14.5098,5.945,-7.04946,1,8,0,0,0,65.8824,0,0,2.816,0,188.6
2209,167467.240,14.4248,14.4703,14.0812,31,3.125,1.5625,1018.25,0,23,120.2,7.94,1.54,5.4902,8.23529,63.829,14.5098,6.09,-7.04557,1,8,0,0,0,65.098,0,0,2.816,0,188.6
2210,167467.280,14.4673,14.5852,14.0812,31,3.125,1.5625,1055.25,0,23.5,120.2,8.04,1.54,5.4902,8.23529,62.9375,14.5098,6.235,-7.04557,1,8,0,0,0,65.098,0,0,2.816,0,188.6
2211,167467.320,14.5931,14.5852,14.1874,31,3.125,1.5625,1151.75,0,24,120.2,8.08,1.56,5.4902,8.62745,62.3805,14.5098,6.235,-6.94395,1,8,0,0,0,67.451,0,0,2.816,0,188.6
2212,167467.360,14.5931,14.7,14.3156,31,3.90625,1.5625,1208.25,0,25,120.2,8.37,1.56,5.09804,8.62745,58.4295,14.5098,6.235,-6.9411,1,8,0,0,0,65.8824,0,0,2.816,0,188.6
2213,167467.400,14.7188,14.7,14.3156,31,3.90625,1.5625,1296.5,0,25,120.2,8.49,1.56,5.09804,8.62745,57.4721,14.5098,6.235,-6.9411,1,8,0,0,0,65.8824,0,0,2.816,0,188.6
2214,167467.440,14.8039,14.7,14.3224,31,3.90625,1.5625,1386.75,0,25.5,120.2,8.37,1.56,4.70588,8.62745,53.6313,14.5098,6.235,-7.05954,1,8,0,0,1,61.5686,0,0,3.072,0,188.6
2215,167467.480,14.7613,14.7,14.3565,31,3.90625,.78125,1469.5,0,26,120.2,8.43,1.56,4.70588,8.62745,53.297,14.5098,6.235,-7.18547,1,8,0,0,2,57.2549,0,0,2.816,0,188.6
2216,167467.520,14.7188,14.7,14.3565,31,3.90625,.78125,1546,0,26,120.2,8.43,1.56,4.70588,8.23529,52.4646,14.5098,6.09,-7.18547,1,8,0,0,3,57.2549,0,0,2.816,0,188.6
2217,167467.560,14.5931,14.7,14.3977,31,3.90625,.78125,1614.25,0,26,120.2,8.18,1.54,4.70588,8.23529,51.3017,14.5098,5.945,-7.23362,1,8,0,0,5,55.2941,0,0,2.816,0,188.6
2218,167467.600,14.5931,14.5852,14.3977,31,3.125,.78125,1676.25,0,26.5,120.2,8.07,1.54,4.70588,8.23529,50.6759,14.5098,5.655,-7.23362,1,8,0,0,6,55.2941,0,0,2.56,0,188.6
2219,167467.640,14.3823,14.3555,15.6964,31,3.125,.78125,1732.5,0,27,120.2,8.05,1.54,4.70588,8.23529,50.1077,14.5098,5.51,-7.35719,1,8,0,0,8,58.4314,0,0,2.56,0,188.6
2220,167467.680,14.1714,14.2406,14.5578,31,2.34375,.78125,1786.75,0,27,120.2,8.04,1.54,5.09804,8.23529,52.3282,14.5098,5.22,-7.41805,1,8,0,0,9,64.3137,0,0,2.56,0,188.6
2221,167467.720,14.1714,14.1258,14.5578,31,1.5625,.78125,1815.25,0,27.5,120.2,8.02,1.54,5.09804,8.23529,51.8757,14.5098,5.075,-7.41805,1,8,0,0,11,64.3137,0,0,2.304,0,188.6
2222,167467.760,13.8349,14.0109,14.586,31,.78125,.78125,1857.5,0,27.5,120.2,8.05,1.54,5.4902,8.23529,56.835,14.5098,4.93,-7.51306,1,8,0,0,13,67.0588,0,0,2.304,0,188.6
2223,167467.800,13.8349,14.0109,14.586,31,.78125,.78125,1873.25,0,28,120.2,8.02,1.54,6.27451,9.01961,64.115,14.5098,4.93,-7.10081,1,8,0,0,14,72.9412,0,0,2.304,0,188.6
2224,167467.840,13.7498,14.1258,14.586,31,.78125,.78125,1874.5,0,28,120.2,8.68,1.58,7.45098,9.41177,74.2836,14.5098,4.785,-7.10081,1,8,0,0,15,72.9412,0,0,2.304,0,188.6
2225,167467.880,14.0032,14.2406,14.5931,31,1.5625,.78125,1871.75,0,28,120.2,9.39,1.62,7.84314,9.80392,76.9945,14.5098,4.785,-6.63888,1,8,0,0,15,74.902,0,0,2.304,0,188.6
2226,167467.920,14.214,14.4703,14.5931,31,2.34375,.78125,1869.25,0,28,120.2,9.81,1.64,7.84314,10.5882,77.1262,14.5098,4.785,-6.63888,1,8,0,0,15,74.902,0,0,2.304,0,188.6
2227,167467.960,14.6356,14.5852,14.579,31,2.34375,.78125,1863.25,0,28,120.2,10.08,1.66,7.84314,10.5882,77.1343,14.5098,4.785,-6.62173,1,8,0,0,15,74.902,0,0,2.304,0,188.6
2228,167468.000,14.6356,14.7,14.5719,31,2.34375,.78125,1835.75,0,27.5,120.2,11.03,1.68,7.84314,10.9804,77.4663,14.5098,4.93,-6.59156,1,8,0,0,15,74.902,0,0,2.304,0,188.6
2229,167468.040,14.7188,14.8148,14.5719,31,3.125,.78125,1827.75,0,27.5,120.2,11.2,1.68,7.84314,10.9804,80.3239,14.5098,4.93,-6.59156,1,8,0,0,15,74.902,0,0,2.56,0,188.6
2230,167468.080,14.8464,15.0445,14.5578,31,3.90625,0,1822.25,0,27.5,120.2,11.2,1.68,8.62745,10.9804,85.0929,14.5098,4.93,-6.48516,1,8,0,0,15,74.902,0,0,2.56,0,188.6
2231,167468.120,15.0978,15.1594,14.5367,31,4.6875,0,1820.5,0,27.5,120.2,11.17,1.7,9.01961,11.3725,89.7675,14.5098,5.075,-6.14095,1,8,0,0,15,74.902,0,0,2.56,0,188.6
2232,167468.160,15.4769,15.3891,14.5367,31,5.46875,0,1813.25,0,27.5,120.2,11.5,1.72,9.41177,11.7647,94.5353,14.5098,5.075,-6.14095,1,8,0,0,15,74.902,0,0,2.56,0,188.6
2233,167468.200,15.7303,15.6187,14.5017,31,6.25,0,1803,0,27.5,120.2,12.08,1.76,10.5882,12.549,103.889,14.5098,5.365,-5.64183,1,8,0,0,14,74.902,0,0,2.816,0,188.6
2234,167468.240,16.0668,15.7336,14.5017,31,7.03125,0,1797.75,0,27.5,120.2,13.16,1.8,11.3725,13.3333,111.03,14.5098,5.51,-5.64183,1,8,0,0,15,74.902,0,0,2.816,0,188.6
2235,167468.280,16.0668,15.8484,14.2075,31,8.59375,0,1800,0,27.5,120.2,14.74,1.84,11.7647,13.7255,113.314,14.5098,5.8,-4.83209,1,8,0,0,14,74.902,0,0,3.072,0,188.6
2236,167468.320,16.1519,15.9633,13.9249,31,9.375,0,1820.75,0,27,120.2,15.83,1.88,12.1569,13.7255,117.645,14.5098,6.09,-4.44855,1,8,0,0,15,74.902,0,0,3.328,0,188.6
2237,167468.360,16.1093,15.9633,13.9249,31,10.1563,0,1832.75,0,27,120.2,16.52,1.88,12.9412,14.5098,124.441,14.5098,6.38,-4.44855,1,8,0,0,15,74.902,0,0,3.328,0,188.6
2238,167468.400,15.8985,15.9633,14.0812,31,10.9375,0,1850.75,0,26,120.2,17.14,1.9,13.7255,14.902,131.164,14.5098,6.67,-3.48474,1,8,0,0,15,74.902,0,0,3.328,0,188.6
2239,167468.440,15.8985,15.8484,13.8799,31,11.7188,0,1868.75,0,26,120.2,18.11,1.96,14.902,16.0784,142.564,14.5098,6.815,-2.13174,1,8,0,0,15,74.902,0,0,3.584,0,188.6
2240,167468.480,15.856,15.7336,13.8799,31,12.5,-1.5625,1901,0,25,120.2,19.82,2,14.902,16.4706,142.132,14.5098,7.25,-2.13174,1,8,0,0,16,74.902,0,0,3.84,0,188.6
2241,167468.520,16.1093,15.6187,13.6781,31,12.5,-1.5625,1915.75,0,24,120.2,20.47,2,14.902,16.4706,141.932,14.5098,7.54,-2.16986,1,8,0,0,16,74.902,0,0,3.84,0,188.6
2242,167468.560,15.8985,15.3891,13.6781,31,13.2813,-1.5625,1935,0,22.5,120.2,20.65,2.02,14.5098,16.4706,136.995,14.5098,7.83,-2.16986,1,8,0,0,16,74.902,0,0,4.096,0,188.6
2243,167468.600,15.6045,15.2742,13.8735,31,13.2813,-1.5625,1966.25,0,21.5,120.2,20.9,2.02,14.5098,16.4706,136.785,14.5098,8.12,-2.6086,1,8,0,0,17,74.902,0,0,4.096,0,188.6
2244,167468.640,15.6471,15.0445,13.9831,31,13.2813,-1.5625,1969.5,0,21.5,120.2,20.65,2,14.5098,16.0784,136.522,14.5098,8.12,-2.64116,1,8,0,0,17,74.902,0,0,4.096,0,188.6
2245,167468.680,15.562,14.7,13.9831,31,12.5,-1.5625,1957,0,21,120.2,20.22,2,14.5098,16.0784,136.693,14.5098,8.12,-2.64116,1,8,0,0,18,74.902,0,0,4.096,0,188.6
2246,167468.720,15.3086,14.4703,14.0091,31,11.7188,-1.5625,1944.25,0,20.5,120.2,20.3,1.98,14.5098,16.0784,139.207,14.5098,8.12,-2.63576,1,8,0,0,18,74.902,0,0,4.096,0,188.6
2247,167468.760,14.9296,14.1258,14.0352,31,10.1563,-1.5625,1920.5,0,20.5,120.2,20.22,1.98,15.2941,16.4706,144.203,14.5098,8.12,-1.99136,1,8,0,0,18,74.902,0,0,4.096,0,188.6
2248,167468.800,14.2972,13.8961,14.0352,31,9.375,-1.5625,1890.5,0,20.5,120.2,20.13,2.02,16.4706,16.8627,156.271,14.5098,8.265,-1.99136,1,8,0,0,19,74.902,0,0,4.096,0,188.6
2249,167468.840,14.1289,13.6664,14.0418,31,7.8125,-1.5625,1828.25,0,19.5,120.2,22.34,2.08,18.0392,18.4314,167.112,14.5098,8.41,-.480256,1,8,0,0,19,74.902,0,0,4.352,0,188.6
2250,167468.880,13.9181,13.6664,14.0418,31,7.03125,-1.5625,1802,0,19,120.2,24.26,2.16,19.2157,20,175.55,14.5098,8.7,-.480256,1,8,0,0,19,74.902,0,0,4.608,0,188.6
2251,167468.920,13.7498,13.6664,13.2507,31,6.25,-1.5625,1755.75,0,17,120.2,28.13,2.2,20,21.1765,178.96,14.5098,9.86,.703643,1,8,0,0,19,74.902,0,0,5.12,0,188.6
2252,167468.960,13.9606,13.8961,13.5367,31,6.25,-1.5625,1732.75,1.24274,16,120.2,29.1,2.22,20,21.5686,180.691,14.5098,10.15,.933843,1,8,0,0,18,74.902,0,0,5.12,0,188.6
2253,167469.000,14.1714,14.1258,13.5367,31,6.25,-1.5625,1724.5,1.24274,15,120.2,29.64,2.22,20.3922,22.3529,183.896,14.5098,10.585,.933843,1,8,0,0,18,74.902,0,0,5.632,0,188.6
2254,167469.040,14.3823,14.4703,13.2332,31,7.8125,-1.5625,1712.25,1.86411,13.5,120.2,29.42,2.22,20.3922,22.7451,183.891,14.5098,11.165,1.14961,1,8,0,0,17,74.902,0,0,5.888,0,188.6
2255,167469.080,14.508,14.5852,13.2799,31,7.8125,-1.5625,1707.75,1.86411,13,120.2,28.99,2.2,20.3922,22.7451,183.924,14.5098,11.455,1.1511,1,8,0,0,17,74.902,0,0,6.144,0,188.6
2256,167469.120,14.8464,14.7,13.2799,31,8.59375,-1.5625,1708.5,1.86411,12.5,120.2,28.46,2.2,20.3922,22.3529,183.922,14.5098,11.6,1.1511,1,8,0,0,16,74.902,0,0,6.144,0,188.6
2257,167469.160,15.0572,14.7,13.464,31,7.8125,-1.5625,1721,1.86411,12,120.2,28.24,2.2,20.3922,22.3529,182.313,14.5098,11.6,1.14941,1,8,0,0,16,74.902,0,0,6.144,0,188.6
2258,167469.200,14.9721,14.4703,13.464,31,7.03125,-1.5625,1737.75,2.48548,12,120.2,28.02,2.18,20.3922,21.9608,182.273,14.5098,11.745,1.14941,1,8,0,0,15,74.902,0,0,6.144,0,188.6
2259,167469.240,14.9296,14.1258,13.5124,31,6.25,-1.5625,1738.25,2.48548,12,120.2,27.38,2.18,20.3922,21.9608,182.271,14.5098,11.745,1.04042,1,8,0,0,15,74.902,0,0,6.144,0,188.6
2260,167469.280,14.6356,13.8961,13.5733,31,4.6875,-.78125,1741.25,3.10686,12,120.2,27.38,2.18,20.3922,21.9608,182.264,14.5098,11.745,1.03982,1,8,0,0,15,74.902,0,0,6.144,0,188.6
2261,167469.320,14.1714,13.6664,13.5733,31,3.125,-.78125,1739.5,3.10686,12,120.2,27.14,2.16,20.3922,21.9608,182.26,14.5098,11.745,1.03982,1,8,0,0,15,74.902,0,0,6.144,0,188.6
2262,167469.360,14.0883,13.5516,13.6163,31,1.5625,-.78125,1749.5,3.72823,12,120.2,27.59,2.16,20,21.9608,180.636,14.5098,11.745,1.04006,1,8,0,0,15,74.902,0,0,5.888,0,188.6
2263,167469.400,13.8349,13.4367,13.6657,31,0,-.78125,1755.75,3.72823,12,120.2,27.38,2.18,20.3922,21.5686,182.228,14.5098,11.745,1.03741,1,8,0,0,15,74.902,0,0,5.888,0,188.6
2264,167469.440,13.7073,13.4367,13.6657,31,-.78125,-.78125,1773.75,3.72823,12.5,120.2,27.14,2.16,20,21.9608,180.56,14.5098,11.6,1.03741,1,8,0,0,15,74.902,0,0,5.632,0,188.6
2265,167469.480,13.9181,13.5516,13.728,31,-1.5625,-.78125,1774.75,3.72823,12.5,120.2,27.59,2.18,20,21.9608,180.558,14.5098,11.6,.927976,1,8,0,0,15,74.902,0,0,5.632,0,188.6
2266,167469.520,14.0457,13.6664,13.728,31,-2.34375,-.78125,1769.75,4.3496,12.5,120.2,28.13,2.2,20,22.7451,180.572,14.5098,11.6,.927976,1,8,0,0,15,74.902,0,0,5.632,0,188.6
2267,167469.560,13.8775,13.7813,13.772,31,-3.125,-.78125,1742.75,4.3496,12,120.2,29.21,2.22,20,23.5294,180.655,14.5098,11.745,.930689,1,8,0,0,16,74.902,0,0,5.632,0,188.6
2268,167469.600,14.214,13.8961,13.7909,31,-3.125,-.78125,1739.75,4.97097,12,120.2,29.53,2.24,20,23.5294,180.664,14.5098,11.89,.930233,1,8,0,0,16,74.902,0,0,5.888,0,188.6
2269,167469.640,14.6782,14.1258,13.7909,31,-3.125,-.78125,1733.25,4.97097,12,120.2,29.64,2.2,20,23.5294,179.088,14.5098,12.035,.930233,1,8,0,0,16,74.902,0,0,5.888,0,188.6
2270,167469.680,14.7613,14.3555,13.7973,31,-2.34375,-.78125,1717.25,4.97097,12,120.2,28.99,2.22,19.6078,23.1373,179.155,14.5098,12.035,.826007,1,8,0,0,16,74.902,0,0,5.888,0,188.6
2271,167469.720,14.6356,14.4703,13.8353,31,-1.5625,-.78125,1705,4.97097,11.5,120.2,28.24,2.2,19.6078,23.1373,177.616,14.5098,12.18,.728262,1,8,0,0,16,74.902,0,0,5.888,0,188.6
2272,167469.760,14.5931,14.5852,13.8353,31,-1.5625,-.78125,1698.75,5.59234,11.5,120.2,28.35,2.2,19.6078,22.7451,177.643,14.5098,12.18,.728262,1,8,0,0,16,74.902,0,0,5.888,0,188.6
2273,167469.800,14.5931,14.5852,13.8672,31,-1.5625,-.78125,1693,5.59234,11.5,120.2,28.02,2.18,19.2157,22.7451,176.064,14.5098,12.18,.73129,1,8,0,0,16,74.902,0,0,5.888,0,188.6
2274,167469.840,14.3823,14.5852,13.8672,31,-1.5625,-.78125,1687.5,5.59234,11.5,120.2,27.81,2.16,19.2157,22.3529,176.128,14.5098,12.18,.73129,1,8,0,0,16,74.902,0,0,5.888,0,188.6
2275,167469.880,14.4248,14.4703,13.9184,31,-2.34375,0,1682.5,5.59234,11.5,120.2,27.38,2.18,19.2157,22.3529,174.591,14.5098,12.18,.628491,1,8,0,0,16,74.902,0,0,5.888,0,188.6
2276,167469.920,14.3823,14.4703,13.9701,31,-2.34375,0,1679,6.21371,11.5,120.2,27.92,2.18,18.4314,21.9608,171.493,14.5098,12.18,.212082,1,8,0,0,16,74.902,0,0,5.888,0,188.6
2277,167469.960,14.214,14.3555,13.9701,31,-2.34375,0,1661.5,6.21371,11.5,120.2,27.38,2.16,18.8235,21.9608,173.166,14.5098,12.18,.212082,1,8,0,0,16,74.902,0,0,5.888,0,188.6
2278,167470.000,14.1289,14.3555,14.0026,32,-3.125,0,1650.25,6.83508,11.5,120.2,27.27,2.16,17.6471,21.9608,165.382,14.5098,12.035,.083319,1,8,0,0,16,74.902,0,0,5.888,0,188.6
2279,167470.040,13.9181,14.2406,14.0483,32,-3.90625,0,1659.25,6.83508,11.5,120.2,26.36,2.14,18.4314,21.5686,170.089,14.5098,12.035,.223671,1,8,0,0,16,74.902,0,0,5.888,0,188.6
2280,167470.080,13.9606,14.2406,14.0483,32,-3.90625,0,1653.75,7.45645,11.5,120.2,26.09,2.16,16.8627,21.5686,162.422,14.5098,12.035,.223671,1,8,0,0,16,74.902,0,0,5.888,0,188.6
2281,167470.120,14.0883,14.1258,14.0746,32,-4.6875,0,1646.5,7.45645,11.5,120.2,25.69,2.14,16.8627,20.7843,162.503,14.5098,12.035,-.549126,1,8,0,0,16,74.902,0,0,5.632,0,188.6
2282,167470.160,14.0457,14.1258,14.0746,32,-4.6875,0,1641.75,8.07783,11.5,120.2,25.43,2.12,17.6471,20.7843,165.622,14.5098,12.035,-.549126,1,8,0,0,16,74.902,0,0,5.632,0,188.6
2283,167470.200,14.0883,14.2406,14.1142,32,-5.46875,0,1614,8.07783,11,120.2,25.43,2.14,18.4314,20.7843,170.348,14.5098,11.89,-.141996,1,8,0,0,16,74.902,0,0,5.632,0,188.6
2284,167470.240,14.0883,14.2406,14.1474,32,-5.46875,0,1592.25,8.07783,11,120.2,25.96,2.16,18.0392,21.5686,168.792,14.5098,11.89,.24897,1,8,0,0,16,74.902,0,0,5.632,0,188.6
2285,167470.280,14.0457,14.2406,14.1474,32,-5.46875,0,1582.5,8.07783,11,120.2,27,2.16,16.8627,21.5686,162.574,14.5098,11.89,.24897,1,8,0,0,16,74.902,0,0,5.632,0,188.6
2286,167470.320,14.214,14.3555,14.154,32,-6.25,0,1594.75,8.6992,11,120.2,25.69,2.14,16.8627,20.7843,162.89,14.5098,12.035,-.544473,1,8,0,0,16,74.902,0,0,5.632,0,188.6
2287,167470.360,14.3397,14.3555,14.1673,32,-6.25,0,1626.25,8.6992,11,120.2,24.89,2.12,16.8627,20.7843,162.728,14.5098,12.035,-.404998,1,8,0,0,16,74.902,0,0,5.632,0,188.6
2288,167470.400,14.508,14.4703,14.1673,32,-5.46875,0,1677.75,9.32057,11.5,120.2,25.29,2.12,16.8627,20.7843,160.59,14.5098,12.035,-.404998,1,8,0,0,15,74.902,0,0,5.632,0,188.6
2289,167470.440,14.508,14.4703,14.1941,32,-5.46875,0,1779,9.32057,12.5,120.2,25.16,2.14,16.4706,20.7843,157.644,14.5098,11.89,-.653546,1,8,0,0,15,74.902,0,0,5.376,0,188.6
2290,167470.480,14.3823,14.4703,14.1941,32,-5.46875,.78125,1814.5,9.32057,13,120.2,25.43,2.14,16.0784,20.7843,154.879,14.5098,11.745,-.653546,1,8,0,0,15,74.902,0,0,5.376,0,188.6
2291,167470.520,14.3397,14.4703,14.2411,32,-5.46875,.78125,1813,9.32057,13.5,120.2,26.09,2.14,16.0784,20.3922,152.438,14.5098,11.6,-1.07716,1,8,0,0,15,74.902,0,0,5.376,0,188.6
2292,167470.560,14.7613,14.5852,14.2748,32,-5.46875,.78125,1822.5,9.94194,13.5,120.2,26.09,2.14,15.6863,20,150.127,14.5098,11.6,-1.48835,1,8,0,0,16,74.902,0,0,5.376,0,188.6
2293,167470.600,15.1404,14.7,14.2748,32,-4.6875,.78125,1845.5,9.94194,14,120.2,25.29,2.14,15.6863,20,149.989,14.5098,11.455,-1.48835,1,8,0,0,16,74.902,0,0,5.12,0,188.6
2294,167470.640,15.3512,14.9297,14.3224,32,-3.90625,.78125,1864.5,9.94194,14.5,120.2,25.69,2.14,15.6863,20,149.583,14.5098,11.31,-1.50951,1,8,0,0,16,74.902,0,0,5.12,0,188.6
2295,167470.680,15.3937,14.9297,14.3565,32,-3.125,2.34375,1917,9.94194,15,120.2,26.09,2.16,15.2941,20,146.771,14.5098,11.165,-1.77148,1,8,0,0,17,74.902,0,0,5.12,0,188.6
2296,167470.720,15.3512,15.0445,14.3565,32,-3.125,2.34375,1958.5,10.5633,15,120.2,25.96,2.14,14.5098,19.2157,138.991,14.5098,11.165,-1.77148,1,8,0,0,17,74.902,0,0,5.12,0,188.6
2297,167470.760,15.268,14.9297,14.4046,32,-2.34375,2.34375,2031.25,10.5633,16,120.2,24.63,2.12,12.1569,18.4314,116.843,14.5098,11.02,-3.47578,1,8,0,0,17,74.902,0,0,4.864,0,188.6
2298,167470.800,15.4363,14.9297,14.4046,32,-2.34375,2.34375,2055.5,10.5633,17,120.2,22.67,2.06,10.9804,16.8627,104.411,14.5098,10.44,-3.47578,1,8,0,0,18,74.902,0,0,4.608,0,188.6
2299,167470.840,15.0572,14.7,15.1666,32,-3.125,2.34375,2055.75,10.5633,17.5,120.2,20.9,2,11.3725,16.0784,106.926,14.5098,10.15,-5.38774,1,8,0,0,18,74.902,0,0,4.352,0,188.6
2300,167470.880,14.7188,14.4703,15.8284,32,-3.90625,2.34375,2034.75,11.1847,18,120.2,20.73,2.02,10.9804,16.0784,102.537,14.5098,9.57,-5.36655,1,8,0,0,19,74.902,0,0,4.096,0,188.6
2301,167470.920,14.6782,14.3555,15.8284,32,-3.90625,2.34375,2003.5,11.1847,18.5,120.2,20.56,2,10.1961,16.0784,98.0551,14.5098,9.28,-5.36655,1,8,0,0,19,74.902,0,0,4.096,0,188.6
2302,167470.960,14.4673,14.2406,15.3209,32,-4.6875,2.34375,2017.25,11.1847,19,120.2,19.81,2,10.1961,15.6863,98.1357,14.5098,8.99,-5.85067,1,8,0,0,19,74.902,0,0,3.84,0,188.6
2303,167471.000,14.6356,14.3555,15.3365,32,-4.6875,2.34375,2077,11.1847,20,120.2,19.81,1.98,10.1961,15.6863,96.9279,14.5098,8.845,-5.89963,1,8,0,0,19,74.902,0,0,3.84,0,188.6
2304,167471.040,14.7613,14.4703,15.3365,32,-3.90625,2.34375,2124.75,11.1847,20.5,120.2,19.15,1.98,10.1961,15.2941,93.5143,14.5098,8.555,-5.89963,1,8,0,0,20,74.902,0,0,3.584,0,188.6
2305,167471.080,14.8464,14.4703,15.0153,32,-3.90625,1.5625,2180.5,11.1847,21,120.2,19.59,1.96,9.41177,14.902,84.8842,14.5098,8.265,-6.26063,1,8,0,0,20,74.902,0,0,3.584,0,188.6
2306,167471.120,14.887,14.5852,15.0153,32,-3.90625,1.5625,2199.5,11.8061,21.5,120.2,18.48,1.92,7.84314,14.1176,69.6703,14.5098,7.975,-6.26063,1,8,0,0,19,74.902,0,0,3.328,0,188.6
2307,167471.160,14.9721,14.5852,15.7538,32,-3.90625,1.5625,2193,11.8061,23,120.2,17.37,1.88,5.4902,13.3333,51.4799,14.5098,7.54,-7.08219,1,8,0,0,20,74.902,0,0,3.328,0,188.6
2308,167471.200,15.0978,14.5852,16.2032,32,-3.90625,1.5625,2169.25,11.8061,24,120.2,14.48,1.8,2.35294,11.3725,21.7166,14.5098,7.105,-8.63357,1,8,0,0,21,74.902,0,0,3.072,0,188.6
2309,167471.240,14.9296,14.5852,16.2032,32,-3.90625,1.5625,2174.5,11.8061,25.5,120.2,11.44,1.68,0,9.01961,0,14.5098,6.525,-8.63357,1,8,0,0,21,74.902,0,0,2.816,0,188.6
2310,167471.280,15.0572,14.5852,19.0662,32,-3.90625,1.5625,2163.75,11.8061,26,120.2,9.73,1.58,0,8.23529,0,14.5098,5.655,-9.77937,1,8,0,0,19,0,0,0,2.56,0,188.6
2311,167471.320,15.0572,14.4703,17.1152,32,-3.90625,1.5625,2146,11.8061,21,120.2,8.43,1.56,0,7.84314,0,14.5098,5.365,-9.77937,1,8,0,0,15,0,0,0,2.56,0,188.6
2312,167471.360,15.0572,14.3555,17.1152,32,-3.90625,1.5625,2155,11.8061,20.5,120.2,8,1.5,0,7.05882,0,14.5098,5.075,-9.77937,1,8,0,0,4,0,0,0,2.304,0,188.6
2313,167471.400,15.0147,14.2406,16.3086,32,-3.90625,1.5625,2129.75,11.8061,20,120.2,7.63,1.48,0,7.05882,0,14.5098,4.64,-9.77937,1,8,0,0,2,0,0,0,2.048,0,188.6
2314,167471.440,14.9296,14.2406,16.3086,32,-3.90625,1.5625,2134.75,11.8061,19.5,120.2,7.28,1.46,0,7.05882,0,14.5098,4.35,-9.77937,1,8,0,0,0,0,0,0,2.048,0,188.6
2315,167471.480,14.6782,14.1258,16.1165,32,-4.6875,1.5625,2093,11.8061,20.5,120.2,7.19,1.46,0,7.05882,0,14.5098,4.205,-9.77937,1,8,0,0,0,0,0,0,2.048,0,188.6
2316,167471.520,14.3823,14.1258,15.1666,32,-4.6875,1.5625,2058.5,11.8061,25,120.2,7.37,1.46,0,7.05882,0,14.5098,4.205,-9.77937,1,8,0,0,0,0,0,0,2.048,0,188.6
2317,167471.560,14.5931,14.1258,15.1666,32,-4.6875,1.5625,2020,11.8061,28.5,120.2,7.28,1.46,0,7.05882,0,14.5098,4.06,-9.77937,1,8,0,0,0,0,0,0,1.792,0,188.6
2318,167471.600,14.5505,14.1258,15.0153,32,-4.6875,1.5625,1967.75,11.8061,27.5,120.2,7.09,1.46,0,7.05882,0,14.5098,4.06,-9.75907,1,8,0,0,0,0,0,0,0,0,188.6
2319,167471.640,14.4673,14.1258,14.5578,32,-4.6875,1.5625,1949.5,11.8061,27.5,120.2,7,1.46,0,7.05882,0,14.5098,4.06,-9.65465,1,8,0,0,0,0,0,0,0,0,188.6
2320,167471.680,14.5505,14.2406,14.5578,32,-4.6875,.78125,1910.75,11.8061,26.5,120.2,7,1.46,0,7.05882,0,14.5098,3.915,-9.65465,1,8,0,0,0,0,0,0,0,0,188.6
2321,167471.720,14.4248,14.3555,14.5578,32,-4.6875,.78125,1876.5,11.8061,26,120.2,7.09,1.46,0,7.05882,0,14.5098,3.915,-9.4875,1,8,0,0,0,0,0,0,0,0,188.6
2322,167471.760,14.4248,14.4703,14.5578,32,-4.6875,.78125,1796.5,11.8061,25,120.2,6.81,1.46,0,7.05882,0,14.5098,3.915,-9.4875,1,8,0,0,0,0,0,0,0,0,188.6
2323,167471.800,14.5931,14.8148,14.5578,32,-3.90625,.78125,1748.75,11.8061,24,120.2,6.81,1.46,0,6.66667,0,14.5098,4.06,-9.27736,1,8,0,0,1,0,0,0,1.792,0,188.6
2324,167471.840,14.6356,15.1594,14.5649,32,-3.90625,.78125,1707.5,11.8061,23.5,120.2,6.91,1.46,0,6.66667,0,14.5098,4.06,-9.058,1,8,0,0,1,0,0,0,1.792,0,188.6
2325,167471.880,14.6782,15.9633,14.5649,32,-2.34375,.78125,1697.25,11.8061,23,120.2,6.91,1.46,0,6.66667,0,14.5098,4.06,-9.058,1,8,0,0,1,0,0,0,1.792,0,188.6
2326,167471.920,15.268,16.5375,14.5649,32,-1.5625,.78125,1703.25,11.8061,23,120.2,6.63,1.46,0,6.66667,0,14.5098,4.06,-9.03323,1,8,0,0,1,0,0,0,1.792,0,188.6
2327,167471.960,15.7728,16.4227,14.5649,32,-.78125,.78125,1708.25,11.8061,23.5,120.2,6.63,1.46,0,6.66667,0,14.5098,4.06,-9.05998,1,8,0,0,1,0,0,0,1.792,0,188.6
2328,167472.000,16.5735,16.0781,14.5649,32,-.78125,.78125,1691.25,11.8061,23,120.2,6.54,1.46,0,6.66667,0,14.5098,4.06,-9.05998,1,8,0,0,1,0,0,0,1.792,0,188.6
2329,167472.040,17.1633,15.6187,14.5649,32,-1.5625,.78125,1634.25,11.8061,22,120.2,6.63,1.46,0,6.66667,0,14.5098,4.06,-8.93153,1,8,0,0,1,0,0,0,1.792,0,188.6
2330,167472.080,16.9951,14.9297,14.5649,32,-2.34375,.78125,1605,11.8061,21.5,118.4,6.63,1.46,0,6.66667,0,14.5098,4.06,-8.93153,1,8,0,0,1,0,0,0,1.792,0,188.6
2331,167472.120,16.237,14.5852,14.5649,32,-2.34375,.78125,1567.75,11.8061,21,118.4,6.72,1.46,0,6.66667,0,14.5098,4.06,-8.80533,1,8,0,0,1,0,0,0,1.792,0,188.6
2332,167472.160,14.9721,14.3555,14.5649,32,-3.125,.78125,1526.75,11.8061,20.5,118.4,6.81,1.46,0,6.66667,0,14.5098,4.06,-8.7932,1,8,0,0,1,0,0,0,2.048,0,188.6
2333,167472.200,13.7073,14.3555,14.5649,32,-3.125,.78125,1508.5,11.8061,20,118.4,7,1.46,0,6.66667,0,14.5098,4.06,-8.7932,1,8,0,0,1,0,0,0,2.048,0,188.6
2334,167472.240,13.6667,14.4703,14.5649,32,-3.125,.78125,1483.5,11.8061,20,118.4,6.59,1.44,0,6.27451,0,14.5098,4.06,-8.7932,1,8,0,0,1,0,0,0,2.048,0,188.6
2335,167472.280,13.7498,14.5852,14.5649,32,-2.34375,0,1462,11.8061,20,118.4,6.25,1.44,0,6.27451,0,14.5098,4.06,-8.7932,1,8,0,0,1,0,0,0,2.048,0,188.6
2336,167472.320,14.0457,14.7,14.5649,32,-2.34375,0,1436.5,11.8061,19.5,118.4,6.22,1.42,0,6.27451,0,14.5098,4.06,-8.7932,1,8,0,0,1,0,0,0,2.048,0,188.6
2337,167472.360,14.2972,14.9297,14.5649,32,-2.34375,0,1427,11.8061,19.5,118.4,6.18,1.44,0,6.27451,0,14.5098,4.06,-8.7932,1,8,0,0,1,0,0,0,2.048,0,188.6
2338,167472.400,14.5931,15.0445,14.5649,32,-1.5625,0,1408.5,11.8061,19,118.4,6.18,1.44,0,6.27451,0,14.5098,4.06,-8.7932,1,8,0,0,1,0,0,0,2.048,0,188.6
2339,167472.440,14.887,15.1594,14.5649,32,-1.5625,0,1402.75,11.8061,19,118.4,6.18,1.44,0,6.27451,0,14.5098,4.06,-8.7932,1,8,0,0,0,0,0,0,2.048,0,188.6
2340,167472.480,14.7613,15.2742,14.5649,32,-.78125,-1.5625,1390.75,11.8061,19,118.4,6.29,1.44,0,6.27451,0,14.5098,4.06,-8.7932,1,8,0,0,1,0,0,0,2.048,0,188.6
2341,167472.520,15.268,15.3891,14.5649,32,-.78125,-1.5625,1381.25,11.8061,19,118.4,6.18,1.42,0,6.27451,0,14.5098,4.06,-8.7932,1,8,0,0,0,0,0,0,2.048,0,188.6
2342,167472.560,15.562,15.3891,14.5438,32,-.78125,-1.5625,1360.5,11.8061,18.5,118.4,6.07,1.42,0,6.27451,0,14.5098,4.205,-8.7932,1,8,0,0,1,0,0,0,2.048,0,188.6
2343,167472.600,15.6877,15.3891,14.5367,32,0,-1.5625,1329.75,11.8061,18.5,118.4,6,1.42,0,6.27451,0,14.5098,4.205,-8.7932,1,8,0,0,1,0,0,0,2.048,0,188.6
2344,167472.640,15.6471,15.3891,14.5367,32,0,-1.5625,1324.5,11.8061,18.5,118.4,6,1.42,0,6.27451,0,14.5098,4.205,-8.7932,1,8,0,0,1,0,0,0,2.048,0,188.6
2345,167472.680,15.6471,15.2742,14.5367,32,0,-1.5625,1303.25,11.8061,18,118.4,5.96,1.42,0,6.27451,0,14.5098,4.205,-8.7932,1,8,0,0,1,0,0,0,2.048,0,188.6
2346,167472.720,15.6471,15.2742,14.5367,32,0,-1.5625,1290.75,11.8061,18,118.4,5.92,1.42,0,6.27451,0,14.5098,4.205,-8.7932,1,8,0,0,0,0,0,0,2.048,0,188.6
2347,167472.760,15.5194,15.1594,14.5297,32,0,-1.5625,1261.75,11.8061,17.5,118.4,5.96,1.42,0,5.88235,0,14.5098,4.205,-8.7932,1,8,0,0,0,0,0,0,2.048,0,188.6
2348,167472.800,15.3937,15.1594,14.5297,32,0,-1.5625,1260.75,11.8061,17.5,118.4,5.96,1.42,0,5.88235,0,14.5098,4.205,-8.7932,1,8,0,0,0,0,0,0,2.048,0,188.6
2349,167472.840,15.3937,15.1594,14.5297,32,0,-1.5625,1243.25,11.8061,17.5,118.4,5.96,1.42,0,5.88235,0,14.5098,4.205,-8.7932,1,8,0,0,0,0,0,0,2.048,0,188.6
2350,167472.880,15.268,15.0445,14.5227,32,0,-1.5625,1225.75,11.8061,17.5,118.4,5.85,1.4,0,5.88235,0,14.5098,4.205,-8.7932,1,8,0,0,0,0,0,0,2.048,0,188.6
2351,167472.920,15.1404,15.0445,14.5227,31,.78125,-1.5625,1220.75,11.8061,17,118.4,5.81,1.42,0,5.88235,0,14.5098,4.205,-8.7932,1,8,0,0,0,0,0,0,2.048,0,188.6
2352,167472.960,15.0978,15.0445,14.5227,31,.78125,-1.5625,1211.25,11.1847,17,118.4,5.85,1.4,0,5.88235,0,14.5098,4.205,-8.7932,1,8,0,0,0,0,0,0,2.048,0,188.6
2353,167473.000,15.1404,14.9297,14.5227,31,.78125,-1.5625,1213.25,11.1847,17,118.4,5.81,1.42,0,5.88235,0,14.5098,4.205,-8.7932,1,8,0,0,0,0,0,0,2.048,0,188.6
2354,167473.040,15.0572,14.9297,14.5227,31,.78125,-1.5625,1213.75,11.1847,17,118.4,5.74,1.4,0,5.88235,0,14.5098,4.35,-8.7932,1,8,0,0,0,0,0,0,2.048,0,188.6
2355,167473.080,15.0147,14.9297,14.6571,31,.78125,-.78125,1208.5,11.1847,17,118.4,5.74,1.4,0,5.88235,0,14.5098,4.35,-8.7932,1,8,0,0,0,0,0,0,2.048,0,188.6
2356,167473.120,14.8039,14.9297,14.6499,31,.78125,-.78125,1197.75,11.1847,17,118.4,5.7,1.42,0,5.88235,0,14.5098,4.35,-8.79521,1,8,0,0,0,0,0,0,2.048,0,188.6
2357,167473.160,14.887,14.9297,14.6499,31,.78125,-.78125,1194.5,11.1847,17,118.4,5.58,1.38,0,5.88235,0,14.5098,4.35,-8.79521,1,8,0,0,0,0,0,0,2.048,0,188.6
2358,167473.200,14.9721,14.8148,14.6357,31,.78125,-.78125,1201.5,11.1847,17,118.4,5.62,1.4,0,5.88235,0,14.5098,4.35,-8.79818,1,8,0,0,0,0,0,0,2.048,0,188.6
2359,167473.240,14.9721,14.8148,14.6286,31,.78125,-.78125,1194.5,11.1847,17,118.4,5.62,1.38,0,5.88235,0,14.5098,4.35,-8.79816,1,8,0,0,0,0,0,0,2.048,0,188.6
2360,167473.280,14.887,14.8148,14.6286,31,.78125,-.78125,1190.5,11.1847,17,118.4,5.54,1.38,0,5.88235,0,14.5098,4.35,-8.79816,1,8,0,0,0,0,0,0,2.048,0,188.6
2361,167473.320,14.7188,14.8148,14.6144,31,.78125,-.78125,1190.75,11.1847,17,118.4,5.52,1.4,0,5.88235,0,14.5098,4.35,-8.80174,1,8,0,0,0,0,0,0,2.048,0,188.6
2362,167473.360,14.8464,14.7,14.6144,31,.78125,-.78125,1203.75,11.1847,17,118.4,5.62,1.38,0,5.88235,0,14.5098,4.35,-8.80174,1,8,0,0,0,0,0,0,2.048,0,188.6
2363,167473.400,14.7613,14.7,14.6144,31,.78125,-.78125,1209.25,11.1847,16.5,118.4,5.6,1.4,0,5.88235,0,14.5098,4.35,-8.7932,1,8,0,0,0,0,0,0,2.048,0,188.6
2364,167473.440,14.6782,14.7,14.6002,31,.78125,-.78125,1208.25,11.1847,16.5,118.4,5.68,1.4,0,5.88235,0,14.5098,4.35,-8.7932,1,8,0,0,0,0,0,0,2.048,0,188.6
2365,167473.480,14.8464,14.7,14.6002,31,.78125,-.78125,1206,11.1847,16.5,118.4,5.74,1.4,0,5.88235,0,14.5098,4.35,-8.7932,1,8,0,0,0,0,0,0,2.304,0,188.6
2366,167473.520,14.5505,14.7,14.5931,31,.78125,-.78125,1197.75,11.1847,16.5,118.4,5.66,1.4,0,5.88235,0,14.5098,4.35,-8.7932,1,8,0,0,0,0,0,0,2.048,0,188.6
2367,167473.560,14.7613,14.7,14.586,31,.78125,-.78125,1192.75,11.1847,16.5,118.4,5.66,1.4,0,5.88235,0,14.5098,4.35,-8.79993,1,8,0,0,0,0,0,0,2.048,0,188.6
2368,167473.600,14.7188,14.7,14.586,31,.78125,-.78125,1204.5,11.1847,16.5,118.4,5.7,1.4,0,5.88235,0,14.5098,4.35,-8.79993,1,8,0,0,0,0,0,0,2.304,0,188.6
2369,167473.640,14.5931,14.7,14.586,31,.78125,-.78125,1214,11.1847,16.5,118.4,5.68,1.4,0,5.88235,0,14.5098,4.35,-8.7932,1,8,0,0,0,0,0,0,2.048,0,188.6
2370,167473.680,14.7188,14.7,14.586,31,.78125,0,1210.75,11.1847,16.5,118.4,5.62,1.38,0,5.88235,0,14.5098,4.35,-8.7932,1,8,0,0,0,0,0,0,2.048,0,188.6
2371,167473.720,15.4769,14.7,14.579,31,.78125,0,1203,11.1847,16.5,118.4,5.56,1.4,0,5.88235,0,14.5098,4.35,-8.7932,1,8,0,0,0,0,0,0,2.048,0,188.6
2372,167473.760,15.268,14.5852,14.5719,31,.78125,0,1195.25,11.1847,16.5,118.4,5.56,1.38,0,5.88235,0,14.5098,4.35,-8.79746,1,8,0,0,0,0,0,0,2.048,0,188.6
2373,167473.800,15.268,14.5852,14.5719,31,.78125,0,1197.25,11.1847,16.5,118.4,5.62,1.4,0,5.88235,0,14.5098,4.35,-8.79746,1,8,0,0,0,0,0,0,2.048,0,188.6
2374,167473.840,15.1829,14.5852,14.5578,31,.78125,0,1186,11.1847,16.5,118.4,5.62,1.4,0,5.88235,0,14.5098,4.35,-8.807,1,8,0,0,0,0,0,0,2.048,0,188.6
2375,167473.880,15.1404,14.5852,14.5508,31,.78125,0,1184.75,11.1847,16.5,118.4,5.66,1.38,0,5.88235,0,14.5098,4.495,-8.80712,1,8,0,0,0,0,0,0,2.048,0,188.6
2376,167473.920,14.9721,14.5852,14.5508,31,.78125,0,1180.75,10.5633,16.5,118.4,5.62,1.4,0,5.88235,0,14.5098,4.495,-8.80712,1,8,0,0,0,0,0,0,2.304,0,188.6
2377,167473.960,15.0978,14.5852,14.5438,31,.78125,0,1182.5,10.5633,16.5,118.4,5.66,1.4,0,5.88235,0,14.5098,4.495,-8.80496,1,8,0,0,0,0,0,0,2.304,0,188.6
2378,167474.000,15.0978,14.5852,14.5438,31,.78125,0,1193,10.5633,16.5,118.4,5.66,1.4,0,5.88235,0,14.5098,4.495,-8.80496,1,8,0,0,0,0,0,0,2.304,0,188.6
2379,167474.040,15.0147,14.5852,14.5367,31,.78125,0,1204.75,10.5633,16.5,118.4,5.71,1.4,0,5.88235,0,14.5098,4.495,-8.80081,1,8,0,0,0,0,0,0,2.304,0,188.6
2380,167474.080,14.9721,14.5852,14.5367,31,.78125,1.5625,1209.75,10.5633,16.5,118.4,5.66,1.4,0,5.88235,0,14.5098,4.495,-8.7932,1,8,0,0,0,0,0,0,2.304,0,188.6
2381,167474.120,14.7613,14.5852,14.5367,31,.78125,1.5625,1208,10.5633,16.5,118.4,5.62,1.4,0,5.88235,0,14.5098,4.495,-8.7932,1,8,0,0,0,0,0,0,2.304,0,188.6
2382,167474.160,14.9296,14.5852,14.5297,31,.78125,1.5625,1210,10.5633,16.5,118.4,5.68,1.4,0,5.88235,0,14.5098,4.495,-8.7932,1,8,0,0,0,0,0,0,2.304,0,188.6
2383,167474.200,14.9296,14.5852,14.5297,31,.78125,1.5625,1213.25,10.5633,16,118.4,5.7,1.4,0,5.88235,0,14.5098,4.495,-8.7932,1,8,0,0,0,0,0,0,2.304,0,188.6
2384,167474.240,14.9296,14.4703,14.5297,31,.78125,1.5625,1200.75,10.5633,16,118.4,5.7,1.4,0,5.88235,0,14.5098,4.495,-8.7932,1,8,0,0,0,0,0,0,2.304,0,188.6
2385,167474.280,14.887,14.4703,14.5157,31,.78125,1.5625,1196.25,10.5633,16,118.4,5.68,1.4,0,5.88235,0,14.5098,4.495,-8.80293,1,8,0,0,0,0,0,0,2.304,0,188.6
2386,167474.320,14.7613,14.4703,14.5157,31,.78125,1.5625,1193.75,10.5633,16,118.4,5.74,1.42,0,5.88235,0,14.5098,4.495,-8.80293,1,8,0,0,0,0,0,0,2.304,0,188.6
2387,167474.360,14.887,14.4703,14.5157,31,.78125,1.5625,1194.5,10.5633,16,118.4,5.71,1.4,0,5.88235,0,14.5098,4.495,-8.79887,1,8,0,0,0,0,0,0,2.304,0,188.6
2388,167474.400,14.8464,14.4703,14.5227,31,.78125,1.5625,1199.75,9.94194,16,118.4,5.68,1.4,0,5.88235,0,14.5098,4.495,-8.7934,1,8,0,0,0,0,0,0,2.304,0,188.6
2389,167474.440,14.887,14.4703,14.5227,31,.78125,1.5625,1199.5,9.94194,16,118.4,5.68,1.4,0,5.88235,0,14.5098,4.495,-8.7934,1,8,0,0,0,0,0,0,2.304,0,188.6
2390,167474.480,15.0147,14.3555,14.5157,31,.78125,1.5625,1194.25,9.94194,16,118.4,5.66,1.38,0,5.88235,0,14.5098,4.495,-8.80222,1,8,0,0,0,0,0,0,2.304,0,188.6
2391,167474.520,14.8039,14.3555,14.5227,31,0,1.5625,1192.5,9.94194,16,118.4,5.6,1.4,0,5.88235,0,14.5098,4.495,-8.80004,1,8,0,0,0,0,0,0,2.304,0,188.6
2392,167474.560,14.4248,14.3555,14.5227,31,0,1.5625,1196,9.94194,15.5,118.4,5.62,1.38,0,5.88235,0,14.5098,4.495,-8.80004,1,8,0,0,0,0,0,0,2.304,0,188.6
2393,167474.600,14.4673,14.3555,14.5297,30,0,1.5625,1208.75,9.94194,15,118.4,5.62,1.4,0,5.88235,0,14.5098,4.495,-8.7932,1,8,0,0,0,0,0,0,2.304,0,188.6
2394,167474.640,14.4673,14.3555,14.5297,30,0,1.5625,1202.75,9.94194,15.5,118.4,5.66,1.4,0,5.88235,0,14.5098,4.495,-8.7932,1,8,0,0,0,0,0,0,2.304,0,188.6
2395,167474.680,14.4248,14.3555,14.5297,30,0,1.5625,1204.25,9.94194,15,118.4,5.6,1.38,0,5.88235,0,14.5098,4.495,-8.7932,1,8,0,0,0,0,0,0,2.304,0,188.6
2396,167474.720,14.4248,14.3555,14.5297,30,0,1.5625,1197.75,9.32057,15.5,118.4,5.6,1.4,0,5.88235,0,14.5098,4.495,-8.79525,1,8,0,0,0,0,0,0,2.304,0,188.6
2397,167474.760,14.3823,14.3555,14.5297,30,0,1.5625,1190,9.32057,15.5,118.4,5.6,1.38,0,5.88235,0,14.5098,4.495,-8.79525,1,8,0,0,0,0,0,0,2.048,0,188.6
2398,167474.800,14.3397,14.3555,14.5227,30,0,1.5625,1196.5,9.32057,15.5,118.4,5.56,1.4,0,5.88235,0,14.5098,4.495,-8.80246,1,8,0,0,0,0,0,0,2.048,0,188.6
2399,167474.840,14.2972,14.3555,14.5227,30,0,1.5625,1190.75,9.32057,15.5,118.4,5.62,1.4,0,5.88235,0,14.5098,4.495,-8.80175,1,8,0,0,0,0,0,0,2.048,0,188.6
2400,167474.880,14.2565,14.3555,14.5227,30,-.78125,1.5625,1184.75,9.32057,15.5,118.4,5.66,1.4,0,5.88235,0,14.5098,4.495,-8.80175,1,8,0,0,0,0,0,0,2.048,0,188.6
2401,167474.920,14.2972,14.3555,14.5227,30,-.78125,1.5625,1183,9.32057,15.5,118.4,5.68,1.4,0,5.88235,0,14.5098,4.495,-8.80718,1,8,0,0,0,0,0,0,2.048,0,188.6
2402,167474.960,14.2565,14.3555,14.5227,30,-.78125,1.5625,1187,9.32057,15.5,118.4,5.62,1.38,0,5.88235,0,14.5098,4.495,-8.80718,1,8,0,0,0,0,0,0,2.304,0,188.6
2403,167475.000,14.214,14.3555,14.5227,30,-.78125,1.5625,1190.5,9.32057,15,118.4,5.6,1.4,0,5.88235,0,14.5098,4.495,-8.80506,1,8,0,0,0,0,0,0,2.304,0,188.6
2404,167475.040,14.3397,14.3555,14.5227,30,-.78125,1.5625,1178.75,8.6992,15.5,118.4,5.6,1.38,0,5.88235,0,14.5098,4.495,-8.81389,1,8,0,0,0,0,0,0,2.048,0,188.6
2405,167475.080,14.214,14.3555,14.5227,30,-.78125,1.5625,1174,8.6992,15.5,118.4,5.56,1.4,0,5.88235,0,14.5098,4.495,-8.81389,1,8,0,0,0,0,0,0,2.048,0,188.6
2406,167475.120,14.3823,14.3555,14.5227,30,-.78125,1.5625,1174.75,8.6992,15.5,118.4,5.54,1.38,0,5.88235,0,14.5098,4.495,-8.81092,1,8,0,0,0,0,0,0,2.304,0,188.6
2407,167475.160,14.2972,14.3555,14.5227,30,-.78125,1.5625,1172.25,8.6992,15.5,118.4,5.48,1.38,0,5.88235,0,14.5098,4.495,-8.81865,1,8,0,0,0,0,0,0,2.048,0,188.6
2408,167475.200,14.2565,14.3555,14.5227,30,-.78125,1.5625,1182,8.07783,15,118.4,5.5,1.4,0,5.88235,0,14.5098,4.495,-8.81865,1,8,0,0,0,0,0,0,2.048,0,188.6
2409,167475.240,14.2565,14.3555,14.5227,30,-.78125,1.5625,1179.75,8.07783,15,118.4,5.58,1.38,0,5.88235,0,14.5098,4.495,-8.81456,1,8,0,0,0,0,0,0,2.048,0,188.6
2410,167475.280,14.1714,14.3555,14.5227,30,-.78125,1.5625,1170.25,8.07783,15.5,118.4,5.54,1.4,0,5.88235,0,14.5098,4.495,-8.81456,1,8,0,0,0,0,0,0,2.048,0,188.6
2411,167475.320,14.2565,14.3555,14.5157,30,-.78125,1.5625,1162.25,8.07783,15.5,118.4,5.6,1.38,0,5.88235,0,14.5098,4.495,-8.82014,1,8,0,0,0,0,0,0,2.048,0,190.4
2412,167475.360,14.214,14.3555,14.5087,30,-.78125,1.5625,1164,8.07783,15.5,118.4,5.6,1.4,0,5.88235,0,14.5098,4.495,-8.82615,1,8,0,0,0,0,0,0,2.048,0,190.4
2413,167475.400,14.2972,14.3555,14.5087,30,-.78125,1.5625,1163.75,8.07783,15.5,118.4,5.71,1.4,0,5.88235,0,14.5098,4.495,-8.82615,1,8,0,0,0,0,0,0,2.048,0,190.4
2414,167475.440,14.214,14.3555,14.5087,30,-.78125,1.5625,1155,7.45645,16,118.4,5.66,1.4,0,5.88235,0,14.5098,4.495,-8.82651,1,8,0,0,0,0,0,0,2.304,0,190.4
2415,167475.480,14.2972,14.3555,14.5017,30,-.78125,1.5625,1155.5,7.45645,15.5,118.4,5.6,1.4,0,5.88235,0,14.5098,4.495,-8.83406,1,8,0,0,0,0,0,0,2.304,0,190.4
2416,167475.520,14.3397,14.3555,14.5017,30,-.78125,1.5625,1150.5,7.45645,16,118.4,5.64,1.4,0,5.88235,0,14.5098,4.495,-8.83406,1,8,0,0,0,0,0,0,2.304,0,190.4
2417,167475.560,14.1714,14.4703,14.5017,30,-.78125,1.5625,1158.5,7.45645,15.5,118.4,5.68,1.4,0,5.88235,0,14.5098,4.495,-8.83864,1,8,0,0,0,0,0,0,2.304,0,190.4
2418,167475.600,14.3397,14.4703,14.5017,30,-.78125,1.5625,1162.75,6.83508,15,118.4,5.56,1.38,0,5.88235,0,14.5098,4.495,-8.83864,1,8,0,0,0,0,0,0,2.304,0,190.4
2419,167475.640,14.3397,14.4703,14.5087,30,-.78125,1.5625,1155.75,6.83508,15.5,118.4,5.52,1.4,0,5.88235,0,14.5098,4.495,-8.82735,1,8,0,0,0,0,0,0,2.304,0,190.4
2420,167475.680,14.3823,14.4703,14.5087,30,-.78125,1.5625,1155.25,6.21371,15.5,118.4,5.56,1.38,0,5.88235,0,14.5098,4.495,-8.82874,1,8,0,0,0,0,0,0,2.304,0,190.4
2421,167475.720,14.214,14.4703,14.5087,30,-.78125,1.5625,1160.25,6.21371,15,118.4,5.54,1.4,0,5.88235,0,14.5098,4.495,-8.82874,1,8,0,0,0,0,0,0,2.304,0,190.4
2422,167475.760,14.4248,14.4703,14.5017,30,-.78125,1.5625,1153.75,6.21371,15.5,118.4,5.68,1.4,0,5.88235,0,14.5098,4.495,-8.83807,1,8,0,0,0,0,0,0,2.304,0,190.4
2423,167475.800,14.2972,14.4703,14.5017,30,-.78125,1.5625,1148.5,6.21371,15.5,118.4,5.71,1.42,0,5.88235,0,14.5098,4.495,-8.84044,1,8,0,0,0,0,0,0,2.304,0,190.4
2424,167475.840,14.2972,14.4703,14.5017,30,-.78125,1.5625,1160.5,5.59234,14.5,118.4,5.68,1.4,0,5.88235,0,14.5098,4.495,-8.84044,1,8,0,0,0,0,0,0,2.304,0,190.4
2425,167475.880,14.9721,14.4703,14.5157,30,-.78125,1.5625,1169.5,5.59234,13.5,118.4,5.66,1.4,0,5.88235,0,14.5098,4.495,-8.82122,1,8,0,0,0,0,0,0,2.304,0,190.4
2426,167475.920,15.0147,14.4703,14.5157,30,-.78125,1.5625,1166.5,5.59234,13.5,118.4,5.54,1.4,0,5.88235,0,14.5098,4.495,-8.82122,1,8,0,0,0,0,0,0,2.304,0,190.4
2427,167475.960,14.887,14.4703,14.5157,30,-.78125,1.5625,1157.25,5.59234,14.5,118.4,5.58,1.38,0,5.88235,0,14.5098,4.495,-8.82383,1,8,0,0,0,0,0,0,2.304,0,190.4
2428,167476.000,14.9296,14.4703,14.5017,30,-.78125,1.5625,1144.25,4.97097,15.5,118.4,5.54,1.4,0,5.88235,0,14.5098,4.495,-8.84426,1,8,0,0,0,0,0,0,2.304,0,190.4
2429,167476.040,14.9721,14.4703,14.5017,30,-.78125,1.5625,1135.25,4.97097,15.5,118.4,5.6,1.38,0,5.88235,0,14.5098,4.495,-8.84426,1,8,0,0,0,0,0,0,2.304,0,190.4
2430,167476.080,14.887,14.4703,14.4948,30,-1.5625,1.5625,1141.75,4.97097,15.5,118.4,5.6,1.4,0,5.88235,0,14.5098,4.495,-8.85272,1,8,0,0,0,0,0,0,2.304,0,190.4
2431,167476.120,14.9296,14.4703,14.4738,30,-1.5625,1.5625,1082.25,4.97097,16.5,118.4,5.54,1.4,0,6.27451,0,14.5098,4.495,-8.87157,1,8,0,0,0,0,0,0,0,0,190.4
2432,167476.160,14.9721,14.4703,14.4738,30,0,1.5625,1035.25,4.97097,16.5,118.4,5.44,1.34,0,3.52941,0,14.5098,4.495,-8.87157,1,8,0,0,0,0,0,0,0,0,190.4
2433,167476.200,14.887,14.4703,14.3839,30,0,1.5625,1000,4.97097,16.5,118.4,4.77,1.28,0,2.7451,0,14.5098,4.495,-8.97684,1,8,0,0,1,0,0,0,0,0,190.4
2434,167476.240,10.17,14.5852,14.3839,30,0,1.5625,951,4.97097,16.5,118.4,4.04,1.22,0,2.35294,0,14.5098,4.495,-8.97684,1,8,0,0,1,0,0,0,0,0,190.4
2435,167476.280,10.17,14.7,14.3224,30,0,1.5625,858.75,4.97097,16.5,118.4,3.1,1.18,0,2.35294,0,14.5098,4.495,-9.05774,1,8,0,0,1,0,0,0,0,0,190.4
2436,167476.320,10.17,14.9297,14.2816,30,0,1.5625,814.5,4.97097,16.5,118.4,2.85,1.16,0,2.35294,0,14.5098,4.495,-9.10649,1,8,0,0,1,0,0,0,0,0,190.4
2437,167476.360,10.17,15.1594,14.2816,30,0,1.5625,757,4.97097,16.5,118.4,2.77,1.16,0,2.35294,0,14.5098,4.495,-9.10649,1,8,0,0,1,0,0,0,0,0,190.4
2438,167476.400,10.17,15.6187,12.4558,30,0,1.5625,705.75,4.97097,16.5,118.4,2.7,1.14,0,2.35294,0,14.5098,4.495,-9.16056,1,8,0,0,1,0,0,0,0,0,190.4
2439,167476.440,10.17,16.0781,12.4558,30,0,1.5625,705.75,4.97097,16.5,118.4,2.7,1.14,0,2.35294,0,14.5098,4.495,-9.16056,1,8,0,0,1,0,0,0,0,0,190.4
2440,167476.480,10.17,16.5375,12.4558,30,0,1.5625,639.25,4.97097,16.5,118.4,2.63,1.16,0,2.35294,0,14.5098,4.495,-9.16056,1,8,0,0,1,0,0,0,0,0,190.4
2441,167476.520,10.17,16.7672,12.4558,30,0,1.5625,576.25,4.97097,16.5,118.4,2.55,1.18,0,2.35294,0,14.5098,4.495,-9.16056,1,8,0,0,2,0,0,0,0,0,190.4
2442,167476.560,10.17,16.9969,12.4558,30,0,1.5625,496,4.97097,16.5,118.4,2.51,1.12,0,2.35294,0,14.5098,4.495,-9.16056,1,8,0,0,2,0,0,0,0,0,190.4
2443,167476.600,10.17,17.2266,12.4455,30,0,1.5625,496,4.97097,16.5,118.4,2.51,1.16,0,2.35294,0,14.5098,4.495,-9.16057,1,8,0,0,2,0,0,0,0,0,190.4
2444,167476.640,10.17,17.8008,12.3232,30,0,1.5625,406.75,4.97097,16.5,118.4,2.55,1.16,0,2.35294,0,14.5098,4.64,-9.16057,1,8,0,0,4,0,0,0,0,0,190.4
2445,167476.680,10.17,18.2602,12.3232,30,0,1.5625,406.75,4.97097,16.5,118.4,2.55,1.18,0,2.35294,0,14.5098,4.64,-9.16057,1,8,0,0,4,0,0,0,0,0,190.4
2446,167476.720,10.17,18.6047,12.3232,30,0,1.5625,406.75,4.97097,16.5,118.4,2.55,1.12,0,2.7451,0,14.5098,4.64,-9.16057,1,8,0,0,4,0,0,0,0,0,190.4
2447,167476.760,10.17,14.7,7.69374,30,0,1.5625,271,4.97097,12,118.4,2.73,1.2,0,2.35294,0,14.5098,5.365,-9.16057,1,8,0,0,4,0,0,0,0,0,190.4
2448,167476.800,10.17,14.7,7.69374,30,0,1.5625,271,4.97097,12,118.4,2.73,1.24,0,2.7451,0,14.5098,5.365,-9.16057,1,8,0,0,4,0,0,0,0,0,190.4
2449,167476.840,10.17,14.7,7.69374,30,0,1.5625,271,4.97097,12,118.4,2.73,1.14,0,2.7451,0,14.5098,5.365,-9.16057,1,8,0,0,4,0,0,0,0,0,190.4
2450,167476.880,10.17,14.7,7.69374,30,0,1.5625,271,4.97097,12,118.4,2.73,1.08,0,2.7451,0,14.5098,5.365,-9.16057,1,8,0,0,4,0,0,0,0,0,190.4
2451,167476.920,10.17,14.7,7.69374,30,0,1.5625,271,4.97097,12,118.4,2.73,1.1,0,2.7451,0,14.5098,5.365,-9.16058,1,8,0,0,4,0,0,0,0,0,190.4
2452,167476.960,10.17,14.7,7.69374,30,0,1.5625,271,4.97097,12,118.4,2.73,1.14,0,2.7451,0,14.5098,5.365,-9.16058,1,10,0,0,4,0,0,0,0,0,190.4
2453,167477.000,10.17,14.7,7.69374,30,0,1.5625,271,4.97097,12,118.4,2.73,1.18,0,2.7451,0,14.5098,5.365,-9.16058,1,10,0,0,4,0,0,0,0,0,190.4
2454,167477.040,10.17,14.7,7.69374,30,0,1.5625,271,4.97097,12,118.4,2.73,1.18,0,2.7451,0,14.5098,5.365,-9.16058,1,10,0,0,4,0,0,0,0,0,190.4
2455,167477.080,10.17,14.7,7.69374,30,0,1.5625,271,4.97097,12,118.4,2.73,1.18,0,2.7451,0,14.5098,5.365,-9.16058,1,10,0,0,4,0,0,0,0,0,190.4
2456,167477.120,10.17,14.7,7.69374,30,0,1.5625,271,4.97097,12,118.4,2.73,1.18,0,2.7451,0,14.5098,5.365,-9.16058,1,10,0,0,4,0,0,0,0,0,190.4
2457,167477.160,10.17,14.7,7.69374,30,0,1.5625,271,4.97097,12,118.4,2.73,1.18,0,2.7451,0,14.5098,5.365,-9.16059,1,10,0,0,4,0,0,0,0,0,190.4
2458,167477.200,10.17,14.7,7.69374,30,0,1.5625,271,4.97097,12,118.4,2.73,1.18,0,2.7451,0,14.5098,5.365,-9.16059,1,10,0,0,4,0,0,0,0,0,190.4
2459,167477.240,10.17,14.7,7.69374,30,0,1.5625,271,4.97097,12,118.4,2.73,1.18,0,2.7451,0,14.5098,5.365,-9.16059,1,10,0,0,4,0,0,0,0,0,190.4
2460,167477.280,10.17,14.7,7.69374,30,0,1.5625,271,4.97097,12,118.4,2.73,1.18,0,2.7451,0,14.5098,5.365,-9.16059,1,10,0,0,4,0,0,0,0,0,190.4
2461,167477.320,10.17,14.7,7.69374,30,0,1.5625,271,4.97097,12,118.4,2.73,1.16,0,2.7451,0,14.5098,5.365,-9.16059,1,10,0,0,4,0,0,0,0,0,190.4
