sample,time,wbo2,AFR,FFB,EGT,AFC,AFL,RPM,MPH,Timing,IAT,MAF,MAF(V),Accelerator,Throttle,RQTQ,ATM(psi),MAP,Trgt_Boost,IAM,CL/OL,FLKC,FBKC,avcs,wgdc,tdi,Tdp,IPW,KNOCK_FLAG,ECT
0,1776.480,10.17,14.7,7.61589,255,0,-1.5625,155.5,0,12.5,82.4,2.25,1.22,0,6.66667,0,14.2196,13.63,-8.88047,1,7,0,0,0,0,0,0,1.28,0,195.8
1,1776.520,10.17,14.7,7.61589,255,0,-1.5625,155.5,0,12.5,82.4,2.25,1.1,0,6.66667,0,14.2196,13.63,-8.88047,1,7,0,0,0,0,0,0,1.28,0,195.8
2,1776.560,10.17,14.7,7.61589,255,0,-1.5625,155.5,0,12.5,82.4,2.25,1.06,0,6.66667,0,14.2196,13.63,-8.88047,1,7,0,0,0,0,0,0,1.28,0,195.8
3,1776.600,10.17,14.7,7.61589,255,0,-1.5625,155.5,0,12.5,82.4,2.25,1.14,0,6.66667,0,14.2196,13.63,-8.88041,1,7,0,0,0,0,0,0,1.28,0,195.8
4,1776.640,10.17,14.7,7.61589,255,0,-1.5625,177.5,0,12.5,82.4,2.51,1.22,0,6.66667,0,14.2196,13.63,-8.88041,1,7,0,0,0,0,0,0,5.888,0,195.8
5,1776.680,10.17,14.7,7.61589,255,0,-1.5625,177.5,0,12.5,82.4,2.51,1.14,0,6.66667,0,14.2196,13.63,-8.88047,1,7,0,0,0,0,0,0,5.888,0,195.8
6,1776.720,10.17,14.7,7.61589,255,0,-1.5625,380.25,0,12.5,82.4,3.05,1.2,0,6.66667,0,14.2196,13.05,-8.88047,1,7,0,0,0,0,0,0,5.632,0,195.8
7,1776.760,10.17,14.8148,7.61589,255,0,-1.5625,682.75,0,19.5,82.4,2.89,1.24,0,6.66667,0,14.2196,12.47,-8.88047,1,7,0,0,0,0,0,0,5.632,0,195.8
8,1776.800,10.17,14.8148,7.63714,255,0,-1.5625,1105.25,0,17.5,82.4,3.77,1.26,0,6.66667,0,14.2196,11.165,-8.77936,1,7,0,0,0,0,0,0,4.096,0,195.8
9,1776.840,10.2957,14.8148,7.63714,255,0,-1.5625,1387.5,0,17.5,84.2,4.49,1.32,0,6.66667,0,14.2196,10.005,-8.77936,1,7,0,0,0,0,0,0,3.84,0,195.8
10,1776.880,22.5553,14.8148,7.70161,255,0,-1.5625,1583,0,17.5,84.2,5.3,1.38,0,6.66667,0,14.2196,9.135,-8.51307,1,7,0,0,0,0,0,0,3.328,0,195.8
11,1776.920,22.683,14.8148,7.70555,255,0,-1.5625,1716.5,0,17.5,84.2,5.62,1.4,0,6.66667,0,14.2196,8.265,-8.61798,1,7,0,0,0,0,0,0,3.072,0,195.8
12,1776.960,22.5979,14.8148,7.70555,255,0,-1.5625,1821.25,0,17.5,84.2,5.85,1.42,0,6.66667,0,14.2196,7.685,-8.61798,1,7,0,0,0,0,0,0,3.072,0,195.8
13,1777.000,22.5147,14.8148,7.70555,255,0,-1.5625,1921.25,0,17.5,84.2,6.03,1.42,0,6.66667,0,14.2196,7.105,-9.13957,1,7,0,0,0,0,0,0,2.816,0,195.8
14,1777.040,22.6404,14.8148,7.70753,255,0,-1.5625,2028,0,17,84.2,6.14,1.44,0,6.66667,0,14.2196,6.38,-9.46458,1,7,0,0,0,0,0,0,2.816,0,195.8
15,1777.080,22.5553,14.9297,7.70753,255,0,-1.5625,2072.75,0,16.5,84.2,6.11,1.42,0,6.66667,0,14.2196,5.945,-9.46458,1,7,0,0,0,0,0,0,2.816,0,195.8
16,1777.120,22.5147,14.8148,7.7095,255,0,-1.5625,2123,0,15.5,84.2,6.11,1.42,0,6.66667,0,14.2196,5.365,-9.49924,1,7,0,0,1,0,0,0,2.56,0,195.8
17,1777.160,22.5553,14.9297,7.7095,255,0,-1.5625,2167,0,14.5,84.2,6.11,1.42,0,6.66667,0,14.2196,4.93,-9.49924,1,7,0,0,1,0,0,0,2.56,0,195.8
18,1777.200,22.683,14.9297,7.92461,255,0,-1.5625,2176.75,0,13.5,84.2,6.11,1.42,0,6.66667,0,14.2196,4.64,-9.49924,1,7,0,0,0,0,0,0,2.56,0,195.8
19,1777.240,22.4722,14.9297,8.12786,255,0,-.78125,2195.75,0,12.5,84.2,6.07,1.42,0,6.66667,0,14.2196,4.35,-9.49924,1,7,0,0,1,0,0,0,2.304,0,195.8
20,1777.280,22.4722,14.9297,8.12786,255,0,-.78125,2185.75,0,11,84.2,6.11,1.42,0,6.66667,0,14.2196,4.205,-9.49924,1,7,0,0,1,0,0,0,2.304,0,195.8
21,1777.320,22.5553,14.9297,8.31876,255,0,-.78125,2184,0,10,84.2,6.07,1.44,0,6.66667,0,14.2196,4.06,-9.49924,1,7,0,0,1,0,0,0,2.304,0,195.8
22,1777.360,22.6404,14.9297,8.32336,255,0,-.78125,2164.75,0,9.5,84.2,6.18,1.44,0,6.66667,0,14.2196,3.915,-9.49924,1,7,0,0,1,0,0,0,2.304,0,195.8
23,1777.400,23.356,14.9297,8.32336,255,0,-.78125,2152.75,0,9.5,84.2,6.11,1.44,0,6.66667,0,14.2196,3.915,-9.49924,1,7,0,0,1,0,0,0,2.304,0,195.8
24,1777.440,22.3871,14.9297,8.50681,255,0,-.78125,2141,0,9.5,84.2,6.18,1.44,0,6.66667,0,14.2196,3.77,-9.49924,1,7,0,0,1,0,0,0,2.304,0,195.8
25,1777.480,22.5553,14.9297,8.50681,255,0,-.78125,2110.25,0,9.5,84.2,6.18,1.44,0,6.66667,0,14.2196,3.77,-9.49924,1,7,0,0,1,0,0,0,2.304,0,195.8
26,1777.520,22.4722,14.9297,8.67597,255,0,-.78125,2091.25,0,9.5,84.2,6.33,1.44,0,6.66667,0,14.2196,3.77,-9.49924,1,7,0,0,1,0,0,0,2.304,0,195.8
27,1777.560,22.4296,14.9297,8.8338,255,0,-.78125,2055.5,0,9.5,84.2,6.4,1.46,0,6.66667,0,14.2196,3.625,-9.49924,1,7,0,0,1,0,0,0,2.304,0,195.8
28,1777.600,22.4722,14.8148,8.8338,255,0,-.78125,2030,0,9.5,84.2,6.54,1.46,0,6.66667,0,14.2196,3.625,-9.49924,1,7,0,0,1,0,0,0,2.304,0,195.8
29,1777.640,22.4296,14.7,8.8364,255,0,0,2014.5,0,9.5,84.2,6.63,1.46,0,6.66667,0,14.2196,3.625,-9.49924,1,7,0,0,1,0,0,0,2.304,0,195.8
30,1777.680,22.5553,14.4703,8.98675,255,0,0,1973.75,0,9.5,84.2,6.81,1.46,0,6.66667,0,14.2196,3.625,-9.43476,1,7,0,0,1,0,0,0,2.304,0,195.8
31,1777.720,22.6404,14.3555,8.98675,255,0,0,1943.5,0,9.5,84.2,6.72,1.46,0,6.66667,0,14.2196,3.625,-9.43476,1,7,0,0,1,0,0,0,2.304,0,195.8
32,1777.760,22.3039,14.2406,9.12844,255,0,0,1806.5,0,9.5,84.2,6.72,1.46,0,6.66667,0,14.2196,3.625,-9.11177,1,7,0,0,1,0,0,0,2.304,0,195.8
33,1777.800,22.4722,14.2406,9.12844,255,0,0,1786,0,9.5,84.2,6.4,1.46,0,6.66667,0,14.2196,3.625,-9.11177,1,7,0,0,1,0,0,0,2.56,0,195.8
34,1777.840,23.8202,14.2406,9.13121,255,0,0,1751.5,0,9.5,84.2,6.54,1.46,0,6.66667,0,14.2196,3.625,-8.97153,1,7,0,0,1,0,0,0,2.304,0,195.8
35,1777.880,23.7351,14.2406,9.26041,255,0,0,1702.75,0,9.5,84.2,6.54,1.44,0,6.66667,0,14.2196,3.77,-8.81357,1,7,0,0,1,0,0,0,2.56,0,195.8
36,1777.920,23.7351,14.2406,9.26041,255,0,0,1677.5,0,9.5,84.2,6.54,1.46,0,6.66667,0,14.2196,3.77,-8.81357,1,7,0,0,1,0,0,0,2.56,0,195.8
37,1777.960,23.6945,14.2406,9.37869,255,0,0,1653.25,0,9.5,84.2,6.4,1.44,0,6.66667,0,14.2196,3.77,-8.69687,1,7,0,0,1,0,0,0,2.56,0,195.8
38,1778.000,23.7351,14.1258,9.38454,255,0,0,1633.5,0,9.5,84.2,6.33,1.44,0,6.66667,0,14.2196,3.915,-8.59566,1,7,0,0,1,0,0,0,2.56,0,195.8
39,1778.040,23.5243,14.1258,9.38454,255,0,0,1619.75,0,9.5,84.2,6.37,1.44,0,6.66667,0,14.2196,3.915,-8.59566,1,7,0,0,1,0,0,0,2.56,0,195.8
40,1778.080,23.7351,14.1258,9.47909,255,0,0,1607,0,9.5,84.2,6.29,1.44,0,6.27451,0,14.2196,4.06,-8.5195,1,7,0,0,1,0,0,0,2.56,0,195.8
41,1778.120,23.8627,14.1258,9.47909,255,0,0,1592.75,0,9.5,84.2,6.25,1.44,0,6.27451,0,14.2196,4.06,-8.5195,1,7,0,0,1,0,0,0,2.56,0,195.8
42,1778.160,23.6094,14.1258,9.47909,255,0,0,1581,0,9.5,84.2,6.18,1.42,0,6.27451,0,14.2196,4.06,-8.51307,1,7,0,0,1,0,0,0,2.56,0,195.8
43,1778.200,23.7776,14.1258,9.57862,255,0,0,1565.25,0,9.5,84.2,6.14,1.44,0,6.27451,0,14.2196,4.06,-8.51307,1,7,0,0,1,0,0,0,2.56,0,195.8
44,1778.240,23.8627,14.1258,9.57862,255,0,.78125,1550,0,9.5,84.2,6.18,1.44,0,6.27451,0,14.2196,4.06,-8.51307,1,7,0,0,1,0,0,0,2.56,0,195.8
45,1778.280,23.7351,14.0109,9.66782,255,0,.78125,1533.25,0,9.5,84.2,6.18,1.44,0,6.27451,0,14.2196,4.06,-8.51307,1,7,0,0,1,0,0,0,2.56,0,195.8
46,1778.320,23.6519,14.0109,9.67093,255,0,.78125,1517.25,0,9.5,84.2,6.14,1.42,0,6.27451,0,14.2196,4.06,-8.51307,1,7,0,0,1,0,0,0,2.56,0,195.8
47,1778.360,23.7351,14.0109,9.67093,255,0,.78125,1507.25,0,9.5,84.2,6.18,1.42,0,6.27451,0,14.2196,4.06,-8.51307,1,7,0,0,1,0,0,0,2.56,0,195.8
48,1778.400,23.9884,14.0109,9.75554,255,0,.78125,1496.25,0,9.5,84.2,6.11,1.42,0,6.27451,0,14.2196,4.06,-8.51307,1,7,0,0,1,0,0,0,2.56,0,195.8
49,1778.440,23.7351,13.8961,9.75554,255,0,.78125,1484.25,0,9.5,84.2,6.03,1.42,0,6.27451,0,14.2196,4.06,-8.51307,1,7,0,0,1,0,0,0,2.56,0,195.8
50,1778.480,23.9459,13.8961,9.75871,255,0,.78125,1468.75,0,9,84.2,5.92,1.42,0,6.27451,0,14.2196,4.06,-8.51307,1,7,0,0,1,0,0,0,2.56,0,197.6
51,1778.520,24.41,13.8961,9.83843,255,0,.78125,1454.25,0,9,84.2,5.89,1.4,0,6.27451,0,14.2196,4.06,-8.51307,1,7,0,0,1,0,0,0,2.56,0,197.6
52,1778.560,24.5358,13.8961,9.83843,255,0,.78125,1449.75,0,9,84.2,5.78,1.4,0,6.27451,0,14.2196,4.06,-8.51307,1,7,0,0,1,0,0,0,2.56,0,197.6
53,1778.600,24.5358,13.7813,9.84165,255,0,.78125,1433.5,0,9,84.2,5.81,1.4,0,6.27451,0,14.2196,4.06,-8.51307,1,7,0,0,1,0,0,0,2.56,0,197.6
54,1778.640,24.5358,13.7813,9.91294,255,0,-1.5625,1422.25,0,9,84.2,5.85,1.42,0,5.88235,0,14.2196,4.06,-8.51307,1,7,0,0,1,0,0,0,2.56,0,197.6
55,1778.680,24.5783,13.7813,9.91294,255,0,-1.5625,1417,0,9,84.2,5.92,1.42,0,5.88235,0,14.2196,4.205,-8.51307,1,7,0,0,1,0,0,0,2.56,0,197.6
56,1778.720,24.5783,13.6664,9.91947,255,0,-1.5625,1405.75,0,9,84.2,5.92,1.42,0,5.88235,0,14.2196,4.205,-8.51307,1,7,0,0,1,0,0,0,2.56,0,197.6
57,1778.760,24.5358,13.6664,9.91947,255,0,-1.5625,1408.25,0,9,84.2,5.89,1.42,0,5.88235,0,14.2196,4.205,-8.51307,1,7,0,0,1,0,0,0,2.56,0,197.6
58,1778.800,24.4932,13.6664,9.98196,255,0,-1.5625,1400.25,0,9,84.2,5.92,1.42,0,5.88235,0,14.2196,4.205,-8.51307,1,7,0,0,1,0,0,0,2.56,0,197.6
59,1778.840,24.3675,13.5516,9.98859,255,0,-1.5625,1397,0,9,84.2,5.85,1.4,0,5.88235,0,14.2196,4.205,-8.51307,1,7,0,0,1,0,0,0,2.56,0,197.6
60,1778.880,24.5358,13.5516,9.98859,255,0,-1.5625,1386,0,9,84.2,5.78,1.4,0,5.88235,0,14.2196,4.205,-8.51307,1,7,0,0,1,0,0,0,2.56,0,197.6
61,1778.920,24.5358,13.5516,10.0486,255,0,-1.5625,1374.75,0,9,84.2,5.78,1.4,0,5.88235,0,14.2196,4.205,-8.51307,1,7,0,0,1,0,0,0,2.56,0,197.6
62,1778.960,24.5783,13.4367,10.0486,255,0,-1.5625,1364,0,9,84.2,5.7,1.4,0,5.88235,0,14.2196,4.205,-8.51307,1,7,0,0,1,0,0,0,2.56,0,197.6
63,1779.000,24.5783,13.4367,10.0486,255,0,-1.5625,1361,0,9,84.2,5.7,1.4,0,5.88235,0,14.2196,4.205,-8.51307,1,7,0,0,1,0,0,0,2.56,0,197.6
64,1779.040,24.3675,13.3219,10.1059,255,0,-1.5625,1334.5,0,9,84.2,5.64,1.4,0,5.88235,0,14.2196,4.205,-8.51307,1,7,0,0,1,0,0,0,2.56,0,197.6
65,1779.080,24.4932,13.3219,10.1059,255,0,-1.5625,1320.75,0,9,84.2,5.58,1.38,0,5.4902,0,14.2196,4.205,-8.51307,1,7,0,0,1,0,0,0,2.56,0,197.6
66,1779.120,24.5358,13.3219,10.1093,255,0,-1.5625,1304.5,0,9,84.2,5.52,1.38,0,5.4902,0,14.2196,4.205,-8.51307,1,7,0,0,1,0,0,0,2.56,0,197.6
67,1779.160,24.5783,13.207,10.1605,255,0,-1.5625,1294,0,9,84.2,5.5,1.38,0,5.4902,0,14.2196,4.205,-8.51307,1,7,0,0,1,0,0,0,2.56,0,197.6
68,1779.200,24.4932,13.207,10.1605,255,0,-1.5625,1282.5,0,9,84.2,5.48,1.38,0,5.4902,0,14.2196,4.205,-8.51307,1,7,0,0,1,0,0,0,2.56,0,197.6
69,1779.240,24.4932,13.0922,10.1639,255,0,-1.5625,1280,0,9,84.2,5.48,1.38,0,5.4902,0,14.2196,4.205,-8.51307,1,7,0,0,1,0,0,0,2.56,0,197.6
70,1779.280,24.4932,13.0922,10.1674,255,0,-1.5625,1283.5,0,9,84.2,5.5,1.38,0,5.4902,0,14.2196,4.205,-8.51307,1,7,0,0,1,0,0,0,2.56,0,197.6
71,1779.320,24.3249,12.9773,10.1674,255,0,-1.5625,1269,0,9,84.2,5.52,1.38,0,5.4902,0,14.2196,4.205,-8.51307,1,7,0,0,1,0,0,0,2.56,0,197.6
72,1779.360,24.4526,12.9773,10.2157,255,0,-1.5625,1259.25,0,9,84.2,5.48,1.38,0,5.4902,0,14.2196,4.205,-8.51307,1,7,0,0,1,0,0,0,2.56,0,197.6
73,1779.400,24.5358,12.8625,10.2157,255,0,-1.5625,1242.75,0,9,84.2,5.44,1.38,0,5.4902,0,14.2196,4.205,-8.51307,1,7,0,0,1,0,0,0,2.56,0,197.6
74,1779.440,24.41,12.8625,10.2157,255,0,-1.5625,1232.25,0,9,84.2,5.44,1.38,0,5.4902,0,14.2196,4.205,-8.51307,1,7,0,0,1,0,0,0,2.56,0,197.6
75,1779.480,23.8202,12.8625,10.2574,255,0,-1.5625,1222.5,0,9,84.2,5.46,1.36,0,5.4902,0,14.2196,4.205,-8.51307,1,7,0,0,1,0,0,0,2.56,0,197.6
76,1779.520,23.8627,12.7477,10.2574,255,0,-1.5625,1221,0,9,84.2,5.44,1.38,0,5.4902,0,14.2196,4.205,-8.51307,1,7,0,0,1,0,0,0,2.56,0,197.6
77,1779.560,23.8202,12.7477,10.2609,255,0,-1.5625,1211.75,0,9,84.2,5.4,1.36,0,5.4902,0,14.2196,4.205,-8.51307,1,7,0,0,1,0,0,0,2.56,0,197.6
78,1779.600,23.7776,12.6328,10.2996,255,0,-1.5625,1200,0,9,84.2,5.34,1.36,0,5.4902,0,14.2196,4.205,-8.51314,1,7,0,0,1,0,0,0,2.56,0,197.6
79,1779.640,23.8202,12.518,10.2996,255,0,-1.5625,1192.25,0,9,84.2,5.3,1.36,0,5.4902,0,14.2196,4.205,-8.51314,1,7,0,0,1,0,0,0,2.56,0,197.6
80,1779.680,23.8202,12.518,10.296,255,0,-1.5625,1172.5,0,9,84.2,5.24,1.34,0,5.4902,0,14.2196,4.205,-8.52344,1,7,0,0,1,0,0,0,2.56,0,197.6
81,1779.720,23.6945,12.4031,10.296,255,0,-1.5625,1169,0,9,84.2,5.21,1.36,0,5.4902,0,14.2196,4.205,-8.52344,1,7,0,0,1,0,0,0,2.56,0,197.6
82,1779.760,23.8202,12.4031,10.3207,255,0,-1.5625,1147.75,0,9,84.2,5.17,1.34,0,5.4902,0,14.2196,4.205,-8.55534,1,7,0,0,1,0,0,0,2.56,0,197.6
83,1779.800,23.6945,12.2883,10.3137,255,0,-1.5625,1130,0,9,84.2,5.17,1.36,0,5.4902,0,14.2196,4.205,-8.57737,1,7,0,0,1,0,0,0,2.56,0,197.6
84,1779.840,23.7776,12.2883,10.3137,255,0,-1.5625,1118,0,9,84.2,5.13,1.34,0,5.4902,0,14.2196,4.205,-8.57737,1,7,0,0,1,0,0,0,2.56,0,197.6
85,1779.880,23.6945,12.1734,10.3137,255,0,-1.5625,1117.25,0,9,84.2,5.13,1.36,0,5.4902,0,14.2196,4.205,-8.58836,1,7,0,0,1,0,0,0,2.56,0,197.6
86,1779.920,23.8202,12.0586,10.3349,255,0,-1.5625,1095.5,0,9,84.2,5.05,1.34,0,5.4902,0,14.2196,4.205,-8.60907,1,7,0,0,0,0,0,0,2.56,0,197.6
87,1779.960,23.8202,12.0586,10.3349,255,0,-1.5625,1079.75,0,9,84.2,5.05,1.36,0,5.4902,0,14.2196,4.205,-8.60907,1,7,0,0,0,0,0,0,2.56,0,197.6
88,1780.000,23.8627,11.9437,10.3278,255,0,-1.5625,1061.75,0,9,84.2,4.97,1.32,0,5.4902,0,14.2196,4.205,-8.62692,1,7,0,0,1,0,0,0,2.56,0,197.6
89,1780.040,23.8202,11.8289,10.3278,255,0,-1.5625,1054.75,0,9,84.2,4.93,1.34,0,5.4902,0,14.2196,4.205,-8.62692,1,7,0,0,0,0,0,0,2.56,0,197.6
90,1780.080,23.9459,11.8289,10.3207,255,0,-1.5625,1039.5,0,9,84.2,4.89,1.34,0,5.09804,0,14.2196,4.205,-8.64657,1,7,0,0,0,0,0,0,2.56,0,197.6
91,1780.120,23.8202,11.7141,10.342,255,0,-1.5625,1019.25,0,9,84.2,4.89,1.34,0,5.09804,0,14.2196,4.35,-8.66244,1,7,0,0,1,0,0,0,2.56,0,197.6
92,1780.160,23.7351,11.5992,10.342,255,0,-1.5625,1014.25,0,9,84.2,4.93,1.34,0,5.09804,0,14.2196,4.35,-8.66244,1,7,0,0,0,0,0,0,2.56,0,197.6
93,1780.200,23.5668,11.5992,10.3314,255,0,-1.5625,1001.75,0,9,84.2,4.89,1.34,0,5.09804,0,14.2196,4.35,-8.69527,1,7,0,0,0,0,0,0,2.56,0,197.6
94,1780.240,23.8627,11.4844,10.3527,255,0,-1.5625,991,0,9,84.2,4.89,1.34,0,5.09804,0,14.2196,4.35,-8.70504,1,7,0,0,0,0,0,0,2.56,0,197.6
95,1780.280,23.8627,11.3695,10.3527,255,0,-1.5625,986.5,0,9,84.2,4.89,1.34,0,5.09804,0,14.2196,4.35,-8.70504,1,7,0,0,0,0,0,0,2.56,0,197.6
96,1780.320,23.8202,11.3695,10.3456,255,0,-1.5625,972,0,9,84.2,4.89,1.34,0,5.09804,0,14.2196,4.35,-8.72249,1,7,0,0,0,0,0,0,2.56,0,197.6
97,1780.360,23.7776,11.2547,10.3456,255,0,-1.5625,951,0,9,84.2,4.89,1.32,0,5.09804,0,14.2196,4.35,-8.72249,1,7,0,0,0,0,0,0,2.56,0,197.6
98,1780.400,23.7776,11.1398,10.3385,255,0,-1.5625,931.25,0,9,84.2,4.89,1.34,0,5.09804,0,14.2196,4.35,-8.74168,1,7,0,0,0,0,0,0,2.816,0,197.6
99,1780.440,23.9033,11.1398,10.342,255,0,-1.5625,908,0,9.5,84.2,4.89,1.34,0,5.09804,0,14.2196,4.35,-8.78125,1,7,0,0,0,0,0,0,2.816,0,197.6
100,1780.480,23.7776,11.1398,10.342,255,0,-1.5625,905,0,9.5,84.2,4.93,1.34,0,5.09804,0,14.2196,4.495,-8.78125,1,7,0,0,0,0,0,0,2.816,0,197.6
101,1780.520,23.8202,11.1398,10.3314,255,0,-1.5625,885.5,0,9.5,84.2,4.89,1.32,0,5.09804,0,14.2196,4.495,-8.80198,1,7,0,0,0,0,0,0,2.816,0,197.6
102,1780.560,23.6945,11.1398,10.3314,255,0,-1.5625,880.25,0,10,84.2,4.89,1.32,0,5.09804,0,14.2196,4.495,-8.80666,1,7,0,0,0,0,0,0,2.816,0,197.6
103,1780.600,23.8202,11.1398,10.3314,255,0,-1.5625,872.25,0,10,84.2,4.81,1.32,0,5.09804,0,14.2196,4.64,-8.80666,1,7,0,0,0,0,0,0,2.816,0,197.6
104,1780.640,23.7351,11.1398,10.3278,255,0,-1.5625,849.75,0,10.5,84.2,4.81,1.34,0,5.09804,0,14.2196,4.64,-8.81422,1,7,0,0,0,0,0,0,2.816,0,197.6
105,1780.680,23.7776,11.1398,10.3278,255,0,-1.5625,839.75,0,10.5,84.2,4.85,1.34,0,5.09804,0,14.2196,4.64,-8.81422,1,7,0,0,0,0,0,0,2.816,0,197.6
106,1780.720,23.8202,11.1398,10.3385,255,0,-1.5625,821,0,11,84.2,4.81,1.34,0,5.09804,0,14.2196,4.64,-8.84385,1,7,0,0,0,0,0,0,2.816,0,197.6
107,1780.760,23.8202,11.1398,10.3385,255,0,-1.5625,813.25,0,11,84.2,4.81,1.34,0,5.09804,0,14.2196,4.785,-8.86819,1,7,0,0,0,0,0,0,2.816,0,197.6
108,1780.800,23.8627,11.1398,10.3385,255,0,-1.5625,792.5,0,16,84.2,4.77,1.34,0,5.09804,0,14.2196,4.785,-8.86819,1,7,0,0,0,0,0,0,2.816,0,197.6
109,1780.840,23.8202,11.1398,10.342,255,0,-1.5625,786.5,0,16,84.2,4.81,1.34,0,5.09804,0,14.2196,4.785,-8.88047,1,7,0,0,0,0,0,0,3.072,0,197.6
110,1780.880,23.7351,11.1398,10.3634,255,0,-1.5625,790.25,0,16,84.2,4.81,1.32,0,5.09804,0,14.2196,4.93,-8.88047,1,7,0,0,0,0,0,0,3.072,0,197.6
111,1780.920,23.7351,11.1398,10.3634,255,0,-1.5625,807.5,0,16,84.2,4.89,1.32,0,5.09804,0,14.2196,4.93,-8.88047,1,7,0,0,0,0,0,0,3.072,0,197.6
112,1780.960,23.8202,11.1398,10.3705,255,0,-1.5625,786,0,16,84.2,4.81,1.32,0,5.09804,0,14.2196,4.93,-8.88047,1,7,0,0,0,0,0,0,3.072,0,197.6
113,1781.000,23.7776,11.1398,10.3705,255,0,-1.5625,787.75,0,16,84.2,4.81,1.32,0,5.09804,0,14.2196,5.075,-8.88047,1,7,0,0,0,0,0,0,3.072,0,197.6
114,1781.040,23.7776,11.1398,10.3741,255,0,-1.5625,794.5,0,16,84.2,4.81,1.32,0,5.09804,0,14.2196,5.075,-8.88047,1,7,0,0,0,0,0,0,3.072,0,197.6
115,1781.080,23.7776,11.1398,10.3777,255,0,-1.5625,796,0,16,84.2,4.73,1.32,0,5.09804,0,14.2196,5.075,-8.88047,1,7,0,0,0,0,0,0,3.072,0,197.6
116,1781.120,23.8202,11.1398,10.3777,255,0,-1.5625,803.25,0,16,84.2,4.64,1.32,0,4.70588,0,14.2196,5.075,-8.88047,1,7,0,0,0,0,0,0,3.072,0,197.6
117,1781.160,23.7776,11.1398,10.3992,255,0,-1.5625,803.5,0,16,84.2,4.64,1.32,0,4.70588,0,14.2196,5.075,-8.87759,1,7,0,0,0,0,0,0,3.072,0,197.6
118,1781.200,23.7351,11.1398,10.4028,255,0,-1.5625,808.75,0,16,84.2,4.56,1.32,0,4.70588,0,14.2196,5.22,-8.87233,1,7,0,0,0,0,0,0,3.072,0,197.6
119,1781.240,23.8202,11.1398,10.4028,255,0,-1.5625,807.25,0,16,84.2,4.56,1.32,0,4.70588,0,14.2196,5.22,-8.87233,1,7,0,0,0,0,0,0,3.072,0,197.6
120,1781.280,23.8202,11.1398,10.4064,245,0,-1.5625,800.25,0,16,84.2,4.56,1.32,0,4.70588,0,14.2196,5.22,-8.87379,1,7,0,0,0,0,0,0,3.072,0,197.6
121,1781.320,23.8202,11.1398,10.4064,245,0,-1.5625,801.5,0,16,84.2,4.48,1.32,0,4.70588,0,14.2196,5.22,-8.87379,1,7,0,0,0,0,0,0,3.072,0,197.6
122,1781.360,23.7776,11.1398,10.4172,245,0,-1.5625,806,0,16,84.2,4.56,1.32,0,4.70588,0,14.2196,5.22,-8.87911,1,7,0,0,0,0,0,0,3.072,0,197.6
123,1781.400,23.7776,11.1398,10.4208,227,0,-1.5625,804.25,0,16,84.2,4.56,1.32,0,4.70588,0,14.2196,5.22,-8.87647,1,7,0,0,0,0,0,0,3.072,0,197.6
124,1781.440,23.6945,11.1398,10.4208,227,0,-1.5625,822.75,0,16,84.2,4.53,1.3,0,4.70588,0,14.2196,5.22,-8.87647,1,7,0,0,0,0,0,0,3.072,0,197.6
125,1781.480,23.8202,11.1398,10.4316,227,0,-1.5625,833.5,0,16,84.2,4.45,1.3,0,4.70588,0,14.2196,5.22,-8.84965,1,7,0,0,0,0,0,0,3.072,0,197.6
126,1781.520,23.7776,11.1398,10.428,210,0,-1.5625,819.75,0,16,84.2,4.33,1.28,0,4.70588,0,14.2196,5.22,-8.85543,1,7,0,0,0,0,0,0,3.072,0,197.6
127,1781.560,23.6945,11.1398,10.428,210,0,-1.5625,809.75,0,16,84.2,4.29,1.28,0,4.70588,0,14.2196,5.22,-8.85543,1,7,0,0,0,0,0,0,3.072,0,197.6
128,1781.600,23.8202,11.1398,10.4352,210,0,-1.5625,802.5,0,16,84.2,4.25,1.3,0,4.70588,0,14.2196,5.22,-8.87151,1,7,0,0,0,0,0,0,3.072,0,197.6
129,1781.640,23.7776,11.1398,10.4352,195,0,-1.5625,818.75,0,16,84.2,4.29,1.3,0,4.70588,0,14.2196,5.22,-8.87151,1,7,0,0,0,0,0,0,2.816,0,197.6
130,1781.680,23.6945,11.1398,10.4388,195,0,-1.5625,815.75,0,16,84.2,4.25,1.3,0,4.70588,0,14.2196,5.22,-8.86326,1,7,0,0,0,0,0,0,2.816,0,195.8
131,1781.720,23.7776,11.1398,10.4388,195,0,-1.5625,825.75,0,16,84.2,4.22,1.3,0,4.70588,0,14.2196,5.22,-8.85689,1,7,0,0,0,0,0,0,2.816,0,195.8
132,1781.760,23.7776,11.1398,10.4388,195,0,-1.5625,833.25,0,16,84.2,4.22,1.3,0,4.70588,0,14.2196,5.075,-8.85689,1,7,0,0,0,0,0,0,2.816,0,195.8
133,1781.800,23.7776,11.1398,10.4533,181,0,-1.5625,847.75,0,16,84.2,4.25,1.3,0,4.70588,0,14.2196,5.075,-8.84982,1,7,0,0,0,0,0,0,2.816,0,195.8
134,1781.840,23.7776,11.1398,10.457,181,0,-1.5625,845,0,16,84.2,4.22,1.28,0,4.70588,0,14.2196,5.075,-8.83916,1,7,0,0,0,0,0,0,2.816,0,195.8
135,1781.880,23.7351,11.1398,10.457,181,0,-1.5625,837.75,0,16,84.2,4.18,1.28,0,4.70588,0,14.2196,5.075,-8.83916,1,7,0,0,0,0,0,0,2.816,0,195.8
136,1781.920,23.6945,11.1398,10.4533,169,0,-1.5625,841,0,16,84.2,4.18,1.28,0,4.70588,0,14.2196,5.075,-8.8457,1,7,0,0,0,0,0,0,2.816,0,195.8
137,1781.960,23.7351,11.1398,10.4533,169,0,-1.5625,831.25,0,16,84.2,4.18,1.28,0,4.70588,0,14.2196,5.075,-8.8457,1,7,0,0,0,0,0,0,2.816,0,195.8
138,1782.000,23.7776,11.1398,10.4606,169,0,-1.5625,842.5,0,16,84.2,4.18,1.3,0,4.70588,0,14.2196,5.075,-8.85172,1,7,0,0,0,0,0,0,2.816,0,195.8
139,1782.040,23.7776,11.1398,10.4642,158,0,-1.5625,848.75,0,15.5,84.2,4.22,1.3,0,4.31373,0,14.2196,5.075,-8.83564,1,7,0,0,0,0,0,0,2.816,0,195.8
140,1782.080,23.8202,11.1398,10.4642,158,0,-1.5625,862.75,0,15.5,84.2,4.18,1.3,0,4.31373,0,14.2196,5.075,-8.83564,1,7,0,0,0,0,0,0,2.816,0,195.8
141,1782.120,23.8202,11.1398,10.4715,158,0,-1.5625,854.75,0,15.5,84.2,4.18,1.3,0,4.31373,0,14.2196,5.075,-8.8228,1,7,0,0,0,0,0,0,2.816,0,195.8
142,1782.160,23.7776,11.1398,10.4715,148,0,-1.5625,856.75,0,15.5,84.2,4.16,1.28,0,4.31373,0,14.2196,5.075,-8.82829,1,7,0,0,0,0,0,0,2.816,0,195.8
143,1782.200,23.6519,11.1398,10.4715,148,0,-1.5625,859.5,0,15.5,84.2,4.1,1.26,0,4.31373,0,14.2196,5.075,-8.82829,1,7,0,0,0,0,0,0,2.816,0,195.8
144,1782.240,23.7351,11.1398,10.4788,148,0,-1.5625,857.75,0,15.5,84.2,4.04,1.26,0,4.31373,0,14.2196,5.075,-8.8257,1,7,0,0,0,0,0,0,2.816,0,195.8
145,1782.280,23.7776,11.1398,10.4788,138,0,-1.5625,868.5,0,15,84.2,4.04,1.28,0,4.31373,0,14.2196,5.075,-8.8257,1,7,0,0,0,0,0,0,2.816,0,195.8
146,1782.320,23.7776,11.1398,10.4861,138,0,-1.5625,874.5,0,14,84.2,4,1.28,0,4.31373,0,14.2196,5.075,-8.8175,1,7,0,0,0,0,0,0,2.816,0,195.8
147,1782.360,23.8627,11.1398,10.4971,138,0,-1.5625,886,0,13,84.2,3.98,1.28,0,4.31373,0,14.2196,5.075,-8.80149,1,7,0,0,0,0,0,0,2.56,0,195.8
148,1782.400,23.7776,11.1398,10.4971,130,0,-1.5625,876.75,0,14,84.2,3.95,1.26,0,4.31373,0,14.2196,4.93,-8.80149,1,7,0,0,0,0,0,0,2.56,0,195.8
149,1782.440,23.7351,11.1398,10.5044,130,0,-1.5625,862.25,0,15,84.2,3.95,1.26,0,4.31373,0,14.2196,4.93,-8.81406,1,7,0,0,0,0,0,0,2.56,0,195.8
150,1782.480,23.8202,11.1398,10.5081,130,0,-1.5625,868,0,14.5,84.2,3.93,1.26,0,4.31373,0,14.2196,4.93,-8.81791,1,7,0,0,0,0,0,0,2.56,0,195.8
151,1782.520,23.7351,11.1398,10.5081,130,0,-1.5625,858.75,0,15,84.2,3.93,1.28,0,4.31373,0,14.2196,4.93,-8.81791,1,7,0,0,0,0,0,0,2.56,0,195.8
152,1782.560,23.7776,11.1398,10.5081,122,0,-1.5625,871.75,0,14,84.2,3.93,1.28,0,4.31373,0,14.2196,4.93,-8.82643,1,7,0,0,0,0,0,0,2.56,0,195.8
153,1782.600,23.7776,11.1398,10.5081,122,0,-1.5625,875,0,13.5,84.2,3.89,1.28,0,4.31373,0,14.2196,4.93,-8.82643,1,7,0,0,0,0,0,0,2.56,0,195.8
154,1782.640,23.7776,11.1398,10.5301,122,0,-1.5625,888.25,0,12,84.2,3.93,1.26,0,4.31373,0,14.2196,4.93,-8.81162,1,7,0,0,0,0,0,0,2.56,0,195.8
155,1782.680,23.7776,11.1398,10.5375,115,0,-1.5625,874,0,13.5,84.2,3.87,1.26,0,4.31373,0,14.2196,4.93,-8.80373,1,7,0,0,0,0,0,0,2.56,0,195.8
156,1782.720,23.7776,11.1398,10.5375,115,0,-1.5625,862,0,14.5,84.2,3.87,1.26,0,4.31373,0,14.2196,4.93,-8.80373,1,7,0,0,0,0,0,0,2.56,0,195.8
157,1782.760,23.7351,11.1398,10.5338,115,0,-1.5625,871.25,0,13.5,84.2,3.87,1.26,0,4.31373,0,14.2196,4.93,-8.8236,1,7,0,0,0,0,0,0,2.56,0,195.8
158,1782.800,23.8202,11.1398,10.5486,108,0,-1.5625,870,0,13.5,84.2,3.85,1.28,0,4.31373,0,14.2196,4.93,-8.81624,1,7,0,0,0,0,0,0,2.56,0,195.8
159,1782.840,23.8202,11.1398,10.5486,108,0,-1.5625,878.5,0,12.5,84.2,3.87,1.28,0,4.31373,0,14.2196,4.785,-8.81624,1,7,0,0,0,0,0,0,2.56,0,195.8
160,1782.880,23.8202,11.1398,10.556,108,0,-1.5625,879,0,12.5,84.2,3.85,1.26,0,4.31373,0,14.2196,4.785,-8.80782,1,7,0,0,0,0,0,0,2.56,0,195.8
161,1782.920,23.7776,11.1398,10.556,103,0,-1.5625,873.25,0,13,84.2,3.85,1.26,0,4.31373,0,14.2196,4.785,-8.80782,1,7,0,0,0,0,0,0,2.56,0,195.8
162,1782.960,23.7776,11.1398,10.5597,103,0,-1.5625,877.5,0,12.5,84.2,3.83,1.26,0,4.31373,0,14.2196,4.785,-8.81318,1,7,0,0,0,0,0,0,2.56,0,195.8
163,1783.000,23.7776,11.1398,10.5634,103,0,-1.5625,873.25,0,13,84.2,3.85,1.26,0,4.31373,0,14.2196,4.785,-8.81327,1,7,0,0,0,0,0,0,2.56,0,195.8
164,1783.040,23.7776,11.1398,10.5634,97,0,-1.5625,870,0,13.5,84.2,3.85,1.28,0,4.31373,0,14.2196,4.785,-8.81327,1,7,0,0,0,0,0,0,2.56,0,195.8
165,1783.080,23.8202,11.1398,10.5708,97,0,-1.5625,861.75,0,14,84.2,3.83,1.28,0,4.31373,0,14.2196,4.785,-8.8162,1,7,0,0,0,0,0,0,2.56,0,195.8
166,1783.120,23.8202,11.1398,10.5819,97,0,-1.5625,863.75,0,14,84.2,3.87,1.26,0,4.31373,0,14.2196,4.785,-8.82202,1,7,0,0,0,0,0,0,2.56,0,195.8
167,1783.160,23.8202,11.1398,10.5819,97,0,-1.5625,862.5,0,14,84.2,3.85,1.26,0,4.31373,0,14.2196,4.785,-8.82202,1,7,0,0,0,0,0,0,2.56,0,195.8
168,1783.200,23.6519,11.1398,10.5857,92,0,-1.5625,868.25,0,13,84.2,3.85,1.26,0,4.31373,0,14.2196,4.785,-8.81577,1,7,0,0,0,0,0,0,2.56,0,195.8
169,1783.240,24.3249,11.1398,10.5857,92,0,-1.5625,877.75,0,12,84.2,3.85,1.26,0,4.31373,0,14.2196,4.785,-8.81577,1,7,0,0,0,0,0,0,2.56,0,195.8
170,1783.280,24.3675,11.1398,10.5968,92,0,-1.5625,877.5,0,12,84.2,3.83,1.26,0,4.31373,0,14.2196,4.785,-8.80904,1,7,0,0,0,0,0,0,2.56,0,195.8
171,1783.320,24.41,11.1398,10.6043,88,0,-1.5625,885.75,0,11.5,84.2,3.83,1.26,0,3.92157,0,14.2196,4.785,-8.80178,1,7,0,0,0,0,0,0,2.56,0,195.8
172,1783.360,24.3675,11.1398,10.6043,88,0,-1.5625,876.25,0,12.5,84.2,3.79,1.26,0,3.92157,0,14.2196,4.785,-8.80178,1,7,0,0,0,0,0,0,2.56,0,195.8
173,1783.400,24.41,11.1398,10.6795,88,0,-1.5625,876.25,0,12.5,84.2,3.79,1.24,0,3.92157,0,14.2196,4.785,-8.81044,1,7,0,0,0,0,0,0,2.56,0,195.8
174,1783.440,24.2418,11.1398,10.6871,83,0,-1.5625,873.5,0,12.5,84.2,3.75,1.24,0,3.92157,0,14.2196,4.785,-8.81303,1,7,0,0,0,0,0,0,2.56,0,195.8
175,1783.480,24.3675,11.1398,10.6871,83,0,-1.5625,865.5,0,13.5,84.2,3.75,1.24,0,3.92157,0,14.2196,4.64,-8.81303,1,7,0,0,0,0,0,0,2.56,0,195.8
176,1783.520,24.3675,11.1398,10.6871,83,0,-1.5625,869,0,13,84.2,3.75,1.26,0,3.92157,0,14.2196,4.64,-8.82025,1,7,0,0,0,0,0,0,2.56,0,195.8
177,1783.560,24.3675,11.1398,10.6871,79,0,-1.5625,861,0,13.5,84.2,3.73,1.26,0,3.92157,0,14.2196,4.64,-8.82025,1,7,0,0,0,0,0,0,2.56,0,195.8
178,1783.600,24.41,11.1398,10.6871,79,0,-1.5625,863.25,0,13.5,84.2,3.75,1.26,0,3.92157,0,14.2196,4.64,-8.82454,1,7,0,0,0,0,0,0,2.56,0,195.8
179,1783.640,24.4932,11.1398,10.6909,79,0,-1.5625,856.25,0,14,84.2,3.73,1.24,0,3.92157,0,14.2196,4.64,-8.82869,1,7,0,0,0,0,0,0,2.56,0,195.8
180,1783.680,24.41,11.1398,10.6909,76,0,-1.5625,855.5,0,14,84.2,3.75,1.24,0,3.92157,0,14.2196,4.64,-8.82869,1,7,0,0,0,0,0,0,2.56,0,195.8
181,1783.720,24.6634,11.1398,10.6947,76,0,-1.5625,860.75,0,13.5,84.2,3.75,1.24,0,3.92157,0,14.2196,4.64,-8.82939,1,7,0,0,0,0,0,0,2.56,0,195.8
182,1783.760,24.3249,11.1398,10.6947,76,0,-1.5625,849,0,14.5,84.2,3.75,1.26,0,3.92157,0,14.2196,4.64,-8.83551,1,7,0,0,0,0,0,0,2.56,0,195.8
183,1783.800,24.3249,11.1398,10.6947,76,0,-1.5625,852.25,0,14,84.2,3.75,1.26,0,3.92157,0,14.2196,4.64,-8.83551,1,7,0,0,0,0,0,0,2.56,0,195.8
184,1783.840,24.41,11.1398,10.6947,72,0,-1.5625,848.75,0,14.5,84.2,3.75,1.26,0,3.92157,0,14.2196,4.64,-8.83572,1,7,0,0,0,0,0,0,2.56,0,195.8
185,1783.880,24.3675,11.1398,10.6947,72,0,-1.5625,853,0,14,84.2,3.75,1.26,0,3.92157,0,14.2196,4.64,-8.83572,1,7,0,0,0,0,0,0,2.56,0,195.8
186,1783.920,24.41,11.1398,10.7023,72,0,-1.5625,845.25,0,15,84.2,3.75,1.26,0,3.92157,0,14.2196,4.64,-8.83168,1,7,0,0,0,0,0,0,2.56,0,195.8
187,1783.960,24.3675,11.1398,10.7023,69,0,-1.5625,847.5,0,14.5,84.2,3.75,1.24,0,3.92157,0,14.2196,4.64,-8.8369,1,7,0,0,0,0,0,0,2.56,0,195.8
188,1784.000,24.3249,11.1398,10.7023,69,0,-1.5625,845,0,14.5,84.2,3.75,1.24,0,3.92157,0,14.2196,4.64,-8.8369,1,7,0,0,0,0,0,0,2.56,0,195.8
189,1784.040,24.41,11.1398,10.7023,69,0,-1.5625,834,0,15,84.2,3.75,1.24,0,3.92157,0,14.2196,4.64,-8.8391,1,7,0,0,0,0,0,0,2.56,0,195.8
190,1784.080,24.3249,11.1398,10.7061,66,0,-1.5625,831,0,15.5,84.2,3.75,1.26,0,3.92157,0,14.2196,4.64,-8.852,1,7,0,0,0,0,0,0,2.56,0,194
191,1784.120,24.41,11.1398,10.7061,66,0,-1.5625,820,0,15.5,84.2,3.73,1.26,0,3.92157,0,14.2196,4.64,-8.852,1,7,0,0,0,0,0,0,2.56,0,194
192,1784.160,24.41,11.1398,10.7023,66,0,-1.5625,816.75,0,16,84.2,3.71,1.26,0,3.92157,0,14.2196,4.64,-8.86208,1,7,0,0,0,0,0,0,2.56,0,194
193,1784.200,24.3249,11.1398,10.7023,64,0,-1.5625,809,0,16,84.2,3.71,1.26,0,3.92157,0,14.2196,4.64,-8.86208,1,7,0,0,0,0,0,0,2.56,0,194
194,1784.240,23.8202,11.1398,10.7023,64,0,-1.5625,808.5,0,16,84.2,3.71,1.26,0,3.92157,0,14.2196,4.64,-8.87231,1,7,0,0,0,0,0,0,2.56,0,194
195,1784.280,23.7776,11.1398,10.7099,64,0,-1.5625,801.5,0,16,84.2,3.71,1.26,0,3.92157,0,14.2196,4.64,-8.87903,1,7,0,0,0,0,0,0,2.56,0,194
196,1784.320,23.7351,11.1398,10.7099,61,0,-1.5625,800.75,0,16,84.2,3.71,1.26,0,3.92157,0,14.2196,4.64,-8.87903,1,7,0,0,0,0,0,0,2.56,0,194
197,1784.360,23.8202,11.1398,10.7137,61,0,-1.5625,787.75,0,16,84.2,3.71,1.24,0,3.92157,0,14.2196,4.64,-8.88047,1,7,0,0,0,0,0,0,2.56,0,194
198,1784.400,23.8202,11.1398,10.7137,61,0,-1.5625,784.5,0,16,84.2,3.69,1.24,0,3.92157,0,14.2196,4.64,-8.88047,1,7,0,0,0,0,0,0,2.56,0,194
199,1784.440,23.8202,11.1398,10.7137,61,0,-1.5625,779.5,0,16.5,84.2,3.69,1.24,0,3.92157,0,14.2196,4.64,-8.88047,1,7,0,0,0,0,0,0,2.56,0,194
200,1784.480,23.8202,11.1398,10.7944,58,0,-1.5625,782.5,0,16,84.2,3.71,1.24,0,3.92157,0,14.2196,4.64,-8.88047,1,7,0,0,0,0,0,0,2.56,0,194
201,1784.520,23.7776,11.1398,10.7944,58,0,-1.5625,775,0,16.5,84.2,3.71,1.24,0,3.92157,0,14.2196,4.64,-8.88047,1,7,0,0,0,0,0,0,2.56,0,194
202,1784.560,23.7776,11.1398,10.7983,58,0,-1.5625,769,0,16.5,84.2,3.71,1.24,0,3.92157,0,14.2196,4.64,-8.88047,1,7,0,0,0,0,0,0,2.56,0,194
203,1784.600,23.7351,11.1398,10.8022,56,0,-1.5625,760.25,0,16.5,84.2,3.71,1.24,0,3.92157,0,14.2196,4.64,-8.88047,1,7,0,0,0,0,0,0,2.56,0,194
204,1784.640,23.8202,11.1398,10.8022,56,0,-1.5625,762.25,0,16.5,84.2,3.71,1.24,0,3.92157,0,14.2196,4.64,-8.88047,1,7,0,0,1,0,0,0,2.56,0,194
205,1784.680,23.7776,11.1398,10.806,56,0,-1.5625,748,0,16.5,84.2,3.71,1.24,0,3.92157,0,14.2196,4.64,-8.88047,1,7,0,0,1,0,0,0,2.56,0,194
206,1784.720,23.7776,11.1398,10.806,54,0,-1.5625,748.25,0,16.5,84.2,3.71,1.24,0,3.92157,0,14.2196,4.64,-8.88047,1,7,0,0,0,0,0,0,2.56,0,194
207,1784.760,23.8202,11.1398,10.806,54,0,-1.5625,748.25,0,16.5,84.2,3.71,1.24,0,3.92157,0,14.2196,4.64,-8.88047,1,7,0,0,0,0,0,0,2.56,0,194
208,1784.800,23.8202,11.1398,10.8099,54,0,-1.5625,747.75,0,16.5,84.2,3.71,1.24,0,3.92157,0,14.2196,4.785,-8.88047,1,7,0,0,0,0,0,0,2.56,0,194
209,1784.840,23.7776,11.1398,10.8099,52,0,-1.5625,743,0,16.5,86,3.71,1.24,0,3.92157,0,14.2196,4.785,-8.88047,1,7,0,0,0,0,0,0,2.56,0,194
210,1784.880,23.8202,11.1398,10.8138,52,0,-1.5625,751,0,16.5,86,3.73,1.24,0,3.92157,0,14.2196,4.785,-8.88047,1,7,0,0,0,0,0,0,2.56,0,194
211,1784.920,23.8627,11.1398,10.8177,52,0,-1.5625,746.25,0,16.5,86,3.75,1.24,0,3.92157,0,14.2196,4.785,-8.88047,1,7,0,0,0,0,0,0,2.56,0,194
212,1784.960,23.8202,11.1398,10.8177,50,0,-1.5625,752,0,16,86,3.75,1.24,0,3.92157,0,14.2196,4.785,-8.88047,1,7,0,0,0,0,0,0,2.56,0,194
213,1785.000,23.8202,11.1398,10.8099,50,0,-1.5625,745.5,0,16.5,86,3.79,1.26,0,4.31373,0,14.2196,4.785,-8.88047,1,7,0,0,0,0,0,0,2.56,0,194
214,1785.040,23.7776,11.1398,10.8099,50,0,-1.5625,743,0,16.5,86,3.83,1.26,0,4.31373,0,14.2196,4.785,-8.88047,1,7,0,0,0,0,0,0,2.56,0,194
215,1785.080,23.7351,11.1398,10.8099,50,0,-1.5625,737,0,16.5,86,3.83,1.26,0,4.31373,0,14.2196,4.785,-8.88047,1,7,0,0,0,0,0,0,2.56,0,194
216,1785.120,23.7351,11.1398,10.8099,48,0,-1.5625,748.25,0,16,86,3.85,1.26,0,4.31373,0,14.2196,4.785,-8.88047,1,7,0,0,0,0,0,0,2.56,0,194
217,1785.160,23.7776,11.1398,10.8099,48,0,-1.5625,743,0,16,86,3.85,1.26,0,4.31373,0,14.2196,4.785,-8.88047,1,7,0,0,0,0,0,0,2.56,0,194
218,1785.200,23.8202,11.1398,10.8138,48,0,-1.5625,748.75,0,16,86,3.87,1.26,0,4.31373,0,14.2196,4.785,-8.88047,1,7,0,0,0,0,0,0,2.56,0,194
219,1785.240,23.8202,11.1398,10.8138,46,0,-1.5625,750.5,0,16,86,3.87,1.26,0,4.31373,0,14.2196,4.785,-8.88047,1,7,0,0,0,0,0,0,2.56,0,194
220,1785.280,23.8627,11.1398,10.8138,46,0,-1.5625,761.5,0,15.5,86,3.93,1.26,0,4.31373,0,14.2196,4.93,-8.88047,1,7,0,0,0,0,0,0,2.816,0,194
221,1785.320,23.8202,11.1398,10.8138,46,0,-1.5625,762.25,0,15.5,86,3.93,1.26,0,4.31373,0,14.2196,4.93,-8.88047,1,7,0,0,0,0,0,0,2.816,0,194
222,1785.360,23.7776,11.1398,10.8138,45,0,-1.5625,771.5,0,17.5,86,3.93,1.26,0,4.31373,0,14.2196,4.93,-8.88047,1,7,0,0,0,0,0,0,2.816,0,194
223,1785.400,23.8202,11.1398,10.8138,45,0,-1.5625,776.25,0,16.5,86,3.93,1.26,0,4.31373,0,14.2196,4.93,-8.88047,1,7,0,0,0,0,0,0,2.816,0,194
224,1785.440,23.8202,11.1398,10.8177,45,0,-1.5625,770.25,0,17.5,86,3.93,1.26,0,4.31373,0,14.2196,4.93,-8.88047,1,7,0,0,0,0,0,0,2.816,0,194
225,1785.480,23.7776,11.1398,10.8177,44,0,-1.5625,776.75,0,16.5,86,3.93,1.26,0,4.31373,0,14.2196,4.93,-8.88047,1,7,0,0,0,0,0,0,2.816,0,194
226,1785.520,23.7776,11.1398,10.8999,44,0,-1.5625,779.5,0,16,86,3.93,1.26,0,4.31373,0,14.2196,4.93,-8.88047,1,7,0,0,0,0,0,0,2.816,0,194
227,1785.560,23.6945,11.1398,10.9039,44,0,-1.5625,794,0,14.5,86,3.93,1.26,0,4.31373,0,14.2196,4.93,-8.88047,1,7,0,0,0,0,0,0,2.816,0,194
228,1785.600,23.6945,11.1398,10.9039,43,0,-1.5625,794.75,0,14.5,86,3.89,1.26,0,4.31373,0,14.2196,4.93,-8.88047,1,7,0,0,0,0,0,0,2.816,0,194
229,1785.640,23.7351,11.1398,10.9078,43,0,-1.5625,803,0,14,86,3.89,1.26,0,4.31373,0,14.2196,4.93,-8.88047,1,7,0,0,0,0,0,0,2.816,0,194
230,1785.680,23.8627,11.1398,10.9118,43,0,-1.5625,802.5,0,14,86,3.87,1.28,0,4.31373,0,14.2196,4.93,-8.87817,1,7,0,0,0,0,0,0,2.56,0,194
231,1785.720,23.8202,11.1398,10.9118,43,0,-1.5625,813.5,0,13,86,3.89,1.28,0,4.31373,0,14.2196,4.93,-8.87817,1,7,0,0,0,0,0,0,2.56,0,194
232,1785.760,23.8202,11.1398,10.9118,41,0,-1.5625,804.25,0,13.5,86,3.89,1.28,0,4.31373,0,14.2196,4.93,-8.87656,1,7,0,0,0,0,0,0,2.56,0,194
233,1785.800,23.8627,11.1398,10.9118,41,0,-1.5625,800.5,0,14,86,3.89,1.28,0,4.31373,0,14.2196,4.93,-8.87656,1,7,0,0,0,0,0,0,2.56,0,194
234,1785.840,23.8202,11.1398,10.9157,41,0,-1.5625,792.5,0,15,86,3.87,1.28,0,4.31373,0,14.2196,4.93,-8.87991,1,7,0,0,0,0,0,0,2.56,0,194
235,1785.880,23.8202,11.1398,10.9197,40,0,-1.5625,799.75,0,14,86,3.89,1.26,0,4.31373,0,14.2196,4.93,-8.88047,1,7,0,0,0,0,0,0,2.56,0,194
236,1785.920,23.8202,11.1398,10.9197,40,0,-1.5625,801.75,0,14,86,3.87,1.26,0,4.31373,0,14.2196,4.93,-8.88047,1,7,0,0,0,0,0,0,2.56,0,194
237,1785.960,23.7776,11.1398,10.9276,40,0,-1.5625,813.25,0,13,86,3.87,1.26,0,4.31373,0,14.2196,4.93,-8.86828,1,7,0,0,0,0,0,0,2.56,0,194
238,1786.000,23.7776,11.1398,10.9276,39,0,-1.5625,809.25,0,13.5,86,3.87,1.26,0,4.31373,0,14.2196,4.93,-8.87208,1,7,0,0,0,0,0,0,2.56,0,194
239,1786.040,23.8627,11.1398,10.9276,39,0,-1.5625,816.5,0,13,86,3.87,1.26,0,4.31373,0,14.2196,4.93,-8.87208,1,7,0,0,0,0,0,0,2.56,0,194
240,1786.080,23.6519,11.1398,10.9316,39,0,-1.5625,817.25,0,13,86,3.87,1.26,0,4.31373,0,14.2196,4.93,-8.86538,1,7,0,0,0,0,0,0,2.56,0,194
241,1786.120,23.7776,11.1398,10.9316,38,0,-1.5625,813,0,13.5,86,3.87,1.26,0,4.31373,0,14.2196,4.93,-8.86538,1,7,0,0,0,0,0,0,2.56,0,194
242,1786.160,23.8202,11.1398,10.9356,38,0,-1.5625,820,0,12.5,86,3.87,1.26,0,4.31373,0,14.2196,4.93,-8.86847,1,7,0,0,0,0,0,0,2.56,0,194
243,1786.200,23.8627,11.1398,10.9395,38,0,-1.5625,811.25,0,13.5,86,3.87,1.28,0,4.31373,0,14.2196,4.93,-8.87022,1,7,0,0,0,0,0,0,2.56,0,194
244,1786.240,23.8202,11.1398,10.9395,38,0,-1.5625,813.75,0,13.5,86,3.87,1.28,0,4.31373,0,14.2196,4.93,-8.87022,1,7,0,0,0,0,0,0,2.56,0,194
245,1786.280,23.8202,11.1398,10.9395,38,0,-1.5625,809.25,0,13.5,86,3.87,1.28,0,4.31373,0,14.2196,4.93,-8.86777,1,7,0,0,0,0,0,0,2.56,0,194
246,1786.320,23.8627,11.1398,10.9475,38,0,-1.5625,823.75,0,12.5,86,3.87,1.28,0,4.31373,0,14.2196,4.93,-8.85866,1,7,0,0,0,0,0,0,2.56,0,194
247,1786.360,23.7776,11.1398,10.9475,38,0,-1.5625,822.25,0,12.5,86,3.85,1.26,0,4.31373,0,14.2196,4.93,-8.85866,1,7,0,0,0,0,0,0,2.56,0,194
248,1786.400,23.6945,11.1398,10.9515,37,0,-1.5625,822.75,0,12.5,86,3.85,1.26,0,4.31373,0,14.2196,4.93,-8.8595,1,7,0,0,0,0,0,0,2.56,0,194
249,1786.440,23.7351,11.1398,10.9515,37,0,-1.5625,824,0,13,86,3.85,1.26,0,4.31373,0,14.2196,4.93,-8.8595,1,7,0,0,0,0,0,0,2.56,0,194
250,1786.480,23.7351,11.1398,11.0358,37,0,-1.5625,810.25,0,14,86,3.85,1.26,0,4.31373,0,14.2196,4.93,-8.85851,1,7,0,0,0,0,0,0,2.56,0,194
251,1786.520,23.6094,11.1398,11.0398,36,0,-1.5625,810.75,0,14,86,3.83,1.26,0,3.92157,0,14.2196,4.93,-8.87101,1,7,0,0,0,0,0,0,2.56,0,194
252,1786.560,23.7776,11.1398,11.0398,36,0,-1.5625,805.5,0,14,86,3.83,1.26,0,4.31373,0,14.2196,4.93,-8.87101,1,7,0,0,0,0,0,0,2.56,0,194
253,1786.600,23.7351,11.1398,11.0439,36,0,-1.5625,817.5,0,13.5,86,3.83,1.26,0,3.92157,0,14.2196,4.93,-8.87532,1,7,0,0,0,0,0,0,2.56,0,194
254,1786.640,23.6945,11.1398,11.0479,36,0,-1.5625,815,0,13.5,86,3.81,1.26,0,3.92157,0,14.2196,4.93,-8.8668,1,7,0,0,0,0,0,0,2.56,0,194
255,1786.680,23.7351,11.1398,11.0479,36,0,-1.5625,824,0,13,86,3.79,1.26,0,3.92157,0,14.2196,4.93,-8.8668,1,7,0,0,0,0,0,0,2.56,0,194
256,1786.720,23.6945,11.1398,11.052,36,0,-1.5625,821.5,0,13,86,3.79,1.26,0,3.92157,0,14.2196,4.93,-8.86069,1,7,0,0,0,0,0,0,2.56,0,194
257,1786.760,23.7351,11.1398,11.052,35,0,-1.5625,830.5,0,12,86,3.79,1.26,0,3.92157,0,14.2196,4.93,-8.86069,1,7,0,0,0,0,0,0,2.56,0,194
258,1786.800,23.7351,11.1398,11.056,35,0,-1.5625,836,0,11.5,86,3.79,1.26,0,3.92157,0,14.2196,4.93,-8.85238,1,7,0,0,0,0,0,0,2.56,0,194
259,1786.840,23.6519,11.1398,11.0764,35,0,-1.5625,844.75,0,8.5,86,3.79,1.24,0,3.92157,0,14.2196,4.93,-8.83926,1,7,0,0,0,0,0,0,2.56,0,194
260,1786.880,23.6945,11.1398,11.0764,35,0,-1.5625,838,0,9.5,86,3.79,1.24,0,3.92157,0,14.2196,4.93,-8.83926,1,7,0,0,0,0,0,0,2.56,0,194
261,1786.920,23.5668,11.1398,11.0764,35,-1.5625,-1.5625,828.75,0,11,86,3.79,1.24,0,3.92157,0,14.2196,4.93,-8.84566,1,7,0,0,0,0,0,0,2.56,0,194
262,1786.960,23.6945,11.1398,11.0723,35,-3.125,-1.5625,822.75,0,11.5,86,3.77,1.26,0,3.92157,0,14.2196,4.93,-8.85954,1,7,0,0,0,0,0,0,2.56,0,194
263,1787.000,23.7351,11.1398,11.0723,35,-3.90625,-1.5625,819.25,0,11.5,86,3.77,1.26,0,3.92157,0,14.2196,4.93,-8.85954,1,7,0,0,0,0,0,0,2.304,0,194
264,1787.040,23.7776,11.1398,11.0764,34,-5.46875,-1.5625,826.5,0,11,86,3.77,1.26,0,3.92157,0,14.2196,4.93,-8.86269,1,7,0,0,0,0,0,0,2.304,0,194
265,1787.080,23.7776,11.1398,11.0764,34,-6.25,-1.5625,820.75,0,11.5,86,3.77,1.26,0,3.92157,0,14.2196,4.93,-8.86269,1,7,0,0,0,0,0,0,2.304,0,194
266,1787.120,23.6945,11.1398,11.0805,34,-7.8125,-1.5625,823.5,0,11.5,86,3.75,1.26,0,3.92157,0,14.2196,4.93,-8.86148,1,7,0,0,0,0,0,0,2.304,0,194
267,1787.160,23.6094,11.1398,11.0845,34,-8.59375,-1.5625,823.5,0,11.5,86,3.75,1.26,0,3.92157,0,14.2196,4.785,-8.85883,1,7,0,0,0,0,0,0,2.304,0,194
268,1787.200,23.6945,11.1398,11.0845,34,-10.1563,-1.5625,831.75,0,10.5,86,3.75,1.24,0,3.92157,0,14.2196,4.785,-8.85883,1,7,0,0,0,0,0,0,2.304,0,194
269,1787.240,23.6094,11.1398,11.0886,34,-10.9375,-1.5625,825,0,11.5,86,3.75,1.24,0,3.92157,0,14.2196,4.785,-8.85748,1,7,0,0,0,0,0,0,2.304,0,194
270,1787.280,23.6519,11.1398,11.0886,33,-12.5,-1.5625,827,0,11,86,3.73,1.24,0,3.92157,0,14.2196,4.785,-8.85339,1,7,0,0,0,0,0,0,2.304,0,194
271,1787.320,23.7776,11.1398,11.0886,33,-13.2813,-1.5625,833.75,0,10.5,86,3.75,1.24,0,3.92157,0,14.2196,4.785,-8.85339,1,7,0,0,0,0,0,0,2.304,0,194
272,1787.360,23.6945,11.1398,11.0968,33,-14.8438,-1.5625,835.75,0,10.5,86,3.73,1.26,0,3.92157,0,14.2196,4.785,-8.84943,1,7,0,0,0,0,0,0,2.304,0,194
273,1787.400,23.6945,11.1398,11.0968,33,-15.625,-1.5625,845.75,0,9,86,3.73,1.26,0,3.92157,0,14.2196,4.785,-8.84943,1,7,0,0,0,0,0,0,2.304,0,194
274,1787.440,23.6945,11.1398,11.105,33,-16.4063,-1.5625,847.25,0,9,86,3.71,1.26,0,3.92157,0,14.2196,4.785,-8.83834,1,7,0,0,0,0,0,0,2.304,0,194
275,1787.480,23.6094,11.1398,11.1958,33,-17.1875,-1.5625,857.75,0,8,86,3.71,1.26,0,3.92157,0,14.2196,4.785,-8.82747,1,7,0,0,0,0,0,0,2.048,0,194
276,1787.520,23.6519,11.1398,11.1958,32,-17.9688,-1.5625,855,0,8.5,86,3.71,1.24,0,3.92157,0,14.2196,4.785,-8.82747,1,7,0,0,0,0,0,0,2.048,0,194
277,1787.560,23.9884,11.1398,11.2,32,-18.75,-1.5625,856.25,0,8.5,86,3.69,1.24,0,3.92157,0,14.2196,4.785,-8.82889,1,7,0,0,0,0,0,0,2.048,0,194
278,1787.600,23.7351,11.1398,11.2042,32,-20.3125,-1.5625,859,0,8,86,3.67,1.22,0,3.92157,0,14.2196,4.785,-8.82629,1,7,0,0,0,0,0,0,2.048,0,194
279,1787.640,23.8627,11.1398,11.2042,32,-21.0938,-1.5625,854.25,0,9,86,3.65,1.24,0,3.92157,0,14.2196,4.785,-8.82629,1,7,0,0,0,0,0,0,2.048,0,194
280,1787.680,23.8627,11.1398,11.2042,32,-22.6563,-1.5625,864.25,0,8,86,3.63,1.24,0,3.92157,0,14.2196,4.785,-8.83075,1,7,0,0,0,0,0,0,2.048,0,194
281,1787.720,23.8202,11.1398,11.2042,32,-23.4375,-1.5625,860.5,0,8.5,86,3.63,1.26,0,3.92157,0,14.2196,4.785,-8.83075,1,7,0,0,0,0,0,0,2.048,0,194
282,1787.760,23.8202,11.2547,11.2125,32,-24.2188,-1.5625,862,0,8.5,86,3.63,1.24,0,3.92157,0,14.2196,4.64,-8.82483,1,7,0,0,0,0,0,0,2.048,0,194
283,1787.800,23.8627,11.3695,11.2125,31,-24.2188,-1.5625,852.5,0,9.5,86,3.63,1.24,0,3.92157,0,14.2196,4.64,-8.83221,1,7,0,0,0,0,0,0,2.048,0,194
284,1787.840,23.8202,11.4844,11.2125,31,-25,-1.5625,854.75,0,9.5,86,3.63,1.22,0,3.92157,0,14.2196,4.64,-8.83221,1,7,0,0,0,0,0,0,2.048,0,194
285,1787.880,23.7351,11.5992,11.2125,31,-25,-1.5625,848.75,0,10.5,86,3.63,1.22,0,3.92157,0,14.2196,4.64,-8.83792,1,7,0,0,0,0,0,0,2.048,0,194
286,1787.920,23.8202,11.7141,11.2125,31,-25,-1.5625,840.25,0,11.5,86,3.63,1.24,0,3.92157,0,14.2196,4.64,-8.84351,1,7,0,0,0,0,0,0,2.048,0,194
287,1787.960,23.8202,11.8289,11.2125,31,-25,-1.5625,842.5,0,11,86,3.67,1.24,0,3.92157,0,14.2196,4.64,-8.84351,1,7,0,0,0,0,0,0,2.048,0,194
288,1788.000,23.7776,11.9437,11.2125,31,-25,-1.5625,831.75,0,12,86,3.67,1.26,0,3.92157,0,14.2196,4.64,-8.8415,1,7,0,0,0,0,0,0,2.048,0,194
289,1788.040,24.0735,12.0586,11.2125,31,-25,-1.5625,836.5,0,11.5,86,3.67,1.26,0,3.92157,0,14.2196,4.64,-8.8415,1,7,0,0,0,0,0,0,2.048,0,194
290,1788.080,24.41,12.1734,11.2125,31,-25,-1.5625,819.75,0,13.5,86,3.67,1.26,0,3.92157,0,14.2196,4.64,-8.84693,1,7,0,0,0,0,0,0,2.048,0,194
291,1788.120,24.3675,12.2883,11.2083,31,-25,-1.5625,817.75,0,13.5,86,3.67,1.26,0,3.92157,0,14.2196,4.64,-8.86407,1,7,0,0,0,0,0,0,2.048,0,194
292,1788.160,24.3675,12.4031,11.2083,31,-25,-1.5625,808.75,0,14.5,86,3.67,1.24,0,3.92157,0,14.2196,4.64,-8.86407,1,7,0,0,0,0,0,0,2.048,0,194
293,1788.200,24.41,12.518,11.2083,31,-25,-1.5625,809.25,0,14,86,3.67,1.24,0,3.92157,0,14.2196,4.64,-8.87206,1,7,0,0,0,0,0,0,2.048,0,194
294,1788.240,24.3249,12.6328,11.2125,31,-25,-1.5625,800.75,0,15,86,3.67,1.24,0,3.92157,0,14.2196,4.64,-8.87987,1,7,0,0,0,0,0,0,2.048,0,194
295,1788.280,24.3249,12.7477,11.2125,31,-25,-1.5625,800.5,0,15,86,3.67,1.24,0,3.92157,0,14.2196,4.64,-8.87987,1,7,0,0,0,0,0,0,2.048,0,194
296,1788.320,24.3249,12.8625,11.2167,31,-25,-1.5625,806.5,0,14.5,86,3.67,1.24,0,3.92157,0,14.2196,4.64,-8.87992,1,7,0,0,0,0,0,0,2.048,0,194
297,1788.360,24.2843,12.9773,11.2167,31,-25,-1.5625,797.5,0,15,86,3.71,1.24,0,3.92157,0,14.2196,4.64,-8.87992,1,7,0,0,0,0,0,0,2.048,0,194
298,1788.400,24.41,13.0922,11.2209,31,-25,-1.5625,802.25,0,14.5,86,3.69,1.24,0,3.92157,0,14.2196,4.64,-8.88047,1,7,0,0,0,0,0,0,2.048,0,194
299,1788.440,24.4526,13.0922,11.2209,31,-25,-1.5625,801,0,14.5,86,3.71,1.24,0,3.92157,0,14.2196,4.64,-8.87956,1,7,0,0,0,0,0,0,2.048,0,194
300,1788.480,24.3675,13.207,11.2209,31,-25,-1.5625,807,0,14,86,3.71,1.26,0,3.92157,0,14.2196,4.64,-8.87956,1,7,0,0,0,0,0,0,2.048,0,194
301,1788.520,24.3249,13.3219,11.2209,31,-25,-1.5625,798.75,0,15,86,3.69,1.26,0,3.92157,0,14.2196,4.64,-8.87408,1,7,0,0,0,0,0,0,2.048,0,194
302,1788.560,24.3675,13.3219,11.3136,31,-25,-1.5625,807.75,0,13.5,86,3.67,1.26,0,3.92157,0,14.2196,4.64,-8.87327,1,7,0,0,0,0,0,0,2.048,0,194
303,1788.600,24.41,13.4367,11.3136,31,-25,-1.5625,807,0,14,86,3.69,1.26,0,3.92157,0,14.2196,4.64,-8.87327,1,7,0,0,0,0,0,0,2.048,0,194
304,1788.640,24.3675,13.5516,11.3136,31,-25,-1.5625,816,0,13,86,3.71,1.24,0,3.92157,0,14.2196,4.64,-8.86588,1,7,0,0,0,0,0,0,2.048,0,194
305,1788.680,24.3249,13.5516,11.3136,31,-25,-1.5625,805.25,0,14,86,3.69,1.24,0,3.92157,0,14.2196,4.64,-8.86588,1,7,0,0,0,0,0,0,2.048,0,194
306,1788.720,24.41,13.6664,11.3179,31,-25,-1.5625,806,0,13.5,86,3.67,1.24,0,3.92157,0,14.2196,4.64,-8.87569,1,7,0,0,0,0,0,0,2.048,0,194
307,1788.760,24.3249,13.6664,11.3222,31,-25,-1.5625,791.75,0,15,86,3.67,1.24,0,3.92157,0,14.2196,4.64,-8.88047,1,7,0,0,0,0,0,0,2.048,0,194
308,1788.800,24.2418,13.7813,11.3222,31,-25,-1.5625,800.25,0,14,86,3.69,1.24,0,3.92157,0,14.2196,4.64,-8.88047,1,7,0,0,0,0,0,0,2.048,0,194
309,1788.840,24.3675,13.7813,11.3264,31,-25,-1.5625,805,0,13.5,86,3.69,1.22,0,3.92157,0,14.2196,4.64,-8.8802,1,7,0,0,0,0,0,0,2.048,0,194
310,1788.880,24.3249,13.7813,11.3264,31,-25,-1.5625,799,0,14,86,3.67,1.24,0,3.92157,0,14.2196,4.64,-8.88047,1,7,0,0,0,0,0,0,2.048,0,194
311,1788.920,24.1992,13.7813,11.3264,31,-25,-1.5625,809.25,0,13,86,3.67,1.24,0,3.92157,0,14.2196,4.64,-8.88047,1,8,0,0,0,0,0,0,2.048,0,194
312,1788.960,24.3675,13.7813,11.3264,31,-25,-1.5625,799,0,14,86,3.67,1.24,0,3.92157,0,14.2196,4.64,-8.87201,1,8,0,0,0,0,0,0,2.048,0,194
313,1789.000,24.3675,13.8961,11.3264,31,-25,-1.5625,805.5,0,13.5,86,3.67,1.26,0,3.92157,0,14.2196,4.64,-8.87201,1,8,0,0,0,0,0,0,2.048,0,194
314,1789.040,24.3249,13.8961,11.3307,31,-25,-1.5625,808,0,13,86,3.67,1.26,0,3.92157,0,14.2196,4.64,-8.87542,1,8,0,0,0,0,0,0,2.048,0,194
315,1789.080,24.41,13.8961,11.3349,31,-25,-1.5625,809.75,0,13,86,3.67,1.26,0,3.92157,0,14.2196,4.64,-8.87146,1,8,0,0,0,0,0,0,2.048,0,194
316,1789.120,23.8202,13.8961,11.3349,31,-25,-1.5625,799.5,0,14,86,3.67,1.26,0,3.92157,0,14.2196,4.64,-8.87146,1,8,0,0,0,0,0,0,2.048,0,194
317,1789.160,23.8627,13.8961,11.3392,31,-25,-1.5625,801.5,0,13.5,86,3.67,1.26,0,3.92157,0,14.2196,4.64,-8.88047,1,8,0,0,0,0,0,0,2.048,0,194
318,1789.200,23.8627,14.0109,11.3392,31,-25,-1.5625,785.5,0,15.5,86,3.67,1.26,0,3.92157,0,14.2196,4.64,-8.88047,1,8,0,0,0,0,0,0,2.048,0,194
319,1789.240,23.8627,13.8961,11.3392,31,-25,-1.5625,779.5,0,15.5,86,3.69,1.26,0,3.92157,0,14.2196,4.64,-8.88047,1,8,0,0,0,0,0,0,2.048,0,194
320,1789.280,23.7351,14.0109,11.3435,31,-25,-1.5625,772.5,0,16,86,3.71,1.26,0,3.92157,0,14.2196,4.64,-8.88047,1,8,0,0,0,0,0,0,2.048,0,194
321,1789.320,23.7351,14.0109,11.3435,31,-25,-1.5625,785,0,15,86,3.69,1.26,0,3.92157,0,14.2196,4.64,-8.88047,1,8,0,0,0,0,0,0,2.048,0,194
322,1789.360,23.8627,14.0109,11.3435,31,-25,-1.5625,781.75,0,15,86,3.67,1.24,0,3.92157,0,14.2196,4.64,-8.88047,1,8,0,0,0,0,0,0,2.048,0,194
323,1789.400,23.8202,14.0109,11.3478,31,-25,-1.5625,793.5,0,14,86,3.71,1.24,0,3.92157,0,14.2196,4.64,-8.88047,1,8,0,0,0,0,0,0,2.048,0,194
324,1789.440,23.7776,14.0109,11.3478,31,-25,-1.5625,783.5,0,15,86,3.69,1.24,0,3.92157,0,14.2196,4.64,-8.88047,1,8,0,0,0,0,0,0,2.048,0,194
325,1789.480,23.8202,14.0109,11.352,31,-25,-1.5625,791.75,0,14,86,3.69,1.24,0,3.92157,0,14.2196,4.64,-8.88047,1,8,0,0,0,0,0,0,2.048,0,194
326,1789.520,23.8202,14.0109,11.352,31,-25,-1.5625,798.25,0,13,86,3.67,1.22,0,3.92157,0,14.2196,4.64,-8.88047,1,8,0,0,0,0,0,0,2.048,0,194
327,1789.560,23.7351,14.0109,11.352,31,-25,-1.5625,788.5,0,14,86,3.67,1.22,0,3.92157,0,14.2196,4.64,-8.88047,1,8,0,0,0,0,0,0,2.048,0,194
328,1789.600,23.7351,14.0109,11.4426,31,-25,-1.5625,793.5,0,13.5,86,3.67,1.24,0,3.92157,0,14.2196,4.64,-8.88047,1,8,0,0,0,0,0,0,2.048,0,194
329,1789.640,23.7351,14.0109,11.4426,31,-25,-1.5625,784.75,0,14.5,87.8,3.67,1.24,0,3.92157,0,14.2196,4.64,-8.88047,1,8,0,0,0,0,0,0,2.048,0,194
330,1789.680,23.8202,14.1258,11.447,31,-25,-1.5625,791.25,0,13.5,87.8,3.69,1.24,0,3.92157,0,14.2196,4.64,-8.88047,1,8,0,0,0,0,0,0,2.048,0,195.8
331,1789.720,23.8627,14.0109,11.447,31,-25,-1.5625,786.25,0,14,87.8,3.67,1.24,0,3.92157,0,14.2196,4.64,-8.88047,1,8,0,0,0,0,0,0,2.048,0,195.8
332,1789.760,23.8202,14.1258,11.447,31,-25,-1.5625,796.5,0,12.5,87.8,3.67,1.26,0,3.92157,0,14.2196,4.64,-8.88047,1,8,0,0,0,0,0,0,2.048,0,195.8
333,1789.800,23.7776,14.1258,11.4514,31,-25,-1.5625,796.75,0,12.5,87.8,3.69,1.26,0,3.92157,0,14.2196,4.64,-8.88047,1,8,0,0,0,0,0,0,2.048,0,195.8
334,1789.840,23.8202,14.1258,11.4557,31,-25,-1.5625,796.75,0,12.5,87.8,3.69,1.26,0,3.92157,0,14.2196,4.64,-8.88047,1,8,0,0,0,0,0,0,2.048,0,195.8
335,1789.880,23.8627,14.0109,11.4557,31,-25,-1.5625,787,0,13.5,87.8,3.67,1.26,0,3.92157,0,14.2196,4.64,-8.88047,1,8,0,0,0,0,0,0,2.048,0,195.8
336,1789.920,23.8627,14.1258,11.4557,31,-25,-1.5625,794.25,0,13,87.8,3.67,1.26,0,3.92157,0,14.2196,4.64,-8.88047,1,8,0,0,0,0,0,0,2.048,0,195.8
337,1789.960,23.8202,14.1258,11.4557,31,-25,-1.5625,789.5,0,13.5,87.8,3.69,1.26,0,3.92157,0,14.2196,4.64,-8.88047,1,8,0,0,0,0,0,0,2.048,0,195.8
338,1790.000,23.8202,14.1258,11.4601,31,-25,-1.5625,800.75,0,12,87.8,3.71,1.26,0,3.92157,0,14.2196,4.64,-8.88047,1,8,0,0,0,0,0,0,2.048,0,195.8
339,1790.040,23.7776,14.1258,11.4644,31,-25,-1.5625,792.5,0,13,87.8,3.67,1.24,0,3.92157,0,14.2196,4.64,-8.88047,1,8,0,0,0,0,0,0,2.048,0,195.8
340,1790.080,23.7351,14.1258,11.4644,31,-25,-1.5625,797.5,0,12.5,87.8,3.67,1.24,0,3.92157,0,14.2196,4.64,-8.88047,1,8,0,0,0,0,0,0,2.048,0,195.8
341,1790.120,23.8627,14.1258,11.4688,31,-25,-1.5625,794.25,0,12.5,87.8,3.69,1.24,0,3.92157,0,14.2196,4.64,-8.88047,1,8,0,0,0,0,0,0,2.048,0,195.8
342,1790.160,23.8202,14.1258,11.4688,31,-25,-1.5625,782.75,0,12.5,87.8,3.69,1.24,0,3.92157,0,14.2196,4.64,-8.88047,1,8,0,0,0,0,0,0,2.048,0,195.8
343,1790.200,23.7776,14.1258,11.4688,31,-25,-1.5625,787,0,13.5,87.8,3.71,1.24,0,3.92157,0,14.2196,4.64,-8.88047,1,8,0,0,0,0,0,0,2.048,0,195.8
344,1790.240,23.8202,14.1258,11.4732,31,-25,-1.5625,776.5,0,14.5,87.8,3.71,1.24,0,3.92157,0,14.2196,4.64,-8.88047,1,8,0,0,0,0,0,0,2.048,0,195.8
345,1790.280,23.8627,14.1258,11.4732,31,-25,-1.5625,782.25,0,13.5,87.8,3.71,1.24,0,3.92157,0,14.2196,4.785,-8.88047,1,8,0,0,0,0,0,0,2.048,0,195.8
346,1790.320,23.6945,14.1258,11.4775,31,-25,-1.5625,771.5,0,15,87.8,3.71,1.24,0,3.92157,0,14.2196,4.785,-8.88047,1,8,0,0,0,0,0,0,2.048,0,195.8
347,1790.360,23.6945,14.1258,11.4775,31,-25,-1.5625,780.25,0,14,87.8,3.71,1.24,0,3.92157,0,14.2196,4.785,-8.88047,1,8,0,0,0,0,0,0,2.048,0,195.8
348,1790.400,23.7351,14.1258,11.4775,31,-25,-1.5625,780.25,0,13.5,87.8,3.71,1.24,0,3.92157,0,14.2196,4.785,-8.88047,1,8,0,0,0,0,0,0,2.048,0,195.8
349,1790.440,24.1141,14.1258,11.4819,31,-25,-1.5625,780.75,0,13.5,87.8,3.71,1.24,0,3.92157,0,14.2196,4.785,-8.88047,1,8,0,0,0,0,0,0,2.048,0,195.8
350,1790.480,23.8202,14.1258,11.4863,31,-25,-1.5625,770.25,0,14.5,87.8,3.71,1.26,0,3.92157,0,14.2196,4.785,-8.88047,1,8,0,0,0,0,0,0,2.048,0,195.8
351,1790.520,23.9033,14.1258,11.4863,31,-25,-1.5625,778.5,0,13.5,87.8,3.71,1.26,0,3.92157,0,14.2196,4.785,-8.88047,1,8,0,0,0,0,0,0,2.048,0,195.8
352,1790.560,23.7776,14.1258,11.4863,31,-25,-1.5625,773.5,0,14,87.8,3.71,1.26,0,3.92157,0,14.2196,4.785,-8.88047,1,8,0,0,0,0,0,0,2.048,0,195.8
353,1790.600,23.7776,14.1258,11.4863,31,-25,-1.5625,778.25,0,13.5,87.8,3.71,1.26,0,3.92157,0,14.2196,4.785,-8.88047,1,8,0,0,0,0,0,0,2.048,0,195.8
354,1790.640,23.7776,14.1258,11.5791,31,-25,-1.5625,771.25,0,14.5,87.8,3.71,1.26,0,3.92157,0,14.2196,4.785,-8.88047,1,8,0,0,0,0,0,0,2.048,0,195.8
355,1790.680,23.7776,14.1258,11.5835,31,-25,-1.5625,773.5,0,14,87.8,3.71,1.26,0,3.92157,0,14.2196,4.785,-8.88047,1,8,0,0,0,0,0,0,2.048,0,195.8
356,1790.720,23.8627,14.1258,11.5835,31,-25,-1.5625,766.75,0,14.5,87.8,3.71,1.26,0,3.92157,0,14.2196,4.785,-8.88047,1,8,0,0,0,0,0,0,2.048,0,195.8
357,1790.760,23.8202,14.1258,11.5835,31,-25,-1.5625,778.5,0,13,87.8,3.73,1.26,0,3.92157,0,14.2196,4.785,-8.88047,1,8,0,0,0,0,0,0,2.048,0,195.8
358,1790.800,23.8202,14.1258,11.588,31,-25,-1.5625,775.75,0,13.5,87.8,3.73,1.26,0,3.92157,0,14.2196,4.785,-8.88047,1,8,0,0,0,0,0,0,2.048,0,195.8
359,1790.840,23.7776,14.2406,11.588,31,-25,-1.5625,783.25,0,12.5,87.8,3.73,1.26,0,3.92157,0,14.2196,4.785,-8.88047,1,8,0,0,0,0,0,0,2.048,0,195.8
360,1790.880,23.8202,14.2406,11.5791,31,-25,-1.5625,788,0,12,87.8,3.75,1.26,0,3.92157,0,14.2196,4.785,-8.88047,1,8,0,0,0,0,0,0,2.048,0,195.8
361,1790.920,23.8627,14.2406,11.5791,31,-25,-1.5625,801.5,0,11,87.8,3.75,1.26,0,3.92157,0,14.2196,4.785,-8.88047,1,8,0,0,0,0,0,0,2.048,0,195.8
362,1790.960,23.8202,14.2406,11.5791,31,-25,-1.5625,792.5,0,11.5,87.8,3.75,1.26,0,3.92157,0,14.2196,4.785,-8.87919,1,8,0,0,0,0,0,0,2.048,0,195.8
363,1791.000,23.8202,14.2406,11.5791,31,-25,-1.5625,802.75,0,11,87.8,3.75,1.24,0,3.92157,0,14.2196,4.785,-8.87783,1,8,0,0,0,0,0,0,2.048,0,195.8
364,1791.040,23.8202,14.3555,11.5791,31,-25,-1.5625,788.5,0,12,87.8,3.75,1.24,0,3.92157,0,14.2196,4.785,-8.87783,1,8,0,0,0,0,0,0,2.048,0,195.8
365,1791.080,23.8202,14.3555,11.5835,31,-24.2188,-1.5625,782.5,0,12.5,87.8,3.75,1.24,0,3.92157,0,14.2196,4.785,-8.88047,1,8,0,0,0,0,0,0,2.048,0,195.8
366,1791.120,23.8202,14.3555,11.5835,31,-24.2188,-1.5625,779.75,0,14,87.8,3.75,1.24,0,3.92157,0,14.2196,4.785,-8.88047,1,8,0,0,0,0,0,0,2.048,0,195.8
367,1791.160,23.7776,14.4703,11.5835,31,-24.2188,-1.5625,784.25,0,12.5,87.8,3.75,1.24,0,3.92157,0,14.2196,4.93,-8.88047,1,8,0,0,0,0,0,0,2.048,0,195.8
368,1791.200,23.8202,14.4703,11.588,31,-24.2188,-1.5625,796,0,11.5,87.8,3.77,1.24,5.4902,4.31373,66.6104,14.2196,4.93,-8.3495,1,8,0,0,0,16.8627,0,0,2.048,0,195.8
369,1791.240,23.7351,14.4703,11.588,31,-24.2188,-1.5625,787.5,0,12.5,87.8,4.16,1.36,8.23529,8.23529,97.8978,14.2196,4.93,-8.3495,1,8,0,0,0,16.8627,0,0,2.048,0,195.8
370,1791.280,23.6519,14.4703,12.268,31,-24.2188,-1.5625,797.25,0,13,87.8,6.17,1.5,8.23529,9.80392,97.8975,14.2196,4.93,-5.56767,1,8,0,0,0,74.902,0,0,2.048,0,195.8
371,1791.320,23.7351,14.4703,12.263,31,-23.4375,-1.5625,812.25,0,13.5,87.8,8.26,1.6,7.45098,9.80392,91.8929,14.2196,5.655,-5.65724,1,8,0,0,0,74.902,0,0,2.304,0,195.8
372,1791.360,23.6945,14.5852,12.263,31,-6.25,-1.5625,805.5,0,14.5,87.8,9.23,1.62,7.45098,9.80392,88.8087,14.2196,6.09,-5.65724,1,8,0,0,0,74.902,0,0,3.072,0,195.8
373,1791.400,23.7776,14.4703,10.5449,31,-5.46875,-1.5625,811.75,0,15.5,87.8,9.77,1.64,7.45098,9.80392,88.7208,14.2196,6.525,-5.87468,1,8,0,0,0,74.902,0,0,3.072,0,195.8
374,1791.440,23.8627,14.5852,11.2376,31,-5.46875,-.78125,825.25,0,16,87.8,9.84,1.64,7.45098,9.41177,91.7029,14.2196,6.815,-5.77537,1,8,0,0,0,74.902,0,0,3.072,0,195.8
375,1791.480,23.7351,14.3555,11.2376,31,-4.6875,-.78125,857.75,0,17,87.8,9.84,1.64,7.84314,9.41177,94.3888,14.2196,6.815,-5.77537,1,8,0,0,0,74.902,0,0,3.072,0,195.8
376,1791.520,23.8627,13.8961,12.1198,31,-4.6875,-.78125,993,0,18.5,87.8,9.84,1.64,7.45098,9.80392,89.297,14.2196,7.105,-5.81624,1,8,0,0,0,74.902,0,0,3.328,0,195.8
377,1791.560,23.8202,13.4367,12.1198,31,-4.6875,-.78125,1058,0,20,87.8,10.19,1.66,7.84314,10.5882,91.4099,14.2196,7.25,-5.81624,1,8,0,0,0,74.902,0,0,3.328,0,195.8
378,1791.600,23.7776,13.0922,12.0567,31,-4.6875,-.78125,1190.75,0,22,87.8,11.15,1.7,7.45098,10.9804,86.4584,14.2196,7.395,-5.76686,1,8,0,0,0,74.902,0,0,3.584,0,195.8
379,1791.640,23.7776,12.7477,12.248,31,-4.6875,-.78125,1249,0,23,87.8,11.41,1.7,7.45098,10.9804,85.5181,14.2196,7.395,-5.93338,1,8,0,0,0,74.902,0,0,3.584,0,195.8
380,1791.680,23.8202,12.2883,12.248,31,-4.6875,-.78125,1368,0,24,87.8,11.47,1.72,7.45098,10.9804,83.5612,14.2196,7.395,-5.93338,1,8,0,0,0,74.902,0,0,3.584,0,195.8
381,1791.720,23.7776,11.9437,12.258,31,-4.6875,-.78125,1473.25,0,25,87.8,11.38,1.7,7.45098,10.9804,81.8261,14.2196,7.395,-5.99242,1,8,0,0,0,74.902,0,0,3.584,0,195.8
382,1791.760,23.8627,11.9437,12.283,31,-4.6875,-.78125,1559.25,0,25,87.8,11.47,1.72,7.45098,10.9804,80.4103,14.2196,7.395,-6.08746,1,8,0,0,0,74.902,0,0,3.584,0,195.8
383,1791.800,23.8202,12.1734,12.283,31,-4.6875,-.78125,1630.5,0,25.5,87.8,11.56,1.72,7.45098,10.9804,76.5325,14.2196,7.25,-6.08746,1,8,0,0,0,74.902,0,0,3.584,0,195.8
384,1791.840,24.1992,12.2883,12.3182,31,-4.6875,0,1701.5,0,26,87.8,11.41,1.7,7.05882,10.9804,72.7498,14.2196,6.96,-6.34174,1,8,0,0,1,74.902,0,0,3.328,0,195.8
385,1791.880,24.2843,12.1734,12.3182,31,-6.25,0,1720,0,26,87.8,11.29,1.7,6.66667,10.5882,69.8083,14.2196,6.815,-6.34174,1,8,0,0,1,74.902,0,0,3.328,0,195.8
386,1791.920,24.2843,12.0586,12.9264,31,-7.8125,0,1717.25,0,26,87.8,11.23,1.7,6.66667,10.5882,69.8462,14.2196,6.67,-6.49653,1,8,0,0,1,74.902,0,0,3.072,0,195.8
387,1791.960,24.1567,11.9437,12.9153,31,-10.9375,0,1688,0,26,87.8,11.2,1.68,7.05882,10.5882,72.7248,14.2196,6.525,-6.3885,1,8,0,0,1,74.902,0,0,3.072,0,195.8
388,1792.000,24.1567,11.9437,12.9153,31,-12.5,0,1665.75,0,26,87.8,10.93,1.66,7.45098,10.5882,75.9772,14.2196,6.38,-6.3885,1,8,0,0,1,74.902,0,0,3.072,0,195.8
389,1792.040,24.1141,11.8289,12.4661,31,-14.0625,0,1634.75,0,26,87.8,11.03,1.68,7.45098,10.9804,79.174,14.2196,6.235,-6.26014,1,8,0,0,1,74.902,0,0,3.072,0,195.8
390,1792.080,24.2843,11.8289,12.4971,31,-15.625,0,1603.75,0,26,87.8,11.26,1.7,7.84314,11.3725,82.4078,14.2196,6.235,-6.02881,1,8,0,0,2,74.902,0,0,2.816,0,195.8
391,1792.120,24.1992,11.9437,12.4971,31,-17.1875,0,1569.5,0,26,87.8,11.5,1.74,7.84314,11.3725,82.988,14.2196,6.235,-6.02881,1,8,0,0,1,74.902,0,0,2.816,0,195.8
392,1792.160,24.1992,11.9437,12.5023,30,-18.75,0,1537.75,0,26,87.8,11.78,1.74,7.84314,11.7647,83.5298,14.2196,6.235,-6.00375,1,8,0,0,2,74.902,0,0,2.816,0,195.8
393,1792.200,24.2418,12.0586,12.5023,30,-19.5313,0,1505.25,0,25.5,87.8,12.18,1.76,7.84314,12.1569,84.0861,14.2196,6.235,-6.00375,1,8,0,0,2,74.902,0,0,2.816,0,195.8
394,1792.240,24.2418,12.1734,12.5075,30,-21.0938,0,1476.25,0,25.5,87.8,12.8,1.76,8.23529,12.549,87.2162,14.2196,6.38,-5.97658,1,8,0,0,2,74.902,0,0,2.816,0,195.8
395,1792.280,24.2418,12.4031,12.4971,30,-21.875,0,1450.25,0,25.5,87.8,13.42,1.8,8.23529,12.549,89.7727,14.2196,6.38,-5.87777,1,8,0,0,1,74.902,0,0,2.816,0,195.8
396,1792.320,24.1567,12.7477,12.4971,30,-22.6563,0,1423.75,0,25.5,87.8,14.22,1.82,9.01961,13.3333,94.3538,14.2196,6.67,-5.87777,1,8,0,0,2,74.902,0,0,3.072,0,195.8
397,1792.360,24.1992,12.9773,12.293,30,-6.25,0,1393.75,0,25,87.8,15.17,1.86,9.80392,13.7255,102.929,14.2196,6.96,-5.60415,1,8,0,0,1,74.902,0,0,3.584,0,195.8
398,1792.400,24.2418,13.4367,12.0086,30,-6.25,0,1377.5,0,23.5,87.8,16.14,1.88,10.5882,14.1176,109.138,14.2196,7.25,-4.8946,1,8,0,0,2,74.902,0,0,3.84,0,195.8
399,1792.440,24.1992,13.8961,12.0086,30,-5.46875,.78125,1374.25,0,22,87.8,16.91,1.9,10.9804,14.5098,113.183,14.2196,7.685,-4.8946,1,8,0,0,1,74.902,0,0,4.096,0,195.8
400,1792.480,24.1992,14.1258,11.8994,30,-4.6875,.78125,1385.75,0,21,87.8,17.37,1.92,11.3725,14.902,115.193,14.2196,7.975,-4.36685,1,8,0,0,2,74.902,0,0,4.352,0,195.8
401,1792.520,24.1992,14.3555,11.8994,30,-4.6875,.78125,1403.5,0,19.5,87.8,18.04,1.94,11.7647,15.6863,117.221,14.2196,8.265,-4.36685,1,8,0,0,1,74.902,0,0,4.352,0,195.8
402,1792.560,24.2843,14.1258,11.9089,30,-4.6875,.78125,1429,0,19,87.8,18.78,1.96,11.7647,15.6863,117.215,14.2196,8.555,-4.02178,1,8,0,0,2,74.902,0,0,4.608,0,195.8
403,1792.600,24.1992,13.8961,11.999,30,-4.6875,.78125,1465.25,0,18.5,87.8,18.78,1.94,11.7647,15.6863,117.205,14.2196,8.845,-4.0227,1,8,0,0,1,74.902,0,0,4.864,0,195.8
404,1792.640,24.2418,13.4367,11.999,31,-4.6875,.78125,1500.25,0,18,87.8,18.85,1.94,11.7647,15.6863,117.196,14.2196,9.135,-4.0227,1,8,0,0,2,74.902,0,0,4.864,0,195.8
405,1792.680,24.2418,13.0922,12.278,31,-4.6875,.78125,1530.25,0,18,87.8,18.78,1.94,11.7647,15.6863,117.188,14.2196,9.135,-4.02396,1,8,0,0,1,74.902,0,0,4.864,0,195.8
406,1792.720,24.1992,12.7477,12.288,31,-4.6875,.78125,1555.25,0,17.5,87.8,18.63,1.94,11.7647,15.6863,117.182,14.2196,9.135,-4.02519,1,8,0,0,2,74.902,0,0,4.864,0,195.8
407,1792.760,24.1992,12.2883,12.288,31,-5.46875,.78125,1576.5,0,18,87.8,18.41,1.94,11.7647,15.6863,117.176,14.2196,9.135,-4.02519,1,8,0,0,1,74.902,0,0,4.864,0,195.8
408,1792.800,24.2418,12.0586,12.3081,31,-5.46875,.78125,1596.75,0,18,87.8,18.48,1.94,11.7647,15.6863,119.457,14.2196,9.135,-4.02573,1,8,0,0,2,74.902,0,0,5.12,0,195.8
409,1792.840,24.2418,11.8289,12.3081,31,-5.46875,3.125,1605.5,0,18,87.8,18.34,1.92,11.7647,15.2941,119.378,14.2196,9.135,-4.02573,1,8,0,0,2,74.902,0,0,4.864,0,195.8
410,1792.880,24.1567,11.5992,12.3333,31,-6.25,3.125,1611,0,18,87.8,17.75,1.92,11.7647,15.2941,119.296,14.2196,9.135,-3.83712,1,8,0,0,2,74.902,0,0,4.864,0,195.8
411,1792.920,24.1141,11.4844,12.3586,31,-6.25,3.125,1601.25,1.24274,18,87.8,17.89,1.92,11.7647,15.2941,119.44,14.2196,9.135,-3.84505,1,8,0,0,2,74.902,0,0,4.864,0,195.8
412,1792.960,24.2418,11.2547,12.3586,31,-10.1563,3.125,1589.5,1.24274,18,87.8,17.97,1.92,11.7647,14.902,119.45,14.2196,8.99,-3.84505,1,8,0,0,3,74.902,0,0,4.608,0,195.8
413,1793.000,24.1992,11.1398,12.384,31,-14.0625,3.125,1560.5,1.24274,18,87.8,17.82,1.92,11.7647,15.2941,119.421,14.2196,8.99,-3.83099,1,8,0,0,2,74.902,0,0,4.352,0,195.8
414,1793.040,24.2843,11.1398,12.4147,30,-17.1875,3.125,1533.75,1.24274,18,87.8,17.75,1.92,11.7647,15.2941,119.395,14.2196,8.99,-3.83565,1,8,0,0,3,74.902,0,0,4.352,0,195.8
415,1793.080,24.2843,11.1398,12.4147,30,-20.3125,3.125,1495.5,1.86411,18,87.8,17.75,1.92,11.7647,14.902,119.358,14.2196,8.99,-3.83565,1,8,0,0,2,74.902,0,0,4.096,0,195.8
416,1793.120,24.4526,11.1398,12.4301,30,-23.4375,3.125,1470,1.86411,17.5,87.8,17.75,1.92,11.7647,14.902,119.333,14.2196,8.99,-3.83941,1,8,0,0,3,74.902,0,0,4.096,0,195.8
417,1793.160,24.1567,11.3695,12.4301,30,-25,3.125,1437.75,1.86411,17.5,87.8,17.52,1.92,11.7647,14.902,119.301,14.2196,8.99,-3.83941,1,8,0,0,2,74.902,0,0,4.096,0,195.8
418,1793.200,24.1992,11.7141,12.4403,30,-25,3.125,1419,1.86411,17,87.8,17.44,1.9,11.7647,14.902,119.283,14.2196,8.99,-3.84367,1,8,0,0,3,74.902,0,0,4.096,0,195.8
419,1793.240,24.1992,12.0586,12.4506,30,-25,3.125,1391.5,2.48548,17,87.8,17.52,1.9,11.7647,14.5098,119.256,14.2196,9.135,-3.84578,1,8,0,0,2,74.902,0,0,4.096,0,195.8
420,1793.280,24.1992,12.4031,12.4506,30,-25,3.125,1369.25,2.48548,17,87.8,16.83,1.88,11.7647,14.5098,117.222,14.2196,9.135,-3.84578,1,8,0,0,3,74.902,0,0,4.096,0,195.8
421,1793.320,24.2843,12.7477,12.4558,30,-25,3.125,1359.25,2.48548,16.5,87.8,16.98,1.88,11.3725,14.5098,115.223,14.2196,9.135,-4.02176,1,8,0,0,2,74.902,0,0,4.096,0,195.8
422,1793.360,24.1567,13.0922,12.4558,30,-25,3.125,1337.75,2.48548,16.5,87.8,16.75,1.88,11.3725,14.1176,115.254,14.2196,9.28,-4.19023,1,8,0,0,3,74.902,0,0,4.096,0,195.8
423,1793.400,24.1992,13.4367,12.4558,30,-25,3.125,1311,3.10686,16.5,87.8,16.21,1.86,10.9804,14.1176,113.351,14.2196,9.28,-4.19023,1,8,0,0,2,74.902,0,0,4.096,0,195.8
424,1793.440,24.2843,13.6664,12.4558,30,-25,3.125,1270.75,3.10686,16,87.8,15.5,1.86,10.9804,14.5098,113.458,14.2196,9.28,-4.1834,1,8,0,0,3,74.902,0,0,4.096,0,195.8
425,1793.480,24.1141,13.7813,12.4558,30,-25,3.125,1247.25,3.10686,16,87.8,15.91,1.88,10.9804,14.5098,113.52,14.2196,9.28,-4.1834,1,8,0,0,3,74.902,0,0,4.096,0,195.8
426,1793.520,24.1567,13.8961,12.4558,30,-25,3.125,1163.5,3.10686,15.5,87.8,16.52,1.88,10.9804,15.2941,113.447,14.2196,9.425,-4.33873,1,8,0,0,2,74.902,0,0,4.096,0,195.8
427,1793.560,24.1992,14.0109,12.3384,31,-25,3.125,1136.25,3.72823,14.5,87.8,16.83,1.9,10.1961,15.2941,108.198,14.2196,9.57,-4.64893,1,8,0,0,3,74.902,0,0,4.096,0,195.8
428,1793.600,24.2418,14.1258,12.3384,31,-7.03125,3.125,1072.5,3.72823,13.5,87.8,16.37,1.86,10.5882,14.5098,109.765,14.2196,10.005,-4.64893,1,8,0,0,2,74.902,0,0,5.12,0,195.8
429,1793.640,24.2418,14.1258,12.0615,31,-6.25,3.125,1032.5,4.3496,13,89.6,15.74,1.84,9.41177,14.1176,102.058,14.2196,10.15,-4.66031,1,8,0,0,2,74.902,0,0,5.376,0,195.8
430,1793.680,24.2843,14.2406,12.1443,31,-6.25,3.125,1008.5,4.3496,12.5,89.6,15.25,1.8,10.1961,13.3333,106.663,14.2196,10.295,-5.18009,1,8,0,0,3,74.902,0,0,5.376,0,195.8
431,1793.720,24.1992,14.3555,12.1443,31,-6.25,3.125,959.75,4.3496,12,89.6,13.42,1.78,11.7647,14.1176,115.138,14.2196,10.44,-5.18009,1,8,0,0,2,74.902,0,0,5.376,0,195.8
432,1793.760,24.1141,14.3555,12.278,31,-6.25,3.125,911.5,4.3496,11.5,89.6,13.86,1.82,10.9804,14.5098,112.07,14.2196,10.585,-4.44033,1,8,0,0,2,74.902,0,0,5.376,0,195.8
433,1793.800,24.2418,14.0109,12.263,31,-6.25,3.125,883,4.3496,11,89.6,14.3,1.8,11.7647,14.902,114.458,14.2196,10.73,-4.44033,1,8,0,0,1,74.902,0,0,5.376,0,195.8
434,1793.840,24.2843,13.8961,12.263,31,-6.25,3.125,849.25,4.3496,10.5,89.6,13.96,1.82,10.9804,15.2941,110.515,14.2196,10.875,-4.25843,1,8,0,0,1,74.902,0,0,5.632,0,195.8
435,1793.880,24.2418,13.7813,11.9657,31,-6.25,3.125,814,4.3496,10,89.6,14.13,1.8,9.80392,15.2941,105.761,14.2196,11.165,-4.70638,1,8,0,0,1,74.902,0,0,5.632,0,195.8
436,1793.920,24.1992,13.5516,11.9657,31,-6.25,3.125,786,4.3496,9.5,89.6,14.05,1.76,9.01961,13.7255,101.276,14.2196,11.745,-4.70638,1,8,0,0,1,74.902,0,0,5.888,0,195.8
437,1793.960,24.1992,13.207,11.876,31,-6.25,3.125,800.75,4.97097,9,89.6,12.82,1.7,9.01961,12.9412,102.402,14.2196,11.745,-5.38723,1,8,0,0,0,74.902,0,0,5.888,0,195.8
438,1794.000,24.1567,13.0922,12.2132,31,-6.25,3.125,879,4.97097,10,89.6,11.29,1.7,10.1961,13.7255,108.096,14.2196,11.745,-4.90654,1,8,0,0,0,74.902,0,0,5.632,0,195.8
439,1794.040,24.1567,12.8625,12.2132,31,-6.25,3.125,911.75,4.97097,10.5,89.6,11.44,1.74,10.1961,14.1176,108.108,14.2196,11.745,-4.90654,1,8,0,0,0,74.902,0,0,5.632,0,195.8
440,1794.080,24.1992,12.6328,12.273,31,-6.25,3.125,940,4.97097,11,89.6,11.81,1.76,9.01961,14.1176,99.9093,14.2196,11.6,-5.02839,1,8,0,0,0,74.902,0,0,5.376,0,195.8
441,1794.120,23.7776,12.4031,12.273,31,-6.25,3.125,945.25,4.97097,11.5,89.6,12.17,1.72,8.23529,12.9412,95.7267,14.2196,11.6,-5.02839,1,8,0,0,0,74.902,0,0,5.376,0,195.8
442,1794.160,23.6945,12.2883,12.5283,31,-6.25,3.125,926.75,4.97097,11.5,89.6,11.44,1.7,8.23529,12.549,95.8367,14.2196,11.455,-5.63544,1,8,0,0,0,74.902,0,0,5.376,0,195.8
443,1794.200,23.7776,12.0586,12.3232,31,-7.03125,3.125,934.25,5.59234,12,89.6,11.41,1.7,8.23529,12.549,97.246,14.2196,11.31,-5.62727,1,8,0,0,0,74.902,0,0,5.12,0,195.8
444,1794.240,23.8202,11.9437,12.3232,31,-8.59375,3.125,937.25,5.59234,12,89.6,11.19,1.7,9.41177,12.549,102.662,14.2196,11.31,-5.62727,1,8,0,0,0,74.902,0,0,4.864,0,195.8
445,1794.280,23.7351,11.8289,12.7674,31,-10.1563,3.125,955.75,5.59234,12.5,89.6,11.22,1.74,10.5882,13.7255,109.518,14.2196,11.165,-5.15181,1,8,0,0,0,74.902,0,0,4.864,0,195.8
446,1794.320,23.7776,11.8289,12.6814,31,-13.2813,3.125,1005.5,5.59234,13,89.6,12.35,1.76,11.3725,14.5098,114.058,14.2196,11.02,-4.31318,1,8,0,0,0,74.902,0,0,4.864,0,195.8
447,1794.360,23.8202,11.8289,12.6814,31,-14.0625,3.125,1031.5,5.59234,13.5,89.6,13.07,1.82,11.3725,15.2941,114.243,14.2196,11.02,-4.31318,1,8,0,0,0,74.902,0,0,4.608,0,195.8
448,1794.400,23.7776,11.8289,12.3993,31,-16.4063,3.125,1085.75,5.59234,13.5,89.6,14.74,1.82,10.9804,15.2941,112.917,14.2196,11.02,-4.25476,1,8,0,0,0,74.902,0,0,4.608,0,195.8
449,1794.440,23.7776,12.0586,12.4045,31,-17.1875,3.125,1116.75,6.21371,14,89.6,14.91,1.84,9.41177,14.5098,103.181,14.2196,11.165,-4.25476,1,8,0,0,0,74.902,0,0,4.608,0,195.8
450,1794.480,23.8202,12.2883,12.4045,31,-17.9688,3.125,1143.25,6.21371,14,89.6,14.22,1.8,8.23529,13.3333,94.6871,14.2196,11.02,-5.2241,1,8,0,0,0,74.902,0,0,4.608,0,195.8
451,1794.520,23.7351,12.518,12.4147,31,-18.75,3.125,1134,6.21371,14,89.6,13.42,1.78,8.23529,12.9412,92.9213,14.2196,11.02,-5.71798,1,8,0,0,0,74.902,0,0,4.608,0,195.8
452,1794.560,23.7351,12.8625,12.4147,31,-18.75,3.125,1114.5,6.21371,14.5,89.6,12.53,1.76,7.45098,12.9412,87.2564,14.2196,10.73,-5.71798,1,8,0,0,0,74.902,0,0,4.352,0,195.8
453,1794.600,23.8202,12.9773,13.0553,31,-18.75,3.125,1109.25,6.83508,15,89.6,12.36,1.74,6.66667,12.1569,78.518,14.2196,10.585,-5.88329,1,8,0,0,0,74.902,0,0,4.096,0,195.8
454,1794.640,23.7776,13.207,13.0215,31,-18.75,3.125,1100,6.83508,15,89.6,12.02,1.72,7.05882,11.7647,81.6613,14.2196,10.44,-6.16063,1,8,0,0,0,74.902,0,0,4.096,0,195.8
455,1794.680,23.7776,13.207,13.0215,31,-19.5313,3.125,1133,6.83508,16,89.6,11.53,1.7,8.23529,11.7647,92.9331,14.2196,10.295,-6.16063,1,8,0,0,0,74.902,0,0,4.096,0,195.8
456,1794.720,23.8202,13.3219,13.2741,31,-20.3125,3.125,1199.25,6.83508,17,89.6,11.62,1.74,9.41177,12.9412,102.791,14.2196,9.86,-5.56838,1,8,0,0,0,74.902,0,0,3.84,0,195.8
457,1794.760,23.6094,13.4367,13.2741,31,-21.0938,3.125,1239.25,6.83508,17,89.6,12.47,1.8,9.41177,13.7255,102.396,14.2196,9.86,-5.56838,1,8,0,0,0,74.902,0,0,3.84,0,195.8
458,1794.800,23.6519,13.5516,13.2391,31,-21.0938,3.125,1287.5,6.83508,17.5,89.6,14.74,1.84,8.23529,13.7255,92.3482,14.2196,9.715,-5.29139,1,8,0,0,0,74.902,0,0,4.096,0,195.8
459,1794.840,23.8627,13.6664,12.5912,31,-21.875,3.125,1306.75,7.45645,17.5,89.6,15.17,1.84,7.84314,13.7255,87.4295,14.2196,9.715,-5.78701,1,8,0,0,1,74.902,0,0,4.096,0,195.8
460,1794.880,23.8627,13.7813,12.5912,31,-21.875,3.125,1299.5,7.45645,17,89.6,15.17,1.82,8.23529,13.3333,92.1544,14.2196,9.715,-5.78701,1,8,0,0,1,74.902,0,0,4.096,0,195.8
461,1794.920,23.6945,14.0109,12.6018,31,-21.875,3.125,1285.5,7.45645,17.5,89.6,13.96,1.8,8.23529,13.3333,92.3763,14.2196,9.715,-5.73395,1,8,0,0,1,74.902,0,0,4.096,0,195.8
462,1794.960,23.8202,14.1258,12.6282,31,-21.0938,3.125,1276.5,7.45645,17.5,89.6,14.13,1.82,8.23529,13.3333,90.6192,14.2196,9.57,-5.78357,1,8,0,0,2,74.902,0,0,4.096,0,195.8
463,1795.000,23.8202,14.3555,12.6282,31,-21.0938,3.125,1279.25,7.45645,17.5,89.6,14.4,1.82,8.23529,13.3333,90.5722,14.2196,9.425,-5.78357,1,8,0,0,1,74.902,0,0,4.096,0,195.8
464,1795.040,23.7351,14.3555,12.6388,31,-21.0938,3.125,1306.25,7.45645,17.5,89.6,14.57,1.82,8.23529,13.3333,92.0467,14.2196,9.425,-5.7235,1,8,0,0,2,74.902,0,0,4.096,0,195.8
465,1795.080,23.5243,14.4703,12.6388,31,-21.0938,3.125,1344.5,7.45645,17.5,89.6,14.82,1.84,9.01961,13.7255,95.3997,14.2196,9.425,-5.7235,1,8,0,0,1,74.902,0,0,4.096,0,195.8
466,1795.120,23.8627,14.3555,12.6494,31,-21.0938,3.125,1380,7.45645,18,89.6,15.08,1.84,9.01961,13.7255,96.9414,14.2196,9.28,-5.6353,1,8,0,0,2,74.902,0,0,4.096,0,195.8
467,1795.160,23.7351,14.3555,12.6601,31,-21.875,3.125,1412.75,8.07783,18,89.6,15.75,1.86,9.41177,14.5098,100.666,14.2196,9.28,-5.42364,1,8,0,0,1,74.902,0,0,3.84,0,195.8
468,1795.200,23.7351,14.3555,12.6601,31,-21.875,3.125,1430.25,8.07783,18,89.6,16.52,1.88,10.1961,14.5098,106.752,14.2196,9.28,-5.42364,1,8,0,0,3,74.902,0,0,3.84,0,195.8
469,1795.240,23.8202,14.2406,12.6654,31,-22.6563,3.125,1446,8.07783,18,91.4,16.98,1.9,9.80392,14.902,102.44,14.2196,9.28,-4.91833,1,8,0,0,2,74.902,0,0,4.096,0,195.8
470,1795.280,23.8202,14.2406,12.6601,31,-22.6563,3.125,1461.25,8.07783,17.5,91.4,17.37,1.9,8.62745,14.902,91.6879,14.2196,9.28,-5.74047,1,8,0,0,3,74.902,0,0,4.096,0,197.6
471,1795.320,23.7351,14.2406,12.6601,31,-23.4375,3.125,1482.5,8.6992,17.5,91.4,16.91,1.88,8.23529,13.7255,87.3633,14.2196,9.28,-5.74047,1,8,0,0,2,74.902,0,0,4.096,0,197.6
472,1795.360,23.8202,14.2406,12.6601,31,-23.4375,3.125,1506.75,8.6992,18,91.4,15.9,1.84,7.84314,13.3333,84.3535,14.2196,9.28,-5.96638,1,8,0,0,3,74.902,0,0,4.096,0,197.6
473,1795.400,23.8202,14.2406,12.6601,31,-23.4375,3.125,1525.25,8.6992,18.5,91.4,15.17,1.84,7.84314,13.3333,83.9802,14.2196,9.135,-5.96638,1,8,0,0,2,74.902,0,0,3.84,0,197.6
474,1795.440,23.7351,14.2406,13.0951,31,-23.4375,3.125,1540,8.6992,18.5,91.4,14.91,1.84,8.23529,13.3333,86.0827,14.2196,8.845,-5.97978,1,8,0,0,3,74.902,0,0,3.584,0,197.6
475,1795.480,23.8202,14.1258,13.1523,31,-24.2188,3.125,1548.5,8.6992,19,91.4,15.25,1.84,8.62745,13.7255,90.3951,14.2196,8.7,-5.91537,1,8,0,0,2,74.902,0,0,3.584,0,197.6
476,1795.520,23.8627,14.1258,13.1523,31,-24.2188,3.125,1548.75,8.6992,19,91.4,15.74,1.86,9.41177,14.1176,99.3101,14.2196,8.555,-5.91537,1,8,0,0,3,74.902,0,0,3.584,0,197.6
477,1795.560,23.7776,14.0109,12.6814,31,-25,3.125,1542.25,9.32057,19,91.4,16.83,1.88,10.1961,14.5098,103.819,14.2196,8.555,-5.36465,1,8,0,0,3,74.902,0,0,3.84,0,197.6
478,1795.600,24.1567,14.0109,12.6814,31,-25,3.125,1559.5,9.32057,19,91.4,17.37,1.9,9.80392,14.5098,101.445,14.2196,8.555,-5.35834,1,8,0,0,3,74.902,0,0,3.84,0,197.6
479,1795.640,24.2418,14.0109,12.6814,31,-25,3.125,1595,9.32057,19,91.4,17.45,1.9,9.41177,14.5098,96.5633,14.2196,8.555,-5.35834,1,8,0,0,3,74.902,0,0,3.84,0,197.6
480,1795.680,24.1141,14.1258,12.6814,31,-25,3.125,1642,9.32057,19,91.4,17.22,1.88,8.23529,13.7255,84.3243,14.2196,8.555,-5.74645,1,8,0,0,4,74.902,0,0,3.84,0,197.6
481,1795.720,24.1992,14.2406,12.6814,31,-25,3.125,1680.75,9.32057,19.5,91.4,15.9,1.84,7.05882,12.9412,73.0046,14.2196,8.555,-5.74645,1,8,0,0,3,74.902,0,0,3.84,0,197.6
482,1795.760,24.1567,14.3555,12.676,31,-25,3.125,1704.25,9.32057,20.5,91.4,14.48,1.8,5.88235,12.1569,59.2937,14.2196,8.265,-6.3646,1,8,0,0,5,74.902,0,0,3.328,0,197.6
483,1795.800,24.1992,14.3555,13.7093,31,-25,3.125,1714.25,9.32057,21.5,91.4,12.8,1.76,6.27451,11.7647,64.5038,14.2196,7.975,-6.76163,1,8,0,0,4,69.0196,0,0,3.328,0,197.6
484,1795.840,24.031,14.2406,13.7093,31,-25,3.125,1710,9.32057,22.5,91.4,12.27,1.74,6.66667,11.7647,69.8969,14.2196,7.685,-6.76163,1,8,0,0,6,69.0196,0,0,3.072,0,197.6
485,1795.880,24.1992,14.2406,13.728,31,-25,3.125,1704.75,9.94194,24,91.4,12.11,1.76,6.66667,11.7647,70.0587,14.2196,7.25,-6.48839,1,8,0,0,7,74.902,0,0,3.072,0,197.6
486,1795.920,24.1141,14.1258,13.1466,31,-25,3.125,1710.25,9.94194,25,91.4,12.45,1.78,7.45098,12.549,75.2261,14.2196,7.25,-6.38096,1,8,0,0,7,74.902,0,0,3.072,0,197.6
487,1795.960,24.1567,14.1258,13.1466,31,-25,3.125,1734.25,9.94194,25,91.4,13.6,1.8,9.01961,13.3333,89.666,14.2196,7.105,-6.38096,1,8,0,0,8,74.902,0,0,3.072,0,197.6
488,1796.000,24.1567,14.2406,12.676,31,-25,3.125,1771.75,9.94194,25.5,91.4,15.08,1.86,10.1961,14.1176,100.62,14.2196,7.105,-5.61595,1,8,0,0,8,74.902,0,0,3.072,0,197.6
489,1796.040,24.1992,14.3555,12.676,31,-25,3.125,1819.75,9.94194,25,91.4,17.29,1.9,10.1961,14.5098,99.8478,14.2196,7.105,-5.61595,1,8,0,0,9,74.902,0,0,3.072,0,197.6
490,1796.080,24.1992,14.4703,12.676,31,-25,3.125,1840.75,9.94194,24.5,91.4,17.97,1.94,9.41177,14.902,92.5308,14.2196,7.25,-5.50195,1,8,0,0,9,74.902,0,0,3.072,0,197.6
491,1796.120,24.2418,14.5852,12.676,31,-24.2188,3.125,1860.25,9.94194,24,91.4,18.19,1.94,8.23529,14.1176,80.5618,14.2196,7.395,-6.02625,1,8,0,0,11,74.902,0,0,3.328,0,197.6
492,1796.160,24.1992,14.7,12.676,31,-24.2188,3.125,1858.75,9.94194,23.5,91.4,17.67,1.88,8.23529,13.3333,80.5871,14.2196,7.395,-6.02625,1,8,0,0,13,74.902,0,0,3.328,0,197.6
493,1796.200,24.1141,15.0445,12.676,31,-22.6563,3.125,1855.5,9.94194,23.5,91.4,16.14,1.86,9.41177,13.3333,92.2861,14.2196,7.395,-6.19221,1,8,0,0,13,74.902,0,0,3.328,0,197.6
494,1796.240,24.1567,15.2742,12.6707,31,-21.875,3.125,1872.25,9.94194,24,91.4,16.21,1.88,9.80392,14.1176,96.6719,14.2196,7.395,-5.61926,1,8,0,0,15,74.902,0,0,3.328,0,197.6
495,1796.280,24.1141,15.5039,12.6707,31,-20.3125,3.125,1916,10.5633,24,91.4,17.37,1.92,9.80392,14.5098,95.9611,14.2196,7.395,-5.61926,1,8,0,0,16,74.902,0,0,3.328,0,197.6
496,1796.320,24.0735,15.3891,12.6707,31,-20.3125,3.125,1944.75,10.5633,24,91.4,17.89,1.92,9.41177,14.902,93.152,14.2196,7.395,-5.7443,1,8,0,0,16,74.902,0,0,3.328,0,197.6
497,1796.360,24.0735,15.2742,12.6707,31,-20.3125,3.125,1972.25,10.5633,23.5,91.4,18.26,1.94,9.80392,14.902,95.0481,14.2196,7.395,-5.7443,1,8,0,0,17,74.902,0,0,3.328,0,197.6
498,1796.400,24.0735,15.1594,12.6707,31,-20.3125,3.125,2005.75,10.5633,23.5,91.4,18.34,1.94,10.1961,15.2941,99.1847,14.2196,7.395,-5.69136,1,8,0,0,17,74.902,0,0,3.328,0,197.6
499,1796.440,24.2418,15.0445,12.6707,31,-20.3125,3.125,2014,10.5633,23.5,91.4,19.22,1.98,10.1961,15.6863,96.6567,14.2196,7.395,-5.52465,1,8,0,0,17,74.902,0,0,3.328,0,197.6
500,1796.480,24.1992,15.0445,12.6707,31,-19.5313,3.125,2014.5,10.5633,23.5,91.4,19.9,2,9.41177,15.2941,91.9275,14.2196,7.395,-5.52465,1,8,0,0,18,74.902,0,0,3.584,0,197.6
501,1796.520,24.2418,14.9297,12.6654,31,-19.5313,3.125,2025.5,11.1847,23,91.4,19.44,1.96,9.41177,14.902,91.6789,14.2196,7.395,-5.91414,1,8,0,0,18,74.902,0,0,3.584,0,197.6
502,1796.560,24.0735,14.8148,12.6654,31,-19.5313,3.125,2041,11.1847,23,91.4,18.78,1.96,9.80392,14.5098,93.7516,14.2196,7.395,-5.74663,1,8,0,0,17,74.902,0,0,3.584,0,197.6
503,1796.600,23.9884,14.7,12.6654,31,-19.5313,3.125,2059.25,11.1847,23,91.4,18.78,1.94,9.80392,14.902,93.3225,14.2196,7.395,-5.74663,1,8,0,0,18,74.902,0,0,3.584,0,197.6
504,1796.640,24.1567,14.5852,12.6601,31,-19.5313,3.125,2112.25,11.1847,23.5,91.4,18.7,1.94,9.80392,14.902,92.1859,14.2196,7.395,-5.78454,1,8,0,0,18,74.902,0,0,3.328,0,197.6
505,1796.680,24.1567,14.4703,12.6547,31,-20.3125,3.125,2157.25,11.8061,24,91.4,18.7,1.96,10.1961,14.902,93.685,14.2196,7.395,-5.78454,1,8,0,0,18,74.902,0,0,3.328,0,197.6
506,1796.720,24.3675,14.2406,12.6547,31,-21.0938,3.125,2213.25,11.8061,24.5,91.4,19.07,1.98,10.1961,15.2941,95.0378,14.2196,7.25,-5.7493,1,8,0,0,18,74.902,0,0,3.328,0,197.6
507,1796.760,24.2418,14.1258,12.6494,31,-21.875,3.125,2225,11.8061,24.5,91.4,19.97,2,10.1961,15.6863,94.8013,14.2196,7.25,-5.69553,1,8,0,0,19,74.902,0,0,3.328,0,197.6
508,1796.800,24.2418,14.0109,12.6494,31,-22.6563,3.125,2240.25,11.8061,24.5,91.4,20.47,2,9.80392,15.6863,89.433,14.2196,7.105,-5.69553,1,8,0,0,19,74.902,0,0,3.328,0,197.6
509,1796.840,24.1992,13.8961,12.6494,31,-23.4375,3.125,2226.25,11.8061,24.5,91.4,20.14,1.98,9.41177,15.2941,87.2119,14.2196,7.105,-6.02089,1,8,0,0,19,74.902,0,0,3.328,0,197.6
510,1796.880,24.1567,14.0109,12.6494,31,-23.4375,3.125,2239.5,11.8061,24.5,91.4,19.66,1.98,10.1961,15.2941,91.9814,14.2196,7.105,-5.9076,1,8,0,0,19,74.902,0,0,3.328,0,197.6
511,1796.920,24.1141,14.1258,12.6494,31,-23.4375,3.125,2250.25,12.4274,24.5,91.4,19.83,2,10.5882,15.6863,96.8394,14.2196,7.105,-5.9076,1,8,0,0,20,74.902,0,0,3.328,0,197.6
512,1796.960,24.2418,14.2406,12.6494,31,-23.4375,3.125,2294.5,12.4274,24.5,91.4,21.16,2.02,10.1961,16.0784,90.8402,14.2196,7.105,-5.63958,1,8,0,0,20,74.902,0,0,3.328,0,197.6
513,1797.000,24.1567,14.2406,12.6441,31,-23.4375,3.125,2325.5,12.4274,24.5,91.4,20.82,2.02,10.1961,15.6863,90.1938,14.2196,7.105,-5.88905,1,8,0,0,19,74.902,0,0,3.328,0,197.6
514,1797.040,24.1141,14.2406,12.6441,31,-23.4375,3.125,2380.5,12.4274,24.5,91.4,20.47,2.02,10.1961,15.6863,89.0527,14.2196,7.105,-5.88905,1,8,0,0,19,74.902,0,0,3.328,0,197.6
515,1797.080,24.1567,14.3555,12.6388,31,-23.4375,3.125,2400.5,12.4274,25,91.4,20.56,2,9.80392,15.6863,85.9874,14.2196,7.105,-5.95408,1,8,0,0,19,74.902,0,0,3.072,0,197.6
516,1797.120,24.0735,14.3555,12.6388,31,-23.4375,3.125,2412.5,12.4274,25,91.4,20.14,1.98,7.84314,15.2941,64.6405,14.2196,6.96,-5.95408,1,8,0,0,19,74.902,0,0,3.072,0,197.6
517,1797.160,24.1992,14.3555,12.6388,31,-24.2188,3.125,2418,13.0488,25.5,91.4,18.56,1.94,7.05882,13.7255,58.6299,14.2196,6.815,-6.98291,1,8,0,0,20,74.902,0,0,3.072,0,197.6
518,1797.200,24.1567,14.2406,12.6388,31,-24.2188,3.125,2398.75,13.0488,26,91.4,17.22,1.88,7.45098,13.3333,61.0825,14.2196,6.67,-7.06342,1,8,0,0,19,74.902,0,0,3.072,0,197.6
519,1797.240,24.0735,14.1258,12.6388,31,-25,3.125,2406.75,13.0488,26.5,91.4,16.45,1.86,6.66667,13.3333,56.7743,14.2196,6.38,-7.06342,1,8,0,0,19,74.902,0,0,2.816,0,197.6
520,1797.280,24.1992,14.0109,12.6441,31,-25,3.125,2403,13.0488,26.5,91.4,15.51,1.84,.392157,12.1569,4.32368,14.2196,6.235,-7.71951,1,8,0,0,20,74.902,0,0,2.816,0,197.6
521,1797.320,24.3675,13.8961,12.6441,31,-25,3.125,2442.75,13.0488,20,91.4,11.32,1.68,0,9.01961,0,14.2196,5.8,-7.71951,1,8,0,0,20,74.902,0,0,2.816,0,197.6
522,1797.360,24.1992,13.8961,13.2332,31,-25,3.125,2478,13.0488,20,91.4,9.45,1.6,0,8.23529,0,14.2196,5.22,-9.49924,1,8,0,0,15,0,0,0,2.304,0,197.6
523,1797.400,24.8742,13.7813,14.2209,31,-25,3.125,2469.5,13.0488,19,91.4,8.56,1.56,0,7.84314,0,14.2196,4.785,-9.49924,1,8,0,0,10,0,0,0,2.048,0,197.6
524,1797.440,24.2418,13.6664,14.2209,31,-25,3.125,2477.5,13.0488,18.5,91.4,8.1,1.52,0,7.84314,0,14.2196,4.495,-9.49924,1,8,0,0,2,0,0,0,2.048,0,197.6
525,1797.480,24.2843,13.6664,13.2858,31,-25,3.125,2484.25,13.6702,18,91.4,7.8,1.5,0,7.45098,0,14.2196,4.205,-9.49924,1,8,0,0,0,0,0,0,2.048,0,197.6
526,1797.520,24.1992,13.6664,12.5649,31,-25,3.125,2467,13.6702,17.5,91.4,7.71,1.5,0,7.05882,0,14.2196,4.06,-9.49924,1,8,0,0,0,0,0,0,1.792,0,197.6
527,1797.560,24.3249,13.7813,12.5649,31,-25,3.125,2465.5,13.6702,16.5,91.4,7.49,1.48,0,7.05882,0,14.2196,3.77,-9.49924,1,8,0,0,0,0,0,0,1.792,0,197.6
528,1797.600,24.1992,13.7813,12.5649,31,-25,3.125,2442.75,13.6702,16,91.4,7,1.46,0,7.05882,0,14.2196,3.625,-9.49924,1,8,0,0,0,0,0,0,1.792,0,197.6
529,1797.640,24.1567,13.7813,12.5649,31,-25,3.125,2395.5,13.6702,15.5,91.4,6.81,1.46,0,6.66667,0,14.2196,3.625,-9.49924,1,8,0,0,0,0,0,0,1.536,0,197.6
530,1797.680,24.2418,13.7813,12.5649,31,-25,3.125,2370.5,13.6702,14.5,91.4,6.37,1.44,0,6.27451,0,14.2196,3.48,-9.49924,1,8,0,0,0,0,0,0,0,0,197.6
531,1797.720,24.1992,13.7813,12.6707,31,-25,3.125,2307.5,13.6702,14,91.4,5.96,1.42,0,6.27451,0,14.2196,3.335,-9.49924,1,8,0,0,0,0,0,0,0,0,197.6
532,1797.760,24.2843,13.8961,12.6707,31,-25,3.125,2249,13.6702,13.5,91.4,5.81,1.42,0,6.27451,0,14.2196,3.335,-9.49924,1,8,0,0,1,0,0,0,0,0,197.6
533,1797.800,24.2843,14.1258,12.6707,31,-25,3.125,2165.25,13.6702,12.5,91.4,5.78,1.4,0,5.88235,0,14.2196,3.335,-9.49924,1,8,0,0,0,0,0,0,0,0,197.6
534,1797.840,24.3675,14.5852,12.6707,31,-24.2188,2.34375,2099.25,13.6702,12.5,91.4,5.63,1.4,0,5.4902,0,14.2196,3.335,-9.49924,1,8,0,0,1,0,0,0,0,0,197.6
535,1797.880,24.1141,15.2742,12.6707,31,-22.6563,2.34375,2012.25,13.6702,12.5,91.4,5.52,1.38,0,5.4902,0,14.2196,3.335,-9.49924,1,8,0,0,1,0,0,0,0,0,197.6
536,1797.920,24.1992,16.3078,12.6707,31,-21.0938,2.34375,1956.5,13.6702,12,91.4,5.48,1.38,0,5.4902,0,14.2196,3.335,-9.48572,1,8,0,0,1,0,0,0,0,0,197.6
537,1797.960,24.1992,17.2266,12.6707,31,-18.75,2.34375,1884.75,13.6702,12,91.4,5.44,1.38,0,5.4902,0,14.2196,3.335,-9.48572,1,8,0,0,1,0,0,0,0,0,197.6
538,1798.000,24.2418,18.2602,12.676,31,-17.1875,2.34375,1833.25,13.6702,12,91.4,5.48,1.38,0,6.27451,0,14.2196,3.335,-9.21481,1,8,0,0,1,0,0,0,0,0,197.6
539,1798.040,24.2843,19.6383,11.2251,31,0,2.34375,1749.75,13.6702,11.5,91.4,5.89,1.42,0,6.66667,0,14.2196,3.335,-8.97428,1,8,0,0,1,0,0,0,0,0,197.6
540,1798.080,24.1567,20.3273,11.2251,31,0,2.34375,1694.75,13.6702,10,91.4,6.22,1.44,0,6.66667,0,14.2196,3.335,-8.97428,1,8,0,0,1,0,0,0,2.048,0,197.6
541,1798.120,24.0735,20.3273,11.2292,31,0,2.34375,1669.5,13.6702,17.5,91.4,6.78,1.5,13.3333,9.01961,129.945,14.2196,3.335,-8.11873,1,8,0,0,1,33.7255,0,0,2.048,0,197.6
542,1798.160,24.2418,20.3273,10.282,31,0,2.34375,1633.75,13.6702,17.5,91.4,9.8,1.88,20,18.8235,181.55,14.2196,4.06,1.16966,1,8,0,0,1,74.902,0,0,2.304,0,197.6
543,1798.200,24.0735,20.3273,10.282,31,0,2.34375,1558,13.6702,17,91.4,22.77,2.24,19.2157,21.9608,173.934,14.2196,6.235,1.16966,1,8,0,0,1,74.902,0,0,3.584,0,197.6
544,1798.240,24.1567,19.4086,8.31417,31,0,2.34375,1441.75,13.6702,17.5,91.4,32.12,2.3,18.8235,21.9608,168.016,14.2196,8.41,.505288,1,8,0,0,3,74.902,0,0,4.864,0,197.6
545,1798.280,24.031,18.2602,9.64614,31,0,2.34375,1437.5,14.2915,14.5,91.4,33.01,2.28,19.6078,21.9608,171.526,14.2196,10.005,.505288,1,8,0,0,3,74.902,0,0,5.632,0,197.6
546,1798.320,24.1141,17.2266,9.64614,31,0,2.34375,1483,14.2915,13.5,91.4,31.46,2.24,20,22.3529,174.811,14.2196,11.02,.600161,1,8,0,0,4,74.902,0,0,6.4,0,197.6
547,1798.360,24.031,16.3078,10.2365,31,0,2.34375,1491.25,14.2915,12.5,91.4,29.42,2.22,20,22.7451,175.188,14.2196,11.6,.856819,1,8,0,0,5,74.902,0,0,6.912,0,197.6
548,1798.400,24.031,15.2742,10.2365,31,0,2.34375,1498.25,14.2915,12,91.4,28.02,2.16,19.6078,22.3529,174.179,14.2196,11.745,.856819,1,8,0,0,6,74.902,0,0,6.912,0,197.6
549,1798.440,24.0735,14.5852,10.5081,31,-1.5625,2.34375,1492.75,14.2915,12,91.4,27.11,2.16,19.2157,21.9608,171.299,14.2196,12.035,.688961,1,8,0,0,7,74.902,0,0,6.656,0,197.6
550,1798.480,23.9884,14.1258,11.7508,31,-3.125,2.34375,1508.25,14.2915,11.5,91.4,25.69,2.12,18.4314,21.5686,167.89,14.2196,12.18,.432457,1,8,0,0,9,74.902,0,0,6.656,0,197.6
551,1798.520,24.1567,13.6664,11.7508,31,-5.46875,2.34375,1526.5,14.9129,11.5,91.4,24.21,2.12,18.0392,21.1765,167.154,14.2196,12.035,.432457,1,8,0,0,9,74.902,0,0,6.4,0,197.6
552,1798.560,24.2418,13.207,11.7876,31,-4.6875,2.34375,1543.25,14.9129,11.5,91.4,24.21,2.12,18.4314,21.1765,170.518,14.2196,12.035,.426725,1,8,0,0,11,74.902,0,0,6.4,0,197.6
553,1798.600,24.1992,12.8625,11.8386,31,-4.6875,2.34375,1553,15.5343,11.5,91.4,24.89,2.12,18.8235,21.5686,172.307,14.2196,11.89,.426725,1,8,0,0,11,74.902,0,0,6.4,0,197.6
554,1798.640,24.1567,12.518,11.8386,31,-4.6875,1.5625,1577.75,15.5343,-3.5,91.4,25.29,2.14,18.0392,21.5686,168.861,14.2196,11.89,.652507,1,8,0,0,12,74.902,0,0,6.4,0,197.6
555,1798.680,24.1992,12.1734,11.89,31,-4.6875,1.5625,1560.75,15.5343,-3.5,91.4,25.83,2.14,18.0392,21.5686,168.293,14.2196,11.89,.351691,1,8,0,0,12,74.902,0,0,6.4,0,197.6
556,1798.720,24.1567,11.8289,11.89,31,-5.46875,1.5625,1601,15.5343,11.5,91.4,25.43,2.14,18.4314,21.5686,170.868,14.2196,11.89,.351691,1,8,0,0,11,74.902,0,0,6.4,0,197.6
557,1798.760,24.1567,11.5992,12.0182,31,-6.25,1.5625,1683.5,15.5343,4.5,91.4,25.83,2.14,18.8235,21.5686,173.594,14.2196,11.89,.672302,1,8,0,0,12,74.902,0,0,6.4,0,197.6
558,1798.800,24.1567,11.7141,12.0664,30,-7.03125,1.5625,1684.25,15.5343,12,91.4,26.87,2.16,17.2549,21.5686,164.212,14.2196,11.89,.135448,1,8,0,0,12,74.902,0,0,6.4,0,197.6
559,1798.840,24.2418,11.7141,12.0664,30,-9.375,1.5625,1645.5,16.1557,12,91.4,27,2.14,15.6863,20.7843,150.968,14.2196,11.89,.135448,1,8,0,0,12,74.902,0,0,6.144,0,197.6
560,1798.880,24.1141,11.7141,12.1052,30,-12.5,1.5625,1634.75,16.1557,12,91.4,24.5,2.1,14.902,19.2157,146.513,14.2196,11.745,-1.50749,1,8,0,0,12,74.902,0,0,6.144,0,197.6
561,1798.920,24.031,11.8289,12.1052,30,-16.4063,1.5625,1677,16.1557,12.5,91.4,23.17,2.08,15.6863,19.2157,152.942,14.2196,11.455,-1.50749,1,8,0,0,13,74.902,0,0,5.632,0,197.6
562,1798.960,24.1567,11.9437,12.4352,30,-17.9688,1.5625,1721,16.1557,13.5,91.4,23.34,2.08,15.6863,19.2157,152.29,14.2196,11.31,-.962852,1,8,0,0,12,74.902,0,0,5.376,0,197.6
563,1799.000,24.1141,11.9437,12.3942,30,-20.3125,1.5625,1740,16.777,13.5,91.4,24.21,2.12,15.2941,19.2157,147.42,14.2196,11.165,-1.24491,1,8,0,0,13,74.902,0,0,5.12,0,197.6
564,1799.040,24.1141,12.0586,12.3942,30,-23.4375,.78125,1721.75,16.777,14,91.4,24.34,2.12,15.2941,19.2157,147.697,14.2196,11.02,-1.24491,1,8,0,0,13,74.902,0,0,5.12,0,197.6
565,1799.080,24.0735,12.4031,12.273,30,-24.2188,.78125,1731.25,17.3984,14,91.4,24.5,2.12,15.2941,19.2157,147.535,14.2196,11.02,-1.41506,1,8,0,0,12,74.902,0,0,4.864,0,197.6
566,1799.120,24.1141,12.8625,12.3081,30,-24.2188,.78125,1771,17.3984,14.5,91.4,24.37,2.12,14.902,19.2157,144.692,14.2196,10.875,-1.66933,1,8,0,0,13,74.902,0,0,4.864,0,197.6
567,1799.160,23.9884,13.207,12.3081,30,-24.2188,.78125,1790.75,17.3984,15,91.4,24.56,2.12,14.902,18.8235,144.374,14.2196,10.875,-1.66933,1,8,0,0,12,74.902,0,0,4.864,0,197.6
568,1799.200,24.1567,13.6664,12.3434,30,-24.2188,.78125,1791.25,17.3984,15,91.4,24.42,2.12,14.902,18.8235,144.424,14.2196,10.73,-1.6917,1,8,0,0,13,74.902,0,0,4.608,0,197.6
569,1799.240,10.4214,14.0109,12.384,30,-23.4375,.78125,1785.25,17.3984,15,91.4,24.29,2.12,14.902,18.8235,142.184,14.2196,10.73,-1.6917,1,8,0,0,13,74.902,0,0,4.608,0,197.6
570,1799.280,10.464,14.4703,12.384,30,-21.875,.78125,1812.25,17.3984,15.5,91.4,24.29,2.1,14.5098,18.8235,139.498,14.2196,10.73,-1.88412,1,8,0,0,13,74.902,0,0,4.608,0,197.6
571,1799.320,10.17,14.7,12.4198,31,-21.875,.78125,1839.5,18.0198,16,91.4,24,2.1,14.5098,18.4314,139.125,14.2196,10.585,-2.11539,1,8,0,0,14,74.902,0,0,4.608,0,197.6
572,1799.360,10.17,14.9297,12.4198,31,-21.0938,.78125,1850.75,18.0198,16,91.4,24.29,2.12,14.902,18.4314,141.299,14.2196,10.44,-2.11539,1,8,0,0,13,74.902,0,0,4.608,0,197.6
573,1799.400,10.17,15.0445,12.4558,31,-20.3125,.78125,1843.75,18.0198,16,91.4,24.56,2.12,14.902,18.4314,141.393,14.2196,10.44,-1.95994,1,8,0,0,14,74.902,0,0,4.608,0,197.6
574,1799.440,14.7613,15.0445,12.4971,31,-19.5313,.78125,1853.75,18.0198,16.5,91.4,24.29,2.12,14.1176,18.8235,136.83,14.2196,10.44,-2.14344,1,8,0,0,14,74.902,0,0,4.608,0,197.6
575,1799.480,15.0147,15.1594,12.4971,31,-18.75,.78125,1873.5,18.6411,16.5,91.4,25.43,2.12,13.3333,18.4314,129.334,14.2196,10.44,-2.14344,1,8,0,0,14,74.902,0,0,4.608,0,197.6
576,1799.520,15.0572,15.1594,12.5179,31,-18.75,.78125,1894,18.6411,16.5,91.4,24.26,2.1,13.3333,18.0392,129.023,14.2196,10.295,-2.98253,1,8,0,0,15,74.902,0,0,4.608,0,197.6
577,1799.560,15.2255,15.1594,12.5545,31,-17.9688,.78125,1903.5,18.6411,17,91.4,23.67,2.08,13.7255,17.6471,131.244,14.2196,10.295,-2.98253,1,8,0,0,14,74.902,0,0,4.608,0,197.6
578,1799.600,15.2255,15.1594,12.5545,31,-17.1875,.78125,1913.25,18.6411,17.5,91.4,23.42,2.08,13.3333,17.6471,126.433,14.2196,10.005,-2.82099,1,8,0,0,15,74.902,0,0,4.608,0,197.6
579,1799.640,15.0978,15.0445,12.5965,31,-17.1875,0,1913,19.2625,17.5,91.4,23.42,2.1,13.3333,17.6471,126.439,14.2196,10.005,-3.22028,1,8,0,0,15,74.902,0,0,4.608,0,197.6
580,1799.680,14.9296,15.0445,12.5965,31,-17.1875,0,1942.25,19.2625,17.5,91.4,23.75,2.1,13.3333,17.6471,126.018,14.2196,9.86,-3.22028,1,8,0,0,15,74.902,0,0,4.352,0,197.6
581,1799.720,14.7613,14.9297,12.6176,31,-17.1875,0,1971,19.2625,18,91.4,23.67,2.08,12.9412,17.6471,123.259,14.2196,9.86,-3.26849,1,8,0,0,16,74.902,0,0,4.352,0,197.6
582,1799.760,14.8039,14.8148,12.7566,31,-17.1875,0,1986.25,19.2625,18,91.4,23.09,2.08,11.7647,17.2549,113.649,14.2196,9.715,-4.11987,1,8,0,0,17,74.902,0,0,4.352,0,197.6
583,1799.800,14.5931,14.8148,12.7566,31,-17.1875,0,1966.25,19.2625,18.5,91.4,22.51,2.04,10.9804,16.4706,106.914,14.2196,9.57,-4.11987,1,8,0,0,16,74.902,0,0,4.352,0,197.6
584,1799.840,14.5931,14.7,12.7837,31,-16.4063,0,1957.5,19.2625,18.5,91.4,21.41,2.02,10.9804,16.0784,104.705,14.2196,9.425,-5.10752,1,8,0,0,17,74.902,0,0,4.096,0,197.6
585,1799.880,14.4673,14.5852,13.0837,31,-17.1875,0,1996.25,19.8839,19.5,91.4,20.65,2.02,10.9804,15.6863,106.448,14.2196,9.135,-5.10752,1,8,0,0,17,74.902,0,0,4.096,0,197.6
586,1799.920,14.2972,14.5852,13.0837,31,-17.1875,0,2020.75,19.8839,20,91.4,20.56,2,11.7647,16.0784,110.754,14.2196,8.845,-4.94434,1,8,0,0,17,74.902,0,0,3.84,0,197.6
587,1799.960,14.1289,14.4703,12.8711,31,-17.1875,0,2020.25,19.8839,20,91.4,20.82,2.02,10.9804,16.0784,106.031,14.2196,8.845,-4.78804,1,8,0,0,18,74.902,0,0,3.84,0,197.6
588,1800.000,14.2565,14.4703,12.8711,31,-17.9688,0,2019.75,19.8839,20,91.4,21.07,2.02,10.5882,16.0784,101.311,14.2196,8.7,-4.78804,1,8,0,0,19,74.902,0,0,3.84,0,197.6
589,1800.040,14.2972,14.3555,12.8822,31,-17.9688,.78125,2012,19.8839,20.5,91.4,20.99,2,11.3725,16.0784,108.536,14.2196,8.555,-5.38428,1,8,0,0,18,74.902,0,0,3.84,0,197.6
590,1800.080,14.2565,14.3555,12.9209,31,-17.9688,.78125,2052,19.8839,20.5,91.4,20.99,2.02,11.3725,16.0784,108.217,14.2196,8.555,-4.79284,1,8,0,0,19,74.902,0,0,3.84,0,197.6
591,1800.120,14.3397,14.4703,12.9209,31,-17.9688,.78125,2071,19.8839,20.5,91.4,21.5,2.04,10.9804,16.0784,105.135,14.2196,8.555,-4.79284,1,8,0,0,19,74.902,0,0,3.84,0,197.6
592,1800.160,14.508,14.4703,12.9375,31,-17.9688,.78125,2070.75,19.8839,21,91.4,21.16,2.04,12.549,16.0784,117.158,14.2196,8.41,-4.83561,1,8,0,0,19,74.902,0,0,3.84,0,197.6
593,1800.200,14.5505,14.5852,12.9486,31,-17.1875,.78125,2115.75,20.5052,21,91.4,21.92,2.06,13.3333,17.2549,123.848,14.2196,8.41,-4.83561,1,8,0,0,19,74.902,0,0,3.84,0,197.6
594,1800.240,14.6356,14.5852,12.9486,31,-17.1875,.78125,2108.75,20.5052,21,91.4,24.08,2.1,10.9804,17.6471,101.848,14.2196,8.41,-3.45432,1,8,0,0,20,74.902,0,0,3.84,0,197.6
595,1800.280,14.4248,14.7,12.8766,31,-17.1875,.78125,2105.25,20.5052,20.5,91.4,24.04,2.06,7.45098,15.6863,70.5858,14.2196,8.555,-6.10625,1,8,0,0,19,74.902,0,0,3.84,0,197.6
596,1800.320,14.5505,14.7,12.8766,31,-17.1875,.78125,2125.5,20.5052,21,91.4,19.93,1.94,6.66667,13.3333,60.6197,14.2196,8.41,-6.10625,1,8,0,0,19,74.902,0,0,3.84,0,197.6
597,1800.360,14.8039,14.8148,13.2158,31,-16.4063,.78125,2123.5,21.1266,21.5,91.4,16.37,1.86,7.05882,12.549,65.3928,14.2196,7.83,-6.97352,1,8,0,0,20,74.902,0,0,3.328,0,197.6
598,1800.400,14.5931,14.7,14.4948,31,-16.4063,.78125,2126,21.1266,23,91.4,14.91,1.84,6.66667,12.549,60.6108,14.2196,7.25,-6.9756,1,8,0,0,20,74.902,0,0,3.328,0,197.6
599,1800.440,14.2972,14.3555,14.4948,31,-17.1875,.78125,2092.25,21.1266,24.5,91.4,15.25,1.82,5.88235,12.549,56.5159,14.2196,6.815,-6.9756,1,8,0,0,20,74.902,0,0,3.072,0,197.6
600,1800.480,14.0032,14.1258,13.6844,31,-18.75,.78125,2099.75,21.1266,25.5,91.4,14.57,1.82,6.66667,12.1569,63.807,14.2196,6.67,-7.05158,1,8,0,0,20,74.902,0,0,3.072,0,197.6
601,1800.520,13.6667,14.1258,13.2624,31,-18.75,.78125,2106.75,20.5052,25.5,91.4,14.22,1.8,6.66667,12.549,63.3952,14.2196,6.525,-7.05158,1,8,0,0,20,74.902,0,0,3.072,0,197.6
602,1800.560,13.7924,14.0109,13.2624,31,-19.5313,.78125,2103.75,20.5052,26,91.4,14.65,1.82,6.66667,12.9412,63.458,14.2196,6.235,-6.96172,1,8,0,0,20,74.902,0,0,3.072,0,197.6
603,1800.600,13.9606,14.0109,13.2042,31,-19.5313,.78125,2142.5,21.1266,26.5,91.4,15.17,1.84,7.05882,12.9412,64.9509,14.2196,6.235,-6.97868,1,8,0,0,19,74.902,0,0,2.816,0,197.6
604,1800.640,13.9181,14.0109,13.2042,31,-20.3125,3.125,2136.75,21.1266,26.5,91.4,15.17,1.84,7.45098,13.3333,69.7888,14.2196,6.09,-6.97868,1,8,0,0,20,74.902,0,0,2.816,0,197.6
605,1800.680,13.8349,14.0109,13.1408,31,-20.3125,3.125,2164.5,21.1266,26.5,91.4,15.98,1.86,7.05882,13.3333,64.4429,14.2196,6.09,-6.7058,1,8,0,0,20,74.902,0,0,2.816,0,197.6
606,1800.720,14.0032,14.1258,13.0723,31,-20.3125,3.125,2184.25,21.1266,26.5,91.4,16.06,1.86,6.66667,12.9412,59.3587,14.2196,6.09,-7.12328,1,8,0,0,19,74.902,0,0,2.816,0,197.6
607,1800.760,14.1289,14.1258,13.0723,31,-20.3125,3.125,2215.75,21.748,26.5,91.4,15.75,1.84,6.27451,12.549,56.7856,14.2196,5.945,-7.12328,1,8,0,0,19,74.902,0,0,2.816,0,197.6
608,1800.800,14.0883,14.2406,13.1523,31,-20.3125,3.125,2220.25,21.748,27,91.4,15.25,1.84,6.27451,12.549,56.1475,14.2196,5.945,-7.23892,1,8,0,0,20,74.902,0,0,2.816,0,197.6
609,1800.840,14.214,14.3555,13.1696,31,-20.3125,3.125,2225.25,21.748,27,91.4,14.82,1.82,6.27451,12.549,56.4698,14.2196,5.8,-7.23892,1,8,0,0,20,74.902,0,0,2.816,0,197.6
610,1800.880,14.3397,14.4703,13.1696,31,-20.3125,3.125,2217.5,21.748,27,91.4,14.4,1.82,5.88235,12.549,54.1493,14.2196,5.655,-7.23892,1,8,0,0,19,74.902,0,0,2.816,0,199.4
611,1800.920,14.4673,14.3555,13.158,31,-20.3125,3.125,2193.75,21.748,27,91.4,14.31,1.82,5.88235,12.1569,54.5963,14.2196,5.655,-7.32462,1,8,0,0,20,74.902,0,0,2.816,0,199.4
612,1800.960,14.3823,14.3555,13.158,31,-21.0938,3.125,2216.25,21.748,27.5,91.4,14.13,1.82,5.4902,12.1569,49.6367,14.2196,5.655,-7.32462,1,8,0,0,20,74.902,0,0,2.56,0,199.4
613,1801.000,14.1289,14.2406,13.1294,31,-21.0938,3.125,2213,21.748,27.5,91.4,14.3,1.78,5.09804,11.3725,47.4178,14.2196,5.51,-7.5965,1,8,0,0,19,74.902,0,0,2.56,0,199.4
614,1801.040,14.0883,14.2406,13.1351,31,-21.0938,3.125,2223,21.748,27.5,91.4,12.8,1.76,5.4902,11.3725,49.5218,14.2196,5.365,-7.51167,1,8,0,0,19,74.902,0,0,2.56,0,199.4
615,1801.080,14.4673,14.3555,13.1351,31,-21.0938,3.125,2195,21.748,27.5,91.4,12.09,1.76,5.4902,11.7647,49.9899,14.2196,5.365,-7.51167,1,8,0,0,19,74.902,0,0,2.56,0,199.4
616,1801.120,14.6356,14.3555,13.1523,31,-21.0938,3.125,2203.25,21.748,27.5,91.4,12.45,1.78,5.4902,11.7647,49.8533,14.2196,5.22,-7.59576,1,8,0,0,19,74.902,0,0,2.56,0,199.4
617,1801.160,14.7613,14.3555,13.1179,31,-21.0938,3.125,2212.75,21.748,27.5,91.4,12.45,1.76,5.4902,11.7647,49.6945,14.2196,5.22,-7.59576,1,8,0,0,18,74.902,0,0,2.304,0,199.4
618,1801.200,14.7613,14.4703,13.1179,31,-21.0938,3.125,2236,21.748,27.5,91.4,12.98,1.78,5.4902,11.7647,49.303,14.2196,5.22,-7.51012,1,8,0,0,18,74.902,0,0,2.304,0,199.4
619,1801.240,14.8464,14.5852,13.0837,31,-21.0938,3.125,2237,21.748,27.5,91.4,13.25,1.78,5.4902,12.1569,49.2865,14.2196,5.22,-7.53039,1,8,0,0,19,74.902,0,0,2.304,0,199.4
620,1801.280,14.8464,14.7,13.0837,31,-21.0938,3.125,2257.25,21.748,27.5,91.4,13.42,1.78,5.09804,12.1569,46.7217,14.2196,5.22,-7.53039,1,8,0,0,19,74.902,0,0,2.304,0,199.4
621,1801.320,14.8464,14.8148,13.061,31,-20.3125,3.125,2224.25,22.3694,27.5,91.4,13.25,1.78,5.09804,11.7647,44.9784,14.2196,5.22,-7.71818,1,8,0,0,18,74.902,0,0,2.304,0,199.4
622,1801.360,15.0147,14.9297,13.0497,31,-19.5313,3.125,2255,22.3694,27.5,91.4,13.07,1.76,4.31373,11.7647,40.0737,14.2196,5.22,-7.79666,1,8,0,0,18,74.902,0,0,2.56,0,199.4
623,1801.400,15.268,15.1594,13.0497,31,-18.75,3.125,2251.25,22.3694,27.5,91.4,12.18,1.74,3.52941,10.9804,35.0512,14.2196,5.075,-7.79666,1,8,0,0,19,74.902,0,0,2.56,0,199.4
624,1801.440,15.268,15.2742,13.0553,31,-17.9688,3.125,2271.5,22.3694,27.5,91.4,11.69,1.72,3.92157,10.9804,35.4471,14.2196,5.075,-8.07682,1,8,0,0,18,74.902,0,0,2.304,0,199.4
625,1801.480,15.4363,15.2742,13.1065,31,-17.9688,3.125,2244.25,22.3694,28,91.4,11.62,1.72,3.92157,10.5882,35.7283,14.2196,4.93,-8.07682,1,8,0,0,18,74.902,0,0,2.304,0,199.4
626,1801.520,15.6045,15.2742,13.1065,31,-17.1875,3.125,2234,22.3694,28,91.4,11.59,1.72,4.31373,10.5882,38.0835,14.2196,4.785,-8.06914,1,8,0,0,18,74.902,0,0,2.304,0,199.4
627,1801.560,15.6045,15.1594,13.1065,31,-17.1875,3.125,2223.5,22.3694,28,91.4,11.53,1.7,4.31373,10.9804,40.4652,14.2196,4.785,-7.97439,1,8,0,0,18,74.902,0,0,2.304,0,199.4
628,1801.600,15.6471,15.0445,13.1065,31,-17.1875,3.125,2255.5,22.3694,28,91.4,11.47,1.72,4.70588,10.9804,42.2922,14.2196,4.785,-7.97439,1,8,0,0,18,74.902,0,0,2.304,0,199.4
629,1801.640,15.6877,14.9297,13.0894,31,-17.9688,3.125,2243.25,22.3694,28,89.6,11.65,1.74,4.70588,11.3725,42.4557,14.2196,4.64,-7.80642,1,8,0,0,17,74.902,0,0,2.304,0,199.4
630,1801.680,15.6471,14.8148,13.0723,31,-17.9688,3.125,2270.75,22.3694,28,89.6,11.94,1.74,4.31373,11.3725,39.8725,14.2196,4.64,-7.89441,1,8,0,0,17,74.902,0,0,2.304,0,199.4
631,1801.720,15.3937,14.8148,13.0723,31,-17.9688,3.125,2272.75,22.3694,28,89.6,11.78,1.74,3.92157,11.3725,35.6621,14.2196,4.64,-7.89441,1,8,0,0,18,74.902,0,0,2.304,0,199.4
632,1801.760,15.3086,14.8148,13.0046,31,-17.1875,3.125,2291,22.3694,28,89.6,11.78,1.72,3.52941,10.9804,33.5969,14.2196,4.785,-8.10477,1,8,0,0,18,74.902,0,0,2.304,0,199.4
633,1801.800,15.3086,14.9297,13.1236,31,-17.1875,3.125,2283,22.3694,28,89.6,11.5,1.7,3.13725,10.5882,31.5248,14.2196,4.64,-8.10477,1,8,0,0,17,74.902,0,0,2.304,0,199.4
634,1801.840,15.0978,14.9297,13.1236,31,-16.4063,3.125,2308,22.3694,28,89.6,11.38,1.7,3.13725,10.5882,29.4237,14.2196,4.64,-8.2374,1,8,0,0,17,74.902,0,0,2.304,0,199.4
635,1801.880,15.4363,14.9297,13.1753,31,-16.4063,3.125,2299.25,22.3694,28,89.6,11.32,1.68,3.13725,10.5882,28.6097,14.2196,4.64,-8.35929,1,8,0,0,18,74.902,0,0,2.304,0,199.4
636,1801.920,15.6045,14.9297,13.1753,31,-15.625,3.125,2313.25,22.3694,28,89.6,11.17,1.68,3.52941,10.5882,30.6735,14.2196,4.495,-8.35929,1,8,0,0,18,74.902,0,0,2.304,0,199.4
637,1801.960,15.6045,14.9297,13.1926,31,-15.625,3.125,2307,22.3694,28,89.6,11.17,1.68,3.52941,10.5882,30.726,14.2196,4.495,-8.26853,1,8,0,0,17,74.902,0,0,2.304,0,199.4
638,1802.000,15.562,14.8148,13.1869,31,-16.4063,3.125,2305.5,22.3694,28,89.6,11.1,1.68,3.13725,10.5882,28.9447,14.2196,4.35,-8.32377,1,8,0,0,17,74.902,0,0,2.304,0,199.4
639,1802.040,15.3937,14.5852,13.1869,31,-16.4063,3.125,2283.75,22.3694,28,89.6,11.2,1.68,3.13725,10.5882,29.279,14.2196,4.35,-8.32377,1,8,0,0,17,74.902,0,0,2.048,0,199.4
640,1802.080,15.2255,14.5852,13.3211,31,-17.1875,3.125,2277,22.3694,28,89.6,11.2,1.7,3.13725,10.5882,28.7004,14.2196,4.35,-8.3461,1,8,0,0,18,74.902,0,0,2.304,0,199.4
641,1802.120,14.4673,14.4703,13.3211,31,-17.1875,3.125,2306,22.9907,28,89.6,11.2,1.68,2.7451,10.5882,28.2752,14.2196,4.35,-8.3461,1,8,0,0,17,74.902,0,0,2.048,0,199.4
642,1802.160,14.3823,14.4703,13.2682,31,-17.1875,3.125,2312.5,22.9907,28,89.6,11.13,1.68,1.96078,10.5882,26.1589,14.2196,4.35,-8.36747,1,8,0,0,17,74.902,0,0,2.048,0,199.4
643,1802.200,14.3823,14.5852,13.2565,31,-16.4063,3.125,2336.25,22.9907,28,89.6,11,1.68,1.96078,10.1961,24.0077,14.2196,4.35,-8.50375,1,8,0,0,17,74.902,0,0,2.048,0,199.4
644,1802.240,14.4248,14.5852,13.2565,31,-16.4063,3.125,2345,22.9907,28,89.6,10.08,1.64,2.35294,9.80392,21.8769,14.2196,4.35,-8.50375,1,8,0,0,17,74.902,0,0,2.048,0,199.4
645,1802.280,14.6356,14.7,13.2507,31,-16.4063,3.125,2364.5,22.9907,28,89.6,9.84,1.62,1.96078,9.41177,20.4849,14.2196,4.35,-8.62358,1,8,0,0,17,74.902,0,0,2.048,0,199.4
646,1802.320,14.8039,14.5852,13.3093,31,-16.4063,3.125,2343.25,22.9907,28,89.6,9.7,1.62,1.56863,9.01961,18.2763,14.2196,4.205,-8.75019,1,8,0,0,17,74.902,0,0,2.048,0,199.4
647,1802.360,14.7613,14.5852,13.3093,31,-16.4063,3.125,2338.5,22.9907,28,89.6,9.42,1.6,1.56863,9.01961,16.0945,14.2196,4.205,-8.75019,1,8,0,0,17,74.902,0,0,2.048,0,199.4
648,1802.400,14.6356,14.4703,13.2274,31,-17.1875,3.125,2314.75,22.9907,28,89.6,9.36,1.6,.784314,9.01961,13.9504,14.2196,4.06,-8.88943,1,8,0,0,17,74.902,0,0,2.048,0,199.4
649,1802.440,14.3823,14.4703,13.2158,31,-17.1875,3.125,2312.5,22.9907,28,89.6,8.8,1.58,0,8.62745,11.808,14.2196,4.06,-8.88943,1,8,0,0,17,74.902,0,0,2.048,0,199.4
650,1802.480,14.3823,14.4703,13.2158,31,-17.1875,3.125,2329.25,22.9907,27.5,89.6,8.49,1.56,0,8.23529,9.66975,14.2196,3.915,-9.0266,1,8,0,0,15,74.902,0,0,1.792,0,199.4
651,1802.520,14.4673,14.3555,13.21,31,-17.1875,3.125,2314.75,22.9907,26.5,89.6,8.16,1.54,0,8.23529,7.52895,14.2196,3.915,-9.16366,1,8,0,0,10,0,0,0,1.792,0,199.4
652,1802.560,14.5505,14.3555,13.21,31,-17.1875,3.125,2326.25,22.9907,26,89.6,8,1.52,0,7.84314,5.38825,14.2196,3.77,-9.16366,1,8,0,0,3,0,0,0,1.792,0,199.4
653,1802.600,14.4673,14.4703,13.1984,31,-17.1875,3.125,2340.5,22.9907,25.5,89.6,7.86,1.52,0,7.84314,3.22651,14.2196,3.77,-9.3008,1,8,0,0,1,0,0,0,0,0,199.4
654,1802.640,14.3823,14.4703,13.1236,31,-17.1875,3.125,2381.25,22.9907,25,89.6,7.79,1.5,0,7.45098,1.00674,14.2196,3.77,-9.44083,1,8,0,0,1,0,0,0,0,0,199.4
655,1802.680,14.7188,14.4703,13.1236,31,-17.1875,3.125,2352.75,22.9907,24,89.6,7.73,1.5,0,7.45098,0,14.2196,3.625,-9.44083,1,8,0,0,0,0,0,0,0,0,199.4
656,1802.720,14.5505,14.4703,13.1236,31,-17.1875,3.125,2340.75,22.9907,23.5,89.6,7.67,1.48,0,7.05882,0,14.2196,3.625,-9.49937,1,8,0,0,0,0,0,0,0,0,199.4
657,1802.760,14.7188,14.7,13.1236,31,-17.1875,3.125,2328,22.9907,23,89.6,7.63,1.48,0,7.05882,0,14.2196,3.48,-9.49937,1,8,0,0,0,0,0,0,0,0,199.4
658,1802.800,14.8039,15.0445,13.1236,31,-16.4063,3.125,2342.75,22.9907,22,89.6,7.46,1.48,0,7.05882,0,14.2196,3.48,-9.49924,1,8,0,0,0,0,0,0,0,0,199.4
659,1802.840,15.0572,15.6187,13.2449,31,-16.4063,3.125,2364.25,22.9907,21.5,89.6,7.28,1.48,0,7.05882,0,14.2196,3.48,-9.49931,1,8,0,0,0,0,0,0,0,0,199.4
660,1802.880,15.8985,16.0781,13.2449,31,-15.625,3.125,2356.75,22.9907,21,89.6,7.46,1.48,0,7.05882,0,14.2196,3.335,-9.49931,1,8,0,0,0,0,0,0,0,0,199.4
661,1802.920,16.616,16.6523,13.2449,31,-14.8438,3.125,2370.75,22.9907,20.5,89.6,7.58,1.48,0,7.05882,0,14.2196,3.335,-9.49931,1,8,0,0,0,0,0,0,0,0,199.4
662,1802.960,17.3316,17.1117,13.2449,31,-14.0625,3.125,2352.75,22.9907,19.5,89.6,7.58,1.48,0,7.05882,0,14.2196,3.335,-9.49924,1,8,0,0,1,0,0,0,0,0,199.4
663,1803.000,17.964,17.3414,13.2449,31,-13.2813,3.125,2363.75,23.6121,19.5,89.6,7.46,1.48,0,7.05882,0,14.2196,3.335,-9.49924,1,8,0,0,0,0,0,0,0,0,199.4
664,1803.040,18.3431,17.8008,13.2449,31,-12.5,3.125,2356.75,23.6121,19.5,89.6,7.37,1.48,0,7.05882,0,14.2196,3.335,-9.49931,1,8,0,0,0,0,0,0,0,0,199.4
665,1803.080,18.6796,18.0305,13.2449,31,-10.9375,3.125,2362.5,22.9907,19.5,89.6,7.37,1.48,0,7.05882,0,14.2196,3.335,-9.49931,1,8,0,0,0,0,0,0,0,0,199.4
666,1803.120,19.0161,18.1453,13.2449,31,0,3.125,2366.5,22.9907,19.5,89.6,7.46,1.48,0,7.05882,0,14.2196,3.335,-9.49924,1,8,0,0,0,0,0,0,0,0,199.4
667,1803.160,19.1012,18.2602,11.6643,31,0,3.125,2356,22.9907,19.5,89.6,7.63,1.48,0,7.05882,0,14.2196,3.335,-9.49924,1,8,0,0,1,0,0,0,0,0,199.4
668,1803.200,19.4377,18.2602,11.6643,31,0,3.125,2360.25,22.9907,19.5,89.6,7.6,1.48,0,7.05882,0,14.2196,3.335,-9.49924,1,8,0,0,1,0,0,0,0,0,199.4
669,1803.240,19.4377,18.0305,11.6643,31,0,3.125,2336.25,22.9907,19.5,89.6,7.46,1.48,0,7.05882,0,14.2196,3.335,-9.49937,1,8,0,0,0,0,0,0,0,0,199.4
670,1803.280,19.6485,17.6859,11.6643,30,0,3.125,2342.25,22.9907,19.5,89.6,7.63,1.48,0,7.05882,0,14.2196,3.335,-9.49931,1,8,0,0,0,0,0,0,0,0,199.4
671,1803.320,19.6911,17.2266,11.6643,30,0,3.125,2337.5,22.9907,19.5,89.6,7.46,1.48,0,7.05882,0,14.2196,3.335,-9.49931,1,10,0,0,1,0,0,0,0,0,199.4
672,1803.360,19.606,16.882,11.6643,30,0,3.125,2346.5,22.9907,19.5,89.6,7.56,1.48,0,7.05882,0,14.2196,3.335,-9.49924,1,10,0,0,1,0,0,0,0,0,199.4
673,1803.400,18.9755,16.6523,11.6643,30,0,3.125,2356,22.9907,19.5,89.6,7.28,1.46,0,7.05882,0,14.2196,3.335,-9.49924,1,10,0,0,1,0,0,0,0,0,199.4
674,1803.440,18.4262,16.6523,11.6643,30,0,3.125,2339.75,22.9907,19.5,89.6,7.37,1.46,0,7.05882,0,14.2196,3.335,-9.49937,1,10,0,0,0,0,0,0,0,0,199.4
675,1803.480,18.0066,16.7672,11.6643,30,0,3.125,2354.25,22.9907,19.5,89.6,7.28,1.48,0,7.05882,0,14.2196,3.335,-9.49924,1,10,0,0,0,0,0,0,0,0,199.4
676,1803.520,17.8364,16.882,11.6643,30,0,3.125,2355.25,22.9907,19.5,89.6,7.37,1.48,0,7.05882,0,14.2196,3.335,-9.49924,1,10,0,0,0,0,0,0,0,0,199.4
677,1803.560,17.964,16.9969,11.6643,30,0,3.125,2377,23.6121,19.5,89.6,7.58,1.48,0,7.05882,0,14.2196,3.335,-9.49924,1,10,0,0,1,0,0,0,0,0,199.4
678,1803.600,18.1323,17.1117,11.6643,30,0,3.125,2365.75,23.6121,19.5,89.6,7.63,1.48,0,7.05882,0,14.2196,3.335,-9.49924,1,10,0,0,0,0,0,0,0,0,199.4
679,1803.640,18.3431,17.3414,11.6643,30,0,3.125,2359.75,23.6121,19.5,89.6,7.58,1.48,0,7.05882,0,14.2196,3.335,-9.49924,1,10,0,0,0,0,0,0,0,0,199.4
680,1803.680,18.6371,17.5711,11.6643,30,0,3.125,2368.5,23.6121,19.5,89.6,7.56,1.48,0,7.05882,0,14.2196,3.335,-9.49937,1,10,0,0,0,0,0,0,0,0,199.4
681,1803.720,18.933,17.6859,11.6643,30,0,3.125,2365,23.6121,19.5,89.6,7.37,1.48,0,7.45098,0,14.2196,3.335,-9.49937,1,10,0,0,0,0,0,0,0,0,199.4
682,1803.760,18.9755,17.5711,11.6643,30,0,3.125,2379.5,23.6121,19.5,89.6,7.58,1.48,0,7.45098,0,14.2196,3.335,-9.49924,1,10,0,0,0,0,0,0,0,0,199.4
683,1803.800,19.2695,17.5711,11.6643,30,0,3.125,2369.75,23.6121,19.5,89.6,7.37,1.48,0,7.45098,0,14.2196,3.335,-9.49924,1,10,0,0,0,0,0,0,0,0,199.4
684,1803.840,19.3546,17.5711,11.6643,30,0,3.125,2374.75,23.6121,19.5,89.6,7.46,1.48,0,7.45098,0,14.2196,3.335,-9.49924,1,10,0,0,0,0,0,0,0,0,199.4
685,1803.880,19.312,17.5711,11.76,30,0,3.125,2339,23.6121,19.5,89.6,7.46,1.48,0,7.05882,0,14.2196,3.335,-9.49931,1,10,0,0,1,0,0,0,0,0,199.4
686,1803.920,19.3952,17.6859,11.76,30,0,3.125,2341.75,23.6121,19.5,89.6,7.6,1.48,0,7.45098,0,14.2196,3.335,-9.49924,1,10,0,0,1,0,0,0,0,0,199.4
687,1803.960,19.4377,18.1453,11.76,30,0,3.125,2379,23.6121,19.5,89.6,7.69,1.5,0,7.05882,0,14.2196,3.335,-9.49924,1,10,0,0,1,0,0,0,0,0,199.4
688,1804.000,19.4377,19.2937,11.76,30,0,3.125,2381.25,23.6121,19.5,89.6,7.63,1.48,0,7.45098,0,14.2196,3.335,-9.49937,1,10,0,0,0,0,0,0,0,0,199.4
689,1804.040,19.6485,20.3273,11.76,30,0,3.125,2380,22.9907,19.5,89.6,7.63,1.48,0,7.45098,0,14.2196,3.335,-9.49937,1,10,0,0,0,0,0,0,0,0,199.4
690,1804.080,20.0276,20.3273,11.76,30,0,3.125,2338.25,22.9907,19.5,89.6,7.67,1.48,0,7.05882,0,14.2196,3.335,-9.49931,1,10,0,0,1,0,0,0,0,0,199.4
691,1804.120,20.2384,20.3273,11.76,30,0,3.125,2328,22.9907,19.5,89.6,7.63,1.48,0,7.05882,0,14.2196,3.335,-9.49924,1,10,0,0,1,0,0,0,0,0,199.4
692,1804.160,20.281,20.3273,11.76,30,0,3.125,2322.75,22.9907,19.5,89.6,7.58,1.48,0,7.05882,0,14.2196,3.335,-9.49924,1,10,0,0,0,0,0,0,0,0,199.4
693,1804.200,20.1959,20.3273,11.76,30,0,3.125,2350,22.9907,19.5,89.6,7.58,1.48,0,7.05882,0,14.2196,3.335,-9.49937,1,10,0,0,0,0,0,0,0,0,199.4
694,1804.240,20.1552,20.3273,11.76,30,0,3.125,2361,22.9907,19.5,89.6,7.46,1.48,0,7.05882,0,14.2196,3.335,-9.49949,1,10,0,0,1,0,0,0,0,0,199.4
695,1804.280,20.1959,20.3273,11.76,30,0,3.125,2325.75,22.9907,19.5,89.6,7.09,1.46,0,7.05882,0,14.2196,3.335,-9.49949,1,10,0,0,1,0,0,0,0,0,199.4
696,1804.320,20.1959,20.3273,11.76,30,0,3.125,2314.75,22.9907,19.5,89.6,7.28,1.48,0,7.05882,0,14.2196,3.335,-9.49961,1,10,0,0,1,0,0,0,0,0,199.4
697,1804.360,20.1959,20.3273,11.76,30,0,3.125,2309,22.9907,19.5,89.6,7.28,1.46,0,7.05882,0,14.2196,3.335,-9.49961,1,10,0,0,1,0,0,0,0,0,199.4
698,1804.400,20.0701,20.3273,11.76,30,0,3.125,2352,22.9907,19.5,89.6,7.46,1.48,0,7.05882,0,14.2196,3.335,-9.49973,1,10,0,0,0,0,0,0,0,0,199.4
699,1804.440,20.1959,20.3273,11.76,30,0,3.125,2362.25,22.9907,19.5,89.6,7.46,1.48,0,7.05882,0,14.2196,3.335,-9.49985,1,10,0,0,1,0,0,0,0,0,199.4
700,1804.480,19.8593,20.3273,11.76,30,0,3.125,2366.5,22.9907,19.5,89.6,7.28,1.46,0,7.05882,0,14.2196,3.335,-9.49985,1,10,0,0,1,0,0,0,0,0,199.4
701,1804.520,19.7762,20.3273,11.76,30,0,3.125,2344,22.9907,19.5,89.6,7.09,1.46,0,7.05882,0,14.2196,3.335,-9.49997,1,10,0,0,1,0,0,0,0,0,199.4
702,1804.560,19.9019,20.3273,11.76,30,0,3.125,2334,22.9907,19.5,89.6,7.46,1.46,0,7.05882,0,14.2196,3.335,-9.50009,1,10,0,0,0,0,0,0,0,0,199.4
703,1804.600,19.8168,20.3273,11.76,30,0,3.125,2368.25,22.9907,19.5,89.6,7.28,1.46,0,7.05882,0,14.2196,3.335,-9.50009,1,10,0,0,0,0,0,0,0,0,199.4
704,1804.640,19.6911,20.3273,11.76,30,0,3.125,2368.75,22.9907,19.5,89.6,7.46,1.48,0,7.05882,0,14.2196,3.335,-9.5002,1,10,0,0,1,0,0,0,0,0,199.4
705,1804.680,19.6911,20.3273,11.76,30,0,3.125,2362.5,22.9907,19.5,89.6,7.09,1.46,0,7.05882,0,14.2196,3.335,-9.5002,1,10,0,0,1,0,0,0,0,0,199.4
706,1804.720,19.7762,20.3273,11.76,30,0,3.125,2323.75,22.9907,19.5,89.6,7.09,1.46,0,7.05882,0,14.2196,3.335,-9.50032,1,10,0,0,0,0,0,0,0,0,199.4
707,1804.760,19.6911,20.3273,11.76,30,0,3.125,2322.5,22.9907,19.5,89.6,6.91,1.46,0,7.05882,0,14.2196,3.335,-9.50043,1,10,0,0,0,0,0,0,0,0,199.4
708,1804.800,19.8593,20.3273,11.76,30,0,3.125,2319,22.9907,19.5,89.6,7,1.46,0,7.05882,0,14.2196,3.335,-9.50043,1,10,0,0,1,0,0,0,0,0,199.4
709,1804.840,19.7762,20.3273,11.76,30,0,3.125,2329,22.9907,19.5,89.6,7.09,1.46,0,7.05882,0,14.2196,3.335,-9.50055,1,10,0,0,1,0,0,0,0,0,199.4
710,1804.880,19.8593,20.3273,11.8526,30,0,3.125,2332.75,22.9907,19.5,89.6,6.91,1.46,0,7.05882,0,14.2196,3.335,-9.50066,1,10,0,0,1,0,0,0,0,0,199.4
711,1804.920,19.6485,20.3273,11.8526,30,0,3.125,2309.5,22.9907,19.5,89.6,7.09,1.46,0,7.05882,0,14.2196,3.335,-9.50066,1,10,0,0,0,0,0,0,0,0,199.4
712,1804.960,19.8168,20.3273,11.8526,29,0,3.125,2318.75,22.9907,19.5,89.6,7.09,1.46,0,7.05882,0,14.2196,3.335,-9.50077,1,10,0,0,0,0,0,0,0,0,199.4
713,1805.000,19.6911,20.3273,11.8526,29,0,3.125,2321.75,22.9907,19.5,89.6,7.28,1.46,0,7.05882,0,14.2196,3.335,-9.50077,1,10,0,0,1,0,0,0,0,0,199.4
714,1805.040,19.5228,20.3273,11.8526,29,0,3.125,2347,22.9907,19.5,89.6,7.09,1.46,0,7.05882,0,14.2196,3.335,-9.50088,1,10,0,0,1,0,0,0,0,0,199.4
715,1805.080,19.6485,20.3273,11.8526,29,0,3.125,2343.25,22.9907,19.5,89.6,7.09,1.46,0,7.05882,0,14.2196,3.335,-9.50099,1,10,0,0,0,0,0,0,0,0,199.4
716,1805.120,19.7762,20.3273,11.8526,29,0,3.125,2358,22.9907,19.5,89.6,7.37,1.46,0,7.05882,0,14.2196,3.335,-9.50099,1,10,0,0,0,0,0,0,0,0,199.4
717,1805.160,19.7336,20.3273,11.8526,29,0,3.125,2349.75,23.6121,19.5,89.6,7,1.46,0,7.05882,0,14.2196,3.335,-9.5011,1,10,0,0,1,0,0,0,0,0,199.4
718,1805.200,19.7762,20.3273,11.8526,29,0,3.125,2351.5,23.6121,19.5,89.6,7.19,1.48,0,7.05882,0,14.2196,3.335,-9.50121,1,10,0,0,1,0,0,0,0,0,199.4
719,1805.240,19.7336,20.3273,11.8526,29,0,3.125,2353.75,22.9907,19.5,89.6,7.28,1.48,0,7.05882,0,14.2196,3.335,-9.50121,1,10,0,0,1,0,0,0,0,0,199.4
720,1805.280,19.6485,20.3273,11.8526,29,0,3.125,2331.75,22.9907,19.5,89.6,7.09,1.46,0,7.05882,0,14.2196,3.335,-9.50132,1,10,0,0,0,0,0,0,0,0,199.4
721,1805.320,19.7336,20.3273,11.8526,29,0,3.125,2330.5,22.9907,19.5,89.6,7.28,1.48,0,7.05882,0,14.2196,3.335,-9.50132,1,10,0,0,1,0,0,0,0,0,199.4
722,1805.360,19.6911,20.3273,11.8526,29,0,3.125,2308.5,22.9907,19.5,89.6,7.19,1.46,0,7.05882,0,14.2196,3.335,-9.50142,1,10,0,0,1,0,0,0,0,0,199.4
723,1805.400,19.8168,20.3273,11.8526,29,0,3.125,2311.25,22.9907,19.5,89.6,6.91,1.46,0,7.05882,0,14.2196,3.335,-9.50153,1,10,0,0,1,0,0,0,0,0,199.4
724,1805.440,19.606,20.3273,11.8526,29,0,3.125,2299.75,22.9907,19.5,89.6,6.91,1.46,0,7.05882,0,14.2196,3.335,-9.50153,1,10,0,0,1,0,0,0,0,0,199.4
725,1805.480,19.7762,20.3273,11.8526,29,0,3.125,2315.25,22.9907,19.5,89.6,6.91,1.46,0,7.05882,0,14.2196,3.335,-9.50163,1,10,0,0,1,0,0,0,0,0,199.4
726,1805.520,19.8168,20.3273,11.8526,29,0,3.125,2308,22.9907,19.5,89.6,6.91,1.46,0,7.05882,0,14.2196,3.335,-9.50174,1,10,0,0,1,0,0,0,0,0,199.4
727,1805.560,19.8593,20.3273,11.8526,29,0,3.125,2318.5,22.9907,19.5,89.6,7,1.46,0,7.45098,0,14.2196,3.335,-9.50174,1,10,0,0,1,0,0,0,0,0,199.4
728,1805.600,19.9019,20.3273,11.8526,29,0,3.125,2311.25,22.9907,19.5,89.6,7.09,1.46,0,7.45098,0,14.2196,3.335,-9.50184,1,10,0,0,1,0,0,0,0,0,199.4
729,1805.640,19.8593,20.3273,11.8526,29,0,3.125,2309.75,22.9907,19.5,89.6,7.58,1.48,0,7.05882,0,14.2196,3.335,-9.50184,1,10,0,0,1,0,0,0,0,0,199.4
730,1805.680,19.7762,20.3273,11.8526,29,0,3.125,2335.75,22.9907,19.5,89.6,7.19,1.46,0,7.05882,0,14.2196,3.335,-9.50194,1,10,0,0,1,0,0,0,0,0,199.4
731,1805.720,19.9019,20.3273,11.8526,29,0,3.125,2319.5,22.3694,19.5,89.6,7.28,1.46,0,7.05882,0,14.2196,3.335,-9.50205,1,10,0,0,1,0,0,0,0,0,199.4
732,1805.760,20.0276,20.3273,11.8526,29,0,3.125,2312.5,22.3694,19.5,89.6,7.09,1.46,0,7.05882,0,14.2196,3.335,-9.50205,1,10,0,0,1,0,0,0,0,0,199.4
733,1805.800,19.606,20.3273,11.8526,29,0,3.125,2297.25,22.9907,19.5,89.6,7.09,1.46,0,7.05882,0,14.2196,3.335,-9.50215,1,10,0,0,1,0,0,0,0,0,199.4
734,1805.840,19.9444,20.3273,11.8526,29,0,3.125,2326.25,22.9907,19.5,89.6,6.72,1.46,0,7.05882,0,14.2196,3.335,-9.50225,1,10,0,0,0,0,0,0,0,0,199.4
735,1805.880,20.0701,20.3273,11.8526,29,0,3.125,2345.25,22.9907,19.5,89.6,6.54,1.46,0,7.05882,0,14.2196,3.335,-9.50225,1,10,0,0,1,0,0,0,0,0,199.4
736,1805.920,19.8593,20.3273,11.9514,29,0,3.125,2370,22.9907,19.5,89.6,6.91,1.46,0,7.05882,0,14.2196,3.335,-9.50235,1,10,0,0,1,0,0,0,0,0,199.4
737,1805.960,19.9851,20.3273,11.9514,29,0,3.125,2356.25,22.9907,19.5,89.6,6.91,1.46,0,7.05882,0,14.2196,3.335,-9.50235,1,10,0,0,1,0,0,0,0,0,199.4
738,1806.000,19.9444,20.3273,11.9514,29,0,3.125,2347.25,22.9907,19.5,89.6,7.09,1.46,0,7.05882,0,14.2196,3.335,-9.50244,1,10,0,0,0,0,0,0,0,0,199.4
739,1806.040,19.8168,20.3273,11.9514,29,0,3.125,2354.5,22.9907,19.5,89.6,7.28,1.48,0,7.05882,0,14.2196,3.335,-9.50254,1,10,0,0,1,0,0,0,0,0,199.4
740,1806.080,19.7762,20.3273,11.9514,30,0,3.125,2344.25,22.9907,19.5,89.6,6.91,1.46,0,7.05882,0,14.2196,3.335,-9.50254,1,10,0,0,1,0,0,0,0,0,199.4
741,1806.120,19.9019,20.3273,11.9514,30,0,3.125,2345.75,22.9907,19.5,89.6,7.09,1.46,0,7.05882,0,14.2196,3.335,-9.50264,1,10,0,0,1,0,0,0,0,0,199.4
742,1806.160,20.3235,20.3273,11.9514,30,0,3.125,2314,22.9907,19.5,89.6,7.09,1.46,0,7.05882,0,14.2196,3.335,-9.50273,1,10,0,0,1,0,0,0,0,0,199.4
743,1806.200,20.2384,20.3273,11.9514,30,0,3.125,2299.5,22.9907,19.5,89.6,7.09,1.46,0,7.05882,0,14.2196,3.335,-9.50273,1,10,0,0,1,0,0,0,0,0,199.4
744,1806.240,20.281,20.3273,11.9514,30,0,3.125,2282.25,22.9907,19.5,89.6,7.19,1.46,0,7.05882,0,14.2196,3.335,-9.50283,1,10,0,0,1,0,0,0,0,0,199.4
745,1806.280,20.3235,20.3273,11.9514,30,0,3.125,2297.25,22.3694,19.5,89.6,7,1.46,0,7.05882,0,14.2196,3.335,-9.50283,1,10,0,0,1,0,0,0,0,0,199.4
746,1806.320,20.281,20.3273,11.9514,30,0,3.125,2299,22.3694,19.5,89.6,6.91,1.46,0,7.05882,0,14.2196,3.335,-9.50292,1,10,0,0,1,0,0,0,0,0,199.4
747,1806.360,20.4492,20.3273,11.9514,30,0,3.125,2316.5,22.9907,19.5,89.6,6.54,1.46,0,7.05882,0,14.2196,3.335,-9.50302,1,10,0,0,1,0,0,0,0,0,199.4
748,1806.400,20.3235,20.3273,11.9514,30,0,3.125,2320.25,22.9907,19.5,89.6,6.72,1.46,0,7.05882,0,14.2196,3.335,-9.50302,1,10,0,0,1,0,0,0,0,0,199.4
749,1806.440,20.3235,20.3273,11.9514,30,0,3.125,2319.75,22.9907,19.5,87.8,6.72,1.46,0,7.05882,0,14.2196,3.335,-9.50311,1,10,0,0,1,0,0,0,0,0,199.4
750,1806.480,20.366,20.3273,11.9514,30,0,3.125,2340.25,22.9907,19.5,87.8,6.54,1.46,0,7.05882,0,14.2196,3.335,-9.5032,1,10,0,0,1,0,0,0,0,0,199.4
751,1806.520,20.4492,20.3273,11.9514,30,0,3.125,2327.75,22.9907,19.5,87.8,6.63,1.46,0,7.05882,0,14.2196,3.335,-9.5032,1,10,0,0,1,0,0,0,0,0,199.4
752,1806.560,20.1959,20.3273,11.9514,30,0,3.125,2338.75,22.9907,19.5,87.8,6.72,1.46,0,7.05882,0,14.2196,3.335,-9.50329,1,10,0,0,1,0,0,0,0,0,199.4
753,1806.600,20.2384,20.3273,11.9514,30,0,3.125,2322.25,22.9907,19.5,87.8,6.91,1.46,0,7.05882,0,14.2196,3.335,-9.50329,1,10,0,0,1,0,0,0,0,0,199.4
754,1806.640,20.1959,20.3273,11.9514,30,0,3.125,2330.25,22.9907,19.5,87.8,6.72,1.46,0,7.05882,0,14.2196,3.335,-9.50339,1,10,0,0,1,0,0,0,0,0,199.4
755,1806.680,20.366,20.3273,11.9514,30,0,3.125,2316.75,22.9907,19.5,87.8,6.81,1.46,0,7.05882,0,14.2196,3.335,-9.50348,1,10,0,0,0,0,0,0,0,0,199.4
756,1806.720,20.366,20.3273,11.9514,30,0,3.125,2325.75,22.9907,19.5,87.8,6.81,1.46,0,7.05882,0,14.2196,3.335,-9.50348,1,10,0,0,0,0,0,0,0,0,199.4
757,1806.760,20.4492,20.3273,11.9514,30,0,3.125,2306.75,22.9907,19.5,87.8,6.72,1.46,0,7.05882,0,14.2196,3.335,-9.50357,1,10,0,0,1,0,0,0,0,0,199.4
758,1806.800,20.4067,20.3273,11.9514,30,0,3.125,2314,22.9907,19.5,87.8,6.54,1.46,0,7.05882,0,14.2196,3.335,-9.50366,1,10,0,0,1,0,0,0,0,0,199.4
759,1806.840,20.281,20.3273,11.9514,30,0,3.125,2316.5,22.9907,19.5,87.8,6.54,1.46,0,7.05882,0,14.2196,3.335,-9.50366,1,10,0,0,1,0,0,0,0,0,199.4
760,1806.880,20.366,20.3273,11.9514,30,0,3.125,2310.5,22.9907,19.5,87.8,6.54,1.46,0,7.05882,0,14.2196,3.335,-9.50374,1,10,0,0,1,0,0,0,0,0,199.4
761,1806.920,20.366,20.3273,11.9514,30,0,3.125,2325.75,22.9907,19.5,87.8,6.72,1.46,0,7.05882,0,14.2196,3.335,-9.50374,1,10,0,0,0,0,0,0,0,0,199.4
762,1806.960,20.3235,20.3273,12.0471,30,0,3.125,2317.75,22.9907,19.5,87.8,6.72,1.46,0,7.05882,0,14.2196,3.335,-9.50383,1,10,0,0,1,0,0,0,0,0,199.4
763,1807.000,20.366,20.3273,12.0471,30,0,3.125,2329.25,22.9907,19.5,87.8,7,1.46,0,7.05882,0,14.2196,3.335,-9.50392,1,10,0,0,1,0,0,0,0,0,199.4
764,1807.040,19.8168,20.3273,12.0471,30,0,3.125,2315.5,22.9907,19.5,87.8,7.09,1.46,0,7.05882,0,14.2196,3.335,-9.50392,1,10,0,0,0,0,0,0,0,0,199.4
765,1807.080,19.7762,20.3273,12.0471,30,0,3.125,2328.5,22.9907,19.5,87.8,7.09,1.46,0,7.05882,0,14.2196,3.335,-9.504,1,10,0,0,1,0,0,0,0,0,199.4
766,1807.120,19.9019,20.3273,12.0471,30,0,3.125,2315.75,22.9907,19.5,87.8,6.91,1.46,0,7.05882,0,14.2196,3.335,-9.50409,1,10,0,0,1,0,0,0,0,0,199.4
767,1807.160,19.9019,20.3273,12.0471,30,0,3.125,2326.75,22.9907,19.5,87.8,7.09,1.46,0,7.05882,0,14.2196,3.335,-9.50409,1,10,0,0,1,0,0,0,0,0,199.4
768,1807.200,19.9444,20.3273,12.0471,30,0,3.125,2321.5,22.9907,19.5,87.8,7.09,1.46,0,7.05882,0,14.2196,3.335,-9.50417,1,10,0,0,0,0,0,0,0,0,199.4
769,1807.240,19.9019,20.3273,12.0471,30,0,3.125,2329.5,22.9907,19.5,87.8,7.09,1.46,0,7.05882,0,14.2196,3.335,-9.50417,1,10,0,0,0,0,0,0,0,0,199.4
770,1807.280,19.9019,20.3273,12.0471,30,0,3.125,2337.75,22.9907,19.5,87.8,6.91,1.46,0,7.05882,0,14.2196,3.335,-9.50426,1,10,0,0,0,0,0,0,0,0,199.4
771,1807.320,19.8593,20.3273,12.0471,30,0,3.125,2318.25,22.9907,19.5,87.8,7.19,1.46,0,7.05882,0,14.2196,3.335,-9.50434,1,10,0,0,1,0,0,0,0,0,199.4
772,1807.360,19.7762,20.3273,12.0471,30,0,3.125,2322.5,22.9907,19.5,87.8,6.91,1.46,0,7.05882,0,14.2196,3.335,-9.50434,1,10,0,0,1,0,0,0,0,0,199.4
773,1807.400,19.8168,20.3273,12.0471,30,0,3.125,2315.25,22.9907,19.5,87.8,6.81,1.46,0,7.45098,0,14.2196,3.335,-9.50442,1,10,0,0,0,0,0,0,0,0,199.4
774,1807.440,19.7762,20.3273,12.0471,30,0,3.125,2331.25,22.9907,19.5,87.8,6.72,1.46,0,7.05882,0,14.2196,3.335,-9.5045,1,10,0,0,1,0,0,0,0,0,199.4
775,1807.480,19.7336,20.3273,12.0471,30,0,3.125,2320.5,22.9907,19.5,87.8,6.72,1.46,0,7.05882,0,14.2196,3.335,-9.5045,1,10,0,0,1,0,0,0,0,0,199.4
776,1807.520,19.9444,20.3273,12.0471,30,0,3.125,2321.5,22.9907,19.5,87.8,6.72,1.46,0,7.05882,0,14.2196,3.335,-9.50458,1,10,0,0,1,0,0,0,0,0,199.4
777,1807.560,19.8593,20.3273,12.0471,30,0,3.125,2314.25,22.9907,19.5,87.8,6.81,1.46,0,7.05882,0,14.2196,3.335,-9.50458,1,10,0,0,0,0,0,0,0,0,199.4
778,1807.600,19.8593,20.3273,12.0471,30,0,3.125,2347.5,22.9907,19.5,87.8,6.91,1.46,0,7.05882,0,14.2196,3.335,-9.50466,1,10,0,0,0,0,0,0,0,0,199.4
779,1807.640,19.8593,20.3273,12.0471,30,0,3.125,2372.25,22.9907,19.5,87.8,7.09,1.46,0,7.05882,0,14.2196,3.335,-9.50474,1,10,0,0,0,0,0,0,0,0,199.4
780,1807.680,19.9851,20.3273,12.0471,30,0,3.125,2356,22.9907,19.5,87.8,6.91,1.46,0,7.05882,0,14.2196,3.335,-9.50474,1,10,0,0,1,0,0,0,0,0,199.4
781,1807.720,19.8593,20.3273,12.0471,30,0,3.125,2343.25,22.9907,19.5,87.8,7.19,1.46,0,7.05882,0,14.2196,3.335,-9.50482,1,10,0,0,1,0,0,0,0,0,199.4
782,1807.760,19.8168,20.3273,12.0471,30,0,3.125,2311,22.9907,19.5,87.8,7,1.46,0,7.05882,0,14.2196,3.335,-9.5049,1,10,0,0,1,0,0,0,0,0,199.4
783,1807.800,19.8168,20.3273,12.0471,30,0,3.125,2321.25,22.9907,19.5,87.8,7,1.46,0,7.05882,0,14.2196,3.335,-9.5049,1,10,0,0,1,0,0,0,0,0,199.4
784,1807.840,19.6485,20.3273,12.0471,30,0,3.125,2317.5,22.9907,19.5,87.8,6.91,1.46,0,7.05882,0,14.2196,3.335,-9.50498,1,10,0,0,1,0,0,0,0,0,199.4
785,1807.880,19.9019,20.3273,12.0471,30,0,3.125,2330.75,22.9907,19.5,87.8,6.81,1.46,0,7.05882,0,14.2196,3.335,-9.50498,1,10,0,0,1,0,0,0,0,0,199.4
786,1807.920,19.8593,20.3273,12.0471,30,0,3.125,2305,22.9907,19.5,87.8,6.72,1.46,0,7.05882,0,14.2196,3.335,-9.50506,1,10,0,0,1,0,0,0,0,0,199.4
787,1807.960,19.8593,20.3273,12.1492,30,0,3.125,2301.75,22.9907,19.5,87.8,7.09,1.46,0,7.05882,0,14.2196,3.335,-9.50514,1,10,0,0,1,0,0,0,0,0,199.4
788,1808.000,19.9019,20.3273,12.1492,30,0,3.125,2293.5,22.9907,19.5,87.8,7.19,1.46,0,7.05882,0,14.2196,3.335,-9.50514,1,10,0,0,1,0,0,0,0,0,199.4
789,1808.040,19.9019,20.3273,12.1492,30,0,3.125,2325.25,22.9907,19.5,87.8,7.09,1.46,0,7.05882,0,14.2196,3.335,-9.50521,1,10,0,0,1,0,0,0,0,0,199.4
790,1808.080,19.9444,20.3273,12.1492,30,0,3.125,2352.75,22.9907,19.5,87.8,7.09,1.46,0,7.05882,0,14.2196,3.335,-9.50529,1,10,0,0,1,0,0,0,0,0,197.6
791,1808.120,19.8593,20.3273,12.1492,30,0,3.125,2335.25,22.9907,19.5,87.8,7.09,1.46,0,7.05882,0,14.2196,3.335,-9.50529,1,10,0,0,1,0,0,0,0,0,197.6
792,1808.160,19.8168,20.3273,12.1492,31,0,3.125,2329.5,22.9907,19.5,87.8,6.81,1.46,0,7.05882,0,14.2196,3.335,-9.50536,1,10,0,0,1,0,0,0,0,0,197.6
793,1808.200,19.8168,20.3273,12.1492,31,0,3.125,2310.75,22.9907,19.5,87.8,7.09,1.46,0,7.05882,0,14.2196,3.335,-9.50536,1,10,0,0,1,0,0,0,0,0,197.6
794,1808.240,20.2384,20.3273,12.1492,31,0,3.125,2329.25,22.9907,19.5,87.8,7.09,1.46,0,7.05882,0,14.2196,3.335,-9.50544,1,10,0,0,1,0,0,0,0,0,197.6
795,1808.280,20.3235,20.3273,12.1492,31,0,3.125,2329.5,22.9907,19.5,87.8,7,1.46,0,7.05882,0,14.2196,3.335,-9.50551,1,10,0,0,1,0,0,0,0,0,197.6
796,1808.320,20.281,20.3273,12.1492,31,0,3.125,2341.25,22.9907,19.5,87.8,7.09,1.46,0,7.05882,0,14.2196,3.335,-9.50551,1,10,0,0,1,0,0,0,0,0,197.6
797,1808.360,20.366,20.3273,12.1492,31,0,3.125,2323.25,22.9907,19.5,87.8,7.09,1.46,0,7.05882,0,14.2196,3.335,-9.50558,1,10,0,0,1,0,0,0,0,0,197.6
798,1808.400,20.3235,20.3273,12.1492,31,0,3.125,2314.75,22.9907,19.5,87.8,7.09,1.46,0,7.05882,0,14.2196,3.335,-9.50566,1,10,0,0,1,0,0,0,0,0,197.6
799,1808.440,20.366,20.3273,12.1492,31,0,3.125,2332.25,22.9907,19.5,87.8,6.91,1.46,0,7.05882,0,14.2196,3.335,-9.50566,1,10,0,0,1,0,0,0,0,0,197.6
800,1808.480,20.3235,20.3273,12.1492,31,0,3.125,2330.75,22.9907,19.5,87.8,6.72,1.46,0,7.05882,0,14.2196,3.335,-9.50573,1,10,0,0,1,0,0,0,0,0,197.6
801,1808.520,20.4492,20.3273,12.1492,31,0,3.125,2348.75,22.9907,19.5,87.8,6.81,1.46,0,7.05882,0,14.2196,3.335,-9.5058,1,10,0,0,0,0,0,0,0,0,197.6
802,1808.560,20.3235,20.3273,12.1492,31,0,3.125,2334,22.9907,19.5,87.8,6.72,1.46,0,7.05882,0,14.2196,3.335,-9.5058,1,10,0,0,1,0,0,0,0,0,197.6
803,1808.600,20.2384,20.3273,12.1492,31,0,3.125,2336,22.9907,19.5,87.8,6.91,1.46,0,7.05882,0,14.2196,3.335,-9.50587,1,10,0,0,1,0,0,0,0,0,197.6
804,1808.640,20.3235,20.3273,12.1492,31,0,3.125,2319,22.9907,19.5,87.8,6.91,1.46,0,7.05882,0,14.2196,3.335,-9.50587,1,10,0,0,1,0,0,0,0,0,197.6
805,1808.680,20.4067,20.3273,12.1492,31,0,3.125,2335.75,22.9907,19.5,87.8,6.91,1.46,0,7.05882,0,14.2196,3.335,-9.50594,1,10,0,0,1,0,0,0,0,0,197.6
806,1808.720,20.4067,20.3273,12.1492,31,0,3.125,2332.75,22.9907,19.5,87.8,6.72,1.46,0,7.05882,0,14.2196,3.335,-9.50601,1,10,0,0,1,0,0,0,0,0,197.6
807,1808.760,20.4067,20.3273,12.1492,31,0,3.125,2339,22.9907,19.5,87.8,6.81,1.46,0,7.05882,0,14.2196,3.335,-9.50601,1,10,0,0,1,0,0,0,0,0,197.6
808,1808.800,20.366,20.3273,12.1492,31,0,3.125,2347.25,22.9907,19.5,87.8,6.91,1.46,0,7.05882,0,14.2196,3.335,-9.50608,1,10,0,0,1,0,0,0,0,0,197.6
809,1808.840,20.4492,20.3273,12.1492,31,0,3.125,2333.25,22.9907,19.5,87.8,6.72,1.46,0,7.05882,0,14.2196,3.335,-9.50608,1,10,0,0,0,0,0,0,0,0,197.6
810,1808.880,20.2384,20.3273,12.1492,31,0,3.125,2345,22.9907,19.5,87.8,6.91,1.46,0,7.05882,0,14.2196,3.335,-9.50615,1,10,0,0,0,0,0,0,0,0,197.6
811,1808.920,20.281,20.3273,12.1492,31,0,3.125,2334.75,22.9907,19.5,87.8,6.91,1.46,0,7.05882,0,14.2196,3.335,-9.50622,1,10,0,0,1,0,0,0,0,0,197.6
812,1808.960,20.1959,20.3273,12.1492,31,0,3.125,2344.25,22.9907,19.5,87.8,7.09,1.46,0,7.05882,0,14.2196,3.335,-9.50622,1,10,0,0,1,0,0,0,0,0,197.6
813,1809.000,20.3235,20.3273,12.248,31,0,3.125,2327.75,22.9907,19.5,87.8,7.09,1.46,0,7.05882,0,14.2196,3.335,-9.50628,1,10,0,0,0,0,0,0,0,0,197.6
814,1809.040,20.4067,20.3273,12.248,31,0,3.125,2333.75,22.9907,19.5,87.8,7.09,1.46,0,7.05882,0,14.2196,3.335,-9.50635,1,10,0,0,0,0,0,0,0,0,197.6
815,1809.080,20.4492,20.3273,12.248,31,0,3.125,2336.75,22.9907,19.5,87.8,7.09,1.46,0,7.05882,0,14.2196,3.335,-9.50635,1,10,0,0,1,0,0,0,0,0,197.6
816,1809.120,20.4067,20.3273,12.248,31,0,3.125,2337.75,22.9907,19.5,87.8,7.09,1.46,0,7.05882,0,14.2196,3.335,-9.50642,1,10,0,0,1,0,0,0,0,0,197.6
817,1809.160,20.4492,20.3273,12.248,31,0,3.125,2356.25,22.9907,19.5,87.8,7,1.46,0,7.05882,0,14.2196,3.335,-9.50642,1,10,0,0,1,0,0,0,0,0,197.6
818,1809.200,20.281,20.3273,12.248,31,0,3.125,2348.5,22.9907,19.5,87.8,6.91,1.46,0,7.05882,0,14.2196,3.335,-9.50648,1,10,0,0,0,0,0,0,0,0,197.6
819,1809.240,20.281,20.3273,12.248,31,0,3.125,2356,22.9907,19.5,87.8,6.91,1.46,0,7.05882,0,14.2196,3.335,-9.50655,1,10,0,0,0,0,0,0,0,0,197.6
820,1809.280,20.1959,20.3273,12.248,31,0,3.125,2342,22.9907,19.5,87.8,6.91,1.46,0,7.05882,0,14.2196,3.335,-9.50655,1,10,0,0,1,0,0,0,0,0,197.6
821,1809.320,20.366,20.3273,12.248,31,0,3.125,2351.5,22.9907,19.5,87.8,6.91,1.46,0,7.05882,0,14.2196,3.335,-9.50661,1,10,0,0,1,0,0,0,0,0,197.6
822,1809.360,20.4067,20.3273,12.248,31,0,3.125,2334.75,22.9907,19.5,87.8,7,1.46,0,7.05882,0,14.2196,3.335,-9.50668,1,10,0,0,0,0,0,0,0,0,197.6
823,1809.400,20.366,20.3273,12.248,31,0,3.125,2322.75,22.9907,19.5,87.8,6.91,1.46,0,7.05882,0,14.2196,3.335,-9.50668,1,10,0,0,0,0,0,0,0,0,197.6
824,1809.440,20.2384,20.3273,12.248,31,0,3.125,2328.75,22.9907,19.5,87.8,7.09,1.46,0,7.05882,0,14.2196,3.335,-9.5068,1,10,0,0,1,0,0,0,0,0,197.6
825,1809.480,20.366,20.3273,12.248,31,0,3.125,2317,22.9907,19.5,87.8,6.72,1.46,0,7.05882,0,14.2196,3.335,-9.5068,1,10,0,0,1,0,0,0,0,0,197.6
826,1809.520,20.3235,20.3273,12.248,31,0,3.125,2332.25,22.9907,19.5,87.8,6.63,1.46,0,7.45098,0,14.2196,3.335,-9.50687,1,10,0,0,1,0,0,0,0,0,197.6
827,1809.560,20.3235,20.3273,12.248,31,0,3.125,2326.5,22.9907,19.5,87.8,6.72,1.46,0,7.05882,0,14.2196,3.335,-9.50699,1,10,0,0,1,0,0,0,0,0,197.6
828,1809.600,20.2384,20.3273,12.248,31,0,3.125,2344.5,22.9907,19.5,87.8,6.54,1.46,0,7.05882,0,14.2196,3.335,-9.50699,1,10,0,0,1,0,0,0,0,0,197.6
829,1809.640,20.2384,20.3273,12.248,31,0,3.125,2334.25,22.9907,19.5,87.8,6.54,1.46,0,7.05882,0,14.2196,3.335,-9.50705,1,10,0,0,1,0,0,0,0,0,197.6
830,1809.680,19.9444,20.3273,12.248,31,0,3.125,2340,22.9907,19.5,87.8,6.54,1.46,0,7.05882,0,14.2196,3.335,-9.50711,1,10,0,0,1,0,0,0,0,0,197.6
831,1809.720,19.9019,20.3273,12.248,31,0,3.125,2323.75,22.9907,19.5,87.8,6.54,1.46,0,7.05882,0,14.2196,3.335,-9.50711,1,10,0,0,0,0,0,0,0,0,197.6
832,1809.760,19.8168,20.3273,12.248,31,0,3.125,2334,22.9907,19.5,87.8,6.54,1.46,0,7.05882,0,14.2196,3.335,-9.50717,1,10,0,0,0,0,0,0,0,0,197.6
833,1809.800,19.9019,20.3273,12.248,31,0,3.125,2338,22.9907,19.5,87.8,6.72,1.46,0,7.05882,0,14.2196,3.335,-9.50717,1,10,0,0,1,0,0,0,0,0,197.6
834,1809.840,19.9444,20.3273,12.248,31,0,3.125,2329.75,22.9907,19.5,87.8,6.91,1.46,0,7.05882,0,14.2196,3.335,-9.50723,1,10,0,0,1,0,0,0,0,0,197.6
835,1809.880,19.9019,20.3273,12.248,31,0,3.125,2341,22.9907,19.5,87.8,7.09,1.46,0,7.05882,0,14.2196,3.335,-9.50729,1,10,0,0,1,0,0,0,0,0,197.6
836,1809.920,19.7762,20.3273,12.248,31,0,3.125,2325.25,22.9907,19.5,87.8,6.72,1.46,0,7.05882,0,14.2196,3.335,-9.50729,1,10,0,0,1,0,0,0,0,0,197.6
837,1809.960,19.7762,20.3273,12.248,31,0,3.125,2333.25,22.9907,19.5,87.8,7.09,1.46,0,7.05882,0,14.2196,3.335,-9.50735,1,10,0,0,1,0,0,0,0,0,197.6
838,1810.000,19.6485,20.3273,12.3536,31,0,3.125,2328.5,22.9907,19.5,87.8,6.91,1.46,0,7.05882,0,14.2196,3.335,-9.50741,1,10,0,0,1,0,0,0,0,0,197.6
839,1810.040,19.9019,20.3273,12.3536,31,0,3.125,2345.5,22.9907,19.5,87.8,6.91,1.46,0,7.05882,0,14.2196,3.335,-9.50741,1,10,0,0,1,0,0,0,0,0,197.6
840,1810.080,19.9444,20.3273,12.3536,31,0,3.125,2335.25,22.9907,19.5,87.8,6.91,1.46,0,7.05882,0,14.2196,3.335,-9.50747,1,10,0,0,0,0,0,0,0,0,197.6
841,1810.120,19.9019,20.3273,12.3536,31,0,3.125,2340.5,22.9907,19.5,87.8,6.63,1.46,0,7.05882,0,14.2196,3.335,-9.50753,1,10,0,0,1,0,0,0,0,0,197.6
842,1810.160,19.9019,20.3273,12.3536,31,0,3.125,2338,22.9907,19.5,87.8,7,1.46,0,7.05882,0,14.2196,3.335,-9.50753,1,10,0,0,1,0,0,0,0,0,197.6
843,1810.200,19.9444,20.3273,12.3536,31,0,3.125,2337.25,22.9907,19.5,87.8,6.91,1.46,0,7.05882,0,14.2196,3.335,-9.50758,1,10,0,0,1,0,0,0,0,0,197.6
844,1810.240,19.8168,20.3273,12.3536,31,0,3.125,2357.75,22.9907,19.5,87.8,6.91,1.46,0,7.05882,0,14.2196,3.335,-9.50758,1,10,0,0,1,0,0,0,0,0,197.6
845,1810.280,19.6911,20.3273,12.3536,31,0,3.125,2348.75,22.9907,19.5,87.8,6.91,1.46,0,7.05882,0,14.2196,3.335,-9.50764,1,10,0,0,1,0,0,0,0,0,197.6
846,1810.320,19.7762,20.3273,12.3536,31,0,3.125,2349.5,22.9907,19.5,87.8,6.91,1.46,0,7.05882,0,14.2196,3.335,-9.5077,1,10,0,0,1,0,0,0,0,0,197.6
847,1810.360,19.9019,20.3273,12.3536,31,0,3.125,2327.75,22.9907,19.5,87.8,7.09,1.46,0,7.05882,0,14.2196,3.335,-9.5077,1,10,0,0,1,0,0,0,0,0,197.6
848,1810.400,19.8168,20.3273,12.3536,31,0,3.125,2337,22.9907,19.5,87.8,6.91,1.46,0,7.05882,0,14.2196,3.335,-9.50775,1,10,0,0,1,0,0,0,0,0,197.6
849,1810.440,19.9444,20.3273,12.3536,31,0,3.125,2333.5,22.9907,19.5,89.6,6.72,1.46,0,7.05882,0,14.2196,3.335,-9.50781,1,10,0,0,1,0,0,0,0,0,197.6
850,1810.480,19.8593,20.3273,12.3536,31,0,3.125,2338.5,22.9907,19.5,89.6,6.72,1.46,0,7.05882,0,14.2196,3.335,-9.50781,1,10,0,0,1,0,0,0,0,0,197.6
851,1810.520,19.8168,20.3273,12.3536,31,0,3.125,2345.5,22.9907,19.5,89.6,6.72,1.46,0,7.05882,0,14.2196,3.335,-9.50786,1,10,0,0,1,0,0,0,0,0,197.6
852,1810.560,19.9019,20.3273,12.3536,32,0,3.125,2335.75,22.9907,19.5,89.6,7,1.46,0,7.05882,0,14.2196,3.335,-9.50786,1,10,0,0,1,0,0,0,0,0,197.6
853,1810.600,19.8593,20.3273,12.3536,32,0,3.125,2353,22.9907,19.5,89.6,7.09,1.46,0,7.05882,0,14.2196,3.335,-9.50792,1,10,0,0,1,0,0,0,0,0,197.6
854,1810.640,19.8168,20.3273,12.3536,32,0,3.125,2351,22.9907,19.5,89.6,6.91,1.46,0,7.45098,0,14.2196,3.335,-9.50797,1,10,0,0,0,0,0,0,0,0,197.6
855,1810.680,19.8593,20.3273,12.3536,32,0,3.125,2370,22.9907,19.5,89.6,6.81,1.46,0,7.05882,0,14.2196,3.335,-9.50797,1,10,0,0,0,0,0,0,0,0,197.6
856,1810.720,19.8168,20.3273,12.3536,32,0,3.125,2363.75,22.9907,20,89.6,6.81,1.46,0,7.05882,0,14.2196,3.335,-9.50802,1,10,0,0,1,0,0,0,0,0,197.6
857,1810.760,19.9019,20.3273,12.3536,32,0,3.125,2358.75,22.9907,20,89.6,6.91,1.46,0,7.45098,0,14.2196,3.335,-9.50802,1,10,0,0,1,0,0,0,0,0,197.6
858,1810.800,19.8168,20.3273,12.3536,32,0,3.125,2359.75,22.9907,20,89.6,6.91,1.46,0,7.05882,0,14.2196,3.335,-9.50808,1,10,0,0,1,0,0,0,0,0,197.6
859,1810.840,19.9019,20.3273,12.3536,32,0,3.125,2338.5,22.9907,20,89.6,7,1.46,0,7.45098,0,14.2196,3.335,-9.50813,1,10,0,0,0,0,0,0,0,0,197.6
860,1810.880,19.8593,20.3273,12.3536,32,0,3.125,2349.75,22.9907,20,89.6,6.91,1.46,0,7.45098,0,14.2196,3.335,-9.50813,1,10,0,0,0,0,0,0,0,0,197.6
861,1810.920,19.7336,20.3273,12.3536,32,0,3.125,2347,22.9907,20,89.6,6.91,1.46,0,7.45098,0,14.2196,3.335,-9.50818,1,10,0,0,1,0,0,0,0,0,197.6
862,1810.960,19.9444,20.3273,12.3536,32,0,3.125,2364.25,22.9907,20,89.6,7,1.46,0,7.45098,0,14.2196,3.335,-9.50823,1,10,0,0,1,0,0,0,0,0,197.6
863,1811.000,19.8168,20.3273,12.3536,32,0,3.125,2349.25,22.9907,20,89.6,7.09,1.46,0,7.45098,0,14.2196,3.335,-9.50823,1,10,0,0,0,0,0,0,0,0,197.6
864,1811.040,19.8593,20.3273,12.4558,32,0,3.125,2337,22.9907,20,89.6,6.81,1.46,0,7.45098,0,14.2196,3.335,-9.50835,1,10,0,0,1,0,0,0,0,0,197.6
865,1811.080,19.9444,20.3273,12.4558,32,0,3.125,2351.25,23.6121,20,89.6,6.91,1.46,0,7.45098,0,14.2196,3.335,-9.50835,1,10,0,0,0,0,0,0,0,0,197.6
866,1811.120,19.9444,20.3273,12.4558,32,0,3.125,2355.75,23.6121,20,89.6,6.91,1.46,0,7.45098,0,14.2196,3.335,-9.5084,1,10,0,0,1,0,0,0,0,0,197.6
867,1811.160,19.7336,20.3273,12.4558,32,0,3.125,2380.5,23.6121,20,89.6,6.91,1.46,0,7.45098,0,14.2196,3.335,-9.50845,1,10,0,0,1,0,0,0,0,0,197.6
868,1811.200,19.9019,20.3273,12.4558,32,0,3.125,2373.5,23.6121,20,89.6,6.72,1.46,0,7.45098,0,14.2196,3.335,-9.50845,1,10,0,0,0,0,0,0,0,0,197.6
869,1811.240,20.4492,20.3273,12.4558,32,0,3.125,2383,23.6121,20,89.6,6.91,1.46,0,7.45098,0,14.2196,3.335,-9.5085,1,10,0,0,0,0,0,0,0,0,197.6
870,1811.280,20.4492,20.3273,12.4558,32,0,3.125,2364.25,23.6121,20,89.6,6.91,1.46,0,7.45098,0,14.2196,3.335,-9.50855,1,10,0,0,1,0,0,0,0,0,195.8
871,1811.320,20.281,20.3273,12.4558,32,0,3.125,2360.5,23.6121,20,89.6,7.19,1.46,0,7.45098,0,14.2196,3.335,-9.50855,1,10,0,0,1,0,0,0,0,0,195.8
872,1811.360,20.4067,20.3273,12.4558,32,0,3.125,2368.75,23.6121,20,89.6,7.09,1.46,0,7.45098,0,14.2196,3.335,-9.50872,1,10,0,0,1,0,0,0,0,0,195.8
873,1811.400,20.366,20.3273,12.4558,32,0,3.125,2354.75,23.6121,20,89.6,7.28,1.46,0,7.45098,0,14.2196,3.335,-9.50883,1,10,0,0,0,0,0,0,0,0,195.8
874,1811.440,20.2384,20.3273,12.4558,32,0,3.125,2366.5,23.6121,20,89.6,7.09,1.46,0,7.45098,0,14.2196,3.335,-9.50883,1,10,0,0,0,0,0,0,0,0,195.8
875,1811.480,20.4492,20.3273,12.4558,32,0,3.125,2353.25,22.9907,20,89.6,7.09,1.46,0,7.45098,0,14.2196,3.335,-9.50888,1,10,0,0,1,0,0,0,0,0,195.8
876,1811.520,20.366,20.3273,12.4558,32,0,3.125,2360,22.9907,20,89.6,6.91,1.46,0,7.45098,0,14.2196,3.335,-9.50888,1,10,0,0,1,0,0,0,0,0,195.8
877,1811.560,20.281,20.3273,12.4558,32,0,3.125,2342,22.9907,20,89.6,7.09,1.46,0,7.45098,0,14.2196,3.335,-9.50898,1,10,0,0,0,0,0,0,0,0,195.8
878,1811.600,20.366,20.3273,12.4558,32,0,3.125,2351,22.9907,20,89.6,7.09,1.46,0,7.45098,0,14.2196,3.335,-9.50909,1,10,0,0,0,0,0,0,0,0,195.8
879,1811.640,20.4067,20.3273,12.4558,32,0,3.125,2374.25,22.9907,20,89.6,6.91,1.46,0,7.45098,0,14.2196,3.335,-9.50909,1,10,0,0,0,0,0,0,0,0,195.8
880,1811.680,20.3235,20.3273,12.4558,32,0,3.125,2373,22.9907,20,89.6,6.91,1.46,0,7.45098,0,14.2196,3.335,-9.50926,1,10,0,0,1,0,0,0,0,0,195.8
881,1811.720,20.281,20.3273,12.4558,32,0,3.125,2384,22.9907,20,89.6,7,1.46,0,7.45098,0,14.2196,3.335,-9.50937,1,10,0,0,1,0,0,0,0,0,195.8
882,1811.760,20.4492,20.3273,12.4558,32,0,3.125,2372.5,22.9907,20,89.6,7.28,1.46,0,7.45098,0,14.2196,3.335,-9.50937,1,10,0,0,0,0,0,0,0,0,195.8
883,1811.800,20.281,20.3273,12.4558,32,0,3.125,2387,23.6121,20,89.6,7.28,1.46,0,7.45098,0,14.2196,3.335,-9.50941,1,10,0,0,0,0,0,0,0,0,195.8
884,1811.840,20.281,20.3273,12.4558,32,0,3.125,2385.25,23.6121,20,89.6,6.91,1.46,0,7.45098,0,14.2196,3.335,-9.50941,1,10,0,0,0,0,0,0,0,0,195.8
885,1811.880,20.4067,20.3273,12.4558,32,0,3.125,2370.75,23.6121,20,89.6,7.09,1.46,0,7.45098,0,14.2196,3.335,-9.50951,1,10,0,0,1,0,0,0,0,0,195.8
886,1811.920,20.281,20.3273,12.4558,32,0,3.125,2372.25,23.6121,20,89.6,7.09,1.46,0,7.45098,0,14.2196,3.335,-9.50962,1,10,0,0,1,0,0,0,0,0,195.8
887,1811.960,20.1959,20.3273,12.4558,32,0,3.125,2352.25,23.6121,20,89.6,6.91,1.46,0,7.45098,0,14.2196,3.335,-9.50962,1,10,0,0,0,0,0,0,0,0,195.8
888,1812.000,20.366,20.3273,12.4558,32,0,3.125,2359.75,23.6121,20,89.6,6.91,1.46,0,7.45098,0,14.2196,3.335,-9.50978,1,10,0,0,1,0,0,0,0,0,195.8
889,1812.040,20.4492,20.3273,12.5649,32,0,3.125,2346.5,22.9907,20,89.6,6.91,1.46,0,7.45098,0,14.2196,3.335,-9.50994,1,10,0,0,1,0,0,0,0,0,195.8
890,1812.080,20.3235,20.3273,12.5649,32,0,3.125,2355.25,22.9907,20,89.6,6.91,1.46,0,7.45098,0,14.2196,3.335,-9.50994,1,10,0,0,1,0,0,0,0,0,195.8
891,1812.120,20.366,20.3273,12.5649,32,0,3.125,2370.25,22.9907,20,89.6,6.91,1.46,0,7.45098,0,14.2196,3.335,-9.50998,1,10,0,0,1,0,0,0,0,0,195.8
892,1812.160,20.4067,20.3273,12.5649,32,0,3.125,2349.5,22.9907,20,89.6,6.91,1.46,0,7.05882,0,14.2196,3.335,-9.50998,1,10,0,0,0,0,0,0,0,0,195.8
893,1812.200,19.8168,20.3273,12.5649,32,0,3.125,2357,23.6121,20,89.6,7,1.46,0,7.45098,0,14.2196,3.335,-9.51008,1,10,0,0,0,0,0,0,0,0,195.8
894,1812.240,19.7336,20.3273,12.5649,32,0,3.125,2348,23.6121,20,89.6,6.81,1.46,0,7.45098,0,14.2196,3.335,-9.51018,1,10,0,0,1,0,0,0,0,0,195.8
895,1812.280,19.9444,20.3273,12.5649,32,0,3.125,2371.5,23.6121,20,89.6,7.09,1.46,0,7.45098,0,14.2196,3.335,-9.51018,1,10,0,0,1,0,0,0,0,0,195.8
896,1812.320,19.7762,20.3273,12.5649,32,0,3.125,2378.5,23.6121,20,89.6,6.91,1.46,0,7.05882,0,14.2196,3.335,-9.51034,1,10,0,0,0,0,0,0,0,0,195.8
897,1812.360,19.8593,20.3273,12.5649,32,0,3.125,2376.25,23.6121,20,89.6,6.91,1.46,0,7.05882,0,14.2196,3.335,-9.51034,1,10,0,0,0,0,0,0,0,0,195.8
898,1812.400,19.9444,20.3273,12.5649,32,0,3.125,2369.75,23.6121,20,89.6,7.19,1.48,0,7.05882,0,14.2196,3.335,-9.51044,1,10,0,0,0,0,0,0,0,0,195.8
899,1812.440,19.7336,20.3273,12.5649,32,0,3.125,2353.75,23.6121,20,89.6,7.09,1.46,0,7.05882,0,14.2196,3.335,-9.51053,1,10,0,0,1,0,0,0,0,0,195.8
900,1812.480,19.6911,20.3273,12.5649,32,0,3.125,2357,23.6121,20,89.6,7.09,1.46,0,7.45098,0,14.2196,3.335,-9.51053,1,10,0,0,1,0,0,0,0,0,195.8
901,1812.520,19.9444,20.3273,12.5649,32,0,3.125,2346,23.6121,20,89.6,7.19,1.46,0,7.05882,0,14.2196,3.335,-9.51069,1,10,0,0,0,0,0,0,0,0,195.8
902,1812.560,19.9019,20.3273,12.5649,32,0,3.125,2352.25,23.6121,20,89.6,7.28,1.48,0,7.05882,0,14.2196,3.335,-9.51085,1,10,0,0,0,0,0,0,0,0,195.8
903,1812.600,19.7762,20.3273,12.5649,32,0,3.125,2341.5,22.9907,20,89.6,7.09,1.46,0,7.05882,0,14.2196,3.335,-9.51085,1,10,0,0,1,0,0,0,0,0,195.8
904,1812.640,19.8168,20.3273,12.5649,32,0,3.125,2338.75,22.9907,20,89.6,7.28,1.46,0,7.05882,0,14.2196,3.335,-9.511,1,10,0,0,1,0,0,0,0,0,195.8
905,1812.680,19.9019,20.3273,12.5649,32,0,3.125,2348.25,22.9907,20,89.6,7.19,1.48,0,7.05882,0,14.2196,3.335,-9.511,1,10,0,0,1,0,0,0,0,0,195.8
906,1812.720,19.8168,20.3273,12.5649,32,0,3.125,2337.5,22.9907,20,89.6,7.09,1.46,0,7.05882,0,14.2196,3.335,-9.51116,1,10,0,0,0,0,0,0,0,0,195.8
907,1812.760,19.8593,20.3273,12.5649,32,0,3.125,2362,22.9907,20,89.6,6.91,1.46,0,7.05882,0,14.2196,3.335,-9.51131,1,10,0,0,0,0,0,0,0,0,195.8
908,1812.800,19.7762,20.3273,12.5649,32,0,3.125,2359,22.9907,20,89.6,6.91,1.46,0,7.05882,0,14.2196,3.335,-9.51131,1,10,0,0,1,0,0,0,0,0,195.8
909,1812.840,19.7762,20.3273,12.5649,32,0,3.125,2373.25,22.9907,20,89.6,6.91,1.46,0,7.05882,0,14.2196,3.335,-9.51146,1,10,0,0,1,0,0,0,0,0,195.8
910,1812.880,19.8593,20.3273,12.5649,32,0,3.125,2359.5,22.9907,20,89.6,7.09,1.46,0,7.05882,0,14.2196,3.335,-9.51161,1,10,0,0,1,0,0,0,0,0,194
911,1812.920,19.9019,20.3273,12.5649,32,0,3.125,2356.25,22.9907,20,89.6,7.09,1.46,0,7.05882,0,14.2196,3.335,-9.51161,1,10,0,0,0,0,0,0,0,0,194
912,1812.960,19.9019,20.3273,12.5649,32,0,3.125,2367.25,22.9907,20,89.6,7.28,1.46,0,7.05882,0,14.2196,3.335,-9.51176,1,10,0,0,0,0,0,0,0,0,194
913,1813.000,19.7762,20.3273,12.5649,32,0,3.125,2354.75,22.9907,20,89.6,7.19,1.46,0,7.05882,0,14.2196,3.335,-9.51191,1,10,0,0,1,0,0,0,0,0,194
914,1813.040,19.7762,20.3273,12.5649,32,0,3.125,2358.25,22.9907,20,89.6,7.09,1.46,0,7.05882,0,14.2196,3.335,-9.51191,1,10,0,0,1,0,0,0,0,0,194
915,1813.080,19.7336,20.3273,12.6707,32,0,3.125,2334.5,22.9907,20,89.6,7.19,1.46,0,7.05882,0,14.2196,3.335,-9.51205,1,10,0,0,0,0,0,0,0,0,194
916,1813.120,19.8168,20.3273,12.6707,32,0,3.125,2341.5,22.9907,20,89.6,7.19,1.46,0,7.05882,0,14.2196,3.335,-9.51205,1,10,0,0,1,0,0,0,0,0,194
917,1813.160,19.7762,20.3273,12.6707,32,0,3.125,2323.5,22.9907,20,89.6,6.91,1.46,0,7.05882,0,14.2196,3.335,-9.5122,1,10,0,0,1,0,0,0,0,0,194
918,1813.200,19.8593,20.3273,12.6707,32,0,3.125,2330,22.9907,20,89.6,6.72,1.46,0,7.05882,0,14.2196,3.335,-9.51234,1,10,0,0,1,0,0,0,0,0,194
919,1813.240,19.8168,20.3273,12.6707,32,0,3.125,2344.5,22.9907,20,89.6,6.72,1.46,0,7.05882,0,14.2196,3.335,-9.51234,1,10,0,0,1,0,0,0,0,0,194
920,1813.280,19.8593,20.3273,12.6707,32,0,3.125,2342.5,22.9907,20,89.6,6.54,1.46,0,7.05882,0,14.2196,3.335,-9.51242,1,10,0,0,0,0,0,0,0,0,194
921,1813.320,20.366,20.3273,12.6707,32,0,3.125,2356,22.9907,20,89.6,6.81,1.46,0,7.05882,0,14.2196,3.335,-9.51257,1,10,0,0,0,0,0,0,0,0,194
922,1813.360,20.1959,20.3273,12.6707,32,0,3.125,2345.25,22.9907,20,89.6,7.09,1.46,0,7.05882,0,14.2196,3.335,-9.51257,1,10,0,0,1,0,0,0,0,0,194
923,1813.400,20.2384,20.3273,12.6707,32,0,3.125,2348.75,22.9907,20,89.6,7.28,1.48,0,7.05882,0,14.2196,3.335,-9.51271,1,10,0,0,1,0,0,0,0,0,194
924,1813.440,20.4492,20.3273,12.6707,32,0,3.125,2339,22.9907,20,89.6,7.28,1.46,0,7.05882,0,14.2196,3.335,-9.51271,1,10,0,0,0,0,0,0,0,0,194
925,1813.480,20.281,20.3273,12.6707,32,0,3.125,2358.25,22.9907,20,89.6,6.91,1.46,0,7.05882,0,14.2196,3.335,-9.51285,1,10,0,0,0,0,0,0,0,0,194
926,1813.520,20.366,20.3273,12.6707,32,0,3.125,2366.25,22.9907,20,89.6,7.09,1.46,0,7.05882,0,14.2196,3.335,-9.51299,1,10,0,0,0,0,0,0,0,0,194
927,1813.560,20.4492,20.3273,12.6707,32,0,3.125,2351.75,22.9907,20,89.6,7.19,1.46,0,7.05882,0,14.2196,3.335,-9.51299,1,10,0,0,1,0,0,0,0,0,194
928,1813.600,20.3235,20.3273,12.6707,32,0,3.125,2357.75,22.9907,20,89.6,6.91,1.46,0,7.05882,0,14.2196,3.335,-9.51312,1,10,0,0,1,0,0,0,0,0,194
929,1813.640,20.2384,20.3273,12.6707,32,0,3.125,2336,22.9907,20,89.6,6.91,1.46,0,7.05882,0,14.2196,3.335,-9.51326,1,10,0,0,0,0,0,0,0,0,194
930,1813.680,20.281,20.3273,12.6707,32,0,3.125,2340,22.9907,20,89.6,6.91,1.46,0,7.05882,0,14.2196,3.335,-9.51326,1,10,0,0,1,0,0,0,0,0,194
931,1813.720,20.1552,20.3273,12.6707,32,0,3.125,2329.75,22.9907,20,89.6,6.81,1.46,0,7.05882,0,14.2196,3.335,-9.5134,1,10,0,0,1,0,0,0,0,0,194
932,1813.760,20.4067,20.3273,12.6707,32,0,3.125,2343,22.9907,20,89.6,6.91,1.46,0,7.05882,0,14.2196,3.335,-9.5134,1,10,0,0,1,0,0,0,0,0,194
933,1813.800,20.4067,20.3273,12.6707,32,0,3.125,2337.25,22.9907,20,89.6,6.91,1.46,0,7.05882,0,14.2196,3.335,-9.51353,1,10,0,0,1,0,0,0,0,0,194
934,1813.840,20.366,20.3273,12.6707,32,0,3.125,2335,22.9907,20,89.6,7,1.46,0,7.05882,0,14.2196,3.335,-9.51366,1,10,0,0,1,0,0,0,0,0,194
935,1813.880,20.2384,20.3273,12.6707,32,0,3.125,2346,22.9907,20,89.6,6.72,1.46,0,7.05882,0,14.2196,3.335,-9.51366,1,10,0,0,1,0,0,0,0,0,194
936,1813.920,20.281,20.3273,12.6707,32,0,3.125,2338.5,22.9907,20,89.6,6.91,1.46,0,7.05882,0,14.2196,3.335,-9.5138,1,10,0,0,1,0,0,0,0,0,194
937,1813.960,20.366,20.3273,12.6707,32,0,3.125,2352.25,22.9907,20,89.6,7,1.46,0,7.05882,0,14.2196,3.335,-9.51393,1,10,0,0,1,0,0,0,0,0,194
938,1814.000,20.1959,20.3273,12.6707,32,0,3.125,2350,22.9907,20,89.6,6.91,1.46,0,7.05882,0,14.2196,3.335,-9.51393,1,10,0,0,1,0,0,0,0,0,194
939,1814.040,20.4067,20.3273,12.6707,32,0,3.125,2363.75,23.6121,20,89.6,7.09,1.46,0,7.05882,0,14.2196,3.335,-9.51406,1,10,0,0,1,0,0,0,0,0,194
940,1814.080,20.281,20.3273,12.6707,32,0,3.125,2349.75,23.6121,20,89.6,6.72,1.46,0,7.05882,0,14.2196,3.335,-9.51406,1,10,0,0,1,0,0,0,0,0,194
941,1814.120,20.281,20.3273,12.6707,32,0,3.125,2356.25,22.9907,20,89.6,6.81,1.46,0,7.05882,0,14.2196,3.335,-9.51419,1,10,0,0,1,0,0,0,0,0,194
942,1814.160,20.281,20.3273,12.6707,32,0,3.125,2354,22.9907,20,89.6,6.72,1.46,0,7.05882,0,14.2196,3.335,-9.51432,1,10,0,0,1,0,0,0,0,0,194
943,1814.200,20.281,20.3273,12.6707,32,0,3.125,2346,22.9907,20,89.6,6.91,1.46,0,7.05882,0,14.2196,3.335,-9.51432,1,10,0,0,0,0,0,0,0,0,194
944,1814.240,20.2384,20.3273,12.6707,32,0,3.125,2357,22.9907,20,89.6,7.09,1.46,0,7.05882,0,14.2196,3.335,-9.51444,1,10,0,0,0,0,0,0,0,0,194
945,1814.280,20.1552,20.3273,12.6707,32,0,3.125,2341.5,22.9907,20,89.6,6.91,1.46,0,7.05882,0,14.2196,3.335,-9.51457,1,10,0,0,1,0,0,0,0,0,194
946,1814.320,20.1959,20.3273,12.6707,32,0,3.125,2344.25,22.9907,20,89.6,6.81,1.46,0,7.05882,0,14.2196,3.335,-9.51457,1,10,0,0,1,0,0,0,0,0,194
947,1814.360,20.1959,20.3273,12.6707,32,0,3.125,2333.5,22.9907,20,89.6,7.09,1.46,0,7.05882,0,14.2196,3.335,-9.5147,1,10,0,0,1,0,0,0,0,0,194
948,1814.400,20.2384,20.3273,12.6707,32,0,3.125,2345.25,22.9907,20,89.6,6.91,1.46,0,7.05882,0,14.2196,3.335,-9.5147,1,10,0,0,0,0,0,0,0,0,194
949,1814.440,20.281,20.3273,12.6707,32,0,3.125,2334.5,22.9907,20,91.4,7.19,1.46,0,7.05882,0,14.2196,3.335,-9.51482,1,10,0,0,1,0,0,0,0,0,194
950,1814.480,20.281,20.3273,12.6707,32,0,3.125,2337,22.9907,20,91.4,7.09,1.46,0,7.05882,0,14.2196,3.335,-9.51494,1,10,0,0,1,0,0,0,0,0,194
951,1814.520,20.1959,20.3273,12.6707,32,0,3.125,2346.5,22.9907,20,91.4,6.91,1.46,0,7.05882,0,14.2196,3.335,-9.51494,1,10,0,0,1,0,0,0,0,0,194
952,1814.560,20.1959,20.3273,12.6707,32,0,3.125,2338.75,22.9907,20,91.4,6.91,1.46,0,7.05882,0,14.2196,3.335,-9.51507,1,10,0,0,1,0,0,0,0,0,194
953,1814.600,20.1127,20.3273,12.6707,32,0,3.125,2352,22.9907,20,91.4,7,1.46,0,7.05882,0,14.2196,3.335,-9.51519,1,10,0,0,1,0,0,0,0,0,194
954,1814.640,19.606,20.3273,12.6707,32,0,3.125,2343.5,22.9907,20,91.4,7.09,1.46,0,7.05882,0,14.2196,3.335,-9.51519,1,10,0,0,1,0,0,0,0,0,194
955,1814.680,19.7762,20.3273,12.6707,32,0,3.125,2357.75,22.9907,20,91.4,7.09,1.46,0,7.05882,0,14.2196,3.335,-9.51531,1,10,0,0,1,0,0,0,0,0,194
956,1814.720,19.9444,20.3273,12.6707,32,0,3.125,2347.5,22.9907,20,91.4,6.72,1.46,0,7.05882,0,14.2196,3.335,-9.51531,1,10,0,0,0,0,0,0,0,0,194
957,1814.760,19.7762,20.3273,12.6707,32,0,3.125,2350,22.9907,20,91.4,6.91,1.46,0,7.05882,0,14.2196,3.335,-9.51543,1,10,0,0,0,0,0,0,0,0,194
958,1814.800,19.7336,20.3273,12.6707,32,0,3.125,2358,22.9907,20,91.4,6.81,1.46,0,7.05882,0,14.2196,3.335,-9.51554,1,10,0,0,0,0,0,0,0,0,194
959,1814.840,19.7762,20.3273,12.6707,32,0,3.125,2350,22.9907,20,91.4,6.91,1.46,0,7.05882,0,14.2196,3.335,-9.51554,1,10,0,0,1,0,0,0,0,0,194
960,1814.880,19.7762,20.3273,12.6707,32,0,3.125,2367.75,22.9907,20,91.4,7,1.46,0,7.05882,0,14.2196,3.335,-9.51566,1,10,0,0,1,0,0,0,0,0,194
961,1814.920,19.6911,20.3273,12.6707,32,0,3.125,2357.25,22.9907,20,91.4,7,1.46,0,7.05882,0,14.2196,3.335,-9.51578,1,10,0,0,0,0,0,0,0,0,194
962,1814.960,19.9444,20.3273,12.6707,32,0,3.125,2366.25,22.9907,20,91.4,7.09,1.46,0,7.05882,0,14.2196,3.335,-9.51578,1,10,0,0,0,0,0,0,0,0,194
963,1815.000,19.7762,20.3273,12.6707,32,0,3.125,2348.25,22.9907,20,91.4,7.09,1.46,0,7.05882,0,14.2196,3.335,-9.51589,1,10,0,0,1,0,0,0,0,0,194
964,1815.040,19.9444,20.3273,12.6707,32,0,3.125,2350.75,22.9907,20,91.4,6.91,1.46,0,7.05882,0,14.2196,3.335,-9.51589,1,10,0,0,1,0,0,0,0,0,194
965,1815.080,19.9019,20.3273,12.6707,32,0,3.125,2370,22.9907,20,91.4,6.91,1.46,0,7.05882,0,14.2196,3.335,-9.51601,1,10,0,0,1,0,0,0,0,0,194
966,1815.120,19.8168,20.3273,12.6707,32,0,3.125,2363,22.9907,20,91.4,7.09,1.46,0,7.05882,0,14.2196,3.335,-9.51612,1,10,0,0,0,0,0,0,0,0,194
967,1815.160,19.8168,20.3273,12.6707,32,0,3.125,2369.25,22.9907,20,91.4,6.91,1.46,0,7.05882,0,14.2196,3.335,-9.51612,1,10,0,0,0,0,0,0,0,0,194
968,1815.200,19.7336,20.3273,12.6707,32,0,3.125,2351.5,22.9907,20,91.4,7.09,1.46,0,7.05882,0,14.2196,3.335,-9.51623,1,10,0,0,1,0,0,0,0,0,194
969,1815.240,19.8593,20.3273,12.6707,32,0,3.125,2363.25,23.6121,20,91.4,7.09,1.46,0,7.05882,0,14.2196,3.335,-9.51635,1,10,0,0,1,0,0,0,0,0,194
970,1815.280,19.8168,20.3273,12.6707,32,0,3.125,2363.25,23.6121,20,91.4,7.19,1.46,0,7.05882,0,14.2196,3.335,-9.51635,1,10,0,0,0,0,0,0,0,0,192.2
971,1815.320,19.8593,20.3273,12.6707,32,0,3.125,2371,23.6121,20,91.4,7.09,1.46,0,7.05882,0,14.2196,3.335,-9.51646,1,10,0,0,0,0,0,0,0,0,192.2
972,1815.360,19.8168,20.3273,12.6707,32,0,3.125,2373.25,23.6121,20,91.4,7.28,1.48,0,7.05882,0,14.2196,3.335,-9.51646,1,10,0,0,0,0,0,0,0,0,192.2
973,1815.400,19.7336,20.3273,12.6707,32,0,3.125,2346.5,22.9907,20,91.4,7.28,1.48,0,7.05882,0,14.2196,3.335,-9.51657,1,10,0,0,1,0,0,0,0,0,192.2
974,1815.440,19.7336,20.3273,12.6707,32,0,3.125,2353,22.9907,20,91.4,7.09,1.46,0,7.05882,0,14.2196,3.335,-9.51668,1,10,0,0,1,0,0,0,0,0,192.2
975,1815.480,19.8168,20.3273,12.6707,32,0,3.125,2347.25,22.9907,20,91.4,6.72,1.46,0,7.05882,0,14.2196,3.335,-9.51668,1,10,0,0,0,0,0,0,0,0,192.2
976,1815.520,19.8168,20.3273,12.6707,32,0,3.125,2371.25,22.9907,20,91.4,6.72,1.46,0,7.05882,0,14.2196,3.335,-9.51678,1,10,0,0,0,0,0,0,0,0,192.2
977,1815.560,19.8168,20.3273,12.6707,32,0,3.125,2361,23.6121,20,91.4,6.91,1.46,0,7.05882,0,14.2196,3.335,-9.51689,1,10,0,0,1,0,0,0,0,0,192.2
978,1815.600,19.8593,20.3273,12.6707,32,0,3.125,2354.75,23.6121,20,91.4,7.09,1.46,0,7.05882,0,14.2196,3.335,-9.51689,1,10,0,0,1,0,0,0,0,0,192.2
979,1815.640,19.8593,20.3273,12.6707,32,0,3.125,2365.5,23.6121,20,91.4,7.09,1.46,0,7.05882,0,14.2196,3.335,-9.517,1,10,0,0,1,0,0,0,0,0,192.2
980,1815.680,19.7336,20.3273,12.6707,32,0,3.125,2363.25,23.6121,20,91.4,6.91,1.46,0,7.05882,0,14.2196,3.335,-9.517,1,10,0,0,0,0,0,0,0,0,192.2
981,1815.720,19.7336,20.3273,12.6707,32,0,3.125,2378.75,22.9907,20,91.4,7.09,1.46,0,7.05882,0,14.2196,3.335,-9.51711,1,10,0,0,0,0,0,0,0,0,192.2
982,1815.760,19.8593,20.3273,12.6707,32,0,3.125,2361.75,22.9907,20,91.4,6.63,1.46,0,7.05882,0,14.2196,3.335,-9.51721,1,10,0,0,1,0,0,0,0,0,192.2
983,1815.800,19.8593,20.3273,12.6707,32,0,3.125,2364.5,23.6121,20,91.4,6.91,1.46,0,7.05882,0,14.2196,3.335,-9.51721,1,10,0,0,1,0,0,0,0,0,192.2
984,1815.840,19.9444,20.3273,12.6707,32,0,3.125,2361.5,23.6121,20,91.4,6.91,1.46,0,7.05882,0,14.2196,3.335,-9.51731,1,10,0,0,1,0,0,0,0,0,192.2
985,1815.880,19.9019,20.3273,12.6707,32,0,3.125,2360.75,23.6121,20,91.4,6.91,1.46,0,7.05882,0,14.2196,3.335,-9.51742,1,10,0,0,0,0,0,0,0,0,192.2
986,1815.920,19.7762,20.3273,12.6707,32,0,3.125,2379,23.6121,20,91.4,6.91,1.46,0,7.05882,0,14.2196,3.335,-9.51742,1,10,0,0,0,0,0,0,0,0,192.2
987,1815.960,19.7762,20.3273,12.6707,32,0,3.125,2368.75,23.6121,20,91.4,7,1.46,0,7.05882,0,14.2196,3.335,-9.51752,1,10,0,0,1,0,0,0,0,0,192.2
988,1816.000,19.9019,20.3273,12.6707,32,0,3.125,2383,23.6121,20,91.4,7.28,1.46,0,7.05882,0,14.2196,3.335,-9.51752,1,10,0,0,1,0,0,0,0,0,192.2
989,1816.040,19.7336,20.3273,12.6707,32,0,3.125,2380.75,23.6121,20,91.4,7.28,1.48,0,7.05882,0,14.2196,3.335,-9.51762,1,10,0,0,0,0,0,0,0,0,192.2
990,1816.080,19.8593,20.3273,12.6707,32,0,3.125,2391.5,23.6121,20,91.4,7.09,1.46,0,7.05882,0,14.2196,3.335,-9.51772,1,10,0,0,0,0,0,0,0,0,192.2
991,1816.120,19.8168,20.3273,12.6707,32,0,3.125,2400,23.6121,20,91.4,7.09,1.46,0,7.05882,0,14.2196,3.335,-9.51772,1,10,0,0,0,0,0,0,0,0,192.2
992,1816.160,19.7336,20.3273,12.6707,32,0,3.125,2374,23.6121,20,91.4,7.28,1.48,0,7.05882,0,14.2196,3.335,-9.51782,1,10,0,0,1,0,0,0,0,0,192.2
993,1816.200,19.6485,20.3273,12.6707,32,0,3.125,2364.75,23.6121,20,91.4,7.28,1.48,0,7.05882,0,14.2196,3.335,-9.51792,1,10,0,0,1,0,0,0,0,0,192.2
994,1816.240,19.8593,20.3273,12.6707,32,0,3.125,2340,23.6121,20,91.4,7.46,1.46,0,7.05882,0,14.2196,3.19,-9.51792,1,10,0,0,1,0,0,0,0,0,192.2
995,1816.280,20.281,20.3273,12.6707,32,0,3.125,2349.75,22.9907,20,91.4,7.19,1.46,0,7.05882,0,14.2196,3.19,-9.51802,1,10,0,0,0,0,0,0,0,0,192.2
996,1816.320,20.366,20.3273,12.6707,32,0,3.125,2343,22.9907,20,91.4,6.81,1.46,0,7.05882,0,14.2196,3.19,-9.51802,1,10,0,0,1,0,0,0,0,0,192.2
997,1816.360,20.2384,20.3273,12.6707,32,0,3.125,2341.5,22.9907,20,91.4,6.72,1.46,0,7.05882,0,14.2196,3.19,-9.51812,1,10,0,0,1,0,0,0,0,0,192.2
998,1816.400,20.3235,20.3273,12.6707,32,0,3.125,2349.25,22.9907,20,91.4,6.54,1.46,0,7.05882,0,14.2196,3.19,-9.51821,1,10,0,0,1,0,0,0,0,0,192.2
999,1816.440,20.1959,20.3273,12.6707,32,0,3.125,2342.25,22.9907,20,91.4,6.72,1.46,0,7.05882,0,14.2196,3.335,-9.51821,1,10,0,0,1,0,0,0,0,0,192.2
1000,1816.480,20.281,20.3273,12.6707,32,0,3.125,2366.5,22.9907,20,91.4,6.91,1.46,0,7.05882,0,14.2196,3.335,-9.51831,1,10,0,0,0,0,0,0,0,0,192.2
1001,1816.520,20.366,20.3273,12.6707,32,0,3.125,2368.5,23.6121,20,91.4,6.91,1.46,0,7.05882,0,14.2196,3.335,-9.51841,1,10,0,0,1,0,0,0,0,0,192.2
1002,1816.560,20.281,20.3273,12.6707,32,0,3.125,2386.75,23.6121,20,91.4,6.91,1.46,0,7.05882,0,14.2196,3.19,-9.51841,1,10,0,0,1,0,0,0,0,0,192.2
1003,1816.600,20.366,20.3273,12.6707,32,0,3.125,2384.25,23.6121,20,91.4,6.91,1.46,0,7.05882,0,14.2196,3.335,-9.5185,1,10,0,0,0,0,0,0,0,0,192.2
1004,1816.640,20.366,20.3273,12.6707,32,0,3.125,2361.75,23.6121,20,91.4,7,1.46,0,7.05882,0,14.2196,3.19,-9.5185,1,10,0,0,0,0,0,0,0,0,192.2
1005,1816.680,20.281,20.3273,12.6707,32,0,3.125,2359,22.9907,20,91.4,7.09,1.46,0,7.05882,0,14.2196,3.335,-9.51859,1,10,0,0,0,0,0,0,0,0,192.2
1006,1816.720,20.281,20.3273,12.6707,32,0,3.125,2340.75,22.9907,20,91.4,7.09,1.46,0,7.05882,0,14.2196,3.335,-9.51869,1,10,0,0,1,0,0,0,0,0,192.2
1007,1816.760,20.1127,20.3273,12.6707,32,0,3.125,2351,22.9907,20,91.4,6.91,1.46,0,7.05882,0,14.2196,3.335,-9.51869,1,10,0,0,1,0,0,0,0,0,192.2
1008,1816.800,20.2384,20.3273,12.6707,32,0,3.125,2342,22.9907,20,91.4,7,1.46,0,7.05882,0,14.2196,3.335,-9.51878,1,10,0,0,0,0,0,0,0,0,192.2
1009,1816.840,20.281,20.3273,12.6707,32,0,3.125,2352.25,22.9907,20,91.4,7.19,1.46,0,7.05882,0,14.2196,3.335,-9.51887,1,10,0,0,0,0,0,0,0,0,192.2
1010,1816.880,20.3235,20.3273,12.6707,32,0,3.125,2336,22.9907,20,91.4,6.91,1.46,0,7.05882,0,14.2196,3.335,-9.51887,1,10,0,0,1,0,0,0,0,0,192.2
1011,1816.920,20.3235,20.3273,12.6707,32,0,3.125,2334.75,22.9907,20,91.4,6.63,1.46,0,7.05882,0,14.2196,3.335,-9.51896,1,10,0,0,1,0,0,0,0,0,192.2
1012,1816.960,20.281,20.3273,12.6707,31,0,3.125,2358.5,22.9907,20,91.4,6.72,1.46,0,7.05882,0,14.2196,3.335,-9.51896,1,10,0,0,1,0,0,0,0,0,192.2
1013,1817.000,20.366,20.3273,12.6707,31,0,3.125,2355.75,22.9907,20,91.4,6.72,1.46,0,7.05882,0,14.2196,3.335,-9.51905,1,10,0,0,0,0,0,0,0,0,192.2
1014,1817.040,20.2384,20.3273,12.6707,31,0,3.125,2372.25,22.9907,20,91.4,6.54,1.46,0,7.05882,0,14.2196,3.335,-9.51914,1,10,0,0,0,0,0,0,0,0,192.2
1015,1817.080,20.281,20.3273,12.6707,31,0,3.125,2359.25,23.6121,20,91.4,6.91,1.46,0,7.05882,0,14.2196,3.335,-9.51914,1,10,0,0,1,0,0,0,0,0,192.2
1016,1817.120,20.366,20.3273,12.6707,31,0,3.125,2365,23.6121,20,91.4,6.72,1.46,0,7.05882,0,14.2196,3.335,-9.51923,1,10,0,0,1,0,0,0,0,0,192.2
1017,1817.160,20.366,20.3273,12.6707,31,0,3.125,2359.75,23.6121,20,91.4,6.91,1.46,0,7.05882,0,14.2196,3.335,-9.51932,1,10,0,0,0,0,0,0,0,0,192.2
1018,1817.200,20.366,20.3273,12.6707,31,0,3.125,2373.25,23.6121,20,91.4,6.91,1.46,0,7.05882,0,14.2196,3.335,-9.51932,1,10,0,0,0,0,0,0,0,0,192.2
1019,1817.240,20.366,20.3273,12.6707,31,0,3.125,2383.25,22.9907,20,91.4,6.91,1.46,0,7.05882,0,14.2196,3.335,-9.51941,1,10,0,0,0,0,0,0,0,0,192.2
1020,1817.280,19.7762,20.3273,12.6707,31,0,3.125,2359.25,22.9907,20,91.4,7.09,1.46,0,7.05882,0,14.2196,3.335,-9.51941,1,10,0,0,1,0,0,0,0,0,192.2
1021,1817.320,19.5654,20.3273,12.6707,31,0,3.125,2352.75,22.9907,20,91.4,7.28,1.46,0,7.05882,0,14.2196,3.335,-9.51949,1,10,0,0,1,0,0,0,0,0,192.2
1022,1817.360,19.8593,20.3273,12.6707,31,0,3.125,2328.75,22.9907,20,91.4,6.91,1.46,0,7.45098,0,14.2196,3.335,-9.51958,1,10,0,0,0,0,0,0,0,0,192.2
1023,1817.400,19.8168,20.3273,12.6707,31,0,3.125,2340.75,22.9907,20,91.4,6.91,1.46,0,7.45098,0,14.2196,3.335,-9.51958,1,10,0,0,0,0,0,0,0,0,192.2
1024,1817.440,19.8593,20.3273,12.6707,31,0,3.125,2332.25,22.9907,20,91.4,6.63,1.46,0,7.45098,0,14.2196,3.335,-9.51966,1,10,0,0,1,0,0,0,0,0,192.2
1025,1817.480,19.7762,20.3273,12.6707,31,0,3.125,2322,22.9907,20,91.4,6.44,1.46,0,7.05882,0,14.2196,3.335,-9.51975,1,10,0,0,1,0,0,0,0,0,192.2
1026,1817.520,19.9019,20.3273,12.6707,31,0,3.125,2323,22.9907,20,91.4,6.72,1.46,0,7.05882,0,14.2196,3.335,-9.51975,1,10,0,0,1,0,0,0,0,0,192.2
1027,1817.560,19.7336,20.3273,12.6707,31,0,3.125,2327,22.9907,20,91.4,6.91,1.46,0,7.05882,0,14.2196,3.335,-9.51983,1,10,0,0,0,0,0,0,0,0,192.2
1028,1817.600,19.6911,20.3273,12.6707,31,0,3.125,2352.25,22.9907,20,91.4,6.91,1.46,0,7.05882,0,14.2196,3.335,-9.51983,1,10,0,0,1,0,0,0,0,0,192.2
1029,1817.640,19.7336,20.3273,12.6707,31,0,3.125,2346.75,22.9907,20,93.2,6.72,1.46,0,7.05882,0,14.2196,3.335,-9.51991,1,10,0,0,1,0,0,0,0,0,192.2
1030,1817.680,19.7336,20.3273,12.6707,31,0,3.125,2348.5,22.9907,20,93.2,6.91,1.46,0,7.05882,0,14.2196,3.335,-9.52,1,10,0,0,1,0,0,0,0,0,190.4
1031,1817.720,19.7762,20.3273,12.6707,31,0,3.125,2327.5,22.9907,20,93.2,7.09,1.46,0,7.05882,0,14.2196,3.335,-9.52,1,10,0,0,0,0,0,0,0,0,190.4
1032,1817.760,19.9019,20.3273,12.6707,31,0,3.125,2341.25,22.9907,20,93.2,7.28,1.46,0,7.05882,0,14.2196,3.335,-9.52008,1,10,0,0,0,0,0,0,0,0,190.4
1033,1817.800,19.8593,20.3273,12.6707,31,0,3.125,2344.75,22.9907,20,93.2,7,1.46,0,7.05882,0,14.2196,3.335,-9.52016,1,10,0,0,1,0,0,0,0,0,190.4
1034,1817.840,19.7336,20.3273,12.6707,31,0,3.125,2331,22.9907,20,93.2,6.91,1.46,0,7.05882,0,14.2196,3.335,-9.52016,1,10,0,0,1,0,0,0,0,0,190.4
1035,1817.880,19.8168,20.3273,12.6707,31,0,3.125,2329,22.9907,20,93.2,7,1.46,0,7.05882,0,14.2196,3.335,-9.52024,1,10,0,0,1,0,0,0,0,0,190.4
1036,1817.920,19.8168,20.3273,12.6707,31,0,3.125,2314.25,22.9907,20,93.2,6.91,1.46,0,7.05882,0,14.2196,3.335,-9.52024,1,10,0,0,1,0,0,0,0,0,190.4
1037,1817.960,19.6911,20.3273,12.6707,31,0,3.125,2338.75,22.9907,20,93.2,7.09,1.46,0,7.05882,0,14.2196,3.335,-9.52032,1,10,0,0,1,0,0,0,0,0,190.4
1038,1818.000,19.6911,20.3273,12.6707,31,0,3.125,2342.25,22.9907,20,93.2,6.91,1.46,0,7.05882,0,14.2196,3.335,-9.5204,1,10,0,0,1,0,0,0,0,0,190.4
1039,1818.040,19.8593,20.3273,12.6707,31,0,3.125,2352.25,22.9907,20,93.2,7,1.46,0,7.05882,0,14.2196,3.335,-9.5204,1,10,0,0,1,0,0,0,0,0,190.4
1040,1818.080,19.7762,20.3273,12.6707,31,0,3.125,2336.5,22.9907,20,93.2,7,1.46,0,7.05882,0,14.2196,3.335,-9.52048,1,10,0,0,0,0,0,0,0,0,190.4
1041,1818.120,19.7762,20.3273,12.6707,31,0,3.125,2341.75,22.9907,20,93.2,6.91,1.46,0,7.05882,0,14.2196,3.335,-9.52056,1,10,0,0,0,0,0,0,0,0,190.4
1042,1818.160,19.8593,20.3273,12.6707,31,0,3.125,2340.5,22.9907,20,93.2,6.91,1.46,0,7.05882,0,14.2196,3.335,-9.52056,1,10,0,0,0,0,0,0,0,0,190.4
1043,1818.200,19.8168,20.3273,12.6707,31,0,3.125,2330,22.9907,20,93.2,7.09,1.46,0,7.05882,0,14.2196,3.335,-9.52063,1,10,0,0,1,0,0,0,0,0,190.4
1044,1818.240,19.8168,20.3273,12.6707,31,0,3.125,2332.25,22.9907,20,93.2,6.91,1.46,0,7.05882,0,14.2196,3.335,-9.52063,1,10,0,0,1,0,0,0,0,0,190.4
1045,1818.280,19.8593,20.3273,12.6707,31,0,3.125,2316.5,22.9907,20,93.2,6.91,1.46,0,7.05882,0,14.2196,3.335,-9.52071,1,10,0,0,1,0,0,0,0,0,190.4
1046,1818.320,19.7336,20.3273,12.6707,31,0,3.125,2328.5,22.9907,20,93.2,6.91,1.46,0,7.05882,0,14.2196,3.335,-9.52079,1,10,0,0,1,0,0,0,0,0,190.4
1047,1818.360,19.6485,20.3273,12.6707,31,0,3.125,2327.5,22.9907,20,93.2,6.91,1.46,0,7.05882,0,14.2196,3.335,-9.52079,1,10,0,0,1,0,0,0,0,0,190.4
1048,1818.400,20.1959,20.3273,12.6707,31,0,3.125,2339.5,22.9907,20,93.2,7.09,1.46,0,7.05882,0,14.2196,3.335,-9.52086,1,10,0,0,1,0,0,0,0,0,190.4
1049,1818.440,20.366,20.3273,12.6707,31,0,3.125,2318,22.9907,20,93.2,7.28,1.48,0,7.05882,0,14.2196,3.335,-9.52094,1,10,0,0,1,0,0,0,0,0,190.4
1050,1818.480,20.281,20.3273,12.6707,31,0,3.125,2322,22.9907,20,93.2,7.09,1.46,0,7.05882,0,14.2196,3.335,-9.52094,1,10,0,0,1,0,0,0,0,0,190.4
1051,1818.520,20.4067,20.3273,12.6707,31,0,3.125,2313.5,22.9907,20,93.2,7.09,1.46,0,7.05882,0,14.2196,3.335,-9.52101,1,10,0,0,1,0,0,0,0,0,190.4
1052,1818.560,20.366,20.3273,12.6707,31,0,3.125,2327.5,22.9907,20,93.2,6.91,1.46,0,7.05882,0,14.2196,3.335,-9.52101,1,10,0,0,1,0,0,0,0,0,190.4
1053,1818.600,20.2384,20.3273,12.6707,31,0,3.125,2339.5,22.9907,20,93.2,6.91,1.46,0,7.05882,0,14.2196,3.335,-9.52109,1,10,0,0,1,0,0,0,0,0,190.4
1054,1818.640,20.281,20.3273,12.6707,31,0,3.125,2311,22.9907,20,93.2,7.09,1.46,0,7.05882,0,14.2196,3.335,-9.52116,1,10,0,0,1,0,0,0,0,0,190.4
1055,1818.680,20.4067,20.3273,12.6707,31,0,3.125,2306,22.9907,20,93.2,7,1.46,0,7.05882,0,14.2196,3.335,-9.52116,1,10,0,0,1,0,0,0,0,0,190.4
1056,1818.720,20.2384,20.3273,12.6707,31,0,3.125,2301,22.9907,20,93.2,7.09,1.46,0,7.05882,0,14.2196,3.335,-9.52123,1,10,0,0,1,0,0,0,0,0,190.4
1057,1818.760,20.2384,20.3273,12.6707,31,0,3.125,2332.25,22.9907,20,93.2,7.09,1.46,0,7.05882,0,14.2196,3.335,-9.5213,1,10,0,0,1,0,0,0,0,0,190.4
1058,1818.800,20.1959,20.3273,12.6707,31,0,3.125,2332.75,22.9907,20,93.2,7.09,1.46,0,7.05882,0,14.2196,3.335,-9.5213,1,10,0,0,1,0,0,0,0,0,190.4
1059,1818.840,20.3235,20.3273,12.6707,31,0,3.125,2339.75,22.9907,20,93.2,7.19,1.48,0,7.05882,0,14.2196,3.335,-9.52137,1,10,0,0,1,0,0,0,0,0,190.4
1060,1818.880,20.281,20.3273,12.6707,31,0,3.125,2316.75,22.9907,20,93.2,7.46,1.48,0,7.05882,0,14.2196,3.335,-9.52137,1,10,0,0,1,0,0,0,0,0,190.4
1061,1818.920,20.281,20.3273,12.6707,31,0,3.125,2323,22.9907,20,93.2,7,1.46,0,7.05882,0,14.2196,3.335,-9.52145,1,10,0,0,1,0,0,0,0,0,190.4
1062,1818.960,20.366,20.3273,12.6707,31,0,3.125,2342,22.9907,20,93.2,6.91,1.46,0,7.05882,0,14.2196,3.335,-9.52152,1,10,0,0,1,0,0,0,0,0,190.4
1063,1819.000,20.281,20.3273,12.6707,31,0,3.125,2338.75,22.9907,20,93.2,6.91,1.46,0,7.05882,0,14.2196,3.335,-9.52152,1,10,0,0,0,0,0,0,0,0,190.4
1064,1819.040,20.4067,20.3273,12.6707,31,0,3.125,2346.25,22.9907,20,93.2,6.91,1.46,0,7.05882,0,14.2196,3.335,-9.52159,1,10,0,0,0,0,0,0,0,0,190.4
1065,1819.080,20.3235,20.3273,12.6707,31,0,3.125,2320,22.9907,20,93.2,6.91,1.46,0,7.05882,0,14.2196,3.335,-9.52166,1,10,0,0,1,0,0,0,0,0,190.4
1066,1819.120,20.1552,20.3273,12.6707,31,0,3.125,2323,22.9907,20,93.2,6.91,1.46,0,7.05882,0,14.2196,3.335,-9.52166,1,10,0,0,1,0,0,0,0,0,190.4
1067,1819.160,20.1959,20.3273,12.6707,31,0,3.125,2313,22.9907,20,93.2,7,1.46,0,7.05882,0,14.2196,3.335,-9.52172,1,10,0,0,1,0,0,0,0,0,190.4
1068,1819.200,20.3235,20.3273,12.6707,31,0,3.125,2336.75,22.9907,20,93.2,7.09,1.46,0,7.05882,0,14.2196,3.335,-9.52172,1,10,0,0,0,0,0,0,0,0,190.4
1069,1819.240,20.281,20.3273,12.6707,31,0,3.125,2334,22.9907,20,93.2,6.81,1.46,0,7.05882,0,14.2196,3.335,-9.52179,1,10,0,0,1,0,0,0,0,0,190.4
1070,1819.280,20.366,20.3273,12.6707,31,0,3.125,2344,22.9907,20,93.2,6.91,1.46,0,7.05882,0,14.2196,3.335,-9.52186,1,10,0,0,1,0,0,0,0,0,188.6
1071,1819.320,20.3235,20.3273,12.6707,31,0,3.125,2337.75,22.9907,20,93.2,6.91,1.46,0,7.05882,0,14.2196,3.335,-9.52186,1,10,0,0,1,0,0,0,0,0,188.6
1072,1819.360,20.281,20.3273,12.6707,31,0,3.125,2321.75,22.9907,20,93.2,6.91,1.46,0,7.05882,0,14.2196,3.335,-9.52193,1,10,0,0,0,0,0,0,0,0,188.6
1073,1819.400,20.2384,20.3273,12.6707,31,0,3.125,2335.25,22.9907,20,93.2,6.91,1.46,0,7.05882,0,14.2196,3.335,-9.52199,1,10,0,0,0,0,0,0,0,0,188.6
1074,1819.440,20.281,20.3273,12.6707,31,0,3.125,2331,22.9907,20,93.2,6.91,1.46,0,7.05882,0,14.2196,3.335,-9.52199,1,10,0,0,1,0,0,0,0,0,188.6
1075,1819.480,20.1552,20.3273,12.6707,31,0,3.125,2345.5,22.9907,20,93.2,7,1.46,0,7.05882,0,14.2196,3.335,-9.52206,1,10,0,0,1,0,0,0,0,0,188.6
1076,1819.520,20.0276,20.3273,12.6707,31,0,3.125,2328.75,22.9907,20,93.2,7.09,1.46,0,7.05882,0,14.2196,3.335,-9.52206,1,10,0,0,0,0,0,0,0,0,188.6
1077,1819.560,20.2384,20.3273,12.6707,31,0,3.125,2334,22.9907,20,93.2,7.28,1.46,0,7.05882,0,14.2196,3.335,-9.52212,1,10,0,0,0,0,0,0,0,0,188.6
1078,1819.600,19.8593,20.3273,12.6707,31,0,3.125,2319.25,22.9907,20,93.2,7.28,1.46,0,7.05882,0,14.2196,3.335,-9.52225,1,10,0,0,1,0,0,0,0,0,188.6
1079,1819.640,19.7762,20.3273,12.6707,31,0,3.125,2334.25,22.9907,20,93.2,6.91,1.46,0,7.05882,0,14.2196,3.335,-9.52225,1,10,0,0,1,0,0,0,0,0,188.6
1080,1819.680,19.7762,20.3273,12.6707,31,0,3.125,2338.5,22.9907,20,93.2,7.09,1.46,0,7.05882,0,14.2196,3.335,-9.52232,1,10,0,0,1,0,0,0,0,0,188.6
1081,1819.720,19.8593,20.3273,12.6707,31,0,3.125,2321.5,22.9907,20,93.2,7,1.46,0,7.05882,0,14.2196,3.335,-9.52238,1,10,0,0,0,0,0,0,0,0,188.6
1082,1819.760,19.8168,20.3273,12.6707,31,0,3.125,2324.75,22.9907,20,93.2,6.91,1.46,0,7.05882,0,14.2196,3.335,-9.52238,1,10,0,0,0,0,0,0,0,0,188.6
1083,1819.800,19.8168,20.3273,12.6707,31,0,3.125,2313.25,22.9907,20,93.2,6.72,1.46,0,7.05882,0,14.2196,3.335,-9.52244,1,10,0,0,1,0,0,0,0,0,188.6
1084,1819.840,19.7762,20.3273,12.6707,31,0,3.125,2328,22.9907,20,93.2,6.91,1.46,0,7.05882,0,14.2196,3.335,-9.52244,1,10,0,0,1,0,0,0,0,0,188.6
1085,1819.880,19.6485,20.3273,12.6707,31,0,3.125,2322.25,22.9907,20,93.2,6.91,1.46,0,7.05882,0,14.2196,3.335,-9.5225,1,10,0,0,0,0,0,0,0,0,188.6
1086,1819.920,19.6485,20.3273,12.6707,31,0,3.125,2333.75,22.9907,20,93.2,6.91,1.46,0,7.05882,0,14.2196,3.335,-9.52257,1,10,0,0,1,0,0,0,0,0,188.6
1087,1819.960,19.8168,20.3273,12.6707,31,0,3.125,2317,22.9907,20,93.2,6.72,1.46,0,7.05882,0,14.2196,3.335,-9.52257,1,10,0,0,1,0,0,0,0,0,188.6
1088,1820.000,19.8168,20.3273,12.6707,31,0,3.125,2327.5,22.9907,20,93.2,6.72,1.46,0,7.05882,0,14.2196,3.335,-9.52263,1,10,0,0,1,0,0,0,0,0,188.6
1089,1820.040,19.7762,20.3273,12.6707,31,0,3.125,2321,22.9907,20,93.2,6.72,1.46,0,7.05882,0,14.2196,3.335,-9.52269,1,10,0,0,1,0,0,0,0,0,188.6
1090,1820.080,19.8593,20.3273,12.6707,31,0,3.125,2328.25,22.9907,20,93.2,6.91,1.46,0,7.05882,0,14.2196,3.335,-9.52269,1,10,0,0,0,0,0,0,0,0,188.6
1091,1820.120,19.7762,20.3273,12.6707,31,0,3.125,2340,22.9907,20,93.2,6.91,1.46,0,7.05882,0,14.2196,3.335,-9.52275,1,10,0,0,0,0,0,0,0,0,188.6
1092,1820.160,19.8593,20.3273,12.6707,31,0,3.125,2329.5,22.9907,20,93.2,6.63,1.46,0,7.05882,0,14.2196,3.335,-9.52275,1,10,0,0,1,0,0,0,0,0,188.6
1093,1820.200,19.7762,20.3273,12.6707,31,0,3.125,2343.75,22.9907,20,93.2,6.81,1.46,0,7.05882,0,14.2196,3.335,-9.52281,1,10,0,0,1,0,0,0,0,0,188.6
1094,1820.240,19.606,20.3273,12.6707,31,0,3.125,2341.75,22.9907,20,93.2,6.72,1.46,0,7.05882,0,14.2196,3.335,-9.52287,1,10,0,0,0,0,0,0,0,0,188.6
1095,1820.280,19.6485,20.3273,12.6707,31,0,3.125,2350.5,22.9907,20,93.2,6.91,1.46,0,7.05882,0,14.2196,3.335,-9.52287,1,10,0,0,1,0,0,0,0,0,188.6
1096,1820.320,19.9019,20.3273,12.6707,31,0,3.125,2327.75,22.9907,20,93.2,6.72,1.46,0,7.05882,0,14.2196,3.335,-9.52299,1,10,0,0,1,0,0,0,0,0,188.6
1097,1820.360,19.8168,20.3273,12.6707,31,0,3.125,2328.5,22.9907,20,93.2,6.81,1.46,0,7.05882,0,14.2196,3.335,-9.52305,1,10,0,0,1,0,0,0,0,0,188.6
1098,1820.400,19.8593,20.3273,12.6707,31,0,3.125,2317.25,22.9907,20,93.2,6.91,1.46,0,7.05882,0,14.2196,3.335,-9.52305,1,10,0,0,1,0,0,0,0,0,188.6
1099,1820.440,19.8168,20.3273,12.6707,31,0,3.125,2323.5,22.9907,20,93.2,7,1.46,0,7.05882,0,14.2196,3.335,-9.52311,1,10,0,0,1,0,0,0,0,0,188.6
1100,1820.480,19.8168,20.3273,12.6707,31,0,3.125,2336.5,22.9907,20,93.2,7,1.46,0,7.05882,0,14.2196,3.335,-9.52311,1,10,0,0,1,0,0,0,0,0,188.6
1101,1820.520,19.8168,20.3273,12.6707,31,0,3.125,2319.5,22.9907,20,93.2,6.72,1.46,0,7.05882,0,14.2196,3.335,-9.52316,1,10,0,0,1,0,0,0,0,0,188.6
1102,1820.560,19.8593,20.3273,12.6707,31,0,3.125,2330,22.9907,20,93.2,6.91,1.46,0,7.05882,0,14.2196,3.335,-9.52322,1,10,0,0,1,0,0,0,0,0,188.6
1103,1820.600,19.7762,20.3273,12.6707,31,0,3.125,2326.75,22.9907,20,93.2,6.91,1.46,0,7.05882,0,14.2196,3.335,-9.52322,1,10,0,0,1,0,0,0,0,0,188.6
1104,1820.640,19.6485,20.3273,12.6707,31,0,3.125,2352,22.9907,20,93.2,6.81,1.46,0,7.05882,0,14.2196,3.335,-9.52328,1,10,0,0,1,0,0,0,0,0,188.6
1105,1820.680,19.8168,20.3273,12.6707,31,0,3.125,2347,22.9907,20,93.2,6.91,1.46,0,7.05882,0,14.2196,3.335,-9.52333,1,10,0,0,1,0,0,0,0,0,188.6
1106,1820.720,19.8168,20.3273,12.6707,31,0,3.125,2351.75,22.9907,20,93.2,6.91,1.46,0,7.05882,0,14.2196,3.335,-9.52333,1,10,0,0,1,0,0,0,0,0,188.6
1107,1820.760,19.7762,20.3273,12.6707,31,0,3.125,2333,22.9907,20,93.2,6.72,1.46,0,7.05882,0,14.2196,3.335,-9.52345,1,10,0,0,1,0,0,0,0,0,188.6
1108,1820.800,19.7762,20.3273,12.6707,31,0,3.125,2333.25,22.9907,20,93.2,6.91,1.46,0,7.05882,0,14.2196,3.335,-9.52345,1,10,0,0,1,0,0,0,0,0,188.6
1109,1820.840,19.8593,20.3273,12.6707,31,0,3.125,2349,22.9907,20,93.2,7.09,1.46,0,7.05882,0,14.2196,3.335,-9.52357,1,10,0,0,1,0,0,0,0,0,188.6
1110,1820.880,19.8168,20.3273,12.6707,31,0,3.125,2340.5,22.9907,20,93.2,6.81,1.46,0,7.05882,0,14.2196,3.335,-9.52368,1,10,0,0,1,0,0,0,0,0,188.6
1111,1820.920,19.7336,20.3273,12.6707,31,0,3.125,2349.25,22.9907,20,93.2,6.91,1.46,0,7.05882,0,14.2196,3.335,-9.52368,1,10,0,0,1,0,0,0,0,0,188.6
1112,1820.960,19.6485,20.3273,12.6707,31,0,3.125,2338.25,22.9907,20,93.2,7.09,1.46,0,7.05882,0,14.2196,3.335,-9.52379,1,10,0,0,0,0,0,0,0,0,188.6
1113,1821.000,19.8168,20.3273,12.6707,31,0,3.125,2354,22.9907,20,93.2,6.91,1.46,0,7.05882,0,14.2196,3.335,-9.52391,1,10,0,0,0,0,0,0,0,0,188.6
1114,1821.040,19.8168,20.3273,12.6707,31,0,3.125,2350.5,22.9907,20,93.2,6.91,1.46,0,7.05882,0,14.2196,3.335,-9.52391,1,10,0,0,1,0,0,0,0,0,188.6
1115,1821.080,19.8593,20.3273,12.6707,31,0,3.125,2366,22.9907,20,93.2,7,1.46,0,7.05882,0,14.2196,3.335,-9.52402,1,10,0,0,1,0,0,0,0,0,188.6
1116,1821.120,19.9019,20.3273,12.6707,31,0,3.125,2365.25,22.9907,20,93.2,7.28,1.48,0,7.05882,0,14.2196,3.335,-9.52402,1,10,0,0,1,0,0,0,0,0,188.6
1117,1821.160,19.8168,20.3273,12.6707,31,0,3.125,2349,22.9907,20,93.2,7.28,1.48,0,7.05882,0,14.2196,3.335,-9.52413,1,10,0,0,0,0,0,0,0,0,188.6
1118,1821.200,19.8168,20.3273,12.6707,31,0,3.125,2348.25,22.9907,20,93.2,7.09,1.46,0,7.05882,0,14.2196,3.335,-9.52424,1,10,0,0,0,0,0,0,0,0,188.6
1119,1821.240,19.6911,20.3273,12.6707,31,0,3.125,2331,22.9907,20,93.2,7.28,1.46,0,7.05882,0,14.2196,3.335,-9.52424,1,10,0,0,1,0,0,0,0,0,188.6
1120,1821.280,19.5228,20.3273,12.6707,31,0,3.125,2341.5,22.9907,20,93.2,7.37,1.48,0,7.05882,0,14.2196,3.335,-9.52435,1,10,0,0,1,0,0,0,0,0,188.6
1121,1821.320,20.3235,20.3273,12.6707,31,0,3.125,2331.75,22.9907,20,93.2,7.19,1.46,0,7.05882,0,14.2196,3.335,-9.52446,1,10,0,0,0,0,0,0,0,0,188.6
1122,1821.360,20.4067,20.3273,12.6707,31,0,3.125,2349.5,22.9907,20,93.2,6.91,1.46,0,7.05882,0,14.2196,3.335,-9.52446,1,10,0,0,0,0,0,0,0,0,188.6
1123,1821.400,20.3235,20.3273,12.6707,31,0,3.125,2347.5,22.9907,20,93.2,6.72,1.46,0,7.05882,0,14.2196,3.335,-9.52457,1,10,0,0,1,0,0,0,0,0,188.6
1124,1821.440,20.366,20.3273,12.6707,31,0,3.125,2340.75,22.9907,20,93.2,6.72,1.46,0,7.05882,0,14.2196,3.335,-9.52457,1,10,0,0,1,0,0,0,0,0,188.6
1125,1821.480,20.3235,20.3273,12.6707,31,0,3.125,2361.5,23.6121,20,93.2,6.81,1.46,0,7.05882,0,14.2196,3.335,-9.52468,1,10,0,0,1,0,0,0,0,0,188.6
1126,1821.520,20.2384,20.3273,12.6707,31,0,3.125,2366.5,23.6121,20,93.2,7,1.46,0,7.05882,0,14.2196,3.335,-9.52485,1,10,0,0,0,0,0,0,0,0,188.6
1127,1821.560,20.5749,20.3273,12.6707,31,0,3.125,2389.5,23.6121,20,93.2,6.81,1.46,0,7.05882,0,14.2196,3.335,-9.52485,1,10,0,0,0,0,0,0,0,0,188.6
1128,1821.600,20.4067,20.3273,12.6707,31,0,3.125,2382.5,23.6121,20,93.2,7.09,1.46,0,7.05882,0,14.2196,3.335,-9.52495,1,10,0,0,1,0,0,0,0,0,188.6
1129,1821.640,20.4067,20.3273,12.6707,31,0,3.125,2393,23.6121,20,93.2,7.19,1.46,0,7.05882,0,14.2196,3.335,-9.52512,1,10,0,0,1,0,0,0,0,0,188.6
1130,1821.680,20.3235,20.3273,12.6707,31,0,3.125,2390.75,23.6121,20,93.2,7.46,1.48,0,7.05882,0,14.2196,3.335,-9.52512,1,10,0,0,1,0,0,0,0,0,186.8
1131,1821.720,20.281,20.3273,12.6707,31,0,3.125,2380.25,23.6121,20,93.2,7.28,1.46,0,7.05882,0,14.2196,3.335,-9.52522,1,10,0,0,0,0,0,0,0,0,186.8
1132,1821.760,20.1959,20.3273,12.6707,31,0,3.125,2387.25,23.6121,20,93.2,7.09,1.46,0,7.05882,0,14.2196,3.335,-9.52522,1,10,0,0,0,0,0,0,0,0,186.8
1133,1821.800,20.281,20.3273,12.6707,31,0,3.125,2370.25,23.6121,20,93.2,7.09,1.46,0,7.05882,0,14.2196,3.335,-9.52539,1,10,0,0,1,0,0,0,0,0,186.8
1134,1821.840,20.3235,20.3273,12.6707,31,0,3.125,2378.25,23.6121,20,93.2,7.09,1.46,0,7.05882,0,14.2196,3.335,-9.52549,1,10,0,0,1,0,0,0,0,0,186.8
1135,1821.880,20.4067,20.3273,12.6707,31,0,3.125,2380.75,23.6121,20,93.2,7.28,1.46,0,7.05882,0,14.2196,3.335,-9.52549,1,10,0,0,0,0,0,0,0,0,186.8
1136,1821.920,20.3235,20.3273,12.6707,31,0,3.125,2374.75,23.6121,20,93.2,7.09,1.46,0,7.05882,0,14.2196,3.335,-9.52559,1,10,0,0,0,0,0,0,0,0,186.8
1137,1821.960,20.2384,20.3273,12.6707,31,0,3.125,2386.75,23.6121,20,93.2,7.28,1.48,0,7.05882,0,14.2196,3.335,-9.52569,1,10,0,0,0,0,0,0,0,0,186.8
1138,1822.000,20.1552,20.3273,12.6707,31,0,3.125,2376.5,23.6121,20,93.2,7.28,1.46,0,7.05882,0,14.2196,3.335,-9.52569,1,10,0,0,1,0,0,0,0,0,186.8
1139,1822.040,20.281,20.3273,12.6707,31,0,3.125,2393,23.6121,20,93.2,7.09,1.46,0,7.05882,0,14.2196,3.335,-9.52579,1,10,0,0,1,0,0,0,0,0,186.8
1140,1822.080,20.281,20.3273,12.6707,31,0,3.125,2386.25,23.6121,20,93.2,6.91,1.46,0,7.05882,0,14.2196,3.335,-9.52579,1,10,0,0,0,0,0,0,0,0,186.8
1141,1822.120,20.4067,20.3273,12.6707,31,0,3.125,2390,23.6121,20,93.2,7.28,1.48,0,7.05882,0,14.2196,3.335,-9.52588,1,10,0,0,0,0,0,0,0,0,186.8
1142,1822.160,20.366,20.3273,12.6707,31,0,3.125,2397.5,23.6121,20,93.2,7.28,1.48,0,7.05882,0,14.2196,3.335,-9.52604,1,10,0,0,0,0,0,0,0,0,186.8
1143,1822.200,20.1959,20.3273,12.6707,31,0,3.125,2386.25,23.6121,20,93.2,7.58,1.48,0,7.05882,0,14.2196,3.335,-9.52604,1,10,0,0,1,0,0,0,0,0,186.8
1144,1822.240,20.3235,20.3273,12.6707,31,0,3.125,2396.5,23.6121,20,93.2,7.49,1.46,0,7.45098,0,14.2196,3.335,-9.5262,1,10,0,0,1,0,0,0,0,0,186.8
1145,1822.280,20.3235,20.3273,12.6707,31,0,3.125,2390.75,23.6121,20,93.2,7.46,1.48,0,7.05882,0,14.2196,3.335,-9.52636,1,10,0,0,0,0,0,0,0,0,186.8
1146,1822.320,20.2384,20.3273,12.6707,31,0,3.125,2392.75,23.6121,20,93.2,7.46,1.48,0,7.05882,0,14.2196,3.335,-9.52636,1,10,0,0,0,0,0,0,0,0,186.8
1147,1822.360,20.3235,20.3273,12.6707,31,0,3.125,2401.75,23.6121,20,93.2,7.58,1.48,0,7.05882,0,14.2196,3.335,-9.52651,1,10,0,0,0,0,0,0,0,0,186.8
1148,1822.400,20.2384,20.3273,12.6707,31,0,3.125,2389.25,23.6121,20,93.2,7.46,1.48,0,7.05882,0,14.2196,3.335,-9.52651,1,10,0,0,1,0,0,0,0,0,186.8
1149,1822.440,19.8168,20.3273,12.6707,31,0,3.125,2402.25,23.6121,20,93.2,7.28,1.46,0,7.45098,0,14.2196,3.335,-9.52667,1,10,0,0,1,0,0,0,0,0,186.8
1150,1822.480,19.9019,20.3273,12.6707,31,0,3.125,2397.5,23.6121,20,93.2,7.28,1.48,0,7.45098,0,14.2196,3.335,-9.52682,1,10,0,0,0,0,0,0,0,0,186.8
1151,1822.520,19.8593,20.3273,12.6707,31,0,3.125,2398.5,23.6121,20,93.2,7.46,1.48,0,7.45098,0,14.2196,3.335,-9.52682,1,10,0,0,0,0,0,0,0,0,186.8
1152,1822.560,19.7336,20.3273,12.6707,31,0,3.125,2408.5,23.6121,20,93.2,7.28,1.48,0,7.05882,0,14.2196,3.335,-9.52691,1,10,0,0,0,0,0,0,0,0,186.8
1153,1822.600,19.7762,20.3273,12.6707,31,0,3.125,2395,23.6121,20,93.2,7.19,1.46,0,7.45098,0,14.2196,3.335,-9.52706,1,10,0,0,0,0,0,0,0,0,186.8
1154,1822.640,19.9019,20.3273,12.6707,31,0,3.125,2410.75,23.6121,20,93.2,7.37,1.48,0,7.45098,0,14.2196,3.19,-9.52706,1,10,0,0,0,0,0,0,0,0,186.8
1155,1822.680,19.8168,20.3273,12.6707,31,0,3.125,2403.5,23.6121,20,93.2,7.56,1.48,0,7.45098,0,14.2196,3.335,-9.52721,1,10,0,0,0,0,0,0,0,0,186.8
1156,1822.720,19.8168,20.3273,12.6707,31,0,3.125,2407.75,23.6121,20,93.2,7.46,1.48,0,7.45098,0,14.2196,3.335,-9.52721,1,10,0,0,0,0,0,0,0,0,186.8
1157,1822.760,19.7762,20.3273,12.6707,31,0,3.125,2415,23.6121,20,93.2,7.61,1.48,0,7.45098,0,14.2196,3.335,-9.52736,1,10,0,0,0,0,0,0,0,0,186.8
1158,1822.800,19.606,20.3273,12.6707,31,0,3.125,2401,23.6121,20,93.2,7.58,1.48,0,7.45098,0,14.2196,3.335,-9.52751,1,10,0,0,0,0,0,0,0,0,186.8
1159,1822.840,19.7762,20.3273,12.6707,31,0,3.125,2412.25,23.6121,20,93.2,7.58,1.48,0,7.45098,0,14.2196,3.335,-9.52751,1,10,0,0,1,0,0,0,0,0,186.8
1160,1822.880,19.8593,20.3273,12.6707,31,0,3.125,2415.25,23.6121,20,93.2,7.58,1.48,0,7.45098,0,14.2196,3.335,-9.52765,1,10,0,0,0,0,0,0,0,0,186.8
1161,1822.920,19.8168,20.3273,12.6707,31,0,3.125,2411.5,23.6121,20,93.2,7.58,1.48,0,7.45098,0,14.2196,3.335,-9.5278,1,10,0,0,0,0,0,0,0,0,186.8
1162,1822.960,19.6911,20.3273,12.6707,31,0,3.125,2430.5,23.6121,20,93.2,7.63,1.48,0,7.45098,0,14.2196,3.335,-9.5278,1,10,0,0,0,0,0,0,0,0,186.8
1163,1823.000,19.9019,20.3273,12.6707,31,0,3.125,2424.5,24.2335,20,93.2,7.63,1.48,0,7.45098,0,14.2196,3.335,-9.52794,1,10,0,0,1,0,0,0,0,0,186.8
1164,1823.040,19.8168,20.3273,12.6707,31,0,3.125,2437,24.2335,20,93.2,7.56,1.48,0,7.45098,0,14.2196,3.335,-9.52794,1,10,0,0,1,0,0,0,0,0,186.8
1165,1823.080,19.7336,20.3273,12.6707,31,0,3.125,2444,24.2335,20,93.2,7.63,1.48,0,7.45098,0,14.2196,3.335,-9.52809,1,10,0,0,1,0,0,0,0,0,186.8
1166,1823.120,19.6911,20.3273,12.6707,31,0,3.125,2441.25,24.2335,20,93.2,7.6,1.48,0,7.45098,0,14.2196,3.335,-9.52823,1,10,0,0,0,0,0,0,0,0,186.8
1167,1823.160,19.8593,20.3273,12.6707,31,0,3.125,2453.75,24.2335,20,93.2,7.61,1.48,0,7.45098,0,14.2196,3.335,-9.52823,1,10,0,0,0,0,0,0,0,0,186.8
1168,1823.200,19.7762,20.3273,12.6707,31,0,3.125,2435.5,24.2335,20,93.2,7.63,1.48,0,7.45098,0,14.2196,3.335,-9.52837,1,10,0,0,0,0,0,0,0,0,186.8
1169,1823.240,19.8168,20.3273,12.6707,31,0,3.125,2418.5,23.6121,20,93.2,7.67,1.5,0,7.45098,0,14.2196,3.19,-9.52851,1,10,0,0,1,0,0,0,0,0,186.8
1170,1823.280,19.6911,20.3273,12.6707,31,0,3.125,2423,23.6121,20,93.2,7.67,1.5,0,7.45098,0,14.2196,3.19,-9.52851,1,10,0,0,1,0,0,0,0,0,186.8
1171,1823.320,19.8168,20.3273,12.6707,31,0,3.125,2411,23.6121,20,93.2,7.67,1.48,0,7.45098,0,14.2196,3.335,-9.52865,1,10,0,0,0,0,0,0,0,0,186.8
1172,1823.360,19.6911,20.3273,12.6707,31,0,3.125,2430.25,23.6121,20,93.2,7.67,1.5,0,7.45098,0,14.2196,3.335,-9.52865,1,10,0,0,0,0,0,0,0,0,186.8
1173,1823.400,19.7336,20.3273,12.6707,31,0,3.125,2431.25,23.6121,20,93.2,7.58,1.48,0,7.45098,0,14.2196,3.335,-9.52878,1,10,0,0,0,0,0,0,0,0,186.8
1174,1823.440,20.1127,20.3273,12.6707,31,0,3.125,2422,23.6121,20,93.2,7.61,1.48,0,7.45098,0,14.2196,3.335,-9.52892,1,10,0,0,1,0,0,0,0,0,186.8
1175,1823.480,20.1552,20.3273,12.6707,31,0,3.125,2436.75,24.2335,20,93.2,7.61,1.48,0,7.45098,0,14.2196,3.335,-9.52892,1,10,0,0,1,0,0,0,0,0,186.8
1176,1823.520,20.281,20.3273,12.6707,31,0,3.125,2434.25,24.2335,20,93.2,7.65,1.5,0,7.45098,0,14.2196,3.335,-9.52905,1,10,0,0,0,0,0,0,0,0,186.8
1177,1823.560,20.281,20.3273,12.6707,31,0,3.125,2450.25,24.2335,20,93.2,7.67,1.5,0,7.45098,0,14.2196,3.335,-9.52919,1,10,0,0,0,0,0,0,0,0,186.8
1178,1823.600,20.0276,20.3273,12.6707,31,0,3.125,2463,24.2335,20,93.2,7.69,1.5,0,7.45098,0,14.2196,3.335,-9.52919,1,10,0,0,0,0,0,0,0,0,186.8
1179,1823.640,20.1959,20.3273,12.6707,31,0,3.125,2446.25,24.2335,20,93.2,7.71,1.5,0,7.45098,0,14.2196,3.19,-9.52932,1,10,0,0,1,0,0,0,0,0,186.8
1180,1823.680,20.281,20.3273,12.6707,31,0,3.125,2455.75,24.2335,20,93.2,7.75,1.5,0,7.45098,0,14.2196,3.335,-9.52932,1,10,0,0,1,0,0,0,0,0,186.8
1181,1823.720,20.1127,20.3273,12.6707,31,0,3.125,2457.75,24.2335,20,93.2,7.71,1.5,0,7.45098,0,14.2196,3.335,-9.52945,1,10,0,0,1,0,0,0,0,0,186.8
1182,1823.760,20.0701,20.3273,12.6707,31,0,3.125,2443,24.2335,20,93.2,7.69,1.5,0,7.45098,0,14.2196,3.19,-9.52958,1,10,0,0,1,0,0,0,0,0,186.8
1183,1823.800,20.2384,20.3273,12.6707,31,0,3.125,2446.5,24.2335,20,93.2,7.75,1.5,0,7.45098,0,14.2196,3.335,-9.52958,1,10,0,0,1,0,0,0,0,0,186.8
1184,1823.840,20.1552,20.3273,12.6707,31,0,3.125,2426.5,24.2335,20,93.2,7.71,1.5,0,7.45098,0,14.2196,3.335,-9.52971,1,10,0,0,1,0,0,0,0,0,186.8
1185,1823.880,20.1552,20.3273,12.6707,31,0,3.125,2427,24.2335,20,93.2,7.71,1.5,0,7.45098,0,14.2196,3.335,-9.52984,1,10,0,0,1,0,0,0,0,0,186.8
1186,1823.920,20.1127,20.3273,12.6707,31,0,3.125,2440.75,24.2335,20,93.2,7.65,1.48,0,7.45098,0,14.2196,3.335,-9.52984,1,10,0,0,1,0,0,0,0,0,186.8
1187,1823.960,20.4067,20.3273,12.6707,31,0,3.125,2432.25,24.2335,20,93.2,7.67,1.48,0,7.45098,0,14.2196,3.335,-9.52997,1,10,0,0,1,0,0,0,0,0,186.8
1188,1824.000,20.1552,20.3273,12.6707,31,0,3.125,2446.5,24.2335,20,93.2,7.65,1.48,0,7.45098,0,14.2196,3.335,-9.52997,1,10,0,0,0,0,0,0,0,0,186.8
1189,1824.040,20.366,20.3273,12.6707,31,0,3.125,2455.25,24.2335,20,93.2,7.71,1.5,0,7.45098,0,14.2196,3.335,-9.5301,1,10,0,0,1,0,0,0,0,0,186.8
1190,1824.080,20.1959,20.3273,12.6707,31,0,3.125,2454.5,24.2335,20,93.2,7.67,1.5,0,7.45098,0,14.2196,3.335,-9.53022,1,10,0,0,1,0,0,0,0,0,186.8
1191,1824.120,20.1127,20.3273,12.6707,31,0,3.125,2472.75,24.2335,20,93.2,7.69,1.5,0,7.45098,0,14.2196,3.19,-9.53022,1,10,0,0,1,0,0,0,0,0,186.8
1192,1824.160,20.2384,20.3273,12.6707,31,0,3.125,2475.75,24.2335,20,93.2,7.71,1.5,0,7.45098,0,14.2196,3.335,-9.53035,1,10,0,0,1,0,0,0,0,0,186.8
1193,1824.200,20.2384,20.3273,12.6707,31,0,3.125,2461.25,24.2335,20,93.2,7.75,1.5,0,7.45098,0,14.2196,3.335,-9.53047,1,10,0,0,1,0,0,0,0,0,186.8
1194,1824.240,20.281,20.3273,12.6707,31,0,3.125,2467,24.2335,20,93.2,7.71,1.5,0,7.45098,0,14.2196,3.19,-9.53047,1,10,0,0,1,0,0,0,0,0,186.8
1195,1824.280,20.281,20.3273,12.6707,31,0,3.125,2457.75,24.2335,20,93.2,7.69,1.5,0,7.45098,0,14.2196,3.19,-9.53059,1,10,0,0,1,0,0,0,0,0,186.8
1196,1824.320,20.281,20.3273,12.6707,31,0,3.125,2460,24.2335,20,93.2,7.73,1.5,0,7.45098,0,14.2196,3.335,-9.53059,1,10,0,0,1,0,0,0,0,0,186.8
1197,1824.360,20.0701,20.3273,12.6707,31,0,3.125,2464.75,24.2335,20,93.2,7.71,1.5,0,7.45098,0,14.2196,3.335,-9.53071,1,10,0,0,1,0,0,0,0,0,186.8
1198,1824.400,20.1552,20.3273,12.6707,31,0,3.125,2444.75,24.2335,20,93.2,7.75,1.5,0,7.45098,0,14.2196,3.335,-9.53083,1,10,0,0,1,0,0,0,0,0,186.8
1199,1824.440,20.0276,20.3273,12.6707,31,0,3.125,2437,24.2335,20,93.2,7.75,1.5,0,7.45098,0,14.2196,3.19,-9.53083,1,10,0,0,1,0,0,0,0,0,186.8
1200,1824.480,19.7336,20.3273,12.6707,31,0,3.125,2452.75,24.2335,20,93.2,7.71,1.5,0,7.45098,0,14.2196,3.19,-9.53095,1,10,0,0,1,0,0,0,0,0,186.8
1201,1824.520,19.8593,20.3273,12.6707,31,0,3.125,2444.25,24.2335,20,93.2,7.69,1.5,0,7.45098,0,14.2196,3.335,-9.53107,1,10,0,0,1,0,0,0,0,0,186.8
1202,1824.560,19.8168,20.3273,12.6707,31,0,3.125,2461,24.2335,20,93.2,7.71,1.5,0,7.45098,0,14.2196,3.19,-9.53107,1,10,0,0,1,0,0,0,0,0,186.8
1203,1824.600,19.7762,20.3273,12.6707,31,0,3.125,2461.75,24.2335,20,93.2,7.75,1.5,0,7.45098,0,14.2196,3.19,-9.53119,1,10,0,0,1,0,0,0,0,0,186.8
1204,1824.640,19.6911,20.3273,12.6707,31,0,3.125,2452.5,24.2335,20,93.2,7.71,1.5,0,7.45098,0,14.2196,3.19,-9.53119,1,10,0,0,1,0,0,0,0,0,186.8
1205,1824.680,19.7762,20.3273,12.6707,31,0,3.125,2468,24.2335,20,93.2,7.73,1.5,0,7.45098,0,14.2196,3.19,-9.53131,1,10,0,0,0,0,0,0,0,0,186.8
1206,1824.720,19.8168,20.3273,12.6707,31,0,3.125,2465.25,24.2335,20,93.2,7.75,1.5,0,7.45098,0,14.2196,3.19,-9.53142,1,10,0,0,1,0,0,0,0,0,186.8
1207,1824.760,19.6911,20.3273,12.6707,31,0,3.125,2474.25,24.2335,20,93.2,7.71,1.5,0,7.45098,0,14.2196,3.335,-9.53142,1,10,0,0,1,0,0,0,0,0,186.8
1208,1824.800,19.8593,20.3273,12.6707,31,0,3.125,2489.25,24.2335,20,93.2,7.77,1.5,0,7.45098,0,14.2196,3.19,-9.53154,1,10,0,0,1,0,0,0,0,0,186.8
1209,1824.840,19.8168,20.3273,12.6707,31,0,3.125,2471.75,24.2335,20,91.4,7.77,1.5,0,7.45098,0,14.2196,3.19,-9.53165,1,10,0,0,1,0,0,0,0,0,186.8
1210,1824.880,19.7336,20.3273,12.6707,31,0,3.125,2457.5,24.2335,20,91.4,7.71,1.5,0,7.45098,0,14.2196,3.19,-9.53165,1,10,0,0,1,0,0,0,0,0,186.8
1211,1824.920,19.6485,20.3273,12.6707,31,0,3.125,2465.75,24.2335,20,91.4,7.67,1.5,0,7.45098,0,14.2196,3.19,-9.53177,1,10,0,0,1,0,0,0,0,0,186.8
1212,1824.960,19.8168,20.3273,12.6707,31,0,3.125,2451.5,24.2335,20,91.4,7.69,1.5,0,7.45098,0,14.2196,3.19,-9.53177,1,10,0,0,1,0,0,0,0,0,186.8
1213,1825.000,19.7336,20.3273,12.6707,31,0,3.125,2452.5,24.2335,20,91.4,7.75,1.5,0,7.45098,0,14.2196,3.19,-9.53188,1,10,0,0,1,0,0,0,0,0,186.8
1214,1825.040,19.7762,20.3273,12.6707,31,0,3.125,2459,24.2335,20,91.4,7.82,1.5,0,7.45098,0,14.2196,3.19,-9.53199,1,10,0,0,1,0,0,0,0,0,186.8
1215,1825.080,19.7336,20.3273,12.6707,31,0,3.125,2427.75,24.2335,20,91.4,7.77,1.5,0,7.45098,0,14.2196,3.19,-9.53199,1,10,0,0,1,0,0,0,0,0,186.8
1216,1825.120,19.5228,20.3273,12.6707,31,0,3.125,2368.5,24.2335,20,91.4,7.71,1.5,0,7.45098,0,14.2196,3.19,-9.5321,1,10,0,0,1,0,0,0,0,0,186.8
1217,1825.160,19.5228,20.3273,12.6707,31,0,3.125,2284,24.2335,20,91.4,7.67,1.5,0,7.45098,0,14.2196,3.19,-9.53221,1,10,0,0,1,0,0,0,0,0,186.8
1218,1825.200,19.5654,20.3273,12.6707,31,0,3.125,2219.25,24.2335,20,91.4,7.58,1.48,0,7.45098,0,14.2196,3.19,-9.53221,1,10,0,0,1,0,0,0,0,0,186.8
1219,1825.240,19.7336,20.3273,12.6707,31,0,3.125,2133,24.8548,20,91.4,7.63,1.48,0,7.45098,0,14.2196,3.19,-9.53232,1,10,0,0,1,0,0,0,0,0,186.8
1220,1825.280,19.6911,20.3273,12.6707,31,0,3.125,2066,24.8548,20,91.4,7.58,1.48,0,7.05882,0,14.2196,3.19,-9.53232,1,10,0,0,1,0,0,0,0,0,186.8
1221,1825.320,19.5654,20.3273,12.6707,31,0,3.125,1977,24.8548,20,91.4,7.6,1.48,0,7.05882,0,14.2196,3.19,-9.53243,1,10,0,0,1,0,0,0,0,0,186.8
1222,1825.360,19.7762,20.3273,12.6707,31,0,3.125,1921.75,24.8548,20,91.4,7.28,1.46,0,7.05882,0,14.2196,3.19,-9.43214,1,10,0,0,1,0,0,0,0,0,186.8
1223,1825.400,19.606,20.3273,12.6707,31,0,3.125,1849,24.8548,20,91.4,7.09,1.46,0,6.66667,0,14.2196,3.335,-9.43214,1,10,0,0,1,0,0,0,0,0,186.8
1224,1825.440,19.6911,20.3273,12.676,31,0,3.125,1790,24.8548,20,91.4,7.09,1.46,0,6.66667,0,14.2196,3.335,-9.16021,1,10,0,0,1,0,0,0,0,0,186.8
1225,1825.480,19.9019,20.3273,12.6814,31,0,3.125,1730.25,24.8548,18.5,91.4,6.91,1.46,0,6.66667,0,14.2196,3.335,-8.86789,1,10,0,0,1,0,0,0,2.048,0,186.8
1226,1825.520,19.606,20.3273,12.6814,31,0,3.125,1709.25,24.8548,19,91.4,7.05,1.5,13.3333,9.01961,131.784,14.2196,3.48,-8.86789,1,10,0,0,1,0,0,0,2.048,0,186.8
1227,1825.560,19.7762,20.3273,12.6441,31,0,3.125,1736.5,24.8548,5,91.4,12.69,2,28.2353,23.1373,215.466,14.2196,4.35,2.29027,1,10,0,0,1,74.902,0,0,2.56,0,186.8
1228,1825.600,19.6911,20.3273,12.6441,31,0,3.125,1794.5,24.8548,6.5,91.4,31.14,2.5,29.0196,29.4118,217.795,14.2196,7.25,2.29027,1,10,0,0,2,74.902,0,0,3.84,0,186.8
1229,1825.640,19.5654,20.3273,9.0353,31,0,3.125,2214.75,24.2335,4.5,91.4,48.9,2.6,32.549,31.7647,256.583,14.2196,10.875,3.08795,1,10,0,0,2,74.902,0,0,5.376,0,186.8
1230,1825.680,18.0066,20.3273,10.806,31,0,3.125,2394.5,24.2335,2.5,91.4,49.33,2.58,33.3333,34.902,283.692,14.2196,12.18,6.06954,1,10,0,0,3,74.902,0,0,5.888,0,186.8
1231,1825.720,14.6356,20.3273,10.806,31,0,3.125,2116,24.8548,1,91.4,48.47,2.52,30.1961,34.902,251.597,14.2196,12.615,6.06954,1,10,0,0,5,74.902,0,0,6.656,0,186.8
1232,1825.760,15.3086,20.3273,11.0196,31,0,3.125,2063.75,24.8548,14.5,91.4,43.04,2.44,29.0196,32.549,228.699,14.2196,13.195,4.32178,1,10,0,0,7,74.902,0,0,7.168,0,186.8
1233,1825.800,15.2255,20.3273,11.2967,31,0,3.125,2115.25,25.4762,14.5,91.4,37.47,2.4,31.3725,32.1569,240.677,14.2196,13.195,4.12402,1,10,0,0,10,74.902,0,0,7.424,0,186.8
1234,1825.840,13.5816,20.3273,11.2967,31,0,2.34375,2166.25,25.4762,7,91.4,38.97,2.42,34.1176,33.3333,252.932,14.2196,13.195,4.12402,1,10,0,0,10,74.902,0,0,7.424,0,186.8
1235,1825.880,12.7384,20.3273,11.3907,31,0,2.34375,2144.75,26.0976,7,91.4,42.46,2.46,37.6471,36.4706,255.143,14.2196,13.195,4.92593,1,10,0,0,11,74.902,0,0,7.68,0,186.8
1236,1825.920,12.3187,20.3273,11.3907,32,0,2.34375,2121.75,26.0976,14,91.4,41.85,2.44,36.4706,37.2549,250.474,14.2196,13.485,4.92593,1,10,0,0,12,74.902,0,0,7.936,0,186.8
1237,1825.960,11.4755,20.3273,13.0667,32,0,2.34375,2203.25,26.0976,14.5,91.4,41.33,2.44,35.2941,36.8627,255.723,14.2196,13.63,4.63468,1,10,0,0,11,74.902,0,0,6.912,0,186.8
1238,1826.000,10.843,20.3273,12.9934,32,0,2.34375,2227.25,26.0976,14.5,91.4,42.07,2.46,35.2941,36.4706,264.298,14.2196,13.63,4.99126,1,10,0,0,11,74.902,0,0,7.168,0,186.8
1239,1826.040,11.3072,19.6383,12.9934,31,0,2.34375,2196.75,26.0976,14,91.4,42.97,2.46,34.5098,36.4706,257.591,14.2196,13.63,4.99126,1,10,0,0,11,74.902,0,0,7.168,0,186.8
1240,1826.080,11.812,18.375,12.9153,31,0,2.34375,2194.25,26.0976,14.5,91.4,42.28,2.46,32.9412,35.2941,254.601,14.2196,13.63,4.81003,1,10,0,0,11,74.902,0,0,7.424,0,186.8
1241,1826.120,12.2336,17.3414,12.8273,31,0,2.34375,2212.75,26.719,14.5,91.4,42.58,2.46,29.8039,34.1176,250.338,14.2196,13.63,4.75362,1,10,0,0,10,74.902,0,0,7.168,0,186.8
1242,1826.160,12.191,16.3078,12.8273,31,0,2.34375,2283.25,26.719,14.5,91.4,41.94,2.44,28.2353,32.549,252.976,14.2196,13.485,4.75362,1,10,0,0,9,74.902,0,0,7.168,0,186.8
1243,1826.200,12.0653,15.2742,12.762,31,0,2.34375,2280,27.3403,15,91.4,40.91,2.44,25.098,30.1961,242.013,14.2196,13.34,4.74987,1,10,0,0,10,74.902,0,0,7.168,0,186.8
1244,1826.240,11.8971,14.5852,12.762,31,0,0,2269.75,27.3403,15,91.4,39.62,2.42,24.3137,28.6275,232.331,14.2196,13.195,4.74987,1,10,0,0,10,74.902,0,0,7.168,0,186.8
1245,1826.280,11.8545,14.1258,12.7189,31,0,0,2295,27.3403,15,91.4,38.11,2.4,24.3137,27.8431,231.877,14.2196,12.905,4.08403,1,10,0,0,10,74.902,0,0,6.912,0,186.8
1246,1826.320,11.6863,13.6664,12.7028,31,0,0,2322.5,27.3403,14,91.4,39.62,2.42,24.3137,27.451,232.484,14.2196,12.76,4.07548,1,10,0,0,9,74.902,0,0,6.912,0,186.8
1247,1826.360,12.2336,13.207,12.7028,31,0,0,2349,27.9617,14.5,91.4,39.83,2.42,23.9216,27.0588,231.841,14.2196,12.615,4.07548,1,10,0,0,9,74.902,0,0,6.912,0,186.8
1248,1826.400,11.9802,12.8625,12.8,31,0,0,2320.75,27.9617,15,91.4,38.97,2.44,23.9216,27.0588,230.446,14.2196,12.47,4.05945,1,10,0,0,9,74.902,0,0,6.656,0,186.8
1249,1826.440,12.0653,12.518,12.9821,31,0,0,2330.75,27.9617,15,91.4,40.26,2.42,23.1373,26.6667,225.677,14.2196,12.47,3.74378,1,10,0,0,9,74.902,0,0,6.656,0,186.8
1250,1826.480,12.191,12.1734,12.9821,31,0,0,2359,27.9617,14.5,91.4,39.83,2.42,23.5294,26.6667,229.073,14.2196,12.47,3.74378,1,10,0,0,9,74.902,0,0,6.656,0,186.8
1251,1826.520,12.1079,11.8289,13.0102,31,0,0,2392.25,28.5831,14.5,91.4,40.26,2.44,23.9216,26.6667,233.052,14.2196,12.325,4.07653,1,10,0,0,9,74.902,0,0,6.656,0,186.8
1252,1826.560,12.191,11.8289,13.0102,31,0,0,2379.25,28.5831,14.5,91.4,42.28,2.46,23.1373,26.6667,228.639,14.2196,12.325,4.07653,1,10,0,0,10,74.902,0,0,6.656,0,186.8
1253,1826.600,12.3593,11.9437,13.0553,31,0,0,2382,28.5831,15,91.4,41.73,2.46,23.1373,26.2745,229.444,14.2196,12.325,3.89973,1,10,0,0,10,74.902,0,0,6.656,0,186.8
1254,1826.640,12.4444,12.1734,13.061,31,0,0,2424.25,28.5831,15,91.4,41.73,2.44,23.9216,26.6667,236.253,14.2196,12.325,4.24874,1,10,0,0,10,74.902,0,0,6.656,0,186.8
1255,1826.680,12.5275,12.4031,13.061,31,0,0,2449.5,29.2044,14.5,91.4,43.09,2.46,23.9216,27.0588,237.469,14.2196,12.325,4.24874,1,10,0,0,10,74.902,0,0,6.656,0,186.8
1256,1826.720,12.7809,12.518,12.999,31,0,0,2464.25,29.2044,15.5,91.4,44.23,2.48,23.5294,27.0588,235.546,14.2196,12.325,4.36658,1,10,0,0,10,74.902,0,0,6.656,0,186.8
1257,1826.760,12.9085,12.6328,12.9877,31,0,0,2465.75,29.8258,15.5,91.4,43.6,2.48,22.7451,26.6667,226.639,14.2196,12.325,3.94858,1,10,0,0,10,74.902,0,0,6.656,0,186.8
1258,1826.800,12.9917,12.6328,12.9877,31,0,0,2469.5,29.8258,15,91.4,42.58,2.46,21.5686,25.8824,214.633,14.2196,12.325,3.94858,1,10,0,0,10,74.902,0,0,6.656,0,186.8
1259,1826.840,12.9492,12.6328,13.0102,31,0,0,2490.75,29.8258,15.5,91.4,42.28,2.46,21.5686,25.4902,211.605,14.2196,12.18,3.20173,1,10,0,0,10,74.902,0,0,6.656,0,186.8
1260,1826.880,13.0768,12.518,13.1753,31,0,0,2498.5,29.8258,15.5,91.4,41.12,2.44,20.7843,25.098,202.518,14.2196,12.035,2.59864,1,10,0,0,10,74.902,0,0,6.4,0,186.8
1261,1826.920,12.9917,12.4031,13.1753,31,0,0,2482.5,29.8258,15.5,91.4,40.48,2.42,18.8235,24.3137,181.27,14.2196,11.89,2.59864,1,10,0,0,10,74.902,0,0,6.4,0,186.8
1262,1826.960,12.9085,12.4031,13.428,32,0,0,2502.5,29.8258,15.5,91.4,36.98,2.36,17.6471,22.7451,169.067,14.2196,11.745,.400269,1,10,0,0,10,74.902,0,0,6.144,0,186.8
1263,1827.000,12.9917,12.4031,13.428,32,-1.5625,0,2523,30.4472,15.5,91.4,35.66,2.36,18.0392,22.3529,172.008,14.2196,11.31,.400269,1,10,0,0,10,74.902,0,0,5.376,0,186.8
1264,1827.040,12.9492,12.4031,14.586,32,-5.46875,0,2520.25,30.4472,16,91.4,35.12,2.36,18.0392,22.3529,171.821,14.2196,11.02,.584039,1,10,0,0,11,74.902,0,0,5.12,0,186.8
1265,1827.080,12.7809,12.6328,14.4391,32,-7.03125,0,2534,30.4472,16.5,91.4,36.11,2.38,17.6471,22.3529,168.572,14.2196,10.875,.35332,1,10,0,0,12,74.902,0,0,5.12,0,186.8
1266,1827.120,12.9492,12.9773,14.4391,32,-7.8125,0,2547.5,30.4472,17,91.4,36.37,2.38,17.6471,22.3529,168.376,14.2196,10.73,.35332,1,10,0,0,13,74.902,0,0,4.864,0,186.8
1267,1827.160,13.0343,13.3219,14.4808,32,-7.8125,0,2580,31.0686,17,91.4,36.11,2.36,18.0392,22.3529,171.062,14.2196,10.585,.559299,1,10,0,0,13,74.902,0,0,4.864,0,186.8
1268,1827.200,13.4984,13.7813,14.5017,32,-7.03125,0,2592.75,31.0686,17.5,91.4,36.29,2.38,18.0392,22.3529,170.777,14.2196,10.585,.51388,1,10,0,0,14,74.902,0,0,4.864,0,186.8
1269,1827.240,14.0457,14.2406,14.5017,32,-6.25,-2.34375,2593.25,31.0686,17.5,89.6,37.47,2.38,17.2549,22.3529,161.538,14.2196,10.44,.51388,1,10,0,0,15,74.902,0,0,4.864,0,186.8
1270,1827.280,14.4673,14.7,14.5017,32,-4.6875,-2.34375,2580.25,31.0686,17.5,89.6,36.86,2.38,16.4706,21.9608,152.573,14.2196,10.44,-.786286,1,10,0,0,15,74.902,0,0,4.864,0,185
1271,1827.320,14.9296,15.0445,14.5017,32,-3.125,-2.34375,2578.5,31.6899,18,89.6,35.48,2.34,16.8627,21.1765,155.504,14.2196,10.44,-.786286,1,8,0,0,16,74.902,0,0,4.864,0,185
1272,1827.360,15.268,15.2742,14.6144,32,-1.5625,-2.34375,2635.25,31.6899,18,89.6,35.12,2.34,17.2549,21.1765,157.708,14.2196,10.15,-.513965,1,8,0,0,16,74.902,0,0,4.864,0,185
1273,1827.400,15.4363,15.2742,14.7432,32,-.78125,-2.34375,2680.25,31.6899,18.5,89.6,35.48,2.36,16.4706,21.1765,147.96,14.2196,10.005,-1.16538,1,8,0,0,17,74.902,0,0,4.864,0,185
1274,1827.440,15.562,15.1594,14.7432,32,-.78125,-2.34375,2628.75,31.6899,18.5,89.6,35.48,2.36,14.1176,20.7843,124.691,14.2196,9.86,-1.16538,1,8,0,0,17,74.902,0,0,4.864,0,185
1275,1827.480,15.5194,15.0445,14.7288,32,-.78125,-2.34375,2596,31.6899,18.5,89.6,33.6,2.28,12.549,18.8235,111.617,14.2196,9.715,-4.09586,1,8,0,0,17,74.902,0,0,4.608,0,185
1276,1827.520,15.4363,14.9297,15.4072,32,-.78125,-2.34375,2646.25,31.6899,19.5,89.6,29.75,2.22,12.549,18.0392,110.892,14.2196,9.28,-4.60026,1,8,0,0,17,74.902,0,0,4.352,0,185
1277,1827.560,15.1829,14.7,15.4072,32,-.78125,-2.34375,2694.5,31.6899,20.5,89.6,28.78,2.2,12.9412,18.0392,112.466,14.2196,8.845,-4.60026,1,8,0,0,17,74.902,0,0,4.096,0,185
1278,1827.600,14.6356,14.3555,15.6312,32,-2.34375,-2.34375,2655.25,31.6899,21,89.6,29.21,2.22,12.549,18.0392,110.479,14.2196,8.555,-4.67482,1,8,0,0,18,74.902,0,0,4.096,0,185
1279,1827.640,14.2565,14.3555,15.6312,32,-2.34375,-2.34375,2626.5,32.3113,21.5,89.6,28.67,2.22,12.549,18.4314,111.023,14.2196,8.41,-4.67482,1,8,0,0,19,74.902,0,0,4.096,0,185
1280,1827.680,14.8039,14.4703,15.0378,32,-1.5625,-2.34375,2662,32.3113,21.5,89.6,29.53,2.22,12.9412,18.4314,112.99,14.2196,8.41,-4.61705,1,8,0,0,19,74.902,0,0,4.096,0,185
1281,1827.720,15.1404,14.5852,14.9111,32,-.78125,-2.34375,2711.5,32.3113,22,89.6,29.42,2.22,12.9412,18.4314,112.128,14.2196,8.265,-4.45379,1,8,0,0,20,74.902,0,0,4.096,0,185
1282,1827.760,15.0978,14.7,14.9111,32,-.78125,-2.34375,2715.25,32.3113,22,89.6,29.96,2.22,12.549,18.4314,106.627,14.2196,8.265,-4.45379,1,8,0,0,21,74.902,0,0,4.096,0,185
1283,1827.800,15.1829,14.8148,14.823,32,0,-2.34375,2673.5,32.3113,22,89.6,28.99,2.22,11.7647,18.4314,102.224,14.2196,8.12,-5.14563,1,8,0,0,21,74.902,0,0,4.096,0,185
1284,1827.840,15.0978,14.8148,14.7072,33,0,-2.34375,2674.25,32.3113,22,89.6,28.99,2.2,12.1569,18.0392,104.693,14.2196,8.12,-5.13152,1,8,0,0,21,74.902,0,0,4.096,0,185
1285,1827.880,14.8039,14.8148,14.7072,33,.78125,-2.34375,2727.25,32.3113,22.5,89.6,28.46,2.2,12.549,18.0392,106.431,14.2196,8.12,-5.13152,1,8,0,0,20,74.902,0,0,4.096,0,185
1286,1827.920,14.6782,14.7,14.7288,33,.78125,-2.34375,2737.75,32.3113,22.5,89.6,28.67,2.18,12.549,18.0392,106.19,14.2196,7.975,-4.99369,1,8,0,0,20,74.902,0,0,3.84,0,185
1287,1827.960,14.508,14.5852,14.7288,33,0,-2.34375,2717.25,32.9327,22.5,89.6,28.89,2.2,12.1569,18.0392,103.864,14.2196,7.975,-4.99369,1,8,0,0,21,74.902,0,0,3.84,0,185
1288,1828.000,14.508,14.5852,14.6713,33,0,-2.34375,2729.25,32.9327,22.5,89.6,28.56,2.2,11.7647,18.0392,101.155,14.2196,7.975,-5.20263,1,8,0,0,20,74.902,0,0,3.84,0,185
1289,1828.040,14.4673,14.5852,14.6144,33,0,-2.34375,2727,32.9327,22.5,87.8,29.21,2.22,11.7647,18.0392,100.96,14.2196,7.975,-5.46539,1,8,0,0,21,74.902,0,0,3.84,0,185
1290,1828.080,14.4673,14.7,14.6144,33,.78125,-2.34375,2740.5,32.9327,23,87.8,28.78,2.2,11.7647,18.0392,100.694,14.2196,7.975,-5.46539,1,8,0,0,21,74.902,0,0,3.84,0,185
1291,1828.120,14.6782,14.7,14.579,33,.78125,-2.34375,2741.25,32.9327,23,87.8,29.21,2.22,11.7647,18.0392,100.327,14.2196,7.975,-5.50143,1,8,0,0,21,74.902,0,0,3.84,0,185
1292,1828.160,14.6356,14.7,14.5017,33,.78125,-2.34375,2749.25,32.9327,23,87.8,28.78,2.2,10.1961,18.0392,84.1956,14.2196,7.83,-6.16644,1,8,0,0,21,74.902,0,0,3.84,0,185
1293,1828.200,14.2972,14.5852,14.5017,33,.78125,-2.34375,2750.5,32.9327,23,87.8,27.59,2.16,10.9804,16.8627,89.6142,14.2196,7.83,-6.16644,1,8,0,0,21,74.902,0,0,3.84,0,185
1294,1828.240,14.3823,14.4703,14.6286,33,.78125,-2.34375,2779.75,32.9327,23.5,87.8,25.96,2.16,10.9804,16.8627,92.1115,14.2196,7.685,-5.85346,1,8,0,0,21,74.902,0,0,3.84,0,185
1295,1828.280,14.2972,14.3555,14.6286,33,0,-2.34375,2778.25,33.554,23.5,87.8,26.09,2.14,10.9804,16.8627,89.0527,14.2196,7.54,-5.85346,1,8,0,0,20,74.902,0,0,3.584,0,185
1296,1828.320,13.8775,14.1258,14.736,33,-.78125,-2.34375,2756.75,33.554,24,87.8,25.69,2.14,10.5882,16.8627,86.7633,14.2196,7.395,-5.97534,1,8,0,0,20,74.902,0,0,3.584,0,185
1297,1828.360,13.9606,14.1258,14.7216,33,-1.5625,-2.34375,2770.75,33.554,24,87.8,26.09,2.14,10.9804,16.8627,89.1468,14.2196,7.25,-6.07758,1,8,0,0,21,74.902,0,0,3.584,0,185
1298,1828.400,14.0457,14.1258,14.7216,33,-1.5625,-2.34375,2808.25,33.554,24.5,87.8,25.83,2.16,11.7647,17.2549,99.492,14.2196,7.25,-6.07758,1,8,0,0,20,74.902,0,0,3.584,0,185
1299,1828.440,14.214,14.3555,14.6785,33,-1.5625,-2.34375,2816.25,33.554,24.5,87.8,27.59,2.2,10.9804,18.0392,88.5228,14.2196,7.25,-5.51406,1,8,0,0,21,74.902,0,0,3.584,0,185
1300,1828.480,14.214,14.4703,14.6785,33,-.78125,-2.34375,2806.5,33.554,24,87.8,27.7,2.18,10.5882,17.2549,85.8454,14.2196,7.395,-5.51406,1,8,0,0,21,74.902,0,0,3.584,0,185
1301,1828.520,14.508,14.5852,14.5017,33,-.78125,-2.34375,2797,33.554,24,87.8,27.27,2.14,10.1961,16.8627,83.4232,14.2196,7.395,-6.08492,1,8,0,0,21,74.902,0,0,3.584,0,185
1302,1828.560,15.0978,14.7,14.5017,33,0,-2.34375,2816,33.554,24,87.8,26.23,2.14,10.5882,16.8627,85.7906,14.2196,7.395,-6.06169,1,8,0,0,21,74.902,0,0,3.584,0,185
1303,1828.600,15.0978,14.7,14.5017,33,0,-2.34375,2830.5,34.1754,24.5,87.8,25.83,2.14,10.1961,16.8627,82.9774,14.2196,7.25,-6.06169,1,8,0,0,21,74.902,0,0,3.584,0,185
1304,1828.640,14.9296,14.4703,14.5017,33,-.78125,-2.34375,2815.5,34.1754,24.5,87.8,25.96,2.14,10.1961,16.8627,83.0618,14.2196,7.25,-6.11809,1,8,0,0,21,74.902,0,0,3.584,0,185
1305,1828.680,14.8039,14.3555,14.586,33,-1.5625,-2.34375,2808.5,34.1754,25,87.8,25.56,2.14,10.1961,16.8627,83.0582,14.2196,7.25,-6.17331,1,8,0,0,21,74.902,0,0,3.584,0,185
1306,1828.720,14.6356,14.2406,14.586,33,-1.5625,-2.34375,2838.25,34.1754,25,87.8,25.83,2.14,10.1961,16.8627,82.932,14.2196,7.25,-6.17331,1,8,0,0,20,74.902,0,0,3.584,0,185
1307,1828.760,14.6356,14.2406,14.5017,33,-1.5625,-2.34375,2851.75,34.1754,25,87.8,25.56,2.14,10.1961,16.8627,82.8557,14.2196,7.105,-6.09001,1,8,0,0,21,74.902,0,0,3.584,0,185
1308,1828.800,14.8464,14.3555,14.5017,33,-1.5625,-2.34375,2860.5,34.1754,25,87.8,25.29,2.12,10.1961,16.8627,82.8062,14.2196,7.105,-6.07366,1,8,0,0,21,74.902,0,0,3.584,0,185
1309,1828.840,14.6356,14.3555,14.5017,33,-1.5625,-2.34375,2859.5,34.1754,25.5,86,25.43,2.14,10.1961,16.8627,82.811,14.2196,7.105,-6.07366,1,8,0,0,21,74.902,0,0,3.328,0,185
1310,1828.880,14.7188,14.3555,14.5017,32,-1.5625,-2.34375,2869,34.1754,25.5,86,25.16,2.14,9.80392,16.8627,77.3838,14.2196,7.105,-6.28616,1,8,0,0,20,74.902,0,0,3.328,0,185
1311,1828.920,14.8464,14.3555,14.5017,32,-1.5625,-2.34375,2849.25,34.7968,25.5,86,25.03,2.12,9.80392,16.4706,77.4021,14.2196,7.105,-6.28616,1,8,0,0,20,74.902,0,0,3.328,0,185
1312,1828.960,14.887,14.4703,14.5017,32,-1.5625,-2.34375,2869.25,34.7968,26,86,24.37,2.12,10.1961,16.4706,80.0207,14.2196,6.96,-6.27279,1,8,0,0,20,74.902,0,0,3.328,0,185
1313,1829.000,14.8464,14.4703,14.579,32,-1.5625,-2.34375,2885,34.7968,26,86,24.17,2.12,9.80392,16.4706,77.1969,14.2196,6.96,-6.20776,1,8,0,0,20,74.902,0,0,3.328,0,185
1314,1829.040,14.9296,14.4703,14.579,32,-1.5625,-2.34375,2876.25,34.7968,26.5,86,24,2.1,9.01961,16.4706,69.0445,14.2196,6.96,-6.20776,1,8,0,0,20,74.902,0,0,3.328,0,185
1315,1829.080,14.7188,14.4703,14.6073,32,-1.5625,-2.34375,2871.25,34.7968,26.5,86,23.59,2.08,8.23529,15.6863,60.8724,14.2196,6.815,-6.77233,1,8,0,0,20,74.902,0,0,3.328,0,185
1316,1829.120,14.7188,14.4703,14.6073,32,-1.5625,-2.34375,2883.5,34.7968,27,86,22.01,2.04,8.23529,15.2941,60.7426,14.2196,6.815,-6.77233,1,8,0,0,20,74.902,0,0,3.328,0,185
1317,1829.160,14.887,14.4703,14.6571,32,-1.5625,-2.34375,2905,34.7968,27,86,21.33,2.04,8.23529,15.2941,60.6704,14.2196,6.525,-6.90026,1,8,0,0,20,74.902,0,0,3.072,0,185
1318,1829.200,14.8039,14.3555,14.7866,32,-2.34375,-2.34375,2908.75,34.7968,27.5,86,21.24,2.02,8.23529,15.2941,60.6472,14.2196,6.38,-6.86915,1,8,0,0,20,74.902,0,0,3.072,0,185
1319,1829.240,14.3823,14.3555,14.7866,32,-2.34375,-1.5625,2903,34.7968,27.5,86,21.16,2.02,8.23529,15.2941,57.9463,14.2196,6.235,-6.86915,1,8,0,0,20,74.902,0,0,3.072,0,185
1320,1829.280,14.2565,14.2406,14.7794,32,-3.125,-1.5625,2920,34.7968,27.5,86,20.65,2,8.23529,14.902,57.8434,14.2196,6.235,-6.98603,1,8,0,0,20,74.902,0,0,2.816,0,185
1321,1829.320,14.2565,14.2406,14.736,32,-3.125,-1.5625,2937.5,35.4182,28,86,20.47,2,8.23529,14.902,57.7384,14.2196,6.09,-6.92135,1,8,0,0,19,74.902,0,0,2.816,0,185
1322,1829.360,14.1289,14.2406,14.736,32,-3.125,-1.5625,2932,35.4182,28,86,20.65,2,7.84314,14.902,55.7894,14.2196,6.09,-6.92135,1,8,0,0,19,74.902,0,0,2.816,0,185
1323,1829.400,14.0883,14.3555,14.7144,32,-3.125,-1.5625,2926.5,35.4182,28,86,20.22,2,7.45098,14.5098,52.3411,14.2196,5.945,-7.01448,1,8,0,0,19,74.902,0,0,2.816,0,185
1324,1829.440,14.1289,14.4703,14.7144,32,-3.125,-1.5625,2928.25,35.4182,28,86,19.59,1.98,6.66667,14.1176,47.1706,14.2196,5.945,-7.01448,1,8,0,0,19,74.902,0,0,2.816,0,185
1325,1829.480,14.1714,14.4703,14.6785,32,-3.125,-1.5625,2948,35.4182,28.5,86,19.22,1.96,7.05882,13.7255,50.594,14.2196,5.8,-7.33391,1,8,0,0,19,74.902,0,0,2.816,0,185
1326,1829.520,14.2972,14.5852,14.7144,32,-3.125,-1.5625,2949.25,35.4182,28.5,86,18.78,1.94,7.05882,13.7255,50.482,14.2196,5.655,-7.05251,1,8,0,0,19,74.902,0,0,2.816,0,185
1327,1829.560,14.3823,14.4703,14.7144,32,-3.125,-1.5625,2933,35.4182,28.5,86,18.63,1.94,6.66667,14.1176,47.0878,14.2196,5.655,-7.05251,1,8,0,0,19,74.902,0,0,2.816,0,185
1328,1829.600,14.7613,14.4703,14.736,32,-3.125,-1.5625,2926.75,35.4182,28.5,86,18.34,1.94,6.66667,13.7255,47.1181,14.2196,5.51,-7.37613,1,8,0,0,19,74.902,0,0,2.56,0,185
1329,1829.640,14.8039,14.3555,14.7,32,-3.125,-.78125,2947,35.4182,28.5,86,18.34,1.94,6.66667,13.7255,47.0209,14.2196,5.51,-7.36518,1,8,0,0,18,74.902,0,0,2.56,0,185
1330,1829.680,14.8464,14.3555,14.7,32,-3.90625,-.78125,2963.75,35.4182,28.5,86,18.26,1.94,6.66667,13.7255,48.6713,14.2196,5.365,-7.36518,1,8,0,0,18,74.902,0,0,2.56,0,185
1331,1829.720,14.8039,14.3555,14.6785,32,-3.90625,-.78125,2942.5,35.4182,28.5,86,18.34,1.92,4.70588,13.7255,43.741,14.2196,5.365,-7.34208,1,8,0,0,18,74.902,0,0,2.56,0,185
1332,1829.760,14.7188,14.3555,14.6785,32,-3.90625,-.78125,2929.25,35.4182,28.5,86,18.34,1.94,3.92157,13.7255,41.241,14.2196,5.365,-7.34208,1,8,0,0,18,74.902,0,0,2.56,0,185
1333,1829.800,14.2565,14.4703,14.6428,32,-3.125,-.78125,2943,35.4182,28.5,86,17.6,1.9,4.31373,13.3333,38.741,14.2196,5.365,-7.56886,1,8,0,0,18,74.902,0,0,2.56,0,185
1334,1829.840,14.2972,14.5852,14.6357,32,-3.125,-.78125,2959.75,35.4182,28.5,86,16.83,1.88,5.09804,12.9412,36.5579,14.2196,5.22,-7.67825,1,8,0,0,18,74.902,0,0,2.56,0,185
1335,1829.880,14.3823,14.7,14.6357,32,-3.125,-.78125,2959.5,35.4182,28.5,86,16.52,1.88,4.31373,12.9412,34.9978,14.2196,5.075,-7.67825,1,8,0,0,18,74.902,0,0,2.56,0,185
1336,1829.920,14.5931,14.5852,14.6928,32,-3.125,-.78125,2947,35.4182,28.5,86,16.06,1.86,3.92157,12.549,32.4978,14.2196,5.075,-7.74609,1,8,0,0,18,74.902,0,0,2.56,0,185
1337,1829.960,14.5931,14.5852,14.7072,32,-3.125,-.78125,2952,36.0395,28.5,86,15.83,1.86,4.31373,12.549,31.3798,14.2196,4.93,-7.88664,1,8,0,0,18,74.902,0,0,2.56,0,185
1338,1830.000,14.3397,14.4703,14.7072,32,-3.90625,-.78125,2965,36.0395,28.5,86,14.91,1.82,4.70588,12.1569,34.8052,14.2196,4.785,-7.88664,1,8,0,0,18,74.902,0,0,2.56,0,185
1339,1830.040,14.214,14.3555,14.7216,32,-3.90625,0,2968.75,36.0395,29,86,15.08,1.84,4.31373,12.549,33.0613,14.2196,4.785,-7.72335,1,8,0,0,17,74.902,0,0,2.304,0,185
1340,1830.080,14.1714,14.3555,14.7216,32,-3.90625,0,2981.25,36.0395,29,86,15.08,1.84,4.31373,12.549,33.021,14.2196,4.785,-7.72335,1,8,0,0,17,74.902,0,0,2.304,0,185
1341,1830.120,13.9606,14.3555,14.6857,32,-4.6875,0,2972,36.0395,29,86,14.74,1.82,4.31373,12.549,33.0499,14.2196,4.785,-7.77031,1,8,0,0,17,74.902,0,0,2.304,0,185
1342,1830.160,14.0883,14.3555,14.6571,31,-3.90625,0,2974.25,36.0395,29,86,15.34,1.86,4.70588,12.549,34.7301,14.2196,4.64,-7.72602,1,8,0,0,17,74.902,0,0,2.304,0,185
1343,1830.200,14.2972,14.4703,14.6571,31,-3.90625,0,2976,36.0395,29,86,15.68,1.86,4.31373,12.9412,32.9955,14.2196,4.64,-7.72602,1,8,0,0,17,74.902,0,0,2.304,0,185
1344,1830.240,14.4248,14.5852,14.5367,31,-3.125,0,2977.75,36.0395,29,86,16.06,1.86,4.31373,12.9412,32.0295,14.2196,4.64,-7.73837,1,8,0,0,17,74.902,0,0,2.304,0,185
1345,1830.280,14.5931,14.7,14.5297,31,-3.125,0,2994.25,36.0395,29,86,15.75,1.84,3.92157,12.549,29.5219,14.2196,4.785,-7.83498,1,8,0,0,17,74.902,0,0,2.304,0,185
1346,1830.320,14.6356,14.9297,14.5297,31,-2.34375,0,3004.25,36.0395,29,86,15.42,1.84,3.92157,12.1569,29.4736,14.2196,4.785,-7.83498,1,8,0,0,17,74.902,0,0,2.304,0,185
1347,1830.360,14.7188,15.0445,14.5297,31,-1.5625,0,2993,36.0395,29,86,14.39,1.8,3.92157,11.7647,29.4739,14.2196,4.64,-7.82291,1,8,0,0,17,74.902,0,0,2.304,0,185
1348,1830.400,14.9721,15.0445,14.5297,31,-1.5625,0,2974.75,36.0395,29,86,14.05,1.8,2.7451,11.7647,26.9728,14.2196,4.64,-7.82291,1,8,0,0,17,74.902,0,0,2.304,0,185
1349,1830.440,14.9721,15.0445,14.6286,31,-.78125,0,2968.5,36.0395,29,86,13.69,1.8,2.7451,11.3725,24.4728,14.2196,4.495,-8.02925,1,8,0,0,17,74.902,0,0,2.304,0,185
1350,1830.480,14.7613,14.9297,14.6428,31,-.78125,0,2971.25,36.0395,29,86,12.89,1.76,2.35294,10.5882,21.9728,14.2196,4.495,-8.19589,1,8,0,0,17,74.902,0,0,2.304,0,185
1351,1830.520,14.5505,14.8148,14.6428,31,-1.5625,0,2984.5,36.0395,29,86,11.94,1.72,2.35294,10.5882,19.4728,14.2196,4.35,-8.19589,1,8,0,0,17,74.902,0,0,2.048,0,185
1352,1830.560,14.2972,14.5852,14.6928,31,-1.5625,0,2986.5,36.0395,29,86,11.5,1.68,2.35294,10.1961,19.1785,14.2196,4.205,-8.35577,1,8,0,0,16,74.902,0,0,2.048,0,185
1353,1830.600,14.214,14.4703,14.7576,31,-2.34375,0,3006,36.0395,29,86,11.03,1.68,2.7451,10.1961,20.8722,14.2196,4.06,-8.19542,1,8,0,0,16,74.902,0,0,2.048,0,185
1354,1830.640,14.1714,14.4703,14.7576,31,-2.34375,.78125,3031.75,36.0395,29,86,10.93,1.66,2.7451,10.1961,20.8274,14.2196,4.06,-8.19542,1,8,0,0,16,74.902,0,0,2.048,0,185
1355,1830.680,14.214,14.3555,14.7504,31,-2.34375,.78125,3004.25,36.0395,29,86,10.86,1.66,2.35294,10.1961,19.1212,14.2196,3.915,-8.18268,1,8,0,0,16,74.902,0,0,2.048,0,185
1356,1830.720,14.214,14.3555,14.7504,31,-2.34375,.78125,3001,36.0395,29,86,10.71,1.66,2.35294,10.1961,19.1332,14.2196,3.77,-8.18268,1,8,0,0,16,74.902,0,0,1.792,0,185
1357,1830.760,14.1289,14.4703,14.7288,31,-2.34375,.78125,2993.75,36.0395,29,86,10.78,1.68,2.35294,10.1961,19.1413,14.2196,3.77,-8.27916,1,8,0,0,15,74.902,0,0,1.792,0,185
1358,1830.800,14.2972,14.4703,14.6928,31,-2.34375,.78125,2999.5,36.0395,29,86,10.93,1.68,2.35294,10.1961,19.138,14.2196,3.77,-8.29246,1,8,0,0,15,74.902,0,0,1.792,0,185
1359,1830.840,14.4673,14.5852,14.6928,31,-1.5625,.78125,3008.5,36.6609,29,86,10.86,1.66,2.35294,10.1961,19.1223,14.2196,3.77,-8.29246,1,8,0,0,15,74.902,0,0,1.792,0,185
1360,1830.880,14.508,14.7,14.6357,31,-1.5625,.78125,3005.75,36.6609,29,86,11.03,1.68,2.35294,10.1961,19.1184,14.2196,3.77,-8.26051,1,8,0,0,15,74.902,0,0,1.792,0,185
1361,1830.920,14.5505,14.8148,14.6144,31,-.78125,.78125,3001.25,36.0395,29,86,10.86,1.68,2.35294,10.1961,19.1249,14.2196,3.625,-8.23388,1,8,0,0,15,74.902,0,0,1.792,0,185
1362,1830.960,14.5931,14.9297,14.6144,31,-.78125,.78125,3006.5,36.0395,29,86,11,1.68,1.96078,10.1961,17.602,14.2196,3.625,-8.23388,1,8,0,0,15,74.902,0,0,2.048,0,185
1363,1831.000,14.5931,14.9297,14.5297,31,-.78125,.78125,3018.5,36.6609,29,86,10.57,1.66,1.96078,9.80392,15.668,14.2196,3.625,-8.32667,1,8,0,0,15,74.902,0,0,2.048,0,185
1364,1831.040,14.7188,14.9297,14.5297,31,0,3.125,3017.75,36.6609,29,86,9.95,1.64,1.96078,9.80392,17.387,14.2196,3.625,-8.32667,1,8,0,0,15,74.902,0,0,2.048,0,185
1365,1831.080,14.9721,14.9297,14.5297,31,0,3.125,3014.25,36.6609,29,86,9.84,1.64,2.35294,9.80392,19.1316,14.2196,3.625,-8.30846,1,8,0,0,15,74.902,0,0,1.792,0,185
1366,1831.120,14.8464,14.9297,14.5367,31,0,3.125,3003.75,36.6609,29,86,9.98,1.64,1.96078,9.80392,18.1129,14.2196,3.48,-8.2583,1,8,0,0,15,74.902,0,0,1.792,0,185
1367,1831.160,14.7613,14.7,14.5367,30,0,3.125,3007.25,36.6609,29,86,10.43,1.66,1.56863,9.80392,15.5599,14.2196,3.48,-8.2583,1,8,0,0,14,74.902,0,0,1.792,0,185
1368,1831.200,14.5931,14.5852,14.5297,30,-.78125,3.125,3015.75,36.6609,29,86,10.43,1.66,1.56863,9.80392,12.9694,14.2196,3.48,-8.38478,1,8,0,0,15,74.902,0,0,1.792,0,185
1369,1831.240,14.3397,14.4703,14.5297,30,-.78125,3.125,3018.25,36.6609,29,84.2,10.36,1.66,1.56863,9.80392,12.2392,14.2196,3.48,-8.47009,1,8,0,0,14,74.902,0,0,1.792,0,185
1370,1831.280,14.1289,14.3555,14.5297,30,-1.5625,3.125,3008,36.6609,29,84.2,9.84,1.64,1.17647,9.41177,11.2016,14.2196,3.48,-8.47009,1,8,0,0,15,74.902,0,0,1.792,0,185
1371,1831.320,14.2565,14.3555,14.5297,30,-1.5625,3.125,2998.5,36.6609,29,84.2,9.77,1.62,.784314,9.01961,8.65016,14.2196,3.48,-8.62721,1,8,0,0,14,74.902,0,0,1.792,0,185
1372,1831.360,14.2565,14.3555,14.5297,30,-1.5625,3.125,3004.75,36.6609,29,84.2,9.49,1.6,.784314,9.01961,7.07567,14.2196,3.48,-8.62721,1,8,0,0,14,74.902,0,0,1.792,0,185
1373,1831.400,14.1714,14.3555,14.5367,30,-1.5625,3.125,3014.5,36.6609,29,84.2,9.56,1.62,1.17647,9.01961,10.5185,14.2196,3.335,-8.75379,1,8,0,0,14,74.902,0,0,1.792,0,185
1374,1831.440,14.214,14.2406,14.6215,30,-2.34375,3.125,3018,36.6609,29,84.2,9.42,1.62,.784314,9.01961,9.99104,14.2196,3.335,-8.58454,1,8,0,0,14,74.902,0,0,1.792,0,185
1375,1831.480,14.0883,14.2406,14.6215,30,-2.34375,3.125,3008,36.6609,29,84.2,9.39,1.6,.784314,9.01961,8.79761,14.2196,3.335,-8.58454,1,8,0,0,14,74.902,0,0,1.792,0,185
1376,1831.520,14.5931,14.1258,14.5297,30,-3.125,3.125,3001.75,36.6609,29,84.2,9.49,1.62,.784314,9.01961,7.07444,14.2196,3.335,-8.65157,1,8,0,0,14,74.902,0,0,1.792,0,185
1377,1831.560,14.508,14.1258,14.5297,30,-3.125,3.125,3009.75,36.6609,29,84.2,9.42,1.6,.784314,9.01961,8.79636,14.2196,3.335,-8.70547,1,8,0,0,14,74.902,0,0,1.792,0,185
1378,1831.600,14.4248,14.1258,14.5297,30,-3.125,3.125,3022.25,36.6609,29,84.2,9.36,1.6,.784314,9.01961,8.79239,14.2196,3.335,-8.70547,1,8,0,0,14,74.902,0,0,1.792,0,185
1379,1831.640,14.4248,14.1258,14.5297,30,-3.125,2.34375,3017.75,36.6609,29,84.2,9.28,1.6,.784314,9.01961,8.79337,14.2196,3.335,-8.64409,1,8,0,0,14,74.902,0,0,1.792,0,185
1380,1831.680,14.508,14.1258,14.5297,30,-3.90625,2.34375,3008.75,36.6609,29,84.2,9.31,1.6,.392157,9.01961,6.18278,14.2196,3.19,-8.64409,1,8,0,0,14,74.902,0,0,1.792,0,185
1381,1831.720,14.4673,14.1258,14.5367,30,-3.90625,2.34375,3008.25,36.6609,29,84.2,9.39,1.6,0,9.01961,3.59829,14.2196,3.19,-8.78046,1,8,0,0,14,74.902,0,0,1.792,0,185
1382,1831.760,14.4248,14.1258,14.5367,30,-3.90625,2.34375,3015,36.6609,28.5,84.2,9.31,1.58,.392157,9.01961,3.19922,14.2196,3.19,-8.89807,1,8,0,0,14,0,0,0,1.792,0,185
1383,1831.800,14.508,14.1258,14.5367,30,-3.90625,2.34375,3020.25,36.6609,28,84.2,9.28,1.6,.392157,9.01961,3.19922,14.2196,3.19,-8.89807,1,8,0,0,14,0,0,0,1.792,0,185
1384,1831.840,14.5931,14.1258,14.5297,30,-4.6875,2.34375,3008.5,36.6609,27,84.2,8.99,1.58,.392157,8.62745,3.19922,14.2196,3.19,-8.84849,1,8,0,0,11,0,0,0,0,0,185
1385,1831.880,14.6782,14.1258,14.5367,30,-4.6875,2.34375,2998,36.6609,26.5,84.2,8.93,1.58,.392157,8.23529,3.19922,14.2196,3.19,-8.894,1,8,0,0,8,0,0,0,0,0,185
1386,1831.920,14.5931,14.3555,14.5367,30,-4.6875,2.34375,3003.5,36.6609,25.5,84.2,8.62,1.56,.392157,8.23529,3.19922,14.2196,3.19,-8.894,1,8,0,0,5,0,0,0,0,0,185
1387,1831.960,14.6356,14.5852,14.5367,30,-3.90625,2.34375,3022,36.6609,25,84.2,8.8,1.58,.392157,8.23529,3.19922,14.2196,3.19,-8.8934,1,8,0,0,2,0,0,0,0,0,185
1388,1832.000,14.6782,15.1594,14.5367,30,-1.5625,2.34375,3027.25,36.6609,24.5,84.2,8.62,1.56,.392157,8.23529,3.19922,14.2196,3.19,-8.8934,1,8,0,0,2,0,0,0,0,0,185
1389,1832.040,14.7613,16.0781,14.5297,30,1.5625,2.34375,3022.5,36.6609,23.5,84.2,8.68,1.58,0,8.23529,2.68354,14.2196,3.19,-8.85515,1,8,0,0,2,0,0,0,0,0,185
1390,1832.080,14.9296,16.6523,14.5367,30,3.90625,2.34375,2996.75,36.6609,23,84.2,8.56,1.56,0,8.23529,.133758,14.2196,3.19,-8.97268,1,8,0,0,2,0,0,0,0,0,185
1391,1832.120,15.3086,17.1117,14.5367,30,5.46875,2.34375,2999,36.6609,22.5,84.2,8.31,1.56,0,8.23529,0,14.2196,3.19,-8.97268,1,8,0,0,2,0,0,0,0,0,185
1392,1832.160,15.5194,17.3414,14.5367,30,6.25,2.34375,3016.25,36.6609,21.5,84.2,8.56,1.56,0,8.23529,0,14.2196,3.19,-9.01686,1,8,0,0,1,0,0,0,0,0,185
1393,1832.200,16.3627,17.4562,14.5297,30,6.25,2.34375,3028.25,36.6609,21,84.2,8.56,1.56,0,8.23529,0,14.2196,3.19,-8.98119,1,8,0,0,2,0,0,0,0,0,185
1394,1832.240,17.1633,17.2266,14.5297,30,7.03125,2.34375,3007,36.6609,20,84.2,8.08,1.54,0,8.23529,0,14.2196,3.19,-8.98119,1,8,0,0,2,0,0,0,0,0,185
1395,1832.280,18.0066,17.2266,12.6601,30,0,2.34375,2992.5,36.6609,20,84.2,8.1,1.56,0,8.23529,0,14.2196,3.045,-9.06847,1,8,0,0,2,0,0,0,0,0,185
1396,1832.320,18.8904,16.9969,12.6601,30,0,2.34375,2983.75,36.6609,20,84.2,8.25,1.54,0,8.23529,0,14.2196,3.045,-9.06847,1,8,0,0,2,0,0,0,0,0,185
1397,1832.360,19.0161,16.882,12.6601,30,0,2.34375,3007.75,36.0395,20,84.2,8.07,1.54,0,8.23529,0,14.2196,3.045,-9.04979,1,8,0,0,1,0,0,0,0,0,185
1398,1832.400,18.933,16.882,12.6547,30,0,2.34375,3023,36.0395,20,84.2,8.22,1.56,0,8.23529,0,14.2196,3.045,-8.96726,1,8,0,0,2,0,0,0,0,0,185
1399,1832.440,18.6371,17.2266,12.6547,30,0,2.34375,3020.25,36.6609,20,84.2,8.18,1.56,0,8.23529,0,14.2196,3.045,-8.96726,1,8,0,0,2,0,0,0,0,0,185
1400,1832.480,18.5113,17.6859,12.6547,30,0,2.34375,3000.75,36.6609,20,84.2,8.08,1.54,0,8.23529,0,14.2196,3.045,-9.00148,1,8,0,0,2,0,0,0,0,0,185
1401,1832.520,18.4688,18.2602,12.6547,30,0,2.34375,3006,36.6609,20,84.2,8.1,1.54,0,8.23529,0,14.2196,3.045,-9.03668,1,8,0,0,2,0,0,0,0,0,185
1402,1832.560,18.8904,19.0641,12.6547,30,0,2.34375,3040.75,36.6609,20,84.2,8.05,1.54,0,8.23529,0,14.2196,3.045,-9.03668,1,8,0,0,2,0,0,0,0,0,185
1403,1832.600,19.8168,19.7531,12.6547,30,0,2.34375,3046.25,36.6609,20,84.2,8.05,1.54,0,8.23529,0,14.2196,3.045,-8.97938,1,8,0,0,2,0,0,0,0,0,185
1404,1832.640,20.0701,20.3273,12.6547,30,0,2.34375,3036.25,36.6609,20,84.2,8.07,1.54,0,8.23529,0,14.2196,3.045,-8.97938,1,8,0,0,2,0,0,0,0,0,185
1405,1832.680,20.0701,20.3273,12.6547,30,0,2.34375,3009.25,36.6609,20,84.2,8.05,1.54,0,8.23529,0,14.2196,3.045,-8.96232,1,8,0,0,2,0,0,0,0,0,185
1406,1832.720,20.1127,20.3273,12.6601,29,0,2.34375,2982.75,36.6609,20,84.2,8.1,1.54,0,8.23529,0,14.2196,3.045,-9.07219,1,8,0,0,2,0,0,0,0,0,185
1407,1832.760,20.1552,20.3273,12.6601,29,0,2.34375,2993,36.0395,20,84.2,8.1,1.54,0,8.23529,0,14.2196,3.045,-9.07219,1,8,0,0,1,0,0,0,0,0,185
1408,1832.800,20.0701,20.3273,12.6601,29,0,2.34375,3005.5,36.0395,20,84.2,8.05,1.56,1.17647,8.23529,12.2447,14.2196,3.045,-9.06913,1,8,0,0,1,0,0,0,1.792,0,185
1409,1832.840,20.1959,20.3273,12.6601,29,0,2.34375,2977.5,36.0395,21,84.2,8.56,1.56,.784314,9.01961,14.2005,14.2196,3.045,-8.53002,1,8,0,0,1,74.902,0,0,1.792,0,185
1410,1832.880,19.6911,20.3273,12.6601,29,0,2.34375,2946.5,36.0395,21,84.2,8.93,1.6,0,9.01961,11.7005,14.2196,3.045,-8.53002,1,8,0,0,2,74.902,0,0,1.792,0,185
1411,1832.920,19.7762,20.3273,12.6601,29,0,2.34375,2985.25,36.0395,20.5,84.2,9.42,1.62,0,9.01961,9.20052,14.2196,3.045,-8.70331,1,8,0,0,2,0,0,0,1.792,0,185
1412,1832.960,19.6911,20.3273,12.6601,29,0,2.34375,2992,36.0395,20,84.2,9.39,1.6,0,9.01961,6.69278,14.2196,3.045,-8.70331,1,8,0,0,1,0,0,0,1.792,0,185
1413,1833.000,19.6485,20.3273,12.6601,29,0,2.34375,2976.25,36.0395,20,84.2,9.11,1.58,.784314,9.01961,7.06289,14.2196,3.045,-8.77207,1,8,0,0,1,0,0,0,1.792,0,185
1414,1833.040,19.6911,20.3273,12.6601,29,0,2.34375,2960,36.0395,21,84.2,9.28,1.6,0,9.01961,4.56289,14.2196,3.045,-8.8878,1,8,0,0,2,74.902,0,0,1.792,0,185
1415,1833.080,19.6911,20.3273,12.6601,29,0,2.34375,2984.75,36.0395,20.5,84.2,9.39,1.6,0,8.62745,2.06289,14.2196,3.045,-8.8878,1,8,0,0,3,74.902,0,0,2.048,0,185
1416,1833.120,19.6911,20.3273,12.6601,29,0,2.34375,3013.75,36.0395,20,84.2,9.05,1.58,.392157,8.62745,3.19922,14.2196,3.045,-9.02759,1,8,0,0,2,0,0,0,1.792,0,185
1417,1833.160,18.5964,20.3273,12.6547,29,0,2.34375,3029.75,36.0395,20,84.2,8.93,1.58,.392157,8.62745,3.19922,14.2196,3.045,-8.88846,1,8,0,0,1,0,0,0,2.048,0,185
1418,1833.200,16.0262,20.0977,12.6547,29,0,2.34375,3019.25,36.0395,20,84.2,8.93,1.58,0,8.62745,.589578,14.2196,3.045,-8.88846,1,8,0,0,2,0,0,0,1.792,0,185
1419,1833.240,14.3823,18.7195,12.6601,29,0,2.34375,3002,36.0395,20,84.2,8.8,1.58,0,8.23529,0,14.2196,3.045,-9.05713,1,8,0,0,2,0,0,0,0,0,185
1420,1833.280,13.6667,17.6859,12.6601,29,0,2.34375,2978,36.0395,20,84.2,8.49,1.56,.392157,8.23529,3.19922,14.2196,3.045,-9.05713,1,8,0,0,2,0,0,0,0,0,185
1421,1833.320,13.4133,16.6523,12.6601,29,0,2.34375,2974.25,36.0395,20.5,84.2,8.25,1.56,.784314,8.23529,8.79335,14.2196,3.045,-8.96942,1,8,0,0,1,0,0,0,1.792,0,185
1422,1833.360,13.0343,15.6187,12.6601,29,0,2.34375,2996.5,36.0395,21.5,84.2,8.18,1.56,1.17647,8.62745,10.521,14.2196,3.045,-8.74639,1,8,0,0,3,74.902,0,0,1.792,0,185
1423,1833.400,12.9492,14.8148,12.6601,29,0,2.34375,3025,36.0395,22,84.2,8.49,1.56,1.56863,9.01961,13.9501,14.2196,3.045,-8.74639,1,8,0,0,6,74.902,0,0,1.792,0,185
1424,1833.440,13.1174,14.2406,14.5297,29,0,2.34375,3019.25,36.0395,22.5,84.2,9.05,1.58,1.56863,9.01961,13.9489,14.2196,3.045,-8.43378,1,8,0,0,9,74.902,0,0,1.792,0,185
1425,1833.480,13.3282,13.7813,14.5367,29,-.78125,2.34375,2996,36.0395,23.5,84.2,9.36,1.6,1.17647,9.01961,11.4091,14.2196,3.045,-8.60376,1,8,0,0,12,74.902,0,0,1.792,0,185
1426,1833.520,13.0768,13.3219,14.5367,29,-.78125,2.34375,2974.75,36.0395,24,84.2,9.36,1.6,1.17647,9.01961,10.5241,14.2196,3.045,-8.60376,1,8,0,0,14,74.902,0,0,1.792,0,185
1427,1833.560,12.9085,12.9773,14.5367,29,-.78125,2.34375,2964,36.0395,24.5,84.2,9.36,1.6,1.17647,9.01961,11.2524,14.2196,3.045,-8.73748,1,8,0,0,15,74.902,0,0,1.792,0,185
1428,1833.600,12.9492,13.207,14.5367,29,-1.5625,2.34375,2985.25,36.0395,25.5,84.2,9.28,1.6,1.17647,9.01961,12.2548,14.2196,3.045,-8.64988,1,8,0,0,15,74.902,0,0,1.792,0,185
1429,1833.640,13.4984,13.4367,14.5367,29,-1.5625,2.34375,3011.5,36.0395,26,84.2,9.42,1.6,1.17647,9.01961,12.2338,14.2196,3.045,-8.64988,1,8,0,0,15,74.902,0,0,1.792,0,185
1430,1833.680,13.7073,13.5516,14.5367,29,-2.34375,2.34375,3015.25,36.0395,26.5,84.2,9.42,1.6,1.56863,9.01961,13.9531,14.2196,3.045,-8.45765,1,8,0,0,15,74.902,0,0,1.792,0,185
1431,1833.720,13.8775,13.6664,14.5367,29,-2.34375,2.34375,3003.25,36.0395,27.5,84.2,9.42,1.6,1.17647,9.01961,13.445,14.2196,3.045,-8.45765,1,8,0,0,15,74.902,0,0,1.792,0,185
1432,1833.760,14.0883,13.8961,14.5367,29,-2.34375,2.34375,2985.75,36.0395,28,84.2,9.42,1.6,1.17647,9.01961,11.7281,14.2196,3.045,-8.52787,1,8,0,0,15,74.902,0,0,1.792,0,185
1433,1833.800,14.1289,13.8961,14.5367,29,-2.34375,2.34375,2979.25,36.0395,29,84.2,9.42,1.6,.784314,9.41177,10.0068,14.2196,3.045,-8.68445,1,8,0,0,15,74.902,0,0,1.792,0,185
1434,1833.840,14.1714,13.8961,14.5367,29,-2.34375,2.34375,2984,36.0395,29,84.2,9.36,1.6,.784314,9.01961,8.78281,14.2196,3.045,-8.68445,1,8,0,0,15,74.902,0,0,1.792,0,185
1435,1833.880,14.3397,14.0109,14.5367,29,-3.125,2.34375,2993.75,36.0395,29,84.2,9.39,1.6,.784314,9.01961,7.77369,14.2196,3.045,-8.72748,1,8,0,0,15,74.902,0,0,1.792,0,185
1436,1833.920,14.3823,14.0109,14.5367,29,-3.125,2.34375,2992.25,36.0395,29,84.2,9.46,1.6,.784314,9.01961,8.77969,14.2196,3.045,-8.72158,1,8,0,0,15,74.902,0,0,1.792,0,185
1437,1833.960,14.3397,14.0109,14.5367,29,-3.125,2.34375,2984,36.0395,29,84.2,9.17,1.6,1.17647,9.01961,10.5099,14.2196,3.045,-8.72158,1,8,0,0,15,74.902,0,0,1.792,0,185
1438,1834.000,14.3823,14.0109,14.5367,29,-3.125,2.34375,2978,36.0395,29,84.2,9.36,1.6,1.17647,9.01961,10.5125,14.2196,3.045,-8.65419,1,8,0,0,15,74.902,0,0,1.792,0,185
1439,1834.040,14.3823,14.0109,14.5367,29,-3.125,2.34375,2975.5,36.0395,29,84.2,9.39,1.6,1.17647,9.01961,12.2434,14.2196,3.045,-8.65419,1,8,0,0,15,74.902,0,0,1.792,0,185
1440,1834.080,13.9181,14.0109,14.5367,29,-3.125,2.34375,2979.5,36.0395,29,84.2,9.28,1.6,1.56863,9.01961,13.9693,14.2196,3.045,-8.59236,1,8,0,0,15,74.902,0,0,1.792,0,185
1441,1834.120,13.8349,14.0109,14.5367,29,-3.90625,2.34375,2985.25,36.0395,29,84.2,9.36,1.6,1.96078,9.01961,15.6918,14.2196,3.045,-8.428,1,8,0,0,15,74.902,0,0,1.792,0,185
1442,1834.160,13.8775,13.8961,14.5367,29,-3.90625,2.34375,2983.75,36.0395,29,84.2,9.28,1.6,1.96078,9.41177,15.6929,14.2196,3.045,-8.428,1,8,0,0,15,74.902,0,0,1.792,0,185
1443,1834.200,13.7924,13.8961,14.5367,29,-3.90625,2.34375,2977.75,36.0395,29,84.2,9.29,1.6,1.96078,9.41177,17.4287,14.2196,3.045,-8.47503,1,8,0,0,15,74.902,0,0,1.792,0,185
1444,1834.240,13.7924,13.8961,14.5367,29,-3.90625,2.34375,2983,36.0395,29,84.2,9.67,1.62,2.35294,9.80392,19.15,14.2196,3.045,-8.47503,1,8,0,0,15,74.902,0,0,1.792,0,185
1445,1834.280,13.7498,13.8961,14.5367,29,-4.6875,2.34375,2989.5,36.0395,29,84.2,10.36,1.66,2.35294,10.1961,19.1396,14.2196,3.045,-8.32998,1,8,0,0,15,74.902,0,0,1.792,0,185
1446,1834.320,13.7073,13.8961,14.5367,29,-4.6875,2.34375,2992.25,36.0395,29,84.2,10.71,1.66,2.35294,10.1961,19.135,14.2196,3.19,-8.26836,1,8,0,0,15,74.902,0,0,1.792,0,185
1447,1834.360,13.6667,14.0109,14.5367,29,-4.6875,2.34375,2991,36.0395,29,84.2,10.57,1.66,2.35294,10.1961,19.1369,14.2196,3.19,-8.26836,1,8,0,0,15,74.902,0,0,1.792,0,185
1448,1834.400,13.8349,14.1258,14.5367,29,-4.6875,2.34375,2986.5,36.0395,29,84.2,10.36,1.66,2.35294,10.1961,19.1432,14.2196,3.19,-8.27852,1,8,0,0,15,74.902,0,0,1.792,0,185
1449,1834.440,14.2972,14.3555,14.5017,29,-4.6875,2.34375,2978.5,36.0395,29,84.2,10.71,1.66,2.35294,10.1961,19.155,14.2196,3.19,-8.29327,1,8,0,0,15,74.902,0,0,1.792,0,185
1450,1834.480,14.2565,14.4703,14.5017,29,-4.6875,2.34375,2980.75,36.0395,29,84.2,10.78,1.66,2.35294,10.1961,19.1514,14.2196,3.19,-8.29327,1,8,0,0,15,74.902,0,0,1.792,0,185
1451,1834.520,14.6356,14.4703,14.4948,29,-3.90625,2.34375,2986.5,36.0395,29,84.2,10.57,1.66,2.35294,10.1961,19.142,14.2196,3.19,-8.32459,1,8,0,0,15,74.902,0,0,1.792,0,185
1452,1834.560,14.8039,14.5852,14.4948,29,-3.90625,2.34375,2991.5,36.0395,29,84.2,10.86,1.66,1.96078,10.1961,17.1188,14.2196,3.19,-8.32459,1,8,0,0,15,74.902,0,0,1.792,0,185
1453,1834.600,14.8039,14.5852,14.5017,29,-3.90625,2.34375,2985,36.0395,29,84.2,10.5,1.66,1.96078,9.80392,16.4038,14.2196,3.19,-8.39092,1,8,0,0,15,74.902,0,0,1.792,0,185
1454,1834.640,15.0572,14.5852,14.5017,29,-3.90625,2.34375,2986,36.0395,29,84.2,10.08,1.64,1.96078,9.80392,15.6861,14.2196,3.19,-8.46212,1,8,0,0,15,74.902,0,0,1.792,0,185
1455,1834.680,15.0978,14.4703,14.5017,29,-3.90625,2.34375,2980.5,36.0395,29,84.2,9.91,1.62,1.56863,9.41177,14.6889,14.2196,3.19,-8.46212,1,8,0,0,15,74.902,0,0,1.792,0,185
1456,1834.720,15.0147,14.4703,14.5017,29,-4.6875,2.34375,2973.75,36.0395,29,84.2,9.63,1.62,1.56863,9.41177,13.9686,14.2196,3.19,-8.50417,1,8,0,0,15,74.902,0,0,1.792,0,185
1457,1834.760,15.0147,14.3555,14.5087,29,-4.6875,2.34375,2974.25,36.0395,29,84.2,9.49,1.62,1.56863,9.41177,13.9677,14.2196,3.19,-8.52775,1,8,0,0,15,74.902,0,0,1.792,0,185
1458,1834.800,14.9721,14.3555,14.5087,29,-4.6875,2.34375,2978,36.0395,29,84.2,9.46,1.62,.784314,9.41177,11.9549,14.2196,3.19,-8.52775,1,8,0,0,15,74.902,0,0,1.792,0,185
1459,1834.840,14.8464,14.2406,14.5367,29,-5.46875,2.34375,2978.5,36.0395,29,84.2,9.53,1.6,.784314,9.01961,9.45492,14.2196,3.19,-8.67155,1,8,0,0,15,74.902,0,0,1.792,0,185
1460,1834.880,14.8039,14.2406,14.5367,29,-5.46875,2.34375,2980.75,36.0395,29,84.2,9.42,1.6,1.17647,9.01961,10.503,14.2196,3.19,-8.68263,1,8,0,0,15,74.902,0,0,1.792,0,185
1461,1834.920,14.8039,14.1258,14.5367,29,-6.25,2.34375,2976,36.0395,29,84.2,9.36,1.6,.784314,9.01961,9.9975,14.2196,3.19,-8.68263,1,8,0,0,15,74.902,0,0,1.792,0,185
1462,1834.960,14.0457,14.1258,14.5367,29,-6.25,2.34375,2975.75,36.0395,29,84.2,9.39,1.62,.784314,9.01961,8.77484,14.2196,3.19,-8.75904,1,8,0,0,15,74.902,0,0,1.792,0,185
1463,1835.000,14.0883,14.1258,14.5367,29,-6.25,2.34375,2972.75,36.0395,29,84.2,9.42,1.6,.784314,9.01961,8.77533,14.2196,3.19,-8.75904,1,8,0,0,15,74.902,0,0,1.792,0,185
1464,1835.040,14.1289,14.1258,14.5367,29,-6.25,2.34375,2967,36.0395,29,84.2,9.28,1.58,1.17647,9.01961,10.5083,14.2196,3.19,-8.73717,1,8,0,0,15,74.902,0,0,1.792,0,185
1465,1835.080,14.1289,14.1258,14.5367,29,-6.25,2.34375,2975.5,36.0395,29,84.2,9.17,1.58,.784314,9.01961,9.99865,14.2196,3.19,-8.66994,1,8,0,0,15,74.902,0,0,1.792,0,185
1466,1835.120,14.0883,14.1258,14.5367,29,-7.03125,2.34375,2979.75,36.0395,29,84.2,9.05,1.58,.784314,9.01961,9.99392,14.2196,3.19,-8.66994,1,8,0,0,15,74.902,0,0,1.792,0,185
1467,1835.160,14.0883,14.1258,14.5367,29,-7.03125,2.34375,2980.75,36.0395,29,84.2,9.17,1.58,1.17647,9.01961,12.2293,14.2196,3.19,-8.70914,1,8,0,0,15,74.902,0,0,1.792,0,185
1468,1835.200,14.214,14.1258,14.5367,29,-7.03125,2.34375,2976.25,36.0395,29,84.2,9.11,1.58,1.96078,9.01961,16.8993,14.2196,3.19,-8.43822,1,8,0,0,15,74.902,0,0,1.792,0,185
1469,1835.240,14.1289,14.1258,14.5367,29,-7.8125,2.34375,2966.75,36.0395,29,84.2,9.17,1.6,1.17647,9.01961,14.3993,14.2196,3.19,-8.43822,1,8,0,0,15,74.902,0,0,1.792,0,185
1470,1835.280,14.1289,14.2406,14.5367,29,-7.8125,2.34375,2974.25,36.0395,29,84.2,9.36,1.6,.392157,9.01961,11.8993,14.2196,3.19,-8.61694,1,8,0,0,15,74.902,0,0,1.792,0,185
1471,1835.320,14.3823,14.2406,14.5367,29,-7.8125,2.34375,2981.25,36.0395,29,84.2,9.36,1.6,1.17647,9.01961,12.218,14.2196,3.19,-8.61694,1,8,0,0,15,74.902,0,0,1.792,0,185
1472,1835.360,14.0032,14.3555,14.5367,29,-7.03125,2.34375,2982.5,36.0395,29,84.2,9.31,1.6,1.96078,9.41177,16.4132,14.2196,3.19,-8.50638,1,8,0,0,15,74.902,0,0,1.792,0,185
1473,1835.400,14.1714,14.3555,14.5367,30,-7.03125,2.34375,2962.75,36.0395,29,84.2,9.49,1.62,.392157,9.41177,13.9132,14.2196,3.19,-8.51923,1,8,0,0,15,74.902,0,0,1.792,0,185
1474,1835.440,14.2972,14.4703,14.5367,30,-7.03125,2.34375,2953.5,36.0395,29,84.2,9.63,1.62,0,9.41177,11.4132,14.2196,3.19,-8.51923,1,8,0,0,15,74.902,0,0,1.792,0,185
1475,1835.480,14.3823,14.5852,14.5367,30,-7.03125,2.34375,2943.5,36.0395,29,84.2,9.63,1.62,1.96078,9.41177,15.7084,14.2196,3.19,-8.72903,1,8,0,0,13,0,0,0,1.792,0,185
1476,1835.520,14.5505,14.5852,14.5367,30,-7.03125,2.34375,2962.5,36.0395,29,84.2,9.7,1.62,1.96078,9.41177,16.4531,14.2196,3.19,-8.49026,1,8,0,0,7,74.902,0,0,1.792,0,185
1477,1835.560,14.5505,14.7,14.5367,30,-6.25,2.34375,2976.75,36.0395,29,84.2,9.63,1.62,1.96078,9.41177,17.403,14.2196,3.19,-8.49026,1,8,0,0,6,74.902,0,0,1.792,0,185
1478,1835.600,14.6356,14.7,14.5367,30,-6.25,2.34375,2984,36.0395,29,84.2,9.63,1.62,1.96078,9.41177,15.662,14.2196,3.19,-8.4391,1,8,0,0,8,74.902,0,0,1.792,0,185
1479,1835.640,14.508,14.7,14.5367,30,-6.25,2.34375,2982.75,36.0395,29,84.2,9.63,1.62,1.96078,9.41177,15.6645,14.2196,3.19,-8.4391,1,8,0,0,10,74.902,0,0,1.792,0,185
1480,1835.680,14.6356,14.7,14.5367,30,-6.25,2.34375,2969,36.0395,29,84.2,9.6,1.62,1.56863,9.41177,13.9465,14.2196,3.19,-8.49246,1,8,0,0,12,74.902,0,0,1.792,0,185
1481,1835.720,14.5931,14.5852,14.5367,30,-6.25,2.34375,2963.75,36.0395,29,84.2,9.63,1.62,1.17647,9.41177,13.4654,14.2196,3.19,-8.5504,1,8,0,0,14,74.902,0,0,1.792,0,185
1482,1835.760,14.5931,14.5852,14.5367,30,-6.25,2.34375,2959,36.0395,29,84.2,9.56,1.62,1.17647,9.41177,12.2282,14.2196,3.19,-8.5504,1,8,0,0,15,74.902,0,0,1.792,0,185
1483,1835.800,14.6356,14.5852,14.5367,30,-6.25,2.34375,2978,36.0395,29,84.2,9.53,1.62,1.17647,9.41177,12.9583,14.2196,3.19,-8.63095,1,8,0,0,15,74.902,0,0,1.792,0,185
1484,1835.840,14.5505,14.5852,14.5367,30,-6.25,2.34375,2979.5,36.0395,29,84.2,9.49,1.6,1.17647,9.01961,12.2239,14.2196,3.19,-8.61811,1,8,0,0,15,74.902,0,0,1.792,0,185
1485,1835.880,14.5505,14.5852,14.5367,30,-6.25,2.34375,2977.5,36.0395,29,84.2,9.36,1.6,1.17647,9.01961,12.9535,14.2196,3.19,-8.61811,1,8,0,0,15,74.902,0,0,1.792,0,185
1486,1835.920,14.6356,14.5852,14.5367,30,-6.25,2.34375,2981.75,36.0395,29,84.2,9.28,1.6,1.56863,9.01961,13.9503,14.2196,3.19,-8.58312,1,8,0,0,15,74.902,0,0,1.792,0,185
1487,1835.960,14.6782,14.5852,14.5367,30,-6.25,2.34375,2986,36.0395,29,84.2,9.42,1.6,1.17647,9.01961,12.9475,14.2196,3.19,-8.58312,1,8,0,0,15,74.902,0,0,1.792,0,185
1488,1836.000,14.6356,14.5852,14.5367,30,-6.25,2.34375,2975,36.0395,29,84.2,9.39,1.6,.784314,9.01961,10.4475,14.2196,3.19,-8.64293,1,8,0,0,15,74.902,0,0,1.792,0,185
1489,1836.040,14.6356,14.5852,14.5367,30,-6.25,2.34375,2974.75,36.0395,29,84.2,9.24,1.6,1.17647,9.01961,10.4952,14.2196,3.19,-8.8061,1,8,0,0,15,74.902,0,0,1.792,0,185
1490,1836.080,14.5505,14.4703,14.5367,30,-7.03125,2.34375,2974.75,36.0395,29,84.2,9.39,1.6,1.17647,9.01961,12.225,14.2196,3.19,-8.8061,1,8,0,0,15,74.902,0,0,1.792,0,185
1491,1836.120,14.4673,14.4703,14.5367,30,-7.03125,2.34375,2971.5,36.0395,29,84.2,9.36,1.6,1.17647,9.01961,10.4961,14.2196,3.19,-8.65333,1,8,0,0,15,74.902,0,0,1.792,0,185
1492,1836.160,14.3823,14.4703,14.5367,30,-7.03125,2.34375,2964.25,36.0395,29,84.2,9.42,1.6,.784314,9.01961,8.76705,14.2196,3.19,-8.79502,1,8,0,0,15,74.902,0,0,1.792,0,185
1493,1836.200,14.4248,14.3555,14.5367,30,-7.03125,2.34375,2958,35.4182,29,84.2,9.36,1.6,1.17647,9.01961,10.502,14.2196,3.19,-8.79502,1,8,0,0,15,74.902,0,0,1.792,0,185
1494,1836.240,14.4248,14.3555,14.5367,30,-7.03125,2.34375,2962.75,35.4182,29,84.2,9.39,1.6,1.96078,9.01961,17.4298,14.2196,3.19,-8.52238,1,8,0,0,15,74.902,0,0,1.792,0,185
1495,1836.280,14.3823,14.4703,14.5367,30,-7.03125,2.34375,2972.75,35.4182,29,84.2,9.31,1.6,1.96078,9.01961,17.4396,14.2196,3.19,-8.52238,1,8,0,0,15,74.902,0,0,1.792,0,185
1496,1836.320,14.6356,14.4703,14.5367,30,-7.03125,2.34375,2969.75,35.4182,29,84.2,9.49,1.62,1.96078,9.41177,15.7,14.2196,3.19,-8.47852,1,8,0,0,15,74.902,0,0,1.792,0,185
1497,1836.360,14.4248,14.4703,14.5367,30,-7.03125,2.34375,2963.75,36.0395,29,84.2,9.63,1.62,1.96078,9.41177,17.4476,14.2196,3.19,-8.48714,1,8,0,0,15,74.902,0,0,1.792,0,185
1498,1836.400,14.4673,14.4703,14.5367,30,-7.03125,2.34375,2967.25,36.0395,29,84.2,9.77,1.64,2.35294,9.80392,19.1734,14.2196,3.19,-8.48714,1,8,0,0,15,74.902,0,0,1.792,0,185
1499,1836.440,14.4673,14.4703,14.5367,30,-7.03125,2.34375,2970.5,36.0395,29,84.2,10.36,1.66,1.96078,9.80392,18.1552,14.2196,3.19,-8.40626,1,8,0,0,15,74.902,0,0,1.792,0,185
1500,1836.480,14.3823,14.4703,14.5367,30,-7.03125,2.34375,2974,36.0395,29,84.2,10.29,1.66,1.56863,9.80392,15.6552,14.2196,3.19,-8.49528,1,8,0,0,15,74.902,0,0,1.792,0,185
1501,1836.520,14.4673,14.4703,14.5367,30,-7.03125,2.34375,2974,35.4182,29,84.2,10.22,1.66,2.35294,9.80392,19.1628,14.2196,3.19,-8.49528,1,8,0,0,15,74.902,0,0,1.792,0,185
1502,1836.560,14.9721,14.5852,14.5367,30,-7.03125,2.34375,2972.5,35.4182,29,84.2,10.01,1.64,2.7451,9.80392,20.8959,14.2196,3.19,-8.28741,1,8,0,0,15,74.902,0,0,1.792,0,185
1503,1836.600,15.1404,14.7,14.5367,30,-6.25,2.34375,2962.25,35.4182,29,84.2,10.15,1.66,2.7451,9.80392,20.9163,14.2196,3.19,-8.28741,1,8,0,0,15,74.902,0,0,1.792,0,185
1504,1836.640,15.1404,14.7,14.5367,30,-6.25,2.34375,2945.75,35.4182,29,84.2,10.15,1.66,2.35294,10.1961,19.1843,14.2196,3.19,-8.33419,1,8,0,0,14,74.902,0,0,1.792,0,185
1505,1836.680,15.1829,14.8148,14.5367,30,-6.25,2.34375,2942.75,35.4182,29,84.2,10.57,1.66,2.35294,10.1961,19.1885,14.2196,3.19,-8.40266,1,8,0,0,14,74.902,0,0,1.792,0,185
1506,1836.720,15.268,14.9297,14.5367,30,-5.46875,2.34375,2952.75,35.4182,29,84.2,10.29,1.66,2.35294,10.1961,19.1729,14.2196,3.19,-8.40266,1,8,0,0,14,74.902,0,0,1.792,0,185
1507,1836.760,15.268,14.9297,14.5367,30,-5.46875,2.34375,2956,35.4182,29,84.2,10.71,1.66,2.7451,10.1961,20.9015,14.2196,3.19,-8.32747,1,8,0,0,14,74.902,0,0,1.792,0,185
1508,1836.800,15.3512,14.9297,14.5087,30,-5.46875,2.34375,2952.25,35.4182,29,84.2,10.86,1.68,2.35294,10.5882,19.3738,14.2196,3.335,-8.4006,1,8,0,0,14,74.902,0,0,1.792,0,185
1509,1836.840,15.3086,14.9297,14.5087,30,-5.46875,2.34375,2937.25,35.4182,29,84.2,11,1.68,2.35294,10.5882,19.1955,14.2196,3.335,-8.4006,1,8,0,0,15,74.902,0,0,1.792,0,185
1510,1836.880,15.2255,14.8148,14.5157,30,-4.6875,2.34375,2939.25,35.4182,29,84.2,11.17,1.68,2.7451,10.1961,20.9293,14.2196,3.335,-8.43918,1,8,0,0,14,74.902,0,0,1.792,0,185
1511,1836.920,15.1404,14.8148,14.5157,30,-4.6875,2.34375,2951.25,35.4182,29,84.2,11.17,1.68,2.7451,10.1961,20.9083,14.2196,3.335,-8.43918,1,8,0,0,15,74.902,0,0,1.792,0,185
1512,1836.960,15.2255,14.8148,14.5017,30,-4.6875,2.34375,2949.5,35.4182,29,84.2,11,1.68,2.35294,10.1961,19.909,14.2196,3.335,-8.30534,1,8,0,0,15,74.902,0,0,1.792,0,185
1513,1837.000,15.1829,14.8148,14.5017,30,-4.6875,2.34375,2948.75,35.4182,29,84.2,11.03,1.68,2.7451,10.1961,20.912,14.2196,3.335,-8.38124,1,8,0,0,15,74.902,0,0,1.792,0,185
1514,1837.040,15.0978,14.7,14.5017,30,-4.6875,2.34375,2941.5,35.4182,29,84.2,11.13,1.68,2.7451,10.1961,20.8963,14.2196,3.335,-8.38124,1,8,0,0,15,74.902,0,0,1.792,0,185
1515,1837.080,15.1404,14.5852,14.5017,30,-4.6875,2.34375,2930.5,35.4182,29,84.2,11,1.68,2.7451,10.1961,20.9171,14.2196,3.335,-8.33961,1,8,0,0,15,74.902,0,0,1.792,0,185
1516,1837.120,15.1404,14.5852,14.4948,30,-5.46875,2.34375,2923,35.4182,29,84.2,10.78,1.66,3.52941,10.1961,26.1423,14.2196,3.335,-8.20188,1,8,0,0,15,74.902,0,0,1.792,0,185
1517,1837.160,15.0572,14.4703,14.4948,30,-5.46875,2.34375,2927.5,35.4182,29,84.2,11.15,1.7,5.09804,11.7647,38.2995,14.2196,3.335,-8.20188,1,8,0,0,15,74.902,0,0,1.792,0,185
1518,1837.200,15.0978,14.3555,14.5017,30,-5.46875,2.34375,2952.75,35.4182,29,84.2,13.33,1.8,5.88235,13.3333,43.4255,14.2196,3.48,-7.46957,1,8,0,0,15,74.902,0,0,2.048,0,185
1519,1837.240,14.9296,14.2406,14.5017,30,-6.25,2.34375,2979,35.4182,29,84.2,15.91,1.86,5.88235,13.7255,41.564,14.2196,3.77,-7.46957,1,8,0,0,15,74.902,0,0,2.048,0,185
1520,1837.280,14.887,13.8961,14.154,30,-6.25,2.34375,2993.75,35.4182,29,84.2,16.45,1.88,5.88235,13.7255,41.5467,14.2196,4.06,-7.44537,1,8,0,0,15,74.902,0,0,2.048,0,185
1521,1837.320,14.7613,13.7813,14.3019,30,-5.46875,2.34375,2970.25,35.4182,29,84.2,16.68,1.88,5.88235,13.7255,43.3761,14.2196,4.205,-7.41229,1,8,0,0,15,74.902,0,0,2.304,0,185
1522,1837.360,14.508,13.8961,14.3019,30,-5.46875,2.34375,2943.75,35.4182,29,84.2,16.6,1.88,5.4902,13.7255,40.8761,14.2196,4.35,-7.41229,1,8,0,0,15,74.902,0,0,2.304,0,185
1523,1837.400,14.4673,14.2406,14.2748,30,-4.6875,2.34375,2942.75,35.4182,28.5,84.2,16.91,1.88,5.09804,13.3333,38.3761,14.2196,4.495,-7.61079,1,8,0,0,15,74.902,0,0,2.304,0,185
1524,1837.440,14.4248,14.5852,14.2681,30,-3.125,2.34375,2952.75,35.4182,28.5,84.2,16.52,1.88,5.88235,13.3333,43.4517,14.2196,4.495,-7.43653,1,8,0,0,15,74.902,0,0,2.56,0,185
1525,1837.480,14.7613,14.9297,14.2681,30,-2.34375,2.34375,2961.75,35.4182,28.5,84.2,16.06,1.88,7.45098,13.3333,53.8081,14.2196,4.495,-7.43653,1,8,0,0,16,74.902,0,0,2.56,0,185
1526,1837.520,15.2255,14.9297,14.2816,30,-1.5625,2.34375,2959.75,35.4182,28.5,84.2,17.22,1.92,8.62745,14.902,65.6981,14.2196,4.495,-6.62934,1,8,0,0,16,74.902,0,0,2.56,0,185
1527,1837.560,15.3086,14.8148,14.2816,30,-2.34375,2.34375,2948.5,35.4182,28.5,84.2,19.84,2,8.62745,15.6863,65.7632,14.2196,4.64,-6.62934,1,8,0,0,16,74.902,0,0,2.56,0,185
1528,1837.600,15.0978,14.5852,14.2478,30,-3.125,2.34375,2945.25,35.4182,28.5,84.2,21.16,2.02,8.62745,15.6863,63.1345,14.2196,5.075,-6.70403,1,8,0,0,16,74.902,0,0,2.816,0,185
1529,1837.640,14.7188,14.5852,14.1407,30,-3.125,2.34375,2959.25,35.4182,28.5,84.2,21.16,2.02,8.62745,15.6863,63.0648,14.2196,5.22,-6.67863,1,8,0,0,16,74.902,0,0,2.816,0,185
1530,1837.680,14.6782,14.5852,14.1407,30,-2.34375,2.34375,2966.25,35.4182,28.5,84.2,20.99,2.02,8.23529,15.2941,60.2764,14.2196,5.365,-6.67863,1,8,0,0,16,74.902,0,0,2.816,0,185
1531,1837.720,15.0978,14.7,14.1275,30,-2.34375,2.34375,2969,35.4182,28.5,84.2,20.22,1.98,6.66667,14.902,46.9073,14.2196,5.365,-6.95217,1,8,0,0,17,74.902,0,0,2.816,0,185
1532,1837.760,15.1404,14.7,14.154,30,-1.5625,2.34375,2962.75,35.4182,28.5,84.2,18.7,1.94,4.31373,14.1176,43,14.2196,5.365,-7.42998,1,8,0,0,17,74.902,0,0,2.816,0,185
1533,1837.800,15.0572,14.7,14.154,30,-1.5625,2.34375,2961,35.4182,28.5,84.2,17.44,1.9,3.52941,13.3333,40.5,14.2196,5.22,-7.42998,1,8,0,0,17,74.902,0,0,2.816,0,185
1534,1837.840,15.0147,14.4703,14.2343,30,-3.125,2.34375,2963.25,35.4182,28.5,84.2,16.98,1.88,3.92157,13.3333,38,14.2196,5.075,-7.59467,1,8,0,0,17,74.902,0,0,2.816,0,185
1535,1837.880,14.5931,14.0109,14.2343,30,-3.90625,2.34375,2968,35.4182,28.5,84.2,16.52,1.88,4.31373,12.9412,35.5,14.2196,4.93,-7.59467,1,8,0,0,17,74.902,0,0,2.56,0,185
1536,1837.920,14.214,13.6664,14.3224,30,-5.46875,2.34375,2969.75,35.4182,28.5,84.2,15.75,1.84,3.92157,12.9412,33,14.2196,4.785,-7.73733,1,8,0,0,17,74.902,0,0,2.56,0,185
1537,1837.960,13.8775,13.4367,14.3839,30,-7.03125,2.34375,2963.5,36.0395,28.5,84.2,15.25,1.84,3.92157,12.549,30.5,14.2196,4.785,-7.90131,1,8,0,0,18,74.902,0,0,2.56,0,185
1538,1838.000,13.6667,13.3219,14.3839,30,-7.8125,2.34375,2950,36.0395,28.5,84.2,14.57,1.82,4.31373,12.1569,31.3116,14.2196,4.64,-7.90131,1,8,0,0,18,74.902,0,0,2.304,0,185
1539,1838.040,13.6241,13.3219,14.453,30,-9.375,2.34375,2958.75,36.0395,29,84.2,14.31,1.8,4.31373,12.1569,31.2857,14.2196,4.495,-7.87479,1,8,0,0,17,74.902,0,0,2.304,0,185
1540,1838.080,13.2451,13.4367,14.5367,30,-9.375,2.34375,2962,36.0395,29,84.2,14.22,1.8,3.92157,12.1569,30.7327,14.2196,4.495,-7.92352,1,8,0,0,17,74.902,0,0,2.304,0,185
1541,1838.120,13.3708,13.5516,14.5367,30,-10.1563,2.34375,2960.25,36.0395,29,84.2,14.05,1.8,3.13725,12.1569,28.2327,14.2196,4.35,-7.92352,1,8,0,0,17,74.902,0,0,2.304,0,185
1542,1838.160,13.539,13.7813,14.5367,30,-10.1563,2.34375,2957,36.0395,29,84.2,14.05,1.8,2.7451,11.7647,25.7327,14.2196,4.35,-8.09342,1,8,0,0,17,74.902,0,0,2.304,0,185
1543,1838.200,13.6667,13.8961,14.5367,30,-9.375,2.34375,2950.25,35.4182,29,84.2,12.53,1.76,2.7451,10.9804,23.2327,14.2196,4.205,-8.09342,1,8,0,0,17,74.902,0,0,2.048,0,185
1544,1838.240,13.8775,14.1258,14.5367,30,-9.375,2.34375,2951,35.4182,29,84.2,11.87,1.72,2.7451,10.5882,22.6314,14.2196,4.205,-8.23918,1,8,0,0,17,74.902,0,0,2.048,0,185
1545,1838.280,14.0883,14.3555,14.5931,30,-9.375,2.34375,2953.5,35.4182,29,84.2,11.47,1.7,2.7451,10.5882,22.6263,14.2196,4.06,-8.23642,1,8,0,0,17,74.902,0,0,2.048,0,185
1546,1838.320,14.2565,14.3555,14.5931,30,-8.59375,2.34375,2949.75,35.4182,29,84.2,11.47,1.72,2.7451,10.5882,22.6331,14.2196,3.915,-8.23642,1,8,0,0,16,74.902,0,0,2.048,0,185
1547,1838.360,14.4248,14.4703,14.6073,30,-8.59375,2.34375,2948.5,35.4182,29,84.2,11.38,1.7,2.7451,10.5882,22.6099,14.2196,3.77,-8.24386,1,8,0,0,16,74.902,0,0,2.048,0,185
1548,1838.400,14.6782,14.4703,14.6002,30,-9.375,2.34375,2940.75,35.4182,29,84.2,11.38,1.7,3.13725,10.5882,24.3614,14.2196,3.77,-8.23113,1,8,0,0,16,74.902,0,0,2.048,0,185
1549,1838.440,14.2565,14.4703,14.6002,30,-9.375,2.34375,2932,35.4182,29,84.2,11.53,1.72,3.13725,10.9804,24.3677,14.2196,3.77,-8.23113,1,8,0,0,16,74.902,0,0,2.048,0,185
1550,1838.480,14.214,14.4703,14.579,30,-9.375,2.34375,2930,35.4182,29,84.2,11.53,1.72,2.7451,10.9804,22.6394,14.2196,3.77,-8.29128,1,8,0,0,15,74.902,0,0,2.048,0,185
1551,1838.520,14.2972,14.5852,14.579,30,-8.59375,2.34375,2929,35.4182,29,84.2,11.65,1.72,1.96078,10.9804,20.1394,14.2196,3.77,-8.29128,1,8,0,0,15,74.902,0,0,2.048,0,185
1552,1838.560,14.3823,14.5852,14.5438,30,-8.59375,2.34375,2930.25,35.4182,29,84.2,11.53,1.72,1.17647,10.1961,17.6394,14.2196,3.77,-8.4493,1,8,0,0,15,74.902,0,0,2.048,0,185
1553,1838.600,14.6356,14.7,14.5438,30,-7.8125,2.34375,2936.75,35.4182,29,84.2,11.09,1.66,1.17647,9.80392,15.1394,14.2196,3.77,-8.60188,1,8,0,0,15,74.902,0,0,2.048,0,185
1554,1838.640,14.8464,14.9297,14.5438,30,-7.8125,2.34375,2962.5,35.4182,29,84.2,10.12,1.64,1.17647,9.41177,12.6394,14.2196,3.625,-8.60188,1,8,0,0,15,74.902,0,0,1.792,0,185
1555,1838.680,14.8464,14.9297,14.5719,30,-7.03125,2.34375,2966.5,35.4182,29,84.2,9.67,1.62,.392157,9.01961,10.1394,14.2196,3.625,-8.6806,1,8,0,0,15,74.902,0,0,1.792,0,185
1556,1838.720,15.1404,15.0445,14.5931,30,-7.03125,2.34375,2961.75,35.4182,29,84.2,9.56,1.62,.392157,9.01961,7.63938,14.2196,3.48,-8.84871,1,8,0,0,15,74.902,0,0,1.792,0,185
1557,1838.760,15.0572,14.9297,14.5931,30,-7.03125,2.34375,2951.25,35.4182,29,84.2,9.32,1.6,0,9.01961,5.13938,14.2196,3.48,-8.84871,1,8,0,0,15,74.902,0,0,1.792,0,185
1558,1838.800,14.887,14.7,14.5931,30,-7.8125,2.34375,2937.75,35.4182,28,84.2,9.36,1.6,0,9.01961,2.63938,14.2196,3.335,-9.05954,1,8,0,0,8,0,0,0,1.792,0,185
1559,1838.840,14.6356,14.5852,14.5931,30,-7.8125,2.34375,2934.5,35.4182,27,84.2,9.22,1.58,0,8.62745,.139383,14.2196,3.335,-9.05954,1,8,0,0,3,0,0,0,1.792,0,185
1560,1838.880,14.3823,14.4703,14.586,30,-8.59375,2.34375,2943.75,35.4182,26.5,84.2,8.99,1.58,0,8.23529,0,14.2196,3.335,-9.25067,1,8,0,0,2,0,0,0,1.792,0,185
1561,1838.920,14.0883,14.3555,14.5719,30,-8.59375,2.34375,2948,35.4182,26,84.2,8.56,1.56,0,8.23529,0,14.2196,3.335,-9.22749,1,8,0,0,1,0,0,0,1.792,0,185
1562,1838.960,14.214,14.2406,14.5719,30,-8.59375,2.34375,2950.5,35.4182,25,84.2,8.43,1.56,0,8.23529,0,14.2196,3.19,-9.22749,1,8,0,0,1,0,0,0,0,0,185
1563,1839.000,14.1714,14.1258,14.5438,31,-8.59375,2.34375,2922.25,35.4182,24.5,84.2,8.43,1.56,0,8.23529,0,14.2196,3.19,-9.22083,1,8,0,0,1,0,0,0,0,0,185
1564,1839.040,14.1714,14.1258,14.5438,31,-8.59375,2.34375,2890.25,35.4182,24,84.2,8.43,1.56,0,8.23529,0,14.2196,3.19,-9.35874,1,8,0,0,1,0,0,0,0,0,185
1565,1839.080,14.1289,14.3555,14.5438,31,-8.59375,2.34375,2870.5,35.4182,23,84.2,8.25,1.56,0,8.23529,0,14.2196,3.19,-9.35874,1,8,0,0,1,0,0,0,0,0,185
1566,1839.120,14.4248,14.7,14.5438,31,-8.59375,2.34375,2900.25,35.4182,22.5,84.2,8.25,1.56,0,8.23529,0,14.2196,3.19,-9.35028,1,8,0,0,1,0,0,0,0,0,185
1567,1839.160,14.6782,15.5039,14.5438,31,-8.59375,2.34375,2934,35.4182,22,84.2,8.49,1.56,0,8.23529,0,14.2196,3.19,-9.35028,1,8,0,0,1,0,0,0,0,0,185
1568,1839.200,15.0147,16.4227,14.5367,31,-7.8125,2.34375,2919.25,35.4182,21,84.2,8.31,1.56,0,8.23529,0,14.2196,3.19,-9.1899,1,8,0,0,1,0,0,0,0,0,185
1569,1839.240,15.7303,16.9969,14.5438,31,-7.03125,2.34375,2896.5,35.4182,20.5,82.4,8.18,1.54,0,8.23529,0,14.2196,3.19,-9.26819,1,8,0,0,1,0,0,0,0,0,185
1570,1839.280,16.7843,17.4562,14.5438,31,-6.25,2.34375,2893,35.4182,20,82.4,8.1,1.54,0,8.23529,0,14.2196,3.045,-9.26819,1,8,0,0,1,0,0,0,0,0,185
1571,1839.320,17.3741,17.6859,14.5438,31,-5.46875,2.34375,2909.25,35.4182,20,82.4,8.07,1.54,0,8.23529,0,14.2196,3.045,-9.28794,1,8,0,0,1,0,0,0,0,0,185
1572,1839.360,18.0897,17.9156,14.5438,31,-4.6875,2.34375,2910.75,35.4182,20,82.4,8.12,1.54,0,8.23529,0,14.2196,3.045,-9.23637,1,8,0,0,1,0,0,0,0,0,185
1573,1839.400,18.5964,18.375,14.5438,31,-3.90625,2.34375,2911.25,34.7968,20,82.4,8.18,1.56,0,8.23529,0,14.2196,3.045,-9.23637,1,8,0,0,1,0,0,0,0,0,185
1574,1839.440,19.3952,18.375,14.5438,31,0,2.34375,2873.25,34.7968,20,82.4,8.37,1.56,0,8.23529,0,14.2196,3.045,-9.38184,1,8,0,0,1,0,0,0,0,0,185
1575,1839.480,19.6485,18.375,14.5438,31,0,2.34375,2858.75,34.7968,20,82.4,8.49,1.56,0,8.23529,0,14.2196,3.045,-9.38184,1,8,0,0,1,0,0,0,0,0,185
1576,1839.520,19.7762,18.6047,14.5508,31,0,2.34375,2886,34.7968,20,82.4,8.37,1.56,0,8.23529,0,14.2196,3.045,-9.42736,1,8,0,0,1,0,0,0,0,0,185
1577,1839.560,19.9019,19.0641,14.5438,31,0,2.34375,2896.5,34.7968,20,82.4,8.56,1.56,0,8.23529,0,14.2196,3.045,-9.34904,1,8,0,0,1,0,0,0,0,0,185
1578,1839.600,19.9019,19.5234,14.5438,31,0,2.34375,2891.25,34.7968,20,82.4,8.62,1.56,0,8.23529,0,14.2196,3.045,-9.34904,1,8,0,0,1,0,0,0,0,0,185
1579,1839.640,20.1127,20.2125,14.5438,31,0,2.34375,2871.5,34.7968,20,82.4,8.68,1.56,0,8.23529,0,14.2196,3.045,-9.37106,1,8,0,0,1,0,0,0,0,0,185
1580,1839.680,20.3235,20.3273,14.5438,31,0,2.34375,2870.5,34.7968,20,82.4,8.31,1.56,0,8.23529,0,14.2196,3.045,-9.38095,1,8,0,0,1,0,0,0,0,0,185
1581,1839.720,20.3235,20.3273,14.5438,31,0,2.34375,2901,35.4182,20,82.4,8.25,1.56,0,8.23529,0,14.2196,3.045,-9.38095,1,8,0,0,1,0,0,0,0,0,185
1582,1839.760,20.366,20.3273,14.5438,31,0,2.34375,2892,35.4182,20,82.4,8.31,1.56,0,8.23529,0,14.2196,3.045,-9.30434,1,8,0,0,1,0,0,0,0,0,185
1583,1839.800,20.2384,20.3273,14.5438,31,0,2.34375,2864,34.7968,20,82.4,8.43,1.56,0,8.23529,0,14.2196,3.045,-9.30434,1,8,0,0,1,0,0,0,0,0,185
1584,1839.840,20.2384,20.3273,12.6654,31,0,2.34375,2834.5,34.7968,20,82.4,8.43,1.56,0,8.23529,0,14.2196,3.045,-9.3966,1,8,0,0,1,0,0,0,0,0,185
1585,1839.880,20.281,20.3273,12.6707,31,0,2.34375,2826.5,34.1754,20,82.4,8.49,1.54,0,8.23529,0,14.2196,3.045,-9.50142,1,8,0,0,1,0,0,0,0,0,185
1586,1839.920,20.3235,20.3273,12.6707,31,0,2.34375,2821.25,34.1754,20,82.4,8.43,1.56,0,8.23529,0,14.2196,3.045,-9.50142,1,8,0,0,1,0,0,0,0,0,185
1587,1839.960,19.6485,20.3273,12.6707,31,0,2.34375,2835,34.1754,20,82.4,8.43,1.56,0,8.23529,0,14.2196,3.045,-9.51795,1,8,0,0,1,0,0,0,0,0,185
1588,1840.000,19.8168,20.3273,12.6707,31,0,2.34375,2817.25,34.1754,20,82.4,8.31,1.56,0,8.23529,0,14.2196,3.045,-9.51795,1,8,0,0,1,0,0,0,0,0,185
1589,1840.040,19.8168,20.3273,12.6707,31,0,2.34375,2787.25,34.1754,20,82.4,8.62,1.56,0,8.23529,0,14.2196,3.045,-9.51214,1,8,0,0,1,0,0,0,0,0,185
1590,1840.080,19.6911,20.3273,12.6707,31,0,2.34375,2797.25,34.1754,20,82.4,8.31,1.56,0,8.23529,0,14.2196,3.045,-9.55484,1,8,0,0,1,0,0,0,0,0,185
1591,1840.120,19.5654,20.3273,12.6707,31,0,2.34375,2829.5,34.1754,20,82.4,8.49,1.56,0,8.23529,0,14.2196,3.045,-9.55484,1,8,0,0,1,0,0,0,0,0,185
1592,1840.160,19.7336,20.3273,12.6707,31,0,2.34375,2837.5,34.1754,20,82.4,8.31,1.56,0,8.23529,0,14.2196,3.045,-9.43797,1,8,0,0,1,0,0,0,0,0,185
1593,1840.200,19.8168,20.3273,12.6707,31,0,2.34375,2840.75,34.1754,20,82.4,8.49,1.56,0,8.23529,0,14.2196,3.045,-9.45431,1,8,0,0,1,0,0,0,0,0,185
1594,1840.240,19.8168,20.3273,12.6707,31,0,2.34375,2826,34.1754,20,82.4,8.18,1.54,0,8.23529,0,14.2196,3.19,-9.45431,1,8,0,0,1,0,0,0,0,0,185
1595,1840.280,19.8168,20.3273,12.6707,31,0,2.34375,2829.25,34.1754,20,82.4,8.31,1.56,0,7.84314,0,14.2196,3.19,-9.49147,1,8,0,0,1,0,0,0,0,0,185
1596,1840.320,19.7336,20.3273,12.6707,31,0,2.34375,2828.25,34.1754,20,82.4,8.16,1.54,0,7.84314,0,14.2196,3.19,-9.49147,1,8,0,0,1,0,0,0,0,0,185
1597,1840.360,19.7336,20.3273,12.6707,31,0,2.34375,2811,34.1754,20,82.4,8.31,1.56,0,7.84314,0,14.2196,3.19,-9.48529,1,8,0,0,1,0,0,0,0,0,185
1598,1840.400,19.7336,20.3273,12.6707,31,0,2.34375,2787.25,34.1754,20,82.4,8.31,1.56,0,7.84314,0,14.2196,3.19,-9.54109,1,8,0,0,1,0,0,0,0,0,185
1599,1840.440,19.7336,20.3273,12.6707,31,0,2.34375,2764.25,33.554,20,82.4,8.49,1.56,0,7.84314,0,14.2196,3.19,-9.54109,1,8,0,0,1,0,0,0,0,0,185
1600,1840.480,19.7762,20.3273,12.6707,31,0,2.34375,2775.25,33.554,20,82.4,8.43,1.56,0,7.84314,0,14.2196,3.19,-9.55521,1,8,0,0,1,0,0,0,0,0,185
1601,1840.520,19.8168,20.3273,12.6707,30,0,2.34375,2781.5,33.554,20,82.4,8.56,1.56,0,7.84314,0,14.2196,3.19,-9.55526,1,8,0,0,1,0,0,0,0,0,185
1602,1840.560,19.8168,20.3273,12.6707,30,0,2.34375,2777.5,33.554,20,82.4,8.43,1.56,0,7.84314,0,14.2196,3.19,-9.55526,1,8,0,0,1,0,0,0,0,0,185
1603,1840.600,19.6485,20.3273,12.6707,30,0,2.34375,2766,33.554,20,82.4,8.18,1.56,0,7.84314,0,14.2196,3.19,-9.55531,1,8,0,0,1,0,0,0,0,0,185
1604,1840.640,19.7762,20.3273,12.6707,30,0,2.34375,2752.25,33.554,20,82.4,8.31,1.56,0,7.84314,0,14.2196,3.19,-9.55536,1,8,0,0,1,0,0,0,0,0,185
1605,1840.680,19.9019,20.3273,12.6707,30,0,2.34375,2761,33.554,20,82.4,8.18,1.54,0,7.84314,0,14.2196,3.19,-9.55536,1,8,0,0,1,0,0,0,0,0,185
1606,1840.720,19.6485,20.3273,12.6707,30,0,2.34375,2769.25,33.554,20,82.4,8.18,1.56,0,7.84314,0,14.2196,3.19,-9.55541,1,8,0,0,1,0,0,0,0,0,185
1607,1840.760,19.8168,20.3273,12.6707,30,0,2.34375,2761.75,33.554,20,82.4,8.18,1.56,0,7.84314,0,14.2196,3.19,-9.55541,1,8,0,0,1,0,0,0,0,0,185
1608,1840.800,19.8593,20.3273,12.6707,30,0,2.34375,2766.25,33.554,20,82.4,8.05,1.54,0,7.84314,0,14.2196,3.19,-9.55545,1,8,0,0,1,0,0,0,0,0,185
1609,1840.840,19.7762,20.3273,12.6707,30,0,2.34375,2757,33.554,20,82.4,8.04,1.54,0,7.84314,0,14.2196,3.19,-9.5555,1,8,0,0,1,0,0,0,0,0,185
1610,1840.880,19.7336,20.3273,12.6707,30,0,2.34375,2757.5,33.554,20,82.4,8.1,1.54,0,7.84314,0,14.2196,3.19,-9.5555,1,8,0,0,1,0,0,0,0,0,183.2
1611,1840.920,19.7762,20.3273,12.6707,30,0,2.34375,2739.5,32.9327,20,82.4,8.07,1.54,0,7.84314,0,14.2196,3.19,-9.55555,1,8,0,0,1,0,0,0,0,0,183.2
1612,1840.960,19.7336,20.3273,12.6707,30,0,2.34375,2724.5,32.9327,20,82.4,8.12,1.54,0,7.84314,0,14.2196,3.19,-9.55559,1,8,0,0,1,0,0,0,0,0,183.2
1613,1841.000,19.7762,20.3273,12.6707,30,0,2.34375,2709,32.9327,20,82.4,8.05,1.54,0,7.84314,0,14.2196,3.19,-9.55559,1,8,0,0,1,0,0,0,0,0,183.2
1614,1841.040,19.8593,20.3273,12.6707,30,0,2.34375,2721.5,32.9327,20,82.4,8.18,1.54,0,7.84314,0,14.2196,3.19,-9.55564,1,8,0,0,1,0,0,0,0,0,183.2
1615,1841.080,19.7762,20.3273,12.6707,30,0,2.34375,2727.75,32.9327,20,82.4,8.05,1.54,0,7.84314,0,14.2196,3.19,-9.55564,1,8,0,0,1,0,0,0,0,0,183.2
1616,1841.120,19.6911,20.3273,12.6707,30,0,2.34375,2710.75,32.9327,20,82.4,8.04,1.54,0,7.84314,0,14.2196,3.19,-9.55569,1,8,0,0,1,0,0,0,0,0,183.2
1617,1841.160,19.7336,20.3273,12.6707,30,0,2.34375,2696,32.9327,20,82.4,8.05,1.54,0,7.84314,0,14.2196,3.19,-9.55579,1,8,0,0,1,0,0,0,0,0,183.2
1618,1841.200,19.8593,20.3273,12.6707,30,0,2.34375,2694,32.9327,20,82.4,8.18,1.56,0,7.84314,0,14.2196,3.19,-9.55579,1,8,0,0,1,0,0,0,0,0,183.2
1619,1841.240,19.8168,20.3273,12.6707,30,0,2.34375,2710,32.9327,20,82.4,8.18,1.56,0,7.84314,0,14.2196,3.19,-9.55584,1,8,0,0,1,0,0,0,0,0,183.2
1620,1841.280,19.7762,20.3273,12.6707,30,0,2.34375,2710.5,32.9327,20,82.4,8.16,1.54,0,7.84314,0,14.2196,3.19,-9.55588,1,8,0,0,1,0,0,0,0,0,183.2
1621,1841.320,19.8168,20.3273,12.6707,30,0,2.34375,2693,32.3113,20,82.4,8.18,1.54,0,7.84314,0,14.2196,3.19,-9.55588,1,8,0,0,1,0,0,0,0,0,183.2
1622,1841.360,19.6485,20.3273,12.6707,30,0,2.34375,2686.5,32.3113,20,82.4,8.05,1.54,0,7.84314,0,14.2196,3.19,-9.55593,1,8,0,0,1,0,0,0,0,0,183.2
1623,1841.400,19.7762,20.3273,12.6707,30,0,2.34375,2681.25,32.3113,20,82.4,8.08,1.54,0,7.84314,0,14.2196,3.19,-9.55593,1,8,0,0,1,0,0,0,0,0,183.2
1624,1841.440,19.8593,20.3273,12.6707,30,0,2.34375,2693,32.3113,20,82.4,8.16,1.54,0,7.84314,0,14.2196,3.19,-9.55604,1,8,0,0,1,0,0,0,0,0,183.2
1625,1841.480,19.8593,20.3273,12.6707,30,0,2.34375,2690.5,32.3113,20,82.4,8.18,1.54,0,7.84314,0,14.2196,3.19,-9.55614,1,8,0,0,1,0,0,0,0,0,183.2
1626,1841.520,19.9019,20.3273,12.6707,30,0,2.34375,2671.5,32.3113,20,82.4,8.37,1.56,0,7.84314,0,14.2196,3.19,-9.55614,1,8,0,0,1,0,0,0,0,0,183.2
1627,1841.560,20.2384,20.3273,12.6707,30,0,2.34375,2661.5,32.3113,20,82.4,8.25,1.56,0,7.84314,0,14.2196,3.19,-9.55618,1,8,0,0,1,0,0,0,0,0,183.2
1628,1841.600,20.366,20.3273,12.6707,30,0,2.34375,2676.75,32.3113,20,82.4,8.18,1.56,0,7.84314,0,14.2196,3.19,-9.55629,1,8,0,0,1,0,0,0,0,0,183.2
1629,1841.640,20.0701,20.3273,12.6707,30,0,2.34375,2677.75,32.3113,20,82.4,8.16,1.54,0,7.84314,0,14.2196,3.19,-9.55629,1,8,0,0,1,0,0,0,0,0,183.2
1630,1841.680,20.2384,20.3273,12.6707,30,0,2.34375,2671.75,32.3113,20,82.4,8.18,1.56,0,7.84314,0,14.2196,3.19,-9.55633,1,8,0,0,1,0,0,0,0,0,183.2
1631,1841.720,20.1127,20.3273,12.6707,30,0,2.34375,2655.5,32.3113,20,82.4,8.25,1.54,0,7.84314,0,14.2196,3.19,-9.55633,1,10,0,0,1,0,0,0,0,0,183.2
1632,1841.760,20.2384,20.3273,12.6707,30,0,2.34375,2650,32.3113,20,82.4,8.1,1.54,0,7.84314,0,14.2196,3.19,-9.55637,1,10,0,0,1,0,0,0,0,0,183.2
1633,1841.800,20.2384,20.3273,12.6707,30,0,2.34375,2658.25,32.3113,20,82.4,8.25,1.54,0,7.84314,0,14.2196,3.19,-9.55641,1,10,0,0,1,0,0,0,0,0,183.2
1634,1841.840,20.2384,20.3273,12.6707,30,0,2.34375,2651.75,32.3113,20,82.4,8.12,1.54,0,7.84314,0,14.2196,3.19,-9.55641,1,10,0,0,1,0,0,0,0,0,183.2
1635,1841.880,20.1959,20.3273,12.6707,30,0,2.34375,2635.75,31.6899,20,82.4,8.16,1.54,0,7.84314,0,14.2196,3.19,-9.55645,1,10,0,0,1,0,0,0,0,0,183.2
1636,1841.920,20.1959,20.3273,12.6707,30,0,2.34375,2626,31.6899,20,82.4,8.05,1.54,0,7.84314,0,14.2196,3.19,-9.55655,1,10,0,0,1,0,0,0,0,0,183.2
1637,1841.960,20.2384,20.3273,12.6707,30,0,2.34375,2634.5,31.6899,20,82.4,8.1,1.54,0,7.84314,0,14.2196,3.19,-9.55655,1,10,0,0,1,0,0,0,0,0,183.2
1638,1842.000,20.1552,20.3273,12.6707,30,0,2.34375,2634,31.6899,20,82.4,8.05,1.54,0,7.84314,0,14.2196,3.19,-9.55665,1,10,0,0,1,0,0,0,0,0,183.2
1639,1842.040,20.1959,20.3273,12.6707,30,0,2.34375,2623,31.6899,20,82.4,8.02,1.54,0,7.84314,0,14.2196,3.19,-9.55665,1,10,0,0,1,0,0,0,0,0,183.2
1640,1842.080,20.366,20.3273,12.6707,30,0,2.34375,2618,31.6899,20,82.4,8.1,1.54,0,7.84314,0,14.2196,3.19,-9.55675,1,10,0,0,1,0,0,0,0,0,183.2
1641,1842.120,20.366,20.3273,12.6707,30,0,2.34375,2623,31.6899,20,82.4,8.02,1.54,0,7.84314,0,14.2196,3.19,-9.55685,1,10,0,0,1,0,0,0,0,0,183.2
1642,1842.160,20.281,20.3273,12.6707,30,0,2.34375,2616,31.6899,20,82.4,8.05,1.54,0,7.84314,0,14.2196,3.19,-9.55685,1,10,0,0,1,0,0,0,0,0,183.2
1643,1842.200,20.3235,20.3273,12.6707,30,0,2.34375,2600.25,31.6899,20,82.4,8.05,1.54,0,7.84314,0,14.2196,3.19,-9.55701,1,10,0,0,1,0,0,0,0,0,183.2
1644,1842.240,20.3235,20.3273,12.6707,30,0,2.34375,2592.5,31.6899,20,82.4,8.04,1.54,0,7.84314,0,14.2196,3.19,-9.55711,1,10,0,0,1,0,0,0,0,0,183.2
1645,1842.280,20.1959,20.3273,12.6707,30,0,2.34375,2592.25,31.0686,20,82.4,7.98,1.54,0,7.84314,0,14.2196,3.19,-9.55711,1,10,0,0,1,0,0,0,0,0,183.2
1646,1842.320,20.366,20.3273,12.6707,31,0,2.34375,2575.75,31.0686,20,82.4,8,1.54,0,7.84314,0,14.2196,3.19,-9.55715,1,10,0,0,1,0,0,0,0,0,183.2
1647,1842.360,20.2384,20.3273,12.6707,31,0,2.34375,2555.75,31.0686,20,82.4,7.98,1.54,0,7.84314,0,14.2196,3.19,-9.55715,1,10,0,0,1,0,0,0,0,0,183.2
1648,1842.400,20.1959,20.3273,12.6707,31,0,2.34375,2560,31.0686,20,82.4,8.02,1.54,0,7.84314,0,14.2196,3.19,-9.55724,1,10,0,0,1,0,0,0,0,0,183.2
1649,1842.440,20.2384,20.3273,12.6707,31,0,2.34375,2554.5,31.0686,20,82.4,8,1.52,0,7.45098,0,14.2196,3.19,-9.55734,1,10,0,0,1,0,0,0,0,0,183.2
1650,1842.480,20.1127,20.3273,12.6707,31,0,2.34375,2533.75,31.0686,20,82.4,7.96,1.52,0,7.45098,0,14.2196,3.19,-9.55734,1,10,0,0,1,0,0,0,0,0,183.2
1651,1842.520,20.281,20.3273,12.6707,31,0,2.34375,2524.25,30.4472,20,82.4,7.94,1.52,0,7.45098,0,14.2196,3.19,-9.55743,1,10,0,0,1,0,0,0,0,0,183.2
1652,1842.560,20.281,20.3273,12.6707,31,0,2.34375,2527.5,30.4472,20,82.4,7.94,1.52,0,7.45098,0,14.2196,3.19,-9.55753,1,10,0,0,1,0,0,0,0,0,183.2
1653,1842.600,20.281,20.3273,12.6707,31,0,2.34375,2511.75,30.4472,20,82.4,7.92,1.52,0,7.45098,0,14.2196,3.19,-9.55753,1,10,0,0,1,0,0,0,0,0,183.2
1654,1842.640,20.4067,20.3273,12.6707,31,0,2.34375,2503.75,30.4472,20,82.4,7.94,1.52,0,7.45098,0,14.2196,3.19,-9.55762,1,10,0,0,1,0,0,0,0,0,183.2
1655,1842.680,20.1959,20.3273,12.6707,31,0,2.34375,2506.5,30.4472,20,82.4,7.96,1.52,0,7.45098,0,14.2196,3.19,-9.55762,1,10,0,0,1,0,0,0,0,0,183.2
1656,1842.720,20.4918,20.3273,12.6707,31,0,2.34375,2483.5,30.4472,20,82.4,7.9,1.52,0,7.45098,0,14.2196,3.19,-9.55765,1,10,0,0,1,0,0,0,0,0,183.2
1657,1842.760,20.1959,20.3273,12.6707,31,0,2.34375,2472,29.8258,20,82.4,7.9,1.52,0,7.45098,0,14.2196,3.19,-9.5578,1,10,0,0,1,0,0,0,0,0,183.2
1658,1842.800,20.4492,20.3273,12.6707,31,0,2.34375,2477,29.8258,20,82.4,7.94,1.52,0,7.45098,0,14.2196,3.19,-9.5578,1,10,0,0,1,0,0,0,0,0,183.2
1659,1842.840,20.3235,20.3273,12.6707,31,0,2.34375,2455.5,29.8258,20,82.4,7.94,1.52,0,7.45098,0,14.2196,3.19,-9.55789,1,10,0,0,1,0,0,0,0,0,183.2
1660,1842.880,20.4492,20.3273,12.6707,31,0,2.34375,2464,29.8258,20,82.4,7.79,1.52,0,7.45098,0,14.2196,3.19,-9.55805,1,10,0,0,1,0,0,0,0,0,183.2
1661,1842.920,20.4918,20.3273,12.6707,31,0,2.34375,2462,29.2044,20,82.4,7.8,1.52,0,7.45098,0,14.2196,3.19,-9.55805,1,10,0,0,1,0,0,0,0,0,183.2
1662,1842.960,20.281,20.3273,12.6707,31,0,2.34375,2445,29.2044,20,82.4,7.88,1.52,0,7.45098,0,14.2196,3.19,-9.5582,1,10,0,0,1,0,0,0,0,0,183.2
1663,1843.000,20.1552,20.3273,12.6707,31,0,2.34375,2443,29.2044,20,82.4,7.82,1.52,0,7.45098,0,14.2196,3.19,-9.5582,1,10,0,0,1,0,0,0,0,0,183.2
1664,1843.040,20.3235,20.3273,12.6707,31,0,2.34375,2438,29.2044,20,82.4,7.79,1.5,0,7.45098,0,14.2196,3.19,-9.55829,1,10,0,0,1,0,0,0,0,0,183.2
1665,1843.080,20.366,20.3273,12.6707,31,0,2.34375,2415.25,29.2044,20,82.4,7.86,1.52,0,7.45098,0,14.2196,3.19,-9.55837,1,10,0,0,1,0,0,0,0,0,183.2
1666,1843.120,20.3235,20.3273,12.6707,31,0,2.34375,2411.5,29.2044,20,82.4,7.8,1.5,0,7.45098,0,14.2196,3.19,-9.55837,1,10,0,0,1,0,0,0,0,0,183.2
1667,1843.160,20.1959,20.3273,12.6707,31,0,2.34375,2390.5,29.2044,20,82.4,7.8,1.52,0,7.45098,0,14.2196,3.19,-9.55846,1,10,0,0,1,0,0,0,0,0,183.2
1668,1843.200,19.7336,20.3273,12.6707,31,0,2.34375,2391.5,29.2044,20,82.4,7.82,1.52,0,7.45098,0,14.2196,3.19,-9.55861,1,10,0,0,1,0,0,0,0,0,183.2
1669,1843.240,19.7762,20.3273,12.6707,31,0,2.34375,2380.5,28.5831,20,82.4,7.79,1.5,0,7.05882,0,14.2196,3.19,-9.55861,1,10,0,0,1,0,0,0,0,0,183.2
1670,1843.280,19.6911,20.3273,12.6707,31,0,2.34375,2360.75,28.5831,20,82.4,7.79,1.5,0,7.05882,0,14.2196,3.19,-9.55869,1,10,0,0,1,0,0,0,0,0,183.2
1671,1843.320,19.7336,20.3273,12.6707,31,0,2.34375,2363,28.5831,20,82.4,7.79,1.5,0,7.05882,0,14.2196,3.19,-9.55869,1,10,0,0,1,0,0,0,0,0,183.2
1672,1843.360,19.7762,20.3273,12.6707,31,0,2.34375,2346.25,28.5831,20,82.4,7.77,1.5,0,7.05882,0,14.2196,3.19,-9.55871,1,10,0,0,0,0,0,0,0,0,183.2
1673,1843.400,19.8168,20.3273,12.6707,31,0,2.34375,2356.75,28.5831,20,82.4,7.75,1.5,0,7.05882,0,14.2196,3.19,-9.5588,1,10,0,0,0,0,0,0,0,0,183.2
1674,1843.440,19.6911,20.3273,12.6707,31,0,2.34375,2341.5,28.5831,20,82.4,7.73,1.5,0,7.05882,0,14.2196,3.19,-9.5588,1,10,0,0,1,0,0,0,0,0,183.2
1675,1843.480,19.5654,20.3273,12.6707,31,0,2.34375,2344,28.5831,20,82.4,7.79,1.5,0,7.05882,0,14.2196,3.19,-9.55888,1,10,0,0,1,0,0,0,0,0,183.2
1676,1843.520,20.0701,20.3273,12.6707,31,0,2.34375,2320,28.5831,20,82.4,7.71,1.5,0,7.05882,0,14.2196,3.19,-9.55896,1,10,0,0,0,0,0,0,0,0,183.2
1677,1843.560,19.7336,20.3273,12.6707,31,0,2.34375,2310.75,27.9617,20,82.4,7.69,1.48,0,7.05882,0,14.2196,3.19,-9.55896,1,10,0,0,0,0,0,0,0,0,183.2
1678,1843.600,19.7762,20.3273,12.6707,31,0,2.34375,2312.5,27.9617,20,82.4,7.67,1.5,0,7.05882,0,14.2196,3.19,-9.55904,1,10,0,0,0,0,0,0,0,0,183.2
1679,1843.640,19.7762,20.3273,12.6707,31,0,2.34375,2292.75,27.9617,20,82.4,7.79,1.5,0,7.05882,0,14.2196,3.19,-9.55904,1,10,0,0,0,0,0,0,0,0,183.2
1680,1843.680,19.6911,20.3273,12.6707,31,0,2.34375,2294.5,27.9617,20,82.4,7.75,1.5,0,7.05882,0,14.2196,3.19,-9.55919,1,10,0,0,0,0,0,0,0,0,183.2
1681,1843.720,19.7762,20.3273,12.6707,31,0,2.34375,2278.25,27.9617,20,82.4,7.67,1.48,0,7.05882,0,14.2196,3.19,-9.55927,1,10,0,0,0,0,0,0,0,0,183.2
1682,1843.760,19.7336,20.3273,12.6707,31,0,2.34375,2281.5,27.9617,20,82.4,7.65,1.48,0,7.05882,0,14.2196,3.19,-9.55927,1,10,0,0,0,0,0,0,0,0,183.2
1683,1843.800,19.6485,20.3273,12.6707,31,0,2.34375,2272.5,27.9617,20,82.4,7.63,1.48,0,7.05882,0,14.2196,3.19,-9.55935,1,10,0,0,0,0,0,0,0,0,183.2
1684,1843.840,19.7762,20.3273,12.6707,31,0,2.34375,2282.75,27.9617,20,82.4,7.58,1.48,0,7.05882,0,14.2196,3.19,-9.55943,1,10,0,0,0,0,0,0,0,0,183.2
1685,1843.880,19.7336,20.3273,12.6707,31,0,2.34375,2266.5,27.3403,20,82.4,7.58,1.48,0,7.05882,0,14.2196,3.19,-9.55943,1,10,0,0,0,0,0,0,0,0,183.2
1686,1843.920,19.7336,20.3273,12.6707,31,0,2.34375,2269.75,27.3403,20,82.4,7.46,1.48,0,7.05882,0,14.2196,3.19,-9.5595,1,10,0,0,0,0,0,0,0,0,183.2
1687,1843.960,19.6911,20.3273,12.6707,31,0,2.34375,2250,27.3403,20,82.4,7.37,1.48,0,7.05882,0,14.2196,3.19,-9.5595,1,10,0,0,1,0,0,0,0,0,183.2
1688,1844.000,19.6911,20.3273,12.6707,31,0,2.34375,2257.25,27.3403,20,82.4,7.28,1.46,0,7.05882,0,14.2196,3.19,-9.55958,1,10,0,0,1,0,0,0,0,0,183.2
1689,1844.040,19.7336,20.3273,12.6707,31,0,2.34375,2244.5,27.3403,20,82.4,7.28,1.46,0,7.05882,0,14.2196,3.19,-9.55966,1,10,0,0,0,0,0,0,0,0,183.2
1690,1844.080,19.6911,20.3273,12.6707,31,0,2.34375,2246.75,27.3403,20,82.4,7.28,1.48,0,7.05882,0,14.2196,3.19,-9.55966,1,10,0,0,0,0,0,0,0,0,183.2
1691,1844.120,19.9851,20.3273,12.6707,31,0,2.34375,2223.25,26.719,20,82.4,7.46,1.48,0,7.05882,0,14.2196,3.19,-9.55973,1,10,0,0,1,0,0,0,0,0,183.2
1692,1844.160,19.7336,20.3273,12.6707,31,0,2.34375,2230.5,26.719,20,82.4,7.46,1.48,0,7.05882,0,14.2196,3.19,-9.55981,1,10,0,0,1,0,0,0,0,0,183.2
1693,1844.200,19.6485,20.3273,12.6707,31,0,2.34375,2221.25,26.719,20,82.4,7.09,1.46,0,7.05882,0,14.2196,3.19,-9.55981,1,10,0,0,0,0,0,0,0,0,183.2
1694,1844.240,19.9019,20.3273,12.6707,31,0,2.34375,2226.5,26.719,20,82.4,7.09,1.46,0,7.05882,0,14.2196,3.19,-9.55995,1,10,0,0,0,0,0,0,0,0,183.2
1695,1844.280,19.8168,20.3273,12.6707,31,0,2.34375,2213.75,26.719,20,82.4,7.37,1.46,0,7.05882,0,14.2196,3.19,-9.55995,1,10,0,0,1,0,0,0,0,0,183.2
1696,1844.320,19.9444,20.3273,12.6707,31,0,2.34375,2222.75,26.719,20,82.4,6.91,1.46,0,7.05882,0,14.2196,3.19,-9.56008,1,10,0,0,1,0,0,0,0,0,183.2
1697,1844.360,19.6911,20.3273,12.6707,31,0,2.34375,2210.25,26.719,20,82.4,6.91,1.46,0,7.05882,0,14.2196,3.19,-9.56009,1,10,0,0,0,0,0,0,0,0,183.2
1698,1844.400,19.9019,20.3273,12.6707,31,0,2.34375,2208.75,26.719,20,82.4,7.28,1.48,0,7.05882,0,14.2196,3.19,-9.56009,1,10,0,0,0,0,0,0,0,0,183.2
1699,1844.440,20.3235,20.3273,12.6707,31,0,2.34375,2189.75,26.719,20,82.4,7.46,1.48,0,7.05882,0,14.2196,3.19,-9.56017,1,10,0,0,1,0,0,0,0,0,183.2
1700,1844.480,20.281,20.3273,12.6707,31,0,2.34375,2192.5,26.719,20,82.4,7.37,1.48,0,7.05882,0,14.2196,3.19,-9.5603,1,10,0,0,0,0,0,0,0,0,183.2
1701,1844.520,20.2384,20.3273,12.6707,31,0,2.34375,2184.5,26.719,20,82.4,7.28,1.48,0,7.05882,0,14.2196,3.19,-9.5603,1,10,0,0,1,0,0,0,0,0,183.2
1702,1844.560,20.3235,20.3273,12.6707,31,0,2.34375,2166.25,26.719,20,82.4,7.63,1.48,0,7.05882,0,14.2196,3.19,-9.56043,1,10,0,0,1,0,0,0,0,0,183.2
1703,1844.600,20.281,20.3273,12.6707,31,0,2.34375,2170.5,26.0976,20,82.4,7.49,1.48,0,7.05882,0,14.2196,3.19,-9.56043,1,10,0,0,1,0,0,0,0,0,183.2
1704,1844.640,20.4067,20.3273,12.6707,31,0,2.34375,2158.25,26.0976,20,82.4,7.28,1.48,0,7.05882,0,14.2196,3.19,-9.5605,1,10,0,0,1,0,0,0,0,0,183.2
1705,1844.680,20.366,20.3273,12.6707,31,0,2.34375,2172,26.0976,20,82.4,7.49,1.48,0,7.05882,0,14.2196,3.335,-9.56057,1,10,0,0,1,0,0,0,0,0,183.2
1706,1844.720,20.366,20.3273,12.6707,31,0,2.34375,2154.25,26.0976,20,82.4,7.28,1.46,0,7.05882,0,14.2196,3.335,-9.56057,1,10,0,0,1,0,0,0,0,0,183.2
1707,1844.760,20.4492,20.3273,12.6707,31,0,2.34375,2159.25,26.0976,20,82.4,7.28,1.46,0,7.05882,0,14.2196,3.335,-9.5607,1,10,0,0,1,0,0,0,0,0,183.2
1708,1844.800,20.366,20.3273,12.6707,31,0,2.34375,2149,26.0976,20,82.4,7.09,1.46,0,7.05882,0,14.2196,3.335,-9.56077,1,10,0,0,1,0,0,0,0,0,183.2
1709,1844.840,20.1552,20.3273,12.6707,31,0,2.34375,2153.5,26.0976,20,82.4,7.09,1.46,.392157,7.05882,2.68612,14.2196,3.335,-9.56077,1,10,0,0,1,0,0,0,0,0,183.2
1710,1844.880,20.3235,20.3273,12.6707,31,0,2.34375,2153.5,26.0976,20,82.4,7.09,1.46,.392157,7.05882,3.77706,14.2196,3.335,-9.45379,1,10,0,0,1,0,0,0,0,0,183.2
1711,1844.920,20.366,20.3273,12.6707,31,0,2.34375,2136.5,26.0976,20.5,82.4,7.28,1.48,1.56863,7.45098,15.7131,14.2196,3.335,-9.45379,1,10,0,0,1,0,0,0,1.792,0,183.2
1712,1844.960,20.2384,20.3273,12.6707,31,0,2.34375,2135.5,26.0976,21.5,82.4,7.77,1.54,2.7451,8.62745,27.4816,14.2196,3.335,-8.83785,1,10,0,0,2,74.902,0,0,2.048,0,183.2
1713,1845.000,20.3235,20.3273,12.6707,32,0,2.34375,2133.75,25.4762,22,82.4,8.31,1.56,3.52941,9.01961,34.5598,14.2196,3.335,-8.27205,1,10,0,0,4,74.902,0,0,2.048,0,183.2
1714,1845.040,20.3235,20.3273,12.6707,32,0,2.34375,2175.5,25.4762,22.5,82.4,9.39,1.62,5.4902,9.80392,50.6973,14.2196,3.48,-8.27205,1,10,0,0,5,74.902,0,0,2.048,0,183.2
1715,1845.080,20.1959,20.3273,12.4764,32,0,2.34375,2148.25,25.4762,2,82.4,10.75,1.7,5.88235,11.7647,54.9773,14.2196,3.77,-7.35414,1,10,0,0,6,74.902,0,0,2.048,0,183.2
1716,1845.120,19.6911,20.3273,12.288,32,0,2.34375,2134.5,25.4762,24,82.4,12.18,1.76,5.88235,11.7647,55.8446,14.2196,4.06,-7.32599,1,10,0,0,8,74.902,0,0,2.304,0,183.2
1717,1845.160,19.6911,20.3273,12.288,32,0,2.34375,2144,25.4762,24.5,82.4,12.8,1.78,6.66667,12.1569,60.2548,14.2196,4.35,-7.32599,1,10,0,0,10,74.902,0,0,2.56,0,183.2
1718,1845.200,19.8168,20.3273,12.248,32,0,2.34375,2149,25.4762,25,82.4,13.78,1.8,7.45098,12.549,69.5031,14.2196,4.64,-6.97606,1,10,0,0,10,74.902,0,0,2.56,0,183.2
1719,1845.240,19.7336,20.3273,12.248,32,0,2.34375,2137.75,25.4762,25.5,82.4,15.25,1.86,7.84314,13.3333,72.1392,14.2196,4.785,-6.97606,1,10,0,0,12,74.902,0,0,2.816,0,183.2
1720,1845.280,19.8168,20.3273,12.3637,32,0,2.34375,2097.5,25.4762,26.5,82.4,16.29,1.88,7.45098,13.3333,70.4194,14.2196,5.22,-6.67402,1,10,0,0,14,74.902,0,0,3.072,0,183.2
1721,1845.320,15.5194,20.3273,12.1296,32,0,2.34375,2126.75,25.4762,27,82.4,16.6,1.88,7.84314,13.3333,72.9135,14.2196,5.365,-6.64314,1,10,0,0,15,74.902,0,0,3.072,0,183.2
1722,1845.360,14.0032,20.3273,12.1296,32,0,2.34375,2142.75,25.4762,27.5,82.4,16.37,1.88,7.45098,13.3333,69.5679,14.2196,5.655,-6.64314,1,10,0,0,15,74.902,0,0,3.328,0,183.2
1723,1845.400,14.1714,20.3273,12.243,32,0,2.34375,2140,25.4762,28,82.4,16.45,1.86,7.45098,13.3333,69.7274,14.2196,5.655,-6.77311,1,10,0,0,16,74.902,0,0,3.328,0,183.2
1724,1845.440,14.4248,20.3273,12.243,32,0,2.34375,2116,25.4762,27.5,82.4,16.29,1.86,7.45098,13.3333,70.3358,14.2196,5.8,-6.74634,1,10,0,0,16,74.902,0,0,3.328,0,183.2
1725,1845.480,13.9606,20.3273,12.243,32,0,2.34375,2096.25,25.4762,27.5,82.4,16.29,1.88,7.45098,13.3333,70.8294,14.2196,5.8,-6.74634,1,10,0,0,16,74.902,0,0,3.328,0,183.2
1726,1845.520,13.7498,20.3273,12.238,32,0,2.34375,2132.75,25.4762,27.5,82.4,16.52,1.88,7.84314,13.3333,72.7297,14.2196,5.945,-6.74556,1,10,0,0,16,74.902,0,0,3.584,0,183.2
1727,1845.560,13.6241,18.9492,12.238,32,0,2.34375,2127,25.4762,27,82.4,16.06,1.86,9.41177,13.7255,86.8071,14.2196,5.945,-6.74556,1,10,0,0,17,74.902,0,0,3.584,0,183.2
1728,1845.600,12.6552,17.8008,12.253,32,0,2.34375,2112.75,25.4762,27,82.4,17.29,1.9,9.01961,14.5098,84.9432,14.2196,5.945,-6.07812,1,10,0,0,17,74.902,0,0,3.584,0,183.2
1729,1845.640,12.6126,16.7672,12.258,32,0,2.34375,2106.75,25.4762,27,82.4,17.75,1.92,9.80392,14.5098,89.9324,14.2196,6.09,-6.05132,1,10,0,0,17,74.902,0,0,3.584,0,183.2
1730,1845.680,12.6126,15.8484,12.258,32,0,2.34375,2120.25,25.4762,26.5,82.4,18.41,1.94,10.1961,14.902,94.5103,14.2196,6.235,-6.05132,1,10,0,0,17,74.902,0,0,3.584,0,183.2
1731,1845.720,12.3187,14.9297,12.2182,32,-.78125,2.34375,2148.75,25.4762,26.5,82.4,19.59,1.98,10.1961,15.2941,93.9226,14.2196,6.38,-5.79651,1,10,0,0,17,74.902,0,0,3.328,0,183.2
1732,1845.760,12.4444,14.3555,13.912,32,-2.34375,2.34375,2123.75,25.4762,26,82.4,20.05,2,10.1961,15.6863,96.4992,14.2196,6.525,-5.69964,1,10,0,0,17,74.902,0,0,3.328,0,183.2
1733,1845.800,12.6126,13.8961,13.912,32,-3.125,2.34375,2123.25,25.4762,25.5,82.4,20.3,2,10.5882,16.0784,99.5398,14.2196,6.815,-5.69964,1,10,0,0,17,74.902,0,0,3.584,0,183.2
1734,1845.840,12.5275,13.4367,13.6286,32,-4.6875,2.34375,2134.75,25.4762,25,82.4,20.73,2,10.1961,16.0784,96.6903,14.2196,6.96,-5.58041,1,10,0,0,17,74.902,0,0,3.584,0,183.2
1735,1845.880,13.1174,13.207,13.6286,32,-6.25,2.34375,2144.75,25.4762,24.5,82.4,20.9,2.02,10.9804,15.6863,103.842,14.2196,7.105,-5.58041,1,10,0,0,17,74.902,0,0,3.584,0,183.2
1736,1845.920,13.7924,13.6664,13.6101,32,-4.6875,2.34375,2148,25.4762,24.5,82.4,20.65,2.02,11.3725,16.0784,106.246,14.2196,7.105,-5.03857,1,10,0,0,17,74.902,0,0,3.584,0,183.2
1737,1845.960,14.0032,13.8961,13.6163,32,-2.34375,2.34375,2123.75,26.0976,24,82.4,20.99,2.04,11.3725,16.4706,106.658,14.2196,7.25,-5.01124,1,10,0,0,18,74.902,0,0,3.84,0,183.2
1738,1846.000,14.0032,14.1258,13.6163,32,-1.5625,2.34375,2142.75,26.0976,23.5,82.4,21.92,2.06,11.3725,16.4706,106.334,14.2196,7.395,-5.01124,1,10,0,0,18,74.902,0,0,3.84,0,183.2
1739,1846.040,14.1714,14.2406,13.6101,32,-1.5625,2.34375,2150.5,25.4762,23,82.4,21.75,2.04,10.9804,16.4706,103.617,14.2196,7.54,-5.22342,1,10,0,0,17,74.902,0,0,3.84,0,183.2
1740,1846.080,14.214,14.1258,13.6163,32,-.78125,2.34375,2148.25,25.4762,23,82.4,21.41,2.02,10.9804,16.0784,103.873,14.2196,7.54,-5.22846,1,10,0,0,18,74.902,0,0,3.84,0,183.2
1741,1846.120,13.7924,14.1258,13.6163,32,-.78125,2.34375,2117.5,26.0976,23,82.4,21.33,2.04,11.3725,16.0784,106.53,14.2196,7.54,-5.22846,1,10,0,0,18,74.902,0,0,3.84,0,183.2
1742,1846.160,13.7073,14.0109,13.6471,32,-.78125,2.34375,2122.25,26.0976,23,82.4,21.41,2.02,10.9804,16.0784,104.236,14.2196,7.54,-5.20647,1,10,0,0,18,74.902,0,0,4.096,0,183.2
1743,1846.200,13.7498,13.8961,13.6471,32,-.78125,2.34375,2156.25,26.0976,23,82.4,21.16,2.02,10.9804,16.0784,103.636,14.2196,7.54,-5.20647,1,10,0,0,18,74.902,0,0,3.84,0,183.2
1744,1846.240,13.6241,13.6664,13.6657,32,-1.5625,2.34375,2153,26.0976,23,82.4,21.07,2.02,10.9804,16.0784,103.691,14.2196,7.685,-5.2489,1,10,0,0,18,74.902,0,0,3.84,0,183.2
1745,1846.280,13.4559,13.6664,13.6968,32,-1.5625,2.34375,2140.5,26.0976,23,82.4,21.41,2.02,11.3725,16.0784,106.368,14.2196,7.685,-5.0099,1,10,0,0,18,74.902,0,0,3.84,0,183.2
1746,1846.320,13.4559,13.5516,13.6968,32,-1.5625,2.34375,2134,26.0976,23,82.4,21.24,2.02,11.3725,16.0784,106.461,14.2196,7.685,-5.0099,1,10,0,0,18,74.902,0,0,3.84,0,183.2
1747,1846.360,13.4133,13.5516,13.7343,32,-1.5625,2.34375,2169.25,26.0976,23,82.4,21.07,2.04,11.3725,16.0784,106.226,14.2196,7.685,-5.02879,1,10,0,0,18,74.902,0,0,3.84,0,183.2
1748,1846.400,13.4559,13.5516,13.7657,32,-1.5625,2.34375,2170.25,26.0976,23,82.4,21.67,2.04,11.7647,16.4706,110.627,14.2196,7.685,-4.65052,1,10,0,0,18,74.902,0,0,3.84,0,183.2
1749,1846.440,13.3708,13.6664,13.7657,32,-2.34375,2.34375,2156.25,26.0976,23,82.4,22.01,2.06,11.7647,16.4706,108.606,14.2196,7.685,-4.65052,1,10,0,0,19,74.902,0,0,3.84,0,183.2
1750,1846.480,13.4559,13.6664,13.7909,32,-2.34375,2.34375,2155.5,26.0976,22.5,82.4,22.18,2.06,10.9804,16.4706,103.647,14.2196,7.685,-5.01667,1,10,0,0,18,74.902,0,0,3.84,0,183.2
1751,1846.520,14.0032,13.6664,13.7909,32,-3.125,2.34375,2170.25,26.0976,22.5,82.4,22.09,2.04,11.3725,16.4706,105.865,14.2196,7.685,-5.01667,1,8,0,0,19,74.902,0,0,3.84,0,183.2
1752,1846.560,14.1714,13.7813,13.8036,32,-3.125,2.34375,2184.5,26.0976,22.5,82.4,21.5,2.04,10.9804,16.4706,103.135,14.2196,7.685,-5.05845,1,8,0,0,19,74.902,0,0,3.84,0,183.2
1753,1846.600,14.2972,13.8961,13.8672,32,-3.125,2.34375,2147.25,26.0976,22.5,82.4,21.75,2.02,10.9804,16.0784,101.329,14.2196,7.685,-5.47904,1,8,0,0,18,74.902,0,0,3.84,0,183.2
1754,1846.640,14.2565,13.8961,13.8672,32,-3.90625,2.34375,2149.75,26.0976,22.5,82.4,21.24,2.02,10.9804,16.0784,101.583,14.2196,7.685,-5.47904,1,8,0,0,18,74.902,0,0,3.84,0,183.2
1755,1846.680,14.2565,13.8961,14.1142,32,-4.6875,2.34375,2160.5,26.0976,22.5,82.4,20.82,2.02,10.9804,16.0784,103.476,14.2196,7.685,-5.23582,1,8,0,0,19,74.902,0,0,3.84,0,183.2
1756,1846.720,14.2972,13.8961,14.1407,32,-4.6875,2.34375,2180.25,26.0976,23,82.4,21.07,2.02,11.3725,16.0784,105.854,14.2196,7.685,-5.05967,1,8,0,0,19,74.902,0,0,3.84,0,183.2
1757,1846.760,14.1714,14.0109,14.1407,32,-5.46875,2.34375,2153,26.0976,23,82.4,21.41,2.04,11.3725,16.0784,105.935,14.2196,7.685,-5.05967,1,8,0,0,18,74.902,0,0,3.584,0,183.2
1758,1846.800,14.2972,14.0109,14.174,32,-5.46875,2.34375,2149.5,26.0976,23,82.4,21.84,2.04,11.3725,16.4706,106.213,14.2196,7.685,-4.83764,1,8,0,0,19,74.902,0,0,3.84,0,183.2
1759,1846.840,14.2972,14.1258,14.174,32,-5.46875,2.34375,2186.25,26.0976,23,82.4,22.09,2.06,10.9804,16.4706,103.1,14.2196,7.685,-4.83764,1,8,0,0,19,74.902,0,0,3.84,0,183.2
1760,1846.880,14.4248,14.2406,14.1941,32,-5.46875,2.34375,2182.75,26.0976,22.5,82.4,22.34,2.06,10.9804,16.4706,103.158,14.2196,7.685,-5.29564,1,8,0,0,18,74.902,0,0,3.84,0,183.2
1761,1846.920,14.6356,14.3555,14.2075,32,-5.46875,2.34375,2191.25,26.0976,22.5,82.4,21.58,2.04,10.9804,16.4706,103.008,14.2196,7.685,-5.29679,1,8,0,0,19,74.902,0,0,3.84,0,183.2
1762,1846.960,14.8039,14.4703,14.2075,32,-5.46875,2.34375,2167,26.0976,22.5,82.4,21.5,2.04,10.9804,16.0784,100.959,14.2196,7.685,-5.29679,1,8,0,0,19,74.902,0,0,3.84,0,183.2
1763,1847.000,14.8039,14.4703,14.2276,32,-5.46875,2.34375,2192.25,26.0976,23,82.4,21.5,2.04,10.9804,16.0784,100.493,14.2196,7.685,-5.49717,1,8,0,0,19,74.902,0,0,3.84,0,183.2
1764,1847.040,14.887,14.4703,14.2478,32,-5.46875,2.34375,2192.75,26.0976,23,82.4,20.65,2.02,10.9804,16.0784,100.291,14.2196,7.685,-5.53639,1,8,0,0,19,74.902,0,0,3.584,0,183.2
1765,1847.080,14.9721,14.4703,14.2478,32,-5.46875,2.34375,2197,26.0976,23,82.4,20.82,2.02,10.9804,16.0784,100.562,14.2196,7.685,-5.53639,1,8,0,0,19,74.902,0,0,3.584,0,183.2
1766,1847.120,14.9721,14.4703,14.2816,32,-5.46875,2.34375,2176.25,26.0976,23.5,82.4,21.24,2.02,10.9804,16.0784,103.067,14.2196,7.54,-5.28806,1,8,0,0,19,74.902,0,0,3.584,0,183.2
1767,1847.160,14.8464,14.4703,14.2816,32,-5.46875,2.34375,2201.75,26.719,23.5,82.4,21.5,2.04,10.9804,16.0784,100.638,14.2196,7.54,-5.28806,1,8,0,0,20,74.902,0,0,3.584,0,183.2
1768,1847.200,14.887,14.4703,14.3087,32,-5.46875,2.34375,2200.25,26.719,23.5,82.4,21.16,2.02,10.1961,16.0784,95.1843,14.2196,7.54,-5.64913,1,8,0,0,19,74.902,0,0,3.584,0,183.2
1769,1847.240,14.887,14.4703,14.3292,32,-5.46875,2.34375,2207.5,26.719,23.5,82.4,20.56,2,9.41177,15.2941,85.2992,14.2196,7.54,-6.05976,1,8,0,0,19,74.902,0,0,3.584,0,183.2
1770,1847.280,14.7188,14.4703,14.3292,32,-5.46875,2.34375,2188.75,26.719,23.5,82.4,19.59,1.96,9.01961,14.5098,80.602,14.2196,7.54,-6.05976,1,8,0,0,20,74.902,0,0,3.584,0,183.2
1771,1847.320,14.8039,14.4703,14.3702,32,-5.46875,2.34375,2187.75,26.719,24,82.4,18.63,1.94,8.62745,14.1176,78.138,14.2196,7.395,-6.42708,1,8,0,0,19,74.902,0,0,3.584,0,183.2
1772,1847.360,14.7613,14.3555,14.4599,32,-6.25,2.34375,2216.25,26.719,24.5,82.4,17.97,1.92,8.23529,14.1176,74.9013,14.2196,7.105,-6.5663,1,8,0,0,19,74.902,0,0,3.328,0,183.2
1773,1847.400,14.6782,14.2406,14.4599,32,-7.03125,2.34375,2211.25,26.719,25.5,82.4,17.59,1.9,8.23529,13.7255,72.5219,14.2196,6.96,-6.5663,1,8,0,0,20,74.902,0,0,3.328,0,183.2
1774,1847.440,14.6782,14.1258,14.5297,32,-7.03125,2.34375,2195.75,26.719,26,82.4,17.14,1.9,7.45098,13.7255,66.0086,14.2196,6.815,-6.74047,1,8,0,0,20,74.902,0,0,3.328,0,183.2
1775,1847.480,14.6782,14.0109,14.5297,32,-7.8125,2.34375,2179.25,26.719,26,82.4,16.6,1.88,6.66667,12.9412,61.7956,14.2196,6.67,-6.74047,1,8,0,0,19,74.902,0,0,3.072,0,183.2
1776,1847.520,14.5505,14.0109,14.6002,32,-8.59375,2.34375,2211.5,26.719,26.5,82.4,15.83,1.86,7.45098,12.9412,65.633,14.2196,6.525,-7.09103,1,8,0,0,19,74.902,0,0,3.072,0,183.2
1777,1847.560,14.5505,14.0109,14.6357,32,-8.59375,2.34375,2212,26.719,27,82.4,15.75,1.86,7.45098,12.9412,65.6158,14.2196,6.235,-6.94896,1,8,0,0,20,74.902,0,0,3.072,0,183.2
1778,1847.600,14.4248,14.0109,14.6357,32,-8.59375,2.34375,2198,26.719,27,82.4,15.42,1.84,7.05882,12.9412,63.6749,14.2196,6.09,-6.94896,1,8,0,0,20,74.902,0,0,2.816,0,183.2
1779,1847.640,14.3823,14.0109,14.6499,32,-9.375,2.34375,2180.75,26.719,27,82.4,15.83,1.86,7.05882,12.9412,63.897,14.2196,6.09,-7.00126,1,8,0,0,19,74.902,0,0,2.816,0,183.2
1780,1847.680,14.3397,14.1258,14.6357,32,-9.375,2.34375,2201,26.719,27.5,82.4,15.34,1.84,6.66667,12.9412,61.6307,14.2196,5.945,-7.09792,1,8,0,0,19,74.902,0,0,2.816,0,183.2
1781,1847.720,14.3823,14.1258,14.6357,32,-10.1563,2.34375,2219.5,26.719,27.5,82.4,15.59,1.84,7.05882,12.9412,63.121,14.2196,5.945,-7.09792,1,8,0,0,19,74.902,0,0,2.816,0,183.2
1782,1847.760,14.4673,14.2406,14.6144,32,-9.375,2.34375,2210.5,26.719,27.5,82.4,15.42,1.84,6.66667,12.9412,61.1294,14.2196,5.945,-7.04593,1,8,0,0,19,74.902,0,0,2.816,0,183.2
1783,1847.800,14.5931,14.3555,14.6144,32,-9.375,2.34375,2180.5,26.719,27.5,82.4,15.42,1.84,6.66667,12.9412,61.4436,14.2196,5.945,-7.04593,1,8,0,0,19,74.902,0,0,2.816,0,183.2
1784,1847.840,14.7188,14.4703,14.6073,32,-9.375,2.34375,2193.25,26.719,27.5,82.4,15.34,1.84,5.88235,12.9412,54.8325,14.2196,5.945,-7.18511,1,8,0,0,18,74.902,0,0,2.816,0,183.2
1785,1847.880,14.7613,14.5852,14.586,32,-9.375,2.34375,2211.25,26.719,27.5,82.4,15.25,1.82,5.88235,12.1569,54.2628,14.2196,5.8,-7.46848,1,8,0,0,19,74.902,0,0,2.816,0,183.2
1786,1847.920,14.9721,14.7,14.586,32,-8.59375,2.34375,2216.5,26.719,28,82.4,13.96,1.8,6.27451,11.7647,56.4337,14.2196,5.8,-7.46848,1,8,0,0,18,74.902,0,0,2.816,0,183.2
1787,1847.960,15.0147,14.8148,14.5931,32,-7.8125,2.34375,2204.75,26.719,28,82.4,13.87,1.8,6.66667,12.1569,58.9472,14.2196,5.655,-7.21834,1,8,0,0,18,74.902,0,0,2.816,0,183.2
1788,1848.000,15.2255,14.9297,14.6144,32,-7.8125,2.34375,2174.25,26.719,28,82.4,14.13,1.8,5.88235,12.1569,52.6464,14.2196,5.51,-7.45783,1,8,0,0,19,74.902,0,0,2.816,0,183.2
1789,1848.040,15.268,14.9297,14.6144,32,-7.03125,2.34375,2201.25,26.719,28,80.6,14.4,1.82,6.27451,12.1569,56.7339,14.2196,5.51,-7.45783,1,8,0,0,19,74.902,0,0,2.816,0,183.2
1790,1848.080,14.9721,14.9297,14.6002,32,-7.03125,2.34375,2212.25,26.719,28,80.6,14.22,1.8,5.88235,12.549,54.2443,14.2196,5.51,-7.29442,1,8,0,0,18,74.902,0,0,2.56,0,183.2
1791,1848.120,15.0147,14.9297,14.6002,32,-7.03125,2.34375,2210.75,26.719,28,80.6,14.22,1.8,5.88235,12.549,51.9955,14.2196,5.51,-7.29442,1,8,0,0,18,74.902,0,0,2.56,0,183.2
1792,1848.160,14.9296,14.9297,14.579,32,-6.25,2.34375,2179.5,26.719,28,80.6,14.4,1.82,5.4902,12.1569,50.2424,14.2196,5.51,-7.48389,1,8,0,0,19,74.902,0,0,2.56,0,183.2
1793,1848.200,14.9721,14.9297,14.5719,32,-6.25,2.34375,2196.25,26.719,28,80.6,13.96,1.8,5.09804,11.7647,47.926,14.2196,5.51,-7.6468,1,8,0,0,18,74.902,0,0,2.56,0,183.2
1794,1848.240,14.9296,14.9297,14.5719,32,-6.25,2.34375,2202.75,26.719,28,80.6,13.25,1.78,4.31373,11.3725,40.6423,14.2196,5.51,-7.6468,1,8,0,0,18,74.902,0,0,2.56,0,183.2
1795,1848.280,15.0572,15.0445,14.5719,32,-5.46875,2.34375,2198.75,26.719,28,80.6,12.02,1.74,3.92157,10.9804,36.2268,14.2196,5.365,-8.03099,1,8,0,0,18,74.902,0,0,2.56,0,183.2
1796,1848.320,15.0147,15.0445,14.6073,32,-5.46875,2.34375,2169,26.719,28,80.6,11.62,1.72,0,10.5882,31.0608,14.2196,5.22,-8.32193,1,8,0,0,19,74.902,0,0,2.56,0,183.2
1797,1848.360,14.9721,14.9297,14.6073,32,-5.46875,2.34375,2184.25,26.0976,28,80.6,11.26,1.68,0,10.1961,29.2229,14.2196,5.075,-8.32193,1,8,0,0,18,74.902,0,0,2.56,0,183.2
1798,1848.400,14.9296,14.8148,14.6428,32,-5.46875,2.34375,2192.75,26.0976,27.5,80.6,10.64,1.66,0,9.01961,0,14.2196,4.93,-9.56524,1,8,0,0,14,0,0,0,2.56,0,183.2
1799,1848.440,14.5931,14.7,14.6428,32,-5.46875,2.34375,2185.5,26.0976,27,80.6,9.52,1.58,0,8.23529,0,14.2196,4.785,-9.56524,1,8,0,0,10,0,0,0,2.304,0,183.2
1800,1848.480,14.4248,14.7,14.6785,32,-5.46875,2.34375,2171,26.0976,26,80.6,8.62,1.56,0,7.84314,0,14.2196,4.495,-9.56533,1,8,0,0,3,0,0,0,2.048,0,183.2
1801,1848.520,14.508,14.5852,14.7144,32,-5.46875,2.34375,2157.5,26.0976,25.5,80.6,7.94,1.5,0,7.05882,0,14.2196,4.35,-9.56543,1,8,0,0,1,0,0,0,2.048,0,183.2
1802,1848.560,14.4248,14.4703,14.7144,32,-5.46875,2.34375,2174.5,26.0976,25,80.6,7.65,1.48,0,7.05882,0,14.2196,4.06,-9.56543,1,8,0,0,0,0,0,0,0,0,183.2
1803,1848.600,14.2972,14.2406,14.5508,32,-6.25,2.34375,2169.75,26.0976,24,80.6,7.58,1.48,0,7.05882,0,14.2196,3.915,-9.56546,1,8,0,0,0,0,0,0,0,0,183.2
1804,1848.640,14.2972,14.1258,14.5508,32,-6.25,2.34375,2153,26.0976,23.5,80.6,7.28,1.48,0,7.05882,0,14.2196,3.77,-9.56555,1,8,0,0,1,0,0,0,0,0,183.2
1805,1848.680,14.1289,14.1258,14.5508,32,-6.25,2.34375,2116.5,26.0976,23,80.6,7.28,1.46,0,6.66667,0,14.2196,3.77,-9.56555,1,8,0,0,0,0,0,0,0,0,183.2
1806,1848.720,13.9181,14.2406,14.5508,32,-6.25,2.34375,2101.5,26.0976,22,80.6,7,1.46,0,6.66667,0,14.2196,3.625,-9.56564,1,8,0,0,1,0,0,0,0,0,183.2
1807,1848.760,14.2565,14.4703,14.5508,32,-6.25,2.34375,2075,26.0976,21.5,80.6,6.63,1.44,0,6.27451,0,14.2196,3.625,-9.56564,1,8,0,0,1,0,0,0,0,0,183.2
1808,1848.800,14.7188,14.7,14.5508,32,-6.25,2.34375,2018.25,26.0976,21,80.6,6.25,1.44,0,6.27451,0,14.2196,3.625,-9.56567,1,8,0,0,1,0,0,0,0,0,183.2
1809,1848.840,14.8039,14.9297,14.5508,32,-5.46875,2.34375,1973.25,26.0976,20,80.6,6.07,1.42,0,5.88235,0,14.2196,3.48,-9.52438,1,8,0,0,1,0,0,0,0,0,183.2
1810,1848.880,15.7303,15.5039,14.5508,32,-4.6875,2.34375,1934.75,26.0976,20,80.6,6.03,1.42,0,5.88235,0,14.2196,3.48,-9.52438,1,8,0,0,1,0,0,0,0,0,183.2
1811,1848.920,16.1093,16.193,14.5578,32,-3.125,2.34375,1860.25,26.0976,20,80.6,5.92,1.42,0,5.4902,0,14.2196,3.48,-9.33532,1,8,0,0,1,0,0,0,0,0,183.2
1812,1848.960,16.616,16.7672,14.5578,32,-2.34375,2.34375,1819.75,26.0976,20,80.6,5.67,1.4,0,5.4902,0,14.2196,3.48,-9.12164,1,8,0,0,1,0,0,0,0,0,183.2
1813,1849.000,17.0357,17.1117,14.5578,32,-.78125,2.34375,1765.75,26.0976,19.5,80.6,5.54,1.38,0,5.09804,0,14.2196,3.48,-9.12164,1,8,0,0,1,0,0,0,0,0,183.2
1814,1849.040,17.5424,17.4562,12.676,32,0,1.5625,1727,26.0976,18.5,80.6,5.32,1.36,0,5.09804,0,14.2196,3.48,-8.91406,1,8,0,0,1,0,0,0,1.792,0,183.2
1815,1849.080,18.5113,18.0305,12.676,32,0,1.5625,1676.75,25.4762,17.5,80.6,5.29,1.36,0,5.09804,0,14.2196,3.48,-8.91406,1,8,0,0,1,0,0,0,1.792,0,183.2
1816,1849.120,18.8904,18.2602,12.6814,32,0,1.5625,1625,25.4762,16.5,80.6,5.32,1.38,0,5.4902,0,14.2196,3.48,-8.76909,1,8,0,0,1,0,0,0,1.792,0,183.2
1817,1849.160,19.0161,18.2602,12.6814,32,0,1.5625,1611,25.4762,16.5,80.6,5.67,1.44,0,6.66667,0,14.2196,3.48,-8.60712,1,8,0,0,1,0,0,0,1.792,0,183.2
1818,1849.200,19.0587,18.0305,12.6814,32,0,1.5625,1591,25.4762,16,80.6,6.33,1.46,0,6.66667,0,14.2196,3.48,-8.60712,1,8,0,0,1,0,0,0,1.792,0,183.2
1819,1849.240,18.8904,17.8008,12.6814,32,0,2.34375,1573.25,25.4762,16,80.6,7,1.46,0,6.66667,0,14.2196,3.48,-8.57993,1,8,0,0,1,0,0,0,2.048,0,183.2
1820,1849.280,18.2154,16.9969,12.6814,32,0,2.34375,1559.5,25.4762,16,80.6,6.72,1.46,0,6.66667,0,14.2196,3.48,-8.58002,1,8,0,0,1,0,0,0,2.048,0,183.2
1821,1849.320,17.7532,16.0781,12.6814,32,0,2.34375,1561,25.4762,16,80.6,6.91,1.46,3.52941,6.66667,38.9846,14.2196,3.625,-8.58002,1,8,0,0,1,0,0,0,2.048,0,183.2
1822,1849.360,17.1208,15.0445,12.6441,32,0,2.34375,1553.25,25.4762,16.5,80.6,7.61,1.58,10.9804,11.3725,110.444,14.2196,3.625,-5.44052,1,8,0,0,1,74.902,0,0,2.048,0,183.2
1823,1849.400,16.237,14.4703,12.6441,32,-2.34375,2.34375,1568.25,25.4762,17.5,80.6,11.23,1.76,1.96078,12.1569,22.4763,14.2196,4.35,-5.44052,1,8,0,0,1,74.902,0,0,2.304,0,183.2
1824,1849.440,15.8153,14.0109,12.544,32,-3.125,2.34375,1556,25.4762,17.5,80.6,11.78,1.68,0,9.01961,0,14.2196,4.64,-8.58013,1,8,0,0,1,0,0,0,2.304,0,183.2
1825,1849.480,14.887,13.5516,13.8992,32,-3.90625,2.34375,1552.25,25.4762,17,80.6,9.7,1.6,0,7.84314,0,14.2196,4.785,-8.58021,1,8,0,0,2,0,0,0,2.304,0,183.2
1826,1849.520,14.214,13.3219,13.8992,32,-4.6875,2.34375,1619.75,25.4762,9.5,80.6,8.47,1.52,0,6.66667,0,14.2196,4.785,-8.58021,1,8,0,0,1,0,0,0,2.304,0,183.2
1827,1849.560,13.9181,12.9773,13.9249,32,-5.46875,2.34375,1736,24.8548,11.5,80.6,7.42,1.46,0,6.27451,0,14.2196,4.64,-8.75054,1,8,0,0,0,0,0,0,2.304,0,183.2
1828,1849.600,13.7924,12.7477,14.0156,32,-6.25,2.34375,1787.75,24.8548,12.5,80.6,6.5,1.44,0,6.27451,0,14.2196,4.495,-9.0435,1,8,0,0,0,0,0,0,2.304,0,183.2
1829,1849.640,13.7498,12.4031,14.0156,32,-7.03125,2.34375,1837.25,24.8548,12.5,80.6,6.33,1.44,0,6.27451,0,14.2196,4.35,-9.0435,1,8,0,0,0,0,0,0,2.048,0,183.2
1830,1849.680,13.2876,12.0586,14.1142,32,-7.8125,2.34375,1917.25,24.8548,12.5,80.6,6.11,1.44,0,6.27451,0,14.2196,4.205,-9.30767,1,8,0,0,0,0,0,0,2.048,0,183.2
1831,1849.720,12.9917,11.7141,14.1142,31,-9.375,2.34375,2021.5,24.8548,12.5,80.6,6.25,1.44,0,6.66667,0,14.2196,3.915,-9.30767,1,8,0,0,0,0,0,0,1.792,0,183.2
1832,1849.760,12.7384,11.4844,14.1874,31,-10.9375,2.34375,2076.75,24.8548,12.5,80.6,6.5,1.46,0,7.05882,0,14.2196,3.915,-9.5666,1,8,0,0,0,0,0,0,1.792,0,183.2
1833,1849.800,12.4018,11.8289,14.2748,31,-10.9375,2.34375,2142.75,24.2335,12.5,80.6,6.54,1.46,0,7.05882,0,14.2196,3.77,-9.56662,1,8,0,0,0,0,0,0,1.792,0,183.2
1834,1849.840,12.191,12.1734,14.2748,31,-10.9375,2.34375,2242,24.2335,12.5,80.6,7,1.46,0,7.05882,0,14.2196,3.625,-9.56662,1,8,0,0,0,0,0,0,1.792,0,183.2
1835,1849.880,12.2336,12.518,14.2952,31,-10.9375,2.34375,2331.75,24.2335,12.5,80.6,7.09,1.46,0,7.05882,0,14.2196,3.48,-9.5667,1,8,0,0,0,0,0,0,1.792,0,183.2
1836,1849.920,12.3593,12.8625,14.3224,31,-10.1563,2.34375,2497.5,24.2335,12.5,80.6,7.19,1.46,0,7.05882,0,14.2196,3.48,-9.56678,1,8,0,0,0,0,0,0,1.792,0,183.2
1837,1849.960,12.5701,13.207,14.3224,31,-10.1563,2.34375,2556,24.2335,12.5,80.6,7.63,1.48,0,7.45098,0,14.2196,3.335,-9.56678,1,8,0,0,0,0,0,0,1.536,0,183.2
1838,1850.000,12.9492,13.6664,14.3292,31,-10.1563,2.34375,2505,24.2335,12.5,80.6,7.73,1.5,0,7.84314,0,14.2196,3.335,-9.5668,1,8,0,0,1,0,0,0,1.536,0,183.2
1839,1850.040,13.4984,14.0109,14.3292,31,-9.375,2.34375,2424.75,24.2335,12.5,80.6,7.8,1.5,0,7.84314,0,14.2196,3.335,-9.5668,1,8,0,0,1,0,0,0,1.536,0,183.2
1840,1850.080,14.3397,14.5852,14.3156,31,-8.59375,2.34375,2380.5,24.2335,12.5,80.6,7.84,1.52,0,7.84314,0,14.2196,3.335,-9.56682,1,8,0,0,1,0,0,0,1.536,0,183.2
1841,1850.120,14.9296,15.2742,14.3019,31,-7.8125,2.34375,2321.75,23.6121,12.5,80.6,7.86,1.52,0,7.84314,0,14.2196,3.335,-9.56684,1,8,0,0,1,0,0,0,1.536,0,183.2
1842,1850.160,15.1404,15.8484,14.3019,31,-7.03125,2.34375,2327,23.6121,12.5,80.6,7.82,1.5,0,7.45098,0,14.2196,3.335,-9.56684,1,8,0,0,0,0,0,0,1.792,0,183.2
1843,1850.200,14.9296,16.193,14.2748,31,-6.25,2.34375,2394,23.6121,12.5,80.6,7.75,1.5,0,7.05882,0,14.2196,3.335,-9.56686,1,8,0,0,0,0,0,0,1.792,0,183.2
1844,1850.240,15.5194,16.4227,14.2748,31,-5.46875,2.34375,2474.25,23.6121,12.5,80.6,7.67,1.48,0,7.05882,0,14.2196,3.335,-9.56694,1,8,0,0,0,0,0,0,1.792,0,183.2
1845,1850.280,16.1944,16.0781,14.2748,31,-5.46875,2.34375,2458.75,23.6121,12.5,80.6,7.63,1.48,0,7.05882,0,14.2196,3.335,-9.56694,1,8,0,0,0,0,0,0,1.792,0,183.2
1846,1850.320,16.2776,16.193,14.2748,31,-4.6875,2.34375,2400.75,23.6121,20,80.6,7.63,1.48,0,7.05882,0,14.2196,3.335,-9.56702,1,8,0,0,0,0,0,0,1.792,0,183.2
1847,1850.360,16.2776,16.5375,14.2748,31,-3.90625,2.34375,2372,23.6121,20,80.6,7.49,1.48,0,7.05882,0,14.2196,3.335,-9.56702,1,8,0,0,1,0,0,0,1.792,0,183.2
1848,1850.400,16.616,16.4227,14.3292,31,-3.90625,2.34375,2331.5,23.6121,20,80.6,7.58,1.48,0,7.05882,0,14.2196,3.19,-9.56698,1,8,0,0,1,0,0,0,1.792,0,183.2
1849,1850.440,16.7417,15.9633,14.5508,31,-3.90625,2.34375,2304.75,23.6121,20,80.6,7.46,1.48,0,7.05882,0,14.2196,3.19,-9.56706,1,8,0,0,1,0,0,0,1.792,0,183.2
1850,1850.480,16.0668,15.7336,14.5508,31,-3.90625,2.34375,2290,23.6121,20,80.6,7.09,1.46,0,7.05882,0,14.2196,3.19,-9.56706,1,8,0,0,1,0,0,0,1.792,0,183.2
1851,1850.520,16.0668,15.3891,14.5508,31,-3.90625,2.34375,2347,22.9907,20,80.6,7.28,1.48,0,7.05882,0,14.2196,3.19,-9.56708,1,8,0,0,0,0,0,0,1.792,0,183.2
1852,1850.560,15.9836,15.0445,14.5508,31,-3.90625,2.34375,2385.5,22.9907,20,80.6,7.46,1.48,0,7.05882,0,14.2196,3.19,-9.56716,1,8,0,0,0,0,0,0,1.536,0,183.2
1853,1850.600,15.6471,14.9297,14.5508,31,-3.90625,2.34375,2350.25,22.9907,20,80.6,7.6,1.48,0,7.05882,0,14.2196,3.19,-9.56716,1,8,0,0,0,0,0,0,1.536,0,183.2
1854,1850.640,15.4363,14.8148,14.5508,31,-3.90625,2.34375,2317.5,22.9907,20,80.6,7.58,1.48,0,7.05882,0,14.2196,3.19,-9.56723,1,8,0,0,1,0,0,0,1.792,0,183.2
1855,1850.680,15.268,14.9297,14.5508,31,-3.90625,2.34375,2267.25,22.9907,20,80.6,7.46,1.48,0,7.05882,0,14.2196,3.19,-9.56723,1,8,0,0,1,0,0,0,1.792,0,183.2
1856,1850.720,15.0978,15.0445,14.5508,31,-3.90625,2.34375,2262.25,22.9907,20,80.6,7.19,1.46,0,7.05882,0,14.2196,3.19,-9.56725,1,8,0,0,1,0,0,0,1.792,0,183.2
1857,1850.760,15.268,15.1594,14.5508,31,-3.125,2.34375,2276,22.9907,20,80.6,7.09,1.46,0,7.05882,0,14.2196,3.19,-9.56733,1,8,0,0,1,0,0,0,1.792,0,183.2
1858,1850.800,15.3086,15.2742,14.5508,31,-3.125,2.34375,2326.25,22.9907,20,80.6,7.19,1.46,0,7.05882,0,14.2196,3.19,-9.56733,1,8,0,0,1,0,0,0,1.792,0,183.2
1859,1850.840,15.3512,15.5039,14.5508,31,-2.34375,2.34375,2315.75,22.3694,20,80.6,7.09,1.46,0,7.05882,0,14.2196,3.19,-9.5674,1,8,0,0,0,0,0,0,1.792,0,183.2
1860,1850.880,15.4363,15.3891,14.5508,31,-2.34375,2.34375,2295.25,22.3694,20,80.6,7.09,1.46,0,7.05882,0,14.2196,3.19,-9.56748,1,8,0,0,1,0,0,0,1.792,0,183.2
1861,1850.920,15.8153,15.1594,14.5508,31,-2.34375,2.34375,2245.25,22.3694,20,80.6,6.91,1.46,0,7.05882,0,14.2196,3.19,-9.56748,1,8,0,0,1,0,0,0,1.536,0,183.2
1862,1850.960,15.7303,15.0445,14.5508,31,-2.34375,2.34375,2218.75,22.3694,20,80.6,7.09,1.46,0,7.05882,0,14.2196,3.19,-9.56749,1,8,0,0,1,0,0,0,1.536,0,183.2
1863,1851.000,15.4363,15.0445,14.5508,31,-2.34375,2.34375,2203.75,22.3694,20,80.6,7.28,1.48,0,7.05882,0,14.2196,3.19,-9.56749,1,8,0,0,1,0,0,0,1.792,0,183.2
1864,1851.040,15.3086,15.1594,14.5508,31,-2.34375,2.34375,2246.75,22.3694,20,80.6,7.09,1.46,0,7.05882,0,14.2196,3.19,-9.56751,1,8,0,0,0,0,0,0,1.792,0,183.2
1865,1851.080,15.268,15.2742,14.5508,31,-1.5625,2.34375,2253,21.748,20,80.6,7.28,1.46,0,7.05882,0,14.2196,3.19,-9.56758,1,8,0,0,1,0,0,0,1.792,0,183.2
1866,1851.120,15.4363,15.3891,14.5508,31,-1.5625,2.34375,2244.5,21.748,20,80.6,7.19,1.46,0,7.05882,0,14.2196,3.19,-9.56758,1,8,0,0,1,0,0,0,1.792,0,183.2
1867,1851.160,15.6471,15.3891,14.5508,31,-1.5625,2.34375,2190,21.748,20,80.6,7.28,1.46,0,7.05882,0,14.2196,3.19,-9.56759,1,8,0,0,1,0,0,0,1.792,0,183.2
1868,1851.200,15.7303,15.3891,14.5508,31,-1.5625,2.34375,2160.75,21.748,20,80.6,7.28,1.46,0,7.05882,0,14.2196,3.19,-9.56767,1,8,0,0,1,0,0,0,1.792,0,183.2
1869,1851.240,15.562,15.3891,14.5508,31,-.78125,2.34375,2149.5,21.748,20,80.6,7.09,1.46,0,7.05882,0,14.2196,3.19,-9.56767,1,8,0,0,1,0,0,0,1.792,0,183.2
1870,1851.280,15.5194,15.1594,14.5508,31,-.78125,2.34375,2191,21.748,20,80.6,7.09,1.46,0,7.05882,0,14.2196,3.19,-9.56774,1,8,0,0,1,0,0,0,1.792,0,183.2
1871,1851.320,15.4769,15.0445,14.5508,31,-.78125,2.34375,2195.5,21.748,20,80.6,7,1.46,0,7.05882,0,14.2196,3.335,-9.56774,1,8,0,0,1,0,0,0,1.792,0,183.2
1872,1851.360,15.3086,15.2742,14.5508,31,-.78125,2.34375,2190.75,21.748,20,80.6,6.91,1.46,0,7.05882,0,14.2196,3.19,-9.56782,1,8,0,0,1,0,0,0,1.792,0,183.2
1873,1851.400,15.268,15.2742,14.5508,31,-.78125,2.34375,2165.75,21.1266,20,80.6,6.91,1.46,0,7.05882,0,14.2196,3.19,-9.56789,1,8,0,0,1,0,0,0,1.792,0,183.2
1874,1851.440,15.6045,15.1594,14.5508,31,0,2.34375,2109,21.1266,20,80.6,6.91,1.46,0,7.05882,0,14.2196,3.19,-9.56789,1,8,0,0,1,0,0,0,1.792,0,183.2
1875,1851.480,15.5194,14.9297,14.5508,31,-.78125,2.34375,2088.75,21.1266,20,80.6,7.09,1.46,0,7.05882,0,14.2196,3.19,-9.56796,1,8,0,0,1,0,0,0,1.792,0,183.2
1876,1851.520,15.562,14.8148,14.5508,31,-.78125,2.34375,2088.75,21.1266,20,80.6,7.19,1.46,0,7.05882,0,14.2196,3.19,-9.56804,1,8,0,0,1,0,0,0,1.792,0,183.2
1877,1851.560,15.6045,14.7,14.5508,31,-.78125,2.34375,2136.75,20.5052,20,80.6,7.09,1.46,0,7.05882,0,14.2196,3.19,-9.56804,1,8,0,0,1,0,0,0,1.792,0,183.2
1878,1851.600,15.6471,14.8148,14.5508,31,-.78125,2.34375,2138.75,20.5052,20,80.6,7.28,1.46,0,7.05882,0,14.2196,3.19,-9.56811,1,8,0,0,1,0,0,0,1.792,0,183.2
1879,1851.640,15.4769,14.8148,14.5508,31,-.78125,2.34375,2099.25,20.5052,20,80.6,7.09,1.46,0,7.05882,0,14.2196,3.19,-9.56811,1,8,0,0,1,0,0,0,1.792,0,183.2
1880,1851.680,15.2255,14.9297,14.5508,31,0,2.34375,2075.75,20.5052,20,80.6,7.09,1.46,0,7.05882,0,14.2196,3.19,-9.56818,1,8,0,0,1,0,0,0,1.792,0,183.2
1881,1851.720,15.562,15.0445,14.5508,31,0,2.34375,2039.75,20.5052,20,80.6,7.09,1.46,0,7.05882,0,14.2196,3.335,-9.56825,1,8,0,0,1,0,0,0,1.792,0,183.2
1882,1851.760,15.562,14.8148,14.5508,31,0,2.34375,2034.5,20.5052,20,80.6,7.28,1.48,0,7.05882,0,14.2196,3.335,-9.56825,1,8,0,0,1,0,0,0,1.792,0,183.2
1883,1851.800,15.856,14.8148,14.5508,31,0,2.34375,2061,20.5052,20,80.6,7.46,1.48,0,7.05882,0,14.2196,3.335,-9.56826,1,8,0,0,1,0,0,0,1.792,0,183.2
1884,1851.840,15.7303,14.8148,14.5508,31,0,2.34375,2063.75,20.5052,20,80.6,7.46,1.48,0,7.05882,0,14.2196,3.335,-9.56833,1,8,0,0,1,0,0,0,1.792,0,183.2
1885,1851.880,15.8153,14.8148,14.5508,31,0,2.34375,2049.5,19.8839,20,80.6,7.09,1.46,0,7.05882,0,14.2196,3.335,-9.56833,1,8,0,0,1,0,0,0,1.792,0,183.2
1886,1851.920,15.5194,14.7,14.5508,31,0,2.34375,2021.75,19.8839,20,80.6,7,1.46,0,7.05882,0,14.2196,3.335,-9.56839,1,8,0,0,1,0,0,0,1.792,0,183.2
1887,1851.960,15.7728,14.5852,14.5508,31,0,2.34375,1984.5,19.8839,20,80.6,7.09,1.46,0,7.05882,0,14.2196,3.335,-9.56839,1,8,0,0,1,0,0,0,1.792,0,183.2
1888,1852.000,15.8153,14.5852,14.5508,31,0,2.34375,1966.75,19.8839,20,80.6,7.28,1.46,0,7.05882,0,14.2196,3.335,-9.53038,1,8,0,0,1,0,0,0,1.792,0,183.2
1889,1852.040,15.4769,14.4703,14.5578,31,0,2.34375,1964.25,19.8839,20,80.6,7.28,1.46,0,7.05882,0,14.2196,3.335,-9.48024,1,8,0,0,1,0,0,0,1.792,0,183.2
1890,1852.080,15.4363,14.4703,14.5578,31,0,2.34375,1984.25,19.8839,20,80.6,7.09,1.46,0,6.66667,0,14.2196,3.335,-9.48024,1,8,0,0,1,0,0,0,1.792,0,183.2
1891,1852.120,15.0978,14.3555,14.5508,31,0,2.34375,1995,19.2625,20,80.6,7.09,1.46,0,6.66667,0,14.2196,3.335,-9.5686,1,8,0,0,1,0,0,0,1.792,0,183.2
1892,1852.160,15.1404,14.3555,14.5508,31,-.78125,2.34375,1976.75,19.2625,20,80.6,7.09,1.46,0,6.66667,0,14.2196,3.335,-9.51108,1,8,0,0,1,0,0,0,1.792,0,183.2
1893,1852.200,15.0978,14.3555,14.5508,31,-.78125,2.34375,1927,19.2625,20,80.6,7.28,1.46,0,6.66667,0,14.2196,3.335,-9.51108,1,8,0,0,1,0,0,0,1.792,0,183.2
1894,1852.240,14.9721,14.3555,14.5578,31,-.78125,2.34375,1904.75,19.2625,20,80.6,7.28,1.46,0,6.66667,0,14.2196,3.335,-9.37734,1,8,0,0,1,0,0,0,1.792,0,183.2
1895,1852.280,14.8039,14.3555,14.5578,31,-.78125,2.34375,1919.25,19.2625,20,80.6,7.09,1.46,0,6.66667,0,14.2196,3.335,-9.37734,1,8,0,0,1,0,0,0,1.792,0,183.2
1896,1852.320,14.7613,14.3555,14.5578,31,-.78125,2.34375,1935,19.2625,20,80.6,7.09,1.46,0,6.66667,0,14.2196,3.335,-9.3699,1,8,0,0,1,0,0,0,1.792,0,183.2
1897,1852.360,14.887,14.3555,14.5578,31,-.78125,2.34375,1936.25,18.6411,20,80.6,6.72,1.46,0,6.66667,0,14.2196,3.335,-9.44188,1,8,0,0,1,0,0,0,1.792,0,183.2
1898,1852.400,14.5931,14.4703,14.5578,31,-.78125,2.34375,1915.75,18.6411,20,80.6,6.72,1.46,0,6.66667,0,14.2196,3.335,-9.44188,1,8,0,0,1,0,0,0,1.792,0,183.2
1899,1852.440,14.887,14.4703,14.5578,31,-.78125,2.34375,1892.5,18.6411,20,80.6,6.5,1.46,0,6.66667,0,14.2196,3.335,-9.3609,1,8,0,0,1,0,0,0,1.792,0,183.2
1900,1852.480,14.887,14.3555,14.5578,31,-.78125,2.34375,1845.75,18.6411,20,80.6,6.54,1.46,0,6.66667,0,14.2196,3.335,-9.24506,1,8,0,0,1,0,0,0,1.792,0,183.2
1901,1852.520,14.9721,14.3555,14.5578,31,-.78125,2.34375,1826.75,18.6411,20,80.6,6.72,1.46,0,6.66667,0,14.2196,3.335,-9.24506,1,8,0,0,1,0,0,0,1.792,0,183.2
1902,1852.560,15.0147,14.3555,14.5578,31,-.78125,2.34375,1838.25,18.6411,20,80.6,6.72,1.46,0,6.66667,0,14.2196,3.335,-9.14841,1,8,0,0,1,0,0,0,1.792,0,183.2
1903,1852.600,14.9721,14.2406,14.5578,31,-.78125,2.34375,1856.5,18.0198,20,80.6,6.81,1.46,0,6.66667,0,14.2196,3.335,-9.14841,1,8,0,0,1,0,0,0,1.792,0,183.2
1904,1852.640,14.8039,14.2406,14.5227,31,-1.5625,2.34375,1850.75,18.0198,20,80.6,6.54,1.46,0,6.66667,0,14.2196,3.335,-9.21547,1,8,0,0,1,0,0,0,1.792,0,183.2
1905,1852.680,14.7613,14.3555,14.5297,31,-1.5625,2.34375,1810,18.0198,20,80.6,6.72,1.46,0,6.66667,0,14.2196,3.335,-9.15674,1,8,0,0,1,0,0,0,1.792,0,183.2
1906,1852.720,14.7188,14.3555,14.5297,31,-1.5625,2.34375,1790.5,18.0198,20,80.6,6.72,1.46,0,6.66667,0,14.2196,3.335,-9.15674,1,8,0,0,1,0,0,0,1.792,0,183.2
1907,1852.760,14.5931,14.3555,14.5297,31,-1.5625,2.34375,1789,18.0198,20,80.6,6.54,1.46,0,6.66667,0,14.2196,3.48,-9.04724,1,8,0,0,1,0,0,0,1.792,0,183.2
1908,1852.800,14.7188,14.3555,14.5227,31,-1.5625,2.34375,1796.75,18.0198,20,80.6,6.54,1.46,0,6.66667,0,14.2196,3.48,-9.06837,1,8,0,0,1,0,0,0,1.792,0,183.2
1909,1852.840,14.3823,14.4703,14.5227,31,-1.5625,2.34375,1808.25,18.0198,20,80.6,6.72,1.46,0,6.66667,0,14.2196,3.48,-9.06837,1,8,0,0,1,0,0,0,1.792,0,183.2
1910,1852.880,14.214,14.4703,14.5157,31,-1.5625,2.34375,1798.75,18.0198,20,80.6,6.54,1.46,0,6.66667,0,14.2196,3.48,-9.10286,1,8,0,0,1,0,0,0,1.792,0,183.2
1911,1852.920,14.2972,14.4703,14.5157,31,-1.5625,2.34375,1788.5,17.3984,20,80.6,6.37,1.44,0,6.66667,0,14.2196,3.48,-9.10286,1,8,0,0,1,0,0,0,1.792,0,183.2
1912,1852.960,14.4248,14.4703,14.5157,31,-1.5625,2.34375,1770.75,17.3984,19.5,80.6,6.54,1.46,0,6.66667,0,14.2196,3.48,-9.04757,1,8,0,0,1,0,0,0,1.792,0,183.2
1913,1853.000,14.4673,14.4703,14.5087,31,-1.5625,2.34375,1756.5,17.3984,19,80.6,6.54,1.46,0,6.66667,0,14.2196,3.48,-8.96187,1,8,0,0,1,0,0,0,1.792,0,183.2
1914,1853.040,14.4673,14.4703,14.5087,31,-1.5625,2.34375,1754.5,17.3984,19,80.6,6.63,1.46,0,6.66667,0,14.2196,3.48,-8.96187,1,8,0,0,1,0,0,0,1.792,0,183.2
1915,1853.080,14.4673,14.4703,14.5157,31,-1.5625,2.34375,1755.25,17.3984,19,80.6,6.44,1.46,0,6.66667,0,14.2196,3.48,-8.95682,1,8,0,0,1,0,0,0,1.792,0,183.2
1916,1853.120,14.5931,14.5852,14.5087,31,-1.5625,2.34375,1748.5,17.3984,19,80.6,6.37,1.46,0,6.66667,0,14.2196,3.48,-8.94883,1,8,0,0,1,0,0,0,1.792,0,183.2
1917,1853.160,14.4673,14.5852,14.5087,31,-.78125,2.34375,1736,17.3984,19,80.6,6.33,1.44,0,6.66667,0,14.2196,3.48,-8.94883,1,8,0,0,1,0,0,0,1.792,0,183.2
1918,1853.200,14.4248,14.5852,14.5017,31,-.78125,2.34375,1731.5,17.3984,19,80.6,6.25,1.44,0,6.66667,0,14.2196,3.48,-8.92199,1,8,0,0,1,0,0,0,1.792,0,183.2
1919,1853.240,14.2972,14.5852,14.5017,31,-.78125,2.34375,1720.5,16.777,18.5,80.6,6.4,1.46,.392157,6.66667,2.39844,14.2196,3.48,-8.92199,1,8,0,0,1,0,0,0,1.792,0,183.2
1920,1853.280,14.5931,14.5852,14.5087,31,-.78125,2.34375,1733.25,16.777,19,80.6,6.54,1.46,.392157,6.66667,3.37385,14.2196,3.48,-8.80045,1,8,0,0,1,0,0,0,1.792,0,183.2
1921,1853.320,14.6356,14.7,14.5087,31,-.78125,2.34375,1727.25,16.777,19,80.6,6.4,1.46,.784314,6.66667,5.91875,14.2196,3.625,-8.72543,1,8,0,0,1,30.1961,0,0,1.792,0,183.2
1922,1853.360,14.5505,14.8148,14.5087,31,-.78125,2.34375,1713.75,16.777,19.5,80.6,6.81,1.46,1.56863,7.45098,13.9222,14.2196,3.625,-8.72543,1,8,0,0,1,30.1961,0,0,1.792,0,183.2
1923,1853.400,14.6356,14.8148,14.5087,31,-.78125,2.34375,1708.25,16.777,20,80.6,7.53,1.52,1.96078,8.23529,19.2712,14.2196,3.625,-8.31652,1,8,0,0,1,34.1176,0,0,1.792,0,183.2
1924,1853.440,14.7613,14.9297,14.4948,31,0,2.34375,1693.75,16.777,20.5,80.6,7.94,1.54,1.96078,8.23529,19.317,14.2196,3.625,-8.18697,1,8,0,0,3,33.3333,0,0,2.048,0,183.2
1925,1853.480,14.7613,14.9297,14.4948,31,0,2.34375,1684.75,16.777,21,80.6,8.25,1.56,3.52941,9.01961,35.4443,14.2196,3.77,-8.18697,1,8,0,0,5,33.3333,0,0,2.048,0,183.2
1926,1853.520,15.0572,14.9297,14.4322,31,0,2.34375,1686,16.777,21.5,80.6,8.8,1.58,4.70588,9.01961,48.9702,14.2196,3.915,-7.37028,1,8,0,0,5,51.7647,0,0,2.048,0,183.2
1927,1853.560,15.0147,14.8148,14.4322,31,0,2.34375,1705,16.777,22.5,80.6,9.49,1.64,5.88235,10.1961,59.3448,14.2196,4.06,-7.37028,1,8,0,0,7,51.7647,0,0,2.304,0,183.2
1928,1853.600,15.0572,14.9297,14.2075,31,0,2.34375,1697.25,16.777,23,80.6,10.33,1.7,6.66667,11.3725,69.9885,14.2196,4.205,-6.89848,1,8,0,0,8,66.6667,0,0,2.304,0,183.2
1929,1853.640,14.9721,14.9297,13.8162,31,.78125,2.34375,1708.25,16.777,24,82.4,11.78,1.76,7.05882,12.549,72.6516,14.2196,4.64,-6.4676,1,8,0,0,10,74.902,0,0,2.56,0,183.2
1930,1853.680,15.0147,15.0445,13.8162,31,.78125,2.34375,1721,16.777,25,82.4,13.16,1.8,7.45098,12.549,75.1192,14.2196,5.075,-6.4676,1,8,0,0,10,74.902,0,0,2.816,0,183.2
1931,1853.720,15.1829,15.1594,13.5063,31,1.5625,2.34375,1728,16.777,25.5,82.4,14.13,1.82,7.45098,12.9412,77.6665,14.2196,5.365,-6.40073,1,8,0,0,12,74.902,0,0,2.816,0,183.2
1932,1853.760,15.3937,15.2742,13.4882,31,3.125,2.34375,1694.75,16.777,26,82.4,15.08,1.82,7.45098,12.9412,78.014,14.2196,5.655,-6.28792,1,8,0,0,13,74.902,0,0,3.072,0,183.2
1933,1853.800,15.6045,15.5039,13.4882,31,3.90625,2.34375,1661,16.777,26.5,82.4,15.08,1.82,7.45098,12.9412,78.752,14.2196,5.945,-6.28792,1,8,0,0,13,74.902,0,0,3.328,0,183.2
1934,1853.840,15.8985,15.7336,13.5489,31,4.6875,2.34375,1666.5,16.777,26.5,82.4,14.91,1.84,7.45098,12.9412,78.6623,14.2196,6.235,-6.22758,1,8,0,0,13,74.902,0,0,3.328,0,183.2
1935,1853.880,15.856,15.7336,13.5489,31,5.46875,2.34375,1695.25,16.777,26,82.4,15.08,1.84,9.01961,12.9412,90.3715,14.2196,6.38,-6.22758,1,8,0,0,13,74.902,0,0,3.584,0,183.2
1936,1853.920,15.5194,15.6187,13.6844,31,6.25,2.34375,1708,16.777,4.5,82.4,15.66,1.86,9.80392,13.7255,99.3859,14.2196,6.525,-5.88001,1,8,0,0,13,74.902,0,0,3.584,0,183.2
1937,1853.960,15.0147,15.3891,13.7909,31,5.46875,2.34375,1668.75,16.777,4,82.4,16.91,1.9,10.1961,14.5098,102.325,14.2196,6.67,-5.42457,1,8,0,0,13,74.902,0,0,3.84,0,183.2
1938,1854.000,14.4248,14.9297,13.7909,31,4.6875,2.34375,1626,16.777,25,82.4,17.4,1.9,10.1961,14.5098,105.309,14.2196,6.96,-5.42457,1,8,0,0,13,74.902,0,0,3.84,0,183.2
1939,1854.040,14.0032,14.5852,13.3329,31,3.90625,2.34375,1687,16.777,24,82.4,17.71,1.92,10.9804,15.2941,111.249,14.2196,7.25,-5.11233,1,8,0,0,13,74.902,0,0,4.096,0,183.2
1940,1854.080,14.0457,14.3555,13.452,31,3.125,2.34375,1762.75,16.777,23,82.4,19.33,1.98,11.7647,16.0784,114.956,14.2196,7.54,-4.28623,1,8,0,0,13,74.902,0,0,4.096,0,183.2
1941,1854.120,13.8349,14.1258,13.452,31,2.34375,2.34375,1724.75,16.777,22,82.4,20.17,2,11.7647,16.0784,117.594,14.2196,7.83,-4.28623,1,8,0,0,14,74.902,0,0,4.352,0,183.2
1942,1854.160,13.7924,14.0109,13.2391,31,2.34375,2.34375,1666.5,16.777,21,82.4,20.68,2.02,12.1569,16.4706,120.772,14.2196,8.12,-3.81065,1,8,0,0,14,74.902,0,0,4.352,0,183.2
1943,1854.200,13.8349,14.1258,13.2391,31,1.5625,2.34375,1658.75,16.777,20,82.4,20.69,2.02,12.1569,16.4706,120.886,14.2196,8.41,-3.81065,1,8,0,0,14,74.902,0,0,4.608,0,183.2
1944,1854.240,14.0032,14.1258,13.2216,31,1.5625,2.34375,1723.75,16.777,20,82.4,21.28,2.04,12.549,16.4706,124.801,14.2196,8.7,-3.7784,1,8,0,0,13,74.902,0,0,4.608,0,183.2
1945,1854.280,13.8349,14.1258,13.434,31,.78125,2.34375,1756,16.777,19.5,82.4,21.79,2.06,17.6471,18.8235,165.081,14.2196,8.845,-1.32411,1,8,0,0,14,74.902,0,0,4.608,0,183.2
1946,1854.320,13.9181,14.0109,13.434,31,.78125,2.34375,1739,16.777,19,82.4,25.2,2.2,19.2157,21.5686,174.845,14.2196,9.135,-1.32411,1,8,0,0,13,74.902,0,0,4.864,0,183.2
1947,1854.360,13.8775,14.0109,12.2331,31,-.78125,2.34375,1710.5,16.777,17.5,82.4,30.01,2.26,18.0392,22.3529,168.668,14.2196,10.15,.754401,1,8,0,0,14,74.902,0,0,5.632,0,183.2
1948,1854.400,13.5816,13.5516,12.4045,31,-3.125,2.34375,1729.5,16.777,15.5,82.4,30.56,2.24,17.6471,21.9608,167.053,14.2196,10.875,.176585,1,8,0,0,14,74.902,0,0,5.632,0,183.2
1949,1854.440,12.7384,13.207,12.4045,31,-5.46875,1.5625,1771,17.3984,14.5,80.6,29.16,2.2,18.4314,21.5686,170.171,14.2196,11.165,.176585,1,8,0,0,13,74.902,0,0,5.632,0,183.2
1950,1854.480,12.5275,12.8625,13.0894,31,-4.6875,1.5625,1775.5,17.3984,14.5,80.6,28.19,2.18,18.4314,21.5686,170.081,14.2196,11.165,.542987,1,8,0,0,14,74.902,0,0,5.632,0,183.2
1951,1854.520,12.4444,12.4031,13.0894,31,-4.6875,1.5625,1740.75,17.3984,13.5,80.6,28.4,2.2,18.4314,21.9608,170.468,14.2196,11.31,.542987,1,8,0,0,13,74.902,0,0,5.888,0,183.2
1952,1854.560,12.9917,12.6328,13.078,31,-4.6875,1.5625,1722,17.3984,13,80.6,28.08,2.18,18.0392,21.9608,169.015,14.2196,11.31,.458885,1,8,0,0,14,74.902,0,0,5.888,0,183.2
1953,1854.600,13.2876,12.9773,13.0497,30,-4.6875,1.5625,1773.25,17.3984,13.5,80.6,28.4,2.18,18.4314,21.9608,171.715,14.2196,11.455,.455928,1,8,0,0,13,74.902,0,0,6.144,0,183.2
1954,1854.640,13.7924,13.4367,13.0497,30,-4.6875,1.5625,1812,17.3984,13.5,80.6,28.08,2.22,22.3529,22.7451,194.126,14.2196,11.455,.455928,1,8,0,0,12,74.902,0,0,5.888,0,183.2
1955,1854.680,13.8775,13.7813,13.1065,30,-3.90625,1.5625,1825.25,17.3984,14,80.6,30.27,2.3,23.5294,26.2745,202.34,14.2196,11.6,2.37093,1,8,0,0,13,74.902,0,0,6.144,0,183.2
1956,1854.720,14.0883,13.8961,12.4713,30,-4.6875,1.5625,1802.25,17.3984,14,80.6,34.29,2.3,21.9608,26.2745,192.528,14.2196,12.18,2.04619,1,8,0,0,12,74.902,0,0,6.4,0,183.2
1957,1854.760,14.1714,13.4367,12.4713,30,-6.25,1.5625,1803.25,18.0198,13.5,80.6,33.83,2.28,22.3529,25.4902,195.811,14.2196,12.47,2.04619,1,8,0,0,13,74.902,0,0,6.4,0,183.2
1958,1854.800,13.8775,13.0922,13.0215,30,-6.25,1.5625,1848.5,18.0198,13.5,80.6,32.05,2.26,23.1373,25.8824,199.128,14.2196,12.47,2.37776,1,8,0,0,12,74.902,0,0,6.144,0,183.2
1959,1854.840,13.3708,12.6328,13.0215,30,-6.25,1.5625,1873.25,18.0198,14,80.6,33.12,2.3,22.3529,26.2745,194.231,14.2196,12.615,2.37776,1,8,0,0,11,74.902,0,0,6.144,0,183.2
1960,1854.880,13.16,12.2883,13.1466,30,-6.25,1.5625,1856.5,18.0198,14,80.6,33.46,2.3,22.7451,26.2745,197.58,14.2196,12.615,2.0517,1,8,0,0,12,74.902,0,0,6.4,0,183.2
1961,1854.920,12.866,12.6328,13.21,30,-6.25,1.5625,1841.25,18.0198,14,80.6,33.04,2.28,22.3529,26.2745,195.962,14.2196,12.615,2.16708,1,8,0,0,11,74.902,0,0,6.4,0,183.2
1962,1854.960,13.0343,12.9773,13.21,30,-6.25,1.5625,1866.75,18.0198,14,80.6,33.12,2.28,23.1373,26.2745,199.326,14.2196,12.76,2.16708,1,8,0,0,12,74.902,0,0,6.4,0,183.2
1963,1855.000,13.3282,13.4367,13.2741,30,-6.25,1.5625,1896,18.6411,13.5,80.6,33.64,2.3,23.5294,27.0588,202.708,14.2196,12.76,2.46792,1,8,0,0,11,74.902,0,0,6.4,0,183.2
1964,1855.040,13.8349,13.7813,13.327,30,-6.25,.78125,1888.75,18.6411,14,80.6,34.18,2.32,22.7451,27.451,197.715,14.2196,12.76,2.2852,1,8,0,0,10,74.902,0,0,6.4,0,183.2
1965,1855.080,14.0457,13.8961,13.327,30,-7.03125,.78125,1891.75,18.6411,14,80.6,33.82,2.3,23.1373,26.2745,199.453,14.2196,12.905,2.2852,1,8,0,0,10,74.902,0,0,6.4,0,183.2
1966,1855.120,14.1714,14.0109,13.3743,30,-7.8125,.78125,1920.25,18.6411,14,80.6,33.82,2.3,23.1373,26.6667,201.205,14.2196,12.905,2.40292,1,8,0,0,10,74.902,0,0,6.144,0,183.2
1967,1855.160,14.2565,14.0109,13.3743,30,-7.8125,.78125,1927,19.2625,14.5,80.6,34.09,2.32,23.5294,27.0588,202.954,14.2196,12.905,2.40292,1,8,0,0,9,74.902,0,0,6.144,0,183.2
1968,1855.200,14.3823,14.0109,13.434,30,-8.59375,.78125,1941.5,19.2625,14,80.6,34.99,2.32,23.1373,27.451,201.323,14.2196,12.905,2.55282,1,8,0,0,10,74.902,0,0,6.144,0,183.2
1969,1855.240,14.4248,14.0109,13.4761,31,-9.375,.78125,1966.5,19.2625,14,80.6,34.72,2.32,23.1373,27.451,199.66,14.2196,13.05,2.41394,1,8,0,0,9,74.902,0,0,6.144,0,183.2
1970,1855.280,14.4673,14.1258,13.4761,31,-9.375,.78125,1969.75,19.2625,15,80.6,34.72,2.32,23.1373,27.0588,201.461,14.2196,13.05,2.41394,1,8,0,0,9,74.902,0,0,6.144,0,183.2
1971,1855.320,14.3823,14.2406,13.5367,31,-9.375,.78125,1975.25,19.2625,14,80.6,34.63,2.32,23.1373,27.0588,199.799,14.2196,13.05,2.58398,1,8,0,0,10,74.902,0,0,6.144,0,183.2
1972,1855.360,14.6782,14.3555,13.5917,31,-9.375,.78125,1992,19.2625,14,80.6,35.08,2.34,21.9608,26.6667,192.854,14.2196,13.05,1.95938,1,8,0,0,9,74.902,0,0,5.888,0,183.2
1973,1855.400,14.6782,14.3555,13.5917,31,-9.375,.78125,2030.75,19.8839,14.5,80.6,34.45,2.32,21.5686,25.4902,191.129,14.2196,13.05,1.95938,1,8,0,0,9,74.902,0,0,5.888,0,183.2
1974,1855.440,14.5931,14.3555,13.6595,31,-9.375,0,2004.75,19.8839,14.5,80.6,33.91,2.3,21.9608,25.4902,192.919,14.2196,12.905,1.84422,1,8,0,0,10,74.902,0,0,5.888,0,183.2
1975,1855.480,14.8039,14.3555,13.6595,31,-10.1563,0,1996,19.8839,14.5,80.6,34.45,2.32,21.5686,25.4902,191.155,14.2196,12.76,1.84422,1,8,0,0,9,74.902,0,0,5.888,0,183.2
1976,1855.520,14.8039,14.3555,13.7531,31,-10.1563,0,2013.5,19.8839,14.5,80.6,34.43,2.34,21.5686,25.4902,191.186,14.2196,12.76,1.84554,1,8,0,0,9,74.902,0,0,5.632,0,183.2
1977,1855.560,14.8464,14.3555,13.7973,31,-10.9375,0,2033,19.8839,14,80.6,34.7,2.32,22.3529,25.4902,196.949,14.2196,12.76,1.98168,1,8,0,0,10,74.902,0,0,5.632,0,183.2
1978,1855.600,14.6782,14.3555,13.7973,31,-10.9375,0,2064,19.8839,14.5,80.6,35.06,2.34,22.3529,26.2745,197.734,14.2196,12.76,1.98168,1,8,0,0,9,74.902,0,0,5.632,0,183.2
1979,1855.640,14.9296,14.4703,13.8353,31,-10.1563,0,2045.25,19.8839,15,80.6,35.69,2.34,21.5686,25.8824,190.8,14.2196,12.76,2.16366,1,8,0,0,10,74.902,0,0,5.632,0,183.2
1980,1855.680,15.0978,14.5852,13.8672,31,-9.375,0,2035.25,19.8839,14.5,80.6,35.33,2.34,20.7843,24.7059,187.386,14.2196,12.905,1.58767,1,8,0,0,11,74.902,0,0,5.632,0,183.2
1981,1855.720,15.1829,14.8148,13.8672,31,-8.59375,0,2081.5,20.5052,14.5,80.6,33.98,2.32,21.1765,24.7059,189.674,14.2196,12.76,1.58767,1,8,0,0,11,74.902,0,0,5.632,0,183.2
1982,1855.760,15.268,14.9297,13.9184,31,-7.8125,0,2103,20.5052,14.5,80.6,34.52,2.34,21.5686,24.7059,192.436,14.2196,12.76,2.01725,1,8,0,0,10,74.902,0,0,5.632,0,183.2
1983,1855.800,15.3937,14.9297,13.9184,31,-7.8125,0,2097,20.5052,14.5,80.6,35.51,2.34,20.7843,24.7059,187.14,14.2196,12.615,2.01725,1,8,0,0,11,74.902,0,0,5.632,0,183.2
1984,1855.840,15.1404,14.8148,13.9896,31,-7.8125,0,2095,20.5052,15,80.6,35.15,2.32,21.1765,23.9216,191.675,14.2196,12.615,1.57634,1,8,0,0,11,74.902,0,0,5.632,0,183.2
1985,1855.880,15.1404,14.8148,14.0418,31,-7.8125,0,2078.25,20.5052,15,80.6,34.7,2.34,23.1373,25.098,205.9,14.2196,12.47,2.53041,1,8,0,0,11,74.902,0,0,5.632,0,183.2
1986,1855.920,14.8039,14.8148,14.0418,31,-7.03125,0,2143.75,20.5052,15,80.6,36.98,2.4,23.9216,27.0588,212.572,14.2196,12.47,2.53041,1,8,0,0,11,74.902,0,0,5.632,0,183.2
1987,1855.960,14.6782,14.7,14.0615,31,-7.03125,0,2146.75,21.1266,15.5,80.6,41.35,2.44,23.9216,27.8431,213.521,14.2196,12.615,3.16594,1,8,0,0,12,74.902,0,0,5.632,0,183.2
1988,1856.000,14.8039,14.8148,14.0156,31,-6.25,0,2148,21.1266,14.5,80.6,40.93,2.42,22.3529,26.6667,204.281,14.2196,12.905,2.65164,1,8,0,0,11,74.902,0,0,5.888,0,183.2
1989,1856.040,14.9296,15.0445,14.0156,31,0,-2.34375,2133.75,21.1266,15,80.6,37.7,2.4,22.7451,25.8824,207.063,14.2196,12.905,2.65164,1,8,0,0,11,74.902,0,0,6.144,0,183.2
1990,1856.080,15.4363,15.2742,14.1607,31,2.34375,-2.34375,2164.5,21.1266,14.5,80.6,37.17,2.4,23.1373,25.8824,209.751,14.2196,12.905,2.90346,1,8,0,0,12,74.902,0,0,6.144,0,183.2
1991,1856.120,15.1404,15.2742,14.1607,31,0,-2.34375,2206.75,21.748,15,80.6,37.38,2.38,22.3529,26.2745,204.153,14.2196,12.905,2.90346,1,8,0,0,11,74.902,0,0,6.144,0,183.2
1992,1856.160,14.3397,14.8148,14.0418,31,0,-2.34375,2203,21.748,15,80.6,37.68,2.38,21.5686,25.098,198.483,14.2196,12.76,2.64529,1,8,0,0,10,74.902,0,0,6.144,0,183.2
1993,1856.200,14.1289,14.4703,14.1208,31,0,-2.34375,2179,21.748,15.5,80.6,36.41,2.36,21.1765,24.7059,196.81,14.2196,12.76,2.21605,1,8,0,0,10,74.902,0,0,6.144,0,183.2
1994,1856.240,14.0883,14.2406,14.1208,31,-1.5625,-2.34375,2137.25,21.748,15,80.6,36.23,2.36,21.1765,24.3137,196.74,14.2196,12.615,2.21605,1,8,0,0,11,74.902,0,0,5.888,0,183.2
1995,1856.280,13.9606,14.1258,14.1874,31,-2.34375,-2.34375,2192.25,21.748,14.5,80.6,36.03,2.36,21.1765,24.3137,196.54,14.2196,12.615,2.21996,1,8,0,0,11,74.902,0,0,5.632,0,183.2
1996,1856.320,14.1289,14.1258,14.2209,31,-2.34375,-2.34375,2218.25,21.748,15,80.6,36.66,2.38,21.5686,24.3137,201.494,14.2196,12.47,2.37194,1,8,0,0,10,74.902,0,0,5.632,0,183.2
1997,1856.360,14.1289,14.2406,14.2209,31,-3.125,-2.34375,2219,21.748,15.5,80.6,37.36,2.4,23.5294,25.4902,218.683,14.2196,12.47,2.37194,1,8,0,0,11,74.902,0,0,5.632,0,183.2
1998,1856.400,14.3823,14.3555,14.2613,31,-2.34375,-2.34375,2186.75,21.748,15,80.6,41,2.44,23.1373,26.2745,214.486,14.2196,12.47,3.26334,1,8,0,0,12,74.902,0,0,5.888,0,183.2
1999,1856.440,14.3823,14.4703,14.2613,31,-2.34375,-2.34375,2204.5,21.748,15,80.6,40.37,2.42,22.3529,25.8824,207.515,14.2196,12.615,3.26334,1,8,0,0,12,74.902,0,0,5.888,0,183.2
2000,1856.480,14.7613,14.7,14.2276,31,0,-2.34375,2231,21.748,14.5,80.6,39.07,2.4,22.7451,25.4902,212.424,14.2196,12.76,2.81285,1,8,0,0,11,74.902,0,0,5.888,0,183.2
2001,1856.520,14.8039,14.8148,14.2276,31,0,-2.34375,2300,22.3694,14.5,80.6,40.78,2.42,23.1373,25.8824,216.153,14.2196,12.76,3.19908,1,8,0,0,11,74.902,0,0,6.144,0,183.2
2002,1856.560,14.7613,14.7,14.2276,31,0,-2.34375,2292.75,22.3694,15,80.6,41.87,2.44,23.1373,26.2745,220.226,14.2196,12.76,3.19908,1,8,0,0,11,74.902,0,0,6.144,0,183.2
2003,1856.600,14.508,14.5852,14.0483,31,0,-2.34375,2294.25,22.3694,15.5,80.6,42.27,2.44,22.7451,26.2745,216.485,14.2196,12.76,3.32155,1,8,0,0,11,74.902,0,0,6.4,0,183.2
2004,1856.640,14.5505,14.5852,13.8544,31,0,-2.34375,2271.75,22.3694,15,80.6,42.48,2.44,22.3529,26.2745,214.561,14.2196,12.76,3.15638,1,8,0,0,10,74.902,0,0,6.4,0,183.2
2005,1856.680,14.3823,14.4703,13.8544,31,0,-2.34375,2319.25,22.9907,15,80.6,41.66,2.42,21.5686,25.4902,204.724,14.2196,12.76,3.15638,1,8,0,0,10,74.902,0,0,6.4,0,183.2
2006,1856.720,14.0457,14.2406,13.6657,31,0,-2.34375,2329.75,22.9907,15,80.6,38.97,2.4,21.5686,24.7059,208.124,14.2196,12.76,2.68472,1,8,0,0,10,74.902,0,0,6.4,0,183.2
2007,1856.760,13.8349,14.0109,13.6657,31,0,-2.34375,2331,22.9907,15.5,80.6,38.97,2.42,23.1373,25.098,224.911,14.2196,12.615,2.68472,1,8,0,0,10,74.902,0,0,6.4,0,183.2
2008,1856.800,13.6241,13.6664,13.5245,31,0,-2.34375,2311.25,22.9907,15,80.6,41.55,2.46,23.5294,26.2745,228.215,14.2196,12.615,3.67922,1,8,0,0,9,74.902,0,0,6.4,0,183.2
2009,1856.840,13.2876,13.5516,13.464,31,0,-2.34375,2329.5,22.9907,15.5,78.8,43.22,2.48,23.5294,26.6667,228.618,14.2196,12.615,3.72256,1,8,0,0,10,74.902,0,0,6.4,0,183.2
2010,1856.880,13.3282,13.5516,13.464,31,0,-2.34375,2357.75,22.9907,15,78.8,43.47,2.48,23.5294,26.6667,229.238,14.2196,12.76,3.72256,1,8,0,0,11,74.902,0,0,6.656,0,183.2
2011,1856.920,14.1714,13.6664,13.2917,31,0,-2.34375,2397.5,22.9907,15,78.8,43.35,2.48,23.1373,26.6667,227.549,14.2196,12.76,3.91084,1,8,0,0,11,74.902,0,0,6.656,0,183.2
2012,1856.960,14.1714,13.6664,13.1984,31,0,-2.34375,2417,22.9907,16,78.8,43.73,2.48,22.3529,26.6667,217.961,14.2196,12.76,3.45508,1,8,0,0,10,74.902,0,0,6.656,0,183.2
2013,1857.000,13.9606,13.5516,13.1984,31,0,-2.34375,2381.5,23.6121,15.5,78.8,43.47,2.46,21.5686,25.4902,210.165,14.2196,12.76,3.45508,1,8,0,0,10,74.902,0,0,6.656,0,183.2
2014,1857.040,13.7924,13.4367,13.2449,31,0,-1.5625,2373.5,23.6121,16,78.8,42.07,2.44,23.1373,25.4902,227.797,14.2196,12.76,3.24081,1,8,0,0,10,74.902,0,0,6.656,0,183.2
2015,1857.080,13.6667,13.207,13.2449,31,0,-1.5625,2388.75,23.6121,15,78.8,41.73,2.46,22.3529,25.8824,219.173,14.2196,12.615,3.24081,1,8,0,0,10,74.902,0,0,6.4,0,183.2
2016,1857.120,13.5816,13.0922,13.3447,31,0,-1.5625,2431.75,23.6121,15.5,78.8,43.35,2.48,21.9608,25.8824,216.722,14.2196,12.615,3.39365,1,8,0,0,10,74.902,0,0,6.656,0,183.2
2017,1857.160,13.5816,13.0922,13.3152,31,0,-1.5625,2427.5,23.6121,15.5,78.8,42.84,2.46,22.3529,25.8824,220.59,14.2196,12.615,3.44427,1,8,0,0,10,74.902,0,0,6.656,0,183.2
2018,1857.200,13.6667,13.0922,13.3152,31,0,-1.5625,2406.25,23.6121,15.5,78.8,43.6,2.48,23.1373,25.8824,229.533,14.2196,12.615,3.44427,1,8,0,0,10,74.902,0,0,6.656,0,183.2
2019,1857.240,13.4133,12.9773,13.3388,31,0,0,2422,24.2335,15.5,78.8,43.6,2.5,23.1373,26.6667,232.523,14.2196,12.615,4.05826,1,8,0,0,10,74.902,0,0,6.656,0,183.2
2020,1857.280,13.5816,12.9773,13.2741,31,0,0,2462,24.2335,15.5,78.8,45,2.5,23.5294,26.6667,235.522,14.2196,12.76,4.20789,1,8,0,0,10,74.902,0,0,6.656,0,183.2
2021,1857.320,13.539,13.0922,13.2741,31,0,0,2479.5,24.2335,15,78.8,45.76,2.52,23.9216,27.451,241.569,14.2196,12.76,4.20789,1,8,0,0,10,74.902,0,0,6.912,0,183.2
2022,1857.360,13.4559,13.0922,13.1122,31,0,0,2523.25,24.2335,15.5,78.8,46.26,2.52,23.9216,27.451,241.664,14.2196,12.76,4.53007,1,8,0,0,10,74.902,0,0,6.912,0,183.2
2023,1857.400,13.539,13.0922,13.1122,31,0,0,2538.25,24.8548,15,78.8,46.39,2.54,23.5294,27.451,235.728,14.2196,12.905,4.53007,1,8,0,0,9,74.902,0,0,6.912,0,183.2
2024,1857.440,13.5816,12.9773,12.971,31,0,0,2522.25,24.8548,16,78.8,47.15,2.52,21.5686,27.0588,214.528,14.2196,12.905,4.21827,1,8,0,0,9,74.902,0,0,7.168,0,183.2
2025,1857.480,13.3708,12.7477,12.9934,31,0,0,2520.5,24.8548,16,78.8,44.87,2.5,20.7843,25.4902,205.366,14.2196,12.905,2.85877,1,8,0,0,10,74.902,0,0,6.912,0,183.2
2026,1857.520,13.16,12.4031,12.9934,31,0,0,2518,24.8548,15.5,78.8,42.97,2.46,20.7843,24.7059,202.29,14.2196,12.76,2.85877,1,8,0,0,10,74.902,0,0,6.912,0,183.2
2027,1857.560,12.8234,12.0586,13.1696,31,0,0,2523.25,24.8548,15.5,78.8,42.71,2.46,21.9608,24.7059,217.559,14.2196,12.47,2.55344,1,8,0,0,10,74.902,0,0,6.656,0,183.2
2028,1857.600,12.7384,11.7141,13.3803,31,0,0,2549.5,24.8548,16,78.8,42.84,2.5,23.5294,25.8824,235.923,14.2196,12.47,4.22815,1,8,0,0,10,74.902,0,0,6.656,0,183.2
2029,1857.640,12.3187,11.7141,13.3803,31,0,0,2535.5,24.8548,16.5,78.8,45.76,2.52,23.1373,26.6667,229.818,14.2196,12.47,4.22815,1,8,0,0,10,74.902,0,0,6.656,0,183.2
2030,1857.680,12.2761,11.8289,13.3447,31,0,0,2534.75,24.8548,15.5,78.8,46.77,2.52,23.1373,26.6667,229.825,14.2196,12.615,3.9243,1,8,0,0,10,74.902,0,0,6.656,0,183.2
2031,1857.720,11.9802,12.1734,13.3447,31,0,0,2564.25,25.4762,16,78.8,46.01,2.52,23.1373,26.6667,232.913,14.2196,12.76,3.9243,1,8,0,0,10,74.902,0,0,6.656,0,183.2
2032,1857.760,12.0228,12.2883,13.1869,31,0,0,2595.75,25.4762,16,78.8,46.77,2.54,23.1373,26.6667,229.872,14.2196,12.76,4.07832,1,8,0,0,10,74.902,0,0,6.912,0,183.2
2033,1857.800,12.0653,12.4031,13.1065,31,0,0,2589.5,25.4762,16,78.8,46.26,2.52,23.5294,26.6667,236.086,14.2196,12.76,4.0818,1,8,0,0,10,74.902,0,0,6.912,0,183.2
2034,1857.840,12.2761,12.2883,13.1065,31,0,0,2617.25,25.4762,16,78.8,46.01,2.54,23.1373,27.0588,229.943,14.2196,12.76,4.0818,1,8,0,0,10,74.902,0,0,6.912,0,183.2
2035,1857.880,12.3593,12.2883,13.1065,31,0,0,2653.25,26.0976,16,78.8,47.15,2.54,21.5686,26.2745,211.287,14.2196,12.76,3.77635,1,8,0,0,10,74.902,0,0,6.912,0,183.2
2036,1857.920,12.2761,12.1734,13.1065,31,0,0,2666.75,26.0976,16.5,78.8,45.76,2.52,21.5686,25.8824,211.245,14.2196,12.76,3.1558,1,8,0,0,10,74.902,0,0,6.912,0,183.2
2037,1857.960,12.3593,12.1734,13.1065,31,0,0,2665,26.0976,16,78.8,45.88,2.52,20,25.098,192.373,14.2196,12.615,3.1558,1,8,0,0,9,74.902,0,0,6.656,0,183.2
2038,1858.000,12.0653,12.0586,13.2624,31,0,0,2642,26.0976,16,78.8,44.23,2.46,18.4314,23.9216,173.401,14.2196,12.47,1.29283,1,8,0,0,10,74.902,0,0,6.656,0,183.2
2039,1858.040,12.191,11.9437,13.2624,31,0,0,2665.25,26.0976,16.5,78.8,41.33,2.44,18.0392,22.7451,170.267,14.2196,12.035,1.29283,1,8,0,0,10,74.902,0,0,6.4,0,183.2
2040,1858.080,12.0653,11.7141,14.0418,31,0,0,2686.75,26.0976,16.5,78.8,39.83,2.42,15.6863,21.9608,142.765,14.2196,11.745,.446609,1,8,0,0,11,74.902,0,0,5.888,0,183.2
2041,1858.120,12.0653,11.7141,14.5017,31,0,0,2687.5,26.719,16.5,78.8,36.29,2.36,14.902,20.3922,131.85,14.2196,11.31,-2.83844,1,8,0,0,12,74.902,0,0,5.376,0,183.2
2042,1858.160,11.812,11.7141,14.5017,31,-5.46875,0,2651.5,26.719,17,78.8,34.59,2.32,14.902,20,132.421,14.2196,10.875,-2.83844,1,8,0,0,12,74.902,0,0,4.864,0,183.2
2043,1858.200,11.8545,11.9437,16.2557,31,-9.375,0,2661,26.719,18,78.8,33.6,2.32,14.902,19.6078,132.2,14.2196,10.295,-2.7969,1,8,0,0,13,74.902,0,0,4.352,0,183.2
2044,1858.240,11.8545,12.1734,15.7374,31,-10.9375,0,2682.5,26.719,18.5,78.8,33.51,2.3,15.2941,19.6078,137.099,14.2196,10.005,-2.38855,1,8,0,0,14,74.902,0,0,4.352,0,183.2
2045,1858.280,11.8545,12.518,15.7374,31,-11.7188,0,2703.75,26.719,19.5,78.8,33.69,2.32,15.2941,20,136.802,14.2196,9.715,-2.38855,1,8,0,0,16,74.902,0,0,4.096,0,183.2
2046,1858.320,12.9085,12.8625,15.2279,31,-12.5,0,2686.25,26.719,19.5,78.8,34.85,2.34,14.902,20,134.357,14.2196,9.715,-2.62051,1,8,0,0,17,74.902,0,0,4.096,0,183.2
2047,1858.360,13.9181,13.3219,15.2279,31,-13.2813,0,2684,26.719,19.5,78.8,34.5,2.34,14.902,20,134.378,14.2196,9.57,-2.62051,1,8,0,0,17,74.902,0,0,4.096,0,183.2
2048,1858.400,14.6782,13.6664,15.0078,31,-12.5,0,2696.75,26.719,20,78.8,34.77,2.34,14.902,20,134.138,14.2196,9.57,-2.62149,1,8,0,0,18,74.902,0,0,4.096,0,183.2
2049,1858.440,15.1829,14.1258,14.8596,31,-11.7188,-2.34375,2756,26.719,20,78.8,34.85,2.32,14.5098,20,127.664,14.2196,9.57,-2.92183,1,8,0,0,18,74.902,0,0,4.096,0,183.2
2050,1858.480,15.6877,14.7,14.8596,31,-10.1563,-2.34375,2731.5,26.719,20,78.8,34.32,2.34,12.549,19.2157,109.057,14.2196,9.425,-2.92183,1,8,0,0,19,74.902,0,0,4.096,0,183.2
2051,1858.520,16.3627,15.3891,14.7794,31,-7.03125,-2.34375,2701.5,26.719,20.5,78.8,33,2.28,11.7647,18.0392,101.471,14.2196,9.28,-5.2179,1,8,0,0,19,74.902,0,0,4.096,0,183.2
2052,1858.560,16.4884,16.3078,15.2588,31,-3.125,-2.34375,2695.5,26.719,21,78.8,30.61,2.24,11.7647,18.0392,101.58,14.2196,9.135,-5.43945,1,8,0,0,19,74.902,0,0,4.096,0,183.2
2053,1858.600,16.1944,16.193,15.2588,31,-1.5625,-2.34375,2737.75,26.719,21.5,78.8,29.38,2.22,11.7647,18.0392,100.75,14.2196,8.7,-5.43945,1,8,0,0,19,74.902,0,0,4.096,0,183.2
2054,1858.640,15.7728,15.8484,15.0228,31,-2.34375,-2.34375,2737.25,26.719,22,78.8,28.51,2.2,10.5882,17.2549,86.9229,14.2196,8.555,-5.65777,1,8,0,0,19,74.902,0,0,4.096,0,183.2
2055,1858.680,15.1829,15.2742,15.0228,31,-2.34375,-2.34375,2742.25,26.719,22.5,78.8,27.97,2.16,9.01961,16.0784,68.0147,14.2196,8.41,-5.65777,1,8,0,0,20,74.902,0,0,3.84,0,183.2
2056,1858.720,14.5931,14.8148,15.0003,31,-3.90625,-2.34375,2713.25,26.719,23,78.8,23.84,2.06,7.05882,14.902,52.9478,14.2196,7.975,-6.84541,1,8,0,0,20,74.902,0,0,3.584,0,183.2
2057,1858.760,14.1289,14.4703,16.212,31,-3.90625,-2.34375,2712.5,26.719,23.5,78.8,21.46,2,7.05882,14.1176,53.3055,14.2196,7.54,-7.51478,1,8,0,0,20,74.902,0,0,3.328,0,183.2
2058,1858.800,14.3823,14.3555,16.212,31,-4.6875,-2.34375,2714.5,26.719,25,78.8,19.7,1.96,7.05882,14.1176,52.9192,14.2196,6.96,-7.51478,1,8,0,0,20,74.902,0,0,3.072,0,183.2
2059,1858.840,14.214,14.2406,16.1945,31,-5.46875,-1.5625,2716.75,26.719,26.5,78.8,18.67,1.94,7.05882,13.7255,52.8703,14.2196,6.67,-7.46105,1,8,0,0,21,74.902,0,0,3.072,0,183.2
2060,1858.880,14.1289,14.2406,15.3287,31,-5.46875,-1.5625,2722,26.719,27,78.8,18.74,1.96,7.05882,13.7255,52.7666,14.2196,6.525,-7.52871,1,8,0,0,21,74.902,0,0,3.072,0,183.2
2061,1858.920,14.1714,14.3555,15.3287,31,-4.6875,-1.5625,2712.25,26.719,27.5,78.8,19.04,1.96,7.05882,13.7255,52.9495,14.2196,6.38,-7.52871,1,8,0,0,21,74.902,0,0,2.816,0,183.2
2062,1858.960,14.3397,14.4703,15.1818,32,-4.6875,-1.5625,2712,26.719,27.5,78.8,19.04,1.96,6.66667,13.7255,49.5649,14.2196,6.235,-7.50732,1,8,0,0,21,74.902,0,0,2.816,0,183.2
2063,1859.000,14.508,14.5852,15.1818,32,-4.6875,-1.5625,2718.25,26.719,27.5,78.8,18.52,1.94,7.05882,13.7255,52.8328,14.2196,6.09,-7.50732,1,8,0,0,21,74.902,0,0,2.816,0,183.2
2064,1859.040,14.5931,14.7,15.0378,32,-3.90625,-1.5625,2725,26.719,28,78.8,18.59,1.94,7.05882,13.7255,52.701,14.2196,5.945,-7.45285,1,8,0,0,20,74.902,0,0,2.816,0,183.2
2065,1859.080,14.8039,14.8148,14.9407,32,-3.90625,-1.5625,2732.5,26.719,28,78.8,18.37,1.94,6.66667,13.7255,50.5402,14.2196,5.945,-7.46056,1,8,0,0,20,74.902,0,0,2.816,0,183.2
2066,1859.120,14.8039,14.8148,14.9407,32,-3.125,-1.5625,2736,26.719,28,78.8,18.3,1.94,5.4902,13.7255,44.363,14.2196,5.8,-7.46056,1,8,0,0,20,74.902,0,0,2.816,0,183.2
2067,1859.160,14.7188,14.8148,14.8377,32,-3.125,-1.5625,2726.75,26.719,28,78.8,18.15,1.92,4.70588,13.3333,41.863,14.2196,5.8,-7.81185,1,8,0,0,20,74.902,0,0,2.816,0,183.2
2068,1859.200,14.6356,14.9297,14.7721,31,-3.125,-1.5625,2718.5,26.719,28.5,78.8,17.33,1.9,4.70588,12.9412,39.363,14.2196,5.655,-7.9719,1,8,0,0,19,74.902,0,0,2.816,0,183.2
2069,1859.240,14.6356,14.8148,14.7721,31,-2.34375,-.78125,2724.5,26.719,28.5,78.8,16.79,1.88,4.31373,12.549,36.863,14.2196,5.51,-7.9719,1,8,0,0,19,74.902,0,0,2.56,0,183.2
2070,1859.280,14.6782,14.8148,14.7939,31,-2.34375,-.78125,2703.5,26.719,28.5,78.8,15.86,1.86,4.31373,12.549,34.7018,14.2196,5.51,-8.13196,1,8,0,0,19,74.902,0,0,2.56,0,183.2
2071,1859.320,14.5505,14.7,14.7939,31,-3.125,-.78125,2691.75,26.719,28.5,78.8,15.28,1.84,4.31373,12.1569,33.9117,14.2196,5.365,-8.13196,1,8,0,0,19,74.902,0,0,2.56,0,183.2
2072,1859.360,14.4248,14.5852,14.7794,31,-3.125,-.78125,2686.25,26.719,28.5,78.8,14.97,1.82,4.31373,12.1569,34.9032,14.2196,5.22,-8.21008,1,8,0,0,19,74.902,0,0,2.56,0,183.2
2073,1859.400,14.3823,14.4703,14.7866,31,-3.125,-.78125,2685.75,26.719,28.5,78.8,14.71,1.82,5.88235,12.1569,44.1779,14.2196,5.22,-7.95147,1,8,0,0,19,74.902,0,0,2.56,0,183.2
2074,1859.440,14.3397,14.5852,14.7866,31,-3.125,-.78125,2702.5,26.719,28.5,78.8,14.71,1.84,6.27451,12.9412,47.6015,14.2196,5.075,-7.95147,1,8,0,0,19,74.902,0,0,2.56,0,183.2
2075,1859.480,14.5931,14.7,14.7721,31,-2.34375,-.78125,2705.75,26.719,28.5,78.8,16.58,1.88,5.4902,13.3333,44.5,14.2196,5.075,-7.67216,1,8,0,0,19,74.902,0,0,2.56,0,183.2
2076,1859.520,14.7613,14.8148,14.6499,31,-2.34375,-.78125,2699.5,26.719,28.5,78.8,16.9,1.88,5.4902,13.3333,42.1213,14.2196,5.075,-7.86618,1,8,0,0,19,74.902,0,0,2.56,0,183.2
2077,1859.560,14.9296,14.9297,14.6499,31,-1.5625,-.78125,2716.5,26.719,28.5,78.8,16.74,1.88,5.4902,13.3333,43.5143,14.2196,5.22,-7.86618,1,8,0,0,18,74.902,0,0,2.56,0,183.2
2078,1859.600,15.4363,15.2742,14.5367,31,-.78125,-.78125,2719,26.719,28.5,78.8,16.9,1.88,4.70588,12.9412,41.0143,14.2196,5.22,-7.86555,1,8,0,0,18,74.902,0,0,2.56,0,183.2
2079,1859.640,15.7303,15.5039,14.5367,31,.78125,-.78125,2736.75,26.719,28.5,78.8,16.59,1.88,4.70588,12.9412,38.5143,14.2196,5.22,-7.86555,1,8,0,0,18,74.902,0,0,2.56,0,183.2
2080,1859.680,15.7303,15.7336,14.5367,31,2.34375,-.78125,2732.75,26.719,28.5,78.8,15.97,1.86,4.70588,12.549,36.1749,14.2196,5.22,-8.02562,1,8,0,0,18,74.902,0,0,2.56,0,183.2
2081,1859.720,15.7303,15.6187,14.5367,31,2.34375,-.78125,2699,26.719,28.5,78.8,15.65,1.84,4.70588,12.549,36.5927,14.2196,5.22,-8.10453,1,8,0,0,18,74.902,0,0,2.56,0,183.2
2082,1859.760,15.1829,15.1594,14.5367,31,2.34375,-.78125,2643.75,26.719,28.5,78.8,15.48,1.84,4.31373,12.1569,35.393,14.2196,5.22,-8.10453,1,8,0,0,18,74.902,0,0,2.56,0,183.2
2083,1859.800,14.7188,14.7,14.5367,31,.78125,-.78125,2629.25,26.0976,28.5,78.8,15.05,1.82,5.09804,12.1569,39.3543,14.2196,5.075,-8.15046,1,8,0,0,18,74.902,0,0,2.56,0,183.2
2084,1859.840,13.9606,14.4703,14.5367,31,0,0,2668.25,26.0976,28.5,78.8,14.71,1.82,5.4902,12.1569,42.5785,14.2196,5.075,-7.94001,1,8,0,0,18,74.902,0,0,2.56,0,183.2
2085,1859.880,13.9606,14.3555,14.5367,31,0,0,2706.25,26.0976,28.5,78.8,14.88,1.84,7.05882,12.549,52.9823,14.2196,5.075,-7.94001,1,8,0,0,18,74.902,0,0,2.56,0,183.2
2086,1859.920,14.1289,14.3555,14.6215,31,0,0,2726.75,26.0976,28.5,78.8,16.27,1.88,7.84314,13.7255,58.1199,14.2196,4.93,-7.31234,1,8,0,0,19,74.902,0,0,2.56,0,183.2
2087,1859.960,14.7613,14.3555,14.6215,31,0,0,2675.25,26.0976,28.5,78.8,18.48,1.94,7.84314,14.5098,59.2329,14.2196,5.075,-7.31234,1,8,0,0,19,74.902,0,0,2.56,0,183.2
2088,1860.000,14.8039,14.4703,14.5367,31,0,0,2634.5,26.0976,28.5,78.8,18.85,1.96,7.45098,14.5098,56.3298,14.2196,5.075,-7.19614,1,8,0,0,18,74.902,0,0,2.816,0,183.2
2089,1860.040,14.8039,14.5852,14.4948,31,.78125,0,2645.5,26.0976,28.5,78.8,19.07,1.96,8.23529,14.5098,64.6472,14.2196,5.22,-7.1609,1,8,0,0,18,74.902,0,0,2.816,0,183.2
2090,1860.080,14.9296,14.8148,14.4948,31,.78125,0,2692.75,26.0976,28.5,78.8,19.44,1.98,8.23529,14.5098,63.6103,14.2196,5.365,-7.1609,1,8,0,0,18,74.902,0,0,2.816,0,183.2
2091,1860.120,15.2255,15.1594,14.4322,31,2.34375,0,2723.75,26.0976,28,78.8,19.93,2,8.62745,14.902,65.6399,14.2196,5.51,-6.90819,1,8,0,0,18,74.902,0,0,2.816,0,183.2
2092,1860.160,15.5194,15.2742,14.4046,31,3.125,0,2740.25,26.0976,28,78.8,20.68,2.02,8.23529,15.2941,59.8392,14.2196,5.51,-7.0548,1,8,0,0,19,74.902,0,0,3.072,0,183.2
2093,1860.200,15.562,15.1594,14.4046,31,3.125,0,2699,26.719,28,78.8,21.02,2,6.66667,14.5098,51.3424,14.2196,5.655,-7.0548,1,8,0,0,19,74.902,0,0,3.072,0,183.2
2094,1860.240,15.6045,14.8148,14.3565,31,3.125,0,2638.5,26.719,27.5,78.8,19.04,1.94,5.88235,13.7255,45,14.2196,5.655,-7.63455,1,8,0,0,19,74.902,0,0,3.072,0,183.2
2095,1860.280,15.5194,14.4703,14.3565,31,1.5625,0,2649,26.719,28,78.8,17.47,1.88,5.4902,12.9412,44.2391,14.2196,5.655,-7.63455,1,8,0,0,19,74.902,0,0,3.072,0,183.2
2096,1860.320,15.0978,14.1258,14.3771,31,.78125,0,2691.5,26.719,28,78.8,16.54,1.88,5.09804,12.9412,41.7391,14.2196,5.655,-7.79608,1,8,0,0,19,74.902,0,0,3.072,0,183.2
2097,1860.360,14.887,13.8961,14.4322,31,-.78125,0,2710.75,26.0976,28.5,78.8,16,1.86,5.09804,12.549,40.291,14.2196,5.51,-7.95615,1,8,0,0,18,74.902,0,0,2.816,0,183.2
2098,1860.400,14.2972,13.5516,14.4322,31,-2.34375,0,2687.75,26.0976,28.5,78.8,16,1.86,7.45098,12.549,57.1085,14.2196,5.365,-7.95615,1,8,0,0,19,74.902,0,0,2.816,0,183.2
2099,1860.440,13.8775,13.207,14.5297,31,-4.6875,2.34375,2678.5,26.719,28.5,78.8,16.85,1.9,10.1961,14.902,82.8731,14.2196,5.22,-6.91708,1,8,0,0,19,74.902,0,0,2.56,0,183.2
2100,1860.480,13.7498,13.0922,14.5297,31,-5.46875,2.34375,2683.75,26.719,28.5,78.8,20.03,2,9.01961,15.6863,69.2196,14.2196,5.365,-6.90726,1,8,0,0,19,74.902,0,0,2.816,0,183.2
2101,1860.520,13.4133,12.9773,14.5297,31,-7.8125,2.34375,2716.75,26.719,28.5,78.8,20.77,2.02,6.27451,14.902,47.3465,14.2196,5.51,-6.90726,1,8,0,0,19,74.902,0,0,2.816,0,183.2
2102,1860.560,13.4133,12.6328,14.4391,31,-10.9375,2.34375,2785.25,26.719,28,78.8,19.56,1.96,5.88235,13.7255,44.8154,14.2196,5.655,-7.78547,1,8,0,0,19,74.902,0,0,2.816,0,183.2
2103,1860.600,12.8234,12.2883,14.4391,31,-13.2813,2.34375,2776.5,26.719,28,78.8,17.7,1.9,7.84314,13.3333,57.0357,14.2196,5.655,-7.78547,1,8,0,0,19,74.902,0,0,2.56,0,183.2
2104,1860.640,12.9917,12.4031,14.4322,31,-14.8438,2.34375,2692.5,26.719,28.5,78.8,18.36,1.94,9.41177,14.902,74.4492,14.2196,5.51,-7.28372,1,8,0,0,19,74.902,0,0,2.56,0,183.2
2105,1860.680,13.0343,12.8625,14.4599,31,-14.8438,2.34375,2631,26.719,28,78.8,20.18,2.04,8.23529,16.0784,64.9572,14.2196,5.51,-6.54579,1,8,0,0,19,74.902,0,0,2.56,0,183.2
2106,1860.720,12.9917,13.207,14.4599,31,-7.03125,2.34375,2609,26.719,28,78.8,21.11,2,6.66667,14.1176,51.0924,14.2196,5.655,-6.54579,1,8,0,0,19,74.902,0,0,2.816,0,183.2
2107,1860.760,13.2876,13.5516,14.4184,31,-6.25,2.34375,2620.25,26.0976,27.5,78.8,18.89,1.92,6.27451,13.3333,48.9896,14.2196,5.655,-7.59812,1,8,0,0,18,74.902,0,0,2.816,0,183.2
2108,1860.800,13.7073,14.0109,14.4253,31,-5.46875,2.34375,2695.5,26.0976,28,78.8,17.32,1.9,7.84314,13.3333,58.7848,14.2196,5.655,-7.35616,1,8,0,0,18,74.902,0,0,2.816,0,183.2
2109,1860.840,15.0572,14.5852,14.4253,31,-3.90625,2.34375,2745,26.0976,28,78.8,17.84,1.92,9.01961,14.5098,67.6241,14.2196,5.51,-7.35616,1,8,0,0,18,74.902,0,0,2.816,0,183.2
2110,1860.880,15.6471,15.0445,14.4669,30,-2.34375,2.34375,2719.75,26.0976,28,78.8,19.25,1.98,7.84314,15.2941,58.2617,14.2196,5.51,-6.96634,1,8,0,0,19,74.902,0,0,2.816,0,183.2
2111,1860.920,15.4769,14.5852,14.4669,30,-3.90625,2.34375,2624.5,26.719,28,78.8,19.97,1.98,7.84314,14.902,60.3214,14.2196,5.655,-6.96634,1,8,0,0,19,74.902,0,0,2.816,0,183.2
2112,1860.960,14.9296,14.2406,14.453,30,-5.46875,2.34375,2610.25,26.719,28,78.8,19.82,1.98,9.41177,14.5098,78.8839,14.2196,5.655,-7.15206,1,8,0,0,19,74.902,0,0,2.816,0,183.2
2113,1861.000,14.2972,14.1258,14.6286,30,-6.25,2.34375,2680,26.719,28,78.8,19.97,2,9.01961,15.6863,71.998,14.2196,5.8,-6.43809,1,8,0,0,18,74.902,0,0,2.816,0,183.2
2114,1861.040,14.508,14.3555,14.6286,30,-5.46875,2.34375,2745.25,26.719,28,78.8,21.23,2.02,9.01961,15.2941,70.5996,14.2196,5.8,-6.43809,1,8,0,0,18,74.902,0,0,2.816,0,183.2
2115,1861.080,14.7613,14.5852,14.579,30,-4.6875,2.34375,2818,26.719,28,78.8,21.06,2.02,9.80392,15.6863,77.5146,14.2196,5.945,-6.63855,1,8,0,0,19,74.902,0,0,3.072,0,183.2
2116,1861.120,15.0572,14.7,14.5508,30,-3.90625,2.34375,2798.5,26.719,27.5,78.8,21.92,2.06,9.41177,16.0784,74.917,14.2196,5.945,-6.67139,1,8,0,0,20,74.902,0,0,3.072,0,183.2
2117,1861.160,15.2255,14.8148,14.5508,30,-3.90625,2.34375,2698.5,27.3403,27.5,78.8,22.51,2.06,8.62745,16.0784,65.9176,14.2196,6.09,-6.67139,1,8,0,0,20,74.902,0,0,3.072,0,183.2
2118,1861.200,15.1404,14.8148,14.5227,30,-3.125,2.34375,2653.5,27.3403,27,78.8,22.18,2.04,6.66667,14.902,52.1743,14.2196,6.235,-7.26474,1,8,0,0,19,74.902,0,0,3.072,0,183.2
2119,1861.240,15.1829,14.7,14.5227,30,-3.90625,2.34375,2710.25,26.719,27.5,78.8,19.09,1.94,5.4902,13.7255,44.5,14.2196,6.235,-7.26474,1,8,0,0,19,74.902,0,0,3.072,0,183.2
2120,1861.280,15.0147,14.4703,14.4878,30,-3.90625,2.34375,2763,26.719,27.5,78.8,17.81,1.88,7.45098,12.9412,53.7307,14.2196,6.09,-7.78527,1,8,0,0,19,74.902,0,0,3.072,0,183.2
2121,1861.320,14.6782,14.2406,14.5649,30,-5.46875,2.34375,2747,26.719,28,78.8,17.12,1.92,9.41177,14.5098,76.0006,14.2196,5.945,-6.65027,1,8,0,0,19,74.902,0,0,2.816,0,183.2
2122,1861.360,13.9606,13.8961,14.5649,30,-7.03125,2.34375,2674.75,26.719,28,78.8,19.35,2,9.01961,15.6863,69.3261,14.2196,5.8,-6.65027,1,8,0,0,20,74.902,0,0,2.816,0,183.2
2123,1861.400,13.6241,13.4367,14.6073,30,-8.59375,2.34375,2658.75,26.719,28,78.8,21.24,2.02,5.88235,14.902,45,14.2196,5.945,-7.00519,1,8,0,0,20,74.902,0,0,2.816,0,183.2
2124,1861.440,12.7809,13.0922,14.5508,30,-11.7188,2.34375,2717.75,26.719,28,78.8,19.01,1.94,5.88235,13.3333,43.6628,14.2196,5.945,-7.81534,1,8,0,0,19,74.902,0,0,2.816,0,183.2
2125,1861.480,12.4018,12.7477,14.5508,30,-14.0625,2.34375,2761.75,26.719,28,78.8,17.58,1.88,5.88235,12.9412,42.9832,14.2196,5.945,-7.81534,1,8,0,0,19,74.902,0,0,2.816,0,183.2
2126,1861.520,12.6552,13.0922,14.586,30,-14.0625,2.34375,2745.5,26.719,28.5,78.8,16.27,1.86,5.88235,12.9412,45.0411,14.2196,5.8,-7.84539,1,8,0,0,19,74.902,0,0,2.56,0,183.2
2127,1861.560,13.2451,13.5516,14.586,30,-13.2813,2.34375,2705,26.719,28.5,78.8,16.34,1.86,6.27451,13.3333,47.5364,14.2196,5.51,-7.84539,1,8,0,0,19,74.902,0,0,2.56,0,183.2
2128,1861.600,13.7498,13.8961,14.6571,30,-12.5,2.34375,2689.75,26.719,28.5,78.8,16.34,1.88,5.88235,13.3333,45.9459,14.2196,5.51,-7.66353,1,8,0,0,19,74.902,0,0,2.56,0,183.2
2129,1861.640,13.8775,14.2406,14.6642,30,-11.7188,2.34375,2723.25,26.719,28.5,78.8,16.65,1.88,7.45098,13.3333,54.5251,14.2196,5.365,-7.51613,1,8,0,0,19,74.902,0,0,2.56,0,183.2
2130,1861.680,14.1289,14.3555,14.6642,30,-11.7188,2.34375,2749.75,26.719,28.5,78.8,17.15,1.9,7.84314,13.7255,57.4507,14.2196,5.365,-7.51613,1,8,0,0,19,74.902,0,0,2.56,0,183.2
2131,1861.720,14.2972,14.4703,14.6428,30,-11.7188,2.34375,2765.75,26.719,28.5,78.8,18.21,1.94,7.45098,14.5098,55.4653,14.2196,5.365,-7.18032,1,8,0,0,19,74.902,0,0,2.56,0,183.2
2132,1861.760,14.508,14.7,14.5931,30,-10.9375,2.34375,2743.75,26.719,28.5,78.8,18.81,1.96,5.88235,14.5098,45.0684,14.2196,5.51,-7.75994,1,8,0,0,19,74.902,0,0,2.56,0,183.2
2133,1861.800,14.8039,14.9297,14.5931,30,-10.1563,2.34375,2722.5,26.719,28.5,78.8,19.04,1.94,5.88235,13.7255,43.7097,14.2196,5.51,-7.75994,1,8,0,0,19,74.902,0,0,2.56,0,183.2
2134,1861.840,15.0572,15.0445,14.579,30,-9.375,2.34375,2714.75,26.719,28.5,78.8,17.4,1.88,6.27451,12.9412,47.3692,14.2196,5.51,-7.81377,1,8,0,0,19,74.902,0,0,2.56,0,183.2
2135,1861.880,15.1404,15.2742,14.579,30,-8.59375,2.34375,2739,26.719,28.5,78.8,16.61,1.88,6.66667,13.3333,48.7687,14.2196,5.51,-7.81377,1,8,0,0,19,74.902,0,0,2.56,0,183.2
2136,1861.920,15.4363,15.3891,14.5649,30,-7.03125,2.34375,2744.25,26.719,28.5,78.8,16.22,1.88,6.66667,13.3333,48.4403,14.2196,5.51,-7.61408,1,8,0,0,19,74.902,0,0,2.56,0,183.2
2137,1861.960,15.1829,15.2742,14.5719,30,-7.03125,2.34375,2749.75,26.719,28.5,78.8,16.83,1.88,5.88235,13.3333,44.9664,14.2196,5.365,-7.68745,1,8,0,0,19,74.902,0,0,2.56,0,183.2
2138,1862.000,14.9296,15.0445,14.5719,30,-7.8125,2.34375,2731.75,26.719,28.5,78.8,17.15,1.88,5.88235,13.3333,43.7449,14.2196,5.365,-7.68745,1,8,0,0,19,74.902,0,0,2.56,0,183.2
2139,1862.040,15.2255,14.7,14.579,30,-7.8125,2.34375,2722.5,26.719,28.5,78.8,16.92,1.9,5.4902,13.3333,42.1486,14.2196,5.365,-7.82729,1,8,0,0,18,74.902,0,0,2.56,0,183.2
2140,1862.080,14.887,14.5852,14.579,30,-8.59375,2.34375,2734.25,26.719,28.5,78.8,17,1.88,5.4902,12.9412,41.5841,14.2196,5.365,-7.90713,1,8,0,0,18,74.902,0,0,2.56,0,183.2
2141,1862.120,14.5505,14.5852,14.579,30,-8.59375,2.34375,2745,26.719,28.5,78.8,16.07,1.86,5.88235,12.9412,43.235,14.2196,5.365,-7.90713,1,8,0,0,18,74.902,0,0,2.56,0,183.2
2142,1862.160,14.9721,14.5852,14.5931,30,-8.59375,2.34375,2752.75,26.719,28.5,78.8,15.99,1.84,5.4902,12.9412,42.2154,14.2196,5.22,-7.84424,1,8,0,0,18,74.902,0,0,2.56,0,183.2
2143,1862.200,14.9296,14.5852,14.5931,30,-8.59375,2.34375,2742.5,27.3403,28.5,78.8,15.66,1.86,5.4902,12.9412,41.4608,14.2196,5.22,-7.84424,1,8,0,0,18,74.902,0,0,2.56,0,183.2
2144,1862.240,14.887,14.5852,14.6428,30,-8.59375,2.34375,2742.5,27.3403,28.5,78.8,15.91,1.86,5.88235,12.9412,43.2717,14.2196,5.22,-7.90647,1,8,0,0,18,74.902,0,0,2.56,0,183.2
2145,1862.280,15.0978,14.5852,14.6215,30,-8.59375,2.34375,2746.25,27.3403,28.5,78.8,15.74,1.84,5.4902,12.9412,42.7131,14.2196,5.22,-7.8404,1,8,0,0,18,74.902,0,0,2.56,0,183.2
2146,1862.320,14.9296,14.5852,14.6215,30,-8.59375,2.34375,2757,27.3403,28.5,78.8,16.06,1.86,5.4902,13.3333,41.2494,14.2196,5.22,-7.8404,1,8,0,0,18,74.902,0,0,2.56,0,183.2
2147,1862.360,14.887,14.5852,14.6357,30,-7.8125,2.34375,2755.5,27.3403,28.5,78.8,16.53,1.88,5.09804,13.3333,41.3428,14.2196,5.22,-7.85119,1,8,0,0,19,74.902,0,0,2.56,0,183.2
2148,1862.400,14.6356,14.7,14.6499,30,-7.8125,2.34375,2756.75,27.3403,28.5,78.8,16.3,1.86,3.92157,13.3333,38.8428,14.2196,5.22,-7.99125,1,8,0,0,18,74.902,0,0,2.56,0,183.2
2149,1862.440,14.6782,14.8148,14.6499,30,-7.8125,2.34375,2750,27.3403,28.5,78.8,16.16,1.86,4.31373,12.9412,36.3428,14.2196,5.22,-7.99125,1,8,0,0,18,74.902,0,0,2.56,0,183.2
2150,1862.480,14.5931,14.8148,14.6642,30,-7.03125,2.34375,2749.5,27.3403,28.5,78.8,16.08,1.86,4.31373,12.549,33.8428,14.2196,5.22,-8.15132,1,8,0,0,18,74.902,0,0,2.56,0,183.2
2151,1862.520,14.7188,14.9297,14.6642,30,-7.03125,2.34375,2745.75,27.3403,28.5,78.8,15.33,1.82,4.31373,12.549,34.1799,14.2196,5.22,-8.15132,1,8,0,0,18,74.902,0,0,2.56,0,183.2
2152,1862.560,14.8464,14.9297,14.6928,30,-6.25,2.34375,2748.25,27.3403,28.5,78.8,14.9,1.82,4.31373,12.1569,32.3443,14.2196,5.075,-8.19783,1,8,0,0,18,74.902,0,0,2.56,0,183.2
2153,1862.600,14.5931,14.9297,14.7072,30,-6.25,2.34375,2742,27.3403,28.5,78.8,14.47,1.82,3.92157,11.7647,30.6006,14.2196,5.075,-8.31624,1,8,0,0,18,74.902,0,0,2.304,0,183.2
2154,1862.640,14.6782,14.7,14.7072,30,-6.25,2.34375,2753.25,27.3403,28.5,78.8,14.11,1.8,3.92157,11.7647,30.4868,14.2196,4.93,-8.31624,1,8,0,0,18,74.902,0,0,2.304,0,183.2
2155,1862.680,14.7188,14.5852,14.7794,30,-7.03125,2.34375,2758.5,27.3403,28.5,78.8,13.39,1.78,3.52941,11.7647,29.0057,14.2196,4.785,-8.34054,1,8,0,0,18,74.902,0,0,2.304,0,183.2
2156,1862.720,14.508,14.4703,14.8012,30,-7.03125,2.34375,2771.5,27.3403,28.5,78.8,13.12,1.78,2.7451,11.3725,26.5057,14.2196,4.785,-8.48495,1,8,0,0,18,74.902,0,0,2.304,0,183.2
2157,1862.760,14.4673,14.4703,14.8012,30,-7.03125,2.34375,2764.5,27.3403,28.5,78.8,12.85,1.76,2.7451,10.5882,24.0057,14.2196,4.785,-8.48495,1,8,0,0,18,74.902,0,0,2.304,0,183.2
2158,1862.800,14.508,14.4703,14.845,30,-7.03125,2.34375,2754.25,27.3403,28.5,78.8,11.9,1.72,1.96078,10.5882,21.5057,14.2196,4.64,-8.64502,1,8,0,0,18,74.902,0,0,2.048,0,183.2
2159,1862.840,14.3397,14.4703,14.845,30,-7.03125,2.34375,2743.25,27.3403,28.5,78.8,11.6,1.7,1.56863,10.1961,19.0057,14.2196,4.495,-8.64502,1,8,0,0,18,74.902,0,0,2.048,0,183.2
2160,1862.880,14.3823,14.5852,14.8743,30,-7.03125,2.34375,2744.75,27.3403,28.5,78.8,11.01,1.66,1.56863,9.41177,16.5057,14.2196,4.35,-8.8051,1,8,0,0,18,74.902,0,0,2.048,0,183.2
2161,1862.920,14.887,14.5852,14.9333,30,-7.03125,2.34375,2761,27.3403,28.5,78.8,10.13,1.66,1.17647,9.01961,14.0057,14.2196,4.205,-8.96523,1,8,0,0,17,74.902,0,0,2.048,0,183.2
2162,1862.960,14.8464,14.5852,14.9333,30,-7.03125,2.34375,2759.25,27.3403,28.5,78.8,10.02,1.64,1.56863,9.01961,14.2462,14.2196,4.06,-8.96523,1,8,0,0,17,74.902,0,0,2.048,0,183.2
2163,1863.000,15.0147,14.5852,14.9779,30,-7.03125,2.34375,2759.25,27.3403,28.5,78.8,9.74,1.6,1.96078,9.01961,16.0985,14.2196,3.915,-8.92366,1,8,0,0,17,74.902,0,0,1.792,0,183.2
2164,1863.040,15.0572,14.7,14.9854,30,-7.03125,2.34375,2742,27.3403,28.5,78.8,9.6,1.62,1.56863,9.01961,14.2993,14.2196,3.915,-8.99521,1,8,0,0,17,74.902,0,0,1.792,0,183.2
2165,1863.080,14.9296,14.5852,14.9854,30,-7.03125,2.34375,2736.25,27.3403,28.5,78.8,9.67,1.62,1.96078,9.01961,16.1324,14.2196,3.77,-8.99521,1,8,0,0,16,74.902,0,0,1.792,0,183.2
2166,1863.120,15.0572,14.5852,14.9556,30,-7.03125,2.34375,2740.5,27.3403,28.5,78.8,9.63,1.62,1.56863,9.01961,14.303,14.2196,3.77,-8.94011,1,8,0,0,16,74.902,0,0,1.792,0,183.2
2167,1863.160,15.0572,14.7,14.9556,30,-7.03125,2.34375,2731.25,27.3403,28.5,78.8,9.53,1.6,1.56863,9.01961,14.3318,14.2196,3.77,-8.94011,1,8,0,0,16,74.902,0,0,1.792,0,183.2
2168,1863.200,15.0978,14.7,14.9333,30,-6.25,2.34375,2713.5,27.3403,28.5,78.8,9.42,1.6,1.96078,9.01961,16.2198,14.2196,3.625,-8.99213,1,8,0,0,16,74.902,0,0,1.792,0,183.2
2169,1863.240,14.6356,14.7,14.8377,30,-6.25,2.34375,2712,27.3403,28.5,78.8,9.39,1.6,1.96078,9.01961,16.2253,14.2196,3.625,-8.91711,1,8,0,0,16,74.902,0,0,1.792,0,183.2
2170,1863.280,14.6782,14.8148,14.8377,30,-5.46875,2.34375,2751.25,27.3403,28.5,78.8,9.49,1.62,1.96078,9.01961,16.0716,14.2196,3.625,-8.91711,1,8,0,0,16,74.902,0,0,1.792,0,183.2
2171,1863.320,14.6356,14.9297,14.7288,30,-5.46875,2.34375,2772.5,27.3403,28.5,78.8,9.63,1.62,1.96078,9.01961,17.7762,14.2196,3.625,-8.92581,1,8,0,0,16,74.902,0,0,1.792,0,183.2
2172,1863.360,14.7613,15.0445,14.6286,30,-4.6875,2.34375,2779.5,27.3403,28.5,78.8,9.49,1.62,1.96078,9.01961,15.9613,14.2196,3.625,-8.91432,1,8,0,0,16,74.902,0,0,1.792,0,183.2
2173,1863.400,14.8464,15.1594,14.6286,30,-4.6875,2.34375,2769.25,27.3403,28.5,78.8,9.49,1.6,1.56863,9.01961,14.2112,14.2196,3.625,-8.91432,1,8,0,0,16,74.902,0,0,1.792,0,183.2
2174,1863.440,14.9721,15.1594,14.5931,30,-3.90625,2.34375,2747.25,27.3403,28.5,78.8,9.56,1.62,1.56863,9.01961,14.2794,14.2196,3.625,-8.99444,1,8,0,0,16,74.902,0,0,1.792,0,183.2
2175,1863.480,15.2255,15.1594,14.5931,30,-3.90625,2.34375,2723,27.3403,28.5,78.8,9.6,1.6,1.56863,9.01961,14.3546,14.2196,3.625,-8.99444,1,8,0,0,15,74.902,0,0,1.792,0,183.2
2176,1863.520,15.0572,15.1594,14.579,30,-3.90625,2.34375,2704.75,27.3403,28.5,78.8,9.36,1.6,1.56863,9.01961,14.4112,14.2196,3.625,-8.99123,1,8,0,0,15,74.902,0,0,1.792,0,183.2
2177,1863.560,15.1404,15.0445,14.5508,30,-3.125,2.34375,2705.75,27.3403,28.5,78.8,9.36,1.6,1.96078,9.01961,18.0454,14.2196,3.625,-8.84071,1,8,0,0,15,74.902,0,0,1.792,0,183.2
2178,1863.600,15.0978,15.0445,14.5508,30,-3.125,2.34375,2735,27.3403,28.5,78.8,9.36,1.6,1.96078,9.01961,17.0368,14.2196,3.625,-8.84071,1,8,0,0,15,74.902,0,0,1.792,0,183.2
2179,1863.640,14.887,15.0445,14.5508,30,-3.125,2.34375,2762.5,26.719,28.5,78.8,9.46,1.6,1.96078,9.01961,16.0246,14.2196,3.625,-8.90387,1,8,0,0,15,74.902,0,0,1.792,0,183.2
2180,1863.680,15.0978,15.1594,14.5508,30,-2.34375,2.34375,2770,26.719,28.5,78.8,9.53,1.6,1.96078,9.01961,16.0457,14.2196,3.625,-8.92362,1,8,0,0,15,74.902,0,0,1.792,0,183.2
2181,1863.720,15.0978,15.1594,14.5508,30,-2.34375,2.34375,2748.75,26.719,28.5,78.8,9.6,1.62,1.96078,9.01961,16.0772,14.2196,3.625,-8.92362,1,8,0,0,16,74.902,0,0,1.792,0,183.2
2182,1863.760,15.0572,15.1594,14.5508,30,-1.5625,2.34375,2732.25,26.719,28.5,78.8,9.49,1.6,1.96078,9.01961,16.1415,14.2196,3.625,-8.92172,1,8,0,0,16,74.902,0,0,1.792,0,183.2
2183,1863.800,15.268,15.1594,14.5508,30,-1.5625,2.34375,2714,26.719,28.5,78.8,9.63,1.62,1.56863,9.01961,14.6069,14.2196,3.625,-8.92172,1,8,0,0,16,74.902,0,0,1.792,0,183.2
2184,1863.840,15.1404,15.0445,14.5508,30,-1.5625,2.34375,2713,26.719,28.5,78.8,9.63,1.62,1.56863,9.01961,14.382,14.2196,3.48,-8.9812,1,8,0,0,16,74.902,0,0,1.792,0,183.2
2185,1863.880,14.887,15.0445,14.5508,30,-1.5625,2.34375,2705.75,26.719,28.5,78.8,9.53,1.62,1.56863,9.01961,14.4043,14.2196,3.48,-8.98975,1,8,0,0,16,74.902,0,0,1.792,0,183.2
2186,1863.920,14.8039,14.9297,14.5508,30,-1.5625,2.34375,2700.5,26.719,28.5,78.8,9.56,1.62,1.96078,9.01961,16.2633,14.2196,3.625,-8.98975,1,8,0,0,15,74.902,0,0,1.792,0,183.2
2187,1863.960,14.887,14.9297,14.5508,30,-1.5625,2.34375,2719.75,26.719,28.5,78.8,9.49,1.6,1.96078,9.01961,16.1875,14.2196,3.625,-8.91738,1,8,0,0,15,74.902,0,0,1.792,0,183.2
2188,1864.000,14.8464,14.8148,14.5508,30,-1.5625,2.34375,2730.75,26.719,28.5,78.8,9.53,1.62,1.96078,9.01961,16.1448,14.2196,3.48,-8.92151,1,8,0,0,15,74.902,0,0,1.792,0,183.2
2189,1864.040,14.7188,14.8148,14.5508,30,-1.5625,2.34375,2745,26.719,28.5,78.8,9.49,1.6,1.96078,9.01961,17.8978,14.2196,3.48,-8.92151,1,8,0,0,15,74.902,0,0,1.792,0,183.2
2190,1864.080,14.6356,14.8148,14.5508,30,-1.5625,2.34375,2734,26.719,28.5,78.8,9.53,1.62,1.96078,9.01961,16.9151,14.2196,3.48,-8.84889,1,8,0,0,15,74.902,0,0,1.792,0,183.2
2191,1864.120,14.7613,14.8148,14.5508,30,-1.5625,2.34375,2721.5,26.719,28.5,78.8,9.39,1.6,1.96078,9.01961,18.0536,14.2196,3.48,-8.84889,1,8,0,0,15,74.902,0,0,1.792,0,183.2
2192,1864.160,14.7188,14.7,14.5508,30,-1.5625,2.34375,2696.25,26.719,28.5,78.8,9.46,1.62,1.96078,9.41177,16.277,14.2196,3.48,-8.84337,1,8,0,0,16,74.902,0,0,1.792,0,183.2
2193,1864.200,14.5931,14.7,14.5508,30,-1.5625,2.34375,2692,26.719,28.5,78.8,9.77,1.62,1.96078,9.41177,18.1432,14.2196,3.48,-8.83935,1,8,0,0,16,74.902,0,0,1.792,0,183.2
2194,1864.240,14.508,14.5852,14.5508,30,-1.5625,2.34375,2708.75,26.719,28.5,78.8,9.7,1.62,1.96078,9.41177,18.0647,14.2196,3.625,-8.83935,1,8,0,0,16,74.902,0,0,1.792,0,183.2
2195,1864.280,14.3823,14.5852,14.5508,30,-1.5625,2.34375,2724.75,26.719,28.5,78.8,9.81,1.64,2.35294,9.80392,19.813,14.2196,3.48,-8.84125,1,8,0,0,16,74.902,0,0,1.792,0,183.2
2196,1864.320,14.4248,14.7,14.5508,30,-1.5625,2.34375,2735,26.719,28.5,78.8,9.91,1.64,1.96078,9.80392,17.8628,14.2196,3.625,-8.83101,1,8,0,0,16,74.902,0,0,1.792,0,183.2
2197,1864.360,14.6356,14.7,14.5508,30,-.78125,2.34375,2720.25,26.719,28.5,78.8,10.01,1.64,1.96078,9.80392,18.0095,14.2196,3.625,-8.83101,1,8,0,0,15,74.902,0,0,1.792,0,183.2
2198,1864.400,14.508,14.8148,14.5508,30,-.78125,2.34375,2711.25,26.719,28.5,78.8,10.15,1.64,1.96078,9.80392,18.0517,14.2196,3.625,-8.84413,1,8,0,0,15,74.902,0,0,1.792,0,183.2
2199,1864.440,14.8039,14.8148,14.5508,30,-.78125,2.34375,2704.5,26.719,28.5,78.8,10.29,1.66,1.96078,9.80392,18.0188,14.2196,3.625,-8.84413,1,8,0,0,15,74.902,0,0,2.048,0,183.2
2200,1864.480,14.9296,14.8148,14.5508,30,0,2.34375,2703.5,26.719,28.5,78.8,9.98,1.64,2.35294,9.41177,19.9264,14.2196,3.625,-8.84477,1,8,0,0,15,74.902,0,0,1.792,0,183.2
2201,1864.520,14.887,14.9297,14.5508,30,0,2.34375,2690.75,26.719,28.5,78.8,9.88,1.64,2.35294,9.41177,19.9961,14.2196,3.625,-8.76652,1,8,0,0,15,74.902,0,0,1.792,0,183.2
2202,1864.560,14.9296,14.8148,14.5508,30,0,2.34375,2673.5,26.719,28.5,78.8,9.84,1.64,2.35294,9.41177,20.0891,14.2196,3.625,-8.76652,1,8,0,0,16,74.902,0,0,1.792,0,183.2
2203,1864.600,14.8464,14.8148,14.5508,30,0,2.34375,2672,26.719,28.5,78.8,9.84,1.64,2.7451,9.80392,21.9615,14.2196,3.625,-8.76454,1,8,0,0,16,74.902,0,0,1.792,0,183.2
2204,1864.640,14.9296,14.8148,14.5508,30,0,2.34375,2682.25,26.719,28.5,78.8,10.01,1.66,2.35294,10.1961,20.3862,14.2196,3.625,-8.73007,1,8,0,0,16,74.902,0,0,2.048,0,183.2
2205,1864.680,14.887,14.8148,14.5508,30,0,2.34375,2690.25,26.719,28.5,78.8,10.71,1.68,3.52941,10.5882,29.2515,14.2196,3.625,-8.73007,1,8,0,0,16,74.902,0,0,2.048,0,183.2
2206,1864.720,14.887,14.8148,14.5508,30,.78125,2.34375,2704.75,26.719,28.5,78.8,11.56,1.72,3.52941,11.3725,30.6353,14.2196,3.625,-8.3172,1,8,0,0,15,74.902,0,0,2.048,0,183.2
2207,1864.760,14.887,14.8148,14.5508,30,.78125,2.34375,2700,26.719,28.5,78.8,11.87,1.74,3.52941,11.3725,29.1591,14.2196,3.77,-8.3172,1,8,0,0,15,74.902,0,0,2.048,0,183.2
2208,1864.800,14.6356,14.8148,14.5157,30,.78125,2.34375,2706,26.719,28.5,78.8,12.45,1.76,3.52941,11.7647,31.8419,14.2196,3.915,-8.39885,1,8,0,0,15,74.902,0,0,2.048,0,183.2
2209,1864.840,14.887,14.9297,14.453,30,.78125,2.34375,2719.25,26.719,28.5,78.8,12.71,1.78,2.35294,11.7647,29.3419,14.2196,3.915,-8.35153,1,8,0,0,15,74.902,0,0,2.048,0,183.2
2210,1864.880,15.0572,15.0445,14.453,30,1.5625,2.34375,2715.25,26.719,28.5,78.8,13.16,1.78,2.35294,11.7647,26.8419,14.2196,4.06,-8.35153,1,8,0,0,15,74.902,0,0,2.304,0,183.2
2211,1864.920,15.0978,15.1594,14.4184,30,2.34375,2.34375,2693.25,26.719,28.5,78.8,12.98,1.78,2.35294,10.9804,24.3419,14.2196,4.205,-8.51173,1,8,0,0,15,74.902,0,0,2.304,0,183.2
2212,1864.960,15.3086,15.2742,14.4046,30,3.125,2.34375,2674.25,26.719,28.5,78.8,11.84,1.72,1.96078,10.5882,21.8419,14.2196,4.205,-8.67192,1,8,0,0,16,74.902,0,0,2.304,0,183.2
2213,1865.000,15.8153,15.2742,14.4046,30,3.90625,2.34375,2666.5,26.0976,28.5,78.8,11.35,1.7,1.96078,9.80392,19.3419,14.2196,4.205,-8.67192,1,8,0,0,16,74.902,0,0,2.304,0,183.2
2214,1865.040,15.9836,15.2742,14.4322,30,3.90625,2.34375,2683.25,26.0976,28.5,78.8,10.93,1.66,6.27451,9.80392,47.8716,14.2196,4.06,-8.61503,1,8,0,0,16,74.902,0,0,2.304,0,183.2
2215,1865.080,15.7728,15.0445,14.4322,30,3.125,2.34375,2681.75,26.719,28.5,78.8,11.59,1.76,5.4902,12.549,45,14.2196,4.06,-8.61503,1,8,0,0,16,74.902,0,0,2.048,0,183.2
2216,1865.120,15.856,14.7,14.453,30,2.34375,2.34375,2631.75,26.719,28.5,78.8,14.22,1.84,2.35294,12.9412,42.5,14.2196,4.06,-7.76503,1,8,0,0,16,74.902,0,0,2.304,0,183.2
2217,1865.160,15.856,14.4703,14.4322,30,2.34375,2.34375,2646.25,26.719,28.5,78.8,15.51,1.86,1.96078,12.9412,40,14.2196,4.205,-7.9251,1,8,0,0,16,74.902,0,0,2.304,0,183.2
2218,1865.200,15.1829,14.0109,14.4322,30,.78125,2.34375,2720.75,26.719,28.5,78.8,15.83,1.86,4.70588,12.549,37.5,14.2196,4.64,-7.9251,1,8,0,0,16,74.902,0,0,2.304,0,183.2
2219,1865.240,14.3397,13.6664,14.336,30,-.78125,2.34375,2772,26.719,28.5,78.8,15.51,1.84,5.09804,12.549,38.0428,14.2196,4.64,-7.96818,1,8,0,0,16,74.902,0,0,2.56,0,183.2
2220,1865.280,13.7073,13.207,14.3292,30,-3.90625,2.34375,2769.25,26.719,28.5,78.8,15.08,1.84,4.70588,12.549,35.8248,14.2196,4.64,-8.11241,1,8,0,0,17,74.902,0,0,2.304,0,183.2
2221,1865.320,12.9492,12.8625,14.3292,30,-6.25,2.34375,2669.25,26.0976,28.5,78.8,15.17,1.84,1.96078,12.549,33.3248,14.2196,4.64,-8.11241,1,8,0,0,17,74.902,0,0,2.304,0,183.2
2222,1865.360,13.2451,13.207,14.336,30,-5.46875,2.34375,2582.75,26.0976,28.5,78.8,14.91,1.82,1.96078,11.7647,30.8248,14.2196,4.64,-8.27254,1,8,0,0,17,74.902,0,0,2.304,0,183.2
2223,1865.400,13.4133,13.4367,14.336,30,-4.6875,2.34375,2588.5,26.0976,28.5,78.8,13.42,1.78,3.92157,11.3725,32.0858,14.2196,4.64,-8.27254,1,8,0,0,17,74.902,0,0,2.56,0,183.2
2224,1865.440,13.3282,13.7813,14.3565,30,-4.6875,2.34375,2629.75,26.0976,28.5,78.8,12.8,1.78,5.88235,11.7647,46.8817,14.2196,4.64,-8.28213,1,8,0,0,17,74.902,0,0,2.304,0,183.2
2225,1865.480,13.7498,14.0109,14.3771,30,-3.90625,2.34375,2673,26.0976,28.5,78.8,14.39,1.82,5.09804,12.9412,43.5126,14.2196,4.64,-7.78474,1,8,0,0,17,74.902,0,0,2.304,0,183.2
2226,1865.520,14.0883,14.1258,14.3771,30,-4.6875,2.34375,2694.25,26.0976,28.5,78.8,15.11,1.84,4.70588,12.9412,41.0126,14.2196,4.64,-7.78474,1,8,0,0,17,74.902,0,0,2.304,0,183.2
2227,1865.560,14.1714,14.1258,14.3908,30,-4.6875,2.34375,2730,26.719,28.5,78.8,15.28,1.84,5.09804,12.549,38.5126,14.2196,4.64,-7.94481,1,8,0,0,17,74.902,0,0,2.304,0,183.2
2228,1865.600,14.4248,14.2406,14.3908,30,-4.6875,2.34375,2762.5,26.719,28.5,78.8,15.45,1.84,5.4902,12.9412,41.136,14.2196,4.64,-7.91982,1,8,0,0,17,74.902,0,0,2.56,0,183.2
2229,1865.640,14.5505,14.4703,14.3908,30,-4.6875,2.34375,2735.75,26.719,28.5,78.8,15.28,1.84,4.31373,12.9412,39.3126,14.2196,4.64,-7.91982,1,8,0,0,18,74.902,0,0,2.56,0,183.2
2230,1865.680,14.6782,14.5852,14.3977,30,-3.90625,2.34375,2662.5,26.719,28.5,78.8,15.37,1.84,3.52941,12.9412,36.8126,14.2196,4.64,-8.03279,1,8,0,0,18,74.902,0,0,2.56,0,183.2
2231,1865.720,14.8039,14.5852,14.3977,30,-3.90625,2.34375,2630,26.719,28.5,78.8,15.45,1.84,4.31373,12.549,34.3126,14.2196,4.785,-8.03279,1,8,0,0,18,74.902,0,0,2.56,0,183.2
2232,1865.760,14.887,14.5852,14.3977,30,-3.90625,2.34375,2665.5,26.719,28.5,78.8,14.85,1.82,5.88235,12.549,44.4296,14.2196,4.785,-8.19299,1,8,0,0,18,74.902,0,0,2.56,0,183.2
2233,1865.800,14.9721,14.4703,14.4046,30,-3.90625,2.34375,2709.5,26.719,28.5,78.8,14.6,1.82,5.88235,12.549,45.5823,14.2196,4.785,-7.72649,1,8,0,0,17,74.902,0,0,2.56,0,183.2
2234,1865.840,14.887,14.4703,14.4046,30,-4.6875,2.34375,2744.5,26.719,28.5,78.8,15.02,1.84,5.88235,13.3333,45.0159,14.2196,4.785,-7.72649,1,8,0,0,18,74.902,0,0,2.56,0,183.2
2235,1865.880,15.0572,14.4703,14.4184,30,-4.6875,2.34375,2736,26.719,28.5,78.8,16.24,1.88,5.88235,13.3333,44.6901,14.2196,4.785,-7.75933,1,8,0,0,18,74.902,0,0,2.56,0,183.2
2236,1865.920,15.0147,14.4703,14.4184,30,-4.6875,2.34375,2672.75,26.719,28.5,78.8,16.4,1.88,5.4902,13.3333,42.4517,14.2196,4.785,-7.85779,1,8,0,0,17,74.902,0,0,2.56,0,183.2
2237,1865.960,14.887,14.4703,14.4184,30,-4.6875,2.34375,2643.5,26.719,28.5,78.8,16.09,1.86,5.09804,12.9412,39.9517,14.2196,4.785,-7.85779,1,8,0,0,17,74.902,0,0,2.56,0,183.2
2238,1866.000,14.9721,14.4703,14.4046,30,-4.6875,2.34375,2677,26.719,28.5,78.8,15.78,1.86,5.4902,12.549,42.3879,14.2196,4.93,-8.00745,1,8,0,0,17,74.902,0,0,2.56,0,183.2
2239,1866.040,14.7613,14.4703,14.4046,30,-4.6875,2.34375,2718.75,26.719,28.5,78.8,15.45,1.84,6.27451,12.549,47.2604,14.2196,4.93,-8.00745,1,8,0,0,17,74.902,0,0,2.56,0,183.2
2240,1866.080,14.9296,14.5852,14.4046,30,-4.6875,2.34375,2743.75,26.719,28.5,78.8,15.37,1.84,5.88235,12.9412,45.2848,14.2196,4.93,-7.67496,1,8,0,0,17,74.902,0,0,2.56,0,183.2
2241,1866.120,15.1404,14.5852,14.4184,30,-4.6875,2.34375,2721.5,26.719,28.5,78.8,15.94,1.86,5.4902,13.3333,44.0632,14.2196,4.93,-7.76286,1,8,0,0,18,74.902,0,0,2.56,0,183.2
2242,1866.160,15.0572,14.4703,14.4184,30,-4.6875,2.34375,2676.5,26.719,28.5,78.8,16.01,1.86,5.09804,13.3333,41.5632,14.2196,4.93,-7.76286,1,8,0,0,18,74.902,0,0,2.56,0,183.2
2243,1866.200,14.9721,14.3555,14.4253,30,-4.6875,2.34375,2684.5,26.719,28.5,78.8,15.94,1.86,5.09804,13.3333,40.4217,14.2196,4.93,-7.92299,1,8,0,0,18,74.902,0,0,2.56,0,183.2
2244,1866.240,14.7188,14.2406,14.4253,30,-5.46875,2.34375,2705.75,26.719,28.5,78.8,16.09,1.86,5.88235,12.9412,43.8036,14.2196,4.93,-7.87592,1,8,0,0,18,74.902,0,0,2.56,0,183.2
2245,1866.280,14.6356,14.2406,14.4253,30,-5.46875,2.34375,2741.75,26.719,28.5,78.8,15.57,1.84,5.88235,12.9412,43.5634,14.2196,4.93,-7.87592,1,8,0,0,17,74.902,0,0,2.56,0,183.2
2246,1866.320,14.6782,14.3555,14.4669,30,-5.46875,2.34375,2730,26.719,28.5,78.8,15.05,1.84,6.27451,12.9412,47.0653,14.2196,4.93,-7.75696,1,8,0,0,17,74.902,0,0,2.56,0,183.2
2247,1866.360,14.7188,14.3555,14.4669,30,-5.46875,2.34375,2702.25,26.719,28.5,78.8,15.81,1.86,5.88235,13.3333,45.6966,14.2196,4.93,-7.75696,1,8,0,0,17,74.902,0,0,2.56,0,183.2
2248,1866.400,14.887,14.3555,14.5157,30,-5.46875,2.34375,2695,26.719,28.5,78.8,16.12,1.88,5.88235,13.3333,43.9645,14.2196,4.93,-7.73759,1,8,0,0,17,74.902,0,0,2.56,0,183.2
2249,1866.440,14.8464,14.3555,14.5297,30,-6.25,2.34375,2703.25,26.719,28.5,78.8,15.97,1.86,5.4902,13.3333,42.9838,14.2196,4.93,-7.8061,1,8,0,0,17,74.902,0,0,2.56,0,183.2
2250,1866.480,14.3397,14.4703,14.5297,30,-6.25,2.34375,2727.75,26.719,28.5,78.8,15.97,1.86,5.88235,12.9412,45.5618,14.2196,4.93,-7.8061,1,8,0,0,17,74.902,0,0,2.56,0,183.2
2251,1866.520,14.4673,14.4703,14.5508,30,-5.46875,2.34375,2728.25,26.719,28.5,78.8,15.97,1.86,6.66667,13.3333,48.9175,14.2196,4.93,-7.68124,1,8,0,0,18,74.902,0,0,2.56,0,183.2
2252,1866.560,14.508,14.5852,14.5649,30,-5.46875,2.34375,2708.5,26.719,28.5,78.8,16.05,1.86,6.66667,13.3333,49.2639,14.2196,4.93,-7.60966,1,8,0,0,18,74.902,0,0,2.56,0,183.2
2253,1866.600,14.6356,14.7,14.5649,30,-5.46875,2.34375,2704.25,26.719,28.5,78.8,16.51,1.88,6.66667,13.7255,49.3405,14.2196,4.93,-7.60966,1,8,0,0,18,74.902,0,0,2.56,0,183.2
2254,1866.640,14.7613,14.7,14.5649,30,-4.6875,2.34375,2701.25,26.719,28.5,78.8,17.05,1.9,6.66667,13.7255,49.3942,14.2196,4.93,-7.58756,1,8,0,0,17,74.902,0,0,2.56,0,183.2
2255,1866.680,14.508,14.7,14.5649,30,-4.6875,2.34375,2723.5,26.719,28.5,78.8,17.2,1.9,7.05882,13.7255,52.6487,14.2196,4.93,-7.58756,1,8,0,0,17,74.902,0,0,2.56,0,183.2
2256,1866.720,14.5505,14.7,14.5649,30,-4.6875,2.34375,2727.5,26.719,28.5,78.8,17.13,1.9,7.45098,13.7255,56.2132,14.2196,5.075,-7.45948,1,8,0,0,17,74.902,0,0,2.56,0,183.2
2257,1866.760,14.6356,14.7,14.5508,30,-4.6875,2.34375,2725.5,26.719,28.5,78.8,17.51,1.92,7.45098,14.1176,56.2542,14.2196,5.075,-7.31782,1,8,0,0,18,74.902,0,0,2.56,0,183.2
2258,1866.800,14.6356,14.5852,14.5508,30,-4.6875,2.34375,2707.5,26.719,28.5,78.8,18.33,1.92,7.45098,14.5098,56.2267,14.2196,5.075,-7.31782,1,8,0,0,18,74.902,0,0,2.56,0,183.2
2259,1866.840,14.508,14.5852,14.5297,30,-4.6875,2.34375,2712.25,26.719,28.5,78.8,18.55,1.94,7.45098,14.5098,54.6959,14.2196,5.22,-7.30015,1,8,0,0,18,74.902,0,0,2.816,0,183.2
2260,1866.880,14.508,14.5852,14.4878,30,-4.6875,2.34375,2719.75,26.719,28.5,78.8,18.48,1.94,7.45098,14.5098,54.5449,14.2196,5.365,-7.37104,1,8,0,0,18,74.902,0,0,2.816,0,183.2
2261,1866.920,14.6356,14.5852,14.4878,30,-4.6875,2.34375,2734.5,26.719,28.5,78.8,18.56,1.94,7.84314,14.5098,58.2429,14.2196,5.365,-7.37104,1,8,0,0,18,74.902,0,0,2.816,0,183.2
2262,1866.960,14.5931,14.5852,14.4738,30,-4.6875,2.34375,2723,26.719,28.5,78.8,18.56,1.94,8.23529,14.5098,62.8451,14.2196,5.365,-7.16168,1,8,0,0,18,74.902,0,0,2.816,0,183.2
2263,1867.000,14.5931,14.5852,14.4738,30,-4.6875,2.34375,2711.75,26.719,28.5,78.8,18.85,1.96,8.62745,14.902,65.8026,14.2196,5.365,-7.16168,1,8,0,0,18,74.902,0,0,2.816,0,183.2
2264,1867.040,15.0572,14.5852,14.4808,30,-4.6875,2.34375,2716,26.719,28.5,78.8,19.11,1.98,8.23529,15.2941,62.996,14.2196,5.51,-6.9333,1,8,0,0,18,74.902,0,0,2.816,0,183.2
2265,1867.080,14.7613,14.4703,14.4669,30,-4.6875,2.34375,2715,26.719,28,78.8,19.48,1.98,8.23529,15.2941,63.0184,14.2196,5.51,-6.93299,1,8,0,0,18,74.902,0,0,2.816,0,183.2
2266,1867.120,14.8464,14.4703,14.4669,30,-4.6875,2.34375,2730.75,26.719,28,78.8,19.93,1.98,8.62745,15.2941,65.7164,14.2196,5.655,-6.93299,1,8,0,0,18,74.902,0,0,2.816,0,183.2
2267,1867.160,14.9296,14.4703,14.453,30,-4.6875,2.34375,2723,26.719,28,78.8,19.7,1.98,9.01961,15.2941,70.9895,14.2196,5.655,-6.95002,1,8,0,0,18,74.902,0,0,2.816,0,183.2
2268,1867.200,14.4673,14.5852,14.453,30,-4.6875,2.34375,2716.5,26.719,28,78.8,20.25,2,9.41177,15.6863,73.8427,14.2196,5.8,-6.6233,1,8,0,0,18,74.902,0,0,2.816,0,183.2
2269,1867.240,14.6782,14.5852,14.453,30,-4.6875,2.34375,2711,26.719,28,78.8,21.45,2.04,9.41177,15.6863,73.736,14.2196,5.8,-6.6233,1,8,0,0,18,74.902,0,0,3.072,0,183.2
2270,1867.280,14.6356,14.5852,14.4322,30,-4.6875,2.34375,2723.25,26.719,27.5,78.8,21.28,2.02,9.41177,16.0784,73.696,14.2196,5.945,-6.61745,1,8,0,0,18,74.902,0,0,3.072,0,183.2
2271,1867.320,14.508,14.5852,14.4322,30,-3.90625,2.34375,2735.5,26.719,27.5,78.8,21.37,2.04,9.41177,16.0784,73.4381,14.2196,6.09,-6.61745,1,8,0,0,18,74.902,0,0,3.072,0,183.2
2272,1867.360,14.5931,14.5852,14.4115,30,-3.90625,2.34375,2731.5,26.719,27.5,78.8,21.28,2.04,9.41177,16.0784,76.2388,14.2196,6.09,-6.62775,1,8,0,0,19,74.902,0,0,3.072,0,183.2
2273,1867.400,14.6782,14.5852,14.4184,30,-3.90625,2.34375,2729.75,26.719,27.5,78.8,21.45,2.04,10.1961,16.0784,81.7111,14.2196,6.09,-6.29734,1,8,0,0,19,74.902,0,0,3.072,0,183.2
2274,1867.440,14.5931,14.5852,14.4184,30,-3.90625,2.34375,2723.25,26.719,27.5,78.8,22.64,2.06,10.5882,16.4706,87.2739,14.2196,6.235,-6.29734,1,8,0,0,19,74.902,0,0,3.072,0,183.2
2275,1867.480,14.508,14.4703,14.4115,30,-4.6875,2.34375,2736.75,26.719,27,78.8,23.47,2.08,10.9804,16.8627,89.7221,14.2196,6.235,-6.07404,1,8,0,0,19,74.902,0,0,3.072,0,183.2
2276,1867.520,14.3823,14.3555,14.3702,31,-4.6875,2.34375,2747.75,26.719,27,78.8,23.72,2.1,10.9804,17.2549,89.5007,14.2196,6.525,-5.97301,1,8,0,0,19,74.902,0,0,3.328,0,183.2
2277,1867.560,14.1714,14.2406,14.3702,31,-5.46875,2.34375,2747.75,26.719,27,78.8,23.97,2.1,10.9804,17.2549,89.7824,14.2196,6.67,-5.97301,1,8,0,0,19,74.902,0,0,3.328,0,183.2
2278,1867.600,14.1289,14.2406,14.336,31,-5.46875,2.34375,2729.5,26.719,26.5,78.8,24.14,2.12,10.9804,17.2549,92.5844,14.2196,6.67,-5.97338,1,8,0,0,19,74.902,0,0,3.328,0,183.2
2279,1867.640,14.1289,14.3555,14.3292,31,-5.46875,1.5625,2724.75,26.719,26.5,78.8,24.43,2.1,10.9804,17.2549,92.6752,14.2196,6.815,-5.97338,1,8,0,0,19,74.902,0,0,3.328,0,183.2
2280,1867.680,14.4248,14.4703,14.3292,31,-4.6875,1.5625,2718.25,26.719,26,78.8,24.43,2.12,11.7647,17.2549,100.721,14.2196,6.815,-5.858,1,8,0,0,19,74.902,0,0,3.328,0,183.2
2281,1867.720,14.4673,14.5852,14.3224,31,-4.6875,1.5625,2731.25,26.719,26,78.8,25.3,2.16,12.549,18.0392,108.853,14.2196,6.96,-5.01772,1,8,0,0,19,74.902,0,0,3.328,0,183.2
2282,1867.760,14.4673,14.5852,14.3224,31,-4.6875,1.5625,2740.75,26.719,25.5,78.8,28.4,2.2,12.549,18.4314,105.955,14.2196,7.105,-5.01772,1,8,0,0,19,74.902,0,0,3.584,0,183.2
2283,1867.800,14.6356,14.5852,14.2748,31,-4.6875,1.5625,2750.5,26.719,24.5,78.8,28.46,2.2,12.549,18.4314,108.709,14.2196,7.25,-5.05491,1,8,0,0,19,74.902,0,0,3.584,0,183.2
2284,1867.840,14.5505,14.5852,14.2478,31,-4.6875,1.5625,2747.25,26.719,24.5,78.8,28.68,2.2,11.7647,18.4314,100.387,14.2196,7.395,-5.31833,1,8,0,0,19,74.902,0,0,3.584,0,183.2
2285,1867.880,14.9296,14.7,14.2478,31,-3.90625,1.5625,2749,27.3403,24,78.8,28.9,2.2,11.7647,18.0392,100.353,14.2196,7.54,-5.31833,1,8,0,0,20,74.902,0,0,3.84,0,183.2
2286,1867.920,15.1404,14.7,14.2681,31,-3.90625,1.5625,2734.25,27.3403,24,78.8,26.97,2.16,13.3333,18.0392,113.9,14.2196,7.54,-5.31644,1,8,0,0,20,74.902,0,0,3.84,0,183.2
2287,1867.960,15.2255,14.5852,14.2681,31,-3.90625,1.5625,2742.25,27.3403,24,78.8,27.35,2.18,13.7255,18.8235,119.523,14.2196,7.54,-5.31644,1,8,0,0,20,74.902,0,0,3.584,0,183.2
2288,1868.000,14.9296,14.3555,14.336,31,-5.46875,1.5625,2765.75,27.3403,23.5,78.8,28.78,2.2,13.7255,19.2157,119.094,14.2196,7.54,-3.89313,1,8,0,0,20,74.902,0,0,3.584,0,183.2
2289,1868.040,15.0147,14.2406,14.3224,31,-6.25,.78125,2795,27.3403,23.5,78.8,29.54,2.22,14.902,19.2157,129.836,14.2196,7.685,-3.48223,1,8,0,0,20,74.902,0,0,3.84,0,183.2
2290,1868.080,14.8039,14.2406,14.3224,31,-6.25,.78125,2795,27.3403,23.5,78.8,30.98,2.28,15.6863,20.3922,137.675,14.2196,7.83,-3.48223,1,8,0,0,19,74.902,0,0,3.84,0,183.2
2291,1868.120,14.7188,14.3555,14.2884,31,-5.46875,.78125,2789.75,27.3403,23,78.8,33.16,2.3,16.4706,20.7843,148.751,14.2196,7.975,-2.09281,1,8,0,0,20,74.902,0,0,3.84,0,183.2
2292,1868.160,14.7188,14.5852,14.0483,31,-4.6875,.78125,2784.75,27.3403,22.5,78.8,34.49,2.32,16.4706,21.5686,146.029,14.2196,8.265,-1.40205,1,8,0,0,20,74.902,0,0,4.096,0,183.2
2293,1868.200,14.9296,14.7,14.0483,31,-4.6875,.78125,2800.75,27.3403,22,78.8,35.21,2.34,14.1176,21.5686,123.933,14.2196,8.555,-1.40205,1,8,0,0,20,74.902,0,0,4.352,0,183.2
2294,1868.240,14.9721,14.9297,13.9896,31,-3.125,.78125,2820.25,27.3403,21.5,78.8,34.14,2.3,12.9412,19.6078,110.176,14.2196,8.7,-4.43294,1,8,0,0,19,74.902,0,0,4.352,0,183.2
2295,1868.280,15.0572,14.9297,14.1076,31,-3.125,.78125,2807.5,27.3403,22,78.8,30.1,2.22,14.902,19.2157,129.36,14.2196,8.555,-4.43294,1,8,0,0,20,74.902,0,0,4.352,0,183.2
2296,1868.320,15.2255,14.4703,14.1076,31,-4.6875,.78125,2762.75,27.3403,22.5,78.8,30.3,2.24,15.6863,20,140.888,14.2196,8.41,-3.0321,1,8,0,0,19,74.902,0,0,4.096,0,183.2
2297,1868.360,15.0147,14.0109,14.2075,31,-6.25,.78125,2740.75,27.3403,22,78.8,32.98,2.3,15.6863,20.7843,141.297,14.2196,8.41,-2.04428,1,8,0,0,20,74.902,0,0,4.096,0,183.2
2298,1868.400,14.5931,13.6664,14.2075,31,-8.59375,.78125,2767,27.3403,22,78.8,33.78,2.3,15.6863,20.7843,140.863,14.2196,8.555,-2.04428,1,8,0,0,19,74.902,0,0,4.096,0,183.2
2299,1868.440,13.7924,13.7813,14.2142,31,-8.59375,.78125,2786.5,27.3403,21.5,78.8,34.14,2.3,16.4706,20.7843,145.997,14.2196,8.555,-2.08858,1,8,0,0,20,74.902,0,0,4.096,0,183.2
2300,1868.480,13.9606,14.1258,14.2343,31,-7.8125,.78125,2805.75,27.3403,21.5,78.8,34.49,2.3,16.0784,21.1765,143.021,14.2196,8.7,-1.85092,1,8,0,0,20,74.902,0,0,4.096,0,183.2
2301,1868.520,14.2972,14.4703,14.2343,31,-6.25,.78125,2797,27.3403,21.5,78.8,34.5,2.32,16.4706,21.1765,148.63,14.2196,8.845,-1.85092,1,8,0,0,20,74.902,0,0,4.352,0,183.2
2302,1868.560,14.5931,14.7,14.2478,31,-5.46875,.78125,2809.75,27.3403,21,78.8,35.19,2.32,16.4706,21.5686,145.732,14.2196,8.845,-1.38974,1,8,0,0,20,74.902,0,0,4.352,0,183.2
2303,1868.600,14.6782,14.7,14.2478,31,-5.46875,.78125,2837.75,27.9617,21,78.8,35.38,2.34,16.4706,21.5686,148.493,14.2196,8.99,-1.38974,1,8,0,0,20,74.902,0,0,4.352,0,183.2
2304,1868.640,14.5931,14.7,14.2748,31,-5.46875,0,2830.25,27.9617,21,78.8,35.29,2.34,16.4706,21.5686,148.439,14.2196,8.99,-1.31938,1,8,0,0,19,74.902,0,0,4.352,0,183.2
2305,1868.680,14.4673,14.5852,14.3292,31,-5.46875,0,2814,27.9617,21,78.8,35.47,2.34,16.4706,21.5686,145.71,14.2196,8.99,-1.34974,1,8,0,0,19,74.902,0,0,4.352,0,183.2
2306,1868.720,14.3397,14.4703,14.3292,31,-6.25,0,2808.75,27.9617,21,78.8,35.38,2.34,16.4706,21.5686,145.735,14.2196,9.135,-1.34974,1,8,0,0,19,74.902,0,0,4.352,0,183.2
2307,1868.760,14.1714,14.3555,14.3565,31,-7.03125,0,2827,27.9617,21,78.8,35.38,2.34,16.4706,21.5686,145.649,14.2196,9.135,-1.59068,1,8,0,0,19,74.902,0,0,4.352,0,183.2
2308,1868.800,14.3397,14.3555,14.3977,31,-7.03125,0,2835,27.9617,21,78.8,35.56,2.34,16.4706,21.5686,148.352,14.2196,9.135,-1.30515,1,8,0,0,19,74.902,0,0,4.352,0,183.2
2309,1868.840,14.3397,14.3555,14.3977,31,-7.03125,0,2848.75,27.9617,21,78.8,35.29,2.32,16.8627,21.5686,151.626,14.2196,9.135,-1.30515,1,8,0,0,19,74.902,0,0,4.352,0,183.2
2310,1868.880,14.3823,14.4703,14.4253,31,-7.03125,0,2844.25,27.9617,21,78.8,35.11,2.34,16.8627,21.5686,151.645,14.2196,9.135,-1.03043,1,8,0,0,19,74.902,0,0,4.352,0,185
2311,1868.920,14.508,14.4703,14.4461,31,-7.03125,0,2852.5,27.9617,21,78.8,35.19,2.34,16.8627,21.5686,151.607,14.2196,9.135,-1.03043,1,8,0,0,19,74.902,0,0,4.352,0,185
2312,1868.960,14.3823,14.4703,14.4461,31,-7.03125,0,2850.25,27.9617,21,78.8,35.73,2.34,16.8627,21.5686,151.673,14.2196,9.135,-1.01611,1,8,0,0,19,74.902,0,0,4.352,0,185
2313,1869.000,14.508,14.5852,14.4669,31,-6.25,0,2854.5,27.9617,21,78.8,35.74,2.36,16.8627,21.5686,151.597,14.2196,9.28,-.988933,1,8,0,0,19,74.902,0,0,4.352,0,185
2314,1869.040,14.6356,14.5852,14.4669,31,-6.25,-2.34375,2842.75,27.9617,21,78.8,36.19,2.36,16.8627,21.5686,151.65,14.2196,9.28,-.988933,1,8,0,0,19,74.902,0,0,4.352,0,185
2315,1869.080,14.6782,14.7,14.4738,31,-6.25,-2.34375,2855,27.9617,21,78.8,35.56,2.36,16.8627,21.5686,151.593,14.2196,9.28,-1.00388,1,8,0,0,19,74.902,0,0,4.352,0,185
2316,1869.120,14.7188,14.7,14.4948,31,-5.46875,-2.34375,2854.5,27.9617,21,78.8,35.83,2.36,16.8627,21.5686,151.595,14.2196,9.28,-.98607,1,8,0,0,19,74.902,0,0,4.352,0,185
2317,1869.160,14.6356,14.7,14.4948,31,-5.46875,-2.34375,2859.5,28.5831,21,78.8,36.55,2.38,16.8627,21.9608,154.849,14.2196,9.425,-.98607,1,8,0,0,19,74.902,0,0,4.352,0,185
2318,1869.200,14.8039,14.8148,14.5087,31,-3.90625,-2.34375,2854.5,28.5831,20.5,78.8,36.73,2.38,16.8627,21.9608,151.518,14.2196,9.425,-.703598,1,8,0,0,19,74.902,0,0,4.352,0,185
2319,1869.240,14.8039,14.9297,14.5157,31,-3.90625,-2.34375,2869.25,28.5831,20.5,78.8,36.46,2.38,16.4706,21.9608,148.248,14.2196,9.425,-.703598,1,8,0,0,19,74.902,0,0,4.352,0,185
2320,1869.280,14.7613,14.9297,14.5157,31,-3.125,-2.34375,2879.5,28.5831,20.5,78.8,36.37,2.38,16.8627,21.5686,154.76,14.2196,9.425,-1.2626,1,8,0,0,19,74.902,0,0,4.608,0,185
2321,1869.320,14.6356,14.9297,14.5367,31,-2.34375,-2.34375,2889.25,28.5831,20.5,78.8,36.46,2.36,16.8627,21.9608,151.436,14.2196,9.57,-.688947,1,8,0,0,19,74.902,0,0,4.608,0,185
2322,1869.360,14.6782,14.8148,14.5367,31,-2.34375,-2.34375,2878.5,28.5831,20.5,78.8,36.62,2.36,16.8627,21.5686,151.484,14.2196,9.57,-.688947,1,8,0,0,19,74.902,0,0,4.608,0,185
2323,1869.400,14.3823,14.7,14.579,31,-2.34375,-2.34375,2894.25,28.5831,20.5,78.8,36.71,2.38,16.8627,21.9608,151.412,14.2196,9.57,-.986578,1,8,0,0,19,74.902,0,0,4.608,0,185
2324,1869.440,14.3397,14.5852,14.6073,31,-3.125,-2.34375,2906.5,28.5831,20.5,78.8,36.71,2.38,16.8627,21.9608,151.435,14.2196,9.57,-.941431,1,8,0,0,19,74.902,0,0,4.608,0,185
2325,1869.480,14.4673,14.4703,14.6073,31,-3.125,-2.34375,2887.5,28.5831,20.5,78.8,36.62,2.36,16.8627,21.5686,151.441,14.2196,9.57,-.941431,1,8,0,0,19,74.902,0,0,4.352,0,185
2326,1869.520,14.508,14.4703,14.6428,31,-3.125,-2.34375,2881.25,28.5831,20.5,78.8,36.62,2.38,16.4706,21.5686,148.188,14.2196,9.57,-.949282,1,8,0,0,19,74.902,0,0,4.352,0,185
2327,1869.560,14.4248,14.5852,14.6642,31,-3.125,-2.34375,2879,28.5831,20.5,78.8,36.44,2.36,16.4706,21.5686,145.395,14.2196,9.57,-.949282,1,8,0,0,19,74.902,0,0,4.352,0,185
2328,1869.600,14.4248,14.4703,14.6642,31,-3.125,-2.34375,2881.25,28.5831,21,78.8,36.17,2.36,16.4706,21.1765,145.384,14.2196,9.425,-1.48304,1,8,0,0,19,74.902,0,0,4.352,0,185
2329,1869.640,14.3823,14.4703,14.7,31,-3.125,-2.34375,2894.25,28.5831,21,77,35.63,2.34,16.8627,21.1765,151.408,14.2196,9.425,-.937917,1,8,0,0,19,74.902,0,0,4.352,0,185
2330,1869.680,14.2972,14.5852,14.7,31,-3.125,-2.34375,2900.75,28.5831,21,77,36.17,2.36,16.8627,21.5686,154.66,14.2196,9.425,-.937917,1,8,0,0,19,74.902,0,0,4.352,0,185
2331,1869.720,14.2565,14.4703,14.7144,31,-3.125,-2.34375,2901.75,28.5831,21,77,36.89,2.38,16.8627,21.9608,154.6,14.2196,9.425,-.597587,1,8,0,0,19,74.902,0,0,4.352,0,185
2332,1869.760,14.3823,14.4703,14.7144,31,-3.125,-2.34375,2923.5,28.5831,21,77,37.38,2.4,16.4706,21.9608,147.989,14.2196,9.57,-1.1511,1,8,0,0,19,74.902,0,0,4.352,0,185
2333,1869.800,14.4673,14.5852,14.7144,31,-2.34375,-2.34375,2931,28.5831,21,77,37.08,2.38,16.8627,21.5686,151.241,14.2196,9.57,-1.1511,1,8,0,0,19,74.902,0,0,4.608,0,185
2334,1869.840,14.5505,14.7,14.7144,31,-2.34375,-2.34375,2935,28.5831,21,77,36.98,2.38,16.8627,21.5686,151.221,14.2196,9.57,-.869425,1,8,0,0,19,74.902,0,0,4.608,0,185
2335,1869.880,14.7188,14.7,14.7144,31,-1.5625,-2.34375,2947.5,29.2044,21,77,36.71,2.38,17.2549,21.5686,157.742,14.2196,9.57,-.869425,1,8,0,0,19,74.902,0,0,4.608,0,185
2336,1869.920,14.9721,14.7,14.736,31,-1.5625,-2.34375,2944,29.2044,21,77,36.98,2.38,16.8627,21.9608,151.179,14.2196,9.57,-.256853,1,8,0,0,19,74.902,0,0,4.608,0,185
2337,1869.960,14.9721,14.5852,14.7432,32,-1.5625,-2.34375,2945.75,29.2044,21,77,36.72,2.38,16.4706,21.9608,147.882,14.2196,9.57,-1.14362,1,8,0,0,19,74.902,0,0,4.608,0,185
2338,1870.000,15.0572,14.5852,14.7432,32,-1.5625,-2.34375,2944.75,29.2044,21,77,37.08,2.38,16.4706,21.5686,145.082,14.2196,9.57,-1.14362,1,8,0,0,19,74.902,0,0,4.608,0,185
2339,1870.040,14.9721,14.5852,14.7432,32,-1.5625,-2.34375,2954.5,29.2044,21,77,36.63,2.36,16.8627,21.5686,151.13,14.2196,9.57,-1.13692,1,8,0,0,19,74.902,0,0,4.608,0,185
2340,1870.080,14.8464,14.5852,14.7649,32,-1.5625,-2.34375,2950.75,29.2044,21,77,37.07,2.4,16.8627,21.5686,151.147,14.2196,9.57,-1.11794,1,8,0,0,19,74.902,0,0,4.608,0,185
2341,1870.120,14.887,14.4703,14.7649,32,-1.5625,-2.34375,2955,29.2044,21,77,37.06,2.38,16.4706,21.5686,147.838,14.2196,9.57,-1.11794,1,8,0,0,19,74.902,0,0,4.608,0,185
2342,1870.160,14.887,14.4703,14.7866,32,-1.5625,-2.34375,2958,29.2044,21,77,36.97,2.38,16.4706,21.5686,145.072,14.2196,9.57,-1.35369,1,8,0,0,19,74.902,0,0,4.608,0,185
2343,1870.200,14.9296,14.5852,14.7866,32,-1.5625,-2.34375,2961.75,29.2044,21,77,36.97,2.38,16.4706,21.5686,147.859,14.2196,9.57,-1.35369,1,8,0,0,19,74.902,0,0,4.608,0,185
2344,1870.240,14.9721,14.5852,14.8157,32,-1.5625,-2.34375,2964,29.2044,21,77,37.14,2.38,16.8627,21.5686,151.163,14.2196,9.57,-1.06768,1,8,0,0,19,74.902,0,0,4.608,0,185
2345,1870.280,14.9296,14.4703,14.8377,32,-1.5625,-2.34375,2980.75,29.2044,21,77,37.76,2.38,16.8627,21.9608,154.367,14.2196,9.57,-.76827,1,8,0,0,19,74.902,0,0,4.608,0,185
2346,1870.320,14.9721,14.4703,14.8377,32,-1.5625,-2.34375,2978,29.2044,21,77,37.24,2.38,16.8627,21.9608,151.02,14.2196,9.57,-.76827,1,8,0,0,19,74.902,0,0,4.608,0,185
2347,1870.360,14.9721,14.5852,14.8523,32,-1.5625,-2.34375,2973.75,29.2044,21,77,38.2,2.4,16.4706,21.9608,147.747,14.2196,9.57,-.726195,1,8,0,0,19,74.902,0,0,4.608,0,185
2348,1870.400,15.0147,14.5852,14.8377,32,-1.5625,-2.34375,2967.25,29.2044,21,77,38.2,2.4,16.4706,21.9608,147.776,14.2196,9.57,-1.06576,1,8,0,0,19,74.902,0,0,4.608,0,185
2349,1870.440,15.0147,14.5852,14.8377,32,-.78125,-2.34375,2971,29.2044,20.5,77,37.99,2.38,16.0784,21.5686,144.953,14.2196,9.57,-1.06576,1,8,0,0,19,74.902,0,0,4.608,0,185
2350,1870.480,15.0147,14.5852,14.8523,32,-.78125,-2.34375,2985,29.2044,21,77,36.89,2.36,16.8627,21.5686,154.28,14.2196,9.57,-1.03883,1,8,0,0,19,74.902,0,0,4.608,0,185
2351,1870.520,15.0572,14.4703,14.8817,32,-.78125,-2.34375,2980.25,29.2044,21,77,36.96,2.38,16.8627,21.5686,151.007,14.2196,9.57,-1.03883,1,8,0,0,19,74.902,0,0,4.608,0,185
2352,1870.560,15.0147,14.4703,14.8817,32,-1.5625,-2.34375,2974.25,29.2044,21,77,37.46,2.38,16.4706,21.5686,147.741,14.2196,9.57,-.752481,1,8,0,0,19,74.902,0,0,4.608,0,185
2353,1870.600,15.0147,14.4703,14.889,32,-1.5625,-2.34375,2982.75,29.2044,21,77,37.24,2.38,16.0784,21.5686,144.896,14.2196,9.57,-1.24307,1,8,0,0,19,74.902,0,0,4.608,0,185
2354,1870.640,14.9721,14.4703,14.889,32,-1.5625,-2.34375,2980.25,29.2044,21,77,37.45,2.4,16.0784,21.5686,144.907,14.2196,9.57,-1.24307,1,8,0,0,19,74.902,0,0,4.608,0,185
2355,1870.680,14.887,14.4703,14.8817,32,-1.5625,-2.34375,2985.75,29.8258,21,77,37.76,2.38,16.8627,21.5686,150.98,14.2196,9.57,-1.2448,1,8,0,0,19,74.902,0,0,4.608,0,185
2356,1870.720,14.9296,14.5852,14.889,32,-.78125,-2.34375,2987.5,29.8258,21,77,37.46,2.4,16.8627,21.5686,150.971,14.2196,9.57,-.741453,1,8,0,0,19,74.902,0,0,4.608,0,185
2357,1870.760,14.887,14.5852,14.889,32,-.78125,-2.34375,2992.5,29.8258,21,77,38.41,2.4,16.4706,21.5686,147.653,14.2196,9.57,-.741453,1,8,0,0,19,74.902,0,0,4.608,0,185
2358,1870.800,14.9721,14.5852,14.889,32,-.78125,-2.34375,3005,29.8258,21,77,38.21,2.38,16.4706,21.5686,147.594,14.2196,9.57,-.99522,1,8,0,0,19,74.902,0,0,4.608,0,185
2359,1870.840,14.9296,14.5852,14.9038,32,-.78125,-2.34375,3009.75,29.8258,21,77,37.54,2.4,16.4706,21.5686,147.572,14.2196,9.57,-.99522,1,8,0,0,19,74.902,0,0,4.608,0,185
2360,1870.880,15.0147,14.4703,14.9038,32,-.78125,-2.34375,2998.75,29.8258,21,77,38.05,2.4,16.4706,21.5686,147.623,14.2196,9.57,-.973308,1,8,0,0,19,74.902,0,0,4.608,0,185
2361,1870.920,14.887,14.4703,14.9407,32,-.78125,-2.34375,3003.75,29.8258,21,77,37.76,2.4,16.0784,21.5686,144.793,14.2196,9.57,-.967257,1,8,0,0,19,74.902,0,0,4.608,0,185
2362,1870.960,14.8039,14.4703,14.9407,32,-1.5625,-2.34375,3023.5,29.8258,21,77,38.05,2.4,15.6863,21.5686,139.22,14.2196,9.57,-.967257,1,8,0,0,19,74.902,0,0,4.608,0,185
2363,1871.000,14.887,14.4703,14.963,32,-1.5625,-2.34375,3028,29.8258,21,77,37.63,2.38,16.0784,21.1765,141.938,14.2196,9.57,-1.62229,1,8,0,0,19,74.902,0,0,4.608,0,185
2364,1871.040,14.9296,14.4703,14.9928,32,-.78125,-2.34375,3012.5,29.8258,21,77,36.95,2.38,15.6863,21.1765,136.532,14.2196,9.57,-1.68439,1,8,0,0,19,74.902,0,0,4.608,0,185
2365,1871.080,14.7188,14.4703,14.9928,32,-1.5625,-2.34375,3010.5,29.8258,21,77,36.68,2.38,15.6863,21.1765,139.281,14.2196,9.57,-1.68439,1,8,0,0,19,74.902,0,0,4.352,0,185
2366,1871.120,14.7613,14.4703,15.0003,32,-1.5625,-2.34375,3004.25,29.8258,21,77,36.77,2.38,16.0784,21.1765,144.788,14.2196,9.425,-1.70339,1,8,0,0,19,74.902,0,0,4.352,0,185
2367,1871.160,14.7188,14.4703,14.9928,32,-1.5625,-2.34375,3044,29.8258,21.5,77,36.86,2.38,16.0784,21.1765,144.694,14.2196,9.425,-1.70339,1,8,0,0,19,74.902,0,0,4.352,0,185
2368,1871.200,14.5505,14.4703,14.9928,32,-1.5625,-2.34375,3047,29.8258,21.5,77,37.22,2.38,16.0784,21.1765,144.651,14.2196,9.425,-1.13563,1,8,0,0,19,74.902,0,0,4.352,0,185
2369,1871.240,14.7188,14.4703,14.9928,32,-1.5625,-2.34375,3034.25,29.8258,21.5,77,38.26,2.4,16.0784,21.5686,141.949,14.2196,9.425,-1.14816,1,8,0,0,19,74.902,0,0,4.352,0,185
2370,1871.280,14.7188,14.4703,14.9928,32,-1.5625,-2.34375,3023.75,29.8258,21.5,77,37.62,2.38,16.0784,21.5686,142.027,14.2196,9.425,-1.14816,1,8,0,0,19,74.902,0,0,4.352,0,185
2371,1871.320,15.0978,14.5852,14.9928,32,-.78125,-2.34375,3040.25,29.8258,21,77,37.24,2.38,16.0784,21.5686,144.708,14.2196,9.425,-1.42005,1,8,0,0,19,74.902,0,0,4.352,0,185
2372,1871.360,14.9721,14.5852,14.9928,32,-.78125,-2.34375,3062.75,29.8258,21,77,37.96,2.38,16.0784,21.5686,144.511,14.2196,9.425,-1.14473,1,8,0,0,19,74.902,0,0,4.608,0,185
2373,1871.400,15.2255,14.5852,14.9928,32,-.78125,-2.34375,3060.25,29.8258,21,77,38.26,2.4,15.6863,21.5686,139.039,14.2196,9.425,-1.14473,1,8,0,0,19,74.902,0,0,4.608,0,185
2374,1871.440,14.9721,14.5852,14.9854,32,-.78125,-2.34375,3039.5,29.8258,21,77,37.53,2.38,15.6863,21.5686,136.396,14.2196,9.425,-1.62228,1,8,0,0,19,74.902,0,0,4.608,0,185
2375,1871.480,15.0147,14.5852,14.9928,32,-.78125,-2.34375,3032.5,29.8258,21,77,37.63,2.4,15.6863,21.1765,136.429,14.2196,9.425,-1.87122,1,8,0,0,19,74.902,0,0,4.608,0,185
2376,1871.520,14.8039,14.5852,14.9928,32,-.78125,-2.34375,3039.25,29.8258,21.5,77,36.86,2.36,15.6863,20.7843,139.138,14.2196,9.425,-1.87122,1,8,0,0,19,74.902,0,0,4.608,0,185
2377,1871.560,14.7613,14.4703,15.0153,32,-.78125,-2.34375,3066.25,29.8258,21.5,77,36.94,2.38,16.4706,21.1765,147.299,14.2196,9.425,-1.12468,1,8,0,0,19,74.902,0,0,4.608,0,185
2378,1871.600,14.887,14.4703,15.0153,32,-.78125,-2.34375,3066.5,29.8258,21.5,77,36.86,2.38,16.0784,21.1765,144.491,14.2196,9.425,-1.12468,1,8,0,0,19,74.902,0,0,4.352,0,185
2379,1871.640,14.9721,14.4703,15.0003,32,-.78125,-2.34375,3041.25,29.8258,21.5,77,37.68,2.38,16.0784,21.5686,141.867,14.2196,9.425,-1.37433,1,8,0,0,19,74.902,0,0,4.352,0,185
2380,1871.680,14.3397,14.4703,15.0078,32,-.78125,-2.34375,3047.25,29.8258,21.5,77,37.89,2.4,16.0784,21.5686,144.579,14.2196,9.425,-1.17601,1,8,0,0,19,74.902,0,0,4.352,0,185
2381,1871.720,14.3397,14.4703,15.0078,32,-.78125,-2.34375,3069.5,29.8258,21.5,77,37.68,2.4,16.0784,21.5686,141.733,14.2196,9.425,-1.17601,1,8,0,0,19,74.902,0,0,4.608,0,185
2382,1871.760,14.5505,14.5852,15.0228,32,0,-2.34375,3064,29.8258,21.5,77,37.37,2.38,16.0784,21.5686,141.694,14.2196,9.425,-1.30687,1,8,0,0,19,74.902,0,0,4.608,0,185
2383,1871.800,14.5505,14.7,15.0303,32,0,-2.34375,3051.25,29.8258,21.5,77,38.11,2.4,15.6863,21.5686,138.976,14.2196,9.425,-1.30687,1,8,0,0,19,74.902,0,0,4.608,0,185
2384,1871.840,14.4248,14.7,15.0303,32,0,-2.34375,3031.25,29.8258,21.5,77,38.11,2.4,15.6863,20.7843,139.094,14.2196,9.425,-1.6069,1,8,0,0,19,74.902,0,0,4.608,0,185
2385,1871.880,14.4248,14.5852,15.0303,32,0,-2.34375,3038.25,29.8258,21.5,77,37.59,2.38,16.0784,20.7843,141.821,14.2196,9.425,-1.39862,1,8,0,0,19,74.902,0,0,4.608,0,185
2386,1871.920,14.3823,14.5852,15.0303,32,0,-2.34375,3044.75,29.8258,21.5,77,36.92,2.36,16.0784,20.7843,141.776,14.2196,9.425,-1.39862,1,8,0,0,19,74.902,0,0,4.608,0,185
2387,1871.960,14.4248,14.4703,15.0453,32,0,-2.34375,3055,29.8258,21.5,77,36.92,2.38,16.0784,21.1765,141.714,14.2196,9.425,-1.37691,1,8,0,0,19,74.902,0,0,4.352,0,185
2388,1872.000,14.2565,14.4703,15.0528,32,0,-2.34375,3050.75,29.8258,21.5,77,37.1,2.38,16.0784,21.1765,141.817,14.2196,9.425,-1.33428,1,8,0,0,19,74.902,0,0,4.352,0,185
2389,1872.040,14.2972,14.3555,15.0528,32,-.78125,-2.34375,3049,30.4472,21.5,77,37.8,2.38,15.6863,21.1765,139.083,14.2196,9.425,-1.33428,1,8,0,0,19,74.902,0,0,4.352,0,185
2390,1872.080,14.2972,14.4703,15.0453,32,-.78125,-2.34375,3056.5,30.4472,21.5,77,37.37,2.38,16.0784,21.1765,141.789,14.2196,9.425,-1.36373,1,8,0,0,19,74.902,0,0,4.352,0,185
2391,1872.120,14.4248,14.4703,15.0453,32,0,-2.34375,3058.5,30.4472,21.5,77,37.89,2.4,15.6863,21.5686,139.037,14.2196,9.425,-1.58331,1,8,0,0,19,74.902,0,0,4.352,0,185
2392,1872.160,14.508,14.5852,15.0453,32,0,-2.34375,3069.5,30.4472,21.5,77,37.59,2.4,15.6863,21.1765,138.984,14.2196,9.425,-1.58331,1,8,0,0,19,74.902,0,0,4.352,0,185
2393,1872.200,14.4248,14.5852,15.0453,32,0,-2.34375,3067.75,30.4472,21.5,77,37.37,2.4,15.6863,21.1765,136.25,14.2196,9.425,-1.52873,1,8,0,0,19,74.902,0,0,4.352,0,185
2394,1872.240,14.3823,14.5852,15.0453,32,0,-2.34375,3071.25,30.4472,21.5,77,38.11,2.38,15.2941,20.7843,133.539,14.2196,9.425,-1.52873,1,8,0,0,19,74.902,0,0,4.608,0,185
2395,1872.280,14.4248,14.5852,15.0453,32,0,-2.34375,3064.25,30.4472,21.5,77,36.83,2.38,15.6863,20.7843,139.091,14.2196,9.425,-2.26154,1,8,0,0,20,74.902,0,0,4.352,0,185
2396,1872.320,14.3397,14.5852,15.0528,32,0,-2.34375,3067,30.4472,21.5,77,36.83,2.36,15.6863,20.7843,139.078,14.2196,9.425,-1.60842,1,8,0,0,20,74.902,0,0,4.352,0,185
2397,1872.360,14.1289,14.4703,15.0528,32,0,-2.34375,3072.5,30.4472,21.5,77,37.01,2.38,16.0784,20.7843,141.788,14.2196,9.28,-1.60842,1,8,0,0,20,74.902,0,0,4.352,0,185
2398,1872.400,14.214,14.3555,15.0528,32,-.78125,-2.34375,3076,30.4472,21.5,77,37.59,2.38,16.0784,21.1765,141.76,14.2196,9.28,-1.34902,1,8,0,0,20,74.902,0,0,4.352,0,185
2399,1872.440,14.214,14.3555,15.0528,32,-.78125,-2.34375,3071,30.4472,21.5,77,37.59,2.38,15.6863,21.1765,138.973,14.2196,9.425,-1.55805,1,8,0,0,20,74.902,0,0,4.352,0,185
2400,1872.480,14.2565,14.4703,15.0528,32,-.78125,-2.34375,3069.5,30.4472,21.5,77,37.29,2.4,15.2941,21.1765,133.496,14.2196,9.425,-1.55805,1,8,0,0,20,74.902,0,0,4.352,0,185
2401,1872.520,14.4673,14.4703,15.0453,32,0,-2.34375,3084.25,30.4472,21.5,77,37.89,2.38,16.0784,21.1765,141.651,14.2196,9.425,-1.31126,1,8,0,0,20,74.902,0,0,4.608,1,185
2402,1872.560,14.5931,14.5852,15.0453,32,0,-2.34375,3086.5,30.4472,21.5,77,37.37,2.38,16.0784,21.1765,141.641,14.2196,9.425,-1.31126,1,8,0,0,20,74.902,0,0,4.352,0,185
2403,1872.600,14.5505,14.5852,15.0528,32,0,-2.34375,3077,30.4472,21.5,77,37.59,2.38,15.6863,21.1765,138.942,14.2196,9.425,-1.32251,1,8,0,0,20,74.902,0,0,4.352,0,185
2404,1872.640,14.508,14.5852,15.0603,31,.78125,-2.34375,3074,30.4472,21.5,77,37.29,2.38,14.902,21.1765,130.73,14.2196,9.425,-2.28489,1,8,0,0,20,74.902,0,0,4.352,0,185
2405,1872.680,14.2972,14.5852,15.0603,31,0,-2.34375,3067,30.4472,21.5,77,37.5,2.38,15.6863,21.1765,138.939,14.2196,9.425,-2.28489,1,8,0,0,20,74.902,0,0,4.352,0,185
2406,1872.720,14.2972,14.4703,15.0528,31,0,-2.34375,3076.25,30.4472,21.5,77,37.5,2.38,16.0784,21.1765,141.622,14.2196,9.28,-1.29671,1,8,0,0,20,74.902,0,0,4.608,0,185
2407,1872.760,14.214,14.4703,15.0603,31,0,-2.34375,3069,30.4472,21.5,77,36.75,2.38,16.0784,21.1765,141.642,14.2196,9.28,-1.33417,1,8,0,0,20,74.902,0,0,4.352,0,185
2408,1872.800,14.3823,14.4703,15.0603,31,0,-2.34375,3063,30.4472,21.5,77,37.02,2.38,15.6863,21.1765,138.931,14.2196,9.28,-1.33417,1,8,0,0,20,74.902,0,0,4.352,0,185
2409,1872.840,14.3397,14.4703,15.0603,31,0,-2.34375,3058.5,30.4472,21.5,75.2,37.32,2.38,15.6863,21.1765,136.225,14.2196,9.425,-1.82172,1,8,0,0,20,74.902,0,0,4.352,0,185
2410,1872.880,14.887,14.4703,15.0603,31,0,-2.34375,3070.75,30.4472,21.5,75.2,36.93,2.36,15.6863,21.1765,138.968,14.2196,9.28,-1.82172,1,8,0,0,20,74.902,0,0,4.352,0,185
2411,1872.920,14.9296,14.5852,15.0603,31,0,-2.34375,3080.5,30.4472,22,75.2,36.66,2.38,15.2941,20.7843,133.437,14.2196,9.28,-1.7445,1,8,0,0,20,74.902,0,0,4.352,0,185
2412,1872.960,14.9296,14.4703,15.0679,31,0,-2.34375,3069.5,30.4472,22,75.2,36.92,2.36,15.6863,20.7843,136.231,14.2196,9.28,-1.76366,1,8,0,0,20,74.902,0,0,4.352,0,185
2413,1873.000,14.887,14.4703,15.0679,31,0,-2.34375,3064,30.4472,22,75.2,36.39,2.36,15.6863,20.7843,138.998,14.2196,9.28,-1.76366,1,8,0,0,20,74.902,0,0,4.352,0,185
2414,1873.040,14.8464,14.4703,15.0679,31,0,-2.34375,3059,30.4472,22,75.2,36.75,2.36,14.902,20.7843,130.796,14.2196,9.28,-1.57377,1,8,0,0,20,74.902,0,0,4.352,0,185
2415,1873.080,14.887,14.4703,15.0528,31,0,-2.34375,3084.5,30.4472,22,75.2,37.11,2.38,14.902,20.7843,130.772,14.2196,9.28,-2.27703,1,8,0,0,20,74.902,0,0,4.352,0,185
2416,1873.120,14.7188,14.4703,15.0528,31,0,-2.34375,3102.5,30.4472,22,75.2,36.57,2.36,15.6863,20.7843,136.141,14.2196,9.28,-2.27703,1,8,0,0,20,74.902,0,0,4.352,0,185
2417,1873.160,14.6782,14.4703,15.0679,31,0,-2.34375,3096.25,30.4472,22,75.2,36.83,2.36,14.902,20.7843,130.665,14.2196,9.28,-1.95786,1,8,0,0,20,74.902,0,0,4.352,0,185
2418,1873.200,14.8464,14.4703,15.0679,31,0,-2.34375,3084.25,30.4472,22,75.2,36.75,2.38,14.902,20.7843,127.987,14.2196,9.28,-1.95786,1,8,0,0,20,74.902,0,0,4.352,0,185
2419,1873.240,14.8039,14.4703,15.0679,31,0,-2.34375,3087.75,30.4472,22,75.2,36.49,2.36,14.5098,20.3922,125.169,14.2196,9.28,-2.50686,1,8,0,0,20,74.902,0,0,4.352,0,185
2420,1873.280,14.887,14.4703,15.0754,31,0,-2.34375,3089.75,30.4472,22,75.2,35.94,2.34,13.7255,20,116.93,14.2196,9.135,-3.42556,1,8,0,0,20,74.902,0,0,4.352,0,185
2421,1873.320,14.887,14.4703,15.0754,31,0,-2.34375,3093.5,30.4472,22,75.2,35.03,2.3,13.3333,19.6078,114.168,14.2196,9.135,-3.42556,1,8,0,0,20,74.902,0,0,4.352,0,185
2422,1873.360,14.8039,14.3555,15.2279,31,-.78125,-2.34375,3087.25,30.4472,22.5,75.2,34.75,2.32,12.9412,19.2157,108.713,14.2196,8.99,-3.86029,1,8,0,0,20,74.902,0,0,4.096,0,185
2423,1873.400,14.8464,14.2406,15.3365,31,-.78125,-2.34375,3078.75,30.4472,22.5,75.2,34.11,2.28,12.9412,19.2157,108.757,14.2196,8.845,-4.12584,1,8,0,0,20,74.902,0,0,4.096,0,185
2424,1873.440,14.5931,14.1258,15.3365,31,-1.5625,-2.34375,3071.25,30.4472,23,75.2,32.84,2.3,15.6863,19.2157,138.957,14.2196,8.7,-4.12584,1,8,0,0,20,74.902,0,0,4.096,0,185
2425,1873.480,14.4248,14.1258,15.3287,31,-3.125,-2.34375,3069.25,29.8258,23,75.2,35.37,2.34,15.2941,20.7843,133.402,14.2196,8.7,-1.56021,1,8,0,0,20,74.902,0,0,4.096,0,185
2426,1873.520,14.3397,14.1258,15.3287,31,-3.125,-2.34375,3085.5,29.8258,22.5,75.2,36.75,2.36,12.9412,20.3922,108.668,14.2196,8.845,-1.56021,1,8,0,0,20,74.902,0,0,4.096,0,185
2427,1873.560,14.5505,14.2406,15.0378,31,-2.34375,-2.34375,3081.25,30.4472,22.5,75.2,35.13,2.32,12.549,19.2157,103.167,14.2196,8.845,-4.34704,1,8,0,0,20,74.902,0,0,4.096,0,185
2428,1873.600,14.7613,14.4703,15.083,31,-1.5625,-2.34375,3070.5,30.4472,22.5,75.2,34.12,2.3,12.549,18.8235,106.055,14.2196,8.7,-4.33828,1,8,0,0,20,74.902,0,0,4.096,0,185
2429,1873.640,14.9721,14.5852,15.083,31,-1.5625,-2.34375,3051.25,30.4472,23,75.2,32.86,2.28,13.7255,19.2157,117.12,14.2196,8.7,-4.33828,1,8,0,0,20,74.902,0,0,4.096,0,185
2430,1873.680,14.508,14.4703,15.2356,31,-2.34375,-2.34375,3044.25,30.4472,23,75.2,34.02,2.3,14.1176,20.3922,122.636,14.2196,8.555,-2.0502,1,8,0,0,20,74.902,0,0,4.096,0,185
2431,1873.720,14.2565,14.2406,15.0603,31,-3.125,-2.34375,3047,30.4472,23,75.2,35.12,2.32,12.9412,19.6078,108.917,14.2196,8.555,-4.19002,1,8,0,0,20,74.902,0,0,4.096,0,185
2432,1873.760,13.9606,14.1258,15.0603,31,-3.90625,-2.34375,3052.25,30.4472,23,75.2,34.3,2.28,13.3333,19.2157,111.631,14.2196,8.7,-4.19002,1,8,0,0,20,74.902,0,0,4.096,0,185
2433,1873.800,14.214,14.2406,15.083,31,-3.90625,-2.34375,3053.5,30.4472,23,75.2,33.84,2.3,14.1176,19.2157,122.589,14.2196,8.555,-3.67216,1,8,0,0,20,74.902,0,0,4.096,0,185
2434,1873.840,14.2972,14.3555,15.083,31,-3.90625,-2.34375,3042,30.4472,23,75.2,34.38,2.3,14.5098,19.6078,125.387,14.2196,8.555,-3.67216,1,8,0,0,20,74.902,0,0,4.096,0,185
2435,1873.880,14.214,14.3555,15.0754,31,-3.90625,-2.34375,3036.25,29.8258,23,75.2,35.11,2.32,12.549,20,106.23,14.2196,8.555,-3.0037,1,8,0,0,20,74.902,0,0,4.096,0,185
2436,1873.920,14.214,14.3555,15.0603,31,-3.90625,-2.34375,3036.5,29.8258,22.5,75.2,34.49,2.3,10.1961,18.8235,78.8228,14.2196,8.7,-5.61048,1,8,0,0,20,74.902,0,0,4.096,0,185
2437,1873.960,14.2972,14.4703,15.0603,31,-3.90625,-2.34375,3064.5,29.8258,23,75.2,30.04,2.2,9.80392,17.2549,76.0259,14.2196,8.555,-5.61048,1,8,0,0,20,74.902,0,0,4.096,0,185
2438,1874.000,14.2972,14.4703,15.2356,31,-3.90625,-2.34375,3051.75,29.8258,23.5,75.2,26.9,2.14,10.1961,16.8627,78.7894,14.2196,8.12,-5.90844,1,8,0,0,21,74.902,0,0,3.584,0,185
2439,1874.040,14.0032,14.2406,16.2997,31,-4.6875,-2.34375,3028.75,29.8258,24.5,75.2,25.66,2.14,10.1961,16.8627,78.9119,14.2196,7.83,-5.8425,1,8,0,0,21,74.902,0,0,3.328,0,185
2440,1874.080,13.6241,14.0109,16.2997,31,-6.25,-2.34375,3025.75,29.8258,25,75.2,26.07,2.14,9.80392,16.8627,76.2358,14.2196,7.54,-5.8425,1,8,0,0,20,74.902,0,0,3.328,0,185
2441,1874.120,13.539,14.0109,15.6964,31,-6.25,-2.34375,3046,29.8258,25.5,75.2,26.2,2.14,9.41177,16.4706,70.6619,14.2196,7.395,-6.04973,1,8,0,0,20,74.902,0,0,3.328,0,185
2442,1874.160,14.0883,14.1258,15.6964,31,-6.25,-2.34375,3055.25,29.8258,26,75.2,25.66,2.14,9.41177,16.4706,70.5789,14.2196,7.25,-6.04973,1,8,0,0,20,74.902,0,0,3.072,0,185
2443,1874.200,14.4673,14.3555,15.6312,31,-5.46875,-2.34375,3047,29.8258,26.5,75.2,24.57,2.1,9.01961,16.0784,67.8721,14.2196,7.105,-6.11437,1,8,0,0,20,74.902,0,0,3.072,0,185
2444,1874.240,14.5931,14.5852,15.5745,31,-4.6875,-2.34375,3029,29.8258,27,75.2,23.56,2.06,7.84314,15.2941,57.017,14.2196,7.105,-6.64103,1,8,0,0,20,74.902,0,0,3.072,0,185
2445,1874.280,14.6782,14.7,15.5745,31,-4.6875,-2.34375,3019,29.8258,27,75.2,22.38,2.04,6.66667,14.5098,46.5179,14.2196,6.815,-6.64103,1,8,0,0,19,74.902,0,0,3.072,0,185
2446,1874.320,14.7188,14.8148,15.6718,31,-3.90625,-2.34375,3031.5,29.8258,27.5,75.2,20.39,1.98,5.09804,14.1176,43.5684,14.2196,6.67,-7.25551,1,8,0,0,19,74.902,0,0,2.816,0,185
2447,1874.360,14.7188,14.8148,15.8451,31,-3.90625,-2.34375,3036.75,29.8258,28,75.2,19.24,1.96,3.52941,13.7255,40.9143,14.2196,6.38,-7.34363,1,8,0,0,19,74.902,0,0,2.816,0,185
2448,1874.400,14.508,14.7,15.8451,31,-3.90625,-2.34375,3024.75,29.8258,28.5,75.2,18.64,1.92,1.17647,13.3333,38.2831,14.2196,6.09,-7.34363,1,8,0,0,19,74.902,0,0,2.56,0,185
2449,1874.440,14.5931,14.7,15.8035,31,-3.90625,-1.5625,2994,29.8258,28.5,75.2,18.11,1.92,0,12.9412,35.7446,14.2196,5.945,-7.57381,1,8,0,0,18,74.902,0,0,2.56,0,185
2450,1874.480,14.6356,14.7,15.8035,31,-3.90625,-1.5625,2985.75,29.8258,28,75.2,17.41,1.88,0,12.9412,33.2446,14.2196,5.8,-7.57381,1,8,0,0,16,74.902,0,0,2.56,0,185
2451,1874.520,14.5505,14.7,15.7456,31,-3.90625,-1.5625,2998.25,29.8258,27.5,75.2,17.01,1.88,0,12.549,30.7446,14.2196,5.655,-7.82533,1,8,0,0,8,0,0,0,2.56,0,185
2452,1874.560,14.6782,14.5852,15.6555,31,-3.90625,-1.5625,2993.25,29.8258,26.5,75.2,16,1.84,0,12.1569,28.2431,14.2196,5.51,-7.95994,1,8,0,0,3,0,0,0,2.304,0,185
2453,1874.600,14.6782,14.7,15.6555,31,-3.125,-1.5625,2982,29.2044,26,75.2,14.96,1.8,0,11.7647,25.7431,14.2196,5.365,-7.95994,1,8,0,0,1,0,0,0,2.304,0,185
2454,1874.640,14.5505,14.7,15.2976,31,-3.125,-1.5625,2959,29.2044,25.5,75.2,13.88,1.8,0,10.9804,23.2431,14.2196,5.22,-8.17144,1,8,0,0,1,0,0,0,0,0,185
2455,1874.680,14.5931,14.7,15.3522,31,-3.125,-1.5625,2936.5,29.2044,24.5,75.2,12.25,1.74,0,10.5882,20.7431,14.2196,5.075,-8.39804,1,8,0,0,1,0,0,0,0,0,185
2456,1874.720,14.6356,14.8148,15.3522,31,-2.34375,-1.5625,2934,29.2044,24,75.2,11.79,1.72,0,10.1961,18.2431,14.2196,4.93,-8.39804,1,8,0,0,1,0,0,0,0,0,185
2457,1874.760,15.2255,15.3891,15.3757,31,-.78125,-1.5625,2926,29.2044,23.5,75.2,11.44,1.68,0,9.80392,15.7431,14.2196,4.785,-8.57808,1,8,0,0,1,0,0,0,0,0,185
2458,1874.800,16.5309,16.0781,15.3757,31,1.5625,-1.5625,2894.5,29.2044,23,75.2,11.1,1.68,0,9.41177,13.2431,14.2196,4.64,-8.57808,1,8,0,0,1,0,0,0,0,0,185
2459,1874.840,17.3316,16.6523,15.36,31,3.90625,-.78125,2888.75,29.2044,22,75.2,10.45,1.64,0,9.01961,10.7431,14.2196,4.495,-8.79359,1,8,0,0,1,0,0,0,0,0,185
2460,1874.880,17.7532,16.9969,15.3757,31,5.46875,-.78125,2904.75,29.2044,21.5,75.2,10.07,1.62,0,9.01961,8.24305,14.2196,4.35,-8.9354,1,8,0,0,1,0,0,0,0,0,185
2461,1874.920,18.1748,17.2266,15.3757,31,7.03125,-.78125,2919.5,28.5831,21,75.2,9.82,1.62,0,9.01961,5.74305,14.2196,4.205,-8.9354,1,8,0,0,1,0,0,0,0,0,185
2462,1874.960,18.4688,17.3414,15.36,31,8.59375,-.78125,2899.75,28.5831,20,75.2,9.81,1.62,0,9.01961,3.24305,14.2196,4.06,-9.05392,1,8,0,0,1,0,0,0,0,0,185
2463,1875.000,18.8479,17.3414,15.3287,31,9.375,-.78125,2869,28.5831,20,75.2,9.63,1.6,0,8.62745,.743052,14.2196,4.06,-9.36479,1,8,0,0,1,0,0,0,0,0,185
2464,1875.040,18.8053,17.2266,15.3287,31,10.1563,-.78125,2833.75,28.5831,20,75.2,9.63,1.6,0,8.23529,0,14.2196,3.915,-9.36479,1,8,0,0,1,0,0,0,0,0,185
2465,1875.080,18.7647,17.1117,15.3053,31,10.9375,-.78125,2829.5,28.5831,20,75.2,9.05,1.58,0,8.23529,0,14.2196,3.915,-9.50012,1,8,0,0,1,0,0,0,0,0,185
2466,1875.120,18.6371,16.882,15.3053,31,0,-.78125,2820.75,28.5831,20,75.2,8.68,1.58,0,8.23529,0,14.2196,3.915,-9.50012,1,8,0,0,1,0,0,0,0,0,185
2467,1875.160,18.1748,16.5375,15.0153,31,0,-.78125,2854.25,27.9617,20,75.2,8.37,1.56,0,7.84314,0,14.2196,3.77,-9.53195,1,8,0,0,1,0,0,0,0,0,185
2468,1875.200,18.0897,16.4227,14.8157,30,0,-.78125,2860,27.9617,20,75.2,8.25,1.56,0,7.84314,0,14.2196,3.77,-9.4358,1,8,0,0,1,0,0,0,0,0,185
2469,1875.240,17.964,16.4227,14.8157,30,0,-.78125,2826,27.9617,20,75.2,8.16,1.56,0,7.84314,0,14.2196,3.625,-9.4358,1,8,0,0,1,0,0,0,0,0,185
2470,1875.280,17.7107,16.4227,14.7072,30,0,-.78125,2775.5,27.9617,20,75.2,8.16,1.54,0,7.84314,0,14.2196,3.625,-9.56169,1,8,0,0,1,0,0,0,0,0,185
2471,1875.320,17.5424,16.6523,14.6357,30,0,-.78125,2749.25,27.3403,20,75.2,8.18,1.54,0,7.84314,0,14.2196,3.625,-9.56475,1,10,0,0,1,0,0,0,0,0,185
2472,1875.360,17.7107,17.4562,14.6357,30,0,-.78125,2759.25,27.3403,20,75.2,8.31,1.56,0,7.84314,0,14.2196,3.625,-9.56475,1,10,0,0,1,0,0,0,0,0,185
2473,1875.400,17.6256,18.1453,12.7081,30,0,-.78125,2787.75,27.3403,20,75.2,8.25,1.56,0,7.84314,0,14.2196,3.625,-9.56472,1,10,0,0,1,0,0,0,0,0,185
2474,1875.440,17.6256,19.0641,12.7081,30,0,0,2798,27.3403,20,75.2,8.31,1.56,0,7.84314,0,14.2196,3.625,-9.56472,1,10,0,0,1,0,0,0,0,0,185
2475,1875.480,18.1323,20.3273,12.6921,30,0,0,2762.25,27.3403,20,75.2,8.62,1.56,0,7.84314,0,14.2196,3.625,-9.5647,1,10,0,0,1,0,0,0,0,0,185
2476,1875.520,19.312,20.3273,12.6707,30,0,0,2710.5,27.3403,20,75.2,8.43,1.56,0,7.84314,0,14.2196,3.625,-9.56467,1,10,0,0,1,0,0,0,0,0,185
2477,1875.560,20.1552,20.3273,12.6707,30,0,0,2672.25,26.719,20,75.2,8.22,1.56,0,7.84314,0,14.2196,3.625,-9.56467,1,10,0,0,1,0,0,0,0,0,185
2478,1875.600,20.366,20.3273,12.6707,30,0,0,2675.25,26.719,20,75.2,8.43,1.56,0,7.84314,0,14.2196,3.625,-9.56464,1,10,0,0,1,0,0,0,0,0,185
2479,1875.640,20.7451,20.3273,12.6707,30,0,0,2697.25,26.719,20,75.2,8.22,1.54,0,7.84314,0,14.2196,3.625,-9.56462,1,10,0,0,1,0,0,0,0,0,185
2480,1875.680,20.281,20.3273,12.6707,30,0,0,2689,26.719,20,75.2,8.08,1.54,0,7.84314,0,14.2196,3.48,-9.56462,1,10,0,0,1,0,0,0,0,0,185
2481,1875.720,20.3235,20.3273,12.6707,30,0,0,2653,26.0976,20,75.2,8.1,1.54,0,7.84314,0,14.2196,3.48,-9.56459,1,10,0,0,1,0,0,0,0,0,185
2482,1875.760,20.281,20.3273,12.6707,30,0,0,2609,26.0976,20,75.2,8.07,1.54,0,7.84314,0,14.2196,3.48,-9.56459,1,10,0,0,1,0,0,0,0,0,185
2483,1875.800,20.281,20.3273,12.6707,30,0,0,2611.75,26.0976,20,75.2,8.04,1.54,0,7.84314,0,14.2196,3.48,-9.56457,1,10,0,0,1,0,0,0,0,0,185
2484,1875.840,20.3235,20.3273,12.6707,30,0,0,2630.25,26.0976,20,75.2,8.04,1.54,0,7.84314,0,14.2196,3.48,-9.56454,1,10,0,0,1,0,0,0,0,0,185
2485,1875.880,20.366,20.3273,12.6707,30,0,0,2622,26.0976,20,75.2,8.05,1.54,0,7.84314,0,14.2196,3.48,-9.56454,1,10,0,0,1,0,0,0,0,0,185
2486,1875.920,20.3235,20.3273,12.6707,30,0,0,2600.5,26.0976,20,75.2,7.98,1.52,0,7.84314,0,14.2196,3.48,-9.56451,1,10,0,0,1,0,0,0,0,0,185
2487,1875.960,20.1959,20.3273,12.6707,30,0,0,2590.25,25.4762,20,75.2,7.94,1.52,0,7.84314,0,14.2196,3.48,-9.56449,1,10,0,0,1,0,0,0,0,0,185
2488,1876.000,20.366,20.3273,12.6707,30,0,0,2565.5,25.4762,20,75.2,7.92,1.52,0,7.84314,0,14.2196,3.48,-9.56449,1,10,0,0,1,0,0,0,0,0,185
2489,1876.040,20.1552,20.3273,12.6707,30,0,2.34375,2546.75,25.4762,20,77,7.94,1.52,0,7.84314,0,14.2196,3.48,-9.56446,1,10,0,0,1,0,0,0,0,0,185
2490,1876.080,20.281,20.3273,12.6707,30,0,2.34375,2551.25,25.4762,20,77,8.02,1.54,0,7.45098,0,14.2196,3.48,-9.56446,1,10,0,0,1,0,0,0,0,0,185
2491,1876.120,20.281,20.3273,12.6707,30,0,2.34375,2531.25,24.8548,20,77,7.98,1.52,0,7.45098,0,14.2196,3.48,-9.56444,1,10,0,0,1,0,0,0,0,0,185
2492,1876.160,20.281,20.3273,12.6707,30,0,2.34375,2499,24.8548,20,77,7.94,1.52,0,7.45098,0,14.2196,3.48,-9.56442,1,10,0,0,1,0,0,0,0,0,185
2493,1876.200,20.366,20.3273,12.6707,30,0,2.34375,2488.75,24.8548,20,77,7.94,1.52,0,7.45098,0,14.2196,3.48,-9.56442,1,10,0,0,1,0,0,0,0,0,185
2494,1876.240,20.3235,20.3273,12.6707,30,0,2.34375,2470.5,24.8548,20,77,7.9,1.52,0,7.45098,0,14.2196,3.335,-9.56439,1,10,0,0,1,0,0,0,0,0,185
2495,1876.280,20.366,20.3273,12.6707,30,0,2.34375,2451,24.2335,20,77,7.84,1.52,0,7.45098,0,14.2196,3.335,-9.56437,1,10,0,0,1,0,0,0,0,0,185
2496,1876.320,20.1552,20.3273,12.6707,30,0,2.34375,2454.75,24.2335,20,77,7.84,1.52,0,7.45098,0,14.2196,3.335,-9.56437,1,10,0,0,1,0,0,0,0,0,185
2497,1876.360,20.366,20.3273,12.6707,30,0,2.34375,2432,24.2335,20,77,7.86,1.5,0,7.45098,0,14.2196,3.335,-9.56435,1,10,0,0,1,0,0,0,0,0,185
2498,1876.400,20.366,20.3273,12.6707,30,0,2.34375,2402.75,24.2335,20,77,7.79,1.5,0,7.45098,0,14.2196,3.335,-9.56435,1,10,0,0,0,0,0,0,0,0,185
2499,1876.440,20.3235,20.3273,12.6707,30,0,2.34375,2395.25,23.6121,20,77,7.75,1.5,0,7.05882,0,14.2196,3.335,-9.56432,1,10,0,0,0,0,0,0,0,0,185
2500,1876.480,20.366,20.3273,12.6707,30,0,2.34375,2368.75,23.6121,20,77,7.75,1.5,0,7.45098,0,14.2196,3.335,-9.5643,1,10,0,0,1,0,0,0,0,0,185
2501,1876.520,20.2384,20.3273,12.6707,30,0,2.34375,2366.5,23.6121,20,77,7.79,1.5,0,7.05882,0,14.2196,3.335,-9.5643,1,10,0,0,1,0,0,0,0,0,185
2502,1876.560,20.2384,20.3273,12.6707,30,0,2.34375,2337.25,23.6121,20,77,7.67,1.5,0,7.05882,0,14.2196,3.335,-9.56428,1,10,0,0,0,0,0,0,0,0,185
2503,1876.600,20.4067,20.3273,12.6707,29,0,2.34375,2329,22.9907,20,77,7.75,1.5,0,7.05882,0,14.2196,3.335,-9.56425,1,10,0,0,0,0,0,0,0,0,185
2504,1876.640,20.4067,20.3273,12.6707,29,0,2.34375,2300.25,22.9907,20,77,7.67,1.48,0,7.05882,0,14.2196,3.335,-9.56425,1,10,0,0,1,0,0,0,0,0,185
2505,1876.680,20.3235,20.3273,12.6707,29,0,2.34375,2275,22.3694,20,77,7.63,1.48,0,7.05882,0,14.2196,3.335,-9.56423,1,10,0,0,1,0,0,0,0,0,185
2506,1876.720,19.8593,20.3273,12.6707,29,0,2.34375,2272.5,22.3694,20,77,7.63,1.48,0,7.05882,0,14.2196,3.335,-9.56423,1,10,0,0,1,0,0,0,0,0,185
2507,1876.760,19.8593,20.3273,12.6707,29,0,2.34375,2247.75,22.3694,20,77,7.61,1.48,0,7.05882,0,14.2196,3.335,-9.56421,1,10,0,0,1,0,0,0,0,0,185
2508,1876.800,19.7336,20.3273,12.6707,29,0,2.34375,2241.25,22.3694,20,77,7.58,1.48,0,7.05882,0,14.2196,3.335,-9.56418,1,10,0,0,1,0,0,0,0,0,185
2509,1876.840,19.8593,20.3273,12.6707,29,0,2.34375,2211.75,21.748,20,77,7.58,1.48,0,7.05882,0,14.2196,3.335,-9.56418,1,10,0,0,1,0,0,0,0,0,185
2510,1876.880,19.7762,20.3273,12.6707,29,0,2.34375,2210,21.748,20,77,7.58,1.48,0,7.05882,0,14.2196,3.335,-9.56416,1,10,0,0,1,0,0,0,0,0,185
2511,1876.920,19.7336,20.3273,12.6707,29,0,2.34375,2203,21.748,20,77,7.58,1.48,0,7.05882,0,14.2196,3.335,-9.56414,1,10,0,0,1,0,0,0,0,0,185
2512,1876.960,19.7336,20.3273,12.6707,29,0,2.34375,2178.75,21.748,20,77,7.46,1.48,0,7.05882,0,14.2196,3.335,-9.56414,1,10,0,0,1,0,0,0,0,0,185
2513,1877.000,19.8593,20.3273,12.6707,29,0,2.34375,2172.25,21.748,20,77,7.46,1.48,0,7.05882,0,14.2196,3.335,-9.56412,1,10,0,0,1,0,0,0,0,0,185
2514,1877.040,19.8168,20.3273,12.6707,29,0,2.34375,2143.5,21.748,20,77,7.37,1.48,0,7.05882,0,14.2196,3.335,-9.56412,1,10,0,0,1,0,0,0,0,0,185
2515,1877.080,19.7762,20.3273,12.6707,29,0,2.34375,2140.75,21.1266,20,77,7.46,1.48,0,7.05882,0,14.2196,3.335,-9.5641,1,10,0,0,1,0,0,0,0,0,185
2516,1877.120,19.9019,20.3273,12.6707,29,0,2.34375,2119.25,21.1266,20,77,7.46,1.48,0,7.05882,0,14.2196,3.335,-9.56408,1,10,0,0,1,0,0,0,0,0,185
2517,1877.160,20.0701,20.3273,12.6707,29,0,2.34375,2115.75,21.1266,20,77,7.37,1.46,0,7.05882,0,14.2196,3.335,-9.56408,1,10,0,0,1,0,0,0,0,0,185
2518,1877.200,19.6911,20.3273,12.6707,29,0,2.34375,2106.25,21.1266,20,77,7.46,1.46,0,7.05882,0,14.2196,3.335,-9.56406,1,10,0,0,1,0,0,0,0,0,185
2519,1877.240,19.8593,20.3273,12.6707,29,0,2.34375,2079.75,20.5052,20,77,7.19,1.48,0,7.05882,0,14.2196,3.335,-9.56404,1,10,0,0,1,0,0,0,0,0,185
2520,1877.280,19.7762,20.3273,12.6707,29,0,2.34375,2075.75,20.5052,20,77,7.19,1.46,0,7.05882,0,14.2196,3.48,-9.56404,1,10,0,0,1,0,0,0,0,0,185
2521,1877.320,19.7762,20.3273,12.6707,29,0,2.34375,2055,20.5052,20,77,7.28,1.46,0,7.05882,0,14.2196,3.48,-9.56401,1,10,0,0,1,0,0,0,0,0,185
2522,1877.360,19.7762,20.3273,12.6707,29,0,2.34375,2046,20.5052,20,77,7.37,1.48,0,7.05882,0,14.2196,3.48,-9.56401,1,10,0,0,1,0,0,0,0,0,185
2523,1877.400,19.8593,20.3273,12.6707,29,0,2.34375,2041,19.8839,20,77,7.37,1.48,0,7.05882,0,14.2196,3.48,-9.56399,1,10,0,0,1,0,0,0,0,0,185
2524,1877.440,19.8593,20.3273,12.6707,29,0,2.34375,2016.25,19.8839,20,77,7.63,1.48,0,7.05882,0,14.2196,3.48,-9.56397,1,10,0,0,1,0,0,0,0,0,185
2525,1877.480,19.606,20.3273,12.6707,29,0,2.34375,2013.75,19.8839,20,77,7.46,1.48,0,6.66667,0,14.2196,3.48,-9.56397,1,10,0,0,1,0,0,0,0,0,185
2526,1877.520,19.8593,20.3273,12.6707,29,0,2.34375,2006,19.8839,20,77,7.28,1.46,0,6.66667,0,14.2196,3.48,-9.56395,1,10,0,0,1,0,0,0,0,0,185
2527,1877.560,19.8168,20.3273,12.6707,29,0,2.34375,1980.5,19.8839,20,77,7.28,1.46,0,6.66667,0,14.2196,3.48,-9.51559,1,10,0,0,1,0,0,0,0,0,185
2528,1877.600,19.7336,20.3273,12.6707,29,0,2.34375,1969,19.8839,20,77,7.28,1.48,0,6.66667,0,14.2196,3.48,-9.51559,1,10,0,0,1,0,0,0,0,0,185
2529,1877.640,19.8593,20.3273,12.6707,29,0,2.34375,1963.5,19.2625,20,77,7.19,1.46,0,6.66667,0,14.2196,3.48,-9.46099,1,10,0,0,1,0,0,0,0,0,185
2530,1877.680,19.7336,20.3273,12.6707,29,0,2.34375,1941,19.2625,20,77,7.28,1.48,0,6.66667,0,14.2196,3.48,-9.46099,1,10,0,0,1,0,0,0,0,0,185
2531,1877.720,19.8168,20.3273,12.6707,29,0,2.34375,1934.5,19.2625,20,77,7.58,1.48,0,6.66667,0,14.2196,3.48,-9.41826,1,10,0,0,1,0,0,0,0,0,185
2532,1877.760,19.7762,20.3273,12.6707,29,0,2.34375,1933,19.2625,20,77,7.28,1.48,0,6.66667,0,14.2196,3.48,-9.38572,1,10,0,0,1,0,0,0,0,0,185
2533,1877.800,19.8168,20.3273,12.6707,29,0,2.34375,1921.5,19.2625,20,77,7.28,1.46,0,6.66667,0,14.2196,3.625,-9.38572,1,10,0,0,1,0,0,0,0,0,185
2534,1877.840,19.7762,20.3273,12.676,29,0,2.34375,1894.5,19.2625,20,77,7.09,1.46,0,6.66667,0,14.2196,3.625,-9.32965,1,10,0,0,1,0,0,0,0,0,185
2535,1877.880,19.9444,20.3273,12.676,29,0,2.34375,1887,18.6411,20,77,7.09,1.46,0,6.66667,0,14.2196,3.625,-9.28539,1,10,0,0,1,0,0,0,0,0,185
2536,1877.920,19.8593,20.3273,12.676,29,0,2.34375,1882.5,18.6411,20,77,7.28,1.46,0,6.66667,0,14.2196,3.625,-9.28539,1,10,0,0,1,0,0,0,0,0,185
2537,1877.960,20.281,20.3273,12.676,29,0,2.34375,1873.5,18.6411,20,77,7.19,1.48,0,6.66667,0,14.2196,3.625,-9.23908,1,10,0,0,1,0,0,0,0,0,185
2538,1878.000,20.4067,20.3273,12.676,29,0,2.34375,1849.5,18.6411,20,77,7.09,1.46,0,6.66667,0,14.2196,3.625,-9.23908,1,10,0,0,1,0,0,0,0,0,185
2539,1878.040,20.3235,20.3273,12.676,29,0,2.34375,1832.25,18.0198,20,77,7,1.48,.392157,6.66667,2.39844,14.2196,3.625,-9.19256,1,10,0,0,1,0,0,0,0,0,185
2540,1878.080,20.1959,20.3273,12.676,29,0,2.34375,1817.75,18.0198,20,77,6.91,1.46,.392157,6.66667,3.36976,14.2196,3.625,-9.0253,1,10,0,0,1,0,0,0,0,0,185
2541,1878.120,20.2384,20.3273,12.676,29,0,2.34375,1807.25,18.0198,20.5,77,7,1.46,3.13725,7.05882,32.0029,14.2196,3.625,-9.0253,1,10,0,0,1,0,0,0,2.048,0,185
2542,1878.160,20.3235,20.3273,12.676,29,0,2.34375,1792.25,18.0198,21,77,7.9,1.54,4.70588,9.01961,47.7307,14.2196,3.625,-7.56768,1,10,0,0,1,60,0,0,2.048,0,185
2543,1878.200,20.366,20.3273,12.6441,29,0,2.34375,1845,17.3984,21.5,77,8.94,1.6,4.31373,9.80392,44.7103,14.2196,3.77,-7.56297,1,10,0,0,1,64.7059,0,0,2.304,0,185
2544,1878.240,20.2384,20.3273,12.6441,29,0,2.34375,1889.75,17.3984,2.5,77,9.74,1.64,4.70588,10.1961,46.8955,14.2196,4.205,-7.56297,1,10,0,0,3,64.7059,0,0,2.304,0,185
2545,1878.280,20.366,20.3273,12.4249,29,0,2.34375,1831,17.3984,23,77,10.64,1.68,5.4902,10.9804,55.2255,14.2196,4.35,-7.20376,1,10,0,0,4,69.0196,0,0,2.304,0,185
2546,1878.320,20.366,20.3273,12.4249,29,0,2.34375,1762.5,17.3984,22.5,77,11.47,1.72,4.70588,11.3725,48.0981,14.2196,4.64,-7.20376,1,10,0,0,5,69.0196,0,0,2.56,0,185
2547,1878.360,20.2384,20.3273,12.248,29,0,2.34375,1726.5,17.3984,23,77,11.56,1.72,4.70588,10.5882,48.3847,14.2196,4.93,-7.28789,1,10,0,0,6,59.6078,0,0,2.816,0,185
2548,1878.400,20.366,20.3273,12.253,29,0,2.34375,1751.75,17.3984,24,77,11.35,1.7,5.88235,10.5882,61.4203,14.2196,5.075,-6.94966,1,10,0,0,7,67.451,0,0,2.816,0,185
2549,1878.440,20.281,20.3273,12.253,29,0,2.34375,1784,17.3984,14.5,77,11.47,1.72,6.27451,11.3725,63.6358,14.2196,5.22,-6.94966,1,10,0,0,8,67.451,0,0,2.816,0,185
2550,1878.480,20.1552,20.3273,12.4045,29,0,2.34375,1797.25,17.3984,15.5,77,11.9,1.74,6.66667,11.7647,66.0758,14.2196,5.365,-6.85067,1,10,0,0,10,71.3726,0,0,3.072,0,185
2551,1878.520,19.0161,20.3273,12.3739,30,0,2.34375,1749.25,17.3984,25.5,77,12.53,1.78,6.27451,11.7647,64.0943,14.2196,5.51,-6.77618,1,10,0,0,10,70.9804,0,0,3.072,0,185
2552,1878.560,15.6045,20.3273,12.3739,30,0,2.34375,1717.25,17.3984,26,77,12.71,1.76,6.27451,11.7647,64.5176,14.2196,5.655,-6.77618,1,10,0,0,12,70.9804,0,0,3.072,0,185
2553,1878.600,14.1289,20.3273,12.3283,30,0,2.34375,1736.75,17.3984,27,77,12.89,1.78,6.66667,11.7647,66.9707,14.2196,5.8,-6.75388,1,10,0,0,12,70.9804,0,0,3.328,0,185
2554,1878.640,14.0883,20.3273,12.3283,30,0,2.34375,1755.75,17.3984,27,77,12.71,1.76,6.27451,11.7647,64.0071,14.2196,5.945,-6.75388,1,10,0,0,13,70.9804,0,0,3.328,0,185
2555,1878.680,14.1289,20.3273,12.3131,30,0,2.34375,1746.25,16.777,27,77,12.89,1.76,6.66667,11.7647,66.7786,14.2196,6.09,-6.69501,1,10,0,0,13,72.9412,0,0,3.328,0,185
2556,1878.720,13.9606,19.4086,12.3031,30,0,2.34375,1710,16.777,26.5,77,13.16,1.78,6.66667,12.1569,67.2081,14.2196,6.09,-6.64321,1,10,0,0,13,72.9412,0,0,3.328,0,185
2557,1878.760,13.9181,18.1453,12.3031,30,0,2.34375,1700.5,16.777,26.5,77,13.6,1.78,6.66667,12.1569,70.0866,14.2196,6.235,-6.64321,1,10,0,0,13,72.9412,0,0,3.584,0,185
2558,1878.800,13.7924,17.1117,12.283,30,0,2.34375,1716.75,16.777,26.5,77,13.6,1.82,6.66667,12.1569,69.8496,14.2196,6.38,-6.44846,1,10,0,0,13,74.902,0,0,3.584,0,185
2559,1878.840,13.5816,16.193,12.278,30,0,2.34375,1736.25,16.777,26.5,77,13.78,1.8,6.66667,12.1569,66.8654,14.2196,6.38,-6.67454,1,10,0,0,13,72.9412,0,0,3.584,0,185
2560,1878.880,13.3708,15.1594,12.278,30,0,2.34375,1721.25,16.777,26.5,77,13.51,1.8,6.66667,12.1569,67.1237,14.2196,6.525,-6.67454,1,10,0,0,13,72.9412,0,0,3.328,0,185
2561,1878.920,13.4559,14.4703,14.0418,30,-1.5625,2.34375,1692.75,16.777,26,77,13.42,1.78,6.66667,11.7647,67.5155,14.2196,6.525,-6.64365,1,10,0,0,13,72.9412,0,0,3.328,0,185
2562,1878.960,13.3708,14.0109,14.0418,30,-2.34375,2.34375,1678,16.777,26,77,12.89,1.76,6.66667,11.7647,67.7202,14.2196,6.525,-6.64365,1,10,0,0,13,72.9412,0,0,3.328,0,185
2563,1879.000,13.0768,13.5516,13.7846,30,-3.90625,2.34375,1720.5,16.777,26.5,77,12.89,1.78,6.66667,11.7647,70.1003,14.2196,6.525,-6.61528,1,10,0,0,12,72.9412,0,0,3.328,0,185
2564,1879.040,13.2025,13.3219,13.8036,30,-4.6875,2.34375,1733.75,16.777,26.5,77,13.16,1.78,7.05882,11.7647,72.2539,14.2196,6.525,-6.47286,1,10,0,0,13,74.902,0,0,3.072,0,185
2565,1879.080,13.2025,13.4367,13.8036,30,-3.90625,2.34375,1723.75,16.777,26.5,77,13.25,1.78,6.66667,11.7647,67.0832,14.2196,6.525,-6.47286,1,10,0,0,12,74.902,0,0,3.328,0,185
2566,1879.120,13.4559,13.6664,13.8289,30,-3.125,2.34375,1696.25,16.777,26,77,13.07,1.78,6.27451,11.7647,64.7881,14.2196,6.525,-6.71622,1,10,0,0,13,70.9804,0,0,3.328,0,185
2567,1879.160,13.6241,13.7813,13.8417,30,-2.34375,2.34375,1677.75,16.777,26,77,13.33,1.78,6.27451,11.7647,64.934,14.2196,6.67,-6.6855,1,10,0,0,13,70.5882,0,0,3.328,0,185
2568,1879.200,13.7498,13.8961,13.8417,30,-1.5625,2.34375,1701.25,16.777,26,77,12.8,1.76,5.88235,11.7647,62.0488,14.2196,6.67,-6.6855,1,10,0,0,13,70.5882,0,0,3.328,0,185
2569,1879.240,13.9181,14.1258,13.8608,30,-1.5625,2.34375,1723.75,16.777,26.5,77,12.53,1.76,5.88235,11.3725,61.761,14.2196,6.67,-6.82944,1,10,0,0,12,69.0196,0,0,3.328,0,185
2570,1879.280,14.0883,14.1258,13.8608,30,-.78125,2.34375,1707.5,16.777,26.5,77,12.18,1.74,6.27451,11.3725,64.5782,14.2196,6.525,-6.82944,1,10,0,0,13,69.0196,0,0,3.328,0,185
2571,1879.320,13.9606,14.1258,13.8863,30,-.78125,2.34375,1681,16.777,26.5,77,11.8,1.72,5.88235,11.3725,62.3025,14.2196,6.525,-6.72098,1,10,0,0,13,70.9804,0,0,3.328,0,185
2572,1879.360,14.0883,14.1258,13.912,30,-.78125,2.34375,1676.25,16.777,26.5,77,11.96,1.74,6.66667,11.3725,67.7391,14.2196,6.525,-6.6661,1,10,0,0,13,70.5882,0,0,3.328,0,185
2573,1879.400,13.8775,14.1258,13.912,30,-.78125,2.34375,1692,16.777,26.5,77,12.02,1.76,7.05882,11.7647,72.879,14.2196,6.525,-6.6661,1,10,0,0,14,70.5882,0,0,3.072,0,185
2574,1879.440,13.7924,14.0109,13.9378,30,-.78125,2.34375,1706.75,16.777,26.5,77,13.09,1.78,7.45098,12.549,75.287,14.2196,6.525,-6.35437,1,10,0,0,13,74.902,0,0,3.328,0,185
2575,1879.480,13.7924,14.0109,13.9507,30,-.78125,2.34375,1698,16.777,26.5,77,14.25,1.82,7.45098,12.549,78.1369,14.2196,6.525,-6.27277,1,10,0,0,13,74.902,0,0,3.328,0,185
2576,1879.520,13.7073,13.8961,13.9507,30,-.78125,2.34375,1675,16.777,26,77,14.51,1.82,7.45098,12.9412,78.5087,14.2196,6.525,-6.27277,1,10,0,0,13,74.902,0,0,3.328,0,185
2577,1879.560,13.7924,14.0109,13.9507,31,0,2.34375,1665,16.777,26,77,14.85,1.82,7.45098,12.9412,75.9769,14.2196,6.67,-6.2477,1,10,0,0,14,74.902,0,0,3.328,0,185
2578,1879.600,13.8349,14.0109,13.9507,31,.78125,2.34375,1694.75,16.777,26,77,15.11,1.84,7.05882,12.9412,73.0986,14.2196,6.815,-6.2477,1,10,0,0,14,74.902,0,0,3.328,0,185
2579,1879.640,13.8775,14.1258,13.912,31,1.5625,2.34375,1703.5,16.777,26,77,14.68,1.82,7.05882,12.549,72.6997,14.2196,6.96,-6.44348,1,10,0,0,13,74.902,0,0,3.584,0,185
2580,1879.680,14.0883,14.2406,13.9056,31,1.5625,2.34375,1691,16.777,26,77,14.16,1.8,7.45098,12.549,75.5695,14.2196,6.96,-6.35335,1,10,0,0,14,74.902,0,0,3.584,0,185
2581,1879.720,14.1289,14.2406,13.9056,31,2.34375,2.34375,1669.5,16.777,26,77,13.9,1.8,8.23529,12.549,86.1854,14.2196,6.96,-6.35335,1,10,0,0,13,74.902,0,0,3.584,0,185
2582,1879.760,14.0457,14.1258,13.9184,31,2.34375,2.34375,1665,16.777,26,77,14.77,1.84,8.23529,13.3333,86.2288,14.2196,6.96,-5.98842,1,10,0,0,14,74.902,0,0,3.584,0,185
2583,1879.800,13.8775,14.1258,13.9249,31,2.34375,2.34375,1693,16.777,25.5,77,15.45,1.84,8.23529,13.3333,85.7816,14.2196,6.96,-6.02187,1,10,0,0,13,74.902,0,0,3.584,0,185
2584,1879.840,13.8775,13.8961,13.9249,31,2.34375,2.34375,1714.5,16.777,25,77,15.94,1.86,8.23529,13.3333,83.1069,14.2196,7.105,-6.02187,1,10,0,0,14,74.902,0,0,3.584,0,185
2585,1879.880,13.5816,13.7813,13.9056,31,1.5625,2.34375,1706.25,16.777,25,77,15.94,1.86,6.66667,13.3333,67.3172,14.2196,7.105,-6.39038,1,10,0,0,13,74.902,0,0,3.584,0,185
2586,1879.920,13.4984,13.6664,13.9056,31,1.5625,2.34375,1681,16.777,24.5,77,14.51,1.8,5.09804,11.7647,54.2321,14.2196,7.25,-6.39038,1,10,0,0,14,74.902,0,0,3.84,0,185
2587,1879.960,13.4984,13.6664,13.8992,31,1.5625,2.34375,1672.25,16.777,25,77,12.32,1.74,5.88235,10.9804,62.4031,14.2196,7.25,-7.03192,1,10,0,0,15,61.5686,0,0,3.584,0,185
2588,1880.000,14.0883,13.6664,13.9313,31,1.5625,2.34375,1692,16.777,25.5,77,11.77,1.74,7.45098,11.7647,78.227,14.2196,7.105,-6.15755,1,10,0,0,14,74.902,0,0,3.584,0,185
2589,1880.040,14.0032,13.5516,13.9313,31,1.5625,2.34375,1717.75,16.777,26,77,12.38,1.78,6.66667,12.1569,67.1557,14.2196,6.96,-6.15755,1,10,0,0,15,74.902,0,0,3.584,0,185
2590,1880.080,13.7924,13.4367,13.9961,31,.78125,2.34375,1667.25,16.777,26,77,13.03,1.78,7.45098,12.1569,78.1619,14.2196,6.96,-6.36704,1,10,0,0,14,74.902,0,0,3.328,0,185
2591,1880.120,13.7498,13.207,14.0615,31,-.78125,2.34375,1629.75,16.777,26,77,14.19,1.82,6.27451,12.549,65.6548,14.2196,6.96,-6.62155,1,8,0,0,15,70.5882,0,0,3.328,0,185
2592,1880.160,13.3282,13.0922,14.0615,31,-1.5625,2.34375,1622.5,16.777,26,77,14.27,1.78,4.31373,11.3725,43.9922,14.2196,6.96,-6.62155,1,8,0,0,14,70.5882,0,0,3.328,0,185
2593,1880.200,13.3708,13.0922,14.0944,31,-2.34375,2.34375,1643.5,16.1557,26,77,12.37,1.72,4.31373,10.1961,46.521,14.2196,6.96,-7.39166,1,8,0,0,14,47.0588,0,0,3.328,0,185
2594,1880.240,13.4133,13.207,14.0944,31,-2.34375,2.34375,1657.75,16.1557,26,77,11.27,1.68,7.05882,10.1961,73.3809,14.2196,6.96,-7.39166,1,8,0,0,13,47.0588,0,0,3.328,0,185
2595,1880.280,13.4984,13.207,14.1807,31,-3.125,2.34375,1652.5,16.1557,26,77,11.48,1.72,7.45098,11.7647,76.1614,14.2196,6.67,-6.40999,1,8,0,0,13,74.902,0,0,3.072,0,185
2596,1880.320,13.5816,13.3219,14.3156,31,-3.90625,2.34375,1637,16.1557,26,77,12.76,1.78,7.84314,12.549,81.8699,14.2196,6.67,-6.12233,1,8,0,0,14,74.902,0,0,3.072,0,185
2597,1880.360,13.4984,13.3219,14.3156,31,-4.6875,2.34375,1648.25,16.1557,26,77,14.44,1.84,7.84314,13.3333,81.6332,14.2196,6.67,-6.12233,1,8,0,0,13,74.902,0,0,3.072,0,185
2598,1880.400,13.7073,13.3219,14.5017,31,-5.46875,2.34375,1670.5,16.1557,26,77,15.48,1.86,4.31373,12.9412,46.2719,14.2196,6.815,-6.3986,1,8,0,0,14,74.902,0,0,3.072,0,185
2599,1880.440,13.6241,13.4367,14.4738,31,-6.25,2.34375,1659,16.1557,26,77,14.61,1.76,3.92157,10.1961,40.9796,14.2196,6.815,-7.42602,1,8,0,0,13,48.6275,0,0,3.328,0,185
2600,1880.480,13.6241,13.6664,14.4738,31,-5.46875,2.34375,1624.25,16.1557,26,77,11.4,1.68,8.23529,10.5882,86.6833,14.2196,6.815,-7.42602,1,8,0,0,14,48.6275,0,0,3.328,0,185
2601,1880.520,13.8775,13.8961,14.5367,31,-5.46875,2.34375,1620,16.1557,26,77,11.97,1.76,8.62745,12.549,89.1793,14.2196,6.815,-5.89372,1,8,0,0,13,74.902,0,0,3.072,0,185
2602,1880.560,13.9181,14.1258,14.5367,31,-4.6875,2.34375,1621.5,16.1557,26,77,14.61,1.84,8.23529,13.3333,86.9902,14.2196,6.815,-5.89372,1,8,0,0,14,74.902,0,0,3.328,0,185
2603,1880.600,14.2972,14.2406,14.5227,31,-4.6875,2.34375,1623.25,16.1557,26,77,15.89,1.86,7.84314,13.3333,82.0505,14.2196,6.815,-5.95925,1,8,0,0,13,74.902,0,0,3.328,0,185
2604,1880.640,14.5505,14.0109,14.4669,31,-5.46875,2.34375,1608.5,16.1557,25.5,77,16.05,1.84,7.45098,12.9412,79.5697,14.2196,6.96,-6.18966,1,8,0,0,14,74.902,0,0,3.328,0,185
2605,1880.680,14.4673,13.7813,14.4669,31,-7.03125,2.34375,1579,15.5343,24.5,77,15.06,1.84,7.84314,12.549,82.7981,14.2196,7.105,-6.18966,1,8,0,0,14,74.902,0,0,3.328,0,185
2606,1880.720,14.4248,13.6664,14.4461,31,-8.59375,2.34375,1555,15.5343,24.5,77,15.05,1.82,7.45098,12.549,77.689,14.2196,7.25,-6.15901,1,8,0,0,14,74.902,0,0,3.328,0,185
2607,1880.760,14.2565,13.6664,14.4391,31,-9.375,2.34375,1555,15.5343,24,77,14.37,1.8,7.45098,12.549,80.4473,14.2196,7.25,-6.14952,1,8,0,0,13,74.902,0,0,3.328,0,185
2608,1880.800,14.0457,13.8961,14.4391,31,-8.59375,2.34375,1555.75,15.5343,24,77,14.19,1.8,9.41177,12.549,97.0366,14.2196,7.25,-6.14952,1,8,0,0,12,74.902,0,0,3.328,0,185
2609,1880.840,14.0457,14.1258,14.4322,31,-7.8125,2.34375,1527.75,14.9129,23.5,77,15.23,1.86,12.549,14.5098,126.027,14.2196,7.395,-4.28152,1,8,0,0,13,74.902,0,0,3.328,0,185
2610,1880.880,14.0883,14.3555,14.4322,31,-7.03125,2.34375,1515.5,14.9129,22.5,77,19.59,2,13.7255,16.4706,134.617,14.2196,7.975,-4.28152,1,8,0,0,12,74.902,0,0,3.584,0,185
2611,1880.920,14.4248,14.4703,13.1294,31,-6.25,2.34375,1539.25,14.9129,20.5,77,21.87,2.06,12.9412,17.2549,128.134,14.2196,8.7,-2.58873,1,8,0,0,12,74.902,0,0,4.096,0,185
2612,1880.960,14.7188,14.3555,13.8036,31,-5.46875,2.34375,1552.5,14.9129,19,77,22.39,2.06,12.549,16.8627,126.05,14.2196,8.845,-3.32873,1,8,0,0,11,74.902,0,0,4.352,0,185
2613,1881.000,14.9296,13.8961,13.8036,31,-5.46875,2.34375,1542,14.9129,18.5,77,21.54,2.02,12.9412,16.4706,128.272,14.2196,9.28,-3.32873,1,8,0,0,12,74.902,0,0,4.608,0,185
2614,1881.040,14.5505,13.4367,13.555,31,-5.46875,2.34375,1511.5,14.9129,18,77,21.28,2.04,12.9412,16.4706,128.125,14.2196,9.425,-2.94785,1,8,0,0,11,74.902,0,0,4.608,0,185
2615,1881.080,14.2565,13.0922,13.8735,31,-5.46875,2.34375,1505.25,14.9129,17,77,21.11,2,11.7647,16.4706,117.177,14.2196,9.57,-4.08833,1,8,0,0,12,74.902,0,0,4.608,0,185
2616,1881.120,14.0032,13.207,13.8735,31,-5.46875,2.34375,1521.5,14.9129,17,77,19.95,1.98,12.1569,15.6863,121.563,14.2196,9.715,-4.08833,1,8,0,0,11,74.902,0,0,4.608,0,185
2617,1881.160,13.9181,13.6664,13.9961,31,-3.90625,2.34375,1534.75,14.9129,17,77,19.12,1.96,12.549,15.6863,126.017,14.2196,9.715,-3.52526,1,8,0,0,12,74.902,0,0,4.864,0,185
2618,1881.200,13.6667,13.8961,13.9961,31,-3.125,2.34375,1530,14.9129,17,77,19.11,1.98,12.549,16.0784,125.995,14.2196,9.715,-3.52526,1,8,0,0,11,74.902,0,0,4.864,0,185
2619,1881.240,14.0457,14.0109,14.0352,31,-3.125,2.34375,1505,14.9129,17,77,19.85,1.98,12.549,16.4706,125.881,14.2196,9.715,-3.33305,1,8,0,0,13,74.902,0,0,4.864,0,185
2620,1881.280,14.3397,14.0109,14.0483,31,-4.6875,2.34375,1479.5,14.9129,16.5,77,20.01,1.98,12.549,16.4706,125.763,14.2196,9.86,-3.35161,1,8,0,0,12,74.902,0,0,4.864,0,185
2621,1881.320,14.2565,13.8961,14.0483,31,-5.46875,2.34375,1483.75,14.2915,16.5,77,19.78,1.98,12.549,16.4706,125.782,14.2196,9.86,-3.35161,1,8,0,0,12,74.902,0,0,4.864,0,185
2622,1881.360,14.2972,13.8961,14.0483,32,-6.25,2.34375,1494,14.2915,16.5,77,19.85,1.98,12.549,16.4706,123.665,14.2196,10.005,-3.35102,1,8,0,0,11,74.902,0,0,4.864,0,185
2623,1881.400,14.214,13.8961,14.0615,32,-6.25,2.34375,1494.5,14.2915,16,77,19.71,1.98,12.549,16.4706,125.831,14.2196,10.005,-3.34687,1,8,0,0,12,74.902,0,0,4.864,0,185
2624,1881.440,14.1289,13.8961,14.0615,32,-7.03125,2.34375,1469.25,14.2915,16,77,19.7,1.98,12.9412,16.4706,127.889,14.2196,10.005,-3.34687,1,8,0,0,11,74.902,0,0,4.864,0,185
2625,1881.480,14.1714,13.8961,14.0812,32,-7.03125,2.34375,1449.5,14.2915,16,77,19.78,1.98,12.549,16.4706,125.613,14.2196,10.15,-3.18501,1,8,0,0,12,74.902,0,0,4.864,0,185
2626,1881.520,14.214,13.8961,14.0812,32,-7.8125,2.34375,1464.5,14.2915,15.5,77,20.01,1.98,12.549,16.4706,125.605,14.2196,10.15,-3.18501,1,8,0,0,10,74.902,0,0,4.864,0,185
2627,1881.560,13.8349,13.8961,14.0878,32,-7.8125,2.34375,1482.5,14.2915,15.5,77,19.78,1.98,12.9412,16.4706,127.829,14.2196,10.15,-3.35872,1,8,0,0,11,74.902,0,0,4.864,0,185
2628,1881.600,13.9181,14.0109,14.101,32,-8.59375,2.34375,1480,14.2915,15.5,77,19.7,1.98,12.9412,16.4706,127.881,14.2196,10.15,-3.17112,1,8,0,0,10,74.902,0,0,4.864,0,185
2629,1881.640,13.9606,14.0109,14.101,32,-8.59375,2.34375,1458.5,14.2915,15.5,77,19.67,1.98,11.7647,16.4706,119.301,14.2196,10.15,-3.17112,1,8,0,0,10,74.902,0,0,4.608,0,185
2630,1881.680,13.9181,14.0109,14.1407,32,-9.375,2.34375,1440.75,14.2915,15.5,77,19.74,1.94,9.80392,15.2941,102.488,14.2196,10.15,-4.6323,1,8,0,0,11,74.902,0,0,4.608,0,185
2631,1881.720,14.0032,14.0109,14.1941,32,-9.375,2.34375,1448,14.2915,15.5,77,18.04,1.88,9.80392,14.1176,102.424,14.2196,10.15,-5.35081,1,8,0,0,10,74.902,0,0,4.608,0,185
2632,1881.760,13.9181,14.1258,14.1941,32,-9.375,2.34375,1471,14.2915,16,77,16.42,1.86,10.1961,14.1176,104.359,14.2196,10.005,-5.35081,1,8,0,0,11,74.902,0,0,4.352,0,185
2633,1881.800,14.0032,14.1258,14.9111,32,-10.1563,2.34375,1472.75,14.2915,16.5,77,16.42,1.86,9.80392,14.1176,102.209,14.2196,9.86,-5.19335,1,8,0,0,10,74.902,0,0,4.352,0,185
2634,1881.840,13.8775,14.0109,14.9111,32,-10.1563,2.34375,1449.75,14.2915,17,77,16.26,1.88,9.41177,14.1176,100.299,14.2196,9.715,-5.19335,1,8,0,0,11,74.902,0,0,4.096,0,185
2635,1881.880,13.7498,13.8961,14.9111,32,-10.9375,2.34375,1432.25,14.2915,17.5,77,16.57,1.88,9.80392,13.7255,102.56,14.2196,9.57,-5.53254,1,8,0,0,10,74.902,0,0,4.096,0,185
2636,1881.920,13.6241,13.8961,14.4599,32,-11.7188,2.34375,1443,14.2915,17.5,77,16.57,1.88,9.80392,13.7255,102.468,14.2196,9.425,-5.34563,1,8,0,0,12,74.902,0,0,4.096,0,185
2637,1881.960,13.7498,14.0109,14.4599,32,-11.7188,2.34375,1468.5,14.2915,18,77,16.34,1.86,10.1961,13.7255,106.51,14.2196,9.425,-5.34563,1,8,0,0,10,74.902,0,0,4.096,0,185
2638,1882.000,14.0457,14.1258,14.5087,32,-11.7188,2.34375,1457.5,14.2915,18,77,16.73,1.88,10.1961,14.1176,106.577,14.2196,9.28,-5.00479,1,8,0,0,12,74.902,0,0,4.096,0,185
2639,1882.040,14.5931,14.2406,14.5367,32,-11.7188,2.34375,1424.5,14.2915,18,77,17.04,1.88,9.80392,14.5098,102.627,14.2196,9.28,-5.33288,1,8,0,0,11,74.902,0,0,4.096,0,185
2640,1882.080,13.8775,14.2406,14.5367,32,-11.7188,2.34375,1410.5,14.2915,18,77,16.89,1.88,9.41177,14.1176,100.687,14.2196,9.28,-5.33288,1,8,0,0,12,74.902,0,0,4.096,0,185
2641,1882.120,14.3397,14.3555,14.5508,32,-11.7188,2.34375,1432.25,14.2915,18,77,16.73,1.88,9.41177,13.7255,100.521,14.2196,9.28,-5.51317,1,8,0,0,11,74.902,0,0,4.096,0,185
2642,1882.160,14.3397,14.3555,14.5508,32,-11.7188,2.34375,1447.75,14.2915,18,77,16.42,1.86,9.41177,13.7255,100.274,14.2196,9.28,-5.51317,1,8,0,0,11,74.902,0,0,4.096,0,185
2643,1882.200,14.4248,14.4703,14.5649,32,-11.7188,2.34375,1438.75,14.2915,18,77,16.34,1.88,9.41177,13.7255,100.234,14.2196,9.28,-5.5308,1,8,0,0,10,74.902,0,0,4.096,0,185
2644,1882.240,14.5505,14.5852,14.586,32,-11.7188,2.34375,1437.25,14.2915,18,77,16.26,1.86,9.41177,13.7255,98.3222,14.2196,9.28,-5.6082,1,8,0,0,11,74.902,0,0,4.096,0,185
2645,1882.280,14.6356,14.5852,14.586,32,-11.7188,2.34375,1418.25,14.2915,18,77,16.42,1.86,9.01961,13.3333,96.4615,14.2196,9.135,-5.6082,1,8,0,0,10,74.902,0,0,4.096,0,185
2646,1882.320,14.5505,14.7,14.6073,32,-11.7188,2.34375,1425.75,14.2915,18.5,77,15.12,1.82,9.41177,13.3333,98.4503,14.2196,9.135,-5.66129,1,8,0,0,11,74.902,0,0,3.84,0,185
2647,1882.360,14.5505,14.7,14.6642,32,-10.9375,2.34375,1440.5,14.2915,18.5,77,15.02,1.84,9.41177,13.7255,100.383,14.2196,9.135,-5.52453,1,8,0,0,10,74.902,0,0,3.84,0,185
2648,1882.400,14.4673,14.7,14.6642,32,-10.9375,2.34375,1448.5,14.2915,19,77,15.47,1.86,9.41177,13.7255,98.1967,14.2196,8.99,-5.52453,1,8,0,0,11,74.902,0,0,3.84,0,185
2649,1882.440,14.5505,14.7,14.6785,32,-11.7188,2.34375,1428,14.2915,19,77,15.88,1.86,9.41177,13.7255,100.507,14.2196,8.99,-5.51687,1,8,0,0,10,74.902,0,0,3.84,0,185
2650,1882.480,14.5931,14.5852,14.6785,32,-10.9375,2.34375,1406.5,14.2915,18.5,77,16.36,1.88,9.41177,13.7255,100.721,14.2196,8.99,-5.51687,1,8,0,0,11,74.902,0,0,3.84,0,185
2651,1882.520,14.5931,14.7,14.6857,32,-10.9375,2.34375,1410.25,13.6702,18.5,77,16.36,1.88,9.41177,13.7255,98.8023,14.2196,8.99,-5.4954,1,8,0,0,10,74.902,0,0,3.84,0,185
2652,1882.560,14.7188,14.7,14.6857,32,-10.9375,2.34375,1432.25,13.6702,18.5,77,16.28,1.86,8.62745,13.7255,92.3611,14.2196,8.99,-5.78745,1,8,0,0,11,74.902,0,0,3.84,0,185
2653,1882.600,14.6782,14.7,14.6857,32,-10.9375,2.34375,1421.75,13.6702,18.5,77,15.3,1.84,7.45098,12.549,82.5557,14.2196,8.99,-5.78745,1,8,0,0,10,74.902,0,0,3.84,0,185
2654,1882.640,14.8039,14.8148,14.7144,32,-10.1563,2.34375,1393.25,13.6702,18.5,77,14.61,1.8,8.62745,12.549,92.6835,14.2196,8.99,-5.99582,1,8,0,0,10,74.902,0,0,3.84,0,185
2655,1882.680,14.6356,14.8148,14.7721,32,-10.1563,2.34375,1360.75,13.6702,19,77,13.81,1.8,8.23529,12.549,89.1609,14.2196,8.99,-5.88376,1,8,0,0,11,74.902,0,0,3.84,0,185
2656,1882.720,14.7613,14.9297,14.7721,32,-10.1563,2.34375,1364.75,13.6702,19,77,13.72,1.8,6.66667,12.549,72.049,14.2196,8.845,-5.88376,1,8,0,0,10,74.902,0,0,3.84,0,185
2657,1882.760,14.7613,14.8148,14.7866,32,-10.1563,2.34375,1389.5,13.6702,19.5,77,13.45,1.76,5.4902,10.9804,60.2632,14.2196,8.845,-6.66911,1,8,0,0,11,67.8431,0,0,3.84,0,185
2658,1882.800,14.7188,14.8148,14.7866,32,-10.1563,2.34375,1382.75,13.6702,20.5,77,11.86,1.72,5.88235,10.5882,63.0031,14.2196,8.7,-6.66911,1,8,0,0,9,67.8431,0,0,3.584,0,185
2659,1882.840,14.5931,14.8148,15.4626,32,-10.1563,2.34375,1346.75,13.6702,21,77,11.6,1.72,5.88235,10.5882,63.3217,14.2196,8.41,-6.66651,1,8,0,0,11,67.8431,0,0,3.328,0,185
2660,1882.880,14.7613,14.7,16.0821,32,-10.1563,2.34375,1340.75,13.6702,21,77,11.54,1.72,5.4902,10.5882,60.8274,14.2196,8.265,-6.73819,1,8,0,0,9,65.098,0,0,3.328,0,185
2661,1882.920,14.6782,14.7,16.0821,32,-10.1563,2.34375,1340,13.0488,21.5,77,11.48,1.7,5.88235,10.5882,63.7255,14.2196,8.12,-6.73819,1,8,0,0,10,65.098,0,0,3.328,0,185
2662,1882.960,14.5505,14.5852,14.9259,32,-10.1563,2.34375,1349,13.0488,22,77,11.42,1.7,6.27451,10.5882,69.3835,14.2196,7.975,-6.64884,1,8,0,0,9,68.2353,0,0,3.328,0,185
2663,1883.000,14.6356,14.5852,14.9259,32,-10.1563,2.34375,1368.5,13.0488,23,77,11.42,1.7,6.27451,10.9804,69.3367,14.2196,7.975,-6.48129,1,8,0,0,10,74.5098,0,0,3.328,0,185
2664,1883.040,14.5931,14.5852,14.9259,32,-10.1563,2.34375,1355.75,13.0488,23,77,11.82,1.74,5.88235,11.7647,66.3888,14.2196,7.83,-6.48129,1,8,0,0,9,74.5098,0,0,3.328,0,185
2665,1883.080,14.6782,14.7,14.9111,32,-9.375,2.34375,1333.25,13.0488,23,77,11.91,1.74,5.88235,11.7647,66.7002,14.2196,7.83,-6.56942,1,8,0,0,9,71.3726,0,0,3.328,0,185
2666,1883.120,14.7188,14.8148,14.9111,32,-9.375,2.34375,1310.5,13.0488,23,77,12.28,1.76,5.4902,11.7647,61.1768,14.2196,7.83,-6.56942,1,8,0,0,10,71.3726,0,0,3.328,0,185
2667,1883.160,14.7613,14.8148,14.889,32,-8.59375,2.34375,1310.75,13.0488,23,77,12.21,1.74,2.7451,10.9804,29.1981,14.2196,7.975,-6.90261,1,8,0,0,8,59.2157,0,0,3.328,0,185
2668,1883.200,14.887,14.9297,14.8817,32,-8.59375,2.34375,1326,13.0488,23,77,11.25,1.66,.784314,9.01961,13.0459,14.2196,7.975,-8.17599,1,8,0,0,10,14.1176,0,0,3.328,0,185
2669,1883.240,15.0147,14.9297,14.8817,32,-8.59375,2.34375,1333.75,13.0488,23.5,77,10.34,1.6,.784314,8.23529,12.5459,14.2196,7.83,-8.17599,1,8,0,0,8,14.1176,0,0,3.328,0,185
2670,1883.280,15.0978,15.0445,15.8284,32,-7.8125,2.34375,1304.75,13.0488,24.5,77,8.9,1.56,.392157,8.23529,12.0459,14.2196,7.54,-8.20002,1,8,0,0,10,13.3333,0,0,2.816,0,185
2671,1883.320,15.2255,15.1594,16.9418,32,-7.8125,2.34375,1280.5,13.0488,25,77,8.37,1.54,0,7.84314,11.5459,14.2196,7.25,-8.22405,1,8,0,0,8,0,0,0,2.816,0,185
2672,1883.360,15.7728,15.1594,16.9418,32,-7.03125,2.34375,1269.5,13.0488,24.5,77,8.08,1.5,0,7.84314,11.0459,14.2196,7.105,-8.22405,1,8,0,0,8,0,0,0,2.816,0,185
2673,1883.400,15.856,15.1594,16.2207,32,-7.03125,2.34375,1272,13.0488,23.5,77,7.86,1.5,0,7.05882,10.5459,14.2196,6.96,-8.24809,1,8,0,0,7,0,0,0,2.816,0,185
2674,1883.440,15.856,15.0445,16.2207,32,-7.03125,2.34375,1280.5,13.0488,22,77,7.78,1.5,0,7.05882,10.0459,14.2196,6.67,-8.24809,1,8,0,0,3,0,0,0,2.56,0,185
2675,1883.480,15.6877,15.0445,16.247,32,-7.03125,2.34375,1271,12.4274,21,77,7.77,1.48,0,7.05882,9.54589,14.2196,6.525,-8.27212,1,8,0,0,2,0,0,0,2.56,0,185
2676,1883.520,15.6471,15.0445,15.9373,32,-7.03125,2.34375,1266.25,12.4274,20.5,77,7.59,1.48,0,6.66667,9.04589,14.2196,6.38,-8.29615,1,8,0,0,1,0,0,0,2.56,0,185
2677,1883.560,15.6877,15.0445,15.9373,32,-7.03125,2.34375,1241.5,12.4274,19,77,7.44,1.46,0,6.66667,8.54589,14.2196,6.235,-8.29615,1,8,0,0,1,0,0,0,2.56,0,185
2678,1883.600,15.6045,15.0445,15.8953,32,-6.25,2.34375,1233.25,12.4274,18,77,7.07,1.46,0,6.27451,8.04589,14.2196,6.09,-8.32018,1,8,0,0,0,0,0,0,2.56,0,185
2679,1883.640,15.6877,15.0445,15.0378,32,-6.25,2.34375,1225.75,12.4274,17,77,6.66,1.46,0,6.27451,7.54589,14.2196,5.945,-8.34422,1,8,0,0,0,0,0,0,2.56,0,185
2680,1883.680,15.6471,15.0445,15.0378,32,-6.25,2.34375,1239.25,12.4274,16,77,6.39,1.44,0,6.27451,7.04589,14.2196,5.8,-8.34422,1,8,0,0,0,0,0,0,2.304,0,185
2681,1883.720,15.6877,15.0445,15.0528,32,-6.25,2.34375,1235.25,12.4274,15,77,6.43,1.46,0,6.27451,6.54588,14.2196,5.8,-8.36825,1,8,0,0,0,0,0,0,2.56,0,185
2682,1883.760,15.562,14.9297,15.0528,32,-6.25,2.34375,1220.75,12.4274,14,77,6.47,1.46,0,6.27451,6.04588,14.2196,5.655,-8.36825,1,8,0,0,0,0,0,0,2.304,0,185
2683,1883.800,15.7303,14.7,15.0378,32,-6.25,2.34375,1193.5,12.4274,13.5,77,6.36,1.42,.784314,6.27451,8.93668,14.2196,5.51,-8.39229,1,8,0,0,0,0,0,0,2.304,0,185
2684,1883.840,15.562,14.7,14.9854,32,-7.03125,2.34375,1181.75,12.4274,14,77,6.13,1.44,.784314,6.27451,8.63786,14.2196,5.51,-8.32329,1,8,0,0,0,9.41177,0,0,2.304,0,185
2685,1883.880,15.4363,14.5852,14.9854,32,-7.03125,2.34375,1186.75,11.8061,15.5,77,6.06,1.42,.784314,6.27451,8.13786,14.2196,5.51,-8.32329,1,8,0,0,1,9.41177,0,0,2.304,0,185
2686,1883.920,15.3937,14.4703,14.9779,32,-7.03125,2.34375,1200.5,11.8061,16,77,6.09,1.44,1.17647,6.27451,12.7859,14.2196,5.51,-8.3129,1,8,0,0,0,9.41177,0,0,2.304,0,185
2687,1883.960,15.268,14.4703,14.963,32,-7.8125,2.34375,1195.25,11.8061,17,77,6.17,1.42,1.17647,6.27451,14.8858,14.2196,5.51,-8.12605,1,8,0,0,3,16.0784,0,0,2.304,0,185
2688,1884.000,15.0572,14.3555,14.963,32,-7.8125,2.34375,1180,11.8061,18,77,6.25,1.44,.784314,6.66667,11.5524,14.2196,5.51,-8.12605,1,8,0,0,3,16.0784,0,0,2.304,0,185
2689,1884.040,14.9296,14.3555,14.9705,32,-7.8125,2.34375,1163.75,11.8061,18.5,77,6.32,1.46,1.17647,6.66667,13.7666,14.2196,5.51,-8.24806,1,8,0,0,3,12.1569,0,0,2.304,0,185
2690,1884.080,14.7188,14.3555,14.9705,32,-7.8125,2.34375,1133,11.8061,19.5,77,6.79,1.44,1.96078,6.66667,22.8081,14.2196,5.51,-8.24806,1,8,0,0,5,12.1569,0,0,2.304,0,186.8
2691,1884.120,14.6356,14.3555,14.9111,32,-7.8125,2.34375,1129,11.1847,20,77,6.44,1.46,1.96078,7.05882,21.0211,14.2196,5.51,-7.87616,1,8,0,0,4,26.2745,0,0,2.304,0,186.8
2692,1884.160,14.7613,14.3555,14.9111,32,-7.8125,2.34375,1124.5,11.1847,21.5,77,6.89,1.46,1.96078,6.66667,24.0748,14.2196,5.51,-7.94285,1,8,0,0,6,24.3137,0,0,2.304,0,186.8
2693,1884.200,14.887,14.4703,14.9111,32,-7.8125,2.34375,1120.75,11.1847,22,77,7.07,1.46,2.7451,7.05882,27.5481,14.2196,5.51,-7.94285,1,8,0,0,6,24.3137,0,0,2.304,0,186.8
2694,1884.240,14.887,14.4703,14.9111,32,-7.03125,2.34375,1133,11.1847,23.5,77,6.98,1.46,5.88235,7.45098,36.4078,14.2196,5.51,-7.67322,1,8,0,0,5,33.3333,0,0,2.304,0,186.8
2695,1884.280,15.0147,14.5852,14.9259,32,-7.03125,2.34375,1142.5,11.1847,23.5,77,7.4,1.52,6.66667,8.23529,45.2883,14.2196,5.51,-7.23371,1,8,0,0,6,48.6275,0,0,2.304,0,186.8
2696,1884.320,15.0978,14.7,14.9259,32,-7.03125,2.34375,1131.75,11.1847,23.5,77,8.25,1.56,5.88235,9.01961,54.1386,14.2196,5.51,-7.23371,1,8,0,0,5,48.6275,0,0,2.304,0,186.8
2697,1884.360,15.0572,14.8148,14.867,32,-6.25,2.34375,1113.75,11.1847,23.5,77,8.83,1.6,5.4902,9.01961,62.9243,14.2196,5.655,-6.80305,1,8,0,0,5,63.5294,0,0,2.56,0,186.8
2698,1884.400,15.1829,14.9297,14.867,32,-6.25,2.34375,1116.75,11.1847,24,77,9.52,1.62,6.27451,9.41177,69.7684,14.2196,5.8,-6.80305,1,8,0,0,6,63.5294,0,0,2.56,0,186.8
2699,1884.440,15.3086,14.9297,14.4322,32,-5.46875,2.34375,1127.25,11.1847,24,77,9.74,1.64,7.45098,10.1961,78.5267,14.2196,5.945,-6.43525,1,8,0,0,4,74.902,0,0,2.816,0,186.8
2700,1884.480,14.8464,15.0445,14.1076,32,-5.46875,2.34375,1138,11.1847,24.5,77,10.89,1.7,7.84314,10.9804,87.314,14.2196,6.38,-6.0011,1,8,0,0,5,74.902,0,0,2.816,0,186.8
2701,1884.520,14.9721,15.1594,14.1076,32,-4.6875,2.34375,1133.75,11.1847,24.5,77,11.5,1.74,7.84314,11.3725,90.1848,14.2196,6.525,-6.0011,1,8,0,0,5,74.902,0,0,3.072,0,186.8
2702,1884.560,15.3512,15.2742,13.7594,32,-3.90625,2.34375,1116.5,11.1847,24.5,77,12.39,1.76,8.23529,11.7647,93.1513,14.2196,6.96,-5.85704,1,8,0,0,4,74.902,0,0,3.328,0,186.8
2703,1884.600,15.4769,15.5039,13.5185,32,-3.125,2.34375,1105.75,11.1847,24.5,77,12.84,1.78,8.23529,12.1569,94.9576,14.2196,7.25,-5.71039,1,8,0,0,5,74.902,0,0,3.328,0,186.8
2704,1884.640,15.562,15.5039,13.5185,32,-2.34375,2.34375,1106.5,11.1847,23,77,12.94,1.78,8.23529,12.1569,95.0998,14.2196,7.685,-5.71039,1,8,0,0,4,74.902,0,0,3.584,0,186.8
2705,1884.680,15.7728,15.7336,13.5185,32,-1.5625,2.34375,1110,11.1847,22.5,77,12.85,1.76,8.62745,12.1569,96.5568,14.2196,7.975,-5.71066,1,8,0,0,4,74.902,0,0,3.584,0,186.8
2706,1884.720,15.8985,15.8484,13.5185,32,0,2.34375,1122.25,11.1847,21.5,77,12.86,1.76,9.41177,12.1569,103.106,14.2196,8.265,-5.71066,1,8,0,0,5,74.902,0,0,3.84,0,186.8
2707,1884.760,15.856,15.8484,13.7973,32,0,2.34375,1121,11.1847,21,77,13.13,1.8,10.1961,13.3333,108.151,14.2196,8.41,-5.14285,1,8,0,0,4,74.902,0,0,3.84,0,186.8
2708,1884.800,16.1093,15.9633,13.9701,32,1.5625,2.34375,1102.5,11.1847,19.5,77,14.99,1.82,10.5882,13.3333,109.792,14.2196,8.7,-4.85622,1,8,0,0,5,74.902,0,0,3.84,0,186.8
2709,1884.840,16.0262,15.8484,13.9701,32,1.5625,2.34375,1103.25,11.1847,18.5,77,15.08,1.84,10.9804,13.7255,113.077,14.2196,8.99,-4.85622,1,8,0,0,5,74.902,0,0,4.352,0,186.8
2710,1884.880,15.8153,15.7336,13.5672,32,2.34375,2.34375,1120.75,11.1847,18,77,15.35,1.84,11.3725,13.7255,114.849,14.2196,9.28,-4.43385,1,8,0,0,4,74.902,0,0,4.352,0,186.8
2711,1884.920,15.6045,15.5039,13.6719,32,2.34375,2.34375,1134.25,11.1847,17.5,77,15.43,1.86,12.9412,14.5098,123.566,14.2196,9.425,-3.53554,1,8,0,0,5,74.902,0,0,4.608,0,186.8
2712,1884.960,15.3937,15.2742,13.6719,32,2.34375,2.34375,1127,11.1847,16.5,77,16.63,1.88,12.9412,15.6863,124.977,14.2196,9.715,-3.53554,1,8,0,0,4,74.902,0,0,4.608,0,186.8
2713,1885.000,15.1829,15.0445,13.7594,32,1.5625,2.34375,1121.25,11.1847,16,77,17.26,1.92,12.1569,15.6863,119.873,14.2196,10.005,-3.70147,1,8,0,0,4,74.902,0,0,4.864,0,186.8
2714,1885.040,14.8464,14.9297,13.7594,32,1.5625,2.34375,1151,11.1847,15.5,77,17.19,1.88,12.1569,14.902,120.1,14.2196,10.44,-3.70147,1,8,0,0,5,74.902,0,0,4.864,0,186.8
2715,1885.080,14.8464,14.8148,13.458,32,1.5625,2.34375,1158,11.1847,15.5,77,16.8,1.86,12.1569,14.902,120.319,14.2196,10.585,-3.82068,1,8,0,0,4,74.902,0,0,4.864,0,186.8
2716,1885.120,14.3823,14.5852,13.8735,32,1.5625,2.34375,1151.5,11.1847,15,77,16.17,1.86,12.1569,14.902,120.194,14.2196,10.73,-3.82401,1,8,0,0,5,74.902,0,0,4.864,0,186.8
2717,1885.160,14.2972,14.5852,13.8735,32,1.5625,2.34375,1145.25,11.1847,14.5,77,16.02,1.84,11.3725,14.5098,115.018,14.2196,10.73,-3.82401,1,8,0,0,5,74.902,0,0,4.864,0,186.8
2718,1885.200,14.3823,14.4703,14.0026,32,.78125,2.34375,1157.5,11.1847,14.5,77,15.77,1.84,9.41177,14.1176,102.951,14.2196,10.73,-4.55711,1,8,0,0,4,74.902,0,0,4.864,0,186.8
2719,1885.240,13.9606,14.3555,14.0222,32,.78125,2.34375,1179.25,11.8061,15,77,14.92,1.78,9.41177,12.9412,102.848,14.2196,10.73,-5.3093,1,8,0,0,6,74.902,0,0,4.864,0,186.8
2720,1885.280,14.0457,14.1258,14.0222,32,0,2.34375,1188.25,11.8061,15.5,77,13.23,1.76,9.41177,12.9412,102.806,14.2196,10.585,-5.3093,1,8,0,0,5,74.902,0,0,4.608,0,186.8
2721,1885.320,13.7924,13.8961,14.6215,32,-1.5625,2.34375,1182.75,11.8061,16,77,12.77,1.76,9.41177,12.9412,101.092,14.2196,10.295,-5.45954,1,8,0,0,6,74.902,0,0,4.608,0,186.8
2722,1885.360,13.6667,13.8961,14.6215,32,-2.34375,2.34375,1177,11.8061,16,77,12.86,1.76,9.01961,12.549,99.3204,14.2196,10.295,-5.45954,1,8,0,0,6,74.902,0,0,4.352,0,186.8
2723,1885.400,13.5816,13.6664,14.7,32,-3.125,2.34375,1186,11.8061,17,77,12.59,1.76,9.01961,12.549,97.4559,14.2196,10.15,-5.62737,1,8,0,0,5,74.902,0,0,4.352,0,186.8
2724,1885.440,13.7924,13.5516,14.2816,32,-3.90625,2.34375,1203.75,11.8061,17,77,12.5,1.76,9.01961,12.549,99.0847,14.2196,10.005,-5.58052,1,8,0,0,6,74.902,0,0,4.352,0,186.8
2725,1885.480,14.0883,13.4367,14.2816,32,-4.6875,2.34375,1212.5,11.8061,17.5,77,12.62,1.76,9.01961,12.549,98.9763,14.2196,9.86,-5.58052,1,8,0,0,5,74.902,0,0,4.096,0,186.8
2726,1885.520,13.9181,13.5516,14.8012,32,-5.46875,2.34375,1215,11.8061,18,77,13.15,1.78,8.62745,12.549,95.4253,14.2196,9.715,-5.63871,1,8,0,0,7,74.902,0,0,4.096,0,186.8
2727,1885.560,13.9606,13.6664,14.4115,32,-5.46875,2.34375,1211,11.8061,18,77,12.98,1.78,8.62745,12.549,95.3512,14.2196,9.715,-5.69299,1,8,0,0,7,74.902,0,0,4.096,0,186.8
2728,1885.600,14.214,13.6664,14.4115,32,-6.25,2.34375,1211.5,11.8061,18,77,13.07,1.76,8.62745,12.549,95.345,14.2196,9.57,-5.69299,1,8,0,0,6,74.902,0,0,4.096,0,186.8
2729,1885.640,14.1289,13.8961,14.4808,32,-5.46875,2.34375,1227,11.8061,18.5,77,13.16,1.78,8.62745,12.549,95.1139,14.2196,9.57,-5.69311,1,8,0,0,7,74.902,0,0,4.096,0,186.8
2730,1885.680,14.2565,14.0109,14.4808,32,-5.46875,2.34375,1244.75,11.8061,18.5,77,13.34,1.78,8.23529,12.549,92.9903,14.2196,9.425,-5.69311,1,8,0,0,6,74.902,0,0,4.096,0,186.8
2731,1885.720,14.508,14.1258,14.5157,32,-5.46875,2.34375,1244.25,12.4274,18.5,77,12.89,1.76,7.45098,12.549,85.6168,14.2196,9.425,-5.82022,1,8,0,0,8,74.902,0,0,4.096,0,186.8
2732,1885.760,14.887,14.2406,14.586,32,-5.46875,2.34375,1238,12.4274,18.5,77,13.07,1.76,6.66667,11.7647,73.781,14.2196,9.425,-6.34343,1,8,0,0,8,74.902,0,0,3.84,0,186.8
2733,1885.800,14.9296,14.3555,14.586,32,-5.46875,2.34375,1231,12.4274,19,77,12.1,1.72,6.66667,10.9804,76.8325,14.2196,9.28,-6.34343,1,8,0,0,7,74.902,0,0,3.84,0,186.8
2734,1885.840,15.0147,14.4703,14.6286,32,-4.6875,2.34375,1248.25,12.4274,19.5,77,11.72,1.72,6.66667,10.9804,73.7277,14.2196,9.135,-6.25132,1,8,0,0,8,74.902,0,0,3.84,0,186.8
2735,1885.880,15.0572,14.5852,15.6637,32,-4.6875,2.34375,1268.25,12.4274,20,77,11.63,1.7,6.27451,10.9804,70.4224,14.2196,8.99,-6.44459,1,8,0,0,7,74.902,0,0,3.584,0,186.8
2736,1885.920,15.0572,14.5852,15.6637,32,-4.6875,2.34375,1284,12.4274,20.5,77,11.51,1.7,5.09804,10.5882,58.5179,14.2196,8.845,-6.44459,1,8,0,0,8,74.902,0,0,3.584,0,186.8
2737,1885.960,15.0978,14.5852,15.6474,31,-4.6875,2.34375,1277.5,12.4274,21,77,11.15,1.66,5.09804,10.1961,55.6619,14.2196,8.555,-6.89006,1,8,0,0,8,59.6078,0,0,3.584,0,186.8
2738,1886.000,15.1404,14.5852,15.6474,31,-4.6875,2.34375,1257.75,12.4274,21,77,10.94,1.66,5.09804,9.80392,55.8677,14.2196,8.41,-6.89006,1,8,0,0,8,59.6078,0,0,3.328,0,186.8
2739,1886.040,15.0147,14.5852,15.9205,31,-4.6875,2.34375,1267.5,12.4274,22,77,10.29,1.64,4.70588,9.80392,52.8337,14.2196,8.265,-6.88547,1,8,0,0,9,60,0,0,3.328,0,186.8
2740,1886.080,15.1404,14.5852,15.7621,31,-4.6875,2.34375,1292.5,12.4274,22.5,77,10.12,1.64,5.09804,9.80392,55.5047,14.2196,7.975,-6.89296,1,8,0,0,8,59.6078,0,0,3.328,0,186.8
2741,1886.120,15.1404,14.7,15.7621,31,-4.6875,2.34375,1310.75,12.4274,23.5,77,10.05,1.64,4.31373,9.80392,49.5049,14.2196,7.83,-6.89296,1,8,0,0,9,59.6078,0,0,3.328,0,186.8
2742,1886.160,15.0978,14.7,15.8785,31,-4.6875,2.34375,1315.5,12.4274,24,77,10.02,1.64,2.7451,9.41177,29.1281,14.2196,7.685,-7.33849,1,8,0,0,8,43.5294,0,0,3.072,0,186.8
2743,1886.200,15.0978,14.7,15.9205,31,-4.6875,2.34375,1299,13.0488,24.5,77,9.74,1.6,.392157,7.84314,12.7776,14.2196,7.54,-8.18311,1,8,0,0,9,13.7255,0,0,3.072,0,186.8
2744,1886.240,15.1404,14.7,15.9205,31,-4.6875,2.34375,1300.5,13.0488,25,77,8.64,1.54,0,7.84314,12.2776,14.2196,7.25,-8.18311,1,8,0,0,8,13.7255,0,0,2.816,0,186.8
2745,1886.280,15.1829,14.7,16.8188,31,-4.6875,2.34375,1309.25,13.0488,23.5,77,7.91,1.5,0,7.05882,11.7776,14.2196,6.96,-8.20717,1,8,0,0,7,0,0,0,2.816,0,186.8
2746,1886.320,15.1829,14.7,16.8188,31,-4.6875,2.34375,1307.25,13.0488,23,77,7.8,1.48,0,7.05882,11.2776,14.2196,6.815,-8.20717,1,8,0,0,7,0,0,0,2.816,0,186.8
2747,1886.360,15.1829,14.7,17.0377,31,-3.90625,2.34375,1300.5,13.0488,22,77,7.7,1.46,0,7.05882,10.7776,14.2196,6.525,-8.23123,1,8,0,0,4,0,0,0,2.56,0,186.8
2748,1886.400,15.2255,14.7,17.0281,31,-4.6875,2.34375,1295.75,13.0488,21,77,7.39,1.46,0,6.66667,10.2776,14.2196,6.38,-8.25529,1,8,0,0,2,0,0,0,2.56,0,186.8
2749,1886.440,14.6356,14.5852,17.0281,31,-4.6875,2.34375,1302,13.0488,20,77,7.39,1.48,0,6.66667,9.77759,14.2196,6.09,-8.25529,1,8,0,0,1,0,0,0,2.56,0,186.8
2750,1886.480,14.5505,14.5852,16.2382,31,-4.6875,2.34375,1309.75,13.0488,19.5,77,7.39,1.48,0,6.66667,9.27759,14.2196,6.09,-8.27936,1,8,0,0,1,0,0,0,2.56,0,186.8
2751,1886.520,14.6356,14.5852,15.2511,31,-4.6875,2.34375,1309.25,13.0488,18.5,77,7.48,1.46,0,6.66667,8.77759,14.2196,5.945,-8.30342,1,8,0,0,0,0,0,0,2.56,0,186.8
2752,1886.560,14.6782,14.5852,15.2511,31,-4.6875,2.34375,1307.5,13.0488,17,77,6.93,1.46,0,6.66667,8.27758,14.2196,5.8,-8.30342,1,8,0,0,0,0,0,0,2.56,0,186.8
2753,1886.600,14.7188,14.4703,15.2665,31,-4.6875,2.34375,1297.5,13.0488,16.5,77,7.29,1.46,0,6.66667,7.77758,14.2196,5.8,-8.32749,1,8,0,0,0,0,0,0,2.56,0,186.8
2754,1886.640,14.5505,14.4703,15.2665,31,-4.6875,2.34375,1296,13.0488,15.5,77,7.21,1.46,.392157,6.66667,7.27758,14.2196,5.655,-8.32749,1,8,0,0,0,0,0,0,2.56,0,186.8
2755,1886.680,14.5505,14.4703,15.1895,31,-5.46875,2.34375,1306,13.0488,15.5,77,7.11,1.46,.392157,6.27451,6.77758,14.2196,5.655,-8.35155,1,8,0,0,0,0,0,0,2.56,0,186.8
2756,1886.720,14.508,14.3555,15.2202,31,-5.46875,2.34375,1316,13.0488,16.5,77,6.74,1.46,0,6.27451,6.27758,14.2196,5.51,-8.37562,1,8,0,0,0,6.66667,0,0,2.304,0,186.8
2757,1886.760,14.4673,14.3555,15.2202,31,-5.46875,2.34375,1322.75,13.0488,16.5,77,6.92,1.46,0,6.27451,5.77757,14.2196,5.51,-8.37562,1,8,0,0,2,6.66667,0,0,2.304,0,186.8
2758,1886.800,14.2972,14.2406,15.1895,31,-6.25,2.34375,1307.75,13.0488,15.5,77,6.83,1.46,0,6.27451,5.27757,14.2196,5.365,-8.39968,1,8,0,0,1,0,0,0,2.304,0,186.8
2759,1886.840,14.3397,14.2406,15.2125,31,-6.25,2.34375,1300.75,13.0488,14,77,6.6,1.44,.392157,6.27451,4.77757,14.2196,5.365,-8.42375,1,8,0,0,1,0,0,0,2.304,0,186.8
2760,1886.880,14.3397,14.1258,15.2125,31,-6.25,2.34375,1309,13.0488,14,77,6.32,1.44,1.56863,6.27451,17.5574,14.2196,5.365,-8.42375,1,8,0,0,0,0,0,0,2.304,0,186.8
2761,1886.920,14.1289,14.1258,15.2125,31,-7.03125,2.34375,1302.5,13.0488,14.5,77,6.24,1.44,.784314,6.27451,12.8893,14.2196,5.365,-8.17296,1,8,0,0,0,14.1176,0,0,2.304,0,186.8
2762,1886.960,13.9606,14.1258,15.2125,31,-7.03125,2.34375,1317.75,13.0488,15.5,77,6.59,1.46,0,6.66667,12.3893,14.2196,5.22,-8.17296,1,8,0,0,1,14.1176,0,0,2.304,0,186.8
2763,1887.000,14.0032,14.1258,15.1895,31,-7.03125,2.34375,1320.25,13.0488,15.5,77,7.02,1.46,0,7.05882,11.8893,14.2196,5.22,-8.19702,1,8,0,0,0,0,0,0,2.304,0,186.8
2764,1887.040,14.0883,14.1258,15.1589,31,-7.03125,2.34375,1309,13.0488,14.5,77,7.4,1.48,0,7.05882,11.3893,14.2196,5.22,-8.22116,1,8,0,0,2,0,0,0,2.304,0,186.8
2765,1887.080,14.0032,14.2406,15.1589,31,-7.03125,2.34375,1314,13.0488,14,77,7.59,1.48,0,7.05882,10.8893,14.2196,5.22,-8.22116,1,8,0,0,1,0,0,0,2.304,0,186.8
2766,1887.120,14.0883,14.2406,15.1513,31,-7.03125,2.34375,1308.25,13.0488,13,77,7.72,1.48,0,7.05882,10.3893,14.2196,5.22,-8.24522,1,8,0,0,1,0,0,0,2.304,0,186.8
2767,1887.160,14.1289,14.3555,15.1818,31,-7.03125,2.34375,1301.5,13.0488,13,77,7.72,1.48,0,7.05882,9.88928,14.2196,5.22,-8.26929,1,8,0,0,0,0,0,0,2.304,0,186.8
2768,1887.200,14.2565,14.4703,15.1818,31,-6.25,2.34375,1308.75,13.0488,13,77,7.79,1.5,0,7.05882,9.38928,14.2196,5.22,-8.26929,1,8,0,0,1,0,0,0,2.304,0,186.8
2769,1887.240,14.4248,14.5852,15.2202,31,-6.25,2.34375,1301.5,13.0488,13,78.8,7.84,1.48,0,7.05882,8.88927,14.2196,5.22,-8.29336,1,8,0,0,1,0,0,0,2.304,0,186.8
2770,1887.280,14.4248,14.7,15.2202,31,-5.46875,2.34375,1303.25,13.0488,13,78.8,7.74,1.48,0,6.66667,8.38927,14.2196,5.22,-8.29336,1,8,0,0,0,0,0,0,2.304,0,186.8
2771,1887.320,14.5931,14.8148,15.2356,31,-5.46875,2.34375,1313.75,13.0488,13,78.8,7.62,1.46,.392157,6.66667,7.88927,14.2196,5.22,-8.31743,1,8,0,0,0,0,0,0,2.304,0,186.8
2772,1887.360,14.8039,14.8148,15.2976,31,-5.46875,2.34375,1316.75,13.0488,14,78.8,7.04,1.46,1.17647,6.66667,13.2811,14.2196,5.22,-8.04071,1,8,0,0,0,18.8235,0,0,2.304,0,186.8
2773,1887.400,14.8464,14.9297,15.2976,31,-4.6875,2.34375,1309.75,13.0488,14.5,78.8,7.31,1.46,0,6.66667,12.7663,14.2196,5.22,-8.04071,1,8,0,0,1,18.8235,0,0,2.304,0,186.8
2774,1887.440,14.8464,14.9297,15.3522,31,-4.6875,2.34375,1275,13.0488,13.5,78.8,7.03,1.46,0,6.66667,12.2663,14.2196,5.22,-8.18829,1,8,0,0,0,0,0,0,2.304,0,186.8
2775,1887.480,14.9721,14.9297,15.3443,31,-4.6875,2.34375,1283,13.0488,13,78.8,6.94,1.46,0,6.66667,11.7663,14.2196,5.22,-8.21236,1,8,0,0,1,0,0,0,2.304,0,186.8
2776,1887.520,14.9721,14.9297,15.3443,31,-4.6875,2.34375,1301.75,13.0488,13,78.8,6.94,1.46,0,7.05882,11.2663,14.2196,5.22,-8.21236,1,8,0,0,0,0,0,0,2.304,0,186.8
2777,1887.560,14.7613,14.8148,15.3678,31,-4.6875,2.34375,1303.25,12.4274,13,78.8,6.94,1.46,0,7.05882,10.7663,14.2196,5.22,-8.23643,1,8,0,0,0,0,0,0,2.304,0,186.8
2778,1887.600,14.8464,14.7,15.3678,31,-4.6875,2.34375,1319.25,12.4274,13.5,78.8,7.49,1.46,0,7.05882,10.2663,14.2196,5.22,-8.23643,1,8,0,0,0,0,0,0,2.304,0,186.8
2779,1887.640,14.887,14.7,15.3914,31,-5.46875,2.34375,1313,13.0488,13,78.8,7.41,1.48,0,7.05882,9.76625,14.2196,5.22,-8.2605,1,8,0,0,0,0,0,0,2.304,0,186.8
2780,1887.680,14.7188,14.5852,15.3914,31,-5.46875,2.34375,1279,13.0488,13,78.8,7.62,1.48,0,7.05882,9.26625,14.2196,5.22,-8.28458,1,8,0,0,0,0,0,0,2.304,0,186.8
2781,1887.720,14.508,14.5852,15.3914,31,-5.46875,2.34375,1278.25,13.0488,13,78.8,7.62,1.48,0,7.05882,8.76625,14.2196,5.22,-8.28458,1,8,0,0,0,0,0,0,2.304,0,186.8
2782,1887.760,14.3823,14.4703,15.4546,31,-5.46875,2.34375,1291.5,13.0488,13,78.8,7.63,1.48,0,7.05882,8.26625,14.2196,5.22,-8.30865,1,8,0,0,0,0,0,0,2.304,0,186.8
2783,1887.800,14.2972,14.4703,15.4705,31,-5.46875,2.34375,1310,13.0488,13,78.8,7.72,1.48,0,6.66667,7.76625,14.2196,5.22,-8.33272,1,8,0,0,0,0,0,0,2.304,0,186.8
2784,1887.840,14.3823,14.5852,15.4705,31,-5.46875,2.34375,1313.25,13.0488,13,78.8,7.63,1.48,0,6.66667,7.26624,14.2196,5.22,-8.33272,1,8,0,0,0,0,0,0,2.304,0,186.8
2785,1887.880,14.2565,14.5852,15.5424,31,-5.46875,2.34375,1323.75,13.0488,13.5,78.8,7.41,1.46,0,6.66667,6.76624,14.2196,5.22,-8.3568,1,8,0,0,0,0,0,0,2.304,0,186.8
2786,1887.920,14.3823,14.5852,15.5424,31,-5.46875,2.34375,1297.5,13.0488,13,78.8,7.23,1.46,0,6.27451,6.26624,14.2196,5.22,-8.3568,1,8,0,0,0,0,0,0,2.304,0,186.8
2787,1887.960,14.3397,14.5852,15.5988,31,-5.46875,2.34375,1267.25,13.0488,12.5,78.8,6.76,1.46,0,6.27451,5.76624,14.2196,5.075,-8.38087,1,8,0,0,1,0,0,0,2.304,0,186.8
2788,1888.000,14.4673,14.5852,15.7209,31,-5.46875,2.34375,1278,13.0488,13,78.8,6.66,1.46,0,6.27451,5.26624,14.2196,5.075,-8.40495,1,8,0,0,0,0,0,0,2.304,0,186.8
2789,1888.040,14.4673,14.4703,15.7209,31,-5.46875,2.34375,1297.5,13.0488,13,78.8,6.49,1.44,0,6.27451,4.76623,14.2196,5.075,-8.40495,1,8,0,0,0,0,0,0,2.304,0,186.8
2790,1888.080,14.3397,14.4703,15.7621,31,-5.46875,2.34375,1306.25,13.0488,13,78.8,6.41,1.44,0,6.27451,4.26623,14.2196,5.075,-8.42902,1,8,0,0,0,0,0,0,2.304,0,186.8
2791,1888.120,14.3823,14.4703,15.7704,31,-5.46875,2.34375,1319.5,13.0488,13.5,78.8,6.26,1.44,0,6.27451,3.76623,14.2196,5.075,-8.4531,1,8,0,0,0,0,0,0,2.304,0,186.8
2792,1888.160,14.3823,14.4703,15.7704,31,-6.25,2.34375,1322.5,13.0488,13.5,78.8,6.19,1.44,0,6.27451,3.26623,14.2196,5.075,-8.4531,1,8,0,0,0,0,0,0,2.048,0,186.8
2793,1888.200,14.2565,14.3555,15.8118,31,-6.25,2.34375,1323,13.0488,13.5,78.8,6.26,1.44,0,6.27451,2.76623,14.2196,4.93,-8.47717,1,8,0,0,0,0,0,0,2.048,0,186.8
2794,1888.240,14.3823,14.3555,15.8118,31,-6.25,2.34375,1298.25,13.0488,13,78.8,6.26,1.42,0,6.27451,2.26623,14.2196,4.93,-8.47717,1,8,0,0,0,0,0,0,2.048,0,186.8
2795,1888.280,14.4673,14.3555,15.7621,31,-6.25,2.34375,1275,13.0488,13,78.8,6.3,1.44,0,5.88235,1.76623,14.2196,4.93,-8.50125,1,8,0,0,0,0,0,0,2.048,0,186.8
2796,1888.320,14.4248,14.3555,15.7952,31,-6.25,2.34375,1278.5,13.0488,13,78.8,6.22,1.42,0,5.88235,1.26623,14.2196,4.93,-8.52539,1,8,0,0,1,0,0,0,2.048,0,186.8
2797,1888.360,14.4673,14.3555,15.7952,31,-6.25,2.34375,1272.25,13.0488,13,78.8,6.11,1.42,0,5.88235,.766229,14.2196,4.93,-8.52539,1,8,0,0,0,0,0,0,2.048,0,186.8
2798,1888.400,15.0147,14.3555,15.8284,31,-6.25,2.34375,1280.5,13.0488,13,78.8,6.18,1.42,0,5.88235,.266229,14.2196,4.93,-8.54946,1,8,0,0,0,0,0,0,2.048,0,186.8
2799,1888.440,14.8039,14.4703,15.8367,31,-6.25,2.34375,1272.75,13.0488,13,78.8,6.15,1.42,0,5.88235,0,14.2196,4.785,-8.56649,1,8,0,0,0,0,0,0,2.048,0,186.8
2800,1888.480,14.887,14.4703,15.8367,31,-6.25,2.34375,1276,13.0488,13,78.8,5.85,1.4,0,5.4902,0,14.2196,4.785,-8.56649,1,8,0,0,0,0,0,0,2.048,0,186.8
2801,1888.520,15.0147,14.4703,15.5907,31,-6.25,2.34375,1268.25,12.4274,12.5,78.8,5.78,1.4,0,5.4902,0,14.2196,4.785,-8.56643,1,8,0,0,0,0,0,0,2.048,0,186.8
2802,1888.560,14.9721,14.5852,15.5907,31,-6.25,2.34375,1277.75,12.4274,13,78.8,5.78,1.42,0,5.4902,0,14.2196,4.785,-8.56643,1,8,0,0,0,0,0,0,2.048,0,186.8
2803,1888.600,14.8464,14.5852,15.1361,31,-6.25,2.34375,1295.25,12.4274,13,78.8,5.78,1.4,0,5.4902,0,14.2196,4.785,-8.56638,1,8,0,0,0,0,0,0,2.048,0,186.8
2804,1888.640,15.0978,14.5852,15.0003,31,-6.25,1.5625,1307.75,12.4274,13,78.8,5.78,1.4,0,5.4902,0,14.2196,4.64,-8.56633,1,8,0,0,0,0,0,0,2.048,0,186.8
2805,1888.680,15.1829,14.5852,15.0003,31,-5.46875,1.5625,1311.25,12.4274,13,78.8,5.74,1.4,0,5.4902,0,14.2196,4.64,-8.56633,1,8,0,0,0,0,0,0,2.048,0,186.8
2806,1888.720,15.0572,14.5852,14.7576,31,-5.46875,1.5625,1305.5,12.4274,13,78.8,5.78,1.42,0,5.4902,0,14.2196,4.64,-8.56627,1,8,0,0,0,0,0,0,2.048,0,186.8
2807,1888.760,15.1829,14.7,14.6785,31,-5.46875,1.5625,1298.5,12.4274,13,78.8,5.78,1.4,0,5.4902,0,14.2196,4.64,-8.56622,1,8,0,0,0,0,0,0,2.048,0,186.8
2808,1888.800,15.1404,14.5852,14.6785,31,-5.46875,1.5625,1293.5,12.4274,13,78.8,5.78,1.4,0,5.4902,0,14.2196,4.64,-8.56622,1,8,0,0,0,0,0,0,2.048,0,186.8
2809,1888.840,15.1404,14.5852,14.6357,31,-5.46875,1.5625,1286,12.4274,13,78.8,5.7,1.4,0,5.4902,0,14.2196,4.64,-8.56617,1,8,0,0,0,0,0,0,2.048,0,186.8
2810,1888.880,15.0572,14.5852,14.6357,31,-5.46875,1.5625,1281.25,12.4274,13,78.8,5.67,1.4,0,5.4902,0,14.2196,4.64,-8.56617,1,8,0,0,1,0,0,0,2.048,0,186.8
2811,1888.920,15.1829,14.5852,14.579,31,-5.46875,1.5625,1259,12.4274,12.5,78.8,5.56,1.4,0,5.4902,0,14.2196,4.64,-8.56612,1,8,0,0,0,0,0,0,2.048,0,186.8
2812,1888.960,15.268,14.5852,14.5649,31,-5.46875,1.5625,1247,12.4274,12.5,78.8,5.64,1.4,0,5.4902,0,14.2196,4.64,-8.56606,1,8,0,0,1,0,0,0,2.048,0,186.8
2813,1889.000,15.0978,14.5852,14.5649,31,-6.25,1.5625,1231.5,12.4274,12.5,78.8,5.64,1.4,0,5.4902,0,14.2196,4.64,-8.56606,1,8,0,0,1,0,0,0,2.048,0,186.8
2814,1889.040,15.1829,14.5852,14.5649,31,-5.46875,1.5625,1221.75,12.4274,12,78.8,5.68,1.4,0,5.4902,0,14.2196,4.64,-8.56601,1,8,0,0,0,0,0,0,2.048,0,186.8
2815,1889.080,15.1404,14.5852,14.5649,31,-5.46875,1.5625,1229.75,12.4274,12.5,78.8,5.7,1.4,0,5.4902,0,14.2196,4.64,-8.56596,1,8,0,0,0,0,0,0,2.048,0,186.8
2816,1889.120,14.9296,14.5852,14.5649,31,-5.46875,1.5625,1250.75,12.4274,12.5,78.8,5.68,1.4,0,5.4902,0,14.2196,4.64,-8.56596,1,8,0,0,0,0,0,0,2.048,0,186.8
2817,1889.160,15.1829,14.5852,14.5649,31,-5.46875,1.5625,1275.5,12.4274,13,78.8,5.7,1.4,0,5.4902,0,14.2196,4.64,-8.56591,1,8,0,0,0,0,0,0,2.048,0,186.8
2818,1889.200,15.1404,14.7,14.5649,31,-5.46875,1.5625,1273,12.4274,13,78.8,5.7,1.4,0,5.4902,0,14.2196,4.64,-8.56591,1,8,0,0,0,0,0,0,2.048,0,186.8
2819,1889.240,15.0978,14.7,14.5649,31,-5.46875,.78125,1261.75,12.4274,12.5,78.8,5.7,1.4,0,5.4902,0,14.2196,4.64,-8.56586,1,8,0,0,0,0,0,0,2.048,0,186.8
2820,1889.280,15.1404,14.8148,14.5649,31,-5.46875,.78125,1251,12.4274,12.5,78.8,5.74,1.4,0,5.4902,0,14.2196,4.64,-8.56581,1,8,0,0,0,0,0,0,2.048,0,186.8
2821,1889.320,15.2255,14.8148,14.5649,31,-5.46875,.78125,1225.5,12.4274,12.5,78.8,5.7,1.4,0,5.4902,0,14.2196,4.64,-8.56581,1,8,0,0,0,0,0,0,2.048,0,186.8
2822,1889.360,15.1829,14.9297,14.5649,31,-4.6875,.78125,1219,12.4274,12,78.8,5.68,1.4,0,5.4902,0,14.2196,4.64,-8.56576,1,8,0,0,1,0,0,0,2.048,0,186.8
2823,1889.400,15.268,14.9297,14.5649,31,-4.6875,.78125,1196.25,11.8061,12,78.8,5.62,1.38,0,5.4902,0,14.2196,4.64,-8.56925,1,8,0,0,0,0,0,0,2.048,0,186.8
2824,1889.440,15.0978,14.9297,14.5649,31,-4.6875,.78125,1185,11.8061,12,78.8,5.56,1.4,0,5.4902,0,14.2196,4.64,-8.56925,1,8,0,0,0,0,0,0,2.048,0,186.8
2825,1889.480,15.268,14.9297,14.5578,31,-4.6875,.78125,1189.5,11.8061,12,78.8,5.6,1.4,0,5.4902,0,14.2196,4.64,-8.57466,1,8,0,0,0,0,0,0,2.048,0,186.8
2826,1889.520,15.3937,14.9297,14.5578,31,-4.6875,.78125,1222.75,11.8061,12,78.8,5.56,1.38,0,5.4902,0,14.2196,4.64,-8.57466,1,8,0,0,0,0,0,0,2.048,0,186.8
2827,1889.560,15.0147,14.9297,14.5649,31,-4.6875,.78125,1232.25,11.8061,12.5,78.8,5.56,1.4,0,5.4902,0,14.2196,4.64,-8.56562,1,8,0,0,0,0,0,0,2.048,0,186.8
2828,1889.600,15.0147,14.9297,14.5649,31,-4.6875,.78125,1220.25,11.8061,12,78.8,5.52,1.38,0,5.4902,0,14.2196,4.64,-8.56563,1,8,0,0,0,0,0,0,2.048,0,186.8
2829,1889.640,14.9721,14.9297,14.5649,31,-4.6875,-1.5625,1203.75,11.8061,12,78.8,5.58,1.4,0,5.4902,0,14.2196,4.64,-8.56563,1,8,0,0,0,0,0,0,2.048,0,186.8
2830,1889.680,15.0572,14.9297,14.5649,31,-3.90625,-1.5625,1186.5,11.8061,12,78.8,5.66,1.4,0,5.4902,0,14.2196,4.64,-8.56565,1,8,0,0,0,0,0,0,2.048,0,186.8
2831,1889.720,15.0978,14.9297,14.5578,31,-3.90625,-1.5625,1178,11.8061,12,78.8,5.6,1.38,0,5.4902,0,14.2196,4.64,-8.57645,1,8,0,0,0,0,0,0,2.048,0,186.8
2832,1889.760,14.9721,14.9297,14.5578,31,-3.90625,-1.5625,1173.5,11.8061,12,78.8,5.56,1.4,0,5.4902,0,14.2196,4.64,-8.57645,1,8,0,0,0,0,0,0,2.048,0,186.8
2833,1889.800,14.9721,14.9297,14.5367,31,-3.90625,-1.5625,1157.25,11.8061,12,78.8,5.54,1.38,0,5.4902,0,14.2196,4.64,-8.60546,1,8,0,0,0,0,0,0,2.048,0,186.8
2834,1889.840,15.0572,14.9297,14.5367,31,-3.90625,-1.5625,1143.75,11.8061,12,78.8,5.56,1.38,0,5.4902,0,14.2196,4.64,-8.60546,1,8,0,0,0,0,0,0,2.048,0,186.8
2835,1889.880,14.887,14.8148,14.5227,31,-3.90625,-1.5625,1143,11.1847,12,78.8,5.46,1.36,0,5.4902,0,14.2196,4.64,-8.61713,1,8,0,0,0,0,0,0,2.048,0,186.8
2836,1889.920,14.9296,14.8148,14.5297,31,-3.90625,-1.5625,1148.75,11.1847,12,78.8,5.46,1.38,0,5.4902,0,14.2196,4.64,-8.61249,1,8,0,0,0,0,0,0,2.048,0,186.8
2837,1889.960,14.9296,14.8148,14.5297,31,-3.90625,-1.5625,1146,11.1847,12,78.8,5.46,1.36,0,5.4902,0,14.2196,4.64,-8.61249,1,8,0,0,0,0,0,0,2.048,0,186.8
2838,1890.000,14.7188,14.8148,14.5227,31,-3.90625,-1.5625,1131.75,11.1847,12,78.8,5.46,1.38,0,5.4902,0,14.2196,4.64,-8.6149,1,8,0,0,0,0,0,0,2.048,0,186.8
2839,1890.040,14.8464,14.8148,14.5017,31,-3.90625,-1.5625,1116,11.1847,12,78.8,5.42,1.36,0,5.4902,0,14.2196,4.64,-8.64246,1,8,0,0,0,0,0,0,2.048,0,186.8
2840,1890.080,14.8464,14.8148,14.5017,31,-3.90625,-1.5625,1118,11.1847,12,78.8,5.42,1.38,0,5.4902,0,14.2196,4.64,-8.64246,1,8,0,0,0,0,0,0,2.048,0,186.8
2841,1890.120,14.7188,14.8148,14.4948,31,-3.90625,-1.5625,1112.25,11.1847,12,78.8,5.38,1.36,0,5.4902,0,14.2196,4.64,-8.65351,1,8,0,0,0,0,0,0,2.048,0,186.8
2842,1890.160,14.6782,14.7,14.4948,31,-3.90625,-1.5625,1103.75,11.1847,12,78.8,5.42,1.38,0,5.4902,0,14.2196,4.64,-8.65351,1,8,0,0,0,0,0,0,2.048,0,186.8
2843,1890.200,14.9721,14.7,14.4948,31,-3.125,-1.5625,1090.5,10.5633,12,78.8,5.46,1.36,0,5.4902,0,14.2196,4.64,-8.65374,1,8,0,0,0,0,0,0,2.048,0,186.8
2844,1890.240,14.887,14.7,14.4808,31,-3.125,-1.5625,1091.5,10.5633,12,78.8,5.38,1.38,0,5.4902,0,14.2196,4.64,-8.66488,1,8,0,0,0,0,0,0,2.048,0,186.8
2845,1890.280,14.9296,14.7,14.4808,31,-3.125,-1.5625,1086.5,10.5633,12,78.8,5.36,1.36,0,5.4902,0,14.2196,4.64,-8.66488,1,8,0,0,0,0,0,0,2.048,0,186.8
2846,1890.320,14.9721,14.7,14.4808,31,-3.125,-1.5625,1074.25,10.5633,12,78.8,5.36,1.38,0,5.4902,0,14.2196,4.64,-8.66936,1,8,0,0,0,0,0,0,2.048,0,186.8
2847,1890.360,14.7613,14.7,14.4738,31,-3.125,-1.5625,1079.25,10.5633,12,78.8,5.34,1.36,0,5.4902,0,14.2196,4.64,-8.67603,1,8,0,0,0,0,0,0,2.048,0,186.8
2848,1890.400,14.7613,14.7,14.4738,31,-3.125,-1.5625,1070.75,10.5633,12,78.8,5.36,1.36,0,5.4902,0,14.2196,4.64,-8.67603,1,8,0,0,0,0,0,0,2.048,0,186.8
2849,1890.440,14.9296,14.7,14.453,31,-3.125,-1.5625,1055.75,10.5633,12,78.8,5.32,1.38,0,5.4902,0,14.2196,4.64,-8.69761,1,8,0,0,0,0,0,0,2.048,0,186.8
2850,1890.480,14.887,14.7,14.453,31,-3.125,-1.5625,1040.5,10.5633,12,78.8,5.32,1.36,0,5.4902,0,14.2196,4.64,-8.69761,1,8,0,0,0,0,0,0,2.048,0,186.8
2851,1890.520,15.4363,14.7,14.4461,31,-3.125,-1.5625,1027.75,9.94194,12,78.8,5.38,1.38,0,5.4902,0,14.2196,4.64,-8.71158,1,8,0,0,0,0,0,0,2.048,0,186.8
2852,1890.560,15.5194,14.5852,14.4115,31,-3.125,-1.5625,998.5,9.94194,12,78.8,5.32,1.36,0,5.4902,0,14.2196,4.64,-8.75,1,8,0,0,0,0,0,0,2.048,0,186.8
2853,1890.600,15.3937,14.5852,14.4115,31,-3.125,-1.5625,978.75,9.94194,12,78.8,5.32,1.36,0,5.4902,0,14.2196,4.785,-8.75,1,8,0,0,0,0,0,0,2.304,0,186.8
2854,1890.640,15.1404,14.5852,14.3702,31,-3.125,-1.5625,981,9.94194,12,78.8,5.38,1.38,0,5.4902,0,14.2196,4.785,-8.76812,1,8,0,0,0,0,0,0,2.304,0,186.8
2855,1890.680,15.1829,14.5852,14.3702,31,-3.125,-1.5625,976.5,9.94194,12,78.8,5.32,1.36,0,5.4902,0,14.2196,4.785,-8.77021,1,8,0,0,0,0,0,0,2.304,0,186.8
2856,1890.720,15.4769,14.5852,14.3702,31,-3.125,-1.5625,978,9.94194,12,78.8,5.3,1.34,0,5.4902,0,14.2196,4.785,-8.77021,1,8,0,0,0,0,0,0,2.304,0,186.8
2857,1890.760,15.0978,14.5852,14.3634,31,-3.125,-1.5625,981.75,9.32057,12,78.8,5.26,1.36,0,5.4902,0,14.2196,4.785,-8.7689,1,8,0,0,0,0,0,0,2.304,0,186.8
2858,1890.800,15.0978,14.5852,14.3634,31,-3.125,-1.5625,971.75,9.32057,12,78.8,5.19,1.36,0,5.09804,0,14.2196,4.785,-8.7689,1,8,0,0,0,0,0,0,2.304,0,186.8
2859,1890.840,15.1404,14.5852,14.3565,31,-3.125,-1.5625,969.25,9.32057,12,78.8,5.13,1.34,0,5.4902,0,14.2196,4.93,-8.77446,1,8,0,0,0,0,0,0,2.304,0,186.8
2860,1890.880,15.1404,14.5852,14.3565,31,-2.34375,-1.5625,967.75,9.32057,12,78.8,5.13,1.34,0,5.4902,0,14.2196,4.93,-8.77674,1,8,0,0,0,0,0,0,2.304,0,186.8
2861,1890.920,15.0572,14.5852,14.3565,31,-2.34375,-1.5625,958.25,9.32057,12,78.8,5.13,1.36,0,5.4902,0,14.2196,4.93,-8.77674,1,8,0,0,0,0,0,0,2.304,0,186.8
2862,1890.960,15.0978,14.7,14.3428,31,-2.34375,-1.5625,949,9.32057,12,78.8,5.19,1.36,0,5.4902,0,14.2196,4.93,-8.78683,1,8,0,0,0,0,0,0,2.304,0,186.8
2863,1891.000,15.2255,14.7,14.3224,31,-2.34375,-1.5625,914,9.32057,12,78.8,5.19,1.34,0,5.4902,0,14.2196,4.93,-8.81312,1,8,0,0,0,0,0,0,2.304,0,186.8
2864,1891.040,15.2255,14.7,14.3224,31,-2.34375,-1.5625,892.75,9.32057,12,78.8,5.17,1.34,0,5.4902,0,14.2196,4.93,-8.81312,1,8,0,0,0,0,0,0,2.304,0,186.8
2865,1891.080,15.268,14.7,14.3087,31,-2.34375,-1.5625,890.25,8.6992,12,78.8,5.13,1.36,0,5.4902,0,14.2196,4.93,-8.84694,1,8,0,0,0,0,0,0,2.304,0,186.8
2866,1891.120,15.268,14.5852,14.3087,31,-2.34375,-1.5625,872.5,8.6992,12,78.8,5.13,1.36,0,5.4902,0,14.2196,5.075,-8.84694,1,8,0,0,0,0,0,0,2.304,0,186.8
2867,1891.160,15.1829,14.5852,14.2952,31,-2.34375,-1.5625,867.5,8.6992,12,78.8,5.13,1.36,0,5.4902,0,14.2196,5.075,-8.86551,1,8,0,0,0,0,0,0,2.304,0,186.8
2868,1891.200,15.1829,14.5852,14.2884,31,-2.34375,-1.5625,862,8.6992,12,78.8,5.15,1.38,0,5.88235,0,14.2196,5.075,-8.87504,1,8,0,0,0,0,0,0,2.304,0,186.8
2869,1891.240,14.7613,14.5852,14.2884,31,-2.34375,-1.5625,869.25,8.6992,16.5,78.8,5.62,1.38,0,6.27451,0,14.2196,5.22,-8.87504,1,8,0,0,0,0,0,0,2.304,0,186.8
2870,1891.280,14.7188,14.5852,14.1407,31,-2.34375,-1.5625,885.75,8.6992,16.5,78.8,5.69,1.4,0,6.27451,0,14.2196,5.365,-8.86836,1,8,0,0,0,0,0,0,2.304,0,188.6
2871,1891.320,14.7613,14.5852,14.1142,31,-2.34375,-1.5625,886,8.07783,16.5,78.8,5.81,1.42,0,6.27451,0,14.2196,5.365,-8.85291,1,8,0,0,0,0,0,0,2.304,0,188.6
2872,1891.360,14.7613,14.7,14.1142,31,-2.34375,-1.5625,881,8.07783,16.5,78.8,5.92,1.44,0,6.27451,0,14.2196,5.51,-8.85291,1,8,0,0,0,0,0,0,2.56,0,188.6
2873,1891.400,14.7188,14.7,14.1275,31,-1.5625,-1.5625,838.75,8.07783,16.5,78.8,5.96,1.42,0,6.27451,0,14.2196,5.51,-8.89629,1,8,0,0,0,0,0,0,2.56,0,188.6
2874,1891.440,14.6782,14.7,14.1275,31,-1.5625,-1.5625,793,8.07783,16.5,78.8,5.96,1.42,0,6.27451,0,14.2196,5.655,-8.89629,1,8,0,0,1,0,0,0,2.56,0,188.6
2875,1891.480,14.7188,14.7,14.1275,31,-1.5625,-1.5625,762.75,8.07783,16.5,78.8,5.96,1.42,0,6.27451,0,14.2196,5.655,-8.93191,1,8,0,0,1,0,0,0,2.56,0,188.6
2876,1891.520,14.7613,14.7,14.101,31,-1.5625,-1.5625,777,8.07783,16.5,78.8,5.96,1.42,0,5.88235,0,14.2196,5.8,-8.93187,1,8,0,0,0,0,0,0,2.56,0,188.6
2877,1891.560,14.6782,14.7,14.101,31,-1.5625,-1.5625,789.25,7.45645,16.5,78.8,5.96,1.42,0,5.88235,0,14.2196,5.945,-8.93187,1,8,0,0,0,0,0,0,2.56,0,188.6
2878,1891.600,14.7188,14.7,13.9378,31,-1.5625,-1.5625,807,7.45645,16.5,78.8,5.92,1.4,0,5.88235,0,14.2196,6.09,-8.92536,1,8,0,0,0,0,0,0,2.816,0,188.6
2879,1891.640,14.7613,14.7,14.101,31,-1.5625,-1.5625,797.5,7.45645,16.5,78.8,5.85,1.4,0,5.88235,0,14.2196,6.09,-8.93179,1,8,0,0,0,0,0,0,2.816,0,188.6
2880,1891.680,14.6782,14.7,14.101,31,-1.5625,-1.5625,775.25,7.45645,16.5,78.8,5.75,1.4,0,5.88235,0,14.2196,6.09,-8.93179,1,8,0,0,1,0,0,0,2.816,0,188.6
2881,1891.720,14.7613,14.7,14.2613,31,-1.5625,-1.5625,730,7.45645,16.5,78.8,5.75,1.4,0,5.88235,0,14.2196,6.235,-8.93175,1,8,0,0,1,0,0,0,2.816,0,188.6
2882,1891.760,14.8464,14.7,14.2613,31,-1.5625,-1.5625,709,7.45645,16.5,78.8,5.74,1.4,0,5.88235,0,14.2196,6.235,-8.93175,1,8,0,0,1,0,0,0,2.816,0,188.6
2883,1891.800,14.8039,14.7,14.1341,31,-1.5625,-1.5625,700.5,7.45645,16.5,78.8,5.71,1.42,0,5.88235,0,14.2196,6.38,-8.93172,1,8,0,0,1,0,0,0,2.816,0,188.6
2884,1891.840,14.7613,14.7,14.0483,31,-1.5625,-1.5625,714.75,7.45645,16,78.8,5.75,1.4,0,5.88235,0,14.2196,6.525,-8.93168,1,8,0,0,0,0,0,0,2.816,0,188.6
2885,1891.880,14.8464,14.7,14.0483,31,-1.5625,-1.5625,716.25,7.45645,16,78.8,5.71,1.4,0,5.88235,0,14.2196,6.525,-8.93168,1,8,0,0,0,0,0,0,2.816,0,188.6
2886,1891.920,14.6356,14.7,13.9961,31,-1.5625,-1.5625,713.25,7.45645,16,78.8,5.56,1.4,0,5.88235,0,14.2196,6.67,-8.93164,1,8,0,0,0,0,0,0,2.816,0,188.6
2887,1891.960,14.7188,14.7,14.068,31,-1.5625,-1.5625,696.25,6.83508,16,78.8,5.5,1.38,0,5.88235,0,14.2196,6.67,-8.9316,1,8,0,0,0,0,0,0,2.816,0,188.6
2888,1892.000,14.7613,14.5852,14.068,31,-1.5625,-1.5625,690,6.83508,16,78.8,5.42,1.38,0,5.88235,0,14.2196,6.815,-8.9316,1,8,0,0,1,0,0,0,2.816,0,188.6
2889,1892.040,14.5505,14.5852,14.174,31,-1.5625,-1.5625,675,6.83508,16,78.8,5.44,1.38,0,5.4902,0,14.2196,6.815,-8.93163,1,8,0,0,1,0,0,0,2.816,0,188.6
2890,1892.080,14.6782,14.5852,14.174,31,-1.5625,-1.5625,679.25,6.83508,16,78.8,5.44,1.38,0,5.4902,0,14.2196,6.815,-8.93163,1,8,0,0,1,0,0,0,2.816,0,188.6
2891,1892.120,14.7613,14.5852,14.0615,31,-1.5625,-1.5625,676.5,6.83508,16,78.8,5.52,1.38,0,5.4902,0,14.2196,6.96,-8.93159,1,8,0,0,1,0,0,0,2.816,0,188.6
2892,1892.160,14.7188,14.5852,14.0549,31,-1.5625,-1.5625,671.25,6.83508,16,78.8,5.52,1.38,0,5.88235,0,14.2196,6.96,-8.93156,1,8,0,0,1,0,0,0,2.816,0,188.6
2893,1892.200,14.6356,14.4703,14.0549,31,-1.5625,-1.5625,671.25,6.83508,16,78.8,5.52,1.38,0,5.88235,0,14.2196,6.96,-8.93156,1,8,0,0,1,0,0,0,2.816,0,188.6
2894,1892.240,14.7188,14.4703,14.1407,31,-2.34375,-1.5625,651.75,6.83508,15.5,78.8,5.5,1.38,0,5.88235,0,14.2196,7.105,-8.93159,1,8,0,0,1,0,0,0,2.816,0,188.6
2895,1892.280,14.6356,14.4703,14.0418,31,-2.34375,-1.5625,646.5,6.83508,15.5,78.8,5.52,1.4,0,5.88235,0,14.2196,7.105,-8.93155,1,8,0,0,1,0,0,0,3.072,0,188.6
2896,1892.320,14.508,14.4703,14.0418,31,-2.34375,-1.5625,642.75,6.83508,15.5,78.8,5.58,1.4,0,6.27451,0,14.2196,7.105,-8.93155,1,8,0,0,1,0,0,0,3.072,0,188.6
2897,1892.360,14.5505,14.4703,14.1341,31,-2.34375,-1.5625,663,6.83508,15.5,78.8,5.66,1.4,0,6.27451,0,14.2196,7.25,-8.93151,1,8,0,0,0,0,0,0,3.072,0,188.6
2898,1892.400,14.508,14.4703,14.1341,31,-2.34375,-1.5625,702,6.83508,15.5,78.8,5.69,1.4,0,6.27451,0,14.2196,7.395,-8.93151,1,8,0,0,0,0,0,0,3.072,1,188.6
2899,1892.440,14.4248,14.4703,13.9766,31,-2.34375,-1.5625,767.75,6.83508,15.5,78.8,5.78,1.42,0,6.27451,0,14.2196,7.395,-8.93148,1,8,0,0,0,0,0,0,3.072,0,188.6
2900,1892.480,14.3397,14.4703,14.1142,31,-2.34375,-1.5625,823,6.83508,13.5,78.8,5.74,1.42,0,6.27451,0,14.2196,7.395,-8.91028,1,8,0,0,0,0,0,0,3.072,0,188.6
2901,1892.520,14.4248,14.4703,14.1142,31,-2.34375,-1.5625,891.75,6.21371,6.5,78.8,5.78,1.4,0,6.27451,0,14.2196,7.395,-8.91028,1,8,0,0,0,0,0,0,2.816,0,188.6
2902,1892.560,14.2565,14.4703,14.1341,31,-2.34375,-1.5625,976.75,6.21371,3,78.8,5.69,1.38,0,6.27451,0,14.2196,7.25,-8.80772,1,8,0,0,0,0,0,0,2.816,0,188.6
2903,1892.600,14.3397,14.4703,14.9333,31,-2.34375,-1.5625,986.5,6.21371,3,78.8,5.66,1.4,0,6.27451,0,14.2196,7.105,-8.75999,1,8,0,0,0,0,0,0,2.816,0,188.6
2904,1892.640,14.5505,14.4703,14.9333,31,-2.34375,-1.5625,1006.75,6.21371,3.5,78.8,5.66,1.4,0,6.27451,0,14.2196,6.96,-8.75999,1,8,0,0,0,0,0,0,2.56,0,188.6
2905,1892.680,14.508,14.4703,15.3914,31,-2.34375,-1.5625,1044.25,6.21371,3.5,78.8,5.66,1.38,0,6.27451,0,14.2196,6.815,-8.73043,1,8,0,0,0,0,0,0,2.56,0,188.6
2906,1892.720,14.508,14.4703,15.3914,31,-2.34375,-1.5625,1055.5,6.21371,3.5,78.8,5.66,1.4,0,5.88235,0,14.2196,6.67,-8.73043,1,8,0,0,0,0,0,0,2.56,0,188.6
2907,1892.760,14.3823,14.4703,15.4944,31,-2.34375,-1.5625,1078.25,6.21371,4,78.8,5.66,1.4,0,5.88235,0,14.2196,6.525,-8.69654,1,8,0,0,0,0,0,0,2.56,0,188.6
2908,1892.800,14.6356,14.4703,15.5826,31,-2.34375,-1.5625,1102.5,6.21371,4,78.8,5.62,1.38,0,5.4902,0,14.2196,6.235,-8.67237,1,8,0,0,0,0,0,0,2.304,0,188.6
2909,1892.840,14.4248,14.4703,15.5826,31,-2.34375,-1.5625,1106.5,6.21371,4,78.8,5.54,1.38,0,5.4902,0,14.2196,6.09,-8.67237,1,8,0,0,0,0,0,0,2.304,0,188.6
2910,1892.880,14.6356,14.5852,15.7127,31,-2.34375,-1.5625,1107.5,6.21371,4,78.8,5.36,1.36,0,5.4902,0,14.2196,5.945,-8.64263,1,8,0,0,0,0,0,0,2.304,0,188.6
2911,1892.920,14.6356,14.5852,15.4546,31,-2.34375,-1.5625,1117.25,5.59234,4,78.8,5.3,1.36,0,5.4902,0,14.2196,5.8,-8.63982,1,8,0,0,0,0,0,0,2.304,0,188.6
2912,1892.960,14.6356,14.7,15.4546,31,-1.5625,-1.5625,1095,5.59234,4,78.8,5.3,1.36,0,5.4902,0,14.2196,5.655,-8.63982,1,8,0,0,0,0,0,0,2.304,0,188.6
2913,1893.000,14.5931,14.8148,15.3757,31,-1.5625,-1.5625,1072.5,5.59234,4,78.8,5.24,1.36,0,5.4902,0,14.2196,5.51,-8.68092,1,8,0,0,0,0,0,0,2.304,0,188.6
2914,1893.040,14.8039,14.8148,15.3757,31,-1.5625,-1.5625,1054.5,5.59234,4,78.8,5.26,1.34,0,5.4902,0,14.2196,5.51,-8.68092,1,8,0,0,0,0,0,0,2.304,0,188.6
2915,1893.080,14.7613,14.9297,14.5017,31,-.78125,-1.5625,1059.5,5.59234,4,78.8,5.26,1.36,0,5.4902,0,14.2196,5.365,-8.69727,1,8,0,0,0,0,0,0,2.304,0,188.6
2916,1893.120,14.8464,15.0445,14.4948,31,-.78125,-1.5625,1047.5,5.59234,4,78.8,5.26,1.36,0,5.4902,0,14.2196,5.365,-8.70369,1,8,0,0,0,0,0,0,2.304,0,188.6
2917,1893.160,14.887,15.1594,14.4948,31,-.78125,-1.5625,1020.25,5.59234,5.5,78.8,5.13,1.34,0,5.09804,0,14.2196,5.365,-8.70369,1,8,0,0,0,0,0,0,2.304,0,188.6
2918,1893.200,14.9296,15.1594,14.4738,31,0,-1.5625,1015.5,5.59234,6,78.8,4.97,1.34,0,5.09804,0,14.2196,5.365,-8.72884,1,8,0,0,0,0,0,0,2.304,0,188.6
2919,1893.240,15.1404,15.2742,14.4599,31,0,-1.5625,1007.75,5.59234,7,78.8,4.64,1.3,0,5.09804,0,14.2196,5.22,-8.74374,1,8,0,0,0,0,0,0,2.304,0,188.6
2920,1893.280,15.3512,15.2742,14.4599,31,.78125,-1.5625,999.5,5.59234,8,78.8,4.64,1.32,0,5.09804,0,14.2196,5.22,-8.74374,1,8,0,0,0,0,0,0,2.304,0,188.6
2921,1893.320,15.3086,15.3891,14.453,31,.78125,-1.5625,1009.5,4.97097,7.5,78.8,4.6,1.32,0,5.09804,0,14.2196,5.22,-8.73849,1,8,0,0,0,0,0,0,2.304,0,188.6
2922,1893.360,15.3086,15.3891,14.453,31,.78125,-1.5625,1000,4.97097,8.5,78.8,4.56,1.3,0,4.70588,0,14.2196,5.22,-8.73849,1,8,0,0,0,0,0,0,2.304,0,188.6
2923,1893.400,15.5194,15.3891,14.4391,31,1.5625,-1.5625,984.25,4.97097,10.5,78.8,4.48,1.3,0,4.70588,0,14.2196,5.075,-8.74719,1,8,0,0,0,0,0,0,2.304,0,188.6
2924,1893.440,16.0262,15.2742,14.4253,31,1.5625,-1.5625,990.75,4.97097,10,78.8,4.33,1.3,0,4.70588,0,14.2196,5.075,-8.75565,1,8,0,0,0,0,0,0,2.304,0,188.6
2925,1893.480,15.8985,15.2742,14.4253,31,1.5625,-1.5625,988.25,4.97097,10.5,78.8,4.29,1.3,0,5.09804,0,14.2196,5.075,-8.75565,1,8,0,0,0,0,0,0,2.304,0,188.6
2926,1893.520,16.0262,15.2742,14.4322,31,1.5625,-1.5625,998.25,4.97097,9,78.8,4.53,1.32,0,5.4902,0,14.2196,5.075,-8.74792,1,8,0,0,0,0,0,0,2.048,0,188.6
2927,1893.560,15.9836,15.1594,14.4391,31,1.5625,-1.5625,1007,4.97097,8.5,78.8,4.81,1.34,0,5.4902,0,14.2196,5.075,-8.74085,1,8,0,0,0,0,0,0,2.048,0,188.6
2928,1893.600,15.8985,15.1594,14.4391,31,1.5625,-1.5625,999,4.97097,9.5,78.8,4.89,1.34,0,5.4902,0,14.2196,5.075,-8.74085,1,8,0,0,0,0,0,0,2.048,0,188.6
2929,1893.640,16.0262,15.0445,14.4253,31,1.5625,-1.5625,981.25,4.97097,11.5,78.8,5.09,1.34,0,5.4902,0,14.2196,5.075,-8.74946,1,8,0,0,0,0,0,0,2.304,0,188.6
2930,1893.680,15.9411,15.0445,14.4253,31,1.5625,-1.5625,989,4.97097,11,78.8,5.09,1.36,0,5.4902,0,14.2196,5.075,-8.74946,1,8,0,0,0,0,0,0,2.304,0,188.6
2931,1893.720,15.9411,14.9297,14.4184,31,1.5625,-1.5625,982,4.97097,11.5,78.8,5.05,1.36,0,5.4902,0,14.2196,5.075,-8.75723,1,8,0,0,0,0,0,0,2.304,0,188.6
2932,1893.760,15.8985,14.9297,14.4115,31,1.5625,-1.5625,984.75,4.97097,11.5,78.8,5.19,1.34,0,5.4902,0,14.2196,5.075,-8.76296,1,8,0,0,0,0,0,0,2.304,0,188.6
2933,1893.800,15.7728,14.9297,14.4115,31,1.5625,-1.5625,1001.5,4.97097,9.5,78.8,5.26,1.36,0,5.4902,0,14.2196,5.075,-8.76296,1,8,0,0,0,0,0,0,2.304,0,188.6
2934,1893.840,15.7303,14.9297,14.4115,31,2.34375,-1.5625,996.75,4.97097,10,78.8,5.21,1.36,0,5.4902,0,14.2196,5.075,-8.74575,1,8,0,0,0,0,0,0,2.304,0,188.6
2935,1893.880,15.7303,14.9297,14.4046,31,2.34375,-1.5625,983.75,4.97097,11.5,78.8,5.26,1.34,0,5.4902,0,14.2196,5.075,-8.762,1,8,0,0,0,0,0,0,2.304,0,188.6
2936,1893.920,15.7303,15.0445,14.4046,31,2.34375,-1.5625,996.25,4.97097,10.5,78.8,5.26,1.38,0,5.4902,0,14.2196,5.075,-8.762,1,8,0,0,0,0,0,0,2.304,0,188.6
2937,1893.960,15.6471,15.0445,14.4115,31,2.34375,-1.5625,987.75,4.3496,11.5,78.8,5.26,1.36,0,5.4902,0,14.2196,5.075,-8.75834,1,8,0,0,0,0,0,0,2.304,0,188.6
2938,1894.000,15.562,15.0445,14.4115,31,3.125,-1.5625,996.75,4.3496,10.5,78.8,5.3,1.36,0,5.4902,0,14.2196,5.075,-8.75834,1,8,0,0,0,0,0,0,2.304,0,188.6
2939,1894.040,15.6045,15.1594,14.4253,31,3.125,-1.5625,1010.5,4.3496,8.5,78.8,5.3,1.38,0,5.4902,0,14.2196,5.075,-8.75004,1,8,0,0,0,0,0,0,2.304,0,188.6
2940,1894.080,15.562,15.1594,14.4322,31,3.125,-1.5625,1006.75,4.3496,9.5,78.8,5.3,1.36,0,5.4902,0,14.2196,5.075,-8.74068,1,8,0,0,0,0,0,0,2.304,0,188.6
2941,1894.120,15.6471,15.1594,14.4322,31,3.90625,-1.5625,1005,4.3496,10,78.8,5.26,1.36,0,5.4902,0,14.2196,5.075,-8.74068,1,8,0,0,0,0,0,0,2.304,0,188.6
2942,1894.160,15.6045,15.0445,14.4322,31,3.90625,-1.5625,1004.25,4.3496,10,78.8,5.32,1.38,0,5.4902,0,14.2196,5.075,-8.74231,1,8,0,0,0,0,0,0,2.304,0,188.6
2943,1894.200,15.6877,15.0445,14.4253,31,3.90625,-1.5625,994,4.3496,11.5,78.8,5.26,1.36,0,5.4902,0,14.2196,5.075,-8.75249,1,8,0,0,0,0,0,0,2.304,0,188.6
2944,1894.240,15.6877,15.0445,14.4253,31,3.90625,-1.5625,1003.25,4.3496,10.5,78.8,5.26,1.34,0,5.4902,0,14.2196,5.075,-8.75249,1,8,0,0,0,0,0,0,2.304,0,188.6
2945,1894.280,15.7728,14.9297,14.4322,31,3.90625,-1.5625,1013.5,4.3496,9,78.8,5.26,1.36,0,5.4902,0,14.2196,5.075,-8.74399,1,8,0,0,0,0,0,0,2.304,0,188.6
2946,1894.320,15.6877,14.9297,14.4322,31,3.90625,-1.5625,999.5,4.3496,11,78.8,5.19,1.36,0,5.4902,0,14.2196,5.075,-8.74399,1,8,0,0,0,0,0,0,2.304,0,188.6
2947,1894.360,15.6045,14.8148,14.4322,31,3.90625,-1.5625,989.75,4.3496,12,78.8,5.24,1.36,0,5.4902,0,14.2196,5.075,-8.74691,1,8,0,0,0,0,0,0,2.304,0,188.6
2948,1894.400,15.6877,14.8148,14.4322,31,3.90625,-1.5625,996.25,4.3496,11.5,78.8,5.26,1.38,0,5.88235,0,14.2196,5.075,-8.75034,1,8,0,0,0,0,0,0,2.304,0,188.6
2949,1894.440,15.6471,14.7,14.4322,31,3.90625,-1.5625,991.5,3.72823,11.5,80.6,5.34,1.4,0,6.27451,0,14.2196,5.075,-8.75034,1,8,0,0,0,0,0,0,2.304,0,188.6
2950,1894.480,15.562,14.7,14.4322,31,3.90625,-1.5625,996.75,3.72823,11.5,80.6,5.81,1.4,0,6.27451,0,14.2196,5.075,-8.7503,1,8,0,0,0,0,0,0,2.304,0,188.6
2951,1894.520,15.4769,14.5852,14.4461,31,3.90625,-1.5625,1009.5,3.72823,10,80.6,5.92,1.42,0,6.27451,0,14.2196,5.22,-8.73816,1,8,0,0,0,0,0,0,2.304,0,188.6
2952,1894.560,15.3937,14.5852,14.4461,31,3.90625,-1.5625,991.75,3.72823,12,80.6,5.96,1.42,0,6.27451,0,14.2196,5.22,-8.73816,1,8,0,0,0,0,0,0,2.304,0,188.6
2953,1894.600,15.268,14.5852,14.4322,31,3.90625,-1.5625,988.5,3.72823,12,80.6,5.92,1.42,0,6.27451,0,14.2196,5.22,-8.75064,1,8,0,0,0,0,0,0,2.304,0,188.6
2954,1894.640,14.7188,14.5852,14.4322,31,3.90625,-1.5625,1001.75,3.72823,11,80.6,6,1.44,0,6.27451,0,14.2196,5.365,-8.75064,1,8,0,0,0,0,0,0,2.304,0,188.6
2955,1894.680,14.5505,14.4703,14.4253,31,3.90625,-1.5625,1012.75,3.72823,10,80.6,6,1.42,0,6.27451,0,14.2196,5.365,-8.74519,1,8,0,0,0,0,0,0,2.304,0,188.6
2956,1894.720,14.508,14.4703,14.4461,31,3.90625,-1.5625,1047.5,3.72823,6,80.6,5.78,1.4,0,5.88235,0,14.2196,5.365,-8.71223,1,8,0,0,0,0,0,0,2.56,0,188.6
2957,1894.760,14.4248,14.4703,14.4461,31,3.90625,-1.5625,1068.5,3.10686,4,80.6,5.64,1.4,0,5.4902,0,14.2196,5.365,-8.71223,1,8,0,0,0,0,0,0,2.304,0,188.6
2958,1894.800,14.4248,14.4703,14.4599,31,3.90625,-1.5625,1072.25,3.10686,4,80.6,5.38,1.36,0,5.4902,0,14.2196,5.365,-8.68331,1,8,0,0,0,0,0,0,2.304,0,188.6
2959,1894.840,14.3823,14.4703,14.453,31,3.90625,-1.5625,1065.5,3.10686,5,80.6,5.3,1.36,0,5.4902,0,14.2196,5.365,-8.68663,1,8,0,0,0,0,0,0,2.304,0,188.6
2960,1894.880,14.2972,14.4703,14.453,31,3.90625,-1.5625,1085.5,3.10686,4,80.6,5.19,1.36,0,5.4902,0,14.2196,5.365,-8.68663,1,8,0,0,0,0,0,0,2.304,0,188.6
2961,1894.920,14.4248,14.4703,14.4669,31,3.90625,-1.5625,1092.75,3.10686,4,80.6,5.19,1.36,0,5.4902,0,14.2196,5.22,-8.66832,1,8,0,0,0,0,0,0,2.304,0,188.6
2962,1894.960,14.2972,14.4703,14.4669,31,3.90625,-1.5625,1084.75,3.10686,4,80.6,5.24,1.36,0,5.4902,0,14.2196,5.22,-8.66832,1,8,0,0,0,0,0,0,2.304,0,188.6
2963,1895.000,14.4248,14.4703,14.4948,31,3.125,-1.5625,1075.75,2.48548,5.5,80.6,5.24,1.34,0,5.4902,0,14.2196,5.22,-8.66792,1,8,0,0,0,0,0,0,2.304,0,188.6
2964,1895.040,14.508,14.3555,14.4878,31,3.125,-1.5625,1080,2.48548,5.5,80.6,5.19,1.36,0,5.4902,0,14.2196,5.22,-8.67313,1,8,0,0,0,0,0,0,2.304,0,188.6
2965,1895.080,14.3823,14.3555,14.4878,31,3.125,-1.5625,1070.5,2.48548,7,80.6,5.24,1.34,0,5.4902,0,14.2196,5.075,-8.67313,1,8,0,0,0,0,0,0,2.304,0,188.6
2966,1895.120,14.2972,14.3555,14.4738,31,3.125,-1.5625,1058.5,2.48548,8,80.6,5.19,1.36,0,5.4902,0,14.2196,5.075,-8.68185,1,8,0,0,0,0,0,0,2.304,0,188.6
2967,1895.160,14.5505,14.2406,14.4669,31,3.125,-1.5625,1052.75,2.48548,9,80.6,5.09,1.34,0,5.4902,0,14.2196,5.075,-8.6897,1,8,0,0,0,0,0,0,2.304,0,188.6
2968,1895.200,14.4248,14.2406,14.4669,31,3.125,-1.5625,1063.25,2.48548,8,80.6,5.09,1.34,0,5.09804,0,14.2196,5.075,-8.6897,1,8,0,0,0,0,0,0,2.304,0,188.6
2969,1895.240,14.2565,14.2406,14.4669,31,3.125,-1.5625,1066.25,1.86411,8,80.6,4.89,1.32,0,4.70588,0,14.2196,5.075,-8.6858,1,8,0,0,0,0,0,0,2.304,0,188.6
2970,1895.280,14.3397,14.3555,14.4669,31,3.125,-1.5625,1066.25,1.86411,8,80.6,4.41,1.28,0,4.31373,0,14.2196,5.075,-8.6858,1,8,0,0,0,0,0,0,2.304,0,188.6
2971,1895.320,14.3397,14.3555,14.4738,31,3.125,-1.5625,1067.75,1.86411,8,80.6,4.25,1.3,0,4.31373,0,14.2196,4.93,-8.68586,1,8,0,0,0,0,0,0,2.304,0,188.6
2972,1895.360,14.3397,14.3555,14.4808,31,3.125,-1.5625,1071.25,1.86411,8,80.6,3.95,1.26,0,3.92157,0,14.2196,4.93,-8.68776,1,8,0,0,0,0,0,0,2.048,0,188.6
2973,1895.400,14.2565,14.3555,14.4808,31,3.125,-1.5625,1053.5,1.86411,10.5,80.6,3.81,1.26,0,3.92157,0,14.2196,4.785,-8.68776,1,8,0,0,0,0,0,0,2.048,0,188.6
2974,1895.440,14.2565,14.3555,14.4738,31,3.125,-1.5625,1048.5,1.86411,11,80.6,3.75,1.24,0,3.92157,0,14.2196,4.785,-8.69749,1,8,0,0,0,0,0,0,2.048,0,188.6
2975,1895.480,14.3823,14.3555,14.4669,31,3.125,-1.5625,1031,1.24274,12.5,80.6,3.65,1.24,0,3.92157,0,14.2196,4.64,-8.7181,1,8,0,0,0,0,0,0,2.048,0,188.6
2976,1895.520,14.3823,14.3555,14.4669,31,3.125,-1.5625,1022.5,1.24274,13.5,80.6,3.63,1.26,0,3.92157,0,14.2196,4.64,-8.7181,1,8,0,0,0,0,0,0,2.048,0,188.6
2977,1895.560,14.508,14.3555,14.4599,31,3.125,-1.5625,1018,1.24274,13.5,80.6,3.63,1.24,0,3.92157,0,14.2196,4.64,-8.72033,1,8,0,0,0,0,0,0,2.048,0,188.6
2978,1895.600,15.2255,14.2406,14.4599,31,2.34375,-1.5625,1013.25,1.24274,14,80.6,3.65,1.24,0,3.92157,0,14.2196,4.495,-8.72033,1,8,0,0,0,0,0,0,2.048,0,188.6
2979,1895.640,14.6782,14.2406,14.4461,31,2.34375,-1.5625,991,1.24274,15.5,80.6,3.65,1.26,0,3.92157,0,14.2196,4.495,-8.7345,1,8,0,0,0,0,0,0,2.048,0,188.6
2980,1895.680,14.7613,14.2406,14.4253,31,2.34375,-1.5625,963.5,1.24274,16.5,80.6,3.65,1.24,0,3.92157,0,14.2196,4.495,-8.76078,1,8,0,0,0,0,0,0,2.048,0,188.6
2981,1895.720,15.0147,14.2406,14.4253,31,2.34375,-1.5625,958.5,1.24274,16.5,80.6,3.67,1.24,0,3.92157,0,14.2196,4.495,-8.76078,1,8,0,0,0,0,0,0,2.048,0,188.6
2982,1895.760,14.9296,14.2406,14.4046,31,2.34375,-1.5625,937.75,1.24274,16.5,80.6,3.69,1.26,0,3.92157,0,14.2196,4.495,-8.78474,1,8,0,0,0,0,0,0,2.048,0,188.6
2983,1895.800,14.887,14.2406,14.3771,31,2.34375,-1.5625,931.5,0,16.5,80.6,3.67,1.26,0,3.92157,0,14.2196,4.495,-8.80941,1,8,0,0,0,0,0,0,2.048,0,188.6
2984,1895.840,14.887,14.2406,14.3771,31,2.34375,-1.5625,909.25,0,16.5,80.6,3.67,1.24,0,3.92157,0,14.2196,4.495,-8.80941,1,8,0,0,0,0,0,0,2.048,0,188.6
2985,1895.880,14.7188,14.2406,14.3428,31,2.34375,-1.5625,866.5,0,16.5,80.6,3.75,1.24,0,3.92157,0,14.2196,4.495,-8.84773,1,8,0,0,0,0,0,0,2.048,0,188.6
2986,1895.920,14.8039,14.2406,14.3428,31,2.34375,-1.5625,862.5,0,16.5,80.6,3.75,1.24,0,3.92157,0,14.2196,4.495,-8.84773,1,8,0,0,0,0,0,0,2.048,0,188.6
2987,1895.960,14.9296,14.2406,14.3224,31,2.34375,-1.5625,845.75,0,16.5,80.6,3.75,1.26,0,3.92157,0,14.2196,4.495,-8.87281,1,8,0,0,0,0,0,0,2.048,0,188.6
2988,1896.000,14.887,14.3555,14.2952,31,2.34375,-1.5625,834.25,0,16.5,80.6,3.77,1.26,0,3.92157,0,14.2196,4.495,-8.89865,1,8,0,0,0,0,0,0,2.048,0,188.6
2989,1896.040,14.8039,14.3555,14.2952,31,3.125,-1.5625,807.5,0,16.5,80.6,3.79,1.28,0,3.92157,0,14.2196,4.495,-8.89865,1,8,0,0,0,0,0,0,2.048,0,188.6
2990,1896.080,14.887,14.3555,14.2816,31,3.125,-1.5625,790.75,0,16.5,80.6,3.83,1.28,0,3.92157,0,14.2196,4.495,-8.92341,1,8,0,0,0,0,0,0,2.048,0,188.6
2991,1896.120,14.887,14.4703,14.2748,31,3.125,-1.5625,769.75,0,16.5,80.6,3.83,1.28,0,4.31373,0,14.2196,4.64,-8.93016,1,8,0,0,0,0,0,0,2.048,0,188.6
2992,1896.160,14.8464,14.4703,14.2748,31,3.125,-1.5625,761,0,16.5,80.6,3.85,1.28,0,3.92157,0,14.2196,4.64,-8.93016,1,8,0,0,1,0,0,0,2.048,0,188.6
2993,1896.200,14.887,14.4703,14.2748,31,3.125,-1.5625,737.25,0,16.5,80.6,3.87,1.28,0,4.31373,0,14.2196,4.64,-8.93013,1,8,0,0,1,0,0,0,2.048,0,188.6
2994,1896.240,14.9296,14.4703,14.2748,31,3.125,-1.5625,726.75,0,16.5,80.6,3.87,1.28,0,4.31373,0,14.2196,4.64,-8.93013,1,8,0,0,0,0,0,0,2.048,0,188.6
2995,1896.280,14.9296,14.5852,14.2748,31,3.90625,-1.5625,710.5,0,16.5,80.6,3.87,1.28,0,4.31373,0,14.2196,4.785,-8.93011,1,8,0,0,0,0,0,0,2.048,0,188.6
2996,1896.320,14.9296,14.5852,14.2411,31,3.90625,-1.5625,696.75,0,16.5,80.6,3.87,1.28,0,4.31373,0,14.2196,4.785,-8.93009,1,8,0,0,1,0,0,0,2.304,0,188.6
2997,1896.360,14.887,14.5852,14.2411,31,3.90625,-1.5625,670.25,0,16.5,80.6,3.91,1.28,0,4.31373,0,14.2196,4.785,-8.93009,1,8,0,0,1,0,0,0,2.304,0,188.6
2998,1896.400,14.4248,14.5852,14.1142,31,3.90625,-1.5625,669.25,0,16.5,80.6,3.93,1.26,0,4.31373,0,14.2196,4.93,-8.93006,1,8,0,0,0,0,0,0,2.304,0,188.6
2999,1896.440,14.508,14.5852,14.0746,31,3.90625,-1.5625,657.5,0,16.5,80.6,3.98,1.26,0,4.31373,0,14.2196,5.075,-8.9301,1,8,0,0,0,0,0,0,2.304,0,188.6
3000,1896.480,14.5931,14.5852,14.0746,31,3.90625,-1.5625,657.5,0,16.5,80.6,3.98,1.26,0,4.31373,0,14.2196,5.075,-8.9301,1,8,0,0,0,0,0,0,2.304,0,188.6
3001,1896.520,14.508,14.5852,13.9507,31,3.90625,-1.5625,635,0,16.5,80.6,4.04,1.28,0,4.31373,0,14.2196,5.075,-8.93008,1,8,0,0,1,0,0,0,2.304,0,188.6
3002,1896.560,14.5931,14.5852,13.9507,31,3.90625,-1.5625,623.75,0,16.5,80.6,4.1,1.3,0,4.31373,0,14.2196,5.22,-8.93008,1,8,0,0,1,0,0,0,2.304,0,188.6
3003,1896.600,14.5931,14.5852,13.9831,31,4.6875,-1.5625,628,0,16.5,80.6,4.16,1.3,0,4.31373,0,14.2196,5.365,-8.93005,1,8,0,0,1,0,0,0,2.304,0,188.6
3004,1896.640,14.6356,14.5852,13.9896,31,4.6875,-1.5625,628.75,0,16.5,80.6,4.16,1.3,0,4.31373,0,14.2196,5.365,-8.93003,1,8,0,0,1,0,0,0,2.56,0,188.6
3005,1896.680,14.5931,14.5852,13.9896,31,4.6875,-1.5625,637.5,0,16.5,80.6,4.22,1.28,0,4.31373,0,14.2196,5.51,-8.93003,1,8,0,0,1,0,0,0,2.56,0,188.6
3006,1896.720,14.6782,14.5852,13.9184,31,4.6875,-1.5625,637.5,0,16.5,80.6,4.22,1.28,0,4.70588,0,14.2196,5.51,-8.93007,1,8,0,0,1,0,0,0,2.56,0,188.6
3007,1896.760,14.8464,14.5852,13.9961,31,4.6875,-1.5625,639.5,0,16.5,80.6,4.22,1.3,0,4.70588,0,14.2196,5.655,-8.93005,1,8,0,0,1,0,0,0,2.56,0,188.6
3008,1896.800,14.7188,14.5852,13.9961,31,4.6875,-1.5625,659.5,0,16.5,80.6,4.29,1.3,0,4.70588,0,14.2196,5.655,-8.93005,1,8,0,0,0,0,0,0,2.56,0,188.6
3009,1896.840,14.7613,14.5852,14.0615,31,4.6875,-1.5625,677,0,16.5,80.6,4.29,1.3,0,4.70588,0,14.2196,5.8,-8.93002,1,8,0,0,0,0,0,0,2.56,0,188.6
3010,1896.880,14.887,14.5852,14.0615,31,4.6875,-1.5625,695.75,0,16.5,80.6,4.25,1.3,0,4.70588,0,14.2196,5.8,-8.93002,1,8,0,0,0,0,0,0,2.56,0,188.6
3011,1896.920,14.6782,14.5852,14.1874,31,4.6875,-1.5625,710,0,16.5,80.6,4.25,1.32,0,4.70588,0,14.2196,5.8,-8.93,1,8,0,0,0,0,0,0,2.56,0,188.6
3012,1896.960,14.7188,14.5852,14.1941,31,4.6875,-1.5625,742,0,16.5,80.6,4.29,1.32,0,4.70588,0,14.2196,5.8,-8.92998,1,8,0,0,0,0,0,0,2.56,0,188.6
3013,1897.000,14.7188,14.4703,14.1941,31,4.6875,-1.5625,773.5,0,16.5,80.6,4.29,1.3,0,4.70588,0,14.2196,5.8,-8.92998,1,8,0,0,0,0,0,0,2.56,0,188.6
3014,1897.040,14.6782,14.4703,14.1941,31,4.6875,-1.5625,800.5,0,15.5,80.6,4.25,1.3,0,4.70588,0,14.2196,5.8,-8.92995,1,8,0,0,0,0,0,0,2.56,0,188.6
3015,1897.080,14.6782,14.3555,14.1941,31,3.90625,-1.5625,822.5,0,13.5,80.6,4.25,1.3,0,4.70588,0,14.2196,5.8,-8.90935,1,8,0,0,0,0,0,0,2.56,0,188.6
3016,1897.120,14.6782,14.3555,14.1941,31,3.90625,-1.5625,859.5,0,10,80.6,4.25,1.28,0,4.70588,0,14.2196,5.8,-8.90935,1,8,0,0,0,0,0,0,2.56,0,188.6
3017,1897.160,14.6356,14.2406,14.2142,31,3.90625,-1.5625,906,0,5,80.6,4.22,1.28,0,4.70588,0,14.2196,5.8,-8.85449,1,8,0,0,0,0,0,0,2.304,0,188.6
3018,1897.200,14.4248,14.1258,14.2142,31,3.125,-1.5625,916.25,0,4,80.6,4.18,1.28,0,4.31373,0,14.2196,5.655,-8.85449,1,8,0,0,0,0,0,0,2.304,0,188.6
3019,1897.240,14.3823,14.1258,14.2411,31,3.125,-1.5625,930,0,4,80.6,4.18,1.3,0,4.70588,0,14.2196,5.655,-8.82326,1,8,0,0,0,0,0,0,2.304,0,188.6
3020,1897.280,14.3823,14.0109,14.9259,31,3.125,-1.5625,932.75,0,4,80.6,4.21,1.28,0,4.31373,0,14.2196,5.51,-8.808,1,8,0,0,0,0,0,0,2.304,0,188.6
3021,1897.320,14.0032,13.8961,14.9259,31,2.34375,-1.5625,930.25,0,4,80.6,4.21,1.28,0,4.31373,0,14.2196,5.365,-8.808,1,8,0,0,0,0,0,0,2.304,0,188.6
3022,1897.360,14.0457,13.8961,14.2681,31,2.34375,-1.5625,927.25,0,4,80.6,4.18,1.28,0,4.31373,0,14.2196,5.365,-8.81033,1,8,0,0,0,0,0,0,2.304,0,188.6
3023,1897.400,14.0032,13.7813,14.2613,31,1.5625,-1.5625,903.5,0,7,80.6,4.18,1.3,0,4.31373,0,14.2196,5.365,-8.83481,1,8,0,0,0,0,0,0,2.304,0,188.6
3024,1897.440,13.7924,13.7813,14.2613,31,1.5625,-1.5625,890,0,8.5,80.6,4.18,1.3,0,4.31373,0,14.2196,5.365,-8.83481,1,8,0,0,0,0,0,0,2.304,0,188.6
3025,1897.480,13.8775,13.7813,14.2545,31,1.5625,-1.5625,901.5,0,9,80.6,4.16,1.28,0,4.31373,0,14.2196,5.22,-8.85027,1,8,0,0,0,0,0,0,2.304,0,188.6
3026,1897.520,14.1289,13.7813,14.2545,31,1.5625,-1.5625,901,0,8,80.6,4.12,1.28,0,4.31373,0,14.2196,5.22,-8.85027,1,8,0,0,0,0,0,0,2.304,0,188.6
3027,1897.560,13.6667,13.7813,14.2748,31,1.5625,-1.5625,905,0,7.5,80.6,4.16,1.28,0,4.31373,0,14.2196,5.22,-8.83709,1,8,0,0,0,0,0,0,2.304,0,188.6
3028,1897.600,13.8349,13.8961,14.2816,31,1.5625,-1.5625,894,0,9,80.6,4.14,1.3,0,4.31373,0,14.2196,5.22,-8.84361,1,8,0,0,0,0,0,0,2.304,0,188.6
3029,1897.640,13.7924,13.8961,14.2816,31,1.5625,-1.5625,886.75,0,10,80.6,4.16,1.28,0,4.31373,0,14.2196,5.22,-8.84361,1,8,0,0,0,0,0,0,2.304,0,188.6
3030,1897.680,13.7924,14.0109,14.2681,31,1.5625,-1.5625,873.25,0,11.5,80.6,4.16,1.28,0,4.31373,0,14.2196,5.22,-8.86266,1,8,0,0,0,0,0,0,2.304,0,188.6
3031,1897.720,13.7498,14.0109,14.2748,31,1.5625,-1.5625,869.25,0,11.5,80.6,4.18,1.28,0,4.31373,0,14.2196,5.22,-8.86368,1,8,0,0,0,0,0,0,2.304,0,188.6
3032,1897.760,13.7924,14.1258,14.2748,31,2.34375,-1.5625,882.75,0,10.5,80.6,4.18,1.28,0,4.31373,0,14.2196,5.22,-8.86368,1,8,0,0,0,0,0,0,2.304,0,188.6
3033,1897.800,13.9181,14.1258,14.2816,31,2.34375,-1.5625,884,0,10.5,80.6,4.16,1.3,0,4.31373,0,14.2196,5.22,-8.8538,1,8,0,0,0,0,0,0,2.304,0,188.6
3034,1897.840,13.8775,14.2406,14.2816,31,2.34375,-1.5625,886,0,10.5,80.6,4.12,1.3,0,4.31373,0,14.2196,5.075,-8.8538,1,8,0,0,0,0,0,0,2.304,0,188.6
3035,1897.880,14.0457,14.3555,14.2884,31,2.34375,-1.5625,871.25,0,11.5,80.6,4.16,1.28,0,4.31373,0,14.2196,5.075,-8.85086,1,8,0,0,0,0,0,0,2.304,0,188.6
3036,1897.920,14.0883,14.3555,14.2816,31,2.34375,-1.5625,865.75,0,12,80.6,4.16,1.28,0,4.31373,0,14.2196,5.075,-8.86933,1,8,0,0,0,0,0,0,2.304,0,188.6
3037,1897.960,14.0457,14.3555,14.2816,31,2.34375,-1.5625,872.5,0,11.5,80.6,4.18,1.28,0,4.31373,0,14.2196,5.075,-8.86933,1,8,0,0,0,0,0,0,2.304,0,188.6
3038,1898.000,14.214,14.4703,14.2884,31,2.34375,-1.5625,868.25,0,12,80.6,4.16,1.28,0,4.31373,0,14.2196,5.075,-8.8633,1,8,0,0,0,0,0,0,2.304,0,188.6
3039,1898.040,14.3823,14.4703,14.2816,31,3.125,-1.5625,865.5,0,12,80.6,4.16,1.28,0,4.31373,0,14.2196,5.075,-8.86968,1,8,0,0,0,0,0,0,2.304,0,188.6
3040,1898.080,14.3823,14.4703,14.2816,31,3.125,-1.5625,856,0,13,80.6,4.14,1.3,0,4.31373,0,14.2196,5.075,-8.86968,1,8,0,0,0,0,0,0,2.304,0,188.6
3041,1898.120,14.4248,14.4703,14.2816,31,3.125,-1.5625,863.25,0,12.5,80.6,4.18,1.3,0,4.31373,0,14.2196,5.075,-8.87161,1,8,0,0,0,0,0,0,2.304,0,188.6
3042,1898.160,14.5505,14.5852,14.2816,31,3.125,-1.5625,856.5,0,13,80.6,4.18,1.3,0,4.31373,0,14.2196,5.075,-8.87161,1,8,0,0,0,0,0,0,2.304,0,188.6
3043,1898.200,14.4248,14.4703,14.2748,31,3.125,-1.5625,871.5,0,11.5,80.6,4.16,1.28,0,4.31373,0,14.2196,5.075,-8.87787,1,8,0,0,0,0,0,0,2.304,0,188.6
3044,1898.240,14.4248,14.5852,14.2884,31,3.125,-1.5625,876.5,0,11.5,80.6,4.22,1.28,0,4.31373,0,14.2196,5.075,-8.86591,1,8,0,0,0,0,0,0,2.304,0,188.6
3045,1898.280,14.5505,14.5852,14.2884,31,3.125,-1.5625,871,0,11.5,80.6,4.16,1.3,0,4.31373,0,14.2196,5.075,-8.86591,1,8,0,0,0,0,0,0,2.304,0,188.6
3046,1898.320,14.508,14.5852,14.2884,31,3.125,-1.5625,878,0,11,80.6,4.16,1.3,0,4.31373,0,14.2196,5.075,-8.86451,1,8,0,0,0,0,0,0,2.304,0,188.6
3047,1898.360,14.5931,14.5852,14.2952,31,3.125,-1.5625,873.5,0,11.5,80.6,4.16,1.3,0,4.31373,0,14.2196,5.075,-8.86223,1,8,0,0,0,0,0,0,2.304,0,188.6
3048,1898.400,14.6782,14.5852,14.2952,31,3.125,-1.5625,880.25,0,11,80.6,4.16,1.28,0,4.31373,0,14.2196,5.075,-8.86223,1,8,0,0,0,0,0,0,2.304,0,188.6
3049,1898.440,14.5505,14.5852,14.2884,31,3.125,-1.5625,872.5,0,12,80.6,4.16,1.28,0,4.31373,0,14.2196,5.075,-8.86484,1,8,0,0,0,0,0,0,2.304,0,188.6
3050,1898.480,14.4248,14.4703,14.2884,31,3.125,-1.5625,867.75,0,12,80.6,4.16,1.28,0,4.31373,0,14.2196,5.075,-8.86484,1,8,0,0,0,0,0,0,2.304,0,188.6
3051,1898.520,14.6356,14.4703,14.2884,31,3.125,-1.5625,867.5,0,12,80.6,4.16,1.28,0,4.31373,0,14.2196,5.075,-8.86752,1,8,0,0,0,0,0,0,2.304,0,188.6
3052,1898.560,15.0572,14.5852,14.2816,31,3.125,-1.5625,859,0,13,80.6,4.12,1.28,0,4.31373,0,14.2196,5.075,-8.87554,1,8,0,0,0,0,0,0,2.304,0,188.6
3053,1898.600,15.0978,14.4703,14.2816,31,3.90625,-1.5625,865,0,12.5,80.6,4.12,1.3,0,4.31373,0,14.2196,5.075,-8.87554,1,8,0,0,0,0,0,0,2.304,0,188.6
3054,1898.640,15.1829,14.4703,14.2884,31,3.125,-1.5625,858.75,0,13,80.6,4.12,1.3,0,4.31373,0,14.2196,5.075,-8.8701,1,8,0,0,0,0,0,0,2.304,0,188.6
3055,1898.680,15.1404,14.4703,14.3087,31,3.125,-1.5625,862,0,12.5,80.6,4.12,1.28,0,4.31373,0,14.2196,5.075,-8.87273,1,8,0,0,0,0,0,0,2.304,0,188.6
3056,1898.720,15.0978,14.4703,14.3087,31,3.90625,-1.5625,867.75,0,12,80.6,4.12,1.28,0,4.31373,0,14.2196,5.075,-8.87273,1,8,0,0,0,0,0,0,2.304,0,188.6
3057,1898.760,15.0572,14.4703,14.3087,31,3.125,-1.5625,869,0,12,80.6,4.1,1.26,0,4.31373,0,14.2196,5.075,-8.86733,1,8,0,0,0,0,0,0,2.304,0,188.6
3058,1898.800,15.0978,14.4703,14.3087,31,3.125,-1.5625,875.75,0,11.5,80.6,4.06,1.28,0,4.31373,0,14.2196,5.075,-8.86733,1,8,0,0,0,0,0,0,2.304,0,188.6
3059,1898.840,15.0572,14.4703,14.3156,31,3.90625,-1.5625,867.5,0,12,80.6,4.04,1.3,0,4.31373,0,14.2196,5.075,-8.86008,1,8,0,0,0,0,0,0,2.304,0,188.6
3060,1898.880,15.0572,14.4703,14.3156,31,3.90625,-1.5625,870.5,0,12,80.6,4.04,1.28,0,4.31373,0,14.2196,5.075,-8.86489,1,8,0,0,0,0,0,0,2.304,0,188.6
3061,1898.920,15.1404,14.4703,14.3156,31,3.90625,-1.5625,866.5,0,12,80.6,4,1.28,0,4.31373,0,14.2196,5.075,-8.86489,1,8,0,0,0,0,0,0,2.304,0,188.6
3062,1898.960,14.9296,14.4703,14.3156,31,3.90625,-1.5625,872,0,11.5,80.6,4,1.26,0,4.31373,0,14.2196,5.075,-8.86354,1,8,0,0,0,0,0,0,2.304,0,188.6
3063,1899.000,14.9296,14.4703,14.3087,31,3.90625,-1.5625,870.75,0,11.5,80.6,4,1.26,0,4.31373,0,14.2196,5.075,-8.87122,1,8,0,0,0,0,0,0,2.048,0,188.6
3064,1899.040,14.9721,14.3555,14.3087,31,3.90625,-1.5625,867.75,0,12,80.6,4,1.28,0,4.31373,0,14.2196,5.075,-8.87122,1,8,0,0,0,0,0,0,2.048,0,188.6
3065,1899.080,14.887,14.4703,14.3087,31,3.90625,-1.5625,873.75,0,11.5,80.6,4,1.28,0,4.31373,0,14.2196,5.075,-8.86734,1,8,0,0,0,0,0,0,2.048,0,188.6
3066,1899.120,14.9296,14.4703,14.3087,31,3.90625,-1.5625,853.25,0,13.5,80.6,4,1.28,0,4.31373,0,14.2196,5.075,-8.86734,1,8,0,0,0,0,0,0,2.048,0,188.6
3067,1899.160,14.9296,14.4703,14.3019,31,3.90625,-1.5625,850.5,0,14,80.6,4,1.28,0,4.31373,0,14.2196,5.075,-8.88062,1,8,0,0,0,0,0,0,2.304,0,188.6
3068,1899.200,14.887,14.3555,14.2952,31,3.90625,-1.5625,844.75,0,14.5,80.6,4,1.28,0,4.31373,0,14.2196,5.075,-8.88846,1,8,0,0,0,0,0,0,2.304,0,188.6
3069,1899.240,14.9721,14.3555,14.2952,31,3.90625,-1.5625,837.75,0,14.5,82.4,3.98,1.26,0,4.31373,0,14.2196,5.075,-8.88846,1,8,0,0,0,0,0,0,2.048,0,188.6
3070,1899.280,14.887,14.3555,14.2884,31,3.90625,-1.5625,847.5,0,14,82.4,4,1.26,0,4.31373,0,14.2196,5.075,-8.89503,1,8,0,0,0,0,0,0,2.304,0,188.6
3071,1899.320,14.9721,14.3555,14.2952,31,3.90625,-1.5625,845.75,0,14,82.4,3.98,1.28,0,4.31373,0,14.2196,5.075,-8.88747,1,8,0,0,0,0,0,0,2.304,0,188.6
3072,1899.360,14.9296,14.3555,14.2952,31,3.90625,-1.5625,855.5,0,13,82.4,3.98,1.28,0,4.31373,0,14.2196,5.075,-8.88747,1,8,0,0,0,0,0,0,2.304,0,188.6
3073,1899.400,14.9721,14.3555,14.3019,31,3.90625,-1.5625,840.25,0,14.5,82.4,4,1.28,0,4.31373,0,14.2196,5.075,-8.87871,1,8,0,0,0,0,0,0,2.304,0,188.6
3074,1899.440,14.9721,14.3555,14.3019,31,3.90625,-1.5625,845.25,0,14,82.4,4,1.28,0,4.31373,0,14.2196,5.075,-8.87871,1,8,0,0,0,0,0,0,2.304,0,188.6
3075,1899.480,15.0978,14.3555,14.2952,31,3.90625,-1.5625,835.25,0,15,82.4,4.04,1.28,0,4.31373,0,14.2196,5.075,-8.88809,1,8,0,0,0,0,0,0,2.304,0,188.6
3076,1899.520,14.9721,14.3555,14.2884,31,3.90625,-1.5625,837.25,0,14.5,82.4,4.04,1.28,0,4.31373,0,14.2196,5.075,-8.89522,1,8,0,0,0,0,0,0,2.304,0,188.6
3077,1899.560,15.0147,14.3555,14.2884,31,3.90625,-1.5625,833,0,15,82.4,4.04,1.26,0,4.31373,0,14.2196,5.075,-8.89522,1,8,0,0,0,0,0,0,2.304,0,188.6
3078,1899.600,14.887,14.3555,14.2884,31,3.90625,-1.5625,842.75,0,13.5,82.4,4,1.26,0,4.31373,0,14.2196,5.075,-8.89266,1,8,0,0,0,0,0,0,2.304,0,188.6
3079,1899.640,14.9721,14.3555,14.2884,31,3.90625,-1.5625,842,0,13.5,82.4,4.04,1.26,0,4.31373,0,14.2196,5.075,-8.891,1,8,0,0,0,0,0,0,2.304,0,188.6
3080,1899.680,14.8464,14.3555,14.2884,31,3.90625,-1.5625,835.5,0,14.5,82.4,4.04,1.28,0,4.31373,0,14.2196,5.075,-8.891,1,8,0,0,0,0,0,0,2.304,0,188.6
3081,1899.720,14.8039,14.3555,14.2884,31,3.90625,-1.5625,845.5,0,13,82.4,4,1.28,0,4.31373,0,14.2196,5.075,-8.89691,1,8,0,0,0,0,0,0,2.304,0,188.6
3082,1899.760,14.5505,14.3555,14.2884,31,3.90625,-1.5625,840.25,0,13.5,82.4,3.98,1.28,0,4.31373,0,14.2196,5.075,-8.89691,1,8,0,0,0,0,0,0,2.304,0,188.6
3083,1899.800,14.4248,14.3555,14.2884,31,3.90625,-1.5625,845.5,0,13,82.4,3.98,1.28,0,4.31373,0,14.2196,5.075,-8.89246,1,8,0,0,0,0,0,0,2.304,0,188.6
3084,1899.840,14.3397,14.3555,14.2816,31,3.90625,-1.5625,833,0,14.5,82.4,3.95,1.26,0,4.31373,0,14.2196,5.075,-8.89925,1,8,0,0,0,0,0,0,2.304,0,188.6
3085,1899.880,14.4248,14.3555,14.2816,31,3.90625,-1.5625,841.75,0,13.5,82.4,3.95,1.26,0,4.31373,0,14.2196,5.075,-8.89925,1,8,0,0,0,0,0,0,2.304,0,188.6
3086,1899.920,14.4673,14.3555,14.2884,31,3.90625,-1.5625,835.5,0,14,82.4,3.93,1.26,0,4.31373,0,14.2196,5.075,-8.89396,1,8,0,0,0,0,0,0,2.304,0,188.6
3087,1899.960,14.3823,14.3555,14.2884,31,3.90625,-1.5625,830,0,14.5,82.4,3.93,1.26,0,4.31373,0,14.2196,5.075,-8.89702,1,8,0,0,0,0,0,0,2.304,0,188.6
3088,1900.000,14.4248,14.3555,14.2884,31,3.90625,-1.5625,841.25,0,13,82.4,3.93,1.26,0,4.31373,0,14.2196,5.075,-8.89702,1,8,0,0,0,0,0,0,2.304,0,188.6
3089,1900.040,14.508,14.3555,14.2884,31,3.90625,-1.5625,837.5,0,13.5,82.4,3.89,1.26,0,4.31373,0,14.2196,5.075,-8.89176,1,8,0,0,0,0,0,0,2.304,0,188.6
3090,1900.080,14.4673,14.3555,14.2884,31,3.90625,-1.5625,848.25,0,12.5,82.4,3.89,1.28,0,4.31373,0,14.2196,5.075,-8.89176,1,8,0,0,0,0,0,0,2.304,0,188.6
3091,1900.120,14.3823,14.3555,14.2952,31,3.90625,-1.5625,837.25,0,13.5,82.4,3.87,1.28,0,4.31373,0,14.2196,5.075,-8.88529,1,8,0,0,0,0,0,0,2.304,0,188.6
3092,1900.160,14.508,14.3555,14.2952,31,3.90625,-1.5625,843.75,0,13,82.4,3.87,1.28,0,4.31373,0,14.2196,5.075,-8.8895,1,8,0,0,0,0,0,0,2.304,0,188.6
3093,1900.200,14.4248,14.3555,14.2952,31,3.90625,-1.5625,839,0,13.5,82.4,3.89,1.26,0,4.31373,0,14.2196,5.075,-8.8895,1,8,0,0,0,0,0,0,2.048,0,188.6
3094,1900.240,14.4248,14.2406,14.2884,31,3.90625,-1.5625,835.5,0,13,82.4,3.93,1.26,0,4.31373,0,14.2196,5.075,-8.89095,1,8,0,0,0,0,0,0,2.048,0,188.6
3095,1900.280,14.3397,14.2406,14.2884,31,3.90625,-1.5625,842.25,0,13,82.4,3.89,1.26,0,4.31373,0,14.2196,5.075,-8.89696,1,8,0,0,0,0,0,0,2.048,0,188.6
3096,1900.320,14.4248,14.2406,14.2884,31,3.90625,-1.5625,841,0,13,82.4,3.93,1.26,0,4.31373,0,14.2196,5.075,-8.89696,1,8,0,0,0,0,0,0,2.048,0,188.6
3097,1900.360,14.2972,14.2406,14.2884,31,3.90625,-1.5625,844.5,0,12.5,82.4,3.93,1.28,0,4.31373,0,14.2196,5.075,-8.89203,1,8,0,0,0,0,0,0,2.048,0,188.6
3098,1900.400,14.3397,14.2406,14.2884,31,3.90625,-1.5625,835,0,13.5,82.4,3.93,1.28,0,4.31373,0,14.2196,5.075,-8.89203,1,8,0,0,0,0,0,0,2.048,0,188.6
3099,1900.440,14.4673,14.2406,14.2884,31,3.90625,-1.5625,838.75,0,13,82.4,3.93,1.28,0,4.31373,0,14.2196,5.075,-8.89758,1,8,0,0,0,0,0,0,2.304,0,188.6
3100,1900.480,14.3823,14.2406,14.2816,31,3.90625,-1.5625,829.5,0,14,82.4,3.93,1.28,0,4.31373,0,14.2196,5.075,-8.90268,1,8,0,0,0,0,0,0,2.304,0,188.6
3101,1900.520,14.3397,14.2406,14.2816,31,3.90625,-1.5625,831.25,0,14,82.4,3.93,1.26,0,4.31373,0,14.2196,5.075,-8.90268,1,8,0,0,0,0,0,0,2.048,0,188.6
3102,1900.560,14.3823,14.2406,14.2816,31,3.90625,-1.5625,826.25,0,14,82.4,3.93,1.26,0,4.31373,0,14.2196,5.075,-8.90569,1,8,0,0,0,0,0,0,2.304,0,188.6
3103,1900.600,14.2565,14.2406,14.2884,31,3.90625,-1.5625,828.25,0,13,82.4,3.89,1.26,0,4.31373,0,14.2196,5.075,-8.89773,1,8,0,0,0,0,0,0,2.048,0,188.6
3104,1900.640,14.214,14.2406,14.2884,31,3.90625,-1.5625,837.25,0,12.5,82.4,3.89,1.26,0,4.31373,0,14.2196,5.075,-8.89773,1,8,0,0,0,0,0,0,2.304,0,188.6
3105,1900.680,14.8464,14.2406,14.2884,31,3.90625,-1.5625,825.75,0,14,82.4,3.93,1.26,0,4.31373,0,14.2196,5.075,-8.89549,1,8,0,0,0,0,0,0,2.304,0,188.6
3106,1900.720,14.9296,14.2406,14.2884,31,3.90625,-1.5625,826.5,0,13.5,82.4,3.93,1.28,0,4.31373,0,14.2196,5.075,-8.89549,1,8,0,0,0,0,0,0,2.304,0,188.6
3107,1900.760,14.8464,14.2406,14.2816,31,3.90625,-1.5625,829.25,0,13.5,82.4,3.93,1.28,0,4.31373,0,14.2196,5.075,-8.90518,1,8,0,0,0,0,0,0,2.304,0,188.6
3108,1900.800,14.8039,14.2406,14.2884,31,3.90625,-1.5625,836.5,0,12.5,82.4,3.93,1.28,0,4.31373,0,14.2196,5.075,-8.89608,1,8,0,0,0,0,0,0,2.048,0,188.6
3109,1900.840,14.887,14.2406,14.2884,31,3.90625,-1.5625,833.5,0,13,82.4,3.89,1.28,0,4.31373,0,14.2196,5.075,-8.89608,1,8,0,0,0,0,0,0,2.304,0,188.6
3110,1900.880,14.8039,14.2406,14.2816,31,3.90625,-1.5625,845.5,0,11.5,82.4,3.93,1.26,0,4.31373,0,14.2196,5.075,-8.89877,1,8,0,0,0,0,0,0,2.048,0,188.6
3111,1900.920,14.8039,14.2406,14.2884,31,3.90625,-1.5625,841.25,0,12,82.4,3.93,1.26,0,4.31373,0,14.2196,5.075,-8.8916,1,8,0,0,0,0,0,0,2.048,0,188.6
3112,1900.960,14.887,14.2406,14.2884,31,3.90625,-1.5625,834.75,0,12.5,82.4,3.87,1.26,0,3.92157,0,14.2196,5.075,-8.8916,1,8,0,0,0,0,0,0,2.048,0,188.6
3113,1901.000,14.6356,14.2406,14.2884,31,3.90625,-1.5625,832.25,0,13,82.4,3.85,1.26,0,3.92157,0,14.2196,5.075,-8.89775,1,8,0,0,0,0,0,0,2.048,0,188.6
3114,1901.040,14.8039,14.2406,14.2884,31,3.90625,-1.5625,826.25,0,13.5,82.4,3.83,1.26,0,3.92157,0,14.2196,5.075,-8.89775,1,8,0,0,0,0,0,0,2.048,0,188.6
3115,1901.080,14.8464,14.2406,14.2816,31,3.90625,-1.5625,831.5,0,13,82.4,3.81,1.26,0,3.92157,0,14.2196,5.075,-8.90539,1,8,0,0,0,0,0,0,2.048,0,188.6
3116,1901.120,14.8039,14.3555,14.2748,31,3.90625,-1.5625,823.75,0,13.5,82.4,3.83,1.26,0,3.92157,0,14.2196,5.075,-8.90777,1,8,0,0,0,0,0,0,2.048,0,188.6
3117,1901.160,14.7613,14.2406,14.2748,31,3.90625,-1.5625,823.75,0,13.5,82.4,3.83,1.28,0,3.92157,0,14.2196,5.075,-8.90777,1,8,0,0,0,0,0,0,2.048,0,188.6
3118,1901.200,14.887,14.2406,14.2748,31,3.90625,-1.5625,820.25,0,14,82.4,3.83,1.28,0,3.92157,0,14.2196,5.075,-8.90781,1,8,0,0,0,0,0,0,2.048,0,188.6
3119,1901.240,14.8464,14.2406,14.2748,31,3.90625,-1.5625,816.75,0,14,82.4,3.83,1.26,0,3.92157,0,14.2196,5.075,-8.91405,1,8,0,0,0,0,0,0,2.048,0,188.6
3120,1901.280,14.887,14.2406,14.2748,31,3.90625,-1.5625,800,0,15.5,82.4,3.83,1.26,0,3.92157,0,14.2196,5.075,-8.91405,1,8,0,0,0,0,0,0,2.048,0,188.6
3121,1901.320,14.8464,14.2406,14.2748,31,3.90625,-1.5625,809.5,0,15,82.4,3.83,1.26,0,3.92157,0,14.2196,5.075,-8.92089,1,8,0,0,0,0,0,0,2.304,0,188.6
3122,1901.360,14.887,14.2406,14.2748,31,3.125,-1.5625,822.25,0,14.5,82.4,3.83,1.24,0,3.92157,0,14.2196,5.075,-8.92089,1,8,0,0,0,0,0,0,2.304,0,188.6
3123,1901.400,14.8464,14.2406,14.2748,31,3.90625,-1.5625,811,0,14.5,82.4,3.83,1.26,0,3.92157,0,14.2196,5.075,-8.90913,1,8,0,0,0,0,0,0,2.048,0,188.6
3124,1901.440,14.7188,14.2406,14.2748,31,3.90625,-1.5625,809.25,0,14.5,82.4,3.83,1.26,0,3.92157,0,14.2196,5.075,-8.91931,1,8,0,0,0,0,0,0,2.304,0,188.6
3125,1901.480,14.7613,14.2406,14.2748,31,3.125,-1.5625,803.5,0,15,82.4,3.83,1.26,0,4.31373,0,14.2196,5.075,-8.91931,1,8,0,0,0,0,0,0,2.304,0,188.6
3126,1901.520,14.8464,14.2406,14.2748,31,3.125,-1.5625,815.5,0,13.5,82.4,3.83,1.26,0,4.31373,0,14.2196,5.075,-8.92624,1,8,0,0,0,0,0,0,2.304,0,188.6
3127,1901.560,14.3823,14.2406,14.2748,31,3.90625,-1.5625,812.5,0,14,82.4,3.83,1.26,0,3.92157,0,14.2196,5.075,-8.91786,1,8,0,0,0,0,0,0,2.304,0,188.6
3128,1901.600,14.3397,14.2406,14.2748,31,3.90625,-1.5625,818,0,13,82.4,3.83,1.26,0,3.92157,0,14.2196,5.075,-8.91786,1,8,0,0,0,0,0,0,2.304,0,188.6
3129,1901.640,14.3397,14.2406,14.2748,31,3.90625,-1.5625,817,0,13.5,82.4,3.83,1.26,0,3.92157,0,14.2196,5.075,-8.91289,1,8,0,0,0,0,0,0,2.304,0,188.6
3130,1901.680,14.2972,14.2406,14.2748,31,3.90625,-1.5625,818.75,0,13,82.4,3.83,1.26,0,3.92157,0,14.2196,5.075,-8.91289,1,8,0,0,0,0,0,0,2.304,0,190.4
3131,1901.720,14.3823,14.2406,14.2748,31,3.90625,-1.5625,809.25,0,14,82.4,3.83,1.26,0,3.92157,0,14.2196,5.075,-8.91208,1,8,0,0,0,0,0,0,2.304,0,190.4
3132,1901.760,14.3397,14.2406,14.2748,31,3.90625,-1.5625,810.25,0,14,82.4,3.81,1.26,0,3.92157,0,14.2196,5.075,-8.92005,1,8,0,0,0,0,0,0,2.304,0,190.4
3133,1901.800,14.3397,14.2406,14.2748,31,3.90625,-1.5625,796.75,0,15,82.4,3.81,1.26,0,3.92157,0,14.2196,5.075,-8.92005,1,8,0,0,0,0,0,0,2.304,0,190.4
3134,1901.840,14.3823,14.2406,14.2748,31,3.90625,-1.5625,799.75,0,15,82.4,3.79,1.26,0,3.92157,0,14.2196,5.075,-8.92943,1,8,0,0,0,0,0,0,2.304,0,190.4
3135,1901.880,14.3397,14.2406,14.2748,31,3.90625,-1.5625,803.5,0,15,82.4,3.79,1.24,0,3.92157,0,14.2196,5.075,-8.92941,1,8,0,0,0,0,0,0,2.304,0,190.4
3136,1901.920,14.2972,14.2406,14.2748,31,3.125,-1.5625,797.75,0,14.5,82.4,3.79,1.24,0,3.92157,0,14.2196,5.075,-8.92941,1,8,0,0,0,0,0,0,2.304,0,190.4
3137,1901.960,14.3397,14.2406,14.2748,31,3.125,-1.5625,806.25,0,13.5,82.4,3.79,1.24,0,3.92157,0,14.2196,5.075,-8.92939,1,8,0,0,0,0,0,0,2.304,0,190.4
3138,1902.000,14.2972,14.2406,14.2748,31,3.125,-1.5625,786.25,0,16,82.4,3.77,1.24,0,3.92157,0,14.2196,5.075,-8.92939,1,8,0,0,0,0,0,0,2.304,0,190.4
3139,1902.040,14.2565,14.2406,14.2748,31,3.125,-1.5625,784.75,0,16,82.4,3.75,1.26,0,3.92157,0,14.2196,5.075,-8.92937,1,8,0,0,0,0,0,0,2.304,0,190.4
3140,1902.080,14.508,14.2406,14.2748,31,3.125,-1.5625,778,0,16,82.4,3.75,1.26,0,3.92157,0,14.2196,5.075,-8.92935,1,8,0,0,0,0,0,0,2.304,0,190.4
3141,1902.120,14.3823,14.2406,14.2748,31,3.125,-1.5625,775.5,0,16,82.4,3.75,1.26,0,3.92157,0,14.2196,5.075,-8.92935,1,8,0,0,0,0,0,0,2.304,0,190.4
3142,1902.160,14.2972,14.2406,14.2748,31,3.125,-1.5625,766.25,0,16.5,82.4,3.75,1.26,0,3.92157,0,14.2196,5.075,-8.92933,1,8,0,0,0,0,0,0,2.304,0,190.4
3143,1902.200,14.3397,14.2406,14.2748,31,3.125,-1.5625,776.5,0,16,82.4,3.75,1.26,0,3.92157,0,14.2196,5.075,-8.92938,1,8,0,0,0,0,0,0,2.304,0,190.4
3144,1902.240,14.3823,14.2406,14.2748,31,3.125,-1.5625,772,0,16,82.4,3.75,1.26,0,3.92157,0,14.2196,5.075,-8.92938,1,8,0,0,0,0,0,0,2.304,0,190.4
3145,1902.280,14.3397,14.2406,14.2748,31,3.125,-1.5625,777.5,0,16,82.4,3.75,1.26,0,3.92157,0,14.2196,5.075,-8.92936,1,8,0,0,0,0,0,0,2.304,0,190.4
3146,1902.320,14.3397,14.2406,14.2748,31,3.90625,-1.5625,770.75,0,16,82.4,3.75,1.26,0,3.92157,0,14.2196,5.075,-8.92936,1,8,0,0,0,0,0,0,2.304,0,190.4
3147,1902.360,14.3823,14.2406,14.2748,31,3.90625,-1.5625,775.75,0,16,82.4,3.75,1.26,0,3.92157,0,14.2196,5.075,-8.92934,1,8,0,0,0,0,0,0,2.304,0,190.4
3148,1902.400,14.3397,14.2406,14.2748,31,3.90625,-1.5625,768.5,0,16,82.4,3.77,1.26,0,4.31373,0,14.2196,5.075,-8.92932,1,8,0,0,0,0,0,0,2.304,0,190.4
3149,1902.440,14.2565,14.2406,14.2748,31,3.90625,-1.5625,768.75,0,16,82.4,3.81,1.26,0,4.31373,0,14.2196,5.075,-8.92932,1,8,0,0,0,0,0,0,2.304,0,190.4
3150,1902.480,14.2972,14.3555,14.2748,31,3.90625,-1.5625,757.25,0,16.5,82.4,3.83,1.28,0,4.31373,0,14.2196,5.075,-8.92936,1,8,0,0,0,0,0,0,2.304,0,190.4
3151,1902.520,14.3823,14.3555,14.2748,31,3.90625,-1.5625,757.25,0,16.5,82.4,3.83,1.28,0,4.31373,0,14.2196,5.075,-8.92935,1,8,0,0,0,0,0,0,2.304,0,190.4
3152,1902.560,14.3397,14.2406,14.2748,31,3.90625,-1.5625,754,0,16.5,82.4,3.83,1.28,0,4.31373,0,14.2196,5.075,-8.92935,1,8,0,0,0,0,0,0,2.304,0,190.4
3153,1902.600,14.4248,14.2406,14.2748,31,3.90625,-1.5625,756.25,0,16,82.4,3.87,1.28,0,4.31373,0,14.2196,5.075,-8.92933,1,8,0,0,0,0,0,0,2.304,0,190.4
3154,1902.640,14.4673,14.3555,14.2748,31,3.90625,-1.5625,752.75,0,16.5,82.4,3.87,1.28,0,4.31373,0,14.2196,5.075,-8.92933,1,8,0,0,0,0,0,0,2.304,0,190.4
3155,1902.680,14.2972,14.3555,14.2748,31,3.90625,-1.5625,765,0,15.5,82.4,3.93,1.28,0,4.31373,0,14.2196,5.075,-8.92931,1,8,0,0,0,0,0,0,2.304,0,190.4
3156,1902.720,14.4248,14.2406,14.2748,31,3.90625,-1.5625,768.5,0,15.5,82.4,3.93,1.28,0,4.31373,0,14.2196,5.075,-8.92935,1,8,0,0,0,0,0,0,2.304,0,190.4
3157,1902.760,14.4248,14.2406,14.2748,31,3.90625,-1.5625,775.75,0,14.5,82.4,3.93,1.28,0,4.31373,0,14.2196,5.075,-8.92935,1,8,0,0,0,0,0,0,2.304,0,190.4
3158,1902.800,14.3823,14.3555,14.2545,31,3.90625,-1.5625,770,0,15,82.4,3.95,1.28,0,4.31373,0,14.2196,5.22,-8.92933,1,8,0,0,0,0,0,0,2.304,0,190.4
3159,1902.840,14.4248,14.2406,14.2478,31,3.90625,-1.5625,785.75,0,13.5,82.4,3.95,1.28,0,4.31373,0,14.2196,5.22,-8.92931,1,8,0,0,0,0,0,0,2.304,0,190.4
3160,1902.880,14.3823,14.2406,14.2478,31,3.90625,-1.5625,797,0,12,82.4,3.95,1.26,0,4.31373,0,14.2196,5.22,-8.92931,1,8,0,0,0,0,0,0,2.304,0,190.4
3161,1902.920,14.3823,14.3555,14.2478,31,3.90625,-1.5625,806,0,11.5,82.4,3.95,1.26,0,4.31373,0,14.2196,5.22,-8.92384,1,8,0,0,0,0,0,0,2.304,0,190.4
3162,1902.960,14.2972,14.3555,14.2478,31,3.90625,-1.5625,800.25,0,12,82.4,3.95,1.26,0,4.31373,0,14.2196,5.22,-8.92384,1,8,0,0,0,0,0,0,2.304,0,190.4
3163,1903.000,14.3823,14.3555,14.2478,31,3.90625,-1.5625,807,0,11.5,82.4,3.95,1.26,0,4.31373,0,14.2196,5.22,-8.91762,1,8,0,0,0,0,0,0,2.304,0,190.4
3164,1903.040,14.3823,14.3555,14.2478,31,3.90625,-.78125,807,0,11.5,82.4,3.95,1.26,0,4.31373,0,14.2196,5.22,-8.92272,1,8,0,0,0,0,0,0,2.304,0,190.4
3165,1903.080,14.2972,14.3555,14.2478,31,3.90625,-.78125,804,0,12,82.4,3.93,1.26,0,4.31373,0,14.2196,5.22,-8.92272,1,8,0,0,0,0,0,0,2.304,0,190.4
3166,1903.120,14.4248,14.3555,14.2478,31,3.90625,-.78125,812.75,0,11,82.4,3.93,1.26,0,4.31373,0,14.2196,5.22,-8.92565,1,8,0,0,0,0,0,0,2.304,0,190.4
3167,1903.160,14.4673,14.3555,14.2478,31,3.90625,-.78125,804,0,12,82.4,3.93,1.26,0,4.31373,0,14.2196,5.22,-8.92557,1,8,0,0,0,0,0,0,2.304,0,190.4
3168,1903.200,14.4248,14.3555,14.2478,31,3.90625,-.78125,808.25,0,11.5,82.4,3.93,1.28,0,4.31373,0,14.2196,5.22,-8.92557,1,8,0,0,0,0,0,0,2.304,0,190.4
3169,1903.240,14.4248,14.3555,14.2478,31,3.90625,-.78125,802.75,0,12,84.2,3.93,1.28,0,4.31373,0,14.2196,5.22,-8.92156,1,8,0,0,0,0,0,0,2.304,0,190.4
3170,1903.280,14.4673,14.2406,14.2478,31,3.90625,-.78125,815.25,0,11,84.2,3.98,1.28,0,4.31373,0,14.2196,5.22,-8.92156,1,8,0,0,0,0,0,0,2.304,0,190.4
3171,1903.320,14.3823,14.2406,14.2478,31,3.90625,-.78125,818.5,0,10.5,84.2,3.95,1.28,0,4.31373,0,14.2196,5.22,-8.91512,1,8,0,0,0,0,0,0,2.304,0,190.4
3172,1903.360,14.4248,14.2406,14.2545,31,3.90625,-.78125,822,0,10.5,84.2,3.95,1.26,0,4.31373,0,14.2196,5.22,-8.90886,1,8,0,0,0,0,0,0,2.304,0,190.4
3173,1903.400,14.4248,14.2406,14.2545,31,3.90625,-.78125,810,0,11.5,84.2,3.95,1.26,0,4.31373,0,14.2196,5.22,-8.90886,1,8,0,0,0,0,0,0,2.304,0,190.4
3174,1903.440,14.3823,14.2406,14.2748,31,3.90625,-.78125,810.5,0,11.5,84.2,3.93,1.26,0,4.31373,0,14.2196,5.22,-8.91955,1,8,0,0,0,0,0,0,2.304,0,190.4
3175,1903.480,14.4248,14.2406,14.2748,31,3.90625,-.78125,800,0,13,84.2,3.93,1.26,0,4.31373,0,14.2196,5.22,-8.92914,1,8,0,0,0,0,0,0,2.304,0,190.4
3176,1903.520,14.3823,14.2406,14.2748,31,3.90625,-.78125,793,0,11.5,84.2,3.95,1.26,0,4.31373,0,14.2196,5.22,-8.92914,1,8,0,0,0,0,0,0,2.304,0,190.4
3177,1903.560,14.4673,14.2406,14.2748,31,3.90625,-.78125,804.5,0,10.5,84.2,3.93,1.26,0,4.31373,0,14.2196,5.22,-8.92913,1,8,0,0,0,0,0,0,2.304,0,190.4
3178,1903.600,14.2972,14.2406,14.2748,31,3.90625,-.78125,801,0,10.5,84.2,3.93,1.26,0,4.31373,0,14.2196,5.22,-8.92913,1,8,0,0,0,0,0,0,2.304,0,190.4
3179,1903.640,14.3397,14.2406,14.2748,31,3.90625,-.78125,800,0,10.5,84.2,3.93,1.26,0,4.31373,0,14.2196,5.22,-8.92823,1,8,0,0,0,0,0,0,2.304,0,190.4
3180,1903.680,14.8039,14.2406,14.2748,31,3.90625,-.78125,793.5,0,11.5,84.2,3.93,1.26,0,4.31373,0,14.2196,5.22,-8.92909,1,8,0,0,0,0,0,0,2.304,0,190.4
3181,1903.720,14.8464,14.2406,14.2748,31,3.90625,-.78125,800.5,0,10.5,84.2,3.89,1.28,0,4.31373,0,14.2196,5.22,-8.92909,1,8,0,0,0,0,0,0,2.304,0,190.4
3182,1903.760,14.8464,14.2406,14.2748,31,3.90625,-.78125,788.5,0,12,84.2,3.89,1.28,0,4.31373,0,14.2196,5.22,-8.92863,1,8,0,0,0,0,0,0,2.304,0,190.4
3183,1903.800,14.8039,14.2406,14.2545,31,3.90625,-.78125,794.5,0,11,84.2,3.93,1.28,0,4.31373,0,14.2196,5.22,-8.92906,1,8,0,0,0,0,0,0,2.304,0,190.4
3184,1903.840,14.887,14.3555,14.2545,31,3.90625,-.78125,789.25,0,11.5,84.2,3.93,1.28,0,4.31373,0,14.2196,5.22,-8.92906,1,8,0,0,0,0,0,0,2.304,0,190.4
3185,1903.880,14.887,14.3555,14.2748,31,3.90625,-.78125,783,0,12.5,84.2,3.93,1.28,0,4.31373,0,14.2196,5.22,-8.92904,1,8,0,0,0,0,0,0,2.304,0,190.4
3186,1903.920,14.887,14.3555,14.2748,31,3.90625,-.78125,771.5,0,13.5,84.2,3.93,1.28,0,4.31373,0,14.2196,5.22,-8.92904,1,8,0,0,0,0,0,0,2.304,0,190.4
3187,1903.960,14.8464,14.3555,14.2748,31,3.90625,-.78125,778.5,0,12.5,84.2,3.95,1.28,0,4.31373,0,14.2196,5.22,-8.92903,1,8,0,0,0,0,0,0,2.304,0,190.4
3188,1904.000,14.9296,14.3555,14.2748,31,3.90625,-.78125,774,0,13,84.2,3.95,1.28,0,4.31373,0,14.2196,5.22,-8.92901,1,8,0,0,0,0,0,0,2.304,0,190.4
3189,1904.040,14.9296,14.3555,14.2748,31,3.90625,-.78125,785.5,0,12,84.2,3.95,1.28,0,4.31373,0,14.2196,5.22,-8.92901,1,8,0,0,0,0,0,0,2.304,0,190.4
3190,1904.080,14.9296,14.3555,14.2748,31,3.90625,-.78125,776.75,0,12.5,84.2,3.95,1.28,0,4.31373,0,14.2196,5.22,-8.92906,1,8,0,0,0,0,0,0,2.304,0,190.4
3191,1904.120,14.9721,14.3555,14.2545,31,3.90625,-.78125,777.5,0,12.5,84.2,3.93,1.28,0,4.31373,0,14.2196,5.22,-8.92904,1,8,0,0,0,0,0,0,2.304,0,190.4
3192,1904.160,15.0147,14.3555,14.2545,31,3.90625,-.78125,768.75,0,13.5,84.2,3.93,1.28,0,4.31373,0,14.2196,5.22,-8.92904,1,8,0,0,0,0,0,0,2.304,0,190.4
3193,1904.200,14.9721,14.3555,14.2478,31,3.90625,-.78125,783,0,12,84.2,3.93,1.26,0,4.31373,0,14.2196,5.22,-8.92902,1,8,0,0,0,0,0,0,2.304,0,190.4
3194,1904.240,14.9721,14.3555,14.2478,31,3.90625,-.78125,788,0,11,84.2,3.93,1.26,0,4.31373,0,14.2196,5.22,-8.92902,1,8,0,0,0,0,0,0,2.304,0,190.4
3195,1904.280,14.9296,14.3555,14.2545,31,3.90625,-.78125,791.75,0,10.5,84.2,3.93,1.26,0,4.31373,0,14.2196,5.22,-8.92901,1,8,0,0,0,0,0,0,2.304,0,190.4
3196,1904.320,14.887,14.3555,14.2545,31,4.6875,-.78125,798.75,0,10,84.2,3.93,1.26,0,4.31373,0,14.2196,5.22,-8.92899,1,8,0,0,0,0,0,0,2.304,0,190.4
3197,1904.360,14.9721,14.3555,14.2545,31,4.6875,-.78125,788.5,0,11,84.2,3.89,1.26,0,4.31373,0,14.2196,5.22,-8.92899,1,8,0,0,0,0,0,0,2.304,0,190.4
3198,1904.400,15.0147,14.3555,14.2545,31,4.6875,-.78125,786.75,0,11.5,84.2,3.93,1.26,0,4.31373,0,14.2196,5.22,-8.92904,1,8,0,0,0,0,0,0,2.304,0,190.4
3199,1904.440,14.9296,14.3555,14.2545,31,4.6875,-.78125,784.5,0,11.5,84.2,3.93,1.26,0,4.31373,0,14.2196,5.22,-8.92902,1,8,0,0,0,0,0,0,2.304,0,190.4
3200,1904.480,14.9721,14.3555,14.2545,31,4.6875,-.78125,799.5,0,10,84.2,3.93,1.26,0,4.31373,0,14.2196,5.22,-8.92902,1,8,0,0,0,0,0,0,2.304,0,190.4
3201,1904.520,14.9721,14.3555,14.2545,31,4.6875,-.78125,798.5,0,10,84.2,3.93,1.28,0,4.31373,0,14.2196,5.22,-8.929,1,8,0,0,0,0,0,0,2.304,0,190.4
3202,1904.560,14.9721,14.3555,14.2545,31,4.6875,-.78125,809,0,9.5,84.2,3.93,1.28,0,4.31373,0,14.2196,5.22,-8.929,1,8,0,0,0,0,0,0,2.304,0,190.4
3203,1904.600,14.9721,14.3555,14.2748,31,4.6875,-.78125,804.5,0,10,84.2,3.93,1.28,0,4.31373,0,14.2196,5.22,-8.92071,1,8,0,0,0,0,0,0,2.304,0,190.4
3204,1904.640,15.0572,14.3555,14.2748,31,4.6875,-.78125,797.25,0,10.5,84.2,3.93,1.28,0,4.31373,0,14.2196,5.22,-8.92897,1,8,0,0,0,0,0,0,2.304,0,190.4
3205,1904.680,15.0978,14.3555,14.2748,31,4.6875,-.78125,794.75,0,10.5,84.2,3.93,1.28,0,4.31373,0,14.2196,5.22,-8.92897,1,8,0,0,0,0,0,0,2.304,0,190.4
3206,1904.720,15.0572,14.3555,14.2748,31,4.6875,-.78125,804.5,0,10,84.2,3.95,1.28,0,4.31373,0,14.2196,5.22,-8.92896,1,8,0,0,0,0,0,0,2.304,0,190.4
3207,1904.760,15.0572,14.3555,14.2748,31,4.6875,-.78125,795.75,0,10.5,84.2,3.93,1.28,0,4.31373,0,14.2196,5.22,-8.92894,1,8,0,0,0,0,0,0,2.304,0,190.4
3208,1904.800,14.9721,14.2406,14.2748,31,4.6875,-.78125,802.75,0,10,84.2,3.93,1.28,0,4.31373,0,14.2196,5.22,-8.92894,1,8,0,0,0,0,0,0,2.304,0,190.4
3209,1904.840,14.9721,14.2406,14.2748,31,3.90625,-.78125,795.5,0,10.5,84.2,3.93,1.26,0,4.31373,0,14.2196,5.22,-8.92893,1,8,0,0,0,0,0,0,2.304,0,190.4
3210,1904.880,14.9721,14.2406,14.2748,31,3.90625,-.78125,801,0,10,84.2,3.95,1.26,0,4.31373,0,14.2196,5.22,-8.92893,1,8,0,0,0,0,0,0,2.304,0,190.4
3211,1904.920,14.5931,14.2406,14.2748,31,4.6875,-.78125,799.25,0,11,84.2,3.93,1.26,0,4.31373,0,14.2196,5.22,-8.92792,1,8,0,0,0,0,0,0,2.304,0,190.4
3212,1904.960,14.3397,14.2406,14.2748,31,4.6875,-.78125,797.5,0,10.5,84.2,3.98,1.26,0,4.31373,0,14.2196,5.22,-8.9289,1,8,0,0,0,0,0,0,2.304,0,190.4
3213,1905.000,14.3823,14.2406,14.2748,31,4.6875,-.78125,799,0,10.5,84.2,3.98,1.26,0,4.31373,0,14.2196,5.22,-8.9289,1,8,0,0,0,0,0,0,2.304,0,190.4
3214,1905.040,14.3397,14.2406,14.2748,31,4.6875,-.78125,785.5,0,13,84.2,3.98,1.26,0,4.31373,0,14.2196,5.22,-8.92889,1,8,0,0,0,0,0,0,2.304,0,190.4
3215,1905.080,14.214,14.2406,14.2748,31,4.6875,-.78125,792.25,0,12.5,84.2,3.98,1.26,0,4.31373,0,14.2196,5.22,-8.92887,1,8,0,0,0,0,0,0,2.304,0,190.4
3216,1905.120,14.2972,14.2406,14.2748,31,3.90625,-.78125,796.5,0,12,84.2,3.98,1.28,0,4.31373,0,14.2196,5.22,-8.92887,1,8,0,0,0,0,0,0,2.304,0,190.4
3217,1905.160,14.3823,14.2406,14.2748,31,3.90625,-.78125,808.75,0,11,84.2,3.98,1.28,0,4.31373,0,14.2196,5.22,-8.92886,1,8,0,0,0,0,0,0,2.304,0,190.4
3218,1905.200,14.4673,14.2406,14.2748,31,4.6875,-.78125,810.5,0,11,84.2,3.98,1.28,0,4.31373,0,14.2196,5.22,-8.92886,1,8,0,0,0,0,0,0,2.304,0,190.4
3219,1905.240,14.3397,14.2406,14.2748,31,4.6875,-.78125,822,0,9.5,84.2,3.98,1.28,0,4.31373,0,14.2196,5.22,-8.91926,1,8,0,0,0,0,0,0,2.304,0,190.4
3220,1905.280,14.3397,14.2406,14.2748,31,4.6875,-.78125,817.25,0,10.5,84.2,3.98,1.28,0,4.31373,0,14.2196,5.22,-8.91309,1,8,0,0,0,0,0,0,2.304,0,190.4
3221,1905.320,14.2972,14.2406,14.2748,31,4.6875,-.78125,807,0,11.5,84.2,3.98,1.28,0,4.31373,0,14.2196,5.22,-8.91309,1,8,0,0,0,0,0,0,2.304,0,190.4
3222,1905.360,14.2972,14.3555,14.2748,31,4.6875,-.78125,791.75,0,12.5,84.2,3.98,1.28,0,4.31373,0,14.2196,5.22,-8.92251,1,8,0,0,0,0,0,0,2.304,0,190.4
3223,1905.400,14.3823,14.3555,14.2748,31,4.6875,-.78125,800.25,0,12,84.2,3.98,1.28,0,4.31373,0,14.2196,5.22,-8.92871,1,8,0,0,0,0,0,0,2.304,0,190.4
3224,1905.440,14.3823,14.3555,14.2748,31,4.6875,-.78125,799.25,0,12,84.2,3.98,1.26,0,4.31373,0,14.2196,5.22,-8.92871,1,8,0,0,0,0,0,0,2.304,0,190.4
3225,1905.480,14.3397,14.3555,14.2748,31,4.6875,-.78125,812.5,0,11,84.2,3.95,1.26,0,4.31373,0,14.2196,5.22,-8.91737,1,8,0,0,0,0,0,0,2.304,0,190.4
3226,1905.520,14.4248,14.3555,14.2748,31,4.6875,-.78125,816.5,0,10.5,84.2,3.98,1.26,0,4.31373,0,14.2196,5.22,-8.91737,1,8,0,0,0,0,0,0,2.304,0,190.4
3227,1905.560,14.2565,14.3555,14.2748,31,4.6875,-.78125,818.5,0,10.5,84.2,3.98,1.26,0,4.31373,0,14.2196,5.22,-8.91382,1,8,0,0,0,0,0,0,2.304,0,190.4
3228,1905.600,14.3397,14.3555,14.2748,31,4.6875,-.78125,821.75,0,10,84.2,3.98,1.26,0,4.31373,0,14.2196,5.22,-8.91181,1,8,0,0,0,0,0,0,2.304,0,190.4
3229,1905.640,14.4248,14.3555,14.2748,31,4.6875,-.78125,812.75,0,11,84.2,3.98,1.28,0,4.31373,0,14.2196,5.22,-8.91181,1,8,0,0,0,0,0,0,2.304,0,190.4
3230,1905.680,14.3823,14.3555,14.2748,31,4.6875,-.78125,820.75,0,10.5,84.2,3.95,1.28,0,4.31373,0,14.2196,5.22,-8.91717,1,8,0,0,0,0,0,0,2.304,0,190.4
3231,1905.720,14.3823,14.3555,14.2816,31,4.6875,-.78125,828.5,0,9.5,84.2,3.95,1.28,0,4.31373,0,14.2196,5.22,-8.90276,1,8,0,0,0,0,0,0,2.304,0,190.4
3232,1905.760,14.5931,14.3555,14.2816,31,4.6875,-.78125,840.75,0,8,84.2,3.98,1.28,0,4.31373,0,14.2196,5.22,-8.90276,1,8,0,0,0,0,0,0,2.304,0,190.4
3233,1905.800,14.9721,14.3555,14.2884,31,4.6875,-.78125,838,0,8.5,84.2,3.95,1.28,0,4.31373,0,14.2196,5.22,-8.89398,1,8,0,0,0,0,0,0,2.304,0,190.4
3234,1905.840,14.9296,14.3555,14.2884,31,4.6875,-.78125,843.25,0,8,84.2,3.95,1.26,0,4.31373,0,14.2196,5.22,-8.89398,1,8,0,0,0,0,0,0,2.304,0,190.4
3235,1905.880,14.8039,14.3555,14.2952,31,4.6875,-.78125,840.25,0,8.5,84.2,3.93,1.26,0,4.31373,0,14.2196,5.22,-8.88921,1,8,0,0,0,0,0,0,2.304,0,190.4
3236,1905.920,14.8039,14.3555,14.2884,31,4.6875,-.78125,835,0,9.5,84.2,3.95,1.26,0,4.31373,0,14.2196,5.22,-8.89183,1,8,0,0,0,0,0,0,2.304,0,190.4
3237,1905.960,14.9721,14.3555,14.2884,31,4.6875,-.78125,847.75,0,8,84.2,3.95,1.26,0,4.31373,0,14.2196,5.22,-8.89183,1,8,0,0,0,0,0,0,2.304,0,190.4
3238,1906.000,14.9296,14.3555,14.2952,31,4.6875,-.78125,851.25,0,7.5,84.2,3.93,1.28,0,4.31373,0,14.2196,5.22,-8.88506,1,8,0,0,0,0,0,0,2.304,0,190.4
3239,1906.040,14.8039,14.3555,14.3019,31,4.6875,-.78125,856.5,0,7.5,84.2,3.95,1.28,0,4.31373,0,14.2196,5.22,-8.87693,1,8,0,0,0,0,0,0,2.304,0,190.4
3240,1906.080,14.9296,14.3555,14.3019,31,4.6875,-.78125,848,0,8.5,84.2,3.93,1.28,0,4.31373,0,14.2196,5.075,-8.87693,1,8,0,0,0,0,0,0,2.304,0,190.4
3241,1906.120,14.7613,14.3555,14.2952,31,4.6875,-.78125,850,0,8.5,84.2,3.93,1.26,0,4.31373,0,14.2196,5.075,-8.88303,1,8,0,0,0,0,0,0,2.304,0,190.4
3242,1906.160,14.3397,14.3555,14.2952,31,4.6875,-.78125,849.5,0,8.5,84.2,3.93,1.26,0,4.31373,0,14.2196,5.075,-8.88303,1,8,0,0,0,0,0,0,2.304,0,190.4
3243,1906.200,14.3823,14.3555,14.2952,31,4.6875,-.78125,833.5,0,11,84.2,3.98,1.26,0,4.31373,0,14.2196,5.075,-8.88195,1,8,0,0,0,0,0,0,2.304,0,190.4
3244,1906.240,14.214,14.3555,14.2816,31,4.6875,-.78125,838.5,0,10,84.2,3.98,1.26,0,4.31373,0,14.2196,5.075,-8.8982,1,8,0,0,0,0,0,0,2.304,0,190.4
3245,1906.280,14.3823,14.3555,14.2816,31,4.6875,-.78125,841.25,0,10,84.2,3.95,1.28,0,4.31373,0,14.2196,5.075,-8.8982,1,8,0,0,0,0,0,0,2.304,0,190.4
3246,1906.320,14.4248,14.3555,14.2884,31,4.6875,-.78125,850,0,8.5,84.2,3.95,1.28,0,4.31373,0,14.2196,5.075,-8.89109,1,8,0,0,0,0,0,0,2.304,0,190.4
3247,1906.360,14.3397,14.3555,14.2952,31,4.6875,-.78125,843.5,0,10,84.2,3.98,1.28,0,4.31373,0,14.2196,5.075,-8.88909,1,8,0,0,0,0,0,0,2.304,0,190.4
3248,1906.400,14.2972,14.3555,14.2952,31,4.6875,-.78125,848.75,0,9,84.2,3.95,1.28,0,4.31373,0,14.2196,5.075,-8.88909,1,8,0,0,0,0,0,0,2.304,0,190.4
3249,1906.440,14.4248,14.3555,14.3019,31,4.6875,-.78125,851.5,0,9,84.2,3.93,1.26,0,4.31373,0,14.2196,5.075,-8.88167,1,8,0,0,0,0,0,0,2.304,0,190.4
3250,1906.480,14.4248,14.3555,14.3019,31,4.6875,-.78125,849.75,0,9.5,84.2,3.95,1.26,0,4.31373,0,14.2196,5.075,-8.88167,1,8,0,0,0,0,0,0,2.304,0,190.4
3251,1906.520,14.3823,14.3555,14.2952,31,4.6875,-.78125,845.75,0,8.5,84.2,3.95,1.26,0,4.31373,0,14.2196,5.075,-8.8954,1,8,0,0,0,0,0,0,2.304,0,190.4
3252,1906.560,14.2565,14.3555,14.2952,31,4.6875,-.78125,838.5,0,9.5,84.2,3.95,1.26,0,4.31373,0,14.2196,5.075,-8.88699,1,8,0,0,0,0,0,0,2.304,0,190.4
3253,1906.600,14.508,14.3555,14.2952,31,4.6875,-.78125,846,0,8.5,84.2,3.93,1.26,0,4.31373,0,14.2196,5.075,-8.88699,1,8,0,0,0,0,0,0,2.304,0,190.4
3254,1906.640,14.4673,14.3555,14.2952,31,4.6875,-.78125,840.5,0,9.5,84.2,3.95,1.28,0,4.31373,0,14.2196,5.075,-8.88676,1,8,0,0,0,0,0,0,2.304,0,190.4
3255,1906.680,14.8464,14.3555,14.2884,31,5.46875,-.78125,842,0,9.5,84.2,3.93,1.28,0,4.31373,0,14.2196,5.075,-8.89039,1,8,0,0,0,0,0,0,2.304,0,190.4
3256,1906.720,14.887,14.3555,14.2884,31,5.46875,-.78125,835.75,0,10,84.2,3.95,1.28,0,4.31373,0,14.2196,5.075,-8.89039,1,8,0,0,0,0,0,0,2.304,0,190.4
3257,1906.760,14.887,14.4703,14.2952,31,5.46875,-.78125,844.5,0,9,84.2,3.93,1.28,0,4.31373,0,14.2196,5.075,-8.88823,1,8,0,0,0,0,0,0,2.304,0,190.4
3258,1906.800,14.9296,14.4703,14.2952,31,5.46875,-.78125,830,0,10.5,84.2,3.93,1.26,0,4.31373,0,14.2196,5.075,-8.88823,1,8,0,0,0,0,0,0,2.304,0,190.4
3259,1906.840,15.0147,14.3555,14.2816,31,5.46875,-.78125,835.25,0,10,84.2,3.93,1.26,0,4.31373,0,14.2196,5.075,-8.90146,1,8,0,0,0,0,0,0,2.304,0,190.4
3260,1906.880,14.8039,14.3555,14.2884,31,5.46875,-.78125,843.25,0,9.5,84.2,3.93,1.26,0,4.31373,0,14.2196,5.075,-8.89653,1,8,0,0,0,0,0,0,2.304,0,190.4
3261,1906.920,14.4673,14.3555,14.2884,31,5.46875,-.78125,840.25,0,9.5,84.2,3.93,1.26,0,4.31373,0,14.2196,5.075,-8.89653,1,8,0,0,0,0,0,0,2.304,0,190.4
3262,1906.960,14.508,14.3555,14.2884,31,5.46875,-.78125,843.5,0,9.5,84.2,3.89,1.26,0,4.31373,0,14.2196,5.075,-8.892,1,8,0,0,0,0,0,0,2.304,0,190.4
3263,1907.000,14.5505,14.3555,14.2884,31,5.46875,-.78125,838.75,0,10,84.2,3.89,1.28,0,4.31373,0,14.2196,5.075,-8.89345,1,8,0,0,0,0,0,0,2.304,0,190.4
3264,1907.040,14.4248,14.3555,14.2884,31,5.46875,-.78125,850.75,0,9,84.2,3.87,1.28,0,3.92157,0,14.2196,5.075,-8.89345,1,8,0,0,0,0,0,0,2.304,0,190.4
3265,1907.080,14.508,14.3555,14.2952,31,5.46875,-.78125,848.25,0,9.5,84.2,3.87,1.26,0,4.31373,0,14.2196,5.075,-8.88458,1,8,0,0,0,0,0,0,2.304,0,190.4
3266,1907.120,14.4673,14.3555,14.2952,31,5.46875,-.78125,853.25,0,9,84.2,3.85,1.26,0,4.31373,0,14.2196,5.075,-8.88458,1,8,0,0,0,0,0,0,2.304,0,190.4
3267,1907.160,14.3823,14.2406,14.3019,31,4.6875,-.78125,853.5,0,9.5,84.2,3.85,1.26,0,4.31373,0,14.2196,5.075,-8.88005,1,8,0,0,0,0,0,0,2.304,0,190.4
3268,1907.200,14.2565,14.2406,14.3019,31,4.6875,-.78125,845,0,10.5,84.2,3.85,1.26,0,4.31373,0,14.2196,5.075,-8.87983,1,8,0,0,0,0,0,0,2.304,0,190.4
3269,1907.240,14.4248,14.2406,14.3019,31,4.6875,-.78125,848.75,0,10,86,3.85,1.26,0,4.31373,0,14.2196,5.075,-8.87983,1,8,0,0,0,0,0,0,2.304,0,190.4
3270,1907.280,14.3823,14.2406,14.2952,31,4.6875,-.78125,837,0,11,86,3.85,1.28,0,4.31373,0,14.2196,5.075,-8.88409,1,8,0,0,0,0,0,0,2.304,0,190.4
3271,1907.320,14.4248,14.2406,14.2884,31,4.6875,-.78125,838.5,0,11,86,3.85,1.28,0,4.31373,0,14.2196,5.075,-8.89359,1,8,0,0,0,0,0,0,2.304,0,190.4
3272,1907.360,14.3397,14.2406,14.2884,31,4.6875,-.78125,831.75,0,11.5,86,3.85,1.28,0,3.92157,0,14.2196,5.075,-8.89359,1,8,0,0,0,0,0,0,2.304,0,190.4
3273,1907.400,14.2565,14.2406,14.2884,31,4.6875,-.78125,840,0,11,86,3.85,1.26,0,3.92157,0,14.2196,5.075,-8.89224,1,8,0,0,0,0,0,0,2.048,0,190.4
3274,1907.440,14.2565,14.2406,14.2884,31,4.6875,-.78125,838.75,0,11,86,3.85,1.26,0,3.92157,0,14.2196,5.075,-8.89224,1,8,0,0,0,0,0,0,2.048,0,190.4
3275,1907.480,14.3823,14.2406,14.2884,31,4.6875,-.78125,835.25,0,10.5,86,3.85,1.26,0,3.92157,0,14.2196,5.075,-8.89323,1,8,0,0,0,0,0,0,2.048,0,190.4
3276,1907.520,14.214,14.2406,14.2884,31,4.6875,-.78125,836,0,11,86,3.85,1.26,0,3.92157,0,14.2196,4.93,-8.89657,1,8,0,0,0,0,0,0,2.048,0,190.4
3277,1907.560,14.1714,14.2406,14.2884,31,4.6875,-.78125,828.75,0,12,86,3.85,1.26,0,3.92157,0,14.2196,4.93,-8.89657,1,8,0,0,0,0,0,0,2.048,0,190.4
3278,1907.600,14.3397,14.2406,14.2816,31,4.6875,-.78125,832.75,0,11.5,86,3.83,1.26,0,4.31373,0,14.2196,5.075,-8.90252,1,8,0,0,0,0,0,0,2.048,0,190.4
3279,1907.640,14.2565,14.2406,14.2884,31,4.6875,-.78125,833.75,0,11.5,86,3.83,1.26,0,3.92157,0,14.2196,5.075,-8.8979,1,8,0,0,0,0,0,0,2.048,0,190.4
3280,1907.680,14.214,14.2406,14.2884,31,4.6875,-.78125,849.25,0,10.5,86,3.83,1.28,0,3.92157,0,14.2196,4.93,-8.8979,1,8,0,0,0,0,0,0,2.048,0,190.4
3281,1907.720,14.214,14.2406,14.2952,31,4.6875,-.78125,845.25,0,10.5,86,3.85,1.26,0,3.92157,0,14.2196,4.93,-8.88739,1,8,0,0,0,0,0,0,2.048,0,190.4
3282,1907.760,14.2972,14.2406,14.2952,31,4.6875,-.78125,851,0,10.5,86,3.83,1.26,0,3.92157,0,14.2196,4.93,-8.88739,1,8,0,0,0,0,0,0,2.048,0,190.4
3283,1907.800,14.2565,14.2406,14.2952,31,4.6875,-.78125,838.75,0,11.5,86,3.83,1.26,0,3.92157,0,14.2196,5.075,-8.88201,1,8,0,0,0,0,0,0,2.048,0,190.4
3284,1907.840,14.2565,14.2406,14.2816,31,4.6875,-.78125,821.25,0,13,86,3.85,1.26,0,3.92157,0,14.2196,4.93,-8.89835,1,8,0,0,0,0,0,0,2.048,0,190.4
3285,1907.880,14.1289,14.2406,14.2816,31,4.6875,-.78125,818.75,0,13,86,3.85,1.26,0,3.92157,0,14.2196,4.93,-8.89835,1,8,0,0,0,0,0,0,2.048,0,190.4
3286,1907.920,14.1289,14.2406,14.2748,31,4.6875,-.78125,804,0,15,86,3.85,1.26,0,3.92157,0,14.2196,4.93,-8.91164,1,8,0,0,0,0,0,0,2.304,0,190.4
3287,1907.960,14.1714,14.2406,14.2748,31,4.6875,-.78125,809.5,0,14.5,86,3.85,1.26,0,3.92157,0,14.2196,4.93,-8.92024,1,8,0,0,0,0,0,0,2.304,0,190.4
3288,1908.000,14.214,14.2406,14.2748,31,4.6875,-.78125,809,0,14.5,86,3.85,1.26,0,3.92157,0,14.2196,4.93,-8.92024,1,8,0,0,0,0,0,0,2.304,0,190.4
3289,1908.040,14.0883,14.2406,14.2748,31,4.6875,-.78125,817.75,0,13.5,86,3.85,1.28,0,3.92157,0,14.2196,4.93,-8.92066,1,8,0,0,0,0,0,0,2.304,0,190.4
3290,1908.080,14.1714,14.2406,14.2748,31,4.6875,-.78125,806.5,0,14.5,86,3.85,1.28,0,3.92157,0,14.2196,4.93,-8.92066,1,8,0,0,0,0,0,0,2.304,0,190.4
3291,1908.120,14.214,14.2406,14.2748,31,4.6875,-.78125,808.75,0,14.5,86,3.85,1.26,0,3.92157,0,14.2196,4.93,-8.92281,1,8,0,0,0,0,0,0,2.304,0,190.4
3292,1908.160,14.1289,14.2406,14.2748,31,4.6875,-.78125,806.75,0,14.5,86,3.83,1.26,0,3.92157,0,14.2196,4.93,-8.9227,1,8,0,0,0,0,0,0,2.304,0,190.4
3293,1908.200,14.1289,14.2406,14.2748,31,4.6875,-.78125,817.75,0,13,86,3.83,1.26,0,3.92157,0,14.2196,4.93,-8.9227,1,8,0,0,0,0,0,0,2.304,0,190.4
3294,1908.240,14.0883,14.2406,14.2748,31,4.6875,-.78125,818.25,0,13,86,3.83,1.26,0,3.92157,0,14.2196,4.93,-8.91211,1,8,0,0,0,0,0,0,2.304,0,190.4
3295,1908.280,14.214,14.2406,14.2816,31,4.6875,-.78125,817.25,0,12.5,86,3.81,1.24,0,3.92157,0,14.2196,4.93,-8.90496,1,8,0,0,0,0,0,0,2.304,0,190.4
3296,1908.320,14.1714,14.2406,14.2816,31,4.6875,-.78125,822,0,12.5,86,3.79,1.24,0,3.92157,0,14.2196,4.93,-8.90496,1,8,0,0,0,0,0,0,2.304,0,190.4
3297,1908.360,14.0883,14.2406,14.2748,31,4.6875,-.78125,818,0,13,86,3.79,1.24,0,3.92157,0,14.2196,4.93,-8.90866,1,8,0,0,0,0,0,0,2.304,0,190.4
3298,1908.400,14.1714,14.2406,14.2748,31,4.6875,-.78125,822.5,0,12.5,86,3.79,1.24,0,3.92157,0,14.2196,4.93,-8.90866,1,8,0,0,0,0,0,0,2.304,0,190.4
3299,1908.440,14.1289,14.1258,14.2748,31,4.6875,-.78125,821.5,0,12.5,86,3.79,1.26,0,3.92157,0,14.2196,5.075,-8.90826,1,8,0,0,0,0,0,0,2.304,0,190.4
3300,1908.480,14.1289,14.1258,14.2748,31,3.90625,-.78125,816.25,0,13,86,3.79,1.26,0,3.92157,0,14.2196,4.93,-8.91391,1,8,0,0,0,0,0,0,2.304,0,190.4
3301,1908.520,14.1289,14.1258,14.2748,31,3.90625,-.78125,806.5,0,14,86,3.79,1.26,0,3.92157,0,14.2196,4.93,-8.91391,1,8,0,0,0,0,0,0,2.304,0,190.4
3302,1908.560,14.1289,14.1258,14.2748,31,3.90625,-.78125,821.25,0,12.5,86,3.79,1.26,0,3.92157,0,14.2196,4.93,-8.92294,1,8,0,0,0,0,0,0,2.304,0,190.4
3303,1908.600,14.1714,14.1258,14.2816,31,3.90625,-.78125,827.5,0,12,86,3.81,1.26,0,3.92157,0,14.2196,4.93,-8.90358,1,8,0,0,0,0,0,0,2.304,0,190.4
3304,1908.640,14.0883,14.1258,14.2816,31,3.90625,-.78125,843.5,0,10.5,86,3.81,1.26,0,3.92157,0,14.2196,4.93,-8.90358,1,8,0,0,0,0,0,0,2.304,0,190.4
3305,1908.680,14.5505,14.1258,14.2884,31,3.90625,-.78125,843.25,0,11,86,3.81,1.24,0,3.92157,0,14.2196,4.93,-8.89436,1,8,0,0,0,0,0,0,2.048,0,190.4
3306,1908.720,14.5931,14.1258,14.2884,31,3.90625,-.78125,834,0,11.5,86,3.79,1.24,0,3.92157,0,14.2196,4.93,-8.89436,1,8,0,0,0,0,0,0,2.048,0,190.4
3307,1908.760,14.3823,14.1258,14.2884,31,3.90625,-.78125,823,0,12.5,86,3.79,1.24,0,3.92157,0,14.2196,4.93,-8.89771,1,8,0,0,0,0,0,0,2.048,0,190.4
3308,1908.800,14.7613,14.1258,14.2748,31,3.90625,-.78125,810.75,0,13.5,86,3.77,1.26,0,3.92157,0,14.2196,4.93,-8.90771,1,8,0,0,0,0,0,0,2.048,0,190.4
3309,1908.840,14.6356,14.1258,14.2748,31,3.90625,-.78125,821.5,0,12.5,86,3.75,1.26,0,3.92157,0,14.2196,4.93,-8.90771,1,8,0,0,0,0,0,0,2.048,0,190.4
3310,1908.880,14.6782,14.1258,14.2748,31,3.90625,-.78125,818.75,0,13,86,3.75,1.26,0,3.92157,0,14.2196,4.93,-8.90911,1,8,0,0,0,0,0,0,2.048,0,192.2
3311,1908.920,14.6356,14.1258,14.2816,31,3.90625,-.78125,829.75,0,12,86,3.73,1.26,0,3.92157,0,14.2196,4.93,-8.90156,1,8,0,0,0,0,0,0,2.048,0,192.2
3312,1908.960,14.5505,14.1258,14.2816,31,3.90625,-.78125,822,0,12.5,86,3.73,1.26,0,3.92157,0,14.2196,4.93,-8.90156,1,8,0,0,0,0,0,0,2.048,0,192.2
3313,1909.000,14.6356,14.1258,14.2816,31,3.90625,-.78125,826.75,0,12,86,3.71,1.26,0,3.92157,0,14.2196,4.93,-8.90431,1,8,0,0,0,0,0,0,2.048,0,192.2
3314,1909.040,14.6356,14.0109,14.2816,31,3.125,-.78125,817,0,13,86,3.71,1.24,0,3.92157,0,14.2196,4.93,-8.90431,1,8,0,0,0,0,0,0,2.048,0,192.2
3315,1909.080,14.508,14.0109,14.2748,31,3.125,-.78125,817.25,0,13,86,3.71,1.24,0,3.92157,0,14.2196,4.93,-8.91331,1,8,0,0,0,0,0,0,2.048,0,192.2
3316,1909.120,14.5505,14.0109,14.2748,31,3.125,-.78125,807.5,0,14.5,86,3.71,1.24,0,3.92157,0,14.2196,4.93,-8.92673,1,8,0,0,0,0,0,0,2.048,0,192.2
3317,1909.160,14.6356,14.0109,14.2748,31,3.125,-.78125,809.75,0,13.5,86,3.71,1.24,0,3.92157,0,14.2196,4.93,-8.92673,1,8,0,0,0,0,0,0,2.048,0,192.2
3318,1909.200,14.508,14.0109,14.2748,31,3.125,-.78125,806.5,0,14,86,3.71,1.24,0,3.92157,0,14.2196,4.93,-8.91989,1,8,0,0,0,0,0,0,2.048,0,192.2
3319,1909.240,14.3823,14.0109,14.2748,31,3.125,-.78125,787,0,15.5,86,3.73,1.24,0,3.92157,0,14.2196,4.93,-8.92881,1,8,0,0,0,0,0,0,2.048,0,192.2
3320,1909.280,14.5931,14.0109,14.2748,31,3.125,-.78125,798,0,14.5,86,3.75,1.24,0,3.92157,0,14.2196,4.93,-8.92881,1,8,0,0,0,0,0,0,2.048,0,192.2
3321,1909.320,14.4673,14.0109,14.2748,31,3.125,-.78125,804,0,14,86,3.75,1.26,0,3.92157,0,14.2196,4.93,-8.9288,1,8,0,0,0,0,0,0,2.048,0,192.2
3322,1909.360,14.4673,14.1258,14.2748,31,3.125,-.78125,817.75,0,12.5,86,3.75,1.26,0,3.92157,0,14.2196,4.93,-8.9288,1,8,0,0,0,0,0,0,2.048,0,192.2
3323,1909.400,14.508,14.1258,14.2748,31,3.125,-.78125,818,0,12,86,3.75,1.26,0,3.92157,0,14.2196,4.93,-8.91253,1,8,0,0,0,0,0,0,2.048,0,192.2
3324,1909.440,14.5505,14.1258,14.2748,31,3.125,-.78125,820.25,0,12,86,3.75,1.26,0,3.92157,0,14.2196,4.93,-8.91012,1,8,0,0,0,0,0,0,2.048,0,192.2
3325,1909.480,14.5505,14.1258,14.2748,31,3.125,-.78125,819,0,12,86,3.75,1.26,0,3.92157,0,14.2196,4.93,-8.91012,1,8,0,0,0,0,0,0,2.048,0,192.2
3326,1909.520,14.508,14.1258,14.2748,31,3.125,-.78125,824.5,0,11.5,86,3.75,1.26,0,3.92157,0,14.2196,4.93,-8.91137,1,8,0,0,0,0,0,0,2.048,0,192.2
3327,1909.560,14.4673,14.1258,14.2748,31,3.125,-.78125,807,0,13.5,86,3.75,1.24,0,3.92157,0,14.2196,4.93,-8.92233,1,8,0,0,0,0,0,0,2.048,0,192.2
3328,1909.600,14.5931,14.1258,14.2748,31,3.125,-.78125,814.75,0,12.5,86,3.73,1.24,0,3.92157,0,14.2196,4.93,-8.92233,1,8,0,0,0,0,0,0,2.048,0,192.2
3329,1909.640,14.5931,14.1258,14.2748,31,3.125,-.78125,823.5,0,11.5,86,3.75,1.24,0,3.92157,0,14.2196,4.93,-8.91536,1,8,0,0,0,0,0,0,2.048,0,192.2
3330,1909.680,14.5931,14.1258,14.2748,31,3.125,-.78125,822.25,0,12,86,3.75,1.24,0,3.92157,0,14.2196,4.93,-8.91536,1,8,0,0,0,0,0,0,2.048,0,192.2
3331,1909.720,14.508,14.1258,14.2748,31,3.125,-.78125,802,0,14,86,3.73,1.24,0,5.09804,0,14.2196,4.93,-8.90828,1,8,0,0,0,0,0,0,0,0,192.2
3332,1909.760,10.17,14.1258,14.2748,31,3.125,-.78125,745.5,0,16.5,86,3.79,1.24,0,3.52941,0,14.2196,4.93,-8.92686,1,8,0,0,0,0,0,0,0,0,192.2
3333,1909.800,10.17,14.2406,14.2748,31,0,-.78125,695.25,0,16.5,86,3.62,1.22,0,2.7451,0,14.2196,4.93,-8.92686,1,8,0,0,1,0,0,0,0,0,192.2
3334,1909.840,10.17,14.2406,14.2748,31,0,-.78125,695.25,0,16.5,86,3.62,1.18,0,2.35294,0,14.2196,4.93,-8.92875,1,8,0,0,1,0,0,0,0,0,192.2
3335,1909.880,10.17,14.3555,14.2748,31,0,-.78125,631.25,0,16.5,86,3.24,1.18,0,2.35294,0,14.2196,4.93,-8.92874,1,8,0,0,1,0,0,0,0,0,192.2
3336,1909.920,10.17,14.5852,14.2748,31,0,-.78125,570.25,0,14.5,86,2.94,1.2,0,2.35294,0,14.2196,4.93,-8.92874,1,8,0,0,1,0,0,0,0,0,192.2
3337,1909.960,10.17,14.8148,14.2748,31,0,-.78125,490.25,0,9.5,86,2.75,1.14,0,2.35294,0,14.2196,4.93,-8.92872,1,8,0,0,1,0,0,0,0,0,192.2
3338,1910.000,10.17,14.9297,14.2748,31,0,-.78125,490.25,0,9.5,86,2.75,1.18,0,2.35294,0,14.2196,4.93,-8.92872,1,8,0,0,1,0,0,0,0,0,192.2
3339,1910.040,10.17,14.9297,14.2748,31,0,-.78125,403.75,0,9.5,86,2.71,1.18,0,2.35294,0,14.2196,5.075,-8.92871,1,8,0,0,3,0,0,0,0,0,192.2
3340,1910.080,10.17,15.0445,14.2748,31,0,-.78125,403.75,0,9.5,86,2.71,1.2,0,2.35294,0,14.2196,5.075,-8.92869,1,8,0,0,3,0,0,0,0,0,192.2
3341,1910.120,10.17,15.1594,14.2748,31,0,-.78125,403.75,0,9.5,86,2.71,1.14,0,2.35294,0,14.2196,5.075,-8.92869,1,8,0,0,3,0,0,0,0,0,192.2
3342,1910.160,10.17,14.7,14.2748,31,0,-.78125,273,0,5,86,2.83,1.22,0,2.35294,0,14.2196,5.51,-8.92868,1,8,0,0,3,0,0,0,0,0,192.2
3343,1910.200,10.17,14.7,8.56977,31,0,-.78125,273,0,5,86,2.83,1.24,0,2.35294,0,14.2196,5.51,-8.92873,1,8,0,0,3,0,0,0,0,0,192.2
3344,1910.240,10.17,14.7,8.56977,31,0,-.78125,273,0,5,86,2.83,1.16,0,2.35294,0,14.2196,5.51,-8.92873,1,8,0,0,3,0,0,0,0,0,192.2
3345,1910.280,10.17,14.7,8.56977,31,0,-.78125,273,0,5,86,2.83,1.1,0,2.35294,0,14.2196,5.51,-8.92871,1,8,0,0,3,0,0,0,0,0,192.2
3346,1910.320,10.17,14.7,8.56977,31,0,-.78125,273,0,5,86,2.83,1.1,0,2.35294,0,14.2196,5.51,-8.92871,1,8,0,0,3,0,0,0,0,0,192.2
3347,1910.360,10.17,14.7,8.56977,31,0,-.78125,273,0,5,86,2.83,1.16,0,2.35294,0,14.2196,5.51,-8.9287,1,8,0,0,3,0,0,0,0,0,192.2
3348,1910.400,10.17,14.7,8.56977,31,0,-.78125,273,0,5,86,2.83,1.18,0,2.35294,0,14.2196,5.51,-8.92869,1,8,0,0,3,0,0,0,0,0,192.2
3349,1910.440,10.17,14.7,8.56977,31,0,-.78125,273,0,5,86,2.83,1.2,0,2.35294,0,14.2196,5.51,-8.92869,1,8,0,0,3,0,0,0,0,0,192.2
3350,1910.480,10.17,14.7,8.56977,31,0,-.78125,273,0,5,86,2.83,1.2,0,2.35294,0,14.2196,5.51,-8.92867,1,8,0,0,3,0,0,0,0,0,192.2
3351,1910.520,10.17,14.7,8.56977,31,0,-.78125,273,0,5,86,2.83,1.18,0,2.7451,0,14.2196,5.51,-8.92866,1,8,0,0,3,0,0,0,0,0,192.2
3352,1910.560,10.17,14.7,8.56977,31,0,-.78125,273,0,5,86,2.83,1.18,0,2.7451,0,14.2196,5.51,-8.92866,1,8,0,0,3,0,0,0,0,0,192.2
3353,1910.600,10.17,14.7,8.56977,31,0,-.78125,273,0,5,86,2.83,1.18,0,2.7451,0,14.2196,5.51,-8.92865,1,8,0,0,3,0,0,0,0,0,192.2
3354,1910.640,10.17,14.7,8.56977,31,0,-.78125,273,0,5,86,2.83,1.18,0,2.7451,0,14.2196,5.51,-8.92865,1,8,0,0,3,0,0,0,0,0,192.2
3355,1910.680,10.17,14.7,8.56977,31,0,-.78125,273,0,5,86,2.83,1.18,0,2.7451,0,14.2196,5.51,-8.92864,1,8,0,0,3,0,0,0,0,0,192.2
3356,1910.720,10.17,14.7,8.56977,31,0,-.78125,273,0,5,86,2.83,1.16,0,2.7451,0,14.2196,5.51,-8.92862,1,8,0,0,3,0,0,0,0,0,192.2
