sample,time,wbo2,AFR,FFB,EGT,AFC,AFL,RPM,MPH,Timing,IAT,MAF,MAF(V),Accelerator,Throttle,RQTQ,ATM(psi),MAP,Trgt_Boost,IAM,CL/OL,FLKC,FBKC,avcs,wgdc,tdi,Tdp,IPW,KNOCK_FLAG,ECT
0,1570.760,10.17,14.7,7.61589,255,0,-1.5625,172.5,0,14,78.8,2.53,1.18,0,6.66667,0,14.3647,13.775,-8.97394,1,7,0,0,0,0,0,0,6.144,0,185
1,1570.800,10.17,14.7,7.61589,255,0,-1.5625,172.5,0,14,78.8,2.53,1.22,0,6.66667,0,14.3647,13.775,-8.97394,1,7,0,0,0,0,0,0,5.888,0,185
2,1570.840,10.17,14.7,7.61589,255,0,-1.5625,172.5,0,14,78.8,2.53,1.1,0,6.66667,0,14.3647,13.775,-8.97394,1,7,0,0,0,0,0,0,5.888,0,185
3,1570.880,10.17,14.7,7.61589,255,0,-1.5625,172.5,0,14,78.8,2.53,1.06,0,6.66667,0,14.3647,13.775,-8.97394,1,7,0,0,0,0,0,0,5.888,0,185
4,1570.920,10.17,14.7,7.61589,255,0,-1.5625,172.5,0,14,78.8,2.53,1.16,0,6.66667,0,14.3647,13.775,-8.97394,1,7,0,0,0,0,0,0,5.888,0,185
5,1570.960,10.17,14.7,7.61589,255,0,-1.5625,180.25,0,14,78.8,2.58,1.24,0,6.66667,0,14.3647,13.63,-8.97394,1,7,0,0,0,0,0,0,5.888,0,185
6,1571.000,10.17,14.7,7.61589,255,0,-1.5625,180.25,0,14,78.8,2.58,1.16,0,6.66667,0,14.3647,13.63,-8.97394,1,7,0,0,0,0,0,0,5.888,0,185
7,1571.040,10.17,14.7,7.61589,255,0,-1.5625,387,0,14,78.8,3.17,1.2,0,6.66667,0,14.3647,13.195,-8.97394,1,7,0,0,0,0,0,0,5.632,0,185
8,1571.080,10.17,14.7,7.61589,255,0,-1.5625,925.25,0,19,78.8,3.46,1.24,0,6.66667,0,14.3647,11.745,-8.97394,1,7,0,0,0,0,0,0,5.376,0,185
9,1571.120,22.5979,14.7,7.63908,255,0,-1.5625,1114.25,0,17.5,78.8,3.87,1.3,0,6.66667,0,14.3647,11.165,-8.85891,1,7,0,0,0,0,0,0,4.096,0,185
10,1571.160,22.5553,14.7,7.70161,255,0,-1.5625,1389,0,17.5,80.6,4.64,1.34,0,6.66667,0,14.3647,10.005,-8.60654,1,7,0,0,0,0,0,0,3.328,0,185
11,1571.200,22.683,14.7,7.70161,255,0,-1.5625,1580.5,0,17.5,80.6,5.36,1.38,0,6.27451,0,14.3647,8.99,-8.60654,1,7,0,0,0,0,0,0,3.328,0,185
12,1571.240,22.683,14.7,7.70358,255,0,-1.5625,1723.25,0,17.5,80.6,5.64,1.4,0,6.27451,0,14.3647,8.265,-8.76287,1,7,0,0,0,0,0,0,3.072,0,185
13,1571.280,22.5553,14.7,7.70358,255,0,-1.5625,1860,0,17.5,80.6,5.89,1.42,0,6.27451,0,14.3647,7.25,-8.76287,1,7,0,0,0,0,0,0,3.072,0,185
14,1571.320,22.3871,14.7,7.70358,255,0,-1.5625,1943,0,17.5,80.6,5.96,1.42,0,6.27451,0,14.3647,6.96,-9.24771,1,7,0,0,0,0,0,0,2.816,0,185
15,1571.360,22.5553,14.7,7.70555,255,0,-1.5625,2018.5,0,17.5,80.6,6.11,1.44,0,6.66667,0,14.3647,6.235,-9.59272,1,7,0,0,0,0,0,0,2.816,0,185
16,1571.400,22.5979,14.7,7.70555,255,0,-1.5625,2084.25,0,16.5,80.6,6.25,1.44,0,6.66667,0,14.3647,5.655,-9.59272,1,7,0,0,1,0,0,0,2.816,0,185
17,1571.440,22.5553,14.7,7.70753,255,0,-1.5625,2116,0,15.5,80.6,6.25,1.44,0,6.66667,0,14.3647,5.22,-9.59272,1,7,0,0,1,0,0,0,2.56,0,185
18,1571.480,22.5147,14.7,8.12348,255,0,-1.5625,2154,0,14,80.6,6.25,1.44,0,6.66667,0,14.3647,4.93,-9.59272,1,7,0,0,1,0,0,0,2.56,0,185
19,1571.520,22.8087,14.7,8.12348,255,0,-1.5625,2171.5,0,13.5,80.6,6.25,1.44,0,6.66667,0,14.3647,4.64,-9.59272,1,7,0,0,1,0,0,0,2.56,0,185
20,1571.560,22.3445,14.7,8.31417,255,0,-.78125,2171,0,12.5,80.6,6.25,1.44,0,6.66667,0,14.3647,4.35,-9.59272,1,7,0,0,1,0,0,0,2.304,0,185
21,1571.600,22.4722,14.7,8.31417,255,0,-.78125,2179,0,11.5,80.6,6.25,1.44,0,6.66667,0,14.3647,4.205,-9.59272,1,7,0,0,1,0,0,0,2.304,0,185
22,1571.640,22.5553,14.7,8.49481,255,0,-.78125,2165.25,0,10.5,80.6,6.25,1.44,0,6.66667,0,14.3647,4.06,-9.59272,1,7,0,0,1,0,0,0,2.304,0,185
23,1571.680,22.5979,14.7,8.66598,255,0,-.78125,2165.75,0,9.5,80.6,6.33,1.44,0,6.66667,0,14.3647,3.915,-9.59272,1,7,0,0,1,0,0,0,2.304,0,185
24,1571.720,22.5979,14.7,8.66598,255,0,-.78125,2130,0,9.5,80.6,6.33,1.44,0,6.66667,0,14.3647,3.915,-9.59272,1,7,0,0,1,0,0,0,2.304,0,185
25,1571.760,22.4722,14.7,8.82345,255,0,-.78125,2000,0,9.5,80.6,6.4,1.46,0,6.66667,0,14.3647,3.77,-9.59272,1,7,0,0,2,0,0,0,2.304,0,185
26,1571.800,22.5553,14.7,8.97335,255,0,-.78125,1977.5,0,9.5,80.6,6.63,1.46,0,6.66667,0,14.3647,3.77,-9.5373,1,7,0,0,2,0,0,0,2.304,0,185
27,1571.840,22.3871,14.7,8.97335,255,0,-.78125,1942.5,0,9.5,80.6,6.91,1.46,0,6.66667,0,14.3647,3.77,-9.5373,1,7,0,0,2,0,0,0,2.304,0,185
28,1571.880,22.5553,14.5852,9.10911,255,0,-.78125,1922,0,9.5,80.6,7,1.46,0,6.66667,0,14.3647,3.77,-9.44887,1,7,0,0,2,0,0,0,2.304,0,185
29,1571.920,22.6404,14.5852,9.10911,255,0,-.78125,1892.25,0,9.5,80.6,7.28,1.46,0,6.66667,0,14.3647,3.77,-9.44887,1,7,0,0,1,0,0,0,2.304,0,185
30,1571.960,22.5553,14.5852,9.23768,255,0,0,1869,0,9.5,80.6,7.19,1.48,0,6.66667,0,14.3647,3.77,-9.32718,1,7,0,0,2,0,0,0,2.304,0,185
31,1572.000,22.5553,14.5852,9.35828,255,0,0,1827.5,0,9.5,80.6,6.91,1.46,0,6.66667,0,14.3647,3.77,-9.21594,1,7,0,0,1,0,0,0,2.304,0,186.8
32,1572.040,22.5147,14.5852,9.35828,255,0,0,1803.75,0,9.5,80.6,6.91,1.46,0,6.66667,0,14.3647,3.77,-9.21594,1,7,0,0,1,0,0,0,2.56,0,186.8
33,1572.080,22.4722,14.5852,9.46717,255,0,0,1771.75,0,9.5,80.6,6.91,1.46,0,6.66667,0,14.3647,3.77,-9.10087,1,7,0,0,1,0,0,0,2.56,0,186.8
34,1572.120,24.1992,14.5852,9.56949,255,0,0,1741.25,0,9.5,80.6,6.54,1.46,0,6.66667,0,14.3647,3.77,-8.97462,1,7,0,0,1,0,0,0,2.56,0,186.8
35,1572.160,24.2418,14.5852,9.56949,255,0,0,1712,0,9.5,80.6,6.5,1.46,0,6.66667,0,14.3647,3.77,-8.97462,1,7,0,0,1,0,0,0,2.56,0,186.8
36,1572.200,24.1992,14.5852,9.66162,255,0,0,1690.5,0,9.5,80.6,6.63,1.46,0,6.66667,0,14.3647,3.77,-8.8346,1,7,0,0,1,0,0,0,2.56,0,186.8
37,1572.240,24.2418,14.5852,9.66162,255,0,0,1648,0,9.5,80.6,6.72,1.46,0,6.66667,0,14.3647,3.915,-8.8346,1,7,0,0,1,0,0,0,2.56,0,186.8
38,1572.280,24.1567,14.5852,9.74922,255,0,0,1620.5,0,9.5,80.6,6.63,1.46,0,6.66667,0,14.3647,3.915,-8.72491,1,7,0,0,1,0,0,0,2.56,0,186.8
39,1572.320,23.9459,14.5852,9.82559,255,0,0,1608,0,9.5,80.6,6.54,1.46,0,6.66667,0,14.3647,3.915,-8.65651,1,7,0,0,1,0,0,0,2.56,0,186.8
40,1572.360,24.1992,14.4703,9.82559,255,0,0,1591.25,0,9.5,80.6,6.37,1.44,0,6.27451,0,14.3647,3.915,-8.65651,1,7,0,0,1,0,0,0,2.56,0,186.8
41,1572.400,24.2843,14.4703,9.89665,255,0,0,1581,0,9.5,80.6,6.33,1.44,0,6.27451,0,14.3647,3.915,-8.60654,1,7,0,0,1,0,0,0,2.56,0,186.8
42,1572.440,24.3675,14.4703,9.96214,255,0,0,1568.75,0,9.5,80.6,6.29,1.44,0,6.27451,0,14.3647,3.915,-8.60654,1,7,0,0,1,0,0,0,2.56,0,186.8
43,1572.480,24.2418,14.4703,9.96214,255,0,0,1558.5,0,9.5,80.6,6.25,1.44,0,6.27451,0,14.3647,3.915,-8.60654,1,7,0,0,1,0,0,0,2.56,0,186.8
44,1572.520,24.2843,14.4703,9.96544,255,0,0,1548,0,9.5,80.6,6.33,1.44,0,6.27451,0,14.3647,3.915,-8.60654,1,7,0,0,1,0,0,0,2.56,0,186.8
45,1572.560,24.1992,14.4703,9.96544,255,0,.78125,1529,0,9.5,80.6,6.11,1.44,0,6.27451,0,14.3647,3.915,-8.60654,1,7,0,0,1,0,0,0,2.56,0,186.8
46,1572.600,24.1567,14.4703,10.0252,255,0,.78125,1504.5,0,9.5,80.6,6.03,1.42,0,6.27451,0,14.3647,3.915,-8.60654,1,7,0,0,1,0,0,0,2.56,0,186.8
47,1572.640,24.2418,14.4703,10.0823,255,0,.78125,1494,0,9.5,80.6,5.96,1.42,0,5.88235,0,14.3647,3.915,-8.60654,1,7,0,0,1,0,0,0,2.56,0,186.8
48,1572.680,24.2843,14.4703,10.0823,255,0,.78125,1485,0,9.5,80.6,6.03,1.42,0,6.27451,0,14.3647,3.915,-8.60654,1,7,0,0,1,0,0,0,2.56,0,186.8
49,1572.720,24.2418,14.4703,10.1297,255,0,.78125,1474,0,9.5,80.6,6,1.42,0,6.27451,0,14.3647,3.915,-8.60654,1,7,0,0,1,0,0,0,2.56,0,186.8
50,1572.760,24.2418,14.4703,10.1777,255,0,-1.5625,1465.5,0,9.5,80.6,6,1.42,0,5.88235,0,14.3647,3.915,-8.60654,1,7,0,0,1,0,0,0,2.56,0,186.8
51,1572.800,24.1992,14.4703,10.1777,255,0,-1.5625,1457,0,9.5,80.6,5.96,1.42,0,5.88235,0,14.3647,3.915,-8.60654,1,7,0,0,1,0,0,0,2.56,0,186.8
52,1572.840,24.1567,14.4703,10.1811,255,0,-1.5625,1448.25,0,9.5,80.6,5.92,1.42,0,5.88235,0,14.3647,3.915,-8.60654,1,7,0,0,1,0,0,0,2.56,0,186.8
53,1572.880,24.1992,14.3555,10.1811,255,0,-1.5625,1433.25,0,9.5,80.6,5.92,1.42,0,5.88235,0,14.3647,4.06,-8.60654,1,7,0,0,1,0,0,0,2.56,0,186.8
54,1572.920,24.1567,14.3555,10.2053,255,0,-1.5625,1422.25,0,9.5,80.6,5.81,1.42,0,5.88235,0,14.3647,4.06,-8.60654,1,7,0,0,1,0,0,0,2.56,0,186.8
55,1572.960,24.1992,14.3555,10.2609,255,0,-1.5625,1408.75,0,9.5,80.6,5.96,1.42,0,5.88235,0,14.3647,4.06,-8.60654,1,7,0,0,1,0,0,0,2.56,0,186.8
56,1573.000,24.2418,14.3555,10.2609,255,0,-1.5625,1400.25,0,9.5,80.6,5.85,1.4,0,5.88235,0,14.3647,4.06,-8.60654,1,7,0,0,1,0,0,0,2.56,0,186.8
57,1573.040,24.3675,14.3555,10.2785,255,0,-1.5625,1399.5,0,9.5,80.6,5.78,1.4,0,5.88235,0,14.3647,4.06,-8.60654,1,7,0,0,1,0,0,0,2.56,0,186.8
58,1573.080,24.3249,14.3555,10.282,255,0,-1.5625,1380.5,0,9.5,80.6,5.78,1.4,0,5.88235,0,14.3647,4.06,-8.60654,1,7,0,0,1,0,0,0,2.56,0,186.8
59,1573.120,23.8202,14.3555,10.282,255,0,-1.5625,1380.25,0,9.5,80.6,5.78,1.42,0,5.88235,0,14.3647,4.06,-8.60654,1,7,0,0,1,0,0,0,2.56,0,186.8
60,1573.160,23.6945,14.2406,10.3137,255,0,-1.5625,1364,0,9.5,80.6,5.81,1.4,0,5.88235,0,14.3647,4.06,-8.60654,1,7,0,0,1,0,0,0,2.56,0,186.8
61,1573.200,23.7776,14.2406,10.3137,255,0,-1.5625,1349,0,9.5,80.6,5.7,1.4,0,5.88235,0,14.3647,4.06,-8.60654,1,7,0,0,1,0,0,0,2.56,0,186.8
62,1573.240,23.7776,14.2406,10.342,255,0,-1.5625,1338.75,0,9.5,80.6,5.7,1.4,0,5.88235,0,14.3647,4.06,-8.60654,1,7,0,0,1,0,0,0,2.56,0,186.8
63,1573.280,23.7776,14.2406,10.3705,255,0,-1.5625,1325.25,0,9.5,80.6,5.7,1.4,0,5.88235,0,14.3647,4.06,-8.60654,1,7,0,0,1,0,0,0,2.56,0,186.8
64,1573.320,23.8202,14.2406,10.3705,255,0,-1.5625,1315.75,0,9.5,80.6,5.74,1.4,0,5.88235,0,14.3647,4.06,-8.60654,1,7,0,0,1,0,0,0,2.56,0,186.8
65,1573.360,23.6945,14.1258,10.3884,255,0,-1.5625,1307.75,0,9.5,80.6,5.64,1.4,0,5.88235,0,14.3647,4.06,-8.60654,1,7,0,0,1,0,0,0,2.56,0,186.8
66,1573.400,23.6945,14.1258,10.3956,255,0,-1.5625,1295,0,9.5,80.6,5.68,1.4,0,5.88235,0,14.3647,4.06,-8.60654,1,7,0,0,1,0,0,0,2.56,0,186.8
67,1573.440,23.8202,14.1258,10.3956,255,0,-1.5625,1295.25,0,9.5,80.6,5.7,1.4,0,5.88235,0,14.3647,4.06,-8.60654,1,7,0,0,1,0,0,0,2.56,0,186.8
68,1573.480,23.6519,14.1258,10.4172,255,0,-1.5625,1289.25,0,9.5,80.6,5.7,1.4,0,5.4902,0,14.3647,4.06,-8.60654,1,7,0,0,1,0,0,0,2.56,0,186.8
69,1573.520,23.8202,14.1258,10.4172,255,0,-1.5625,1282.5,0,9.5,80.6,5.58,1.38,0,5.4902,0,14.3647,4.06,-8.60654,1,7,0,0,1,0,0,0,2.56,0,186.8
70,1573.560,23.8202,14.0109,10.4172,255,0,-1.5625,1268.75,0,9.5,80.6,5.56,1.38,0,5.4902,0,14.3647,4.06,-8.60654,1,7,0,0,1,0,0,0,2.56,0,186.8
71,1573.600,23.6519,14.0109,10.4425,255,0,-1.5625,1255,0,9.5,80.6,5.52,1.4,0,5.4902,0,14.3647,4.06,-8.60654,1,7,0,0,1,0,0,0,2.56,0,186.8
72,1573.640,23.6945,14.0109,10.4425,255,0,-1.5625,1248.5,0,9.5,80.6,5.52,1.38,0,5.4902,0,14.3647,4.06,-8.60654,1,7,0,0,1,0,0,0,2.56,0,186.8
73,1573.680,23.7776,14.0109,10.4606,255,0,-1.5625,1240.75,0,9.5,80.6,5.5,1.38,0,5.4902,0,14.3647,4.06,-8.60654,1,7,0,0,1,0,0,0,2.56,0,186.8
74,1573.720,23.6945,13.8961,10.4606,255,0,-1.5625,1239.25,0,9.5,80.6,5.48,1.38,0,5.4902,0,14.3647,4.06,-8.60654,1,7,0,0,1,0,0,0,2.56,0,186.8
75,1573.760,23.7776,13.8961,10.4606,255,0,-1.5625,1223.75,0,9.5,80.6,5.44,1.36,0,5.4902,0,14.3647,4.06,-8.60654,1,7,0,0,1,0,0,0,2.56,0,186.8
76,1573.800,23.7776,13.8961,10.4752,255,0,-1.5625,1209.25,0,9.5,80.6,5.4,1.38,0,5.4902,0,14.3647,4.06,-8.60654,1,7,0,0,1,0,0,0,2.56,0,186.8
77,1573.840,23.7776,13.8961,10.4752,255,0,-1.5625,1190.25,0,9.5,80.6,5.36,1.36,0,5.4902,0,14.3647,4.06,-8.60654,1,7,0,0,1,0,0,0,2.56,0,186.8
78,1573.880,23.6945,13.7813,10.4898,255,0,-1.5625,1174.75,0,9.5,80.6,5.3,1.36,0,5.4902,0,14.3647,4.06,-8.61543,1,7,0,0,1,0,0,0,2.56,0,186.8
79,1573.920,23.6945,13.7813,10.4861,255,0,-1.5625,1175.25,0,9.5,80.6,5.3,1.36,0,5.4902,0,14.3647,4.06,-8.62923,1,7,0,0,1,0,0,0,2.56,0,186.8
80,1573.960,23.7776,13.7813,10.4861,255,0,-1.5625,1173.75,0,9.5,80.6,5.21,1.34,0,5.4902,0,14.3647,4.06,-8.62923,1,7,0,0,1,0,0,0,2.56,0,186.8
81,1574.000,23.6945,13.6664,10.4971,255,0,-1.5625,1163.25,0,9.5,80.6,5.17,1.36,0,5.09804,0,14.3647,4.06,-8.63061,1,7,0,0,1,0,0,0,2.56,0,186.8
82,1574.040,23.7776,13.6664,10.5044,255,0,-1.5625,1146.5,0,9.5,80.6,5.09,1.34,0,5.09804,0,14.3647,4.06,-8.65557,1,7,0,0,1,0,0,0,2.56,0,186.8
83,1574.080,23.6094,13.6664,10.5044,255,0,-1.5625,1147.25,0,9.5,80.6,5.09,1.36,0,5.09804,0,14.3647,4.06,-8.65557,1,7,0,0,1,0,0,0,2.56,0,186.8
84,1574.120,23.7776,13.5516,10.5007,255,0,-1.5625,1134.25,0,9.5,80.6,5.05,1.34,0,5.09804,0,14.3647,4.06,-8.66618,1,7,0,0,1,0,0,0,2.56,0,186.8
85,1574.160,23.5668,13.5516,10.5007,255,0,-1.5625,1123.25,0,9.5,80.6,5.09,1.36,0,5.09804,0,14.3647,4.06,-8.66618,1,7,0,0,1,0,0,0,2.56,0,186.8
86,1574.200,23.6945,13.4367,10.5081,255,0,-1.5625,1110.5,0,9.5,80.6,5.13,1.34,0,5.09804,0,14.3647,4.205,-8.67692,1,7,0,0,1,0,0,0,2.56,0,186.8
87,1574.240,23.6945,13.4367,10.5044,255,0,-1.5625,1113.5,0,9.5,80.6,5.13,1.36,0,5.09804,0,14.3647,4.205,-8.68603,1,7,0,0,1,0,0,0,2.56,0,186.8
88,1574.280,23.8202,13.3219,10.5044,255,0,-1.5625,1109,0,9.5,80.6,5.13,1.34,0,5.09804,0,14.3647,4.205,-8.68603,1,7,0,0,1,0,0,0,2.56,0,186.8
89,1574.320,23.7776,13.3219,10.5154,255,0,-1.5625,1093.5,0,9.5,80.6,5.13,1.36,0,5.09804,0,14.3647,4.205,-8.69014,1,7,0,0,1,0,0,0,2.56,0,186.8
90,1574.360,23.7776,13.207,10.5081,255,0,-1.5625,1081,0,9.5,80.6,5.13,1.34,0,5.09804,0,14.3647,4.205,-8.70592,1,7,0,0,1,0,0,0,2.56,0,186.8
91,1574.400,23.6945,13.207,10.5081,255,0,-1.5625,1084,0,9.5,80.6,5.13,1.36,0,5.09804,0,14.3647,4.205,-8.70592,1,7,0,0,1,0,0,0,2.56,0,186.8
92,1574.440,23.7351,13.207,10.5117,255,0,-1.5625,1062,0,9.5,80.6,5.09,1.34,0,5.09804,0,14.3647,4.205,-8.72379,1,7,0,0,1,0,0,0,2.56,0,186.8
93,1574.480,23.7776,13.0922,10.5117,255,0,-1.5625,1042.25,0,9.5,80.6,5.05,1.34,0,5.09804,0,14.3647,4.205,-8.72379,1,7,0,0,1,0,0,0,2.56,0,186.8
94,1574.520,23.7776,13.0922,10.5117,255,0,-1.5625,1040.25,0,9.5,80.6,5.01,1.34,0,5.09804,0,14.3647,4.205,-8.75154,1,7,0,0,1,0,0,0,2.56,0,186.8
95,1574.560,23.7776,12.9773,10.5081,255,0,-1.5625,1036.75,0,9.5,80.6,4.97,1.32,0,5.09804,0,14.3647,4.205,-8.76119,1,7,0,0,1,0,0,0,2.56,0,186.8
96,1574.600,23.7776,12.9773,10.5081,255,0,-1.5625,1028.5,0,9.5,80.6,4.97,1.34,0,5.09804,0,14.3647,4.205,-8.76119,1,7,0,0,1,0,0,0,2.56,0,186.8
97,1574.640,23.6945,12.8625,10.5154,255,0,-1.5625,1029.25,0,9.5,80.6,4.97,1.34,0,5.09804,0,14.3647,4.205,-8.76412,1,7,0,0,1,0,0,0,2.56,0,186.8
98,1574.680,23.7351,12.8625,10.5081,255,0,-1.5625,1004.75,0,9.5,80.6,4.97,1.32,0,5.09804,0,14.3647,4.205,-8.78583,1,7,0,0,1,0,0,0,2.56,0,186.8
99,1574.720,23.6945,12.7477,10.5081,255,0,-1.5625,991,0,10.5,80.6,4.89,1.34,0,5.09804,0,14.3647,4.205,-8.78583,1,7,0,0,1,0,0,0,2.56,0,186.8
100,1574.760,23.8202,12.7477,10.5044,255,0,-1.5625,988.25,0,10.5,80.6,4.89,1.34,0,5.09804,0,14.3647,4.205,-8.80112,1,7,0,0,1,0,0,0,2.56,0,186.8
101,1574.800,23.8202,12.6328,10.5044,255,0,-1.5625,972.25,0,11,80.6,4.89,1.32,0,5.09804,0,14.3647,4.35,-8.80112,1,7,0,0,1,0,0,0,2.56,0,186.8
102,1574.840,23.7351,12.6328,10.4934,255,0,-1.5625,960.25,0,11,80.6,4.89,1.34,0,5.09804,0,14.3647,4.35,-8.81572,1,7,0,0,1,0,0,0,2.56,0,186.8
103,1574.880,23.7776,12.518,10.4934,255,0,-1.5625,968.25,0,11,80.6,4.89,1.34,0,5.09804,0,14.3647,4.35,-8.81942,1,7,0,0,1,0,0,0,2.56,0,186.8
104,1574.920,23.5668,12.518,10.4934,255,0,-1.5625,958.5,0,11,80.6,4.89,1.32,0,5.09804,0,14.3647,4.35,-8.81942,1,7,0,0,1,0,0,0,2.56,0,186.8
105,1574.960,23.7351,12.4031,10.4861,255,0,-1.5625,948.25,0,11,80.6,4.89,1.34,0,5.09804,0,14.3647,4.35,-8.82843,1,7,0,0,1,0,0,0,2.816,0,186.8
106,1575.000,23.7776,12.2883,10.4861,255,0,-1.5625,951.5,0,11,80.6,4.85,1.34,0,5.09804,0,14.3647,4.35,-8.83479,1,7,0,0,1,0,0,0,2.816,0,186.8
107,1575.040,23.7351,12.2883,10.4861,255,0,-1.5625,935.75,0,11,80.6,4.81,1.32,0,5.09804,0,14.3647,4.35,-8.83479,1,7,0,0,1,0,0,0,2.816,0,186.8
108,1575.080,23.6945,12.1734,10.4788,255,0,-1.5625,929,0,11,80.6,4.73,1.32,0,5.09804,0,14.3647,4.495,-8.85181,1,7,0,0,1,0,0,0,2.816,0,186.8
109,1575.120,23.8202,12.1734,10.4788,255,0,-1.5625,932.5,0,11,80.6,4.73,1.32,0,5.09804,0,14.3647,4.495,-8.85181,1,7,0,0,1,0,0,0,2.816,0,186.8
110,1575.160,23.7776,12.0586,10.4788,255,0,-1.5625,925.25,0,11,82.4,4.69,1.34,0,5.09804,0,14.3647,4.495,-8.85228,1,7,0,0,1,0,0,0,2.816,0,186.8
111,1575.200,23.6519,11.9437,10.4752,255,0,-1.5625,924.5,0,11,82.4,4.64,1.32,0,5.09804,0,14.3647,4.495,-8.85954,1,7,0,0,1,0,0,0,2.816,0,186.8
112,1575.240,23.7351,11.9437,10.4752,255,0,-1.5625,916,0,11,82.4,4.64,1.3,0,5.09804,0,14.3647,4.495,-8.85954,1,7,0,0,1,0,0,0,2.816,0,186.8
113,1575.280,23.8202,11.8289,10.4788,255,0,-1.5625,900.5,0,11.5,82.4,4.64,1.32,0,5.09804,0,14.3647,4.495,-8.86481,1,7,0,0,1,0,0,0,2.816,0,186.8
114,1575.320,23.7776,11.7141,10.4715,255,0,-1.5625,895,0,11.5,82.4,4.64,1.32,0,4.70588,0,14.3647,4.495,-8.88675,1,7,0,0,1,0,0,0,2.816,0,186.8
115,1575.360,23.8202,11.7141,10.4715,255,0,-1.5625,890.25,0,11.5,82.4,4.64,1.34,0,4.70588,0,14.3647,4.64,-8.88675,1,7,0,0,1,0,0,0,2.816,0,186.8
116,1575.400,23.7351,11.5992,10.4788,255,0,-1.5625,891.25,0,11.5,82.4,4.69,1.32,0,4.70588,0,14.3647,4.64,-8.89007,1,7,0,0,1,0,0,0,2.816,0,186.8
117,1575.440,23.6945,11.4844,10.4715,255,0,-1.5625,876.25,0,11.5,82.4,4.64,1.32,0,4.70588,0,14.3647,4.64,-8.89007,1,7,0,0,1,0,0,0,2.816,0,186.8
118,1575.480,23.5668,11.4844,10.4715,255,0,-1.5625,882.5,0,11.5,82.4,4.64,1.3,0,4.70588,0,14.3647,4.64,-8.90383,1,7,0,0,1,0,0,0,2.816,0,186.8
119,1575.520,23.7351,11.3695,10.4825,255,0,-1.5625,886.5,0,11.5,82.4,4.64,1.32,0,4.70588,0,14.3647,4.64,-8.89821,1,7,0,0,1,0,0,0,2.816,0,186.8
120,1575.560,23.7776,11.2547,10.4825,255,0,-1.5625,869,0,12,82.4,4.6,1.32,0,4.70588,0,14.3647,4.64,-8.89821,1,7,0,0,1,0,0,0,2.816,0,186.8
121,1575.600,23.7776,11.1398,10.4788,255,0,-1.5625,869,0,12,82.4,4.56,1.32,0,4.70588,0,14.3647,4.64,-8.9105,1,7,0,0,1,0,0,0,2.816,0,186.8
122,1575.640,23.8202,11.1398,10.4861,255,0,-1.5625,861.5,0,12,82.4,4.56,1.32,0,4.70588,0,14.3647,4.64,-8.91745,1,7,0,0,1,0,0,0,2.816,0,186.8
123,1575.680,23.7776,11.1398,10.4861,255,0,-1.5625,868.25,0,12,82.4,4.56,1.3,0,4.70588,0,14.3647,4.64,-8.91745,1,7,0,0,1,0,0,0,2.816,0,186.8
124,1575.720,23.6519,11.1398,10.4898,255,0,-1.5625,872.25,0,11.5,82.4,4.56,1.3,0,4.70588,0,14.3647,4.64,-8.91352,1,7,0,0,1,0,0,0,2.816,0,186.8
125,1575.760,23.6945,11.1398,10.4934,255,0,-1.5625,867.75,0,12,82.4,4.48,1.3,0,4.70588,0,14.3647,4.785,-8.91352,1,7,0,0,1,0,0,0,2.816,0,186.8
126,1575.800,23.7776,11.1398,10.4934,255,0,-1.5625,868,0,12,82.4,4.53,1.32,0,4.70588,0,14.3647,4.785,-8.91181,1,7,0,0,1,0,0,0,2.816,0,186.8
127,1575.840,23.6945,11.1398,10.4861,255,0,-1.5625,846.75,0,12,82.4,4.53,1.32,0,4.70588,0,14.3647,4.785,-8.93101,1,7,0,0,1,0,0,0,2.816,0,186.8
128,1575.880,23.7351,11.1398,10.4861,255,0,-1.5625,838,0,12.5,82.4,4.56,1.32,0,4.70588,0,14.3647,4.785,-8.93101,1,7,0,0,1,0,0,0,2.816,0,186.8
129,1575.920,23.7351,11.1398,10.4861,255,0,-1.5625,828.5,0,12.5,82.4,4.56,1.32,0,4.70588,0,14.3647,4.785,-8.93899,1,7,0,0,1,0,0,0,2.816,0,186.8
130,1575.960,23.6094,11.1398,10.4971,255,0,-1.5625,834,0,12.5,82.4,4.56,1.32,0,4.70588,0,14.3647,4.785,-8.94269,1,7,0,0,1,0,0,0,2.816,0,186.8
131,1576.000,23.6094,11.1398,10.4971,255,0,-1.5625,826,0,12.5,82.4,4.53,1.3,0,4.70588,0,14.3647,4.785,-8.94269,1,7,0,0,1,0,0,0,2.816,0,186.8
132,1576.040,23.7351,11.1398,10.4971,255,0,-1.5625,834,0,12.5,82.4,4.41,1.3,0,4.70588,0,14.3647,4.785,-8.94593,1,7,0,0,1,0,0,0,2.816,0,186.8
133,1576.080,23.5668,11.1398,10.5044,255,0,-1.5625,838.5,0,12.5,82.4,4.41,1.3,0,4.70588,0,14.3647,4.785,-8.94593,1,7,0,0,1,0,0,0,2.816,0,186.8
134,1576.120,23.7351,11.1398,10.5044,255,0,-1.5625,827.25,0,12.5,82.4,4.41,1.3,0,4.70588,0,14.3647,4.785,-8.93867,1,7,0,0,1,0,0,0,2.816,0,186.8
135,1576.160,23.6945,11.1398,10.5007,255,0,-1.5625,835.75,0,12.5,82.4,4.41,1.3,0,4.31373,0,14.3647,4.785,-8.94882,1,7,0,0,1,0,0,0,2.816,0,186.8
136,1576.200,23.7351,11.1398,10.5007,255,0,-1.5625,837.25,0,12.5,82.4,4.33,1.32,0,4.31373,0,14.3647,4.785,-8.94882,1,7,0,0,1,0,0,0,2.816,0,186.8
137,1576.240,23.6519,11.1398,10.5081,255,0,-1.5625,848,0,12,82.4,4.33,1.32,0,4.31373,0,14.3647,4.785,-8.93973,1,7,0,0,1,0,0,0,2.816,0,186.8
138,1576.280,23.6519,11.1398,10.5081,255,0,-1.5625,840.25,0,12.5,82.4,4.33,1.3,0,4.31373,0,14.3647,4.93,-8.93697,1,7,0,0,1,0,0,0,2.816,0,186.8
139,1576.320,23.6945,11.1398,10.5081,255,0,-1.5625,839.25,0,12.5,82.4,4.33,1.3,0,4.31373,0,14.3647,4.93,-8.93697,1,7,0,0,1,0,0,0,2.816,0,186.8
140,1576.360,23.6945,11.1398,10.5081,255,0,-1.5625,827.25,0,12.5,82.4,4.33,1.3,0,4.31373,0,14.3647,4.93,-8.94883,1,7,0,0,1,0,0,0,2.816,0,186.8
141,1576.400,23.6945,11.1398,10.5081,255,0,-1.5625,823.75,0,12.5,82.4,4.33,1.28,0,4.31373,0,14.3647,4.93,-8.94883,1,7,0,0,1,0,0,0,2.816,0,186.8
142,1576.440,23.5243,11.1398,10.5117,255,0,-1.5625,820.75,0,12.5,82.4,4.37,1.3,0,4.31373,0,14.3647,4.93,-8.95202,1,7,0,0,1,0,0,0,2.816,0,186.8
143,1576.480,23.6945,11.1398,10.5117,253,0,-1.5625,823.75,0,12.5,82.4,4.37,1.3,0,4.31373,0,14.3647,4.93,-8.95495,1,7,0,0,1,0,0,0,2.816,0,186.8
144,1576.520,23.6519,11.1398,10.5117,253,0,-1.5625,834.75,0,12.5,82.4,4.37,1.3,0,4.31373,0,14.3647,4.93,-8.95495,1,7,0,0,1,0,0,0,2.816,0,186.8
145,1576.560,23.7351,11.1398,10.5264,253,0,-1.5625,831.25,0,12.5,82.4,4.33,1.32,0,4.31373,0,14.3647,4.93,-8.94205,1,7,0,0,1,0,0,0,2.816,0,186.8
146,1576.600,23.6519,11.1398,10.5264,235,0,-1.5625,839,0,12.5,82.4,4.33,1.32,0,4.31373,0,14.3647,4.93,-8.93802,1,7,0,0,1,0,0,0,2.816,0,186.8
147,1576.640,23.6519,11.1398,10.5264,235,0,-1.5625,838.25,0,12.5,82.4,4.29,1.3,0,4.31373,0,14.3647,4.93,-8.93802,1,7,0,0,1,0,0,0,2.816,0,186.8
148,1576.680,23.6519,11.1398,10.5338,235,0,-1.5625,848.25,0,12,82.4,4.25,1.3,0,4.31373,0,14.3647,4.93,-8.92972,1,7,0,0,1,0,0,0,2.816,0,186.8
149,1576.720,23.6094,11.1398,10.5338,218,0,-1.5625,844.25,0,12,82.4,4.25,1.28,0,4.31373,0,14.3647,4.93,-8.92972,1,7,0,0,1,0,0,0,2.816,0,186.8
150,1576.760,23.4837,11.1398,10.5338,218,0,-1.5625,842.5,0,12,82.4,4.18,1.28,0,4.31373,0,14.3647,4.93,-8.93339,1,7,0,0,1,0,0,0,2.816,0,186.8
151,1576.800,23.6945,11.1398,10.5375,218,0,-1.5625,853.25,0,12,82.4,4.18,1.28,0,4.31373,0,14.3647,4.93,-8.93506,1,7,0,0,1,0,0,0,2.816,0,186.8
152,1576.840,23.9033,11.1398,10.5375,203,0,-1.5625,852,0,12,82.4,4.18,1.3,0,4.31373,0,14.3647,4.93,-8.93506,1,7,0,0,1,0,0,0,2.816,0,186.8
153,1576.880,23.8202,11.1398,10.5449,203,0,-1.5625,863,0,12,82.4,4.16,1.3,0,4.31373,0,14.3647,4.93,-8.92616,1,7,0,0,0,0,0,0,2.816,0,186.8
154,1576.920,23.6519,11.1398,10.5523,203,0,-1.5625,868.75,0,12,82.4,4.18,1.3,0,4.31373,0,14.3647,4.93,-8.91075,1,7,0,0,0,0,0,0,2.816,0,186.8
155,1576.960,23.6094,11.1398,10.5523,203,0,-1.5625,876.5,0,11.5,82.4,4.18,1.28,0,4.31373,0,14.3647,4.93,-8.91075,1,7,0,0,1,0,0,0,2.816,0,186.8
156,1577.000,23.8627,11.1398,10.556,189,0,-1.5625,872.25,0,11.5,82.4,4.16,1.28,0,4.31373,0,14.3647,4.93,-8.9087,1,7,0,0,1,0,0,0,2.816,0,186.8
157,1577.040,23.7351,11.1398,10.5597,189,0,-1.5625,874.5,0,11.5,82.4,4.18,1.28,0,4.31373,0,14.3647,4.93,-8.9087,1,7,0,0,1,0,0,0,2.56,0,186.8
158,1577.080,23.9033,11.1398,10.5597,189,0,-1.5625,883.25,0,11.5,82.4,4.16,1.3,0,4.31373,0,14.3647,4.93,-8.90554,1,7,0,0,1,0,0,0,2.56,0,186.8
159,1577.120,23.8202,11.1398,10.5634,177,0,-1.5625,880,0,11.5,82.4,4.16,1.3,0,4.31373,0,14.3647,4.93,-8.90049,1,7,0,0,1,0,0,0,2.56,0,186.8
160,1577.160,23.9033,11.1398,10.5634,177,0,-1.5625,891,0,11.5,82.4,4.16,1.3,0,4.31373,0,14.3647,4.93,-8.90049,1,7,0,0,0,0,0,0,2.56,0,186.8
161,1577.200,23.9459,11.1398,10.5708,177,0,-1.5625,895.75,0,11.5,82.4,4.16,1.28,0,4.31373,0,14.3647,4.785,-8.89043,1,7,0,0,0,0,0,0,2.56,0,186.8
162,1577.240,23.9459,11.1398,10.5857,165,0,-1.5625,907.75,0,11,82.4,4.16,1.28,0,4.31373,0,14.3647,4.785,-8.87284,1,7,0,0,0,0,0,0,2.56,0,186.8
163,1577.280,23.6945,11.1398,10.5857,165,0,-1.5625,919.5,0,11,82.4,4.16,1.3,0,4.31373,0,14.3647,4.785,-8.87284,1,7,0,0,0,0,0,0,2.56,0,186.8
164,1577.320,23.9033,11.1398,10.5968,165,0,-1.5625,922.5,0,11,82.4,4.12,1.3,0,4.31373,0,14.3647,4.785,-8.86423,1,7,0,0,0,0,0,0,2.56,0,186.8
165,1577.360,23.7776,11.1398,10.608,155,0,-1.5625,933,0,11,82.4,4.12,1.28,0,4.31373,0,14.3647,4.785,-8.86423,1,7,0,0,0,0,0,0,2.56,0,186.8
166,1577.400,23.8627,11.1398,10.608,155,0,-1.5625,925,0,11,82.4,4.04,1.26,0,4.31373,0,14.3647,4.785,-8.85168,1,7,0,0,0,0,0,0,2.56,0,186.8
167,1577.440,23.7776,11.1398,10.6118,155,0,-1.5625,920.75,0,11,82.4,4.04,1.28,0,4.31373,0,14.3647,4.785,-8.85923,1,7,0,0,0,0,0,0,2.56,0,186.8
168,1577.480,23.7776,11.1398,10.6118,145,0,-1.5625,934,0,11,82.4,4.04,1.28,0,4.31373,0,14.3647,4.785,-8.85923,1,7,0,0,1,0,0,0,2.56,0,186.8
169,1577.520,23.7351,11.1398,10.6193,145,0,-1.5625,930.75,0,11,82.4,4.04,1.28,0,4.31373,0,14.3647,4.785,-8.85086,1,7,0,0,1,0,0,0,2.56,0,186.8
170,1577.560,23.7351,11.1398,10.6305,145,0,-1.5625,944.5,0,11,82.4,4,1.26,0,4.31373,0,14.3647,4.785,-8.8437,1,7,0,0,0,0,0,0,2.56,0,186.8
171,1577.600,24.031,11.1398,10.6305,145,0,-1.5625,954.25,0,11,82.4,4,1.28,0,4.31373,0,14.3647,4.785,-8.8437,1,7,0,0,0,0,0,0,2.56,0,186.8
172,1577.640,24.1141,11.1398,10.6455,136,0,-1.5625,945.5,0,11,82.4,3.98,1.28,0,4.31373,0,14.3647,4.785,-8.83215,1,7,0,0,0,0,0,0,2.56,0,186.8
173,1577.680,24.1141,11.1398,10.6531,136,0,-1.5625,952.5,0,11,82.4,3.98,1.28,0,4.31373,0,14.3647,4.785,-8.83215,1,7,0,0,0,0,0,0,2.56,0,186.8
174,1577.720,24.1567,11.1398,10.6531,136,0,-1.5625,966.5,0,11,82.4,4,1.26,0,4.31373,0,14.3647,4.64,-8.83399,1,7,0,0,0,0,0,0,2.56,0,186.8
175,1577.760,24.0735,11.1398,10.6644,128,0,-1.5625,961.25,0,11,82.4,3.98,1.28,0,4.31373,0,14.3647,4.64,-8.82105,1,7,0,0,0,0,0,0,2.56,0,186.8
176,1577.800,24.0735,11.1398,10.6644,128,0,-1.5625,962.25,0,11,82.4,3.98,1.28,0,4.31373,0,14.3647,4.64,-8.82105,1,7,0,0,0,0,0,0,2.56,0,186.8
177,1577.840,23.9033,11.1398,10.672,128,0,-1.5625,963.25,0,11,82.4,3.98,1.26,0,4.31373,0,14.3647,4.64,-8.82491,1,7,0,0,0,0,0,0,2.56,0,186.8
178,1577.880,24.1141,11.1398,10.6909,121,0,-1.5625,953.5,0,11,82.4,4,1.26,0,4.31373,0,14.3647,4.64,-8.833,1,7,0,0,0,0,0,0,2.56,0,186.8
179,1577.920,24.1141,11.1398,10.6909,121,0,-1.5625,961.75,0,11,82.4,3.98,1.28,0,4.31373,0,14.3647,4.64,-8.833,1,7,0,0,0,0,0,0,2.304,0,186.8
180,1577.960,24.0735,11.1398,10.7751,121,0,-1.5625,957.75,0,11,82.4,3.98,1.28,0,4.31373,0,14.3647,4.64,-8.82918,1,7,0,0,0,0,0,0,2.304,0,186.8
181,1578.000,24.1141,11.1398,10.7789,114,0,-1.5625,961,0,11,82.4,3.98,1.26,0,4.31373,0,14.3647,4.64,-8.82918,1,7,0,0,0,0,0,0,2.304,0,186.8
182,1578.040,24.0735,11.1398,10.7789,114,0,-1.5625,960.75,0,11,82.4,3.98,1.28,0,4.31373,0,14.3647,4.64,-8.82615,1,7,0,0,0,0,0,0,2.304,0,186.8
183,1578.080,24.031,11.1398,10.7789,114,0,-1.5625,955,0,11,82.4,3.98,1.28,0,4.31373,0,14.3647,4.64,-8.83165,1,7,0,0,0,0,0,0,2.304,0,186.8
184,1578.120,23.9459,11.1398,10.7789,108,0,-1.5625,963.25,0,11,82.4,3.98,1.26,0,4.31373,0,14.3647,4.64,-8.83165,1,7,0,0,1,0,0,0,2.304,0,186.8
185,1578.160,24.0735,11.1398,10.7828,108,0,-1.5625,965,0,11,82.4,3.98,1.26,0,4.31373,0,14.3647,4.64,-8.82973,1,7,0,0,0,0,0,0,2.304,0,186.8
186,1578.200,24.1141,11.1398,10.7867,108,0,-1.5625,964.5,0,11,82.4,3.98,1.28,0,4.31373,0,14.3647,4.495,-8.82277,1,7,0,0,0,0,0,0,2.304,0,186.8
187,1578.240,24.0735,11.1398,10.7867,108,0,-1.5625,970.25,0,11,82.4,3.98,1.28,0,4.31373,0,14.3647,4.495,-8.82277,1,7,0,0,0,0,0,0,2.304,0,186.8
188,1578.280,24.0735,11.1398,10.7905,102,0,-1.5625,968,0,11,82.4,3.95,1.26,0,4.31373,0,14.3647,4.495,-8.82334,1,7,0,0,0,0,0,0,2.304,0,186.8
189,1578.320,24.031,11.1398,10.7944,102,0,-1.5625,964,0,11,82.4,3.93,1.26,0,4.31373,0,14.3647,4.495,-8.82334,1,7,0,0,0,0,0,0,2.304,0,186.8
190,1578.360,23.9884,11.1398,10.7944,102,0,-1.5625,973.5,0,11,82.4,3.89,1.28,0,4.31373,0,14.3647,4.495,-8.82338,1,7,0,0,0,0,0,0,2.304,0,186.8
191,1578.400,23.9033,11.1398,10.7983,97,0,-1.5625,970.25,0,11,82.4,3.89,1.26,0,4.31373,0,14.3647,4.495,-8.81772,1,7,0,0,0,0,0,0,2.304,0,188.6
192,1578.440,24.2418,11.1398,10.7983,97,0,-1.5625,965,0,11,82.4,3.89,1.26,0,4.31373,0,14.3647,4.495,-8.81772,1,7,0,0,0,0,0,0,2.304,0,188.6
193,1578.480,23.6945,11.1398,10.7983,97,0,-1.5625,974.5,0,11,82.4,3.89,1.28,0,4.31373,0,14.3647,4.495,-8.82256,1,7,0,0,1,0,0,0,2.304,0,188.6
194,1578.520,23.6519,11.1398,10.8022,92,0,-1.5625,963.75,0,11,82.4,3.87,1.26,0,4.31373,0,14.3647,4.495,-8.82351,1,7,0,0,1,0,0,0,2.304,0,188.6
195,1578.560,23.7776,11.1398,10.8022,92,0,-1.5625,965.5,0,11,82.4,3.87,1.26,0,4.31373,0,14.3647,4.495,-8.82351,1,7,0,0,0,0,0,0,2.304,0,188.6
196,1578.600,23.7351,11.1398,10.806,92,0,-1.5625,973,0,11,82.4,3.89,1.28,0,4.31373,0,14.3647,4.495,-8.82197,1,7,0,0,0,0,0,0,2.304,0,188.6
197,1578.640,23.6945,11.1398,10.8099,87,0,-1.5625,964,0,11,82.4,3.89,1.28,0,4.31373,0,14.3647,4.495,-8.82197,1,7,0,0,0,0,0,0,2.304,0,188.6
198,1578.680,23.6945,11.1398,10.8099,87,0,-1.5625,959.5,0,11,82.4,3.87,1.26,0,4.31373,0,14.3647,4.495,-8.82321,1,7,0,0,1,0,0,0,2.304,0,188.6
199,1578.720,23.7351,11.1398,10.806,87,0,-1.5625,951.5,0,11,82.4,3.89,1.26,0,4.31373,0,14.3647,4.495,-8.83704,1,7,0,0,1,0,0,0,2.304,0,188.6
200,1578.760,23.7776,11.1398,10.806,83,0,-1.5625,941.5,0,11,82.4,3.89,1.28,0,4.31373,0,14.3647,4.495,-8.83704,1,7,0,0,1,0,0,0,2.304,0,188.6
201,1578.800,23.8627,11.1398,10.806,83,0,-1.5625,948.75,0,11,82.4,3.93,1.28,0,4.31373,0,14.3647,4.495,-8.84395,1,7,0,0,0,0,0,0,2.304,0,188.6
202,1578.840,23.7351,11.1398,10.806,83,0,-1.5625,944,0,11,82.4,3.89,1.26,0,4.31373,0,14.3647,4.495,-8.84364,1,7,0,0,1,0,0,0,2.304,0,188.6
203,1578.880,23.9033,11.1398,10.806,83,0,-1.5625,935.25,0,11,82.4,3.89,1.26,0,4.31373,0,14.3647,4.35,-8.84364,1,7,0,0,1,0,0,0,2.304,0,188.6
204,1578.920,23.7776,11.1398,10.8099,79,0,-1.5625,931.25,0,11,82.4,3.89,1.28,0,4.31373,0,14.3647,4.35,-8.84968,1,7,0,0,1,0,0,0,2.304,0,188.6
205,1578.960,23.7776,11.1398,10.806,79,0,-1.5625,926.5,0,11,82.4,3.89,1.28,0,4.31373,0,14.3647,4.35,-8.84968,1,7,0,0,1,0,0,0,2.304,0,188.6
206,1579.000,23.6945,11.1398,10.806,79,0,-1.5625,923,0,11,82.4,3.89,1.26,0,3.92157,0,14.3647,4.495,-8.85769,1,7,0,0,1,0,0,0,2.304,0,188.6
207,1579.040,23.7776,11.1398,10.8881,75,0,-1.5625,921.75,0,11,82.4,3.89,1.26,0,4.31373,0,14.3647,4.495,-8.86116,1,7,0,0,1,0,0,0,2.304,0,188.6
208,1579.080,23.7351,11.1398,10.8881,75,0,-1.5625,914,0,11,82.4,3.89,1.28,0,3.92157,0,14.3647,4.495,-8.86116,1,7,0,0,1,0,0,0,2.304,0,188.6
209,1579.120,23.7351,11.1398,10.8881,75,0,-1.5625,918.25,0,11,82.4,3.89,1.28,0,3.92157,0,14.3647,4.495,-8.86921,1,7,0,0,1,0,0,0,2.304,0,188.6
210,1579.160,23.7351,11.1398,10.892,72,0,-1.5625,913,0,11,82.4,3.89,1.26,0,3.92157,0,14.3647,4.495,-8.8702,1,7,0,0,1,0,0,0,2.304,0,188.6
211,1579.200,23.8202,11.1398,10.892,72,0,-1.5625,912.75,0,11,82.4,3.87,1.26,0,3.92157,0,14.3647,4.495,-8.8702,1,7,0,0,1,0,0,0,2.304,0,188.6
212,1579.240,23.8202,11.1398,10.892,72,0,-1.5625,920,0,11,82.4,3.91,1.26,0,3.92157,0,14.3647,4.495,-8.8703,1,7,0,0,1,0,0,0,2.304,0,188.6
213,1579.280,23.7776,11.1398,10.896,69,0,-1.5625,914.5,0,11,82.4,3.89,1.28,0,3.92157,0,14.3647,4.495,-8.8703,1,7,0,0,1,0,0,0,2.304,0,188.6
214,1579.320,23.7776,11.1398,10.896,69,0,-1.5625,916.75,0,11,82.4,3.89,1.28,0,3.92157,0,14.3647,4.495,-8.8687,1,7,0,0,1,0,0,0,2.304,0,188.6
215,1579.360,23.7351,11.1398,10.896,69,0,-1.5625,909.5,0,11,82.4,3.87,1.26,0,3.92157,0,14.3647,4.495,-8.87347,1,7,0,0,1,0,0,0,2.304,0,188.6
216,1579.400,23.6945,11.1398,10.896,66,0,-1.5625,904,0,11.5,82.4,3.87,1.26,0,3.92157,0,14.3647,4.495,-8.87347,1,7,0,0,1,0,0,0,2.304,0,188.6
217,1579.440,23.6945,11.1398,10.896,66,0,-1.5625,896.25,0,11.5,82.4,3.85,1.26,0,3.92157,0,14.3647,4.495,-8.87846,1,7,0,0,1,0,0,0,2.304,0,188.6
218,1579.480,23.8627,11.1398,10.892,66,0,-1.5625,887.75,0,11.5,82.4,3.85,1.28,0,3.92157,0,14.3647,4.495,-8.89327,1,7,0,0,1,0,0,0,2.304,0,188.6
219,1579.520,23.7776,11.1398,10.892,66,0,-1.5625,890.75,0,11.5,82.4,3.87,1.26,0,3.92157,0,14.3647,4.495,-8.89327,1,7,0,0,1,0,0,0,2.304,0,188.6
220,1579.560,23.7351,11.1398,10.892,63,0,-1.5625,882.5,0,11.5,82.4,3.85,1.26,0,3.92157,0,14.3647,4.495,-8.8983,1,7,0,0,1,0,0,0,2.304,0,188.6
221,1579.600,23.8202,11.1398,10.896,63,0,-1.5625,884.5,0,11.5,82.4,3.87,1.26,0,3.92157,0,14.3647,4.495,-8.89644,1,7,0,0,1,0,0,0,2.304,0,188.6
222,1579.640,23.7351,11.1398,10.896,63,0,-1.5625,891,0,11.5,82.4,3.87,1.26,0,3.92157,0,14.3647,4.495,-8.89644,1,7,0,0,1,0,0,0,2.304,0,188.6
223,1579.680,23.7351,11.1398,10.8999,61,0,-1.5625,877,0,11.5,82.4,3.87,1.28,0,3.92157,0,14.3647,4.495,-8.90321,1,7,0,0,1,0,0,0,2.304,0,188.6
224,1579.720,23.7351,11.1398,10.8999,61,0,-1.5625,878.5,0,11.5,82.4,3.87,1.28,0,3.92157,0,14.3647,4.495,-8.90321,1,7,0,0,1,0,0,0,2.304,0,188.6
225,1579.760,23.7776,11.1398,10.896,61,0,-1.5625,879.25,0,11.5,82.4,3.87,1.26,0,3.92157,0,14.3647,4.495,-8.90185,1,7,0,0,1,0,0,0,2.304,0,188.6
226,1579.800,23.7776,11.1398,10.8999,58,0,-1.5625,874,0,11.5,82.4,3.85,1.26,0,3.92157,0,14.3647,4.495,-8.89962,1,7,0,0,1,0,0,0,2.304,0,188.6
227,1579.840,23.7776,11.1398,10.8999,58,0,-1.5625,875.5,0,11.5,82.4,3.87,1.26,0,3.92157,0,14.3647,4.495,-8.89962,1,7,0,0,1,0,0,0,2.304,0,188.6
228,1579.880,23.7776,11.1398,10.9039,58,0,-1.5625,866.25,0,12,82.4,3.87,1.26,0,3.92157,0,14.3647,4.495,-8.90466,1,7,0,0,1,0,0,0,2.304,0,188.6
229,1579.920,23.6945,11.1398,10.8999,56,0,-1.5625,868.75,0,12,82.4,3.87,1.28,0,3.92157,0,14.3647,4.495,-8.9109,1,7,0,0,1,0,0,0,2.304,0,188.6
230,1579.960,23.7351,11.1398,10.8999,56,0,-1.5625,857.25,0,12,84.2,3.87,1.28,0,3.92157,0,14.3647,4.495,-8.9109,1,7,0,0,1,0,0,0,2.304,0,188.6
231,1580.000,23.7776,11.1398,10.9834,56,0,-1.5625,860.75,0,12,84.2,3.87,1.26,0,3.92157,0,14.3647,4.495,-8.91829,1,7,0,0,1,0,0,0,2.304,0,190.4
232,1580.040,23.6945,11.1398,10.9834,54,0,-1.5625,860.25,0,12,84.2,3.87,1.26,0,3.92157,0,14.3647,4.495,-8.91829,1,7,0,0,1,0,0,0,2.304,0,190.4
233,1580.080,23.7351,11.1398,10.9874,54,0,-1.5625,856.5,0,12,84.2,3.87,1.26,0,3.92157,0,14.3647,4.495,-8.91592,1,7,0,0,1,0,0,0,2.304,0,190.4
234,1580.120,23.8627,11.1398,10.9874,54,0,-1.5625,860.25,0,12,84.2,3.87,1.26,0,3.92157,0,14.3647,4.495,-8.92204,1,7,0,0,1,0,0,0,2.304,0,190.4
235,1580.160,23.6945,11.1398,10.9874,54,0,-1.5625,854.75,0,12,84.2,3.85,1.26,0,3.92157,0,14.3647,4.495,-8.92204,1,7,0,0,1,0,0,0,2.304,0,190.4
236,1580.200,23.6945,11.1398,10.9874,52,0,-1.5625,864.75,0,12,84.2,3.83,1.26,0,3.92157,0,14.3647,4.495,-8.92363,1,7,0,0,1,0,0,0,2.304,0,190.4
237,1580.240,23.8202,11.1398,10.9955,52,0,-1.5625,864,0,12,84.2,3.81,1.26,0,3.92157,0,14.3647,4.495,-8.91528,1,7,0,0,1,0,0,0,2.304,0,190.4
238,1580.280,23.7776,11.1398,10.9955,52,0,-1.5625,869,0,12,84.2,3.79,1.26,0,3.92157,0,14.3647,4.495,-8.91528,1,7,0,0,1,0,0,0,2.304,0,190.4
239,1580.320,23.7776,11.1398,10.9995,50,0,-1.5625,868.5,0,12,84.2,3.79,1.24,0,3.92157,0,14.3647,4.495,-8.91111,1,7,0,0,1,0,0,0,2.304,0,190.4
240,1580.360,23.6519,11.1398,10.9995,50,0,-1.5625,861.5,0,12,84.2,3.79,1.24,0,3.92157,0,14.3647,4.495,-8.91111,1,7,0,0,1,0,0,0,2.304,0,190.4
241,1580.400,23.7776,11.1398,10.9995,50,0,-1.5625,863.5,0,12,84.2,3.79,1.24,0,3.92157,0,14.3647,4.495,-8.91741,1,7,0,0,1,0,0,0,2.304,0,190.4
242,1580.440,23.6945,11.1398,11.0035,48,0,-1.5625,861,0,12,84.2,3.79,1.26,0,3.92157,0,14.3647,4.495,-8.91788,1,7,0,0,1,0,0,0,2.304,0,190.4
243,1580.480,23.6945,11.1398,11.0035,48,0,-1.5625,861.25,0,12,84.2,3.79,1.26,0,3.92157,0,14.3647,4.495,-8.91788,1,7,0,0,1,0,0,0,2.304,0,190.4
244,1580.520,23.7351,11.1398,11.0035,48,0,-1.5625,850.5,0,12,84.2,3.79,1.26,0,3.92157,0,14.3647,4.495,-8.92762,1,7,0,0,1,0,0,0,2.304,0,190.4
245,1580.560,23.7351,11.1398,11.0035,47,0,-1.5625,856.75,0,12,84.2,3.79,1.26,0,3.92157,0,14.3647,4.495,-8.92172,1,7,0,0,1,0,0,0,2.304,0,190.4
246,1580.600,23.8627,11.1398,11.0035,47,0,-1.5625,851.5,0,12,84.2,3.81,1.24,0,3.92157,0,14.3647,4.495,-8.92172,1,7,0,0,1,0,0,0,2.304,0,190.4
247,1580.640,23.6094,11.1398,11.0075,47,0,-1.5625,851.5,0,12,84.2,3.79,1.24,0,3.92157,0,14.3647,4.495,-8.92027,1,7,0,0,1,0,0,0,2.304,0,190.4
248,1580.680,23.6945,11.1398,11.0075,45,0,-1.5625,852.75,0,12,84.2,3.79,1.24,0,3.92157,0,14.3647,4.495,-8.92027,1,7,0,0,1,0,0,0,2.304,0,190.4
249,1580.720,23.7351,11.1398,11.0075,45,0,-1.5625,849.25,0,12,84.2,3.79,1.26,0,3.92157,0,14.3647,4.495,-8.92555,1,7,0,0,1,0,0,0,2.304,0,190.4
250,1580.760,23.8627,11.1398,11.0075,45,0,-1.5625,843.25,0,12,84.2,3.75,1.26,0,3.92157,0,14.3647,4.495,-8.93428,1,7,0,0,1,0,0,0,2.304,0,190.4
251,1580.800,23.7776,11.1398,11.0075,45,0,-1.5625,824.5,0,12.5,84.2,3.75,1.26,0,3.92157,0,14.3647,4.495,-8.93428,1,7,0,0,1,0,0,0,2.304,0,190.4
252,1580.840,23.8202,11.1398,11.0035,44,0,-1.5625,832,0,12.5,84.2,3.75,1.26,0,3.92157,0,14.3647,4.495,-8.94456,1,7,0,0,1,0,0,0,2.56,0,190.4
253,1580.880,23.8202,11.1398,11.0035,44,0,-1.5625,828,0,12.5,84.2,3.73,1.26,0,3.92157,0,14.3647,4.495,-8.94811,1,7,0,0,1,0,0,0,2.56,0,190.4
254,1580.920,23.7776,11.1398,11.0035,44,0,-1.5625,834.75,0,12.5,84.2,3.71,1.24,0,3.92157,0,14.3647,4.495,-8.94811,1,7,0,0,1,0,0,0,2.56,0,190.4
255,1580.960,23.6094,11.1398,11.0116,42,0,-1.5625,842.5,0,12,84.2,3.71,1.24,0,3.92157,0,14.3647,4.495,-8.94115,1,7,0,0,1,0,0,0,2.56,0,190.4
256,1581.000,23.7776,11.1398,11.0116,42,0,-1.5625,840,0,12.5,84.2,3.71,1.24,0,3.92157,0,14.3647,4.495,-8.94115,1,7,0,0,1,0,0,0,2.304,0,190.4
257,1581.040,23.7776,11.1398,11.1009,42,0,-1.5625,844.5,0,12,84.2,3.71,1.24,0,3.92157,0,14.3647,4.495,-8.93718,1,7,0,0,1,0,0,0,2.304,0,190.4
258,1581.080,23.7776,11.1398,11.1009,41,0,-1.5625,839,0,12.5,84.2,3.71,1.26,0,3.92157,0,14.3647,4.495,-8.93825,1,7,0,0,1,0,0,0,2.304,0,190.4
259,1581.120,23.8202,11.1398,11.1009,41,0,-1.5625,839.75,0,12.5,84.2,3.71,1.26,0,3.92157,0,14.3647,4.495,-8.93825,1,7,0,0,1,0,0,0,2.304,0,190.4
260,1581.160,23.7776,11.1398,11.1009,41,0,-1.5625,837.75,0,12.5,84.2,3.71,1.26,0,3.92157,0,14.3647,4.495,-8.93762,1,7,0,0,1,0,0,0,2.304,0,190.4
261,1581.200,23.6945,11.1398,11.105,40,0,-1.5625,837.75,0,12.5,84.2,3.71,1.26,0,3.92157,0,14.3647,4.495,-8.93958,1,7,0,0,1,0,0,0,2.304,0,190.4
262,1581.240,23.7776,11.1398,11.105,40,0,-1.5625,834,0,12.5,84.2,3.71,1.24,0,3.92157,0,14.3647,4.495,-8.93958,1,7,0,0,1,0,0,0,2.304,0,190.4
263,1581.280,23.7776,11.1398,11.1091,40,0,-1.5625,832.25,0,11.5,84.2,3.71,1.24,0,3.92157,0,14.3647,4.495,-8.93763,1,7,0,0,1,0,0,0,2.304,0,190.4
264,1581.320,23.6945,11.1398,11.1091,39,0,-1.5625,834.5,0,11.5,84.2,3.71,1.24,0,3.92157,0,14.3647,4.495,-8.93763,1,7,0,0,1,0,0,0,2.304,0,190.4
265,1581.360,23.7776,11.1398,11.1091,39,0,-1.5625,823.75,0,11.5,84.2,3.71,1.24,0,3.92157,0,14.3647,4.495,-8.94265,1,7,0,0,1,0,0,0,2.304,0,190.4
266,1581.400,23.8627,11.1398,11.1091,39,0,-1.5625,826,0,11.5,84.2,3.71,1.24,0,3.92157,0,14.3647,4.495,-8.9505,1,7,0,0,1,0,0,0,2.304,0,190.4
267,1581.440,23.7351,11.1398,11.1091,39,0,-1.5625,822,0,11.5,84.2,3.71,1.26,0,3.92157,0,14.3647,4.495,-8.9505,1,7,0,0,1,0,0,0,2.304,0,190.4
268,1581.480,23.7351,11.1398,11.1091,38,0,-1.5625,826.25,0,11.5,84.2,3.71,1.26,0,3.92157,0,14.3647,4.495,-8.95446,1,7,0,0,1,0,0,0,2.304,0,190.4
269,1581.520,23.7776,11.1398,11.1091,38,0,-1.5625,812.25,0,12,84.2,3.71,1.26,0,3.92157,0,14.3647,4.495,-8.96343,1,7,0,0,1,0,0,0,2.56,0,190.4
270,1581.560,23.7776,11.1398,11.1091,38,0,-1.5625,812,0,12,84.2,3.69,1.26,0,3.52941,0,14.3647,4.495,-8.96343,1,7,0,0,1,0,0,0,2.56,0,190.4
271,1581.600,23.7776,11.1398,11.1132,37,0,-1.5625,808.5,0,12,84.2,3.67,1.24,0,3.52941,0,14.3647,4.495,-8.9669,1,7,0,0,1,0,0,0,2.56,0,190.4
272,1581.640,23.8202,11.1398,11.1132,37,0,-1.5625,804.75,0,12,84.2,3.67,1.24,0,3.52941,0,14.3647,4.495,-8.9669,1,7,0,0,1,0,0,0,2.56,0,190.4
273,1581.680,23.7351,11.1398,11.1132,37,0,-1.5625,793.75,0,16.5,84.2,3.63,1.24,0,3.52941,0,14.3647,4.495,-8.97036,1,7,0,0,1,0,0,0,2.56,0,190.4
274,1581.720,23.7776,11.1398,11.1132,36,0,-1.5625,784.5,0,16.5,84.2,3.63,1.22,0,3.52941,0,14.3647,4.495,-8.97482,1,7,0,0,1,0,0,0,2.56,0,190.4
275,1581.760,23.7776,11.1398,11.1132,36,0,-1.5625,781,0,16.5,84.2,3.63,1.22,0,3.52941,0,14.3647,4.495,-8.97482,1,7,0,0,1,0,0,0,2.56,0,190.4
276,1581.800,23.7776,11.1398,11.1173,36,0,-1.5625,793,0,16.5,84.2,3.63,1.22,0,3.52941,0,14.3647,4.495,-8.97487,1,7,0,0,1,0,0,0,2.56,0,190.4
277,1581.840,23.6945,11.1398,11.1214,36,0,-1.5625,806.75,0,16,84.2,3.63,1.22,0,3.52941,0,14.3647,4.495,-8.97487,1,7,0,0,1,0,0,0,2.56,0,190.4
278,1581.880,23.6945,11.1398,11.1214,36,0,-1.5625,808,0,15.5,84.2,3.63,1.22,0,3.92157,0,14.3647,4.495,-8.9689,1,7,0,0,1,0,0,0,2.56,0,190.4
279,1581.920,23.7351,11.1398,11.1255,36,0,-1.5625,814.5,0,15,84.2,3.63,1.22,0,3.92157,0,14.3647,4.495,-8.96769,1,7,0,0,1,0,0,0,2.56,0,190.4
280,1581.960,23.7776,11.1398,11.1255,35,0,-1.5625,806.5,0,15.5,84.2,3.63,1.24,0,3.92157,0,14.3647,4.495,-8.96769,1,7,0,0,1,0,0,0,2.56,0,190.4
281,1582.000,23.7351,11.1398,11.1255,35,0,-1.5625,807.25,0,15.5,84.2,3.6,1.24,0,3.92157,0,14.3647,4.495,-8.96915,1,7,0,0,1,0,0,0,2.56,0,190.4
282,1582.040,23.7776,11.1398,11.2125,35,0,-1.5625,808.25,0,15.5,84.2,3.6,1.26,0,3.92157,0,14.3647,4.495,-8.96766,1,7,0,0,1,0,0,0,2.56,0,190.4
283,1582.080,23.7776,11.1398,11.2125,35,0,-1.5625,815.25,0,14.5,84.2,3.63,1.26,0,3.92157,0,14.3647,4.495,-8.96766,1,7,0,0,1,0,0,0,2.56,0,190.4
284,1582.120,23.8627,11.1398,11.2125,35,0,-1.5625,813.75,0,14.5,84.2,3.63,1.26,0,3.92157,0,14.3647,4.495,-8.96143,1,7,0,0,1,0,0,0,2.304,0,190.4
285,1582.160,23.8202,11.1398,11.2209,35,-1.5625,-1.5625,820.25,0,14,84.2,3.63,1.24,0,3.92157,0,14.3647,4.495,-8.95678,1,7,0,0,0,0,0,0,2.304,0,190.4
286,1582.200,23.7776,11.1398,11.2209,35,-3.125,-1.5625,821.25,0,14,84.2,3.63,1.24,0,3.92157,0,14.3647,4.495,-8.95678,1,7,0,0,0,0,0,0,2.304,0,190.4
287,1582.240,23.7351,11.1398,11.2292,34,-3.90625,-1.5625,832.5,0,12.5,84.2,3.63,1.22,0,3.92157,0,14.3647,4.495,-8.94562,1,7,0,0,0,0,0,0,2.304,0,190.4
288,1582.280,23.7776,11.1398,11.2292,34,-6.25,-1.5625,821.5,0,13.5,84.2,3.63,1.22,0,3.92157,0,14.3647,4.495,-8.94562,1,7,0,0,0,0,0,0,2.304,0,190.4
289,1582.320,23.5668,11.1398,11.2251,34,-7.8125,-1.5625,824.25,0,13.5,84.2,3.63,1.22,0,3.92157,0,14.3647,4.495,-8.95576,1,7,0,0,0,0,0,0,2.304,0,190.4
290,1582.360,23.7776,11.1398,11.2376,34,-8.59375,-1.5625,837.5,0,12,84.2,3.63,1.24,0,3.92157,0,14.3647,4.495,-8.94119,1,7,0,0,0,0,0,0,2.304,0,190.4
291,1582.400,23.8202,11.1398,11.2376,34,-10.1563,-1.5625,836.5,0,12,84.2,3.63,1.24,0,3.92157,0,14.3647,4.495,-8.94119,1,7,0,0,0,0,0,0,2.304,0,190.4
292,1582.440,23.7776,11.1398,11.2376,34,-10.9375,-1.5625,843.25,0,11.5,84.2,3.63,1.24,0,3.52941,0,14.3647,4.495,-8.94225,1,7,0,0,0,0,0,0,2.304,0,190.4
293,1582.480,23.7776,11.1398,11.246,33,-11.7188,-1.5625,845,0,11.5,84.2,3.6,1.26,0,3.52941,0,14.3647,4.495,-8.93428,1,7,0,0,0,0,0,0,2.304,0,190.4
294,1582.520,23.7776,11.1398,11.246,33,-12.5,-1.5625,857,0,10,84.2,3.63,1.24,0,3.52941,0,14.3647,4.495,-8.93428,1,7,0,0,0,0,0,0,2.048,0,190.4
295,1582.560,23.7351,11.1398,11.2544,33,-13.2813,-1.5625,853.5,0,10.5,84.2,3.63,1.22,0,3.52941,0,14.3647,4.495,-8.92663,1,7,0,0,0,0,0,0,2.048,0,190.4
296,1582.600,24.1141,11.1398,11.2544,33,-14.8438,-1.5625,856.25,0,10.5,84.2,3.58,1.22,0,3.52941,0,14.3647,4.495,-8.92663,1,7,0,0,0,0,0,0,2.048,0,190.4
297,1582.640,24.2843,11.1398,11.2586,33,-15.625,-1.5625,861.25,0,10,84.2,3.58,1.22,0,3.52941,0,14.3647,4.495,-8.92423,1,7,0,0,0,0,0,0,2.048,0,190.4
298,1582.680,24.2843,11.1398,11.2586,33,-17.1875,-1.5625,854,0,11,84.2,3.58,1.24,0,3.52941,0,14.3647,4.495,-8.92624,1,7,0,0,0,0,0,0,2.048,0,190.4
299,1582.720,24.1992,11.1398,11.2586,33,-17.9688,-1.5625,860.25,0,10,84.2,3.58,1.24,0,3.52941,0,14.3647,4.495,-8.92624,1,7,0,0,0,0,0,0,2.048,0,190.4
300,1582.760,24.2418,11.1398,11.2629,33,-18.75,-1.5625,861.25,0,10,84.2,3.52,1.24,0,3.52941,0,14.3647,4.495,-8.92056,1,7,0,0,0,0,0,0,2.048,0,190.4
301,1582.800,24.1992,11.1398,11.2713,33,-19.5313,-1.5625,871.25,0,9,84.2,3.52,1.22,0,3.52941,0,14.3647,4.495,-8.91046,1,7,0,0,0,0,0,0,2.048,0,190.4
302,1582.840,24.1567,11.1398,11.2713,33,-21.0938,-1.5625,874.75,0,9.5,84.2,3.46,1.22,0,3.52941,0,14.3647,4.495,-8.91046,1,7,0,0,0,0,0,0,2.048,0,190.4
303,1582.880,24.2843,11.1398,11.2755,32,-21.875,-1.5625,869.75,0,9.5,84.2,3.46,1.2,0,3.52941,0,14.3647,4.495,-8.90734,1,7,0,0,0,0,0,0,2.048,0,190.4
304,1582.920,24.2418,11.1398,11.2755,32,-22.6563,-1.5625,876.25,0,9,84.2,3.46,1.22,0,3.52941,0,14.3647,4.495,-8.90734,1,7,0,0,0,0,0,0,2.048,0,190.4
305,1582.960,24.1567,11.2547,11.2797,32,-23.4375,-1.5625,864.25,0,10.5,84.2,3.46,1.24,0,3.52941,0,14.3647,4.495,-8.90604,1,7,0,0,0,0,0,0,2.048,0,190.4
306,1583.000,24.1992,11.3695,11.2755,32,-24.2188,-1.5625,865,0,10.5,84.2,3.42,1.24,0,3.52941,0,14.3647,4.495,-8.91646,1,7,0,0,0,0,0,0,2.048,0,190.4
307,1583.040,24.1992,11.4844,11.2755,32,-24.2188,-1.5625,858.5,0,11.5,84.2,3.42,1.22,0,3.52941,0,14.3647,4.495,-8.91646,1,7,0,0,0,0,0,0,1.792,0,190.4
308,1583.080,24.0735,11.5992,11.3649,32,-25,-1.5625,864.25,0,10.5,84.2,3.42,1.2,0,3.52941,0,14.3647,4.495,-8.91725,1,7,0,0,0,0,0,0,1.792,0,190.4
309,1583.120,24.1567,11.7141,11.3649,32,-25,-1.5625,854,0,11.5,84.2,3.4,1.2,0,3.52941,0,14.3647,4.495,-8.91725,1,7,0,0,0,0,0,0,1.792,0,190.4
310,1583.160,24.2843,11.8289,11.3649,32,-25,-1.5625,845.25,0,12.5,84.2,3.4,1.2,0,3.52941,0,14.3647,4.35,-8.92665,1,7,0,0,0,0,0,0,1.792,0,190.4
311,1583.200,24.1992,11.8289,11.3649,32,-25,-1.5625,846.75,0,12,84.2,3.4,1.22,0,3.52941,0,14.3647,4.35,-8.93469,1,7,0,0,0,0,0,0,1.792,0,190.4
312,1583.240,24.1992,12.0586,11.3649,32,-25,-1.5625,829.5,0,14,84.2,3.4,1.22,0,3.52941,0,14.3647,4.35,-8.93469,1,7,0,0,0,0,0,0,1.792,0,190.4
313,1583.280,24.2418,12.1734,11.3606,32,-25,-1.5625,823.5,0,14.5,84.2,3.4,1.24,0,3.52941,0,14.3647,4.35,-8.94938,1,7,0,0,0,0,0,0,1.792,0,190.4
314,1583.320,24.1992,12.1734,11.3563,32,-25,-1.5625,812.25,0,15.5,84.2,3.4,1.24,0,3.52941,0,14.3647,4.35,-8.9651,1,7,0,0,0,0,0,0,1.792,0,190.4
315,1583.360,24.1141,12.2883,11.3563,32,-25,-1.5625,814.5,0,15.5,84.2,3.42,1.24,0,3.52941,0,14.3647,4.35,-8.9651,1,7,0,0,0,0,0,0,1.792,0,190.4
316,1583.400,24.2418,12.518,11.3606,32,-25,-1.5625,793,0,16.5,84.2,3.42,1.24,0,3.52941,0,14.3647,4.35,-8.97648,1,7,0,0,0,0,0,0,1.792,0,190.4
317,1583.440,24.2418,12.518,11.3606,32,-25,-1.5625,792,0,16,84.2,3.42,1.22,0,3.52941,0,14.3647,4.35,-8.97658,1,7,0,0,0,0,0,0,1.792,0,190.4
318,1583.480,24.1567,12.6328,11.3606,32,-25,-1.5625,787.25,0,16.5,84.2,3.42,1.22,0,3.52941,0,14.3647,4.35,-8.97658,1,7,0,0,0,0,0,0,1.792,0,190.4
319,1583.520,24.2418,12.7477,11.3606,32,-25,-1.5625,790.5,0,16,84.2,3.46,1.22,0,3.52941,0,14.3647,4.35,-8.97668,1,7,0,0,0,0,0,0,2.048,0,190.4
320,1583.560,24.1567,12.8625,11.3606,32,-25,-1.5625,773,0,16.5,84.2,3.42,1.22,0,3.52941,0,14.3647,4.35,-8.97668,1,7,0,0,0,0,0,0,2.048,0,190.4
321,1583.600,24.1567,12.9773,11.3649,32,-25,-1.5625,769.75,0,16.5,84.2,3.42,1.22,0,3.52941,0,14.3647,4.35,-8.97678,1,7,0,0,0,0,0,0,2.048,0,190.4
322,1583.640,24.2418,12.9773,11.3692,32,-25,-1.5625,764.25,0,16.5,84.2,3.42,1.22,0,3.52941,0,14.3647,4.35,-8.97682,1,7,0,0,0,0,0,0,2.048,0,190.4
323,1583.680,24.2418,13.0922,11.3692,32,-25,-1.5625,770.75,0,16.5,84.2,3.46,1.2,0,3.52941,0,14.3647,4.35,-8.97682,1,7,0,0,0,0,0,0,2.048,0,190.4
324,1583.720,24.1567,13.207,11.3692,32,-25,-1.5625,752.5,0,16.5,84.2,3.42,1.22,0,3.52941,0,14.3647,4.495,-8.97692,1,7,0,0,0,0,0,0,2.048,0,190.4
325,1583.760,24.1567,13.3219,11.3692,32,-25,-1.5625,755.25,0,16.5,84.2,3.42,1.22,0,3.52941,0,14.3647,4.495,-8.97702,1,7,0,0,0,0,0,0,2.048,0,190.4
326,1583.800,24.1992,13.3219,11.3692,32,-25,-1.5625,755.75,0,16.5,84.2,3.42,1.22,0,3.52941,0,14.3647,4.495,-8.97702,1,7,0,0,0,0,0,0,2.048,0,190.4
327,1583.840,24.1141,13.4367,11.3735,32,-25,-1.5625,763.25,0,16.5,84.2,3.46,1.22,0,3.52941,0,14.3647,4.495,-8.97706,1,7,0,0,0,0,0,0,2.048,0,190.4
328,1583.880,24.1141,13.5516,11.3735,32,-25,-1.5625,753.5,0,16.5,84.2,3.48,1.22,0,3.52941,0,14.3647,4.495,-8.97706,1,7,0,0,0,0,0,0,2.048,0,190.4
329,1583.920,23.8202,13.5516,11.3778,32,-25,-1.5625,760.75,0,16.5,84.2,3.52,1.22,0,3.52941,0,14.3647,4.495,-8.97716,1,7,0,0,0,0,0,0,2.048,0,190.4
330,1583.960,23.8627,13.6664,11.3821,32,-25,-1.5625,752,0,16.5,84.2,3.54,1.22,0,3.52941,0,14.3647,4.495,-8.97719,1,7,0,0,0,0,0,0,2.048,0,190.4
331,1584.000,23.7351,13.6664,11.3821,32,-25,-1.5625,752.5,0,16.5,84.2,3.6,1.22,0,3.92157,0,14.3647,4.495,-8.97719,1,7,0,0,0,0,0,0,2.048,0,192.2
332,1584.040,23.8202,13.7813,11.3821,32,-25,-1.5625,742.25,0,16.5,84.2,3.6,1.22,0,3.92157,0,14.3647,4.495,-8.97729,1,8,0,0,0,0,0,0,2.048,0,192.2
333,1584.080,23.7351,13.7813,11.3821,32,-25,-1.5625,746.75,0,16.5,84.2,3.63,1.22,0,3.92157,0,14.3647,4.495,-8.97739,1,8,0,0,0,0,0,0,2.048,0,192.2
334,1584.120,23.7351,13.7813,11.3821,32,-25,-1.5625,745.5,0,16.5,84.2,3.63,1.22,0,3.92157,0,14.3647,4.495,-8.97739,1,8,0,0,0,0,0,0,2.048,0,192.2
335,1584.160,23.8202,13.7813,11.4775,32,-25,-1.5625,753.5,0,16.5,84.2,3.67,1.22,0,3.92157,0,14.3647,4.495,-8.97748,1,8,0,0,0,0,0,0,2.048,0,192.2
336,1584.200,23.8202,13.8961,11.4775,32,-25,-1.5625,759.25,0,16,84.2,3.67,1.22,0,3.92157,0,14.3647,4.495,-8.97748,1,8,0,0,0,0,0,0,2.048,0,192.2
337,1584.240,23.7776,13.8961,11.4775,32,-25,-1.5625,750.75,0,16.5,84.2,3.69,1.24,0,3.92157,0,14.3647,4.495,-8.97758,1,8,0,0,0,0,0,0,2.048,0,192.2
338,1584.280,23.8202,13.8961,11.4688,32,-25,-1.5625,756.5,0,16.5,84.2,3.71,1.24,0,3.92157,0,14.3647,4.64,-8.97767,1,8,0,0,0,0,0,0,2.048,0,192.2
339,1584.320,23.8202,13.8961,11.4688,32,-25,-1.5625,753.5,0,16.5,84.2,3.71,1.24,0,3.92157,0,14.3647,4.64,-8.97767,1,8,0,0,0,0,0,0,2.048,0,192.2
340,1584.360,23.6519,13.8961,11.4688,32,-25,-1.5625,762.75,0,16,84.2,3.71,1.24,0,3.92157,0,14.3647,4.64,-8.9777,1,8,0,0,0,0,0,0,2.048,0,192.2
341,1584.400,23.7351,14.0109,11.4732,32,-25,-1.5625,767.75,0,15.5,84.2,3.71,1.24,0,3.92157,0,14.3647,4.64,-8.97774,1,8,0,0,0,0,0,0,2.048,0,192.2
342,1584.440,23.8202,14.0109,11.4732,32,-25,-1.5625,780,0,14,84.2,3.73,1.24,0,3.92157,0,14.3647,4.64,-8.97774,1,8,0,0,0,0,0,0,2.048,0,192.2
343,1584.480,23.6519,14.0109,11.4732,32,-25,-1.5625,784.75,0,13.5,84.2,3.73,1.24,0,3.92157,0,14.3647,4.64,-8.97783,1,8,0,0,0,0,0,0,2.048,0,192.2
344,1584.520,23.7776,14.0109,11.4732,32,-25,-1.5625,798,0,12.5,84.2,3.71,1.24,0,3.92157,0,14.3647,4.64,-8.97783,1,8,0,0,0,0,0,0,2.048,0,192.2
345,1584.560,23.8202,14.0109,11.4732,32,-25,-1.5625,792.25,0,13,84.2,3.71,1.24,0,3.92157,0,14.3647,4.64,-8.97792,1,8,0,0,0,0,0,0,2.048,0,192.2
346,1584.600,23.8202,14.0109,11.4775,32,-25,-1.5625,797.5,0,12.5,84.2,3.71,1.26,0,3.92157,0,14.3647,4.64,-8.97801,1,8,0,0,0,0,0,0,2.048,0,192.2
347,1584.640,23.7351,14.0109,11.4775,32,-25,-1.5625,791.25,0,13,84.2,3.71,1.26,0,3.92157,0,14.3647,4.64,-8.97801,1,8,0,0,0,0,0,0,2.048,0,192.2
348,1584.680,23.8202,14.1258,11.4775,32,-25,-1.5625,802,0,12,84.2,3.71,1.26,0,3.92157,0,14.3647,4.64,-8.9781,1,8,0,0,0,0,0,0,2.048,0,192.2
349,1584.720,23.8202,14.1258,11.4819,32,-25,-1.5625,803.5,0,12,84.2,3.73,1.26,0,3.92157,0,14.3647,4.64,-8.97495,1,8,0,0,0,0,0,0,2.048,0,192.2
350,1584.760,23.7776,14.1258,11.4819,32,-25,-1.5625,808.5,0,11.5,84.2,3.73,1.26,0,3.92157,0,14.3647,4.64,-8.97495,1,8,0,0,0,0,0,0,2.048,0,192.2
351,1584.800,23.8627,14.1258,11.4863,32,-25,-1.5625,803.5,0,12,84.2,3.71,1.26,0,3.92157,0,14.3647,4.64,-8.97509,1,8,0,0,0,0,0,0,2.048,0,192.2
352,1584.840,23.8202,14.1258,11.4863,32,-25,-1.5625,812.75,0,11.5,84.2,3.71,1.26,0,3.92157,0,14.3647,4.64,-8.97509,1,8,0,0,0,0,0,0,2.048,0,192.2
353,1584.880,23.7351,14.1258,11.4863,32,-25,-1.5625,808.75,0,11.5,84.2,3.71,1.24,0,3.92157,0,14.3647,4.64,-8.96666,1,8,0,0,0,0,0,0,2.048,0,192.2
354,1584.920,23.7351,14.1258,11.4907,31,-25,-1.5625,816.5,0,11,84.2,3.71,1.24,0,3.92157,0,14.3647,4.64,-8.96329,1,8,0,0,0,0,0,0,2.048,0,192.2
355,1584.960,23.7776,14.1258,11.4907,31,-25,-1.5625,803,0,12,84.2,3.71,1.24,0,3.92157,0,14.3647,4.64,-8.96329,1,8,0,0,0,0,0,0,2.048,0,192.2
356,1585.000,23.6094,14.1258,11.4951,31,-25,-1.5625,802,0,12.5,84.2,3.73,1.24,0,3.92157,0,14.3647,4.64,-8.97573,1,8,0,0,0,0,0,0,2.048,0,192.2
357,1585.040,23.6094,14.1258,11.4995,31,-25,-1.5625,806.75,0,12,84.2,3.71,1.24,0,3.92157,0,14.3647,4.64,-8.97226,1,8,0,0,0,0,0,0,2.048,0,192.2
358,1585.080,23.7351,14.1258,11.4995,31,-25,-1.5625,794.5,0,13,84.2,3.71,1.24,0,3.92157,0,14.3647,4.64,-8.97226,1,8,0,0,0,0,0,0,2.048,0,192.2
359,1585.120,23.6945,14.1258,11.4995,31,-25,-1.5625,806,0,12,84.2,3.71,1.24,0,3.92157,0,14.3647,4.64,-8.97853,1,8,0,0,0,0,0,0,2.048,0,192.2
360,1585.160,23.6519,14.1258,11.4995,31,-25,-1.5625,806.25,0,12,84.2,3.75,1.26,0,3.92157,0,14.3647,4.64,-8.97853,1,8,0,0,0,0,0,0,2.048,0,192.2
361,1585.200,23.6945,14.1258,11.5969,31,-25,-1.5625,813.25,0,11.5,84.2,3.71,1.26,0,3.92157,0,14.3647,4.64,-8.97273,1,8,0,0,0,0,0,0,2.048,0,192.2
362,1585.240,23.7776,14.1258,11.5969,31,-25,-1.5625,808.5,0,12,84.2,3.71,1.26,0,3.92157,0,14.3647,4.64,-8.97088,1,8,0,0,0,0,0,0,2.048,0,192.2
363,1585.280,23.6945,14.1258,11.5969,31,-25,-1.5625,815.75,0,11.5,84.2,3.71,1.26,0,3.92157,0,14.3647,4.64,-8.97088,1,8,0,0,0,0,0,0,2.048,0,192.2
364,1585.320,23.7351,14.1258,11.5969,31,-25,-1.5625,814.25,0,11.5,84.2,3.71,1.26,0,3.92157,0,14.3647,4.64,-8.96561,1,8,0,0,0,0,0,0,2.048,0,192.2
365,1585.360,23.7776,14.2406,11.6059,31,-25,-1.5625,823,0,10.5,84.2,3.71,1.26,0,3.92157,0,14.3647,4.64,-8.95769,1,8,0,0,0,0,0,0,2.048,0,192.2
366,1585.400,23.5668,14.2406,11.6059,31,-25,-1.5625,810.75,0,12,84.2,3.71,1.24,0,3.92157,0,14.3647,4.64,-8.95769,1,8,0,0,0,0,0,0,2.048,0,192.2
367,1585.440,23.6519,14.2406,11.6059,31,-25,-1.5625,814.5,0,11.5,84.2,3.71,1.24,0,3.92157,0,14.3647,4.64,-8.96553,1,8,0,0,0,0,0,0,2.048,0,192.2
368,1585.480,23.7351,14.2406,11.6059,31,-25,-1.5625,813.75,0,11.5,84.2,3.71,1.24,0,3.92157,0,14.3647,4.64,-8.96553,1,8,0,0,0,0,0,0,2.048,0,192.2
369,1585.520,23.5668,14.2406,11.6103,31,-24.2188,-1.5625,807.5,0,12,84.2,3.71,1.24,0,3.92157,0,14.3647,4.64,-8.96636,1,8,0,0,0,0,0,0,2.048,0,192.2
370,1585.560,23.6945,14.3555,11.6148,31,-24.2188,-1.5625,816.75,0,11.5,84.2,3.71,1.24,0,3.92157,0,14.3647,4.64,-8.97225,1,8,0,0,0,0,0,0,2.048,0,192.2
371,1585.600,23.6945,14.3555,11.6148,31,-24.2188,-1.5625,816.5,0,11.5,84.2,3.71,1.24,0,3.92157,0,14.3647,4.64,-8.97225,1,8,0,0,0,0,0,0,2.048,0,192.2
372,1585.640,23.6519,14.3555,11.6148,31,-24.2188,-1.5625,816,0,11.5,84.2,3.69,1.26,0,3.92157,0,14.3647,4.64,-8.96393,1,8,0,0,0,0,0,0,2.048,0,192.2
373,1585.680,23.5668,14.3555,11.6193,31,-24.2188,-1.5625,801.25,0,13,84.2,3.67,1.26,0,3.92157,0,14.3647,4.64,-8.97805,1,8,0,0,0,0,0,0,2.048,0,192.2
374,1585.720,23.6094,14.3555,11.6193,31,-24.2188,-1.5625,805,0,12.5,84.2,3.69,1.26,0,3.92157,0,14.3647,4.64,-8.97805,1,8,0,0,0,0,0,0,2.048,0,192.2
375,1585.760,23.6945,14.3555,11.6238,31,-24.2188,-1.5625,803,0,10.5,84.2,3.67,1.26,0,3.92157,0,14.3647,4.64,-8.97638,1,8,0,0,0,0,0,0,2.048,0,192.2
376,1585.800,23.7776,14.3555,11.6238,31,-24.2188,-1.5625,815,0,10,84.2,3.67,1.26,0,3.92157,0,14.3647,4.64,-8.97638,1,8,0,0,0,0,0,0,2.048,0,192.2
377,1585.840,23.6945,14.3555,11.6373,31,-24.2188,-1.5625,802.25,0,11,84.2,3.67,1.24,0,3.92157,0,14.3647,4.64,-8.96565,1,8,0,0,0,0,0,0,2.048,0,192.2
378,1585.880,23.9033,14.4703,11.6373,31,-24.2188,-1.5625,803.75,0,10.5,84.2,3.65,1.24,0,3.92157,0,14.3647,4.64,-8.97587,1,8,0,0,0,0,0,0,2.048,0,192.2
379,1585.920,23.7351,14.4703,11.6373,31,-24.2188,-1.5625,792.75,0,12,84.2,3.63,1.24,0,3.92157,0,14.3647,4.64,-8.97587,1,8,0,0,0,0,0,0,2.048,0,192.2
380,1585.960,23.8202,14.4703,11.6418,31,-24.2188,-1.5625,793.25,0,12,84.2,3.65,1.22,0,3.92157,0,14.3647,4.64,-8.97949,1,8,0,0,0,0,0,0,2.048,0,192.2
381,1586.000,23.8202,14.4703,11.6463,31,-24.2188,-1.5625,779,0,13,84.2,3.63,1.22,0,3.92157,0,14.3647,4.64,-8.97957,1,8,0,0,0,0,0,0,2.048,0,192.2
382,1586.040,23.7776,14.4703,11.6463,31,-24.2188,-1.5625,784,0,12.5,84.2,3.67,1.22,0,3.92157,0,14.3647,4.64,-8.97957,1,8,0,0,0,0,0,0,2.048,0,192.2
383,1586.080,23.8202,14.4703,11.6508,31,-24.2188,-1.5625,789.5,0,12,84.2,3.67,1.22,0,3.92157,0,14.3647,4.64,-8.97965,1,8,0,0,0,0,0,0,2.048,0,192.2
384,1586.120,23.7776,14.4703,11.6508,31,-24.2188,-1.5625,781.5,0,12.5,84.2,3.65,1.22,0,3.92157,0,14.3647,4.64,-8.97965,1,8,0,0,0,0,0,0,2.048,0,192.2
385,1586.160,23.6519,14.4703,11.7462,31,-23.4375,-1.5625,787,0,12,84.2,3.67,1.22,0,3.92157,0,14.3647,4.64,-8.97972,1,8,0,0,0,0,0,0,2.048,0,192.2
386,1586.200,23.6519,14.4703,11.7462,31,-23.4375,-1.5625,786.25,0,12,84.2,3.67,1.24,0,3.92157,0,14.3647,4.64,-8.9798,1,8,0,0,0,0,0,0,2.048,0,192.2
387,1586.240,23.8627,14.4703,11.7462,31,-23.4375,-1.5625,787,0,12,84.2,3.67,1.24,0,3.92157,0,14.3647,4.64,-8.9798,1,8,0,0,0,0,0,0,2.048,0,192.2
388,1586.280,23.8202,14.4703,11.7508,31,-23.4375,-1.5625,765.5,0,14,84.2,3.65,1.24,0,3.92157,0,14.3647,4.64,-8.97988,1,8,0,0,0,0,0,0,2.048,0,192.2
389,1586.320,23.7351,14.4703,11.7508,31,-23.4375,-1.5625,764.75,0,14,84.2,3.65,1.24,0,3.92157,0,14.3647,4.64,-8.97995,1,8,0,0,0,0,0,0,2.048,0,192.2
390,1586.360,23.8202,14.4703,11.7508,31,-23.4375,-1.5625,758,0,14.5,86,3.67,1.24,0,3.92157,0,14.3647,4.64,-8.97995,1,8,0,0,0,0,0,0,2.048,0,192.2
391,1586.400,23.7776,14.4703,11.7554,31,-23.4375,-1.5625,769.25,0,13.5,86,3.69,1.24,0,3.92157,0,14.3647,4.64,-8.98003,1,8,0,0,0,0,0,0,2.048,0,192.2
392,1586.440,23.7351,14.4703,11.7554,31,-23.4375,-1.5625,772,0,13,86,3.69,1.26,0,3.92157,0,14.3647,4.64,-8.98003,1,8,0,0,0,0,0,0,2.048,0,192.2
393,1586.480,23.7776,14.4703,11.76,31,-23.4375,-1.5625,789.75,0,11,86,3.71,1.26,0,3.92157,0,14.3647,4.64,-8.9801,1,8,0,0,0,0,0,0,2.048,0,192.2
394,1586.520,23.8202,14.4703,11.76,31,-23.4375,-1.5625,794,0,10.5,86,3.71,1.26,0,3.92157,0,14.3647,4.64,-8.98018,1,8,0,0,0,0,0,0,2.048,0,192.2
395,1586.560,23.7351,14.4703,11.76,31,-23.4375,-1.5625,802.5,0,10,86,3.73,1.26,0,3.92157,0,14.3647,4.64,-8.98018,1,8,0,0,0,0,0,0,2.048,0,192.2
396,1586.600,24.1567,14.4703,11.7508,31,-23.4375,-1.5625,783.25,0,12,86,3.75,1.26,0,3.92157,0,14.3647,4.64,-8.97799,1,8,0,0,0,0,0,0,2.048,0,192.2
397,1586.640,24.1567,14.4703,11.7646,31,-23.4375,-1.5625,781,0,12,86,3.75,1.26,0,3.92157,0,14.3647,4.64,-8.98032,1,8,0,0,0,0,0,0,2.048,0,192.2
398,1586.680,24.0735,14.4703,11.7646,31,-23.4375,-1.5625,781.5,0,12,86,3.77,1.26,0,3.92157,0,14.3647,4.64,-8.98032,1,8,0,0,0,0,0,0,2.048,0,192.2
399,1586.720,24.0735,14.4703,11.7692,31,-23.4375,-1.5625,790,0,11,86,3.79,1.26,0,3.92157,0,14.3647,4.64,-8.98034,1,8,0,0,0,0,0,0,2.048,0,192.2
400,1586.760,24.0735,14.4703,11.7692,31,-22.6563,-1.5625,789.75,0,11,86,3.79,1.26,0,3.92157,0,14.3647,4.64,-8.98034,1,8,0,0,0,0,0,0,2.048,0,192.2
401,1586.800,24.0735,14.4703,11.7738,31,-22.6563,-1.5625,794.5,0,10.5,86,3.79,1.26,0,3.92157,0,14.3647,4.64,-8.98041,1,8,0,0,0,0,0,0,2.048,0,192.2
402,1586.840,24.2418,14.4703,11.76,31,-22.6563,-1.5625,788,0,11,86,3.77,1.24,0,3.92157,0,14.3647,4.64,-8.98048,1,8,0,0,0,0,0,0,2.048,0,192.2
403,1586.880,24.1141,14.4703,11.76,31,-22.6563,-1.5625,785.25,0,11.5,86,3.79,1.24,0,3.92157,0,14.3647,4.64,-8.98048,1,8,0,0,0,0,0,0,2.048,0,192.2
404,1586.920,24.0735,14.4703,11.7646,31,-22.6563,-1.5625,763.25,0,14,86,3.77,1.24,0,3.92157,0,14.3647,4.64,-8.98055,1,8,0,0,0,0,0,0,2.048,0,192.2
405,1586.960,24.1992,14.4703,11.7646,31,-22.6563,-1.5625,767.75,0,13,86,3.77,1.24,0,3.92157,0,14.3647,4.64,-8.98062,1,8,0,0,0,0,0,0,2.048,0,192.2
406,1587.000,24.2418,14.4703,11.7646,31,-22.6563,-1.5625,766.25,0,13.5,86,3.79,1.24,0,3.92157,0,14.3647,4.64,-8.98062,1,8,0,0,0,0,0,0,2.048,0,192.2
407,1587.040,24.1567,14.4703,11.7646,31,-22.6563,-1.5625,772.5,0,12.5,86,3.79,1.24,0,3.92157,0,14.3647,4.64,-8.98069,1,8,0,0,0,0,0,0,2.048,0,192.2
408,1587.080,24.1567,14.4703,11.7646,31,-22.6563,-1.5625,782.5,0,11.5,86,3.79,1.24,0,3.92157,0,14.3647,4.64,-8.98069,1,8,0,0,0,0,0,0,2.048,0,192.2
409,1587.120,24.1992,14.4703,11.7692,31,-22.6563,-1.5625,777,0,12,86,3.79,1.24,0,3.92157,0,14.3647,4.64,-8.98076,1,8,0,0,0,0,0,0,2.048,0,192.2
410,1587.160,24.2418,14.4703,11.7738,31,-22.6563,-1.5625,775.75,0,12,86,3.79,1.24,0,3.92157,0,14.3647,4.785,-8.98083,1,8,0,0,0,0,0,0,2.048,0,192.2
411,1587.200,24.031,14.4703,11.7738,31,-22.6563,-1.5625,771.25,0,12.5,86,3.79,1.24,0,3.92157,0,14.3647,4.785,-8.98083,1,8,0,0,0,0,0,0,2.048,0,192.2
412,1587.240,23.9884,14.4703,11.8713,31,-22.6563,-1.5625,786.5,0,11,86,3.77,1.24,0,3.92157,0,14.3647,4.785,-8.9809,1,8,0,0,0,0,0,0,2.048,0,192.2
413,1587.280,24.1567,14.4703,11.8713,31,-22.6563,-1.5625,793,0,11.5,86,3.77,1.26,0,3.92157,0,14.3647,4.785,-8.98096,1,8,0,0,0,0,0,0,2.048,0,192.2
414,1587.320,24.1141,14.4703,11.8713,31,-22.6563,-1.5625,802,0,11,86,3.79,1.26,0,3.92157,0,14.3647,4.785,-8.98096,1,8,0,0,0,0,0,0,2.048,0,192.2
415,1587.360,24.1992,14.4703,11.8713,31,-22.6563,-1.5625,798,0,11,86,3.77,1.26,0,3.92157,0,14.3647,4.785,-8.97931,1,8,0,0,0,0,0,0,2.048,0,192.2
416,1587.400,24.2418,14.4703,11.8713,31,-22.6563,-1.5625,808,0,10,86,3.79,1.26,0,3.92157,0,14.3647,4.785,-8.97931,1,8,0,0,0,0,0,0,2.048,0,192.2
417,1587.440,24.1567,14.4703,11.876,31,-22.6563,-1.5625,795.25,0,11.5,86,3.79,1.26,0,3.92157,0,14.3647,4.785,-8.97364,1,8,0,0,0,0,0,0,2.048,0,192.2
418,1587.480,24.1992,14.3555,11.8807,31,-22.6563,-1.5625,798,0,11,86,3.79,1.26,0,3.92157,0,14.3647,4.785,-8.98116,1,8,0,0,0,0,0,0,2.048,0,192.2
419,1587.520,24.1141,14.3555,11.8807,31,-22.6563,-1.5625,794,0,11.5,86,3.79,1.26,0,3.92157,0,14.3647,4.785,-8.98116,1,8,0,0,0,0,0,0,2.048,0,192.2
420,1587.560,24.1141,14.3555,11.8854,31,-22.6563,-1.5625,806,0,10.5,86,3.79,1.26,0,3.92157,0,14.3647,4.785,-8.97563,1,8,0,0,0,0,0,0,2.048,0,192.2
421,1587.600,24.1567,14.3555,11.8854,31,-22.6563,-1.5625,807.75,0,10.5,86,3.79,1.26,0,3.92157,0,14.3647,4.785,-8.97408,1,8,0,0,0,0,0,0,2.048,0,192.2
422,1587.640,24.1567,14.3555,11.8854,31,-22.6563,-1.5625,817.25,0,9,86,3.81,1.26,0,3.92157,0,14.3647,4.785,-8.97408,1,8,0,0,0,0,0,0,2.048,0,192.2
423,1587.680,24.1567,14.3555,11.89,31,-22.6563,-1.5625,819.25,0,9,86,3.79,1.24,0,3.92157,0,14.3647,4.785,-8.96932,1,8,0,0,0,0,0,0,2.048,0,192.2
424,1587.720,24.1141,14.3555,11.89,31,-22.6563,-1.5625,814,0,10,86,3.79,1.24,0,3.92157,0,14.3647,4.785,-8.96932,1,8,0,0,0,0,0,0,2.048,0,192.2
425,1587.760,24.0735,14.3555,11.8947,31,-22.6563,-1.5625,806.75,0,11,86,3.79,1.24,0,3.92157,0,14.3647,4.785,-8.96867,1,8,0,0,0,0,0,0,2.048,0,192.2
426,1587.800,24.1567,14.3555,11.8947,31,-22.6563,-1.5625,798.75,0,11.5,86,3.79,1.26,0,3.92157,0,14.3647,4.785,-8.97522,1,8,0,0,0,0,0,0,2.048,0,192.2
427,1587.840,24.1567,14.3555,11.8947,31,-22.6563,-1.5625,811.25,0,10.5,86,3.81,1.26,0,3.92157,0,14.3647,4.785,-8.97522,1,8,0,0,0,0,0,0,2.048,0,192.2
428,1587.880,24.1992,14.3555,11.8994,31,-21.875,-1.5625,808.75,0,11,86,3.83,1.26,0,3.92157,0,14.3647,4.785,-8.97111,1,8,0,0,0,0,0,0,2.048,0,192.2
429,1587.920,24.1992,14.3555,11.9042,31,-21.875,-1.5625,816.75,0,10,86,3.79,1.26,0,3.92157,0,14.3647,4.785,-8.96622,1,8,0,0,0,0,0,0,2.048,0,192.2
430,1587.960,24.1567,14.3555,11.9042,31,-21.875,-1.5625,803.25,0,11.5,86,3.79,1.26,0,3.92157,0,14.3647,4.785,-8.96622,1,8,0,0,0,0,0,0,2.048,0,192.2
431,1588.000,24.1992,14.3555,11.9089,31,-21.875,-1.5625,802.25,0,11.5,86,3.79,1.26,0,3.92157,0,14.3647,4.785,-8.97956,1,8,0,0,0,0,0,0,2.048,0,192.2
432,1588.040,24.1567,14.4703,11.9089,31,-21.875,-1.5625,799,0,11.5,86,3.83,1.26,0,3.92157,0,14.3647,4.785,-8.97956,1,8,0,0,0,0,0,0,2.048,0,192.2
433,1588.080,24.0735,14.4703,11.9089,31,-21.875,-1.5625,805.25,0,11,86,3.83,1.26,0,3.92157,0,14.3647,4.785,-8.98173,1,8,0,0,0,0,0,0,2.048,0,192.2
434,1588.120,24.1992,14.4703,11.9136,31,-21.875,-1.5625,799,0,11.5,86,3.81,1.26,0,3.92157,0,14.3647,4.785,-8.9818,1,8,0,0,0,0,0,0,2.048,0,192.2
435,1588.160,24.1992,14.4703,11.9136,31,-21.875,-1.5625,805.25,0,11,86,3.81,1.26,0,3.92157,0,14.3647,4.785,-8.9818,1,8,0,0,0,0,0,0,2.048,0,192.2
436,1588.200,24.1567,14.4703,12.0182,31,-21.875,-1.5625,798,0,11.5,86,3.83,1.24,0,3.92157,0,14.3647,4.785,-8.98186,1,8,0,0,0,0,0,0,2.048,0,192.2
437,1588.240,24.1141,14.4703,12.0182,31,-21.875,-1.5625,798,0,11.5,86,3.81,1.24,0,3.92157,0,14.3647,4.785,-8.98084,1,8,0,0,0,0,0,0,2.048,0,192.2
438,1588.280,24.0735,14.4703,12.0182,31,-21.875,-1.5625,811,0,11,86,3.81,1.24,0,3.92157,0,14.3647,4.785,-8.98084,1,8,0,0,0,0,0,0,2.048,0,192.2
439,1588.320,23.9033,14.4703,12.0326,31,-21.0938,-1.5625,809.5,0,11,86,3.81,1.26,0,3.92157,0,14.3647,4.785,-8.97191,1,8,0,0,0,0,0,0,2.048,0,192.2
440,1588.360,24.1567,14.4703,12.0326,31,-21.0938,-1.5625,812.25,0,11,86,3.81,1.26,0,3.92157,0,14.3647,4.785,-8.97191,1,8,0,0,0,0,0,0,2.048,0,192.2
441,1588.400,24.2418,14.4703,12.0374,31,-21.0938,-1.5625,798.25,0,12,86,3.79,1.26,0,3.92157,0,14.3647,4.785,-8.9706,1,8,0,0,0,0,0,0,2.048,0,192.2
442,1588.440,24.1992,14.4703,12.0374,31,-21.0938,-1.5625,799.5,0,11.5,86,3.79,1.26,0,3.92157,0,14.3647,4.785,-8.98197,1,8,0,0,0,0,0,0,2.048,0,192.2
443,1588.480,24.1567,14.4703,12.0374,31,-21.0938,-1.5625,793.75,0,12.5,86,3.79,1.26,0,3.92157,0,14.3647,4.785,-8.98197,1,8,0,0,0,0,0,0,2.048,0,192.2
444,1588.520,24.1992,14.4703,12.0278,31,-21.0938,-1.5625,802.75,0,11.5,86,3.79,1.26,0,3.92157,0,14.3647,4.785,-8.98203,1,8,0,0,0,0,0,0,2.048,0,192.2
445,1588.560,24.1567,14.4703,12.0471,31,-21.0938,-1.5625,798.5,0,12,86,3.79,1.26,0,3.92157,0,14.3647,4.785,-8.98209,1,8,0,0,0,0,0,0,2.048,0,192.2
446,1588.600,24.1141,14.4703,12.0471,31,-21.0938,-1.5625,812,0,11,86,3.79,1.26,0,3.92157,0,14.3647,4.785,-8.98209,1,8,0,0,0,0,0,0,2.048,0,192.2
447,1588.640,24.1992,14.4703,12.0471,31,-21.0938,-1.5625,811.25,0,11,86,3.79,1.26,0,3.92157,0,14.3647,4.785,-8.97186,1,8,0,0,0,0,0,0,2.048,0,192.2
448,1588.680,24.1992,14.4703,12.0471,31,-21.0938,-1.5625,816,0,10.5,86,3.79,1.26,0,3.92157,0,14.3647,4.785,-8.97186,1,8,0,0,0,0,0,0,2.048,0,192.2
449,1588.720,24.1567,14.4703,12.0471,31,-21.0938,-1.5625,810,0,11,86,3.79,1.24,0,3.92157,0,14.3647,4.785,-8.97294,1,8,0,0,0,0,0,0,2.048,0,192.2
450,1588.760,24.1992,14.4703,12.0471,31,-20.3125,-1.5625,812.5,0,9.5,86,3.79,1.24,0,3.92157,0,14.3647,4.785,-8.96744,1,8,0,0,0,0,0,0,2.048,0,192.2
451,1588.800,24.1141,14.4703,12.0471,31,-20.3125,-1.5625,816,0,9.5,86,3.79,1.24,0,3.92157,0,14.3647,4.785,-8.96744,1,8,0,0,0,0,0,0,2.048,0,192.2
452,1588.840,23.9459,14.4703,12.0471,31,-20.3125,-1.5625,805.5,0,10,86,3.79,1.24,0,3.92157,0,14.3647,4.785,-8.96745,1,8,0,0,0,0,0,0,2.048,0,192.2
453,1588.880,24.1567,14.4703,12.0471,31,-20.3125,-1.5625,811,0,9.5,86,3.77,1.26,0,3.92157,0,14.3647,4.785,-8.97221,1,8,0,0,0,0,0,0,2.048,0,192.2
454,1588.920,24.1992,14.4703,12.0471,31,-20.3125,-1.5625,809.75,0,10,86,3.79,1.26,0,3.92157,0,14.3647,4.785,-8.97221,1,8,0,0,0,0,0,0,2.048,0,192.2
455,1588.960,24.1567,14.4703,12.0471,31,-20.3125,-1.5625,809.5,0,10,86,3.79,1.26,0,3.92157,0,14.3647,4.785,-8.97339,1,8,0,0,0,0,0,0,2.048,0,192.2
456,1589.000,24.1567,14.4703,12.0471,31,-20.3125,-1.5625,795.5,0,11,86,3.79,1.26,0,3.92157,0,14.3647,4.785,-8.97339,1,8,0,0,0,0,0,0,2.048,0,192.2
457,1589.040,24.1992,14.4703,12.0471,31,-20.3125,-1.5625,799.25,0,10.5,86,3.77,1.26,0,3.92157,0,14.3647,4.785,-8.98236,1,8,0,0,0,0,0,0,2.048,0,192.2
458,1589.080,24.1141,14.4703,12.0471,31,-20.3125,-1.5625,804.5,0,10,86,3.79,1.26,0,3.92157,0,14.3647,4.785,-8.97818,1,8,0,0,0,0,0,0,2.048,0,192.2
459,1589.120,24.0735,14.4703,12.0471,31,-20.3125,-1.5625,816.75,0,9.5,86,3.79,1.26,0,3.92157,0,14.3647,4.785,-8.97818,1,8,0,0,0,0,0,0,2.048,0,192.2
460,1589.160,24.1992,14.4703,12.0471,31,-20.3125,-1.5625,804.75,0,10,86,3.77,1.26,0,3.92157,0,14.3647,4.785,-8.97811,1,8,0,0,0,0,0,0,2.048,0,192.2
461,1589.200,24.1992,14.4703,12.0471,31,-20.3125,-1.5625,803.5,0,10.5,86,3.79,1.26,0,3.92157,0,14.3647,4.785,-8.97925,1,8,0,0,0,0,0,0,2.048,0,192.2
462,1589.240,24.1141,14.4703,12.0471,31,-20.3125,-1.5625,803.25,0,10.5,86,3.79,1.24,0,3.92157,0,14.3647,4.785,-8.97925,1,8,0,0,0,0,0,0,2.048,0,192.2
463,1589.280,23.9033,14.4703,12.1492,31,-20.3125,-1.5625,804,0,10.5,86,3.79,1.24,0,3.92157,0,14.3647,4.785,-8.97074,1,8,0,0,0,0,0,0,2.048,0,192.2
464,1589.320,23.7351,14.4703,12.1492,31,-20.3125,-1.5625,812,0,9.5,86,3.79,1.24,0,3.92157,0,14.3647,4.785,-8.97074,1,8,0,0,0,0,0,0,2.048,0,192.2
465,1589.360,23.5668,14.4703,12.1492,31,-20.3125,-1.5625,813,0,9.5,86,3.79,1.24,0,3.92157,0,14.3647,4.785,-8.97149,1,8,0,0,0,0,0,0,2.048,0,192.2
466,1589.400,23.8202,14.4703,12.1492,31,-20.3125,-1.5625,818,0,9.5,86,3.77,1.26,0,3.92157,0,14.3647,4.785,-8.97058,1,8,0,0,0,0,0,0,2.048,0,192.2
467,1589.440,23.8627,14.4703,12.1492,31,-20.3125,-1.5625,803,0,10.5,86,3.75,1.26,0,3.92157,0,14.3647,4.785,-8.97058,1,8,0,0,0,0,0,0,2.048,0,192.2
468,1589.480,23.7776,14.4703,12.1492,31,-20.3125,-1.5625,801.25,0,10.5,86,3.75,1.26,0,3.92157,0,14.3647,4.785,-8.97983,1,8,0,0,0,0,0,0,2.048,0,192.2
469,1589.520,23.7776,14.4703,12.1492,31,-19.5313,-1.5625,795.25,0,11.5,86,3.75,1.26,0,3.92157,0,14.3647,4.785,-8.98267,1,8,0,0,0,0,0,0,2.048,0,192.2
470,1589.560,23.8202,14.4703,12.1492,31,-19.5313,-1.5625,803.75,0,10.5,86,3.77,1.26,0,3.92157,0,14.3647,4.785,-8.98267,1,8,0,0,0,0,0,0,2.048,0,192.2
471,1589.600,23.7351,14.4703,12.1492,31,-19.5313,-1.5625,799.5,0,11,86,3.75,1.26,0,3.92157,0,14.3647,4.785,-8.98273,1,8,0,0,0,0,0,0,2.048,0,192.2
472,1589.640,23.7351,14.4703,12.1492,30,-19.5313,-1.5625,808.75,0,10,86,3.75,1.26,0,3.92157,0,14.3647,4.785,-8.98273,1,8,0,0,0,0,0,0,2.048,0,192.2
473,1589.680,23.8202,14.3555,12.1492,30,-19.5313,-1.5625,809.5,0,10,86,3.75,1.26,0,3.92157,0,14.3647,4.785,-8.97462,1,8,0,0,0,0,0,0,2.048,0,192.2
474,1589.720,23.8202,14.3555,12.1492,30,-19.5313,-1.5625,804.5,0,10.5,86,3.75,1.26,0,3.92157,0,14.3647,4.785,-8.97846,1,8,0,0,0,0,0,0,2.048,0,192.2
475,1589.760,23.7351,14.3555,12.1492,30,-19.5313,-1.5625,790.5,0,12,86,3.75,1.24,0,3.92157,0,14.3647,4.785,-8.97846,1,8,0,0,0,0,0,0,2.048,0,192.2
476,1589.800,23.8202,14.3555,12.1492,30,-19.5313,-1.5625,794,0,11.5,86,3.75,1.24,0,3.92157,0,14.3647,4.785,-8.98276,1,8,0,0,0,0,0,0,2.048,0,192.2
477,1589.840,23.8202,14.3555,12.1492,30,-19.5313,-1.5625,812.75,0,9.5,86,3.79,1.24,0,3.92157,0,14.3647,4.785,-8.98282,1,8,0,0,0,0,0,0,2.048,0,192.2
478,1589.880,23.6519,14.3555,12.1492,30,-19.5313,-1.5625,806.5,0,10,86,3.75,1.24,0,3.92157,0,14.3647,4.785,-8.98282,1,8,0,0,0,0,0,0,2.048,0,192.2
479,1589.920,23.6519,14.4703,12.1492,30,-19.5313,-1.5625,809.5,0,10,86,3.75,1.24,0,3.92157,0,14.3647,4.785,-8.97698,1,8,0,0,0,0,0,0,2.048,0,192.2
480,1589.960,23.8202,14.4703,12.1492,30,-19.5313,-1.5625,806.75,0,10,86,3.75,1.26,0,3.92157,0,14.3647,4.785,-8.97698,1,8,0,0,0,0,0,0,2.048,0,192.2
481,1590.000,23.7776,14.4703,12.1492,30,-19.5313,-1.5625,814.5,0,9.5,86,3.75,1.26,0,3.92157,0,14.3647,4.785,-8.97667,1,8,0,0,0,0,0,0,2.048,0,192.2
482,1590.040,23.8202,14.3555,12.1492,30,-19.5313,-1.5625,807.5,0,10,86,3.75,1.26,0,3.92157,0,14.3647,4.785,-8.9761,1,8,0,0,0,0,0,0,2.048,0,192.2
483,1590.080,23.8627,14.3555,12.1492,30,-19.5313,-1.5625,815.25,0,9.5,86,3.75,1.26,0,3.92157,0,14.3647,4.785,-8.9761,1,8,0,0,0,0,0,0,2.048,0,192.2
484,1590.120,23.7351,14.3555,12.1492,30,-19.5313,-1.5625,812,0,10,86,3.75,1.26,0,3.92157,0,14.3647,4.785,-8.96895,1,8,0,0,0,0,0,0,2.048,0,192.2
485,1590.160,23.7351,14.3555,12.1492,30,-19.5313,-1.5625,812.5,0,10,86,3.75,1.26,0,3.92157,0,14.3647,4.785,-8.97162,1,8,0,0,0,0,0,0,2.048,0,192.2
486,1590.200,23.8202,14.3555,12.1492,30,-19.5313,-1.5625,802,0,10.5,86,3.75,1.26,0,3.92157,0,14.3647,4.785,-8.97162,1,8,0,0,0,0,0,0,2.048,0,192.2
487,1590.240,23.7776,14.3555,12.248,30,-19.5313,-1.5625,807.75,0,10,86,3.75,1.26,0,3.92157,0,14.3647,4.785,-8.9759,1,8,0,0,0,0,0,0,2.048,0,192.2
488,1590.280,23.8202,14.3555,12.248,30,-19.5313,-1.5625,809,0,11.5,86,3.75,1.24,0,3.92157,0,14.3647,4.785,-8.9759,1,8,0,0,0,0,0,0,2.048,0,192.2
489,1590.320,23.8202,14.3555,12.248,30,-19.5313,-1.5625,814.25,0,11,86,3.75,1.24,0,3.92157,0,14.3647,4.785,-8.97009,1,8,0,0,0,0,0,0,2.048,0,192.2
490,1590.360,23.8202,14.3555,12.248,30,-19.5313,-1.5625,800.25,0,12.5,86,3.75,1.24,0,3.92157,0,14.3647,4.785,-8.98316,1,8,0,0,0,0,0,0,2.048,0,192.2
491,1590.400,23.6945,14.3555,12.248,30,-19.5313,-1.5625,790.25,0,13.5,86,3.75,1.24,0,3.92157,0,14.3647,4.785,-8.98316,1,8,0,0,0,0,0,0,2.048,0,192.2
492,1590.440,23.6945,14.3555,12.248,30,-19.5313,-1.5625,794,0,13,86,3.75,1.24,0,3.92157,0,14.3647,4.785,-8.98321,1,8,0,0,0,0,0,0,2.048,0,192.2
493,1590.480,23.6945,14.3555,12.248,30,-19.5313,-1.5625,788.5,0,13.5,86,3.75,1.24,0,3.92157,0,14.3647,4.785,-8.98326,1,8,0,0,0,0,0,0,2.048,0,192.2
494,1590.520,23.8202,14.3555,12.248,30,-19.5313,-1.5625,801.25,0,12,86,3.75,1.26,0,3.92157,0,14.3647,4.785,-8.98326,1,8,0,0,0,0,0,0,2.048,0,192.2
495,1590.560,23.9033,14.3555,12.248,30,-19.5313,-1.5625,804.25,0,12,86,3.75,1.26,0,3.92157,0,14.3647,4.785,-8.98225,1,8,0,0,0,0,0,0,2.048,0,192.2
496,1590.600,24.1567,14.3555,12.248,30,-18.75,-1.5625,808.5,0,11.5,86,3.75,1.26,0,3.92157,0,14.3647,4.785,-8.98225,1,8,0,0,0,0,0,0,2.048,0,192.2
497,1590.640,24.031,14.3555,12.248,30,-18.75,-1.5625,788.75,0,13.5,86,3.75,1.26,0,3.92157,0,14.3647,4.785,-8.97545,1,8,0,0,0,0,0,0,2.048,0,192.2
498,1590.680,24.1141,14.4703,12.248,30,-18.75,-1.5625,791.5,0,13,86,3.75,1.26,0,3.92157,0,14.3647,4.785,-8.98341,1,8,0,0,0,0,0,0,2.048,0,192.2
499,1590.720,24.1992,14.4703,12.248,30,-18.75,-1.5625,779,0,14.5,86,3.75,1.26,0,3.92157,0,14.3647,4.785,-8.98341,1,8,0,0,0,0,0,0,2.048,0,192.2
500,1590.760,24.1141,14.4703,12.248,30,-18.75,-1.5625,780.75,0,14,86,3.77,1.26,0,3.92157,0,14.3647,4.785,-8.98345,1,8,0,0,0,0,0,0,2.048,0,192.2
501,1590.800,24.1992,14.4703,12.248,30,-18.75,-1.5625,781.5,0,14,86,3.75,1.26,0,3.92157,0,14.3647,4.785,-8.9835,1,8,0,0,0,0,0,0,2.048,0,192.2
502,1590.840,24.1567,14.4703,12.248,30,-18.75,-1.5625,800.75,0,12,86,3.75,1.26,0,3.92157,0,14.3647,4.785,-8.9835,1,8,0,0,0,0,0,0,2.048,0,192.2
503,1590.880,24.0735,14.4703,12.248,30,-18.75,-1.5625,809.5,0,11,86,3.75,1.26,0,3.92157,0,14.3647,4.785,-8.97471,1,8,0,0,0,0,0,0,2.048,0,192.2
504,1590.920,24.0735,14.4703,12.248,30,-18.75,-1.5625,814.75,0,11,86,3.75,1.24,0,3.92157,0,14.3647,4.785,-8.97471,1,8,0,0,0,0,0,0,2.048,0,192.2
505,1590.960,24.1141,14.4703,12.248,30,-18.75,-1.5625,799.5,0,12,86,3.75,1.24,0,3.92157,0,14.3647,4.785,-8.9836,1,8,0,0,0,0,0,0,2.048,0,192.2
506,1591.000,24.1567,14.4703,12.248,30,-18.75,-1.5625,799.5,0,12,86,3.75,1.24,0,3.92157,0,14.3647,4.785,-8.9825,1,8,0,0,0,0,0,0,2.048,0,192.2
507,1591.040,24.031,14.4703,12.248,30,-18.75,-1.5625,807.75,0,11.5,86,3.75,1.24,0,3.92157,0,14.3647,4.785,-8.9825,1,8,0,0,0,0,0,0,2.048,0,192.2
508,1591.080,24.031,14.4703,12.248,30,-18.75,-1.5625,805,0,11.5,86,3.75,1.24,0,3.92157,0,14.3647,4.785,-8.97659,1,8,0,0,0,0,0,0,2.048,0,192.2
509,1591.120,24.1567,14.4703,12.248,30,-18.75,-1.5625,808.25,0,11.5,86,3.75,1.26,0,3.92157,0,14.3647,4.785,-8.97612,1,8,0,0,0,0,0,0,2.048,0,192.2
510,1591.160,24.0735,14.4703,12.248,30,-18.75,-1.5625,802.75,0,12,86,3.75,1.26,0,3.92157,0,14.3647,4.785,-8.97612,1,8,0,0,0,0,0,0,2.048,0,192.2
511,1591.200,24.1141,14.3555,12.248,30,-18.75,-1.5625,805.75,0,11.5,86,3.75,1.26,0,3.92157,0,14.3647,4.785,-8.98125,1,8,0,0,0,0,0,0,2.048,0,192.2
512,1591.240,24.1567,14.3555,12.248,30,-18.75,-1.5625,792,0,13,86,3.75,1.26,0,3.92157,0,14.3647,4.785,-8.98125,1,8,0,0,0,0,0,0,2.048,0,192.2
513,1591.280,24.1141,14.3555,12.248,30,-18.75,-1.5625,798.75,0,12,86,3.75,1.26,0,3.92157,0,14.3647,4.785,-8.98376,1,8,0,0,0,0,0,0,2.048,0,192.2
514,1591.320,24.1992,14.3555,12.3536,30,-18.75,-1.5625,800.5,0,12,86,3.77,1.26,0,3.92157,0,14.3647,4.785,-8.98335,1,8,0,0,0,0,0,0,2.048,0,192.2
515,1591.360,24.1567,14.3555,12.3536,30,-18.75,-1.5625,806.25,0,11.5,86,3.75,1.26,0,3.92157,0,14.3647,4.785,-8.98335,1,8,0,0,0,0,0,0,2.048,0,192.2
516,1591.400,24.1141,14.3555,12.3536,30,-18.75,-1.5625,800,0,12,86,3.75,1.26,0,3.92157,0,14.3647,4.785,-8.98377,1,8,0,0,0,0,0,0,2.048,0,192.2
517,1591.440,24.1567,14.3555,12.3536,30,-18.75,-1.5625,812.75,0,11,86,3.75,1.26,0,3.92157,0,14.3647,4.785,-8.97218,1,8,0,0,0,0,0,0,2.048,0,192.2
518,1591.480,24.1141,14.3555,12.3536,30,-18.75,-1.5625,811.25,0,11,86,3.75,1.24,0,3.92157,0,14.3647,4.785,-8.97218,1,8,0,0,0,0,0,0,2.048,0,192.2
519,1591.520,24.0735,14.3555,12.3536,30,-18.75,-1.5625,816.75,0,11,86,3.75,1.24,0,3.92157,0,14.3647,4.785,-8.96584,1,8,0,0,0,0,0,0,2.048,0,192.2
520,1591.560,24.0735,14.3555,12.3536,30,-18.75,-1.5625,820.5,0,10.5,86,3.75,1.24,0,3.92157,0,14.3647,4.785,-8.96584,1,8,0,0,0,0,0,0,2.048,0,192.2
521,1591.600,24.031,14.3555,12.3536,30,-18.75,-1.5625,816,0,11,86,3.75,1.24,0,3.92157,0,14.3647,4.785,-8.96521,1,8,0,0,0,0,0,0,2.048,0,192.2
522,1591.640,24.1567,14.3555,12.3536,30,-18.75,-1.5625,822.25,0,10.5,86,3.75,1.24,0,3.92157,0,14.3647,4.785,-8.96934,1,8,0,0,0,0,0,0,2.048,0,192.2
523,1591.680,24.0735,14.3555,12.3536,30,-18.75,-1.5625,812.5,0,11.5,86,3.75,1.26,0,3.92157,0,14.3647,4.785,-8.96934,1,8,0,0,0,0,0,0,2.048,0,192.2
524,1591.720,24.1567,14.3555,12.3536,30,-17.9688,-1.5625,819,0,11,86,3.75,1.26,0,3.92157,0,14.3647,4.785,-8.9726,1,8,0,0,0,0,0,0,2.048,0,192.2
525,1591.760,24.1567,14.3555,12.3536,30,-18.75,-1.5625,815.25,0,10,86,3.75,1.26,0,3.92157,0,14.3647,4.785,-8.97,1,8,0,0,0,0,0,0,2.048,0,192.2
526,1591.800,24.1141,14.3555,12.3536,30,-18.75,-1.5625,815.75,0,10,86,3.75,1.26,0,3.92157,0,14.3647,4.785,-8.97,1,8,0,0,0,0,0,0,2.048,0,192.2
527,1591.840,24.1567,14.3555,12.3536,30,-18.75,-1.5625,801.75,0,11,86,3.75,1.26,0,3.92157,0,14.3647,4.64,-8.98249,1,8,0,0,0,0,0,0,2.048,0,192.2
528,1591.880,24.1567,14.3555,12.3536,30,-17.9688,-1.5625,803.75,0,11,86,3.75,1.26,0,3.92157,0,14.3647,4.64,-8.98249,1,8,0,0,0,0,0,0,2.048,0,192.2
529,1591.920,24.1141,14.3555,12.3536,30,-17.9688,-1.5625,805.25,0,11,86,3.75,1.26,0,3.92157,0,14.3647,4.785,-8.98067,1,8,0,0,0,0,0,0,2.048,0,192.2
530,1591.960,24.1141,14.3555,12.3536,30,-17.9688,-1.5625,813.25,0,10,87.8,3.79,1.24,0,3.92157,0,14.3647,4.785,-8.97193,1,8,0,0,0,0,0,0,2.048,0,192.2
531,1592.000,24.1567,14.3555,12.3536,30,-17.9688,-1.5625,806,0,11,87.8,3.77,1.24,0,3.92157,0,14.3647,4.785,-8.97193,1,8,0,0,0,0,0,0,2.048,0,192.2
532,1592.040,24.0735,14.3555,12.3536,30,-17.9688,-1.5625,801.25,0,11.5,87.8,3.79,1.24,0,3.92157,0,14.3647,4.785,-8.97872,1,8,0,0,0,0,0,0,2.048,0,192.2
533,1592.080,24.1141,14.3555,12.3536,30,-17.9688,-1.5625,808,0,10.5,87.8,3.79,1.24,0,3.92157,0,14.3647,4.785,-8.97687,1,8,0,0,0,0,0,0,2.048,0,192.2
534,1592.120,23.9884,14.3555,12.3536,30,-17.9688,-1.5625,798.5,0,11.5,87.8,3.79,1.24,0,3.92157,0,14.3647,4.785,-8.97687,1,8,0,0,0,0,0,0,2.048,0,192.2
535,1592.160,24.1141,14.3555,12.3536,30,-17.9688,-1.5625,805.75,0,11,87.8,3.79,1.26,0,3.92157,0,14.3647,4.785,-8.98424,1,8,0,0,0,0,0,0,2.048,0,192.2
536,1592.200,24.0735,14.3555,12.3536,30,-17.9688,-1.5625,805.25,0,11,87.8,3.79,1.26,0,3.92157,0,14.3647,4.785,-8.98424,1,8,0,0,0,0,0,0,2.048,0,192.2
537,1592.240,24.0735,14.3555,12.3536,30,-17.9688,-1.5625,803,0,11,87.8,3.79,1.26,0,3.92157,0,14.3647,4.785,-8.97942,1,8,0,0,0,0,0,0,2.048,0,192.2
538,1592.280,24.1992,14.3555,12.4558,30,-17.9688,-1.5625,790.75,0,12.5,87.8,3.79,1.26,0,3.92157,0,14.3647,4.785,-8.98432,1,8,0,0,0,0,0,0,2.048,0,192.2
539,1592.320,24.1141,14.3555,12.4558,30,-17.9688,-1.5625,792.5,0,12,87.8,3.79,1.26,0,3.92157,0,14.3647,4.785,-8.98432,1,8,0,0,0,0,0,0,2.048,0,192.2
540,1592.360,24.1567,14.3555,12.4558,30,-17.9688,-1.5625,791.75,0,12,87.8,3.79,1.26,0,3.92157,0,14.3647,4.785,-8.98436,1,8,0,0,0,0,0,0,2.048,0,192.2
541,1592.400,24.1992,14.3555,12.4558,30,-17.9688,-1.5625,802.75,0,11,87.8,3.81,1.26,0,3.92157,0,14.3647,4.785,-8.98191,1,8,0,0,0,0,0,0,2.048,0,192.2
542,1592.440,24.1141,14.3555,12.4558,30,-17.9688,-1.5625,788.5,0,12.5,87.8,3.79,1.26,0,3.92157,0,14.3647,4.785,-8.98191,1,8,0,0,0,0,0,0,2.048,0,192.2
543,1592.480,24.1141,14.3555,12.4558,30,-17.9688,-1.5625,788,0,12.5,87.8,3.79,1.26,0,3.92157,0,14.3647,4.785,-8.98444,1,8,0,0,0,0,0,0,2.048,0,192.2
544,1592.520,24.1141,14.4703,12.4558,30,-17.9688,-1.5625,795,0,11.5,87.8,3.79,1.26,0,3.92157,0,14.3647,4.785,-8.98444,1,8,0,0,0,0,0,0,2.048,0,192.2
545,1592.560,24.1141,14.4703,12.4558,30,-17.9688,-1.5625,802,0,11,87.8,3.79,1.26,0,3.92157,0,14.3647,4.785,-8.98448,1,8,0,0,0,0,0,0,2.048,0,192.2
546,1592.600,24.1567,14.4703,12.4558,30,-17.1875,-1.5625,795.25,0,11.5,87.8,3.79,1.24,0,3.92157,0,14.3647,4.785,-8.98452,1,8,0,0,0,0,0,0,2.048,0,192.2
547,1592.640,24.1567,14.4703,12.4558,30,-17.1875,-1.5625,805.25,0,10.5,87.8,3.79,1.24,0,3.92157,0,14.3647,4.785,-8.98452,1,8,0,0,0,0,0,0,2.048,0,192.2
548,1592.680,24.1141,14.4703,12.4558,30,-17.1875,-1.5625,812.75,0,10,87.8,3.81,1.24,0,3.92157,0,14.3647,4.785,-8.9798,1,8,0,0,0,0,0,0,2.048,0,192.2
549,1592.720,23.9884,14.4703,12.4558,30,-17.1875,-1.5625,798.5,0,11.5,87.8,3.79,1.24,0,3.92157,0,14.3647,4.785,-8.9846,1,8,0,0,0,0,0,0,2.048,0,192.2
550,1592.760,24.1141,14.4703,12.4558,30,-17.1875,-1.5625,804.75,0,10.5,87.8,3.79,1.26,0,3.92157,0,14.3647,4.785,-8.9846,1,8,0,0,0,0,0,0,2.048,0,192.2
551,1592.800,24.0735,14.4703,12.4558,30,-17.1875,-1.5625,802.75,0,11,87.8,3.79,1.26,0,3.92157,0,14.3647,4.785,-8.98018,1,8,0,0,0,0,0,0,2.048,0,192.2
552,1592.840,24.1141,14.4703,12.4558,30,-17.1875,-1.5625,814.75,0,10,87.8,3.79,1.26,0,3.92157,0,14.3647,4.785,-8.98018,1,8,0,0,0,0,0,0,2.048,0,192.2
553,1592.880,24.1567,14.4703,12.4558,30,-17.1875,-1.5625,804.25,0,10.5,87.8,3.79,1.26,0,3.92157,0,14.3647,4.785,-8.97117,1,8,0,0,0,0,0,0,2.048,0,192.2
554,1592.920,24.1567,14.4703,12.4558,30,-17.1875,-1.5625,810.25,0,10.5,87.8,3.79,1.26,0,3.92157,0,14.3647,4.785,-8.97526,1,8,0,0,0,0,0,0,2.048,0,192.2
555,1592.960,24.1141,14.4703,12.4558,30,-17.1875,-1.5625,805.5,0,10.5,87.8,3.79,1.26,0,3.92157,0,14.3647,4.785,-8.97526,1,8,0,0,0,0,0,0,2.048,0,192.2
556,1593.000,24.1141,14.4703,12.4558,30,-17.1875,-1.5625,805.75,0,10.5,87.8,3.79,1.26,0,3.92157,0,14.3647,4.785,-8.97975,1,8,0,0,0,0,0,0,2.048,0,192.2
557,1593.040,24.1141,14.4703,12.4558,30,-17.1875,-1.5625,793.75,0,12,87.8,3.79,1.26,0,3.92157,0,14.3647,4.785,-8.98472,1,8,0,0,0,0,0,0,2.048,0,192.2
558,1593.080,24.1141,14.4703,12.4558,30,-17.1875,-1.5625,799,0,11,87.8,3.79,1.26,0,3.92157,0,14.3647,4.785,-8.98472,1,8,0,0,0,0,0,0,2.048,0,192.2
559,1593.120,24.1567,14.4703,12.4558,30,-17.1875,-1.5625,794.5,0,11.5,87.8,3.79,1.26,0,3.92157,0,14.3647,4.785,-8.9847,1,8,0,0,0,0,0,0,2.048,0,192.2
560,1593.160,24.1567,14.3555,12.4558,30,-17.1875,-1.5625,803,0,11,87.8,3.83,1.24,0,3.92157,0,14.3647,4.785,-8.9847,1,8,0,0,0,0,0,0,2.048,0,192.2
561,1593.200,24.0735,14.3555,12.4558,30,-17.1875,-1.5625,803.25,0,10.5,87.8,3.79,1.24,0,3.92157,0,14.3647,4.785,-8.98473,1,8,0,0,0,0,0,0,2.048,0,192.2
562,1593.240,24.0735,14.3555,12.4558,30,-17.1875,-1.5625,808,0,11.5,87.8,3.79,1.24,0,3.92157,0,14.3647,4.785,-8.98184,1,8,0,0,0,0,0,0,2.048,0,192.2
563,1593.280,23.9884,14.3555,12.4558,30,-17.1875,-1.5625,813.5,0,11,87.8,3.79,1.24,0,3.92157,0,14.3647,4.785,-8.98184,1,8,0,0,0,0,0,0,2.048,0,192.2
564,1593.320,24.0735,14.3555,12.4558,30,-17.1875,-1.5625,814,0,11,87.8,3.79,1.26,0,3.92157,0,14.3647,4.785,-8.9724,1,8,0,0,0,0,0,0,2.048,0,192.2
565,1593.360,24.1567,14.3555,12.5702,30,-17.1875,-1.5625,825,0,10,87.8,3.79,1.26,0,3.92157,0,14.3647,4.785,-8.96198,1,8,0,0,0,0,0,0,2.048,0,192.2
566,1593.400,24.1567,14.3555,12.5702,30,-17.1875,-1.5625,818.75,0,10.5,87.8,3.79,1.26,0,3.92157,0,14.3647,4.785,-8.96198,1,8,0,0,0,0,0,0,2.048,0,192.2
567,1593.440,10.4214,14.3555,12.5649,30,-17.1875,-1.5625,815,0,11,87.8,3.79,1.26,0,3.92157,0,14.3647,4.785,-8.97119,1,8,0,0,0,0,0,0,2.048,0,192.2
568,1593.480,10.4214,14.3555,12.5649,30,-17.1875,-1.5625,799,0,12.5,87.8,3.79,1.26,0,3.92157,0,14.3647,4.785,-8.97119,1,8,0,0,0,0,0,0,2.048,0,192.2
569,1593.520,10.3789,14.3555,12.5649,30,-17.1875,-1.5625,805.75,0,11.5,87.8,3.79,1.26,0,3.92157,0,14.3647,4.785,-8.98492,1,8,0,0,0,0,0,0,2.048,0,192.2
570,1593.560,10.4214,14.3555,12.5649,30,-17.1875,-1.5625,803.5,0,12,87.8,3.79,1.26,0,3.92157,0,14.3647,4.785,-8.98172,1,8,0,0,0,0,0,0,2.048,0,192.2
571,1593.600,14.7188,14.3555,12.5649,30,-16.4063,-1.5625,810.5,0,11.5,87.8,3.79,1.26,0,3.92157,0,14.3647,4.785,-8.98172,1,8,0,0,0,0,0,0,2.048,0,192.2
572,1593.640,14.6782,14.3555,12.5649,30,-16.4063,-1.5625,808.25,0,11.5,87.8,3.79,1.26,0,3.92157,0,14.3647,4.785,-8.97731,1,8,0,0,0,0,0,0,2.048,0,192.2
573,1593.680,14.7188,14.3555,12.5649,30,-16.4063,-1.5625,813.25,0,11,87.8,3.79,1.24,0,3.92157,0,14.3647,4.785,-8.97283,1,8,0,0,0,0,0,0,2.048,0,192.2
574,1593.720,14.6356,14.3555,12.5649,30,-16.4063,-1.5625,800,0,12.5,87.8,3.79,1.24,0,3.92157,0,14.3647,4.785,-8.97283,1,8,0,0,0,0,0,0,2.048,0,192.2
575,1593.760,14.6782,14.3555,12.5649,30,-16.4063,-1.5625,793.75,0,13,87.8,3.79,1.24,0,3.92157,0,14.3647,4.785,-8.98506,1,8,0,0,0,0,0,0,2.048,0,192.2
576,1593.800,14.5505,14.3555,12.5649,30,-16.4063,-1.5625,799.25,0,12.5,87.8,3.79,1.26,0,3.92157,0,14.3647,4.785,-8.98506,1,8,0,0,0,0,0,0,2.048,0,192.2
577,1593.840,14.6356,14.3555,12.5649,30,-16.4063,-1.5625,788.75,0,13.5,87.8,3.81,1.26,0,4.31373,0,14.3647,4.785,-8.98509,1,8,0,0,0,0,0,0,2.048,0,192.2
578,1593.880,14.6782,14.3555,12.5649,30,-16.4063,-1.5625,790,0,13,87.8,3.83,1.26,0,4.31373,0,14.3647,4.785,-8.98513,1,8,0,0,0,0,0,0,2.048,0,192.2
579,1593.920,14.6782,14.3555,12.5649,30,-16.4063,-1.5625,784,0,14,87.8,3.87,1.28,0,5.88235,0,14.3647,4.785,-8.98513,1,8,0,0,0,0,0,0,2.048,0,192.2
580,1593.960,14.5931,14.3555,12.5649,30,-16.4063,-1.5625,788.25,0,13.5,87.8,4.44,1.38,0,6.66667,0,14.3647,4.785,-8.98516,1,8,0,0,0,0,0,0,2.048,0,192.2
581,1594.000,14.6782,14.3555,12.5649,30,-16.4063,-1.5625,773.75,0,14.5,87.8,5.47,1.44,0,6.66667,0,14.3647,4.785,-8.98519,1,8,0,0,0,0,0,0,2.048,0,192.2
582,1594.040,14.5505,14.3555,12.5649,30,-16.4063,-1.5625,767.25,0,15,87.8,6.11,1.46,0,6.66667,0,14.3647,4.93,-8.98519,1,8,0,0,0,0,0,0,2.304,0,192.2
583,1594.080,14.508,14.3555,12.3637,30,-16.4063,-1.5625,748,0,16,87.8,6.42,1.44,0,6.27451,0,14.3647,5.22,-8.98523,1,8,0,0,0,0,0,0,2.304,0,192.2
584,1594.120,14.6356,14.3555,12.3637,30,-16.4063,-1.5625,739.75,0,16,87.8,6.22,1.44,0,5.88235,0,14.3647,5.365,-8.98523,1,8,0,0,0,0,0,0,2.56,0,192.2
585,1594.160,14.5931,14.3555,11.8247,30,-16.4063,-.78125,725,0,16,87.8,6.07,1.42,0,5.88235,0,14.3647,5.51,-8.98526,1,8,0,0,0,0,0,0,2.56,0,192.2
586,1594.200,14.4248,14.3555,12.159,30,-16.4063,-.78125,728.75,0,16,87.8,5.96,1.42,0,5.88235,0,14.3647,5.655,-8.98529,1,8,0,0,0,0,0,0,2.56,0,192.2
587,1594.240,14.5931,14.4703,12.159,30,-16.4063,-.78125,738.75,0,16,87.8,5.85,1.42,0,5.88235,0,14.3647,5.8,-8.98529,1,8,0,0,0,0,0,0,2.56,0,192.2
588,1594.280,14.6356,14.4703,12.4045,30,-16.4063,-.78125,764.5,0,14.5,87.8,5.78,1.42,0,5.88235,0,14.3647,5.945,-8.98533,1,8,0,0,0,0,0,0,2.56,0,192.2
589,1594.320,14.3397,14.5852,12.6229,30,-16.4063,-.78125,782.5,0,12.5,87.8,5.78,1.42,0,5.88235,0,14.3647,5.945,-8.98536,1,8,0,0,0,0,0,0,2.56,0,192.2
590,1594.360,14.2565,14.5852,12.6229,30,-16.4063,-1.5625,808.75,0,10,87.8,5.71,1.4,0,5.88235,0,14.3647,5.945,-8.98536,1,8,0,0,0,0,0,0,2.56,0,192.2
591,1594.400,14.4673,14.7,12.7458,30,-16.4063,-1.5625,822.5,0,8.5,87.8,5.62,1.38,0,5.09804,0,14.3647,5.945,-8.96462,1,8,0,0,0,0,0,0,2.56,0,192.2
592,1594.440,14.5931,14.7,12.7458,30,-15.625,-1.5625,839,0,7,87.8,5.21,1.34,0,4.70588,0,14.3647,5.945,-8.96462,1,8,0,0,0,0,0,0,2.56,0,192.2
593,1594.480,14.6356,14.8148,12.7512,30,-15.625,-1.5625,842.5,0,6.5,87.8,4.85,1.32,0,4.70588,0,14.3647,5.945,-8.94969,1,8,0,0,0,0,0,0,2.56,0,192.2
594,1594.520,14.7188,14.8148,12.7458,31,-15.625,-1.5625,862.5,0,5,87.8,4.48,1.3,0,4.70588,0,14.3647,5.945,-8.93176,1,8,0,0,0,0,0,0,2.56,0,192.2
595,1594.560,14.5931,14.7,12.7458,31,-15.625,-1.5625,868,0,4.5,87.8,4.41,1.3,0,4.70588,0,14.3647,5.8,-8.93176,1,8,0,0,0,0,0,0,2.56,0,192.2
596,1594.600,14.7613,14.7,12.7404,31,-15.625,-1.5625,866.25,0,5,87.8,4.37,1.3,0,4.70588,0,14.3647,5.8,-8.92299,1,8,0,0,0,0,0,0,2.304,0,192.2
597,1594.640,14.9721,14.5852,13.2449,31,-15.625,-1.5625,876.75,0,4,87.8,4.37,1.3,0,4.70588,0,14.3647,5.655,-8.91504,1,8,0,0,0,0,0,0,2.304,0,192.2
598,1594.680,14.8039,14.4703,13.2449,31,-16.4063,-1.5625,867.5,0,5,87.8,4.33,1.32,0,4.70588,0,14.3647,5.655,-8.91504,1,8,0,0,0,0,0,0,2.304,0,192.2
599,1594.720,14.5931,14.3555,13.3093,31,-16.4063,-1.5625,864.25,0,6,87.8,4.33,1.3,0,4.70588,0,14.3647,5.51,-8.92644,1,8,0,0,0,0,0,0,2.304,0,192.2
600,1594.760,14.3823,14.2406,13.3093,31,-16.4063,-1.5625,849.5,0,7,87.8,4.29,1.28,0,4.70588,0,14.3647,5.51,-8.92644,1,8,0,0,0,0,0,0,2.304,0,192.2
601,1594.800,14.214,14.1258,12.7243,31,-17.1875,-1.5625,827.5,0,10.5,87.8,4.29,1.28,3.92157,4.70588,47.1609,14.3647,5.51,-8.94008,1,8,0,0,0,0,0,0,2.304,0,192.2
602,1594.840,13.9181,14.0109,12.7135,31,-17.9688,-1.5625,828.25,0,12.5,87.8,4.88,1.44,15.6863,10.1961,131.678,14.3647,5.365,-4.30357,1,8,0,0,0,74.902,0,0,2.304,1,192.2
603,1594.880,14.2565,13.8961,12.7135,31,-17.9688,-1.5625,821.75,0,13,87.8,8.72,1.9,20,19.6078,142.138,14.3647,5.51,-4.30357,1,8,0,0,0,74.902,0,0,2.304,0,192.2
604,1594.920,14.1714,13.8961,12.7028,31,-18.75,-1.5625,836.25,0,14,87.8,18.42,2.2,15.2941,21.5686,130.762,14.3647,8.265,-2.03376,1,8,0,0,0,74.902,0,0,3.328,0,192.2
605,1594.960,14.0032,13.8961,9.9424,31,-6.25,-.78125,858.5,0,14,87.8,26.96,2.12,5.88235,16.8627,69.1587,14.3647,10.295,-5.78909,1,8,0,0,0,74.902,0,0,4.352,0,192.2
606,1595.000,13.5816,13.7813,9.9424,31,-4.6875,-.78125,1070.75,0,12,87.8,24.89,1.76,0,9.01961,0,14.3647,11.02,-5.78909,1,8,0,0,0,74.902,0,0,4.864,0,192.2
607,1595.040,13.2876,13.4367,11.783,31,-4.6875,-.78125,1204.25,0,12.5,87.8,11.07,1.56,0,5.88235,0,14.3647,10.295,-8.73707,1,8,0,0,0,0,0,0,4.096,0,192.2
608,1595.080,12.7384,13.0922,11.783,31,-4.6875,-.78125,1420.5,0,12.5,87.8,7.09,1.42,.392157,5.09804,3.36416,14.3647,8.845,-8.73707,1,8,0,0,0,0,0,0,3.584,0,192.2
609,1595.120,11.8971,12.6328,15.0378,31,-6.25,-.78125,1566.75,0,6,87.8,5.58,1.38,5.88235,6.27451,61.013,14.3647,7.83,-8.09491,1,8,0,0,0,18.4314,0,0,3.072,0,192.2
610,1595.160,11.7694,12.2883,16.1251,31,-5.46875,-1.5625,1657.25,0,17,87.8,6.22,1.52,9.01961,10.5882,91.0062,14.3647,7.25,-5.78724,1,8,0,0,0,74.902,0,0,2.816,0,192.2
611,1595.200,11.7288,11.9437,16.1251,31,-6.25,-1.5625,1777.5,0,19.5,87.8,9.63,1.66,8.23529,10.9804,82.0344,14.3647,6.96,-5.78724,1,8,0,0,0,74.902,0,0,3.072,0,192.2
612,1595.240,11.6863,11.7141,13.6719,31,-6.25,-1.5625,1756.75,0,20.5,87.8,11.16,1.7,7.45098,11.3725,77.1968,14.3647,6.815,-6.22246,1,8,0,0,0,74.902,0,0,3.072,0,192.2
613,1595.280,11.7288,11.4844,12.7566,30,-6.25,-1.5625,1829.5,0,22,87.8,11.56,1.76,6.27451,12.1569,63.5565,14.3647,6.67,-6.68889,1,8,0,0,1,74.5098,0,0,3.072,0,192.2
614,1595.320,11.6012,11.2547,12.7566,30,-6.25,-1.5625,1883.25,0,24,87.8,12.27,1.72,4.31373,10.1961,41.7884,14.3647,6.67,-6.68889,1,8,0,0,1,74.5098,0,0,3.072,0,192.2
615,1595.360,10.9687,11.1398,12.8877,30,-8.59375,-.78125,1923.5,0,25.5,87.8,10.57,1.64,4.31373,9.41177,44.0326,14.3647,6.38,-7.8786,1,8,0,0,1,66.2745,0,0,2.816,0,192.2
616,1595.400,10.8856,11.1398,12.8877,30,-10.1563,-.78125,1942.5,0,26.5,87.8,9.7,1.62,5.09804,9.41177,48.8761,14.3647,6.09,-7.8786,1,8,0,0,1,66.2745,0,0,2.56,0,192.2
617,1595.440,10.843,11.1398,14.7216,30,-12.5,-.78125,1945,0,28,87.8,9.56,1.62,6.66667,9.80392,64.0237,14.3647,5.655,-7.57552,1,8,0,0,2,71.7647,0,0,2.304,0,192.2
618,1595.480,10.6322,11.1398,13.9961,30,-14.0625,-.78125,1929.75,0,28,87.8,9.77,1.68,7.84314,11.3725,76.9256,14.3647,5.51,-6.48474,1,8,0,0,1,74.902,0,0,2.304,0,192.2
619,1595.520,11.3904,11.2547,13.9961,30,-15.625,-.78125,1885.75,0,28,87.8,11.62,1.74,7.45098,11.7647,75.1008,14.3647,5.51,-6.48474,1,8,0,0,2,74.902,0,0,2.56,0,192.2
620,1595.560,11.6012,11.5992,13.0158,30,-16.4063,-.78125,1869.25,0,27.5,87.8,12.2,1.78,7.84314,12.1569,77.9404,14.3647,5.51,-6.52835,1,8,0,0,1,74.902,0,0,2.56,0,192.2
621,1595.600,11.812,11.9437,13.0102,30,-17.1875,-.78125,1857,0,27.5,87.8,12.8,1.78,7.45098,12.1569,75.5662,14.3647,5.655,-6.49214,1,8,0,0,1,74.902,0,0,2.56,0,192.2
622,1595.640,12.3593,12.2883,13.0102,30,-17.1875,-.78125,1836.75,1.24274,27.5,87.8,13.07,1.78,7.45098,12.1569,75.8911,14.3647,5.655,-6.49214,1,8,0,0,2,74.902,0,0,2.56,0,192.2
623,1595.680,12.8234,12.6328,13.0102,30,-17.1875,-.78125,1819,1.24274,27.5,87.8,13.07,1.78,7.45098,12.1569,76.18,14.3647,5.655,-6.44971,1,8,0,0,1,74.902,0,0,2.56,0,192.2
624,1595.720,13.3708,12.9773,13.0102,30,-17.1875,-.78125,1779.75,1.24274,27,87.8,13.25,1.78,7.45098,11.7647,76.5607,14.3647,5.8,-6.44971,1,8,0,0,2,74.902,0,0,2.56,0,192.2
625,1595.760,13.4133,13.4367,12.9934,30,-17.1875,0,1762.75,1.24274,27,87.8,12.71,1.76,7.84314,11.7647,79.7287,14.3647,5.8,-6.404,1,8,0,0,1,74.902,0,0,2.816,0,192.2
626,1595.800,13.6667,13.8961,12.9766,30,-6.25,0,1750,1.86411,27,87.8,12.62,1.76,7.45098,11.7647,77.3235,14.3647,5.945,-6.36898,1,8,0,0,1,74.902,0,0,2.816,0,192.2
627,1595.840,14.0883,14.2406,12.9766,30,-5.46875,0,1743,1.86411,27,87.8,12.62,1.76,7.45098,11.7647,77.4114,14.3647,5.945,-6.36898,1,8,0,0,2,74.902,0,0,3.072,0,192.2
628,1595.880,14.2972,14.5852,12.9654,30,-4.6875,0,1737.5,1.86411,26.5,87.8,12.53,1.76,6.66667,11.7647,69.5413,14.3647,6.09,-6.35832,1,8,0,0,1,74.902,0,0,3.072,0,192.2
629,1595.920,14.6782,14.7,12.9598,30,-4.6875,0,1734.25,1.86411,26.5,87.8,12.36,1.74,6.66667,10.9804,66.9362,14.3647,6.09,-6.70869,1,8,0,0,2,72.9412,0,0,3.072,0,192.2
630,1595.960,14.9721,14.7,12.9598,30,-4.6875,0,1722.25,1.86411,26.5,87.8,11.56,1.72,6.66667,10.5882,66.9537,14.3647,6.09,-6.70869,1,8,0,0,2,72.9412,0,0,3.072,0,192.2
631,1596.000,14.9721,14.3555,12.9654,30,-6.25,0,1717.75,1.86411,26.5,87.8,11.47,1.7,6.66667,10.5882,67.1644,14.3647,6.09,-6.78956,1,8,0,0,2,70.9804,0,0,3.072,0,192.2
632,1596.040,14.9296,14.0109,12.9654,30,-7.03125,0,1710,1.86411,26.5,87.8,11.41,1.7,6.27451,10.5882,64.6001,14.3647,6.09,-6.78956,1,8,0,0,2,70.9804,0,0,3.072,0,192.2
633,1596.080,14.6782,13.5516,12.971,30,-9.375,0,1694.75,1.86411,26.5,87.8,11.16,1.7,5.09804,10.5882,54.07,14.3647,6.09,-6.85216,1,8,0,0,2,68.6274,0,0,3.072,0,192.2
634,1596.120,14.3397,13.207,12.9766,30,-11.7188,0,1682,2.48548,26.5,87.8,10.26,1.64,5.4902,9.41177,56.9181,14.3647,5.945,-6.98139,1,8,0,0,2,63.9216,0,0,2.816,0,192.2
635,1596.160,13.8349,12.8625,12.9766,31,-13.2813,0,1670.25,2.48548,26.5,87.8,9.77,1.62,5.09804,9.41177,54.3608,14.3647,5.945,-6.98139,1,8,0,0,2,63.9216,0,0,2.816,0,192.2
636,1596.200,13.2025,12.7477,12.999,31,-14.8438,0,1651.75,2.48548,26.5,87.8,9.6,1.6,5.4902,9.01961,57.2625,14.3647,5.8,-6.95035,1,8,0,0,2,63.1373,0,0,2.816,0,192.2
637,1596.240,12.866,12.6328,13.0158,31,-15.625,0,1628.5,2.48548,26.5,87.8,9.42,1.6,4.70588,9.01961,49.3808,14.3647,5.655,-7.16458,1,8,0,0,2,54.5098,0,0,2.56,0,192.2
638,1596.280,12.5275,12.518,13.0158,31,-17.1875,0,1582,2.48548,26,87.8,9.28,1.6,4.31373,9.01961,46.9209,14.3647,5.51,-7.16458,1,8,0,0,2,54.5098,0,0,2.56,0,192.2
639,1596.320,12.191,12.518,13.0271,31,-18.75,0,1548,2.48548,26,87.8,9.22,1.58,4.31373,8.62745,47.4049,14.3647,5.51,-7.11172,1,8,0,0,2,53.7255,0,0,2.56,0,192.2
640,1596.360,12.3593,12.518,13.0271,31,-19.5313,.78125,1512,3.10686,25.5,87.8,8.8,1.56,4.31373,8.23529,47.7375,14.3647,5.51,-7.11172,1,8,0,0,3,53.7255,0,0,2.56,0,192.2
641,1596.400,12.4018,12.6328,13.1408,31,-20.3125,.78125,1477.75,3.10686,25.5,87.8,8.49,1.56,4.31373,9.01961,47.8612,14.3647,5.365,-7.17862,1,8,0,0,2,50.9804,0,0,2.304,0,192.2
642,1596.440,12.4018,12.7477,13.1408,31,-20.3125,.78125,1434.75,3.10686,25.5,87.8,8.68,1.56,4.31373,9.01961,45.6173,14.3647,5.365,-7.24951,1,8,0,0,3,48.6275,0,0,2.304,0,192.2
643,1596.480,12.5275,12.8625,13.1408,31,-21.0938,.78125,1393,3.10686,25,87.8,9.17,1.6,4.31373,9.01961,48.5905,14.3647,5.365,-7.24951,1,8,0,0,2,48.6275,0,0,2.304,0,192.2
644,1596.520,12.6977,13.0922,13.1408,31,-21.0938,.78125,1372,3.72823,25,87.8,9.31,1.62,4.31373,9.80392,49.0281,14.3647,5.365,-7.14554,1,8,0,0,3,52.1569,0,0,2.304,0,192.2
645,1596.560,13.539,13.3219,13.1408,31,-21.0938,.78125,1319.75,3.72823,25,87.8,9.77,1.66,4.70588,10.1961,52.4135,14.3647,5.365,-7.12517,1,8,0,0,2,52.9412,0,0,2.56,0,192.2
646,1596.600,13.9181,13.5516,13.1408,31,-21.0938,.78125,1262,3.72823,25,87.8,10.89,1.68,5.09804,10.5882,55.9164,14.3647,5.51,-7.12517,1,8,0,0,3,52.9412,0,0,2.56,0,192.2
647,1596.640,12.9492,13.7813,13.1351,31,-21.0938,.78125,1220.25,3.72823,25,87.8,11.26,1.72,4.70588,10.9804,53.3906,14.3647,5.655,-6.93201,1,8,0,0,3,60,0,0,2.56,0,192.2
648,1596.680,13.16,14.0109,13.1351,31,-7.03125,.78125,1145,3.72823,24.5,87.8,11.59,1.72,5.4902,10.9804,63.0682,14.3647,6.09,-6.93201,1,8,0,0,2,60,0,0,3.328,0,192.2
649,1596.720,13.4133,14.2406,12.298,31,-6.25,.78125,1102.75,3.72823,24,87.8,11.59,1.72,4.31373,10.5882,51.3995,14.3647,6.235,-6.73494,1,8,0,0,3,67.451,0,0,3.328,0,192.2
650,1596.760,13.9606,14.4703,12.278,31,-5.46875,3.125,991,4.3496,22.5,89.6,11.35,1.68,4.31373,9.80392,49.2188,14.3647,6.67,-7.2191,1,8,0,0,2,52.1569,0,0,3.584,0,192.2
651,1596.800,13.9181,14.5852,12.278,31,-5.46875,3.125,944.25,4.3496,22,89.6,10.64,1.64,4.31373,9.41177,52.6767,14.3647,6.96,-7.2191,1,8,0,0,2,52.1569,0,0,3.584,0,192.2
652,1596.840,14.214,14.8148,12.3182,31,-4.6875,3.125,888.5,4.3496,20.5,89.6,9.91,1.62,3.52941,9.01961,43.717,14.3647,7.105,-7.24187,1,8,0,0,3,52.9412,0,0,3.584,0,192.2
653,1596.880,14.5931,15.0445,12.5545,31,-3.90625,3.125,825,4.3496,19.5,89.6,9.53,1.6,3.92157,8.62745,47.2974,14.3647,7.25,-7.37347,1,8,0,0,3,50.5882,0,0,3.584,0,192.2
654,1596.920,14.7188,15.1594,12.5545,31,-3.90625,3.125,804,4.97097,19,89.6,9.03,1.58,4.70588,8.62745,56.9862,14.3647,7.395,-7.37347,1,8,0,0,2,50.5882,0,0,3.84,0,192.2
655,1596.960,14.8039,15.1594,12.5075,31,-3.125,3.125,826,4.97097,18.5,89.6,8.87,1.56,5.88235,8.62745,72.6401,14.3647,7.54,-6.84091,1,8,0,0,2,67.8431,0,0,3.84,0,192.2
656,1597.000,15.268,14.8148,12.5075,31,-4.6875,3.125,957.25,4.97097,20,89.6,8.74,1.58,5.88235,9.01961,68.0704,14.3647,7.685,-6.84091,1,8,0,0,0,67.8431,0,0,3.84,0,192.2
657,1597.040,15.3086,14.4703,12.7512,31,-4.6875,3.125,1030.5,4.97097,20.5,89.6,9.09,1.6,5.09804,9.01961,58.1016,14.3647,7.685,-6.63661,1,8,0,0,0,72.9412,0,0,3.84,0,192.2
658,1597.080,14.5931,14.1258,12.8547,31,-4.6875,3.125,1134.25,5.59234,22,89.6,9.36,1.6,4.31373,9.01961,48.1338,14.3647,7.685,-7.21007,1,8,0,0,0,52.1569,0,0,3.84,0,192.2
659,1597.120,13.5816,13.6664,12.8547,31,-4.6875,3.125,1141.75,5.59234,22.5,89.6,9.39,1.6,3.92157,9.01961,45.0721,14.3647,7.685,-7.21007,1,8,0,0,0,52.1569,0,0,3.84,0,192.2
660,1597.160,13.4559,13.3219,12.8711,31,-5.46875,3.125,1093.25,5.59234,22,89.6,9.35,1.6,3.52941,9.01961,42.3834,14.3647,7.54,-7.28859,1,8,0,0,0,48.2353,0,0,3.584,0,192.2
661,1597.200,13.4133,12.9773,12.9042,31,-5.46875,3.125,1060.5,5.59234,22,89.6,9.39,1.6,3.92157,9.01961,45.6404,14.3647,7.54,-7.31171,1,8,0,0,0,49.0196,0,0,3.584,0,192.2
662,1597.240,12.9085,12.6328,12.9042,31,-5.46875,3.125,1025.5,6.21371,21.5,89.6,9.39,1.6,4.31373,9.01961,48.9501,14.3647,7.54,-7.31171,1,8,0,0,0,49.0196,0,0,3.584,0,192.2
663,1597.280,12.7809,12.4031,12.9209,31,-5.46875,3.125,1030,6.21371,21.5,89.6,9.31,1.6,4.70588,9.41177,55.0392,14.3647,7.395,-7.22544,1,8,0,0,0,52.549,0,0,3.584,0,192.2
664,1597.320,12.4869,12.1734,12.9209,31,-6.25,3.125,1076.75,6.21371,22,89.6,9.49,1.64,5.4902,10.1961,63.7505,14.3647,7.54,-7.22544,1,8,0,0,0,52.549,0,0,3.584,0,192.2
665,1597.360,12.2336,11.9437,12.9264,31,-6.25,3.125,1178.5,6.21371,23,89.6,10.68,1.68,5.09804,10.9804,56.7477,14.3647,7.54,-6.73686,1,8,0,0,0,68.2353,0,0,3.584,0,192.2
666,1597.400,11.812,11.8289,13.0384,31,-7.03125,3.125,1223.75,6.21371,23.5,89.6,11.22,1.7,4.31373,10.5882,47.4273,14.3647,7.54,-7.09899,1,8,0,0,0,54.1176,0,0,3.584,0,192.2
667,1597.440,11.518,11.8289,13.0384,31,-8.59375,3.125,1304.75,6.21371,23.5,89.6,11.41,1.7,3.92157,10.1961,43.816,14.3647,7.54,-7.09899,1,8,0,0,0,54.1176,0,0,3.584,0,192.2
668,1597.480,11.6437,11.8289,13.0384,31,-10.9375,3.125,1312.5,6.83508,23.5,89.6,11.09,1.66,3.52941,9.41177,37.9411,14.3647,7.54,-7.38502,1,8,0,0,0,43.9216,0,0,4.608,0,192.2
669,1597.520,11.7288,11.9437,13.0497,31,-11.7188,3.125,1262.25,6.83508,24,89.6,10.05,1.62,3.13725,9.01961,35.3492,14.3647,7.54,-7.55987,1,8,0,0,1,37.6471,0,0,4.352,0,192.2
670,1597.560,11.8545,12.0586,13.0497,31,-12.5,3.125,1235.5,6.83508,24,89.6,9.67,1.6,2.7451,9.01961,32.5629,14.3647,7.395,-7.55987,1,8,0,0,1,37.6471,0,0,4.352,0,192.2
671,1597.600,11.9802,12.1734,13.6719,31,-13.2813,3.125,1203.25,6.83508,24.5,89.6,9.46,1.6,3.13725,8.62745,35.7156,14.3647,7.25,-7.63139,1,8,0,0,1,34.902,0,0,4.096,0,192.2
672,1597.640,12.0653,12.2883,13.6719,31,-14.0625,3.125,1210.5,7.45645,25,89.6,9.09,1.58,3.13725,8.62745,35.6702,14.3647,7.105,-7.63139,1,8,0,0,1,34.902,0,0,4.096,0,192.2
673,1597.680,12.4869,12.2883,13.1294,31,-14.8438,3.125,1272.25,7.45645,25,89.6,9.05,1.58,1.96078,8.23529,23.564,14.3647,6.96,-7.54302,1,8,0,0,0,38.0392,0,0,3.84,0,192.2
674,1597.720,12.191,11.9437,13.6286,31,-17.9688,3.125,1357.25,7.45645,25,89.6,8.62,1.54,0,7.05882,0,14.3647,6.815,-8.43889,1,8,0,0,1,6.27451,0,0,3.584,0,192.2
675,1597.760,11.4755,11.8289,13.6286,31,-19.5313,3.125,1416,7.45645,16.5,89.6,7.8,1.46,0,5.88235,0,14.3647,6.525,-8.43889,1,8,0,0,1,6.27451,0,0,3.328,0,192.2
676,1597.800,11.518,11.4844,14.4738,31,-21.0938,3.125,1459.25,7.45645,16,89.6,6.55,1.42,0,5.88235,0,14.3647,6.09,-8.61907,1,8,0,0,2,0,0,0,2.816,0,192.2
677,1597.840,11.2646,11.3695,16.2032,31,-22.6563,3.125,1429.25,7.45645,15,89.6,5.92,1.42,0,5.88235,0,14.3647,5.655,-8.61909,1,8,0,0,1,0,0,0,2.816,0,192.2
678,1597.880,11.0538,11.1398,16.2032,31,-24.2188,3.125,1388.25,7.45645,14,89.6,6,1.42,0,5.88235,0,14.3647,5.365,-8.61909,1,8,0,0,1,0,0,0,2.56,0,192.2
679,1597.920,11.1389,11.1398,14.7939,31,-25,3.125,1385.75,7.45645,13.5,89.6,5.96,1.42,0,5.88235,0,14.3647,5.365,-8.61911,1,8,0,0,0,0,0,0,2.56,0,192.2
680,1597.960,11.3478,11.1398,14.7939,31,-25,2.34375,1370.75,8.07783,14,89.6,6,1.42,0,5.88235,0,14.3647,5.22,-8.61911,1,8,0,0,0,0,0,0,2.56,0,192.2
681,1598.000,11.2646,11.2547,13.9056,31,-25,2.34375,1350.25,8.07783,15,89.6,5.89,1.42,0,6.27451,0,14.3647,5.075,-8.61914,1,8,0,0,0,0,0,0,2.56,0,192.2
682,1598.040,11.3072,11.4844,13.2799,31,-25,2.34375,1352,8.07783,14,89.6,6,1.42,0,6.27451,0,14.3647,4.93,-8.61916,1,8,0,0,0,0,0,0,2.56,0,192.2
683,1598.080,11.3478,11.5992,13.2799,31,-25,2.34375,1382.25,8.07783,10.5,89.6,6,1.42,0,5.88235,0,14.3647,4.93,-8.61916,1,8,0,0,0,0,0,0,2.56,0,192.2
684,1598.120,11.6437,11.9437,13.2741,31,-25,2.34375,1442.75,8.07783,9,89.6,6,1.42,0,5.88235,0,14.3647,4.785,-8.61918,1,8,0,0,0,0,0,0,2.304,0,192.2
685,1598.160,11.9377,12.1734,13.2741,31,-25,2.34375,1473.25,8.07783,8.5,89.6,5.92,1.42,0,6.27451,0,14.3647,4.785,-8.61921,1,8,0,0,0,0,0,0,2.304,0,192.2
686,1598.200,12.191,12.518,13.2741,31,-25,2.34375,1506.25,8.07783,8,89.6,5.85,1.4,0,6.27451,0,14.3647,4.64,-8.61921,1,8,0,0,0,0,0,0,2.304,0,192.2
687,1598.240,12.3593,12.518,13.2741,31,-25,2.34375,1497,8.07783,7,89.6,5.96,1.42,0,6.27451,0,14.3647,4.495,-8.61923,1,8,0,0,0,0,0,0,2.304,0,192.2
688,1598.280,12.5701,12.8625,13.2741,31,-25,2.34375,1483.5,8.07783,7,89.6,6.03,1.44,0,6.27451,0,14.3647,4.495,-8.61923,1,8,0,0,0,0,0,0,2.304,0,192.2
689,1598.320,12.7809,12.8625,13.2741,31,-25,2.34375,1451.25,8.07783,6.5,89.6,6.22,1.44,0,6.27451,0,14.3647,4.495,-8.61925,1,8,0,0,0,0,0,0,2.048,0,192.2
690,1598.360,13.0768,13.0922,13.2741,31,-25,3.125,1438.75,8.07783,7,89.6,6.29,1.44,0,6.27451,0,14.3647,4.35,-8.61927,1,8,0,0,0,0,0,0,2.048,0,192.2
691,1598.400,13.2025,13.0922,13.2741,31,-25,3.125,1398.25,8.07783,11.5,89.6,6.33,1.44,0,6.27451,0,14.3647,4.35,-8.61927,1,8,0,0,1,0,0,0,2.048,0,192.2
692,1598.440,13.0768,12.9773,13.3862,31,-25,3.125,1412.75,8.07783,10,89.6,6.22,1.44,0,6.27451,0,14.3647,4.35,-8.61929,1,8,0,0,0,0,0,0,2.048,0,192.2
693,1598.480,13.2025,12.9773,13.3862,31,-25,3.125,1426.75,8.07783,9,89.6,6.37,1.44,0,6.27451,0,14.3647,4.35,-8.61931,1,8,0,0,0,0,0,0,2.048,0,192.2
694,1598.520,13.1174,13.207,13.3862,31,-25,3.125,1460.75,8.07783,6.5,89.6,6.37,1.44,0,6.27451,0,14.3647,4.35,-8.61931,1,8,0,0,0,0,0,0,2.048,0,192.2
695,1598.560,13.2025,13.6664,13.3862,31,-24.2188,3.125,1459.75,8.07783,7,89.6,6.33,1.44,0,6.27451,0,14.3647,4.35,-8.61933,1,8,0,0,0,0,0,0,2.048,0,192.2
696,1598.600,13.3282,13.7813,13.3862,31,-24.2188,3.125,1470.25,8.07783,6.5,89.6,6.25,1.44,0,6.27451,0,14.3647,4.35,-8.61933,1,8,0,0,0,0,0,0,2.048,0,192.2
697,1598.640,13.7073,13.6664,13.3862,31,-25,3.125,1460,8.07783,8,89.6,6.22,1.44,0,6.27451,0,14.3647,4.35,-8.61935,1,8,0,0,0,0,0,0,2.048,0,192.2
698,1598.680,13.7498,13.8961,13.3803,31,-24.2188,3.125,1472.5,8.07783,7,89.6,6.25,1.44,0,6.27451,0,14.3647,4.35,-8.61938,1,8,0,0,0,0,0,0,2.048,0,192.2
699,1598.720,14.0457,14.2406,13.3803,31,-24.2188,3.125,1451.25,8.07783,9.5,89.6,6.22,1.44,0,6.27451,0,14.3647,4.205,-8.61938,1,8,0,0,1,0,0,0,2.048,0,192.2
700,1598.760,14.2972,14.3555,13.3803,31,-23.4375,3.125,1448.25,8.07783,10.5,89.6,6.22,1.44,0,6.27451,0,14.3647,4.205,-8.6194,1,8,0,0,0,0,0,0,2.048,0,192.2
701,1598.800,14.4673,14.4703,13.3803,31,-23.4375,3.125,1432.25,8.07783,12.5,89.6,6.18,1.44,0,6.27451,0,14.3647,4.205,-8.61942,1,8,0,0,1,0,0,0,2.048,0,192.2
702,1598.840,14.5931,14.4703,13.3803,31,-23.4375,3.125,1439.5,8.07783,11.5,89.6,6.18,1.44,0,6.27451,0,14.3647,4.205,-8.61942,1,8,0,0,0,0,0,0,2.048,0,192.2
703,1598.880,14.7613,14.5852,13.3803,31,-23.4375,3.125,1445.75,8.07783,11,89.6,6.22,1.44,0,6.27451,0,14.3647,4.205,-8.61944,1,8,0,0,1,0,0,0,2.048,0,192.2
704,1598.920,14.9721,14.4703,13.3803,31,-23.4375,3.125,1440.5,8.07783,12,89.6,6.22,1.44,0,6.27451,0,14.3647,4.205,-8.61944,1,8,0,0,0,0,0,0,2.048,0,192.2
705,1598.960,14.9721,14.5852,13.3803,31,-23.4375,3.125,1462.5,8.07783,10,89.6,6.22,1.44,0,6.27451,0,14.3647,4.205,-8.61946,1,8,0,0,0,0,0,0,2.048,0,192.2
706,1599.000,14.9721,14.4703,13.3743,31,-23.4375,3.125,1452.25,8.07783,11,89.6,6.29,1.44,0,6.27451,0,14.3647,4.205,-8.61948,1,8,0,0,0,0,0,0,2.048,0,192.2
707,1599.040,14.9296,14.4703,13.3743,31,-24.2188,3.125,1466.75,8.07783,10,89.6,6.22,1.44,0,6.27451,0,14.3647,4.205,-8.61948,1,8,0,0,0,0,0,0,2.048,0,192.2
708,1599.080,14.9296,14.3555,13.3743,31,-24.2188,3.125,1468.75,8.07783,10,89.6,6.18,1.44,0,6.27451,0,14.3647,4.205,-8.6195,1,8,0,0,0,0,0,0,2.048,0,192.2
709,1599.120,14.8464,14.4703,13.3743,31,-24.2188,3.125,1475.25,8.07783,9.5,89.6,6.07,1.44,0,6.27451,0,14.3647,4.205,-8.61952,1,8,0,0,1,0,0,0,2.048,0,192.2
710,1599.160,14.8464,14.4703,13.3743,31,-24.2188,3.125,1452.75,8.07783,12,89.6,6.18,1.44,0,6.27451,0,14.3647,4.205,-8.61952,1,8,0,0,0,0,0,0,2.048,0,192.2
711,1599.200,14.8464,14.4703,13.3743,31,-24.2188,3.125,1461.75,8.07783,11.5,89.6,6.22,1.44,0,6.27451,0,14.3647,4.205,-8.61954,1,8,0,0,1,0,0,0,2.048,0,190.4
712,1599.240,14.9721,14.4703,13.3743,31,-24.2188,3.125,1449.5,8.07783,13,89.6,6.25,1.44,0,6.27451,0,14.3647,4.06,-8.61954,1,8,0,0,0,0,0,0,2.048,0,190.4
713,1599.280,14.9296,14.5852,13.3743,31,-24.2188,3.125,1450.75,8.07783,13,89.6,6.14,1.44,0,6.27451,0,14.3647,4.06,-8.61956,1,8,0,0,1,0,0,0,2.048,0,190.4
714,1599.320,14.887,14.8148,13.3743,31,-23.4375,3.125,1450,8.07783,13,89.6,6.25,1.44,0,6.27451,0,14.3647,4.06,-8.61957,1,8,0,0,0,0,0,0,2.048,0,190.4
715,1599.360,15.0147,14.9297,13.3743,31,-23.4375,3.125,1460,8.07783,12,89.6,6.22,1.44,0,6.27451,0,14.3647,4.06,-8.61957,1,8,0,0,0,0,0,0,2.048,0,190.4
716,1599.400,15.2255,14.9297,13.3743,31,-23.4375,3.125,1448,8.07783,13.5,89.6,6.18,1.44,0,6.27451,0,14.3647,4.06,-8.61959,1,8,0,0,0,0,0,0,2.048,0,190.4
717,1599.440,15.5194,14.8148,13.5003,31,-23.4375,3.125,1458.75,8.07783,12.5,89.6,6.18,1.44,0,6.27451,0,14.3647,4.06,-8.61961,1,8,0,0,0,0,0,0,2.048,0,190.4
718,1599.480,15.6471,14.7,13.5003,31,-23.4375,3.125,1457,8.07783,13,89.6,6.11,1.42,0,6.27451,0,14.3647,4.06,-8.61961,1,8,0,0,0,0,0,0,2.048,0,190.4
719,1599.520,15.562,14.8148,13.5003,31,-23.4375,3.125,1464.25,8.07783,12,89.6,6.11,1.44,0,6.27451,0,14.3647,4.06,-8.61963,1,8,0,0,0,0,0,0,1.792,0,190.4
720,1599.560,15.2255,14.9297,13.5003,31,-23.4375,3.125,1451,8.07783,13.5,89.6,6.11,1.44,0,6.27451,0,14.3647,4.06,-8.61963,1,8,0,0,0,0,0,0,1.792,0,190.4
721,1599.600,15.3086,14.9297,13.5003,31,-22.6563,3.125,1451.25,8.07783,14,89.6,6.18,1.44,0,6.27451,0,14.3647,4.06,-8.61965,1,8,0,0,1,0,0,0,1.792,0,190.4
722,1599.640,15.4363,15.0445,13.5003,31,-22.6563,3.125,1437,8.07783,15,89.6,6.18,1.44,0,6.27451,0,14.3647,4.06,-8.61967,1,8,0,0,1,0,0,0,1.792,0,190.4
723,1599.680,15.4769,14.9297,13.5003,31,-22.6563,3.125,1446.5,8.07783,14,89.6,6.25,1.44,0,6.27451,0,14.3647,4.06,-8.61967,1,8,0,0,1,0,0,0,1.792,0,190.4
724,1599.720,15.268,14.9297,13.5003,31,-22.6563,3.125,1453.25,8.07783,14,89.6,6.18,1.44,0,6.27451,0,14.3647,4.06,-8.61969,1,8,0,0,1,0,0,0,1.792,0,190.4
725,1599.760,15.2255,14.9297,13.5003,31,-22.6563,3.125,1459.25,8.07783,13.5,89.6,6.18,1.44,0,6.27451,0,14.3647,4.06,-8.61971,1,8,0,0,1,0,0,0,1.792,0,190.4
726,1599.800,15.0147,15.0445,13.5003,31,-21.875,3.125,1443.25,8.07783,14.5,89.6,6.14,1.44,0,6.27451,0,14.3647,4.06,-8.61971,1,8,0,0,1,0,0,0,1.792,0,190.4
727,1599.840,15.0147,15.0445,13.5003,31,-21.875,3.125,1449.75,8.07783,14,89.6,6.18,1.44,0,6.27451,0,14.3647,4.06,-8.61973,1,8,0,0,1,0,0,0,1.792,0,190.4
728,1599.880,15.1404,15.1594,13.5003,31,-21.875,3.125,1449.25,8.07783,14.5,89.6,6.18,1.44,0,6.27451,0,14.3647,4.06,-8.61973,1,8,0,0,1,0,0,0,1.792,0,190.4
729,1599.920,15.3086,15.1594,13.5003,31,-21.875,3.125,1450.75,8.07783,14,89.6,6.22,1.44,0,6.27451,0,14.3647,4.06,-8.61975,1,8,0,0,0,0,0,0,1.792,0,190.4
730,1599.960,15.3086,15.1594,13.5003,31,-21.0938,3.125,1436,8.07783,15.5,89.6,6.18,1.44,0,6.27451,0,14.3647,4.06,-8.61976,1,8,0,0,1,0,0,0,1.792,0,190.4
731,1600.000,15.268,15.1594,13.5003,31,-21.0938,3.125,1445.75,8.07783,14.5,89.6,6.25,1.44,0,6.27451,0,14.3647,4.06,-8.61976,1,8,0,0,1,0,0,0,1.792,0,190.4
732,1600.040,15.4363,15.1594,13.5003,31,-21.0938,3.125,1453.25,8.07783,14,89.6,6.25,1.44,0,6.27451,0,14.3647,4.06,-8.61978,1,8,0,0,0,0,0,0,1.792,0,190.4
733,1600.080,15.3512,15.1594,13.5003,31,-21.0938,3.125,1454.75,8.07783,14,89.6,6.25,1.44,0,6.27451,0,14.3647,4.06,-8.6198,1,8,0,0,0,0,0,0,1.792,0,190.4
734,1600.120,15.268,15.1594,13.5003,31,-21.0938,3.125,1456,8.07783,14,89.6,6.18,1.44,0,6.27451,0,14.3647,4.06,-8.6198,1,8,0,0,1,0,0,0,1.792,0,190.4
735,1600.160,15.3512,15.0445,13.5003,31,-21.0938,3.125,1466.25,8.07783,13,89.6,6.18,1.44,0,6.27451,0,14.3647,4.06,-8.61981,1,8,0,0,0,0,0,0,1.792,0,190.4
736,1600.200,15.3086,15.0445,13.5003,31,-21.0938,3.125,1473.25,8.07783,12.5,89.6,6.18,1.42,0,6.27451,0,14.3647,4.06,-8.61981,1,8,0,0,0,0,0,0,1.792,0,190.4
737,1600.240,15.2255,15.0445,13.5003,31,-20.3125,3.125,1465,8.07783,13.5,89.6,6.11,1.44,0,6.27451,0,14.3647,4.06,-8.61983,1,8,0,0,0,0,0,0,1.792,0,190.4
738,1600.280,15.3086,15.1594,13.5003,31,-20.3125,3.125,1482,8.07783,11.5,89.6,6.18,1.44,0,6.27451,0,14.3647,4.06,-8.61985,1,8,0,0,0,0,0,0,1.792,0,190.4
739,1600.320,15.3512,15.0445,13.5003,31,-20.3125,3.125,1477.5,8.07783,12.5,89.6,6.25,1.44,0,6.27451,0,14.3647,4.06,-8.61985,1,8,0,0,1,0,0,0,1.792,0,190.4
740,1600.360,15.1404,15.0445,13.5003,31,-20.3125,3.125,1478.75,8.07783,12.5,89.6,6.14,1.44,0,6.27451,0,14.3647,4.06,-8.61986,1,8,0,0,1,0,0,0,1.792,0,190.4
741,1600.400,15.3086,15.0445,13.5003,31,-20.3125,3.125,1478,8.07783,13,89.6,6.18,1.44,0,6.27451,0,14.3647,4.06,-8.61988,1,8,0,0,1,0,0,0,1.792,0,190.4
742,1600.440,15.2255,14.9297,13.5003,31,-20.3125,3.125,1474.25,8.07783,13.5,89.6,6.18,1.44,0,6.27451,0,14.3647,4.06,-8.61988,1,8,0,0,1,0,0,0,1.792,0,190.4
743,1600.480,15.1829,14.9297,13.6224,31,-20.3125,3.125,1451.25,8.07783,15,89.6,6.18,1.44,0,6.27451,0,14.3647,4.06,-8.6199,1,8,0,0,1,0,0,0,1.792,0,190.4
744,1600.520,15.0147,14.9297,13.6224,31,-20.3125,3.125,1452.25,8.07783,15,89.6,6.18,1.44,0,6.27451,0,14.3647,4.06,-8.6199,1,8,0,0,1,0,0,0,1.792,0,190.4
745,1600.560,15.0572,14.9297,13.6224,31,-20.3125,3.125,1453.75,8.07783,15,89.6,6.22,1.44,0,6.27451,0,14.3647,4.06,-8.61991,1,8,0,0,1,0,0,0,1.792,0,190.4
746,1600.600,14.887,14.9297,13.6224,31,-19.5313,3.125,1464,8.07783,14,89.6,6.22,1.44,0,6.27451,0,14.3647,4.06,-8.61993,1,8,0,0,1,0,0,0,1.792,0,190.4
747,1600.640,15.0147,14.9297,13.6224,31,-19.5313,3.125,1465.75,8.07783,14,89.6,6.18,1.44,0,6.27451,0,14.3647,4.06,-8.61993,1,8,0,0,1,0,0,0,1.792,0,190.4
748,1600.680,15.0572,14.9297,13.6224,31,-19.5313,3.125,1460,8.07783,14.5,89.6,6.18,1.44,0,6.27451,0,14.3647,4.06,-8.61995,1,8,0,0,1,0,0,0,1.792,0,190.4
749,1600.720,15.0147,14.9297,13.6224,31,-19.5313,3.125,1442.5,8.07783,16,89.6,6.18,1.44,0,6.27451,0,14.3647,4.06,-8.61996,1,8,0,0,1,0,0,0,1.792,0,190.4
750,1600.760,15.0147,14.9297,13.6224,31,-19.5313,3.125,1441,7.45645,16,89.6,6.22,1.44,0,6.27451,0,14.3647,4.06,-8.61996,1,8,0,0,1,0,0,0,1.792,0,190.4
751,1600.800,15.0978,15.0445,13.6224,31,-19.5313,3.125,1436,7.45645,16.5,89.6,6.14,1.44,0,6.27451,0,14.3647,4.06,-8.61998,1,8,0,0,0,0,0,0,1.792,0,190.4
752,1600.840,15.0978,15.0445,13.6224,31,-18.75,3.125,1425,7.45645,17.5,89.6,6.18,1.44,0,6.27451,0,14.3647,4.06,-8.61998,1,8,0,0,0,0,0,0,1.792,0,190.4
753,1600.880,15.0147,15.0445,13.6224,31,-18.75,3.125,1408.5,7.45645,18,89.6,6.11,1.44,0,6.27451,0,14.3647,4.06,-8.62,1,8,0,0,1,0,0,0,1.792,0,190.4
754,1600.920,15.1829,15.0445,13.6224,31,-18.75,3.125,1406,7.45645,18,89.6,6.14,1.44,0,6.27451,0,14.3647,4.06,-8.62001,1,8,0,0,0,0,0,0,2.048,0,190.4
755,1600.960,15.0147,15.0445,13.6224,31,-18.75,3.125,1386,7.45645,18,89.6,6.18,1.44,0,6.27451,0,14.3647,4.06,-8.62001,1,8,0,0,1,0,0,0,2.048,0,190.4
756,1601.000,15.0978,14.9297,13.6224,31,-18.75,3.125,1371.75,7.45645,18.5,89.6,6.22,1.44,0,6.27451,0,14.3647,4.06,-8.62003,1,8,0,0,1,0,0,0,2.048,0,190.4
757,1601.040,15.5194,15.0445,13.6224,31,-18.75,3.125,1359.5,7.45645,18,89.6,6.11,1.42,0,6.27451,0,14.3647,4.06,-8.62004,1,8,0,0,1,0,0,0,2.048,0,190.4
758,1601.080,15.4769,14.9297,13.6224,31,-18.75,3.125,1355,6.83508,18,89.6,6.14,1.44,0,5.88235,0,14.3647,4.06,-8.62004,1,8,0,0,0,0,0,0,2.048,0,190.4
759,1601.120,15.3937,14.9297,13.6224,31,-18.75,3.125,1361.75,6.83508,18,89.6,6.14,1.42,0,5.88235,0,14.3647,4.06,-8.62006,1,8,0,0,1,0,0,0,2.048,0,190.4
760,1601.160,15.4363,14.9297,13.6224,31,-18.75,3.125,1363.5,6.83508,18,89.6,6,1.42,0,5.88235,0,14.3647,4.06,-8.62006,1,8,0,0,0,0,0,0,2.048,0,190.4
761,1601.200,15.4363,14.9297,13.6224,31,-17.9688,3.125,1357.75,6.83508,18,89.6,5.92,1.42,0,5.88235,0,14.3647,4.06,-8.62008,1,8,0,0,1,0,0,0,2.048,0,190.4
762,1601.240,15.3512,14.9297,13.6224,31,-17.9688,3.125,1340.25,6.83508,18,89.6,5.96,1.42,0,5.88235,0,14.3647,4.06,-8.62009,1,8,0,0,0,0,0,0,2.048,0,190.4
763,1601.280,15.3937,14.9297,13.6224,31,-17.9688,3.125,1346.25,6.83508,18,89.6,5.92,1.42,0,5.88235,0,14.3647,4.06,-8.62009,1,8,0,0,1,0,0,0,2.048,0,190.4
764,1601.320,15.3086,14.8148,13.6224,31,-17.9688,3.125,1332,6.83508,18,89.6,5.85,1.42,0,5.88235,0,14.3647,4.06,-8.6201,1,8,0,0,1,0,0,0,2.048,0,190.4
765,1601.360,15.268,14.8148,13.6224,31,-17.9688,2.34375,1329.75,6.83508,18,89.6,5.89,1.42,0,5.88235,0,14.3647,4.06,-8.62012,1,8,0,0,0,0,0,0,2.048,0,190.4
766,1601.400,15.2255,14.7,13.6224,31,-17.9688,2.34375,1325,6.21371,18,89.6,5.85,1.4,0,5.88235,0,14.3647,4.06,-8.62012,1,8,0,0,0,0,0,0,2.048,0,190.4
767,1601.440,15.268,14.7,13.6224,31,-18.75,2.34375,1311.75,6.21371,17.5,89.6,5.85,1.4,0,5.88235,0,14.3647,4.06,-8.62013,1,8,0,0,0,0,0,0,2.048,0,190.4
768,1601.480,15.2255,14.5852,13.6224,31,-18.75,2.34375,1313,6.21371,17.5,89.6,5.78,1.42,0,5.88235,0,14.3647,4.06,-8.62013,1,8,0,0,1,0,0,0,2.048,0,190.4
769,1601.520,15.1404,14.5852,13.6224,31,-18.75,2.34375,1311.25,6.21371,17.5,89.6,5.85,1.42,0,5.88235,0,14.3647,4.06,-8.62015,1,8,0,0,0,0,0,0,2.048,0,190.4
770,1601.560,15.1404,14.4703,13.7531,31,-18.75,2.34375,1305,6.21371,17.5,89.6,5.85,1.4,0,5.88235,0,14.3647,4.06,-8.62016,1,8,0,0,1,0,0,0,2.048,0,190.4
771,1601.600,15.0572,14.4703,13.7531,31,-18.75,2.34375,1298.5,6.21371,17.5,89.6,5.85,1.4,0,5.88235,0,14.3647,4.06,-8.62016,1,8,0,0,0,0,0,0,2.048,0,190.4
772,1601.640,14.9296,14.3555,13.7531,31,-18.75,2.34375,1296.25,5.59234,17.5,89.6,5.78,1.42,0,5.88235,0,14.3647,4.06,-8.62017,1,8,0,0,0,0,0,0,2.048,0,190.4
773,1601.680,14.887,14.3555,13.7531,31,-18.75,2.34375,1288.5,5.59234,17.5,89.6,5.81,1.4,0,5.88235,0,14.3647,4.06,-8.62019,1,8,0,0,1,0,0,0,2.048,0,190.4
774,1601.720,14.8039,14.3555,13.7531,31,-19.5313,2.34375,1274.5,5.59234,17.5,89.6,5.74,1.4,0,5.88235,0,14.3647,4.06,-8.62019,1,8,0,0,0,0,0,0,2.048,0,190.4
775,1601.760,14.5931,14.3555,13.7531,31,-19.5313,1.5625,1274.5,5.59234,17.5,89.6,5.74,1.42,0,5.88235,0,14.3647,4.06,-8.6202,1,8,0,0,1,0,0,0,2.048,0,190.4
776,1601.800,14.5505,14.3555,13.7531,31,-19.5313,1.5625,1254.25,4.97097,17,89.6,5.78,1.42,0,5.88235,0,14.3647,4.06,-8.6202,1,8,0,0,0,0,0,0,2.048,0,190.4
777,1601.840,14.7613,14.3555,13.7531,31,-19.5313,1.5625,1253.5,4.97097,17,89.6,5.89,1.4,0,5.88235,0,14.3647,4.06,-8.62022,1,8,0,0,1,0,0,0,2.048,0,190.4
778,1601.880,14.6782,14.3555,13.7531,31,-19.5313,1.5625,1243.25,4.97097,17,89.6,5.85,1.42,0,5.88235,0,14.3647,4.06,-8.62023,1,8,0,0,1,0,0,0,2.048,0,190.4
779,1601.920,14.6356,14.3555,13.7531,31,-19.5313,1.5625,1237.25,4.97097,16.5,89.6,5.74,1.4,0,5.88235,0,14.3647,4.06,-8.62023,1,8,0,0,0,0,0,0,2.048,0,190.4
780,1601.960,14.2972,14.3555,13.7531,31,-19.5313,1.5625,1223,4.97097,16.5,89.6,5.71,1.4,0,5.88235,0,14.3647,4.06,-8.62024,1,8,0,0,0,0,0,0,2.048,0,190.4
781,1602.000,14.4248,14.3555,13.7531,31,-19.5313,1.5625,1224,4.97097,16.5,89.6,5.68,1.4,0,5.88235,0,14.3647,4.205,-8.62026,1,8,0,0,0,0,0,0,2.048,0,190.4
782,1602.040,14.3397,14.3555,13.7531,31,-19.5313,1.5625,1210,4.3496,16.5,89.6,5.66,1.4,0,5.88235,0,14.3647,4.205,-8.62026,1,8,0,0,1,0,0,0,2.048,0,190.4
783,1602.080,14.4673,14.3555,13.728,31,-19.5313,1.5625,1203.75,4.3496,16.5,89.6,5.6,1.38,0,5.88235,0,14.3647,4.205,-8.62479,1,8,0,0,0,0,0,0,2.048,0,190.4
784,1602.120,14.4248,14.4703,13.728,31,-19.5313,1.5625,1192.25,4.3496,16.5,89.6,5.6,1.4,0,5.88235,0,14.3647,4.205,-8.62479,1,8,0,0,0,0,0,0,2.048,0,190.4
785,1602.160,14.3823,14.4703,13.7218,31,-19.5313,1.5625,1184.25,4.3496,16.5,89.6,5.56,1.38,0,5.88235,0,14.3647,4.205,-8.62748,1,8,0,0,0,0,0,0,2.048,0,190.4
786,1602.200,14.2565,14.4703,13.7155,31,-19.5313,1.5625,1191.5,3.72823,16.5,89.6,5.54,1.4,0,5.88235,0,14.3647,4.205,-8.62812,1,8,0,0,0,0,0,0,2.048,0,190.4
787,1602.240,14.508,14.4703,13.7155,31,-19.5313,1.5625,1193.25,3.72823,16.5,89.6,5.54,1.38,0,5.88235,0,14.3647,4.205,-8.62812,1,8,0,0,0,0,0,0,2.048,0,190.4
788,1602.280,14.508,14.4703,13.7155,31,-19.5313,1.5625,1174.5,3.72823,16.5,89.6,5.52,1.38,0,5.88235,0,14.3647,4.205,-8.62648,1,8,0,0,0,0,0,0,2.048,0,190.4
789,1602.320,14.508,14.4703,13.6968,31,-19.5313,1.5625,1168.25,3.72823,16.5,89.6,5.5,1.38,0,5.88235,0,14.3647,4.205,-8.64944,1,8,0,0,0,0,0,0,2.048,0,190.4
790,1602.360,14.5505,14.4703,13.6968,31,-19.5313,.78125,1159.75,3.72823,16.5,89.6,5.5,1.38,0,5.88235,0,14.3647,4.205,-8.64944,1,8,0,0,0,0,0,0,2.048,0,190.4
791,1602.400,14.4673,14.4703,13.6906,31,-19.5313,.78125,1168.75,3.72823,16.5,89.6,5.5,1.4,0,5.88235,0,14.3647,4.205,-8.65736,1,8,0,0,0,0,0,0,2.048,0,190.4
792,1602.440,14.4248,14.4703,13.6906,31,-19.5313,.78125,1160,3.10686,16.5,89.6,5.64,1.4,0,6.27451,0,14.3647,4.35,-8.65736,1,8,0,0,0,0,0,0,2.048,0,190.4
793,1602.480,14.508,14.5852,13.6844,31,-19.5313,.78125,1143,3.10686,16.5,89.6,5.81,1.42,0,6.66667,0,14.3647,4.35,-8.65719,1,8,0,0,0,0,0,0,2.048,0,190.4
794,1602.520,14.4248,14.5852,13.6657,31,-19.5313,.78125,1134,3.10686,16.5,89.6,6.03,1.42,1.17647,6.66667,12.0789,14.3647,4.35,-8.67412,1,8,0,0,0,0,0,0,2.048,0,190.4
795,1602.560,14.4673,14.5852,13.6657,31,-19.5313,3.125,1133.5,3.10686,17,89.6,6.18,1.52,23.5294,12.549,168.965,14.3647,4.495,-8.67412,1,8,0,0,0,0,0,0,2.048,0,190.4
796,1602.600,14.4673,14.5852,13.5978,31,-19.5313,3.125,1127.5,3.10686,13.5,89.6,15.79,2.16,29.4118,25.4902,176.337,14.3647,6.525,.653313,1,8,0,0,0,74.902,0,0,3.072,0,190.4
797,1602.640,14.2972,14.5852,9.91294,31,-6.25,3.125,1142.25,3.10686,14.5,89.6,29.09,2.42,12.1569,26.2745,120.188,14.3647,8.99,-1.40275,1,8,0,0,0,74.902,0,0,3.84,0,190.4
798,1602.680,14.5505,14.5852,9.91294,31,-4.6875,3.125,1276.25,3.10686,-7.5,89.6,34.47,2.1,0,14.5098,0,14.3647,11.455,-1.40275,1,8,0,0,0,74.902,0,0,5.376,0,190.4
799,1602.720,13.9606,14.2406,12.3434,31,-4.6875,3.125,1453.25,3.10686,11.5,89.6,16.24,1.72,0,9.01961,0,14.3647,10.585,-8.62041,1,8,0,0,0,0,0,0,4.352,0,190.4
800,1602.760,12.5275,13.7813,12.3434,31,-4.6875,3.125,1600.5,3.10686,11,89.6,10.43,1.6,1.96078,7.84314,22.3418,14.3647,9.425,-8.62041,1,8,0,0,0,0,0,0,3.84,0,190.4
801,1602.800,11.9377,13.3219,15.5826,31,-4.6875,3.125,1743.25,3.10686,12.5,89.6,8.93,1.58,10.5882,11.3725,105.755,14.3647,8.41,-7.94729,1,8,0,0,0,23.9216,0,0,3.584,0,190.4
802,1602.840,11.7288,12.9773,14.6215,31,-4.6875,3.125,1805.25,3.10686,-4,89.6,11.68,1.82,15.2941,16.8627,146.562,14.3647,7.975,-2.418,1,8,0,0,0,74.902,0,0,3.584,0,190.4
803,1602.880,11.9377,12.6328,14.6215,31,-4.6875,3.125,1741.75,3.10686,16,89.6,20.1,2.1,14.902,19.2157,142.775,14.3647,8.12,-2.418,1,8,0,0,1,74.902,0,0,3.84,0,190.4
804,1602.920,11.8545,12.1734,12.1198,31,-4.6875,3.125,1660.25,3.10686,15.5,89.6,25.43,2.16,15.2941,19.6078,148.473,14.3647,9.135,-1.87145,1,8,0,0,1,74.902,0,0,4.608,0,190.4
805,1602.960,11.0964,11.8289,12.3434,31,-4.6875,2.34375,1689.25,3.10686,15,89.6,27.48,2.18,15.6863,20.3922,152.701,14.3647,10.005,-1.08178,1,8,0,0,2,74.902,0,0,4.864,0,190.4
806,1603.000,10.3789,11.5992,12.3434,31,-4.6875,2.34375,1708.25,3.72823,15,89.6,27.81,2.18,18.4314,21.1765,170.279,14.3647,10.295,-1.08178,1,8,0,0,1,74.902,0,0,5.12,0,190.4
807,1603.040,10.843,11.2547,12.5965,31,-4.6875,2.34375,1723.75,3.72823,15,89.6,28.89,2.24,19.6078,23.1373,178.109,14.3647,10.73,.721582,1,8,0,0,2,74.902,0,0,5.376,0,190.4
808,1603.080,11.8971,11.2547,12.5965,31,-6.25,2.34375,1771.5,3.72823,14.5,89.6,30.39,2.24,21.1765,23.9216,187.644,14.3647,11.455,.721582,1,8,0,0,2,74.902,0,0,5.632,0,190.4
809,1603.120,13.0768,11.5992,12.544,31,-6.25,2.34375,1801.5,3.72823,3,89.6,31.13,2.28,22.3529,25.8824,194.208,14.3647,11.745,1.5732,1,8,0,0,1,74.902,0,0,5.888,0,190.4
810,1603.160,13.4559,11.9437,12.6601,31,-5.46875,2.34375,1794.75,4.3496,3,89.6,32.67,2.28,22.3529,25.8824,194.19,14.3647,12.035,1.90189,1,8,0,0,2,74.902,0,0,5.888,0,190.4
811,1603.200,13.539,12.2883,12.6601,31,-4.6875,2.34375,1796.5,4.3496,2,89.6,32.83,2.28,23.1373,26.6667,199.112,14.3647,12.47,1.90189,1,8,0,0,1,74.902,0,0,6.144,0,188.6
812,1603.240,13.6667,12.6328,12.7189,31,-4.6875,2.34375,1808,4.97097,2,89.6,33.25,2.3,23.1373,27.0588,199.164,14.3647,12.615,2.34191,1,8,0,0,2,74.902,0,0,6.144,0,188.6
813,1603.280,13.4133,12.9773,12.7512,31,-4.6875,2.34375,1793.25,4.97097,13.5,89.6,32.34,2.28,24.3137,27.8431,207.294,14.3647,12.76,2.50786,1,8,0,0,2,74.902,0,0,6.4,0,188.6
814,1603.320,13.4133,13.3219,12.7512,31,-4.6875,2.34375,1796.25,5.59234,13.5,89.6,33.17,2.3,23.9216,28.6275,204.027,14.3647,12.905,2.50786,1,8,0,0,1,74.902,0,0,6.4,0,188.6
815,1603.360,13.539,13.3219,12.7783,31,-5.46875,1.5625,1789.75,5.59234,13.5,89.6,33.09,2.3,24.7059,28.6275,208.886,14.3647,13.05,2.47526,1,8,0,0,2,74.902,0,0,6.656,0,188.6
816,1603.400,13.5816,13.4367,12.7783,31,-5.46875,1.5625,1741.5,6.21371,13,89.6,32.58,2.28,23.5294,29.0196,202.057,14.3647,13.195,2.47526,1,8,0,0,2,74.902,0,0,6.656,0,188.6
817,1603.440,13.5816,13.4367,12.8218,31,-5.46875,1.5625,1723.25,6.21371,13,89.6,31.76,2.24,24.7059,28.2353,208.304,14.3647,13.34,2.42353,1,8,0,0,2,74.902,0,0,6.656,0,188.6
818,1603.480,13.6241,13.3219,12.8547,31,-6.25,1.5625,1706.25,6.21371,13,89.6,31.02,2.26,25.8824,29.8039,212.087,14.3647,13.34,2.53044,1,8,0,0,2,74.902,0,0,6.656,0,188.6
819,1603.520,13.4133,13.207,12.8547,31,-6.25,1.5625,1654,6.21371,12.5,89.6,32.5,2.28,24.7059,30.1961,209.239,14.3647,13.34,2.53044,1,8,0,0,2,74.902,0,0,6.656,0,188.6
820,1603.560,13.2451,13.0922,13.0215,31,-6.25,1.5625,1659,6.83508,12.5,89.6,30.75,2.24,26.6667,30.1961,212.46,14.3647,13.63,2.36714,1,8,0,0,3,74.902,0,0,6.656,0,188.6
821,1603.600,13.2876,13.0922,13.044,31,-6.25,1.5625,1617,6.83508,12.5,89.6,31.08,2.24,26.6667,30.5882,211.929,14.3647,13.63,2.34545,1,8,0,0,2,74.902,0,0,6.656,0,188.6
822,1603.640,13.3708,13.0922,13.044,31,-7.03125,1.5625,1560.75,7.45645,12,89.6,30.07,2.24,25.8824,30.1961,207.987,14.3647,13.775,2.34545,1,8,0,0,3,74.902,0,0,6.656,0,188.6
823,1603.680,13.2025,13.0922,13.0837,31,-7.03125,1.5625,1523.5,7.45645,12,89.6,29.1,2.22,26.6667,29.8039,205.79,14.3647,13.775,2.33033,1,8,0,0,2,74.902,0,0,6.656,0,188.6
824,1603.720,13.2025,13.207,13.0837,31,-7.8125,1.5625,1509.75,8.07783,11.5,89.6,28.24,2.2,27.451,29.8039,205.199,14.3647,13.92,2.33033,1,8,0,0,3,74.902,0,0,6.656,0,188.6
825,1603.760,13.3282,13.207,13.1122,31,-9.375,.78125,1518.75,8.07783,12,89.6,28.24,2.2,29.0196,29.4118,207.797,14.3647,13.92,2.33757,1,8,0,0,2,74.902,0,0,6.656,0,188.6
826,1603.800,13.3282,13.0922,13.1523,31,-10.9375,.78125,1571,8.6992,12,89.6,28.35,2.22,31.7647,30.1961,214.529,14.3647,13.92,2.28111,1,8,0,0,2,74.902,0,0,6.4,0,188.6
827,1603.840,13.3282,13.0922,13.1523,31,-13.2813,.78125,1644.5,8.6992,12.5,89.6,29.32,2.26,34.5098,30.9804,219.531,14.3647,13.92,2.28111,1,8,0,0,1,74.902,0,0,6.4,0,188.6
828,1603.880,13.2876,13.0922,13.1926,31,-15.625,.78125,1743.5,9.32057,13,89.6,30.54,2.28,35.6863,32.549,222.688,14.3647,13.92,2.4048,1,8,0,0,2,74.902,0,0,6.144,0,188.6
829,1603.920,13.4559,13.0922,13.2158,31,-16.4063,.78125,1776.5,9.32057,13,89.6,33.51,2.3,36.0784,33.3333,225.133,14.3647,13.92,2.80766,1,8,0,0,1,74.902,0,0,6.144,0,188.6
830,1603.960,13.16,13.5516,13.2158,31,-16.4063,.78125,1807.5,9.32057,13.5,89.6,33.87,2.32,36.8627,33.7255,226.721,14.3647,13.92,2.80766,1,8,0,0,2,74.902,0,0,5.888,0,188.6
831,1604.000,13.3282,13.8961,13.2449,31,-15.625,.78125,1796.25,9.32057,13.5,89.6,34.32,2.32,36.8627,34.5098,226.581,14.3647,14.065,3.02048,1,8,0,0,2,74.902,0,0,6.144,0,188.6
832,1604.040,13.7924,14.3555,13.2449,31,-14.8438,.78125,1792.25,9.94194,13,89.6,34.23,2.34,37.2549,34.5098,226.66,14.3647,14.065,3.02048,1,8,0,0,2,74.902,0,0,6.144,0,188.6
833,1604.080,14.1289,14.7,13.2858,31,-13.2813,.78125,1835.25,9.94194,13.5,89.6,34.23,2.3,38.8235,34.5098,228.743,14.3647,14.065,2.89206,1,8,0,0,2,74.902,0,0,6.144,0,188.6
834,1604.120,14.6356,14.9297,13.3093,31,-12.5,.78125,1873.25,10.5633,13.5,89.6,34.94,2.34,41.5686,35.2941,233.476,14.3647,14.21,3.33596,1,8,0,0,1,74.902,0,0,6.4,0,188.6
835,1604.160,15.0978,15.0445,13.3093,31,-11.7188,.78125,1975.5,10.5633,14,89.6,35.93,2.36,43.9216,36.8627,238.907,14.3647,14.21,3.33596,1,8,0,0,1,74.902,0,0,6.144,0,188.6
836,1604.200,15.0147,15.1594,13.327,31,-10.9375,.78125,2030,10.5633,14,89.6,36.59,2.42,43.9216,38.0392,244.591,14.3647,14.21,4.2037,1,8,0,0,2,74.902,0,0,6.144,0,188.6
837,1604.240,15.4769,15.1594,13.3862,31,0,.78125,2099.5,10.5633,14.5,89.6,39.62,2.42,43.5294,39.2157,254.672,14.3647,14.355,4.58823,1,8,0,0,2,74.902,0,0,6.912,0,188.6
838,1604.280,15.0978,15.1594,13.3862,31,0,.78125,2130,11.1847,14.5,89.6,41.51,2.44,42.7451,39.6078,258.512,14.3647,14.355,4.58823,1,8,0,0,2,74.902,0,0,6.912,0,188.6
839,1604.320,15.3086,14.7,13.2624,31,0,.78125,2142.5,11.1847,14.5,89.6,42.19,2.46,41.9608,40,259.626,14.3647,14.355,4.69586,1,8,0,0,3,74.902,0,0,6.912,0,188.6
840,1604.360,15.0147,14.2406,13.1122,31,0,0,2164.25,11.8061,14.5,89.6,42.32,2.46,41.9608,40,262.882,14.3647,14.5,4.69586,1,8,0,0,4,74.902,0,0,7.168,0,188.6
841,1604.400,14.214,13.7813,13.1122,31,0,0,2178,11.8061,14.5,89.6,43.35,2.46,42.3529,40,264.87,14.3647,14.5,4.8464,1,8,0,0,3,74.902,0,0,7.168,0,188.6
842,1604.440,13.9181,13.4367,12.9934,31,0,0,2234.75,11.8061,14.5,89.6,44.11,2.48,42.7451,40,269.96,14.3647,14.5,5.07616,1,8,0,0,4,74.902,0,0,7.168,0,188.6
843,1604.480,13.3282,13.207,12.9934,31,0,0,2286,11.8061,14.5,89.6,45,2.5,43.1373,40.7843,280.974,14.3647,14.5,5.07616,1,8,0,0,5,74.902,0,0,7.424,0,188.6
844,1604.520,13.1174,12.9773,12.8492,31,0,0,2377.25,12.4274,14.5,89.6,46.39,2.54,43.1373,41.9608,296.516,14.3647,14.5,5.6961,1,8,0,0,6,74.902,0,0,7.424,0,188.6
845,1604.560,12.9492,12.8625,12.8109,31,0,0,2428.75,12.4274,15,89.6,48.04,2.56,43.1373,42.7451,300.448,14.3647,14.5,7.12642,1,8,0,0,5,74.902,0,0,7.424,0,188.6
846,1604.600,12.9492,12.7477,12.8109,31,0,0,2484.75,13.0488,15,89.6,49.33,2.62,43.1373,43.1373,301.427,14.3647,14.645,7.12642,1,8,0,0,6,74.902,0,0,7.68,0,188.6
847,1604.640,13.0343,12.7477,12.6335,31,0,0,2525.25,13.0488,15,89.6,50.31,2.62,43.1373,43.5294,301.349,14.3647,14.645,8.83469,1,8,0,0,6,74.902,0,0,7.68,0,188.6
848,1604.680,12.9085,12.7477,12.6335,31,0,0,2541.5,13.6702,15,89.6,50.97,2.64,43.1373,43.5294,302.06,14.3647,14.645,8.83469,1,8,0,0,7,74.902,0,0,7.68,0,188.6
849,1604.720,12.9917,12.7477,12.4868,31,0,0,2588.25,13.6702,15.5,89.6,51.54,2.64,43.1373,43.5294,303.239,14.3647,14.79,9.51145,1,8,0,0,7,74.902,0,0,7.936,0,188.6
850,1604.760,12.8234,12.6328,12.3434,31,0,0,2634.5,14.2915,15.5,89.6,52.58,2.66,43.1373,43.9216,304.046,14.3647,14.79,10.8357,1,8,0,0,7,74.902,0,0,7.936,0,188.6
851,1604.800,12.9917,12.6328,12.3434,31,0,0,2670.25,14.2915,15.5,89.6,53.91,2.68,43.1373,44.3137,304.315,14.3647,14.79,10.8357,1,8,0,0,7,74.902,0,0,8.192,0,188.6
852,1604.840,12.866,12.518,12.1737,31,0,0,2737.75,14.9129,15.5,89.6,54.8,2.7,42.7451,44.3137,305.134,14.3647,14.935,12.655,1,8,0,0,7,74.902,0,0,8.192,0,188.6
853,1604.880,12.4869,12.4031,12.0471,32,0,0,2817,14.9129,15.5,89.6,56.43,2.72,42.3529,44.3137,305.822,14.3647,14.935,14.7958,1,8,0,0,8,80,0,15.3789,8.192,0,188.6
854,1604.920,12.5275,12.4031,12.0471,32,0,0,2885.75,15.5343,15.5,89.6,60.22,2.74,41.5686,43.9216,304.22,14.3647,14.935,14.7958,1,8,0,0,9,80,0,15.3789,8.192,0,188.6
855,1604.960,12.4869,12.2883,12.0422,32,0,0,2936,15.5343,16,89.6,61.07,2.76,41.1765,43.5294,303.366,14.3647,15.08,15.4357,1,8,0,0,10,80,0,15.3789,8.448,0,188.6
856,1605.000,12.3593,12.2883,12.0422,32,0,0,2983.25,15.5343,16,89.6,62.77,2.78,41.1765,43.5294,303.247,14.3647,15.08,15.4357,1,8,0,0,10,80,0,15.3789,8.448,0,188.6
857,1605.040,12.3187,12.0586,12.0471,32,0,0,3023,15.5343,16,89.6,64.9,2.78,40.7843,43.1373,302.781,14.3647,15.225,15.9256,1,8,0,0,11,79.6078,0,15.3773,8.448,0,188.6
858,1605.080,12.1485,11.9437,12.0374,32,0,0,3065.25,16.1557,16,89.6,67.03,2.8,40.3922,43.1373,302.333,14.3647,15.225,16.3456,1,8,0,0,11,78.4314,0,15.3773,8.704,0,188.6
859,1605.120,12.0228,11.7141,12.0374,32,0,0,3122.25,16.1557,16.5,89.6,68.73,2.8,40.3922,43.1373,302.183,14.3647,15.37,16.3456,1,8,0,0,11,78.4314,0,15.3773,8.704,0,188.6
860,1605.160,11.9377,11.5992,12.0182,32,0,0,3205.5,16.777,17,89.6,74.39,2.84,40.7843,43.1373,302.338,14.3647,15.37,17.1989,1,8,0,0,11,76.4706,0,15.3751,8.96,0,188.6
861,1605.200,11.6863,11.4844,11.9943,32,0,0,3274.5,16.777,17,89.6,76.17,2.86,40.3922,43.1373,301.849,14.3647,15.515,17.5227,1,8,0,0,11,75.2941,0,15.3751,8.96,0,188.6
862,1605.240,11.2221,11.3695,11.9943,32,0,0,3357.75,17.3984,17.5,89.6,77.95,2.88,39.6078,42.7451,300.594,14.3647,15.515,17.5227,1,8,0,0,12,75.2941,0,15.3751,9.216,0,188.6
863,1605.280,11.3072,11.1398,11.9514,32,0,0,3386.5,17.3984,17.5,89.6,78.66,2.9,38.8235,42.3529,299.065,14.3647,15.66,17.4873,1,8,0,0,13,74.5098,0,15.3734,9.216,0,188.6
864,1605.320,11.1795,11.1398,11.9514,32,0,0,3416.5,18.0198,17.5,89.6,78.48,2.9,38.0392,41.5686,297.891,14.3647,15.66,17.4873,1,8,0,0,14,74.5098,0,15.3734,9.216,0,188.6
865,1605.360,10.9687,11.1398,11.9419,32,0,0,3482.75,18.0198,17.5,89.6,80.22,2.92,37.6471,40.7843,297.052,14.3647,15.66,17.4029,1,8,0,0,15,74.1176,0,15.3734,9.216,0,188.6
866,1605.400,11.0964,11.1398,11.9372,32,0,0,3539,18.6411,18,89.6,81.16,2.94,36.8627,40.3922,295.728,14.3647,15.805,17.3527,1,8,0,0,15,73.3333,0,15.3711,9.216,0,188.6
867,1605.440,11.0538,11.1398,11.9372,32,0,0,3596.75,18.6411,18,89.6,83.17,2.98,36.0784,40.3922,294.453,14.3647,15.805,17.3527,1,8,0,0,15,73.3333,0,15.3711,9.472,0,188.6
868,1605.480,10.8005,11.1398,11.9419,32,0,0,3684.25,19.2625,18,89.6,84.89,3,35.2941,40,293.481,14.3647,15.805,17.2977,1,8,0,0,16,72.549,0,15.3711,9.216,0,188.6
869,1605.520,10.9281,11.1398,11.9372,32,0,0,3731,19.2625,18,89.6,86.37,3,33.3333,38.8235,289.967,14.3647,15.805,17.1012,1,8,0,0,16,71.7647,0,15.3684,9.216,0,188.6
870,1605.560,11.2646,11.1398,11.9372,32,0,0,3818.75,19.8839,18,89.6,85.87,3,30.5882,36.8627,284.023,14.3647,15.805,17.1012,1,8,0,0,16,71.7647,0,15.3684,8.96,0,188.6
871,1605.600,11.5586,11.1398,12.0615,32,0,0,3852.25,19.8839,18,89.6,85.37,3,28.6275,34.902,268.239,14.3647,15.515,16.2873,1,8,0,0,16,71.3726,0,15.3684,8.704,0,188.6
872,1605.640,11.7288,11.1398,12.1492,32,0,0,3894.25,20.5052,18,89.6,83.17,2.96,27.8431,32.549,261.944,14.3647,15.225,16.2873,1,10,0,0,16,71.3726,0,15.3684,8.448,0,188.6
873,1605.680,11.518,11.1398,12.1492,32,0,0,3904.75,20.5052,18,89.6,84.42,2.98,27.8431,32.549,261.851,14.3647,14.935,15.9366,1,10,0,0,16,72.9412,0,15.3653,8.448,0,188.6
874,1605.720,11.3478,11.1398,12.2182,32,0,0,3973.75,21.1266,18,89.6,85.54,3,27.8431,32.549,261.187,14.3647,14.79,15.9234,1,10,0,0,15,72.549,0,15.3653,8.448,0,188.6
875,1605.760,14.0032,11.1398,12.2182,32,0,0,4073,21.1266,18,89.6,87.04,3.02,27.8431,33.3333,259.189,14.3647,14.79,15.9234,1,10,0,0,15,72.549,0,15.3653,8.192,0,188.6
876,1605.800,12.7384,11.2547,12.2033,32,0,0,4168,21.748,18,89.6,88.7,3.06,27.8431,33.3333,257.852,14.3647,14.79,15.9271,1,10,0,0,14,72.1569,0,15.362,8.192,0,188.6
877,1605.840,11.7694,11.4844,12.1541,32,0,0,4211,21.748,18,89.6,91.55,3.08,27.451,33.3333,253.732,14.3647,14.645,15.73,1,10,0,0,14,72.9412,0,15.362,8.192,0,188.6
878,1605.880,12.2336,11.7141,12.1541,32,0,0,4264.75,22.3694,18.5,89.6,101.54,3.12,26.6667,33.3333,246.363,14.3647,14.645,15.73,1,10,0,0,14,72.9412,0,15.362,8.448,0,188.6
879,1605.920,12.4018,11.8289,12.0809,32,0,0,4306,22.3694,18.5,89.6,105.06,3.12,25.8824,33.3333,236.951,14.3647,14.79,15.444,1,10,0,0,13,73.7255,0,15.3585,8.704,0,188.6
880,1605.960,12.3187,11.9437,11.999,32,0,0,4362.75,22.9907,18.5,89.6,108,3.14,25.4902,32.549,232,14.3647,14.79,15.444,1,10,0,0,13,73.7255,0,15.3585,8.96,0,188.6
881,1606.000,12.1485,11.7141,11.999,32,0,0,4408.5,22.9907,18.5,89.6,108,3.14,24.7059,32.549,225.993,14.3647,14.645,15.3956,1,10,0,0,13,75.6863,0,15.3585,9.216,0,188.6
882,1606.040,11.9802,11.3695,12.0134,32,0,0,4456.75,23.6121,18.5,89.6,111.16,3.14,24.7059,32.1569,221.652,14.3647,14.5,15.3956,1,10,0,0,13,75.6863,0,15.3549,9.216,0,188.6
883,1606.080,11.5586,11.1398,12.0134,32,0,0,4519.5,23.6121,18.5,89.6,112.84,3.16,24.3137,32.1569,217.014,14.3647,14.355,15.3956,1,10,0,0,12,75.6863,0,15.3549,9.216,0,188.6
884,1606.120,11.3072,11.1398,12.0182,32,0,0,4589.75,24.2335,18.5,89.6,113.51,3.16,23.9216,32.1569,209.338,14.3647,14.355,15.3957,1,10,0,0,12,75.2941,0,15.3549,9.216,0,188.6
885,1606.160,11.2221,11.1398,11.9136,32,0,0,4670.75,24.2335,18.5,89.6,115.52,3.18,23.1373,31.3725,198.748,14.3647,14.355,15.3104,1,10,0,0,11,74.902,0,15.3511,9.472,0,188.6
886,1606.200,11.1389,11.1398,11.9136,32,0,0,4697.5,24.8548,18.5,89.6,114.18,3.18,22.3529,30.9804,191.922,14.3647,14.21,15.3104,1,10,0,0,11,74.902,0,15.3511,9.216,0,188.6
887,1606.240,11.2646,11.1398,11.9895,32,0,0,4730.25,24.8548,19,89.6,113.84,3.18,21.5686,30.5882,180.437,14.3647,14.065,12.158,1,10,0,0,9,74.5098,0,15.3511,9.216,0,188.6
888,1606.280,11.3072,11.1398,11.9895,32,0,0,4751.25,25.4762,19,89.6,112.5,3.16,20,30.1961,165.976,14.3647,13.92,12.158,1,10,0,0,9,74.5098,0,15.3511,8.96,0,188.6
889,1606.320,11.3072,11.1398,12.0471,32,0,0,4820,25.4762,19,89.6,103.3,3.12,18.4314,29.0196,148.725,14.3647,13.63,5.75233,1,10,0,0,8,64.3137,0,0,8.96,0,188.6
890,1606.360,11.0113,11.1398,12.1688,32,0,0,4867.25,26.0976,19,87.8,97.42,3.08,15.6863,27.8431,115.988,14.3647,13.195,1.34353,1,10,0,0,7,63.9216,0,0,8.192,0,188.6
891,1606.400,10.843,11.1398,12.1688,32,0,0,4881.25,26.0976,19,87.8,85.87,2.98,9.41177,25.4902,51.2267,14.3647,12.325,1.34353,1,10,0,0,6,63.9216,0,0,7.424,0,188.6
892,1606.440,10.9281,11.1398,13.2975,32,0,0,4893.5,26.719,19,87.8,70.63,2.72,0,19.6078,0,14.3647,10.44,-7.18314,1,10,0,0,6,63.9216,0,0,6.144,0,188.6
893,1606.480,10.8005,11.1398,16.7813,32,0,0,4859.25,26.719,21,87.8,32.98,2.24,0,14.1176,0,14.3647,7.54,-8.62047,1,10,0,0,5,0,0,0,4.608,0,188.6
894,1606.520,10.5897,11.1398,16.7813,32,0,0,4767.75,26.719,24,87.8,22.59,2.04,0,12.549,0,14.3647,6.09,-8.62047,1,10,0,0,5,0,0,0,3.328,0,188.6
895,1606.560,10.5491,11.1398,18.3907,33,-.78125,0,4762.75,26.719,27,87.8,18.19,1.92,0,12.549,0,14.3647,5.075,-8.62042,1,10,0,0,3,0,0,0,3.072,0,188.6
896,1606.600,10.4214,11.1398,18.3907,33,-1.5625,0,4737.5,26.719,20,87.8,15.98,1.86,0,12.549,0,14.3647,4.35,-8.62042,1,10,0,0,3,0,0,0,0,0,188.6
897,1606.640,10.2957,11.1398,14.1341,33,-2.34375,0,4696,26.719,19.5,87.8,15.17,1.84,0,12.549,0,14.3647,4.06,-8.62043,1,10,0,0,2,0,0,0,0,0,188.6
898,1606.680,10.4214,11.1398,14.1341,33,-2.34375,0,4664.5,26.719,18.5,87.8,14.82,1.84,0,12.549,0,14.3647,3.915,-8.62038,1,10,0,0,2,0,0,0,0,0,188.6
899,1606.720,10.7579,11.1398,14.1341,33,0,0,4604.25,26.719,17.5,87.8,14.22,1.82,0,12.549,0,14.3647,3.77,-8.62038,1,10,0,0,2,0,0,0,0,0,188.6
900,1606.760,11.3072,11.1398,14.1341,33,0,.78125,4525.5,26.719,17,87.8,14.39,1.8,0,12.1569,0,14.3647,3.625,-8.62039,1,10,0,0,2,0,0,0,0,0,188.6
901,1606.800,12.4869,11.3695,14.1673,33,0,.78125,4437.25,26.719,16,87.8,13.96,1.8,0,12.1569,0,14.3647,3.48,-8.62034,1,10,0,0,2,0,0,0,0,0,188.6
902,1606.840,13.7073,11.7141,14.1673,33,0,.78125,4339.75,26.719,15.5,87.8,13.6,1.8,0,12.1569,0,14.3647,3.48,-8.62034,1,10,0,0,2,0,0,0,0,0,188.6
903,1606.880,15.3086,12.0586,14.2681,33,0,.78125,4241.25,26.719,14.5,87.8,13.96,1.8,0,11.7647,0,14.3647,3.48,-8.62029,1,10,0,0,2,0,0,0,0,0,188.6
904,1606.920,16.5309,12.4031,14.2681,33,0,.78125,4140.25,26.719,14,87.8,14.05,1.8,0,11.7647,0,14.3647,3.48,-8.62029,1,10,0,0,2,0,0,0,0,0,188.6
905,1606.960,19.0161,12.7477,14.336,33,0,.78125,4076.25,26.719,13,87.8,13.25,1.78,5.09804,11.3725,28.6035,14.3647,3.48,-8.62024,1,10,0,0,2,0,0,0,0,0,188.6
906,1607.000,19.9444,13.0922,14.336,33,0,.78125,3969.25,26.719,21,87.8,15.77,2.02,29.0196,21.5686,271.492,14.3647,3.48,2.44353,1,10,0,0,2,68.6274,0,0,1.792,0,188.6
907,1607.040,19.8168,13.5516,14.336,33,0,.78125,3873.25,26.719,21.5,87.8,65.99,2.9,48.2353,38.8235,308.057,14.3647,9.28,2.44353,1,10,0,0,3,68.6274,0,0,3.84,0,188.6
908,1607.080,20.1127,14.0109,10.2157,33,0,.78125,3822.5,26.719,17.5,87.8,113.51,3.16,57.6471,49.8039,314.16,14.3647,14.5,18.0957,1,10,0,0,3,70.1961,0,15.3282,5.888,0,188.6
909,1607.120,20.1959,14.4703,12.5127,33,0,.78125,3453.25,26.719,16.5,87.8,91.22,3.04,60,53.3333,316.439,14.3647,15.805,18.2368,1,10,0,0,4,73.3333,0,15.3282,7.424,0,188.6
910,1607.160,19.9019,15.1594,12.5127,33,0,0,3350,27.3403,17,86,84.92,2.96,61.5686,54.5098,317.434,14.3647,16.24,18.2368,1,10,0,0,5,73.3333,0,15.3282,8.192,0,188.6
911,1607.200,18.9755,16.0781,12.4609,33,0,0,3235.75,27.3403,17,86,83.33,2.94,61.9608,54.902,317.936,14.3647,16.53,18.2868,1,10,0,0,6,75.2941,0,15.326,8.704,0,188.6
912,1607.240,15.9836,17.1117,12.4609,33,0,0,3104,27.9617,17,86,80.66,2.92,61.9608,54.902,317.772,14.3647,16.82,18.2868,1,10,0,0,7,75.2941,0,15.326,9.216,0,188.6
913,1607.280,13.539,16.193,12.3434,33,0,0,2864,27.9617,15.5,86,77.77,2.86,61.1765,54.1176,316.636,14.3647,16.965,17.5624,1,10,0,0,8,77.6471,0,15.326,9.728,0,188.6
914,1607.320,12.5701,15.2742,12.238,33,0,0,2720,27.9617,15,86,75.11,2.84,60,52.1569,313.888,14.3647,17.11,14.3856,1,10,0,0,8,80,0,15.3243,9.984,0,188.6
915,1607.360,12.2761,14.5852,12.238,33,0,0,2794.75,27.9617,15,86,74.14,2.82,60.7843,51.3725,316.002,14.3647,17.11,14.3856,1,10,0,0,8,80,0,15.3243,10.24,0,188.6
916,1607.400,11.9377,14.0109,12.1394,33,0,0,2955,28.5831,.5,86,76.88,2.86,61.9608,51.7647,317.123,14.3647,17.11,15.6627,1,10,0,0,7,80,0,15.3243,10.24,0,188.6
917,1607.440,11.6012,13.6664,12.0374,33,0,0,2949.5,28.5831,15.5,86,78.66,2.9,61.5686,52.549,316.994,14.3647,17.255,16.4557,1,10,0,0,9,79.6078,0,15.3221,10.24,0,188.6
918,1607.480,11.4755,13.207,12.0374,33,0,0,2997.5,29.2044,15.5,86,79.18,2.9,60.7843,52.549,316.793,14.3647,17.545,16.4557,1,10,0,0,10,79.6078,0,15.3221,10.496,0,188.6
919,1607.520,11.3904,12.8625,11.9183,33,0,0,3013.25,29.2044,15.5,86,80.84,2.92,60,52.549,316.381,14.3647,17.545,16.8884,1,10,0,0,11,78.8235,0,15.3221,10.496,0,188.6
920,1607.560,11.3904,12.518,11.9183,32,0,0,2983.5,29.2044,15,86,81.16,2.92,59.6078,51.7647,316.187,14.3647,17.69,16.8884,1,10,0,0,12,78.8235,0,15.3221,10.752,0,188.6
921,1607.600,11.3478,12.0586,11.783,32,0,0,2981.25,29.2044,15,86,81.16,2.92,59.6078,51.3725,316.181,14.3647,17.835,16.5795,1,10,0,0,13,79.6078,0,15.3194,10.752,0,188.6
922,1607.640,11.0538,11.8289,11.7554,32,0,0,3042.5,29.8258,15.5,86,82.09,2.92,60,51.3725,316.461,14.3647,17.98,16.7598,1,10,0,0,13,79.2157,0,15.3194,10.752,0,188.6
923,1607.680,11.2221,11.4844,11.7554,32,0,0,3089.5,29.8258,16,86,83.64,2.96,59.6078,51.3725,316.375,14.3647,17.98,16.7598,1,10,0,0,14,79.2157,0,15.3194,10.752,0,188.6
924,1607.720,11.2221,11.1398,11.687,32,0,0,3098.5,30.4472,15.5,86,84.42,2.96,58.0392,51.3725,315.676,14.3647,18.125,17.5662,1,10,0,0,15,77.2549,0,15.3174,11.008,0,188.6
925,1607.760,11.2221,11.1398,11.7142,32,0,0,3110.5,30.4472,15.5,86,84.91,2.98,56.0784,50.5882,314.447,14.3647,18.27,17.5084,1,10,0,0,16,77.2549,0,15.3174,11.008,0,188.6
926,1607.800,11.0964,11.1398,11.7142,32,0,0,3131.5,31.0686,15,86,86.04,3,54.902,49.8039,313.806,14.3647,18.415,17.5084,1,10,0,0,17,77.2549,0,15.3174,11.008,0,188.6
927,1607.840,11.3904,11.1398,11.7462,32,0,0,3172.25,31.0686,15.5,86,86.7,3.02,54.5098,49.4118,313.472,14.3647,18.56,17.6109,1,10,0,0,19,76.8627,0,15.3148,11.008,0,188.6
928,1607.880,11.3478,11.1398,11.7462,32,0,0,3218.25,31.0686,15,86,86.87,3,54.5098,49.4118,313.289,14.3647,18.705,17.6109,1,10,0,0,20,76.8627,0,15.3148,11.008,0,188.6
929,1607.920,11.0538,11.1398,11.7371,32,0,0,3233,31.0686,15.5,86,88.2,3.04,53.7255,49.4118,312.916,14.3647,18.705,18.0599,1,10,0,0,21,75.6863,0,15.3148,11.008,0,188.6
930,1607.960,11.4329,11.1398,11.7554,32,0,0,3253.25,31.6899,16,86,89.03,3.06,52.1569,49.0196,311.605,14.3647,18.995,18.0091,1,10,0,0,22,75.6863,0,15.3137,11.264,0,188.6
931,1608.000,11.4329,11.1398,11.7554,32,0,0,3263.25,31.6899,16,86,92.3,3.08,50.1961,48.6275,310.393,14.3647,19.14,18.0091,1,10,0,0,22,75.6863,0,15.3137,11.264,0,188.6
932,1608.040,11.3904,11.1398,11.7417,32,0,0,3281.5,32.3113,15,86,93.9,3.08,47.451,47.8431,308.945,14.3647,19.14,17.9218,1,10,0,0,23,75.2941,0,15.3137,11.264,0,188.6
933,1608.080,11.3904,11.1398,11.7325,32,0,0,3336.75,32.3113,15.5,86,96.84,3.08,45.8824,47.0588,307.93,14.3647,19.285,17.8367,1,10,0,0,23,74.902,0,15.3137,11.264,0,188.6
934,1608.120,11.3478,11.1398,11.7325,32,0,0,3364.75,32.9327,13.5,86,98.01,3.1,44.7059,46.2745,307.189,14.3647,19.43,17.8367,1,10,0,-1.4,24,74.902,0,15.3137,11.52,0,188.6
935,1608.160,11.3478,11.1398,11.7142,32,0,0,3370,32.9327,14,86,104.47,3.14,43.1373,46.2745,305.804,14.3647,19.575,17.8054,1,10,0,-1.4,24,74.5098,0,15.3137,11.776,0,188.6
936,1608.200,11.3904,11.1398,11.6779,32,0,0,3388.25,33.554,13,86,109.76,3.14,42.3529,45.098,304.305,14.3647,19.72,17.8054,1,10,0,-1.4,25,74.5098,0,15.3137,12.032,0,188.6
937,1608.240,11.3478,11.1398,11.6779,32,0,0,3424.75,33.554,13.5,86,110.17,3.16,40.7843,44.3137,302.078,14.3647,19.865,17.6974,1,10,0,-1.4,25,74.5098,0,15.3137,12.288,0,188.6
938,1608.280,10.843,11.1398,11.6643,32,0,0,3454.5,34.1754,12.5,86,111.43,3.14,38.8235,43.1373,299.459,14.3647,19.865,17.5488,1,10,0,-1.4,26,74.1176,0,15.3137,12.288,0,188.6
939,1608.320,10.8856,11.1398,11.6643,32,0,0,3478.25,34.1754,13,86,113.51,3.18,38.0392,41.9608,297.922,14.3647,19.865,17.5488,1,10,0,-1.4,26,74.1176,0,15.3137,12.544,0,188.6
940,1608.360,10.9687,11.1398,11.6688,32,0,0,3509.75,34.1754,13,86,115.19,3.2,37.6471,41.1765,297.493,14.3647,19.865,17.4517,1,10,0,-1.4,26,73.7255,0,15.3137,12.544,0,188.6
941,1608.400,10.843,11.1398,11.6643,32,0,0,3530.5,34.1754,12.5,86,114.18,3.18,36.8627,40.7843,295.929,14.3647,20.01,17.3631,1,10,0,-1.4,26,73.3333,0,15.3137,12.544,0,188.6
942,1608.440,10.843,11.1398,11.6643,32,0,0,3539.5,34.7968,13,86,117.2,3.2,35.6863,40.3922,294.341,14.3647,20.01,17.3631,1,10,0,-1.4,26,73.3333,0,15.3137,12.8,0,188.6
943,1608.480,10.9687,11.1398,11.6643,32,0,0,3590.25,34.7968,12.5,86,119.88,3.22,35.2941,39.6078,293.531,14.3647,20.155,17.2375,1,10,0,-1.4,26,73.3333,0,15.3137,12.8,0,188.6
944,1608.520,11.0113,11.1398,11.6553,32,0,0,3620,35.4182,12.5,86,120.55,3.22,34.902,39.2157,292.707,14.3647,20.155,17.2375,1,10,0,-1.4,26,73.3333,0,15.3137,12.8,0,188.6
945,1608.560,10.9687,11.1398,11.6553,32,0,0,3625.25,35.4182,12.5,86,121.56,3.24,34.1176,38.8235,291.886,14.3647,20.3,17.1844,1,10,0,-1.4,26,72.9412,0,15.3137,12.8,0,188.6
946,1608.600,11.3072,11.1398,11.6553,32,0,0,3663.75,36.0395,13,86,124.24,3.26,32.9412,38.4314,289.94,14.3647,20.3,17.075,1,10,0,-1.4,26,72.549,0,15.3137,13.056,0,188.6
947,1608.640,11.3478,11.1398,11.6553,32,0,0,3682,36.0395,12.5,86,124.87,3.26,31.7647,37.6471,287.993,14.3647,20.3,17.075,1,10,0,-1.4,26,72.549,0,15.3137,13.056,0,188.6
948,1608.680,11.2221,11.1398,11.6463,32,0,0,3705,36.6609,13,86,124.58,3.26,30.9804,36.8627,286.416,14.3647,20.3,16.8848,1,10,0,-1.05,26,72.1569,0,15.3137,13.056,0,188.6
949,1608.720,11.2646,11.1398,11.6779,32,0,0,3719.5,36.6609,13,86,123.91,3.26,30.5882,36.0784,282.684,14.3647,20.3,16.6859,1,10,0,-1.05,26,71.7647,0,15.3137,13.056,0,188.6
950,1608.760,11.3072,11.1398,11.6779,32,0,0,3759.75,36.6609,13,84.2,124.58,3.26,30.1961,34.902,280.751,14.3647,20.155,16.6859,1,10,0,-1.05,25,71.7647,0,15.3137,12.8,0,188.6
951,1608.800,11.1795,11.1398,11.7051,32,0,0,3789.75,36.6609,13,84.2,124.87,3.26,29.8039,34.5098,278.77,14.3647,20.01,16.3544,1,10,0,-1.05,25,71.7647,0,15.3137,12.8,0,188.6
952,1608.840,11.1389,11.1398,11.7417,32,0,0,3819,37.2823,13.5,84.2,126.89,3.28,29.8039,34.1176,276.718,14.3647,20.01,16.3544,1,10,0,-1.05,26,71.7647,0,15.3137,12.8,0,188.6
953,1608.880,11.1795,11.1398,11.7417,32,0,0,3812.25,37.2823,13.5,84.2,126.89,3.28,29.4118,34.1176,274.664,14.3647,20.01,16.302,1,10,0,-1.05,26,71.7647,0,15.3137,12.8,0,188.6
954,1608.920,11.1389,11.1398,11.7417,32,0,0,3875.75,37.9036,13.5,84.2,127.52,3.28,29.0196,34.1176,270.644,14.3647,20.01,16.2018,1,10,0,-1.05,25,71.7647,0,15.3137,12.8,0,188.6
955,1608.960,11.0964,11.1398,11.7417,32,0,0,3904.75,37.9036,14,84.2,128.8,3.3,28.6275,33.7255,268.498,14.3647,20.01,16.2018,1,10,0,-1.05,26,71.7647,0,15.3137,12.8,0,188.6
956,1609.000,11.1795,11.1398,11.7554,32,0,0,3893.25,38.525,14,84.2,130.28,3.32,28.2353,33.7255,264.365,14.3647,20.01,16.0985,1,10,0,-1.05,25,72.1569,0,15.3137,12.8,0,188.6
957,1609.040,11.2221,11.1398,11.7692,32,0,0,3936.5,38.525,14,84.2,129.01,3.28,27.451,32.549,258.198,14.3647,20.01,15.8956,1,10,0,-1.05,25,72.9412,0,15.3137,12.8,0,188.6
958,1609.080,11.1795,11.1398,11.7692,32,0,0,3956.75,39.1464,13.5,84.2,127.74,3.3,27.0588,32.1569,255.989,14.3647,19.72,15.8956,1,10,0,-1.05,24,72.9412,0,15.3137,12.544,0,188.6
959,1609.120,11.2221,11.1398,11.82,32,0,0,3966.5,39.1464,14,84.2,128.8,3.3,27.0588,32.1569,255.738,14.3647,19.575,15.7889,1,10,0,-1.05,24,73.3333,0,15.3137,12.544,0,188.6
960,1609.160,11.2646,11.1398,11.82,32,0,0,4024.75,39.1464,14.5,84.2,129.85,3.32,27.0588,32.1569,255.465,14.3647,19.575,15.7889,1,10,0,-1.05,23,73.3333,0,15.3137,12.288,0,188.6
961,1609.200,11.2221,11.1398,11.8293,32,0,0,4048,39.1464,14,84.2,130.7,3.32,26.6667,32.549,253.147,14.3647,19.575,15.7789,1,10,0,-1.05,23,72.9412,0,15.3137,12.288,0,188.6
962,1609.240,11.2221,11.1398,11.8247,32,0,0,4051,39.7678,15,84.2,131.76,3.34,26.2745,32.549,248.764,14.3647,19.575,15.6674,1,10,0,-.7,23,73.3333,0,15.3137,12.288,0,188.6
963,1609.280,11.2646,11.1398,11.8247,32,0,0,4082.5,39.7678,15,84.2,131.12,3.34,25.8824,32.1569,246.152,14.3647,19.575,15.6674,1,10,0,-.7,22,73.3333,0,15.3137,12.288,0,188.6
964,1609.320,11.0964,11.1398,11.8247,32,0,0,4124.25,40.3891,15,84.2,132.18,3.34,25.8824,32.1569,243.617,14.3647,19.575,15.5473,1,10,0,-.7,22,74.1176,0,15.3137,12.288,0,188.6
965,1609.360,11.2221,11.1398,11.82,32,0,0,4132.75,40.3891,15,84.2,133.24,3.34,25.4902,32.1569,240.93,14.3647,19.575,15.4739,1,10,0,-.7,22,74.1176,0,15.3137,12.288,0,188.6
966,1609.400,11.4329,11.1398,11.82,32,0,0,4170.75,41.0105,14.5,84.2,134.09,3.36,25.4902,32.1569,238.303,14.3647,19.575,15.4739,1,10,0,-.7,21,74.1176,0,15.3137,12.288,0,188.6
967,1609.440,11.3904,11.1398,11.8154,32,0,0,4200,41.0105,15,84.2,135.15,3.36,24.7059,32.1569,232.513,14.3647,19.43,15.3975,1,10,0,-.7,21,75.2941,0,15.3137,12.288,0,188.6
968,1609.480,11.518,11.1398,11.8154,32,0,0,4212.25,41.6319,15,84.2,134.94,3.36,24.3137,31.3725,225.569,14.3647,19.43,15.3975,1,10,0,-.7,20,75.2941,0,15.3137,12.288,0,188.6
969,1609.520,11.4329,11.1398,11.82,32,0,0,4228.25,41.6319,14.5,84.2,134.09,3.34,23.5294,30.5882,215.396,14.3647,19.14,15.3976,1,10,0,-.7,19,76.4706,0,15.3137,12.288,0,188.6
970,1609.560,11.4329,11.1398,11.9752,32,0,0,4253.75,41.6319,16,84.2,133.88,3.34,23.1373,30.5882,211.675,14.3647,18.85,15.3977,1,10,0,0,19,76.4706,0,15.3137,12.032,0,188.6
971,1609.600,11.4755,11.1398,11.9752,32,0,0,4283.75,41.6319,16,84.2,132.82,3.34,23.1373,30.5882,211.245,14.3647,18.56,15.3977,1,10,0,0,18,76.4706,0,15.3137,11.776,0,188.6
972,1609.640,11.5586,11.1398,11.999,32,0,0,4313.5,42.2532,15.5,84.2,133.45,3.36,23.1373,30.5882,210.704,14.3647,18.415,15.3978,1,10,0,0,18,76.0784,0,15.3137,11.776,0,188.6
973,1609.680,11.2646,11.1398,11.9752,32,0,0,4345.5,42.2532,16.5,84.2,136.21,3.38,22.7451,30.5882,203.894,14.3647,18.415,15.3978,1,10,0,0,17,76.0784,0,15.3137,11.776,0,188.6
974,1609.720,11.4329,11.1398,11.9752,32,0,0,4361.75,42.8746,16,84.2,133.88,3.34,21.9608,30.1961,194.083,14.3647,18.27,15.3978,1,10,0,0,16,76.0784,0,15.3137,11.776,0,188.6
975,1609.760,11.3904,11.1398,11.9467,32,0,0,4391.5,42.8746,16,84.2,132.4,3.34,21.5686,29.4118,187.5,14.3647,17.98,13.4715,1,10,0,0,15,76.0784,0,15.3137,11.52,0,188.6
976,1609.800,11.518,11.1398,11.9467,32,0,0,4431,43.496,16.5,84.2,129.43,3.32,16.0784,28.6275,122.829,14.3647,17.545,13.4715,1,10,0,0,15,76.0784,0,15.3137,11.264,0,188.6
977,1609.840,11.3478,11.1398,12.159,32,0,0,4432.5,43.496,17.5,84.2,110.33,3.1,.784314,23.1373,5.47207,14.3647,15.66,-1.02734,1,10,0,0,14,65.4902,0,0,10.24,0,188.6
978,1609.880,11.4329,11.1398,14.8303,32,0,0,4366.5,43.496,19,84.2,48.01,2.5,0,14.1176,0,14.3647,11.455,-8.61831,1,10,0,0,14,0,0,0,7.424,0,188.6
979,1609.920,11.1795,11.1398,14.8303,32,0,0,4232.25,43.496,18.5,84.2,27.57,2.12,0,12.1569,0,14.3647,8.555,-8.61831,1,10,0,0,13,0,0,0,4.864,0,188.6
980,1609.960,10.5897,11.1398,19.3605,32,0,0,4282.75,43.496,21.5,84.2,17.59,1.88,0,11.7647,0,14.3647,6.67,-8.61822,1,10,0,0,8,0,0,0,3.584,0,188.6
981,1610.000,10.3789,11.1398,20.2459,32,-.78125,0,4341,43.496,17.5,84.2,12.2,1.74,0,11.3725,0,14.3647,5.51,-8.61812,1,10,0,0,5,0,0,0,2.56,0,188.6
982,1610.040,10.3789,11.1398,20.2459,32,-1.5625,0,4383,43.496,19,84.2,11.29,1.7,0,11.3725,0,14.3647,4.785,-8.61812,1,10,0,0,3,0,0,0,0,0,188.6
983,1610.080,10.4214,11.1398,14.3634,32,-2.34375,0,4399.5,43.496,18.5,84.2,11.24,1.68,0,11.3725,0,14.3647,4.35,-8.61809,1,10,0,0,2,0,0,0,0,0,188.6
984,1610.120,10.2106,11.1398,14.3634,32,-3.125,0,4374.25,43.496,18,84.2,11.16,1.68,0,11.3725,0,14.3647,4.06,-8.61809,1,10,0,0,2,0,0,0,0,0,188.6
985,1610.160,10.9281,11.1398,14.3702,32,-3.90625,.78125,4306.25,43.496,17,84.2,11.44,1.72,0,11.3725,0,14.3647,3.915,-8.618,1,10,0,0,2,0,0,0,0,0,188.6
986,1610.200,12.6977,11.1398,14.453,32,-4.6875,.78125,4215.75,43.496,16,84.2,12.2,1.76,0,11.3725,0,14.3647,3.77,-8.61791,1,10,0,0,2,0,0,0,0,0,188.6
987,1610.240,14.6782,11.3695,14.453,31,-6.25,.78125,4106,43.496,23,84.2,11.9,1.74,15.6863,12.549,118.361,14.3647,3.77,-8.61791,1,10,0,0,2,0,0,0,1.536,0,188.6
988,1610.280,16.1093,11.7141,14.4808,31,-7.8125,.78125,4116.75,43.496,24,84.2,35.54,2.44,41.5686,29.4118,301.222,14.3647,5.8,10.0289,1,10,0,0,2,67.8431,0,0,2.048,0,188.6
989,1610.320,17.6681,12.0586,10.6909,31,-4.6875,.78125,4184,43.496,23,84.2,113.44,3.28,57.2549,46.6667,313.266,14.3647,13.34,18.1887,1,10,0,0,2,69.8039,0,15.3137,4.352,0,188.6
990,1610.360,14.2565,12.4031,10.6909,31,-4.6875,0,3749,44.1174,17.5,82.4,129.85,3.24,60,53.7255,315.919,14.3647,17.11,18.1887,1,10,0,0,3,69.8039,0,15.3137,6.912,0,188.6
991,1610.400,14.7188,12.7477,12.5912,31,0,0,3413,44.1174,17.5,82.4,90.3,3,56.8627,54.1176,314.61,14.3647,17.69,18.1997,1,10,0,0,4,73.3333,0,15.3137,8.448,0,188.6
992,1610.440,19.7762,13.0922,12.5912,31,0,0,3728.5,44.1174,3.5,82.4,95.66,3.1,59.2157,53.3333,315.61,14.3647,17.835,18.1997,1,10,0,0,4,73.3333,0,15.3137,8.704,0,188.6
993,1610.480,17.6256,13.5516,12.5336,31,0,0,3904.75,44.1174,3.5,82.4,112.43,3.2,60,54.1176,315.836,14.3647,17.98,18.248,1,10,0,0,6,71.7647,0,15.3137,9.216,0,188.6
994,1610.520,13.7924,14.0109,12.3993,31,0,0,3696.75,44.7387,17.5,82.4,117.2,3.18,57.2549,54.1176,314.284,14.3647,18.415,18.2605,1,10,0,0,7,70.9804,0,15.3137,10.24,0,188.6
995,1610.560,13.2876,14.3555,12.3993,31,0,0,3595.5,44.7387,16.5,82.4,110.25,3.16,52.1569,52.549,310.658,14.3647,18.85,18.2605,1,10,0,0,8,70.9804,0,15.3137,10.752,0,188.6
996,1610.600,12.9917,13.8961,12.238,31,0,0,3689.25,44.7387,16.5,82.4,109.33,3.14,50.9804,50.5882,309.852,14.3647,18.995,18.0252,1,10,0,0,8,72.9412,0,15.3137,11.008,0,188.6
997,1610.640,12.4018,13.4367,12.1003,31,0,0,3805.5,44.7387,9,82.4,117.87,3.2,52.9412,49.8039,310.774,14.3647,19.14,18.0899,1,10,0,0,9,71.3726,0,15.3137,11.008,0,188.6
998,1610.680,12.191,12.9773,12.1003,31,0,0,3741.25,44.7387,16,82.4,122.23,3.24,52.1569,50.1961,310.544,14.3647,19.43,18.0899,1,10,0,0,10,71.3726,0,15.3137,11.52,0,188.6
999,1610.720,12.1079,12.6328,11.9277,31,0,0,3740,44.7387,15.5,82.4,123.23,3.24,50.1961,50.1961,309.472,14.3647,19.72,18.0591,1,10,0,0,12,71.7647,0,15.3137,11.776,0,188.6
1000,1610.760,12.0228,12.2883,11.9277,31,0,0,3766.25,45.3601,15.5,82.4,124.2,3.26,48.2353,49.4118,308.423,14.3647,20.01,18.0591,1,10,0,0,12,71.7647,0,15.3137,12.288,0,188.6
1001,1610.800,12.6126,11.9437,11.7417,31,0,0,3813.75,45.3601,15,82.4,127.1,3.28,47.0588,48.6275,307.726,14.3647,20.3,18.0202,1,10,0,0,13,71.3726,0,15.3137,12.288,0,188.6
1002,1610.840,11.5586,11.5992,11.5657,31,0,0,3816.25,45.9815,15,82.4,130.28,3.34,45.098,48.2353,306.731,14.3647,20.445,17.9975,1,10,0,0,14,70.9804,0,15.3137,12.8,0,188.6
1003,1610.880,11.3904,11.2547,11.5657,31,0,0,3826,45.9815,15,82.4,131.12,3.32,42.3529,47.451,303.912,14.3647,20.735,17.9975,1,10,0,0,15,70.9804,0,15.3137,13.056,0,188.6
1004,1610.920,11.3072,11.1398,11.3907,31,0,0,3826.5,45.9815,14.5,82.4,130.91,3.32,40,45.4902,300.036,14.3647,21.025,17.8692,1,10,0,0,16,70.9804,0,15.3137,13.312,0,188.6
1005,1610.960,11.1795,11.1398,11.2292,31,0,0,3886.5,45.9815,15,82.4,132.18,3.32,38.4314,43.5294,297.708,14.3647,21.025,17.6422,1,10,0,0,16,70.5882,0,15.3137,13.312,0,188.6
1006,1611.000,10.8856,11.1398,11.2292,31,0,0,3887.5,46.6028,14.5,82.4,133.03,3.36,38.0392,42.7451,297.296,14.3647,21.025,17.6422,1,10,0,0,17,70.5882,0,15.3137,13.312,0,188.6
1007,1611.040,10.8005,11.1398,11.2586,30,0,0,3897,46.6028,14.5,82.4,136.21,3.38,37.6471,42.7451,296.09,14.3647,21.315,17.6076,1,10,0,0,18,70.5882,0,15.3137,13.568,0,188.6
1008,1611.080,11.3904,11.1398,11.2586,30,0,0,3933.25,47.2242,14.5,82.4,137.05,3.38,35.6863,41.9608,293.375,14.3647,21.46,17.6076,1,10,0,0,19,70.5882,0,15.3137,13.568,0,188.6
1009,1611.120,11.3478,11.1398,11.2544,30,0,0,3932.25,47.2242,14,82.4,138.88,3.42,35.2941,40.7843,292.577,14.3647,21.605,17.3661,1,10,0,0,20,70.1961,0,15.3137,13.568,0,188.6
1010,1611.160,11.0964,11.1398,11.2755,30,0,0,3975,47.8456,14.5,82.4,140.74,3.42,35.2941,40.3922,292.533,14.3647,21.75,17.3179,1,10,0,0,21,70.1961,0,15.3137,13.824,0,188.6
1011,1611.200,11.2221,11.1398,11.2755,30,0,0,3998.25,47.8456,14.5,82.4,144.54,3.44,34.902,40.3922,292.112,14.3647,22.04,17.3179,1,10,0,0,21,70.1961,0,15.3137,13.824,0,188.6
1012,1611.240,11.0538,11.1398,11.2713,30,0,0,3985.25,47.8456,14,82.4,148.89,3.46,34.1176,40.3922,290.547,14.3647,22.185,17.2666,1,10,0,0,21,69.8039,0,15.3137,14.08,0,188.6
1013,1611.280,10.8005,11.1398,11.2671,30,0,0,4034,47.8456,13.5,82.4,153.24,3.46,33.3333,40,289.748,14.3647,22.33,17.1505,1,10,0,0,22,69.8039,0,15.3137,14.336,0,188.6
1014,1611.320,10.7579,11.1398,11.2671,30,0,0,4045.75,48.467,14,82.4,153.24,3.46,32.549,39.6078,288.57,14.3647,22.62,17.1505,1,10,0,0,21,69.8039,0,15.3137,14.592,0,188.6
1015,1611.360,10.6322,11.1398,11.2544,30,0,0,4066.5,48.467,13.5,82.4,157.04,3.5,31.7647,38.8235,286.794,14.3647,22.765,17.0034,1,10,0,0,21,69.8039,0,15.3137,14.848,0,188.6
1016,1611.400,10.6748,11.1398,11.2544,30,0,0,4063,49.0883,13.5,82.4,162.99,3.52,31.3725,38.0392,285.48,14.3647,22.765,17.0034,1,10,0,0,21,69.8039,0,15.3137,15.104,0,188.6
1017,1611.440,10.5065,11.1398,11.2629,30,0,0,4102.25,49.0883,13.5,82.4,162.68,3.54,30.1961,37.6471,278.154,14.3647,22.91,16.8013,1,10,0,0,21,69.8039,0,15.3137,15.36,0,188.6
1018,1611.480,10.2532,11.1398,11.2755,30,0,0,4123.5,49.7097,13,82.4,161.9,3.5,28.2353,35.6863,261.424,14.3647,22.765,16.0865,1,10,0,0,21,71.3726,0,14.8689,15.616,0,188.6
1019,1611.520,10.2532,11.1398,11.2755,30,0,0,4125.25,49.7097,13,82.4,155.41,3.48,27.451,33.7255,254.8,14.3647,22.33,16.0865,1,10,0,0,20,71.3726,0,14.8689,15.36,0,188.6
1020,1611.560,10.17,11.1398,11.4209,30,0,0,4139.25,49.7097,13.5,82.4,151.06,3.46,26.6667,33.3333,250.32,14.3647,21.75,15.7652,1,10,0,0,20,72.9412,0,15.1952,14.848,0,188.6
1021,1611.600,10.17,11.1398,11.4819,30,0,0,4174,49.7097,14,82.4,153.78,3.48,25.4902,32.549,239.727,14.3647,21.605,15.3999,1,10,0,0,20,74.5098,0,15.3137,14.592,0,188.6
1022,1611.640,10.17,11.1398,11.4819,30,0,0,4197.5,50.3311,14,82.4,151.06,3.46,25.098,32.1569,237.304,14.3647,21.46,15.3999,1,10,0,0,19,74.5098,0,15.3137,14.336,0,188.6
1023,1611.680,10.17,11.1398,11.5436,30,0,0,4196.5,50.3311,14,82.4,151.61,3.46,25.098,32.1569,236.825,14.3647,21.17,15.4,1,10,0,0,19,74.902,0,15.3137,14.08,0,188.6
1024,1611.720,10.3383,11.1398,11.5436,30,0,0,4217.75,50.9524,14.5,82.4,153.78,3.48,24.7059,32.1569,228.068,14.3647,21.17,15.4,1,10,0,0,19,74.902,0,15.3137,14.08,0,188.6
1025,1611.760,10.2532,11.1398,11.5835,30,0,0,4249.5,50.9524,14,82.4,152.69,3.46,19.2157,30.5882,163.675,14.3647,21.025,15.4,1,10,0,0,18,76.4706,0,15.3137,14.08,0,188.6
1026,1611.800,10.4214,11.1398,11.783,30,0,0,4260.5,51.5738,15,82.4,136,3.32,9.01961,25.8824,50.7292,14.3647,19.865,-4.61713,1,10,0,0,18,66.6667,0,0,13.056,0,188.6
1027,1611.840,10.464,11.1398,11.783,30,0,0,4224.25,51.5738,16.5,82.4,83.03,2.84,0,17.6471,0,14.3647,15.66,-4.61713,1,10,0,0,17,66.6667,0,0,9.472,0,188.6
1028,1611.880,10.4214,11.1398,15.1972,30,0,0,4178.5,51.5738,18.5,82.4,34.77,2.3,0,12.549,0,14.3647,10.73,-8.61607,1,10,0,0,17,0,0,0,6.656,0,188.6
1029,1611.920,10.5065,11.1398,19.7543,30,0,0,4145.25,51.5738,18,82.4,20.14,1.94,0,11.3725,0,14.3647,8.12,-8.61599,1,10,0,0,16,0,0,0,4.352,0,188.6
1030,1611.960,10.3383,11.1398,19.7543,30,0,0,4224.25,51.5738,15,80.6,11.59,1.72,0,11.3725,0,14.3647,6.525,-8.61599,1,10,0,0,10,0,0,0,0,0,188.6
1031,1612.000,10.17,11.1398,16.4782,30,-.78125,0,4248.5,51.5738,18.5,80.6,9.91,1.6,0,11.3725,0,14.3647,5.51,-8.61592,1,10,0,0,7,0,0,0,0,0,190.4
1032,1612.040,10.2957,11.1398,16.4782,30,-1.5625,0,4244.25,51.5738,19,80.6,8.35,1.6,0,10.9804,0,14.3647,4.785,-8.61592,1,10,0,0,5,0,0,0,0,0,190.4
1033,1612.080,10.3789,11.1398,14.453,30,-3.125,0,4235.75,51.5738,18,80.6,8.62,1.56,0,10.9804,0,14.3647,4.35,-8.61584,1,10,0,0,3,0,0,0,0,0,190.4
1034,1612.120,10.2106,11.1398,14.4808,30,-3.90625,0,4178.5,50.9524,17.5,80.6,9.7,1.64,0,10.5882,0,14.3647,4.205,-8.61583,1,10,0,0,3,0,0,0,0,0,190.4
1035,1612.160,11.0964,11.1398,14.4808,30,-4.6875,.78125,4090.75,50.9524,16.5,80.6,9.88,1.64,0,10.5882,0,14.3647,3.915,-8.61583,1,10,0,0,2,0,0,0,0,0,190.4
1036,1612.200,11.9802,11.1398,14.4808,30,-6.25,.78125,4025.75,51.5738,16,80.6,9.56,1.62,0,10.5882,0,14.3647,3.915,-8.61575,1,10,0,0,2,0,0,0,0,0,190.4
1037,1612.240,12.9917,11.4844,14.4808,30,-7.03125,.78125,3915,51.5738,15,80.6,10.22,1.66,0,10.5882,0,14.3647,3.915,-8.61568,1,10,0,0,2,0,0,0,0,0,190.4
1038,1612.280,14.3823,11.8289,14.4808,30,-7.8125,.78125,3805,51.5738,14,80.6,10.08,1.64,0,10.1961,0,14.3647,3.915,-8.61568,1,10,0,0,2,0,0,0,0,0,190.4
1039,1612.320,15.4769,12.1734,14.4808,30,-8.59375,.78125,3768.75,51.5738,22,80.6,10.71,1.68,18.4314,13.7255,159.023,14.3647,3.915,-7.50829,1,10,0,0,2,70.5882,0,0,1.536,0,190.4
1040,1612.360,17.8364,12.518,11.6643,30,-6.25,.78125,3731,50.9524,23,80.6,35.63,2.44,39.6078,29.4118,299.776,14.3647,6.38,-7.50829,1,10,0,0,3,70.5882,0,0,2.048,0,190.4
1041,1612.400,18.6371,12.8625,11.6643,30,-4.6875,.78125,3760,50.9524,20,80.6,112.6,3.2,54.902,45.098,312.451,14.3647,14.21,17.7112,1,10,0,0,3,71.7647,0,15.3137,4.352,0,190.4
1042,1612.440,18.8053,13.3219,11.4995,29,-4.6875,.78125,3342.75,51.5738,17,80.6,114.85,3.1,61.1765,51.7647,317.308,14.3647,16.965,18.2509,1,10,0,0,5,74.1176,0,15.3137,7.168,0,190.4
1043,1612.480,20.2384,13.6664,11.4995,29,0,.78125,3017.25,51.5738,16.5,80.6,82.24,2.94,60.7843,52.549,316.85,14.3647,17.4,18.2509,1,10,0,0,5,74.1176,0,15.3137,8.448,0,190.4
1044,1612.520,20.2384,14.1258,12.6921,29,0,.78125,3215.5,51.5738,17.5,80.6,82.24,2.98,61.1765,52.549,317.468,14.3647,17.4,16.7638,1,10,0,0,5,79.2157,0,15.3137,8.704,0,190.4
1045,1612.560,19.4377,14.7,12.5807,29,0,0,3401,51.5738,6.5,80.6,86.2,3,61.5686,52.9412,317.374,14.3647,17.69,18.2836,1,10,0,0,6,74.1176,0,15.3137,8.96,0,190.4
1046,1612.600,17.4167,15.3891,12.5807,29,0,0,3102.75,52.1952,16.5,80.6,86.7,2.98,56.8627,52.9412,314.986,14.3647,17.98,18.2836,1,10,0,0,7,74.1176,0,15.3137,9.472,0,190.4
1047,1612.640,16.616,15.5039,12.4403,29,0,0,3103.5,52.1952,16.5,80.6,83.17,2.96,50.5882,50.1961,310.93,14.3647,18.27,16.922,1,10,0,0,7,78.4314,0,15.3137,9.728,0,190.4
1048,1612.680,15.0147,14.7,12.4403,29,0,0,3325.75,51.5738,13.5,80.6,85.07,2.98,50.5882,48.6275,310.49,14.3647,18.125,16.922,1,10,0,0,9,78.4314,0,15.3137,9.984,0,190.4
1049,1612.720,12.866,14.2406,12.3283,29,0,0,3218.25,51.5738,16.5,80.6,85.71,2.98,50.9804,48.2353,310.792,14.3647,18.27,17.9577,1,10,0,0,10,74.902,0,15.3137,9.984,0,190.4
1050,1612.760,11.7694,13.7813,12.1934,29,0,0,3153.75,52.1952,16.5,80.6,85.39,3,49.8039,48.2353,310.38,14.3647,18.415,17.4444,1,10,0,0,10,76.8627,0,15.3137,10.24,0,190.4
1051,1612.800,11.7694,13.3219,12.1934,29,0,0,3279.5,52.1952,16.5,80.6,85.71,3.02,49.8039,47.8431,310.131,14.3647,18.56,17.4444,1,10,0,0,11,76.8627,0,15.3137,10.24,0,190.4
1052,1612.840,11.9802,12.9773,12.0761,29,0,0,3263,52.1952,16.5,80.6,88.04,3.04,49.8039,47.8431,310.14,14.3647,18.705,17.9344,1,10,0,0,12,74.902,0,15.3137,10.24,0,190.4
1053,1612.880,11.6863,12.6328,11.9325,29,0,0,3184,52.1952,16,80.6,87.87,3.02,48.2353,47.8431,309.314,14.3647,18.85,17.8759,1,10,0,0,13,75.6863,0,15.3137,10.496,0,190.4
1054,1612.920,11.6863,12.1734,11.9325,29,0,0,3284.5,52.8166,16.5,80.6,87.87,3.04,47.451,47.451,308.779,14.3647,18.995,17.8759,1,10,0,0,13,75.6863,0,15.3137,10.752,0,190.4
1055,1612.960,11.5586,11.8289,11.783,29,0,0,3312.75,52.8166,16.5,80.6,89.45,3.06,47.451,47.0588,308.662,14.3647,19.14,17.8628,1,10,0,0,14,75.2941,0,15.3137,10.752,0,190.4
1056,1613.000,11.8971,11.5992,11.6418,29,0,0,3245.75,52.8166,16.5,80.6,90.21,3.06,45.8824,47.0588,307.919,14.3647,19.285,17.8628,1,10,0,0,15,75.2941,0,15.3137,11.008,0,190.4
1057,1613.040,11.7694,11.3695,11.6418,29,0,0,3273.25,52.8166,15.5,80.6,91.13,3.08,43.9216,46.2745,306.593,14.3647,19.43,17.8085,1,10,0,0,16,75.6863,0,15.3137,11.008,0,190.4
1058,1613.080,11.518,11.2547,11.6373,29,0,0,3323.25,53.4379,15.5,80.6,93.31,3.08,43.1373,45.8824,305.49,14.3647,19.575,17.7358,1,10,0,0,16,74.902,0,15.3137,11.008,0,190.4
1059,1613.120,11.518,11.2547,11.6373,29,0,0,3282.75,53.4379,16.5,80.6,94.49,3.1,41.9608,45.098,304.019,14.3647,19.575,17.7358,1,10,0,0,17,74.902,0,15.3137,11.264,0,190.4
1060,1613.160,11.3904,11.1398,11.6463,29,0,0,3295.25,53.4379,15.5,80.6,97.42,3.08,39.6078,43.9216,300.746,14.3647,19.72,17.6033,1,10,0,0,18,75.2941,0,15.3137,11.52,0,190.4
1061,1613.200,11.4755,11.1398,11.6553,28,0,0,3346.25,53.4379,15.5,80.6,94.49,3.08,38.8235,42.3529,299.642,14.3647,19.72,17.4509,1,10,0,0,19,74.902,0,15.3137,11.52,0,190.4
1062,1613.240,11.3904,11.1398,11.6553,28,0,0,3318.75,54.0593,15.5,80.6,96.84,3.1,38.8235,41.9608,299.25,14.3647,19.72,17.4509,1,10,0,0,20,74.902,0,15.3137,11.52,0,190.4
1063,1613.280,11.1389,11.1398,11.6779,28,0,0,3301.25,54.0593,15.5,80.6,99.77,3.1,38.0392,41.5686,298.503,14.3647,19.865,17.4228,1,10,0,0,21,74.902,0,15.3137,11.776,0,190.4
1064,1613.320,11.3072,11.1398,11.6598,28,0,0,3368,54.0593,15,80.6,102.71,3.12,37.6471,41.1765,297.766,14.3647,20.01,17.4228,1,10,0,0,21,74.902,0,15.3137,11.776,0,190.4
1065,1613.360,11.0538,11.1398,11.6598,28,0,0,3373,54.0593,15,80.6,105.06,3.12,37.6471,41.1765,297.729,14.3647,20.01,17.3747,1,10,0,0,22,74.5098,0,15.3137,12.032,0,190.4
1066,1613.400,11.0113,11.1398,11.6688,28,0,0,3344.75,54.6807,15.5,80.6,107.41,3.14,36.4706,40.7843,295.833,14.3647,20.155,17.2969,1,10,0,0,23,74.902,0,15.3137,12.288,0,190.4
1067,1613.440,10.9687,11.1398,11.6688,28,0,0,3364.75,54.6807,14.5,80.6,108.59,3.16,35.2941,40,294.266,14.3647,20.3,17.2969,1,10,0,0,23,74.902,0,15.3137,12.288,0,190.4
1068,1613.480,10.9281,11.1398,11.6688,28,0,0,3393.5,54.6807,14.5,80.6,109.17,3.16,34.5098,39.2157,292.695,14.3647,20.3,17.1673,1,10,0,0,24,74.5098,0,15.3137,12.544,0,190.4
1069,1613.520,10.8005,11.1398,11.687,28,0,0,3390.5,54.6807,14.5,80.6,109.76,3.14,32.9412,38.0392,290.348,14.3647,20.3,16.9883,1,10,0,0,25,74.5098,0,15.3137,12.544,0,190.4
1070,1613.560,10.7173,11.1398,11.687,28,0,0,3384.5,54.6807,14.5,80.6,108.59,3.14,32.549,37.2549,289.949,14.3647,20.3,16.9883,1,10,0,0,25,74.5098,0,15.3137,12.544,0,190.4
1071,1613.600,10.5897,11.1398,11.7142,28,0,0,3404.5,54.6807,14,80.6,112.17,3.16,32.549,37.2549,289.546,14.3647,20.3,16.951,1,10,0,0,25,74.5098,0,15.3137,12.544,0,190.4
1072,1613.640,10.6748,11.1398,11.7142,28,0,0,3421.25,55.302,14.5,80.6,112.84,3.16,32.549,36.8627,289.53,14.3647,20.3,16.951,1,10,0,0,25,74.5098,0,15.3137,12.544,0,190.4
1073,1613.680,10.6748,11.1398,11.7371,28,0,0,3431.75,55.302,14.5,80.6,111.43,3.16,32.549,36.8627,289.514,14.3647,20.3,16.9335,1,10,0,0,25,74.1176,0,15.3137,12.544,0,190.4
1074,1613.720,10.8005,11.1398,11.7371,28,0,0,3442.5,55.302,14,80.6,113.17,3.18,32.1569,36.8627,289.109,14.3647,20.445,16.9123,1,10,0,0,25,74.1176,0,15.3137,12.8,0,190.4
1075,1613.760,10.8005,11.1398,11.7371,28,0,0,3437.75,55.302,14,80.6,114.52,3.18,31.7647,36.8627,288.324,14.3647,20.445,16.9123,1,10,0,0,25,74.1176,0,15.3137,12.8,0,190.4
1076,1613.800,10.6322,11.1398,11.7325,28,0,0,3454.75,55.9234,14.5,80.6,115.52,3.18,31.3725,36.4706,287.927,14.3647,20.59,16.8492,1,10,0,0,26,74.1176,0,15.3137,12.8,0,190.4
1077,1613.840,10.843,11.1398,11.7325,28,0,0,3456,55.9234,14,80.6,115.19,3.18,31.3725,36.0784,287.531,14.3647,20.59,16.8309,1,10,0,0,26,73.7255,0,15.3137,12.8,0,190.4
1078,1613.880,10.6748,11.1398,11.7325,28,0,0,3468,55.9234,14,80.6,116.86,3.18,31.3725,36.0784,287.897,14.3647,20.59,16.8309,1,10,0,0,26,73.7255,0,15.3137,12.8,0,190.4
1079,1613.920,10.6748,11.1398,11.7417,28,0,0,3483.5,55.9234,14,80.6,117.53,3.2,31.3725,36.0784,287.881,14.3647,20.735,16.8525,1,10,0,0,25,73.7255,0,15.3137,13.056,0,190.4
1080,1613.960,10.8856,11.1398,11.7417,28,0,0,3489.5,56.5448,13.5,80.6,119.55,3.22,31.3725,36.0784,287.488,14.3647,20.88,16.8525,1,10,0,0,25,73.7255,0,15.3137,13.056,0,190.4
1081,1614.000,10.9281,11.1398,11.7279,28,0,0,3506.5,56.5448,13.5,80.6,120.55,3.22,31.3725,36.0784,287.47,14.3647,20.88,16.833,1,10,0,0,25,73.7255,0,15.3137,13.056,0,190.4
1082,1614.040,10.7173,11.1398,11.7142,28,0,0,3503.75,56.5448,14.5,80.6,122.56,3.24,29.8039,35.6863,280.055,14.3647,21.025,16.6932,1,10,0,0,26,73.7255,0,15.3137,13.056,0,190.4
1083,1614.080,10.9281,11.1398,11.7142,29,0,0,3507.25,56.5448,13.5,80.6,116.19,3.2,29.0196,33.7255,273.176,14.3647,20.88,16.6932,1,10,0,0,26,73.7255,0,15.3137,13.312,0,190.4
1084,1614.120,11.0538,11.1398,11.7325,29,0,0,3518.75,57.1662,13.5,80.6,116.19,3.18,28.2353,32.549,269.639,14.3647,20.59,16.0595,1,10,0,0,26,74.1176,0,15.3137,13.056,0,190.4
1085,1614.160,10.8856,11.1398,11.834,29,0,0,3530.5,57.1662,14.5,80.6,115.19,3.2,28.2353,31.7647,267.774,14.3647,20.3,15.7724,1,10,0,0,26,74.902,0,15.3137,12.8,0,190.4
1086,1614.200,10.8856,11.1398,11.834,29,0,0,3540,57.1662,14,80.6,112.17,3.16,27.8431,31.3725,265.945,14.3647,20.01,15.7724,1,10,0,0,26,74.902,0,15.3137,12.544,0,190.4
1087,1614.240,11.0113,11.1398,11.9325,29,0,0,3546,57.1662,14.5,80.6,112.84,3.18,27.8431,31.3725,265.776,14.3647,19.865,15.7927,1,10,0,0,26,74.902,0,15.3137,12.288,0,190.4
1088,1614.280,10.9687,11.1398,11.9657,29,0,0,3564.5,57.7875,15,80.6,112.5,3.18,27.451,31.3725,263.842,14.3647,19.865,15.7927,1,10,0,0,26,74.902,0,15.3137,12.032,0,190.4
1089,1614.320,10.9687,11.1398,11.9657,29,0,0,3561,57.7875,14.5,80.6,113.51,3.16,27.451,31.3725,263.705,14.3647,19.72,15.8104,1,10,0,0,26,74.902,0,15.3137,12.032,0,190.4
1090,1614.360,11.0964,11.1398,11.9799,29,0,0,3593.75,57.7875,15,78.8,113.84,3.18,27.451,31.3725,263.559,14.3647,19.72,15.9188,1,10,0,0,26,74.902,0,15.3137,12.032,0,190.4
1091,1614.400,11.2221,11.1398,11.9799,29,0,0,3578.25,57.7875,14.5,78.8,114.52,3.18,27.451,31.3725,263.364,14.3647,19.72,15.9188,1,10,0,0,26,74.902,0,15.3137,12.032,0,190.4
1092,1614.440,11.3072,11.1398,11.9943,29,0,0,3585,58.4089,15,78.8,115.52,3.18,27.451,31.3725,263.229,14.3647,19.72,15.9388,1,10,0,0,26,74.902,0,15.3137,12.032,0,190.4
1093,1614.480,11.3478,11.1398,11.9895,29,0,0,3610.5,58.4089,15,78.8,115.52,3.18,27.451,31.3725,263.119,14.3647,19.72,15.9333,1,10,0,0,26,74.902,0,15.3137,12.032,0,190.4
1094,1614.520,11.3478,11.1398,11.9895,29,0,0,3622,58.4089,14.5,78.8,114.52,3.2,27.451,31.3725,262.89,14.3647,19.72,15.9333,1,10,0,0,26,74.902,0,15.3137,12.032,0,190.4
1095,1614.560,11.2646,11.1398,11.9943,29,0,0,3610.5,58.4089,15.5,78.8,115.52,3.18,25.8824,30.9804,249.831,14.3647,19.72,15.9195,1,10,0,0,26,74.902,0,15.3137,12.032,0,190.4
1096,1614.600,11.518,11.1398,12.0134,29,0,0,3615.5,58.4089,15,78.8,113.17,3.16,21.5686,29.4118,200.966,14.3647,19.43,15.9195,1,10,0,0,25,74.902,0,15.3137,12.032,0,190.4
1097,1614.640,11.3478,11.1398,12.0134,29,0,0,3631.75,58.4089,15.5,78.8,93.9,3,13.7255,25.098,105.592,14.3647,18.85,4.14,1,10,0,0,25,71.7647,0,0,11.264,0,190.4
1098,1614.680,11.4755,11.1398,13.5856,29,0,0,3624.5,59.0303,17.5,78.8,68.21,2.54,0,18.0392,0,14.3647,15.95,-7.34951,1,10,0,0,26,71.7647,0,0,9.216,0,190.4
1099,1614.720,11.3072,11.1398,13.5856,29,0,0,3574.25,59.0303,18,78.8,76.69,2.8,0,10.9804,0,14.3647,11.745,-7.34951,1,10,0,0,26,71.7647,0,0,6.4,0,190.4
1100,1614.760,10.8856,11.1398,17.7509,29,0,0,3546.25,59.0303,14,78.8,19.34,1.9,0,9.41177,0,14.3647,8.7,-8.61333,1,10,0,0,23,0,0,0,4.864,0,190.4
1101,1614.800,10.6748,11.1398,21.3818,29,0,0,3531.5,59.0303,19,78.8,11.2,1.64,0,9.01961,0,14.3647,7.25,-8.61327,1,10,0,0,20,0,0,0,3.584,0,190.4
1102,1614.840,10.4214,11.1398,21.3818,29,-.78125,0,3521.25,59.0303,22.5,78.8,8.04,1.48,0,9.01961,0,14.3647,6.235,-8.61327,1,10,0,0,17,0,0,0,2.816,0,190.4
1103,1614.880,10.2532,11.1398,20.2323,29,-2.34375,0,3568.25,59.0303,18.5,78.8,6.46,1.42,0,9.01961,0,14.3647,5.365,-8.61322,1,10,0,0,14,0,0,0,2.304,0,190.4
1104,1614.920,10.3383,11.1398,20.2323,29,-3.125,0,3576,58.4089,18,78.8,7.4,1.46,0,9.01961,0,14.3647,4.785,-8.61322,1,10,0,0,11,0,0,0,2.048,0,190.4
1105,1614.960,10.4214,11.1398,17.5134,29,-3.90625,.78125,3584.75,58.4089,17.5,78.8,6.22,1.46,0,9.01961,0,14.3647,4.495,-8.61317,1,10,0,0,9,0,0,0,1.792,0,190.4
1106,1615.000,10.464,11.1398,15.9373,29,-5.46875,.78125,3585.75,58.4089,16.5,78.8,7.44,1.5,0,8.62745,0,14.3647,4.205,-8.61311,1,10,0,0,6,0,0,0,1.536,0,190.4
1107,1615.040,10.3383,11.1398,15.9373,29,-6.25,.78125,3503,58.4089,16,78.8,7.53,1.48,0,8.62745,0,14.3647,3.915,-8.61311,1,10,0,0,5,0,0,0,1.536,0,190.4
1108,1615.080,10.6748,11.1398,14.4808,29,-7.8125,.78125,3435,58.4089,15,78.8,6.29,1.46,0,8.62745,0,14.3647,3.77,-8.61306,1,10,0,0,4,0,0,0,0,0,190.4
1109,1615.120,11.1389,11.1398,14.4878,29,-8.59375,.78125,3361,58.4089,14.5,78.8,6.72,1.44,0,7.84314,0,14.3647,3.77,-8.613,1,10,0,0,3,0,0,0,0,0,190.4
1110,1615.160,11.7288,11.4844,14.4878,29,-9.375,.78125,3284.5,58.4089,13.5,78.8,6.18,1.42,0,7.84314,0,14.3647,3.77,-8.613,1,10,0,0,2,0,0,0,0,0,190.4
1111,1615.200,12.6977,11.8289,14.5087,29,-9.375,.78125,3175,58.4089,13,78.8,5.92,1.42,0,7.84314,0,14.3647,3.77,-8.61295,1,10,0,0,2,0,0,0,0,0,190.4
1112,1615.240,13.7073,12.1734,14.5227,29,-9.375,.78125,3099,58.4089,12.5,78.8,6.5,1.44,0,7.45098,0,14.3647,3.77,-8.61295,1,8,0,0,2,0,0,0,0,0,190.4
1113,1615.280,14.9721,12.518,14.5227,29,0,.78125,3021,58.4089,12.5,78.8,6.18,1.44,0,7.45098,0,14.3647,3.77,-8.86207,1,8,0,0,2,0,0,0,0,0,190.4
1114,1615.320,16.3627,12.8625,14.5367,29,0,.78125,2942.5,58.4089,12.5,78.8,6.03,1.42,0,7.05882,0,14.3647,3.77,-9.15407,1,8,0,0,2,0,0,0,0,0,190.4
1115,1615.360,20.366,13.207,14.5367,28,0,-.78125,2862.75,58.4089,12.5,78.8,6.46,1.46,0,7.05882,0,14.3647,3.625,-9.15407,1,8,0,0,2,0,0,0,0,0,190.4
1116,1615.400,20.1552,13.6664,14.5508,28,0,-.78125,2784.75,58.4089,12.5,78.8,5.92,1.42,0,6.66667,0,14.3647,3.625,-9.4601,1,8,0,0,2,0,0,0,0,0,190.4
1117,1615.440,20.2384,14.1258,14.5508,28,0,-.78125,2736.5,58.4089,12.5,78.8,5.92,1.4,0,6.66667,0,14.3647,3.625,-9.59892,1,8,0,0,1,0,0,0,0,0,190.4
1118,1615.480,19.7762,14.5852,14.5508,28,0,-.78125,2662.75,58.4089,20.5,78.8,6.14,1.44,13.3333,9.01961,118.448,14.3647,3.625,-9.59892,1,8,0,0,1,0,0,0,1.536,0,190.4
1119,1615.520,19.9019,15.2742,14.5508,28,0,-.78125,2644.75,58.4089,21,78.8,11.24,2,30.5882,21.5686,283.026,14.3647,3.625,2.49655,1,8,0,0,1,74.902,0,0,1.536,0,190.4
1120,1615.560,19.7762,16.3078,9.07615,28,0,-2.34375,2623,58.4089,22,78.8,52.24,2.8,43.5294,36.0784,304.219,14.3647,9.57,11.1678,1,8,0,0,3,74.902,0,0,3.584,0,190.4
1121,1615.600,20.0276,17.2266,9.07615,28,0,-2.34375,2430.75,58.4089,18,78.8,83.17,2.94,47.8431,43.9216,303.679,14.3647,14.065,11.1678,1,8,0,0,6,74.902,0,0,5.888,0,190.4
1122,1615.640,16.8268,18.1453,10.7367,28,0,-2.34375,2133.75,58.4089,15,78.8,59.62,2.66,47.0588,42.3529,261.536,14.3647,15.515,4.96789,1,8,0,0,8,74.902,0,0,7.168,0,190.4
1123,1615.680,18.1748,17.5711,10.7367,28,0,-2.34375,2470.5,58.4089,8,78.8,50.42,2.66,47.8431,42.3529,304.371,14.3647,15.515,4.96789,1,8,0,0,8,74.902,0,0,6.656,0,190.4
1124,1615.720,20.1552,18.7195,12.9486,28,0,-2.34375,2377,58.4089,7.5,78.8,55.84,2.68,47.451,44.7059,299.319,14.3647,15.515,9.54413,1,8,0,0,9,74.902,0,0,7.168,0,190.4
1125,1615.760,18.6796,19.7531,12.7243,28,0,-1.5625,2223.25,58.4089,14.5,78.8,50.91,2.6,43.9216,42.7451,274.097,14.3647,15.805,5.25697,1,8,0,0,10,74.902,0,0,7.68,0,190.4
1126,1615.800,14.3823,18.375,12.7243,28,0,-1.5625,2399.5,58.4089,11.5,78.8,50.72,2.62,43.1373,43.1373,300.1,14.3647,15.805,5.25697,1,8,0,0,10,74.902,0,0,7.68,0,190.4
1127,1615.840,13.539,17.3414,12.7674,28,0,-1.5625,2221.5,58.4089,14.5,78.8,50.21,2.6,41.5686,42.3529,276.504,14.3647,15.805,5.95722,1,8,0,0,11,74.902,0,0,7.68,0,190.4
1128,1615.880,13.8775,16.4227,12.6707,28,0,-1.5625,2379.25,58.4089,15,78.8,48.9,2.58,40.7843,40.7843,283.929,14.3647,15.95,6.09563,1,8,0,0,10,74.902,0,0,7.936,0,190.4
1129,1615.920,13.7924,15.3891,12.6707,28,0,-1.5625,2305.25,58.4089,14.5,78.8,50.97,2.62,40.7843,40.7843,282.353,14.3647,15.805,6.09563,1,8,0,0,10,74.902,0,0,8.192,0,190.4
1130,1615.960,13.2451,14.5852,12.5807,28,0,0,2284.25,58.4089,14.5,78.8,49.44,2.6,40.3922,40.3922,278.951,14.3647,15.95,5.48286,1,8,0,0,10,74.902,0,0,8.192,0,190.4
1131,1616.000,13.0768,14.1258,12.5807,28,0,0,2362.75,58.4089,15,78.8,49.76,2.62,40.7843,40.3922,290.845,14.3647,15.95,5.48286,1,8,0,0,10,74.902,0,0,8.192,0,190.4
1132,1616.040,12.7809,13.6664,12.4868,28,0,0,2287.25,58.4089,14.5,78.8,49.87,2.6,40.3922,40.3922,279.359,14.3647,15.95,6.2351,1,8,0,0,10,74.902,0,0,8.448,0,190.4
1133,1616.080,12.5701,13.207,12.3993,28,0,0,2331,58.4089,15,78.8,50.08,2.6,40.3922,40.3922,285.504,14.3647,15.95,5.74355,1,8,0,0,9,74.902,0,0,8.448,0,190.4
1134,1616.120,12.5701,12.8625,12.3993,28,0,0,2339.5,58.4089,15,78.8,50.97,2.64,40.3922,40.3922,286.726,14.3647,15.95,5.74355,1,8,0,0,10,74.902,0,0,8.448,0,190.4
1135,1616.160,12.4869,12.518,12.3031,28,0,0,2296.5,58.4089,15,78.8,50.86,2.62,39.6078,40.3922,280.967,14.3647,16.095,5.675,1,8,0,0,10,74.902,0,0,8.448,0,190.4
1136,1616.200,12.3593,12.4031,12.2132,28,0,0,2343.5,58.4089,14,78.8,50.35,2.62,39.6078,40,282.216,14.3647,16.095,5.94539,1,8,0,0,10,74.902,0,0,8.704,0,190.4
1137,1616.240,12.2336,12.2883,12.2132,28,0,0,2318,58.4089,15,78.8,50.08,2.6,38.8235,39.6078,282.284,14.3647,16.095,5.94539,1,8,0,0,11,74.902,0,0,8.704,0,190.4
1138,1616.280,12.1485,12.1734,12.3283,28,0,0,2336.5,59.0303,14.5,78.8,50.31,2.6,38.0392,39.2157,281.155,14.3647,16.095,5.71398,1,8,0,0,10,74.902,0,0,8.448,0,190.4
1139,1616.320,12.2336,12.0586,12.3283,28,0,0,2333.5,59.0303,15,78.8,50.68,2.62,38.0392,38.8235,281.971,14.3647,16.095,5.71398,1,8,0,0,10,74.902,0,0,8.448,0,190.4
1140,1616.360,12.1079,12.0586,12.3384,28,0,0,2312.5,59.0303,14.5,78.8,50.31,2.62,37.6471,38.8235,281.102,14.3647,16.095,5.84977,1,8,0,0,11,74.902,0,0,8.448,0,190.4
1141,1616.400,12.0653,12.0586,12.3637,28,0,0,2363.25,59.0303,14.5,78.8,50.46,2.62,37.6471,38.8235,281.494,14.3647,16.24,5.87103,1,8,0,0,11,74.902,0,0,8.448,0,190.4
1142,1616.440,12.0653,12.0586,12.3637,28,0,0,2314.25,59.0303,15,78.8,51.1,2.62,36.8627,38.4314,281.252,14.3647,16.24,5.87103,1,8,0,0,10,74.902,0,0,8.448,0,190.4
1143,1616.480,12.191,12.0586,12.4198,28,0,0,2339.75,59.0303,15,78.8,50.3,2.62,36.8627,38.4314,281.189,14.3647,16.24,5.82166,1,8,0,0,10,74.902,0,0,8.448,0,190.4
1144,1616.520,12.1079,12.0586,12.4506,28,0,0,2340.25,59.0303,14.5,78.8,50.57,2.64,36.8627,38.0392,281.559,14.3647,16.24,5.87119,1,8,0,0,11,74.902,0,0,8.448,0,190.4
1145,1616.560,12.6126,12.1734,12.4506,28,0,0,2336,59.0303,15,78.8,50.31,2.62,36.8627,38.0392,281.657,14.3647,16.24,5.87119,1,8,0,0,11,74.902,0,0,8.448,0,190.4
1146,1616.600,12.6126,12.1734,12.4609,28,0,0,2360.5,59.0303,15,78.8,51.1,2.62,37.2549,38.0392,282.287,14.3647,16.24,5.93928,1,8,0,0,11,74.902,0,0,8.448,0,190.4
1147,1616.640,12.6977,12.1734,12.4609,28,0,0,2328.75,59.0303,15,78.8,51.39,2.64,36.8627,38.0392,282.322,14.3647,16.24,5.93928,1,8,0,0,10,74.902,0,0,8.448,0,190.4
1148,1616.680,12.7809,12.2883,12.5231,28,0,0,2354.75,59.0303,14.5,78.8,51.1,2.62,36.8627,38.0392,282.109,14.3647,16.24,5.83954,1,8,0,0,10,74.902,0,0,8.448,0,190.4
1149,1616.720,12.6977,12.2883,12.5231,28,0,0,2340.75,59.0303,14.5,78.8,51.24,2.64,36.4706,38.0392,281.828,14.3647,16.385,5.92075,1,8,0,0,11,74.902,0,0,8.448,0,190.4
1150,1616.760,12.6126,12.2883,12.5231,28,0,0,2348.75,59.0303,15,78.8,50.95,2.62,36.0784,38.0392,281.089,14.3647,16.385,5.92075,1,8,0,0,11,74.902,0,0,8.448,0,190.4
1151,1616.800,12.7384,12.2883,12.5754,28,0,0,2343,59.0303,14.5,78.8,51.84,2.64,34.902,37.6471,278.631,14.3647,16.385,5.7803,1,8,0,0,10,74.902,0,0,8.448,0,190.4
1152,1616.840,12.7809,12.2883,12.5807,28,0,0,2354.5,59.0303,15,78.8,51.24,2.64,33.7255,36.8627,277.135,14.3647,16.385,5.76095,1,8,0,0,11,74.902,0,0,8.448,0,190.4
1153,1616.880,12.6552,12.2883,12.5807,28,0,0,2348.25,59.0303,15,78.8,51.1,2.64,32.1569,35.6863,274.338,14.3647,16.24,5.76095,1,8,0,0,11,74.902,0,0,8.448,0,190.4
1154,1616.920,12.8234,12.2883,12.6229,28,0,0,2349.5,59.0303,14.5,78.8,50.31,2.62,30.9804,34.902,271.878,14.3647,16.24,5.58076,1,8,0,0,12,74.902,0,0,8.448,0,190.4
1155,1616.960,12.7384,12.2883,12.6229,28,0,0,2359.25,59.0303,15,78.8,50.35,2.6,29.8039,33.7255,268.063,14.3647,16.24,5.58076,1,8,0,0,12,74.902,0,0,8.448,0,190.4
1156,1617.000,12.6126,12.2883,12.6547,28,0,0,2345,59.6516,15,78.8,49.54,2.6,29.0196,32.549,264.883,14.3647,16.095,5.40163,1,8,0,0,11,74.902,0,0,8.192,0,190.4
1157,1617.040,12.5275,12.1734,12.7081,28,0,0,2355.75,59.6516,15,78.8,49.44,2.6,28.2353,31.7647,260.946,14.3647,15.95,5.21178,1,8,0,0,11,74.902,0,0,8.192,0,190.4
1158,1617.080,12.0653,12.1734,12.7081,28,0,0,2350,59.6516,14.5,78.8,49.12,2.58,25.8824,30.5882,251.435,14.3647,15.805,5.21178,1,8,0,0,12,74.902,0,0,8.192,0,190.4
1159,1617.120,12.191,12.1734,12.762,28,0,0,2371,59.6516,15,78.8,48.47,2.58,23.9216,29.0196,237.337,14.3647,15.66,4.7084,1,8,0,0,11,74.902,0,0,8.192,0,190.4
1160,1617.160,12.191,12.1734,12.9766,28,0,0,2362,59.6516,15,78.8,46.77,2.52,23.9216,27.8431,237.395,14.3647,15.37,4.27238,1,8,0,0,11,74.902,0,0,7.936,0,190.4
1161,1617.200,12.2336,12.0586,12.9766,28,0,0,2344.25,59.6516,15,78.8,46.77,2.52,23.9216,27.0588,234.623,14.3647,15.08,4.27238,1,8,0,0,10,74.902,0,0,7.68,0,190.4
1162,1617.240,12.1079,11.9437,12.932,28,0,0,2367.25,59.6516,15,78.8,46.64,2.54,23.9216,27.0588,234.625,14.3647,14.935,4.13436,1,8,0,0,10,74.902,0,0,7.68,0,190.4
1163,1617.280,11.9802,11.9437,12.932,28,0,0,2350.75,59.6516,15,78.8,46.39,2.52,23.9216,27.0588,234.752,14.3647,14.79,4.13436,1,8,0,0,10,74.902,0,0,7.68,0,190.4
1164,1617.320,11.8971,11.9437,12.9934,28,0,0,2374.25,59.6516,15,78.8,46.64,2.54,23.5294,27.0588,232.041,14.3647,14.645,4.14085,1,8,0,0,10,74.902,0,0,7.424,0,190.4
1165,1617.360,11.8545,11.9437,13.0215,28,0,0,2345.5,59.6516,15,78.8,46.9,2.52,23.5294,27.0588,232.081,14.3647,14.645,4.00898,1,8,0,0,10,74.902,0,0,7.424,0,190.4
1166,1617.400,12.0228,12.0586,13.0215,28,0,0,2362.5,59.6516,15,78.8,46.77,2.54,22.7451,26.6667,223.572,14.3647,14.645,4.00898,1,8,0,0,10,74.902,0,0,7.424,0,190.4
1167,1617.440,12.0653,12.0586,13.0497,28,0,0,2351.75,59.6516,15,78.8,46.14,2.5,22.3529,26.2745,220.715,14.3647,14.645,3.44166,1,8,0,0,10,74.902,0,0,7.424,0,190.4
1168,1617.480,12.0653,12.0586,13.0497,28,0,0,2351.25,59.6516,15,78.8,45.12,2.5,22.3529,25.8824,217.89,14.3647,14.5,3.3013,1,8,0,0,10,74.902,0,0,7.424,0,190.4
1169,1617.520,12.2336,12.0586,13.0497,28,0,0,2370,59.6516,15.5,78.8,45.5,2.5,21.9608,25.4902,214.97,14.3647,14.355,3.3013,1,8,0,0,10,74.902,0,0,7.168,0,190.4
1170,1617.560,12.1485,12.0586,13.0951,28,0,0,2351.5,59.6516,15,78.8,45,2.5,21.9608,25.4902,215.056,14.3647,14.21,3.1573,1,8,0,0,9,74.902,0,0,7.168,0,190.4
1171,1617.600,12.1485,11.9437,13.0951,28,0,0,2359.5,59.6516,15,78.8,45.12,2.5,21.9608,25.4902,215.023,14.3647,14.065,3.1573,1,8,0,0,9,74.902,0,0,7.168,0,190.4
1172,1617.640,12.2336,12.0586,13.1408,28,0,0,2363.75,59.6516,15,78.8,45.38,2.5,21.9608,25.4902,215.063,14.3647,14.065,3.15862,1,10,0,0,10,74.902,0,0,7.168,0,190.4
1173,1617.680,12.3593,11.9437,13.1696,28,0,0,2364.25,59.6516,15.5,78.8,45,2.5,21.5686,25.4902,212.251,14.3647,14.065,3.02022,1,10,0,0,10,74.902,0,0,7.168,0,190.4
1174,1617.720,12.4018,11.9437,13.1696,28,0,0,2367.25,59.6516,15,78.8,44.49,2.5,21.5686,25.098,209.403,14.3647,14.065,3.02022,1,10,0,0,10,74.902,0,0,7.168,0,190.4
1175,1617.760,12.3187,11.9437,13.1926,28,0,0,2355.25,59.6516,15,78.8,44.36,2.48,20.7843,25.098,203.729,14.3647,13.92,2.87974,1,10,0,0,9,74.902,0,0,7.168,0,190.4
1176,1617.800,12.4869,11.9437,13.2332,28,0,0,2366.75,59.6516,15.5,78.8,43.85,2.48,20.7843,24.7059,200.916,14.3647,13.775,2.45637,1,10,0,0,9,74.902,0,0,7.168,0,190.4
1177,1617.840,12.0653,11.9437,13.2332,28,0,0,2354.25,59.6516,15,78.8,43.85,2.48,20.7843,24.3137,200.907,14.3647,13.775,2.45637,1,10,0,0,10,74.902,0,0,6.912,0,190.4
1178,1617.880,11.8971,11.9437,13.3447,28,0,0,2366.25,59.6516,15.5,78.8,44.23,2.48,20.7843,24.3137,200.848,14.3647,13.63,2.45362,1,10,0,0,10,74.902,0,0,6.912,0,190.4
1179,1617.920,11.9377,11.8289,13.3447,28,0,0,2357.5,59.6516,15,78.8,43.6,2.48,20.7843,24.3137,203.72,14.3647,13.63,2.45362,1,10,0,0,9,74.902,0,0,6.912,0,190.4
1180,1617.960,11.9377,11.8289,13.3034,28,0,0,2362.5,59.6516,15.5,78.8,43.47,2.48,20.7843,24.7059,203.766,14.3647,13.485,2.59735,1,10,0,0,9,74.902,0,0,6.912,0,190.4
1181,1618.000,11.9377,11.9437,13.3329,28,0,0,2364.75,59.6516,15,78.8,43.85,2.5,20.7843,24.7059,200.874,14.3647,13.485,2.45437,1,10,0,0,9,74.902,0,0,6.912,0,190.4
1182,1618.040,12.1079,11.9437,13.3329,28,0,0,2357.25,59.6516,15,78.8,44.36,2.48,20.7843,24.7059,200.885,14.3647,13.485,2.45437,1,10,0,0,10,74.902,0,0,6.912,0,190.4
1183,1618.080,12.0653,11.9437,13.2917,28,0,0,2365.75,59.6516,15.5,78.8,43.47,2.48,20.7843,24.3137,200.863,14.3647,13.485,2.45549,1,10,0,0,10,74.902,0,0,6.912,0,190.4
1184,1618.120,12.0653,12.0586,13.3211,28,0,0,2349.75,59.6516,15,78.8,44.11,2.48,20.7843,24.3137,200.845,14.3647,13.485,2.453,1,10,0,0,9,74.902,0,0,6.912,0,190.4
1185,1618.160,11.9802,11.9437,13.3211,28,0,0,2367,59.6516,15.5,78.8,43.6,2.5,20.7843,24.3137,200.881,14.3647,13.485,2.453,1,10,0,0,9,74.902,0,0,6.912,0,190.4
1186,1618.200,12.0228,11.9437,13.3034,28,0,0,2361.25,59.6516,15,78.8,43.85,2.48,20.7843,24.3137,200.884,14.3647,13.34,2.4547,1,10,0,0,9,74.902,0,0,6.912,0,190.4
1187,1618.240,12.0653,11.9437,13.3034,28,0,0,2358.75,59.6516,15.5,78.8,43.6,2.48,20.7843,24.3137,203.698,14.3647,13.34,2.4547,1,10,0,0,10,74.902,0,0,6.912,0,190.4
1188,1618.280,11.8971,11.9437,13.3329,28,0,0,2373.75,59.6516,15.5,78.8,43.6,2.48,20.7843,24.7059,200.894,14.3647,13.34,2.59447,1,10,0,0,10,74.902,0,0,6.912,0,190.4
1189,1618.320,11.9802,11.9437,13.3093,28,0,0,2342,59.6516,15.5,78.8,44.36,2.5,20.7843,24.7059,200.917,14.3647,13.34,2.4567,1,10,0,0,9,74.902,0,0,6.912,0,190.4
1190,1618.360,12.0228,11.9437,13.3093,28,0,0,2371.25,59.6516,15,78.8,43.6,2.48,20.7843,24.7059,203.72,14.3647,13.34,2.4567,1,10,0,0,9,74.902,0,0,6.912,0,190.4
1191,1618.400,12.0228,12.0586,13.2975,28,0,0,2352,59.6516,15,78.8,44.23,2.5,20.7843,24.3137,203.722,14.3647,13.34,2.59652,1,10,0,0,10,74.902,0,0,6.912,0,190.4
1192,1618.440,11.9377,11.9437,13.2741,28,0,0,2367.75,59.6516,15.5,78.8,43.47,2.48,20.7843,24.3137,200.866,14.3647,13.34,2.45424,1,10,0,0,10,74.902,0,0,6.912,0,190.4
1193,1618.480,12.0653,11.9437,13.2741,28,0,0,2342.5,59.6516,15,78.8,43.35,2.46,20.7843,24.3137,200.822,14.3647,13.34,2.45424,1,10,0,0,9,74.902,0,0,6.912,0,190.4
1194,1618.520,12.0228,11.9437,13.3152,28,0,0,2370.25,59.6516,15,78.8,43.35,2.46,20.3922,24.3137,197.949,14.3647,13.34,2.27288,1,10,0,0,9,74.902,0,0,6.912,0,190.4
1195,1618.560,12.1079,11.9437,13.3152,29,0,0,2349.5,59.6516,15.5,78.8,43.35,2.46,20,24.3137,195.082,14.3647,13.34,2.27288,1,10,0,0,9,74.902,0,0,6.912,0,190.4
1196,1618.600,12.1079,11.9437,13.3388,29,0,0,2352.75,59.6516,15,78.8,42.71,2.46,20,24.3137,194.984,14.3647,13.34,2.07974,1,10,0,0,10,74.902,0,0,6.912,0,190.4
1197,1618.640,12.0228,11.9437,13.3743,29,0,0,2364,59.6516,15.5,78.8,43.09,2.48,20,24.3137,194.948,14.3647,13.195,2.07202,1,10,0,0,10,74.902,0,0,6.656,0,190.4
1198,1618.680,11.9377,11.9437,13.3743,29,0,0,2337,59.6516,15.5,78.8,43.09,2.46,20,24.3137,194.872,14.3647,13.195,2.07202,1,10,0,0,9,74.902,0,0,6.656,0,190.4
1199,1618.720,11.9377,11.9437,13.416,29,0,0,2365.75,59.6516,15.5,78.8,42.97,2.46,20,24.3137,194.878,14.3647,13.195,2.06688,1,10,0,0,9,74.902,0,0,6.656,0,190.4
1200,1618.760,11.9802,11.9437,13.464,29,0,0,2342.5,59.6516,15.5,78.8,42.84,2.46,20,24.3137,194.879,14.3647,13.195,2.06801,1,10,0,0,10,74.902,0,0,6.656,0,190.4
1201,1618.800,11.8971,11.9437,13.464,29,0,0,2369.25,59.6516,15.5,78.8,42.16,2.46,20,24.3137,194.851,14.3647,13.05,2.06801,1,10,0,0,10,74.902,0,0,6.656,0,190.4
1202,1618.840,12.0653,11.9437,13.458,29,0,0,2352.75,59.6516,15.5,78.8,42.71,2.46,20,24.3137,194.902,14.3647,13.05,2.06905,1,10,0,0,10,74.902,0,0,6.656,0,190.4
1203,1618.880,12.2336,12.0586,13.458,29,0,0,2345.5,59.6516,15,78.8,42.71,2.46,20,24.3137,192.016,14.3647,13.05,2.06905,1,10,0,0,9,74.902,0,0,6.656,0,190.4
1204,1618.920,12.1079,12.0586,13.44,29,0,0,2359.5,59.6516,15.5,78.8,42.58,2.46,20,23.9216,192.035,14.3647,13.05,1.8746,1,10,0,0,9,74.902,0,0,6.656,0,190.4
1205,1618.960,12.1079,12.0586,13.446,29,0,0,2341.75,59.6516,15,78.8,42.16,2.44,19.6078,23.9216,189.166,14.3647,13.05,1.6863,1,10,0,0,10,74.902,0,0,6.656,0,190.4
1206,1619.000,12.0228,12.0586,13.446,29,0,0,2364.25,59.6516,15.5,78.8,42.28,2.44,19.2157,23.5294,183.463,14.3647,13.05,1.6863,1,10,0,0,10,74.902,0,0,6.656,0,190.4
1207,1619.040,11.8971,12.0586,13.5185,29,0,0,2331.75,59.6516,15.5,78.8,41.73,2.44,19.2157,23.5294,183.468,14.3647,12.905,1.30317,1,10,0,0,9,74.902,0,0,6.656,0,190.4
1208,1619.080,12.1079,12.0586,13.5978,29,0,0,2358.75,59.6516,15,78.8,41.33,2.42,19.2157,23.1373,186.226,14.3647,12.905,1.48813,1,10,0,0,9,74.902,0,0,6.4,0,190.4
1209,1619.120,12.0653,12.0586,13.5978,29,0,0,2349.5,59.6516,15.5,78.8,40.91,2.42,18.8235,23.5294,180.613,14.3647,12.76,1.48813,1,10,0,0,10,74.902,0,0,6.4,0,190.4
1210,1619.160,12.0228,12.0586,13.7406,29,0,0,2337.25,59.6516,15.5,78.8,40.48,2.44,19.2157,23.1373,186.223,14.3647,12.76,1.30025,1,10,0,0,10,74.902,0,0,6.4,0,190.4
1211,1619.200,12.2761,12.1734,13.7406,29,0,0,2362.25,59.6516,15.5,78.8,40.05,2.42,19.2157,23.5294,186.16,14.3647,12.615,1.30025,1,10,0,0,10,74.902,0,0,6.144,0,190.4
1212,1619.240,12.3187,12.2883,13.7469,29,0,0,2333,59.6516,16,78.8,41.73,2.44,19.6078,23.5294,189.019,14.3647,12.615,1.48423,1,10,0,0,10,74.902,0,0,6.144,0,190.4
1213,1619.280,12.4869,12.518,13.7531,29,0,0,2345.5,59.6516,15.5,78.8,41.33,2.42,19.2157,23.5294,186.146,14.3647,12.615,1.48399,1,10,0,0,10,74.902,0,0,6.4,0,190.4
1214,1619.320,12.7809,12.8625,13.7531,29,0,0,2344.75,59.6516,15,78.8,40.69,2.42,18.8235,23.5294,180.485,14.3647,12.76,1.48399,1,10,0,0,11,74.902,0,0,6.144,0,190.4
1215,1619.360,13.0768,13.0922,13.7031,29,0,0,2343.25,59.6516,15.5,78.8,40.48,2.42,19.2157,23.5294,183.27,14.3647,12.76,1.29212,1,10,0,0,11,74.902,0,0,6.144,0,190.4
1216,1619.400,13.2025,13.207,13.7406,29,0,0,2333.25,59.0303,15.5,78.8,40.48,2.42,18.8235,23.1373,180.4,14.3647,12.615,1.09777,1,10,0,0,10,74.902,0,0,6.144,0,190.4
1217,1619.440,13.16,13.207,13.7406,29,0,0,2338.25,59.0303,15.5,78.8,39.4,2.42,19.2157,23.1373,185.979,14.3647,12.615,1.09777,1,10,0,0,10,74.902,0,0,6.144,0,190.4
1218,1619.480,13.2876,13.3219,13.8544,29,-.78125,0,2345.5,59.0303,15.5,78.8,39.4,2.42,19.6078,23.1373,188.704,14.3647,12.615,1.65607,1,10,0,0,10,74.902,0,0,5.888,0,190.4
1219,1619.520,13.4984,13.3219,13.8544,29,0,0,2334.75,59.0303,15.5,78.8,40.91,2.44,19.6078,23.5294,188.698,14.3647,12.615,1.65607,1,10,0,0,11,74.902,0,0,5.888,0,190.4
1220,1619.560,13.7924,13.5516,14.6713,29,0,0,2338.75,59.0303,16,78.8,41.55,2.44,20,23.9216,191.485,14.3647,12.615,1.65456,1,10,0,0,11,74.902,0,0,5.888,0,190.4
1221,1619.600,14.1289,13.8961,14.3908,29,0,0,2346.5,59.0303,15,78.8,41.94,2.44,20,23.9216,191.452,14.3647,12.615,1.83799,1,10,0,0,11,74.902,0,0,5.888,0,190.4
1222,1619.640,14.3823,14.1258,14.3908,29,0,0,2332.75,59.0303,15.5,78.8,42.28,2.44,20.7843,23.9216,202.701,14.3647,12.615,1.83799,1,10,0,0,11,74.902,0,0,6.144,0,190.4
1223,1619.680,14.508,14.2406,14.1807,29,0,0,2342.25,59.0303,15,78.8,42.58,2.48,20.7843,24.7059,202.565,14.3647,12.76,2.68199,1,10,0,0,12,74.902,0,0,6.144,0,190.4
1224,1619.720,14.6782,14.2406,13.9507,29,0,0,2347,59.0303,15.5,78.8,43.73,2.48,20.7843,24.7059,202.658,14.3647,12.76,2.54409,1,10,0,0,11,74.902,0,0,6.4,0,190.4
1225,1619.760,14.5931,14.2406,13.9507,29,0,0,2320,59.0303,15.5,78.8,42.97,2.44,20.3922,24.7059,196.987,14.3647,12.76,2.54409,1,10,0,0,11,74.902,0,0,6.4,0,190.4
1226,1619.800,14.4673,14.1258,13.7406,29,0,0,2322.25,59.0303,15,78.8,42.07,2.44,20,24.3137,194.124,14.3647,12.905,2.0192,1,10,0,0,10,74.902,0,0,6.4,0,190.4
1227,1619.840,14.4673,14.0109,13.7406,29,0,0,2336.75,59.0303,15.5,78.8,41.51,2.46,20,23.9216,194.071,14.3647,12.905,2.0192,1,10,0,0,10,74.902,0,0,6.4,0,190.4
1228,1619.880,14.3823,13.8961,13.5489,29,0,0,2321.5,59.0303,15,78.8,41.94,2.44,20.7843,23.9216,199.581,14.3647,12.76,2.19989,1,10,0,0,11,74.902,0,0,6.4,0,190.4
1229,1619.920,14.2565,13.5516,13.5733,29,0,0,2340,59.0303,15.5,78.8,41.76,2.44,20.7843,24.3137,199.496,14.3647,12.76,2.37843,1,10,0,0,10,74.902,0,0,6.4,0,190.4
1230,1619.960,14.1289,13.3219,13.5733,29,0,0,2326.5,59.0303,15,78.8,42.84,2.46,20.7843,24.3137,202.263,14.3647,12.76,2.37843,1,10,0,0,10,74.902,0,0,6.4,0,190.4
1231,1620.000,13.8775,13.207,13.5185,30,0,0,2320,59.0303,15.5,78.8,42.28,2.46,21.5686,24.7059,207.76,14.3647,12.905,2.66325,1,10,0,0,10,74.902,0,0,6.4,0,190.4
1232,1620.040,13.7073,13.207,13.4821,30,0,0,2334.5,59.0303,15,78.8,43.22,2.48,20,25.098,193.878,14.3647,12.905,2.00153,1,10,0,0,10,74.902,0,0,6.656,0,190.4
1233,1620.080,13.4559,13.207,13.4821,30,0,0,2334.5,59.0303,15.5,78.8,42.58,2.46,20,24.3137,193.944,14.3647,12.905,2.00153,1,10,0,0,10,74.902,0,0,6.656,0,190.4
1234,1620.120,13.6241,13.207,13.4882,30,0,0,2312.5,59.0303,15.5,78.8,42.16,2.42,20,23.9216,191.095,14.3647,12.905,1.81772,1,10,0,0,10,74.902,0,0,6.656,0,190.4
1235,1620.160,13.4984,13.207,13.4882,30,0,0,2330.25,59.0303,15,78.8,40.26,2.42,20,23.5294,191.05,14.3647,12.905,1.81772,1,10,0,0,10,74.902,0,0,6.4,0,190.4
1236,1620.200,13.4984,13.0922,13.5856,30,0,0,2323,59.0303,15.5,78.8,39.4,2.42,19.6078,23.5294,188.228,14.3647,12.76,1.62535,1,10,0,0,10,74.902,0,0,6.4,0,190.4
1237,1620.240,13.4984,12.9773,13.6595,30,0,0,2310.75,59.0303,15,78.8,39.19,2.42,20,23.5294,190.922,14.3647,12.76,1.80348,1,10,0,0,10,74.902,0,0,6.4,0,190.4
1238,1620.280,13.4133,12.9773,13.6595,30,0,0,2330,58.4089,15.5,78.8,40.48,2.42,20,23.5294,190.86,14.3647,12.76,1.80348,1,10,0,0,10,74.902,0,0,6.144,0,190.4
1239,1620.320,13.3708,12.9773,13.7155,30,0,0,2314,58.4089,15.5,78.8,40.05,2.42,20,23.9216,190.855,14.3647,12.76,1.79871,1,10,0,0,10,74.902,0,0,6.144,0,190.4
1240,1620.360,13.3708,13.0922,13.7343,30,0,0,2324.25,58.4089,15.5,78.8,40.48,2.44,20,23.9216,190.853,14.3647,12.76,1.79888,1,10,0,0,10,74.902,0,0,6.144,0,190.4
1241,1620.400,13.3282,13.207,13.7343,30,0,0,2309.75,58.4089,15,78.8,40.48,2.42,20,23.9216,190.788,14.3647,12.76,1.79888,1,10,0,0,11,74.902,0,0,6.144,0,190.4
1242,1620.440,13.3708,13.3219,13.728,30,0,0,2340,58.4089,15.5,78.8,40.91,2.44,20,23.9216,190.788,14.3647,12.76,1.79305,1,10,0,0,11,74.902,0,0,6.144,0,190.4
1243,1620.480,13.6241,13.4367,13.728,30,0,0,2303.75,58.4089,15.5,78.8,41.55,2.42,20,23.9216,190.763,14.3647,12.76,1.79305,1,10,0,0,11,74.902,0,0,6.4,0,190.4
1244,1620.520,13.7924,13.4367,13.7031,30,0,0,2322.5,58.4089,15.5,78.8,39.83,2.42,20,23.9216,190.723,14.3647,12.76,1.7929,1,10,0,0,11,74.902,0,0,6.144,0,190.4
1245,1620.560,13.7498,13.4367,13.7218,30,0,0,2318.5,58.4089,15,78.8,40.48,2.44,20,23.9216,190.728,14.3647,12.76,1.79007,1,10,0,0,12,74.902,0,0,6.144,0,190.4
1246,1620.600,13.8349,13.4367,13.7218,30,0,0,2310.5,58.4089,16,78.8,40.48,2.42,20,23.9216,190.689,14.3647,12.76,1.79007,1,10,0,0,12,74.902,0,0,6.144,0,190.4
1247,1620.640,13.7924,13.4367,13.7469,30,0,0,2329.5,58.4089,15.5,78.8,40.26,2.44,20,23.9216,190.619,14.3647,12.76,1.78545,1,10,0,0,11,74.902,0,0,6.144,0,190.4
1248,1620.680,13.8349,13.5516,13.7343,30,0,0,2292.5,58.4089,15.5,78.8,40.91,2.44,20,23.9216,190.608,14.3647,12.76,1.78258,1,10,0,0,11,74.902,0,0,6.144,0,190.4
1249,1620.720,13.8349,13.5516,13.7343,30,0,0,2325.25,58.4089,15,78.8,40.91,2.44,20,23.5294,190.517,14.3647,12.76,1.78258,1,10,0,0,11,74.902,0,0,6.4,0,190.4
1250,1620.760,13.8775,13.5516,13.7218,30,0,0,2284.5,58.4089,15.5,77,40.05,2.42,20,23.5294,190.534,14.3647,12.76,1.77713,1,10,0,0,12,74.902,0,0,6.144,0,190.4
1251,1620.800,13.8775,13.5516,13.7218,30,0,0,2328.75,58.4089,15.5,77,40.26,2.42,20,23.5294,190.369,14.3647,12.76,1.77713,1,10,0,0,12,74.902,0,0,6.144,0,190.4
1252,1620.840,13.7924,13.4367,13.7093,30,0,0,2312.5,58.4089,15.5,77,40.48,2.42,20,23.9216,190.426,14.3647,12.76,1.94795,1,10,0,0,11,74.902,0,0,6.144,0,190.4
1253,1620.880,13.8349,13.4367,13.7469,30,0,0,2288.25,58.4089,16,77,41.33,2.44,19.6078,23.9216,187.664,14.3647,12.76,1.58845,1,10,0,0,11,74.902,0,0,6.4,0,190.4
1254,1620.920,13.7073,13.5516,13.7469,30,0,0,2317.25,58.4089,15,77,40.05,2.44,20,23.9216,190.273,14.3647,12.76,1.58845,1,10,0,0,12,74.902,0,0,6.4,0,190.4
1255,1620.960,13.3708,13.5516,13.6968,30,0,0,2313.5,58.4089,15.5,77,41.12,2.44,20,23.9216,190.342,14.3647,12.76,1.76207,1,10,0,0,12,74.902,0,0,6.4,0,190.4
1256,1621.000,13.2451,13.4367,13.7343,30,0,0,2290.75,58.4089,15.5,77,40.26,2.42,20,23.5294,190.218,14.3647,12.76,1.75673,1,10,0,0,11,74.902,0,0,6.4,0,190.4
1257,1621.040,13.4133,13.4367,13.7343,30,0,0,2321.75,58.4089,15.5,77,39.83,2.42,20,23.5294,190.236,14.3647,12.76,1.75673,1,10,0,0,10,74.902,0,0,6.144,0,190.4
1258,1621.080,13.3282,13.4367,13.7406,30,0,0,2282,58.4089,15.5,77,40.05,2.42,20,23.5294,190.197,14.3647,12.76,1.75779,1,10,0,0,11,74.902,0,0,6.144,0,190.4
1259,1621.120,13.4133,13.4367,13.7406,30,0,0,2318,58.4089,15.5,77,40.48,2.42,20,23.5294,190.115,14.3647,12.76,1.75779,1,10,0,0,11,74.902,0,0,6.144,0,190.4
1260,1621.160,13.4133,13.4367,13.7406,30,0,0,2298,58.4089,16,77,39.62,2.42,19.6078,23.5294,187.436,14.3647,12.76,1.75058,1,10,0,0,12,74.902,0,0,6.144,0,190.4
1261,1621.200,13.3282,13.4367,13.772,30,0,0,2296.75,58.4089,15,77,39.4,2.4,19.6078,23.5294,187.341,14.3647,12.76,1.5641,1,10,0,0,11,74.902,0,0,6.144,0,190.4
1262,1621.240,13.4984,13.4367,13.772,30,0,0,2300,57.7875,15.5,77,39.19,2.42,19.6078,23.5294,187.329,14.3647,12.615,1.5641,1,10,0,0,11,74.902,0,0,6.144,0,190.4
1263,1621.280,13.4559,13.5516,14.5157,30,0,0,2274,57.7875,15.5,77,39.4,2.42,19.6078,23.5294,187.277,14.3647,12.615,1.56181,1,10,0,0,12,74.902,0,0,5.888,0,190.4
1264,1621.320,13.6241,13.5516,14.5649,30,0,0,2327,57.7875,15,77,38.33,2.4,19.6078,23.5294,187.187,14.3647,12.615,1.55393,1,10,0,0,12,74.902,0,0,5.888,0,190.4
1265,1621.360,13.539,13.6664,14.5649,30,-.78125,0,2263,57.7875,16,77,39.62,2.42,19.6078,23.5294,187.268,14.3647,12.615,1.55393,1,10,0,0,11,74.902,0,0,5.888,0,190.4
1266,1621.400,13.8775,13.8961,14.5157,30,-.78125,0,2304.5,57.7875,15,77,38.97,2.42,19.6078,23.5294,187.122,14.3647,12.615,1.5532,1,10,0,0,11,74.902,0,0,5.888,0,190.4
1267,1621.440,14.0883,14.1258,14.5157,30,-.78125,0,2290.75,57.7875,15.5,77,39.4,2.42,19.6078,23.5294,187.14,14.3647,12.615,1.5532,1,10,0,0,12,74.902,0,0,5.888,0,190.4
1268,1621.480,14.1289,14.2406,14.5157,30,-.78125,0,2293.25,57.7875,15.5,77,38.33,2.4,19.6078,23.5294,187.102,14.3647,12.615,1.55082,1,10,0,0,12,74.902,0,0,5.632,0,190.4
1269,1621.520,14.2565,14.3555,14.5157,30,-.78125,0,2291.25,57.7875,15.5,77,38.76,2.42,19.6078,23.5294,187.049,14.3647,12.615,1.54546,1,10,0,0,11,74.902,0,0,5.632,0,190.4
1270,1621.560,14.2972,14.3555,14.5157,30,-.78125,-2.34375,2291,57.7875,15.5,77,39.19,2.4,19.2157,23.5294,184.426,14.3647,12.615,1.54546,1,10,0,0,11,74.902,0,0,5.632,0,190.4
1271,1621.600,14.3397,14.4703,14.5157,30,-.78125,-2.34375,2266.25,57.7875,15.5,77,38.97,2.4,19.6078,23.5294,186.965,14.3647,12.615,1.54511,1,10,0,0,12,74.902,0,0,5.632,0,190.4
1272,1621.640,14.508,14.5852,14.5087,30,0,-2.34375,2321.75,57.7875,15,77,39.19,2.42,19.6078,23.5294,186.925,14.3647,12.615,1.53661,1,10,0,0,12,74.902,0,0,5.632,0,190.4
1273,1621.680,14.9296,14.7,14.5087,30,.78125,-2.34375,2277,57.7875,15.5,77,40.05,2.42,19.2157,23.5294,184.375,14.3647,12.615,1.53661,1,10,0,0,12,74.902,0,0,5.632,0,190.4
1274,1621.720,14.9721,14.7,14.5157,30,.78125,-2.34375,2274.75,57.7875,16,77,39.19,2.4,19.2157,23.5294,184.233,14.3647,12.615,1.36022,1,10,0,0,12,74.902,0,0,5.888,0,190.4
1275,1621.760,15.0147,14.7,14.5157,30,.78125,-2.34375,2304.5,57.7875,15,77,38.54,2.42,19.6078,23.5294,186.901,14.3647,12.615,1.36022,1,10,0,0,12,74.902,0,0,5.888,0,190.4
1276,1621.800,14.887,14.7,14.5157,30,.78125,-2.34375,2268.25,57.7875,15.5,77,38.97,2.42,19.2157,23.5294,184.231,14.3647,12.615,1.36015,1,10,0,0,12,74.902,0,0,5.888,0,190.4
1277,1621.840,14.887,14.5852,14.5157,30,.78125,-2.34375,2292.75,57.7875,15,77,39.19,2.42,19.2157,23.1373,184.1,14.3647,12.615,1.34867,1,10,0,0,11,74.902,0,0,5.888,0,190.4
1278,1621.880,14.887,14.7,14.5157,30,.78125,-2.34375,2275.5,57.7875,16,77,38.97,2.4,19.2157,23.1373,184.163,14.3647,12.615,1.34867,1,10,0,0,11,74.902,0,0,5.888,0,190.4
1279,1621.920,14.8464,14.5852,14.5157,30,1.5625,-2.34375,2264.75,57.7875,15.5,77,38.76,2.4,19.2157,23.1373,184.035,14.3647,12.615,1.34927,1,10,0,0,12,74.902,0,0,5.888,0,190.4
1280,1621.960,14.8039,14.5852,14.5157,30,.78125,-2.34375,2280,57.7875,15.5,77,38.11,2.4,19.2157,23.1373,184.06,14.3647,12.615,1.34502,1,10,0,0,12,74.902,0,0,5.632,0,190.4
1281,1622.000,14.7188,14.4703,14.5157,30,.78125,-2.34375,2276.25,57.7875,16,77,38.54,2.4,19.2157,23.1373,184.046,14.3647,12.615,1.34502,1,10,0,0,12,74.902,0,0,5.632,0,190.4
1282,1622.040,14.7188,14.4703,14.5157,31,.78125,-2.34375,2281,57.7875,15.5,77,39.19,2.42,19.2157,23.1373,183.992,14.3647,12.615,1.34067,1,10,0,0,12,74.902,0,0,5.632,0,190.4
1283,1622.080,14.7613,14.4703,14.5157,31,.78125,-2.34375,2266,57.7875,15.5,77,38.76,2.42,19.2157,23.1373,183.995,14.3647,12.615,1.34067,1,10,0,0,12,74.902,0,0,5.632,0,190.4
1284,1622.120,14.8464,14.5852,14.5157,31,1.5625,-2.34375,2276.5,57.1662,15,77,38.97,2.42,19.2157,23.5294,183.918,14.3647,12.615,1.33902,1,10,0,0,12,74.902,0,0,5.888,0,190.4
1285,1622.160,14.887,14.5852,14.5157,31,1.5625,-2.34375,2284,57.1662,16,77,39.19,2.42,19.2157,23.1373,181.3,14.3647,12.615,1.1603,1,10,0,0,12,74.902,0,0,5.888,0,190.4
1286,1622.200,14.8464,14.5852,14.5157,31,1.5625,-2.34375,2264.75,57.1662,15.5,77,37.9,2.4,19.2157,23.1373,183.861,14.3647,12.615,1.1603,1,10,0,0,12,74.902,0,0,5.888,0,190.4
1287,1622.240,14.7188,14.5852,14.5157,31,1.5625,-2.34375,2284.25,57.1662,15.5,77,37.47,2.38,19.2157,23.1373,183.844,14.3647,12.615,1.33045,1,10,0,0,12,74.902,0,0,5.632,0,190.4
1288,1622.280,14.8039,14.5852,14.5157,31,1.5625,-2.34375,2259,57.1662,15.5,77,38.97,2.42,19.2157,23.1373,183.83,14.3647,12.615,1.33008,1,10,0,0,12,74.902,0,0,5.632,0,190.4
1289,1622.320,14.5931,14.4703,14.5157,31,.78125,-2.34375,2290.25,57.1662,15.5,77,37.9,2.4,19.2157,23.1373,183.801,14.3647,12.615,1.33008,1,10,0,0,12,74.902,0,0,5.632,0,190.4
1290,1622.360,14.2972,14.4703,14.5157,31,.78125,-2.34375,2256.75,57.1662,16,77,38.11,2.4,19.2157,23.1373,183.77,14.2196,12.615,1.32825,1,10,0,0,12,74.902,0,0,5.632,0,190.4
1291,1622.400,14.5931,14.4703,14.5157,31,1.5625,-2.34375,2279,57.1662,15.5,77,38.76,2.4,19.2157,23.5294,183.742,14.2196,12.615,1.32825,1,10,0,0,12,74.902,0,0,5.632,0,190.4
1292,1622.440,14.5505,14.5852,14.5157,31,1.5625,-2.34375,2260.5,57.1662,15.5,77,39.4,2.4,19.2157,23.5294,183.749,14.2196,12.615,1.32438,1,8,0,0,13,74.902,0,0,5.632,0,190.4
1293,1622.480,14.5931,14.5852,14.5157,31,1.5625,-2.34375,2281.5,57.1662,15.5,77,38.33,2.4,19.2157,23.5294,183.714,14.2196,12.615,1.3228,1,8,0,0,13,74.902,0,0,5.888,0,190.4
1294,1622.520,14.7188,14.5852,14.5157,31,1.5625,-2.34375,2257.5,57.1662,15.5,77,38.97,2.4,19.2157,23.1373,181.099,14.2196,12.615,1.3228,1,8,0,0,12,74.902,0,0,5.888,0,190.4
1295,1622.560,14.508,14.5852,14.5157,31,1.5625,-2.34375,2267.25,57.1662,15.5,77,37.9,2.38,19.2157,23.1373,183.643,14.2196,12.615,1.14713,1,8,0,0,12,74.902,0,0,5.888,0,190.4
1296,1622.600,14.6356,14.5852,14.5157,31,1.5625,-2.34375,2264.75,57.1662,15.5,77,37.47,2.4,19.2157,23.1373,181.076,14.2196,12.615,1.14607,1,8,0,0,13,74.902,0,0,5.632,0,190.4
1297,1622.640,14.8039,14.4703,14.5157,31,1.5625,-2.34375,2270.25,57.1662,15.5,77,36.95,2.4,18.8235,23.1373,178.454,14.2196,12.47,1.14607,1,8,0,0,13,74.902,0,0,5.632,0,190.4
1298,1622.680,14.8464,14.4703,14.5157,31,1.5625,-2.34375,2269,57.1662,15,77,37.68,2.38,18.8235,23.1373,178.418,14.2196,12.47,.968392,1,8,0,0,12,74.902,0,0,5.632,0,190.4
1299,1622.720,14.8039,14.4703,14.5157,31,1.5625,-2.34375,2264.75,57.1662,15.5,77,37.04,2.38,18.8235,23.1373,178.413,14.2196,12.47,.968392,1,8,0,0,12,74.902,0,0,5.632,0,190.4
1300,1622.760,14.7188,14.4703,14.5157,31,.78125,-2.34375,2261.25,57.1662,15.5,77,37.04,2.38,18.4314,22.3529,173.224,14.2196,12.47,.795059,1,8,0,0,13,74.902,0,0,5.632,0,190.4
1301,1622.800,14.7188,14.4703,14.5157,31,1.5625,-2.34375,2276,57.1662,15.5,77,36.2,2.36,18.0392,22.3529,170.663,14.2196,12.325,.447865,1,8,0,0,13,74.902,0,0,5.632,0,190.4
1302,1622.840,14.7188,14.5852,14.5157,31,1.5625,-2.34375,2247,57.1662,15.5,77,35.84,2.34,17.2549,21.5686,162.931,14.2196,12.18,.447865,1,8,0,0,12,74.902,0,0,5.632,0,190.4
1303,1622.880,14.3823,14.5852,14.6215,31,1.5625,-2.34375,2273.5,57.1662,15.5,77,35.03,2.32,16.4706,21.1765,155.216,14.2196,12.18,-.421433,1,8,0,0,12,74.902,0,0,5.376,0,190.4
1304,1622.920,14.3823,14.4703,14.7288,31,1.5625,-2.34375,2247.25,57.1662,15.5,77,34.41,2.32,15.6863,20.3922,145.096,14.2196,11.89,-1.72848,1,8,0,0,13,74.902,0,0,5.376,0,190.4
1305,1622.960,14.3823,14.3555,14.7288,31,.78125,-2.34375,2270.75,57.1662,15.5,77,33.42,2.26,13.7255,19.6078,127.09,14.2196,11.745,-1.72848,1,8,0,0,13,74.902,0,0,5.376,0,190.4
1306,1623.000,14.214,14.3555,15.2743,31,0,-2.34375,2247.75,57.1662,16,77,30.54,2.2,12.549,18.0392,117.166,14.2196,11.31,-3.92181,1,8,0,0,13,74.902,0,0,4.864,0,190.4
1307,1623.040,14.0457,14.1258,15.2743,31,-.78125,-2.34375,2259,57.1662,17,77,27.7,2.2,12.1569,17.6471,111.922,14.2196,10.73,-3.92181,1,8,0,0,13,74.902,0,0,4.608,0,190.4
1308,1623.080,13.8775,14.0109,15.8118,31,-1.5625,-2.34375,2245.75,57.1662,18,77,26.36,2.18,11.7647,17.2549,107.04,14.2196,10.295,-4.56912,1,8,0,0,14,74.902,0,0,4.352,0,190.4
1309,1623.120,13.7924,14.0109,15.7292,31,-1.5625,-2.34375,2260.25,57.1662,18.5,77,25.56,2.14,9.80392,16.0784,88.9657,14.2196,9.86,-5.9152,1,8,0,0,15,74.902,0,0,4.352,0,190.4
1310,1623.160,13.8349,14.1258,15.7292,31,-2.34375,-2.34375,2250.75,57.1662,19.5,77,23.01,2.02,5.09804,14.1176,44.5326,14.2196,9.425,-5.9152,1,8,0,0,15,74.902,0,0,4.096,0,190.4
1311,1623.200,14.2972,14.1258,16.0993,31,-2.34375,-2.34375,2237,57.1662,20.5,77,18.04,1.76,0,11.3725,33.4425,14.2196,8.555,-8.20653,1,8,0,0,16,74.902,0,0,3.584,0,190.4
1312,1623.240,14.2565,14.2406,18.7224,31,-1.5625,-2.34375,2252.5,56.5448,22.5,77,14.84,1.68,0,10.5882,31.4442,14.2196,7.54,-8.33372,1,8,0,0,17,0,0,0,3.072,0,190.4
1313,1623.280,13.8349,14.1258,18.7224,31,-2.34375,-2.34375,2238.25,56.5448,23,77,14.42,1.76,0,10.5882,29.4563,14.2196,7.105,-8.33372,1,8,0,0,12,0,0,0,3.072,0,190.4
1314,1623.320,13.8775,14.0109,17.086,31,-3.125,-2.34375,2243.5,56.5448,24.5,77,12.17,1.72,0,10.1961,27.4857,14.2196,6.67,-8.46033,1,8,0,0,6,0,0,0,2.816,0,190.4
1315,1623.360,13.8775,14.0109,17.086,31,-3.90625,-1.5625,2250.75,56.5448,24.5,77,11.56,1.7,0,10.1961,25.4819,14.2196,6.38,-8.46033,1,8,0,0,1,0,0,0,2.816,0,190.4
1316,1623.400,13.6241,14.0109,16.1165,31,-3.90625,-1.5625,2219.25,56.5448,25,77,11.17,1.68,0,9.80392,23.5201,14.2196,6.09,-8.58815,1,8,0,0,1,0,0,0,2.56,0,190.4
1317,1623.440,13.7073,14.0109,15.4309,31,-3.90625,-1.5625,2248.25,56.5448,24.5,77,10.78,1.64,0,9.41177,21.5541,14.2196,5.8,-8.71325,1,8,0,0,0,0,0,0,2.56,0,190.4
1318,1623.480,13.7924,14.0109,15.4309,31,-4.6875,-1.5625,2233,56.5448,24,77,9.94,1.62,0,9.41177,19.5679,14.2196,5.51,-8.71325,1,8,0,0,0,0,0,0,2.304,0,190.4
1319,1623.520,13.7498,14.0109,15.2976,31,-4.6875,-1.5625,2224.25,56.5448,23.5,77,9.56,1.62,0,9.01961,17.6186,14.2196,5.365,-8.84011,1,8,0,0,0,0,0,0,2.304,0,190.4
1320,1623.560,14.0032,14.0109,14.5508,31,-4.6875,-1.5625,2211.5,56.5448,23,77,9.53,1.6,0,9.01961,15.6854,14.2196,5.22,-8.9639,1,8,0,0,0,0,0,0,0,0,190.4
1321,1623.600,14.0457,14.1258,14.5508,31,-4.6875,-1.5625,2225,56.5448,22,77,9.42,1.6,0,9.01961,13.7441,14.2196,5.075,-8.9639,1,8,0,0,1,0,0,0,0,0,190.4
1322,1623.640,14.0457,14.2406,14.5508,31,-4.6875,-1.5625,2186.75,56.5448,21.5,77,9.17,1.58,0,8.62745,11.824,14.2196,4.93,-9.08797,1,8,0,0,0,0,0,0,0,0,190.4
1323,1623.680,14.4248,14.5852,14.5508,31,-3.90625,-1.5625,2194.25,56.5448,20.5,77,8.87,1.56,0,8.62745,9.94989,14.2196,4.785,-9.08797,1,8,0,0,0,0,0,0,0,0,190.4
1324,1623.720,15.0147,15.0445,14.5508,31,-2.34375,-1.5625,2242.5,55.9234,20,77,8.8,1.56,0,8.23529,8.00234,14.2196,4.64,-9.20836,1,8,0,0,1,0,0,0,0,0,190.4
1325,1623.760,16.9951,15.7336,14.5508,31,0,-.78125,2219.75,55.9234,20,77,8.22,1.56,0,7.84314,6.03892,14.2196,4.495,-9.33417,1,8,0,0,1,0,0,0,0,0,190.4
1326,1623.800,18.258,16.4227,14.5508,31,3.125,-.78125,2176,55.9234,20,77,7.98,1.54,0,7.84314,4.13313,14.2196,4.35,-9.33417,1,8,0,0,1,0,0,0,0,0,190.4
1327,1623.840,18.9755,17.1117,14.5508,31,5.46875,-.78125,2214.75,55.9234,20,77,7.86,1.52,0,7.45098,2.25735,14.2196,4.35,-9.45569,1,8,0,0,1,0,0,0,0,0,190.4
1328,1623.880,19.6911,17.4562,14.5508,31,7.03125,-.78125,2222,55.9234,20,77,7.55,1.48,0,7.05882,.316115,14.2196,4.205,-9.57851,1,8,0,0,1,0,0,0,0,0,190.4
1329,1623.920,19.606,17.8008,14.5508,31,8.59375,-.78125,2186.75,55.9234,20,77,7.19,1.48,0,7.05882,0,14.2196,4.06,-9.57851,1,8,0,0,1,0,0,0,0,0,190.4
1330,1623.960,19.6911,18.0305,14.5508,31,8.59375,-.78125,2172.5,55.302,20,77,6.81,1.46,0,7.05882,0,14.2196,4.06,-9.59105,1,8,0,0,1,0,0,0,0,0,190.4
1331,1624.000,19.7762,18.375,14.5508,31,9.375,-.78125,2222.5,55.302,20,77,6.63,1.46,0,7.05882,0,14.2196,3.915,-9.59105,1,8,0,0,1,0,0,0,0,0,190.4
1332,1624.040,19.4803,18.7195,14.5508,31,10.9375,-.78125,2196.25,55.302,20,77,7.19,1.46,0,7.05882,0,14.2196,3.915,-9.59093,1,8,0,0,1,0,0,0,0,0,190.4
1333,1624.080,19.6485,18.8344,12.6707,31,11.7188,-.78125,2157.25,55.302,20,77,7.6,1.48,0,7.05882,0,14.2196,3.915,-9.59082,1,8,0,0,1,0,0,0,0,0,190.4
1334,1624.120,19.7762,18.6047,12.6707,31,0,-.78125,2209,55.302,20,77,6.81,1.46,0,7.05882,0,14.2196,3.77,-9.59082,1,8,0,0,1,0,0,0,0,0,190.4
1335,1624.160,19.6485,18.4898,12.6707,31,0,0,2193.5,55.302,20,77,7.28,1.46,0,7.05882,0,14.2196,3.77,-9.59071,1,8,0,0,1,0,0,0,0,0,190.4
1336,1624.200,19.8168,18.6047,12.6707,31,0,0,2163.5,55.302,20,77,6.91,1.46,0,7.05882,0,14.2196,3.77,-9.5906,1,8,0,0,1,0,0,0,0,0,190.4
1337,1624.240,19.9851,18.4898,12.6707,31,0,0,2158.75,55.302,20,77,6.4,1.44,0,7.05882,0,14.2196,3.77,-9.5906,1,8,0,0,1,0,0,0,0,0,190.4
1338,1624.280,19.7336,18.6047,12.6707,31,0,0,2196.75,54.6807,20,77,6.54,1.46,0,7.05882,0,14.2196,3.77,-9.59049,1,8,0,0,1,0,0,0,0,0,190.4
1339,1624.320,19.7762,18.7195,12.6707,31,0,0,2151.5,54.6807,20,77,6.46,1.46,0,7.05882,0,14.2196,3.77,-9.59049,1,8,0,0,1,0,0,0,0,0,190.4
1340,1624.360,19.7336,18.8344,12.6707,31,0,0,2139.25,54.6807,20,77,6.59,1.46,0,7.05882,0,14.2196,3.77,-9.59038,1,8,0,0,1,0,0,0,0,0,190.4
1341,1624.400,19.6911,19.1789,12.6707,31,0,0,2181.25,54.6807,20,77,6.72,1.46,0,7.05882,0,14.2196,3.77,-9.59028,1,8,0,0,1,0,0,0,0,0,190.4
1342,1624.440,19.6911,19.868,12.6707,31,0,0,2153.75,54.6807,20,77,7.09,1.48,0,7.05882,0,14.2196,3.77,-9.59028,1,8,0,0,1,0,0,0,0,0,190.4
1343,1624.480,19.7336,20.3273,12.6707,31,0,0,2143.75,54.6807,20,77,7.46,1.48,0,7.05882,0,14.2196,3.625,-9.59017,1,8,0,0,1,0,0,0,0,0,190.4
1344,1624.520,19.7762,20.3273,12.6707,31,0,0,2161.5,54.6807,20,77,6.5,1.46,0,7.05882,0,14.2196,3.77,-9.59007,1,8,0,0,1,0,0,0,0,0,190.4
1345,1624.560,19.7762,20.3273,12.6707,31,0,0,2144.75,54.6807,20,77,7.6,1.48,0,7.05882,0,14.2196,3.77,-9.59007,1,8,0,0,1,0,0,0,0,0,190.4
1346,1624.600,19.8593,20.3273,12.6707,31,0,0,2132.25,54.0593,20,77,7.09,1.46,0,7.05882,0,14.2196,3.77,-9.58996,1,8,0,0,1,0,0,0,0,0,190.4
1347,1624.640,19.8168,20.3273,12.6707,31,0,0,2156.25,54.0593,20,77,7,1.46,0,7.05882,0,14.2196,3.77,-9.58996,1,8,0,0,1,0,0,0,0,0,190.4
1348,1624.680,19.8168,20.3273,12.6707,31,0,0,2138.5,54.0593,20,77,7.09,1.46,0,7.05882,0,14.2196,3.77,-9.58986,1,8,0,0,1,0,0,0,0,0,190.4
1349,1624.720,19.6485,20.3273,12.6707,30,0,0,2125.75,54.0593,20,77,7.28,1.48,0,7.05882,0,14.2196,3.77,-9.58976,1,8,0,0,1,0,0,0,0,0,190.4
1350,1624.760,19.8168,20.3273,12.6707,30,0,.78125,2147.5,54.0593,20,77,7.09,1.48,0,7.05882,0,14.2196,3.77,-9.58976,1,8,0,0,1,0,0,0,0,0,190.4
1351,1624.800,19.8168,20.3273,12.6707,30,0,.78125,2115.75,54.0593,20,77,7.28,1.46,0,7.05882,0,14.2196,3.77,-9.58966,1,8,0,0,1,0,0,0,0,0,190.4
1352,1624.840,19.8168,20.3273,12.6707,30,0,.78125,2133.25,54.0593,20,77,7.58,1.48,0,7.05882,0,14.2196,3.77,-9.58955,1,10,0,0,1,0,0,0,0,0,190.4
1353,1624.880,19.8593,20.3273,12.6707,30,0,.78125,2122.75,54.0593,20,77,7.49,1.48,0,7.05882,0,14.2196,3.77,-9.58955,1,10,0,0,1,0,0,0,0,0,190.4
1354,1624.920,19.7762,20.3273,12.6707,30,0,.78125,2106.5,53.4379,20,77,6.54,1.44,0,7.05882,0,14.2196,3.77,-9.58945,1,10,0,0,1,0,0,0,0,0,190.4
1355,1624.960,19.6911,20.3273,12.6707,30,0,.78125,2118.75,53.4379,20,77,6.22,1.42,0,7.05882,0,14.2196,3.77,-9.58945,1,10,0,0,1,0,0,0,0,0,190.4
1356,1625.000,19.7336,20.3273,12.6707,30,0,.78125,2114.5,53.4379,20,77,6.29,1.46,0,7.05882,0,14.2196,3.77,-9.58935,1,10,0,0,1,0,0,0,0,0,190.4
1357,1625.040,19.8168,20.3273,12.6707,30,0,.78125,2105.25,53.4379,20,77,6.4,1.46,0,7.05882,0,14.2196,3.77,-9.58926,1,10,0,0,1,0,0,0,0,0,190.4
1358,1625.080,19.8593,20.3273,12.6707,30,0,.78125,2107,53.4379,20,77,6.72,1.46,0,7.05882,0,14.2196,3.77,-9.58926,1,10,0,0,1,0,0,0,0,0,190.4
1359,1625.120,20.2384,20.3273,12.6707,30,0,.78125,2108.75,53.4379,20,77,7.19,1.48,0,7.05882,0,14.2196,3.77,-9.58916,1,10,0,0,1,0,0,0,0,0,190.4
1360,1625.160,20.0276,20.3273,12.6707,30,0,3.125,2098.5,53.4379,20,77,6.72,1.44,0,7.05882,0,14.2196,3.77,-9.58906,1,10,0,0,1,0,0,0,0,0,190.4
1361,1625.200,19.9851,20.3273,12.6707,30,0,3.125,2096.25,53.4379,20,77,5.85,1.42,0,7.05882,0,14.2196,3.625,-9.58906,1,10,0,0,1,0,0,0,0,0,190.4
1362,1625.240,20.1552,20.3273,12.6707,30,0,3.125,2102.5,52.8166,20,77,6.46,1.46,0,7.05882,0,14.2196,3.625,-9.58896,1,10,0,0,1,0,0,0,0,0,190.4
1363,1625.280,20.1552,20.3273,12.6707,30,0,3.125,2072.25,52.8166,20,77,7,1.46,0,7.05882,0,14.2196,3.625,-9.58896,1,10,0,0,1,0,0,0,0,0,190.4
1364,1625.320,20.1127,20.3273,12.6707,30,0,3.125,2084.25,52.8166,20,77,7.19,1.46,0,7.05882,0,14.2196,3.625,-9.58887,1,10,0,0,1,0,0,0,0,0,190.4
1365,1625.360,20.1127,20.3273,12.6707,30,0,3.125,2090.75,52.8166,20,77,6.81,1.46,0,7.05882,0,14.2196,3.625,-9.58877,1,10,0,0,1,0,0,0,0,0,190.4
1366,1625.400,20.1552,20.3273,12.6707,30,0,3.125,2069.25,52.8166,20,77,6.91,1.46,0,7.05882,0,14.2196,3.625,-9.58877,1,10,0,0,1,0,0,0,0,0,190.4
1367,1625.440,20.1127,20.3273,12.6707,30,0,3.125,2092,52.8166,20,77,6.11,1.44,0,7.05882,0,14.2196,3.77,-9.58868,1,10,0,0,1,0,0,0,0,0,190.4
1368,1625.480,20.1127,20.3273,12.6707,30,0,3.125,2062.75,52.8166,20,77,6.37,1.46,0,7.05882,0,14.2196,3.77,-9.58859,1,10,0,0,1,0,0,0,0,0,190.4
1369,1625.520,20.0276,20.3273,12.6707,30,0,3.125,2060,52.8166,20,77,6.5,1.46,0,7.05882,0,14.2196,3.77,-9.58859,1,10,0,0,1,0,0,0,0,0,190.4
1370,1625.560,20.0701,20.3273,12.6707,30,0,3.125,2081.25,52.1952,20,77,6.29,1.44,0,7.05882,0,14.2196,3.77,-9.58849,1,10,0,0,1,0,0,0,0,0,190.4
1371,1625.600,20.1959,20.3273,12.6707,30,0,3.125,2054,52.1952,20,77,6.29,1.44,0,7.05882,0,14.2196,3.77,-9.58849,1,10,0,0,1,0,0,0,0,0,188.6
1372,1625.640,20.1552,20.3273,12.6707,30,0,3.125,2067.5,52.1952,20,77,6.5,1.46,.392157,7.05882,2.4963,14.2196,3.77,-9.5884,1,10,0,0,1,0,0,0,0,0,188.6
1373,1625.680,19.9019,20.3273,12.6707,30,0,3.125,2070.5,52.1952,20.5,77,6.91,1.46,2.35294,7.45098,23.0347,14.2196,3.77,-8.76189,1,10,0,0,1,74.902,0,0,0,0,188.6
1374,1625.720,20.1127,20.3273,12.6707,30,0,3.125,2049.25,52.1952,21,77,7.73,1.52,2.7451,8.62745,28.0094,14.2196,3.77,-8.76189,1,10,0,0,1,74.902,0,0,1.792,0,188.6
1375,1625.760,20.1127,20.3273,12.6707,30,0,3.125,2059.5,52.1952,22,77,8.12,1.56,2.7451,9.41177,28.0125,14.2196,3.77,-8.46942,1,10,0,0,3,74.902,0,0,2.048,0,188.6
1376,1625.800,20.1127,20.3273,12.6707,30,0,3.125,2071,51.5738,22.5,77,8.93,1.58,2.7451,9.01961,27.8345,14.2196,3.77,-8.474,1,10,0,0,5,74.902,0,0,2.048,0,188.6
1377,1625.840,19.9444,20.3273,12.6707,30,0,3.125,2071,51.5738,23,77,8.68,1.56,3.13725,9.41177,30.2946,14.2196,3.77,-8.474,1,10,0,0,5,74.902,0,0,2.048,0,188.6
1378,1625.880,20.1552,20.3273,12.6494,30,0,3.125,2059.75,51.5738,23.5,77,9.25,1.6,2.7451,9.80392,27.9426,14.2196,3.915,-8.37311,1,10,0,0,9,74.902,0,0,2.048,0,188.6
1379,1625.920,20.1127,20.3273,12.6494,30,0,3.125,2022.75,51.5738,24.5,77,9.42,1.6,3.13725,9.80392,30.5405,14.2196,4.06,-8.37311,1,10,0,0,12,74.902,0,0,2.304,0,188.6
1380,1625.960,20.0701,20.3273,12.6282,30,0,3.125,2029.25,51.5738,25,77,10.08,1.66,3.92157,9.80392,38.0926,14.2196,4.205,-8.36138,1,10,0,0,15,74.902,0,0,2.304,0,188.6
1381,1626.000,20.1127,20.3273,12.5965,30,0,3.125,2042,51.5738,25.5,77,9.91,1.64,4.70588,10.5882,45.2169,14.2196,4.205,-7.76944,1,10,0,0,15,74.902,0,0,2.304,0,188.6
1382,1626.040,20.0276,20.3273,12.5965,30,0,3.125,2050,51.5738,26.5,77,11.29,1.7,5.09804,10.9804,49.9946,14.2196,4.35,-7.76944,1,10,0,0,16,74.902,0,0,2.304,0,188.6
1383,1626.080,20.1127,20.3273,12.5649,30,0,3.125,2059.25,51.5738,27,77,11.72,1.74,6.66667,11.7647,64.6045,14.2196,4.64,-7.39782,1,10,0,0,16,74.902,0,0,2.56,0,188.6
1384,1626.120,19.9851,20.3273,12.5283,30,0,3.125,2041,51.5738,27.5,77,12.8,1.82,8.23529,13.3333,79.4878,14.2196,4.785,-6.40603,1,10,0,0,16,74.902,0,0,2.56,0,188.6
1385,1626.160,18.9755,20.3273,12.5283,30,0,3.125,2024.25,51.5738,28,77,15.82,1.88,9.01961,14.1176,84.6591,14.2196,5.22,-6.40603,1,10,0,0,16,74.902,0,0,2.816,0,188.6
1386,1626.200,16.8674,20.3273,11.9514,30,0,3.125,2049.75,51.5738,28,77,17.37,1.92,9.80392,14.5098,93.5827,14.2196,5.655,-6.02572,1,10,0,0,16,74.902,0,0,3.328,0,188.6
1387,1626.240,15.7728,20.3273,11.9514,30,0,3.125,2039,51.5738,28,77,18.7,1.96,10.1961,15.2941,95.8686,14.2196,6.09,-6.02572,1,10,0,0,16,74.902,0,0,3.328,0,188.6
1388,1626.280,15.1829,20.3273,11.999,30,0,3.125,2023.25,51.5738,27.5,77,19.89,2,10.1961,15.6863,98.8857,14.2196,6.38,-5.73734,1,10,0,0,17,74.902,0,0,3.584,0,188.6
1389,1626.320,14.9721,19.7531,11.923,30,0,3.125,2039,51.5738,26.5,77,21.07,2.02,10.5882,16.0784,100.949,14.2196,6.815,-5.48105,1,10,0,0,17,74.902,0,0,3.84,0,188.6
1390,1626.360,14.6356,18.375,11.923,30,0,3.125,2023.75,50.9524,25.5,78.8,21.33,2.02,10.1961,16.0784,98.503,14.2196,7.25,-5.48105,1,10,0,0,17,74.902,0,0,4.096,0,188.6
1391,1626.400,14.4248,17.3414,12.0422,30,0,3.125,2011.5,50.9524,25,78.8,21.24,2.02,10.5882,15.6863,101.475,14.2196,7.395,-5.62984,1,10,0,0,17,74.902,0,0,4.096,0,188.6
1392,1626.440,14.4673,16.3078,12.1836,30,0,3.125,2032.5,50.9524,24,78.8,20.82,2.02,10.9804,15.6863,103.445,14.2196,7.685,-5.28953,1,10,0,0,18,74.902,0,0,4.096,0,188.6
1393,1626.480,14.0883,15.2742,12.1836,30,0,3.125,2011.75,50.9524,23.5,78.8,20.73,2.02,10.5882,16.0784,101.278,14.2196,7.685,-5.28953,1,10,0,0,18,74.902,0,0,4.352,0,188.6
1394,1626.520,13.6667,14.5852,13.912,30,0,3.125,2028.25,50.9524,23,78.8,21.16,2.02,10.9804,16.0784,103.775,14.2196,7.83,-5.27245,1,10,0,0,19,74.902,0,0,3.84,0,188.6
1395,1626.560,12.9917,14.1258,13.912,30,-.78125,3.125,2024.5,50.9524,23,78.8,20.9,2.02,10.9804,16.0784,103.594,14.2196,7.975,-5.27245,1,10,0,0,19,74.902,0,0,4.096,0,188.6
1396,1626.600,12.866,13.6664,13.6657,30,-2.34375,3.125,2012.25,50.9524,22.5,78.8,21.33,2.02,10.9804,16.0784,103.817,14.2196,7.975,-5.27664,1,10,0,0,19,74.902,0,0,4.096,0,188.6
1397,1626.640,13.0343,13.207,13.6844,30,-3.90625,3.125,2027,50.9524,22.5,78.8,20.99,2.02,10.9804,16.0784,106.126,14.2196,7.975,-5.0597,1,10,0,0,19,74.902,0,0,3.84,0,188.6
1398,1626.680,13.2451,13.3219,13.6844,30,-4.6875,3.125,2020.5,50.9524,22.5,78.8,21.41,2.04,10.9804,16.0784,103.662,14.2196,8.12,-5.0597,1,10,0,0,19,74.902,0,0,4.096,0,188.6
1399,1626.720,13.4133,13.5516,13.7031,30,-3.125,3.125,2012.25,50.9524,22,78.8,21.24,2.02,10.5882,16.0784,101.456,14.2196,8.12,-5.45651,1,10,0,0,19,74.902,0,0,4.096,0,188.6
1400,1626.760,13.7924,13.7813,13.7155,30,-2.34375,3.125,2025,50.9524,22,78.8,21.07,2.02,10.9804,16.0784,103.865,14.2196,8.12,-5.25319,1,10,0,0,19,74.902,0,0,4.096,0,188.6
1401,1626.800,13.6241,13.8961,13.7155,30,-1.5625,3.125,2022.25,50.9524,22,78.8,21.07,2.02,10.9804,16.0784,105.996,14.2196,8.12,-5.25319,1,10,0,0,19,74.902,0,0,4.096,0,188.6
1402,1626.840,13.8349,14.0109,13.7531,30,-1.5625,3.125,2008,50.9524,22,78.8,21.33,2.02,10.9804,16.0784,106.248,14.2196,8.12,-5.05942,1,10,0,0,19,74.902,0,0,4.096,0,188.6
1403,1626.880,13.9606,14.0109,13.7531,31,-.78125,3.125,2022.75,50.9524,22,78.8,21.75,2.04,10.9804,16.0784,106.162,14.2196,8.265,-5.05942,1,10,0,0,19,74.902,0,0,4.096,0,188.6
1404,1626.920,13.7073,13.8961,13.7783,31,-.78125,3.125,2015,50.9524,22,78.8,21.84,2.04,11.3725,16.0784,108.483,14.2196,8.265,-5.07137,1,10,0,0,19,74.902,0,0,4.096,0,188.6
1405,1626.960,13.7924,13.8961,13.7909,31,-.78125,3.125,2008.75,50.9524,21.5,78.8,22.43,2.06,11.7647,16.4706,110.944,14.2196,8.265,-4.65632,1,10,0,0,19,74.902,0,0,4.096,0,188.6
1406,1627.000,13.7073,13.7813,13.7909,31,-.78125,3.125,2019.5,50.9524,21.5,78.8,22.09,2.06,11.7647,16.8627,113.24,14.2196,8.41,-4.65632,1,10,0,0,19,74.902,0,0,4.096,0,188.6
1407,1627.040,13.3708,13.7813,13.7973,31,-.78125,3.125,2009.25,50.9524,21.5,78.8,22.97,2.08,12.1569,16.8627,115.545,14.2196,8.41,-4.45881,1,10,0,0,19,74.902,0,0,4.352,0,188.6
1408,1627.080,13.539,13.7813,13.7909,31,-.78125,3.125,2014,50.9524,21,78.8,22.88,2.08,12.1569,16.8627,115.581,14.2196,8.555,-4.24948,1,10,0,0,19,74.902,0,0,4.352,0,188.6
1409,1627.120,13.4984,13.7813,13.7909,31,-.78125,3.125,2016.5,50.9524,21,78.8,23.3,2.08,12.1569,16.8627,115.673,14.2196,8.7,-4.24948,1,10,0,0,19,74.902,0,0,4.352,0,188.6
1410,1627.160,13.6667,13.8961,13.7909,31,0,2.34375,2005.75,50.9524,21,77,23.46,2.08,12.1569,16.8627,115.552,14.2196,8.7,-4.23841,1,10,0,0,19,74.902,0,0,4.352,0,188.6
1411,1627.200,14.214,13.8961,13.7909,31,0,2.34375,2006,50.9524,20.5,77,23.55,2.1,12.1569,17.2549,115.694,14.2196,8.845,-4.23841,1,10,0,0,19,74.902,0,0,4.352,0,188.6
1412,1627.240,13.7924,13.8961,13.7973,31,0,2.34375,2009.25,50.9524,20.5,77,23.55,2.08,12.1569,17.2549,115.648,14.2196,8.845,-4.2397,1,8,0,0,19,74.902,0,0,4.352,0,188.6
1413,1627.280,13.7924,13.8961,13.7973,31,.78125,2.34375,2005,50.9524,20.5,77,23.63,2.08,12.1569,17.2549,115.529,14.2196,8.99,-4.25373,1,8,0,0,19,74.902,0,0,4.608,0,188.6
1414,1627.320,13.7498,13.7813,13.7973,31,.78125,2.34375,1998.5,50.9524,20.5,77,23.3,2.08,12.1569,17.2549,115.802,14.2196,8.99,-4.25373,1,8,0,0,19,74.902,0,0,4.608,0,188.6
1415,1627.360,13.5816,13.7813,13.8162,31,0,2.34375,2015.5,50.9524,20.5,77,23.22,2.08,12.1569,16.8627,115.553,14.2196,8.99,-4.24099,1,8,0,0,19,74.902,0,0,4.608,0,188.6
1416,1627.400,13.7498,13.7813,13.8353,31,0,2.34375,2000.5,50.9524,20.5,77,22.97,2.08,12.1569,16.8627,115.608,14.2196,8.99,-4.24683,1,8,0,0,19,74.902,0,0,4.352,0,188.6
1417,1627.440,13.7073,13.6664,13.8353,31,0,2.34375,2000.75,50.9524,20.5,77,22.97,2.08,12.1569,16.8627,115.768,14.2196,8.99,-4.24683,1,8,0,0,19,74.902,0,0,4.608,0,188.6
1418,1627.480,13.539,13.6664,13.8672,31,0,2.34375,2011.25,50.9524,20.5,77,22.88,2.08,12.549,16.8627,117.971,14.2196,8.99,-4.24906,1,8,0,0,18,74.902,0,0,4.352,0,188.6
1419,1627.520,13.6667,13.6664,13.8672,31,0,2.34375,2002.75,50.9524,20.5,77,23.05,2.08,12.1569,16.8627,115.619,14.2196,8.99,-4.24906,1,8,0,0,19,74.902,0,0,4.352,0,188.6
1420,1627.560,13.539,13.5516,13.8863,31,0,2.34375,2000,50.9524,20.5,77,22.8,2.08,12.549,16.8627,118.129,14.2196,8.99,-4.23558,1,8,0,0,19,74.902,0,0,4.352,0,188.6
1421,1627.600,13.3708,13.5516,13.9056,31,0,2.34375,2008.75,50.9524,20.5,77,22.97,2.06,12.549,17.2549,118.007,14.2196,8.99,-4.02864,1,8,0,0,19,74.902,0,0,4.352,0,188.6
1422,1627.640,13.539,13.5516,13.9056,31,-.78125,2.34375,2001.75,50.9524,20.5,77,23.38,2.08,12.549,17.2549,117.962,14.2196,8.99,-4.02864,1,8,0,0,19,74.902,0,0,4.352,0,188.6
1423,1627.680,13.539,13.5516,13.9249,31,-.78125,2.34375,1997,50.9524,20.5,77,23.46,2.1,12.549,17.2549,120.518,14.2196,8.99,-3.8315,1,8,0,0,19,74.902,0,0,4.352,0,188.6
1424,1627.720,13.539,13.6664,13.9313,31,0,2.34375,2011,50.9524,20.5,77,23.96,2.1,12.9412,17.6471,122.69,14.2196,8.99,-3.64003,1,8,0,0,19,74.902,0,0,4.352,0,188.6
1425,1627.760,13.5816,13.6664,13.9313,31,0,2.34375,1998,50.9524,20,77,24.55,2.12,13.3333,18.0392,127.447,14.2196,9.135,-3.64003,1,8,0,0,19,74.902,0,0,4.608,0,188.6
1426,1627.800,13.6667,13.7813,13.9313,31,.78125,2.34375,1997.5,50.9524,20,77,25.08,2.12,13.7255,18.0392,129.908,14.2196,9.135,-3.03512,1,8,0,0,18,74.902,0,0,4.608,0,188.6
1427,1627.840,13.7924,13.8961,13.9313,31,.78125,2.34375,2012,50.9524,19.5,77,26.46,2.16,14.5098,18.8235,136.828,14.2196,9.28,-3.03512,1,8,0,0,18,74.902,0,0,4.608,0,188.6
1428,1627.880,13.7073,14.0109,13.912,31,1.5625,2.34375,1997.75,50.9524,19,77,27.37,2.16,14.902,18.8235,139.167,14.2196,9.57,-2.42919,1,8,0,0,19,74.902,0,0,4.864,0,188.6
1429,1627.920,13.7924,14.0109,13.8672,31,2.34375,2.34375,1992.75,50.9524,19,77,27.81,2.18,15.2941,19.2157,144.062,14.2196,9.715,-2.01989,1,8,0,0,18,74.902,0,0,4.864,0,188.6
1430,1627.960,13.9181,14.1258,13.8672,31,2.34375,2.34375,2012,50.9524,18.5,77,28.78,2.22,15.6863,19.6078,146.261,14.2196,9.86,-2.01989,1,8,0,0,18,74.902,0,0,5.12,0,188.6
1431,1628.000,13.9181,14.1258,13.8353,31,3.125,2.34375,1997.75,50.9524,18,77,29.32,2.22,15.6863,20,148.64,14.2196,10.15,-1.61413,1,8,0,0,18,74.902,0,0,5.12,0,188.6
1432,1628.040,14.2565,14.1258,13.8036,31,3.90625,2.34375,2001.25,50.9524,17.5,77,29.54,2.22,16.0784,20.3922,151.011,14.2196,10.295,-1.21442,1,8,0,0,17,74.902,0,0,5.376,0,188.6
1433,1628.080,14.2565,14.0109,13.8036,31,3.90625,2.34375,2006,50.9524,17.5,77,29.75,2.24,16.4706,20.3922,153.349,14.2196,10.44,-1.21442,1,8,0,0,17,74.902,0,0,5.376,0,188.6
1434,1628.120,14.1714,13.7813,13.7909,31,3.125,2.34375,2001.75,50.9524,17,77,29.97,2.22,16.0784,20.3922,150.985,14.2196,10.585,-1.20947,1,8,0,0,17,74.902,0,0,5.376,0,188.6
1435,1628.160,14.0457,13.6664,13.7909,31,3.125,1.5625,2000.25,50.9524,17,77,29.65,2.22,16.4706,20.3922,153.362,14.2196,10.73,-1.20947,1,8,0,0,16,74.902,0,0,5.376,0,188.6
1436,1628.200,14.0032,13.5516,13.7783,31,2.34375,1.5625,2008,50.9524,16.5,77,29.54,2.22,16.4706,20.3922,153.343,14.2196,10.73,-1.01502,1,8,0,0,15,74.902,0,0,5.376,0,188.6
1437,1628.240,13.8349,13.4367,13.7846,31,1.5625,1.5625,2001.25,50.9524,16.5,77,29.33,2.22,16.4706,20.7843,153.337,14.2196,10.875,-1.01503,1,8,0,0,16,74.902,0,0,5.376,0,188.6
1438,1628.280,13.6667,13.3219,13.7846,32,1.5625,1.5625,2000.75,50.9524,16.5,77,29.65,2.22,16.4706,20.7843,153.359,14.2196,10.875,-1.01503,1,8,0,0,15,74.902,0,0,5.376,0,188.6
1439,1628.320,13.7073,13.3219,13.7973,32,.78125,1.5625,2010.25,50.9524,16.5,77,29.86,2.22,16.4706,20.7843,153.336,14.2196,10.875,-1.01527,1,8,0,0,15,74.902,0,0,5.376,0,188.6
1440,1628.360,13.539,13.3219,13.8162,32,0,1.5625,2005.75,50.9524,16.5,77,29.97,2.24,16.4706,20.7843,153.336,14.2196,10.875,-1.01493,1,8,0,0,15,74.902,0,0,5.376,0,188.6
1441,1628.400,13.3282,13.3219,13.8162,32,0,1.5625,2006.75,50.9524,16.5,77,30.19,2.22,16.0784,20.7843,150.988,14.2196,10.875,-1.01493,1,8,0,0,15,74.902,0,0,5.376,0,188.6
1442,1628.440,13.539,13.3219,13.8353,32,0,1.5625,2004.75,50.9524,16,77,30.08,2.22,15.6863,20.3922,148.641,14.2196,11.02,-1.20818,1,8,0,0,15,74.902,0,0,5.376,0,188.6
1443,1628.480,13.5816,13.4367,13.8353,32,-.78125,1.5625,2010.25,50.9524,16.5,77,28.57,2.2,15.6863,20,148.584,14.2196,10.875,-1.20818,1,8,0,0,15,74.902,0,0,5.376,0,188.6
1444,1628.520,13.0768,13.3219,13.8608,32,-.78125,1.5625,1994.5,50.9524,16.5,77,28.67,2.2,15.6863,20,146.38,14.2196,10.875,-1.41878,1,8,0,0,15,74.902,0,0,5.376,0,188.6
1445,1628.560,13.2876,13.4367,13.8928,32,-1.5625,.78125,2018.25,50.9524,16.5,77,28.67,2.2,14.902,19.6078,141.498,14.2196,10.875,-2.01847,1,8,0,0,15,74.902,0,0,5.376,0,188.6
1446,1628.600,13.2451,13.4367,13.8928,32,-1.5625,.78125,2005.25,50.9524,16.5,77,27.87,2.18,14.902,19.2157,139.125,14.2196,10.875,-2.01847,1,8,0,0,15,74.902,0,0,5.12,0,188.6
1447,1628.640,13.1174,13.3219,13.9378,32,-2.34375,.78125,2016.75,50.9524,17,77,27.76,2.18,14.902,19.2157,139.274,14.2196,10.73,-2.22379,1,8,0,0,16,74.902,0,0,5.12,0,188.6
1448,1628.680,13.2025,13.3219,13.9766,32,-2.34375,.78125,2020,50.9524,17,77,27.65,2.18,14.5098,19.2157,136.754,14.2196,10.73,-2.43462,1,8,0,0,15,74.902,0,0,5.12,0,188.6
1449,1628.720,13.3282,13.3219,13.9766,32,-3.125,.78125,2008.25,50.9524,17,77,27.65,2.18,14.1176,18.8235,132.034,14.2196,10.585,-2.43462,1,8,0,0,16,74.902,0,0,5.12,0,188.6
1450,1628.760,13.3708,13.4367,14.0091,32,-3.125,.78125,2013.25,50.9524,17.5,77,26.65,2.16,13.7255,18.0392,129.811,14.2196,10.585,-3.04199,1,8,0,0,16,74.902,0,0,5.12,0,188.6
1451,1628.800,13.4133,13.4367,14.0091,32,-3.125,.78125,2024.25,50.9524,17.5,77,25.58,2.12,14.1176,18.0392,134.353,14.2196,10.44,-3.04199,1,8,0,0,15,74.902,0,0,4.864,0,188.6
1452,1628.840,13.539,13.5516,14.0615,32,-2.34375,.78125,2004.25,50.9524,18,77,25.84,2.14,14.1176,18.4314,132.168,14.2196,10.295,-2.64017,1,8,0,0,16,74.902,0,0,4.864,0,188.6
1453,1628.880,13.6241,13.6664,14.1076,32,-2.34375,.78125,2022,50.9524,18,77,26.38,2.16,14.1176,18.4314,132.125,14.2196,10.15,-2.83088,1,8,0,0,16,74.902,0,0,4.864,0,188.6
1454,1628.920,13.5816,13.6664,14.1076,32,-2.34375,.78125,2021.25,50.9524,18,77,27.16,2.16,14.1176,18.4314,132.01,14.2196,10.15,-2.83088,1,8,0,0,15,74.902,0,0,4.864,0,188.6
1455,1628.960,13.6667,13.7813,14.1208,32,-2.34375,.78125,2004.5,50.9524,18,77,26.92,2.14,13.3333,18.4314,127.458,14.2196,10.15,-3.02612,1,8,0,0,16,74.902,0,0,4.864,0,188.6
1456,1629.000,13.7498,13.7813,14.1275,32,-1.5625,.78125,2022.25,50.9524,18,77,26.25,2.14,13.3333,18.4314,127.369,14.2196,10.15,-3.23798,1,8,0,0,16,74.902,0,0,4.864,0,188.6
1457,1629.040,13.8775,14.0109,14.1275,32,-.78125,.78125,2009.75,50.9524,18,77,25.85,2.14,13.3333,18.0392,127.403,14.2196,10.15,-3.23798,1,8,0,0,16,74.902,0,0,4.864,0,188.6
1458,1629.080,14.0457,14.0109,14.1407,32,0,.78125,2010,50.9524,18.5,77,25.44,2.14,13.3333,18.0392,127.398,14.2196,10.15,-3.23653,1,8,0,0,17,74.902,0,0,4.864,0,188.6
1459,1629.120,14.0032,14.0109,14.1407,32,0,.78125,2017.5,50.9524,18.5,77,25.18,2.14,13.3333,18.0392,127.419,14.2196,10.15,-3.23653,1,8,0,0,17,74.902,0,0,4.864,0,188.6
1460,1629.160,13.7924,14.0109,14.1607,32,.78125,0,2012.25,50.9524,18.5,77,25.44,2.14,13.3333,18.0392,127.373,14.2196,10.005,-3.24241,1,8,0,0,16,74.902,0,0,4.864,0,188.6
1461,1629.200,13.9606,14.0109,14.1874,32,.78125,0,2010,50.9524,18.5,77,25.71,2.14,13.3333,18.0392,127.397,14.2196,10.005,-3.24183,1,8,0,0,17,74.902,0,0,4.864,0,188.6
1462,1629.240,13.7924,14.0109,14.1874,32,.78125,0,2011.5,50.9524,18.5,77,25.71,2.14,13.3333,18.0392,125.113,14.2196,10.005,-3.24183,1,8,0,0,17,74.902,0,0,4.864,0,188.6
1463,1629.280,13.7073,14.0109,14.2008,32,1.5625,0,2014.25,50.9524,19,77,25.84,2.14,13.3333,18.0392,124.989,14.2196,10.005,-3.43869,1,8,0,0,17,74.902,0,0,4.864,0,188.6
1464,1629.320,13.9606,14.0109,14.2008,32,1.5625,0,2008.25,50.9524,18.5,77,25.98,2.14,13.3333,18.0392,125.059,14.2196,10.005,-3.43554,1,8,0,0,17,74.902,0,0,4.864,0,188.6
1465,1629.360,13.8349,14.0109,14.2008,32,2.34375,0,2014.25,50.9524,19,77,25.22,2.14,13.3333,18.0392,127.496,14.2196,10.005,-3.43554,1,8,0,0,17,74.902,0,0,4.864,0,188.6
1466,1629.400,13.6241,14.0109,14.2075,32,2.34375,0,2021.75,50.9524,19,77,25.36,2.14,13.7255,18.0392,129.635,14.2196,10.005,-3.2332,1,8,0,0,17,74.902,0,0,4.864,0,188.6
1467,1629.440,13.8349,14.0109,14.2075,32,2.34375,0,2003.75,50.9524,19,77,25.89,2.16,14.1176,18.4314,134.519,14.2196,10.005,-3.2332,1,8,0,0,18,74.902,0,0,4.864,0,188.6
1468,1629.480,13.8349,13.8961,14.2142,32,3.125,0,2020.25,50.9524,18.5,77,27.11,2.16,14.902,18.8235,139.198,14.2196,10.005,-2.4239,1,8,0,0,18,74.902,0,0,4.864,0,188.6
1469,1629.520,13.9181,13.8961,14.2075,32,3.125,0,2005.5,50.9524,18.5,77,27.91,2.18,14.902,19.2157,141.483,14.2196,10.005,-2.02892,1,8,0,0,17,74.902,0,0,4.864,0,188.6
1470,1629.560,13.8775,14.0109,14.2075,32,3.90625,-2.34375,2012,50.9524,18,77,28.56,2.2,14.902,19.6078,141.524,14.2196,10.15,-2.02892,1,8,0,0,17,74.902,0,0,4.864,0,188.6
1471,1629.600,14.0457,14.1258,14.1807,32,4.6875,-2.34375,2022.25,50.9524,18,77,29.11,2.2,14.902,19.6078,141.46,14.2196,10.295,-1.8316,1,8,0,0,17,74.902,0,0,5.12,0,186.8
1472,1629.640,14.2972,14.2406,14.1474,32,6.25,-2.34375,2014,50.9524,17.5,77,29.11,2.2,14.1176,19.6078,134.387,14.2196,10.295,-2.6365,1,8,0,0,16,74.902,0,0,5.12,0,186.8
1473,1629.680,14.0883,14.2406,14.1474,32,6.25,-2.34375,2015.25,50.9524,17.5,77,28.57,2.18,13.3333,18.8235,124.975,14.2196,10.44,-2.6365,1,8,0,0,17,74.902,0,0,5.12,0,186.8
1474,1629.720,13.9181,14.2406,14.1341,32,7.03125,-2.34375,2015.75,50.9524,17.5,77,26.58,2.14,12.549,17.6471,120.243,14.2196,10.44,-3.64897,1,8,0,0,17,74.902,0,0,5.12,0,186.8
1475,1629.760,13.8775,14.1258,14.1341,32,7.03125,-2.34375,2016.75,50.9524,18,77,24.27,2.1,12.9412,17.6471,122.482,14.2196,10.295,-3.64897,1,8,0,0,16,74.902,0,0,5.12,0,186.8
1476,1629.800,13.4559,13.8961,14.1673,32,6.25,-2.34375,2005.5,50.9524,18.5,77,24.48,2.12,12.9412,17.6471,122.731,14.2196,10.295,-3.64634,1,8,0,0,16,74.902,0,0,4.864,0,186.8
1477,1629.840,13.2876,13.5516,14.2142,32,5.46875,-2.34375,2022.25,50.9524,18.5,77,24.53,2.1,12.9412,17.6471,122.523,14.2196,10.15,-3.63735,1,8,0,0,16,74.902,0,0,4.864,0,186.8
1478,1629.880,13.0343,13.207,14.2142,32,3.90625,-2.34375,2012.75,50.9524,19,77,24.27,2.1,13.3333,17.6471,124.919,14.2196,10.005,-3.63735,1,8,0,0,15,74.902,0,0,4.608,0,186.8
1479,1629.920,12.7809,13.207,14.2748,32,3.125,-2.34375,2012.25,50.9524,19,77,24.31,2.12,12.9412,17.6471,122.647,14.2196,10.005,-3.44016,1,8,0,0,16,74.902,0,0,4.608,0,186.8
1480,1629.960,13.16,13.207,14.2748,32,3.125,-2.34375,2022.75,50.9524,19,77,24.96,2.12,12.9412,17.6471,122.517,14.2196,9.86,-3.65265,1,8,0,0,17,74.902,0,0,4.608,0,186.8
1481,1630.000,13.3282,13.3219,14.2748,32,3.125,-2.34375,2008.75,50.9524,19,77,24.7,2.12,12.549,17.6471,120.175,14.2196,9.86,-3.65265,1,8,0,0,16,74.902,0,0,4.608,0,186.8
1482,1630.040,13.3708,13.5516,14.2748,32,3.90625,-2.34375,2027.75,50.9524,19.5,77,25.22,2.12,12.549,17.6471,117.852,14.2196,9.86,-4.05892,1,8,0,0,17,74.902,0,0,4.608,0,186.8
1483,1630.080,13.8349,13.7813,14.2748,32,4.6875,-2.34375,2018.75,50.9524,19.5,77,24.82,2.1,12.549,17.2549,117.836,14.2196,9.86,-4.05892,1,8,0,0,17,74.902,0,0,4.608,0,186.8
1484,1630.120,13.9181,14.0109,14.2748,32,5.46875,-2.34375,2015.75,50.9524,19.5,77,24.66,2.12,12.549,17.2549,117.724,14.2196,9.86,-4.05341,1,8,0,0,17,74.902,0,0,4.608,0,186.8
1485,1630.160,14.3397,14.0109,14.2748,32,6.25,-2.34375,2023,50.9524,19.5,77,24.24,2.1,12.549,17.2549,120.301,14.2196,9.715,-3.84228,1,8,0,0,17,74.902,0,0,4.608,0,186.8
1486,1630.200,14.1289,14.0109,14.2748,32,6.25,-2.34375,2029,50.9524,19.5,77,24.87,2.1,12.549,17.2549,117.692,14.2196,9.715,-3.84228,1,8,0,0,18,74.902,0,0,4.608,0,186.8
1487,1630.240,14.1714,14.0109,14.2748,32,6.25,-2.34375,2010.5,50.9524,19.5,77,23.73,2.1,12.549,17.2549,117.948,14.2196,9.715,-4.05191,1,8,0,0,17,74.902,0,0,4.608,0,186.8
1488,1630.280,14.2565,13.8961,14.2884,32,6.25,-2.34375,2031.25,50.9524,19.5,77,24.32,2.1,12.549,17.2549,120.177,14.2196,9.715,-3.85278,1,8,0,0,18,74.902,0,0,4.608,0,186.8
1489,1630.320,13.9181,13.7813,14.2884,32,6.25,-2.34375,2026.25,50.9524,20,77,24.24,2.1,12.549,17.2549,120.101,14.2196,9.715,-3.85278,1,8,0,0,18,74.902,0,0,4.608,0,186.8
1490,1630.360,14.0883,13.7813,14.2884,32,6.25,-2.34375,2018,50.9524,20,77,24.44,2.12,12.549,17.2549,117.844,14.2196,9.57,-4.05602,1,8,0,0,18,74.902,0,0,4.608,0,186.8
1491,1630.400,14.0457,13.7813,14.2884,32,6.25,-2.34375,2029.75,50.9524,20,77,24.71,2.12,12.549,17.2549,117.758,14.2196,9.57,-4.05602,1,8,0,0,18,74.902,0,0,4.608,0,186.8
1492,1630.440,13.7924,13.7813,14.2748,32,6.25,-2.34375,2023.25,50.9524,19.5,77,24.53,2.12,11.7647,17.2549,113.035,14.2196,9.57,-4.06645,1,8,0,0,19,74.902,0,0,4.608,0,186.8
1493,1630.480,14.0032,13.7813,14.2748,32,7.03125,-2.34375,2020.5,50.9524,20,77,24.07,2.08,10.9804,16.8627,105.981,14.2196,9.57,-5.08779,1,8,0,0,18,74.902,0,0,4.608,0,186.8
1494,1630.520,13.9181,13.7813,14.2748,32,7.03125,-2.34375,2025.25,50.9524,20,77,22.07,2.02,10.1961,15.2941,96.5935,14.2196,9.57,-5.08779,1,8,0,0,18,74.902,0,0,4.608,0,186.8
1495,1630.560,14.0032,13.7813,14.2952,32,7.03125,-1.5625,2018,50.9524,20.5,77,20.18,1.98,9.41177,14.902,89.2222,14.2196,9.28,-5.8104,1,8,0,0,19,74.902,0,0,4.352,0,186.8
1496,1630.600,13.9606,13.6664,15.083,32,7.03125,-1.5625,2015.75,50.9524,21,77,19.49,1.96,8.23529,14.5098,80.0844,14.2196,8.99,-6.37755,1,8,0,0,18,74.902,0,0,4.096,0,186.8
1497,1630.640,14.0457,13.5516,15.083,32,6.25,-1.5625,2024.5,50.9524,21.5,77,18.67,1.92,5.88235,13.3333,57.7467,14.2196,8.7,-6.37755,1,8,0,0,18,74.902,0,0,3.84,0,186.8
1498,1630.680,13.8349,13.3219,15.3365,32,5.46875,-1.5625,2018.25,50.9524,22.5,77,15.39,1.82,.784314,10.9804,25.8191,14.2196,8.265,-8.25826,1,8,0,0,19,74.902,0,0,3.84,0,186.8
1499,1630.720,13.7073,13.3219,15.3365,32,4.6875,-1.5625,2011.5,50.9524,23.5,77,12.15,1.7,0,9.41177,24.2826,14.2196,7.54,-8.25826,1,8,0,0,18,74.902,0,0,3.072,0,186.8
1500,1630.760,13.6667,13.3219,19.0904,32,4.6875,-1.5625,2024.25,50.9524,25,77,10.22,1.62,0,9.01961,0,14.2196,6.96,-8.62323,1,8,0,0,15,0,0,0,3.328,0,186.8
1501,1630.800,13.6241,13.207,17.213,32,4.6875,-1.5625,2017.25,50.9524,25.5,77,9.29,1.58,0,7.84314,0,14.2196,6.38,-9.58295,1,8,0,0,11,0,0,0,2.816,0,186.8
1502,1630.840,13.3708,13.207,17.213,32,4.6875,-1.5625,2009.5,50.9524,25.5,77,8.49,1.54,0,7.45098,0,14.2196,5.945,-9.58295,1,8,0,0,5,0,0,0,2.56,0,186.8
1503,1630.880,13.539,13.207,16.6698,32,3.90625,-1.5625,2036.75,50.9524,25.5,77,7.92,1.52,0,7.05882,0,14.2196,5.51,-9.5829,1,8,0,0,1,0,0,0,2.56,0,186.8
1504,1630.920,13.4984,13.0922,15.8367,32,3.90625,-1.5625,2080.75,50.9524,17.5,77,7.69,1.48,0,7.05882,0,14.2196,5.22,-9.58286,1,8,0,0,1,0,0,0,2.304,0,186.8
1505,1630.960,13.3282,12.9773,15.8367,32,3.90625,-.78125,2116.75,50.9524,17,77,7.19,1.48,0,7.05882,0,14.2196,4.93,-9.58286,1,8,0,0,0,0,0,0,2.304,0,186.8
1506,1631.000,13.2451,12.8625,15.4626,32,3.125,-.78125,2127.5,50.9524,16,77,6.63,1.46,0,7.05882,0,14.2196,4.64,-9.58281,1,8,0,0,0,0,0,0,2.304,0,186.8
1507,1631.040,12.9917,12.7477,15.4626,32,3.125,-.78125,2138.5,50.9524,15.5,77,6.81,1.46,0,7.05882,0,14.2196,4.495,-9.58281,1,8,0,0,0,0,0,0,2.048,0,186.8
1508,1631.080,12.7809,12.7477,14.2748,32,2.34375,-.78125,2156.25,50.9524,15,77,7.19,1.48,0,7.05882,0,14.2196,4.35,-9.58276,1,8,0,0,0,0,0,0,0,0,186.8
1509,1631.120,12.7809,12.6328,14.2748,32,2.34375,-.78125,2123,50.9524,14.5,77,7.58,1.48,0,6.66667,0,14.2196,4.205,-9.58272,1,8,0,0,1,0,0,0,0,0,186.8
1510,1631.160,12.6977,12.7477,14.2748,32,1.5625,-.78125,2108.25,50.9524,13.5,77,7,1.44,0,6.27451,0,14.2196,4.06,-9.58272,1,8,0,0,1,0,0,0,0,0,186.8
1511,1631.200,12.7384,12.8625,14.2748,32,1.5625,-.78125,2072,50.9524,13,77,6.07,1.42,0,6.27451,0,14.2196,3.915,-9.58267,1,8,0,0,1,0,0,0,0,0,186.8
1512,1631.240,12.7809,13.207,14.2748,32,2.34375,-.78125,2039.5,50.9524,12.5,77,5.54,1.38,0,5.88235,0,14.2196,3.915,-9.58263,1,8,0,0,1,0,0,0,0,0,186.8
1513,1631.280,13.5816,13.5516,14.2748,32,3.125,-.78125,1994.25,50.9524,12.5,77,5.48,1.38,0,5.88235,0,14.2196,3.77,-9.58263,1,8,0,0,1,0,0,0,0,0,186.8
1514,1631.320,14.1714,14.0109,14.2748,32,3.90625,-.78125,1923,50.9524,12.5,77,5.17,1.34,0,5.88235,0,14.2196,3.77,-9.48803,1,8,0,0,1,0,0,0,0,0,186.8
1515,1631.360,14.4248,14.3555,14.2748,32,4.6875,-1.5625,1878,50.9524,12.5,77,4.89,1.34,0,5.4902,0,14.2196,3.77,-9.48803,1,8,0,0,1,0,0,0,0,0,186.8
1516,1631.400,14.8039,14.9297,14.2748,32,6.25,-1.5625,1825.5,50.9524,12.5,77,4.89,1.34,0,5.09804,0,14.2196,3.77,-9.28145,1,8,0,0,1,0,0,0,0,0,186.8
1517,1631.440,15.268,15.7336,14.2748,32,8.59375,-1.5625,1780.5,50.9524,12.5,77,4.73,1.32,0,5.09804,0,14.2196,3.625,-9.06983,1,8,0,0,1,0,0,0,0,0,186.8
1518,1631.480,16.0668,16.4227,14.2748,32,10.1563,-1.5625,1733.5,50.9524,11.5,77,4.6,1.32,0,4.70588,0,14.2196,3.625,-9.06983,1,8,0,0,1,0,0,0,1.792,0,186.8
1519,1631.520,16.6566,17.1117,14.2748,32,12.5,-1.5625,1649.75,50.9524,10,77,4.21,1.28,0,4.31373,0,14.2196,3.625,-8.84022,1,8,0,0,1,0,0,0,1.792,0,186.8
1520,1631.560,16.8674,17.6859,14.2748,32,14.0625,-1.5625,1619,50.3311,9,77,3.93,1.28,0,4.31373,0,14.2196,3.625,-8.69478,1,8,0,0,1,0,0,0,1.792,0,186.8
1521,1631.600,18.0066,17.9156,14.2748,32,15.625,-1.5625,1600.5,50.3311,16,77,4.25,1.28,0,4.31373,0,14.2196,3.625,-8.69478,1,8,0,0,1,0,0,0,1.792,0,186.8
1522,1631.640,18.0472,17.6859,14.2748,32,15.625,-1.5625,1558,50.3311,16,77,3.93,1.26,0,4.31373,0,14.2196,3.625,-8.59619,1,8,0,0,1,0,0,0,1.792,0,186.8
1523,1631.680,17.8789,17.4562,14.2748,32,16.4063,-1.5625,1547.25,50.3311,15.5,77,4.07,1.28,0,4.31373,0,14.2196,3.625,-8.59619,1,8,0,0,1,0,0,0,1.792,0,186.8
1524,1631.720,17.585,16.7672,14.2748,32,15.625,-1.5625,1525.25,50.3311,15.5,77,4.1,1.28,0,4.31373,0,14.2196,3.625,-8.59614,1,8,0,0,1,0,0,0,1.792,0,186.8
1525,1631.760,17.1633,16.193,14.2748,32,15.625,-1.5625,1495.75,50.3311,15,77,3.95,1.26,0,4.31373,0,14.2196,3.625,-8.5961,1,8,0,0,1,0,0,0,1.792,0,186.8
1526,1631.800,16.8674,15.3891,14.2748,32,14.0625,-1.5625,1455.25,50.3311,14.5,77,3.89,1.26,0,4.31373,0,14.2196,3.625,-8.5961,1,8,0,0,1,0,0,0,1.792,0,186.8
1527,1631.840,16.6992,14.7,14.2748,32,12.5,-1.5625,1423.5,50.3311,14.5,77,4.25,1.32,0,5.4902,0,14.2196,3.625,-8.59606,1,8,0,0,1,0,0,0,1.792,0,186.8
1528,1631.880,16.0668,14.3555,14.2748,32,11.7188,-1.5625,1381,50.3311,14,77,5.13,1.36,7.45098,5.88235,82.8609,14.2196,3.625,-6.09649,1,8,0,0,1,74.902,0,0,1.792,0,186.8
1529,1631.920,15.268,13.8961,14.2748,32,10.9375,-1.5625,1345,50.3311,14.5,77,8.8,1.72,35.2941,18.0392,198.971,14.2196,3.77,-6.09649,1,8,0,0,1,74.902,0,0,1.792,0,186.8
1530,1631.960,14.4248,13.7813,14.2748,32,10.9375,-1.5625,1335.5,50.3311,15,77,20.1,2.5,62.3529,30.5882,203.026,14.2196,6.525,2.36683,1,8,0,0,1,74.902,0,0,3.072,0,186.8
1531,1632.000,14.0032,13.6664,14.2748,32,10.9375,-1.5625,1326,50.3311,16,77,49.58,2.58,80,33.7255,202.173,14.2196,11.89,2.36683,1,8,0,0,2,74.902,0,0,4.864,0,186.8
1532,1632.040,13.4984,13.4367,10.7099,32,10.1563,-1.5625,1535.75,50.3311,6,77,43.72,2.48,84.7059,47.8431,248.359,14.2196,13.63,2.30374,1,8,0,0,1,74.902,0,0,6.4,0,186.8
1533,1632.080,13.2025,13.4367,12.0519,32,8.59375,-1.5625,1741.75,50.3311,6.5,77,42.39,2.38,81.5686,93.7255,244.656,14.2196,14.355,3.00669,1,8,0,0,3,74.902,0,0,6.656,0,186.8
1534,1632.120,14.0883,13.7813,12.0519,32,0,-1.5625,2050.25,50.3311,7.5,77,39.91,2.46,59.2157,74.902,251.011,14.2196,14.5,3.00669,1,8,0,0,3,74.902,0,0,6.4,0,186.8
1535,1632.160,15.2255,14.2406,12.5023,32,3.125,-2.34375,2393,50.3311,8,77,42.74,2.5,16.4706,47.451,155.18,14.2196,14.355,4.92229,1,8,0,0,5,74.902,0,0,6.656,0,186.8
1536,1632.200,14.508,14.7,13.7155,32,0,-2.34375,2809,49.7097,-2,77,38.6,2.28,0,19.6078,0,14.2196,12.905,-9.55999,1,8,0,0,6,0,0,0,6.144,0,186.8
1537,1632.240,13.2876,14.3555,13.7155,32,0,-2.34375,3045.5,49.7097,-.5,77,17.35,1.84,0,9.80392,0,14.2196,9.86,-9.55999,1,8,0,0,7,0,0,0,5.12,0,186.8
1538,1632.280,12.8234,13.8961,15.2356,32,-.78125,-2.34375,3217.75,49.7097,1.5,77,10.3,1.64,0,9.01961,0,14.2196,7.685,-8.7531,1,8,0,0,2,0,0,0,3.84,0,186.8
1539,1632.320,11.9802,13.4367,15.2356,32,-.78125,-2.34375,3374,49.7097,3.5,77,9.26,1.62,0,8.62745,0,14.2196,6.235,-8.7531,1,8,0,0,0,0,0,0,3.072,0,186.8
1540,1632.360,11.2646,13.0922,16.8376,32,-.78125,-1.5625,3497,49.7097,4,77,9.36,1.6,0,8.62745,0,14.2196,5.365,-8.59573,1,8,0,0,0,0,0,0,2.304,0,186.8
1541,1632.400,10.8005,12.7477,17.1055,32,-1.5625,-1.5625,3709.5,49.7097,3.5,77,9.49,1.6,0,8.62745,0,14.2196,4.495,-8.59569,1,8,0,0,1,0,0,0,2.048,0,186.8
1542,1632.440,10.7579,12.2883,17.1055,32,-1.5625,-1.5625,3882.75,49.0883,3,77,9.42,1.62,0,9.41177,0,14.2196,3.77,-8.59569,1,8,0,0,1,0,0,0,1.792,0,186.8
1543,1632.480,10.7579,11.9437,16.2382,32,-2.34375,-1.5625,4106.25,49.0883,2,77,9.42,1.6,0,9.01961,0,14.2196,3.19,-8.59565,1,8,0,0,1,0,0,0,1.792,0,186.8
1544,1632.520,11.0113,11.5992,15.1361,32,0,-1.5625,4190,49.0883,1.5,77,9.63,1.62,0,9.41177,0,14.2196,2.755,-8.59562,1,8,0,0,2,0,0,0,1.536,0,186.8
1545,1632.560,11.6437,11.8289,15.1361,32,0,-1.5625,4101.25,49.0883,1,77,9.84,1.64,0,9.80392,0,14.2196,2.61,-8.59562,1,8,0,0,2,0,0,0,0,0,186.8
1546,1632.600,12.3187,12.1734,14.2748,32,0,-1.5625,3990,49.0883,1,77,11.1,1.68,0,10.5882,0,14.2196,2.61,-8.59558,1,8,0,0,2,0,0,0,0,0,186.8
1547,1632.640,13.4133,12.518,14.2748,32,0,-1.5625,3947.25,49.0883,1,77,11.29,1.7,0,10.5882,0,14.2196,2.755,-8.59558,1,8,0,0,2,0,0,0,0,0,186.8
1548,1632.680,14.3823,12.8625,14.2748,32,0,-1.5625,4026.5,48.467,1,77,11.75,1.72,0,10.5882,0,14.2196,2.755,-8.59554,1,8,0,0,1,0,0,0,0,0,186.8
1549,1632.720,14.4673,13.207,14.2748,32,0,-1.5625,4088.75,48.467,1,77,11.62,1.72,0,10.5882,0,14.2196,2.755,-8.5955,1,8,0,0,2,0,0,0,0,0,186.8
1550,1632.760,14.4248,13.6664,14.2748,32,0,-.78125,4085,48.467,1,77,11.59,1.72,0,10.5882,0,14.2196,2.755,-8.5955,1,8,0,0,2,0,0,0,0,0,186.8
1551,1632.800,15.2255,14.1258,14.2748,32,0,-.78125,3993.25,48.467,1,77,11.69,1.72,0,10.5882,0,14.2196,2.755,-8.59547,1,8,0,0,2,0,0,0,0,0,186.8
1552,1632.840,18.5964,14.5852,14.2748,32,0,-.78125,3925.5,48.467,1,77,11.87,1.76,0,10.5882,0,14.2196,2.755,-8.59543,1,8,0,0,2,0,0,0,0,0,186.8
1553,1632.880,19.7336,15.2742,14.2748,32,0,-.78125,4004.25,48.467,1,77,11.94,1.74,0,10.5882,0,14.2196,2.755,-8.59543,1,8,0,0,2,0,0,0,0,0,186.8
1554,1632.920,19.1438,16.4227,14.2748,32,0,-.78125,4057.5,48.467,1,77,11.59,1.72,0,10.5882,0,14.2196,2.755,-8.59539,1,8,0,0,2,0,0,0,0,0,186.8
1555,1632.960,18.7647,17.3414,14.2748,32,0,-.78125,3991.25,48.467,1,77,11.41,1.7,0,10.5882,0,14.2196,2.755,-8.59539,1,8,0,0,2,0,0,0,0,0,186.8
1556,1633.000,19.6485,18.375,14.2748,32,0,-.78125,3939,47.8456,1,77,11.47,1.72,0,10.5882,0,14.2196,2.755,-8.59535,1,8,0,0,2,0,0,0,0,0,186.8
1557,1633.040,19.606,19.7531,14.2748,32,0,-.78125,3922.75,47.8456,1,77,11.47,1.7,0,10.5882,0,14.2196,2.755,-8.59532,1,8,0,0,2,0,0,0,0,0,186.8
1558,1633.080,19.7762,20.3273,14.2748,32,0,-.78125,3943.5,47.2242,1,77,11.41,1.72,0,10.5882,0,14.2196,2.9,-8.59532,1,8,0,0,2,0,0,0,0,0,186.8
1559,1633.120,19.1863,19.9828,12.4558,32,0,-.78125,3987.75,47.2242,20,77,11.32,1.7,0,10.1961,0,14.2196,2.755,-8.59528,1,8,0,0,2,0,0,0,0,0,186.8
1560,1633.160,19.1863,20.3273,12.4558,32,0,0,3924,47.2242,20,77,11.41,1.7,0,10.1961,0,14.2196,2.9,-8.59525,1,8,0,0,2,0,0,0,0,0,186.8
1561,1633.200,19.2269,20.3273,12.4558,32,0,0,3843.5,47.2242,20,77,11.41,1.7,0,10.1961,0,14.2196,2.9,-8.59525,1,8,0,0,2,0,0,0,0,0,186.8
1562,1633.240,19.2695,19.7531,12.4558,32,0,0,3831.75,47.2242,20,77,11.32,1.7,0,10.1961,0,14.2196,2.9,-8.59521,1,8,0,0,2,0,0,0,0,0,186.8
1563,1633.280,19.6911,19.0641,12.4558,32,0,0,3847.25,47.2242,20,77,11.5,1.7,0,10.1961,0,14.2196,2.9,-8.59521,1,8,0,0,2,0,0,0,0,0,186.8
1564,1633.320,19.8593,19.0641,12.4558,32,0,0,3894.5,46.6028,20,77,11.23,1.68,0,9.80392,0,14.2196,2.9,-8.59518,1,8,0,0,2,0,0,0,0,0,186.8
1565,1633.360,19.606,19.6383,12.6176,32,0,0,3826.5,46.6028,20,77,10.86,1.66,0,9.80392,0,14.2196,2.9,-8.59514,1,8,0,0,2,0,0,0,0,0,186.8
1566,1633.400,19.6485,20.3273,12.6176,32,0,0,3777.75,45.9815,20,77,10.71,1.66,0,9.80392,0,14.2196,2.9,-8.59514,1,8,0,0,3,0,0,0,0,0,186.8
1567,1633.440,20.1959,20.3273,12.6176,32,0,0,3737.25,45.9815,20,77,10.15,1.66,0,9.80392,0,14.2196,2.9,-8.59511,1,8,0,0,2,0,0,0,0,0,186.8
1568,1633.480,20.1127,20.3273,12.6176,32,0,0,3791.25,45.3601,20,77,10.36,1.66,0,9.80392,0,14.2196,2.9,-8.59507,1,8,0,0,2,0,0,0,0,0,186.8
1569,1633.520,20.1552,20.3273,12.6176,32,0,0,3775.5,45.3601,20,77,10.5,1.66,0,9.41177,0,14.2196,2.9,-8.59507,1,8,0,0,2,0,0,0,0,0,186.8
1570,1633.560,20.1552,20.3273,12.6176,32,0,0,3743.75,45.3601,20,77,10.29,1.66,0,9.41177,0,14.2196,2.9,-8.59504,1,8,0,0,3,0,0,0,0,0,186.8
1571,1633.600,19.7336,20.3273,12.6176,32,0,0,3677.5,45.3601,20,77,9.95,1.64,0,9.41177,0,14.2196,2.9,-8.59504,1,8,0,0,3,0,0,0,0,0,186.8
1572,1633.640,19.6911,20.3273,12.6176,32,0,0,3697.25,44.7387,20,77,10.29,1.66,0,9.41177,0,14.2196,2.9,-8.59501,1,8,0,0,2,0,0,0,0,0,186.8
1573,1633.680,19.8168,20.3273,12.6176,32,0,0,3685,44.7387,20,77,9.91,1.64,0,9.41177,0,14.2196,2.9,-8.59497,1,8,0,0,2,0,0,0,0,0,186.8
1574,1633.720,19.8593,20.3273,12.6176,32,0,0,3678.5,44.1174,20,77,9.77,1.64,0,9.41177,0,14.2196,2.9,-8.59497,1,8,0,0,3,0,0,0,0,0,186.8
1575,1633.760,19.6485,20.3273,12.6176,32,0,.78125,3608,44.1174,20,77,9.6,1.62,0,9.41177,0,14.2196,2.9,-8.59494,1,8,0,0,2,0,0,0,0,0,186.8
1576,1633.800,19.7762,20.3273,12.6176,31,0,.78125,3595.25,43.496,20,77,9.56,1.62,0,9.01961,0,14.2196,2.9,-8.59491,1,8,0,0,2,0,0,0,0,0,186.8
1577,1633.840,19.6911,20.3273,12.6176,31,0,.78125,3591.75,43.496,20,77,9.42,1.6,0,9.01961,0,14.2196,2.9,-8.59491,1,8,0,0,2,0,0,0,0,0,186.8
1578,1633.880,19.7762,20.3273,12.6176,31,0,.78125,3564.25,42.8746,20,77,9.39,1.62,0,9.01961,0,14.2196,2.9,-8.59487,1,8,0,0,2,0,0,0,0,0,186.8
1579,1633.920,19.6911,20.3273,12.6176,31,0,.78125,3551,42.8746,20,77,9.49,1.62,0,9.01961,0,14.2196,2.9,-8.59487,1,8,0,0,3,0,0,0,0,0,186.8
1580,1633.960,19.9019,20.3273,12.6176,31,0,.78125,3494.5,42.8746,20,77,9.39,1.6,0,9.01961,0,14.2196,2.9,-8.59484,1,8,0,0,2,0,0,0,0,0,186.8
1581,1634.000,19.8168,20.3273,12.6176,31,0,.78125,3484.75,42.8746,20,77,9.28,1.6,0,9.01961,0,14.2196,2.9,-8.59481,1,8,0,0,2,0,0,0,0,0,186.8
1582,1634.040,19.7336,20.3273,12.6176,31,0,.78125,3499.25,42.2532,20,77,9.39,1.6,0,9.01961,0,14.2196,2.9,-8.59481,1,8,0,0,2,0,0,0,0,0,186.8
1583,1634.080,19.9019,20.3273,12.6176,31,0,.78125,3481.25,42.2532,20,77,9.24,1.6,0,9.01961,0,14.2196,2.9,-8.59478,1,8,0,0,2,0,0,0,0,0,186.8
1584,1634.120,19.606,20.3273,12.6176,31,0,.78125,3429.25,41.6319,20,77,9.46,1.6,0,9.01961,0,14.2196,2.9,-8.59474,1,8,0,0,2,0,0,0,0,0,186.8
1585,1634.160,19.6911,20.3273,12.6176,31,0,3.125,3418,41.6319,20,77,8.99,1.58,0,8.62745,0,14.2196,2.9,-8.59474,1,8,0,0,2,0,0,0,0,0,186.8
1586,1634.200,19.6485,20.3273,12.6176,31,0,3.125,3404,41.0105,20,77,9.11,1.58,0,8.62745,0,14.2196,2.9,-8.59471,1,8,0,0,2,0,0,0,0,0,186.8
1587,1634.240,19.8593,20.3273,12.6176,31,0,3.125,3298.75,41.0105,20,77,9.22,1.6,0,8.62745,0,14.2196,2.9,-8.59471,1,8,0,0,3,0,0,0,0,0,186.8
1588,1634.280,19.8168,20.3273,12.6282,31,0,3.125,3220.25,41.0105,20,77,9.36,1.6,0,8.62745,0,14.2196,2.9,-8.59468,1,8,0,0,3,0,0,0,0,0,186.8
1589,1634.320,19.6485,20.3273,12.6441,31,0,3.125,3141.25,41.0105,20,77,9.31,1.6,0,8.62745,0,14.2196,2.9,-8.65333,1,8,0,0,2,0,0,0,0,0,186.8
1590,1634.360,19.7336,20.3273,12.6441,31,0,3.125,3062.5,41.0105,20,77,9.28,1.6,0,8.62745,0,14.2196,2.9,-8.65333,1,8,0,0,2,0,0,0,0,0,186.8
1591,1634.400,19.6485,20.3273,12.6547,31,0,3.125,2983,41.0105,20,77,9.17,1.58,0,8.62745,0,14.2196,3.045,-9.03163,1,8,0,0,2,0,0,0,0,0,185
1592,1634.440,19.8168,20.3273,12.6654,31,0,3.125,2903,41.0105,20,77,8.8,1.58,0,7.84314,0,14.2196,3.19,-9.32708,1,10,0,0,2,0,0,0,0,0,185
1593,1634.480,19.8593,20.3273,12.6654,31,0,3.125,2821.75,41.0105,20,77,8.62,1.56,0,7.84314,0,14.2196,3.19,-9.32708,1,10,0,0,2,0,0,0,0,0,185
1594,1634.520,19.4803,20.3273,12.6707,31,0,3.125,2739.75,40.3891,20,77,8.43,1.56,0,7.84314,0,14.2196,3.19,-9.58074,1,10,0,0,2,0,0,0,0,0,185
1595,1634.560,19.6911,20.3273,12.6707,31,0,3.125,2689.75,40.3891,20.5,77,8.8,1.64,31.3725,13.7255,285.843,14.2196,3.19,-9.58074,1,10,0,0,2,0,0,0,1.792,0,185
1596,1634.600,19.7762,20.3273,12.6707,31,0,3.125,2691.25,40.3891,21.5,77,42.13,2.74,81.1765,43.1373,350,14.2196,7.975,11.8524,1,10,0,0,3,74.902,0,0,3.584,0,185
1597,1634.640,19.5228,20.3273,9.42863,31,0,3.125,2862.25,40.3891,7,77,85.1,2.92,95.6863,91.7647,350,14.2196,13.63,16.0185,1,10,0,0,5,80,0,15.3137,6.4,0,185
1598,1634.680,14.1289,20.3273,9.42863,31,0,3.125,2933.25,40.3891,1.5,77,68.78,2.74,69.8039,100,323.579,14.2196,14.065,16.0185,1,10,0,0,8,80,0,15.3137,6.656,0,185
1599,1634.720,17.3316,20.3273,12.5912,31,0,3.125,3090.75,40.3891,1.5,77,65.7,2.74,2.35294,69.0196,19.0604,14.2196,14.21,16.2246,1,10,0,0,11,80,0,15.3137,7.424,0,185
1600,1634.760,16.4052,20.3273,12.5388,31,0,2.34375,3449.75,39.7678,-3.5,77,55.17,2.56,0,23.1373,0,14.2196,13.485,-8.59444,1,10,0,0,13,0,0,0,6.912,0,185
1601,1634.800,11.9377,20.3273,12.5388,31,0,2.34375,3755.5,39.7678,-2.5,77,26.24,2.04,0,11.3725,0,14.2196,9.715,-8.59444,1,10,0,0,14,0,0,0,5.632,0,185
1602,1634.840,11.0113,20.3273,15.1437,31,0,2.34375,3892,39.7678,-1.5,77,13.85,1.74,0,9.41177,0,14.2196,6.67,-8.59441,1,10,0,0,13,0,0,0,4.608,0,185
1603,1634.880,10.9687,20.3273,15.1437,31,0,2.34375,3885.5,39.7678,-.5,77,11.2,1.68,0,9.41177,0,14.2196,5.075,-8.59441,1,10,0,0,12,0,0,0,0,0,185
1604,1634.920,11.1795,20.3273,15.36,31,0,2.34375,3926,39.7678,1,77,10.57,1.66,0,9.41177,0,14.2196,4.205,-8.59439,1,10,0,0,10,0,0,0,0,0,185
1605,1634.960,12.0228,20.3273,13.2858,31,0,3.125,4010.5,39.7678,.5,77,10.71,1.66,0,9.41177,0,14.2196,3.48,-8.59436,1,10,0,0,7,0,0,0,0,0,185
1606,1635.000,13.539,20.3273,13.2858,31,0,3.125,4057,39.7678,0,77,10.57,1.66,0,10.1961,0,14.2196,3.19,-8.59436,1,10,0,0,6,0,0,0,0,0,185
1607,1635.040,13.539,19.4086,12.6176,31,0,3.125,4052,39.7678,0,77,11.32,1.7,0,10.5882,0,14.2196,3.045,-8.59433,1,10,0,0,6,0,0,0,0,0,185
1608,1635.080,10.6322,18.1453,12.6176,31,0,3.125,4014.25,39.7678,0,77,11.62,1.72,0,10.5882,0,14.2196,3.045,-8.5943,1,10,0,0,4,0,0,0,0,0,185
1609,1635.120,10.17,17.1117,12.6176,31,0,3.125,3923.5,39.7678,0,77,11.59,1.72,0,10.5882,0,14.2196,3.045,-8.5943,1,10,0,0,4,0,0,0,0,0,185
1610,1635.160,10.5897,16.193,12.6176,31,0,3.125,3897.5,39.1464,0,77,11.65,1.74,0,10.5882,0,14.2196,3.045,-8.59427,1,10,0,0,3,0,0,0,0,0,185
1611,1635.200,11.7694,15.1594,12.6176,31,0,3.125,3955.25,39.1464,0,77,11.59,1.72,0,10.1961,0,14.2196,3.045,-8.59427,1,10,0,0,2,0,0,0,0,0,185
1612,1635.240,12.7809,14.5852,12.6176,31,0,3.125,3954.75,38.525,0,77,11.59,1.72,0,10.1961,0,14.2196,3.045,-8.59424,1,10,0,0,2,0,0,0,0,0,185
1613,1635.280,13.4133,14.0109,14.4808,31,0,3.125,3945.25,38.525,0,77,11.23,1.7,0,10.1961,0,14.2196,2.9,-8.59422,1,10,0,0,2,0,0,0,0,0,185
1614,1635.320,13.8349,14.4703,14.4808,31,0,3.125,3872.75,38.525,0,77,11.23,1.7,0,10.1961,0,14.2196,2.9,-8.59422,1,10,0,0,3,0,0,0,0,0,185
1615,1635.360,15.0147,15.1594,14.4808,31,0,3.125,3815,38.525,0,77,11.35,1.7,0,10.1961,0,14.2196,2.9,-8.59419,1,10,0,0,2,0,0,0,0,0,185
1616,1635.400,16.7843,16.0781,12.6176,31,0,3.125,3842.5,37.9036,0,77,11.17,1.68,0,9.80392,0,14.2196,2.9,-8.59416,1,10,0,0,2,0,0,0,0,0,185
1617,1635.440,18.9755,17.1117,12.6176,31,0,3.125,3835.75,37.9036,0,77,11.1,1.68,0,9.80392,0,14.2196,3.045,-8.59416,1,10,0,0,2,0,0,0,0,0,185
1618,1635.480,19.9851,18.0305,12.6176,32,0,3.125,3838,37.9036,0,77,10.71,1.66,0,9.80392,0,14.2196,2.9,-8.59414,1,10,0,0,2,0,0,0,0,0,185
1619,1635.520,20.0276,19.2937,12.6176,32,0,3.125,3771.75,37.9036,0,77,10.57,1.66,0,9.80392,0,14.2196,2.9,-8.59414,1,10,0,0,2,0,0,0,0,0,185
1620,1635.560,19.9851,20.3273,12.6176,32,0,3.125,3744,37.2823,0,77,10.78,1.68,0,9.80392,0,14.2196,2.9,-8.59411,1,10,0,0,3,0,0,0,0,0,185
1621,1635.600,20.0701,20.3273,12.6176,32,0,3.125,3707.5,37.2823,0,77,10.43,1.66,0,9.80392,0,14.2196,2.9,-8.59408,1,10,0,0,3,0,0,0,0,0,185
1622,1635.640,20.0276,20.3273,12.6176,32,0,3.125,3730.25,36.6609,0,77,10.57,1.66,0,9.41177,0,14.2196,3.045,-8.59408,1,10,0,0,2,0,0,0,0,0,185
1623,1635.680,19.9851,20.3273,12.6176,32,0,3.125,3698.5,36.6609,20,77,10.5,1.66,0,9.41177,0,14.2196,3.045,-8.59406,1,10,0,0,2,0,0,0,0,0,185
1624,1635.720,19.9851,20.3273,12.6176,32,0,3.125,3678.5,36.0395,20,77,10.01,1.64,0,9.41177,0,14.2196,2.9,-8.59403,1,10,0,0,3,0,0,0,0,0,185
1625,1635.760,20.1127,20.3273,12.6176,32,0,3.125,3616.75,36.0395,20,77,9.91,1.64,0,9.41177,0,14.2196,2.9,-8.59403,1,10,0,0,3,0,0,0,0,0,185
1626,1635.800,20.1127,20.3273,12.6176,32,0,3.125,3609.25,36.0395,20,77,9.84,1.62,0,9.41177,0,14.2196,2.9,-8.59401,1,10,0,0,3,0,0,0,0,0,185
1627,1635.840,20.281,20.3273,12.6176,32,0,3.125,3601,36.0395,20,77,9.6,1.62,0,9.01961,0,14.2196,2.9,-8.59401,1,10,0,0,2,0,0,0,0,0,185
1628,1635.880,20.0276,20.3273,12.6176,32,0,3.125,3573.5,35.4182,20,77,9.49,1.62,0,9.01961,0,14.2196,2.9,-8.59398,1,10,0,0,2,0,0,0,0,0,185
1629,1635.920,20.1552,20.3273,12.6176,32,0,3.125,3563.75,35.4182,20,77,9.56,1.6,0,9.01961,0,14.2196,2.9,-8.59396,1,10,0,0,3,0,0,0,0,0,185
1630,1635.960,20.1127,20.3273,12.6176,32,0,3.125,3501.75,34.7968,20,77,9.36,1.6,0,9.01961,0,14.2196,2.9,-8.59396,1,10,0,0,3,0,0,0,0,0,185
1631,1636.000,20.0276,20.3273,12.6176,32,0,3.125,3473.75,34.7968,20,77,9.36,1.6,0,9.01961,0,14.2196,2.9,-8.59393,1,10,0,0,3,0,0,0,0,0,185
1632,1636.040,20.2384,20.3273,12.6176,32,0,3.125,3471,34.1754,20,77,9.36,1.6,0,9.01961,0,14.2196,2.9,-8.5939,1,10,0,0,2,0,0,0,0,0,185
1633,1636.080,20.1552,20.3273,12.6176,32,0,3.125,3454.25,34.1754,20,77,9.49,1.6,0,9.01961,0,14.2196,2.9,-8.5939,1,10,0,0,2,0,0,0,0,0,185
1634,1636.120,20.1127,20.3273,12.6176,32,0,3.125,3406.75,34.1754,20,77,9.36,1.6,0,8.62745,0,14.2196,3.045,-8.59388,1,10,0,0,2,0,0,0,0,0,185
1635,1636.160,20.1959,20.3273,12.6176,32,0,3.125,3378.25,34.1754,20,77,9.36,1.6,0,8.62745,0,14.2196,3.045,-8.59388,1,10,0,0,2,0,0,0,0,0,185
1636,1636.200,20.1127,20.3273,12.6176,32,0,3.125,3358.5,33.554,20,77,9.31,1.6,0,8.62745,0,14.2196,3.045,-8.59386,1,10,0,0,3,0,0,0,0,0,185
1637,1636.240,19.9019,20.3273,12.6282,32,0,3.125,3335.5,33.554,20,77,9.28,1.6,0,8.62745,0,14.2196,3.045,-8.59383,1,10,0,0,2,0,0,0,0,0,185
1638,1636.280,20.0701,20.3273,12.6282,32,0,3.125,3300,32.9327,20,77,9.31,1.6,0,8.62745,0,14.2196,3.045,-8.59383,1,10,0,0,2,0,0,0,0,0,185
1639,1636.320,20.0276,20.3273,12.6282,32,0,3.125,3284.75,32.9327,20,77,9.36,1.6,0,8.62745,0,14.2196,3.045,-8.59381,1,10,0,0,2,0,0,0,0,0,185
1640,1636.360,20.1552,20.3273,12.6335,31,0,3.125,3266.75,32.3113,20,77,9.28,1.58,0,8.62745,0,14.2196,3.045,-8.59378,1,10,0,0,2,0,0,0,0,0,185
1641,1636.400,20.1552,20.3273,12.6335,31,0,3.125,3237.75,32.3113,20,77,9.32,1.6,0,8.62745,0,14.2196,3.045,-8.59378,1,10,0,0,2,0,0,0,0,0,185
1642,1636.440,20.1127,20.3273,12.6388,31,0,3.125,3214.5,31.6899,20,77,9.36,1.6,0,8.62745,0,14.2196,3.045,-8.59376,1,10,0,0,2,0,0,0,0,0,185
1643,1636.480,19.9851,20.3273,12.6388,31,0,3.125,3191.75,31.6899,20,77,9.24,1.6,0,8.62745,0,14.2196,3.045,-8.59376,1,10,0,0,2,0,0,0,0,0,185
1644,1636.520,20.0701,20.3273,12.6441,31,0,3.125,3168.25,31.6899,20,77,9.17,1.58,0,8.62745,0,14.2196,3.045,-8.66793,1,10,0,0,2,0,0,0,0,0,185
1645,1636.560,20.0701,20.3273,12.6494,31,0,3.125,3123.25,31.6899,20,77,8.87,1.58,0,8.62745,0,14.2196,3.045,-8.75104,1,10,0,0,2,0,0,0,0,0,185
1646,1636.600,20.1127,20.3273,12.6494,31,0,3.125,3098.75,31.0686,20,77,8.74,1.56,0,8.62745,0,14.2196,3.045,-8.75104,1,10,0,0,2,0,0,0,0,0,185
1647,1636.640,20.1552,20.3273,12.6494,31,0,3.125,3070.5,31.0686,20,77,8.68,1.58,0,8.62745,0,14.2196,3.045,-8.82189,1,10,0,0,2,0,0,0,0,0,185
1648,1636.680,20.1552,20.3273,12.6547,31,0,3.125,3044.5,30.4472,20,77,8.8,1.58,0,8.62745,0,14.2196,3.045,-8.92269,1,10,0,0,2,0,0,0,0,0,185
1649,1636.720,20.0276,20.3273,12.6547,31,0,3.125,3023.25,30.4472,20,77,8.56,1.56,0,8.62745,0,14.2196,3.045,-8.92269,1,10,0,0,2,0,0,0,0,0,185
1650,1636.760,19.8168,20.3273,12.6547,31,0,3.125,2999.75,29.8258,20,77,8.62,1.56,0,8.23529,0,14.2196,3.045,-9.05292,1,10,0,0,2,0,0,0,0,0,185
1651,1636.800,19.8593,20.3273,12.6547,31,0,3.125,2971.5,29.8258,20,77,8.56,1.56,0,8.23529,0,14.2196,3.045,-9.05292,1,10,0,0,2,0,0,0,0,0,183.2
1652,1636.840,19.8168,20.3273,12.6601,31,0,3.125,2943,29.2044,20,77,8.43,1.56,0,8.23529,0,14.2196,3.045,-9.15704,1,10,0,0,1,0,0,0,0,0,183.2
1653,1636.880,19.8168,20.3273,12.6601,31,0,3.125,2917.25,29.2044,20,77,8.37,1.56,0,8.23529,0,14.2196,3.045,-9.23846,1,10,0,0,1,0,0,0,0,0,183.2
1654,1636.920,19.9019,20.3273,12.6601,31,0,3.125,2894.25,29.2044,20,77,8.43,1.56,0,8.23529,0,14.2196,3.19,-9.23846,1,10,0,0,1,0,0,0,0,0,183.2
1655,1636.960,19.6485,20.3273,12.6654,31,0,3.125,2867.5,29.2044,20,77,8.56,1.56,0,8.23529,0,14.2196,3.19,-9.32935,1,10,0,0,1,0,0,0,0,0,183.2
1656,1637.000,19.7336,20.3273,12.6654,31,0,3.125,2840.25,28.5831,20,77,8.68,1.58,0,8.23529,0,14.2196,3.19,-9.43045,1,10,0,0,1,0,0,0,0,0,183.2
1657,1637.040,19.7762,20.3273,12.6654,31,0,3.125,2834.25,28.5831,20,77,8.56,1.56,0,8.23529,0,14.2196,3.19,-9.43045,1,10,0,0,1,0,0,0,0,0,183.2
1658,1637.080,19.8168,20.3273,12.6707,31,0,3.125,2810,27.9617,20,77,8.43,1.56,0,8.23529,0,14.2196,3.19,-9.52415,1,10,0,0,1,0,0,0,0,0,183.2
1659,1637.120,19.7336,20.3273,12.6707,31,0,3.125,2789,27.9617,20,77,8.43,1.56,0,8.23529,0,14.2196,3.19,-9.52415,1,10,0,0,1,0,0,0,0,0,183.2
1660,1637.160,19.8593,20.3273,12.6707,31,0,3.125,2762.25,27.3403,20,77,8.43,1.56,0,8.23529,0,14.2196,3.19,-9.57969,1,10,0,0,1,0,0,0,0,0,183.2
1661,1637.200,19.7762,20.3273,12.6707,31,0,3.125,2729.25,27.3403,20,77,8.18,1.56,0,8.23529,0,14.2196,3.19,-9.57967,1,10,0,0,1,0,0,0,0,0,183.2
1662,1637.240,19.7336,20.3273,12.6707,31,0,3.125,2703.75,26.719,20,77,8.37,1.56,0,7.84314,0,14.2196,3.19,-9.57967,1,10,0,0,1,0,0,0,0,0,183.2
1663,1637.280,19.8168,20.3273,12.6707,31,0,3.125,2699.25,26.719,20,77,8.49,1.56,0,7.84314,0,14.2196,3.19,-9.57965,1,10,0,0,1,0,0,0,0,0,183.2
1664,1637.320,19.606,20.3273,12.6707,31,0,3.125,2678.75,26.719,20,77,8.25,1.56,0,7.84314,0,14.2196,3.19,-9.57962,1,10,0,0,1,0,0,0,0,0,183.2
1665,1637.360,19.7762,20.3273,12.6707,31,0,3.125,2649.25,26.719,20,77,8.1,1.54,0,7.84314,0,14.2196,3.19,-9.57962,1,10,0,0,1,0,0,0,0,0,183.2
1666,1637.400,19.6911,20.3273,12.6707,31,0,3.125,2610.75,26.0976,20,77,8.05,1.54,0,7.84314,0,14.2196,3.19,-9.5796,1,10,0,0,1,0,0,0,0,0,183.2
1667,1637.440,19.8593,20.3273,12.6707,31,0,3.125,2601,26.0976,20,77,8.05,1.54,0,7.84314,0,14.2196,3.19,-9.5796,1,10,0,0,1,0,0,0,0,0,183.2
1668,1637.480,19.7762,20.3273,12.6707,31,0,3.125,2582.75,25.4762,20,77,8.02,1.54,0,7.84314,0,14.2196,3.19,-9.57958,1,10,0,0,1,0,0,0,0,0,183.2
1669,1637.520,20.1959,20.3273,12.6707,31,0,3.125,2559.5,25.4762,20,77,7.98,1.54,0,7.84314,0,14.2196,3.19,-9.57956,1,10,0,0,1,0,0,0,0,0,183.2
1670,1637.560,20.1552,20.3273,12.6707,31,0,3.125,2533.75,25.4762,20,77,7.98,1.52,0,7.84314,0,14.2196,3.19,-9.57956,1,10,0,0,1,0,0,0,0,0,183.2
1671,1637.600,20.0276,20.3273,12.6707,31,0,3.125,2519.25,25.4762,20,77,8.02,1.54,0,7.84314,0,14.2196,3.19,-9.57954,1,10,0,0,1,0,0,0,0,0,183.2
1672,1637.640,20.1552,20.3273,12.6707,31,0,3.125,2487.25,24.8548,20,77,8.05,1.52,0,7.45098,0,14.2196,3.19,-9.57952,1,10,0,0,1,0,0,0,0,0,183.2
1673,1637.680,20.2384,20.3273,12.6707,31,0,3.125,2470,24.8548,20,77,7.94,1.52,0,7.45098,0,14.2196,3.19,-9.57952,1,10,0,0,1,0,0,0,0,0,183.2
1674,1637.720,20.0701,20.3273,12.6707,31,0,3.125,2471,24.2335,20,77,7.9,1.52,0,7.45098,0,14.2196,3.19,-9.5795,1,10,0,0,1,0,0,0,0,0,183.2
1675,1637.760,20.1959,20.3273,12.6707,31,0,3.125,2443.25,24.2335,20,77,7.9,1.52,0,7.45098,0,14.2196,3.19,-9.5795,1,10,0,0,1,0,0,0,0,0,183.2
1676,1637.800,20.1127,20.3273,12.6707,31,0,3.125,2413.5,24.2335,20,77,7.9,1.52,0,7.45098,0,14.2196,3.19,-9.57948,1,10,0,0,1,0,0,0,0,0,183.2
1677,1637.840,20.1127,20.3273,12.6707,31,0,3.125,2404.75,24.2335,20,77,7.9,1.52,0,7.45098,0,14.2196,3.19,-9.57946,1,10,0,0,1,0,0,0,0,0,183.2
1678,1637.880,20.0701,20.3273,12.6707,31,0,3.125,2378.5,23.6121,20,77,7.82,1.52,0,7.45098,0,14.2196,3.19,-9.57946,1,10,0,0,0,0,0,0,0,0,183.2
1679,1637.920,19.8168,20.3273,12.6707,31,0,3.125,2376.25,23.6121,20,77,7.84,1.5,0,7.45098,0,14.2196,3.19,-9.57944,1,10,0,0,0,0,0,0,0,0,183.2
1680,1637.960,19.7762,20.3273,12.6707,31,0,3.125,2351,22.9907,20,77,7.82,1.5,0,7.45098,0,14.2196,3.19,-9.57942,1,10,0,0,1,0,0,0,0,0,183.2
1681,1638.000,19.6911,20.3273,12.6707,31,0,3.125,2344.5,22.9907,20,77,7.79,1.5,0,7.05882,0,14.2196,3.19,-9.57942,1,10,0,0,1,0,0,0,0,0,183.2
1682,1638.040,19.8593,20.3273,12.6707,31,0,3.125,2313.5,22.9907,20,77,7.79,1.5,0,7.05882,0,14.2196,3.19,-9.5794,1,10,0,0,1,0,0,0,0,0,183.2
1683,1638.080,19.8168,20.3273,12.6707,31,0,3.125,2285.5,22.9907,20,77,7.73,1.5,0,7.05882,0,14.2196,3.19,-9.5794,1,10,0,0,1,0,0,0,0,0,183.2
1684,1638.120,19.8593,20.3273,12.6707,31,0,3.125,2279.25,22.3694,20,77,7.73,1.5,0,7.05882,0,14.2196,3.19,-9.57938,1,10,0,0,1,0,0,0,0,0,183.2
1685,1638.160,19.9019,20.3273,12.6707,31,0,3.125,2254.5,22.3694,20,77,7.71,1.5,0,7.05882,0,14.2196,3.19,-9.57936,1,10,0,0,1,0,0,0,0,0,183.2
1686,1638.200,19.8593,20.3273,12.6707,31,0,3.125,2253.25,22.3694,20,77,7.71,1.5,0,7.05882,0,14.2196,3.19,-9.57936,1,10,0,0,1,0,0,0,0,0,183.2
1687,1638.240,19.7762,20.3273,12.6707,31,0,3.125,2223.5,22.3694,20,77,7.73,1.5,0,7.05882,0,14.2196,3.19,-9.57934,1,10,0,0,1,0,0,0,0,0,183.2
1688,1638.280,19.9019,20.3273,12.6707,31,0,3.125,2207.75,21.748,20,77,7.65,1.48,0,7.05882,0,14.2196,3.19,-9.57933,1,10,0,0,1,0,0,0,0,0,183.2
1689,1638.320,19.6485,20.3273,12.6707,31,0,3.125,2189.25,21.748,20,77,7.63,1.48,0,7.05882,0,14.2196,3.19,-9.57933,1,10,0,0,1,0,0,0,0,0,183.2
1690,1638.360,19.606,20.3273,12.6707,31,0,3.125,2162.75,21.748,20,77,7.63,1.48,0,7.05882,0,14.2196,3.19,-9.57931,1,10,0,0,1,0,0,0,0,0,183.2
1691,1638.400,19.9019,20.3273,12.6707,31,0,3.125,2169,21.748,20,77,7.63,1.48,0,7.05882,0,14.2196,3.19,-9.57931,1,10,0,0,1,0,0,0,0,0,183.2
1692,1638.440,19.8593,20.3273,12.6707,31,0,3.125,2148.75,21.1266,20,77,7.6,1.48,0,7.05882,0,14.2196,3.19,-9.57929,1,10,0,0,1,0,0,0,0,0,183.2
1693,1638.480,20.1552,20.3273,12.6707,31,0,3.125,2135.5,21.1266,20,77,7.49,1.48,0,7.05882,0,14.2196,3.19,-9.57927,1,10,0,0,1,0,0,0,0,0,183.2
1694,1638.520,20.1959,20.3273,12.6707,31,0,3.125,2097.75,21.1266,-5,77,7.58,1.48,0,7.05882,0,14.2196,3.19,-9.57927,1,10,0,0,1,0,0,0,0,0,183.2
1695,1638.560,20.1127,20.3273,12.6707,31,0,3.125,2099.75,21.1266,-3.5,77,7.58,1.48,0,7.05882,0,14.2196,3.19,-9.57925,1,10,0,0,1,0,0,0,2.048,0,183.2
1696,1638.600,20.0701,20.3273,12.6707,31,0,3.125,2105,21.1266,-1.5,77,7.46,1.48,0,7.05882,0,14.2196,3.19,-9.57923,1,10,0,0,1,0,0,0,2.048,0,183.2
1697,1638.640,19.6911,20.3273,12.6707,31,0,3.125,2100.75,21.1266,.5,77,7.46,1.48,0,7.05882,0,14.2196,3.335,-9.57923,1,10,0,0,1,0,0,0,2.048,0,183.2
1698,1638.680,19.8168,20.3273,12.6707,31,0,3.125,2111.5,20.5052,3,77,7.49,1.48,0,7.05882,0,14.2196,3.335,-9.57921,1,10,0,0,1,0,0,0,2.048,0,183.2
1699,1638.720,19.8168,20.3273,12.6707,31,0,3.125,2068.25,20.5052,5,77,7.58,1.48,0,7.05882,0,14.2196,3.335,-9.57921,1,10,0,0,1,0,0,0,2.048,0,183.2
1700,1638.760,19.7336,20.3273,12.7891,31,0,3.125,2042.75,20.5052,6.5,77,7.58,1.48,0,7.05882,0,14.2196,3.335,-9.5792,1,10,0,0,1,0,0,0,2.048,0,183.2
1701,1638.800,19.9019,20.3273,12.7837,31,0,3.125,2048,20.5052,8.5,77,7.63,1.48,0,7.05882,0,14.2196,3.335,-9.57918,1,10,0,0,1,0,0,0,2.048,0,183.2
1702,1638.840,19.7762,20.3273,12.7837,31,0,3.125,2070.75,20.5052,10.5,77,7.67,1.48,0,7.05882,0,14.2196,3.335,-9.57918,1,10,0,0,1,0,0,0,2.048,0,183.2
1703,1638.880,19.7762,20.3273,12.7783,31,0,3.125,2101,20.5052,12.5,77,7.46,1.48,0,7.05882,0,14.2196,3.335,-9.57916,1,10,0,0,1,0,0,0,2.048,0,183.2
1704,1638.920,19.7336,20.3273,12.7728,31,0,3.125,2081.25,20.5052,14,77,7.37,1.48,0,7.05882,0,14.2196,3.335,-9.57915,1,10,0,0,1,0,0,0,2.048,0,183.2
1705,1638.960,19.9019,20.3273,12.7728,31,0,3.125,2069,20.5052,16,77,7.46,1.48,0,7.05882,0,14.2196,3.335,-9.57915,1,10,0,0,1,0,0,0,2.048,0,183.2
1706,1639.000,19.8168,20.3273,12.7674,31,0,3.125,2049,20.5052,18,77,7.46,1.48,0,7.05882,0,14.2196,3.335,-9.57913,1,10,0,0,1,0,0,0,2.048,0,183.2
1707,1639.040,19.8168,20.3273,12.7674,32,0,3.125,2024.25,20.5052,20,77,7.65,1.48,0,7.05882,0,14.2196,3.335,-9.57913,1,10,0,0,1,0,0,0,2.048,0,183.2
1708,1639.080,17.5424,20.3273,12.762,32,0,3.125,2023.75,20.5052,20,77,7.58,1.48,0,7.05882,0,14.2196,3.335,-9.57911,1,10,0,0,1,0,0,0,2.048,0,183.2
1709,1639.120,15.6045,20.3273,12.7566,32,0,3.125,2041.5,20.5052,20,77,7.58,1.48,0,7.05882,0,14.2196,3.335,-9.5791,1,10,0,0,1,0,0,0,2.048,0,183.2
1710,1639.160,14.3397,19.6383,12.7566,32,0,3.125,2050.25,19.8839,20,77,7.58,1.48,0,7.05882,0,14.2196,3.335,-9.5791,1,10,0,0,1,0,0,0,2.048,0,183.2
1711,1639.200,13.7498,18.2602,12.7512,32,0,3.125,2064.25,19.8839,20,77,7.58,1.48,0,7.05882,0,14.2196,3.335,-9.57908,1,10,0,0,1,0,0,0,2.048,0,183.2
1712,1639.240,13.7073,17.2266,12.7458,32,0,3.125,2053.25,19.8839,20,77,7.46,1.48,0,7.05882,0,14.2196,3.335,-9.57906,1,10,0,0,1,0,0,0,2.048,0,183.2
1713,1639.280,13.4133,16.3078,12.7458,32,0,3.125,2029,19.8839,20,77,7.49,1.48,0,7.05882,0,14.2196,3.335,-9.57906,1,10,0,0,1,0,0,0,2.048,0,183.2
1714,1639.320,13.3282,15.2742,12.7404,32,0,3.125,2032.25,19.8839,20,77,7.58,1.48,0,7.05882,0,14.2196,3.335,-9.57905,1,10,0,0,1,0,0,0,1.792,0,183.2
1715,1639.360,12.7809,14.5852,12.7404,32,0,3.125,2038.75,19.8839,20,77,7.58,1.48,0,7.05882,0,14.2196,3.335,-9.57905,1,10,0,0,1,0,0,0,1.792,0,183.2
1716,1639.400,12.6977,14.1258,14.6357,32,-.78125,3.125,2043.5,20.5052,20,77,7.61,1.48,0,7.05882,0,14.2196,3.335,-9.57903,1,10,0,0,1,0,0,0,1.792,0,183.2
1717,1639.440,12.5701,13.6664,14.3428,32,-.78125,3.125,2062.75,20.5052,20,77,7.63,1.48,0,7.05882,0,14.2196,3.335,-9.57901,1,10,0,0,1,0,0,0,1.792,0,183.2
1718,1639.480,12.5275,13.207,14.3428,32,-1.5625,3.125,2035.25,19.8839,20,77,7.58,1.48,0,7.05882,0,14.2196,3.335,-9.57901,1,10,0,0,1,0,0,0,1.792,0,183.2
1719,1639.520,12.2336,12.8625,14.336,32,-2.34375,3.125,2014,19.8839,20,77,7.46,1.48,0,7.05882,0,14.2196,3.335,-9.579,1,10,0,0,1,0,0,0,1.792,0,183.2
1720,1639.560,12.3593,12.518,14.3292,32,-3.125,3.125,1996.5,19.8839,20,77,7.37,1.48,0,7.05882,0,14.2196,3.335,-9.57028,1,10,0,0,1,0,0,0,1.792,0,183.2
1721,1639.600,12.2761,12.6328,14.3292,32,-3.125,3.125,1962,19.8839,20,77,7.28,1.46,0,7.05882,0,14.2196,3.335,-9.57028,1,10,0,0,1,0,0,0,1.792,0,183.2
1722,1639.640,12.2761,12.7477,14.3224,32,-3.125,3.125,1963.5,19.8839,20,77,7.46,1.48,0,7.05882,0,14.2196,3.335,-9.51673,1,10,0,0,1,0,0,0,1.792,0,183.2
1723,1639.680,12.4444,12.9773,14.3224,32,-3.125,3.125,1981.5,19.8839,20,77,7.46,1.48,0,7.05882,0,14.2196,3.335,-9.51673,1,10,0,0,1,0,0,0,1.792,0,183.2
1724,1639.720,12.4444,13.0922,14.3224,32,-3.125,3.125,1969.75,19.2625,20,77,7.09,1.46,0,7.05882,0,14.2196,3.335,-9.53327,1,10,0,0,1,0,0,0,1.792,0,183.2
1725,1639.760,12.6977,13.3219,14.3156,32,-3.125,3.125,1965.75,19.2625,20,77,7.28,1.46,0,7.05882,0,14.2196,3.335,-9.52335,1,10,0,0,1,0,0,0,1.792,0,183.2
1726,1639.800,12.9085,13.5516,14.3156,32,-2.34375,3.125,1972.75,19.2625,20,77,7.37,1.48,.392157,7.05882,3.36676,14.2196,3.335,-9.52335,1,10,0,0,1,0,0,0,1.792,0,183.2
1727,1639.840,13.1174,13.6664,14.3087,32,-2.34375,3.125,1972.5,19.2625,20.5,77,7.58,1.48,2.35294,7.05882,23.4426,14.2196,3.335,-9.28144,1,10,0,0,1,70.1961,0,0,1.792,0,183.2
1728,1639.880,13.3708,13.8961,14.3019,32,-2.34375,3.125,1964.75,19.2625,21,77,7.82,1.54,5.09804,8.62745,51.1695,14.2196,3.48,-7.68981,1,10,0,0,1,72.9412,0,0,1.792,0,183.2
1729,1639.920,13.4559,14.0109,14.3019,32,-1.5625,3.125,1986.75,19.2625,22,77,9.36,1.64,5.88235,10.5882,55.9366,14.2196,3.48,-7.68981,1,10,0,0,3,72.9412,0,0,2.048,0,183.2
1730,1639.960,13.8349,14.1258,14.0483,32,-.78125,3.125,1991.5,19.2625,22.5,77,10.75,1.7,5.09804,10.9804,48.3752,14.2196,3.77,-7.42106,1,10,0,0,6,74.5098,0,0,2.048,0,183.2
1731,1640.000,14.0883,14.2406,14.0483,32,0,3.125,1979.5,19.2625,23,77,11.62,1.72,5.09804,10.9804,48.4992,14.2196,4.205,-7.42106,1,10,0,0,6,74.5098,0,0,2.304,0,183.2
1732,1640.040,14.1289,14.0109,13.6719,32,-.78125,3.125,1996.5,19.2625,24,77,11.78,1.74,5.88235,11.3725,58.3163,14.2196,4.495,-7.61141,1,10,0,0,9,73.7255,0,0,2.304,0,183.2
1733,1640.080,13.7924,13.6664,13.9636,32,-1.5625,3.125,1980.75,19.2625,24,77,11.99,1.78,6.66667,12.1569,63.5317,14.2196,4.64,-7.01665,1,10,0,0,11,74.5098,0,0,2.304,0,183.2
1734,1640.120,13.3708,13.207,13.9636,32,-3.90625,3.125,1939.5,19.2625,25,77,13.98,1.82,7.45098,12.549,71.7019,14.2196,4.93,-7.01665,1,10,0,0,12,74.5098,0,0,2.56,0,183.2
1735,1640.160,12.6552,12.9773,13.6533,32,-5.46875,3.125,1919.5,19.2625,25.5,77,15.02,1.86,9.01961,13.3333,86.6065,14.2196,5.22,-6.56896,1,10,0,0,14,74.902,0,0,2.56,0,183.2
1736,1640.200,12.6977,13.0922,13.3093,32,-4.6875,3.125,1912,19.2625,26,77,16.71,1.9,10.9804,14.902,105.424,14.2196,5.655,-5.29571,1,10,0,0,16,74.902,0,0,3.072,1,183.2
1737,1640.240,13.0343,13.4367,13.3093,32,-3.125,3.125,1938.5,19.2625,26.5,77,18.44,2,12.1569,16.0784,116.777,14.2196,5.945,-5.29571,1,10,0,0,16,74.902,0,0,3.072,0,183.2
1738,1640.280,13.9606,13.8961,12.6441,32,-1.5625,3.125,1964.5,19.2625,7,77,21.28,2.06,12.549,16.8627,118.669,14.2196,6.67,-3.9443,1,10,0,0,16,74.902,0,0,3.584,0,183.2
1739,1640.320,14.7613,14.3555,12.6441,32,0,3.125,1964,19.2625,6.5,77,23.05,2.08,12.1569,17.2549,116.332,14.2196,7.25,-3.9443,1,10,0,0,17,74.902,0,0,3.84,0,183.2
1740,1640.360,15.2255,14.8148,12.6494,32,1.5625,2.34375,1954.25,19.2625,24,77,23.63,2.1,11.7647,16.8627,114.135,14.2196,7.685,-4.17749,1,10,0,0,16,74.902,0,0,4.096,0,183.2
1741,1640.400,15.4769,15.1594,12.8273,32,4.6875,2.34375,1984.25,19.2625,23,77,22.89,2.06,12.549,16.8627,118.379,14.2196,7.975,-4.0001,1,10,0,0,17,74.902,0,0,4.352,0,183.2
1742,1640.440,15.2255,15.2742,12.8273,32,6.25,2.34375,1985,19.2625,22,77,23.05,2.06,11.7647,16.8627,113.669,14.2196,8.265,-4.0001,1,10,0,0,18,74.902,0,0,4.608,0,183.2
1743,1640.480,14.887,15.0445,13.21,32,7.03125,2.34375,1957.5,19.2625,21.5,77,22.8,2.08,12.549,16.8627,118.772,14.2196,8.265,-4.20448,1,10,0,0,18,74.902,0,0,4.608,0,183.2
1744,1640.520,13.9606,14.4703,13.2158,32,5.46875,2.34375,1930.75,19.2625,21,77,22.47,2.06,11.7647,16.8627,114.488,14.2196,8.555,-4.35342,1,10,0,0,18,74.902,0,0,4.608,0,183.2
1745,1640.560,13.5816,14.0109,13.2158,32,4.6875,3.125,1974.5,19.2625,21,77,22.55,2.06,14.1176,16.8627,135.281,14.2196,8.555,-4.35342,1,10,0,0,18,74.902,0,0,4.608,0,183.2
1746,1640.600,13.8349,13.6664,13.2274,32,3.90625,3.125,2005.5,19.2625,21,77,23.63,2.14,15.6863,18.8235,146.311,14.2196,8.7,-1.98125,1,10,0,0,18,74.902,0,0,4.608,0,183.2
1747,1640.640,13.7073,13.3219,13.2274,32,2.34375,3.125,2018.25,19.2625,20.5,77,27.64,2.18,15.2941,19.6078,143.887,14.2196,8.99,-1.98125,1,10,0,0,18,74.902,0,0,4.864,0,183.2
1748,1640.680,13.1174,12.9773,12.9375,32,0,3.125,2015.25,19.8839,20,77,28.29,2.18,14.902,19.6078,141.555,14.2196,9.28,-1.81781,1,10,0,0,18,74.902,0,0,4.864,0,183.2
1749,1640.720,13.1174,12.6328,13.0215,32,-1.5625,3.125,1998.75,19.8839,19,77,27.65,2.18,15.2941,19.6078,144.002,14.2196,9.57,-2.01044,1,10,0,0,18,74.902,0,0,4.864,0,183.2
1750,1640.760,12.866,12.6328,13.0215,32,-3.90625,2.34375,2000,19.8839,19,77,27.54,2.16,16.4706,19.6078,153.383,14.2196,9.715,-2.01044,1,10,0,0,18,74.902,0,0,4.864,0,183.2
1751,1640.800,12.866,12.7477,13.1236,32,-3.90625,2.34375,2049,19.8839,18.5,77,27.86,2.22,18.0392,21.1765,166.659,14.2196,9.86,-.509017,1,10,0,0,17,74.902,0,0,5.12,0,183.2
1752,1640.840,13.0343,13.0922,13.044,32,-3.125,2.34375,2064,19.8839,18,77,30.81,2.26,18.4314,21.9608,169.328,14.2196,10.15,.192221,1,10,0,0,17,74.902,0,0,5.12,0,183.2
1753,1640.880,13.2025,13.207,13.044,32,-3.125,2.34375,2051,19.8839,17.5,77,31.88,2.28,18.4314,22.3529,170.998,14.2196,10.585,.192221,1,10,0,0,18,74.902,0,0,5.376,0,183.2
1754,1640.920,13.4133,13.207,12.971,32,-3.90625,2.34375,2040,19.8839,16.5,77,33.12,2.28,18.4314,22.7451,170.747,14.2196,10.875,.492141,1,10,0,0,17,74.902,0,0,5.376,0,183.2
1755,1640.960,13.3282,13.3219,12.971,32,-3.90625,2.34375,2028.75,19.8839,16.5,77,33.04,2.28,18.8235,22.7451,172.544,14.2196,11.02,.492141,1,10,0,0,16,74.902,0,0,5.632,0,183.2
1756,1641.000,13.6241,13.5516,13.0837,32,-3.90625,2.34375,2049.5,19.8839,16,77,33.12,2.28,19.2157,22.7451,174.815,14.2196,11.165,.588971,1,10,0,0,17,74.902,0,0,5.632,0,183.2
1757,1641.040,13.6241,13.5516,13.0667,32,-3.125,2.34375,2087.75,19.8839,15.5,77,32.87,2.28,20,23.1373,182.034,14.2196,11.165,1.04833,1,10,0,0,16,74.902,0,0,5.632,0,183.2
1758,1641.080,13.7498,13.6664,13.0667,32,-3.125,2.34375,2061.25,20.5052,15.5,77,33.55,2.3,20,23.5294,182.999,14.2196,11.31,1.04833,1,10,0,0,15,74.902,0,0,5.888,0,183.2
1759,1641.120,13.7073,13.6664,13.0497,32,-3.125,2.34375,2056.25,20.5052,15,77,33.82,2.3,20,23.9216,182.597,14.2196,11.455,1.28984,1,10,0,0,15,74.902,0,0,5.888,0,183.2
1760,1641.160,13.8775,13.6664,13.0837,32,-3.125,1.5625,2072.25,20.5052,15,77,33.82,2.3,20,23.9216,183.448,14.2196,11.6,1.31998,1,10,0,0,15,74.902,0,0,5.888,0,183.2
1761,1641.200,13.9181,13.5516,13.0837,32,-3.90625,1.5625,2107.5,20.5052,15,77,34.45,2.3,20.3922,23.9216,186.986,14.2196,11.745,1.31998,1,10,0,0,13,74.902,0,0,5.888,0,183.2
1762,1641.240,13.8775,13.4367,13.1294,32,-4.6875,1.5625,2142,20.5052,15.5,77,34.27,2.32,21.5686,23.9216,199.504,14.2196,11.745,1.94272,1,10,0,0,13,74.902,0,0,5.888,0,183.2
1763,1641.280,13.8349,13.3219,13.1294,32,-5.46875,1.5625,2148.5,20.5052,15.5,77,35.26,2.36,21.5686,25.098,199.882,14.2196,11.745,1.94272,1,10,0,0,13,74.902,0,0,5.888,0,183.2
1764,1641.320,13.6667,13.3219,13.21,32,-6.25,1.5625,2155.75,21.1266,15.5,77,35.89,2.36,22.3529,25.4902,205.844,14.2196,11.745,2.42163,1,10,0,0,13,74.902,0,0,5.888,0,183.2
1765,1641.360,13.6667,13.3219,13.2449,32,-5.46875,1.5625,2136.5,21.1266,15.5,77,36.16,2.38,23.5294,26.2745,214.351,14.2196,11.89,2.93036,1,10,0,0,12,74.902,0,0,5.888,0,183.2
1766,1641.400,13.7073,13.5516,13.2449,32,-5.46875,1.5625,2150.75,21.1266,15,77,37.55,2.42,24.7059,27.8431,223.181,14.2196,12.18,2.93036,1,10,0,0,13,74.902,0,0,5.888,0,183.2
1767,1641.440,13.8775,13.8961,13.2449,32,-3.90625,1.5625,2189.75,21.1266,15,77,40.41,2.44,24.7059,28.6275,223.893,14.2196,12.47,3.59366,1,10,0,0,13,74.902,0,0,6.144,0,183.2
1768,1641.480,14.2565,14.0109,13.2332,32,-3.125,1.5625,2193,21.748,15,77,40.2,2.44,24.7059,29.0196,225.182,14.2196,12.76,3.68344,1,10,0,0,12,74.902,0,0,6.4,0,183.2
1769,1641.520,14.2972,14.1258,13.2332,32,0,1.5625,2214.25,21.748,15.5,77,41.45,2.44,23.9216,28.2353,219.635,14.2196,12.76,3.68344,1,10,0,0,11,74.902,0,0,6.4,0,183.2
1770,1641.560,14.2972,14.1258,13.4821,32,0,0,2195.25,21.748,15,77,38.92,2.4,22.3529,27.0588,206.626,14.2196,12.905,3.19521,1,10,0,0,12,74.902,0,0,6.656,0,183.2
1771,1641.600,14.2565,14.0109,13.4821,32,0,0,2187.5,21.748,15,77,36.43,2.38,23.5294,25.8824,218.596,14.2196,12.76,3.19521,1,10,0,0,12,74.902,0,0,6.4,0,183.2
1772,1641.640,14.0032,13.7813,13.3803,32,-.78125,0,2171,21.748,15,77,36.32,2.38,23.9216,26.2745,220.805,14.2196,12.615,3.35554,1,10,0,0,10,74.902,0,0,6.4,0,183.2
1773,1641.680,13.7073,13.4367,13.446,32,-1.5625,0,2210.75,21.748,15,77,38.75,2.42,24.7059,27.8431,227.896,14.2196,12.615,3.69766,1,10,0,0,10,74.902,0,0,6.144,0,183.2
1774,1641.720,13.539,13.3219,13.446,32,0,0,2217.75,21.748,15,77,41.57,2.44,24.7059,28.2353,228.493,14.2196,12.76,3.69766,1,10,0,0,11,74.902,0,0,6.4,0,183.2
1775,1641.760,13.539,13.3219,13.772,32,0,0,2231,21.748,15.5,77,41.8,2.44,25.8824,29.0196,236.981,14.2196,12.905,3.96579,1,10,0,0,10,74.902,0,0,6.4,0,183.2
1776,1641.800,13.9181,13.5516,13.5917,32,0,0,2225,21.748,15,77,43.72,2.46,25.8824,29.8039,237.776,14.2196,13.05,4.29822,1,10,0,0,9,74.902,0,0,6.656,0,183.2
1777,1641.840,13.5816,13.7813,13.5917,32,0,0,2274,21.748,14.5,77,43.73,2.48,25.8824,29.8039,238.082,14.2196,13.195,4.29822,1,10,0,0,9,74.902,0,0,6.912,0,183.2
1778,1641.880,13.7924,13.7813,13.3981,32,0,0,2301.75,22.3694,14.5,77,43.96,2.48,26.2745,29.8039,241.671,14.2196,13.34,4.39348,1,10,0,0,10,74.902,0,0,6.912,0,183.2
1779,1641.920,13.5816,13.6664,13.3981,32,0,0,2325.75,22.3694,15.5,77,44.08,2.48,25.8824,29.8039,242.984,14.2196,13.34,4.39348,1,10,0,0,10,74.902,0,0,6.912,0,183.2
1780,1641.960,13.2876,13.5516,13.2507,32,0,0,2316,22.9907,15,77,44.61,2.48,25.8824,29.8039,244.836,14.2196,13.34,4.52295,1,10,0,0,9,74.902,0,0,7.168,0,183.2
1781,1642.000,12.8234,13.207,13.1065,32,0,0,2330.5,22.9907,15.5,77,44.74,2.48,26.2745,29.8039,247.22,14.2196,13.34,4.61169,1,10,0,0,9,74.902,0,0,7.168,0,183.2
1782,1642.040,12.6552,12.9773,13.1065,32,0,0,2343.5,22.9907,14.5,77,44.74,2.5,29.0196,30.5882,259.275,14.2196,13.485,4.61169,1,10,0,0,10,74.902,0,0,7.424,0,183.2
1783,1642.080,12.3593,12.6328,12.9654,32,0,0,2362.5,22.9907,15,77,45.38,2.54,30.1961,32.1569,264.92,14.2196,13.485,5.18519,1,10,0,0,10,74.902,0,0,7.424,0,183.2
1784,1642.120,12.191,12.2883,12.8,32,0,0,2377.75,22.9907,15,77,47.38,2.54,29.8039,32.9412,264.694,14.2196,13.63,5.38945,1,10,0,0,9,74.902,0,0,7.424,0,183.2
1785,1642.160,11.9802,12.0586,12.8,32,0,0,2353.25,22.9907,15,77,47.15,2.54,29.4118,32.549,265.544,14.2196,13.92,5.38945,1,10,0,0,9,74.902,0,0,7.68,0,183.2
1786,1642.200,12.0653,12.0586,12.6282,32,0,0,2375,22.9907,15,77,46.64,2.52,29.0196,31.7647,264.351,14.2196,13.92,5.33198,1,10,0,0,9,74.902,0,0,7.68,0,183.2
1787,1642.240,12.1079,12.0586,12.6282,32,0,0,2368.25,22.9907,15,77,46.77,2.54,29.0196,31.7647,265.087,14.2196,13.92,5.33198,1,10,0,0,10,74.902,0,0,7.68,0,183.2
1788,1642.280,11.6012,11.8289,12.5492,32,0,0,2388.25,23.6121,15,77,47.26,2.54,29.0196,31.7647,265.757,14.2196,13.92,5.36958,1,10,0,0,10,74.902,0,0,7.68,0,183.2
1789,1642.320,11.6012,11.7141,12.544,32,0,0,2388.75,23.6121,15,77,47.24,2.54,29.4118,31.7647,268.636,14.2196,13.92,5.55715,1,10,0,0,10,74.902,0,0,7.68,0,183.2
1790,1642.360,11.5586,11.5992,12.544,32,0,0,2400.25,23.6121,15,77,47.83,2.56,29.4118,32.1569,269.684,14.2196,13.92,5.55715,1,10,0,0,10,74.902,0,0,7.68,0,183.2
1791,1642.400,11.8971,11.5992,12.5545,32,0,0,2421.5,23.6121,15,77,47.94,2.58,29.4118,32.1569,271.164,14.2196,14.065,5.64227,1,10,0,0,10,74.902,0,0,7.936,0,183.2
1792,1642.440,11.7288,11.5992,12.5283,32,0,0,2421,23.6121,15,77,48.26,2.58,29.8039,32.1569,273.341,14.2196,14.065,5.90813,1,10,0,0,10,74.902,0,0,7.936,0,183.2
1793,1642.480,11.5586,11.5992,12.5283,32,0,0,2462.25,23.6121,15,77,48.47,2.58,29.8039,32.1569,273.749,14.2196,14.065,5.90813,1,10,0,0,10,74.902,0,0,7.936,0,183.2
1794,1642.520,11.812,11.5992,12.4816,32,0,0,2488.5,24.2335,15.5,77,48.79,2.58,29.8039,32.549,275.265,14.2196,14.065,6.41507,1,10,0,0,10,74.902,0,0,7.936,0,183.2
1795,1642.560,11.518,11.5992,12.4713,32,0,0,2497,24.2335,15.5,77,49.44,2.6,29.8039,32.549,274.409,14.2196,14.21,6.41507,1,10,0,0,10,74.902,0,0,7.936,0,183.2
1796,1642.600,11.8971,11.5992,12.4713,32,0,0,2518.75,24.8548,15.5,77,49.97,2.6,29.8039,32.549,274.715,14.2196,14.21,6.52377,1,10,0,0,10,74.902,0,0,7.936,0,183.2
1797,1642.640,12.0228,11.5992,12.4506,32,0,0,2517.75,24.8548,16,77,49.76,2.6,29.8039,32.549,275.043,14.2196,14.21,6.7283,1,10,0,0,10,74.902,0,0,7.936,0,183.2
1798,1642.680,11.9802,11.5992,12.4506,32,0,0,2521.5,24.8548,15,77,49.65,2.6,29.8039,32.549,275.243,14.2196,14.355,6.7283,1,10,0,0,11,74.902,0,0,7.936,0,183.2
1799,1642.720,12.0228,11.5992,12.4506,32,0,0,2545.75,24.8548,15.5,77,49.87,2.62,29.4118,32.549,274.251,14.2196,14.355,6.88696,1,10,0,0,11,74.902,0,0,7.936,0,183.2
1800,1642.760,11.8971,11.5992,12.4713,32,0,0,2549.75,24.8548,16,77,50.3,2.62,29.0196,32.549,272.075,14.2196,14.355,6.70208,1,10,0,0,11,74.902,0,0,7.936,0,183.2
1801,1642.800,12.0653,11.5992,12.4713,32,0,0,2546,24.8548,15.5,77,50.42,2.62,28.2353,32.1569,269.794,14.2196,14.355,6.70208,1,10,0,0,10,74.902,0,0,7.936,0,183.2
1802,1642.840,11.8971,11.7141,12.4764,32,0,0,2550.25,25.4762,15.5,77,50.68,2.62,27.8431,31.3725,267.5,14.2196,14.355,6.49722,1,10,0,0,10,74.902,0,0,7.936,0,183.2
1803,1642.880,12.0653,11.7141,12.4609,32,0,0,2579.25,25.4762,15.5,77,50.08,2.6,27.8431,30.9804,267.645,14.2196,14.355,6.49722,1,10,0,0,10,74.902,0,0,7.936,0,183.2
1804,1642.920,12.191,11.7141,12.4609,32,0,0,2589.25,25.4762,15.5,77,50.57,2.62,27.451,30.9804,266.543,14.2196,14.355,6.59252,1,10,0,0,10,74.902,0,0,7.936,0,183.2
1805,1642.960,11.9377,11.7141,12.4558,32,0,0,2593.25,25.4762,15.5,77,50.3,2.62,27.0588,30.5882,264.256,14.2196,14.355,6.42059,1,10,0,0,10,74.902,0,0,7.936,0,183.2
1806,1643.000,12.0228,11.7141,12.4558,32,0,0,2615.25,25.4762,16,77,50.21,2.62,27.0588,30.5882,264.392,14.2196,14.21,6.42059,1,10,0,0,10,74.902,0,0,7.936,0,183.2
1807,1643.040,12.0653,11.5992,12.4764,32,0,0,2639.75,25.4762,16,77,50.68,2.62,27.451,30.5882,265.843,14.2196,14.21,6.52715,1,10,0,0,10,74.902,0,0,7.68,0,183.2
1808,1643.080,12.1079,11.7141,12.4971,32,0,0,2638,26.0976,16,77,50.82,2.64,27.451,30.5882,267.238,14.2196,14.21,6.70494,1,10,0,0,10,74.902,0,0,7.68,0,183.2
1809,1643.120,11.8971,11.7141,12.4971,32,0,0,2640.5,26.0976,16,77,51.24,2.62,27.451,30.5882,266.144,14.2196,14.21,6.70494,1,10,0,0,10,74.902,0,0,7.68,0,183.2
1810,1643.160,12.191,11.7141,12.5023,32,0,0,2682.5,26.0976,16,77,51.69,2.64,27.0588,30.5882,265.029,14.2196,14.21,6.93281,1,10,0,0,10,74.902,0,0,7.68,0,183.2
1811,1643.200,12.2761,11.8289,12.5023,32,0,0,2724,26.0976,16,77,52.43,2.66,27.0588,30.5882,265.311,14.2196,14.21,7.18441,1,10,0,0,10,74.902,0,0,7.936,0,183.2
1812,1643.240,12.1079,11.8289,12.5023,32,0,0,2711,26.719,16.5,77,52.88,2.66,26.2745,30.5882,261.74,14.2196,14.21,7.18441,1,10,0,0,10,74.902,0,0,7.936,0,183.2
1813,1643.280,12.3187,11.8289,12.5231,32,0,0,2680.25,26.719,16,77,52.13,2.64,26.2745,29.8039,261.828,14.2196,14.355,6.64514,1,10,0,0,10,74.902,0,0,7.68,0,183.2
1814,1643.320,12.3593,11.8289,12.5231,32,0,0,2700.5,26.719,15.5,77,51.69,2.64,26.6667,29.8039,263.169,14.2196,14.21,6.64514,1,10,0,0,10,74.902,0,0,7.68,0,183.2
1815,1643.360,12.2336,11.8289,12.5336,32,0,0,2748.5,26.719,15.5,77,52.28,2.66,26.6667,29.8039,263.274,14.2196,14.21,6.97029,1,10,0,0,10,74.902,0,0,7.68,0,183.2
1816,1643.400,12.3593,11.8289,12.544,32,0,0,2766.25,26.719,16.5,77,52.88,2.68,26.6667,30.1961,263.495,14.2196,14.21,7.18849,1,10,0,0,10,74.902,0,0,7.68,0,183.2
1817,1643.440,12.1485,11.8289,12.544,32,0,0,2752.5,26.719,16.5,77,53.17,2.66,26.2745,30.1961,262.354,14.2196,14.21,7.18849,1,10,0,0,11,74.902,0,0,7.68,0,183.2
1818,1643.480,11.8545,11.8289,12.5492,32,0,0,2760.5,27.3403,16,77,52.73,2.66,25.8824,29.8039,261.105,14.2196,14.21,6.78222,1,10,0,0,10,74.902,0,0,7.68,0,183.2
1819,1643.520,12.0653,11.8289,12.5545,32,0,0,2769.75,27.3403,16,77,53.32,2.66,25.8824,29.8039,261.2,14.2196,14.21,6.78222,1,10,0,0,10,74.902,0,0,7.68,0,183.2
1820,1643.560,11.8971,11.8289,12.5545,32,0,0,2787.5,27.3403,16,77,53.76,2.68,25.8824,29.8039,260.013,14.2196,14.21,6.94066,1,10,0,0,10,74.902,0,0,7.68,0,183.2
1821,1643.600,11.812,11.8289,12.5597,32,0,0,2800.5,27.3403,16,77,53.91,2.68,24.7059,29.4118,253.168,14.2196,14.21,6.58098,1,10,0,0,11,74.902,0,0,7.68,0,183.2
1822,1643.640,11.7694,11.8289,12.5597,32,0,0,2826.25,27.9617,16,77,52.58,2.66,24.7059,28.6275,253.256,14.2196,14.21,6.58098,1,10,0,0,11,74.902,0,0,7.68,0,183.2
1823,1643.680,12.0653,11.8289,12.5702,32,0,0,2843,27.9617,16.5,77,52.58,2.66,24.7059,28.6275,250.113,14.2196,14.21,6.50021,1,10,0,0,11,74.5098,0,0,7.68,0,183.2
1824,1643.720,12.0228,11.7141,12.5912,32,0,0,2843.75,27.9617,16.5,77,52.43,2.66,23.9216,28.2353,243.574,14.2196,14.065,5.73071,1,10,0,0,11,74.5098,0,0,7.68,0,183.2
1825,1643.760,11.7694,11.7141,12.5912,32,0,0,2850.25,27.9617,16.5,77,52.28,2.64,22.7451,27.451,227.204,14.2196,14.065,5.73071,1,10,0,0,11,74.5098,0,0,7.68,0,183.2
1826,1643.800,11.812,11.5992,12.6707,32,0,0,2867.5,27.9617,16.5,77,50.68,2.62,21.9608,26.2745,217.368,14.2196,13.92,3.82318,1,10,0,0,11,74.902,0,0,7.424,0,183.2
1827,1643.840,11.7288,11.5992,12.971,32,0,0,2879.5,27.9617,16.5,77,49.54,2.6,21.9608,25.8824,217.351,14.2196,13.63,3.82318,1,10,0,0,11,74.902,0,0,7.168,0,183.2
1828,1643.880,11.6863,11.4844,12.971,32,0,0,2862.25,28.5831,16.5,77,49.54,2.6,20.7843,25.8824,204.228,14.2196,13.34,3.92219,1,10,0,0,11,74.902,0,0,6.912,0,183.2
1829,1643.920,11.6863,11.3695,13.2274,32,0,0,2871.75,28.5831,16.5,77,49.44,2.56,20,25.098,191.102,14.2196,13.195,2.24917,1,10,0,0,11,74.902,0,0,6.912,0,183.2
1830,1643.960,11.6437,11.4844,13.2274,32,0,0,2894.5,28.5831,16.5,77,47.47,2.54,17.6471,24.3137,164.85,14.2196,13.05,2.24917,1,10,0,0,11,74.902,0,0,6.656,0,183.2
1831,1644.000,11.518,11.5992,13.5245,32,0,0,2905,28.5831,16.5,77,45,2.5,16.4706,22.3529,148.488,14.2196,12.615,-.309908,1,10,0,0,11,74.902,0,0,6.4,0,183.2
1832,1644.040,11.6863,11.4844,14.6713,32,0,0,2889.5,28.5831,16.5,77,43.09,2.46,15.6863,21.5686,140.22,14.2196,12.035,-1.64381,1,10,0,0,11,74.902,0,0,5.888,0,183.2
1833,1644.080,11.4755,11.4844,14.6713,32,0,0,2884.5,28.5831,17,77,39.62,2.4,13.3333,20.7843,115.567,14.2196,11.6,-1.64381,1,10,0,0,11,74.902,0,0,5.632,0,183.2
1834,1644.120,11.4755,11.4844,15.0981,32,-1.5625,0,2905.25,28.5831,17.5,77,35.93,2.36,12.549,19.2157,104.502,14.2196,11.02,-4.46724,1,10,0,0,12,74.902,0,0,5.12,0,183.2
1835,1644.160,11.4755,11.5992,16.1165,32,-5.46875,0,2922.25,28.5831,19,77,35.21,2.34,12.549,18.8235,107.111,14.2196,10.44,-4.46724,1,10,0,0,13,74.902,0,0,4.608,0,183.2
1836,1644.200,11.5586,11.5992,16.1165,32,-7.8125,0,2928.5,28.5831,19.5,77,34.59,2.34,12.9412,18.8235,109.848,14.2196,10.005,-4.66539,1,10,0,0,15,74.902,0,0,4.352,0,183.2
1837,1644.240,11.7694,11.9437,15.3053,32,-9.375,0,2926.75,28.5831,20.5,77,34.32,2.3,12.9412,18.8235,109.84,14.2196,9.715,-4.45744,1,10,0,0,16,74.902,0,0,4.352,0,183.2
1838,1644.280,12.4018,12.2883,15.3053,32,-9.375,0,2936.75,29.2044,21,77,34.41,2.32,12.9412,18.8235,109.775,14.2196,9.57,-4.45744,1,10,0,0,18,74.902,0,0,4.096,0,183.2
1839,1644.320,13.2451,12.6328,15.0603,32,-10.1563,0,2972.75,29.2044,21.5,77,34.41,2.32,13.3333,18.8235,112.314,14.2196,9.425,-4.41198,1,10,0,0,19,74.902,0,0,4.096,0,183.2
1840,1644.360,13.9606,12.9773,14.8596,32,-9.375,0,2994.5,29.2044,21.5,77,34.85,2.32,13.3333,19.6078,114.93,14.2196,9.28,-3.8535,1,10,0,0,20,74.902,0,0,4.096,0,183.2
1841,1644.400,14.2972,13.3219,14.8596,32,-8.59375,0,2982.5,29.2044,21.5,77,34.94,2.32,12.9412,19.6078,109.508,14.2196,9.28,-3.8535,1,10,0,0,20,74.902,0,0,4.096,0,183.2
1842,1644.440,14.5931,13.7813,14.6144,32,-7.03125,0,2960.75,29.2044,22,77,34.94,2.34,12.549,19.6078,106.877,14.2196,9.28,-4.56927,1,10,0,0,21,74.902,0,0,4.096,0,183.2
1843,1644.480,14.7613,14.2406,14.4738,32,-4.6875,0,2965.25,29.2044,22,77,35.03,2.34,12.549,18.8235,104.111,14.2196,9.28,-4.56927,1,10,0,0,21,74.902,0,0,4.352,0,183.2
1844,1644.520,14.8039,14.7,14.4738,32,-1.5625,0,2979.75,29.2044,22,77,33.87,2.3,12.549,18.8235,104.029,14.2196,9.28,-4.81611,1,10,0,0,21,74.902,0,0,4.352,0,183.2
1845,1644.560,14.9721,14.9297,14.4669,32,.78125,-2.34375,2985.5,29.2044,22,77,32.25,2.28,12.549,18.8235,103.995,14.2196,9.135,-4.53759,1,10,0,0,21,74.902,0,0,4.352,0,183.2
1846,1644.600,14.5931,14.8148,14.4669,32,.78125,-2.34375,2967.25,29.2044,22.5,77,33.17,2.28,11.7647,18.4314,95.8749,14.2196,8.99,-4.53759,1,10,0,0,21,74.902,0,0,4.352,0,183.2
1847,1644.640,13.7924,14.3555,14.4948,32,.78125,-2.34375,2935.75,29.2044,22.5,77,32.18,2.26,10.5882,17.6471,85.1485,14.2196,8.845,-5.49075,1,10,0,0,21,74.902,0,0,4.352,0,183.2
1848,1644.680,13.7073,14.1258,14.5087,32,0,-2.34375,2937.5,29.2044,23,77,28.89,2.2,10.1961,17.2549,82.4662,14.2196,8.7,-5.98936,1,10,0,0,21,74.902,0,0,4.096,0,183.2
1849,1644.720,13.5816,13.8961,14.5087,32,0,-2.34375,2969.75,29.2044,23.5,77,28.08,2.18,10.5882,17.2549,85.0389,14.2196,8.41,-5.98936,1,10,0,0,21,74.902,0,0,4.096,0,183.2
1850,1644.760,13.4133,13.6664,14.6785,32,0,-2.34375,2983,29.2044,24,75.2,27.65,2.18,10.5882,17.2549,84.9238,14.2196,8.265,-5.7828,1,10,0,0,21,74.902,0,0,3.84,0,183.2
1851,1644.800,13.3282,13.6664,14.6928,32,-.78125,-2.34375,2973,29.2044,24,75.2,28.19,2.2,10.5882,17.2549,84.9519,14.2196,8.12,-5.7828,1,10,0,0,21,74.902,0,0,3.84,0,183.2
1852,1644.840,13.4559,13.6664,14.6928,32,-.78125,-2.34375,2945.25,29.2044,24,75.2,28.73,2.22,10.5882,17.6471,85.0351,14.2196,7.975,-5.75083,1,10,0,0,21,74.902,0,0,3.84,0,183.2
1853,1644.880,13.4133,13.6664,14.5508,32,0,-2.34375,2947.25,29.2044,24,75.2,29.16,2.2,10.5882,17.6471,85.0229,14.2196,7.975,-5.89648,1,10,0,0,21,74.902,0,0,3.84,0,183.2
1854,1644.920,13.6667,13.8961,14.5508,32,.78125,-2.34375,2961.75,29.2044,24.5,75.2,28.62,2.22,10.9804,17.2549,87.6782,14.2196,7.975,-5.89648,1,10,0,0,21,74.902,0,0,3.84,0,183.2
1855,1644.960,14.0457,14.0109,14.4878,32,1.5625,-2.34375,2966.25,29.2044,24.5,75.2,28.51,2.2,10.5882,17.2549,84.9156,14.2196,7.975,-5.73755,1,10,0,0,21,74.902,0,0,3.84,0,183.2
1856,1645.000,14.0457,14.1258,14.4253,32,2.34375,-2.34375,2977.5,29.2044,24.5,75.2,28.4,2.2,10.1961,17.2549,79.3757,14.2196,7.83,-5.93536,1,10,0,0,20,74.902,0,0,3.84,0,183.2
1857,1645.040,13.9606,14.0109,14.4253,32,3.125,-2.34375,2969.75,29.2044,24.5,75.2,27.76,2.16,6.66667,16.0784,46.8955,14.2196,7.83,-5.93536,1,10,0,0,20,74.902,0,0,3.84,0,183.2
1858,1645.080,13.8775,14.0109,14.453,32,3.125,-2.34375,2965,29.2044,25.5,75.2,22.64,2.04,.392157,14.1176,43,14.2196,7.54,-7.38061,1,10,0,0,20,74.902,0,0,3.584,0,183.2
1859,1645.120,13.7073,13.7813,16.0051,32,2.34375,-2.34375,2958.5,29.2044,26.5,75.2,20.2,1.96,0,13.7255,40.5,14.2196,6.96,-7.38061,1,10,0,0,20,74.902,0,0,3.072,0,183.2
1860,1645.160,13.1174,13.4367,16.0051,32,.78125,-1.5625,2956,29.2044,26.5,75.2,18.82,1.94,0,13.3333,38,14.2196,6.525,-7.56573,1,10,0,0,17,0,0,0,3.072,0,183.2
1861,1645.200,13.0768,13.0922,14.9928,32,0,-1.5625,2963.25,29.2044,26.5,75.2,17.56,1.9,0,12.9412,35.5,14.2196,6.235,-7.72745,1,10,0,0,8,0,0,0,2.816,0,183.2
1862,1645.240,13.0768,13.0922,14.9928,32,-.78125,-1.5625,2962.25,29.2044,26,75.2,17.63,1.9,0,12.9412,33,14.2196,5.945,-7.72745,1,10,0,0,3,0,0,0,2.816,0,183.2
1863,1645.280,13.0768,13.207,14.9185,32,-.78125,-1.5625,2951,29.2044,26,75.2,16.32,1.88,0,12.549,30.5,14.2196,5.8,-7.84615,1,10,0,0,1,0,0,0,0,0,183.2
1864,1645.320,13.3282,13.4367,14.2748,32,0,-1.5625,2911.75,29.2044,25,75.2,16.17,1.86,0,12.1569,28,14.2196,5.655,-8.10236,1,10,0,0,1,0,0,0,0,0,183.2
1865,1645.360,13.4984,13.5516,14.2748,32,0,-1.5625,2908.5,29.2044,24.5,75.2,14.68,1.82,0,11.7647,25.5,14.2196,5.51,-8.10236,1,10,0,0,1,0,0,0,0,0,183.2
1866,1645.400,13.7924,13.8961,14.2748,32,1.5625,-1.5625,2905.25,28.5831,23.5,75.2,14.07,1.8,0,10.9804,23,14.2196,5.22,-8.28106,1,10,0,0,1,0,0,0,0,0,183.2
1867,1645.440,14.4248,14.2406,14.2748,32,3.125,-1.5625,2897,28.5831,23,75.2,12.2,1.74,0,10.5882,20.5,14.2196,5.075,-8.28106,1,10,0,0,1,0,0,0,0,0,183.2
1868,1645.480,14.9296,14.7,14.2748,32,4.6875,-1.5625,2907.25,28.5831,22.5,75.2,11.82,1.74,0,10.1961,18,14.2196,4.93,-8.51785,1,10,0,0,1,0,0,0,0,0,183.2
1869,1645.520,15.4363,15.1594,14.2748,32,6.25,-1.5625,2897.75,28.5831,22,75.2,11.58,1.7,0,9.80392,15.5,14.2196,4.785,-8.6834,1,10,0,0,1,0,0,0,0,0,183.2
1870,1645.560,16.0262,15.7336,14.2748,32,8.59375,-.78125,2885.5,28.5831,21,77,10.9,1.66,0,9.41177,13,14.2196,4.64,-8.6834,1,10,0,0,1,0,0,0,0,0,183.2
1871,1645.600,16.8268,15.9633,14.2748,32,10.9375,-.78125,2873.25,28.5831,20.5,77,10.12,1.64,0,9.41177,10.5,14.2196,4.495,-8.91199,1,10,0,0,1,0,0,0,0,0,183.2
1872,1645.640,17.0782,16.0781,14.2748,32,11.7188,-.78125,2895.75,28.5831,20,77,10.05,1.64,0,9.01961,8,14.2196,4.35,-9.05398,1,10,0,0,1,0,0,0,0,0,183.2
1873,1645.680,16.9525,15.9633,14.2748,32,12.5,-.78125,2946.25,28.5831,20,77,9.6,1.62,0,9.01961,5.5,14.2196,4.205,-9.05398,1,10,0,0,1,0,0,0,0,0,183.2
1874,1645.720,16.9525,15.6187,14.2748,32,12.5,-.78125,2956.5,28.5831,20,77,9.64,1.62,0,9.01961,3,14.2196,4.06,-9.06327,1,10,0,0,1,0,0,0,0,0,183.2
1875,1645.760,16.8268,15.1594,12.4558,32,12.5,-.78125,2923,28.5831,20,77,9.6,1.62,0,8.62745,.5,14.2196,3.915,-9.06327,1,10,0,0,1,0,0,0,0,0,183.2
1876,1645.800,16.8268,14.9297,12.4558,32,0,-.78125,2881.25,28.5831,20,77,9.43,1.6,0,8.62745,0,14.2196,3.915,-9.25398,1,10,0,0,1,0,0,0,0,0,183.2
1877,1645.840,16.2776,14.9297,12.4558,32,0,-.78125,2841,28.5831,20,77,9.28,1.58,0,8.62745,0,14.2196,3.915,-9.42393,1,10,0,0,1,0,0,0,0,0,183.2
1878,1645.880,16.3201,14.9297,12.4558,32,0,-.78125,2801,27.9617,20,77,9.11,1.6,0,8.23529,0,14.2196,3.77,-9.42393,1,10,0,0,1,0,0,0,0,0,183.2
1879,1645.920,16.0262,14.8148,12.4558,32,0,-.78125,2780.25,27.9617,20,77,8.8,1.58,0,8.23529,0,14.2196,3.77,-9.5697,1,10,0,0,1,0,0,0,0,0,183.2
1880,1645.960,16.1093,14.8148,12.5023,32,0,-.78125,2818.75,27.9617,20,77,8.62,1.56,0,7.84314,0,14.2196,3.77,-9.5309,1,10,0,0,1,0,0,0,0,0,183.2
1881,1646.000,16.0668,15.0445,12.5023,32,0,-.78125,2848.5,27.9617,20,77,8.43,1.54,0,7.84314,0,14.2196,3.625,-9.5309,1,10,0,0,1,0,0,0,0,0,183.2
1882,1646.040,16.2776,15.7336,12.6707,32,0,-.78125,2845,27.9617,20,77,8.16,1.54,0,7.84314,0,14.2196,3.625,-9.46082,1,10,0,0,1,0,0,0,0,0,183.2
1883,1646.080,16.3201,16.6523,12.6707,32,0,-.78125,2808.25,27.9617,20,77,8.37,1.56,0,7.84314,0,14.2196,3.625,-9.46082,1,10,0,0,1,0,0,0,0,0,183.2
1884,1646.120,16.7417,17.6859,12.6707,32,0,-.78125,2772.75,27.9617,20,77,8.31,1.56,0,8.23529,0,14.2196,3.625,-9.5566,1,10,0,0,1,0,0,0,0,0,183.2
1885,1646.160,17.1633,18.6047,12.6707,32,0,0,2782.25,27.9617,20,77,8.1,1.54,0,8.23529,0,14.2196,3.625,-9.57714,1,10,0,0,1,0,0,0,0,0,183.2
1886,1646.200,18.0472,19.6383,12.6707,31,0,0,2812.75,27.9617,20,77,8.43,1.54,0,7.84314,0,14.2196,3.625,-9.57714,1,10,0,0,1,0,0,0,0,0,183.2
1887,1646.240,19.1012,20.3273,12.6707,31,0,0,2814.5,27.9617,20,77,8.31,1.56,0,7.84314,0,14.2196,3.625,-9.50127,1,10,0,0,1,0,0,0,0,0,183.2
1888,1646.280,20.366,20.3273,12.6707,31,0,0,2806.25,27.3403,20,77,8.25,1.54,0,8.23529,0,14.2196,3.625,-9.56172,1,10,0,0,1,0,0,0,0,0,183.2
1889,1646.320,20.0701,20.3273,12.6707,31,0,0,2773.5,27.3403,20,77,8.18,1.56,0,8.23529,0,14.2196,3.625,-9.56172,1,10,0,0,1,0,0,0,0,0,183.2
1890,1646.360,20.0701,20.3273,12.6707,31,0,0,2752,27.3403,20,77,8.37,1.56,0,7.84314,0,14.2196,3.625,-9.57714,1,10,0,0,1,0,0,0,0,0,183.2
1891,1646.400,20.1552,20.3273,12.6707,31,0,0,2749.5,27.3403,20,77,8.18,1.56,0,7.84314,0,14.2196,3.625,-9.57714,1,10,0,0,1,0,0,0,0,0,183.2
1892,1646.440,20.1127,20.3273,12.6707,31,0,0,2741.75,27.3403,20,77,8.68,1.58,0,7.84314,0,14.2196,3.625,-9.57714,1,10,0,0,1,0,0,0,0,0,183.2
1893,1646.480,20.0276,20.3273,12.6707,31,0,0,2737.5,27.3403,20,77,8.49,1.56,0,7.84314,0,14.2196,3.48,-9.57714,1,10,0,0,1,0,0,0,0,0,183.2
1894,1646.520,20.1959,20.3273,12.6707,31,0,0,2723,26.719,20,77,8.43,1.56,0,7.84314,0,14.2196,3.48,-9.57714,1,10,0,0,1,0,0,0,0,0,183.2
1895,1646.560,20.1127,20.3273,12.6707,31,0,.78125,2692.5,26.719,20,77,8.31,1.56,0,7.84314,0,14.2196,3.48,-9.57714,1,10,0,0,1,0,0,0,0,0,183.2
1896,1646.600,20.1959,20.3273,12.6707,31,0,.78125,2691.5,26.719,20,77,8.43,1.56,0,7.84314,0,14.2196,3.48,-9.57714,1,10,0,0,1,0,0,0,0,0,183.2
1897,1646.640,20.1959,20.3273,12.6707,31,0,.78125,2687.25,26.719,20,77,8.18,1.54,0,7.84314,0,14.2196,3.48,-9.57714,1,10,0,0,1,0,0,0,0,0,183.2
1898,1646.680,20.0276,20.3273,12.6707,31,0,.78125,2687,26.719,20,77,8.12,1.54,0,7.84314,0,14.2196,3.48,-9.57701,1,10,0,0,1,0,0,0,0,0,183.2
1899,1646.720,19.7762,20.3273,12.6707,31,0,.78125,2685,26.719,20,77,8.1,1.54,0,7.84314,0,14.2196,3.48,-9.57701,1,10,0,0,1,0,0,0,0,0,183.2
1900,1646.760,19.6911,20.3273,12.6707,31,0,.78125,2654.75,26.0976,20,77,8.1,1.54,0,7.84314,0,14.2196,3.48,-9.57714,1,10,0,0,1,0,0,0,0,0,183.2
1901,1646.800,19.7336,20.3273,12.6707,31,0,.78125,2630.5,26.0976,20,77,8.04,1.54,0,7.84314,0,14.2196,3.48,-9.57714,1,10,0,0,1,0,0,0,0,0,183.2
1902,1646.840,19.606,20.3273,12.6707,31,0,.78125,2635.25,26.0976,20,77,8.05,1.54,0,7.84314,0,14.2196,3.48,-9.57714,1,10,0,0,1,0,0,0,0,0,183.2
1903,1646.880,19.8593,20.3273,12.6707,31,0,.78125,2656.75,26.0976,20,77,8.04,1.54,0,7.84314,0,14.2196,3.48,-9.57714,1,10,0,0,1,0,0,0,0,0,183.2
1904,1646.920,19.6485,20.3273,12.6707,31,0,.78125,2652.5,26.0976,20,77,8.1,1.54,0,7.84314,0,14.2196,3.48,-9.57714,1,10,0,0,1,0,0,0,0,0,183.2
1905,1646.960,19.7336,20.3273,12.6707,31,0,3.125,2621,26.0976,20,77,8.18,1.56,0,7.84314,0,14.2196,3.48,-9.57714,1,10,0,0,1,0,0,0,0,0,183.2
1906,1647.000,19.606,20.3273,12.6707,31,0,3.125,2595.25,26.0976,20,77,8.02,1.52,0,7.84314,0,14.2196,3.48,-9.57701,1,10,0,0,1,0,0,0,0,0,183.2
1907,1647.040,19.8168,20.3273,12.6707,31,0,3.125,2600.5,26.0976,20,77,7.98,1.52,0,7.84314,0,14.2196,3.48,-9.57701,1,10,0,0,1,0,0,0,0,0,183.2
1908,1647.080,19.7336,20.3273,12.6707,31,0,3.125,2598.75,25.4762,20,77,7.98,1.52,0,7.84314,0,14.2196,3.48,-9.57689,1,10,0,0,1,0,0,0,0,0,183.2
1909,1647.120,19.8168,20.3273,12.6707,30,0,3.125,2577,25.4762,20,77,8.02,1.52,0,7.84314,0,14.2196,3.48,-9.57683,1,10,0,0,1,0,0,0,0,0,183.2
1910,1647.160,19.8168,20.3273,12.6707,30,0,3.125,2545,25.4762,20,77,7.98,1.54,0,7.84314,0,14.2196,3.48,-9.57683,1,10,0,0,1,0,0,0,0,0,183.2
1911,1647.200,19.6485,20.3273,12.6707,30,0,3.125,2531,25.4762,20,77,8.02,1.54,0,7.84314,0,14.2196,3.335,-9.57677,1,10,0,0,1,0,0,0,0,0,183.2
1912,1647.240,19.7762,20.3273,12.6707,30,0,3.125,2505.25,24.8548,20,77,8.02,1.54,0,7.84314,0,14.2196,3.335,-9.57677,1,10,0,0,1,0,0,0,0,0,183.2
1913,1647.280,19.7762,20.3273,12.6707,30,0,3.125,2500.5,24.8548,20,77,8.04,1.54,0,7.45098,0,14.2196,3.335,-9.57677,1,10,0,0,1,0,0,0,0,0,183.2
1914,1647.320,19.9851,20.3273,12.6707,30,0,3.125,2508.5,24.8548,20,77,7.92,1.52,0,7.45098,0,14.2196,3.335,-9.57671,1,10,0,0,1,0,0,0,0,0,183.2
1915,1647.360,19.8168,20.3273,12.6707,30,0,3.125,2487.5,24.8548,20,77,7.9,1.52,0,7.45098,0,14.2196,3.335,-9.57665,1,10,0,0,1,0,0,0,0,0,183.2
1916,1647.400,19.8168,20.3273,12.6707,30,0,3.125,2470.5,24.8548,20,77,7.86,1.52,0,7.45098,0,14.2196,3.335,-9.57665,1,10,0,0,1,0,0,0,0,0,183.2
1917,1647.440,19.6911,20.3273,12.6707,30,0,3.125,2469.75,24.8548,20,77,7.86,1.52,0,7.45098,0,14.2196,3.335,-9.57653,1,10,0,0,1,0,0,0,0,0,183.2
1918,1647.480,19.6911,20.3273,12.6707,30,0,3.125,2448.25,24.2335,20,77,7.9,1.52,0,7.45098,0,14.2196,3.335,-9.57653,1,10,0,0,1,0,0,0,0,0,183.2
1919,1647.520,19.7336,20.3273,12.6707,30,0,3.125,2435.25,24.2335,20,77,7.88,1.52,0,7.45098,0,14.2196,3.335,-9.57647,1,10,0,0,1,0,0,0,0,0,183.2
1920,1647.560,19.7762,20.3273,12.6707,30,0,3.125,2436.25,24.2335,20,77,7.88,1.52,0,7.45098,0,14.2196,3.335,-9.57641,1,10,0,0,1,0,0,0,0,0,183.2
1921,1647.600,19.6911,20.3273,12.6707,30,0,3.125,2411.75,24.2335,20,77,7.9,1.52,0,7.45098,0,14.2196,3.335,-9.57641,1,10,0,0,1,0,0,0,0,0,183.2
1922,1647.640,19.8168,20.3273,12.6707,30,0,3.125,2404.5,23.6121,20,77,7.86,1.52,0,7.45098,0,14.2196,3.335,-9.57636,1,10,0,0,1,0,0,0,0,0,183.2
1923,1647.680,19.8593,20.3273,12.6707,30,0,3.125,2377,23.6121,20,77,7.9,1.52,0,7.45098,0,14.2196,3.335,-9.5763,1,10,0,0,1,0,0,0,0,0,183.2
1924,1647.720,19.8593,20.3273,12.6707,30,0,3.125,2365.75,23.6121,20,77,7.9,1.52,0,7.45098,0,14.2196,3.335,-9.5763,1,10,0,0,0,0,0,0,0,0,183.2
1925,1647.760,20.1127,20.3273,12.6707,30,0,3.125,2374,23.6121,20,77,7.86,1.52,0,7.05882,0,14.2196,3.335,-9.57618,1,10,0,0,0,0,0,0,0,0,183.2
1926,1647.800,20.1959,20.3273,12.6707,30,0,3.125,2354.75,23.6121,20,77,7.79,1.5,0,7.05882,0,14.2196,3.335,-9.57618,1,10,0,0,1,0,0,0,0,0,183.2
1927,1647.840,20.0701,20.3273,12.6707,30,0,3.125,2346.25,23.6121,20,77,7.75,1.5,0,7.05882,0,14.2196,3.335,-9.57612,1,10,0,0,1,0,0,0,0,0,183.2
1928,1647.880,20.1127,20.3273,12.6707,29,0,3.125,2316,22.9907,20,77,7.79,1.5,0,7.05882,0,14.2196,3.335,-9.57607,1,10,0,0,0,0,0,0,0,0,183.2
1929,1647.920,20.0701,20.3273,12.6707,29,0,3.125,2317.5,22.9907,20,77,7.77,1.5,0,7.05882,0,14.2196,3.335,-9.57607,1,10,0,0,1,0,0,0,0,0,183.2
1930,1647.960,20.4492,20.3273,12.6707,29,0,3.125,2306,22.9907,20,77,7.77,1.5,0,7.05882,0,14.2196,3.335,-9.57601,1,10,0,0,1,0,0,0,0,0,183.2
1931,1648.000,20.1552,20.3273,12.6707,29,0,3.125,2307.75,22.9907,20,77,7.69,1.5,0,7.05882,0,14.2196,3.335,-9.57596,1,10,0,0,1,0,0,0,0,0,185
1932,1648.040,20.1127,20.3273,12.6707,29,0,3.125,2274.75,22.3694,20,77,7.71,1.5,0,7.05882,0,14.2196,3.335,-9.57596,1,10,0,0,1,0,0,0,0,0,185
1933,1648.080,20.1552,20.3273,12.6707,29,0,3.125,2262.75,22.3694,20,77,7.71,1.5,0,7.05882,0,14.2196,3.335,-9.57591,1,10,0,0,1,0,0,0,0,0,185
1934,1648.120,20.1959,20.3273,12.6707,29,0,3.125,2237.25,22.3694,20,77,7.67,1.48,0,7.05882,0,14.2196,3.335,-9.57591,1,10,0,0,1,0,0,0,0,0,185
1935,1648.160,20.2384,20.3273,12.6707,29,0,3.125,2241.75,22.3694,20,77,7.63,1.5,0,7.05882,0,14.2196,3.335,-9.57579,1,10,0,0,1,0,0,0,0,0,185
1936,1648.200,20.1127,20.3273,12.6707,29,0,3.125,2220,21.748,20,77,7.63,1.48,0,7.05882,0,14.2196,3.335,-9.57574,1,10,0,0,1,0,0,0,0,0,185
1937,1648.240,19.9851,20.3273,12.6707,29,0,3.125,2206.5,21.748,20,77,7.65,1.48,0,7.05882,0,14.2196,3.335,-9.57574,1,10,0,0,1,0,0,0,0,0,185
1938,1648.280,20.0276,20.3273,12.6707,29,0,3.125,2167.25,21.748,20,77,7.67,1.48,0,7.05882,0,14.2196,3.335,-9.57569,1,10,0,0,1,0,0,0,0,0,185
1939,1648.320,20.1552,20.3273,12.6707,29,0,3.125,2167.5,21.748,20,77,7.58,1.48,0,7.05882,0,14.2196,3.335,-9.57563,1,10,0,0,1,0,0,0,0,0,185
1940,1648.360,20.1552,20.3273,12.6707,29,0,3.125,2160.25,21.1266,20,77,7.67,1.48,0,7.05882,0,14.2196,3.48,-9.57563,1,10,0,0,1,0,0,0,0,0,185
1941,1648.400,20.2384,20.3273,12.6707,29,0,3.125,2167.5,21.1266,20,77,7.63,1.48,0,7.05882,0,14.2196,3.48,-9.57552,1,10,0,0,1,0,0,0,0,0,185
1942,1648.440,20.1552,20.3273,12.6707,29,0,3.125,2138,21.1266,20,77,7.46,1.48,0,7.05882,0,14.2196,3.48,-9.57552,1,10,0,0,1,0,0,0,0,0,185
1943,1648.480,20.1959,20.3273,12.6707,29,0,3.125,2121.75,21.1266,20,77,7.37,1.48,0,7.05882,0,14.2196,3.48,-9.57547,1,10,0,0,1,0,0,0,0,0,185
1944,1648.520,19.9444,20.3273,12.6707,29,0,3.125,2110.25,21.1266,20,77,7.58,1.48,0,7.05882,0,14.2196,3.48,-9.57542,1,10,0,0,1,0,0,0,0,0,185
1945,1648.560,20.0701,20.3273,12.6707,29,0,3.125,2092.75,21.1266,20,77,7.63,1.48,0,7.05882,0,14.2196,3.48,-9.57542,1,10,0,0,1,0,0,0,0,0,185
1946,1648.600,19.8168,20.3273,12.6707,29,0,3.125,2093,20.5052,20,77,7.63,1.48,0,7.05882,0,14.2196,3.48,-9.57537,1,10,0,0,1,0,0,0,0,0,185
1947,1648.640,19.8168,20.3273,12.6707,29,0,3.125,2062,20.5052,20,77,7.65,1.48,0,7.05882,0,14.2196,3.48,-9.57532,1,10,0,0,1,0,0,0,0,0,185
1948,1648.680,19.6911,20.3273,12.6707,29,0,3.125,2048.25,20.5052,20,77,7.71,1.5,0,7.05882,0,14.2196,3.48,-9.57532,1,10,0,0,1,0,0,0,0,0,185
1949,1648.720,19.6485,20.3273,12.6707,29,0,3.125,2036.75,20.5052,20,77,7.73,1.5,0,7.05882,0,14.2196,3.48,-9.57527,1,10,0,0,1,0,0,0,0,0,185
1950,1648.760,19.8168,20.3273,12.6707,29,0,3.125,2017.75,19.8839,20,77,7.71,1.5,0,7.05882,0,14.2196,3.48,-9.57527,1,10,0,0,1,0,0,0,0,0,185
1951,1648.800,19.606,20.3273,12.6707,29,0,3.125,2017.75,19.8839,20,77,7.67,1.48,0,7.05882,0,14.2196,3.48,-9.57516,1,10,0,0,1,0,0,0,0,0,185
1952,1648.840,19.8168,20.3273,12.6707,29,0,3.125,2005.75,19.8839,20,77,7.63,1.48,0,7.05882,0,14.2196,3.48,-9.57511,1,10,0,0,1,0,0,0,0,0,185
1953,1648.880,19.8168,20.3273,12.6707,29,0,3.125,1972,19.8839,20,77,7.58,1.48,0,7.05882,0,14.2196,3.48,-9.57511,1,10,0,0,1,0,0,0,0,0,185
1954,1648.920,19.7336,20.3273,12.6707,29,0,3.125,1963,19.2625,20,77,7.63,1.48,0,7.05882,0,14.2196,3.48,-9.51349,1,10,0,0,1,0,0,0,0,0,185
1955,1648.960,19.8593,20.3273,12.6707,29,0,3.125,1955.25,19.2625,20,77,7.65,1.48,0,7.05882,0,14.2196,3.48,-9.46457,1,10,0,0,1,0,0,0,0,0,185
1956,1649.000,19.6911,20.3273,12.6707,29,0,3.125,1934,19.2625,20,77,7.49,1.48,0,7.05882,0,14.2196,3.48,-9.46457,1,10,0,0,1,0,0,0,0,0,185
1957,1649.040,19.8593,20.3273,12.6707,29,0,3.125,1922.25,19.2625,20,77,7.28,1.48,0,6.66667,0,14.2196,3.48,-9.42257,1,10,0,0,1,0,0,0,0,0,185
1958,1649.080,19.8168,20.3273,12.6707,29,0,3.125,1905,18.6411,20,77,7.65,1.48,0,6.66667,0,14.2196,3.48,-9.42257,1,10,0,0,1,0,0,0,0,0,185
1959,1649.120,19.7336,20.3273,12.676,29,0,3.125,1889.75,18.6411,20,77,7.58,1.48,0,6.66667,0,14.2196,3.625,-9.34074,1,10,0,0,1,0,0,0,0,0,185
1960,1649.160,19.9019,20.3273,12.676,29,0,3.125,1867.5,18.6411,20,77,7.63,1.48,0,6.66667,0,14.2196,3.625,-9.277,1,10,0,0,1,0,0,0,0,0,185
1961,1649.200,19.7336,20.3273,12.676,29,0,3.125,1863.5,18.6411,20,77,7.63,1.48,0,6.66667,0,14.2196,3.625,-9.277,1,10,0,0,1,0,0,0,0,0,185
1962,1649.240,19.7762,20.3273,12.676,29,0,3.125,1861.5,18.6411,20,77,7.37,1.48,0,6.66667,0,14.2196,3.625,-9.25459,1,10,0,0,1,0,0,0,0,0,185
1963,1649.280,19.8168,20.3273,12.676,29,0,3.125,1841.75,18.6411,20,77,7.58,1.48,0,6.66667,0,14.2196,3.625,-9.18414,1,10,0,0,1,0,0,0,0,0,185
1964,1649.320,19.7336,20.3273,12.676,29,0,3.125,1797.5,18.0198,-5,77,7.28,1.46,0,6.66667,0,14.2196,3.625,-9.18414,1,10,0,0,1,0,0,0,0,0,185
1965,1649.360,19.7336,20.3273,12.676,29,0,3.125,1779.25,18.0198,-4.5,77,7.37,1.48,0,6.66667,0,14.2196,3.625,-9.07156,1,10,0,0,1,0,0,0,2.304,0,185
1966,1649.400,19.7336,20.3273,12.676,29,0,3.125,1770.75,17.3984,-3.5,77,7.28,1.46,0,6.66667,0,14.2196,3.625,-9.07156,1,10,0,0,1,0,0,0,2.304,0,185
1967,1649.440,19.6911,20.3273,12.676,29,0,3.125,1774,17.3984,-1,77,7,1.46,0,6.66667,0,14.2196,3.625,-9.02749,1,10,0,0,1,0,0,0,2.304,0,185
1968,1649.480,19.6911,20.3273,12.676,29,0,3.125,1772.25,17.3984,0,77,7,1.46,0,6.66667,0,14.2196,3.625,-9.01282,1,10,0,0,1,0,0,0,2.304,0,185
1969,1649.520,19.6485,20.3273,12.676,29,0,3.125,1776.75,17.3984,1.5,77,6.91,1.46,0,6.66667,0,14.2196,3.77,-9.01282,1,10,0,0,1,0,0,0,2.048,0,185
1970,1649.560,19.6485,20.3273,12.676,29,0,3.125,1732.75,17.3984,3,77,7.09,1.46,0,6.66667,0,14.2196,3.77,-8.98642,1,10,0,0,1,0,0,0,2.304,0,185
1971,1649.600,19.6911,20.3273,12.6814,29,0,3.125,1701.5,17.3984,3.5,77,7,1.46,0,6.66667,0,14.2196,3.77,-8.83834,1,10,0,0,1,0,0,0,2.304,0,185
1972,1649.640,19.6911,20.3273,12.6814,29,0,3.125,1668.5,16.777,4.5,77,7,1.46,0,6.66667,0,14.2196,3.77,-8.83834,1,10,0,0,1,0,0,0,2.304,0,185
1973,1649.680,19.7762,20.3273,12.6601,30,0,3.125,1649.25,16.777,5.5,77,7.09,1.46,0,6.66667,0,14.2196,3.77,-8.70926,1,10,0,0,1,0,0,0,2.304,0,185
1974,1649.720,19.8168,20.3273,12.6601,30,0,3.125,1689.75,16.777,8.5,77,6.91,1.46,0,6.66667,0,14.2196,3.77,-8.70926,1,10,0,0,1,0,0,0,2.304,0,185
1975,1649.760,19.8168,20.3273,12.6547,30,0,3.125,1713.25,16.777,10,77,6.91,1.46,0,6.66667,0,14.2196,3.77,-8.80943,1,10,0,0,1,0,0,0,2.304,0,185
1976,1649.800,19.8593,20.3273,12.6547,30,0,3.125,1704,16.1557,11.5,77,6.72,1.46,0,6.66667,0,14.2196,3.77,-8.84406,1,10,0,0,1,0,0,0,2.304,0,185
1977,1649.840,19.7762,20.3273,12.6547,30,0,3.125,1685.5,16.1557,12.5,77,6.91,1.46,0,6.66667,0,14.2196,3.77,-8.84406,1,10,0,0,1,0,0,0,2.304,0,185
1978,1649.880,17.2059,20.3273,12.6547,30,0,3.125,1651.25,16.1557,14,77,6.72,1.46,0,6.66667,0,14.2196,3.77,-8.75938,1,10,0,0,1,0,0,0,2.304,0,185
1979,1649.920,15.3937,20.3273,12.6601,30,0,3.125,1632.25,16.1557,15,77,6.63,1.46,0,6.66667,0,14.2196,3.77,-8.6674,1,10,0,0,1,0,0,0,2.304,0,185
1980,1649.960,14.214,20.3273,12.6601,30,0,3.125,1623,16.1557,16,77,6.54,1.46,0,6.66667,0,14.2196,3.77,-8.6674,1,10,0,0,1,0,0,0,2.304,0,185
1981,1650.000,13.9181,20.3273,12.6601,30,0,3.125,1619.5,16.1557,16.5,77,6.54,1.46,0,6.66667,0,14.2196,3.77,-8.6595,1,10,0,0,1,0,0,0,2.304,0,185
1982,1650.040,13.7073,18.8344,12.6601,30,0,3.125,1602.75,15.5343,16.5,77,6.54,1.46,0,6.66667,0,14.2196,3.77,-8.6595,1,10,0,0,1,0,0,0,2.304,0,185
1983,1650.080,13.2451,17.6859,12.6547,30,0,3.125,1571,15.5343,16,77,6.63,1.46,0,6.66667,0,14.2196,3.77,-8.58758,1,10,0,0,1,0,0,0,2.304,0,185
1984,1650.120,12.9085,16.7672,12.6547,30,0,3.125,1563.75,15.5343,16,77,6.4,1.44,0,6.66667,0,14.2196,3.77,-8.58755,1,10,0,0,1,0,0,0,2.304,0,185
1985,1650.160,12.5701,15.7336,12.6547,30,0,3.125,1555.75,15.5343,15.5,77,6.4,1.44,0,6.66667,0,14.2196,3.77,-8.58755,1,10,0,0,1,0,0,0,2.304,0,185
1986,1650.200,12.5701,14.8148,12.6547,30,-.78125,3.125,1550.75,15.5343,15.5,77,6.5,1.44,0,6.66667,0,14.2196,3.77,-8.58751,1,10,0,0,1,0,0,0,2.048,0,185
1987,1650.240,12.3593,14.3555,14.5227,30,-1.5625,3.125,1551.5,15.5343,15.5,77,6.33,1.44,0,6.27451,0,14.2196,3.915,-8.58747,1,10,0,0,1,0,0,0,2.048,0,185
1988,1650.280,12.2336,13.8961,14.5227,30,-2.34375,3.125,1546.75,14.9129,15.5,77,6.33,1.44,0,6.27451,0,14.2196,3.915,-8.58747,1,10,0,0,1,0,0,0,2.048,0,185
1989,1650.320,12.1485,13.4367,14.2276,30,-3.125,3.125,1538.25,14.9129,15.5,77,6.33,1.44,0,6.27451,0,14.2196,3.915,-8.58743,1,10,0,0,1,0,0,0,2.048,0,185
1990,1650.360,12.0653,12.9773,14.2276,30,-3.90625,3.125,1524.25,14.9129,15.5,77,6.29,1.44,0,6.27451,0,14.2196,3.915,-8.58743,1,10,0,0,1,0,0,0,2.048,0,185
1991,1650.400,11.9802,12.6328,14.2276,30,-4.6875,3.125,1496.25,14.9129,15,77,6.37,1.44,0,6.27451,0,14.2196,3.915,-8.58734,1,10,0,0,1,0,0,0,2.048,0,185
1992,1650.440,12.1079,12.4031,14.2276,30,-5.46875,3.125,1482.75,14.9129,15,77,6.4,1.44,0,6.27451,0,14.2196,3.915,-8.5873,1,10,0,0,1,0,0,0,2.048,0,185
1993,1650.480,12.191,12.6328,14.2276,30,-5.46875,3.125,1477,14.9129,15,77,6.5,1.44,0,6.27451,0,14.2196,3.915,-8.5873,1,10,0,0,1,0,0,0,2.048,0,185
1994,1650.520,12.1485,12.8625,14.2209,30,-5.46875,3.125,1473.75,14.9129,15,77,6.63,1.46,0,6.27451,0,14.2196,3.915,-8.58721,1,10,0,0,1,0,0,0,2.048,0,185
1995,1650.560,12.3593,13.0922,14.2209,30,-5.46875,3.125,1492.25,14.9129,15,77,6.4,1.44,0,6.27451,0,14.2196,3.915,-8.58717,1,10,0,0,0,0,0,0,2.048,0,185
1996,1650.600,12.4869,13.3219,14.2209,30,-4.6875,3.125,1529.25,14.9129,15.5,77,6.33,1.44,0,6.27451,0,14.2196,3.915,-8.58717,1,10,0,0,1,0,0,0,2.048,0,185
1997,1650.640,12.5275,13.4367,14.2142,30,-4.6875,3.125,1547.5,14.9129,15.5,77,6.33,1.44,0,6.27451,0,14.2196,3.915,-8.5872,1,10,0,0,1,0,0,0,2.048,0,185
1998,1650.680,12.866,13.6664,14.2142,30,-3.90625,3.125,1531.5,14.9129,15.5,77,6.33,1.44,0,6.27451,0,14.2196,3.915,-8.5872,1,10,0,0,1,0,0,0,2.048,0,185
1999,1650.720,13.4984,13.7813,14.2142,30,-3.90625,3.125,1511.25,14.9129,15.5,77,6.29,1.44,0,6.27451,0,14.2196,3.915,-8.58717,1,10,0,0,1,0,0,0,2.048,0,185
2000,1650.760,13.6241,13.8961,14.2142,30,-3.125,3.125,1501.5,14.9129,15,77,6.25,1.44,0,6.27451,0,14.2196,3.915,-8.58714,1,10,0,0,1,0,0,0,2.048,0,185
2001,1650.800,13.7073,14.0109,14.2142,30,-3.125,3.125,1473.75,14.9129,15,77,6.25,1.44,0,6.27451,0,14.2196,3.915,-8.58714,1,10,0,0,1,0,0,0,2.048,0,185
2002,1650.840,14.0032,14.1258,14.2209,30,-3.125,3.125,1455.5,14.9129,14.5,77,6.37,1.44,0,6.66667,0,14.2196,3.915,-8.5871,1,10,0,0,1,0,0,0,2.048,0,185
2003,1650.880,14.0883,14.1258,14.2209,30,-3.125,3.125,1449.5,14.9129,14.5,77,6.81,1.46,0,7.05882,0,14.2196,3.915,-8.58707,1,10,0,0,0,0,0,0,2.048,0,185
2004,1650.920,14.0457,14.1258,14.2209,30,-3.125,3.125,1469.25,14.2915,15,77,7.4,1.48,0,7.05882,0,14.2196,4.06,-8.58707,1,10,0,0,0,0,0,0,2.048,0,185
2005,1650.960,14.1289,14.1258,14.2209,30,-2.34375,3.125,1503.5,14.2915,15,77,7.6,1.48,0,7.05882,0,14.2196,4.06,-8.58704,1,10,0,0,0,0,0,0,2.048,0,185
2006,1651.000,14.214,14.2406,14.2209,30,-2.34375,3.125,1504.25,14.2915,15,77,7.6,1.48,0,7.05882,0,14.2196,4.06,-8.58704,1,10,0,0,1,0,0,0,2.304,0,185
2007,1651.040,14.214,14.1258,14.2008,30,-2.34375,3.125,1489.75,14.2915,15,77,7.67,1.48,0,7.05882,0,14.2196,4.06,-8.58701,1,10,0,0,1,0,0,0,2.304,0,185
2008,1651.080,14.2972,14.1258,14.1941,30,-2.34375,3.125,1483.25,14.2915,15.5,77,7.67,1.5,3.13725,7.84314,34.0368,14.2196,4.06,-7.72952,1,10,0,0,1,30.5882,0,0,2.304,0,185
2009,1651.120,14.3397,14.1258,14.1941,30,-2.34375,3.125,1466.5,14.2915,16,77,8.16,1.56,3.52941,9.01961,39.7459,14.2196,4.205,-7.72952,1,10,0,0,1,30.5882,0,0,2.304,0,185
2010,1651.160,14.2565,14.1258,14.1807,30,-1.5625,3.125,1461.5,14.2915,17,77,9.49,1.62,3.52941,9.41177,36.9923,14.2196,4.35,-7.38817,1,10,0,0,2,42.7451,0,0,2.304,0,185
2011,1651.200,14.2565,14.0109,13.5611,31,-1.5625,3.125,1448.75,14.2915,17,77,9.74,1.64,3.52941,9.80392,39.8711,14.2196,4.495,-7.38419,1,10,0,0,2,42.7451,0,0,2.56,0,185
2012,1651.240,14.3397,14.0109,13.5611,31,-1.5625,3.125,1446,14.2915,18,77,10.22,1.68,4.31373,10.5882,45.5417,14.2196,4.785,-7.38419,1,8,0,0,2,42.7451,0,0,2.56,0,185
2013,1651.280,14.214,13.5516,13.6163,31,-2.34375,3.125,1454.5,14.2915,19,77,11.26,1.72,3.92157,10.5882,42.6481,14.2196,5.075,-7.30116,1,8,0,0,4,45.4902,0,0,2.816,0,185
2014,1651.320,14.3823,13.3219,13.6163,31,-3.90625,3.125,1472.5,14.2915,20,77,11.53,1.72,4.31373,10.5882,45.3109,14.2196,5.365,-7.30116,1,8,0,0,5,45.4902,0,0,2.816,0,185
2015,1651.360,14.0457,13.207,13.5428,31,-4.6875,3.125,1481.75,14.2915,21,77,11.56,1.72,4.31373,10.5882,48.0349,14.2196,5.655,-7.22338,1,8,0,0,7,48.6275,0,0,2.816,0,185
2016,1651.400,13.8349,13.0922,13.8353,31,-4.6875,3.125,1483.75,14.2915,22,77,11.53,1.72,4.31373,10.5882,48.0161,14.2196,5.655,-7.13833,1,8,0,0,8,51.3725,0,0,2.816,0,185
2017,1651.440,13.4133,13.207,13.8353,31,-4.6875,3.125,1461,14.2915,22.5,77,11.62,1.72,5.09804,10.5882,53.859,14.2196,5.8,-7.13833,1,8,0,0,10,51.3725,0,0,3.072,0,185
2018,1651.480,13.3708,13.4367,13.8099,31,-3.90625,3.125,1450.75,14.2915,23.5,77,11.75,1.76,7.45098,11.7647,82.1934,14.2196,5.945,-6.62256,1,8,0,0,10,69.8039,0,0,3.072,0,185
2019,1651.520,13.3708,13.6664,13.5917,31,-3.125,3.125,1456,14.2915,24.5,77,13.16,1.84,9.01961,13.7255,96.0361,14.2196,6.09,-5.68968,1,8,0,0,11,74.902,0,0,3.072,0,185
2020,1651.560,13.6241,13.8961,13.5917,31,-2.34375,3.125,1484.5,14.2915,25.5,77,16.45,1.92,9.01961,14.1176,95.6838,14.2196,6.525,-5.68968,1,8,0,0,10,74.902,0,0,3.584,0,185
2021,1651.600,13.9181,14.0109,12.7458,31,-1.5625,3.125,1492.25,14.2915,25.5,77,17.59,1.92,9.80392,14.5098,99.91,14.2196,6.96,-5.64058,1,8,0,0,11,74.902,0,0,3.84,0,185
2022,1651.640,14.0883,14.0109,12.7458,31,-1.5625,3.125,1471.75,14.2915,23.5,77,17.78,1.92,10.1961,14.902,104.388,14.2196,7.395,-5.64058,1,8,0,0,11,74.902,0,0,4.096,0,185
2023,1651.680,14.0457,13.7813,12.8382,31,-2.34375,3.125,1454.25,14.2915,22,77,18.67,1.96,10.1961,15.2941,104.519,14.2196,7.83,-5.19438,1,8,0,0,11,74.902,0,0,4.096,0,185
2024,1651.720,13.8775,13.6664,12.8437,31,-2.34375,3.125,1472,14.2915,20.5,77,19.04,1.96,10.1961,15.2941,104.385,14.2196,8.265,-5.19164,1,8,0,0,10,74.902,0,0,4.352,0,185
2025,1651.760,13.8349,13.6664,12.8437,31,-3.125,3.125,1499.5,14.2915,20,77,18.89,1.94,10.5882,15.2941,108.518,14.2196,8.555,-5.19164,1,8,0,0,11,74.902,0,0,4.608,0,185
2026,1651.800,13.6241,13.7813,13.1122,31,-2.34375,3.125,1505,14.9129,19.5,77,18.82,1.96,10.9804,15.6863,112.845,14.2196,8.7,-4.65911,1,8,0,0,10,74.902,0,0,4.608,0,185
2027,1651.840,13.7924,13.7813,13.1811,31,-2.34375,3.125,1490.5,14.9129,19,77,19.48,1.98,11.3725,16.0784,115.042,14.2196,8.845,-4.28194,1,8,0,0,11,74.902,0,0,4.608,0,185
2028,1651.880,13.6241,13.7813,13.1811,31,-2.34375,3.125,1476.75,14.9129,18,77,19.85,1.98,11.3725,16.0784,115.062,14.2196,9.135,-4.28194,1,8,0,0,11,74.902,0,0,4.864,0,185
2029,1651.920,13.539,13.6664,13.0215,31,-2.34375,3.125,1491.75,14.9129,18,77,20.01,1.98,11.7647,16.0784,117.2,14.2196,9.28,-4.28189,1,8,0,0,11,74.902,0,0,4.864,0,185
2030,1651.960,13.16,13.5516,13.0215,31,-3.125,3.125,1517,14.9129,17.5,77,19.7,2,12.549,16.4706,125.96,14.2196,9.425,-4.28189,1,8,0,0,11,74.902,0,0,4.864,0,185
2031,1652.000,13.3282,13.4367,13.1351,31,-3.125,3.125,1530.5,14.9129,17.5,77,20.6,2.04,15.2941,18.0392,148.099,14.2196,9.57,-2.97173,1,8,0,0,11,74.902,0,0,4.864,0,185
2032,1652.040,13.3708,13.4367,13.0894,31,-3.90625,3.125,1518.5,14.9129,16.5,77,23.21,2.14,16.8627,20.3922,160.061,14.2196,9.86,-.51797,1,8,0,0,11,74.902,0,0,5.12,0,185
2033,1652.080,13.2025,13.3219,13.0894,31,-4.6875,3.125,1521.75,14.9129,15.5,77,27.02,2.18,16.4706,20.7843,158.771,14.2196,10.73,-.51797,1,8,0,0,12,74.902,0,0,5.632,0,185
2034,1652.120,13.1174,13.0922,12.8601,31,-5.46875,3.125,1530.5,14.9129,14.5,77,26.95,2.16,16.4706,20.7843,158.968,14.2196,11.02,-.51117,1,8,0,0,11,74.902,0,0,5.632,0,185
2035,1652.160,12.3187,12.7477,12.7891,31,-5.46875,2.34375,1560.5,14.9129,13.5,77,26.41,2.14,17.2549,20.7843,163.159,14.2196,11.31,-.161505,1,8,0,0,12,74.902,0,0,5.888,0,185
2036,1652.200,11.7288,12.4031,12.7891,31,-5.46875,2.34375,1574,15.5343,13.5,77,25.88,2.14,16.8627,21.5686,160.576,14.2196,11.455,-.161505,1,8,0,0,11,74.902,0,0,5.888,0,185
2037,1652.240,12.3187,12.4031,13.0384,31,-5.46875,2.34375,1577.75,15.5343,13,77,25.88,2.14,16.4706,21.1765,157.337,14.2196,11.6,-.492548,1,8,0,0,12,74.902,0,0,5.888,0,185
2038,1652.280,12.6977,12.6328,13.0384,31,-4.6875,2.34375,1575.75,15.5343,12.5,77,25.48,2.14,17.2549,21.1765,162.415,14.2196,11.745,-.492548,1,8,0,0,13,74.902,0,0,6.144,0,185
2039,1652.320,12.8234,12.8625,13.0667,31,-4.6875,2.34375,1602.5,15.5343,12.5,77,25.61,2.14,18.4314,21.5686,171.188,14.2196,11.745,-.0961763,1,8,0,0,12,74.902,0,0,6.144,0,185
2040,1652.360,12.9917,13.0922,13.1065,31,-4.6875,2.34375,1634.5,16.1557,12,77,26.01,2.18,18.4314,22.3529,171.733,14.2196,11.89,.622645,1,8,0,0,13,74.902,0,0,6.144,0,185
2041,1652.400,13.16,13.0922,13.1065,31,-5.46875,2.34375,1648.25,16.1557,13,77,27.8,2.18,18.4314,22.3529,172.261,14.2196,11.89,.622645,1,8,0,0,12,74.902,0,0,6.144,0,185
2042,1652.440,13.0768,13.0922,13.1351,31,-5.46875,2.34375,1650.25,16.1557,13,77,28.02,2.16,18.4314,21.5686,171.058,14.2196,12.035,.492676,1,8,0,0,13,74.902,0,0,6.144,0,185
2043,1652.480,13.0343,13.0922,13.1696,31,-6.25,2.34375,1648.25,16.1557,12.5,77,26.33,2.14,18.0392,21.5686,169.454,14.2196,12.035,.377862,1,8,0,0,13,74.902,0,0,6.144,0,185
2044,1652.520,13.2025,13.207,13.1696,31,-6.25,2.34375,1652.5,16.1557,13,77,26.06,2.14,18.0392,21.5686,169.381,14.2196,12.035,.377862,1,8,0,0,13,74.902,0,0,6.144,0,185
2045,1652.560,13.0343,13.207,13.2332,31,-7.03125,1.5625,1672.5,16.1557,13,77,26.2,2.16,18.0392,21.5686,169.248,14.2196,12.035,.361259,1,8,0,0,12,74.902,0,0,6.144,0,185
2046,1652.600,12.9917,13.0922,13.2332,31,-7.8125,1.5625,1694,16.777,13,77,27.1,2.16,18.0392,21.5686,169.045,14.2196,11.89,.361259,1,8,0,0,13,74.902,0,0,5.888,0,185
2047,1652.640,12.9917,13.0922,13.2858,31,-8.59375,1.5625,1700.75,16.777,13,77,26.6,2.16,17.6471,21.5686,165.853,14.2196,11.89,.342911,1,8,0,0,12,74.902,0,0,5.888,0,185
2048,1652.680,13.0343,13.0922,13.3329,31,-9.375,1.5625,1704,16.777,13,77,26.46,2.16,17.6471,21.5686,167.394,14.2196,11.89,.201623,1,8,0,0,12,74.902,0,0,5.888,0,185
2049,1652.720,13.16,13.207,13.3329,31,-9.375,1.5625,1705.75,16.777,13.5,77,26.73,2.16,17.6471,21.5686,167.31,14.2196,11.89,.201623,1,8,0,0,13,74.902,0,0,5.888,0,185
2050,1652.760,13.3708,13.4367,13.3922,31,-8.59375,1.5625,1713.5,16.777,13.5,77,26.97,2.18,17.6471,21.5686,167.224,14.2196,11.89,.196573,1,8,0,0,12,74.902,0,0,5.888,0,185
2051,1652.800,13.9181,13.5516,13.428,31,-8.59375,1.5625,1745,16.777,13.5,77,27.11,2.16,18.0392,21.5686,168.545,14.2196,11.89,.300245,1,8,0,0,13,74.902,0,0,5.632,0,185
2052,1652.840,13.9181,13.6664,13.428,31,-8.59375,1.5625,1759.25,17.3984,13.5,77,27.7,2.18,18.0392,21.5686,168.382,14.2196,11.89,.300245,1,8,0,0,12,74.902,0,0,5.632,0,185
2053,1652.880,14.0883,13.7813,13.4761,31,-7.8125,1.5625,1761.5,17.3984,13.5,77,28.02,2.18,17.6471,21.5686,165.137,14.2196,11.89,-.00107282,1,8,0,0,13,74.902,0,0,5.632,0,185
2054,1652.920,14.1714,13.8961,13.4761,31,-7.03125,1.5625,1776.5,17.3984,14,77,27.92,2.18,17.6471,21.5686,165.159,14.2196,11.89,-.00107282,1,8,0,0,13,74.902,0,0,5.632,0,185
2055,1652.960,14.3397,14.0109,13.5124,31,-6.25,.78125,1793.75,17.3984,14,77,28.13,2.2,17.6471,21.5686,164.798,14.2196,11.89,-.00534877,1,8,0,0,12,74.902,0,0,5.632,0,185
2056,1653.000,14.3823,14.1258,13.5611,31,-5.46875,.78125,1813.25,18.0198,14,77,28.35,2.2,17.2549,21.5686,163.008,14.2196,11.89,-.0331371,1,8,0,0,13,74.902,0,0,5.632,0,185
2057,1653.040,14.508,14.2406,13.5611,31,-4.6875,.78125,1819,18.0198,14,77,28.46,2.18,17.6471,21.1765,164.533,14.2196,11.745,-.0331371,1,8,0,0,12,74.902,0,0,5.632,0,185
2058,1653.080,14.3823,14.2406,13.604,31,-4.6875,.78125,1826.5,18.0198,14,77,28.46,2.2,17.6471,21.5686,164.453,14.2196,11.745,-.0569056,1,8,0,0,13,74.902,0,0,5.632,0,185
2059,1653.120,14.3397,14.2406,13.641,32,-3.90625,.78125,1840.75,18.0198,14.5,77,28.24,2.2,17.6471,21.5686,164.462,14.2196,11.745,-.0491893,1,8,0,0,13,74.902,0,0,5.632,0,185
2060,1653.160,14.3823,14.1258,13.641,32,-3.125,.78125,1849.75,18.0198,14.5,77,29.16,2.22,18.0392,21.9608,167.559,14.2196,11.745,-.0491893,1,8,0,0,13,74.902,0,0,5.632,0,185
2061,1653.200,14.1289,14.1258,13.6719,32,-3.125,.78125,1870.75,18.0198,14.5,77,29.7,2.22,18.0392,21.9608,167.347,14.2196,11.745,.360091,1,8,0,0,13,74.902,0,0,5.632,0,185
2062,1653.240,14.1289,14.1258,13.6719,32,-2.34375,.78125,1883.5,18.6411,14.5,77,30.14,2.24,18.4314,22.3529,168.964,14.2196,11.745,.360091,1,8,0,0,13,74.902,0,0,5.632,0,185
2063,1653.280,14.2972,14.1258,13.7031,32,-1.5625,.78125,1916.5,18.6411,15,77,30.14,2.24,18.0392,22.3529,167.153,14.2196,11.89,.3365,1,8,0,0,13,74.902,0,0,5.888,0,185
2064,1653.320,14.214,14.1258,13.728,32,-1.5625,.78125,1928.5,18.6411,15,77,30.36,2.24,17.2549,21.9608,161.706,14.2196,11.89,-.284921,1,8,0,0,13,74.902,0,0,5.632,0,185
2065,1653.360,14.2565,14.1258,13.728,32,-.78125,.78125,1921.25,18.6411,15,77,29.92,2.22,17.2549,21.1765,160.053,14.2196,11.745,-.284921,1,8,0,0,13,74.902,0,0,5.888,0,185
2066,1653.400,14.214,14.0109,13.7594,32,-.78125,.78125,1926,19.2625,15,77,29.38,2.22,17.2549,21.1765,159.998,14.2196,11.745,-.435451,1,8,0,0,13,74.902,0,0,5.632,0,185
2067,1653.440,14.214,13.8961,13.7469,32,-.78125,.78125,1952,19.2625,15,77,29.38,2.22,17.2549,21.1765,159.709,14.2196,11.745,-.455908,1,8,0,0,13,74.902,0,0,5.632,0,185
2068,1653.480,14.1714,13.7813,13.7469,32,-.78125,.78125,1970,19.2625,15.5,77,29.38,2.22,17.6471,21.5686,163.017,14.2196,11.6,-.455908,1,8,0,0,13,74.902,0,0,5.632,0,185
2069,1653.520,14.1289,13.7813,13.7155,32,-.78125,.78125,1990.5,19.2625,15.5,77,30.46,2.26,17.2549,21.5686,159.279,14.2196,11.6,-.190028,1,8,0,0,13,74.902,0,0,5.632,0,185
2070,1653.560,14.0032,13.7813,13.7155,32,-.78125,0,1993,19.2625,15.5,77,31.04,2.24,16.4706,21.1765,155.706,14.2196,11.6,-.190028,1,8,0,0,14,74.902,0,0,5.632,0,185
2071,1653.600,13.8775,13.7813,13.7594,32,0,0,1964.5,19.2625,15.5,77,29.49,2.22,17.6471,20.7843,162.974,14.2196,11.6,-.798582,1,8,0,0,13,74.902,0,0,5.632,0,185
2072,1653.640,14.0457,13.7813,13.8036,32,0,0,1991,19.8839,15.5,77,30.03,2.24,17.6471,21.5686,162.808,14.2196,11.6,-.186689,1,8,0,0,14,74.902,0,0,5.632,0,185
2073,1653.680,14.0032,13.6664,13.8036,32,-.78125,0,2047,19.8839,15.5,77,30.57,2.24,17.6471,21.5686,163.21,14.2196,11.6,-.186689,1,8,0,0,14,74.902,0,0,5.632,0,185
2074,1653.720,13.9181,13.6664,13.8289,32,-.78125,0,2047.25,19.8839,15.5,77,31.78,2.26,17.6471,21.5686,163.328,14.2196,11.455,-.159829,1,8,0,0,14,74.902,0,0,5.632,0,185
2075,1653.760,13.7498,13.6664,13.8672,32,-.78125,0,2047.5,19.8839,15.5,77,31.48,2.26,16.8627,21.5686,157.462,14.2196,11.455,-.648045,1,8,0,0,14,74.902,0,0,5.632,0,185
2076,1653.800,13.7498,13.6664,13.8672,32,-.78125,0,2055.5,20.5052,15.5,77,31.31,2.26,16.8627,20.7843,157.477,14.2196,11.455,-.648045,1,8,0,0,15,74.902,0,0,5.632,0,185
2077,1653.840,13.7924,13.6664,13.912,32,0,0,2078.75,20.5052,16,77,30.36,2.22,16.0784,20.3922,150.766,14.2196,11.455,-1.01439,1,8,0,0,14,74.902,0,0,5.632,0,185
2078,1653.880,13.8349,13.6664,13.912,32,0,0,2129.25,20.5052,16.5,77,28.95,2.22,18.0392,20,168.007,14.2196,11.31,-1.01439,1,8,0,0,14,74.902,0,0,5.376,0,185
2079,1653.920,13.8775,13.6664,13.9766,32,-.78125,0,2118,20.5052,16.5,77,32.32,2.3,18.4314,21.5686,170.815,14.2196,11.02,.465403,1,8,0,0,15,74.902,0,0,5.12,0,185
2080,1653.960,13.7073,13.5516,14.0615,32,-.78125,-2.34375,2089.25,21.1266,16,77,34.13,2.3,16.4706,21.9608,155.493,14.2196,11.02,-.641471,1,8,0,0,15,74.902,0,0,5.12,0,185
2081,1654.000,13.7924,13.6664,14.0615,32,-.78125,-2.34375,2107.5,21.1266,16,77,33.6,2.26,15.6863,20.3922,145.81,14.2196,11.165,-.641471,1,8,0,0,15,74.902,0,0,5.376,0,185
2082,1654.040,13.7498,13.8961,14.0418,32,.78125,-2.34375,2144,21.1266,16,77,29.77,2.22,17.2549,20,162.053,14.2196,11.165,-1.22882,1,8,0,0,15,74.902,0,0,5.376,0,185
2083,1654.080,13.9181,14.0109,14.1142,32,1.5625,-2.34375,2202.25,21.1266,16.5,77,31.2,2.26,18.0392,21.1765,169.655,14.2196,11.02,.396226,1,8,0,0,15,74.902,0,0,5.376,0,185
2084,1654.120,13.8349,14.0109,14.1142,32,1.5625,-2.34375,2172.5,21.1266,16.5,77,33.58,2.3,17.6471,21.9608,166.863,14.2196,10.875,.396226,1,8,0,0,15,74.902,0,0,5.376,0,185
2085,1654.160,13.8349,13.7813,14.1474,32,.78125,-2.34375,2165.25,21.1266,16,77,34.04,2.32,17.2549,21.9608,162.163,14.2196,11.02,-.0319073,1,8,0,0,15,74.902,0,0,5.376,0,185
2086,1654.200,13.7073,13.7813,14.1474,32,1.5625,-2.34375,2169.25,21.748,16,77,33.69,2.3,16.4706,21.1765,152.949,14.2196,11.165,-.0319073,1,8,0,0,16,74.902,0,0,5.376,0,185
2087,1654.240,13.7924,13.8961,14.1208,32,2.34375,-2.34375,2225,21.748,16,77,32.68,2.28,16.0784,20.3922,150.387,14.2196,11.02,-1.03391,1,8,0,0,16,74.902,0,0,5.376,0,185
2088,1654.280,13.7924,14.0109,14.1673,32,3.125,-2.34375,2239.75,21.748,16.5,77,31.68,2.26,17.2549,20.3922,160.318,14.2196,11.02,-.617783,1,8,0,0,15,74.902,0,0,5.376,0,185
2089,1654.320,13.7498,13.7813,14.1673,32,2.34375,-2.34375,2241.25,21.748,17,77,32.33,2.28,17.6471,20.7843,165.252,14.2196,10.73,-.617783,1,8,0,0,15,74.902,0,0,5.376,0,185
2090,1654.360,13.4133,13.5516,14.2748,32,1.5625,-2.34375,2222,22.3694,16.5,77,34.04,2.3,17.6471,21.5686,167.758,14.2196,10.73,.4466,1,8,0,0,15,74.902,0,0,5.12,0,185
2091,1654.400,13.2025,13.4367,14.2276,32,.78125,-2.34375,2260.75,22.3694,16.5,77,34.5,2.32,17.6471,21.9608,165.337,14.2196,10.875,.0265739,1,8,0,0,16,74.902,0,0,5.12,0,185
2092,1654.440,13.4133,13.4367,14.2276,32,.78125,-2.34375,2279.25,22.3694,16.5,77,35.03,2.32,17.6471,21.9608,168.223,14.2196,10.875,.0265739,1,8,0,0,15,74.902,0,0,5.12,0,185
2093,1654.480,13.4984,13.6664,14.2075,32,1.5625,-2.34375,2324.25,22.3694,16.5,77,35.22,2.34,18.4314,21.9608,174.045,14.2196,10.875,.701831,1,8,0,0,15,74.902,0,0,5.376,0,185
2094,1654.520,13.7498,13.7813,14.2075,32,2.34375,-2.34375,2316,22.3694,16.5,77,35.76,2.34,18.0392,22.7451,171.957,14.2196,10.875,.701831,1,8,0,0,15,74.902,0,0,5.376,0,185
2095,1654.560,13.9606,13.8961,14.2075,32,3.125,-2.34375,2319,22.3694,16.5,77,35.94,2.36,17.2549,22.3529,160.681,14.2196,11.02,.326446,1,8,0,0,15,74.902,0,0,5.376,0,185
2096,1654.600,14.0032,14.0109,14.1874,32,3.90625,-2.34375,2302.25,22.9907,16.5,77,34.6,2.32,17.6471,21.5686,168.649,14.2196,11.02,.079403,1,8,0,0,15,74.902,0,0,5.376,0,185
2097,1654.640,13.8349,14.0109,14.1874,32,4.6875,-2.34375,2327.25,22.9907,16.5,77,34.68,2.32,18.8235,21.9608,180.025,14.2196,11.02,.079403,1,8,0,0,14,74.902,0,0,5.376,0,185
2098,1654.680,13.7498,13.8961,14.2075,32,4.6875,-2.34375,2357.5,22.9907,16.5,77,35.82,2.38,18.4314,23.1373,177.956,14.2196,10.875,1.09326,1,8,0,0,15,74.902,0,0,5.376,0,185
2099,1654.720,13.5816,13.7813,14.2008,32,3.90625,-2.34375,2401.5,22.9907,16.5,77,36.64,2.36,18.4314,23.1373,178.909,14.2196,11.02,1.02303,1,8,0,0,15,74.902,0,0,5.376,0,185
2100,1654.760,13.6241,13.7813,14.2008,32,4.6875,-2.34375,2372.75,22.9907,16.5,77,36.64,2.38,18.4314,22.7451,178.195,14.2196,11.02,1.02303,1,8,0,0,15,74.902,0,0,5.376,0,185
2101,1654.800,13.7498,13.8961,14.1874,32,5.46875,-2.34375,2361,22.9907,16.5,77,36.73,2.38,18.0392,22.7451,172.516,14.2196,11.165,.582341,1,8,0,0,14,74.902,0,0,5.632,0,185
2102,1654.840,13.7924,13.8961,14.1874,32,6.25,-2.34375,2403.5,23.6121,16.5,77,36.37,2.36,18.0392,22.3529,172.93,14.2196,11.165,.582341,1,8,0,0,14,74.902,0,0,5.632,0,185
2103,1654.880,13.7498,13.8961,14.1874,32,6.25,-2.34375,2423.75,23.6121,16.5,77,35.92,2.36,17.6471,22.3529,169.705,14.2196,11.02,.622255,1,8,0,0,15,74.902,0,0,5.632,0,185
2104,1654.920,13.7073,13.7813,14.2008,32,6.25,-2.34375,2445,23.6121,17,77,36.28,2.36,17.2549,21.9608,163.428,14.2196,11.02,-.12071,1,8,0,0,15,74.902,0,0,5.632,0,185
2105,1654.960,13.4133,13.6664,14.2008,32,5.46875,-2.34375,2432.75,23.6121,17,77,36.1,2.36,17.6471,21.9608,169.785,14.2196,11.02,-.12071,1,8,0,0,15,74.902,0,0,5.376,0,185
2106,1655.000,13.3708,13.5516,14.2343,32,4.6875,-2.34375,2425.25,24.2335,17,77,36.28,2.36,18.0392,21.9608,172.593,14.2196,10.875,.611943,1,8,0,0,14,74.902,0,0,5.376,0,185
2107,1655.040,13.3282,13.4367,14.2748,32,4.6875,-2.34375,2464.25,24.2335,17,77,36.37,2.38,18.0392,22.3529,172.232,14.2196,10.875,.575429,1,8,0,0,14,74.902,0,0,5.376,0,185
2108,1655.080,13.4133,13.4367,14.2748,32,4.6875,-2.34375,2488.25,24.2335,17,77,37.13,2.38,18.4314,22.7451,174.996,14.2196,10.875,.575429,1,8,0,0,15,74.902,0,0,5.376,0,185
2109,1655.120,13.4133,13.4367,14.2748,32,3.90625,-2.34375,2501.5,24.2335,17,77,38.04,2.4,18.0392,23.1373,171.681,14.2196,10.875,.753435,1,8,0,0,15,74.902,0,0,5.376,0,185
2110,1655.160,13.2876,13.5516,14.2748,32,4.6875,-2.34375,2502.75,24.8548,17,77,38.05,2.4,17.6471,22.7451,165.685,14.2196,10.875,.753435,1,8,0,0,15,74.902,0,0,5.376,0,185
2111,1655.200,13.6241,13.6664,14.2343,32,4.6875,-2.34375,2486.5,24.8548,17,77,37.01,2.38,17.2549,21.9608,162.855,14.2196,11.02,.0563427,1,8,0,0,14,74.902,0,0,5.376,0,185
2112,1655.240,13.6667,13.7813,14.2748,32,5.46875,-2.34375,2523.25,24.8548,17.5,77,35.39,2.34,17.2549,21.5686,162.35,14.2196,10.875,-.229218,1,8,0,0,14,74.902,0,0,5.376,0,185
2113,1655.280,13.539,13.6664,14.2748,32,5.46875,-2.34375,2547.75,24.8548,18,77,35.73,2.36,17.2549,21.5686,162.019,14.2196,10.73,-.229218,1,8,0,0,14,74.902,0,0,5.376,0,185
2114,1655.320,13.4133,13.5516,14.2748,32,3.90625,-2.34375,2556.5,24.8548,18,77,36.01,2.36,16.8627,21.5686,155.927,14.2196,10.585,-.244325,1,8,0,0,15,74.902,0,0,5.12,0,185
2115,1655.360,13.2451,13.4367,14.4046,32,3.90625,-2.34375,2546.25,24.8548,18,77,36.01,2.34,16.8627,21.1765,155.87,14.2196,10.585,-.784177,1,8,0,0,15,74.902,0,0,5.12,0,185
2116,1655.400,13.2876,13.3219,14.4046,32,3.125,-2.34375,2558,24.8548,18.5,77,35.83,2.34,17.6471,21.1765,164.968,14.2196,10.44,-.784177,1,8,0,0,16,74.902,0,0,5.12,0,185
2117,1655.440,13.2025,13.4367,14.4322,32,3.125,-2.34375,2569,24.8548,18.5,77,35.83,2.34,17.2549,21.5686,161.953,14.2196,10.44,-.00753572,1,8,0,0,16,74.902,0,0,5.12,0,185
2118,1655.480,13.3708,13.4367,14.4322,32,3.125,-2.34375,2580.5,25.4762,18.5,77,36.44,2.36,16.8627,21.9608,155.349,14.2196,10.44,-.00753572,1,8,0,0,15,74.902,0,0,5.12,0,185
2119,1655.520,13.4559,13.5516,14.3634,32,3.90625,-2.34375,2599,25.4762,18.5,77,37.07,2.38,18.0392,21.9608,170.634,14.2196,10.44,-.585053,1,8,0,0,16,74.902,0,0,5.12,0,185
2120,1655.560,13.5816,13.6664,14.2748,32,3.90625,-2.34375,2619.5,25.4762,18.5,77,36.98,2.38,18.0392,22.7451,170.445,14.2196,10.44,.472283,1,8,0,0,16,74.902,0,0,5.12,0,185
2121,1655.600,13.5816,13.7813,14.2748,32,4.6875,-2.34375,2651,25.4762,18.5,77,40.05,2.42,17.6471,22.7451,167.244,14.2196,10.44,.472283,1,8,0,0,16,74.902,0,0,5.376,0,185
2122,1655.640,13.5816,13.7813,14.2748,32,4.6875,-2.34375,2658,26.0976,18,77,39.65,2.42,17.2549,22.3529,157.342,14.2196,10.585,-.369816,1,8,0,0,17,74.902,0,0,5.376,0,185
2123,1655.680,13.7073,13.7813,14.2748,32,4.6875,-2.34375,2665,26.0976,18,77,37.1,2.4,17.2549,21.9608,156.971,14.2196,10.585,-.689778,1,8,0,0,17,74.902,0,0,5.376,0,185
2124,1655.720,13.5816,13.6664,14.2748,32,4.6875,-2.34375,2675,26.0976,18.5,77,37.9,2.38,15.2941,21.1765,137.116,14.2196,10.585,-.689778,1,8,0,0,17,74.902,0,0,5.376,0,185
2125,1655.760,13.3282,13.5516,14.2748,32,3.90625,-2.34375,2658,26.0976,18.5,77,35.56,2.32,14.902,20.3922,134.698,14.2196,10.44,-2.36998,1,8,0,0,17,74.902,0,0,5.376,0,185
2126,1655.800,13.6667,13.3219,14.2748,32,3.125,-2.34375,2664,26.0976,19,77,34.55,2.3,15.6863,20,140.007,14.2196,10.15,-2.36998,1,8,0,0,16,74.902,0,0,5.12,0,185
2127,1655.840,13.4559,13.207,14.4878,32,1.5625,-2.34375,2666.25,26.0976,19.5,77,34.36,2.32,15.6863,20.3922,139.965,14.2196,9.86,-2.16859,1,8,0,0,16,74.902,0,0,4.864,0,185
2128,1655.880,13.4133,13.0922,14.579,32,.78125,-2.34375,2658,26.0976,19.5,77,35.08,2.34,15.2941,20.3922,137.211,14.2196,9.715,-2.36737,1,8,0,0,16,74.902,0,0,4.864,0,185
2129,1655.920,13.2876,13.0922,14.579,32,0,-2.34375,2670.25,26.0976,19.5,77,35.08,2.34,16.4706,20.3922,150.811,14.2196,9.715,-2.36737,1,8,0,0,16,74.902,0,0,4.864,0,185
2130,1655.960,13.3708,13.207,14.5017,32,0,-2.34375,2708.5,26.719,19.5,77,36.17,2.36,16.4706,21.1765,150.507,14.2196,9.715,-.662873,1,8,0,0,17,74.902,0,0,4.864,0,185
2131,1656.000,13.4559,13.4367,14.3771,32,.78125,-2.34375,2713.25,26.719,19.5,77,36.71,2.36,16.4706,21.1765,150.127,14.2196,9.715,-1.2758,1,8,0,0,17,74.902,0,0,4.864,0,185
2132,1656.040,13.4559,13.6664,14.3771,32,1.5625,-2.34375,2732,26.719,19.5,77,36.53,2.36,16.4706,21.1765,149.83,14.2196,9.86,-1.2758,1,8,0,0,18,74.902,0,0,4.864,0,185
2133,1656.080,13.6241,13.7813,14.2748,32,1.5625,-2.34375,2744.25,26.719,19.5,77,36.8,2.38,15.6863,21.5686,141.255,14.2196,9.86,-1.54009,1,8,0,0,18,74.902,0,0,4.864,0,185
2134,1656.120,13.8349,13.7813,14.2748,32,1.5625,-2.34375,2768.75,27.3403,19.5,77,36.63,2.36,14.902,20.7843,132.8,14.2196,9.86,-1.54009,1,8,0,0,18,74.902,0,0,4.864,0,185
2135,1656.160,13.9181,13.6664,14.2748,32,1.5625,-2.34375,2769.5,27.3403,20,77,34.92,2.32,15.2941,20.3922,135.512,14.2196,9.86,-2.74366,1,8,0,0,18,74.902,0,0,4.864,0,185
2136,1656.200,13.7073,13.5516,14.2748,32,.78125,-2.34375,2779.75,27.3403,20,77,35.08,2.32,14.902,20.3922,132.881,14.2196,9.715,-2.75256,1,8,0,0,18,74.902,0,0,4.864,0,185
2137,1656.240,13.8775,13.4367,14.2748,32,.78125,-2.34375,2777.5,27.3403,20.5,77,35.06,2.34,14.5098,20.3922,127.198,14.2196,9.715,-2.75256,1,8,0,0,18,74.902,0,0,4.864,0,185
2138,1656.280,13.7073,13.207,14.4115,32,-.78125,-2.34375,2790.75,27.3403,20.5,77,34.97,2.32,14.1176,20.3922,124.233,14.2196,9.57,-3.26884,1,8,0,0,18,74.902,0,0,4.608,0,185
2139,1656.320,13.9181,13.207,14.4115,32,-1.5625,-2.34375,2773,27.3403,20.5,77,34.97,2.32,13.7255,19.6078,118.724,14.2196,9.425,-3.96478,1,8,0,0,18,74.902,0,0,4.608,0,185
2140,1656.360,13.5816,13.3219,14.4115,32,-1.5625,-2.34375,2765.75,27.3403,20.5,77,34.25,2.3,13.3333,19.6078,116.279,14.2196,9.425,-3.96478,1,8,0,0,18,74.902,0,0,4.608,0,185
2141,1656.400,13.4559,13.4367,14.453,32,-1.5625,-2.34375,2795.5,27.3403,21,77,33.13,2.26,14.1176,19.2157,121.419,14.2196,9.28,-3.95123,1,8,0,0,19,74.902,0,0,4.608,0,185
2142,1656.440,13.539,13.4367,14.453,32,-1.5625,-2.34375,2825.75,27.3403,21,77,33.2,2.3,14.1176,19.6078,121.208,14.2196,9.135,-3.95123,1,8,0,0,19,74.902,0,0,4.352,0,185
2143,1656.480,13.7498,13.4367,14.5017,32,-1.5625,-2.34375,2832.5,27.3403,21.5,77,33.45,2.3,13.3333,19.6078,115.776,14.2196,9.135,-3.94972,1,8,0,0,19,74.902,0,0,4.352,0,185
2144,1656.520,13.539,13.4367,14.453,32,-2.34375,-2.34375,2843.75,27.9617,21.5,77,33.97,2.3,13.3333,19.6078,112.995,14.2196,8.99,-4.38812,1,8,0,0,19,74.902,0,0,4.352,0,185
2145,1656.560,13.6241,13.4367,14.453,32,-2.34375,-2.34375,2847.25,27.9617,21.5,77,33.55,2.28,13.3333,19.2157,112.9,14.2196,8.99,-4.38812,1,8,0,0,20,74.902,0,0,4.352,0,185
2146,1656.600,13.6667,13.4367,14.4115,32,-2.34375,-2.34375,2862,27.9617,21.5,77,33.36,2.28,12.549,19.2157,107.357,14.2196,8.99,-4.33891,1,8,0,0,20,74.902,0,0,4.352,0,185
2147,1656.640,13.6667,13.5516,14.4184,32,-2.34375,-2.34375,2857.25,27.9617,22,77,32.38,2.26,12.549,18.8235,107.381,14.2196,8.845,-4.7946,1,8,0,0,20,74.902,0,0,4.352,0,185
2148,1656.680,13.6241,13.5516,14.4184,32,-2.34375,-2.34375,2865,28.5831,22,77,31.89,2.26,11.7647,18.8235,96.3339,14.2196,8.845,-4.7946,1,8,0,0,21,74.902,0,0,4.096,0,185
2149,1656.720,13.6241,13.4367,14.4461,32,-3.125,-2.34375,2878,28.5831,22.5,77,30.49,2.24,10.9804,17.6471,88.0911,14.2196,8.7,-5.7539,1,8,0,0,21,74.902,0,0,4.096,0,185
2150,1656.760,13.5816,13.3219,14.4461,32,-3.125,-2.34375,2882.25,28.5831,23,75.2,27.76,2.16,9.80392,16.8627,77.1196,14.2196,8.41,-5.7539,1,8,0,0,21,74.902,0,0,4.096,0,185
2151,1656.800,13.4984,13.3219,14.5649,32,-3.90625,-2.34375,2896.5,28.5831,23.5,75.2,26.58,2.12,9.01961,16.0784,66.1513,14.2196,8.12,-6.38851,1,8,0,0,21,74.902,0,0,3.584,0,185
2152,1656.840,13.2025,13.207,15.4309,32,-4.6875,-2.34375,2896,28.5831,24,75.2,23.42,2.06,7.05882,14.902,50.7379,14.2196,7.685,-7.26871,1,8,0,0,21,74.902,0,0,3.328,0,185
2153,1656.880,13.0768,13.207,15.4309,32,-5.46875,-2.34375,2897.25,28.5831,25.5,75.2,20.87,1.98,5.4902,14.1176,44,14.2196,7.25,-7.26871,1,8,0,0,21,74.902,0,0,3.328,0,185
2154,1656.920,12.9085,13.207,15.6718,32,-5.46875,-2.34375,2901.25,28.5831,27,75.2,18.89,1.94,5.4902,13.7255,41.5,14.2196,6.815,-7.63782,1,8,0,0,21,74.902,0,0,3.072,0,185
2155,1656.960,12.9492,13.207,15.0754,32,-5.46875,-1.5625,2916.25,28.5831,27.5,75.2,18,1.92,4.70588,13.3333,39,14.2196,6.525,-7.72293,1,8,0,0,21,74.902,0,0,2.816,0,185
2156,1657.000,13.16,13.207,15.0754,32,-6.25,-1.5625,2931,28.5831,28,75.2,17.34,1.88,3.13725,12.9412,36.5,14.2196,6.09,-7.72293,1,8,0,0,21,74.902,0,0,2.816,0,185
2157,1657.040,12.9085,13.3219,15.0153,32,-6.25,-1.5625,2932.5,28.5831,28.5,75.2,16.94,1.88,1.96078,12.9412,34,14.2196,5.945,-7.84197,1,8,0,0,20,74.902,0,0,2.56,0,185
2158,1657.080,13.1174,13.3219,15.0153,32,-6.25,-1.5625,2911,28.5831,28.5,75.2,16.87,1.88,.392157,12.549,31.5,14.2196,5.8,-7.84197,1,8,0,0,20,74.902,0,0,2.56,0,185
2159,1657.120,13.2451,13.4367,14.867,32,-6.25,-1.5625,2901.75,28.5831,28.5,75.2,16.31,1.86,0,12.1569,29,14.2196,5.655,-8.03391,1,8,0,0,19,74.902,0,0,2.56,0,185
2160,1657.160,13.2876,13.4367,14.7866,32,-6.25,-1.5625,2909.5,28.5831,28,75.2,14.99,1.82,0,11.7647,26.5,14.2196,5.51,-8.18857,1,8,0,0,18,0,0,0,2.56,0,185
2161,1657.200,13.3708,13.5516,14.7866,32,-6.25,-1.5625,2919.5,28.5831,27.5,75.2,14.1,1.78,0,11.3725,24,14.2196,5.365,-8.18857,1,8,0,0,10,0,0,0,2.304,0,185
2162,1657.240,13.5816,13.6664,14.736,32,-6.25,-1.5625,2915,28.5831,27,75.2,12.83,1.74,0,10.5882,21.5,14.2196,5.075,-8.35673,1,8,0,0,3,0,0,0,2.304,0,185
2163,1657.280,13.6241,13.7813,14.2748,32,-5.46875,-1.5625,2908.5,28.5831,26,75.2,12.09,1.74,0,10.5882,19,14.2196,5.075,-8.54247,1,8,0,0,1,0,0,0,0,0,185
2164,1657.320,13.8349,13.8961,14.2748,32,-4.6875,-1.5625,2888.75,29.2044,25.5,75.2,11.78,1.72,0,9.80392,16.5,14.2196,4.785,-8.54247,1,8,0,0,1,0,0,0,0,0,185
2165,1657.360,13.8775,14.1258,14.2748,32,-3.90625,-.78125,2882.25,29.2044,24.5,75.2,11.03,1.66,0,9.41177,14,14.2196,4.64,-8.73348,1,8,0,0,1,0,0,0,0,0,185
2166,1657.400,14.3823,14.4703,14.2748,32,-2.34375,-.78125,2866.25,29.2044,24,75.2,10.45,1.66,0,9.41177,11.5,14.2196,4.495,-8.73348,1,8,0,0,1,0,0,0,0,0,185
2167,1657.440,14.9721,15.0445,14.2748,32,-.78125,-.78125,2875.25,29.2044,23.5,75.2,10,1.62,0,9.01961,9,14.2196,4.35,-8.96719,1,8,0,0,1,0,0,0,0,0,185
2168,1657.480,16.1519,15.5039,14.2748,32,1.5625,-.78125,2883.25,29.2044,23,75.2,9.75,1.62,0,9.01961,6.5,14.2196,4.205,-9.11788,1,8,0,0,1,0,0,0,0,0,185
2169,1657.520,16.9525,15.8484,14.2748,32,3.125,-.78125,2929.5,29.2044,22,75.2,9.71,1.62,0,9.01961,4,14.2196,4.06,-9.11788,1,8,0,0,1,0,0,0,0,0,185
2170,1657.560,16.9951,16.193,14.2748,32,5.46875,-.78125,2943.75,28.5831,21.5,75.2,9.64,1.62,0,9.01961,1.5,14.2196,4.06,-9.15382,1,8,0,0,1,0,0,0,0,0,185
2171,1657.600,17.3316,16.3078,14.2748,31,6.25,-.78125,2926.5,28.5831,20.5,75.2,9.54,1.6,0,8.62745,0,14.2196,3.915,-9.25862,1,8,0,0,1,0,0,0,0,0,185
2172,1657.640,17.2059,16.3078,14.2748,31,7.8125,-.78125,2885.75,28.5831,20,75.2,9.17,1.6,0,8.62745,0,14.2196,3.915,-9.25862,1,8,0,0,1,0,0,0,0,0,185
2173,1657.680,17.1633,16.3078,14.2748,31,7.8125,-.78125,2858.5,28.5831,20,75.2,8.87,1.58,0,8.23529,0,14.2196,3.77,-9.39922,1,8,0,0,1,0,0,0,0,0,185
2174,1657.720,17.1633,16.193,14.2748,31,8.59375,-.78125,2859.75,28.5831,20,75.2,8.68,1.56,0,8.23529,0,14.2196,3.77,-9.39922,1,8,0,0,1,0,0,0,0,0,185
2175,1657.760,17.1208,15.9633,14.2748,31,9.375,0,2900.75,28.5831,20,75.2,8.74,1.56,0,8.23529,0,14.2196,3.77,-9.37068,1,8,0,0,1,0,0,0,0,0,185
2176,1657.800,16.9525,15.7336,12.4558,31,0,0,2925.25,28.5831,20,75.2,8.49,1.56,0,8.23529,0,14.2196,3.625,-9.23918,1,8,0,0,1,0,0,0,0,0,185
2177,1657.840,16.6992,15.6187,12.4558,31,0,0,2895.25,28.5831,20,75.2,8.43,1.56,0,8.23529,0,14.2196,3.625,-9.23918,1,8,0,0,1,0,0,0,0,0,185
2178,1657.880,16.5309,15.5039,12.4558,31,0,0,2851.75,28.5831,20,75.2,8.37,1.56,0,8.23529,0,14.2196,3.625,-9.33731,1,8,0,0,1,0,0,0,0,0,185
2179,1657.920,16.4458,15.2742,12.4558,31,0,0,2822,28.5831,20,75.2,8.43,1.56,0,8.23529,0,14.2196,3.48,-9.47423,1,8,0,0,2,0,0,0,0,0,185
2180,1657.960,16.4052,15.1594,12.4558,31,0,0,2844.75,28.5831,20,75.2,8.49,1.56,0,8.23529,0,14.2196,3.48,-9.47423,1,8,0,0,1,0,0,0,0,0,185
2181,1658.000,16.6566,15.6187,12.4971,31,0,0,2883.5,28.5831,20,75.2,8.68,1.58,0,8.23529,0,14.2196,3.48,-9.40707,1,8,0,0,1,0,0,0,0,0,185
2182,1658.040,16.6566,16.3078,12.4971,31,0,0,2899.25,27.9617,20,75.2,8.56,1.56,0,8.23529,0,14.2196,3.48,-9.40707,1,8,0,0,1,0,0,0,0,0,185
2183,1658.080,17.0782,17.1117,12.6654,31,0,0,2872.25,27.9617,20,75.2,8.56,1.56,0,8.23529,0,14.2196,3.48,-9.3712,1,8,0,0,1,0,0,0,0,0,185
2184,1658.120,17.7958,18.0305,12.6707,31,0,0,2846,28.5831,20,75.2,8.37,1.56,0,8.23529,0,14.2196,3.48,-9.47718,1,8,0,0,1,0,0,0,0,0,185
2185,1658.160,18.8904,19.1789,12.6707,31,0,0,2819.75,28.5831,20,75.2,8.49,1.56,0,8.23529,0,14.2196,3.48,-9.47718,1,8,0,0,1,0,0,0,0,0,185
2186,1658.200,19.8593,20.2125,12.6707,31,0,0,2830.75,27.9617,20,75.2,8.43,1.56,0,8.23529,0,14.2196,3.48,-9.51131,1,8,0,0,1,0,0,0,0,0,185
2187,1658.240,20.1552,20.3273,12.6654,31,0,0,2849.25,27.9617,20,75.2,8.49,1.56,0,8.23529,0,14.2196,3.48,-9.44904,1,8,0,0,1,0,0,0,0,0,185
2188,1658.280,20.1552,20.3273,12.6654,31,0,0,2848,27.9617,20,75.2,8.37,1.56,0,8.23529,0,14.2196,3.48,-9.44904,1,8,0,0,1,0,0,0,0,0,185
2189,1658.320,20.0276,20.3273,12.6707,31,0,0,2820.75,27.9617,20,75.2,8.43,1.56,0,8.23529,0,14.2196,3.48,-9.47931,1,8,0,0,1,0,0,0,0,0,185
2190,1658.360,20.1552,20.3273,12.6707,31,0,.78125,2812.25,27.9617,20,75.2,8.49,1.56,0,8.23529,0,14.2196,3.48,-9.47931,1,8,0,0,1,0,0,0,0,0,185
2191,1658.400,20.1127,20.3273,12.6707,31,0,.78125,2812,27.9617,20,75.2,8.1,1.56,0,8.23529,0,14.2196,3.48,-9.57078,1,8,0,0,1,0,0,0,0,0,185
2192,1658.440,20.1552,20.3273,12.6707,31,0,.78125,2835.25,27.9617,20,75.2,8.18,1.56,0,8.23529,0,14.2196,3.48,-9.52965,1,10,0,0,1,0,0,0,0,0,185
2193,1658.480,19.8593,20.3273,12.6707,31,0,.78125,2836,27.9617,20,75.2,8.31,1.56,0,8.23529,0,14.2196,3.48,-9.52965,1,10,0,0,1,0,0,0,0,0,185
2194,1658.520,20.1552,20.3273,12.6707,31,0,.78125,2802,27.9617,20,75.2,8.43,1.56,0,8.23529,0,14.2196,3.48,-9.52622,1,10,0,0,1,0,0,0,0,0,185
2195,1658.560,20.0701,20.3273,12.6707,31,0,.78125,2771,27.9617,20,75.2,8.56,1.56,0,8.23529,0,14.2196,3.48,-9.57087,1,10,0,0,1,0,0,0,0,0,185
2196,1658.600,20.1552,20.3273,12.6707,31,0,.78125,2773.5,27.3403,20,75.2,8.43,1.56,0,8.23529,0,14.2196,3.48,-9.57087,1,10,0,0,1,0,0,0,0,0,185
2197,1658.640,20.1127,20.3273,12.6707,31,0,.78125,2792.5,27.3403,20,75.2,8.56,1.56,0,8.23529,0,14.2196,3.48,-9.57092,1,10,0,0,1,0,0,0,0,0,185
2198,1658.680,20.2384,20.3273,12.6707,31,0,.78125,2809.5,27.3403,20,75.2,8.49,1.56,0,8.23529,0,14.2196,3.48,-9.57092,1,10,0,0,1,0,0,0,0,0,185
2199,1658.720,20.1552,20.3273,12.6707,31,0,.78125,2793.5,27.3403,20,75.2,8.56,1.56,0,7.84314,0,14.2196,3.48,-9.57097,1,10,0,0,1,0,0,0,0,0,185
2200,1658.760,19.9444,20.3273,12.6707,31,0,3.125,2771,27.3403,20,75.2,8.49,1.56,0,8.23529,0,14.2196,3.48,-9.57102,1,10,0,0,1,0,0,0,0,0,185
2201,1658.800,20.1127,20.3273,12.6707,31,0,3.125,2746,27.3403,20,75.2,8.49,1.56,0,7.84314,0,14.2196,3.48,-9.57102,1,10,0,0,1,0,0,0,0,0,185
2202,1658.840,20.1127,20.3273,12.6707,31,0,3.125,2751.75,27.3403,20,75.2,8.68,1.56,0,7.84314,0,14.2196,3.48,-9.571,1,10,0,0,1,0,0,0,0,0,185
2203,1658.880,20.0701,20.3273,12.6707,30,0,3.125,2764.25,27.3403,20,75.2,8.49,1.56,0,7.84314,0,14.2196,3.48,-9.57105,1,10,0,0,1,0,0,0,0,0,185
2204,1658.920,20.1959,20.3273,12.6707,30,0,3.125,2774.75,27.3403,20,75.2,8.43,1.56,0,7.84314,0,14.2196,3.48,-9.57105,1,10,0,0,1,0,0,0,0,0,185
2205,1658.960,20.1127,20.3273,12.6707,30,0,3.125,2751,27.3403,20,75.2,8.43,1.56,0,7.84314,0,14.2196,3.48,-9.57097,1,10,0,0,1,0,0,0,0,0,185
2206,1659.000,19.9444,20.3273,12.6707,30,0,3.125,2729.5,27.3403,20,75.2,8.56,1.56,0,7.84314,0,14.2196,3.48,-9.57097,1,10,0,0,1,0,0,0,0,0,185
2207,1659.040,20.1127,20.3273,12.6707,30,0,3.125,2718,27.3403,20,75.2,8.43,1.56,0,7.84314,0,14.2196,3.48,-9.57102,1,10,0,0,1,0,0,0,0,0,185
2208,1659.080,20.1127,20.3273,12.6707,30,0,3.125,2728.75,26.719,20,75.2,8.43,1.56,0,7.84314,0,14.2196,3.48,-9.57106,1,10,0,0,1,0,0,0,0,0,185
2209,1659.120,19.9851,20.3273,12.6707,30,0,3.125,2726,26.719,20,75.2,8.31,1.56,0,7.84314,0,14.2196,3.48,-9.57106,1,10,0,0,1,0,0,0,0,0,185
2210,1659.160,20.1552,20.3273,12.6707,30,0,3.125,2725.25,26.719,20,77,8.49,1.56,0,7.84314,0,14.2196,3.48,-9.57111,1,10,0,0,1,0,0,0,0,0,185
2211,1659.200,20.1127,20.3273,12.6707,30,0,3.125,2707.75,26.719,20,77,8.37,1.56,0,7.84314,0,14.2196,3.48,-9.57116,1,10,0,0,1,0,0,0,0,0,185
2212,1659.240,19.7336,20.3273,12.6707,30,0,3.125,2703.5,26.719,20,77,8.37,1.56,0,7.84314,0,14.2196,3.48,-9.57116,1,10,0,0,1,0,0,0,0,0,185
2213,1659.280,19.6911,20.3273,12.6707,30,0,3.125,2689.5,26.719,20,77,8.25,1.56,0,7.84314,0,14.2196,3.48,-9.57121,1,10,0,0,1,0,0,0,0,0,185
2214,1659.320,19.6485,20.3273,12.6707,30,0,3.125,2687,26.719,20,77,8.1,1.54,0,7.84314,0,14.2196,3.48,-9.57121,1,10,0,0,1,0,0,0,0,0,185
2215,1659.360,19.8168,20.3273,12.6707,30,0,3.125,2696,26.719,20,77,8.08,1.54,0,7.84314,0,14.2196,3.48,-9.57125,1,10,0,0,1,0,0,0,0,0,185
2216,1659.400,19.7336,20.3273,12.6707,30,0,3.125,2687.25,26.719,20,77,8.1,1.54,0,7.84314,0,14.2196,3.48,-9.5713,1,10,0,0,1,0,0,0,0,0,185
2217,1659.440,19.8593,20.3273,12.6707,30,0,3.125,2668.25,26.719,20,77,8.1,1.54,0,7.84314,0,14.2196,3.48,-9.5713,1,10,0,0,1,0,0,0,0,0,185
2218,1659.480,19.7762,20.3273,12.6707,30,0,3.125,2663,26.0976,20,77,8.1,1.54,0,7.84314,0,14.2196,3.48,-9.57134,1,10,0,0,1,0,0,0,0,0,185
2219,1659.520,19.7762,20.3273,12.6707,30,0,3.125,2667,26.0976,20,77,8.18,1.56,0,7.84314,0,14.2196,3.48,-9.57132,1,10,0,0,1,0,0,0,0,0,185
2220,1659.560,19.6911,20.3273,12.6707,30,0,3.125,2678.75,26.0976,20,77,8.05,1.54,0,7.84314,0,14.2196,3.48,-9.57132,1,10,0,0,1,0,0,0,0,0,185
2221,1659.600,19.6911,20.3273,12.6707,30,0,3.125,2665.25,26.0976,20,77,8.1,1.54,0,7.84314,0,14.2196,3.48,-9.57131,1,10,0,0,1,0,0,0,0,0,185
2222,1659.640,19.8168,20.3273,12.6707,30,0,3.125,2640,26.0976,20,77,8.07,1.54,0,7.84314,0,14.2196,3.48,-9.57131,1,10,0,0,1,0,0,0,0,0,185
2223,1659.680,19.7762,20.3273,12.6707,30,0,3.125,2632.5,26.0976,20,77,8.18,1.54,0,7.84314,0,14.2196,3.335,-9.57129,1,10,0,0,1,0,0,0,0,0,185
2224,1659.720,19.8593,20.3273,12.6707,30,0,3.125,2648,26.0976,20,77,8.25,1.54,0,7.84314,0,14.2196,3.335,-9.57127,1,10,0,0,1,0,0,0,0,0,185
2225,1659.760,19.6485,20.3273,12.6707,30,0,3.125,2645.5,26.0976,20,77,8.18,1.54,0,7.84314,0,14.2196,3.335,-9.57127,1,10,0,0,1,0,0,0,0,0,185
2226,1659.800,19.8168,20.3273,12.6707,30,0,3.125,2623.75,26.0976,20,77,8.05,1.54,0,7.84314,0,14.2196,3.335,-9.57132,1,10,0,0,1,0,0,0,0,0,185
2227,1659.840,19.6485,20.3273,12.6707,30,0,3.125,2609.5,26.0976,20,77,8.07,1.54,0,7.84314,0,14.2196,3.335,-9.57136,1,10,0,0,1,0,0,0,0,0,185
2228,1659.880,19.7762,20.3273,12.6707,30,0,3.125,2619.25,26.0976,20,77,8.07,1.54,0,7.84314,0,14.2196,3.335,-9.57136,1,10,0,0,1,0,0,0,0,0,185
2229,1659.920,19.7336,20.3273,12.6707,30,0,3.125,2621.25,26.0976,20,77,8.18,1.54,0,7.84314,0,14.2196,3.48,-9.57134,1,10,0,0,1,0,0,0,0,0,185
2230,1659.960,19.8168,20.3273,12.6707,30,0,3.125,2606,25.4762,20,77,8.05,1.54,0,7.84314,0,14.2196,3.48,-9.57134,1,10,0,0,1,0,0,0,0,0,185
2231,1660.000,19.6911,20.3273,12.6707,30,0,3.125,2596,25.4762,20,77,8.02,1.54,0,7.84314,0,14.2196,3.48,-9.57139,1,10,0,0,1,0,0,0,0,0,185
2232,1660.040,19.7762,20.3273,12.6707,30,0,3.125,2600.75,25.4762,20,77,8.02,1.54,0,7.84314,0,14.2196,3.48,-9.57143,1,10,0,0,1,0,0,0,0,0,185
2233,1660.080,19.7336,20.3273,12.6707,30,0,3.125,2594.75,25.4762,20,77,8.02,1.54,0,7.84314,0,14.2196,3.48,-9.57143,1,10,0,0,1,0,0,0,0,0,185
2234,1660.120,19.6911,20.3273,12.6707,30,0,3.125,2577.75,25.4762,20,77,8.05,1.54,0,7.84314,0,14.2196,3.48,-9.57148,1,10,0,0,1,0,0,0,0,0,185
2235,1660.160,19.7336,20.3273,12.6707,30,0,3.125,2587.5,25.4762,20,77,8.1,1.54,0,7.84314,0,14.2196,3.48,-9.57152,1,10,0,0,1,0,0,0,0,0,185
2236,1660.200,19.606,20.3273,12.6707,30,0,3.125,2586.5,25.4762,20,77,8.05,1.54,0,7.84314,0,14.2196,3.48,-9.57152,1,10,0,0,1,0,0,0,0,0,185
2237,1660.240,19.6485,20.3273,12.6707,30,0,3.125,2571,25.4762,20,77,7.98,1.52,0,7.84314,0,14.2196,3.48,-9.5715,1,10,0,0,1,0,0,0,0,0,185
2238,1660.280,19.6911,20.3273,12.6707,30,0,3.125,2559,25.4762,20,77,7.94,1.52,0,7.84314,0,14.2196,3.48,-9.5715,1,10,0,0,1,0,0,0,0,0,185
2239,1660.320,19.6911,20.3273,12.6707,30,0,3.125,2561.25,25.4762,20,77,7.98,1.52,0,7.84314,0,14.2196,3.48,-9.57155,1,10,0,0,1,0,0,0,0,0,185
2240,1660.360,19.6911,20.3273,12.6707,30,0,3.125,2558,25.4762,20,77,7.88,1.52,0,7.84314,0,14.2196,3.48,-9.57159,1,10,0,0,1,0,0,0,0,0,185
2241,1660.400,19.6485,20.3273,12.6707,30,0,3.125,2546.5,25.4762,20,77,7.9,1.52,0,7.84314,0,14.2196,3.48,-9.57159,1,10,0,0,1,0,0,0,0,0,185
2242,1660.440,19.7762,20.3273,12.6707,29,0,3.125,2551.75,24.8548,20,77,7.94,1.52,0,7.84314,0,14.2196,3.48,-9.57157,1,10,0,0,1,0,0,0,0,0,185
2243,1660.480,19.606,20.3273,12.6707,29,0,3.125,2536,24.8548,20,77,7.96,1.52,0,7.84314,0,14.2196,3.48,-9.57161,1,10,0,0,1,0,0,0,0,0,185
2244,1660.520,19.606,20.3273,12.6707,29,0,3.125,2518.75,24.8548,20,77,7.94,1.52,0,7.84314,0,14.2196,3.48,-9.57161,1,10,0,0,1,0,0,0,0,0,185
2245,1660.560,19.7336,20.3273,12.6707,30,0,3.125,2523.75,24.8548,20,77,7.9,1.52,0,7.45098,0,14.2196,3.48,-9.57159,1,10,0,0,1,0,0,0,0,0,185
2246,1660.600,19.5654,20.3273,12.6707,30,0,3.125,2540.75,24.8548,20,77,7.88,1.52,0,7.84314,0,14.2196,3.48,-9.57159,1,10,0,0,1,0,0,0,0,0,185
2247,1660.640,19.606,20.3273,12.6707,30,0,3.125,2523.25,24.8548,20,77,7.84,1.52,0,7.84314,0,14.2196,3.48,-9.57164,1,10,0,0,1,0,0,0,0,0,185
2248,1660.680,19.9851,20.3273,12.6707,30,0,3.125,2506,24.8548,20,77,7.9,1.52,0,7.45098,0,14.2196,3.48,-9.57168,1,10,0,0,1,0,0,0,0,0,185
2249,1660.720,19.4803,20.3273,12.6707,30,0,3.125,2508,24.8548,20,77,7.98,1.54,0,7.45098,0,14.2196,3.48,-9.57168,1,10,0,0,1,0,0,0,0,0,185
2250,1660.760,19.7336,20.3273,12.6707,30,0,3.125,2492.25,24.8548,20,77,7.96,1.54,0,7.45098,0,14.2196,3.48,-9.57172,1,10,0,0,1,0,0,0,0,0,185
2251,1660.800,20.0276,20.3273,12.6707,30,0,3.125,2488.25,24.8548,20,77,7.94,1.52,0,7.45098,0,14.2196,3.48,-9.57176,1,10,0,0,1,0,0,0,0,0,185
2252,1660.840,19.606,20.3273,12.6707,30,0,3.125,2494.25,24.8548,20,77,7.94,1.52,0,7.45098,0,14.2196,3.48,-9.57176,1,10,0,0,1,0,0,0,0,0,185
2253,1660.880,19.6485,20.3273,12.6707,30,0,3.125,2477.25,24.8548,20,77,7.94,1.52,0,7.45098,0,14.2196,3.48,-9.57174,1,10,0,0,1,0,0,0,0,0,185
2254,1660.920,19.7762,20.3273,12.6707,30,0,3.125,2469.5,24.2335,20,77,7.9,1.52,0,7.45098,0,14.2196,3.48,-9.57174,1,10,0,0,1,0,0,0,0,0,185
2255,1660.960,19.5654,20.3273,12.6707,30,0,3.125,2478.75,24.2335,20,77,7.82,1.52,0,7.45098,0,14.2196,3.48,-9.57172,1,10,0,0,1,0,0,0,0,0,185
2256,1661.000,20.1959,20.3273,12.6707,30,0,3.125,2471.25,24.2335,20,77,7.82,1.52,0,7.45098,0,14.2196,3.48,-9.57177,1,10,0,0,1,0,0,0,0,0,185
2257,1661.040,19.9851,20.3273,12.6707,30,0,3.125,2489,24.2335,20,77,7.86,1.52,0,7.45098,0,14.2196,3.48,-9.57177,1,10,0,0,1,0,0,0,0,0,185
2258,1661.080,20.1552,20.3273,12.6707,30,0,3.125,2491.5,24.2335,20,77,7.82,1.5,0,7.45098,0,14.2196,3.48,-9.57181,1,10,0,0,1,0,0,0,0,0,185
2259,1661.120,20.1959,20.3273,12.6707,30,0,3.125,2477.5,24.2335,20,77,7.86,1.52,0,7.45098,0,14.2196,3.48,-9.57185,1,10,0,0,1,0,0,0,0,0,185
2260,1661.160,20.2384,20.3273,12.6707,30,0,3.125,2478.5,24.2335,20,77,7.84,1.52,0,7.45098,0,14.2196,3.48,-9.57185,1,10,0,0,1,0,0,0,0,0,185
2261,1661.200,20.2384,20.3273,12.6707,30,0,3.125,2462,24.2335,20,77,7.82,1.52,0,7.45098,0,14.2196,3.48,-9.57189,1,10,0,0,1,0,0,0,0,0,185
2262,1661.240,20.1959,20.3273,12.6707,30,0,3.125,2439.5,24.2335,20,77,7.82,1.5,0,7.45098,0,14.2196,3.48,-9.57189,1,10,0,0,1,0,0,0,0,0,185
2263,1661.280,20.1552,20.3273,12.6707,30,0,3.125,2442.25,24.2335,20,77,7.82,1.5,0,7.45098,0,14.2196,3.335,-9.57193,1,10,0,0,1,0,0,0,0,0,185
2264,1661.320,20.1552,20.3273,12.6707,30,0,3.125,2420.5,24.2335,20,77,7.82,1.5,0,7.45098,0,14.2196,3.335,-9.57197,1,10,0,0,1,0,0,0,0,0,185
2265,1661.360,20.0701,20.3273,12.6707,30,0,3.125,2408.25,24.2335,20,77,7.84,1.52,0,7.45098,0,14.2196,3.335,-9.57197,1,10,0,0,1,0,0,0,0,0,185
2266,1661.400,20.1552,20.3273,12.6707,30,0,3.125,2414.25,23.6121,20,77,7.86,1.52,0,7.45098,0,14.2196,3.335,-9.57201,1,10,0,0,1,0,0,0,0,0,185
2267,1661.440,20.0701,20.3273,12.6707,30,0,3.125,2399.5,23.6121,20,77,7.86,1.52,0,7.45098,0,14.2196,3.335,-9.57205,1,10,0,0,1,0,0,0,0,0,185
2268,1661.480,20.1127,20.3273,12.6707,30,0,3.125,2411.25,23.6121,20,77,7.82,1.5,0,7.45098,0,14.2196,3.335,-9.57205,1,10,0,0,1,0,0,0,0,0,185
2269,1661.520,20.1552,20.3273,12.6707,30,0,3.125,2399.5,23.6121,20,77,7.82,1.5,0,7.05882,0,14.2196,3.335,-9.57209,1,10,0,0,1,0,0,0,0,0,185
2270,1661.560,20.1959,20.3273,12.6707,30,0,3.125,2402.5,24.2335,20,77,7.79,1.5,0,7.45098,0,14.2196,3.335,-9.57209,1,10,0,0,1,0,0,0,0,0,185
2271,1661.600,20.0701,20.3273,12.6707,30,0,3.125,2413.5,24.2335,20,77,7.75,1.5,0,7.05882,0,14.2196,3.335,-9.57213,1,10,0,0,1,0,0,0,0,0,185
2272,1661.640,20.4067,20.3273,12.6707,30,0,3.125,2400.75,23.6121,20,77,7.75,1.5,0,7.05882,0,14.2196,3.335,-9.57217,1,10,0,0,0,0,0,0,0,0,185
2273,1661.680,20.0276,20.3273,12.6707,30,0,3.125,2408,23.6121,20,77,7.77,1.5,0,7.05882,0,14.2196,3.335,-9.57217,1,10,0,0,0,0,0,0,0,0,185
2274,1661.720,20.2384,20.3273,12.6707,30,0,3.125,2398.25,23.6121,20,77,7.8,1.5,0,7.45098,0,14.2196,3.335,-9.57215,1,10,0,0,1,0,0,0,0,0,185
2275,1661.760,19.9019,20.3273,12.6707,30,0,3.125,2378.75,23.6121,20,77,7.79,1.5,0,7.05882,0,14.2196,3.335,-9.57212,1,10,0,0,1,0,0,0,0,0,185
2276,1661.800,19.7762,20.3273,12.6707,30,0,3.125,2375.75,23.6121,20,77,7.75,1.5,0,7.05882,0,14.2196,3.335,-9.57212,1,10,0,0,1,0,0,0,0,0,185
2277,1661.840,19.7762,20.3273,12.6707,30,0,3.125,2350.75,23.6121,20,77,7.79,1.5,0,7.45098,0,14.2196,3.335,-9.57216,1,10,0,0,1,0,0,0,0,0,185
2278,1661.880,19.6911,20.3273,12.6707,30,0,3.125,2351.75,22.9907,20,77,7.79,1.5,0,7.45098,0,14.2196,3.335,-9.57216,1,10,0,0,1,0,0,0,0,0,185
2279,1661.920,19.6911,20.3273,12.6707,30,0,3.125,2332.75,22.9907,20,77,7.79,1.5,0,7.45098,0,14.2196,3.335,-9.5722,1,10,0,0,1,0,0,0,0,0,185
2280,1661.960,19.8168,20.3273,12.6707,30,0,3.125,2335,22.9907,20,77,7.75,1.5,0,7.45098,0,14.2196,3.335,-9.57224,1,10,0,0,1,0,0,0,0,0,185
2281,1662.000,19.8168,20.3273,12.6707,30,0,3.125,2318,22.9907,20,77,7.77,1.5,0,7.45098,0,14.2196,3.335,-9.57224,1,10,0,0,1,0,0,0,0,0,185
2282,1662.040,19.7336,20.3273,12.6707,30,0,3.125,2314.75,22.9907,20,77,7.75,1.5,0,7.45098,0,14.2196,3.335,-9.57228,1,10,0,0,1,0,0,0,0,0,185
2283,1662.080,19.8168,20.3273,12.6707,30,0,3.125,2322.75,22.9907,20,77,7.67,1.5,0,7.45098,0,14.2196,3.335,-9.57231,1,10,0,0,1,0,0,0,0,0,185
2284,1662.120,19.8168,20.3273,12.6707,30,0,3.125,2304.5,22.9907,20,77,7.67,1.5,0,7.05882,0,14.2196,3.335,-9.57231,1,10,0,0,1,0,0,0,0,0,185
2285,1662.160,19.7336,20.3273,12.6707,30,0,3.125,2313.25,22.9907,20,77,7.71,1.5,.392157,7.05882,2.96523,14.2196,3.335,-9.57235,1,10,0,0,1,0,0,0,0,0,185
2286,1662.200,19.8168,20.3273,12.6707,30,0,3.125,2302.25,22.9907,20.5,77,7.71,1.5,1.56863,7.45098,15.5572,14.2196,3.335,-9.57235,1,10,0,0,1,0,0,0,1.792,0,185
2287,1662.240,19.6911,20.3273,12.6707,30,0,3.125,2316.75,22.9907,21,77,7.92,1.54,2.7451,8.62745,26.3553,14.2196,3.335,-8.77534,1,10,0,0,1,74.902,0,0,2.048,0,185
2288,1662.280,19.6911,20.3273,12.6707,30,0,3.125,2313.5,22.9907,22,77,8.74,1.6,2.7451,9.41177,26.8191,14.2196,3.48,-8.48191,1,10,0,0,3,74.902,0,0,2.048,0,185
2289,1662.320,19.6485,20.3273,12.6707,30,0,3.125,2356.75,22.9907,22.5,77,9.6,1.64,7.05882,10.5882,60.032,14.2196,3.48,-8.48191,1,10,0,0,6,74.902,0,0,2.048,0,185
2290,1662.360,19.7762,20.3273,12.6707,30,0,3.125,2330,22.9907,4.5,77,11.56,1.8,9.41177,14.1176,82.3665,14.2196,3.625,-6.60206,1,10,0,0,7,74.902,0,0,2.048,0,185
2291,1662.400,19.8168,20.3273,11.1337,30,0,3.125,2292.75,22.9907,24,77,16.6,1.92,10.9804,15.2941,101.236,14.2196,4.495,-5.46386,1,10,0,0,10,74.902,0,0,2.56,0,185
2292,1662.440,19.7762,20.3273,11.1337,30,0,3.125,2239.25,22.9907,24.5,77,20.1,2.02,10.5882,16.0784,97.1179,14.2196,5.365,-5.46386,1,10,0,0,13,74.902,0,0,3.072,0,185
2293,1662.480,19.8593,20.3273,12.023,30,0,3.125,2343.5,22.9907,16.5,77,22.34,2.06,10.9804,16.0784,100.624,14.2196,5.945,-5.72125,1,10,0,0,15,74.902,0,0,3.328,0,185
2294,1662.520,18.9755,20.3273,12.023,30,0,3.125,2398.5,22.3694,16.5,77,22.18,2.06,10.1961,16.0784,91.8239,14.2196,6.235,-5.72125,1,10,0,0,17,74.902,0,0,3.584,0,185
2295,1662.560,12.9085,20.3273,12.0038,30,0,3.125,2341.25,22.3694,16.5,77,22.51,2.06,11.7647,16.0784,107.642,14.2196,6.525,-5.80752,1,10,0,0,17,74.902,0,0,3.584,0,185
2296,1662.600,13.0343,20.3273,12.1296,30,0,3.125,2254.5,22.9907,25.5,77,22.76,2.1,12.9412,17.6471,119.51,14.2196,6.67,-3.68014,1,10,0,0,19,74.902,0,0,3.84,0,185
2297,1662.640,13.2876,20.3273,12.1296,30,0,3.125,2218.75,22.9907,24.5,77,25.29,2.14,12.1569,17.6471,112.536,14.2196,7.105,-3.68014,1,10,0,0,20,74.902,0,0,4.096,0,185
2298,1662.680,13.2876,20.3273,11.6463,30,0,3.125,2301.5,22.3694,24,77,25.16,2.12,12.549,17.2549,114.503,14.2196,7.54,-4.52581,1,10,0,0,20,74.902,0,0,4.352,0,185
2299,1662.720,13.2876,20.3273,12.0086,31,0,3.125,2351.5,22.3694,23.5,77,24.29,2.1,15.6863,17.6471,144.703,14.2196,7.685,-1.74179,1,10,0,0,19,74.902,0,0,4.352,0,185
2300,1662.760,12.9492,20.3273,12.0086,31,0,2.34375,2338,22.3694,23,77,27.19,2.22,18.0392,20.3922,171.974,14.2196,7.83,-1.74179,1,10,0,0,19,74.902,0,0,4.352,0,185
2301,1662.800,12.5701,19.4086,11.6014,31,0,2.34375,2255.5,22.3694,22,77,33.51,2.3,18.0392,21.9608,170.585,14.2196,8.7,.300603,1,10,0,0,20,74.902,0,0,5.12,0,185
2302,1662.840,11.6012,18.1453,11.6014,31,0,2.34375,2255.75,22.9907,20.5,77,34.85,2.34,18.4314,22.3529,175.675,14.2196,9.28,.300603,1,10,0,0,20,74.902,0,0,5.376,0,185
2303,1662.880,10.17,17.1117,11.6824,31,0,2.34375,2342.5,22.9907,19.5,77,35.03,2.34,18.8235,22.7451,180.458,14.2196,9.715,.804805,1,10,0,0,19,74.902,0,0,5.632,0,185
2304,1662.920,10.17,16.193,11.6688,31,0,2.34375,2420.5,22.9907,19,77,35.57,2.36,20,23.5294,193.718,14.2196,10.005,2.02286,1,10,0,0,18,74.902,0,0,5.888,0,185
2305,1662.960,11.1795,15.1594,11.6688,31,0,2.34375,2350.75,22.9907,18,77,36.95,2.4,20,24.3137,192.542,14.2196,10.15,2.02286,1,10,0,0,18,74.902,0,0,5.888,0,185
2306,1663.000,11.7288,14.4703,13.2682,31,0,2.34375,2293.5,22.9907,17.5,77,36.55,2.38,20,24.3137,190.473,14.2196,10.585,2.0878,1,10,0,0,19,74.902,0,0,5.632,0,185
2307,1663.040,12.4018,14.0109,13.0723,31,-.78125,2.34375,2331.25,22.9907,17,77,36.64,2.38,20,23.9216,189.755,14.2196,10.73,1.74861,1,10,0,0,18,74.902,0,0,5.632,0,185
2308,1663.080,12.6552,13.5516,13.0723,31,-2.34375,2.34375,2401.75,22.9907,17,77,35.93,2.36,20.7843,23.9216,205.744,14.2196,10.875,1.74861,1,10,0,0,17,74.902,0,0,5.632,0,185
2309,1663.120,13.539,13.207,13.1523,31,-4.6875,2.34375,2450.5,22.9907,17,77,36.2,2.38,21.1765,24.7059,208.591,14.2196,10.875,2.86477,1,10,0,0,15,74.902,0,0,5.632,0,185
2310,1663.160,13.7073,13.3219,13.1523,31,-4.6875,1.5625,2390.75,23.6121,17,77,38.83,2.42,21.1765,25.098,208.239,14.2196,10.875,2.86477,1,10,0,0,16,74.902,0,0,5.632,0,185
2311,1663.200,13.7073,13.4367,13.2158,31,-3.90625,1.5625,2323.5,23.6121,16.5,77,38.62,2.4,20.7843,25.098,204.64,14.2196,11.165,2.81068,1,10,0,0,15,74.902,0,0,5.632,0,185
2312,1663.240,13.9181,13.7813,13.2332,31,-2.34375,1.5625,2386,23.6121,15.5,77,38.19,2.4,22.3529,25.098,221.52,14.2196,11.31,3.076,1,8,0,0,15,74.902,0,0,5.888,0,185
2313,1663.280,14.214,14.0109,13.2332,31,-1.5625,1.5625,2447.5,23.6121,16,77,40.12,2.44,24.7059,26.2745,250.448,14.2196,11.31,3.076,1,8,0,0,14,74.902,0,0,5.888,0,185
2314,1663.320,14.2972,14.0109,13.2858,31,-.78125,1.5625,2480.25,23.6121,16.5,77,44.06,2.5,25.4902,28.6275,254.49,14.2196,11.455,5.04475,1,8,0,0,13,74.902,0,0,6.144,0,185
2315,1663.360,14.214,13.7813,13.3625,31,-1.5625,0,2451.5,23.6121,16.5,77,45.59,2.52,24.7059,29.0196,247.606,14.2196,11.89,4.81869,1,8,0,0,14,74.902,0,0,6.144,0,185
2316,1663.400,13.4133,13.4367,13.3625,31,0,0,2406.5,24.2335,16.5,77,44.83,2.48,24.3137,28.2353,244.618,14.2196,12.325,4.81869,1,8,0,0,13,74.902,0,0,6.4,0,185
2317,1663.440,13.16,12.9773,13.4101,31,0,0,2452.25,24.2335,15.5,77,43.81,2.48,25.098,28.2353,253.303,14.2196,12.325,4.8959,1,8,0,0,13,74.902,0,0,6.4,0,185
2318,1663.480,13.3282,13.0922,13.4101,31,0,0,2481.75,24.2335,15.5,77,44.19,2.5,25.098,28.6275,253.368,14.2196,12.325,4.8959,1,8,0,0,12,74.902,0,0,6.656,0,185
2319,1663.520,13.539,13.207,13.2682,31,0,0,2522.5,24.2335,15.5,77,44.83,2.5,25.4902,29.0196,254.672,14.2196,12.325,5.26015,1,8,0,0,11,74.902,0,0,6.656,0,185
2320,1663.560,13.4559,13.207,13.1351,31,0,0,2529.25,24.2335,16.5,77,45.34,2.5,25.4902,29.0196,254.897,14.2196,12.47,5.40997,1,8,0,0,10,74.902,0,0,6.656,0,185
2321,1663.600,13.4133,13.207,13.1351,31,0,0,2493.25,24.2335,16,77,45.34,2.52,24.7059,29.0196,251.051,14.2196,12.47,5.40997,1,8,0,0,11,74.902,0,0,6.656,0,185
2322,1663.640,13.5816,13.0922,12.9934,31,0,0,2514.25,24.8548,15.5,77,45.38,2.5,24.3137,28.2353,245.007,14.2196,12.615,4.55099,1,8,0,0,11,74.902,0,0,6.912,0,185
2323,1663.680,13.4984,12.9773,12.8437,31,0,0,2555.75,24.8548,16,77,45,2.5,25.098,28.2353,253.952,14.2196,12.615,5.45343,1,8,0,0,10,74.902,0,0,6.912,0,185
2324,1663.720,13.4133,12.7477,12.8437,31,0,0,2569.25,24.8548,16,77,45.12,2.5,24.7059,28.6275,251.277,14.2196,12.47,5.45343,1,8,0,0,9,74.902,0,0,6.912,0,185
2325,1663.760,13.16,12.518,12.7243,31,0,0,2560.25,24.8548,16,77,45.88,2.5,24.3137,28.2353,245.229,14.2196,12.47,4.81265,1,8,0,0,9,74.902,0,0,6.912,0,185
2326,1663.800,13.0343,12.0586,12.7243,31,0,0,2573,25.4762,16,77,45.76,2.52,24.7059,28.2353,248.391,14.2196,12.615,4.81265,1,8,0,0,9,74.902,0,0,6.912,0,185
2327,1663.840,12.6126,11.8289,12.6814,31,0,0,2580.75,25.4762,16.5,77,46.26,2.52,24.3137,28.2353,245.359,14.2196,12.47,5.06661,1,8,0,0,9,74.902,0,0,6.912,0,185
2328,1663.880,12.4444,11.7141,12.6921,32,0,0,2584.75,25.4762,16,77,46.01,2.52,23.9216,27.8431,242.325,14.2196,12.615,4.61409,1,8,0,0,10,74.902,0,0,6.912,0,185
2329,1663.920,12.191,11.5992,12.6921,32,0,0,2606,25.4762,16,77,45.63,2.52,24.7059,27.451,248.583,14.2196,12.47,4.61409,1,8,0,0,10,74.902,0,0,6.912,0,185
2330,1663.960,12.0228,11.5992,12.762,32,0,0,2631.25,25.4762,16.5,77,46.39,2.54,25.098,27.8431,254.629,14.2196,12.47,5.45333,1,8,0,0,10,74.902,0,0,6.912,0,185
2331,1664.000,12.0228,11.4844,12.762,32,0,0,2649.25,25.4762,16.5,77,47.02,2.54,24.3137,28.6275,245.645,14.2196,12.47,4.93582,1,8,0,0,10,74.902,0,0,6.912,0,185
2332,1664.040,12.0228,11.5992,12.762,32,0,0,2645.5,26.0976,16,77,47.28,2.54,24.7059,28.6275,252.007,14.2196,12.615,4.93582,1,8,0,0,9,74.902,0,0,6.912,0,185
2333,1664.080,11.8971,11.7141,12.7512,32,0,0,2667.75,26.0976,16,77,47.94,2.56,25.098,28.6275,254.952,14.2196,12.615,5.82913,1,8,0,0,9,74.902,0,0,6.912,0,185
2334,1664.120,12.1079,11.7141,12.7512,32,0,0,2704.75,26.719,16.5,77,48.26,2.58,24.7059,28.6275,249.079,14.2196,12.615,5.82913,1,8,0,0,9,74.902,0,0,7.168,0,185
2335,1664.160,12.1079,11.7141,12.7296,32,0,0,2701.75,26.719,16.5,77,48.15,2.58,24.3137,28.6275,246.042,14.2196,12.76,5.37778,1,8,0,0,10,74.902,0,0,6.912,0,185
2336,1664.200,12.0653,11.7141,12.7458,32,0,0,2710,26.719,16.5,77,48.04,2.56,23.9216,28.2353,242.929,14.2196,12.76,4.72811,1,8,0,0,10,74.902,0,0,6.912,0,185
2337,1664.240,12.191,11.7141,12.7458,32,0,0,2704.75,26.719,16.5,77,48.04,2.56,23.9216,27.451,239.803,14.2196,12.76,4.72811,1,8,0,0,10,74.902,0,0,6.912,0,185
2338,1664.280,11.9802,11.5992,12.7946,32,0,0,2722.75,26.719,16,77,47.26,2.56,24.3137,27.451,246.22,14.2196,12.615,4.75074,1,8,0,0,10,74.902,0,0,6.912,0,185
2339,1664.320,12.191,11.5992,12.8877,32,0,0,2726.5,26.719,16.5,77,47.94,2.58,24.3137,27.8431,246.292,14.2196,12.615,5.13999,1,8,0,0,10,74.902,0,0,6.912,0,185
2340,1664.360,11.812,11.5992,12.8877,32,0,0,2755.5,26.719,16.5,77,48.47,2.58,24.3137,27.8431,246.36,14.2196,12.615,5.13999,1,8,0,0,10,74.902,0,0,6.912,0,185
2341,1664.400,12.0228,11.5992,12.8932,32,0,0,2766.5,26.719,16.5,77,48.79,2.58,24.3137,28.2353,246.413,14.2196,12.76,5.16846,1,8,0,0,10,74.902,0,0,6.912,0,185
2342,1664.440,12.0653,11.8289,12.8932,32,0,0,2796.75,27.3403,16.5,77,48.69,2.58,24.7059,28.2353,249.712,14.2196,12.76,5.16846,1,8,0,0,10,74.902,0,0,6.912,0,185
2343,1664.480,12.7809,11.8289,12.8877,32,0,0,2794.5,27.3403,16,77,49.44,2.6,24.7059,28.2353,249.831,14.2196,12.76,5.63956,1,8,0,0,10,74.902,0,0,6.912,0,185
2344,1664.520,12.7384,11.9437,12.8711,32,0,0,2804.25,27.3403,16.5,77,49.97,2.6,24.7059,28.6275,249.952,14.2196,12.905,5.91048,1,8,0,0,10,74.902,0,0,6.912,0,185
2345,1664.560,12.4018,11.9437,12.8711,32,0,0,2812.75,27.3403,16.5,77,49.97,2.6,24.7059,28.6275,250.026,14.2196,12.905,5.91048,1,8,0,0,10,74.902,0,0,6.912,0,185
2346,1664.600,12.0653,11.9437,12.8437,32,0,0,2844.25,27.9617,16,77,50.31,2.62,24.7059,28.6275,253.393,14.2196,12.905,6.2845,1,8,0,0,10,74.5098,0,0,7.168,0,185
2347,1664.640,12.4444,11.9437,12.8437,32,0,0,2870.25,27.9617,16.5,77,50.3,2.62,24.7059,28.6275,250.139,14.2196,12.905,6.79216,1,8,0,0,10,74.1176,0,0,6.912,0,185
2348,1664.680,12.0228,11.8289,12.8437,32,0,0,2874.75,27.9617,17,77,50.68,2.62,24.7059,28.6275,250.128,14.2196,13.05,6.79216,1,8,0,0,11,74.1176,0,0,6.912,0,185
2349,1664.720,11.9377,11.8289,12.8547,32,0,0,2886,27.9617,16.5,77,50.57,2.62,23.5294,28.2353,237.021,14.2196,13.05,6.49532,1,8,0,0,11,74.1176,0,0,6.912,0,185
2350,1664.760,11.8971,11.8289,12.8547,32,0,0,2890.25,28.5831,16.5,75.2,49.22,2.58,23.5294,27.0588,237.006,14.2196,13.05,6.49532,1,8,0,0,11,74.1176,0,0,6.912,0,185
2351,1664.800,11.812,11.7141,12.9098,32,0,0,2891,28.5831,16.5,75.2,49.54,2.6,25.4902,27.8431,259.09,14.2196,12.905,7.0223,1,8,0,0,11,73.7255,0,0,6.912,0,185
2352,1664.840,11.518,11.5992,12.9821,32,0,0,2911.5,28.5831,16.5,75.2,52.13,2.66,24.7059,28.6275,253.38,14.2196,13.05,7.57986,1,8,0,0,11,73.7255,0,0,6.912,0,185
2353,1664.880,11.7288,11.7141,12.9821,32,0,0,2918,28.5831,16.5,75.2,51.99,2.64,24.7059,29.0196,250.093,14.2196,13.05,7.57986,1,8,0,0,11,73.7255,0,0,7.168,0,185
2354,1664.920,12.0653,11.9437,12.8711,32,0,0,2960.5,28.5831,16.5,75.2,51.99,2.64,24.7059,28.6275,253.363,14.2196,13.195,7.88024,1,8,0,0,11,73.3333,0,0,7.168,0,185
2355,1664.960,12.0653,11.9437,12.8382,32,0,0,2982.75,28.5831,16.5,75.2,52.43,2.66,24.3137,28.6275,246.78,14.2196,13.195,8.089,1,8,0,0,11,72.549,0,0,7.168,0,185
2356,1665.000,14.1289,11.9437,12.8382,32,0,0,2976.75,29.2044,17,75.2,52.28,2.64,25.4902,28.6275,257.699,14.2196,13.195,8.089,1,8,0,0,11,72.549,0,0,7.168,0,185
2357,1665.040,12.1485,11.9437,12.8547,32,0,0,2974.75,29.2044,16.5,75.2,52.88,2.66,23.9216,28.6275,240.174,14.2196,13.195,8.44482,1,8,0,0,11,72.549,0,0,7.168,0,185
2358,1665.080,11.9377,11.8289,12.8547,32,0,0,2988.75,29.2044,16.5,75.2,52.58,2.64,23.9216,27.8431,243.454,14.2196,13.195,8.44482,1,8,0,0,11,72.549,0,0,7.168,0,185
2359,1665.120,11.812,11.8289,12.8492,32,0,0,2997.5,29.2044,16.5,75.2,51.99,2.66,24.7059,27.8431,250.029,14.2196,13.195,8.37579,1,8,0,0,11,72.549,0,0,7.168,0,185
2360,1665.160,11.812,11.8289,12.8932,32,0,0,3003.5,29.8258,16.5,75.2,52.58,2.66,24.7059,28.6275,250.023,14.2196,13.195,9.47011,1,8,0,0,11,72.1569,0,0,7.168,0,185
2361,1665.200,11.7288,11.8289,12.8932,32,0,0,3012,29.8258,16.5,75.2,53.62,2.68,24.7059,28.6275,250.017,14.2196,13.195,9.47011,1,8,0,0,11,72.1569,0,0,7.168,0,185
2362,1665.240,11.6863,11.8289,12.8492,32,0,0,3048.75,29.8258,16.5,75.2,53.76,2.68,24.7059,28.6275,253.304,14.2196,13.34,9.58782,1,8,0,0,11,72.1569,0,0,7.168,0,185
2363,1665.280,11.8971,11.9437,12.8054,32,0,0,3056,29.8258,17,75.2,54.21,2.68,24.7059,28.6275,250,14.2196,13.34,9.37682,1,8,0,0,11,71.7647,0,0,7.168,0,185
2364,1665.320,11.9802,11.9437,12.8054,32,0,0,3075,29.8258,17,75.2,54.65,2.7,24.3137,28.6275,246.693,14.2196,13.485,9.37682,1,8,0,0,11,71.7647,0,0,7.168,0,185
2365,1665.360,12.1079,12.0586,12.7135,32,0,0,3092.5,29.8258,16.5,75.2,54.36,2.68,23.9216,28.2353,240.085,14.2196,13.485,9.20139,1,8,0,0,10,71.7647,0,0,7.168,0,185
2366,1665.400,12.191,12.0586,12.7135,32,0,0,3091.25,30.4472,17,75.2,53.62,2.68,23.9216,27.8431,243.369,14.2196,13.485,9.20139,1,8,0,0,10,71.7647,0,0,7.168,0,185
2367,1665.440,12.0653,12.0586,12.7404,32,0,0,3113,30.4472,17,75.2,53.76,2.68,23.9216,27.8431,240.055,14.2196,13.34,9.27561,1,8,0,0,10,71.3726,0,0,7.168,0,185
2368,1665.480,11.9802,11.9437,12.7674,32,0,0,3135.25,30.4472,16.5,75.2,53.62,2.68,23.5294,27.8431,236.734,14.2196,13.34,8.76368,1,8,0,0,10,71.7647,0,0,7.168,0,185
2369,1665.520,11.9377,11.9437,12.7674,32,0,0,3124.25,30.4472,16.5,75.2,54.21,2.68,23.1373,27.451,233.406,14.2196,13.34,8.76368,1,8,0,0,11,71.7647,0,0,7.168,0,185
2370,1665.560,12.0228,11.9437,12.7783,32,0,0,3143.5,31.0686,16.5,75.2,53.32,2.68,23.5294,27.0588,236.699,14.2196,13.195,9.08434,1,8,0,0,11,71.3726,0,0,6.912,0,185
2371,1665.600,12.191,11.9437,12.8,32,0,0,3160.25,31.0686,17,75.2,54.65,2.68,23.1373,27.451,233.372,14.2196,13.195,8.87597,1,8,0,0,11,71.7647,0,0,6.912,0,185
2372,1665.640,12.1485,12.0586,12.8,32,0,0,3174.25,31.0686,16.5,75.2,54.06,2.68,23.1373,27.451,233.352,14.2196,13.195,8.87597,1,10,0,0,11,71.7647,0,0,6.912,0,185
2373,1665.680,12.191,12.0586,12.8054,32,0,0,3196,31.0686,17,75.2,54.95,2.7,22.3529,27.0588,223.39,14.2196,13.195,8.42323,1,10,0,0,11,72.1569,0,0,6.912,0,185
2374,1665.720,12.2336,12.1734,12.8054,32,0,0,3194.25,31.6899,17.5,75.2,53.62,2.68,22.3529,26.6667,223.368,14.2196,13.195,8.42323,1,10,0,0,11,72.1569,0,0,6.912,0,185
2375,1665.760,12.2336,12.1734,12.8109,32,0,0,3223,31.6899,17,75.2,53.17,2.66,22.3529,26.2745,220.034,14.2196,13.05,7.4552,1,10,0,0,11,72.9412,0,0,6.912,0,185
2376,1665.800,12.1485,12.1734,12.8437,33,0,0,3240,31.6899,17,75.2,53.02,2.64,22.3529,26.2745,220.01,14.2196,12.905,7.06393,1,10,0,0,12,73.3333,0,0,6.912,0,185
2377,1665.840,12.0228,12.1734,12.8437,33,0,0,3223.75,31.6899,17.5,75.2,53.62,2.66,21.5686,26.2745,213.221,14.2196,12.905,7.06393,1,10,0,0,12,73.3333,0,0,6.912,0,185
2378,1665.880,12.1079,12.0586,12.8492,33,0,0,3224.5,31.6899,17,75.2,53.47,2.66,20.7843,26.2745,203.007,14.2196,12.76,5.87912,1,10,0,0,12,74.1176,0,0,6.656,0,185
2379,1665.920,12.2336,12.0586,12.8327,33,0,0,3243.75,31.6899,17,75.2,52.43,2.66,20.3922,25.4902,196.138,14.2196,12.76,3.16686,1,10,0,0,12,74.5098,0,0,6.656,0,185
2380,1665.960,11.9802,12.0586,12.8327,33,0,0,3278.25,32.3113,17.5,75.2,51.1,2.62,20.3922,25.098,195.661,14.2196,12.615,3.16686,1,10,0,0,12,74.5098,0,0,6.656,0,185
2381,1666.000,12.1485,12.0586,13.0046,33,0,0,3277.75,32.3113,17.5,75.2,50.8,2.62,17.6471,24.7059,158.868,14.2196,12.325,2.9327,1,10,0,0,12,74.5098,0,0,6.4,0,185
2382,1666.040,11.9377,11.9437,13.0046,33,0,0,3281,32.3113,17.5,75.2,48.9,2.56,7.45098,21.1765,54.8388,14.2196,12.18,2.9327,1,10,0,0,12,74.5098,0,0,6.4,0,185
2383,1666.080,12.4018,11.8289,13.1236,33,0,0,3270.75,32.3113,18,75.2,35.21,2.3,0,16.8627,51.7209,14.2196,10.585,-6.39127,1,10,0,0,12,74.5098,0,0,5.376,0,185
2384,1666.120,12.2761,11.4844,17.1249,33,0,0,3254,32.3113,20.5,75.2,29.75,2.04,0,10.5882,0,14.2196,8.99,-8.58635,1,10,0,0,13,0,0,0,4.096,0,185
2385,1666.160,11.8971,11.1398,17.1249,33,-5.46875,0,3244.25,32.3113,22.5,75.2,26.56,2.12,0,9.01961,0,14.2196,7.25,-8.58635,1,10,0,0,11,0,0,0,3.072,0,185
2386,1666.200,11.6863,11.1398,20.8777,33,-7.8125,0,3270.25,32.3113,24,75.2,14.73,1.78,0,9.01961,0,14.2196,6.09,-8.58638,1,10,0,0,8,0,0,0,3.072,0,185
2387,1666.240,11.2646,11.1398,16.0906,33,-8.59375,0,3291.75,32.3113,18,75.2,11.47,1.7,0,9.01961,0,14.2196,5.365,-8.58636,1,10,0,0,7,0,0,0,2.816,0,185
2388,1666.280,10.7579,11.1398,16.0906,33,-9.375,0,3292,32.3113,18.5,75.2,10.5,1.64,0,8.62745,0,14.2196,4.785,-8.58636,1,10,0,0,6,0,0,0,0,0,185
2389,1666.320,10.7173,11.1398,15.1818,33,-10.1563,0,3247.75,32.3113,18,75.2,8.82,1.56,0,8.62745,0,14.2196,4.35,-8.58633,1,10,0,0,5,0,0,0,0,0,185
2390,1666.360,10.6322,11.1398,15.1818,33,-10.9375,0,3190.75,32.3113,17,75.2,8.62,1.58,0,8.62745,0,14.2196,4.06,-8.58633,1,10,0,0,4,0,0,0,0,0,185
2391,1666.400,10.6748,11.1398,14.2748,33,-11.7188,0,3151.25,32.3113,16,75.2,8.56,1.56,0,8.23529,0,14.2196,3.915,-8.60911,1,10,0,0,4,0,0,0,0,0,185
2392,1666.440,10.9687,11.1398,14.2748,33,-12.5,0,3110,32.3113,15.5,75.2,8.22,1.54,0,8.23529,0,14.2196,3.77,-8.75215,1,10,0,0,3,0,0,0,0,0,185
2393,1666.480,11.2221,11.1398,14.2748,33,-14.0625,0,3054.25,32.3113,15,75.2,8.2,1.54,0,7.84314,0,14.2196,3.77,-8.75215,1,10,0,0,3,0,0,0,0,0,185
2394,1666.520,11.5586,11.3695,14.2748,33,-14.0625,0,2989.5,32.3113,14,75.2,7.96,1.52,0,7.84314,0,14.2196,3.625,-9.03326,1,10,0,0,2,0,0,0,0,0,185
2395,1666.560,12.1485,11.7141,14.2748,33,0,.78125,2914.5,32.3113,13.5,75.2,8,1.54,0,7.84314,0,14.2196,3.625,-9.28967,1,10,0,0,2,0,0,0,0,0,185
2396,1666.600,12.4869,12.0586,14.2748,33,0,.78125,2838,32.3113,12.5,75.2,8.05,1.54,0,7.84314,0,14.2196,3.625,-9.28967,1,10,0,0,2,0,0,0,0,0,185
2397,1666.640,13.1174,12.4031,14.2748,33,0,.78125,2761.25,32.3113,20,75.2,8.31,1.54,5.09804,8.23529,39.0401,14.2196,3.625,-9.57211,1,10,0,0,2,0,0,0,1.792,0,185
2398,1666.680,15.0147,12.7477,14.2748,33,0,.78125,2702.5,32.3113,21,75.2,13.45,1.88,27.451,19.2157,267.316,14.2196,3.77,-9.57211,1,10,0,0,2,0,0,0,1.792,0,185
2399,1666.720,16.6566,13.0922,14.2411,33,0,.78125,2670,32.3113,21.5,75.2,36.19,2.6,37.6471,33.3333,296.754,14.2196,6.96,7.28472,1,10,0,0,4,74.902,0,0,3.328,0,185
2400,1666.760,17.8364,13.5516,9.90642,33,0,0,2767.5,31.6899,19,75.2,79.18,2.92,42.3529,40.7843,304.93,14.2196,12.615,12.005,1,10,0,0,6,74.902,0,0,5.632,0,185
2401,1666.800,15.8985,14.0109,9.90642,33,0,0,2706.25,31.6899,1.5,75.2,79.01,2.86,43.1373,43.9216,305.986,14.2196,14.355,12.005,1,10,0,0,7,74.902,0,0,6.656,0,185
2402,1666.840,15.268,14.4703,12.5545,33,0,0,2633.75,32.3113,16,75.2,63.62,2.74,41.9608,44.3137,302.233,14.2196,14.79,12.8426,1,10,0,0,10,74.902,0,0,7.424,0,185
2403,1666.880,18.7647,15.0445,12.6229,33,0,0,2757,32.3113,8.5,75.2,58.69,2.74,41.9608,43.5294,304.392,14.2196,14.935,13.5241,1,10,0,0,11,80,0,15.3137,7.68,0,185
2404,1666.920,17.6256,15.9633,12.6229,33,0,0,2758.75,32.3113,8.5,75.2,60.22,2.76,41.1765,43.5294,302.987,14.2196,15.08,13.5241,1,10,0,0,11,80,0,15.3137,7.936,0,185
2405,1666.960,14.8464,16.5375,12.5388,33,0,0,2695.25,32.3113,16,75.2,57.69,2.74,38.4314,42.3529,298.283,14.2196,15.225,12.8134,1,10,0,0,11,80,0,15.3137,8.192,0,185
2406,1667.000,13.4133,15.6187,12.5388,33,0,0,2713.25,32.9327,16,75.2,56.58,2.72,35.2941,40.3922,293.451,14.2196,15.225,12.8134,1,10,0,0,11,80,0,15.3137,8.192,0,185
2407,1667.040,12.9917,14.7,12.4558,33,0,0,2732.25,32.9327,16,75.2,56.28,2.7,33.3333,38.0392,290.648,14.2196,15.08,11.4365,1,10,0,0,10,74.902,0,0,8.192,0,185
2408,1667.080,12.866,14.2406,12.3942,33,0,0,2729.25,32.9327,16,75.2,55.1,2.7,30.9804,36.4706,285.997,14.2196,15.08,10.7298,1,10,0,0,10,74.902,0,0,8.448,0,185
2409,1667.120,12.5275,13.7813,12.3942,33,0,0,2728.25,32.9327,16,75.2,55.69,2.68,27.451,33.3333,269.177,14.2196,14.935,10.7298,1,10,0,0,11,74.902,0,0,8.192,0,185
2410,1667.160,12.2336,13.3219,12.3131,33,0,0,2753.25,32.9327,16,75.2,52.73,2.64,24.7059,30.1961,253.098,14.2196,14.645,7.1824,1,10,0,0,11,74.902,0,0,8.192,0,185
2411,1667.200,11.9377,12.9773,12.4971,33,0,0,2758.25,32.9327,16,75.2,50.19,2.6,23.9216,28.2353,240.181,14.2196,14.21,4.80646,1,10,0,0,11,74.902,0,0,7.936,0,185
2412,1667.240,11.5586,12.6328,12.4971,33,0,0,2785.25,33.554,16,75.2,49.33,2.58,23.1373,27.0588,233.731,14.2196,13.92,4.80646,1,10,0,0,11,74.902,0,0,7.68,0,185
2413,1667.280,11.3904,12.2883,12.3993,33,0,0,2768.25,33.554,16,75.2,48.26,2.58,22.3529,26.6667,223.995,14.2196,13.485,3.95508,1,10,0,0,11,74.902,0,0,7.68,0,185
2414,1667.320,11.0964,11.9437,12.3993,33,0,0,2766,33.554,16.5,75.2,47.72,2.56,21.5686,25.8824,211.014,14.2196,13.195,3.95508,1,10,0,0,11,74.902,0,0,7.424,0,185
2415,1667.360,11.1389,11.5992,12.268,33,0,0,2788.25,33.554,16.5,75.2,47.72,2.56,21.1765,25.8824,207.743,14.2196,13.05,2.98495,1,10,0,0,11,74.902,0,0,7.168,0,185
2416,1667.400,12.7384,11.2547,12.5179,33,0,0,2825.75,33.554,16,75.2,47.72,2.56,20.3922,25.4902,197.968,14.2196,12.905,2.69216,1,10,0,0,11,74.902,0,0,7.168,0,185
2417,1667.440,13.6241,11.1398,12.5179,32,0,0,2824.5,33.554,16.5,75.2,47.28,2.54,18.4314,24.3137,175.069,14.2196,12.76,2.69216,1,10,0,0,11,74.902,0,0,6.912,0,185
2418,1667.480,10.9687,11.1398,12.735,32,0,0,2813.5,34.1754,17,75.2,45.25,2.5,18.4314,23.5294,171.725,14.2196,12.47,.5606,1,10,0,0,11,74.902,0,0,6.656,0,185
2419,1667.520,11.0113,11.1398,13.3034,32,0,0,2837,34.1754,16.5,75.2,43.98,2.48,18.4314,23.1373,171.65,14.2196,12.035,.590305,1,10,0,0,11,74.902,0,0,6.4,0,185
2420,1667.560,11.0538,11.1398,13.3034,32,0,0,2844,34.1754,16.5,75.2,43.98,2.46,17.2549,22.7451,155.248,14.2196,11.89,.590305,1,10,0,0,11,74.902,0,0,6.4,0,185
2421,1667.600,11.1795,11.1398,13.3625,32,0,0,2841.25,34.1754,17,75.2,41.94,2.44,15.2941,21.5686,134.928,14.2196,11.6,-2.00061,1,10,0,0,12,74.902,0,0,6.144,0,185
2422,1667.640,11.2221,11.1398,13.3625,32,-1.5625,0,2819.75,34.1754,17,75.2,38.33,2.4,15.2941,20.7843,135.019,14.2196,11.31,-2.00061,1,10,0,0,12,74.902,0,0,5.376,0,185
2423,1667.680,11.0113,11.1398,14.336,32,-7.8125,0,2839.75,34.1754,18,75.2,37.47,2.4,15.6863,20.7843,137.643,14.2196,10.875,-2.52126,1,10,0,0,13,74.902,0,0,5.12,0,185
2424,1667.720,11.2646,11.1398,14.2142,32,-12.5,0,2872.5,34.1754,19,75.2,37.25,2.38,15.6863,20.7843,137.478,14.2196,10.585,-2.21122,1,10,0,0,14,74.902,0,0,4.864,0,185
2425,1667.760,11.7288,11.4844,14.2142,32,-13.2813,0,2885.5,34.1754,19,75.2,37.36,2.4,14.902,20.7843,129.207,14.2196,10.44,-2.21122,1,10,0,0,15,74.902,0,0,4.608,0,185
2426,1667.800,12.2761,11.8289,14.2748,32,-14.8438,0,2871,34.7968,19.5,75.2,37.11,2.38,14.5098,20.3922,126.538,14.2196,10.295,-3.12181,1,10,0,0,16,74.902,0,0,4.352,0,185
2427,1667.840,13.1174,12.1734,14.3839,32,-15.625,0,2861.5,34.7968,20,75.2,36.09,2.36,14.5098,20,126.579,14.2196,10.15,-3.17949,1,10,0,0,17,74.902,0,0,4.352,0,185
2428,1667.880,13.6241,12.518,14.3839,32,-16.4063,0,2881.75,34.7968,20,75.2,36.09,2.36,14.5098,20,126.474,14.2196,10.005,-3.17949,1,10,0,0,17,74.902,0,0,4.096,0,185
2429,1667.920,14.3823,12.8625,14.4808,32,-15.625,0,2889.5,34.7968,20.5,75.2,35.46,2.36,14.5098,20,126.432,14.2196,9.86,-3.07843,1,10,0,0,18,74.902,0,0,4.096,0,185
2430,1667.960,14.9296,13.207,14.4808,32,-14.8438,-2.34375,2871,34.7968,20.5,75.2,35.73,2.36,14.5098,20,126.562,14.2196,9.86,-3.07843,1,10,0,0,18,74.902,0,0,4.096,0,185
2431,1668.000,15.562,13.6664,14.4808,32,-14.0625,-2.34375,2868.25,34.7968,21,75.2,35.91,2.36,13.7255,20,118.332,14.2196,9.715,-3.11903,1,10,0,0,18,74.902,0,0,4.096,0,185
2432,1668.040,15.9411,14.1258,14.453,32,-11.7188,-2.34375,2881.75,34.7968,21,75.2,35.82,2.34,15.2941,19.6078,134.665,14.2196,9.715,-3.07788,1,8,0,0,19,74.902,0,0,4.096,0,185
2433,1668.080,16.616,14.5852,14.453,32,-9.375,-2.34375,2883.75,34.7968,21,75.2,35.64,2.36,15.6863,20.3922,137.388,14.2196,9.57,-3.07788,1,8,0,0,19,74.902,0,0,4.096,0,185
2434,1668.120,16.8268,15.2742,14.4322,32,-5.46875,-2.34375,2882.5,34.7968,21,75.2,36.44,2.38,15.2941,20.7843,134.549,14.2196,9.715,-2.12572,1,8,0,0,19,74.902,0,0,4.352,0,185
2435,1668.160,16.5735,16.193,14.2748,32,.78125,-2.34375,2893,34.7968,21,75.2,37.45,2.4,14.5098,20.7843,126.357,14.2196,9.715,-3.05951,1,8,0,0,19,74.902,0,0,4.608,0,185
2436,1668.200,16.237,16.0781,14.2748,32,3.125,-2.34375,2914.25,34.7968,21,75.2,36.54,2.38,14.5098,20.3922,126.295,14.2196,9.715,-3.05951,1,8,0,0,19,74.902,0,0,4.864,0,185
2437,1668.240,15.8985,15.8484,14.2748,32,3.90625,-2.34375,2929.5,34.7968,21,75.2,36.53,2.36,14.1176,20,123.483,14.2196,9.715,-3.00108,1,8,0,0,19,74.902,0,0,4.864,0,185
2438,1668.280,15.3937,15.0445,14.2748,32,3.90625,-2.34375,2915.25,34.7968,21,75.2,35.37,2.34,14.1176,19.6078,120.817,14.2196,9.715,-3.00108,1,8,0,0,19,74.902,0,0,4.864,0,185
2439,1668.320,14.5505,14.3555,14.2748,32,3.125,-2.34375,2881.25,34.7968,21,75.2,35.55,2.34,14.5098,19.6078,126.456,14.2196,9.57,-3.80231,1,8,0,0,19,74.902,0,0,4.608,0,185
2440,1668.360,13.9606,13.8961,14.3839,32,2.34375,-2.34375,2902.75,34.7968,21.5,75.2,35.46,2.34,15.6863,20.3922,137.288,14.2196,9.57,-2.40193,1,8,0,0,19,74.902,0,0,4.608,0,185
2441,1668.400,13.8349,13.6664,14.3839,32,1.5625,-2.34375,2952,34.7968,21.5,75.2,36.44,2.38,15.6863,20.7843,139.904,14.2196,9.57,-2.40193,1,8,0,0,19,74.902,0,0,4.608,0,185
2442,1668.440,13.7924,13.6664,14.2748,32,1.5625,-2.34375,2958.75,35.4182,21,75.2,37.97,2.4,17.2549,21.1765,154.659,14.2196,9.57,-1.5593,1,8,0,0,19,74.902,0,0,4.608,0,185
2443,1668.480,13.8349,13.7813,14.2748,32,2.34375,-2.34375,2930.75,35.4182,20.5,75.2,40.98,2.44,18.8235,22.7451,177.794,14.2196,9.715,1.26391,1,8,0,0,19,74.902,0,0,4.864,0,185
2444,1668.520,14.0032,14.0109,14.2748,32,3.90625,-2.34375,2958,35.4182,20,75.2,44.78,2.5,16.8627,23.1373,151.492,14.2196,10.15,1.26391,1,8,0,0,19,74.902,0,0,5.12,0,185
2445,1668.560,13.9181,13.7813,13.9313,32,3.125,-2.34375,2992.5,35.4182,19.5,75.2,42.96,2.44,13.3333,21.1765,112.277,14.2196,10.44,-3.34224,1,8,0,0,19,74.902,0,0,5.376,0,185
2446,1668.600,13.7498,13.3219,13.9313,32,.78125,-2.34375,2951.75,35.4182,19.5,75.2,36.08,2.34,11.7647,18.8235,95.9756,14.2196,10.15,-3.34224,1,8,0,0,19,74.902,0,0,5.12,0,185
2447,1668.640,13.6667,12.9773,14.154,32,-.78125,-2.34375,2893.25,35.4182,20.5,75.2,33.4,2.3,13.3333,18.4314,112.717,14.2196,9.715,-5.35451,1,8,0,0,19,74.902,0,0,4.608,0,185
2448,1668.680,13.4984,12.7477,14.4461,32,-2.34375,-2.34375,2883,35.4182,21,75.2,33.37,2.3,16.4706,19.6078,145.579,14.2196,9.425,-1.67163,1,8,0,0,18,74.902,0,0,4.608,0,185
2449,1668.720,13.0768,12.7477,14.4461,32,-4.6875,-2.34375,2940,35.4182,21.5,75.2,35.88,2.38,16.0784,21.1765,142.576,14.2196,9.28,-1.67163,1,8,0,0,18,74.902,0,0,4.352,0,185
2450,1668.760,13.0768,12.6328,14.3908,32,-5.46875,-2.34375,2961.25,35.4182,21,75.2,38.69,2.4,14.5098,21.1765,126.052,14.2196,9.425,-1.9908,1,8,0,0,18,74.902,0,0,4.352,0,185
2451,1668.800,13.0768,12.518,14.2748,32,-8.59375,-2.34375,2921.75,35.4182,21,75.2,38.05,2.38,13.3333,20.3922,115.185,14.2196,9.57,-3.96775,1,8,0,0,18,74.902,0,0,4.352,0,185
2452,1668.840,12.9492,12.8625,14.2748,32,-7.8125,-2.34375,2910,35.4182,21,75.2,35.44,2.34,12.549,19.2157,107.097,14.2196,9.57,-3.96775,1,8,0,0,19,74.902,0,0,4.352,0,185
2453,1668.880,13.2451,13.207,14.2748,32,-7.03125,-2.34375,2951,35.4182,21.5,75.2,34,2.28,12.549,18.8235,106.915,14.2196,9.425,-4.64945,1,8,0,0,19,74.902,0,0,4.352,0,185
2454,1668.920,13.539,13.6664,14.2748,32,-5.46875,-2.34375,2969,35.4182,22,75.2,33.37,2.3,12.549,18.8235,106.785,14.2196,9.135,-4.64945,1,8,0,0,19,74.902,0,0,4.352,0,185
2455,1668.960,13.8775,14.1258,14.4738,32,-3.90625,-2.34375,2970.5,35.4182,22,75.2,33.47,2.3,12.9412,18.8235,109.575,14.2196,8.99,-4.56519,1,8,0,0,19,74.902,0,0,4.352,0,185
2456,1669.000,14.2972,14.2406,14.5367,32,-2.34375,-2.34375,2948.75,36.0395,22.5,75.2,33.05,2.3,12.9412,18.8235,109.591,14.2196,8.845,-4.33142,1,8,0,0,19,74.902,0,0,4.096,0,185
2457,1669.040,14.508,14.1258,14.5367,32,-2.34375,-2.34375,2962,36.0395,22.5,75.2,33.38,2.3,12.9412,18.8235,109.568,14.2196,8.845,-4.33142,1,8,0,0,20,74.902,0,0,4.096,0,185
2458,1669.080,14.2565,14.0109,14.4738,32,-2.34375,-2.34375,2986.25,36.0395,22.5,75.2,33.91,2.3,13.3333,19.2157,112.188,14.2196,8.845,-4.30436,1,8,0,0,20,74.902,0,0,4.352,0,185
2459,1669.120,14.2972,14.0109,14.4046,31,-1.5625,-2.34375,2990,36.0395,22.5,75.2,33.91,2.3,13.3333,19.2157,114.885,14.2196,8.845,-3.79378,1,8,0,0,20,74.902,0,0,4.352,0,185
2460,1669.160,14.1714,14.0109,14.4046,31,-1.5625,-2.34375,2976.25,36.0395,22.5,75.2,34.9,2.32,12.9412,19.6078,109.542,14.2196,8.845,-3.79378,1,8,0,0,20,74.902,0,0,4.352,0,185
2461,1669.200,14.214,14.0109,14.2748,31,-.78125,-2.34375,2959.75,36.0395,22.5,75.2,34.99,2.32,12.549,19.6078,106.81,14.2196,8.845,-4.58056,1,8,0,0,20,74.902,0,0,4.352,0,185
2462,1669.240,14.2565,14.0109,14.2748,31,0,-2.34375,2986.25,36.0395,22.5,75.2,34.63,2.32,12.549,19.2157,106.723,14.2196,8.845,-4.58056,1,8,0,0,20,74.902,0,0,4.352,0,185
2463,1669.280,14.1714,14.0109,14.2748,31,0,-2.34375,2998.25,36.0395,22.5,75.2,34.07,2.3,13.3333,18.8235,112.096,14.2196,8.845,-4.29584,1,8,0,0,21,74.902,0,0,4.352,0,185
2464,1669.320,14.0457,13.8961,14.2748,31,.78125,-2.34375,2985.5,36.0395,22.5,75.2,33.98,2.3,12.549,19.2157,106.64,14.2196,8.845,-4.28216,1,8,0,0,21,74.902,0,0,4.352,0,185
2465,1669.360,14.0883,13.7813,14.2748,31,0,-2.34375,2975.5,36.0395,22.5,75.2,33.98,2.3,11.3725,18.8235,93.0237,14.2196,8.7,-4.28216,1,8,0,0,21,74.902,0,0,4.352,0,185
2466,1669.400,13.8349,13.5516,14.2748,31,-.78125,-2.34375,2982,36.0395,23,75.2,31.62,2.26,11.3725,18.0392,93.008,14.2196,8.7,-5.48865,1,8,0,0,21,74.902,0,0,4.352,0,185
2467,1669.440,13.6667,13.4367,14.4599,31,-1.5625,-2.34375,3000.75,36.0395,23.5,75.2,30.03,2.22,12.1569,18.0392,101.149,14.2196,8.41,-4.95334,1,8,0,0,21,74.902,0,0,4.096,0,185
2468,1669.480,13.4559,13.3219,14.4599,31,-2.34375,-2.34375,3009,36.0395,23.5,75.2,30.68,2.26,12.1569,18.4314,101.066,14.2196,8.265,-4.95334,1,8,0,0,21,74.902,0,0,4.096,0,185
2469,1669.520,13.5816,13.207,14.5087,31,-3.125,-2.34375,2995,36.0395,23.5,75.2,31.31,2.26,11.3725,18.4314,92.9166,14.2196,8.265,-5.25134,1,8,0,0,21,74.902,0,0,3.84,0,185
2470,1669.560,13.4984,13.3219,14.5087,31,-3.125,-2.34375,3002,36.6609,23.5,73.4,31.48,2.26,10.9804,18.0392,90.2285,14.2196,8.265,-5.25134,1,8,0,0,21,74.902,0,0,3.84,0,185
2471,1669.600,13.7073,13.5516,14.3977,31,-2.34375,-2.34375,3019.5,36.6609,24,73.4,30.68,2.24,11.7647,17.6471,95.5546,14.2196,8.265,-5.4604,1,8,0,0,21,74.902,0,0,3.84,0,186.8
2472,1669.640,14.0032,13.7813,14.4391,31,-.78125,-2.34375,3020.25,36.6609,24,73.4,29.82,2.24,10.9804,17.6471,90.0432,14.2196,8.12,-5.4193,1,8,0,0,21,74.902,0,0,3.84,0,186.8
2473,1669.680,14.0032,13.7813,14.4391,31,-.78125,-2.34375,3007.25,36.6609,24,73.4,29.71,2.22,10.9804,17.6471,90.1018,14.2196,7.975,-5.4193,1,8,0,0,21,74.902,0,0,3.84,0,186.8
2474,1669.720,13.5816,13.7813,14.4391,31,-.78125,-2.34375,3011.75,36.6609,24,73.4,29.6,2.22,11.3725,17.6471,92.8496,14.2196,7.975,-5.41575,1,8,0,0,21,74.902,0,0,3.84,0,186.8
2475,1669.760,13.4559,13.6664,14.4115,31,-1.5625,-2.34375,3015,36.6609,24,73.4,30.03,2.24,11.3725,18.0392,92.8062,14.2196,7.83,-5.28529,1,8,0,0,21,74.902,0,0,3.84,0,186.8
2476,1669.800,13.4984,13.6664,14.4115,31,-1.5625,-2.34375,3018.5,36.6609,24,73.4,30.25,2.24,11.3725,18.0392,92.8748,14.2196,7.975,-5.28529,1,8,0,0,21,74.902,0,0,3.84,0,186.8
2477,1669.840,13.6241,13.6664,14.3497,31,-1.5625,-2.34375,3015.5,36.6609,24,73.4,30.68,2.24,10.9804,18.0392,90.1507,14.2196,7.975,-5.42865,1,8,0,0,21,74.902,0,0,3.84,0,186.8
2478,1669.880,13.4984,13.6664,14.3497,31,-.78125,-2.34375,3016.75,36.6609,24,73.4,30.25,2.24,10.9804,18.0392,90.1434,14.2196,7.975,-5.42865,1,8,0,0,21,74.902,0,0,3.84,0,186.8
2479,1669.920,13.8349,13.7813,14.2748,31,-.78125,-2.34375,3012.5,36.6609,24,73.4,29.92,2.22,10.9804,17.6471,90.1653,14.2196,7.975,-5.42743,1,8,0,0,20,74.902,0,0,3.84,0,186.8
2480,1669.960,13.7073,13.7813,14.2748,31,-.78125,-2.34375,3019.75,36.6609,24,73.4,29.81,2.2,10.9804,17.6471,90.1252,14.2196,7.83,-5.3904,1,8,0,0,20,74.902,0,0,3.84,0,186.8
2481,1670.000,13.6667,13.6664,14.2748,31,-.78125,-2.34375,3025.75,36.6609,24.5,73.4,28.84,2.22,10.9804,17.6471,90.0912,14.2196,7.83,-5.3904,1,8,0,0,20,74.902,0,0,3.84,0,186.8
2482,1670.040,13.5816,13.5516,14.2748,31,-.78125,-2.34375,3018.25,36.6609,24.5,73.4,29.54,2.22,10.9804,17.6471,87.3044,14.2196,7.83,-5.4849,1,8,0,0,20,74.902,0,0,3.84,0,186.8
2483,1670.080,13.3708,13.4367,14.3497,31,-1.5625,-2.34375,3013.5,36.6609,24.5,73.4,29.22,2.2,11.3725,17.6471,92.898,14.2196,7.685,-5.32793,1,8,0,0,20,74.902,0,0,3.84,0,186.8
2484,1670.120,13.4984,13.4367,14.3497,31,-1.5625,-2.34375,3022,36.6609,24.5,73.4,29.54,2.22,11.3725,18.0392,92.8507,14.2196,7.685,-5.32793,1,8,0,0,20,74.902,0,0,3.84,0,186.8
2485,1670.160,13.4559,13.5516,14.2748,31,-1.5625,-2.34375,3036.75,36.6609,24.5,73.4,29.98,2.24,11.3725,18.0392,92.7693,14.2196,7.685,-5.29113,1,8,0,0,20,74.902,0,0,3.84,0,186.8
2486,1670.200,13.4984,13.5516,14.2748,31,-1.5625,-2.34375,3043.25,36.6609,24.5,73.4,30.41,2.24,11.3725,18.0392,92.7339,14.2196,7.685,-5.29113,1,8,0,0,20,74.902,0,0,3.84,0,186.8
2487,1670.240,13.539,13.6664,14.2748,31,-.78125,-2.34375,3037,36.6609,24.5,73.4,30.53,2.24,12.1569,18.0392,101.053,14.2196,7.685,-5.22298,1,8,0,0,20,74.902,0,0,3.84,0,186.8
2488,1670.280,13.6241,13.6664,14.2748,31,-.78125,-2.34375,3052.25,36.6609,24.5,73.4,30.63,2.24,11.3725,18.0392,92.8018,14.2196,7.83,-5.15517,1,8,0,0,20,74.902,0,0,3.84,0,186.8
2489,1670.320,13.5816,13.7813,14.2748,31,-.78125,-2.34375,3061.75,36.6609,24.5,73.4,30.52,2.24,10.9804,18.0392,89.9913,14.2196,7.83,-5.15517,1,8,0,0,20,74.902,0,0,3.84,0,186.8
2490,1670.360,13.539,13.7813,14.2748,31,-.78125,-2.34375,3055.25,36.6609,24.5,73.4,30.2,2.24,10.9804,18.0392,87.1834,14.2196,7.83,-5.36331,1,8,0,0,20,74.902,0,0,3.84,0,186.8
2491,1670.400,13.539,13.6664,14.2748,31,0,-2.34375,3035.75,36.6609,24.5,73.4,29.23,2.22,10.9804,17.6471,87.2902,14.2196,7.83,-5.51468,1,8,0,0,20,74.902,0,0,3.84,0,186.8
2492,1670.440,13.4984,13.6664,14.2748,31,-.78125,-2.34375,3029.25,36.6609,24.5,73.4,28.9,2.2,10.9804,17.6471,87.3256,14.2196,7.83,-5.51468,1,8,0,0,20,74.902,0,0,3.84,0,186.8
2493,1670.480,13.4133,13.5516,14.2748,31,-.78125,-2.34375,3040.25,36.6609,24.5,73.4,29.76,2.22,10.9804,17.6471,90.0055,14.2196,7.685,-5.38338,1,8,0,0,20,74.902,0,0,3.84,0,186.8
2494,1670.520,13.2876,13.3219,14.2748,31,-2.34375,-2.34375,3049.75,36.6609,24.5,73.4,29.44,2.22,10.9804,17.6471,87.2112,14.2196,7.685,-5.38338,1,8,0,0,20,74.902,0,0,3.84,0,186.8
2495,1670.560,13.2025,13.3219,14.2748,31,-2.34375,-2.34375,3055.25,36.6609,24.5,73.4,28.9,2.2,11.3725,17.6471,92.6632,14.2196,7.685,-5.4625,1,8,0,0,20,74.902,0,0,3.84,0,186.8
2496,1670.600,13.1174,13.3219,14.2748,31,-2.34375,-2.34375,3046,36.6609,25,73.4,29.32,2.2,11.3725,18.0392,92.7133,14.2196,7.54,-5.24826,1,8,0,0,20,74.902,0,0,3.84,0,186.8
2497,1670.640,13.3282,13.4367,14.2748,31,-2.34375,-2.34375,3057.75,36.6609,25,73.4,29.76,2.22,11.7647,18.0392,95.3899,14.2196,7.54,-5.24826,1,8,0,0,20,74.902,0,0,3.84,0,186.8
2498,1670.680,13.4133,13.5516,14.2748,31,-2.34375,-2.34375,3084,36.6609,24.5,73.4,30.74,2.26,11.3725,18.4314,92.5049,14.2196,7.685,-5.12981,1,8,0,0,20,74.902,0,0,3.84,0,186.8
2499,1670.720,13.6241,13.6664,14.2748,31,-2.34375,-2.34375,3085,36.6609,24.5,73.4,30.63,2.24,11.7647,18.4314,95.2412,14.2196,7.685,-5.05106,1,8,0,0,20,74.902,0,0,3.84,0,186.8
2500,1670.760,13.5816,13.7813,14.2748,31,-1.5625,-2.34375,3066,36.6609,24.5,73.4,31.06,2.26,11.7647,18.4314,95.3429,14.2196,7.685,-5.05106,1,8,0,0,20,74.902,0,0,3.84,0,186.8
2501,1670.800,13.7073,13.7813,14.2748,30,-.78125,-2.34375,3069.5,36.6609,24.5,73.4,31.21,2.24,10.9804,18.4314,89.8403,14.2196,7.685,-5.21205,1,8,0,0,20,74.902,0,0,3.84,0,186.8
2502,1670.840,13.6667,13.7813,14.2748,30,-.78125,-2.34375,3054.5,36.6609,24,73.4,30.81,2.24,10.9804,18.0392,87.0834,14.2196,7.685,-5.21205,1,8,0,0,20,74.902,0,0,3.84,0,186.8
2503,1670.880,13.6667,13.7813,14.2748,30,-.78125,-2.34375,3041.5,36.6609,24.5,73.4,29.4,2.22,10.9804,17.6471,89.8937,14.2196,7.685,-5.4555,1,8,0,0,20,74.902,0,0,3.84,0,186.8
2504,1670.920,13.5816,13.6664,14.2748,30,-1.5625,-2.34375,3029,36.6609,24.5,73.4,29.06,2.2,10.9804,17.6471,87.2199,14.2196,7.685,-5.38337,1,8,0,0,20,74.902,0,0,3.84,0,186.8
2505,1670.960,13.539,13.4367,14.2748,30,-1.5625,-2.34375,3024.25,36.6609,24.5,73.4,29.82,2.22,10.9804,17.6471,90.0855,14.2196,7.685,-5.38337,1,8,0,0,20,74.902,0,0,3.84,0,186.8
2506,1671.000,13.7073,13.3219,14.2748,30,-2.34375,-2.34375,3033.75,36.6609,24.5,73.4,29.28,2.22,10.9804,17.6471,90.0333,14.2196,7.685,-5.3671,1,8,0,0,20,74.902,0,0,3.84,0,186.8
2507,1671.040,13.7924,13.3219,14.2748,30,-3.125,-2.34375,3045.5,36.6609,24.5,73.4,29.06,2.22,11.3725,18.0392,92.7094,14.2196,7.685,-5.21987,1,8,0,0,20,74.902,0,0,3.84,0,186.8
2508,1671.080,13.5816,13.3219,14.2748,30,-3.125,-2.34375,3043.75,36.6609,24.5,73.4,30.14,2.24,11.3725,18.0392,92.7181,14.2196,7.685,-5.21987,1,8,0,0,20,74.902,0,0,3.84,0,186.8
2509,1671.120,13.6241,13.4367,14.2748,30,-3.125,-2.34375,3043.25,36.6609,24.5,73.4,30.58,2.24,11.3725,18.0392,92.7205,14.2196,7.685,-5.26368,1,8,0,0,20,74.902,0,0,3.84,0,186.8
2510,1671.160,13.7073,13.5516,14.2748,30,-3.125,-2.34375,3049.25,36.6609,24.5,73.4,30.26,2.24,11.3725,18.0392,92.6875,14.2196,7.685,-5.26368,1,8,0,0,20,74.902,0,0,3.84,0,186.8
2511,1671.200,13.8775,13.7813,14.2748,30,-2.34375,-2.34375,3059.25,36.6609,24.5,73.4,30.36,2.24,11.3725,18.0392,92.6318,14.2196,7.685,-5.24429,1,8,0,0,20,74.902,0,0,3.84,0,186.8
2512,1671.240,13.8349,13.8961,14.2748,30,-1.5625,-2.34375,3059.25,36.6609,24.5,73.4,30.8,2.24,10.9804,18.0392,89.8893,14.2196,7.685,-5.1855,1,8,0,0,20,74.902,0,0,3.84,0,186.8
2513,1671.280,14.0032,13.7813,14.2748,30,-1.5625,-2.34375,3053,36.6609,24.5,73.4,30.48,2.24,11.3725,18.0392,92.6654,14.2196,7.685,-5.1855,1,8,0,0,20,74.902,0,0,3.84,0,186.8
2514,1671.320,13.9181,13.6664,14.2748,30,-1.5625,-2.34375,3042,36.6609,24.5,73.4,29.39,2.22,11.3725,18.0392,92.7239,14.2196,7.685,-5.21065,1,8,0,0,20,74.902,0,0,3.84,0,186.8
2515,1671.360,13.9181,13.5516,14.2748,30,-2.34375,-2.34375,3049.75,36.6609,24.5,73.4,29.82,2.22,10.9804,18.0392,89.9396,14.2196,7.685,-5.35538,1,8,0,0,20,74.902,0,0,3.84,0,186.8
2516,1671.400,13.8349,13.4367,14.2748,30,-3.125,-2.34375,3066.75,36.6609,24.5,73.4,29.82,2.22,10.9804,18.0392,87.1876,14.2196,7.685,-5.35538,1,8,0,0,20,74.902,0,0,3.84,0,186.8
2517,1671.440,13.8349,13.4367,14.2748,30,-3.125,-2.34375,3058.25,36.6609,24.5,73.4,29.71,2.22,10.9804,17.6471,87.2222,14.2196,7.685,-5.46121,1,8,0,0,20,74.902,0,0,3.84,0,186.8
2518,1671.480,13.7498,13.4367,14.2748,30,-3.125,-2.34375,3055,36.6609,25,73.4,28.85,2.2,10.9804,17.6471,87.2612,14.2196,7.685,-5.46121,1,8,0,0,20,74.902,0,0,3.84,0,186.8
2519,1671.520,13.7073,13.5516,14.2748,30,-3.125,-2.34375,3059,36.6609,25,73.4,28.85,2.2,10.5882,17.6471,84.4039,14.2196,7.54,-5.44665,1,8,0,0,20,74.902,0,0,3.84,0,186.8
2520,1671.560,13.4559,13.5516,14.3497,30,-3.125,-2.34375,3064.75,36.6609,25,73.4,28.41,2.2,10.5882,17.2549,84.3711,14.2196,7.54,-5.55014,1,8,0,0,20,74.902,0,0,3.584,0,186.8
2521,1671.600,13.4559,13.5516,14.3497,30,-3.125,-2.34375,3062.25,36.6609,25,73.4,28.46,2.18,10.5882,17.2549,84.3853,14.2196,7.395,-5.55014,1,8,0,0,20,74.902,0,0,3.584,0,186.8
2522,1671.640,13.4133,13.5516,14.3702,30,-3.125,-2.34375,3067.75,36.6609,25.5,73.4,27.92,2.18,10.1961,17.2549,81.6115,14.2196,7.395,-5.57697,1,8,0,0,20,74.902,0,0,3.584,0,186.8
2523,1671.680,13.4559,13.4367,14.3565,30,-3.90625,-2.34375,3068.75,36.6609,25.5,73.4,28.35,2.18,10.1961,17.2549,81.606,14.2196,7.395,-5.67049,1,8,0,0,20,74.902,0,0,3.584,0,186.8
2524,1671.720,13.4559,13.5516,14.3565,30,-3.90625,-2.34375,3065,36.6609,25.5,73.4,28.14,2.18,10.1961,17.2549,78.884,14.2196,7.25,-5.67049,1,8,0,0,20,74.902,0,0,3.584,0,186.8
2525,1671.760,13.4559,13.5516,14.3497,30,-3.125,-2.34375,3066.25,36.6609,25.5,73.4,28.24,2.18,10.1961,17.2549,78.8763,14.2196,7.25,-5.75293,1,8,0,0,20,74.902,0,0,3.584,0,186.8
2526,1671.800,13.539,13.6664,14.3497,30,-3.125,-2.34375,3061.25,36.6609,25.5,73.4,27.91,2.16,9.80392,16.8627,76.1634,14.2196,7.25,-5.75293,1,8,0,0,20,74.902,0,0,3.584,0,186.8
2527,1671.840,13.5816,13.6664,14.2748,30,-3.125,-2.34375,3069.25,36.6609,26,73.4,26.8,2.14,9.80392,16.8627,76.1164,14.2196,7.25,-5.87561,1,8,0,0,19,74.902,0,0,3.584,0,186.8
2528,1671.880,13.4559,13.6664,14.3634,30,-3.125,-2.34375,3068,36.6609,26,73.4,26.27,2.14,10.1961,16.8627,78.8644,14.2196,7.105,-5.78417,1,8,0,0,20,74.902,0,0,3.584,0,186.8
2529,1671.920,13.4133,13.5516,14.3634,30,-3.125,-2.34375,3058.5,36.6609,26.5,73.4,26.53,2.14,10.1961,16.8627,78.9186,14.2196,7.105,-5.78417,1,8,0,0,19,74.902,0,0,3.328,0,186.8
2530,1671.960,13.4133,13.5516,14.4046,30,-3.90625,-2.34375,3047.5,36.6609,26.5,73.4,26.54,2.14,9.80392,16.8627,76.1721,14.2196,6.96,-5.80392,1,8,0,0,19,74.902,0,0,3.328,0,186.8
2531,1672.000,13.3282,13.5516,14.3565,30,-3.90625,-2.34375,3054.75,36.6609,26.5,73.4,27.18,2.16,10.1961,16.8627,78.8573,14.2196,6.96,-5.74813,1,8,0,0,19,74.902,0,0,3.328,0,186.8
2532,1672.040,13.2451,13.6664,14.3565,30,-3.125,-2.34375,3050,36.6609,26.5,73.4,26.94,2.16,10.1961,16.8627,78.9639,14.2196,6.96,-5.74813,1,8,0,0,19,74.902,0,0,3.328,0,186.8
2533,1672.080,13.7498,13.7813,14.2748,30,-3.125,-2.34375,3043.25,36.6609,26.5,73.4,27.69,2.18,9.80392,16.8627,76.2605,14.2196,6.96,-5.76022,1,8,0,0,19,74.902,0,0,3.584,0,186.8
2534,1672.120,13.6241,13.7813,14.2748,30,-2.34375,-2.34375,3043,36.6609,26.5,73.4,26.94,2.16,9.80392,16.8627,76.2617,14.2196,6.96,-5.76022,1,8,0,0,19,74.902,0,0,3.584,0,186.8
2535,1672.160,14.0032,13.7813,14.2748,30,-2.34375,-2.34375,3041,36.6609,26.5,73.4,27.07,2.16,9.80392,16.8627,76.2726,14.2196,6.96,-5.91601,1,8,0,0,19,74.902,0,0,3.584,0,186.8
2536,1672.200,13.3708,13.7813,14.2748,30,-2.34375,-2.34375,3045.25,36.6609,26.5,73.4,26.94,2.16,9.80392,16.8627,76.2478,14.2196,6.96,-5.91427,1,8,0,0,19,74.902,0,0,3.584,0,186.8
2537,1672.240,13.5816,13.6664,14.2748,30,-2.34375,-2.34375,3044.25,36.6609,26.5,73.4,26.26,2.14,9.80392,16.8627,76.2538,14.2196,6.96,-5.91427,1,8,0,0,19,74.902,0,0,3.328,0,186.8
2538,1672.280,13.4559,13.6664,14.2748,30,-3.125,-2.34375,3033.5,36.6609,26.5,73.4,26.53,2.16,9.80392,16.8627,76.3133,14.2196,6.96,-5.88615,1,8,0,0,19,74.902,0,0,3.328,0,186.8
2539,1672.320,13.539,13.5516,14.2748,30,-3.125,-2.34375,3033.75,36.6609,26.5,73.4,26.54,2.14,9.80392,16.8627,76.3123,14.2196,6.96,-5.90421,1,8,0,0,19,74.902,0,0,3.328,0,186.8
2540,1672.360,13.4559,13.5516,14.2748,30,-3.125,-2.34375,3042.75,36.6609,26.5,73.4,26.45,2.14,10.1961,16.8627,79.0012,14.2196,6.96,-5.90421,1,8,0,0,19,74.902,0,0,3.328,0,186.8
2541,1672.400,13.3282,13.5516,14.2748,30,-3.125,-2.34375,3046.25,36.6609,26.5,73.4,26.45,2.14,9.01961,16.8627,65.2757,14.2196,6.96,-5.90939,1,8,0,0,19,74.902,0,0,3.328,0,186.8
2542,1672.440,13.4559,13.5516,14.2748,30,-3.125,-2.34375,3041.25,36.6609,26.5,73.4,26.59,2.12,8.23529,15.6863,57.0818,14.2196,6.96,-5.90939,1,8,0,0,19,74.902,0,0,3.328,0,186.8
2543,1672.480,13.539,13.5516,14.2748,30,-3.125,-2.34375,3019.5,36.6609,27,73.4,23.51,2.08,9.01961,15.2941,68.1716,14.2196,6.815,-6.65579,1,8,0,0,19,74.902,0,0,3.328,0,186.8
2544,1672.520,13.3282,13.5516,14.3977,30,-3.125,-2.34375,3019.25,36.6609,27,73.4,22.82,2.06,9.41177,16.0784,70.9118,14.2196,6.67,-6.16094,1,8,0,0,19,74.902,0,0,3.328,0,186.8
2545,1672.560,13.3282,13.4367,14.3977,30,-3.90625,-2.34375,3047.5,36.6609,27.5,73.4,23.48,2.1,8.23529,16.0784,59.8816,14.2196,6.525,-6.16094,1,8,0,0,19,74.902,0,0,3.072,0,186.8
2546,1672.600,13.2025,13.3219,14.4391,30,-4.6875,-2.34375,3065.25,36.6609,27.5,73.4,23.49,2.08,8.62745,16.0784,62.546,14.2196,6.525,-6.67424,1,8,0,0,18,74.902,0,0,3.072,0,186.8
2547,1672.640,13.2876,13.4367,14.3908,30,-4.6875,-2.34375,3044.75,36.6609,27.5,73.4,23.82,2.08,11.7647,16.0784,95.4733,14.2196,6.525,-5.27151,1,8,0,0,18,74.902,0,0,3.072,0,186.8
2548,1672.680,13.3282,13.5516,14.3908,30,-3.90625,-2.34375,3041.5,36.6609,27.5,73.4,26.95,2.16,10.1961,18.0392,79.1114,14.2196,6.525,-5.27151,1,8,0,0,18,74.902,0,0,3.072,0,186.8
2549,1672.720,13.7073,13.7813,14.2748,30,-3.125,-2.34375,3047,36.6609,27,73.4,28.63,2.18,7.84314,16.4706,55.0944,14.2196,6.67,-6.491,1,8,0,0,18,74.902,0,0,3.328,0,186.8
2550,1672.760,14.0883,14.1258,14.2748,30,-1.5625,-2.34375,3045.25,36.6609,27,73.4,23.77,2.06,8.23529,15.2941,59.7945,14.2196,6.67,-6.491,1,8,0,0,18,74.902,0,0,3.328,0,186.8
2551,1672.800,14.3823,14.3555,14.2748,30,0,-2.34375,3037.5,36.6609,27.5,73.4,22.99,2.06,8.62745,15.2941,62.5799,14.2196,6.67,-6.56932,1,8,0,0,18,74.902,0,0,3.328,0,186.8
2552,1672.840,14.3397,14.2406,14.2748,30,0,-2.34375,3019.25,36.6609,27.5,73.4,22.4,2.04,8.62745,15.2941,62.6872,14.2196,6.525,-6.49984,1,8,0,0,18,74.902,0,0,3.328,0,186.8
2553,1672.880,13.4133,13.8961,14.2748,30,-1.5625,-2.34375,3013.5,36.6609,27.5,73.4,22.31,2.06,8.23529,15.2941,59.9819,14.2196,6.38,-6.49984,1,8,0,0,18,74.902,0,0,3.072,0,186.8
2554,1672.920,13.2876,13.4367,14.3634,30,-3.125,-2.34375,3023.75,36.0395,28,73.4,22.14,2.04,8.23529,15.2941,59.9195,14.2196,6.38,-6.67211,1,8,0,0,18,74.902,0,0,3.072,0,186.8
2555,1672.960,13.0768,13.207,14.3771,30,-3.90625,-1.5625,3030.25,36.0395,28,73.4,22.48,2.06,8.62745,15.2941,62.6211,14.2196,6.38,-6.52239,1,8,0,0,18,74.902,0,0,3.072,0,186.8
2556,1673.000,12.9492,13.0922,14.3771,30,-4.6875,-1.5625,3014.5,36.0395,28,73.4,22.31,2.06,8.23529,15.6863,59.973,14.2196,6.38,-6.52239,1,8,0,0,18,74.902,0,0,3.072,0,186.8
2557,1673.040,13.1174,13.3219,14.3497,30,-3.90625,-1.5625,3008.5,36.0395,28,73.4,22.4,2.04,8.23529,15.2941,57.2694,14.2196,6.38,-6.75672,1,8,0,0,18,74.902,0,0,3.072,0,186.8
2558,1673.080,13.9606,13.5516,14.2748,30,-3.125,-1.5625,3016.5,36.0395,28,73.4,22.31,2.04,8.62745,15.2941,62.7003,14.2196,6.38,-6.75672,1,8,0,0,18,74.902,0,0,3.072,0,186.8
2559,1673.120,14.0032,13.7813,14.2748,30,-2.34375,-1.5625,3027,36.0395,28,73.4,22.52,2.06,8.62745,15.2941,62.6381,14.2196,6.38,-6.52355,1,8,0,0,18,74.902,0,0,3.072,0,186.8
2560,1673.160,14.0883,13.8961,14.2748,30,-2.34375,-1.5625,3020.5,36.0395,28,73.4,22.52,2.06,8.23529,15.2941,59.935,14.2196,6.235,-6.61475,1,8,0,0,18,74.902,0,0,3.072,0,186.8
2561,1673.200,14.214,14.0109,14.2748,30,-1.5625,-1.5625,3007,36.0395,28,73.4,22.61,2.06,8.23529,15.2941,60.0154,14.2196,6.235,-6.61475,1,8,0,0,18,74.902,0,0,3.072,0,186.8
2562,1673.240,14.3397,14.0109,14.2748,30,-1.5625,-1.5625,3007.5,36.0395,28,73.4,22.36,2.06,8.62745,15.2941,62.7511,14.2196,6.235,-6.68898,1,8,0,0,18,74.902,0,0,3.072,0,186.8
2563,1673.280,14.2565,13.8961,14.2748,30,-.78125,-1.5625,3023.75,36.0395,28,73.4,22.53,2.06,8.62745,15.2941,62.6547,14.2196,6.235,-6.55013,1,8,0,0,18,74.902,0,0,3.072,0,186.8
2564,1673.320,14.2565,13.8961,14.2748,30,-.78125,-1.5625,3021.5,36.0395,28,73.4,22.44,2.06,8.23529,15.2941,59.9277,14.2196,6.235,-6.55013,1,8,0,0,18,74.902,0,0,3.072,0,186.8
2565,1673.360,14.1289,13.7813,14.2748,30,-.78125,-2.34375,2999.75,36.0395,28,73.4,22.78,2.06,8.23529,15.2941,60.0569,14.2196,6.235,-6.6481,1,8,0,0,18,74.902,0,0,3.072,0,186.8
2566,1673.400,14.0883,13.7813,14.2748,30,-.78125,-2.34375,2995.5,36.0395,28,73.4,22.36,2.06,9.01961,15.2941,65.5589,14.2196,6.235,-6.6481,1,8,0,0,18,74.902,0,0,3.072,0,186.8
2567,1673.440,13.9606,13.6664,14.2748,30,-1.5625,-2.34375,3006.5,36.0395,28,73.4,22.52,2.06,9.01961,15.6863,65.4928,14.2196,6.235,-6.46089,1,8,0,0,18,74.902,0,0,3.072,0,186.8
2568,1673.480,14.0032,13.6664,14.2748,30,-1.5625,-2.34375,3009,36.0395,28,73.4,22.94,2.06,9.01961,16.0784,65.479,14.2196,6.235,-6.43425,1,8,0,0,18,74.902,0,0,3.072,0,186.8
2569,1673.520,14.0457,13.6664,14.2748,30,-1.5625,-2.34375,3000,36.0395,28,73.4,23.53,2.08,9.01961,16.0784,65.5304,14.2196,6.235,-6.43425,1,8,0,0,18,74.902,0,0,3.072,0,186.8
2570,1673.560,13.9606,13.6664,14.2748,30,-.78125,-2.34375,3000.75,36.0395,28,73.4,23.62,2.08,9.01961,16.0784,68.2649,14.2196,6.38,-6.48415,1,8,0,0,18,74.902,0,0,3.072,0,186.8
2571,1673.600,14.0032,13.7813,14.2748,30,-.78125,-2.34375,2995.25,36.0395,27.5,73.4,23.45,2.08,9.01961,16.0784,68.2953,14.2196,6.38,-6.38562,1,8,0,0,18,74.902,0,0,3.072,0,186.8
2572,1673.640,14.0883,13.7813,14.2748,30,0,-2.34375,3002,36.0395,27.5,73.4,24.2,2.1,9.01961,16.0784,68.2559,14.2196,6.38,-6.38562,1,8,0,0,18,74.902,0,0,3.072,0,186.8
2573,1673.680,14.0457,13.7813,14.2748,30,0,-2.34375,2999.5,36.0395,27.5,73.4,23.79,2.08,9.41177,16.0784,71.0092,14.2196,6.38,-6.33633,1,8,0,0,18,74.902,0,0,3.328,0,186.8
2574,1673.720,14.1714,13.7813,14.2748,30,0,-2.34375,2986.25,36.0395,27.5,73.4,24.13,2.1,9.01961,16.0784,68.3465,14.2196,6.38,-6.33633,1,8,0,0,18,74.902,0,0,3.328,0,186.8
2575,1673.760,14.214,13.7813,14.2748,30,0,-2.34375,2985.5,36.0395,27.5,73.4,24.04,2.08,9.01961,16.0784,68.3502,14.2196,6.38,-6.3717,1,8,0,0,18,74.902,0,0,3.328,0,186.8
2576,1673.800,14.1289,13.6664,14.2411,30,0,-2.34375,2990.75,36.0395,27.5,73.4,23.87,2.1,9.41177,16.0784,71.058,14.2196,6.38,-6.2571,1,8,0,0,18,74.902,0,0,3.328,0,186.8
2577,1673.840,14.2972,13.6664,14.2411,30,0,-2.34375,2988.25,36.0395,27.5,73.4,24.13,2.1,9.41177,16.0784,71.0721,14.2196,6.38,-6.2571,1,8,0,0,18,74.902,0,0,3.328,0,186.8
2578,1673.880,14.0883,13.5516,14.2411,30,-.78125,-2.34375,2984,36.0395,27.5,73.4,24.34,2.1,9.41177,16.4706,71.0956,14.2196,6.525,-6.29336,1,8,0,0,18,74.902,0,0,3.328,0,186.8
2579,1673.920,13.9181,13.4367,14.2343,30,-.78125,-2.34375,2980.25,36.0395,27.5,73.4,24.26,2.1,9.01961,16.4706,68.3781,14.2196,6.525,-6.41733,1,8,0,0,18,74.902,0,0,3.328,0,186.8
2580,1673.960,13.7073,13.5516,14.2343,30,-.78125,-2.34375,2977.25,36.0395,27.5,73.4,24.42,2.1,11.3725,16.4706,93.0387,14.2196,6.525,-6.41733,1,8,0,0,18,74.902,0,0,3.328,0,186.8
2581,1674.000,13.7924,13.5516,14.2276,30,-.78125,-2.34375,2980.5,36.0395,27.5,73.4,26.67,2.16,11.3725,18.0392,93.1142,14.2196,6.525,-5.44311,1,8,0,0,18,74.902,0,0,3.328,0,186.8
2582,1674.040,13.8775,13.6664,14.2276,30,-.78125,-2.34375,2986.25,36.0395,26.5,73.4,28.62,2.18,11.3725,18.0392,93.0664,14.2196,6.815,-5.44311,1,8,0,0,18,74.902,0,0,3.328,0,186.8
2583,1674.080,13.9606,13.7813,14.1807,30,0,-2.34375,2982.25,36.0395,26,73.4,29.28,2.2,10.9804,18.0392,90.3602,14.2196,7.105,-5.38203,1,8,0,0,18,74.902,0,0,3.584,0,186.8
2584,1674.120,14.0883,13.8961,14.101,30,.78125,-2.34375,2974.5,36.0395,25.5,73.4,29.72,2.22,11.3725,18.0392,93.1228,14.2196,7.105,-5.40181,1,8,0,0,18,74.902,0,0,3.584,0,186.8
2585,1674.160,14.2565,14.0109,14.101,30,1.5625,-2.34375,2976,36.0395,25,73.4,28.96,2.2,11.3725,18.0392,93.1246,14.2196,7.25,-5.40181,1,8,0,0,18,74.902,0,0,3.84,0,186.8
2586,1674.200,14.2565,13.8961,14.0878,30,1.5625,-2.34375,2975.75,36.0395,25,73.4,29.18,2.2,10.5882,18.0392,84.8885,14.2196,7.25,-5.51805,1,8,0,0,19,74.902,0,0,3.84,0,186.8
2587,1674.240,14.1714,13.5516,14.0812,30,.78125,-2.34375,2953.75,36.0395,25,73.4,28.53,2.18,11.3725,17.6471,93.1628,14.2196,7.395,-5.46209,1,8,0,0,19,74.902,0,0,3.84,0,186.8
2588,1674.280,13.7924,13.3219,14.0812,30,-.78125,-2.34375,2954.75,36.0395,25,73.4,28.2,2.18,11.7647,17.6471,95.893,14.2196,7.395,-5.46209,1,8,0,0,19,74.902,0,0,3.84,0,186.8
2589,1674.320,13.4984,13.0922,14.0944,30,-2.34375,-2.34375,2957,36.0395,25,73.4,28.62,2.2,11.7647,18.0392,98.6183,14.2196,7.395,-5.24068,1,8,0,0,20,74.902,0,0,3.84,0,186.8
2590,1674.360,13.2451,12.8625,14.1076,30,-3.90625,-2.34375,2959.75,36.0395,24.5,73.4,29.73,2.22,11.7647,18.0392,95.8651,14.2196,7.395,-5.24068,1,8,0,0,20,74.902,0,0,3.584,0,186.8
2591,1674.400,13.3708,12.9773,14.1076,30,-4.6875,-2.34375,2965.25,36.0395,24.5,73.4,29.51,2.22,11.7647,18.0392,95.8352,14.2196,7.395,-5.335,1,8,0,0,20,74.902,0,0,3.584,0,186.8
2592,1674.440,13.4133,13.0922,14.0944,30,-3.90625,-2.34375,2951.5,36.0395,24.5,73.4,29.94,2.22,11.7647,18.0392,95.9095,14.2196,7.54,-5.31445,1,8,0,0,20,74.902,0,0,3.84,0,186.8
2593,1674.480,13.8349,13.3219,14.0944,30,-3.90625,-2.34375,2949.75,36.0395,24.5,73.4,29.73,2.22,10.9804,18.0392,87.7063,14.2196,7.54,-5.31445,1,8,0,0,20,74.902,0,0,3.84,0,186.8
2594,1674.520,13.7924,13.4367,14.0944,30,-3.90625,-2.34375,2963.5,35.4182,24.5,73.4,28.86,2.2,10.9804,17.6471,90.3675,14.2196,7.54,-5.75555,1,8,0,0,20,74.902,0,0,3.84,0,186.8
2595,1674.560,13.9181,13.4367,14.1142,30,-3.90625,-2.34375,2950.25,35.4182,24.5,73.4,28.09,2.18,11.3725,17.6471,93.1775,14.2196,7.54,-5.42614,1,8,0,0,20,74.902,0,0,3.84,0,186.8
2596,1674.600,13.7924,13.4367,14.1142,30,-4.6875,-2.34375,2945.25,35.4182,24.5,73.4,28.19,2.2,10.1961,17.6471,82.257,14.2196,7.54,-5.42614,1,8,0,0,20,74.902,0,0,3.584,0,186.8
2597,1674.640,13.6241,13.3219,14.1341,30,-5.46875,-2.34375,2948.5,35.4182,24.5,73.4,28.36,2.18,9.01961,17.2549,68.5531,14.2196,7.54,-6.02391,1,8,0,0,20,74.902,0,0,3.584,0,186.8
2598,1674.680,13.1174,13.207,14.1607,30,-6.25,-2.34375,2954.25,35.4182,25,73.4,25.56,2.14,9.01961,16.0784,68.5187,14.2196,7.395,-6.02391,1,8,0,0,20,74.902,0,0,3.584,0,186.8
2599,1674.720,12.9917,13.207,14.1607,30,-6.25,-2.34375,2942.25,35.4182,25.5,73.4,23.91,2.08,9.01961,16.0784,65.8515,14.2196,7.25,-6.44306,1,8,0,0,20,74.902,0,0,3.328,0,186.8
2600,1674.760,12.9492,13.207,14.2276,30,-7.03125,-2.34375,2937,35.4182,26,73.4,23.88,2.08,7.84314,15.6863,55.7168,14.2196,7.105,-6.81024,1,8,0,0,20,74.902,0,0,3.328,0,186.8
2601,1674.800,13.7073,13.0922,14.2276,30,-7.8125,-2.34375,2940.25,35.4182,27,73.4,22.45,2.04,9.01961,15.2941,65.7841,14.2196,6.96,-6.81024,1,8,0,0,20,74.902,0,0,3.328,0,186.8
2602,1674.840,12.7809,12.9773,14.3497,30,-8.59375,-2.34375,2938.75,35.4182,27,73.4,21.93,2.04,8.62745,15.2941,63.0524,14.2196,6.67,-6.55039,1,8,0,0,20,74.902,0,0,3.072,0,186.8
2603,1674.880,12.9085,13.0922,14.4461,30,-9.375,-2.34375,2934.5,35.4182,27.5,73.4,22.44,2.06,8.23529,15.6863,60.313,14.2196,6.67,-6.77498,1,8,0,0,20,74.902,0,0,3.072,0,186.8
2604,1674.920,13.0343,13.207,14.4461,30,-9.375,-2.34375,2917.25,35.4182,27.5,73.4,22.69,2.06,8.23529,15.2941,57.6842,14.2196,6.525,-6.77498,1,8,0,0,20,74.902,0,0,3.072,0,186.8
2605,1674.960,13.3282,13.4367,14.4184,30,-8.59375,-1.5625,2941.5,35.4182,27.5,73.4,22.11,2.04,10.1961,15.2941,79.5354,14.2196,6.525,-6.80848,1,8,0,0,19,74.902,0,0,3.072,0,186.8
2606,1675.000,13.4984,13.6664,14.3771,30,-7.8125,-1.5625,2943.5,35.4182,27.5,73.4,23.03,2.1,12.9412,17.6471,109.628,14.2196,6.525,-6.80848,1,8,0,0,19,74.902,0,0,3.072,0,186.8
2607,1675.040,13.8349,13.7813,14.3771,30,-7.03125,-1.5625,2950.75,35.4182,27.5,73.4,29.39,2.22,12.9412,18.8235,109.59,14.2196,6.67,-4.38509,1,8,0,0,19,74.902,0,0,3.072,0,186.8
2608,1675.080,13.4984,13.3219,13.728,30,-8.59375,-1.5625,2961.25,35.4182,26.5,73.4,31.19,2.26,12.9412,19.2157,109.534,14.2196,7.105,-4.40263,1,8,0,0,19,74.902,0,0,3.328,0,186.8
2609,1675.120,11.5586,12.9773,13.728,30,-6.25,-1.5625,2976,35.4182,25,73.4,31.74,2.26,14.1176,19.2157,123.147,14.2196,7.54,-4.40263,1,8,0,0,19,74.902,0,0,3.584,0,186.8
2610,1675.160,11.6863,12.6328,14.0746,30,-6.25,-2.34375,2958.25,35.4182,24.5,73.4,34.14,2.32,16.4706,20.7843,145.133,14.2196,7.685,-2.94136,1,8,0,0,19,74.902,0,0,3.84,0,186.8
2611,1675.200,13.4133,12.7477,13.6657,30,-5.46875,-2.34375,2948.5,35.4182,23.5,73.4,36.07,2.38,18.4314,21.9608,171.027,14.2196,8.265,.277062,1,8,0,0,19,74.902,0,0,4.096,0,186.8
2612,1675.240,14.3823,13.0922,13.6657,30,-3.90625,-2.34375,2991.75,35.4182,22.5,73.4,41.38,2.44,20.7843,23.5294,200.513,14.2196,8.845,.277062,1,8,0,0,19,74.902,0,0,4.608,0,186.8
2613,1675.280,15.2255,13.5516,13.3684,30,-3.125,-2.34375,3001.75,35.4182,21.5,73.4,45.13,2.5,21.1765,25.4902,207.078,14.2196,9.57,3.74616,1,8,0,0,20,74.902,0,0,4.864,0,186.8
2614,1675.320,15.3086,13.8961,13.2507,30,-.78125,-2.34375,2959.75,35.4182,20,73.4,46.12,2.52,20.7843,25.4902,200.593,14.2196,10.15,3.74616,1,8,0,0,20,74.902,0,0,5.376,0,186.8
2615,1675.360,15.0978,14.3555,13.2507,30,1.5625,-2.34375,2942.5,35.4182,19,73.4,46.22,2.5,19.2157,24.7059,184.198,14.2196,10.585,2.89568,1,8,0,0,19,74.902,0,0,5.632,0,186.8
2616,1675.400,14.7613,14.5852,13.555,30,3.90625,-2.34375,2962.25,35.4182,18.5,73.4,43.79,2.46,16.4706,23.1373,145.192,14.2196,10.585,-.232546,1,8,0,0,19,74.902,0,0,5.632,0,186.8
2617,1675.440,14.3397,14.2406,13.555,30,2.34375,-2.34375,2945,35.4182,19,73.4,37.32,2.36,11.7647,20.7843,98.7312,14.2196,10.44,-.232546,1,8,0,0,18,74.902,0,0,5.632,0,186.8
2618,1675.480,14.0032,13.7813,13.6533,30,.78125,-2.34375,2929.5,35.4182,20,73.4,32.24,2.24,8.23529,17.6471,60.4999,14.2196,9.86,-5.58744,1,8,0,0,17,74.902,0,0,5.12,0,186.8
2619,1675.520,12.7384,13.3219,15.8785,30,0,-2.34375,2910.25,35.4182,21,73.4,26.73,2.08,6.66667,14.902,47.1491,14.2196,8.845,-7.40947,1,8,0,0,17,74.902,0,0,4.352,0,186.8
2620,1675.560,11.9377,12.9773,15.8785,30,-2.34375,-2.34375,2906.75,35.4182,23,73.4,20.8,2,7.45098,14.1176,52.398,14.2196,8.12,-7.40947,1,8,0,0,16,74.902,0,0,3.584,0,186.8
2621,1675.600,11.5586,12.6328,15.5104,30,-3.90625,-2.34375,2914.5,35.4182,24.5,73.4,19.63,1.98,9.01961,14.5098,68.7367,14.2196,7.395,-7.06065,1,8,0,0,17,74.902,0,0,3.328,0,186.8
2622,1675.640,11.5586,12.1734,15.2976,30,-7.03125,-2.34375,2926,35.4182,26,73.4,20.58,2.06,10.9804,16.4706,90.5575,14.2196,6.96,-7.06065,1,8,0,0,18,74.902,0,0,3.072,0,186.8
2623,1675.680,11.518,11.9437,15.2976,30,-10.1563,-2.34375,2919.25,35.4182,26.5,73.4,25.46,2.16,10.9804,17.6471,87.8583,14.2196,6.96,-5.63019,1,8,0,0,19,74.902,0,0,3.072,0,186.8
2624,1675.720,11.2646,11.5992,14.5297,30,-14.8438,-2.34375,2940.25,35.4182,26.5,73.4,27.72,2.18,11.3725,17.6471,93.2146,14.2196,7.105,-5.62153,1,8,0,0,19,74.902,0,0,3.072,0,186.8
2625,1675.760,11.2646,11.2547,14.5297,30,-19.5313,-2.34375,2940,35.4182,26,73.4,28.72,2.2,11.7647,18.0392,98.6883,14.2196,7.25,-5.62153,1,8,0,0,19,74.902,0,0,3.072,0,186.8
2626,1675.800,11.4329,11.4844,14.2748,30,-21.0938,-2.34375,2911.25,35.4182,25.5,73.4,29.8,2.22,11.7647,18.4314,98.8428,14.2196,7.25,-5.2449,1,8,0,0,19,74.902,0,0,3.072,0,186.8
2627,1675.840,12.6977,11.8289,14.2343,30,-21.875,-2.34375,2902.25,35.4182,24.5,73.4,30.68,2.24,11.7647,18.4314,98.8676,14.2196,7.54,-5.34568,1,8,0,0,20,74.902,0,0,3.072,0,186.8
2628,1675.880,13.7498,12.1734,14.2343,30,-6.25,-2.34375,2944.75,35.4182,24.5,73.4,30.9,2.24,11.7647,18.4314,95.8717,14.2196,7.685,-5.34568,1,8,0,0,19,74.902,0,0,3.584,0,186.8
2629,1675.920,14.8039,12.518,14.1874,30,-6.25,-2.34375,2959.25,35.4182,24,73.4,30.58,2.24,11.7647,18.4314,98.5101,14.2196,7.685,-5.2189,1,8,0,0,19,74.902,0,0,3.584,0,186.8
2630,1675.960,15.6471,12.8625,14.1807,30,-6.25,-2.34375,2928,35.4182,24,73.4,30.04,2.22,11.7647,18.4314,95.8445,14.2196,7.685,-5.41312,1,8,0,0,20,74.902,0,0,3.84,0,186.8
2631,1676.000,15.7303,13.207,14.1807,30,-5.46875,-2.34375,2900.5,35.4182,24,73.4,29.6,2.22,11.3725,18.0392,93.4274,14.2196,7.83,-5.41312,1,8,0,0,20,74.902,0,0,3.84,0,186.8
2632,1676.040,15.4363,13.6664,14.174,30,-3.90625,-2.34375,2895,35.4182,24,73.4,29.6,2.22,11.3725,18.0392,93.4566,14.2196,7.83,-5.62961,1,8,0,0,19,74.902,0,0,3.84,0,186.8
2633,1676.080,14.9721,14.1258,14.174,30,-2.34375,-2.34375,2934.75,35.4182,24,73.4,27.97,2.2,11.3725,17.6471,93.2391,14.2196,7.83,-5.62961,1,8,0,0,19,74.902,0,0,3.84,0,186.8
2634,1676.120,14.5505,14.2406,14.1807,30,-.78125,-2.34375,2944,34.7968,24,73.4,28.19,2.2,11.7647,17.6471,98.6614,14.2196,7.83,-5.51541,1,8,0,0,19,74.902,0,0,3.84,0,186.8
2635,1676.160,14.5931,14.0109,14.2008,30,-1.5625,-2.34375,2909.5,34.7968,24,73.4,28.94,2.2,11.7647,18.0392,98.8459,14.2196,7.685,-5.35204,1,8,0,0,20,74.902,0,0,3.84,0,186.8
2636,1676.200,14.2565,13.7813,14.2008,30,-2.34375,-2.34375,2907,35.4182,24,73.4,29.54,2.22,11.7647,18.0392,98.8586,14.2196,7.685,-5.35204,1,8,0,0,19,74.902,0,0,3.84,0,186.8
2637,1676.240,14.0457,13.5516,14.2008,30,-3.125,-2.34375,2927.5,35.4182,24,73.4,30.08,2.24,11.7647,18.4314,98.8387,14.2196,7.83,-5.36215,1,8,0,0,19,74.902,0,0,3.84,0,186.8
2638,1676.280,14.1289,13.5516,14.1941,30,-3.125,-2.34375,2930.25,35.4182,24,73.4,30.41,2.24,11.7647,18.4314,98.794,14.2196,7.83,-5.36215,1,8,0,0,20,74.902,0,0,3.84,0,186.8
2639,1676.320,14.0032,13.6664,14.1941,30,-2.34375,-2.34375,2908.5,35.4182,24,73.4,30.2,2.24,11.7647,18.4314,98.85,14.2196,7.83,-5.28944,1,8,0,0,20,74.902,0,0,3.84,0,186.8
2640,1676.360,14.0032,13.7813,14.1941,30,-1.5625,-2.34375,2905,35.4182,24,73.4,29.88,2.22,11.7647,18.4314,98.8672,14.2196,7.83,-5.31756,1,8,0,0,20,74.902,0,0,3.84,0,186.8
2641,1676.400,14.1714,13.7813,14.1941,30,-1.5625,-2.34375,2907,35.4182,24,73.4,30.1,2.22,11.7647,18.4314,98.856,14.2196,7.83,-5.31756,1,8,0,0,20,74.902,0,0,3.84,0,186.8
2642,1676.440,14.0883,13.6664,14.1941,30,-1.5625,-2.34375,2908.75,35.4182,24,73.4,29.76,2.22,11.7647,18.4314,96.1106,14.2196,7.83,-5.31389,1,8,0,0,20,74.902,0,0,3.84,0,186.8
2643,1676.480,14.0883,13.6664,14.1941,30,-2.34375,-2.34375,2902.5,35.4182,24,73.4,30.19,2.24,11.7647,18.4314,96.1436,14.2196,7.83,-5.42676,1,8,0,0,20,74.902,0,0,3.84,0,186.8
2644,1676.520,14.1714,13.5516,14.1941,30,-2.34375,-2.34375,2896.5,34.7968,24,73.4,29.88,2.22,11.7647,18.0392,96.1759,14.2196,7.83,-5.42676,1,8,0,0,20,74.902,0,0,3.84,0,186.8
2645,1676.560,13.9181,13.5516,14.2008,30,-2.34375,-2.34375,2898.25,34.7968,24,73.4,29.54,2.22,11.7647,18.0392,96.1036,14.2196,7.83,-5.45681,1,8,0,0,20,74.902,0,0,3.84,0,186.8
2646,1676.600,13.9181,13.5516,14.2008,30,-3.125,-2.34375,2903.5,34.7968,24,73.4,29.76,2.22,11.7647,18.0392,96.077,14.2196,7.83,-5.45681,1,8,0,0,20,74.902,0,0,3.84,0,186.8
2647,1676.640,13.9606,13.5516,14.2075,30,-2.34375,-2.34375,2915.75,34.7968,24,73.4,29.65,2.22,11.7647,18.0392,96.0707,14.2196,7.83,-5.46412,1,8,0,0,20,74.902,0,0,3.84,0,186.8
2648,1676.680,13.4984,13.5516,14.2142,30,-3.125,-2.34375,2914.75,34.7968,24,73.4,29.22,2.2,11.7647,18.0392,96.0747,14.2196,7.83,-5.46852,1,8,0,0,20,74.902,0,0,3.84,0,186.8
2649,1676.720,13.4559,13.5516,14.2142,30,-3.125,-2.34375,2914.5,34.7968,24,73.4,29.65,2.22,10.9804,18.0392,90.6046,14.2196,7.83,-5.46852,1,8,0,0,20,74.902,0,0,3.84,0,186.8
2650,1676.760,13.4984,13.5516,14.2209,30,-3.125,-2.34375,2905.25,34.7968,24,73.4,29.21,2.2,11.3725,17.6471,93.3896,14.2196,7.83,-5.69125,1,8,0,0,20,74.902,0,0,3.84,0,186.8
2651,1676.800,13.4559,13.5516,14.2276,30,-3.125,-2.34375,2897.5,34.7968,24,73.4,28.56,2.2,11.3725,17.6471,93.4314,14.2196,7.83,-5.50351,1,8,0,0,20,74.902,0,0,3.84,0,186.8
2652,1676.840,13.3282,13.5516,14.2276,30,-3.125,-2.34375,2897,34.7968,24,73.4,28.99,2.2,11.3725,17.6471,93.4343,14.2196,7.83,-5.50351,1,8,0,0,20,74.902,0,0,3.84,0,186.8
2653,1676.880,13.2876,13.5516,14.2411,30,-3.125,-2.34375,2906.75,34.7968,24,73.4,28.89,2.2,11.3725,17.6471,93.4899,14.2196,7.83,-5.60906,1,8,0,0,20,74.902,0,0,3.84,0,186.8
2654,1676.920,13.4984,13.5516,14.2748,30,-3.125,-2.34375,2903.25,34.7968,24,73.4,29.32,2.2,11.3725,18.0392,93.478,14.2196,7.83,-5.60906,1,8,0,0,20,74.902,0,0,3.84,0,186.8
2655,1676.960,13.5816,13.6664,14.2748,30,-3.125,-2.34375,2883.75,34.7968,24,73.4,29.05,2.2,11.7647,18.0392,98.9724,14.2196,7.83,-5.56871,1,8,0,0,19,74.902,0,0,3.84,0,186.8
2656,1677.000,13.5816,13.6664,14.2748,30,-3.125,-2.34375,2877.5,34.7968,24,73.4,29.6,2.22,11.7647,18.4314,96.2719,14.2196,7.83,-5.48426,1,8,0,0,19,74.902,0,0,3.84,0,186.8
2657,1677.040,13.6667,13.6664,14.2748,30,-3.125,-2.34375,2882.5,34.7968,24,73.4,30.37,2.22,11.7647,18.0392,96.2436,14.2196,7.83,-5.48426,1,8,0,0,19,74.902,0,0,3.84,0,186.8
2658,1677.080,13.7073,13.7813,14.2411,30,-2.34375,-2.34375,2891.75,34.7968,24,73.4,29.83,2.22,11.7647,18.0392,98.9277,14.2196,7.83,-5.46652,1,8,0,0,19,74.902,0,0,3.84,0,186.8
2659,1677.120,13.539,13.8961,14.2411,30,-1.5625,-2.34375,2887,34.7968,24,73.4,30.36,2.22,11.7647,18.0392,98.9525,14.2196,7.83,-5.34504,1,8,0,0,19,74.902,0,0,3.84,0,186.8
2660,1677.160,13.7073,13.8961,14.2411,30,-1.5625,-2.34375,2876,34.7968,24,73.4,29.5,2.2,11.7647,18.0392,96.1825,14.2196,7.83,-5.34504,1,8,0,0,20,74.902,0,0,3.84,0,186.8
2661,1677.200,13.7073,13.7813,14.2343,30,-1.5625,-2.34375,2874.75,34.7968,24,73.4,29.82,2.22,11.7647,18.0392,96.1925,14.2196,7.83,-5.4895,1,8,0,0,19,74.902,0,0,3.84,0,186.8
2662,1677.240,13.539,13.6664,14.2343,30,-2.34375,-2.34375,2897,34.7968,24,73.4,28.84,2.22,11.7647,18.0392,96.1632,14.2196,7.83,-5.4895,1,8,0,0,19,74.902,0,0,3.84,0,186.8
2663,1677.280,13.4559,13.5516,14.2343,30,-2.34375,-2.34375,2895.5,34.7968,24,73.4,29.5,2.22,11.7647,18.0392,96.1698,14.2196,7.83,-5.47663,1,8,0,0,20,74.902,0,0,3.84,0,186.8
2664,1677.320,13.4559,13.5516,14.2411,30,-2.34375,-2.34375,2885.75,34.7968,24,73.4,29.38,2.22,11.7647,18.0392,96.2223,14.2196,7.83,-5.5292,1,8,0,0,19,74.902,0,0,3.84,0,186.8
2665,1677.360,13.4984,13.5516,14.2411,30,-2.34375,-2.34375,2889.5,34.7968,24,73.4,29.92,2.22,11.7647,18.0392,96.2014,14.2196,7.83,-5.5292,1,8,0,0,19,74.902,0,0,3.84,0,186.8
2666,1677.400,13.2876,13.5516,14.2411,30,-2.34375,-2.34375,2895,34.7968,24,73.4,29.6,2.22,11.3725,18.0392,93.436,14.2196,7.83,-5.5259,1,8,0,0,19,74.902,0,0,3.84,0,186.8
2667,1677.440,13.4133,13.5516,14.2411,30,-2.34375,-2.34375,2887.5,34.7968,24,73.4,28.85,2.2,11.3725,18.0392,93.5312,14.2196,7.83,-5.62969,1,8,0,0,19,74.902,0,0,3.84,0,186.8
2668,1677.480,13.5816,13.5516,14.2411,30,-2.34375,-2.34375,2874.75,34.7968,24,73.4,28.83,2.18,11.3725,17.6471,93.5456,14.2196,7.83,-5.62969,1,8,0,0,20,74.902,0,0,3.84,0,186.8
2669,1677.520,13.4984,13.5516,14.2478,30,-2.34375,-2.34375,2869.25,34.7968,24,73.4,28.93,2.18,9.80392,17.6471,77.1731,14.2196,7.83,-5.64378,1,8,0,0,20,74.902,0,0,3.84,0,186.8
2670,1677.560,13.4984,13.6664,14.2748,31,-2.34375,-2.34375,2864.25,34.7968,24,73.4,26.56,2.12,9.01961,16.0784,66.2668,14.2196,7.83,-6.75347,1,8,0,0,20,74.902,0,0,3.584,0,186.8
2671,1677.600,13.4133,13.5516,14.2748,31,-3.125,-2.34375,2863.75,34.7968,25,73.4,23.91,2.1,9.80392,16.0784,77.2035,14.2196,7.685,-6.75347,1,8,0,0,20,74.902,0,0,3.584,0,186.8
2672,1677.640,13.1174,13.3219,14.4253,31,-3.90625,-2.34375,2852.5,34.7968,25.5,73.4,23.33,2.08,9.80392,16.0784,77.2666,14.2196,7.395,-6.32987,1,8,0,0,20,74.902,0,0,3.328,0,186.8
2673,1677.680,12.9917,13.207,14.4253,31,-4.6875,-2.34375,2847,34.7968,26,73.4,23.81,2.1,9.41177,16.4706,74.4882,14.2196,7.25,-6.32987,1,8,0,0,20,74.902,0,0,3.328,0,186.8
2674,1677.720,12.9917,13.0922,14.4878,31,-5.46875,-2.34375,2874.75,34.7968,26.5,73.4,24.29,2.12,9.41177,16.4706,74.4058,14.2196,7.25,-6.46415,1,8,0,0,20,74.902,0,0,3.328,0,186.8
2675,1677.760,13.1174,13.3219,14.4461,31,-5.46875,-2.34375,2866.75,34.7968,26.5,73.4,24.76,2.12,10.9804,16.8627,90.8522,14.2196,7.25,-5.77769,1,8,0,0,20,74.902,0,0,3.328,0,186.8
2676,1677.800,13.4984,13.5516,14.4461,31,-4.6875,-2.34375,2860.25,34.7968,26,73.4,27.71,2.18,9.80392,17.6471,77.2209,14.2196,7.25,-5.77769,1,8,0,0,20,74.902,0,0,3.328,0,186.8
2677,1677.840,13.7498,13.8961,14.3497,31,-3.125,-2.34375,2867.5,34.7968,25.5,73.4,26.6,2.14,9.01961,16.8627,68.9782,14.2196,7.25,-6.53063,1,8,0,0,20,74.902,0,0,3.328,0,186.8
2678,1677.880,14.0032,14.1258,14.3497,31,-1.5625,-2.34375,2879.5,34.7968,26,73.4,24.7,2.1,8.23529,15.6863,60.8014,14.2196,7.25,-6.53063,1,8,0,0,20,74.902,0,0,3.584,0,186.8
2679,1677.920,14.1714,14.2406,14.2748,31,-.78125,-2.34375,2851.25,34.7968,26,73.4,23.29,2.06,8.23529,14.902,58.1399,14.2196,7.25,-6.9347,1,8,0,0,19,74.902,0,0,3.328,0,186.8
2680,1677.960,14.1289,14.2406,14.3634,31,-.78125,-1.5625,2837.25,34.7968,26.5,73.4,21.84,2.02,8.23529,14.902,58.2225,14.2196,7.105,-7.10169,1,8,0,0,19,74.902,0,0,3.328,0,186.8
2681,1678.000,13.9181,13.8961,14.3634,31,-1.5625,-1.5625,2837.75,34.7968,27,73.4,21.21,2.02,7.45098,14.902,54.5074,14.2196,6.96,-7.10169,1,8,0,0,19,74.902,0,0,3.072,0,186.8
2682,1678.040,13.2025,13.4367,14.5087,31,-3.125,-1.5625,2835.25,34.7968,27.5,73.4,20.36,2,7.45098,14.5098,54.5221,14.2196,6.67,-7.33441,1,8,0,0,19,74.902,0,0,3.072,0,186.8
2683,1678.080,13.0343,13.207,14.5297,31,-4.6875,-1.5625,2829.75,34.7968,27.5,73.4,20.05,1.98,7.45098,14.5098,52.7064,14.2196,6.67,-7.34231,1,8,0,0,19,74.902,0,0,3.072,0,186.8
2684,1678.120,12.866,13.0922,14.5297,31,-4.6875,-1.5625,2838.75,34.1754,27.5,73.4,20.34,1.98,7.45098,14.5098,54.5014,14.2196,6.525,-7.34231,1,8,0,0,19,74.902,0,0,2.816,0,186.8
2685,1678.160,12.866,13.0922,14.5438,31,-5.46875,-1.5625,2831,34.1754,28,73.4,20.44,1.98,7.45098,14.5098,52.7846,14.2196,6.38,-7.29954,1,8,0,0,19,74.902,0,0,2.816,0,186.8
2686,1678.200,13.2025,13.207,14.4808,31,-4.6875,-1.5625,2849.25,34.1754,28,73.4,19.82,1.98,7.45098,14.5098,52.6852,14.2196,6.38,-7.29954,1,8,0,0,19,74.902,0,0,2.816,0,186.8
2687,1678.240,13.2025,13.4367,14.4808,31,-4.6875,-1.5625,2833.25,34.1754,28,73.4,19.89,1.98,7.45098,14.5098,52.7716,14.2196,6.235,-7.33396,1,8,0,0,19,74.902,0,0,2.816,0,186.8
2688,1678.280,13.9181,13.6664,14.4391,31,-3.90625,-1.5625,2813.25,34.1754,28,73.4,20.27,2,6.66667,14.5098,49.3529,14.2196,6.235,-7.45483,1,8,0,0,19,74.902,0,0,2.816,0,186.8
2689,1678.320,14.214,13.7813,14.4391,31,-3.125,-1.5625,2816.5,34.1754,28,73.4,20.05,1.98,6.66667,14.1176,49.3366,14.2196,6.235,-7.45483,1,8,0,0,19,74.902,0,0,2.816,0,186.8
2690,1678.360,14.2972,13.8961,14.3908,31,-3.125,-.78125,2827,34.1754,28,73.4,19.74,1.96,6.66667,14.1176,47.5223,14.2196,6.235,-7.50482,1,8,0,0,19,74.902,0,0,2.816,0,186.8
2691,1678.400,14.1714,13.8961,14.3702,31,-3.125,-.78125,2824.5,34.1754,28,73.4,19,1.94,6.27451,13.7255,45.7734,14.2196,6.235,-7.63443,1,8,0,0,19,74.902,0,0,2.816,0,186.8
2692,1678.440,14.214,13.8961,14.3702,31,-2.34375,-.78125,2804,34.1754,28.5,73.4,18.62,1.92,6.27451,13.7255,45.8023,14.2196,6.09,-7.63443,1,8,0,0,19,74.902,0,0,2.816,0,186.8
2693,1678.480,14.2972,13.7813,14.4115,31,-2.34375,-.78125,2816.25,34.1754,28.5,73.4,18.76,1.94,5.4902,13.7255,44,14.2196,6.09,-7.68678,1,8,0,0,19,74.902,0,0,2.816,0,186.8
2694,1678.520,14.1714,13.6664,14.4115,31,-3.125,-.78125,2827.25,34.1754,28.5,73.4,18.43,1.92,4.31373,13.3333,41.5,14.2196,5.945,-7.68678,1,8,0,0,19,74.902,0,0,2.816,0,186.8
2695,1678.560,13.9181,13.6664,14.4115,31,-3.125,-.78125,2818.25,34.1754,28.5,73.4,18.28,1.92,3.52941,13.3333,39,14.2196,5.945,-7.83555,1,8,0,0,19,74.902,0,0,2.816,0,186.8
2696,1678.600,14.0457,13.5516,14.3908,31,-3.90625,-.78125,2796.25,33.554,28.5,73.4,17.21,1.88,3.13725,12.9412,36.5,14.2196,5.8,-8.04586,1,8,0,0,19,74.902,0,0,2.816,0,186.8
2697,1678.640,14.0457,13.4367,14.3908,31,-3.90625,-.78125,2775.5,33.554,28.5,73.4,17.11,1.88,3.52941,12.549,34,14.2196,5.8,-8.04586,1,8,0,0,19,74.902,0,0,2.816,0,186.8
2698,1678.680,13.8775,13.4367,14.4391,31,-3.90625,-.78125,2774.25,33.554,28.5,73.4,16.88,1.86,3.52941,12.549,31.5,14.2196,5.655,-8.22309,1,8,0,0,18,74.902,0,0,2.56,0,186.8
2699,1678.720,13.9606,13.4367,14.453,31,-4.6875,-.78125,2783.5,33.554,28.5,73.4,15.42,1.84,3.52941,12.1569,29,14.2196,5.51,-8.38311,1,8,0,0,18,74.902,0,0,2.56,0,186.8
2700,1678.760,13.9606,13.3219,14.453,31,-4.6875,-.78125,2781,33.554,28.5,73.4,14.62,1.82,3.52941,11.3725,28.2427,14.2196,5.365,-8.38311,1,8,0,0,18,74.902,0,0,2.56,0,186.8
2701,1678.800,13.9181,13.3219,14.4878,31,-5.46875,-.78125,2777.5,33.554,28.5,73.4,14.17,1.8,3.52941,11.3725,27.3335,14.2196,5.365,-8.42972,1,8,0,0,18,74.902,0,0,2.56,0,186.8
2702,1678.840,13.7498,13.207,14.4878,31,-6.25,-.78125,2772.75,33.554,28.5,73.4,13.63,1.78,3.52941,11.3725,26.6881,14.2196,5.22,-8.42972,1,8,0,0,18,74.902,0,0,2.304,0,186.8
2703,1678.880,13.7498,13.207,14.5157,31,-6.25,-.78125,2769,33.554,28.5,73.4,13.44,1.78,3.13725,10.9804,24.9288,14.2196,5.075,-8.4955,1,8,0,0,18,74.902,0,0,2.304,0,186.8
2704,1678.920,13.6241,13.207,14.5157,31,-6.25,-.78125,2769,33.554,28.5,73.4,12.9,1.76,1.17647,10.5882,22.4288,14.2196,4.93,-8.62594,1,8,0,0,18,74.902,0,0,2.304,0,186.8
2705,1678.960,13.6241,13.4367,14.5157,31,-6.25,0,2735,33.554,28.5,73.4,12.25,1.74,1.96078,10.1961,19.9288,14.2196,4.785,-8.62594,1,8,0,0,18,74.902,0,0,2.304,0,186.8
2706,1679.000,13.7073,13.5516,14.5087,31,-5.46875,0,2732.75,32.9327,28.5,73.4,11.81,1.72,1.96078,9.80392,17.4288,14.2196,4.785,-8.78603,1,8,0,0,18,74.902,0,0,2.048,0,186.8
2707,1679.040,13.7924,13.7813,14.5227,31,-4.6875,0,2751.75,32.9327,28.5,73.4,11.37,1.68,1.96078,9.41177,16.0441,14.2196,4.64,-8.91937,1,8,0,0,17,74.902,0,0,2.048,0,186.8
2708,1679.080,13.5816,13.8961,14.5227,31,-4.6875,0,2752.25,32.9327,28.5,73.4,10.38,1.64,1.96078,9.41177,17.8447,14.2196,4.495,-8.91937,1,8,0,0,17,74.902,0,0,2.048,0,186.8
2709,1679.120,13.9181,13.8961,14.5508,31,-3.90625,0,2737.75,32.9327,28.5,73.4,9.98,1.62,2.35294,9.41177,19.7784,14.2196,4.205,-8.84619,1,8,0,0,17,74.902,0,0,2.048,0,186.8
2710,1679.160,14.214,13.8961,14.5367,31,-3.90625,0,2720.5,32.9327,28.5,73.4,10.12,1.66,2.7451,9.80392,21.6467,14.2196,4.205,-8.69696,1,8,0,0,17,74.902,0,0,2.048,0,186.8
2711,1679.200,14.2565,13.8961,14.5367,31,-3.90625,0,2710,32.9327,28.5,73.4,11.15,1.68,1.56863,9.80392,19.1467,14.2196,4.205,-8.69696,1,8,0,0,16,74.902,0,0,2.048,0,186.8
2712,1679.240,14.3823,13.8961,14.453,31,-3.90625,0,2702.25,32.9327,28.5,73.4,11.42,1.68,1.56863,9.80392,16.6467,14.2196,4.205,-8.85705,1,8,0,0,16,74.902,0,0,2.048,0,186.8
2713,1679.280,14.2972,13.8961,14.453,31,-3.90625,0,2702,32.9327,28.5,73.4,11.11,1.66,1.96078,9.41177,18.0764,14.2196,4.205,-8.85705,1,8,0,0,16,74.902,0,0,2.048,0,186.8
2714,1679.320,14.3397,14.1258,14.3771,31,-3.125,0,2684,32.3113,28.5,73.4,10.45,1.66,1.96078,9.41177,18.5162,14.2196,4.205,-8.76606,1,8,0,0,16,74.902,0,0,2.048,0,186.8
2715,1679.360,14.4248,14.2406,14.3771,31,-2.34375,0,2658,32.3113,28.5,73.4,10.67,1.66,1.96078,9.41177,17.7095,14.2196,4.06,-8.83437,1,8,0,0,16,74.902,0,0,2.048,0,186.8
2716,1679.400,14.7188,14.4703,14.3771,31,-1.5625,0,2650.5,32.3113,28.5,73.4,10.53,1.66,1.96078,9.41177,18.2471,14.2196,4.06,-8.83437,1,8,0,0,16,74.902,0,0,2.048,0,186.8
2717,1679.440,14.9296,14.5852,14.3702,31,-.78125,0,2670.75,32.3113,28.5,73.4,10.6,1.66,1.96078,9.41177,18.2202,14.2196,4.06,-8.83281,1,8,0,0,16,74.902,0,0,2.048,0,186.8
2718,1679.480,15.0978,14.5852,14.3497,31,0,0,2687,32.3113,28.5,73.4,10.25,1.64,1.96078,9.41177,16.7638,14.2196,4.06,-8.89208,1,8,0,0,16,74.902,0,0,2.048,0,186.8
2719,1679.520,15.0978,14.5852,14.3497,31,.78125,0,2679.75,32.3113,28.5,73.4,10.15,1.64,1.96078,9.41177,16.3185,14.2196,3.915,-8.89208,1,8,0,0,15,74.902,0,0,2.048,0,186.8
2720,1679.560,14.9721,14.5852,14.3497,31,.78125,.78125,2670.5,32.3113,28.5,73.4,10,1.62,3.92157,9.41177,31.2824,14.2196,3.915,-8.68487,1,8,0,0,15,74.902,0,0,2.048,0,186.8
2721,1679.600,14.9721,14.4703,14.3497,31,.78125,.78125,2655,32.3113,28.5,73.4,11.25,1.7,3.92157,11.3725,34.5079,14.2196,3.915,-8.68487,1,8,0,0,15,74.902,0,0,2.048,0,186.8
2722,1679.640,14.8464,14.2406,14.2748,31,.78125,.78125,2634,32.3113,28.5,73.4,12.23,1.76,2.7451,11.7647,32.0079,14.2196,3.915,-8.20164,1,8,0,0,15,74.902,0,0,2.048,0,186.8
2723,1679.680,14.8039,14.1258,14.2748,31,.78125,.78125,2643.25,32.3113,28.5,73.4,13.8,1.8,2.7451,12.1569,29.5079,14.2196,4.06,-8.36167,1,8,0,0,15,74.902,0,0,2.048,0,186.8
2724,1679.720,14.6356,13.8961,14.2748,31,.78125,.78125,2644.25,31.6899,28.5,73.4,13.83,1.78,2.7451,11.7647,27.0079,14.2196,4.205,-8.36167,1,8,0,0,15,74.902,0,0,2.304,0,186.8
2725,1679.760,14.214,13.4367,14.2075,31,-.78125,3.125,2661,31.6899,28.5,73.4,13.2,1.76,3.92157,11.3725,31.2619,14.2196,4.35,-8.45603,1,8,0,0,15,74.902,0,0,2.304,0,186.8
2726,1679.800,13.5816,13.207,14.1874,31,-2.34375,3.125,2668.5,31.6899,28.5,73.4,12.92,1.76,2.7451,11.3725,28.7619,14.2196,4.35,-8.41134,1,8,0,0,16,74.902,0,0,2.304,0,186.8
2727,1679.840,13.3708,13.4367,14.1874,31,-1.5625,3.125,2639.5,31.6899,28.5,73.4,12.74,1.76,3.92157,11.3725,31.6227,14.2196,4.35,-8.41134,1,8,0,0,16,74.902,0,0,2.304,0,186.8
2728,1679.880,13.9606,13.7813,14.1941,31,0,3.125,2578.75,31.6899,28.5,73.4,13.62,1.8,4.70588,12.1569,38.0116,14.2196,4.35,-8.05822,1,8,0,0,16,74.902,0,0,2.304,0,186.8
2729,1679.920,14.3823,14.0109,14.1941,31,.78125,3.125,2587.25,31.6899,28.5,73.4,14.55,1.8,3.92157,12.1569,35.5116,14.2196,4.35,-8.05822,1,8,0,0,16,74.902,0,0,2.304,0,186.8
2730,1679.960,14.4248,14.1258,14.1941,31,1.5625,3.125,2617,31.6899,28.5,73.4,14.82,1.82,4.31373,12.1569,35.6295,14.2196,4.495,-8.16097,1,8,0,0,16,74.902,0,0,2.56,0,186.8
2731,1680.000,14.5931,14.1258,14.1673,31,1.5625,3.125,2635.25,31.6899,28.5,73.4,14.73,1.82,4.70588,12.1569,37.4769,14.2196,4.64,-8.06222,1,8,0,0,16,74.902,0,0,2.56,0,186.8
2732,1680.040,14.4673,14.1258,14.1673,31,1.5625,3.125,2601.5,31.0686,28.5,73.4,14.67,1.82,5.09804,12.1569,39.6487,14.2196,4.64,-8.06222,1,8,0,0,16,74.902,0,0,2.56,0,186.8
2733,1680.080,14.5505,14.0109,14.1607,31,1.5625,3.125,2562.5,31.0686,28.5,73.4,14.84,1.82,4.31373,12.1569,38.11,14.2196,4.64,-7.97671,1,8,0,0,16,74.902,0,0,2.56,0,186.8
2734,1680.120,14.3397,13.8961,14.154,31,1.5625,3.125,2566.5,31.0686,28.5,73.4,15.11,1.82,4.70588,12.1569,38.1598,14.2196,4.64,-8.03463,1,8,0,0,17,74.902,0,0,2.56,0,186.8
2735,1680.160,13.8775,13.6664,14.154,31,.78125,3.125,2585.25,31.0686,28.5,73.4,15.11,1.82,5.88235,12.549,47.8691,14.2196,4.785,-8.03463,1,8,0,0,16,74.902,0,0,2.56,0,186.8
2736,1680.200,13.5816,13.5516,14.154,31,.78125,3.125,2583,31.0686,28.5,73.4,16.43,1.88,6.66667,13.3333,51.489,14.2196,4.785,-7.4982,1,8,0,0,16,74.902,0,0,2.56,0,186.8
2737,1680.240,13.4559,13.4367,14.154,31,0,3.125,2587.25,31.0686,28.5,73.4,17.17,1.88,5.88235,13.3333,47.5531,14.2196,4.785,-7.4982,1,8,0,0,17,74.902,0,0,2.816,0,186.8
2738,1680.280,13.2876,13.3219,14.1341,31,-.78125,3.125,2556,31.0686,28.5,73.4,17.26,1.88,5.88235,13.3333,46.1757,14.2196,4.93,-7.64595,1,8,0,0,17,74.902,0,0,2.816,0,186.8
2739,1680.320,13.0768,13.207,14.101,31,-.78125,3.125,2543.75,31.0686,28.5,73.4,17.26,1.88,5.88235,12.9412,46.2931,14.2196,5.075,-7.71424,1,8,0,0,17,74.902,0,0,2.816,0,186.8
2740,1680.360,13.1174,13.3219,14.101,31,-.78125,3.125,2559.25,31.0686,28.5,73.4,16.63,1.88,5.88235,12.9412,45.8989,14.2196,5.075,-7.71424,1,8,0,0,17,74.902,0,0,2.816,0,186.8
2741,1680.400,13.1174,13.3219,14.101,31,-1.5625,3.125,2566,31.0686,28.5,73.4,16.63,1.86,5.88235,12.549,45.9511,14.2196,5.075,-7.72595,1,8,0,0,17,74.902,0,0,2.816,0,186.8
2742,1680.440,13.2876,13.207,14.1142,31,-1.5625,3.125,2537.25,31.0686,28.5,73.4,16.47,1.86,5.09804,12.549,44,14.2196,5.075,-7.80022,1,8,0,0,17,74.902,0,0,2.816,0,186.8
2743,1680.480,13.0343,13.207,14.1142,31,-2.34375,3.125,2533.25,31.0686,28.5,73.4,16.23,1.86,4.31373,12.549,41.5,14.2196,5.075,-7.80022,1,8,0,0,17,74.902,0,0,2.816,0,186.8
2744,1680.520,12.866,12.9773,14.1142,31,-3.90625,3.125,2547,30.4472,28.5,73.4,16.07,1.84,5.09804,12.549,40.3587,14.2196,5.075,-7.96021,1,8,0,0,17,74.902,0,0,2.816,0,186.8
2745,1680.560,12.866,12.8625,14.1142,31,-4.6875,3.125,2529,30.4472,28.5,73.4,15.82,1.84,5.88235,12.549,48.4951,14.2196,5.075,-7.96021,1,8,0,0,18,74.902,0,0,2.816,0,186.8
2746,1680.600,12.6126,12.7477,14.3224,31,-6.25,3.125,2523.5,30.4472,28.5,73.4,15.81,1.84,6.27451,12.549,50.5647,14.2196,5.22,-7.5472,1,8,0,0,18,74.902,0,0,2.56,0,186.8
2747,1680.640,12.7384,12.7477,14.3156,31,-7.03125,3.125,2535,30.4472,28.5,73.4,16.37,1.88,5.88235,13.3333,48.3946,14.2196,5.075,-7.61547,1,8,0,0,18,74.902,0,0,2.56,0,186.8
2748,1680.680,12.4869,12.7477,14.3156,31,-7.8125,3.125,2537.5,30.4472,28.5,73.4,16.86,1.88,5.88235,13.3333,48.5689,14.2196,5.22,-7.61547,1,8,0,0,18,74.902,0,0,2.56,0,186.8
2749,1680.720,12.5275,12.8625,14.3019,31,-7.8125,3.125,2517.5,30.4472,28.5,73.4,16.78,1.88,5.88235,12.9412,48.6784,14.2196,5.22,-7.61785,1,8,0,0,17,74.902,0,0,2.56,0,186.8
2750,1680.760,12.7384,12.9773,14.2884,31,-7.8125,3.125,2517.75,30.4472,28.5,73.4,16.94,1.88,6.27451,12.9412,50.6584,14.2196,5.22,-7.53316,1,8,0,0,17,74.902,0,0,2.816,0,186.8
2751,1680.800,12.866,13.0922,14.2884,31,-7.8125,3.125,2516.5,30.4472,28.5,73.4,16.59,1.86,6.27451,12.9412,50.8313,14.2196,5.365,-7.53316,1,8,0,0,17,74.902,0,0,2.816,0,186.8
2752,1680.840,13.4984,13.3219,14.2681,31,-7.8125,3.125,2505.25,30.4472,28.5,73.4,16.66,1.88,5.88235,12.9412,48.8766,14.2196,5.365,-7.52374,1,8,0,0,18,74.902,0,0,2.816,0,186.8
2753,1680.880,13.7924,13.4367,14.2681,31,-7.8125,3.125,2509.25,30.4472,28.5,73.4,16.58,1.88,5.88235,12.9412,46.8212,14.2196,5.365,-7.52374,1,8,0,0,18,74.902,0,0,2.816,0,186.8
2754,1680.920,13.7498,13.4367,14.2545,31,-7.8125,3.125,2503.5,30.4472,28.5,73.4,16.81,1.88,5.4902,12.549,45.0804,14.2196,5.365,-7.67889,1,8,0,0,18,74.902,0,0,2.816,0,186.8
2755,1680.960,13.7498,13.4367,14.2411,31,-7.8125,3.125,2488,30.4472,28.5,73.4,16.27,1.84,3.92157,12.549,42.5932,14.2196,5.365,-7.8358,1,8,0,0,18,74.902,0,0,2.816,0,186.8
2756,1681.000,13.7073,13.4367,14.2411,31,-7.8125,3.125,2500.75,29.8258,28.5,73.4,15.85,1.84,2.7451,12.1569,40.1065,14.2196,5.365,-7.8358,1,8,0,0,18,74.902,0,0,2.816,0,186.8
2757,1681.040,13.8775,13.4367,14.2411,31,-8.59375,3.125,2498.75,29.8258,28.5,73.4,15.15,1.82,2.7451,12.1569,37.6261,14.2196,5.365,-7.99466,1,8,0,0,18,74.902,0,0,2.56,0,186.8
2758,1681.080,13.2876,13.4367,14.2411,31,-8.59375,3.125,2477.25,29.8258,28.5,73.4,14.79,1.8,2.7451,11.7647,35.1504,14.2196,5.365,-8.15331,1,8,0,0,18,74.902,0,0,2.56,0,186.8
2759,1681.120,13.5816,13.3219,14.2411,31,-9.375,3.125,2478.25,29.8258,28.5,73.4,14.25,1.8,3.52941,11.7647,32.6997,14.2196,5.365,-8.15331,1,8,0,0,18,74.902,0,0,2.56,0,186.8
2760,1681.160,13.2025,13.3219,14.2478,31,-9.375,3.125,2483.5,29.8258,28.5,73.4,13.7,1.78,4.31373,11.3725,35.318,14.2196,5.22,-8.23112,1,8,0,0,18,74.902,0,0,2.56,0,186.8
2761,1681.200,13.2876,13.207,14.2478,31,-10.1563,3.125,2474,29.8258,28.5,73.4,13.43,1.78,5.09804,11.3725,41.3098,14.2196,5.22,-8.23112,1,8,0,0,18,74.902,0,0,2.56,0,186.8
2762,1681.240,12.9917,13.207,14.2681,31,-10.9375,3.125,2476.5,29.8258,28.5,73.4,13.79,1.8,5.09804,11.7647,43.2908,14.2196,5.075,-7.90654,1,8,0,0,18,74.902,0,0,2.56,0,186.8
2763,1681.280,12.9917,13.207,14.2748,31,-10.9375,3.125,2448,29.8258,28.5,73.4,14.68,1.82,5.09804,12.549,42.9152,14.2196,5.075,-7.82066,1,8,0,0,18,74.902,0,0,2.304,0,186.8
2764,1681.320,13.16,13.207,14.2748,31,-10.9375,3.125,2444.75,29.8258,28.5,73.4,15.48,1.84,5.88235,12.549,47.6188,14.2196,5.075,-7.82066,1,8,0,0,18,74.902,0,0,2.56,0,186.8
2765,1681.360,13.1174,13.3219,14.2545,31,-10.9375,3.125,2465.25,29.8258,28.5,73.4,15.58,1.84,6.27451,12.9412,51.543,14.2196,5.075,-7.49134,1,8,0,0,18,74.902,0,0,2.56,0,186.8
2766,1681.400,13.0768,13.5516,14.2411,31,-10.9375,3.125,2441.75,29.2044,28.5,73.4,16.25,1.86,6.27451,13.3333,51.9413,14.2196,5.22,-7.48065,1,8,0,0,17,74.902,0,0,2.56,0,186.8
2767,1681.440,13.2876,13.7813,14.2411,31,-9.375,3.125,2421.5,29.2044,28.5,73.4,16.96,1.88,5.88235,13.3333,49.9997,14.2196,5.22,-7.48065,1,8,0,0,17,74.902,0,0,2.56,0,186.8
2768,1681.480,13.4984,14.0109,14.2075,31,-8.59375,3.125,2434.25,29.2044,28.5,73.4,17.13,1.88,5.88235,12.9412,50.2161,14.2196,5.365,-7.47497,1,8,0,0,17,74.902,0,0,2.816,0,186.8
2769,1681.520,13.7924,14.1258,14.2075,31,-6.25,3.125,2422.25,29.2044,28,73.4,16.89,1.88,6.66667,12.9412,54.3325,14.2196,5.365,-7.47497,1,8,0,0,18,74.902,0,0,2.816,0,186.8
2770,1681.560,13.7924,14.2406,14.1941,31,-5.46875,3.125,2427.5,29.2044,28,73.4,16.38,1.86,6.66667,12.9412,54.2372,14.2196,5.365,-7.38472,1,8,0,0,18,74.902,0,0,2.816,0,186.8
2771,1681.600,14.1289,14.2406,14.1807,31,-4.6875,3.125,2416,29.2044,28,73.4,16.69,1.88,6.66667,12.9412,54.6282,14.2196,5.51,-7.38214,1,8,0,0,18,74.902,0,0,2.816,0,186.8
2772,1681.640,14.508,14.1258,14.1807,31,-4.6875,3.125,2403,29.2044,28,73.4,16.69,1.88,7.05882,12.9412,58.5819,14.2196,5.51,-7.38214,1,8,0,0,18,74.902,0,0,2.816,0,186.8
2773,1681.680,14.6356,14.0109,14.174,31,-5.46875,3.125,2408.5,29.2044,28,73.4,17.16,1.9,8.23529,13.7255,67.0864,14.2196,5.51,-7.04902,1,8,0,0,18,74.902,0,0,2.816,0,186.8
2774,1681.720,14.6356,13.7813,14.154,31,-5.46875,3.125,2390.75,29.2044,28,73.4,18.11,1.92,9.01961,14.1176,78.1166,14.2196,5.655,-6.43238,1,8,0,0,19,74.902,0,0,2.816,0,186.8
2775,1681.760,14.2565,13.5516,14.154,31,-6.25,3.125,2405.75,29.2044,28,73.4,19.15,1.98,10.5882,15.6863,93.7098,14.2196,5.655,-6.43238,1,8,0,0,19,74.902,0,0,3.072,0,186.8
2776,1681.800,14.2565,13.5516,13.9056,31,-7.03125,3.125,2394.75,28.5831,27.5,73.4,21.46,2.04,10.9804,16.0784,99.2318,14.2196,6.09,-5.80716,1,8,0,0,18,74.902,0,0,3.072,0,186.8
2777,1681.840,14.1289,13.5516,13.9056,31,-6.25,3.125,2390.75,28.5831,27,73.4,22.99,2.08,12.9412,16.8627,117.627,14.2196,6.525,-5.80716,1,8,0,0,18,74.902,0,0,3.328,0,186.8
2778,1681.880,14.0032,13.6664,13.772,31,-5.46875,3.125,2396.75,28.5831,26,73.4,25.85,2.14,13.3333,18.0392,120.414,14.2196,6.96,-3.80194,1,8,0,0,18,74.902,0,0,3.584,0,186.8
2779,1681.920,13.9606,13.8961,13.2449,31,-4.6875,3.125,2386.5,28.5831,25,73.4,27.61,2.18,12.9412,18.0392,117.887,14.2196,7.395,-4.03854,1,8,0,0,19,74.902,0,0,3.84,0,186.8
2780,1681.960,13.9606,14.1258,13.2449,31,-3.90625,2.34375,2400,28.5831,23.5,73.4,27.86,2.16,12.9412,18.0392,117.72,14.2196,7.685,-4.03854,1,8,0,0,19,74.902,0,0,4.096,0,186.8
2781,1682.000,14.2565,14.2406,13.604,31,-2.34375,2.34375,2377.75,28.5831,23,73.4,27.61,2.16,13.3333,18.0392,120.633,14.2196,7.975,-3.7983,1,8,0,0,19,74.902,0,0,4.096,0,186.8
2782,1682.040,14.508,14.1258,13.6968,31,-2.34375,2.34375,2352.75,28.5831,22.5,73.4,27.44,2.18,13.7255,18.0392,125.991,14.2196,8.12,-3.33025,1,8,0,0,19,74.902,0,0,4.096,0,186.8
2783,1682.080,14.0457,13.8961,13.6968,31,-3.125,2.34375,2363.25,28.5831,22,73.4,27.83,2.16,13.3333,18.0392,123.583,14.2196,8.265,-3.33025,1,8,0,0,19,74.902,0,0,4.096,0,186.8
2784,1682.120,13.7924,13.5516,13.6906,31,-3.90625,2.34375,2368.75,28.5831,22,73.4,27.7,2.16,14.5098,18.4314,133.891,14.2196,8.41,-3.32163,1,8,0,0,20,74.902,0,0,4.096,0,186.8
2785,1682.160,13.5816,13.4367,13.6906,31,-4.6875,2.34375,2372.75,28.5831,21.5,73.4,28.5,2.2,15.6863,19.2157,144.397,14.2196,8.555,-3.32163,1,8,0,0,20,74.902,0,0,4.352,0,186.8
2786,1682.200,13.16,13.207,13.6906,31,-5.46875,2.34375,2352,28.5831,21.5,73.4,30.43,2.24,16.4706,20.3922,152.35,14.2196,8.7,-1.52821,1,8,0,0,20,74.902,0,0,4.352,0,186.8
2787,1682.240,13.0343,13.207,13.5003,31,-6.25,2.34375,2373.25,28.5831,21,73.4,31.8,2.26,16.0784,20.3922,149.663,14.2196,8.99,-1.29774,1,8,0,0,19,74.902,0,0,4.352,0,186.8
2788,1682.280,13.2451,13.3219,13.5003,31,-6.25,2.34375,2388.25,28.5831,20,73.4,32.08,2.26,16.0784,20.3922,149.649,14.2196,9.28,-1.29774,1,8,0,0,19,74.902,0,0,4.608,0,186.8
2789,1682.320,13.4559,13.4367,13.5856,31,-5.46875,2.34375,2362.5,28.5831,20,73.4,31.61,2.26,15.6863,20.3922,146.99,14.2196,9.425,-1.30681,1,8,0,0,20,74.902,0,0,4.608,0,186.8
2790,1682.360,13.539,13.5516,13.604,31,-5.46875,1.5625,2366.75,28.5831,19.5,73.4,31.25,2.24,15.6863,20.3922,144.482,14.2196,9.57,-1.74623,1,8,0,0,19,74.902,0,0,4.608,0,186.8
2791,1682.400,13.4559,13.6664,13.604,31,-5.46875,1.5625,2352,28.5831,19.5,73.4,31.38,2.24,15.6863,20,147.111,14.2196,9.57,-1.74623,1,8,0,0,19,74.902,0,0,4.608,0,186.8
2792,1682.440,13.7073,13.7813,13.5245,31,-4.6875,1.5625,2356.75,28.5831,19.5,73.4,30.81,2.24,15.6863,20,144.469,14.2196,9.57,-1.74494,1,8,0,0,18,74.902,0,0,4.864,0,186.8
2793,1682.480,13.7073,13.7813,13.5245,31,-4.6875,1.5625,2340.5,28.5831,19.5,73.4,30.91,2.26,16.4706,20,152.374,14.2196,9.57,-1.74494,1,8,0,0,19,74.902,0,0,4.864,0,186.8
2794,1682.520,13.5816,13.7813,13.5611,31,-4.6875,1.5625,2355.75,28.5831,19.5,73.4,31.38,2.26,16.8627,20.7843,157.83,14.2196,9.425,-.846079,1,8,0,0,18,74.902,0,0,4.864,0,186.8
2795,1682.560,13.7073,13.6664,13.6101,31,-4.6875,1.5625,2357,28.5831,19,73.4,33.06,2.28,16.8627,20.7843,157.815,14.2196,9.57,-.604136,1,8,0,0,18,74.902,0,0,4.864,0,186.8
2796,1682.600,13.4559,13.6664,13.6101,31,-4.6875,1.5625,2341.25,27.9617,18.5,73.4,33.88,2.3,17.6471,21.5686,166.314,14.2196,9.57,-.604136,1,8,0,0,17,74.902,0,0,4.864,0,186.8
2797,1682.640,13.3708,13.6664,13.6286,31,-4.6875,1.5625,2349.5,27.9617,18.5,73.4,34.59,2.3,17.6471,21.5686,166.162,14.2196,9.715,.121189,1,8,0,0,17,74.902,0,0,4.864,0,186.8
2798,1682.680,13.6241,13.6664,13.6224,31,-4.6875,1.5625,2346.5,28.5831,18,73.4,34.94,2.3,17.6471,21.5686,166.26,14.2196,10.005,.1192,1,8,0,0,18,74.902,0,0,5.12,0,186.8
2799,1682.720,13.5816,13.6664,13.6224,31,-4.6875,1.5625,2364,28.5831,18,73.4,34.39,2.3,17.2549,21.5686,163.576,14.2196,10.005,.1192,1,8,0,0,18,74.902,0,0,5.12,0,186.8
2800,1682.760,13.6241,13.6664,13.641,31,-4.6875,.78125,2328.5,28.5831,17.5,73.4,34.39,2.3,17.2549,21.5686,163.305,14.2196,10.15,-.12315,1,8,0,0,17,74.902,0,0,5.12,0,186.8
2801,1682.800,13.6667,13.6664,13.641,31,-3.90625,.78125,2333.75,28.5831,17.5,73.4,34.38,2.32,17.6471,21.5686,166.122,14.2196,10.15,-.12315,1,8,0,0,16,74.902,0,0,5.12,0,186.8
2802,1682.840,13.539,13.6664,13.6719,31,-3.90625,.78125,2332.25,28.5831,17.5,73.4,34.91,2.32,17.6471,21.5686,168.88,14.2196,10.295,.0967617,1,8,0,0,17,74.902,0,0,5.12,0,186.8
2803,1682.880,13.4984,13.6664,13.7093,31,-4.6875,.78125,2331.5,28.5831,17.5,73.4,34.64,2.32,18.4314,21.9608,177.529,14.2196,10.295,.944459,1,8,0,0,16,74.902,0,0,5.12,0,186.8
2804,1682.920,13.4984,13.5516,13.7093,31,-4.6875,.78125,2337.5,27.9617,17,73.4,35.8,2.34,18.4314,22.7451,174.237,14.2196,10.44,.944459,1,8,0,0,16,74.902,0,0,5.12,0,186.8
2805,1682.960,13.4133,13.5516,13.728,31,-4.6875,.78125,2326.75,27.9617,17,73.4,35.79,2.34,17.6471,22.3529,168.875,14.2196,10.585,.556388,1,8,0,0,15,74.902,0,0,5.12,0,186.8
2806,1683.000,13.6241,13.6664,13.7406,31,-4.6875,.78125,2346.25,27.9617,17,73.4,35.43,2.34,17.6471,22.3529,168.976,14.2196,10.585,.352194,1,8,0,0,15,74.902,0,0,5.376,0,186.8
2807,1683.040,13.5816,13.6664,13.7406,31,-3.90625,.78125,2326.5,27.9617,17,73.4,35.16,2.32,18.4314,21.9608,174.311,14.2196,10.585,.352194,1,8,0,0,16,74.902,0,0,5.376,0,186.8
2808,1683.080,13.6241,13.6664,13.7846,31,-3.90625,.78125,2331,27.9617,17,73.4,34.8,2.32,17.6471,22.3529,168.858,14.2196,10.585,.543092,1,8,0,0,15,74.902,0,0,5.376,0,186.8
2809,1683.120,13.6241,13.6664,13.7846,31,-4.6875,.78125,2330.5,27.9617,17,73.4,35.06,2.32,18.0392,22.3529,171.619,14.2196,10.73,.543092,1,8,0,0,14,74.902,0,0,5.376,0,186.8
2810,1683.160,13.539,13.6664,13.8099,31,-4.6875,.78125,2340.25,27.9617,17,73.4,35.42,2.34,18.0392,22.3529,171.781,14.2196,10.73,.734128,1,8,0,0,14,74.902,0,0,5.376,0,186.8
2811,1683.200,13.5816,13.6664,13.8353,31,-3.90625,.78125,2322.25,27.9617,16.5,73.4,35.6,2.34,18.0392,22.3529,171.482,14.2196,10.73,.352216,1,8,0,0,15,74.902,0,0,5.376,0,186.8
2812,1683.240,13.6241,13.6664,13.8353,31,-3.90625,.78125,2327,27.9617,16.5,73.4,35.6,2.34,18.0392,21.9608,171.719,14.2196,10.73,.352216,1,8,0,0,15,74.902,0,0,5.376,0,186.8
2813,1683.280,13.4984,13.6664,13.8608,31,-3.90625,.78125,2338,27.9617,16.5,73.4,35.15,2.32,18.4314,22.3529,176.949,14.2196,10.73,.544876,1,8,0,0,15,74.902,0,0,5.376,0,186.8
2814,1683.320,13.539,13.6664,13.8863,31,-3.90625,.78125,2329.5,27.9617,16.5,73.4,36.49,2.36,17.6471,22.7451,168.969,14.2196,10.73,.352072,1,8,0,0,14,74.902,0,0,5.376,0,186.8
2815,1683.360,13.5816,13.6664,13.8863,31,-3.90625,0,2335,27.9617,16.5,73.4,35.77,2.34,18.4314,22.3529,174.301,14.2196,10.875,.352072,1,8,0,0,14,74.902,0,0,5.376,0,186.8
2816,1683.400,13.539,13.6664,13.8928,31,-3.90625,0,2321.5,27.9617,16.5,73.4,35.32,2.32,19.2157,22.3529,182.432,14.2196,10.875,1.0794,1,8,0,0,15,74.902,0,0,5.376,0,186.8
2817,1683.440,13.7073,13.7813,13.8928,31,-3.125,0,2349.5,27.9617,16.5,73.4,36.57,2.38,19.6078,23.5294,188.881,14.2196,10.875,1.0794,1,8,0,0,15,74.902,0,0,5.376,0,186.8
2818,1683.480,13.7924,13.7813,13.8992,31,-3.125,0,2333.5,27.9617,16,73.4,37.58,2.38,19.6078,23.9216,188.326,14.2196,11.02,1.89558,1,8,0,0,14,74.902,0,0,5.376,0,186.8
2819,1683.520,13.6667,13.7813,13.8735,31,-3.125,0,2338.75,27.9617,16,73.4,37.57,2.4,19.2157,23.9216,182.92,14.2196,11.165,1.47286,1,8,0,0,14,74.902,0,0,5.376,0,186.8
2820,1683.560,13.6667,13.8961,13.8735,31,-2.34375,0,2321,27.9617,16,73.4,36.99,2.36,19.2157,23.1373,182.409,14.2196,11.31,1.47286,1,8,0,0,14,74.902,0,0,5.632,0,186.8
2821,1683.600,13.9181,14.0109,13.8608,31,-1.5625,0,2337,27.9617,16,73.4,36.44,2.36,19.2157,23.1373,185.652,14.2196,11.31,1.29115,1,8,0,0,14,74.902,0,0,5.632,0,186.8
2822,1683.640,14.0457,14.0109,13.8863,31,-.78125,0,2313,27.9617,16,73.4,36.71,2.38,19.2157,23.1373,182.024,14.2196,11.31,1.24681,1,8,0,0,14,74.902,0,0,5.632,0,186.8
2823,1683.680,13.8349,14.0109,13.8863,31,-.78125,0,2294.25,27.9617,16,73.4,36.71,2.38,19.6078,23.1373,187.079,14.2196,11.31,1.24681,1,8,0,0,14,74.902,0,0,5.632,0,186.8
2824,1683.720,13.7924,13.8961,13.9056,31,-.78125,0,2313.5,27.9617,16,73.4,37.07,2.38,18.4314,23.1373,173.879,14.2196,11.455,1.07561,1,8,0,0,13,74.902,0,0,5.632,0,186.8
2825,1683.760,14.214,13.7813,13.9056,31,-.78125,-2.34375,2298,27.9617,16,73.4,36.79,2.36,19.2157,23.1373,184.964,14.2196,11.455,1.07561,1,8,0,0,14,74.902,0,0,5.632,0,186.8
2826,1683.800,14.1714,13.7813,13.9184,31,-.78125,-2.34375,2307.75,27.3403,16,73.4,36.43,2.34,18.8235,23.1373,178.788,14.2196,11.455,1.40757,1,8,0,0,14,74.902,0,0,5.632,0,186.8
2827,1683.840,14.1289,13.7813,13.9442,31,0,-2.34375,2304,27.3403,16,73.4,36.43,2.36,19.2157,22.7451,181.92,14.2196,11.455,1.2594,1,8,0,0,13,74.902,0,0,5.632,0,186.8
2828,1683.880,14.2972,13.7813,13.9442,31,0,-2.34375,2319.75,27.9617,16,73.4,36.43,2.36,18.4314,22.7451,174.166,14.2196,11.455,1.2594,1,8,0,0,13,74.902,0,0,5.632,0,186.8
2829,1683.920,14.214,13.7813,13.9701,31,0,-2.34375,2309.75,27.9617,16,73.4,36.16,2.36,19.2157,22.7451,182.082,14.2196,11.455,.883139,1,8,0,0,14,74.902,0,0,5.632,0,186.8
2830,1683.960,14.1714,13.7813,13.9896,31,0,-2.34375,2334.75,27.9617,16,73.4,36.7,2.38,20.7843,23.1373,202.265,14.2196,11.455,2.56499,1,8,0,0,14,74.902,0,0,5.632,0,186.8
2831,1684.000,14.0883,13.7813,13.9896,31,0,-2.34375,2338.5,27.9617,16,73.4,38.19,2.44,23.1373,25.4902,227.575,14.2196,11.455,2.56499,1,8,0,0,13,74.902,0,0,5.632,0,186.8
2832,1684.040,14.214,13.7813,13.9831,31,.78125,-2.34375,2365.75,28.5831,16,73.4,44.21,2.48,21.1765,26.2745,205.696,14.2196,11.89,3.45345,1,8,0,0,13,74.902,0,0,5.888,0,186.8
2833,1684.080,14.214,13.4367,13.9831,31,-.78125,-2.34375,2369.25,28.5831,16,73.4,42.42,2.44,18.4314,24.3137,177.486,14.2196,12.18,3.45345,1,8,0,0,13,74.902,0,0,6.144,0,186.8
2834,1684.120,14.0032,13.0922,14.2411,31,0,-2.34375,2340.75,28.5831,16,73.4,36.99,2.38,18.0392,22.7451,171.916,14.2196,12.035,.756314,1,8,0,0,14,74.902,0,0,5.888,0,186.8
2835,1684.160,13.6241,12.6328,13.9507,31,-2.34375,-2.34375,2331.5,28.5831,16,73.4,36.29,2.36,18.8235,22.3529,180.12,14.2196,11.89,.914983,1,8,0,0,13,74.902,0,0,5.632,0,186.8
2836,1684.200,13.5816,12.9773,13.9507,31,-2.34375,-2.34375,2310,28.5831,16,73.4,36.39,2.38,21.9608,23.5294,212.251,14.2196,11.745,.914983,1,8,0,0,12,74.902,0,0,5.632,0,186.8
2837,1684.240,13.4559,13.207,14.0222,31,-1.5625,-2.34375,2338.5,28.5831,16,73.4,40.53,2.44,21.1765,25.098,204.967,14.2196,11.745,2.98762,1,8,0,0,12,74.902,0,0,5.632,0,186.8
2838,1684.280,13.4559,13.4367,13.9896,31,-1.5625,-2.34375,2311.25,27.9617,15.5,73.4,42.02,2.46,21.5686,25.098,207.635,14.2196,11.89,2.83277,1,8,0,0,13,74.902,0,0,5.888,0,186.8
2839,1684.320,13.4984,13.7813,13.9896,31,0,-2.34375,2315.5,27.9617,16,73.4,42.4,2.44,21.9608,25.098,212.829,14.2196,12.035,2.83277,1,8,0,0,12,74.902,0,0,5.888,0,186.8
2840,1684.360,14.0032,14.1258,14.2343,31,0,-2.34375,2308.5,27.9617,15.5,73.4,41.55,2.44,21.5686,25.4902,209.706,14.2196,12.18,3.07766,1,8,0,0,12,74.902,0,0,5.888,0,186.8
2841,1684.400,14.1714,14.1258,14.2343,31,0,-2.34375,2347,27.9617,15,73.4,41.76,2.44,21.5686,25.098,209.795,14.2196,12.325,3.07766,1,8,0,0,11,74.902,0,0,6.144,0,186.8
2842,1684.440,14.3823,14.1258,14.0222,31,0,-2.34375,2327.5,27.9617,16,73.4,41.52,2.44,20,25.098,190.765,14.2196,12.325,2.94397,1,8,0,0,11,74.902,0,0,6.144,0,186.8
2843,1684.480,14.5931,14.1258,13.8417,31,0,-2.34375,2309.25,27.9617,15.5,73.4,38.95,2.4,18.4314,23.5294,177.022,14.2196,12.325,.912525,1,8,0,0,12,74.902,0,0,6.144,0,186.8
2844,1684.520,14.4673,13.8961,13.8417,31,0,-2.34375,2319,27.9617,16,73.4,36.61,2.36,19.2157,22.7451,182.433,14.2196,12.18,.912525,1,8,0,0,12,74.902,0,0,5.888,0,186.8
2845,1684.560,14.3823,13.7813,14.0222,31,0,-2.34375,2322.25,27.9617,16,73.4,36.72,2.36,22.3529,23.5294,216.128,14.2196,12.035,2.17066,1,8,0,0,11,74.902,0,0,5.888,0,186.8
2846,1684.600,14.3397,13.4367,14.0615,31,-1.5625,-2.34375,2329.75,27.9617,16,73.4,40.88,2.46,22.3529,25.4902,215.985,14.2196,12.035,3.24892,1,8,0,0,10,74.902,0,0,5.632,0,186.8
2847,1684.640,14.2565,13.4367,14.0615,31,-1.5625,-2.34375,2316.75,27.9617,15.5,73.4,43.53,2.46,20.7843,25.4902,199.039,14.2196,12.18,3.24892,1,8,0,0,11,74.902,0,0,5.632,0,186.8
2848,1684.680,13.9606,13.4367,14.3019,31,0,-2.34375,2333,27.9617,16,73.4,41.76,2.44,20,24.3137,190.692,14.2196,12.325,1.8328,1,8,0,0,12,74.902,0,0,5.888,0,186.8
2849,1684.720,13.9181,13.5516,14.3019,31,0,-2.34375,2318,27.9617,15.5,73.4,39.59,2.4,20.7843,23.9216,198.896,14.2196,12.325,1.8328,1,8,0,0,11,74.902,0,0,5.888,0,186.8
2850,1684.760,14.0032,13.7813,14.1076,31,0,-2.34375,2324.5,27.9617,16,73.4,38.49,2.42,21.5686,24.3137,209.914,14.2196,12.325,2.67137,1,8,0,0,11,74.902,0,0,5.888,0,186.8
2851,1684.800,14.1289,13.8961,13.9249,31,0,-2.34375,2323.5,27.9617,15.5,73.4,40.88,2.44,21.5686,25.098,207.135,14.2196,12.325,2.8082,1,8,0,0,12,74.902,0,0,5.888,0,186.8
2852,1684.840,14.1714,13.8961,13.9249,31,0,-2.34375,2341,27.9617,15.5,73.4,41.95,2.44,21.5686,25.098,207.21,14.2196,12.325,2.8082,1,10,0,0,12,74.902,0,0,6.144,0,186.8
2853,1684.880,14.2972,13.8961,13.728,31,0,-2.34375,2355,27.9617,16,73.4,41.33,2.44,21.5686,25.098,207.49,14.2196,12.47,2.95268,1,10,0,0,11,74.902,0,0,6.144,0,186.8
2854,1684.920,14.2565,13.8961,13.5367,31,0,-2.34375,2325.5,27.9617,15.5,73.4,42.16,2.44,21.1765,25.098,204.971,14.2196,12.47,2.70087,1,10,0,0,11,74.902,0,0,6.144,0,186.8
2855,1684.960,14.2565,13.7813,13.5367,31,0,-1.5625,2344.25,27.9617,15.5,73.4,41.55,2.42,19.6078,24.3137,188.353,14.2196,12.47,2.70087,1,10,0,0,11,74.902,0,0,6.4,0,186.8
2856,1685.000,14.1289,13.6664,13.464,32,0,-1.5625,2343.25,27.9617,15,73.4,39.83,2.4,18.8235,23.5294,180.071,14.2196,12.47,1.11397,1,10,0,0,11,74.902,0,0,6.144,0,186.8
2857,1685.040,14.0883,13.5516,13.464,32,0,-1.5625,2340.5,27.9617,16,73.4,36.95,2.38,19.2157,23.1373,185.693,14.2196,12.325,1.11397,1,10,0,0,11,74.902,0,0,6.144,0,186.8
2858,1685.080,13.6241,13.3219,13.6286,32,-.78125,-1.5625,2306.75,27.9617,15.5,73.4,38.49,2.38,18.8235,23.1373,179.247,14.2196,12.18,1.49446,1,10,0,0,10,74.902,0,0,5.888,0,186.8
2859,1685.120,13.539,13.207,14.1607,32,-2.34375,-1.5625,2322.25,27.9617,15.5,73.4,38.06,2.42,19.6078,23.1373,187.859,14.2196,12.18,1.44973,1,10,0,0,10,74.902,0,0,5.632,0,186.8
2860,1685.160,13.5816,13.3219,14.1607,32,-2.34375,-2.34375,2327.75,27.9617,15.5,73.4,38.29,2.42,21.5686,24.3137,207.25,14.2196,12.18,1.44973,1,10,0,0,11,74.902,0,0,5.632,0,186.8
2861,1685.200,14.0032,13.5516,14.1673,32,-.78125,-2.34375,2324,27.9617,15.5,73.4,42.61,2.46,21.5686,25.098,207.491,14.2196,12.18,2.81866,1,10,0,0,12,74.902,0,0,5.632,0,186.8
2862,1685.240,13.9606,13.8961,14.4808,32,0,-2.34375,2338.25,27.9617,16,73.4,43.26,2.46,20.3922,25.098,196.477,14.2196,12.325,2.21758,1,10,0,0,12,74.902,0,0,5.888,0,186.8
2863,1685.280,14.1714,14.2406,14.4808,32,0,-2.34375,2338.75,27.9617,15,73.4,42.34,2.44,20.3922,24.3137,196.49,14.2196,12.47,2.21758,1,10,0,0,11,74.902,0,0,5.888,0,186.8
2864,1685.320,14.4673,14.4703,14.2411,32,0,-2.34375,2369.5,27.9617,15.5,73.4,40.66,2.42,20.7843,24.3137,199.557,14.2196,12.47,2.22484,1,10,0,0,11,74.902,0,0,6.144,0,186.8
2865,1685.360,14.2972,14.4703,14.2411,32,0,-1.5625,2339,27.9617,15.5,73.4,39.8,2.42,21.1765,24.3137,205.444,14.2196,12.325,2.22484,1,10,0,0,12,74.902,0,0,6.144,0,186.8
2866,1685.400,14.0883,14.2406,14.0483,32,0,-1.5625,2318,28.5831,16,73.4,41.95,2.44,19.6078,24.7059,188.514,14.2196,12.47,2.58526,1,10,0,0,12,74.902,0,0,6.144,0,186.8
2867,1685.440,13.8349,14.1258,13.848,32,0,-1.5625,2323.5,28.5831,15.5,73.4,41.52,2.42,19.2157,23.5294,182.726,14.2196,12.47,1.29954,1,10,0,0,11,74.902,0,0,6.144,0,186.8
2868,1685.480,13.7498,14.0109,13.848,32,0,-1.5625,2376.75,27.9617,15.5,73.4,38.76,2.4,20,23.5294,191.15,14.2196,12.47,1.29954,1,10,0,0,10,74.902,0,0,6.144,0,186.8
2869,1685.520,13.7498,13.8961,13.6719,32,0,-1.5625,2334.5,27.9617,16,73.4,37.9,2.4,18.8235,23.5294,180.179,14.2196,12.325,1.67926,1,10,0,0,11,74.902,0,0,6.144,0,186.8
2870,1685.560,13.4984,13.5516,14.1941,32,-.78125,-2.34375,2295,27.9617,16,73.4,37.62,2.4,18.4314,23.1373,174.523,14.2196,12.325,.746209,1,10,0,0,11,74.902,0,0,5.888,0,186.8
2871,1685.600,13.2025,13.4367,14.1941,32,-1.5625,-2.34375,2338.5,27.9617,15.5,73.4,36.64,2.38,18.4314,22.3529,174.353,14.2196,12.18,.746209,1,10,0,0,12,74.902,0,0,5.632,0,186.8
2872,1685.640,13.5816,13.5516,14.2276,32,-.78125,-2.34375,2339,27.9617,16,73.4,37.08,2.38,20,22.7451,191.482,14.2196,12.035,1.09665,1,10,0,0,11,74.902,0,0,5.632,0,186.8
2873,1685.680,13.7498,13.7813,14.2276,32,0,-2.34375,2354.25,27.9617,16,73.4,38.9,2.42,21.9608,24.3137,214.201,14.2196,12.035,1.09665,1,10,0,0,11,74.902,0,0,5.632,0,186.8
2874,1685.720,13.7924,13.8961,14.2748,32,.78125,-2.34375,2339.25,27.9617,16,73.4,43.24,2.48,20.7843,25.098,202.404,14.2196,12.035,3.16131,1,10,0,0,12,74.902,0,0,5.888,0,186.8
2875,1685.760,14.1289,14.1258,14.579,32,2.34375,-2.34375,2355.5,27.9617,16,73.4,43.9,2.46,18.4314,24.3137,177.328,14.2196,12.325,1.12079,1,10,0,0,13,74.902,0,0,5.888,0,186.8
2876,1685.800,14.3823,14.4703,14.579,32,0,-2.34375,2355,28.5831,15.5,73.4,40.23,2.4,18.4314,22.7451,174.577,14.2196,12.325,1.12079,1,10,0,0,12,74.902,0,0,5.888,0,186.8
2877,1685.840,14.9721,14.4703,14.3428,32,0,-2.34375,2353.75,28.5831,15.5,73.4,36.82,2.38,18.8235,22.7451,180.37,14.2196,12.18,.941245,1,10,0,0,12,74.902,0,0,5.888,0,186.8
2878,1685.880,14.6782,14.3555,14.2478,32,0,-2.34375,2320.75,28.5831,15.5,73.4,37.73,2.4,19.2157,23.1373,184.288,14.2196,12.035,1.40112,1,10,0,0,11,74.902,0,0,5.888,0,186.8
2879,1685.920,14.3397,14.1258,14.2478,32,0,-2.34375,2284.25,28.5831,15.5,73.4,38.91,2.4,18.4314,23.1373,176.085,14.2196,12.035,1.40112,1,10,0,0,12,74.902,0,0,5.632,0,186.8
2880,1685.960,14.214,14.0109,14.2478,32,.78125,-2.34375,2342.5,27.9617,15,73.4,38.05,2.4,18.8235,22.7451,178.93,14.2196,12.18,1.02009,1,10,0,0,12,74.902,0,0,5.888,0,186.8
2881,1686.000,14.3823,14.0109,14.2478,32,1.5625,-2.34375,2331.5,27.9617,15.5,73.4,37.4,2.4,20,23.1373,190.411,14.2196,12.18,1.02009,1,10,0,0,11,74.902,0,0,5.888,0,186.8
2882,1686.040,14.4673,14.0109,14.2478,32,2.34375,-2.34375,2316.5,27.9617,16,73.4,39.55,2.42,20.3922,23.5294,196.288,14.2196,12.035,1.82208,1,10,0,0,11,74.902,0,0,5.888,0,186.8
2883,1686.080,14.3823,14.0109,14.2478,32,2.34375,-2.34375,2312,27.9617,15.5,73.4,41.72,2.44,20.3922,24.3137,196.204,14.2196,12.18,2.38689,1,10,0,0,12,74.902,0,0,5.888,0,186.8
2884,1686.120,14.2565,14.0109,14.2478,32,3.125,-2.34375,2361,27.9617,15.5,73.4,41.95,2.44,19.2157,24.3137,185.265,14.2196,12.18,2.38689,1,10,0,0,12,74.902,0,0,5.888,0,186.8
2885,1686.160,13.9606,14.1258,14.5087,32,0,-2.34375,2344.5,27.9617,15.5,73.4,41.75,2.42,19.2157,23.5294,185.443,14.2196,12.325,1.47054,1,10,0,0,11,74.902,0,0,5.888,0,186.8
2886,1686.200,13.9181,14.1258,14.2952,32,0,-2.34375,2347.25,28.5831,16,73.4,40.01,2.42,19.2157,23.5294,185.635,14.2196,12.325,1.49176,1,10,0,0,11,74.902,0,0,5.888,0,186.8
2887,1686.240,13.9606,14.1258,14.2952,32,0,-2.34375,2356,28.5831,15.5,73.4,39.79,2.42,20.7843,23.5294,199.716,14.2196,12.18,1.49176,1,10,0,0,11,74.902,0,0,5.888,0,186.8
2888,1686.280,14.0883,14.1258,14.0944,32,0,-2.34375,2368.25,28.5831,15.5,73.4,40.87,2.44,21.5686,24.7059,208.327,14.2196,12.18,3.00421,1,10,0,0,12,74.902,0,0,5.888,0,186.8
2889,1686.320,14.0032,14.0109,14.0944,32,0,-2.34375,2387.5,28.5831,16,73.4,43.76,2.48,20.3922,25.098,197.383,14.2196,12.325,3.00421,1,10,0,0,11,74.902,0,0,6.144,0,186.8
2890,1686.360,13.9181,14.0109,13.8863,32,0,-2.34375,2351.25,28.5831,16,73.4,43.35,2.46,18.8235,24.3137,180.616,14.2196,12.325,2.09739,1,10,0,0,11,74.902,0,0,6.144,0,186.8
2891,1686.400,14.0032,14.0109,13.6719,32,0,-2.34375,2342.75,28.5831,16,73.4,40.69,2.42,18.8235,23.1373,180.599,14.2196,12.47,.964624,1,10,0,0,11,74.902,0,0,6.144,0,186.8
2892,1686.440,13.7498,13.8961,13.6719,32,0,-2.34375,2339,28.5831,15,73.4,37.25,2.4,19.2157,23.1373,183.327,14.2196,12.325,.964624,1,10,0,0,12,74.902,0,0,6.144,0,186.8
2893,1686.480,13.7924,13.5516,13.7093,32,0,-2.34375,2367.25,28.5831,16,73.4,38.76,2.4,20,23.1373,191.77,14.2196,12.325,1.71574,1,10,0,0,11,74.902,0,0,6.144,0,186.8
2894,1686.520,13.3708,13.3219,14.2748,32,0,-2.34375,2356.25,28.5831,16,73.4,39.83,2.42,18.8235,23.5294,180.471,14.2196,12.18,1.14608,1,10,0,0,11,74.902,0,0,5.888,0,186.8
2895,1686.560,13.2451,13.3219,14.2748,32,-.78125,-2.34375,2351.25,28.5831,15.5,73.4,40.65,2.42,18.8235,23.5294,180.478,14.2196,12.18,1.14608,1,10,0,0,10,74.902,0,0,5.888,0,186.8
2896,1686.600,13.2451,13.4367,14.6571,32,0,-2.34375,2380,28.5831,15.5,73.4,40.23,2.42,18.8235,23.1373,180.522,14.2196,12.18,1.14801,1,10,0,0,10,74.902,0,0,5.632,0,186.8
2897,1686.640,13.3708,13.7813,14.6571,32,0,-2.34375,2354.5,28.5831,15.5,73.4,39.79,2.42,18.8235,23.1373,180.618,14.2196,12.18,1.14801,1,10,0,0,11,74.902,0,0,5.888,0,186.8
2898,1686.680,14.0032,14.0109,14.2748,32,.78125,-2.34375,2377.25,28.5831,16,73.4,39.57,2.42,18.8235,23.1373,180.636,14.2196,12.18,1.15606,1,10,0,0,12,74.902,0,0,5.888,0,186.8
2899,1686.720,14.214,14.1258,14.2748,32,1.5625,-2.34375,2358,28.5831,16,73.4,40.22,2.4,18.8235,23.1373,180.663,14.2196,12.18,1.35071,1,10,0,0,11,74.902,0,0,5.888,0,186.8
2900,1686.760,14.3397,14.1258,14.2748,32,3.125,-2.34375,2372.25,28.5831,15.5,73.4,39.57,2.42,18.8235,23.1373,180.751,14.2196,12.18,1.35071,1,10,0,0,11,74.902,0,0,5.888,0,186.8
2901,1686.800,14.5505,14.1258,14.2748,32,3.125,-2.34375,2390,28.5831,16,73.4,40,2.42,19.2157,23.5294,183.743,14.2196,12.035,1.55261,1,10,0,0,12,74.902,0,0,5.888,0,186.8
2902,1686.840,14.5505,14.0109,14.2748,32,3.125,-2.34375,2356.25,28.5831,16,73.4,40.44,2.42,19.2157,23.5294,183.835,14.2196,12.18,1.37201,1,10,0,0,12,74.902,0,0,5.888,0,186.8
2903,1686.880,14.4248,13.8961,14.2748,32,3.125,-2.34375,2379,28.5831,16,73.4,40.66,2.42,18.8235,23.5294,180.891,14.2196,12.18,1.37201,1,10,0,0,12,74.902,0,0,5.888,0,186.8
2904,1686.920,14.2972,13.7813,14.5649,32,0,-2.34375,2386,28.5831,15.5,73.4,40.66,2.42,18.8235,23.1373,180.927,14.2196,12.18,1.17549,1,10,0,0,12,74.902,0,0,5.632,0,186.8
2905,1686.960,14.214,13.7813,14.5649,32,0,-1.5625,2406.5,28.5831,16,73.4,40.48,2.42,19.2157,23.1373,184.002,14.2196,12.18,1.17549,1,10,0,0,11,74.902,0,0,5.888,0,186.8
2906,1687.000,14.214,13.8961,14.3497,32,0,-1.5625,2388.75,28.5831,16,73.4,39.18,2.42,20.3922,23.5294,198.708,14.2196,12.035,1.58155,1,10,0,0,12,74.902,0,0,5.888,0,186.8
2907,1687.040,14.2565,13.8961,14.6571,32,.78125,-1.5625,2378.5,28.5831,15.5,73.4,41.98,2.44,19.2157,24.3137,184.125,14.2196,12.035,1.58787,1,10,0,0,12,74.902,0,0,5.632,0,186.8
2908,1687.080,14.3823,14.0109,14.6571,32,0,-1.5625,2398.75,28.5831,16,73.4,42.72,2.44,18.8235,23.5294,181.22,14.2196,12.18,1.58787,1,10,0,0,12,74.902,0,0,5.888,0,186.8
2909,1687.120,13.8775,14.1258,14.4322,32,0,-1.5625,2405,28.5831,15.5,73.4,40.69,2.42,18.4314,23.1373,178.39,14.2196,12.18,1.00228,1,10,0,0,11,74.902,0,0,5.888,0,186.8
2910,1687.160,13.9181,14.2406,14.2209,31,0,-2.34375,2414.25,28.5831,16,73.4,38.96,2.42,19.2157,23.1373,184.452,14.2196,12.18,1.41411,1,10,0,0,11,74.902,0,0,5.888,0,186.8
2911,1687.200,14.0032,14.1258,14.2209,31,0,-2.34375,2384.75,28.5831,16.5,73.4,40.9,2.42,20,23.5294,196.399,14.2196,12.035,1.41411,1,10,0,0,11,74.902,0,0,5.888,0,186.8
2912,1687.240,13.8775,13.8961,14.2748,31,0,-2.34375,2379.25,29.2044,15.5,73.4,42.08,2.46,18.8235,23.9216,181.479,14.2196,12.035,1.81285,1,10,0,0,12,74.902,0,0,5.632,0,186.8
2913,1687.280,13.7924,13.8961,14.2748,31,0,-2.34375,2429.5,29.2044,16,73.4,40.69,2.42,19.6078,23.5294,190.325,14.2196,12.18,1.81285,1,10,0,0,12,74.902,0,0,5.888,0,186.8
2914,1687.320,13.8349,14.0109,14.4808,31,0,-2.34375,2419.75,29.2044,16,73.4,40.48,2.42,18.4314,23.5294,175.679,14.2196,12.18,1.80798,1,10,0,0,11,74.902,0,0,5.888,0,186.8
2915,1687.360,13.8775,14.1258,14.2613,31,0,-1.5625,2409.25,29.2044,16,73.4,40.69,2.42,17.6471,22.7451,169.655,14.2196,12.035,.417579,1,10,0,0,11,74.902,0,0,5.888,0,186.8
2916,1687.400,13.9606,14.0109,14.2613,31,0,-1.5625,2384.5,29.2044,16,73.4,37.13,2.4,17.6471,21.9608,169.661,14.2196,12.035,.417579,1,10,0,0,11,74.902,0,0,5.632,0,186.8
2917,1687.440,13.8775,13.8961,14.336,31,.78125,-1.5625,2386.75,29.2044,16,73.4,37.47,2.4,18.0392,22.3529,172.547,14.2196,11.89,.618596,1,10,0,0,12,74.902,0,0,5.632,0,186.8
2918,1687.480,13.7924,13.7813,14.4046,31,0,-1.5625,2414.75,28.5831,16,73.4,37.26,2.38,17.6471,22.3529,169.31,14.2196,11.745,.3868,1,10,0,0,12,74.902,0,0,5.376,0,186.8
2919,1687.520,13.4984,13.7813,14.4046,31,.78125,-1.5625,2391,28.5831,16,73.4,37.34,2.4,18.4314,22.3529,175.595,14.2196,11.745,.3868,1,10,0,0,12,74.902,0,0,5.376,0,186.8
2920,1687.560,13.7073,13.8961,14.4046,31,1.5625,-2.34375,2415.75,29.2044,16,73.4,38.3,2.4,19.6078,23.1373,190.343,14.2196,11.6,1.21407,1,10,0,0,12,74.902,0,0,5.376,0,186.8
2921,1687.600,13.8349,14.0109,14.4046,31,2.34375,-2.34375,2421,29.2044,16.5,73.4,42.91,2.46,19.2157,23.9216,184.476,14.2196,11.745,1.21407,1,10,0,0,12,74.902,0,0,5.632,0,186.8
2922,1687.640,14.0457,14.1258,14.2748,31,3.90625,-2.34375,2409.25,29.2044,16,73.4,42.87,2.44,17.6471,23.1373,166.616,14.2196,11.89,.817793,1,10,0,0,13,74.902,0,0,5.888,0,186.8
2923,1687.680,14.3397,14.3555,14.2748,31,5.46875,-2.34375,2435.5,29.2044,16,73.4,39.42,2.4,16.4706,21.9608,154.663,14.2196,11.89,-.354533,1,10,0,0,13,74.902,0,0,5.888,0,186.8
2924,1687.720,14.214,14.3555,14.2748,31,6.25,-2.34375,2413,29.2044,16,73.4,36.39,2.34,16.0784,20.7843,149.488,14.2196,11.745,-.354533,1,10,0,0,12,74.902,0,0,5.888,0,186.8
2925,1687.760,13.6667,13.8961,14.2748,31,4.6875,-2.34375,2400,29.2044,16,73.4,34.64,2.32,16.0784,20.3922,149.427,14.2196,11.455,-1.10749,1,10,0,0,12,74.902,0,0,5.632,0,186.8
2926,1687.800,12.9917,13.4367,14.5227,31,3.125,-2.34375,2412.5,29.2044,16.5,73.4,34.36,2.32,16.0784,20.3922,152.177,14.2196,11.165,-1.07969,1,10,0,0,12,74.902,0,0,5.376,0,186.8
2927,1687.840,12.8234,13.0922,14.5227,31,.78125,-2.34375,2411.5,29.2044,16.5,73.4,35.35,2.34,18.0392,21.1765,172.56,14.2196,11.02,-1.07969,1,10,0,0,13,74.902,0,0,5.12,0,186.8
2928,1687.880,12.9085,13.0922,14.5297,31,0,-2.34375,2421.25,29.2044,17,73.4,36.7,2.38,16.8627,21.9608,160.578,14.2196,11.02,.148538,1,10,0,0,14,74.902,0,0,5.12,0,186.8
2929,1687.920,13.2451,13.3219,14.5297,31,.78125,-2.34375,2412.5,29.2044,16.5,73.4,37.07,2.38,16.0784,21.5686,152.037,14.2196,11.165,.148538,1,10,0,0,13,74.902,0,0,5.12,0,186.8
2930,1687.960,13.6241,13.6664,14.3908,31,2.34375,-2.34375,2400.25,29.2044,17,73.4,36.09,2.34,16.0784,20.7843,149.256,14.2196,11.165,-1.11855,1,10,0,0,14,74.902,0,0,5.376,0,186.8
2931,1688.000,13.7498,13.8961,14.3565,31,3.125,-2.34375,2420.75,29.2044,17,73.4,35.09,2.34,16.0784,20.3922,149.511,14.2196,11.02,-1.3075,1,10,0,0,14,74.902,0,0,5.376,0,186.8
2932,1688.040,13.6667,13.8961,14.3565,31,3.125,-2.34375,2435.25,29.2044,17.5,73.4,34.73,2.32,16.4706,20.3922,154.328,14.2196,11.02,-1.3075,1,10,0,0,15,74.902,0,0,5.376,0,186.8
2933,1688.080,13.3708,13.7813,14.4115,31,3.125,-2.34375,2447.75,29.2044,17.5,73.4,35.08,2.32,15.6863,20.7843,146.097,14.2196,10.875,-1.14233,1,10,0,0,15,74.902,0,0,5.12,0,186.8
2934,1688.120,13.539,13.5516,14.4115,31,2.34375,-2.34375,2403.5,29.2044,17.5,73.4,35.08,2.34,15.6863,20.7843,144.176,14.2196,10.73,-1.76409,1,10,0,0,15,74.902,0,0,5.12,0,186.8
2935,1688.160,13.4559,13.5516,14.4115,31,2.34375,-2.34375,2383,29.2044,17.5,73.4,35.26,2.32,15.6863,20.3922,146.873,14.2196,10.73,-1.76409,1,10,0,0,15,74.902,0,0,5.12,0,186.8
2936,1688.200,13.539,13.6664,14.3771,31,2.34375,-2.34375,2437,29.2044,17.5,73.4,34.46,2.3,15.6863,20.3922,146.686,14.2196,10.73,-1.54553,1,10,0,0,15,74.902,0,0,5.12,0,186.8
2937,1688.240,13.4133,13.6664,14.3771,31,3.125,-2.34375,2431.75,29.2044,18,73.4,34.54,2.32,16.0784,20.3922,151.658,14.2196,10.73,-1.54553,1,10,0,0,15,74.902,0,0,5.12,0,186.8
2938,1688.280,13.6667,13.6664,14.4046,31,3.125,-2.34375,2410,29.2044,18,73.4,34.54,2.32,15.6863,20.3922,146.693,14.2196,10.585,-1.12303,1,10,0,0,16,74.902,0,0,5.12,0,186.8
2939,1688.320,13.4984,13.6664,14.3634,31,2.34375,-2.34375,2402.25,29.2044,18,73.4,34.45,2.3,15.6863,20.3922,146.92,14.2196,10.585,-1.53414,1,10,0,0,16,74.902,0,0,5.12,0,186.8
2940,1688.360,13.7073,13.6664,14.3634,31,3.125,-2.34375,2441.25,29.2044,18,73.4,34.81,2.32,15.6863,20.3922,146.219,14.2196,10.585,-1.53414,1,10,0,0,15,74.902,0,0,5.12,0,186.8
2941,1688.400,13.7073,13.7813,14.3497,31,3.125,-2.34375,2457.5,29.2044,18,73.4,34.72,2.32,16.0784,20.3922,151.228,14.2196,10.585,-1.40004,1,10,0,0,15,74.902,0,0,5.12,0,186.8
2942,1688.440,13.4559,13.6664,14.3565,31,3.125,-2.34375,2417.75,29.2044,18,73.4,34.9,2.34,16.0784,20.7843,149.209,14.2196,10.585,-1.33236,1,10,0,0,16,74.902,0,0,5.12,0,186.8
2943,1688.480,13.4984,13.6664,14.3565,31,3.125,-2.34375,2405.75,29.2044,18,73.4,35.24,2.32,13.3333,20.3922,120.032,14.2196,10.585,-1.33236,1,10,0,0,16,74.902,0,0,5.12,0,186.8
2944,1688.520,13.3282,13.6664,14.2748,31,3.125,-2.34375,2450.75,29.2044,18,73.4,32.21,2.24,13.3333,18.4314,122.444,14.2196,10.585,-4.08437,1,10,0,0,16,74.902,0,0,5.12,0,186.8
2945,1688.560,13.539,13.6664,14.2748,31,3.125,-2.34375,2439.5,29.2044,18.5,73.4,29.83,2.2,14.902,18.4314,138.198,14.2196,10.15,-4.08437,1,10,0,0,16,74.902,0,0,4.864,0,186.8
2946,1688.600,13.3708,13.4367,14.9779,31,2.34375,-2.34375,2420.25,29.2044,19,73.4,30.16,2.24,14.902,19.2157,135.868,14.2196,9.86,-2.27508,1,10,0,0,16,74.902,0,0,4.608,0,186.8
2947,1688.640,13.2025,13.207,14.5087,31,.78125,-2.34375,2415,29.2044,19.5,73.4,31.38,2.26,14.1176,19.2157,128.248,14.2196,9.86,-2.91479,1,10,0,0,16,74.902,0,0,4.608,0,186.8
2948,1688.680,13.1174,13.3219,14.5087,31,1.5625,-2.34375,2428,29.2044,19.5,73.4,31.89,2.26,11.3725,18.8235,101.054,14.2196,9.86,-2.91479,1,10,0,0,17,74.902,0,0,4.608,0,186.8
2949,1688.720,13.539,13.5516,14.4322,31,2.34375,-2.34375,2440.25,29.2044,19.5,73.4,29.09,2.16,9.41177,16.4706,79.5986,14.2196,9.715,-5.93784,1,10,0,0,17,74.902,0,0,4.608,0,186.8
2950,1688.760,13.7073,13.7813,15.623,31,3.125,-2.34375,2392.75,29.2044,20.5,73.4,23.59,2.04,10.5882,15.2941,93.8725,14.2196,9.28,-5.791,1,10,0,0,17,74.902,0,0,4.096,0,186.8
2951,1688.800,13.6667,13.5516,15.623,31,2.34375,-2.34375,2386.75,29.2044,21.5,73.4,22.82,2.06,11.7647,16.0784,104.563,14.2196,8.845,-5.791,1,10,0,0,17,74.902,0,0,4.096,0,186.8
2952,1688.840,13.7924,13.4367,15.3914,31,.78125,-2.34375,2406.25,29.2044,22,73.4,24.15,2.1,10.9804,16.4706,96.6177,14.2196,8.555,-5.16166,1,10,0,0,18,74.902,0,0,4.096,0,186.8
2953,1688.880,13.6241,13.3219,15.3914,31,0,-2.34375,2407,29.2044,22.5,73.4,24.08,2.08,10.1961,16.0784,87.8769,14.2196,8.41,-5.16166,1,10,0,0,19,74.902,0,0,3.84,0,186.8
2954,1688.920,13.5816,13.4367,14.7216,31,.78125,-2.34375,2419.25,29.2044,23,73.4,23.16,2.06,10.1961,16.0784,88.0198,14.2196,8.265,-6.01489,1,10,0,0,20,74.902,0,0,3.84,0,186.8
2955,1688.960,13.7924,13.5516,14.7,31,1.5625,-2.34375,2398.25,29.2044,23,73.4,23.73,2.08,13.7255,16.0784,125.607,14.2196,8.12,-4.28341,1,10,0,0,20,74.902,0,0,3.84,0,186.8
2956,1689.000,14.1289,13.6664,14.7,31,1.5625,-2.34375,2408.75,29.2044,23,73.4,25.4,2.18,15.2941,18.8235,141.371,14.2196,8.12,-4.28341,1,10,0,0,20,74.902,0,0,3.84,0,186.8
2957,1689.040,14.0457,13.7813,14.579,31,1.5625,-2.34375,2441.5,29.2044,22.5,73.4,31.02,2.26,12.549,19.2157,114.512,14.2196,8.41,-2.4437,1,10,0,0,20,74.902,0,0,4.096,0,186.8
2958,1689.080,14.1289,13.4367,13.912,31,.78125,-2.34375,2450.25,29.2044,22,73.4,30.85,2.2,9.41177,16.8627,81.8832,14.2196,8.7,-6.27018,1,10,0,0,21,74.902,0,0,4.352,0,186.8
2959,1689.120,13.4984,12.9773,13.912,31,-1.5625,-2.34375,2442,29.2044,22,73.4,25.42,2.1,10.1961,16.0784,87.544,14.2196,8.7,-6.27018,1,10,0,0,20,74.902,0,0,4.096,0,186.8
2960,1689.160,13.4559,12.6328,14.2748,31,-3.90625,-2.34375,2384.5,29.2044,22.5,73.4,23.5,2.08,10.1961,16.0784,91.3776,14.2196,8.555,-6.01484,1,10,0,0,20,74.902,0,0,3.84,0,186.8
2961,1689.200,13.2025,12.8625,14.2748,31,-3.90625,-2.34375,2397.25,29.2044,23,73.4,23.24,2.06,10.1961,16.0784,91.1442,14.2196,8.265,-6.01484,1,10,0,0,20,74.902,0,0,3.84,0,186.8
2962,1689.240,13.1174,13.207,14.4253,31,-3.125,-2.34375,2436.25,29.2044,23,73.4,23.19,2.08,10.1961,16.0784,88.0049,14.2196,8.12,-6.00633,1,10,0,0,20,74.902,0,0,3.84,0,186.8
2963,1689.280,13.2451,13.5516,14.4738,31,-1.5625,-2.34375,2416,29.2044,23.5,73.4,22.95,2.08,9.80392,15.6863,85.4197,14.2196,7.975,-6.14506,1,10,0,0,21,74.902,0,0,3.584,0,186.8
2964,1689.320,13.3282,13.7813,14.4738,31,-1.5625,-2.34375,2384,29.2044,23.5,73.4,22.53,2.06,10.1961,15.6863,88.7426,14.2196,7.83,-6.14506,1,10,0,0,21,74.902,0,0,3.584,0,186.8
2965,1689.360,13.7924,13.8961,14.5017,31,-.78125,-1.5625,2356.25,29.2044,23.5,73.4,22.52,2.04,9.01961,15.6863,78.8355,14.2196,7.685,-6.07979,1,10,0,0,20,74.902,0,0,3.584,0,186.8
2966,1689.400,14.0457,13.8961,14.453,31,-.78125,-1.5625,2388,28.5831,24,73.4,21.84,2.02,9.01961,14.902,77.9758,14.2196,7.685,-6.42589,1,10,0,0,20,74.902,0,0,3.584,0,186.8
2967,1689.440,14.214,13.8961,14.453,31,0,-1.5625,2408.25,28.5831,24.5,73.4,20.89,2,8.62745,14.902,75.1955,14.2196,7.54,-6.42589,1,10,0,0,20,74.902,0,0,3.584,0,186.8
2968,1689.480,14.3823,13.8961,14.4878,31,0,-1.5625,2362.25,28.5831,25,73.4,20.06,1.98,8.23529,14.1176,70.1243,14.2196,7.395,-6.74067,1,10,0,0,21,74.902,0,0,3.584,0,186.8
2969,1689.520,14.3397,13.8961,14.4878,31,0,-1.5625,2348.75,28.5831,25.5,73.4,19.75,1.98,9.01961,14.1176,79.008,14.2196,7.25,-6.74067,1,10,0,0,21,74.902,0,0,3.328,0,186.8
2970,1689.560,14.1714,13.7813,14.5157,31,0,-1.5625,2353.75,28.5831,25.5,73.4,20.12,1.98,9.01961,14.5098,78.8866,14.2196,7.25,-6.48902,1,10,0,0,20,74.902,0,0,3.328,0,186.8
2971,1689.600,14.2972,13.7813,14.4948,31,0,-1.5625,2400.75,28.5831,26,73.4,20.2,1.98,9.01961,14.902,77.7702,14.2196,7.105,-6.41199,1,10,0,0,20,74.902,0,0,3.328,0,186.8
2972,1689.640,14.2565,13.7813,14.4948,31,0,-1.5625,2400.25,28.5831,26,73.4,20.71,2.02,12.1569,16.0784,109.725,14.2196,7.105,-6.41199,1,8,0,0,20,74.902,0,0,3.328,0,186.8
2973,1689.680,14.1714,13.7813,14.4184,31,0,-1.5625,2373.75,28.5831,25.5,73.4,23.86,2.1,10.5882,16.8627,93.804,14.2196,7.105,-4.71812,1,8,0,0,20,74.902,0,0,3.328,0,186.8
2974,1689.720,14.214,13.8961,14.2748,31,.78125,-1.5625,2379.25,28.5831,25,73.4,24.58,2.1,8.62745,16.0784,73.19,14.2196,7.25,-6.6168,1,8,0,0,21,74.902,0,0,3.584,0,186.8
2975,1689.760,14.3397,14.1258,14.2748,31,2.34375,-2.34375,2369.75,28.5831,24.5,73.4,22.04,2.02,7.84314,14.5098,65.7962,14.2196,7.395,-6.6168,1,8,0,0,20,74.902,0,0,3.584,0,186.8
2976,1689.800,14.4248,14.3555,14.2748,31,3.125,-2.34375,2391.75,28.5831,25,73.4,19.86,1.98,9.01961,14.1176,77.9768,14.2196,7.395,-6.62607,1,8,0,0,20,74.902,0,0,3.584,0,186.8
2977,1689.840,14.7613,14.3555,14.2748,31,3.90625,-2.34375,2351.25,28.5831,25.5,73.4,19.15,1.96,10.1961,14.5098,92.0365,14.2196,7.25,-6.62607,1,8,0,0,21,74.902,0,0,3.584,0,186.8
2978,1689.880,14.8464,14.0109,14.3292,31,3.125,-2.34375,2331.75,28.5831,25.5,73.4,21.55,2.04,11.7647,16.0784,105.285,14.2196,7.105,-5.6523,1,8,0,0,21,74.902,0,0,3.584,0,186.8
2979,1689.920,14.2972,13.7813,14.2748,31,2.34375,-2.34375,2367.25,28.5831,25,73.4,23.84,2.1,11.7647,16.4706,105.241,14.2196,7.25,-5.31821,1,8,0,0,21,74.902,0,0,3.584,0,186.8
2980,1689.960,14.0032,13.6664,14.2748,31,2.34375,-2.34375,2366,28.5831,24.5,73.4,24.41,2.12,12.549,17.2549,112.574,14.2196,7.395,-5.31821,1,8,0,0,20,74.902,0,0,3.584,0,186.8
2981,1690.000,14.0032,13.6664,14.2411,31,3.125,-2.34375,2362.25,28.5831,24,73.4,26.95,2.16,12.1569,17.6471,110.197,14.2196,7.54,-4.23666,1,8,0,0,20,74.902,0,0,3.84,0,186.8
2982,1690.040,14.214,13.8961,13.8672,31,3.90625,-2.34375,2324.5,28.5831,23,73.4,27.97,2.16,9.01961,16.8627,79.5801,14.2196,7.83,-6.36038,1,8,0,0,20,74.902,0,0,4.096,0,186.8
2983,1690.080,14.3823,14.1258,13.8672,31,4.6875,-2.34375,2337.5,28.5831,23,73.4,23.64,2.04,7.84314,14.902,68.8377,14.2196,7.975,-6.36038,1,8,0,0,21,74.902,0,0,4.096,0,186.8
2984,1690.120,14.6782,14.2406,14.1407,31,6.25,-2.34375,2334,27.9617,23,73.4,20.3,1.96,8.23529,14.1176,71.5409,14.2196,7.83,-6.7939,1,8,0,0,20,74.902,0,0,4.096,0,186.8
2985,1690.160,14.3397,14.0109,14.1407,31,5.46875,-1.5625,2332.75,27.9617,24,73.4,18.99,1.96,10.1961,14.1176,89.7991,14.2196,7.54,-6.7939,1,8,0,0,20,74.902,0,0,3.84,0,186.8
2986,1690.200,13.5816,13.5516,14.6428,31,3.90625,-1.5625,2304,27.9617,24.5,73.4,19.78,2,10.9804,16.0784,100.798,14.2196,7.25,-5.72944,1,8,0,0,20,74.902,0,0,3.584,0,186.8
2987,1690.240,12.9917,13.0922,14.2748,31,1.5625,-1.5625,2303.5,27.9617,24.5,73.4,22.52,2.06,10.1961,16.0784,90.2945,14.2196,7.25,-5.91771,1,8,0,0,21,74.902,0,0,3.584,0,186.8
2988,1690.280,12.6552,12.7477,14.2748,31,0,-1.5625,2332.5,27.9617,24.5,73.4,23.07,2.08,10.1961,16.0784,92.7151,14.2196,7.395,-5.91771,1,8,0,0,21,74.902,0,0,3.584,0,186.8
2989,1690.320,12.3593,12.4031,14.2478,31,-2.34375,-1.5625,2307.75,27.9617,24,73.4,22.75,2.06,9.41177,15.6863,84.74,14.2196,7.395,-5.84668,1,8,0,0,20,74.902,0,0,3.584,0,186.8
2990,1690.360,12.2761,12.4031,14.2478,30,-3.90625,-2.34375,2287.25,27.9617,24,73.4,21.47,2,9.41177,14.902,85.6336,14.2196,7.395,-6.11747,1,8,0,0,20,74.902,0,0,3.584,0,186.8
2991,1690.400,12.5275,12.7477,14.2478,30,-3.125,-2.34375,2272.5,27.9617,24,73.4,21.1,2.02,10.1961,15.2941,93.3646,14.2196,7.395,-6.11747,1,8,0,0,20,74.902,0,0,3.584,0,186.8
2992,1690.440,13.0343,13.0922,14.2748,30,-2.34375,-2.34375,2297.25,27.9617,24.5,73.4,21.78,2.02,10.1961,15.6863,90.9001,14.2196,7.395,-5.81274,1,8,0,0,21,74.902,0,0,3.584,0,186.8
2993,1690.480,13.6241,13.5516,14.2748,30,-1.5625,-2.34375,2295.5,27.9617,24.5,73.4,22.13,2.06,11.3725,15.6863,103.442,14.2196,7.395,-5.81274,1,8,0,0,20,74.902,0,0,3.584,0,186.8
2994,1690.520,13.6241,13.6664,14.2748,30,-.78125,-2.34375,2297.75,27.3403,24,73.4,22.81,2.08,12.549,16.8627,113.711,14.2196,7.395,-4.58591,1,8,0,0,20,74.902,0,0,3.584,0,186.8
2995,1690.560,13.7924,13.8961,14.2411,30,0,-2.34375,2271.5,27.3403,23.5,73.4,24.7,2.14,12.1569,17.2549,111.522,14.2196,7.54,-4.57531,1,8,0,0,21,74.902,0,0,3.84,0,186.8
2996,1690.600,13.8775,14.0109,14.2411,30,.78125,-2.34375,2297.75,27.3403,23,73.4,25.99,2.12,12.1569,17.2549,111.135,14.2196,7.685,-4.57531,1,8,0,0,20,74.902,0,0,3.84,0,186.8
2997,1690.640,14.0883,14.1258,14.0091,30,1.5625,-2.34375,2308.75,27.3403,22.5,73.4,26.41,2.16,10.1961,17.2549,92.8753,14.2196,7.975,-5.02716,1,8,0,0,20,74.902,0,0,3.84,0,186.8
2998,1690.680,14.214,14.2406,14.1208,30,2.34375,-2.34375,2318.75,27.9617,22.5,73.4,25.01,2.08,8.62745,15.6863,77.1176,14.2196,8.12,-6.45782,1,8,0,0,20,74.902,0,0,4.096,0,186.8
2999,1690.720,14.214,14.3555,14.1208,30,3.125,-2.34375,2271.75,27.9617,22.5,73.4,22,2.02,9.01961,14.902,80.8262,14.2196,7.975,-6.45782,1,8,0,0,20,74.902,0,0,4.096,0,186.8
3000,1690.760,13.9606,14.1258,14.1673,30,3.125,-1.5625,2258,27.3403,23,73.4,20.59,1.98,8.62745,14.902,76.0628,14.2196,7.83,-6.39234,1,8,0,0,21,74.902,0,0,3.84,0,186.8
3001,1690.800,13.5816,13.8961,14.1673,30,2.34375,-1.5625,2257.5,27.3403,23.5,73.4,19.31,1.96,9.01961,14.5098,81.1667,14.2196,7.685,-6.39234,1,8,0,0,20,74.902,0,0,3.84,0,186.8
3002,1690.840,13.16,13.4367,14.2343,30,.78125,-1.5625,2274.75,27.3403,24,73.4,18.78,1.96,9.41177,14.5098,83.3162,14.2196,7.54,-6.3103,1,8,0,0,20,74.902,0,0,3.584,0,186.8
3003,1690.880,12.9085,13.0922,14.2748,30,-.78125,-1.5625,2243.75,27.3403,24.5,73.4,19.67,1.98,9.41177,14.902,84.0326,14.2196,7.395,-6.19899,1,8,0,0,21,74.902,0,0,3.584,0,186.8
3004,1690.920,12.6977,12.9773,14.2748,30,-1.5625,-1.5625,2229.75,26.719,25,73.4,19.9,1.98,9.80392,14.902,89.4027,14.2196,7.25,-6.19899,1,8,0,0,21,74.902,0,0,3.584,0,186.8
3005,1690.960,12.9492,12.9773,14.3292,30,-2.34375,-1.5625,2227,26.719,25,73.4,21.3,2.04,11.7647,16.0784,109.646,14.2196,7.25,-5.34759,1,8,0,0,20,74.902,0,0,3.584,0,186.8
3006,1691.000,13.2876,13.0922,14.2748,30,-2.34375,-1.5625,2258.25,26.719,24.5,73.4,23.36,2.08,11.7647,16.8627,109.161,14.2196,7.395,-4.75681,1,8,0,0,20,74.902,0,0,3.584,0,186.8
3007,1691.040,13.5816,13.3219,14.2748,30,-1.5625,-1.5625,2247.5,26.719,24,73.4,24.58,2.12,10.5882,16.8627,96.6327,14.2196,7.54,-4.75681,1,8,0,0,21,74.902,0,0,3.584,0,186.8
3008,1691.080,13.9606,13.6664,14.2209,30,-.78125,-1.5625,2239.5,26.719,23,73.4,24.24,2.08,10.1961,16.0784,91.7231,14.2196,7.685,-5.86645,1,8,0,0,21,74.902,0,0,3.84,0,186.8
3009,1691.120,14.3823,14.0109,14.2209,30,.78125,-1.5625,2220.75,26.719,23,73.4,23.3,2.06,10.5882,15.6863,97.1478,14.2196,7.83,-5.86645,1,8,0,0,20,74.902,0,0,3.84,0,186.8
3010,1691.160,14.6356,14.3555,14.1807,30,2.34375,-2.34375,2251.75,27.3403,23,73.4,21.84,2.04,11.3725,15.6863,104.178,14.2196,7.83,-5.55449,1,8,0,0,20,74.902,0,0,3.84,0,186.8
3011,1691.200,14.8039,14.3555,14.1941,30,3.125,-2.34375,2264,27.3403,23,73.4,22.35,2.06,11.7647,16.4706,109.07,14.2196,7.83,-4.55366,1,8,0,0,20,74.902,0,0,3.84,0,188.6
3012,1691.240,14.4673,14.1258,14.1941,30,2.34375,-2.34375,2252.25,27.3403,23,73.4,23.77,2.08,11.3725,16.8627,104.166,14.2196,7.83,-4.55366,1,8,0,0,21,74.902,0,0,3.84,0,188.6
3013,1691.280,14.2972,13.8961,14.1941,30,2.34375,-2.34375,2215.75,27.3403,22.5,73.4,23.89,2.08,9.01961,16.4706,82.1547,14.2196,7.83,-5.66282,1,8,0,0,20,74.902,0,0,3.84,0,188.6
3014,1691.320,14.0457,13.6664,14.3771,30,1.5625,-2.34375,2228,26.719,22.5,73.4,22.28,2.02,9.01961,14.902,81.8636,14.2196,7.975,-6.26675,1,8,0,0,20,74.902,0,0,3.84,0,188.6
3015,1691.360,13.8775,13.5516,14.3771,30,.78125,-2.34375,2224,26.719,23,73.4,20.31,1.98,9.41177,14.902,84.4793,14.2196,7.975,-6.26675,1,8,0,0,21,74.902,0,0,3.84,0,188.6
3016,1691.400,13.9181,13.5516,14.3908,30,.78125,-2.34375,2213,26.719,23.5,73.4,19.83,1.96,10.5882,14.902,97.2956,14.2196,7.83,-5.85178,1,8,0,0,21,74.902,0,0,3.584,0,188.6
3017,1691.440,13.8349,13.3219,14.3908,30,0,-2.34375,2184.75,26.719,23.5,73.4,20.87,2.04,12.549,16.0784,115.272,14.2196,7.83,-5.85178,1,8,0,0,20,74.902,0,0,3.584,0,188.6
3018,1691.480,13.6667,13.207,14.4115,30,-.78125,-2.34375,2201.25,26.719,23.5,73.4,23.19,2.08,12.9412,17.2549,120.05,14.2196,7.83,-4.23278,1,8,0,0,20,74.902,0,0,3.584,0,188.6
3019,1691.520,13.4559,13.207,14.3702,30,-.78125,-2.34375,2206.75,26.719,23,73.4,25.89,2.14,13.7255,17.6471,127.503,14.2196,7.975,-3.40431,1,8,0,0,21,74.902,0,0,3.84,0,188.6
3020,1691.560,13.539,13.4367,14.3702,30,-.78125,-2.34375,2217.75,26.719,22,73.4,27.9,2.18,13.7255,18.4314,127.488,14.2196,8.41,-3.40431,1,8,0,0,20,74.902,0,0,4.096,0,188.6
3021,1691.600,13.3708,13.7813,13.6533,30,.78125,-2.34375,2210.5,26.719,21.5,73.4,28.52,2.18,14.1176,18.4314,129.911,14.2196,8.7,-2.96899,1,8,0,0,19,74.902,0,0,4.096,0,188.6
3022,1691.640,13.6667,14.1258,14.1474,30,2.34375,-2.34375,2231.75,26.719,21,73.4,28.74,2.2,13.7255,18.4314,127.365,14.2196,8.99,-3.19694,1,8,0,0,19,74.902,0,0,4.352,0,188.6
3023,1691.680,13.8775,14.2406,14.1474,30,3.125,-2.34375,2223,26.719,20.5,73.4,28.53,2.18,13.7255,18.4314,127.199,14.2196,9.135,-3.19694,1,8,0,0,20,74.902,0,0,4.352,0,188.6
3024,1691.720,13.9606,14.3555,14.0878,30,3.90625,-2.34375,2228.5,26.719,20.5,73.4,28.19,2.18,14.1176,18.4314,129.917,14.2196,9.28,-2.98644,1,8,0,0,21,74.902,0,0,4.608,0,188.6
3025,1691.760,14.1289,14.1258,14.0878,30,3.90625,-2.34375,2218.75,26.719,20,73.4,28.2,2.18,13.3333,18.4314,124.712,14.2196,9.28,-2.98644,1,8,0,0,20,74.902,0,0,4.608,0,188.6
3026,1691.800,14.1289,14.0109,14.068,30,3.90625,-2.34375,2218.75,26.719,20,73.4,27.97,2.18,12.1569,18.0392,112.35,14.2196,9.28,-3.41108,1,8,0,0,19,74.902,0,0,4.608,0,188.6
3027,1691.840,14.0883,13.6664,14.068,30,3.125,-2.34375,2177.5,26.719,20,73.4,25.48,2.12,12.9412,17.2549,120.09,14.2196,9.28,-4.24787,1,8,0,0,20,74.902,0,0,4.608,0,188.6
3028,1691.880,13.7498,13.5516,14.068,30,2.34375,-2.34375,2169.75,26.719,20,73.4,24.71,2.12,14.1176,17.6471,132.831,14.2196,9.28,-4.24787,1,8,0,0,19,74.902,0,0,4.608,0,188.6
3029,1691.920,13.539,13.3219,14.0944,30,1.5625,-2.34375,2192.25,26.719,20.5,73.4,27.29,2.16,14.1176,18.4314,130.14,14.2196,9.28,-2.73834,1,8,0,0,19,74.902,0,0,4.352,0,188.6
3030,1691.960,13.4133,13.207,14.0944,30,0,-2.34375,2190.5,26.0976,20,73.4,28.18,2.18,13.7255,18.4314,127.662,14.2196,9.28,-3.17096,1,8,0,0,19,74.902,0,0,4.352,0,188.6
3031,1692.000,13.16,13.207,14.0944,30,0,-2.34375,2189.25,26.0976,20,73.4,28.09,2.16,13.7255,18.4314,127.673,14.2196,9.28,-3.17096,1,8,0,0,19,74.902,0,0,4.352,0,188.6
3032,1692.040,13.1174,13.3219,14.0878,30,0,-2.34375,2179.25,26.0976,19.5,73.4,28.41,2.18,14.1176,18.4314,130.26,14.2196,9.425,-3.16676,1,8,0,0,19,74.902,0,0,4.608,0,188.6
3033,1692.080,13.16,13.4367,14.0878,30,0,-2.34375,2210.5,26.0976,19.5,73.4,28.19,2.18,14.1176,18.4314,129.969,14.2196,9.425,-3.16676,1,8,0,0,19,74.902,0,0,4.608,0,188.6
3034,1692.120,13.16,13.5516,14.0746,30,0,-2.34375,2213.5,26.719,19.5,73.4,28.3,2.18,14.5098,18.4314,134.966,14.2196,9.425,-2.75826,1,8,0,0,19,74.902,0,0,4.608,0,188.6
3035,1692.160,13.3282,13.5516,14.0746,30,0,-2.34375,2216.5,26.719,19.5,73.4,28.74,2.2,13.3333,18.8235,124.882,14.2196,9.425,-3.18521,1,8,0,0,19,74.902,0,0,4.608,0,188.6
3036,1692.200,13.3708,13.5516,14.0746,30,0,-2.34375,2194.25,26.719,19.5,73.4,28.31,2.16,12.9412,18.4314,119.952,14.2196,9.57,-3.18521,1,8,0,0,18,74.902,0,0,4.608,0,188.6
3037,1692.240,13.4984,13.5516,14.0615,30,0,-2.34375,2207.75,26.719,19.5,73.4,27.35,2.14,14.1176,18.0392,132.629,14.2196,9.57,-3.39598,1,8,0,0,18,74.902,0,0,4.608,0,188.6
3038,1692.280,13.4133,13.5516,14.068,30,0,-2.34375,2205,26.719,19.5,73.4,27.2,2.16,14.5098,18.4314,134.949,14.2196,9.57,-2.54648,1,8,0,0,19,74.902,0,0,4.608,0,188.6
3039,1692.320,13.4559,13.4367,14.068,30,-.78125,-2.34375,2212.75,26.719,19.5,73.4,28.77,2.2,13.7255,18.8235,127.482,14.2196,9.57,-2.54648,1,8,0,0,19,74.902,0,0,4.608,0,188.6
3040,1692.360,13.3708,13.4367,14.0746,30,-1.5625,-2.34375,2171,26.0976,19.5,73.4,28.87,2.2,13.3333,18.8235,125.175,14.2196,9.57,-3.38437,1,8,0,0,18,74.902,0,0,4.608,0,188.6
3041,1692.400,13.4133,13.4367,14.0746,30,-.78125,-2.34375,2184.75,26.0976,19.5,73.4,28.33,2.18,13.7255,18.4314,127.873,14.2196,9.57,-3.38437,1,8,0,0,18,74.902,0,0,4.608,0,188.6
3042,1692.440,13.3708,13.5516,14.0615,30,-.78125,-2.34375,2197,26.0976,19.5,73.4,27.87,2.18,14.1176,18.0392,132.546,14.2196,9.57,-2.95248,1,8,0,0,19,74.902,0,0,4.608,0,188.6
3043,1692.480,13.3708,13.6664,14.0746,30,-.78125,-2.34375,2199.25,26.0976,19.5,73.4,27.12,2.16,14.902,18.4314,137.574,14.2196,9.57,-2.32732,1,8,0,0,18,74.902,0,0,4.608,0,188.6
3044,1692.520,13.4133,13.6664,14.0746,30,-.78125,-2.34375,2189,26.0976,19.5,73.4,28.43,2.18,13.7255,18.8235,127.669,14.2196,9.57,-2.32732,1,8,0,0,18,74.902,0,0,4.608,0,188.6
3045,1692.560,13.3708,13.5516,14.0878,30,-1.5625,-2.34375,2176.5,26.0976,19.5,73.4,28.55,2.18,13.3333,18.8235,122.828,14.2196,9.57,-3.36674,1,8,0,0,19,74.902,0,0,4.608,0,188.6
3046,1692.600,13.4133,13.5516,14.0878,30,-1.5625,-2.34375,2206,26.719,19.5,73.4,27.85,2.16,14.902,18.0392,137.524,14.2196,9.57,-2.32549,1,8,0,0,19,74.902,0,0,4.608,0,188.6
3047,1692.640,13.4984,13.5516,14.0878,30,-1.5625,-2.34375,2191.25,26.719,19.5,73.4,27.11,2.18,14.902,18.8235,137.628,14.2196,9.57,-2.32549,1,8,0,0,18,74.902,0,0,4.608,0,188.6
3048,1692.680,13.5816,13.6664,14.101,30,-.78125,-2.34375,2194.5,26.719,19.5,73.4,29.18,2.2,14.1176,18.8235,132.608,14.2196,9.57,-2.75171,1,8,0,0,18,74.902,0,0,4.608,0,188.6
3049,1692.720,13.539,13.6664,14.101,30,-1.5625,-2.34375,2182.5,26.719,19,73.4,28.87,2.18,13.7255,18.8235,127.732,14.2196,9.715,-2.75171,1,8,0,0,19,74.902,0,0,4.608,0,188.6
3050,1692.760,13.4984,13.6664,14.0944,30,-.78125,-2.34375,2193.25,26.0976,19,73.4,28.87,2.2,14.1176,18.8235,130.251,14.2196,9.715,-3.16388,1,8,0,0,19,74.902,0,0,4.608,0,188.6
3051,1692.800,13.6241,13.7813,14.101,30,-.78125,-2.34375,2178.75,26.0976,19,73.4,28.76,2.18,15.2941,18.4314,142.578,14.2196,9.715,-2.10657,1,8,0,0,18,74.902,0,0,4.608,0,188.6
3052,1692.840,13.7073,13.7813,14.101,30,-.78125,-2.34375,2176.75,26.0976,19,73.4,29.08,2.18,14.5098,18.8235,135.296,14.2196,9.715,-2.10657,1,8,0,0,18,74.902,0,0,4.608,0,188.6
3053,1692.880,13.6667,13.7813,14.1076,30,-.78125,-2.34375,2185.75,26.0976,19,73.4,29.08,2.2,14.5098,19.2157,135.136,14.2196,9.715,-2.73329,1,8,0,0,18,74.902,0,0,4.608,0,188.6
3054,1692.920,13.7073,13.6664,14.1076,30,-.78125,-2.34375,2206.5,26.0976,19,73.4,29.18,2.2,14.902,19.2157,140.102,14.2196,9.86,-2.10429,1,8,0,0,18,74.902,0,0,4.608,0,188.6
3055,1692.960,13.4559,13.6664,14.1076,30,-.78125,-2.34375,2176.75,26.0976,18.5,73.4,29.72,2.22,14.1176,19.2157,130.088,14.2196,9.86,-2.10429,1,8,0,0,17,74.902,0,0,4.608,0,188.6
3056,1693.000,13.4984,13.6664,14.101,30,-.78125,-2.34375,2175,26.719,18.5,73.4,29.29,2.2,13.3333,18.8235,125.322,14.2196,9.86,-3.16705,1,8,0,0,18,74.902,0,0,4.864,0,188.6
3057,1693.040,13.5816,13.6664,14.101,30,0,-2.34375,2193.75,26.719,18.5,73.4,28.64,2.18,13.3333,18.4314,125.118,14.2196,9.86,-3.16705,1,8,0,0,18,74.902,0,0,4.608,0,188.6
3058,1693.080,13.5816,13.6664,14.1142,30,0,-2.34375,2190.5,26.0976,19,73.4,27.88,2.16,14.1176,18.0392,132.638,14.2196,9.86,-3.38728,1,8,0,0,17,74.902,0,0,4.608,0,188.6
3059,1693.120,13.4133,13.5516,14.1341,30,-.78125,-2.34375,2183.25,26.0976,19,73.4,26.97,2.16,14.902,18.4314,137.677,14.2196,9.86,-2.30744,1,8,0,0,17,74.902,0,0,4.608,0,188.6
3060,1693.160,13.2876,13.4367,14.1341,30,-1.5625,-2.34375,2155,26.0976,19,73.4,28.52,2.2,14.902,18.8235,140.344,14.2196,9.715,-2.30744,1,8,0,0,18,74.902,0,0,4.608,0,188.6
3061,1693.200,13.3282,13.4367,14.154,30,-1.5625,-2.34375,2187.25,26.0976,19,73.4,29.18,2.2,14.902,19.2157,137.796,14.2196,9.86,-2.09222,1,8,0,0,18,74.902,0,0,4.608,0,188.6
3062,1693.240,13.3708,13.4367,14.1474,30,-1.5625,-2.34375,2195.75,26.0976,19,73.4,29.93,2.22,14.902,19.2157,140.083,14.2196,9.86,-2.10546,1,8,0,0,17,74.902,0,0,4.608,0,188.6
3063,1693.280,13.4984,13.6664,14.1474,30,-.78125,-2.34375,2196.25,26.0976,18.5,73.4,30.04,2.22,16.0784,19.6078,152.583,14.2196,9.86,-2.10546,1,8,0,0,17,74.902,0,0,4.608,0,188.6
3064,1693.320,13.7498,13.7813,14.1407,30,-.78125,-2.34375,2165.75,26.719,18.5,73.4,31.47,2.26,16.4706,20.7843,155.093,14.2196,10.005,-.621777,1,8,0,0,18,74.902,0,0,4.864,0,188.6
3065,1693.360,13.8349,13.8961,14.1407,30,0,-2.34375,2197.5,26.719,18,73.4,32.52,2.28,16.0784,20.7843,150.152,14.2196,10.295,-.621777,1,8,0,0,18,74.902,0,0,4.864,0,188.6
3066,1693.400,13.9181,14.0109,13.9056,30,.78125,-2.34375,2217.25,26.719,17.5,73.4,32.67,2.28,16.0784,20.3922,152.522,14.2196,10.44,-1.46372,1,8,0,0,17,74.902,0,0,5.12,0,188.6
3067,1693.440,13.7924,14.0109,14.0352,30,1.5625,-2.34375,2211.25,26.719,17.5,73.4,31.6,2.26,15.2941,20.3922,145.016,14.2196,10.585,-1.69063,1,8,0,0,17,74.902,0,0,5.12,0,188.6
3068,1693.480,13.8349,14.0109,14.0352,30,1.5625,-2.34375,2183.25,26.719,17.5,73.4,30.75,2.22,16.0784,19.6078,150.121,14.2196,10.585,-1.69063,1,8,0,0,18,74.902,0,0,5.12,0,188.6
3069,1693.520,13.7073,13.7813,14.0549,30,1.5625,-2.34375,2164,26.719,17.5,73.4,30,2.24,16.0784,20,150.182,14.2196,10.44,-1.02794,1,8,0,0,16,74.902,0,0,5.12,0,188.6
3070,1693.560,13.4984,13.6664,14.0156,30,.78125,-2.34375,2195.75,26.0976,17.5,73.4,30.65,2.24,16.0784,20.3922,150.079,14.2196,10.44,-1.24912,1,8,0,0,16,74.902,0,0,5.12,0,188.6
3071,1693.600,13.6241,13.6664,14.0156,30,.78125,-2.34375,2190.5,26.0976,17.5,73.4,30.65,2.24,15.2941,20,145.105,14.2196,10.44,-1.24912,1,8,0,0,17,74.902,0,0,5.12,0,188.6
3072,1693.640,13.4984,13.6664,13.9701,30,.78125,-2.34375,2179.5,26.0976,17.5,73.4,30.44,2.24,16.0784,20,150.131,14.2196,10.44,-1.2491,1,8,0,0,16,74.902,0,0,5.12,0,188.6
3073,1693.680,13.7073,13.6664,13.9701,30,1.5625,-2.34375,2143.75,26.0976,17.5,73.4,30.98,2.24,16.0784,20,150.223,14.2196,10.44,-1.2491,1,8,0,0,16,74.902,0,0,5.12,0,188.6
3074,1693.720,13.7073,13.6664,13.9896,30,.78125,-2.34375,2181.25,26.0976,17.5,73.4,31.85,2.26,17.6471,20.7843,164.159,14.2196,10.44,-1.23468,1,8,0,0,15,74.902,0,0,5.12,0,188.6
3075,1693.760,13.6241,13.6664,14.0091,30,1.5625,-2.34375,2202.75,26.0976,17.5,73.4,33.76,2.3,18.0392,21.5686,169.409,14.2196,10.44,.406446,1,8,0,0,16,74.902,0,0,5.12,0,188.6
3076,1693.800,13.6667,13.6664,14.0091,30,1.5625,-2.34375,2203.25,26.0976,17,73.4,35.07,2.34,17.6471,21.9608,166.874,14.2196,10.585,.406446,1,8,0,0,17,74.902,0,0,5.376,0,188.6
3077,1693.840,13.7498,13.6664,13.9961,30,1.5625,-2.34375,2176.75,26.0976,16.5,73.4,35.32,2.34,17.2549,21.9608,162.097,14.2196,10.875,.198919,1,8,0,0,16,74.902,0,0,5.376,0,188.6
3078,1693.880,13.5816,13.7813,13.9572,30,1.5625,-2.34375,2202,26.719,16,73.4,34.5,2.3,16.8627,21.5686,159.752,14.2196,11.02,-.420363,1,8,0,0,15,74.902,0,0,5.376,0,188.6
3079,1693.920,13.4559,13.7813,13.9572,30,2.34375,-2.34375,2209.25,26.719,16,73.4,33.12,2.3,16.8627,21.1765,159.851,14.2196,11.02,-.420363,1,8,0,0,16,74.902,0,0,5.376,0,188.6
3080,1693.960,14.1289,13.6664,13.9831,30,1.5625,-2.34375,2193.5,26.0976,16,73.4,33.86,2.3,17.6471,21.1765,166.854,14.2196,11.02,-.207646,1,8,0,0,15,74.902,0,0,5.632,0,188.6
3081,1694.000,14.1289,13.5516,13.9831,30,.78125,-2.34375,2171.25,26.0976,16,73.4,33.78,2.3,17.6471,21.5686,164.264,14.2196,11.02,-.207646,1,8,0,0,14,74.902,0,0,5.376,0,188.6
3082,1694.040,13.8775,13.3219,14.0091,30,0,-2.34375,2156,26.0976,16,73.4,33.87,2.3,17.6471,21.5686,164.104,14.2196,11.02,-.033798,1,8,0,0,15,74.902,0,0,5.376,0,188.6
3083,1694.080,13.8349,13.3219,14.0287,31,-.78125,-2.34375,2192.75,26.0976,16,73.4,33.96,2.3,17.6471,21.5686,166.84,14.2196,11.02,.16181,1,8,0,0,14,74.902,0,0,5.376,0,188.6
3084,1694.120,13.7073,13.3219,14.0287,31,-.78125,-2.34375,2184.25,26.0976,16,73.4,34.32,2.3,17.6471,21.5686,166.866,14.2196,11.02,.16181,1,8,0,0,13,74.902,0,0,5.376,0,188.6
3085,1694.160,13.7924,13.4367,14.0483,31,-.78125,-2.34375,2177,26.0976,15.5,73.4,34.4,2.3,17.6471,21.5686,164.268,14.2196,11.165,-.0139467,1,8,0,0,13,74.902,0,0,5.376,0,188.6
3086,1694.200,13.8775,13.4367,14.0483,31,-.78125,-2.34375,2158.5,26.0976,15.5,73.4,34.22,2.3,17.6471,21.5686,164.211,14.2196,11.165,-.0381118,1,8,0,0,14,74.902,0,0,5.376,0,188.6
3087,1694.240,13.9181,13.5516,14.0483,31,-.78125,-2.34375,2195.75,26.0976,15.5,73.4,34.67,2.32,17.6471,21.5686,166.635,14.2196,11.165,-.0381118,1,8,0,0,14,74.902,0,0,5.376,0,188.6
3088,1694.280,14.0032,13.6664,14.0615,31,0,-2.34375,2189.75,26.0976,15.5,73.4,34.48,2.3,18.0392,21.5686,169.344,14.2196,11.31,.384662,1,8,0,0,13,74.902,0,0,5.376,0,188.6
3089,1694.320,13.9606,13.6664,14.0615,31,0,-2.34375,2164.25,26.0976,15.5,73.4,34.13,2.3,18.4314,21.5686,173.227,14.2196,11.165,.384662,1,8,0,0,14,74.902,0,0,5.376,0,188.6
3090,1694.360,14.0032,13.5516,14.0812,31,-.78125,-2.34375,2177.25,26.0976,15.5,73.4,34.66,2.34,20,23.1373,187.407,14.2196,11.31,.676475,1,8,0,0,15,74.902,0,0,5.376,0,188.6
3091,1694.400,13.9181,13.5516,14.068,31,-.78125,-2.34375,2200.25,26.0976,15.5,73.4,36.53,2.4,23.1373,24.3137,214.483,14.2196,11.455,3.06629,1,8,0,0,13,74.902,0,0,5.376,0,188.6
3092,1694.440,14.0032,13.6664,14.068,31,0,-2.34375,2213.25,26.0976,16,73.4,42.26,2.46,22.7451,26.2745,213.074,14.2196,11.89,3.06629,1,8,0,0,13,74.902,0,0,5.888,0,188.6
3093,1694.480,14.1289,13.4367,13.5978,31,-.78125,-2.34375,2192.75,26.0976,15.5,73.4,42.87,2.46,21.9608,26.2745,205.312,14.2196,12.47,3.10528,1,8,0,0,14,74.902,0,0,6.144,0,188.6
3094,1694.520,13.8775,13.0922,13.7846,31,-3.90625,-2.34375,2188.5,26.719,15.5,73.4,40.84,2.42,21.9608,25.8824,204.905,14.2196,12.76,2.71324,1,8,0,0,14,74.902,0,0,5.888,0,188.6
3095,1694.560,13.6241,12.7477,13.7846,31,-7.03125,-2.34375,2185.75,26.719,15,73.4,38.67,2.38,21.5686,24.7059,199.918,14.2196,12.76,2.71324,1,8,0,0,12,74.902,0,0,5.888,0,188.6
3096,1694.600,13.5816,13.0922,13.8735,31,-5.46875,-2.34375,2192.5,26.0976,15.5,73.4,37.08,2.38,22.3529,24.7059,209.25,14.2196,12.615,2.69842,1,8,0,0,12,74.902,0,0,5.888,0,188.6
3097,1694.640,13.6667,13.4367,13.8735,31,-3.90625,-2.34375,2160.25,26.0976,15,73.4,38.69,2.42,23.1373,25.8824,213.71,14.2196,12.615,2.69842,1,8,0,0,12,74.902,0,0,5.888,0,188.6
3098,1694.680,13.6667,13.8961,13.912,31,-2.34375,-2.34375,2193.25,26.0976,15.5,73.4,39.33,2.4,21.9608,25.8824,203.968,14.2196,12.76,3.02776,1,8,0,0,11,74.902,0,0,5.888,0,188.6
3099,1694.720,14.0457,14.1258,14.2681,31,-.78125,-2.34375,2198.25,26.0976,15,73.4,39.52,2.42,22.7451,25.8824,210.957,14.2196,12.905,2.89885,1,8,0,0,10,74.902,0,0,5.888,0,188.6
3100,1694.760,14.5505,14.3555,14.2681,31,0,-2.34375,2199,26.0976,15.5,73.4,40.14,2.44,23.5294,25.8824,218.316,14.2196,12.905,2.89885,1,8,0,0,10,74.902,0,0,6.144,0,188.6
3101,1694.800,14.7188,14.3555,14.1076,31,0,-2.34375,2181,26.0976,15,73.4,41.64,2.44,22.3529,26.2745,209.102,14.2196,12.905,3.26984,1,8,0,0,11,74.902,0,0,6.144,0,188.6
3102,1694.840,14.7613,14.3555,13.8992,31,0,-2.34375,2201,26.0976,15.5,73.4,40.76,2.42,21.9608,25.8824,204.357,14.2196,13.05,2.68632,1,8,0,0,11,74.902,0,0,6.4,0,188.6
3103,1694.880,14.6356,14.2406,13.8992,31,0,-2.34375,2219.25,26.0976,15,73.4,39.67,2.42,22.3529,25.8824,209.192,14.2196,13.05,2.68632,1,8,0,0,10,74.902,0,0,6.4,0,188.6
3104,1694.920,14.5505,14.1258,13.728,31,0,-2.34375,2202.25,26.719,15,73.4,38.82,2.42,21.9608,25.8824,204.818,14.2196,13.05,2.93994,1,8,0,0,11,74.902,0,0,6.4,0,188.6
3105,1694.960,14.4673,13.8961,13.728,31,0,-2.34375,2198,26.719,15.5,73.4,38.11,2.4,22.3529,25.098,209.657,14.2196,13.05,2.93994,1,8,0,0,10,74.902,0,0,6.4,0,188.6
3106,1695.000,14.214,13.6664,13.5672,31,0,-2.34375,2178,26.719,15,73.4,38.33,2.4,22.7451,25.8824,211.821,14.2196,13.05,3.06861,1,8,0,0,9,74.902,0,0,6.4,0,188.6
3107,1695.040,14.0457,13.5516,13.4942,31,0,-2.34375,2208,26.719,15,73.4,38.97,2.44,21.5686,25.8824,202.31,14.2196,13.05,2.8192,1,8,0,0,9,74.902,0,0,6.4,0,188.6
3108,1695.080,13.8775,13.4367,13.4942,31,0,-2.34375,2215.5,26.719,15,73.4,39.62,2.4,20,24.7059,188.27,14.2196,13.05,2.8192,1,8,0,0,10,74.902,0,0,6.4,0,188.6
3109,1695.120,13.8775,13.4367,13.4701,31,0,-2.34375,2195.5,26.719,15.5,73.4,36.46,2.38,20.7843,23.9216,193.148,14.2196,12.905,1.84805,1,8,0,0,10,74.902,0,0,6.4,0,188.6
3110,1695.160,13.4984,13.3219,14.0483,31,-.78125,-2.34375,2171,26.719,15.5,73.4,36.68,2.36,20.3922,23.9216,190.564,14.2196,12.905,1.68438,1,8,0,0,9,74.902,0,0,5.888,0,188.6
3111,1695.200,13.1174,13.3219,14.0483,31,-1.5625,-2.34375,2218.25,26.719,15,73.4,36.88,2.38,21.5686,23.9216,202.286,14.2196,12.76,1.68438,1,8,0,0,9,74.902,0,0,5.888,0,188.6
3112,1695.240,13.2876,13.3219,14.0746,31,-1.5625,-2.34375,2219.25,26.719,15,73.4,38.66,2.4,21.9608,25.098,204.861,14.2196,12.76,2.70597,1,8,0,0,11,74.902,0,0,5.888,0,188.6
3113,1695.280,13.4984,13.5516,14.0746,31,-.78125,-2.34375,2223.75,26.719,15.5,73.4,40.39,2.42,21.1765,25.098,198.072,14.2196,12.76,2.70597,1,8,0,0,11,74.902,0,0,5.888,0,188.6
3114,1695.320,13.7498,13.7813,14.4599,31,0,-2.34375,2192.25,26.719,15.5,73.4,38.66,2.4,19.2157,24.3137,181.42,14.2196,12.905,2.02604,1,8,0,0,10,74.902,0,0,6.144,0,188.6
3115,1695.360,14.0457,14.0109,14.0944,31,0,-2.34375,2223.75,26.719,15,73.4,36.61,2.38,19.6078,23.5294,183.799,14.2196,12.76,1.38415,1,8,0,0,10,74.902,0,0,5.888,0,188.6
3116,1695.400,14.1714,14.1258,14.0944,31,1.5625,-2.34375,2211.25,26.719,15,73.4,36.62,2.38,20,23.1373,188.703,14.2196,12.615,1.38415,1,8,0,0,11,74.902,0,0,6.144,0,188.6
3117,1695.440,13.9181,14.0109,14.1275,31,1.5625,-2.34375,2234.5,26.719,15.5,73.4,36.53,2.36,20,23.5294,188.825,14.2196,12.615,1.87678,1,8,0,0,11,74.902,0,0,5.888,0,188.6
3118,1695.480,13.7924,13.8961,14.1607,31,1.5625,-2.34375,2203,26.719,15.5,73.4,37.37,2.38,20,23.5294,186.528,14.2196,12.47,1.56735,1,8,0,0,10,74.902,0,0,5.888,0,188.6
3119,1695.520,13.539,13.6664,14.1607,31,.78125,-2.34375,2199.75,26.719,15.5,73.4,37.6,2.4,19.2157,23.5294,179.238,14.2196,12.47,1.56735,1,8,0,0,11,74.902,0,0,5.888,0,188.6
3120,1695.560,13.4559,13.6664,14.1673,31,.78125,-2.34375,2208.75,26.719,15.5,73.4,36.9,2.38,19.2157,23.1373,179.123,14.2196,12.615,.91161,1,8,0,0,12,74.902,0,0,5.888,0,188.6
3121,1695.600,13.6667,13.7813,14.1673,31,1.5625,-2.34375,2213,26.719,15.5,73.4,36.26,2.36,19.2157,22.7451,181.506,14.2196,12.47,.91161,1,8,0,0,11,74.902,0,0,5.888,0,188.6
3122,1695.640,13.6667,13.7813,14.1941,31,1.5625,-2.34375,2230,26.719,15.5,73.4,36.17,2.38,20,23.1373,188.886,14.2196,12.325,1.23101,1,8,0,0,11,74.902,0,0,5.888,0,188.6
3123,1695.680,13.6241,13.6664,14.2142,31,1.5625,-2.34375,2189.25,26.719,15.5,73.4,37.41,2.4,20,23.5294,186.464,14.2196,12.325,1.7282,1,8,0,0,12,74.902,0,0,5.888,0,188.6
3124,1695.720,13.5816,13.6664,14.2142,31,1.5625,-2.34375,2217.5,26.719,15.5,73.4,37.6,2.38,19.2157,23.5294,179.115,14.2196,12.47,1.7282,1,8,0,0,12,74.902,0,0,5.888,0,188.6
3125,1695.760,13.8775,13.7813,14.2075,31,2.34375,-2.34375,2213.5,26.719,15.5,73.4,37.2,2.38,18.8235,22.7451,176.71,14.2196,12.47,.909009,1,8,0,0,11,74.902,0,0,5.888,0,188.6
3126,1695.800,13.8775,13.8961,14.2142,31,3.125,-2.34375,2228.25,26.719,15.5,73.4,36.08,2.36,19.2157,22.7451,181.636,14.2196,12.47,1.24019,1,8,0,0,11,74.902,0,0,5.888,0,188.6
3127,1695.840,13.7498,13.8961,14.2142,31,3.125,-2.34375,2209.75,26.719,15.5,73.4,36.62,2.38,19.2157,23.1373,179.251,14.2196,12.325,1.24019,1,8,0,0,12,74.902,0,0,5.888,0,188.6
3128,1695.880,13.7498,13.7813,14.2276,31,3.125,-2.34375,2226.75,26.719,15.5,73.4,36.53,2.38,19.2157,23.1373,179.255,14.2196,12.325,1.2432,1,8,0,0,12,74.902,0,0,5.888,0,188.6
3129,1695.920,13.539,13.6664,14.2276,31,2.34375,-2.34375,2219.25,26.719,15.5,73.4,36.54,2.36,17.6471,22.7451,167.158,14.2196,12.325,1.2432,1,8,0,0,11,74.902,0,0,5.888,0,188.6
3130,1695.960,13.5816,13.6664,14.2343,31,2.34375,-2.34375,2216.5,26.719,15.5,73.4,35.46,2.34,15.6863,21.5686,147.451,14.2196,12.325,.00883161,1,8,0,0,12,74.902,0,0,5.888,0,188.6
3131,1696.000,13.7073,13.6664,14.2748,31,3.125,-2.34375,2189.5,26.719,15.5,73.4,33.01,2.26,14.1176,19.6078,132.361,14.2196,12.035,-2.76262,1,8,0,0,13,74.902,0,0,5.632,0,188.6
3132,1696.040,13.9606,13.6664,14.2748,31,2.34375,-2.34375,2215.75,26.719,15.5,73.4,30.05,2.2,14.902,18.8235,137.542,14.2196,11.6,-2.76262,1,8,0,0,13,74.902,0,0,5.376,0,188.6
3133,1696.080,13.8349,13.4367,15.1818,31,1.5625,-2.34375,2205.5,26.719,16.5,73.4,29.49,2.22,14.902,18.8235,139.85,14.2196,11.165,-2.11735,1,8,0,0,12,74.902,0,0,5.12,0,188.6
3134,1696.120,13.6241,13.207,14.9705,31,0,-2.34375,2203.25,26.719,17,73.4,29.7,2.24,14.902,19.2157,139.991,14.2196,10.875,-2.10893,1,8,0,0,12,74.902,0,0,4.864,0,188.6
3135,1696.160,13.6241,13.207,14.9705,31,0,-2.34375,2190.25,26.719,17,73.4,30.52,2.22,14.902,19.2157,137.465,14.2196,10.875,-2.10893,1,8,0,0,14,74.902,0,0,4.864,0,188.6
3136,1696.200,13.9181,13.4367,14.6215,31,.78125,-2.34375,2211.75,26.719,17.5,73.4,30.09,2.24,14.902,19.2157,140.039,14.2196,10.73,-2.10944,1,8,0,0,14,74.902,0,0,4.864,0,188.6
3137,1696.240,14.2565,13.6664,14.6215,31,1.5625,-2.34375,2231,26.719,17.5,73.4,30.99,2.26,15.2941,19.6078,142.355,14.2196,10.585,-2.10944,1,8,0,0,14,74.902,0,0,4.864,0,188.6
3138,1696.280,14.3397,13.7813,14.5649,31,2.34375,-2.34375,2230.75,26.719,17.5,73.4,31.95,2.26,14.902,19.6078,137.272,14.2196,10.585,-1.90819,1,8,0,0,15,74.902,0,0,4.864,0,188.6
3139,1696.320,14.508,13.8961,14.4599,31,2.34375,-2.34375,2207.75,26.719,17.5,73.4,31.79,2.26,12.9412,19.2157,119.697,14.2196,10.585,-3.62198,1,8,0,0,16,74.902,0,0,5.12,0,188.6
3140,1696.360,14.214,13.8961,14.4599,31,3.125,-2.34375,2214,26.719,18,73.4,28.68,2.18,11.3725,17.6471,105.007,14.2196,10.585,-3.62198,1,8,0,0,16,74.902,0,0,5.12,0,188.6
3141,1696.400,14.2972,13.8961,14.4391,31,3.125,-2.34375,2215,26.719,18.5,73.4,26.13,2.1,11.7647,16.4706,109.727,14.2196,10.295,-5.12943,1,8,0,0,16,74.902,0,0,4.864,0,188.6
3142,1696.440,14.2565,13.7813,15.4626,31,3.125,-2.34375,2201.25,26.719,19,73.4,23.94,2.12,12.1569,16.8627,112.54,14.2196,9.86,-4.45885,1,8,0,0,17,74.902,0,0,4.352,0,188.6
3143,1696.480,14.0457,13.5516,15.4626,31,2.34375,-2.34375,2197.25,26.719,19.5,73.4,24.4,2.14,11.7647,16.8627,110.01,14.2196,9.57,-4.45885,1,8,0,0,17,74.902,0,0,4.352,0,188.6
3144,1696.520,13.9181,13.4367,14.7072,31,1.5625,-2.34375,2181.75,26.0976,20,73.4,25.05,2.12,11.3725,16.8627,105.272,14.2196,9.425,-5.09379,1,8,0,0,17,74.902,0,0,4.352,0,188.6
3145,1696.560,13.8775,13.4367,14.7072,31,1.5625,-2.34375,2193.5,26.0976,20.5,73.4,24.49,2.12,12.1569,16.8627,112.568,14.2196,9.28,-5.09379,1,8,0,0,17,74.902,0,0,4.352,0,188.6
3146,1696.600,13.8775,13.5516,14.6428,31,2.34375,-2.34375,2187.5,26.0976,20.5,73.4,24.48,2.12,11.7647,16.8627,110.166,14.2196,9.135,-4.45617,1,8,0,0,19,74.902,0,0,4.352,0,188.6
3147,1696.640,14.0883,13.6664,14.579,31,2.34375,-2.34375,2198.25,26.0976,21,73.4,25.17,2.12,10.9804,16.8627,102.498,14.2196,9.135,-4.87211,1,8,0,0,19,74.902,0,0,4.352,0,188.6
3148,1696.680,14.1714,13.7813,14.579,31,2.34375,-2.34375,2170,26.0976,21,73.4,24.79,2.12,10.1961,16.4706,92.7426,14.2196,9.135,-4.87211,1,8,0,0,19,74.902,0,0,4.352,0,188.6
3149,1696.720,14.0883,13.8961,14.4808,31,3.125,-2.34375,2185.25,26.0976,21,73.4,22.77,2.06,10.1961,15.6863,95.5852,14.2196,8.99,-5.81555,1,8,0,0,19,74.902,0,0,4.352,0,188.6
3150,1696.760,14.214,13.8961,14.5157,31,3.90625,-2.34375,2172.25,26.0976,21.5,73.4,21.75,2.04,11.7647,15.6863,110.205,14.2196,8.845,-4.65802,1,8,0,0,20,74.902,0,0,4.096,0,188.6
3151,1696.800,14.2972,13.8961,14.5157,31,3.90625,-2.34375,2187.75,26.0976,22,73.4,23.17,2.08,12.1569,16.8627,112.662,14.2196,8.7,-4.65802,1,8,0,0,20,74.902,0,0,4.096,0,188.6
3152,1696.840,14.0883,13.8961,14.4948,31,3.90625,-2.34375,2174.75,26.0976,21.5,73.4,24.91,2.12,11.7647,17.2549,110.197,14.2196,8.7,-4.64157,1,8,0,0,20,74.902,0,0,4.096,0,188.6
3153,1696.880,14.1714,13.8961,14.4948,31,3.90625,-2.34375,2175.5,26.0976,21.5,73.4,25.84,2.14,12.549,17.2549,117.811,14.2196,8.845,-4.64157,1,8,0,0,21,74.902,0,0,4.096,0,188.6
3154,1696.920,14.2565,14.0109,14.3565,31,4.6875,-2.34375,2185.75,26.0976,21.5,73.4,26.57,2.16,10.9804,17.2549,102.724,14.2196,8.845,-4.00642,1,8,0,0,20,74.902,0,0,4.352,0,188.6
3155,1696.960,14.2972,14.1258,14.2748,31,5.46875,-2.34375,2161,26.0976,21,73.4,26.04,2.12,10.9804,16.4706,100.691,14.2196,8.99,-5.48629,1,8,0,0,20,74.902,0,0,4.352,0,188.6
3156,1697.000,14.2565,14.2406,14.2748,31,7.03125,-2.34375,2176,26.0976,21,73.4,23.43,2.08,10.5882,16.0784,97.9297,14.2196,8.99,-5.48629,1,8,0,0,20,74.902,0,0,4.352,0,188.6
3157,1697.040,14.3397,14.2406,14.2748,31,7.03125,-2.34375,2158.75,26.0976,21.5,73.4,22.73,2.06,11.7647,16.0784,107.975,14.2196,8.845,-5.47154,1,8,0,0,20,74.902,0,0,4.352,0,188.6
3158,1697.080,14.4248,14.0109,14.336,31,7.03125,-2.34375,2160.5,26.0976,21.5,73.4,22.72,2.08,12.9412,16.4706,120.617,14.2196,8.845,-3.76565,1,8,0,0,20,74.902,0,0,4.352,0,188.6
3159,1697.120,14.4673,13.7813,14.336,31,6.25,-2.34375,2149.75,26.0976,21.5,73.4,24.82,2.12,13.3333,17.6471,122.948,14.2196,8.845,-3.76565,1,8,0,0,20,74.902,0,0,4.352,0,188.6
3160,1697.160,13.8349,13.6664,14.2748,31,6.25,-2.34375,2164.75,26.0976,21,73.4,27.47,2.16,14.1176,18.0392,132.803,14.2196,8.99,-3.35766,1,8,0,0,20,74.902,0,0,4.352,0,188.6
3161,1697.200,13.5816,13.6664,14.2748,31,6.25,-2.34375,2166,26.0976,21,73.4,28.17,2.2,13.3333,18.4314,125.256,14.2196,8.99,-3.35766,1,8,0,0,20,74.902,0,0,4.352,0,188.6
3162,1697.240,13.4133,13.7813,14.2276,31,7.03125,-2.34375,2181,26.0976,20.5,73.4,29.05,2.2,11.3725,18.0392,105.294,14.2196,9.28,-3.57093,1,8,0,0,20,74.902,0,0,4.608,0,188.6
3163,1697.280,13.6241,14.0109,14.1874,31,7.8125,-2.34375,2176,26.0976,20,73.4,26.87,2.14,11.7647,16.8627,107.866,14.2196,9.425,-4.86444,1,8,0,0,20,74.902,0,0,4.608,0,188.6
3164,1697.320,13.9181,14.0109,14.1874,31,8.59375,-2.34375,2143.25,26.0976,20,73.4,24.63,2.12,10.9804,16.4706,103.478,14.2196,9.28,-4.86444,1,8,0,0,20,74.902,0,0,4.608,0,188.6
3165,1697.360,13.9606,13.8961,14.2075,31,8.59375,-2.34375,2179,26.0976,20.5,73.4,23.99,2.06,9.80392,16.0784,90.4086,14.2196,9.28,-5.60175,1,8,0,0,20,74.902,0,0,4.608,0,188.6
3166,1697.400,13.6241,13.6664,14.2748,31,7.03125,-2.34375,2162.75,26.0976,21,73.4,21.63,2,8.23529,14.1176,75.9164,14.2196,8.99,-6.61171,1,8,0,0,19,74.902,0,0,4.352,0,188.6
3167,1697.440,13.2451,13.3219,14.2748,31,5.46875,-2.34375,2117.5,26.0976,21.5,73.4,18.9,1.96,12.1569,14.5098,113.692,14.2196,8.555,-6.61171,1,8,0,0,19,74.902,0,0,4.096,0,188.6
3168,1697.480,12.866,12.9773,15.1972,31,3.90625,-2.34375,2103,25.4762,22,73.4,21.5,2.06,12.549,16.4706,118.761,14.2196,8.41,-4.12754,1,8,0,0,20,74.902,0,0,4.096,0,188.6
3169,1697.520,12.3593,12.7477,15.1972,31,2.34375,-2.34375,2149.75,25.4762,22,73.4,23.43,2.12,12.549,17.6471,118.143,14.2196,8.41,-4.12754,1,8,0,0,19,74.902,0,0,4.096,0,188.6
3170,1697.560,12.3593,12.4031,14.4046,31,-.78125,-2.34375,2165.75,25.4762,22,73.4,24.96,2.14,14.1176,17.6471,130.313,14.2196,8.555,-3.97648,1,8,0,0,19,74.902,0,0,4.096,0,188.6
3171,1697.600,11.9802,12.0586,14.2748,31,-3.125,-2.34375,2181.5,25.4762,21.5,73.4,27.08,2.2,11.7647,18.0392,107.772,14.2196,8.845,-3.16439,1,8,0,0,20,74.902,0,0,4.096,0,188.6
3172,1697.640,11.6863,12.0586,14.2748,31,-6.25,-2.34375,2139,26.0976,21,73.4,27.55,2.12,10.1961,16.0784,93.7291,14.2196,8.99,-3.16439,1,8,0,0,20,74.902,0,0,4.096,0,188.6
3173,1697.680,12.6126,12.2883,14.2142,31,-6.25,-2.34375,2112.5,26.0976,21,73.4,22.95,2.06,11.7647,15.6863,111.403,14.2196,8.99,-5.7506,1,8,0,0,20,74.902,0,0,4.096,0,188.6
3174,1697.720,13.4984,12.7477,14.2343,31,-5.46875,-2.34375,2178.25,25.4762,21.5,73.4,23.18,2.08,12.1569,16.4706,112.793,14.2196,8.845,-4.61631,1,8,0,0,19,74.902,0,0,4.096,0,188.6
3175,1697.760,14.3823,13.0922,14.2343,31,-4.6875,-2.34375,2156.5,25.4762,21.5,73.4,24.11,2.12,13.3333,18.0392,125.46,14.2196,8.845,-4.61631,1,8,0,0,20,74.902,0,0,4.096,0,188.6
3176,1697.800,14.3397,13.4367,14.2748,31,-3.90625,-2.34375,2105.75,26.0976,21,73.4,27.29,2.16,12.9412,18.0392,121.121,14.2196,8.845,-3.54262,1,8,0,0,20,74.902,0,0,4.096,0,188.6
3177,1697.840,14.5931,13.8961,14.2748,31,-2.34375,-2.34375,2085,26.0976,20.5,73.4,28.12,2.18,14.1176,18.0392,131.066,14.2196,8.99,-3.54262,1,8,0,0,19,74.902,0,0,4.352,0,188.6
3178,1697.880,14.7613,14.3555,14.2209,31,0,-2.34375,2116,25.4762,20,73.4,27.69,2.18,14.1176,18.0392,130.777,14.2196,9.28,-2.86915,1,8,0,0,20,74.902,0,0,4.352,0,188.6
3179,1697.920,14.8039,14.8148,14.1341,31,2.34375,-2.34375,2159.5,25.4762,20,73.4,28.34,2.2,14.1176,18.4314,130.368,14.2196,9.425,-2.91763,1,8,0,0,20,74.902,0,0,4.608,0,188.6
3180,1697.960,15.0572,14.9297,14.1341,31,4.6875,-2.34375,2114.75,25.4762,19.5,73.4,28.35,2.18,13.3333,18.4314,125.912,14.2196,9.57,-2.91763,1,8,0,0,19,74.902,0,0,4.608,0,188.6
3181,1698.000,14.5505,14.8148,14.1208,31,4.6875,-2.34375,2057.75,25.4762,19,73.4,27.91,2.18,13.3333,18.0392,126.533,14.2196,9.57,-3.31023,1,8,0,0,19,74.902,0,0,4.864,0,188.6
3182,1698.040,14.1289,14.5852,14.0944,31,4.6875,-2.34375,2084.75,25.4762,19,73.4,27.18,2.16,14.1176,18.0392,133.571,14.2196,9.715,-2.86027,1,8,0,0,19,74.902,0,0,4.864,0,188.6
3183,1698.080,14.0883,14.2406,14.0944,31,4.6875,-2.34375,2128.5,25.4762,19,73.4,26.91,2.16,14.902,18.4314,140.447,14.2196,9.715,-2.86027,1,8,0,0,18,74.902,0,0,4.864,0,188.6
3184,1698.120,13.8775,14.0109,14.0944,31,4.6875,-2.34375,2159.5,25.4762,19,73.4,28.75,2.22,14.902,19.2157,140.25,14.2196,9.715,-2.08164,1,8,0,0,17,74.902,0,0,4.864,0,188.6
3185,1698.160,13.539,13.7813,14.0944,31,3.90625,-2.34375,2099.75,25.4762,18.5,73.4,29.98,2.22,14.5098,19.6078,135.777,14.2196,9.86,-2.08164,1,8,0,0,18,74.902,0,0,4.864,0,188.6
3186,1698.200,13.4984,13.6664,14.0878,31,3.125,-2.34375,2105.25,25.4762,18,73.4,30.64,2.22,13.7255,18.4314,128.443,14.2196,10.005,-2.46511,1,8,0,0,18,74.902,0,0,4.864,0,188.6
3187,1698.240,13.4984,13.6664,14.0549,31,3.90625,-2.34375,2137.25,25.4762,18,73.4,28.27,2.18,14.5098,18.4314,135.496,14.2196,10.15,-2.47159,1,8,0,0,17,74.902,0,0,5.12,0,188.6
3188,1698.280,13.5816,13.6664,14.0549,31,3.90625,-2.34375,2142.5,25.4762,18.5,73.4,28.02,2.18,14.1176,18.4314,132.99,14.2196,10.005,-2.47159,1,8,0,0,18,74.902,0,0,4.864,0,188.6
3189,1698.320,13.4984,13.6664,14.0746,31,3.90625,-2.34375,2098,25.4762,18.5,73.4,28.23,2.18,13.3333,18.4314,126.091,14.2196,10.005,-2.91472,1,8,0,0,18,74.902,0,0,4.864,0,188.6
3190,1698.360,13.2451,13.4367,14.101,31,3.125,-2.34375,2060.75,25.4762,18,73.4,28.12,2.16,14.1176,18.0392,131.288,14.2196,10.005,-3.0623,1,8,0,0,16,74.902,0,0,4.864,0,188.6
3191,1698.400,13.16,13.3219,14.101,31,2.34375,-2.34375,2085.5,25.4762,18.5,73.4,27.55,2.16,14.5098,18.4314,135.884,14.2196,10.005,-3.0623,1,8,0,0,16,74.902,0,0,4.864,0,188.6
3192,1698.440,13.16,13.3219,14.1076,31,1.5625,-2.34375,2075.75,24.8548,18.5,73.4,28.17,2.18,14.902,18.8235,140.775,14.2196,10.005,-2.45015,1,8,0,0,17,74.902,0,0,4.864,0,188.6
3193,1698.480,13.1174,13.207,14.1076,31,.78125,-2.34375,2058,24.8548,18,73.4,29.05,2.22,16.8627,20,159.133,14.2196,10.005,-2.45015,1,8,0,0,16,74.902,0,0,4.864,0,188.6
3194,1698.520,13.2451,13.3219,14.1142,31,.78125,-2.34375,2060,24.8548,17.5,73.4,32.29,2.28,16.0784,20.7843,150.455,14.2196,10.15,-.464327,1,8,0,0,16,74.902,0,0,4.864,0,188.6
3195,1698.560,13.4559,13.4367,13.6286,31,.78125,-2.34375,2072.5,24.8548,17,73.4,32.97,2.26,16.0784,20.7843,152.818,14.2196,10.73,-1.21004,1,8,0,0,17,74.902,0,0,5.376,0,188.6
3196,1698.600,13.5816,13.6664,13.6286,31,2.34375,-2.34375,2103.75,24.8548,16.5,73.4,32.31,2.26,16.8627,20.7843,157.209,14.2196,10.875,-1.21004,1,8,0,0,17,74.902,0,0,5.376,0,188.6
3197,1698.640,13.9181,13.8961,13.9636,31,3.125,-2.34375,2104.5,24.8548,16.5,73.4,31.67,2.26,16.8627,20.7843,157.244,14.2196,11.02,-.625943,1,8,0,0,16,74.902,0,0,5.376,0,188.6
3198,1698.680,14.0457,14.0109,13.9701,31,3.125,-2.34375,2081,25.4762,16.5,73.4,31.97,2.26,17.6471,20.7843,163.271,14.2196,11.02,-.109612,1,8,0,0,16,74.902,0,0,5.376,0,188.6
3199,1698.720,13.8349,13.8961,13.9701,31,3.125,-2.34375,2079.25,25.4762,16,73.4,33.11,2.28,17.6471,21.5686,163.254,14.2196,11.165,-.109612,1,8,0,0,16,74.902,0,0,5.376,0,188.6
3200,1698.760,13.6667,13.7813,13.9636,31,3.125,-2.34375,2094.25,25.4762,16,73.4,34.13,2.3,17.6471,21.5686,163.409,14.2196,11.31,-.113723,1,8,0,0,15,74.902,0,0,5.632,0,188.6
3201,1698.800,13.539,13.6664,13.9636,31,3.125,-2.34375,2131.25,25.4762,15.5,73.4,33.94,2.28,17.6471,21.5686,163.79,14.2196,11.31,-.113723,1,8,0,0,15,74.902,0,0,5.632,0,188.6
3202,1698.840,13.5816,13.6664,13.9507,31,3.125,-2.34375,2108.5,25.4762,15.5,73.4,33.42,2.3,17.6471,21.5686,163.554,14.2196,11.31,-.0649146,1,8,0,0,15,74.902,0,0,5.632,0,188.6
3203,1698.880,13.4133,13.5516,13.9636,31,2.34375,-2.34375,2060.5,25.4762,15.5,73.4,33.59,2.28,16.4706,21.5686,155.222,14.2196,11.455,-.283908,1,8,0,0,14,74.902,0,0,5.632,0,188.6
3204,1698.920,13.2876,13.5516,13.9636,31,2.34375,-2.34375,2084,24.8548,15.5,73.4,32.59,2.26,16.0784,20.7843,150.372,14.2196,11.455,-.283908,1,8,0,0,14,74.902,0,0,5.632,0,188.6
3205,1698.960,13.2025,13.4367,13.9701,31,1.5625,-2.34375,2086,24.8548,15.5,73.4,30.36,2.24,17.2549,20.3922,161.286,14.2196,11.455,-1.21373,1,8,0,0,14,74.902,0,0,5.632,0,188.6
3206,1699.000,13.16,13.3219,14.0026,31,.78125,-2.34375,2079,24.8548,15.5,73.4,30.79,2.26,17.6471,21.1765,163.13,14.2196,11.31,-.121035,1,8,0,0,13,74.902,0,0,5.376,0,188.6
3207,1699.040,13.0768,13.207,14.0026,31,0,-2.34375,2081.5,24.8548,15.5,73.4,32.27,2.28,20,21.9608,181.471,14.2196,11.31,-.121035,1,8,0,0,13,74.902,0,0,5.376,0,188.6
3208,1699.080,13.6241,13.207,14.0156,31,-.78125,-2.34375,2098.25,24.8548,15.5,73.4,35.37,2.36,20,23.5294,182.095,14.2196,11.455,1.49877,1,8,0,0,14,74.902,0,0,5.376,0,188.6
3209,1699.120,13.6241,13.207,14.0156,31,-.78125,-2.34375,2130.75,24.8548,15.5,73.4,36.23,2.36,17.2549,23.1373,161.359,14.2196,11.89,1.49877,1,8,0,0,14,74.902,0,0,5.632,0,188.6
3210,1699.160,13.4559,13.0922,13.7155,31,-2.34375,-2.34375,2099.75,25.4762,15.5,73.4,34.15,2.28,15.6863,20.7843,147.887,14.2196,11.89,-.272506,1,8,0,0,13,74.902,0,0,5.632,0,188.6
3211,1699.200,13.4559,13.0922,13.9636,31,-3.90625,-2.34375,2090.25,25.4762,15.5,73.4,32.22,2.24,16.8627,20.3922,159.223,14.2196,11.89,-1.21856,1,8,0,0,14,74.902,0,0,5.376,0,188.6
3212,1699.240,13.5816,13.0922,13.9636,31,-3.90625,-2.34375,2088.75,25.4762,15.5,73.4,30,2.24,19.2157,21.5686,177.446,14.2196,11.6,-1.21856,1,8,0,0,14,74.902,0,0,5.376,0,188.6
3213,1699.280,13.4559,13.207,14.0352,31,-3.90625,-2.34375,2068,25.4762,15.5,73.4,33.93,2.32,19.6078,23.1373,179.358,14.2196,11.6,.946363,1,8,0,0,13,74.902,0,0,5.376,0,188.6
3214,1699.320,13.5816,13.4367,14.0287,31,-3.125,-2.34375,2087.25,24.8548,15,73.4,35.52,2.34,18.8235,23.1373,173.476,14.2196,11.745,.97186,1,8,0,0,13,74.902,0,0,5.376,0,188.6
3215,1699.360,13.6667,13.7813,14.0287,31,-2.34375,-2.34375,2058.25,24.8548,15.5,73.4,35.68,2.34,18.0392,22.3529,167.329,14.2196,11.89,.97186,1,8,0,0,14,74.902,0,0,5.632,0,188.6
3216,1699.400,13.8349,14.0109,13.9831,31,-.78125,-2.34375,2054.5,24.8548,15,73.4,34.67,2.3,18.4314,21.9608,171.295,14.2196,12.035,.0640472,1,8,0,0,13,74.902,0,0,5.632,0,188.6
3217,1699.440,14.2565,14.2406,13.9831,31,.78125,-2.34375,2074.75,24.8548,15.5,73.4,33.68,2.28,20,22.7451,181.201,14.2196,12.035,.0640472,1,8,0,0,13,74.902,0,0,5.632,0,188.6
3218,1699.480,14.4673,14.2406,13.9961,31,1.5625,-2.34375,2076.75,24.8548,15,73.4,35.3,2.34,19.6078,23.1373,179.182,14.2196,12.035,1.2189,1,8,0,0,14,74.902,0,0,5.888,0,188.6
3219,1699.520,14.5931,14.1258,14.0026,31,.78125,-2.34375,2085,24.8548,15.5,73.4,35.29,2.34,17.6471,23.1373,165.196,14.2196,12.18,.39923,1,8,0,0,13,74.902,0,0,5.888,0,188.6
3220,1699.560,14.4248,14.0109,14.0026,31,1.5625,-2.34375,2090,24.8548,15.5,73.4,34.66,2.28,16.4706,21.1765,155.19,14.2196,12.18,.39923,1,8,0,0,12,74.902,0,0,5.888,0,188.6
3221,1699.600,14.4673,13.8961,14.0091,31,1.5625,-2.34375,2091.25,24.8548,15,73.4,31.62,2.26,17.6471,20.7843,165.09,14.2196,12.035,-.628159,1,8,0,0,13,74.902,0,0,5.888,0,188.6
3222,1699.640,14.3823,13.7813,14.0615,31,.78125,-2.34375,2111.5,25.4762,15.5,73.4,31.47,2.26,18.8235,21.5686,173.595,14.2196,11.89,.544793,1,8,0,0,13,74.902,0,0,5.632,0,188.6
3223,1699.680,14.214,13.5516,14.0615,31,0,-2.34375,2088,25.4762,15.5,73.4,34.51,2.32,19.2157,22.7451,175.065,14.2196,11.89,.544793,1,8,0,0,12,74.902,0,0,5.632,0,188.6
3224,1699.720,13.9606,13.3219,14.0944,31,-.78125,-2.34375,2108,25.4762,15,73.4,35.4,2.34,19.2157,23.1373,175.555,14.2196,11.89,.848673,1,8,0,0,12,74.902,0,0,5.632,0,188.6
3225,1699.760,14.0883,13.4367,14.0944,31,-.78125,-2.34375,2106.75,25.4762,15.5,73.4,35.3,2.34,19.2157,23.1373,175.697,14.2196,12.035,.848673,1,8,0,0,13,74.902,0,0,5.632,0,188.6
3226,1699.800,13.9606,13.6664,14.0746,31,0,-2.34375,2095.25,25.4762,15,73.4,35.38,2.34,19.6078,23.1373,179.945,14.2196,12.035,.850513,1,8,0,0,12,74.902,0,0,5.632,0,188.6
3227,1699.840,14.1289,13.8961,14.068,31,1.5625,-2.34375,2111.5,25.4762,15.5,73.4,35.2,2.34,19.6078,23.1373,180.054,14.2196,12.18,1.14015,1,8,0,0,12,74.902,0,0,5.888,0,188.6
3228,1699.880,14.3397,13.8961,14.068,31,1.5625,-2.34375,2117.5,25.4762,15,73.4,35.73,2.34,18.8235,23.1373,173.906,14.2196,12.18,1.14015,1,8,0,0,13,74.902,0,0,5.888,0,188.6
3229,1699.920,14.1714,13.8961,14.068,31,1.5625,-2.34375,2135.75,25.4762,15.5,73.4,35.27,2.34,18.0392,21.9608,167.763,14.2196,12.18,.730685,1,8,0,0,13,74.902,0,0,5.888,0,188.6
3230,1699.960,14.214,13.8961,14.0812,31,1.5625,-2.34375,2107,25.4762,15.5,73.4,34.38,2.3,16.8627,21.5686,159.357,14.2196,12.18,-.261227,1,8,0,0,12,74.902,0,0,5.888,0,188.6
3231,1700.000,14.2565,13.6664,14.0812,31,1.5625,-2.34375,2092.5,25.4762,15.5,73.4,33.26,2.28,16.0784,20.7843,150.261,14.2196,12.035,-.261227,1,8,0,0,13,74.902,0,0,5.888,0,188.6
3232,1700.040,14.0032,13.5516,14.1208,31,.78125,-2.34375,2102.5,25.4762,15.5,73.4,31.49,2.24,16.0784,20.3922,152.687,14.2196,11.89,-1.22096,1,8,0,0,13,74.902,0,0,5.632,0,188.6
3233,1700.080,13.8775,13.4367,14.1208,31,0,-2.34375,2090.25,25.4762,15.5,73.4,30.67,2.24,16.8627,20.3922,157.226,14.2196,11.745,-1.22096,1,8,0,0,11,74.902,0,0,5.376,0,188.6
3234,1700.120,13.6241,13.3219,14.1807,31,-.78125,-2.34375,2086,25.4762,15.5,73.4,31.82,2.26,16.0784,20.7843,152.737,14.2196,11.6,-.624714,1,8,0,0,12,74.902,0,0,5.376,0,188.6
3235,1700.160,13.2876,13.3219,14.2276,31,-.78125,-2.34375,2092.25,25.4762,15.5,73.4,31.83,2.28,16.8627,20.7843,157.224,14.2196,11.6,-1.00675,1,8,0,0,13,74.902,0,0,5.376,0,188.6
3236,1700.200,13.2025,13.3219,14.2276,31,-1.5625,-2.34375,2090.25,25.4762,15.5,73.4,32.58,2.28,17.6471,20.7843,163.439,14.2196,11.6,-1.00675,1,8,0,0,12,74.902,0,0,5.376,0,188.6
3237,1700.240,13.3708,13.5516,14.2276,31,-.78125,-2.34375,2109.25,25.4762,15.5,73.4,33.93,2.3,16.0784,21.1765,150.248,14.2196,11.6,-.254255,1,8,0,0,13,74.902,0,0,5.376,0,188.6
3238,1700.280,13.7073,13.7813,14.2276,31,0,-2.34375,2096.75,25.4762,15.5,73.4,33.67,2.28,15.6863,20.3922,147.864,14.2196,11.6,-1.63626,1,8,0,0,14,74.902,0,0,5.376,0,188.6
3239,1700.320,14.0457,13.7813,14.2276,31,.78125,-2.34375,2142.5,25.4762,15.5,73.4,31.39,2.26,15.2941,20,145.22,14.2196,11.6,-1.63626,1,8,0,0,15,74.902,0,0,5.376,0,188.6
3240,1700.360,13.6667,13.8961,14.2411,31,.78125,-2.34375,2130.25,25.4762,16,73.4,31.83,2.26,12.1569,19.6078,113.07,14.2196,11.455,-1.86175,1,8,0,0,14,74.902,0,0,5.376,0,188.6
3241,1700.400,13.7073,13.7813,14.2411,31,.78125,-2.34375,2107.75,25.4762,16,73.4,29.49,2.12,4.31373,15.2941,39.0916,14.2196,11.31,-1.86175,1,8,0,0,15,74.902,0,0,5.376,0,188.6
3242,1700.440,13.4559,13.5516,14.2748,31,0,-2.34375,2099,25.4762,17.5,73.4,18.86,1.86,0,10.5882,27.7148,14.2196,9.86,-7.96268,1,8,0,0,15,74.902,0,0,4.352,0,188.6
3243,1700.480,13.4133,13.4367,17.3519,31,-.78125,-2.34375,2104.25,25.4762,20,73.4,12.31,1.78,0,9.80392,26.01,14.2196,8.7,-8.45875,1,8,0,0,14,0,0,0,3.84,0,188.6
3244,1700.520,13.1174,13.0922,17.3519,31,-2.34375,-2.34375,2125,25.4762,21.5,73.4,11.52,1.84,0,9.41177,24.2803,14.2196,8.12,-8.45875,1,8,0,0,8,0,0,0,3.584,0,188.6
3245,1700.560,12.5701,12.8625,16.0993,31,-3.90625,-1.5625,2090.25,25.4762,22,73.4,15.76,1.8,0,9.41177,22.5605,14.2196,7.25,-8.56934,1,8,0,0,5,0,0,0,3.072,0,188.6
3246,1700.600,12.6126,12.7477,16.9418,31,-4.6875,-1.5625,2081,25.4762,23,73.4,12.77,1.72,0,9.41177,20.8857,14.2196,6.96,-8.6778,1,8,0,0,2,0,0,0,3.072,0,188.6
3247,1700.640,12.5701,12.7477,16.9418,31,-5.46875,-1.5625,2091.25,25.4762,23.5,73.4,11.38,1.68,0,9.01961,19.2093,14.2196,6.525,-8.6778,1,8,0,0,1,0,0,0,2.816,0,188.6
3248,1700.680,12.6977,12.8625,14.9185,31,-5.46875,-1.5625,2099.75,25.4762,23.5,73.4,9.98,1.64,0,9.01961,17.5124,14.2196,6.235,-8.78498,1,8,0,0,1,0,0,0,0,0,188.6
3249,1700.720,12.8234,12.9773,14.9185,31,-4.6875,-1.5625,2097.25,25.4762,23.5,73.4,9.9,1.62,0,9.01961,15.8133,14.2196,5.945,-8.78498,1,8,0,0,1,0,0,0,0,0,188.6
3250,1700.760,12.866,12.9773,14.7721,31,-5.46875,-1.5625,2034.75,25.4762,23.5,73.4,9.71,1.62,0,9.01961,14.1659,14.2196,5.8,-8.89394,1,8,0,0,1,0,0,0,0,0,188.6
3251,1700.800,12.9492,13.0922,14.2748,31,-5.46875,-1.5625,2062.25,25.4762,23,73.4,9.6,1.6,0,8.62745,12.5566,14.2196,5.655,-8.9982,1,8,0,0,1,0,0,0,0,0,190.4
3252,1700.840,13.3708,13.207,14.2748,31,-5.46875,-1.5625,2083.5,24.8548,22,73.4,9.23,1.58,0,8.62745,10.9264,14.2196,5.51,-8.9982,1,8,0,0,1,0,0,0,0,0,190.4
3253,1700.880,13.9181,13.5516,14.2748,31,-4.6875,-1.5625,2074.5,24.8548,21.5,73.4,8.94,1.56,0,8.23529,9.25487,14.2196,5.365,-9.10278,1,8,0,0,1,0,0,0,0,0,190.4
3254,1700.920,14.2972,13.7813,14.2748,31,-3.125,-1.5625,2082.75,24.8548,21,73.4,8.56,1.56,0,7.84314,7.58309,14.2196,5.22,-9.20975,1,8,0,0,1,0,0,0,0,0,190.4
3255,1700.960,14.8464,14.0109,14.2748,31,-2.34375,-.78125,2067,24.8548,20.5,73.4,8.2,1.54,0,7.84314,5.95008,14.2196,5.075,-9.20975,1,8,0,0,1,0,0,0,0,0,190.4
3256,1701.000,15.7303,14.3555,14.2748,31,-.78125,-.78125,2017,24.8548,20,73.4,8.15,1.54,0,7.45098,4.37944,14.2196,4.93,-9.31385,1,8,0,0,1,0,0,0,0,0,190.4
3257,1701.040,16.4884,14.7,14.2748,31,.78125,-.78125,2008.5,24.8548,20,73.4,8.11,1.54,0,7.45098,2.84904,14.2196,4.93,-9.31385,1,8,0,0,1,0,0,0,0,0,190.4
3258,1701.080,17.3316,15.1594,14.2748,31,2.34375,-.78125,2001.75,24.8548,20,73.4,8.06,1.52,0,7.05882,1.35401,14.2196,4.785,-9.41239,1,8,0,0,1,0,0,0,0,0,190.4
3259,1701.120,17.9215,15.7336,12.4558,31,4.6875,-.78125,2019.25,24.8548,20,73.4,7.96,1.5,0,7.05882,0,14.2196,4.785,-9.50842,1,8,0,0,1,0,0,0,0,0,190.4
3260,1701.160,18.4262,16.193,12.4558,31,0,-.78125,2098.75,24.8548,20,73.4,7.75,1.48,0,7.05882,0,14.2196,4.64,-9.50842,1,8,0,0,1,0,0,0,0,0,190.4
3261,1701.200,19.1438,16.3078,12.4558,31,0,-.78125,2070,24.8548,20,73.4,7.58,1.48,0,7.05882,0,14.2196,4.495,-9.52624,1,8,0,0,1,0,0,0,0,0,190.4
3262,1701.240,19.3546,16.4227,12.4558,31,0,-.78125,2042.5,24.2335,20,73.4,7.4,1.48,0,7.05882,0,14.2196,4.35,-9.52614,1,8,0,0,1,0,0,0,0,0,190.4
3263,1701.280,19.0161,16.6523,12.4558,31,0,-.78125,2011.5,24.2335,20,73.4,7.69,1.5,0,7.05882,0,14.2196,4.35,-9.52614,1,8,0,0,1,0,0,0,0,0,190.4
3264,1701.320,19.0587,17.1117,12.5023,31,0,-.78125,1973.25,24.2335,20,73.4,7.75,1.5,0,7.05882,0,14.2196,4.205,-9.50918,1,8,0,0,1,0,0,0,0,0,190.4
3265,1701.360,19.606,17.6859,12.5023,31,0,0,1951.25,24.2335,20,73.4,7.71,1.5,0,7.05882,0,14.2196,4.205,-9.50918,1,8,0,0,1,0,0,0,0,0,190.4
3266,1701.400,19.9444,18.375,12.6707,31,0,0,1930.25,23.6121,20,73.4,7.69,1.48,0,7.05882,0,14.2196,4.205,-9.40593,1,8,0,0,1,0,0,0,0,0,190.4
3267,1701.440,20.281,19.1789,12.6707,31,0,0,1954.25,23.6121,20,73.4,7.6,1.48,0,7.05882,0,14.2196,4.205,-9.41305,1,8,0,0,1,0,0,0,0,0,190.4
3268,1701.480,20.4067,19.7531,12.6707,31,0,0,1983.75,23.6121,20,73.4,7.46,1.48,0,7.05882,0,14.2196,4.205,-9.41305,1,8,0,0,1,0,0,0,0,0,190.4
3269,1701.520,20.281,20.3273,12.6707,31,0,0,1974,23.6121,20,73.4,7.6,1.48,0,7.05882,0,14.2196,4.205,-9.50475,1,8,0,0,1,0,0,0,0,0,190.4
3270,1701.560,20.366,20.3273,12.6707,31,0,0,1947,23.6121,20,73.4,7.62,1.5,0,7.05882,0,14.2196,4.205,-9.39474,1,8,0,0,1,0,0,0,0,0,190.4
3271,1701.600,20.281,20.3273,12.6707,31,0,0,1903.75,23.6121,20,73.4,7.63,1.48,0,7.05882,0,14.2196,4.205,-9.39474,1,8,0,0,1,0,0,0,0,0,190.4
3272,1701.640,20.4492,20.3273,12.676,31,0,0,1894.5,23.6121,20,73.4,7.65,1.48,0,7.05882,0,14.2196,4.205,-9.29185,1,10,0,0,1,0,0,0,0,0,190.4
3273,1701.680,20.4067,20.3273,12.676,31,0,0,1936.75,23.6121,20,73.4,7.63,1.48,0,7.05882,0,14.2196,4.205,-9.29185,1,10,0,0,1,0,0,0,0,0,190.4
3274,1701.720,20.2384,20.3273,12.6707,31,0,0,1934.25,22.9907,12.5,73.4,7.6,1.48,0,7.05882,0,14.2196,4.205,-9.36977,1,10,0,0,1,0,0,0,0,0,190.4
3275,1701.760,20.281,20.3273,12.6707,31,0,0,1907.75,22.9907,12.5,73.4,7.67,1.48,0,7.05882,0,14.2196,4.205,-9.35838,1,10,0,0,1,0,0,0,0,0,190.4
3276,1701.800,20.4067,20.3273,12.6707,31,0,0,1878.75,22.9907,12.5,73.4,7.69,1.48,0,7.05882,0,14.2196,4.205,-9.35838,1,10,0,0,1,0,0,0,0,0,190.4
3277,1701.840,20.281,20.3273,12.676,31,0,0,1877,22.9907,12.5,73.4,7.67,1.5,0,7.05882,0,14.2196,4.205,-9.22636,1,10,0,0,1,0,0,0,0,0,190.4
3278,1701.880,20.281,20.3273,12.676,31,0,0,1884.25,22.9907,12.5,73.4,7.69,1.48,0,6.66667,0,14.2196,4.205,-9.28421,1,10,0,0,1,0,0,0,0,0,190.4
3279,1701.920,20.366,20.3273,12.676,31,0,0,1837.25,22.9907,12.5,73.4,7.71,1.48,0,7.05882,0,14.2196,4.205,-9.28421,1,10,0,0,1,0,0,0,0,0,190.4
3280,1701.960,20.2384,20.3273,12.676,31,0,.78125,1766,22.3694,12.5,73.4,7.65,1.48,0,6.66667,0,14.2196,4.205,-9.08222,1,10,0,0,1,0,0,0,2.048,0,190.4
3281,1702.000,20.3235,20.3273,12.676,31,0,.78125,1710.25,22.3694,18.5,73.4,7.6,1.48,0,6.66667,0,14.2196,4.35,-9.08222,1,10,0,0,1,0,0,0,2.304,0,190.4
3282,1702.040,20.5343,20.3273,12.6814,31,0,.78125,1681.5,22.3694,18,73.4,7.49,1.46,0,6.66667,0,14.2196,4.35,-8.81056,1,10,0,0,1,0,0,0,2.304,0,190.4
3283,1702.080,20.366,20.3273,12.6814,31,0,.78125,1712.25,22.3694,18.5,73.4,7.28,1.46,0,6.66667,0,14.2196,4.35,-8.75357,1,10,0,0,1,0,0,0,2.304,0,190.4
3284,1702.120,20.3235,20.3273,12.6814,31,0,.78125,1717.75,22.3694,18.5,73.4,7,1.46,0,6.66667,0,14.2196,4.35,-8.75357,1,10,0,0,1,0,0,0,2.304,0,190.4
3285,1702.160,20.1959,20.3273,12.6814,31,0,.78125,1725,22.3694,18.5,73.4,6.81,1.46,0,6.66667,0,14.2196,4.35,-8.82911,1,10,0,0,1,0,0,0,2.304,0,190.4
3286,1702.200,20.4067,20.3273,12.6814,31,0,.78125,1731,21.748,18.5,73.4,6.91,1.48,0,6.66667,0,14.2196,4.35,-8.86134,1,10,0,0,1,0,0,0,2.304,0,190.4
3287,1702.240,20.1127,20.3273,12.6814,31,0,.78125,1733.75,21.748,18.5,73.4,7.19,1.46,0,6.66667,0,14.2196,4.35,-8.86134,1,10,0,0,1,0,0,0,2.304,0,190.4
3288,1702.280,19.2269,20.3273,12.6814,31,0,.78125,1726.75,21.748,18.5,73.4,6.91,1.46,0,6.66667,0,14.2196,4.35,-8.83727,1,10,0,0,1,0,0,0,2.304,0,190.4
3289,1702.320,19.606,19.0641,12.6814,31,0,.78125,1718,21.748,18.5,73.4,7,1.46,0,6.66667,0,14.2196,4.35,-8.83727,1,10,0,0,1,0,0,0,2.304,0,190.4
3290,1702.360,17.0782,17.8008,12.6814,31,0,3.125,1718.75,21.748,18.5,73.4,6.54,1.44,0,5.88235,0,14.2196,4.35,-8.82929,1,10,0,0,1,0,0,0,2.304,0,190.4
3291,1702.400,15.5194,16.882,12.6814,31,0,3.125,1705.25,21.748,18,73.4,6.03,1.42,0,5.88235,0,14.2196,4.35,-8.82086,1,10,0,0,1,0,0,0,2.048,0,190.4
3292,1702.440,13.6667,15.8484,12.6814,31,0,3.125,1697.5,21.1266,18,73.4,5.89,1.42,0,5.88235,0,14.2196,4.205,-8.82086,1,10,0,0,1,0,0,0,2.048,0,190.4
3293,1702.480,13.539,14.9297,12.6814,31,0,3.125,1679.75,21.1266,18,73.4,5.7,1.42,0,5.4902,0,14.2196,4.205,-8.77898,1,10,0,0,1,0,0,0,2.048,0,190.4
3294,1702.520,13.4559,14.3555,14.6144,31,-.78125,3.125,1668.25,21.1266,17.5,73.4,5.85,1.4,0,5.09804,0,14.2196,4.06,-8.70646,1,10,0,0,1,0,0,0,1.792,0,190.4
3295,1702.560,13.4559,13.8961,14.6144,31,-1.5625,2.34375,1661.75,21.1266,17.5,73.4,5.56,1.38,0,5.09804,0,14.2196,4.06,-8.70646,1,10,0,0,1,0,0,0,1.792,0,190.4
3296,1702.600,13.1174,13.4367,14.3428,31,-2.34375,2.34375,1640.5,21.1266,17,73.4,5.56,1.38,0,5.4902,0,14.2196,4.06,-8.64327,1,10,0,0,1,0,0,0,1.792,0,190.4
3297,1702.640,12.866,13.0922,14.3428,31,-3.125,2.34375,1612.5,21.1266,16.5,73.4,5.62,1.4,0,5.88235,0,14.2196,3.915,-8.64327,1,10,0,0,1,0,0,0,1.792,0,190.4
3298,1702.680,12.7809,12.8625,14.3428,31,-3.90625,2.34375,1583.75,20.5052,16,73.4,5.89,1.44,0,6.66667,0,14.2196,3.915,-8.56881,1,10,0,0,1,0,0,0,1.792,0,190.4
3299,1702.720,12.5701,12.8625,14.336,31,-4.6875,2.34375,1561,20.5052,16,73.4,6.59,1.46,0,6.66667,0,14.2196,3.915,-8.53804,1,10,0,0,1,0,0,0,1.792,0,190.4
3300,1702.760,12.6126,12.9773,14.336,31,-4.6875,3.125,1518,20.5052,15.5,73.4,7,1.46,0,6.66667,0,14.2196,3.915,-8.53804,1,10,0,0,1,0,0,0,1.792,0,190.4
3301,1702.800,12.5701,13.207,14.3087,31,-3.90625,3.125,1480.5,20.5052,15,73.4,7.09,1.46,0,6.66667,0,14.2196,3.915,-8.53796,1,10,0,0,1,0,0,0,2.048,0,190.4
3302,1702.840,12.9085,13.4367,14.2748,31,-3.90625,3.125,1450.75,20.5052,14.5,73.4,7.28,1.46,0,6.66667,0,14.2196,3.915,-8.53789,1,10,0,0,1,0,0,0,2.048,0,190.4
3303,1702.880,12.9085,13.6664,14.2748,31,-3.90625,3.125,1422,20.5052,14.5,73.4,7.09,1.46,0,6.27451,0,14.2196,4.06,-8.53789,1,10,0,0,1,0,0,0,2.048,0,190.4
3304,1702.920,13.3708,14.0109,14.2748,31,-3.125,3.125,1401.5,20.5052,14,73.4,6.72,1.46,0,6.27451,0,14.2196,4.06,-8.53781,1,10,0,0,1,0,0,0,2.048,0,190.4
3305,1702.960,13.6667,14.2406,14.2748,31,-2.34375,3.125,1400.5,20.5052,14,73.4,6.4,1.44,0,6.27451,0,14.2196,4.06,-8.53781,1,10,0,0,1,0,0,0,2.048,0,190.4
3306,1703.000,13.9606,14.4703,14.2748,31,-1.5625,3.125,1390.5,19.8839,14,73.4,6.37,1.44,0,6.27451,0,14.2196,4.06,-8.53774,1,10,0,0,1,0,0,0,2.048,0,190.4
3307,1703.040,14.214,14.5852,14.2545,30,-1.5625,3.125,1381.75,19.8839,14,73.4,6.25,1.44,0,6.27451,0,14.2196,4.205,-8.53767,1,10,0,0,1,0,0,0,2.048,0,190.4
3308,1703.080,14.5505,14.7,14.2545,30,-.78125,3.125,1370.75,19.8839,14,73.4,6.22,1.44,0,6.27451,0,14.2196,4.205,-8.53767,1,10,0,0,1,0,0,0,2.048,0,190.4
3309,1703.120,14.7188,14.5852,14.2343,30,-.78125,3.125,1357.5,19.8839,13.5,73.4,6.25,1.44,0,6.27451,0,14.2196,4.205,-8.53759,1,10,0,0,0,0,0,0,2.048,0,190.4
3310,1703.160,14.8464,14.5852,14.2276,31,-.78125,3.125,1349.75,19.8839,13.5,73.4,6.25,1.44,0,6.27451,0,14.2196,4.35,-8.53752,1,10,0,0,1,0,0,0,2.048,0,190.4
3311,1703.200,14.8039,14.4703,14.2276,31,-.78125,3.125,1344.75,19.8839,13.5,73.4,6.14,1.42,0,6.27451,0,14.2196,4.35,-8.53752,1,10,0,0,0,0,0,0,2.048,0,190.4
3312,1703.240,14.6356,14.2406,14.2209,31,-.78125,3.125,1347.25,19.8839,13.5,73.4,6.03,1.42,0,5.88235,0,14.2196,4.35,-8.53745,1,10,0,0,1,0,0,0,2.048,0,190.4
3313,1703.280,14.508,14.1258,14.2209,31,-.78125,3.125,1335.25,19.8839,13.5,73.4,6.03,1.42,0,5.88235,0,14.2196,4.35,-8.53745,1,10,0,0,0,0,0,0,2.048,0,190.4
3314,1703.320,14.3823,14.1258,14.2142,31,-.78125,3.125,1334,19.2625,13.5,73.4,6.07,1.42,0,5.88235,0,14.2196,4.35,-8.53738,1,10,0,0,1,0,0,0,2.048,0,190.4
3315,1703.360,14.2565,14.0109,14.2142,31,-1.5625,3.125,1322.5,19.2625,13.5,73.4,6.14,1.44,0,5.88235,0,14.2196,4.35,-8.5373,1,10,0,0,0,0,0,0,2.048,0,190.4
3316,1703.400,14.0457,13.8961,14.2142,31,-1.5625,3.125,1312,19.2625,13,73.4,6.22,1.44,0,5.88235,0,14.2196,4.35,-8.5373,1,10,0,0,0,0,0,0,2.048,0,190.4
3317,1703.440,13.8775,13.7813,14.2075,31,-1.5625,3.125,1304.25,19.2625,13,73.4,6.14,1.44,0,5.88235,0,14.2196,4.35,-8.53723,1,10,0,0,1,0,0,0,2.048,0,190.4
3318,1703.480,13.8775,13.7813,14.2075,31,-1.5625,3.125,1304.75,19.2625,13,73.4,6.14,1.42,0,5.88235,0,14.2196,4.495,-8.53716,1,10,0,0,0,0,0,0,2.304,0,190.4
3319,1703.520,13.7073,13.6664,14.2075,31,-1.5625,3.125,1312.25,19.2625,13,73.4,6.11,1.44,0,5.88235,0,14.2196,4.495,-8.53716,1,10,0,0,0,0,0,0,2.304,0,190.4
3320,1703.560,13.6241,13.6664,14.2075,31,-1.5625,3.125,1321,19.2625,13.5,73.4,6.18,1.44,0,5.88235,0,14.2196,4.495,-8.5371,1,10,0,0,0,0,0,0,2.304,0,190.4
3321,1703.600,13.4133,13.6664,14.2075,31,-1.5625,3.125,1332.5,19.2625,13.5,73.4,6.11,1.44,0,5.88235,0,14.2196,4.495,-8.5371,1,10,0,0,0,0,0,0,2.304,0,190.4
3322,1703.640,13.4133,13.6664,14.2075,31,-1.5625,3.125,1334.75,18.6411,13.5,73.4,6,1.42,0,5.88235,0,14.2196,4.495,-8.53703,1,10,0,0,0,0,0,0,2.304,0,190.4
3323,1703.680,13.4984,13.5516,14.2075,31,-1.5625,3.125,1359,18.6411,13.5,73.4,6.03,1.42,0,5.88235,0,14.2196,4.495,-8.53696,1,10,0,0,0,0,0,0,2.304,0,190.4
3324,1703.720,13.539,13.5516,14.2075,31,-1.5625,3.125,1407.5,18.6411,14,73.4,6.07,1.44,0,5.88235,0,14.2196,4.495,-8.53696,1,10,0,0,0,0,0,0,2.048,0,190.4
3325,1703.760,13.4559,13.5516,14.2142,31,-1.5625,3.125,1457.5,18.6411,14.5,73.4,6.14,1.44,0,5.88235,0,14.2196,4.495,-8.53689,1,10,0,0,0,0,0,0,2.048,0,190.4
3326,1703.800,13.4133,13.5516,14.2142,31,-1.5625,3.125,1509.5,18.6411,15.5,73.4,6.11,1.44,0,5.88235,0,14.2196,4.495,-8.53683,1,10,0,0,0,0,0,0,2.048,0,190.4
3327,1703.840,13.3708,13.5516,14.2142,31,-1.5625,3.125,1571.75,18.6411,16,73.4,6.14,1.44,0,6.27451,0,14.2196,4.495,-8.53683,1,10,0,0,0,0,0,0,2.048,0,190.4
3328,1703.880,13.4133,13.5516,14.2209,31,-2.34375,3.125,1636.25,18.6411,17,73.4,6.37,1.44,0,6.66667,0,14.2196,4.35,-8.53676,1,10,0,0,0,0,0,0,2.048,0,190.4
3329,1703.920,13.539,13.4367,14.2209,31,-2.34375,3.125,1717.75,18.6411,18.5,73.4,6.63,1.46,0,6.66667,0,14.2196,4.35,-8.53676,1,10,0,0,0,0,0,0,2.048,0,190.4
3330,1703.960,13.4559,13.4367,14.2411,31,-2.34375,3.125,1841.25,18.0198,20,75.2,6.81,1.46,0,6.66667,0,14.2196,4.35,-8.82723,1,10,0,0,0,0,0,0,2.048,0,190.4
3331,1704.000,13.4559,13.5516,14.2748,31,-2.34375,3.125,1894,18.0198,20,75.2,6.72,1.46,0,6.66667,0,14.2196,4.205,-9.24362,1,10,0,0,0,0,0,0,2.048,0,190.4
3332,1704.040,13.4559,13.6664,14.2748,31,-2.34375,3.125,1895.25,18.0198,20,75.2,7.09,1.46,0,7.05882,0,14.2196,4.205,-9.24362,1,8,0,0,1,0,0,0,2.048,0,190.4
3333,1704.080,13.4984,13.7813,14.2748,31,-1.5625,3.125,1864.75,18.0198,20,75.2,7.19,1.46,0,7.05882,0,14.2196,4.205,-9.26457,1,8,0,0,1,0,0,0,2.048,0,190.4
3334,1704.120,13.4984,13.8961,14.2748,31,-1.5625,3.125,1825.75,18.0198,20,75.2,7.28,1.46,0,7.05882,0,14.2196,4.06,-9.09317,1,8,0,0,1,0,0,0,2.048,0,190.4
3335,1704.160,13.9181,14.0109,14.2748,31,-1.5625,3.125,1761.5,18.0198,19.5,75.2,7.28,1.46,0,7.05882,0,14.2196,4.06,-9.09317,1,8,0,0,1,0,0,0,2.048,0,190.4
3336,1704.200,14.2565,14.1258,14.2748,31,-.78125,3.125,1731.25,18.0198,18.5,75.2,7.28,1.48,0,7.05882,0,14.2196,4.06,-8.91744,1,8,0,0,1,0,0,0,2.048,0,190.4
3337,1704.240,14.3823,14.2406,14.2748,31,-.78125,3.125,1709.5,18.0198,18.5,75.2,7.28,1.48,0,7.05882,0,14.2196,4.06,-8.91744,1,8,0,0,1,0,0,0,2.048,0,190.4
3338,1704.280,14.3397,14.2406,14.2748,31,-.78125,3.125,1756.75,17.3984,19,75.2,7.46,1.48,0,6.66667,0,14.2196,4.06,-8.83049,1,8,0,0,1,0,0,0,2.048,0,190.4
3339,1704.320,14.508,14.2406,14.2748,31,-.78125,3.125,1822.5,17.3984,20,75.2,7.46,1.48,0,6.66667,0,14.2196,4.06,-8.9815,1,8,0,0,1,0,0,0,2.048,0,190.4
3340,1704.360,14.5505,14.2406,14.2748,31,0,3.125,1848.5,17.3984,20,75.2,7.28,1.46,0,6.66667,0,14.2196,4.06,-8.9815,1,8,0,0,1,0,0,0,2.048,0,190.4
3341,1704.400,14.6356,14.1258,14.2748,31,0,3.125,1823.25,17.3984,20,75.2,7.09,1.46,0,6.66667,0,14.2196,4.06,-9.14887,1,8,0,0,1,0,0,0,2.048,0,190.4
3342,1704.440,14.6782,14.1258,14.2748,31,0,3.125,1794.25,17.3984,20,75.2,7.37,1.48,0,6.66667,0,14.2196,4.06,-9.03358,1,8,0,0,1,0,0,0,2.048,0,190.4
3343,1704.480,14.6356,14.1258,14.2748,31,0,3.125,1747.5,17.3984,19,75.2,7.46,1.48,0,6.66667,0,14.2196,4.06,-9.03358,1,8,0,0,1,0,0,0,2.048,0,190.4
3344,1704.520,14.6356,14.0109,14.2748,31,0,3.125,1702.5,16.777,18,75.2,7.46,1.46,0,6.66667,0,14.2196,4.06,-8.81867,1,8,0,0,1,0,0,0,2.048,0,190.4
3345,1704.560,14.6782,14.0109,14.2748,31,0,3.125,1666.5,16.777,17.5,75.2,7.09,1.46,0,6.66667,0,14.2196,4.06,-8.81867,1,8,0,0,1,0,0,0,2.048,0,190.4
3346,1704.600,14.6356,13.8961,14.2748,31,0,3.125,1638.5,16.777,17,75.2,7.19,1.46,0,6.66667,0,14.2196,4.06,-8.70008,1,8,0,0,1,0,0,0,2.048,0,190.4
3347,1704.640,14.5505,13.7813,14.2748,31,0,3.125,1631.75,16.777,17,75.2,6.91,1.46,0,6.66667,0,14.2196,4.06,-8.6335,1,8,0,0,1,0,0,0,2.048,0,190.4
3348,1704.680,14.4248,13.6664,14.2748,31,-.78125,3.125,1658,16.1557,17.5,75.2,6.91,1.46,0,6.66667,0,14.2196,4.06,-8.6335,1,8,0,0,1,0,0,0,2.048,0,190.4
3349,1704.720,14.4248,13.5516,14.2748,31,-.78125,3.125,1685.75,16.1557,18,75.2,6.91,1.46,0,6.66667,0,14.2196,4.06,-8.67879,1,8,0,0,1,0,0,0,2.048,0,190.4
3350,1704.760,14.2972,13.4367,14.2748,31,-.78125,3.125,1685,16.1557,18,75.2,6.72,1.46,0,6.66667,0,14.2196,4.06,-8.74519,1,8,0,0,1,0,0,0,2.048,0,190.4
3351,1704.800,14.1289,13.4367,14.2748,31,-.78125,3.125,1674.75,16.1557,17.5,75.2,6.72,1.46,0,6.66667,0,14.2196,4.06,-8.74519,1,8,0,0,1,0,0,0,2.048,0,190.4
3352,1704.840,14.0032,13.4367,14.2748,31,-.78125,3.125,1665.5,16.1557,17.5,75.2,6.72,1.46,0,6.66667,0,14.2196,4.06,-8.6867,1,8,0,0,1,0,0,0,2.048,0,190.4
3353,1704.880,13.6667,13.3219,14.2748,31,-1.5625,3.125,1658.5,16.1557,17.5,75.2,6.72,1.46,0,6.66667,0,14.2196,4.06,-8.6867,1,8,0,0,1,0,0,0,2.048,0,190.4
3354,1704.920,13.7498,13.3219,14.586,31,-1.5625,3.125,1648.5,16.1557,17,75.2,6.72,1.46,0,6.66667,0,14.2196,4.06,-8.6798,1,8,0,0,1,0,0,0,2.048,0,190.4
3355,1704.960,13.7924,13.3219,14.5719,31,-1.5625,3.125,1636.5,16.1557,17,75.2,6.72,1.46,0,6.66667,0,14.2196,4.06,-8.62571,1,8,0,0,1,0,0,0,2.048,0,190.4
3356,1705.000,13.7498,13.207,14.5719,31,-1.5625,3.125,1618.5,16.1557,16.5,75.2,6.91,1.46,0,6.66667,0,14.2196,4.06,-8.62571,1,8,0,0,1,0,0,0,2.048,0,190.4
3357,1705.040,13.7498,13.207,14.5649,31,-1.5625,3.125,1629.5,16.1557,17,75.2,6.72,1.46,0,6.66667,0,14.2196,4.06,-8.58103,1,8,0,0,1,0,0,0,2.048,0,190.4
3358,1705.080,13.539,13.3219,14.5578,31,-1.5625,3.125,1650.25,16.1557,17,75.2,6.72,1.46,0,6.66667,0,14.2196,4.06,-8.65933,1,8,0,0,1,0,0,0,2.048,0,190.4
3359,1705.120,13.7498,13.3219,14.5578,31,-2.34375,3.125,1646.5,16.1557,17,75.2,6.72,1.46,0,6.66667,0,14.2196,4.06,-8.65933,1,8,0,0,1,0,0,0,2.048,0,190.4
3360,1705.160,13.0768,13.4367,14.5438,31,-2.34375,3.125,1631,16.1557,17,75.2,6.4,1.46,0,6.66667,0,14.2196,4.06,-8.64511,1,8,0,0,1,0,0,0,2.048,0,190.4
3361,1705.200,13.2876,13.4367,14.5438,31,-1.5625,3.125,1630.75,16.1557,16.5,75.2,6.72,1.46,0,6.66667,0,14.2196,4.06,-8.64511,1,8,0,0,1,0,0,0,2.048,0,190.4
3362,1705.240,13.2876,13.4367,14.5367,31,-1.5625,3.125,1611,15.5343,16.5,75.2,6.72,1.46,0,6.66667,0,14.2196,4.06,-8.61128,1,8,0,0,1,0,0,0,2.048,0,190.4
3363,1705.280,13.4133,13.5516,14.5297,31,-1.5625,3.125,1584,15.5343,16,75.2,6.54,1.46,0,6.66667,0,14.2196,4.06,-8.53542,1,8,0,0,1,0,0,0,2.048,0,190.4
3364,1705.320,13.4559,13.5516,14.5297,31,-1.5625,3.125,1572.75,15.5343,16,75.2,6.72,1.46,0,6.66667,0,14.2196,4.06,-8.53542,1,8,0,0,1,0,0,0,2.048,0,190.4
3365,1705.360,13.3708,13.5516,14.5227,31,-1.5625,3.125,1552.5,15.5343,15.5,75.2,6.72,1.46,0,6.66667,0,14.2196,4.06,-8.53531,1,8,0,0,1,0,0,0,2.048,0,190.4
3366,1705.400,13.3708,13.5516,14.5087,31,-1.5625,3.125,1542.5,15.5343,15.5,75.2,6.5,1.44,0,6.66667,0,14.2196,4.06,-8.53525,1,8,0,0,1,0,0,0,2.048,0,190.4
3367,1705.440,13.2876,13.5516,14.5087,31,-1.5625,3.125,1530.5,15.5343,15.5,75.2,6.29,1.44,0,6.66667,0,14.2196,4.06,-8.53525,1,8,0,0,1,0,0,0,2.048,0,190.4
3368,1705.480,13.4133,13.6664,14.5017,31,-1.5625,3.125,1522.25,15.5343,15.5,75.2,6.37,1.44,0,6.66667,0,14.2196,4.06,-8.5352,1,8,0,0,1,0,0,0,2.048,0,190.4
3369,1705.520,13.4559,13.6664,14.5017,31,-1.5625,3.125,1501.5,15.5343,15,75.2,6.33,1.44,0,6.66667,0,14.2196,4.06,-8.5352,1,8,0,0,1,0,0,0,2.048,0,190.4
3370,1705.560,13.4133,13.6664,14.4948,31,-1.5625,3.125,1496.25,14.9129,15,75.2,6.33,1.46,0,6.27451,0,14.2196,4.06,-8.53514,1,8,0,0,1,0,0,0,2.048,0,190.4
3371,1705.600,13.539,13.6664,14.4808,31,-1.5625,3.125,1470.25,14.9129,15,75.2,6.4,1.44,0,6.27451,0,14.2196,4.06,-8.53509,1,8,0,0,1,0,0,0,2.048,0,190.4
3372,1705.640,13.539,13.6664,14.4808,31,-1.5625,3.125,1458.25,14.9129,14.5,75.2,6.29,1.44,0,6.27451,0,14.2196,4.06,-8.53509,1,8,0,0,1,0,0,0,2.048,0,190.4
3373,1705.680,13.539,13.6664,14.4738,31,-1.5625,3.125,1445.25,14.9129,14.5,75.2,6.29,1.44,0,6.27451,0,14.2196,4.06,-8.53504,1,8,0,0,1,0,0,0,2.048,0,190.4
3374,1705.720,13.5816,13.7813,14.4669,31,-1.5625,3.125,1435.25,14.9129,14.5,75.2,6.37,1.44,0,6.27451,0,14.2196,4.205,-8.53498,1,8,0,0,1,0,0,0,2.048,0,190.4
3375,1705.760,13.6241,13.7813,14.4669,31,-1.5625,3.125,1415,14.9129,14.5,75.2,6.29,1.44,0,6.27451,0,14.2196,4.205,-8.53498,1,8,0,0,1,0,0,0,2.048,0,190.4
3376,1705.800,13.5816,13.8961,14.4599,31,-1.5625,3.125,1410.25,14.2915,14,75.2,6.25,1.44,0,6.27451,0,14.2196,4.205,-8.53493,1,8,0,0,1,0,0,0,2.048,0,190.4
3377,1705.840,13.7073,13.7813,14.4599,31,-1.5625,3.125,1398.25,14.2915,14,75.2,6.25,1.44,0,6.27451,0,14.2196,4.205,-8.53493,1,8,0,0,1,0,0,0,2.048,0,190.4
3378,1705.880,13.6667,13.7813,14.453,31,-1.5625,3.125,1398.5,14.2915,14,75.2,6.29,1.44,0,6.27451,0,14.2196,4.205,-8.53488,1,8,0,0,1,0,0,0,2.048,0,190.4
3379,1705.920,13.539,13.7813,14.4391,31,-1.5625,3.125,1384.5,14.2915,14,75.2,6.25,1.42,0,6.27451,0,14.2196,4.205,-8.53477,1,8,0,0,1,0,0,0,2.048,0,190.4
3380,1705.960,13.6241,13.7813,14.4391,31,-1.5625,3.125,1380,14.2915,14,75.2,6.11,1.42,0,6.27451,0,14.2196,4.205,-8.53477,1,8,0,0,1,0,0,0,2.048,0,190.4
3381,1706.000,13.6667,13.6664,14.4115,31,-1.5625,3.125,1373.75,14.2915,14,75.2,6.07,1.42,0,6.27451,0,14.2196,4.205,-8.53472,1,8,0,0,1,0,0,0,2.048,0,190.4
3382,1706.040,13.6241,13.6664,14.4046,31,-1.5625,3.125,1375,14.2915,14,75.2,6.03,1.42,0,6.27451,0,14.2196,4.205,-8.53467,1,8,0,0,1,0,0,0,2.048,0,190.4
3383,1706.080,13.5816,13.6664,14.4046,31,-1.5625,3.125,1379.75,14.2915,14,75.2,6,1.42,0,6.27451,0,14.2196,4.205,-8.53467,1,8,0,0,1,0,0,0,2.048,0,190.4
3384,1706.120,13.4133,13.6664,14.3977,31,-1.5625,3.125,1358.5,14.2915,13.5,75.2,6,1.42,0,6.27451,0,14.2196,4.205,-8.53462,1,8,0,0,1,0,0,0,2.048,0,190.4
3385,1706.160,13.4984,13.5516,14.3977,31,-1.5625,3.125,1355.75,14.2915,13.5,75.2,6.07,1.42,0,6.27451,0,14.2196,4.205,-8.53462,1,8,0,0,1,0,0,0,2.048,0,190.4
3386,1706.200,13.3282,13.5516,14.3839,31,-1.5625,3.125,1347.25,14.2915,13.5,75.2,6.11,1.42,0,6.27451,0,14.2196,4.205,-8.53457,1,8,0,0,1,0,0,0,2.048,0,190.4
3387,1706.240,13.4559,13.5516,14.3702,31,-1.5625,3.125,1345.5,14.2915,13.5,75.2,6.07,1.44,0,5.88235,0,14.2196,4.205,-8.53452,1,8,0,0,1,0,0,0,2.048,0,190.4
3388,1706.280,13.4133,13.5516,14.3702,31,-2.34375,3.125,1329,13.6702,13.5,75.2,6.18,1.44,0,6.27451,0,14.2196,4.205,-8.53452,1,8,0,0,1,0,0,0,2.048,0,190.4
3389,1706.320,13.4133,13.5516,14.3634,31,-2.34375,3.125,1333.5,13.6702,13.5,75.2,6.14,1.44,0,6.27451,0,14.2196,4.35,-8.53448,1,8,0,0,0,0,0,0,2.048,0,190.4
3390,1706.360,13.9606,13.6664,14.3497,31,-2.34375,3.125,1335.25,13.6702,13.5,75.2,6.14,1.44,0,5.88235,0,14.2196,4.35,-8.53443,1,8,0,0,1,0,0,0,2.048,0,190.4
3391,1706.400,13.8349,13.6664,14.3497,31,-1.5625,3.125,1336.5,13.6702,13.5,75.2,6.22,1.44,0,5.88235,0,14.2196,4.35,-8.53443,1,8,0,0,0,0,0,0,2.048,0,190.4
3392,1706.440,13.8775,13.6664,14.3428,31,-1.5625,3.125,1325,13.6702,13.5,75.2,6.11,1.44,0,5.88235,0,14.2196,4.35,-8.53438,1,8,0,0,1,0,0,0,2.048,0,190.4
3393,1706.480,13.7498,13.6664,14.3428,31,-1.5625,3.125,1326.25,13.6702,13.5,75.2,6.14,1.42,0,5.88235,0,14.2196,4.35,-8.53438,1,8,0,0,0,0,0,0,2.048,0,190.4
3394,1706.520,14.0032,13.6664,14.336,31,-1.5625,3.125,1325.25,13.0488,13.5,75.2,6,1.42,0,5.88235,0,14.2196,4.35,-8.53427,1,8,0,0,1,0,0,0,2.048,0,190.4
3395,1706.560,14.0032,13.6664,14.3224,31,-1.5625,3.125,1316,13.0488,13,75.2,6.03,1.42,0,5.88235,0,14.2196,4.35,-8.53422,1,8,0,0,0,0,0,0,2.048,0,190.4
3396,1706.600,14.0457,13.6664,14.3224,31,-1.5625,3.125,1322,13.0488,13.5,75.2,6.03,1.42,0,5.88235,0,14.2196,4.35,-8.53422,1,8,0,0,0,0,0,0,2.048,0,190.4
3397,1706.640,13.8775,13.6664,14.3156,31,-2.34375,3.125,1312.5,13.0488,13,75.2,6,1.44,0,5.88235,0,14.2196,4.35,-8.53418,1,8,0,0,0,0,0,0,2.304,0,190.4
3398,1706.680,13.8775,13.6664,14.3019,31,-2.34375,3.125,1313.75,12.4274,13,75.2,6.07,1.42,0,5.88235,0,14.2196,4.35,-8.53413,1,8,0,0,0,0,0,0,2.048,0,190.4
3399,1706.720,14.0457,13.6664,14.3019,31,-2.34375,3.125,1318.5,12.4274,13,75.2,6.07,1.42,0,5.88235,0,14.2196,4.35,-8.53413,1,8,0,0,0,0,0,0,2.304,0,190.4
3400,1706.760,14.0032,13.6664,14.2952,31,-2.34375,3.125,1318.5,12.4274,13,75.2,6.03,1.42,0,5.88235,0,14.2196,4.35,-8.53403,1,8,0,0,0,0,0,0,2.048,0,190.4
3401,1706.800,14.1714,13.6664,14.2952,31,-2.34375,3.125,1330.75,12.4274,13.5,75.2,6.03,1.44,0,5.88235,0,14.2196,4.35,-8.53403,1,8,0,0,0,0,0,0,2.048,0,190.4
3402,1706.840,14.0032,13.6664,14.2952,31,-2.34375,3.125,1339.75,12.4274,13.5,75.2,6.14,1.42,0,5.88235,0,14.2196,4.35,-8.53398,1,8,0,0,0,0,0,0,2.048,0,190.4
3403,1706.880,14.1289,13.6664,14.2816,31,-2.34375,3.125,1342.5,12.4274,13.5,75.2,6,1.42,0,5.88235,0,14.2196,4.35,-8.53394,1,8,0,0,0,0,0,0,2.048,0,190.4
3404,1706.920,14.0457,13.6664,14.2816,31,-2.34375,3.125,1331.5,12.4274,13.5,75.2,6.03,1.42,0,5.88235,0,14.2196,4.35,-8.53394,1,8,0,0,0,0,0,0,2.304,0,190.4
3405,1706.960,14.0883,13.6664,14.2748,31,-2.34375,3.125,1335.5,12.4274,13.5,75.2,5.92,1.42,0,5.88235,0,14.2196,4.35,-8.5339,1,8,0,0,0,0,0,0,2.048,0,190.4
3406,1707.000,13.8349,13.6664,14.2681,31,-2.34375,3.125,1326.5,12.4274,13.5,75.2,6,1.42,0,5.88235,0,14.2196,4.35,-8.53385,1,8,0,0,1,0,0,0,2.048,0,190.4
3407,1707.040,14.0457,13.6664,14.2681,31,-2.34375,3.125,1330.5,12.4274,13.5,75.2,6.07,1.42,0,5.88235,0,14.2196,4.35,-8.53385,1,8,0,0,0,0,0,0,2.048,0,190.4
3408,1707.080,14.0457,13.5516,14.2613,31,-2.34375,3.125,1320.25,12.4274,13.5,75.2,6.07,1.42,0,5.88235,0,14.2196,4.35,-8.53381,1,8,0,0,1,0,0,0,2.048,0,190.4
3409,1707.120,14.0032,13.5516,14.2613,31,-2.34375,3.125,1315,12.4274,13,75.2,6.03,1.42,0,5.88235,0,14.2196,4.35,-8.53381,1,8,0,0,0,0,0,0,2.048,0,190.4
3410,1707.160,13.9181,13.5516,14.2545,31,-2.34375,3.125,1325.5,12.4274,13.5,75.2,6.07,1.42,0,5.88235,0,14.2196,4.35,-8.53371,1,8,0,0,1,0,0,0,2.048,0,190.4
3411,1707.200,13.9181,13.5516,14.2478,31,-2.34375,3.125,1319.25,12.4274,13.5,75.2,6,1.42,0,5.88235,0,14.2196,4.35,-8.53366,1,8,0,0,0,0,0,0,2.048,0,190.4
3412,1707.240,14.0457,13.5516,14.2478,31,-2.34375,3.125,1327.75,11.8061,13.5,75.2,6.03,1.42,0,5.88235,0,14.2196,4.35,-8.53366,1,8,0,0,1,0,0,0,2.048,0,190.4
3413,1707.280,14.0883,13.6664,14.2411,31,-2.34375,3.125,1323.5,11.8061,13.5,75.2,6,1.42,0,5.88235,0,14.2196,4.35,-8.53362,1,8,0,0,0,0,0,0,2.048,0,190.4
3414,1707.320,14.0883,13.6664,14.2411,31,-2.34375,3.125,1317.25,11.8061,13,75.2,6.03,1.44,0,5.88235,0,14.2196,4.35,-8.53358,1,8,0,0,0,0,0,0,2.048,0,190.4
3415,1707.360,13.8775,13.6664,14.2411,31,-2.34375,3.125,1312.75,11.8061,13,75.2,6,1.42,0,5.88235,0,14.2196,4.35,-8.53358,1,8,0,0,1,0,0,0,2.048,0,190.4
3416,1707.400,14.0457,13.6664,14.2411,31,-2.34375,3.125,1315,11.8061,13,75.2,6.11,1.42,0,5.88235,0,14.2196,4.35,-8.53354,1,8,0,0,0,0,0,0,2.304,0,190.4
3417,1707.440,14.0457,13.6664,14.2411,31,-2.34375,3.125,1311.25,11.8061,13,75.2,6.03,1.42,0,5.88235,0,14.2196,4.495,-8.53354,1,8,0,0,1,0,0,0,2.048,0,190.4
3418,1707.480,14.0032,13.7813,14.2411,31,-2.34375,3.125,1313.5,11.1847,13,75.2,6.03,1.44,0,5.88235,0,14.2196,4.495,-8.53344,1,8,0,0,0,0,0,0,2.048,0,190.4
3419,1707.520,14.0032,13.7813,14.2411,31,-2.34375,3.125,1321.25,11.1847,13.5,75.2,6.03,1.42,0,5.88235,0,14.2196,4.495,-8.53334,1,8,0,0,1,0,0,0,2.048,0,190.4
3420,1707.560,13.6241,13.7813,14.2411,31,-1.5625,3.125,1331,11.1847,13.5,75.2,6,1.42,0,5.88235,0,14.2196,4.495,-8.53334,1,8,0,0,0,0,0,0,2.048,0,190.4
3421,1707.600,13.5816,13.7813,14.2411,31,-1.5625,3.125,1329,11.1847,13.5,75.2,6.07,1.42,0,5.88235,0,14.2196,4.495,-8.53324,1,8,0,0,1,0,0,0,2.048,0,190.4
3422,1707.640,13.7498,13.7813,14.2411,31,-1.5625,3.125,1316,11.1847,13,75.2,6.07,1.42,0,5.88235,0,14.2196,4.495,-8.5332,1,8,0,0,1,0,0,0,2.048,0,190.4
3423,1707.680,13.6241,13.7813,14.2411,31,-1.5625,3.125,1321.25,11.1847,13.5,75.2,6,1.42,0,5.88235,0,14.2196,4.495,-8.5332,1,8,0,0,0,0,0,0,2.048,0,190.4
3424,1707.720,13.6241,13.7813,14.2411,31,-1.5625,3.125,1320.5,10.5633,13.5,75.2,6,1.42,0,5.88235,0,14.2196,4.495,-8.5331,1,8,0,0,1,0,0,0,2.048,0,190.4
3425,1707.760,13.7073,13.7813,14.2411,31,-1.5625,3.125,1325.75,10.5633,13.5,75.2,6.14,1.44,0,5.88235,0,14.2196,4.495,-8.5331,1,8,0,0,1,0,0,0,2.048,0,190.4
3426,1707.800,13.7498,13.7813,14.2411,31,-1.5625,3.125,1313.5,10.5633,13.5,75.2,6.22,1.44,0,5.88235,0,14.2196,4.495,-8.53306,1,8,0,0,1,0,0,0,2.048,0,190.4
3427,1707.840,13.539,13.7813,14.2478,31,-1.5625,3.125,1320.75,10.5633,13.5,75.2,6.03,1.42,0,5.88235,0,14.2196,4.495,-8.53303,1,8,0,0,0,0,0,0,2.048,0,190.4
3428,1707.880,13.6667,13.7813,14.2478,31,-1.5625,3.125,1323.5,10.5633,13.5,75.2,5.96,1.42,0,5.4902,0,14.2196,4.495,-8.53303,1,8,0,0,1,0,0,0,2.048,0,190.4
3429,1707.920,13.7073,13.7813,14.2478,31,-1.5625,3.125,1323.5,10.5633,13.5,75.2,5.78,1.4,0,5.09804,0,14.2196,4.495,-8.53299,1,8,0,0,0,0,0,0,2.048,0,190.4
3430,1707.960,13.7073,13.7813,14.2478,31,-1.5625,2.34375,1324.25,10.5633,13.5,75.2,5.48,1.38,0,4.70588,0,14.2196,4.35,-8.53296,1,8,0,0,1,0,0,0,2.048,0,190.4
3431,1708.000,13.4133,13.7813,14.2478,31,-1.5625,2.34375,1314.25,10.5633,13,75.2,5.34,1.36,0,4.31373,0,14.2196,4.35,-8.53296,1,8,0,0,1,0,0,0,2.048,0,190.4
3432,1708.040,13.5816,13.7813,14.2545,31,-1.5625,2.34375,1308.5,10.5633,13,75.2,5.09,1.34,0,4.31373,0,14.2196,4.35,-8.53292,1,8,0,0,0,0,0,0,2.048,0,190.4
3433,1708.080,13.6667,13.7813,14.2545,31,-1.5625,2.34375,1297.75,10.5633,13,75.2,4.81,1.32,0,4.31373,0,14.2196,4.35,-8.53292,1,8,0,0,1,0,0,0,2.048,0,190.4
3434,1708.120,13.539,13.7813,14.2748,31,-1.5625,2.34375,1300,9.94194,13,75.2,4.64,1.32,0,4.31373,0,14.2196,4.35,-8.53289,1,8,0,0,1,0,0,0,2.048,0,190.4
3435,1708.160,13.539,13.6664,14.2748,31,-1.5625,2.34375,1308,9.94194,13,75.2,4.52,1.32,0,4.31373,0,14.2196,4.205,-8.53285,1,8,0,0,1,0,0,0,2.048,0,190.4
3436,1708.200,13.6667,13.6664,14.2748,31,-2.34375,2.34375,1286.25,9.94194,13,75.2,4.48,1.3,0,4.31373,0,14.2196,4.205,-8.53285,1,8,0,0,1,0,0,0,2.048,0,190.4
3437,1708.240,13.4559,13.5516,14.2748,31,-2.34375,2.34375,1270,9.94194,12.5,75.2,4.36,1.3,0,4.31373,0,14.2196,4.205,-8.53281,1,8,0,0,1,0,0,0,2.048,0,190.4
3438,1708.280,13.4559,13.5516,14.2816,31,-2.34375,2.34375,1253.25,9.94194,12.5,75.2,4.36,1.3,0,3.92157,0,14.2196,4.205,-8.53278,1,8,0,0,1,0,0,0,2.048,0,190.4
3439,1708.320,13.5816,13.4367,14.2816,31,-2.34375,2.34375,1232,9.94194,12.5,75.2,4.08,1.26,0,3.92157,0,14.2196,4.06,-8.53278,1,8,0,0,1,0,0,0,2.048,0,190.4
3440,1708.360,13.4984,13.3219,14.2816,31,-3.125,1.5625,1195.75,9.94194,12,75.2,3.93,1.26,0,4.31373,0,14.2196,4.06,-8.53274,1,8,0,0,1,0,0,0,2.048,0,190.4
3441,1708.400,13.539,13.3219,14.2816,31,-3.125,1.5625,1191,9.94194,12,75.2,4.06,1.3,0,5.09804,0,14.2196,4.06,-8.53274,1,8,0,0,1,0,0,0,1.792,0,190.4
3442,1708.440,13.4133,13.207,14.2816,31,-3.90625,1.5625,1176,9.94194,12,75.2,4.81,1.34,0,5.88235,0,14.2196,4.06,-8.54094,1,8,0,0,1,0,0,0,1.792,0,190.4
3443,1708.480,13.2876,13.207,14.2748,31,-3.90625,1.5625,1157,9.94194,12,75.2,5.17,1.38,0,5.88235,0,14.2196,4.06,-8.57226,1,8,0,0,1,0,0,0,2.048,0,190.4
3444,1708.520,13.2451,13.207,14.2748,31,-3.90625,1.5625,1128.75,9.32057,12,75.2,5.5,1.38,0,5.88235,0,14.2196,4.06,-8.57226,1,8,0,0,1,0,0,0,2.048,0,190.4
3445,1708.560,13.2876,13.0922,14.2748,31,-3.90625,1.5625,1121,9.32057,12,75.2,5.54,1.4,0,5.88235,0,14.2196,4.06,-8.59809,1,8,0,0,1,0,0,0,2.048,0,190.4
3446,1708.600,13.0768,13.0922,14.2748,31,-4.6875,1.5625,1091.25,9.32057,12.5,75.2,5.58,1.4,12.9412,8.62745,124.438,14.2196,4.205,-5.09253,1,8,0,0,0,74.902,0,0,2.048,0,190.4
3447,1708.640,13.0343,13.207,14.2748,31,-4.6875,1.5625,1081.5,9.32057,13,75.2,6.85,1.8,20.7843,18.0392,158.553,14.2196,4.205,-5.09253,1,8,0,0,0,74.902,0,0,2.048,0,190.4
3448,1708.680,13.0768,13.207,11.0805,31,-4.6875,1.5625,1091,9.32057,14,75.2,22.43,2.16,9.80392,20,104.951,14.2196,7.54,-1.14243,1,8,0,0,1,74.902,0,0,2.816,0,190.4
3449,1708.720,13.1174,13.3219,11.0805,31,-4.6875,1.5625,1124,9.32057,15.5,75.2,26.03,1.96,0,10.1961,0,14.2196,8.555,-1.14243,1,8,0,0,0,74.902,0,0,4.096,0,190.4
3450,1708.760,13.2876,13.0922,10.0789,31,-6.25,3.125,1260.5,9.32057,13.5,75.2,13.42,1.68,0,7.45098,0,14.2196,8.7,-8.60246,1,8,0,0,1,0,0,0,3.584,0,190.4
3451,1708.800,12.4444,12.7477,14.4669,31,-4.6875,3.125,1423.25,9.32057,14,75.2,9.08,1.56,0,6.66667,0,14.2196,7.83,-8.53245,1,8,0,0,0,0,0,0,3.328,0,190.4
3452,1708.840,11.9802,12.4031,14.4669,31,-5.46875,3.125,1565.25,8.6992,15,75.2,7.74,1.48,0,6.27451,0,14.2196,7.105,-8.53245,1,8,0,0,0,0,0,0,2.816,0,190.4
3453,1708.880,11.0113,12.0586,18.2017,31,-6.25,3.125,1671.5,8.6992,16.5,75.2,6.81,1.44,0,6.27451,0,14.2196,6.525,-8.53242,1,8,0,0,0,0,0,0,2.56,0,190.4
3454,1708.920,11.0538,11.7141,15.1057,31,-7.8125,3.125,1739.25,8.6992,18.5,75.2,6.33,1.44,.392157,6.27451,2.39844,14.2196,6.38,-8.79501,1,8,0,0,0,0,0,0,2.816,0,190.4
3455,1708.960,11.518,11.7141,15.1057,31,-8.59375,3.125,1789.5,8.6992,20,75.2,6.25,1.44,0,6.66667,0,14.2196,5.655,-8.79501,1,8,0,0,0,0,0,0,2.304,0,190.4
3456,1709.000,11.8971,12.0586,16.6329,31,-8.59375,3.125,1800,8.6992,12,75.2,6.33,1.46,0,6.66667,0,14.2196,5.365,-9.04012,1,8,0,0,0,0,0,0,2.048,0,190.4
3457,1709.040,12.5275,12.4031,16.6329,31,-8.59375,3.125,1767.75,8.6992,11.5,75.2,6.4,1.46,0,6.66667,0,14.2196,5.22,-9.04012,1,8,0,0,1,0,0,0,2.048,0,190.4
3458,1709.080,13.0343,12.7477,15.5344,31,-7.8125,3.125,1700.25,8.6992,10,75.2,6.72,1.46,0,6.66667,0,14.2196,4.93,-8.94603,1,8,0,0,1,0,0,0,2.048,0,190.4
3459,1709.120,13.2876,13.0922,15.1284,31,-7.03125,3.125,1632,8.6992,8.5,75.2,6.72,1.46,0,6.66667,0,14.2196,4.785,-8.6884,1,8,0,0,1,0,0,0,2.048,0,190.4
3460,1709.160,13.6667,13.4367,15.1284,31,-7.03125,3.125,1568.75,8.6992,7.5,75.2,6.81,1.46,0,6.66667,0,14.2196,4.64,-8.6884,1,8,0,0,1,0,0,0,2.048,0,190.4
3461,1709.200,13.7924,13.8961,14.2816,31,-6.25,3.125,1519.5,8.6992,9.5,75.2,6.91,1.46,0,6.66667,0,14.2196,4.64,-8.53227,1,8,0,0,1,0,0,0,2.048,0,190.4
3462,1709.240,14.0457,14.2406,14.2816,31,-5.46875,3.125,1489.25,8.6992,13,75.2,6.72,1.46,0,6.27451,0,14.2196,4.495,-8.53211,1,8,0,0,1,0,0,0,2.048,0,190.4
3463,1709.280,14.0883,14.3555,14.2816,31,-5.46875,3.125,1488.25,8.6992,13,75.2,6.33,1.44,0,6.27451,0,14.2196,4.495,-8.53211,1,8,0,0,1,0,0,0,2.048,0,190.4
3464,1709.320,14.8464,14.3555,14.2816,31,-4.6875,3.125,1474.25,8.07783,14.5,75.2,6.25,1.44,0,6.27451,0,14.2196,4.495,-8.53209,1,8,0,0,1,0,0,0,2.048,0,190.4
3465,1709.360,15.0572,14.4703,14.2816,31,-4.6875,3.125,1481,8.07783,14,75.2,6.22,1.44,0,6.27451,0,14.2196,4.35,-8.53209,1,8,0,0,1,0,0,0,2.048,0,190.4
3466,1709.400,15.0978,14.3555,14.2816,31,-4.6875,3.125,1485.25,8.07783,13.5,75.2,6.25,1.44,0,6.27451,0,14.2196,4.35,-8.53206,1,8,0,0,1,0,0,0,2.048,0,190.4
3467,1709.440,15.1404,14.3555,14.2816,31,-4.6875,3.125,1498.5,8.07783,12,75.2,6.18,1.44,0,6.27451,0,14.2196,4.35,-8.53203,1,8,0,0,1,0,0,0,2.048,0,190.4
3468,1709.480,15.1404,14.2406,14.2816,31,-4.6875,3.125,1502.5,8.07783,12,75.2,6.11,1.44,0,6.27451,0,14.2196,4.35,-8.53203,1,8,0,0,1,0,0,0,2.048,0,190.4
3469,1709.520,14.9721,14.2406,14.2816,31,-4.6875,3.125,1508.5,8.07783,11.5,75.2,6.18,1.44,0,6.27451,0,14.2196,4.35,-8.532,1,8,0,0,1,0,0,0,2.048,0,190.4
3470,1709.560,14.9721,14.1258,14.2816,31,-4.6875,3.125,1485.75,8.07783,14,75.2,6.03,1.42,0,6.27451,0,14.2196,4.35,-8.53197,1,8,0,0,1,0,0,0,2.048,0,190.4
3471,1709.600,14.9296,14.1258,14.2816,31,-4.6875,3.125,1472.25,8.07783,15,75.2,6.03,1.42,0,6.27451,0,14.2196,4.35,-8.53197,1,8,0,0,1,0,0,0,2.048,0,190.4
3472,1709.640,14.8464,14.1258,14.2816,31,-4.6875,3.125,1457.5,8.07783,16.5,75.2,6.03,1.42,0,6.27451,0,14.2196,4.35,-8.53188,1,8,0,0,1,0,0,0,2.048,0,190.4
3473,1709.680,14.7613,14.1258,14.2816,31,-3.90625,3.125,1452.5,8.07783,17,75.2,6.11,1.42,0,6.27451,0,14.2196,4.35,-8.53188,1,8,0,0,1,0,0,0,2.048,0,190.4
3474,1709.720,14.7188,14.1258,14.2748,31,-3.90625,3.125,1440.25,7.45645,18,75.2,6.03,1.42,0,6.27451,0,14.2196,4.35,-8.53185,1,8,0,0,1,0,0,0,2.048,0,190.4
3475,1709.760,14.6782,14.1258,14.2748,31,-3.90625,3.125,1427.75,7.45645,18,75.2,6.11,1.44,0,6.27451,0,14.2196,4.35,-8.53183,1,8,0,0,1,0,0,0,2.048,0,190.4
3476,1709.800,14.6356,14.1258,14.2748,31,-3.90625,3.125,1422.5,7.45645,18,75.2,6.18,1.44,0,6.27451,0,14.2196,4.35,-8.53183,1,8,0,0,1,0,0,0,2.048,0,190.4
3477,1709.840,14.508,14.2406,14.2748,31,-3.90625,3.125,1412.25,7.45645,18.5,75.2,6.18,1.42,0,6.27451,0,14.2196,4.35,-8.53174,1,8,0,0,1,0,0,0,2.048,0,190.4
3478,1709.880,14.5505,14.2406,14.2748,31,-3.125,3.125,1391.75,7.45645,18.5,75.2,6.18,1.44,.392157,6.27451,2.39844,14.2196,4.35,-8.53165,1,8,0,0,1,0,0,0,2.048,0,190.4
3479,1709.920,14.5505,14.2406,14.2748,31,-3.125,3.125,1383.75,7.45645,18.5,75.2,6.29,1.44,.392157,6.27451,2.39844,14.2196,4.35,-8.53165,1,8,0,0,1,0,0,0,2.048,0,190.4
3480,1709.960,14.7613,14.2406,14.2748,31,-3.125,3.125,1372,7.45645,18.5,75.2,6.25,1.44,.392157,6.27451,2.39844,14.2196,4.35,-8.45928,1,8,0,0,1,0,0,0,2.048,0,190.4
3481,1710.000,14.8039,14.2406,14.2748,31,-3.125,3.125,1344.75,7.45645,18,75.2,6.29,1.44,0,6.27451,0,14.2196,4.35,-8.45928,1,8,0,0,1,0,0,0,2.048,0,190.4
3482,1710.040,14.7188,14.2406,14.2748,31,-3.125,3.125,1333.75,6.83508,18,75.2,6.33,1.46,0,6.66667,0,14.2196,4.35,-8.53154,1,8,0,0,1,0,0,0,2.048,0,190.4
3483,1710.080,14.8039,14.2406,14.2748,32,-2.34375,3.125,1307.75,6.83508,17.5,75.2,6.72,1.46,0,6.66667,0,14.2196,4.35,-8.53145,1,8,0,0,1,0,0,0,2.048,0,190.4
3484,1710.120,14.7613,14.2406,14.2748,32,-2.34375,3.125,1297.25,6.83508,17.5,75.2,7.09,1.46,0,6.66667,0,14.2196,4.35,-8.53145,1,8,0,0,1,0,0,0,2.304,0,190.4
3485,1710.160,14.7188,14.2406,14.2748,32,-2.34375,3.125,1280.75,6.83508,17.5,75.2,7.28,1.48,0,6.66667,0,14.2196,4.35,-8.53143,1,8,0,0,1,0,0,0,2.304,0,190.4
3486,1710.200,14.6356,14.2406,14.2478,32,-2.34375,3.125,1275.5,6.83508,17.5,75.2,7.28,1.48,0,6.66667,0,14.2196,4.495,-8.53134,1,8,0,0,1,0,0,0,2.304,0,190.4
3487,1710.240,14.7613,14.2406,14.2478,32,-2.34375,3.125,1278.25,6.83508,17.5,75.2,7.19,1.46,0,6.66667,0,14.2196,4.495,-8.53134,1,8,0,0,1,0,0,0,2.304,0,190.4
3488,1710.280,14.7188,14.2406,14.2343,32,-1.5625,3.125,1283.25,6.83508,17.5,75.2,7,1.46,0,6.66667,0,14.2196,4.64,-8.53132,1,8,0,0,0,0,0,0,2.304,0,190.4
3489,1710.320,14.5505,14.2406,14.2343,32,-1.5625,3.125,1284.25,6.83508,17.5,75.2,7.19,1.46,0,6.66667,0,14.2196,4.64,-8.53132,1,8,0,0,1,0,0,0,2.304,0,190.4
3490,1710.360,14.214,14.2406,14.2209,32,-1.5625,3.125,1269.75,6.83508,17.5,75.2,6.91,1.46,0,6.66667,0,14.2196,4.64,-8.5313,1,8,0,0,0,0,0,0,2.304,0,190.4
3491,1710.400,14.1289,14.2406,14.2142,32,-1.5625,3.125,1257.5,6.83508,17,75.2,6.63,1.46,0,6.66667,0,14.2196,4.785,-8.53128,1,8,0,0,1,0,0,0,2.304,0,190.4
3492,1710.440,14.0032,14.1258,14.2142,32,-1.5625,3.125,1239.75,6.83508,17,75.2,6.59,1.46,0,6.66667,0,14.2196,4.785,-8.53128,1,8,0,0,1,0,0,0,2.304,0,190.4
3493,1710.480,14.214,14.1258,14.2008,32,-1.5625,3.125,1216.25,6.83508,16.5,75.2,6.59,1.46,0,6.66667,0,14.2196,4.785,-8.53119,1,8,0,0,1,0,0,0,2.304,0,190.4
3494,1710.520,14.1714,14.0109,14.1941,32,-1.5625,3.125,1187.5,6.83508,16.5,75.2,6.59,1.44,0,6.66667,0,14.2196,4.785,-8.53111,1,8,0,0,1,0,0,0,2.304,0,190.4
3495,1710.560,14.0883,14.0109,14.1941,32,-1.5625,3.125,1184.25,6.83508,16.5,75.2,6.55,1.46,0,6.66667,0,14.2196,4.93,-8.53111,1,8,0,0,0,0,0,0,2.304,0,190.4
3496,1710.600,14.0457,13.8961,14.1807,32,-1.5625,3.125,1181.75,6.21371,16.5,75.2,6.55,1.44,0,6.66667,0,14.2196,4.93,-8.55397,1,8,0,0,1,0,0,0,2.304,0,190.4
3497,1710.640,13.9181,13.8961,14.1807,32,-1.5625,3.125,1171.5,6.21371,16.5,75.2,6.59,1.46,0,6.66667,0,14.2196,4.93,-8.55397,1,8,0,0,1,0,0,0,2.304,0,190.4
3498,1710.680,13.9181,13.7813,14.174,32,-1.5625,3.125,1171,6.21371,16.5,75.2,6.42,1.44,0,6.66667,0,14.2196,4.93,-8.55727,1,8,0,0,0,0,0,0,2.304,0,190.4
3499,1710.720,13.7924,13.7813,14.1673,32,-1.5625,3.125,1176.5,6.21371,16.5,75.2,6.33,1.44,0,6.66667,0,14.2196,5.075,-8.5525,1,8,0,0,0,0,0,0,2.304,0,190.4
3500,1710.760,13.7924,13.7813,14.1673,32,-1.5625,3.125,1168.25,6.21371,16.5,75.2,6.25,1.44,0,6.66667,0,14.2196,5.075,-8.5525,1,8,0,0,0,0,0,0,2.304,0,190.4
3501,1710.800,13.7498,13.6664,14.1673,32,-1.5625,3.125,1157.5,6.21371,16.5,75.2,6.22,1.44,0,6.66667,0,14.2196,5.075,-8.56004,1,8,0,0,0,0,0,0,2.304,0,190.4
3502,1710.840,13.6667,13.6664,14.1607,32,-1.5625,3.125,1138.5,6.21371,16.5,75.2,6.33,1.44,0,6.66667,0,14.2196,5.075,-8.58734,1,8,0,0,0,0,0,0,2.304,0,190.4
3503,1710.880,13.5816,13.6664,14.1607,32,-1.5625,3.125,1133,6.21371,16.5,75.2,6.29,1.44,0,6.66667,0,14.2196,5.075,-8.58734,1,8,0,0,0,0,0,0,2.304,0,190.4
3504,1710.920,13.539,13.6664,14.1607,32,-1.5625,3.125,1119,6.21371,16.5,75.2,6.18,1.44,0,6.66667,0,14.2196,5.075,-8.60342,1,8,0,0,0,0,0,0,2.304,0,190.4
3505,1710.960,13.4984,13.6664,14.1607,32,-1.5625,3.125,1097.5,6.21371,16.5,75.2,6.07,1.44,0,6.66667,0,14.2196,5.075,-8.60342,1,8,0,0,0,0,0,0,2.304,0,190.4
3506,1711.000,13.539,13.6664,14.1607,32,-1.5625,3.125,1072.75,6.21371,16.5,75.2,6.22,1.44,0,6.66667,0,14.2196,5.22,-8.6249,1,8,0,0,0,0,0,0,2.304,0,190.4
3507,1711.040,13.539,13.6664,14.154,32,-1.5625,3.125,1073.25,6.21371,16.5,75.2,6.22,1.46,0,6.66667,0,14.2196,5.22,-8.64715,1,8,0,0,0,0,0,0,2.56,0,190.4
3508,1711.080,13.539,13.6664,14.154,32,-1.5625,3.125,1069.25,6.21371,16.5,75.2,6.42,1.44,0,6.66667,0,14.2196,5.22,-8.64715,1,8,0,0,0,0,0,0,2.56,0,190.4
3509,1711.120,13.6241,13.6664,14.1407,32,-1.5625,3.125,1066.5,6.21371,16.5,75.2,6.42,1.46,0,6.66667,0,14.2196,5.22,-8.65074,1,8,0,0,0,0,0,0,2.56,0,190.4
3510,1711.160,13.4559,13.6664,14.1407,32,-1.5625,3.125,1086.5,6.21371,16.5,75.2,6.22,1.42,0,6.66667,0,14.2196,5.365,-8.63608,1,8,0,0,0,0,0,0,2.56,0,190.4
3511,1711.200,13.539,13.6664,14.1407,32,-1.5625,3.125,1099.25,6.21371,16.5,75.2,6.11,1.44,0,6.66667,0,14.2196,5.365,-8.63608,1,8,0,0,0,0,0,0,2.56,0,190.4
3512,1711.240,13.5816,13.6664,14.1341,32,-1.5625,3.125,1131.75,5.59234,16.5,75.2,6.14,1.42,0,6.66667,0,14.2196,5.365,-8.61644,1,8,0,0,0,0,0,0,2.56,0,190.4
3513,1711.280,13.539,13.7813,14.1341,32,-1.5625,3.125,1144,5.59234,16.5,75.2,6.14,1.44,0,6.66667,0,14.2196,5.365,-8.61644,1,8,0,0,0,0,0,0,2.56,0,190.4
3514,1711.320,13.6241,13.7813,14.1341,32,-1.5625,3.125,1178.25,5.59234,15.5,75.2,6.14,1.42,0,6.66667,0,14.2196,5.365,-8.58205,1,8,0,0,0,0,0,0,2.56,0,190.4
3515,1711.360,13.6241,13.7813,14.1474,32,-1.5625,3.125,1199,5.59234,13.5,75.2,6.11,1.44,0,6.66667,0,14.2196,5.365,-8.53146,1,8,0,0,0,0,0,0,2.56,0,190.4
3516,1711.400,13.5816,13.7813,14.1474,32,-.78125,3.125,1216.25,5.59234,12,75.2,6.25,1.44,0,6.66667,0,14.2196,5.365,-8.53146,1,8,0,0,0,0,0,0,2.304,0,190.4
3517,1711.440,14.1289,13.7813,14.1474,32,-.78125,3.125,1233.25,5.59234,10.5,75.2,6.22,1.44,0,6.66667,0,14.2196,5.365,-8.53048,1,8,0,0,0,0,0,0,2.304,0,190.4
3518,1711.480,14.1714,13.8961,14.1607,32,-.78125,3.125,1228.25,5.59234,11,75.2,6.25,1.44,0,6.66667,0,14.2196,5.365,-8.5304,1,8,0,0,0,0,0,0,2.304,0,190.4
3519,1711.520,14.2972,13.7813,14.1607,32,-.78125,3.125,1237.25,5.59234,10.5,75.2,6.25,1.44,0,6.66667,0,14.2196,5.22,-8.5304,1,8,0,0,0,0,0,0,2.304,0,190.4
3520,1711.560,14.2565,13.8961,14.1673,32,-.78125,3.125,1252,5.59234,8.5,75.2,6.33,1.46,0,6.66667,0,14.2196,5.22,-8.53039,1,8,0,0,0,0,0,0,2.304,0,190.4
3521,1711.600,14.2565,13.8961,14.1673,32,-.78125,3.125,1244.25,5.59234,10,75.2,6.55,1.46,0,6.66667,0,14.2196,5.22,-8.53039,1,8,0,0,0,0,0,0,2.304,0,190.4
3522,1711.640,14.3397,13.8961,14.1807,32,-.78125,3.125,1225.25,5.59234,12,75.2,6.59,1.46,0,6.66667,0,14.2196,5.22,-8.53031,1,8,0,0,1,0,0,0,2.304,0,190.4
3523,1711.680,14.0883,13.8961,14.1941,32,-.78125,3.125,1206.5,5.59234,13.5,75.2,6.63,1.46,0,6.66667,0,14.2196,5.22,-8.53023,1,8,0,0,1,0,0,0,2.304,0,190.4
3524,1711.720,14.2972,13.8961,14.1941,32,-.78125,3.125,1210,4.97097,13,75.2,6.63,1.46,0,6.66667,0,14.2196,5.22,-8.53023,1,8,0,0,0,0,0,0,2.304,0,190.4
3525,1711.760,14.4248,14.0109,14.1941,32,0,3.125,1212.25,4.97097,12.5,75.2,6.59,1.46,0,6.66667,0,14.2196,5.22,-8.5301,1,8,0,0,0,0,0,0,2.304,0,190.4
3526,1711.800,14.3823,14.0109,14.2008,32,0,3.125,1223.75,4.97097,12,75.2,6.5,1.46,0,6.66667,0,14.2196,5.22,-8.53002,1,8,0,0,0,0,0,0,2.304,0,190.4
3527,1711.840,14.3823,14.0109,14.2008,32,0,3.125,1236.25,4.97097,10.5,75.2,6.81,1.46,0,6.66667,0,14.2196,5.22,-8.53002,1,8,0,0,0,0,0,0,2.304,0,190.4
3528,1711.880,14.5505,14.0109,14.2008,32,0,3.125,1252,4.97097,8.5,75.2,6.72,1.46,0,6.66667,0,14.2196,5.22,-8.53001,1,8,0,0,0,0,0,0,2.304,0,190.4
3529,1711.920,14.4673,14.0109,14.2008,32,0,3.125,1249.5,4.97097,9,75.2,6.63,1.46,0,6.66667,0,14.2196,5.22,-8.53001,1,8,0,0,0,0,0,0,2.304,0,190.4
3530,1711.960,14.3397,14.0109,14.2075,32,0,3.125,1238.5,4.3496,11,75.2,6.72,1.46,0,6.66667,0,14.2196,5.22,-8.53,1,8,0,0,0,0,0,0,0,0,190.4
3531,1712.000,14.3397,14.1258,14.2075,32,0,3.125,1208.75,4.3496,13.5,75.2,6.72,1.48,0,7.45098,0,14.2196,5.22,-8.52992,1,8,0,0,1,0,0,0,0,0,190.4
3532,1712.040,10.17,14.1258,14.2075,32,0,3.125,1134.5,4.3496,16.5,75.2,6.48,1.36,0,3.52941,0,14.2196,5.22,-8.52992,1,8,0,0,1,0,0,0,0,0,190.4
3533,1712.080,10.17,14.2406,14.2075,32,0,3.125,1090.5,4.3496,16.5,75.2,5.11,1.28,0,2.7451,0,14.2196,5.22,-8.59012,1,8,0,0,1,0,0,0,0,0,190.4
3534,1712.120,10.17,14.5852,14.2142,32,0,3.125,1013.5,4.3496,16.5,75.2,3.64,1.2,0,2.35294,0,14.2196,5.075,-8.65931,1,8,0,0,1,0,0,0,0,0,190.4
3535,1712.160,10.17,14.8148,14.2142,32,0,2.34375,979.5,4.3496,16,75.2,3.14,1.18,0,2.35294,0,14.2196,5.075,-8.65931,1,8,0,0,1,0,0,0,0,0,190.4
3536,1712.200,10.17,15.1594,13.1926,32,0,2.34375,932.25,4.3496,16,75.2,2.81,1.18,0,2.35294,0,14.2196,4.93,-8.77586,1,8,0,0,1,0,0,0,0,0,190.4
3537,1712.240,10.17,16.0781,13.1926,32,0,2.34375,894.5,4.3496,16,75.2,2.7,1.16,0,2.35294,0,14.2196,4.93,-8.77586,1,8,0,0,1,0,0,0,0,0,190.4
3538,1712.280,10.17,16.7672,13.2565,32,0,2.34375,842,4.3496,16,75.2,2.65,1.16,0,2.35294,0,14.2196,4.785,-8.81028,1,8,0,0,1,0,0,0,0,0,190.4
3539,1712.320,10.17,17.1117,12.4558,32,0,2.34375,798.25,4.3496,16,75.2,2.62,1.16,0,2.35294,0,14.2196,4.785,-8.89714,1,8,0,0,1,0,0,0,0,0,190.4
3540,1712.360,10.17,17.9156,12.4558,32,0,2.34375,742,4.3496,16,75.2,2.62,1.14,0,2.35294,0,14.2196,4.785,-8.89714,1,8,0,0,1,0,0,0,0,0,190.4
3541,1712.400,10.17,18.8344,12.4558,32,0,2.34375,692.25,4.3496,16,75.2,2.64,1.16,0,2.35294,0,14.2196,4.785,-8.89707,1,8,0,0,2,0,0,0,0,0,190.4
3542,1712.440,10.17,19.6383,12.4558,32,0,2.34375,626.5,4.3496,16,75.2,2.64,1.18,0,2.35294,0,14.2196,4.785,-8.897,1,8,0,0,2,0,0,0,0,0,190.4
3543,1712.480,10.17,20.2125,12.4558,32,0,2.34375,563.5,4.3496,16,75.2,2.57,1.14,0,2.35294,0,14.2196,4.785,-8.897,1,8,0,0,2,0,0,0,0,0,190.4
3544,1712.520,10.17,20.3273,12.4558,32,0,2.34375,563.5,4.3496,16,75.2,2.57,1.14,0,2.35294,0,14.2196,4.785,-8.89693,1,8,0,0,2,0,0,0,0,0,190.4
3545,1712.560,10.17,20.3273,12.4558,32,0,1.5625,483.5,4.3496,16,75.2,2.57,1.18,0,2.35294,0,14.2196,4.785,-8.89693,1,8,0,0,2,0,0,0,0,0,190.4
3546,1712.600,10.17,20.3273,12.4558,32,0,1.5625,483.5,4.3496,16,75.2,2.57,1.14,0,2.35294,0,14.2196,4.785,-8.89679,1,8,0,0,2,0,0,0,0,0,190.4
3547,1712.640,10.17,20.3273,12.3485,32,0,1.5625,393.25,4.3496,16.5,75.2,2.67,1.2,0,2.35294,0,14.2196,4.93,-8.89679,1,8,0,0,4,0,0,0,0,0,190.4
3548,1712.680,10.17,20.3273,12.3485,32,0,1.5625,393.25,4.3496,16.5,75.2,2.67,1.14,0,2.35294,0,14.2196,4.93,-8.89679,1,8,0,0,4,0,0,0,0,0,190.4
3549,1712.720,10.17,20.3273,12.3485,32,0,1.5625,393.25,4.3496,16.5,75.2,2.67,1.16,0,2.35294,0,14.2196,4.93,-8.89672,1,8,0,0,4,0,0,0,0,0,190.4
3550,1712.760,10.17,20.3273,12.3485,31,0,1.5625,393.25,4.3496,16.5,75.2,2.67,1.24,0,2.35294,0,14.2196,4.93,-8.89659,1,8,0,0,4,0,0,0,0,0,190.4
3551,1712.800,10.17,20.3273,12.3485,31,0,1.5625,393.25,4.3496,16.5,75.2,2.67,1.26,0,2.35294,0,14.2196,4.93,-8.89659,1,8,0,0,4,0,0,0,0,0,190.4
3552,1712.840,10.17,20.3273,12.3485,31,0,1.5625,393.25,4.3496,16.5,75.2,2.67,1.24,0,2.35294,0,14.2196,4.93,-8.89652,1,8,0,0,4,0,0,0,0,0,190.4
3553,1712.880,10.17,20.3273,12.3485,31,0,1.5625,393.25,4.3496,16.5,75.2,2.67,1.22,0,2.35294,0,14.2196,4.93,-8.89652,1,8,0,0,4,0,0,0,0,0,190.4
3554,1712.920,10.17,20.3273,12.3485,31,0,1.5625,393.25,4.3496,16.5,75.2,2.67,1.2,0,2.35294,0,14.2196,4.93,-8.89645,1,8,0,0,4,0,0,0,0,0,190.4
3555,1712.960,10.17,20.3273,12.3485,31,0,1.5625,393.25,4.3496,16.5,75.2,2.67,1.18,0,2.35294,0,14.2196,4.93,-8.89645,1,8,0,0,4,0,0,0,0,0,190.4
3556,1713.000,10.17,20.3273,12.3485,31,0,1.5625,393.25,4.3496,16.5,75.2,2.67,1.18,0,2.35294,0,14.2196,4.93,-8.89645,1,8,0,0,4,0,0,0,0,0,190.4
3557,1713.040,10.17,20.3273,12.3485,31,0,1.5625,393.25,4.3496,16.5,75.2,2.67,1.18,0,2.35294,0,14.2196,4.93,-8.89644,1,8,0,0,4,0,0,0,0,0,190.4
3558,1713.080,10.17,20.3273,12.3485,31,0,1.5625,393.25,4.3496,16.5,75.2,2.67,1.18,0,2.35294,0,14.2196,4.93,-8.89637,1,8,0,0,4,0,0,0,0,0,190.4
3559,1713.120,10.17,20.3273,12.3485,31,0,1.5625,393.25,4.3496,16.5,75.2,2.67,1.18,0,2.35294,0,14.2196,4.93,-8.89637,1,8,0,0,4,0,0,0,0,0,190.4
3560,1713.160,10.17,20.3273,12.3485,31,0,.78125,393.25,4.3496,16.5,75.2,2.67,1.16,0,2.35294,0,14.2196,4.93,-8.89637,1,8,0,0,4,0,0,0,0,0,190.4
3561,1713.200,10.17,20.3273,12.3485,31,0,.78125,393.25,4.3496,16.5,75.2,2.67,1.16,0,2.35294,0,14.2196,4.93,-8.89637,1,8,0,0,4,0,0,0,0,0,190.4
