sample,time,wbo2,AFR,FFB,EGT,AFC,AFL,RPM,MPH,Timing,IAT,MAF,MAF(V),Accelerator,Throttle,RQTQ,ATM(psi),MAP,Trgt_Boost,IAM,CL/OL,FLKC,FBKC,avcs,wgdc,tdi,Tdp,IPW,KNOCK_FLAG,ECT
0,18460.040,10.17,14.7,10.7099,255,0,1.5625,190.5,0,26.5,100.4,2.6,1.24,0,8.23529,0,14.5098,14.065,-9.19205,1,7,0,0,0,0,0,0,1.28,0,111.2
1,18460.080,10.17,14.7,10.7099,255,0,1.5625,190.5,0,26.5,100.4,2.6,1.18,0,8.23529,0,14.5098,14.065,-9.19205,1,7,0,0,0,0,0,0,1.28,0,111.2
2,18460.120,10.17,14.7,10.7099,255,0,1.5625,190.5,0,26.5,100.4,2.6,1.1,0,8.23529,0,14.5098,14.065,-9.19205,1,7,0,0,0,0,0,0,1.28,0,111.2
3,18460.160,10.17,14.7,10.7099,255,0,1.5625,190.5,0,26.5,100.4,2.6,1.16,0,8.23529,0,14.5098,14.065,-9.19205,1,7,0,0,0,0,0,0,1.28,0,111.2
4,18460.200,10.17,14.7,10.7099,255,0,1.5625,197.75,0,26.5,100.4,2.83,1.26,0,8.23529,0,14.5098,13.92,-9.19205,1,7,0,0,0,0,0,0,11.776,0,111.2
5,18460.240,10.17,14.7,10.7099,255,0,1.5625,197.75,0,26.5,100.4,2.83,1.2,0,8.23529,0,14.5098,13.92,-9.19205,1,7,0,0,0,0,0,0,11.776,0,111.2
6,18460.280,10.17,14.7,10.7099,255,0,1.5625,786,0,26.5,100.4,3.46,1.24,0,8.23529,0,14.5098,13.775,-9.19205,1,7,0,0,0,0,0,0,9.728,0,111.2
7,18460.320,10.17,14.7,10.7137,255,0,1.5625,1064.75,0,26.5,100.4,3.85,1.32,0,8.23529,0,14.5098,12.18,-9.19205,1,7,0,0,0,0,0,0,7.68,0,111.2
8,18460.360,22.5979,14.7,10.7597,255,0,1.5625,1408.5,0,26.5,100.4,5.17,1.38,0,8.23529,0,14.5098,10.875,-8.82465,1,7,0,0,0,0,0,0,6.656,0,111.2
9,18460.400,22.7236,14.7,10.7597,255,0,1.5625,1644.75,0,21.5,100.4,6.14,1.46,0,8.62745,0,14.5098,9.715,-8.82465,1,7,0,0,0,0,0,0,5.376,0,111.2
10,18460.440,22.4296,14.7,10.7674,255,0,1.5625,1808,0,21.5,100.4,7.42,1.5,0,8.62745,0,14.5098,8.845,-9.18997,1,7,0,0,0,0,0,0,4.608,0,111.2
11,18460.480,22.7661,14.7,10.7712,255,0,0,1980.25,0,21,100.4,7.86,1.52,0,8.62745,0,14.5098,7.83,-9.76216,1,7,0,0,0,0,0,0,3.584,0,111.2
12,18460.520,22.4722,14.7,10.7712,255,0,0,2070.5,0,20.5,100.4,8.04,1.54,0,8.62745,0,14.5098,7.25,-9.76216,1,7,0,0,0,0,0,0,2.816,0,111.2
13,18460.560,22.5147,14.7,10.7828,255,0,0,2144,0,20,100.4,8.25,1.56,0,8.62745,0,14.5098,6.525,-9.81082,1,7,0,0,0,0,0,0,2.56,0,111.2
14,18460.600,22.4296,14.7,10.7828,255,0,0,2184.5,0,18.5,100.4,8.18,1.54,0,8.62745,0,14.5098,5.945,-9.81082,1,7,0,0,0,0,0,0,2.56,0,111.2
15,18460.640,22.5553,14.7,10.7983,255,0,0,2209.75,0,17.5,100.4,8.18,1.56,0,8.62745,0,14.5098,5.655,-9.81082,1,7,0,0,0,0,0,0,2.56,0,111.2
16,18460.680,22.5979,14.7,10.8099,255,0,0,2219,0,16,102.2,8.25,1.56,0,9.01961,0,14.5098,5.22,-9.81082,1,7,0,0,0,0,0,0,2.304,0,111.2
17,18460.720,22.5979,14.7,10.8099,255,0,0,2209.5,0,15,102.2,8.18,1.56,0,9.01961,0,14.5098,4.93,-9.81082,1,7,0,0,0,0,0,0,2.304,0,111.2
18,18460.760,22.4722,14.7,10.9555,255,0,0,2200,0,14,102.2,8.37,1.56,0,9.01961,0,14.5098,4.785,-9.81082,1,7,0,0,0,0,0,0,2.304,0,111.2
19,18460.800,22.4722,14.7,11.0927,255,0,0,2164.75,0,12.5,102.2,8.56,1.56,0,9.01961,0,14.5098,4.64,-9.81082,1,7,0,0,0,0,0,0,2.304,0,111.2
20,18460.840,22.5147,14.7,11.0927,255,0,0,2138.25,0,11.5,102.2,8.8,1.58,0,9.01961,0,14.5098,4.495,-9.81082,1,7,0,0,0,0,0,0,2.304,0,111.2
21,18460.880,22.4722,14.7,11.105,255,0,0,2081.5,0,10.5,102.2,8.8,1.58,0,9.01961,0,14.5098,4.495,-9.81082,1,7,0,0,0,0,0,0,2.304,0,111.2
22,18460.920,22.5979,14.7,11.105,255,0,0,2047.5,0,9.5,102.2,8.8,1.58,0,9.01961,0,14.5098,4.495,-9.81082,1,7,0,0,0,0,0,0,2.304,0,111.2
23,18460.960,22.5979,14.7,11.2292,255,0,0,2026.75,0,9.5,102.2,8.93,1.58,0,9.01961,0,14.5098,4.35,-9.81082,1,7,0,0,0,0,0,0,2.304,0,111.2
24,18461.000,22.4722,14.7,11.2418,255,0,0,1972.25,0,9.5,102.2,9.31,1.6,0,9.01961,0,14.5098,4.35,-9.80459,1,7,0,0,0,0,0,0,2.304,0,111.2
25,18461.040,22.5147,14.7,11.2418,255,0,0,1937.5,0,9.5,102.2,9.28,1.6,0,9.01961,0,14.5098,4.495,-9.80459,1,7,0,0,0,0,0,0,2.56,0,111.2
26,18461.080,22.4722,14.7,11.3606,255,0,0,1901,0,9.5,102.2,9.17,1.6,0,9.01961,0,14.5098,4.495,-9.65654,1,7,0,0,0,0,0,0,2.56,0,111.2
27,18461.120,22.3871,14.7,11.3735,255,0,0,1841,0,9,102.2,9.11,1.58,0,9.01961,0,14.5098,4.495,-9.47543,1,7,0,0,0,0,0,0,2.56,0,111.2
28,18461.160,22.4722,14.7,11.3735,255,0,0,1809.25,0,9,102.2,9.05,1.58,0,9.01961,0,14.5098,4.495,-9.47543,1,7,0,0,0,0,0,0,2.56,0,111.2
29,18461.200,22.4722,14.7,11.4819,255,0,0,1777,0,9,102.2,9.05,1.6,0,9.01961,0,14.5098,4.495,-9.32171,1,7,0,0,0,0,0,0,2.56,0,111.2
30,18461.240,22.5147,14.7,11.4819,255,0,0,1729.5,0,9,102.2,9.17,1.58,0,9.01961,0,14.5098,4.64,-9.32171,1,7,0,0,0,0,0,0,2.56,0,111.2
31,18461.280,22.5553,14.7,11.4951,255,0,0,1695.75,0,9,102.2,9.28,1.6,0,9.01961,0,14.5098,4.64,-9.14394,1,7,0,0,0,0,0,0,2.816,0,111.2
32,18461.320,22.4722,14.7,11.5969,255,0,0,1669.5,0,8.5,102.2,9.11,1.58,0,9.01961,0,14.5098,4.64,-9.00822,1,7,0,0,0,0,0,0,2.816,0,111.2
33,18461.360,23.6519,14.7,11.5969,255,0,0,1638.5,0,8.5,102.2,8.99,1.6,0,9.01961,0,14.5098,4.64,-9.00822,1,7,0,0,0,0,0,0,2.816,0,111.2
34,18461.400,23.6945,14.7,11.6103,255,0,0,1611.75,0,8.5,102.2,9.22,1.6,0,9.01961,0,14.5098,4.785,-8.86971,1,7,0,0,0,0,0,0,2.816,0,111.2
35,18461.440,23.7776,14.7,11.5215,255,0,0,1577.5,0,9,102.2,9.28,1.58,0,9.01961,0,14.5098,4.785,-8.82465,1,7,0,0,0,0,0,0,2.816,0,111.2
36,18461.480,23.7351,14.7,11.5215,255,0,0,1564.25,0,9.5,102.2,9.28,1.6,0,9.01961,0,14.5098,4.93,-8.82465,1,7,0,0,0,0,0,0,2.816,0,111.2
37,18461.520,23.7776,14.7,11.548,255,0,0,1553.5,0,9.5,102.2,9.39,1.6,0,9.01961,0,14.5098,4.93,-8.82465,1,7,0,0,0,0,0,0,3.072,0,111.2
38,18461.560,23.6945,14.7,11.4907,255,0,0,1548,0,9.5,102.2,9.31,1.58,0,9.01961,0,14.5098,4.93,-8.82465,1,7,0,0,0,0,0,0,3.072,0,111.2
39,18461.600,23.5668,14.7,11.4907,255,0,0,1537.25,0,9.5,102.2,9.11,1.58,0,9.01961,0,14.5098,5.075,-8.82465,1,7,0,0,0,0,0,0,3.072,0,111.2
40,18461.640,23.6094,14.7,11.5303,255,0,0,1521.75,0,9.5,102.2,9.05,1.58,0,9.01961,0,14.5098,5.075,-8.82465,1,7,0,0,0,0,0,0,3.072,0,111.2
41,18461.680,23.5668,14.7,11.5303,255,0,0,1521,0,9.5,102.2,9.17,1.58,0,9.01961,0,14.5098,5.075,-8.82465,1,7,0,0,0,0,0,0,3.072,0,111.2
42,18461.720,23.6945,14.7,11.5215,255,0,0,1516.25,0,9.5,102.2,9.17,1.58,0,9.01961,0,14.5098,5.075,-8.82465,1,7,0,0,0,0,0,0,3.072,0,111.2
43,18461.760,23.5668,14.7,11.5791,255,0,0,1507.5,0,9.5,102.2,9.17,1.6,0,9.01961,0,14.5098,5.075,-8.82465,1,7,0,0,0,0,0,0,3.072,0,111.2
44,18461.800,23.6519,14.7,11.5791,255,0,0,1508.5,0,9.5,102.2,9.11,1.58,0,9.01961,0,14.5098,5.22,-8.82465,1,7,0,0,0,0,0,0,3.072,0,111.2
45,18461.840,23.5243,14.7,11.5613,255,0,0,1507,0,9.5,102.2,9.17,1.58,0,9.01961,0,14.5098,5.22,-8.82465,1,7,0,0,0,0,0,0,3.072,0,111.2
46,18461.880,23.5243,14.7,11.5791,255,0,0,1516.25,0,9,102.2,9.05,1.58,0,9.01961,0,14.5098,5.22,-8.82465,1,7,0,0,0,0,0,0,3.072,0,111.2
47,18461.920,24.031,14.7,11.5791,255,0,0,1510.5,0,9.5,102.2,8.87,1.58,0,9.01961,0,14.5098,5.22,-8.82465,1,7,0,0,0,0,0,0,3.072,0,111.2
48,18461.960,23.8202,14.7,11.6553,255,0,0,1502.25,0,9.5,102.2,9.05,1.58,0,9.01961,0,14.5098,5.22,-8.82465,1,7,0,0,0,0,0,0,3.072,0,111.2
49,18462.000,23.7351,14.7,11.6553,255,0,0,1498,0,9.5,102.2,9.17,1.58,0,9.01961,0,14.5098,5.22,-8.82465,1,7,0,0,0,0,0,0,3.072,0,111.2
50,18462.040,23.8202,14.7,11.6643,255,0,0,1499.5,0,9,102.2,9.05,1.58,0,9.01961,0,14.5098,5.22,-8.82465,1,7,0,0,0,0,0,0,3.072,0,111.2
51,18462.080,23.8202,14.7,11.7325,255,0,0,1496,0,9,102.2,9.11,1.58,0,9.01961,0,14.5098,5.22,-8.82465,1,7,0,0,0,0,0,0,3.072,0,111.2
52,18462.120,23.7351,14.7,11.7325,255,0,0,1502.75,0,9,102.2,8.87,1.58,0,9.01961,0,14.5098,5.22,-8.82465,1,7,0,0,0,0,0,0,3.072,0,111.2
53,18462.160,23.7351,14.7,11.7508,255,0,0,1501.25,0,9,102.2,9.05,1.58,0,9.01961,0,14.5098,5.22,-8.82465,1,7,0,0,0,0,0,0,3.072,0,111.2
54,18462.200,23.6945,14.7,11.7876,255,0,0,1501.5,0,9,102.2,8.93,1.58,0,9.01961,0,14.5098,5.22,-8.82465,1,7,0,0,0,0,0,0,3.072,0,111.2
55,18462.240,23.6519,14.7,11.7876,255,0,0,1497.25,0,9,102.2,9.11,1.58,0,9.01961,0,14.5098,5.22,-8.82465,1,7,0,0,0,0,0,0,3.072,0,111.2
56,18462.280,23.7776,14.7,11.8619,255,0,0,1495.25,0,9,102.2,9.17,1.58,0,9.01961,0,14.5098,5.22,-8.82465,1,7,0,0,0,0,0,0,3.072,0,111.2
57,18462.320,23.7776,14.7,11.8619,255,0,0,1486.5,0,9,102.2,9.05,1.58,0,9.01961,0,14.5098,5.22,-8.82465,1,7,0,0,0,0,0,0,3.072,0,111.2
58,18462.360,23.5668,14.7,11.8854,255,0,0,1481,0,9.5,102.2,8.93,1.58,7.05882,9.01961,75.9668,14.5098,5.22,-8.82465,1,7,0,0,0,0,0,0,3.072,0,111.2
59,18462.400,23.4837,14.7,12.0471,255,0,0,1470.5,0,14,102.2,10.15,1.78,17.2549,16.0784,161.39,14.5098,5.22,-1.23341,1,7,0,0,0,74.902,0,0,3.072,0,111.2
60,18462.440,23.6519,14.7,12.0471,255,0,0,1479,0,16,102.2,20.78,2.16,14.1176,20.7843,136.429,14.5098,6.815,-1.23341,1,7,0,0,0,74.902,0,0,7.936,0,111.2
61,18462.480,23.6945,14.7,2.724,255,0,-1.5625,1533.5,0,17,102.2,28.67,2.16,0,16.8627,0,14.5098,8.41,-5.94806,1,7,0,0,0,74.902,0,0,10.752,0,111.2
62,18462.520,23.7351,14.7,9.22919,255,0,-1.5625,1623,0,16.5,102.2,21.45,1.84,0,9.80392,0,14.5098,8.7,-5.94806,1,7,0,0,0,74.902,0,0,5.376,0,111.2
63,18462.560,23.7351,14.7,9.22919,255,0,-1.5625,1601.5,0,16,102.2,12.79,1.68,0,9.01961,0,14.5098,8.12,-8.88142,1,7,0,0,0,0,0,0,4.608,0,111.2
64,18462.600,23.6945,14.7,12.1443,255,0,-1.5625,1638.5,0,11.5,102.2,9.7,1.62,0,9.01961,0,14.5098,7.105,-8.96925,1,7,0,0,0,0,0,0,4.096,0,111.2
65,18462.640,23.7776,14.7,12.1443,255,0,-1.5625,1599.75,0,11.5,102.2,9.25,1.6,0,8.62745,0,14.5098,6.815,-8.96925,1,7,0,0,0,0,0,0,3.84,0,111.2
66,18462.680,23.8202,14.7,11.9657,255,0,0,1560,0,12,102.2,9.05,1.58,0,8.62745,0,14.5098,6.525,-8.82465,1,7,0,0,0,0,0,0,3.84,0,111.2
67,18462.720,23.6945,14.7,12.3081,255,0,0,1480,0,14,102.2,8.49,1.56,0,8.23529,0,14.5098,6.235,-8.82465,1,7,0,0,0,0,0,0,3.584,0,111.2
68,18462.760,23.6945,14.7,12.3081,255,0,0,1358,0,22.5,102.2,8.16,1.54,0,8.23529,0,14.5098,5.945,-8.82465,1,7,0,0,0,0,0,0,3.328,0,111.2
69,18462.800,23.7351,14.7,12.3586,255,0,0,1288,0,23,102.2,8.16,1.56,1.96078,8.62745,20.4914,14.5098,5.8,-8.7523,1,7,0,0,0,0,0,0,3.328,0,111.2
70,18462.840,23.7776,14.7,12.1052,255,0,0,1228,0,24.5,102.2,8.49,1.58,3.52941,9.80392,38.4238,14.5098,5.8,-8.7523,1,7,0,0,0,0,0,0,3.328,0,111.2
71,18462.880,23.6945,14.7,12.1052,255,0,0,1175,0,19,102.2,10.09,1.66,4.70588,11.3725,53.4542,14.5098,5.8,-7.66558,1,7,0,0,0,41.1765,0,0,3.328,0,111.2
72,18462.920,23.6519,14.7,12.1345,255,0,0,1150.5,0,19,102.2,11.13,1.74,6.66667,12.549,77.8978,14.5098,5.8,-6.76174,1,7,0,0,0,73.7255,0,0,3.328,0,111.2
73,18462.960,23.6945,14.7,12.1345,255,0,0,1119,0,19,102.2,13.85,1.84,5.88235,13.3333,69.1635,14.5098,6.815,-6.76174,1,7,0,0,0,73.7255,0,0,3.84,0,111.2
74,18463.000,23.6945,14.7,5.65151,255,0,0,1112.75,0,19,102.2,15.08,1.84,4.31373,12.549,48.1868,14.5098,7.25,-6.85177,1,7,0,0,0,70.9804,0,0,8.192,0,111.2
75,18463.040,23.7351,14.7,6.3756,255,0,0,1135.25,0,19,102.2,13.78,1.78,3.52941,11.7647,39.0611,14.5098,7.54,-7.59571,1,7,0,0,0,45.098,0,0,6.656,0,111.2
76,18463.080,23.7351,14.7,6.3756,255,0,0,1149,0,19,102.2,12.62,1.74,2.35294,10.5882,26.9146,14.5098,7.685,-7.59571,1,7,0,0,0,45.098,0,0,4.608,0,111.2
77,18463.120,23.6945,14.7,9.63688,255,0,0,1165.25,0,19,102.2,11.38,1.68,2.7451,10.1961,32.8344,14.5098,7.685,-8.04809,1,7,0,0,0,29.0196,0,0,5.12,0,111.2
78,18463.160,23.5668,14.7,10.8294,255,0,0,1183.5,0,19.5,102.2,10.85,1.66,3.52941,10.1961,41.6896,14.5098,7.685,-8.04809,1,7,0,0,0,29.0196,0,0,4.608,0,111.2
79,18463.200,23.6519,14.7,10.8294,255,0,0,1216,0,20.5,102.2,10.86,1.68,4.70588,11.3725,53.3174,14.5098,7.685,-7.57592,1,7,0,0,0,44.7059,0,0,4.608,0,111.2
80,18463.240,23.6945,14.7,11.0196,255,0,0,1233.5,0,21,102.2,11.22,1.74,5.09804,12.1569,56.0993,14.5098,7.685,-7.13239,1,7,0,0,0,60,0,0,4.608,0,111.2
81,18463.280,23.5668,14.7,11.0196,255,0,0,1262,0,21.5,102.2,12.17,1.76,4.70588,12.1569,52.8644,14.5098,7.685,-7.13239,1,7,0,0,0,60,0,0,4.608,0,111.2
82,18463.320,23.6945,14.7,11.1132,255,0,0,1305.25,0,22,102.2,12.71,1.76,3.92157,12.1569,43.7082,14.5098,7.685,-7.31854,1,7,0,0,0,53.3333,0,0,4.608,0,111.2
83,18463.360,23.7776,14.7,11.1296,255,0,0,1360.25,0,22.5,102.2,12.62,1.76,3.13725,11.3725,34.636,14.5098,7.685,-7.68668,1,7,0,0,0,40.3922,0,0,4.608,0,111.2
84,18463.400,24.6208,14.7,11.1296,255,0,0,1407.5,0,23,102.2,11.59,1.7,3.13725,10.5882,34.5008,14.5098,7.685,-7.68668,1,7,0,0,0,40.3922,0,0,4.608,0,111.2
85,18463.440,24.6634,14.7,11.1009,255,0,0,1452,0,24,102.2,11.32,1.7,3.13725,10.5882,34.2325,14.5098,7.685,-7.78877,1,7,0,0,0,36.8627,0,0,4.352,0,111.2
86,18463.480,24.6634,14.7,11.2713,255,0,0,1463.5,0,24.5,102.2,11.23,1.68,3.13725,10.5882,33.9913,14.5098,7.54,-7.78877,1,7,0,0,0,36.8627,0,0,4.352,0,111.2
87,18463.520,24.6208,14.7,11.2713,255,0,0,1492.75,0,25.5,102.2,11.13,1.7,3.13725,10.5882,33.8092,14.5098,7.395,-7.79929,1,7,0,0,0,36.4706,0,0,3.84,0,111.2
88,18463.560,24.704,14.7,12.5231,255,0,0,1513.25,0,26,102.2,11.35,1.7,3.52941,10.5882,36.5285,14.5098,7.105,-7.80693,1,7,0,0,0,36.0784,0,0,3.84,0,111.2
89,18463.600,24.7466,14.7,12.5231,255,0,0,1516.5,0,26.5,102.2,11.38,1.7,3.52941,10.5882,36.4539,14.5098,6.815,-7.80693,1,7,0,0,0,36.0784,0,0,3.84,0,111.2
90,18463.640,24.6634,14.7,12.5545,255,0,0,1516,0,26.5,102.2,11.29,1.7,3.52941,10.9804,36.4826,14.5098,6.815,-7.72536,1,7,0,0,0,39.2157,0,0,3.84,0,111.2
91,18463.680,24.5783,14.7,12.1492,255,0,0,1513.75,0,26.5,102.2,11.41,1.7,3.52941,10.9804,36.4799,14.5098,6.67,-7.72421,1,7,0,0,0,39.2157,0,0,3.84,0,111.2
92,18463.720,24.6208,14.7,12.1492,255,0,0,1510.5,1.24274,26.5,102.2,11.47,1.72,3.13725,10.9804,33.7108,14.5098,6.67,-7.72421,1,7,0,0,0,39.2157,0,0,3.584,0,111.2
93,18463.760,24.5783,14.7,12.258,255,0,0,1505,1.24274,26.5,102.2,11.44,1.7,3.13725,10.9804,33.7481,14.5098,6.525,-7.80825,1,7,0,0,0,36.0784,0,0,3.584,0,111.2
94,18463.800,24.5358,14.7,12.258,255,0,0,1493.75,1.24274,26,102.2,11.5,1.7,2.7451,10.5882,30.9952,14.5098,6.525,-7.80825,1,7,0,0,0,36.0784,0,0,3.584,0,111.2
95,18463.840,24.6634,14.7,12.3739,255,0,0,1486.25,1.24274,26,102.2,11.29,1.7,2.35294,10.1961,25.4362,14.5098,6.525,-7.88967,1,7,0,0,0,33.3333,0,0,3.584,0,111.2
96,18463.880,23.7351,14.7,12.4403,255,0,0,1472.5,1.24274,26,102.2,10.99,1.66,2.35294,10.1961,25.4885,14.5098,6.525,-7.97106,1,7,0,0,0,30.1961,0,0,3.584,0,111.2
97,18463.920,23.6519,14.7,12.4403,255,0,0,1460.5,1.24274,26,102.2,10.78,1.68,2.35294,9.80392,25.5521,14.5098,6.38,-7.97106,1,7,0,0,0,30.1961,0,0,3.584,0,111.2
98,18463.960,23.6945,14.7,12.5492,255,0,0,1443.5,1.86411,25.5,102.2,10.64,1.66,2.35294,9.80392,25.6273,14.5098,6.38,-8.0533,1,7,0,0,0,27.451,0,0,3.584,0,111.2
99,18464.000,23.6945,14.7,12.7404,255,0,0,1426.25,1.86411,25.5,102.2,10.36,1.66,1.56863,9.80392,17.1903,14.5098,6.235,-8.2205,1,7,0,0,0,21.5686,0,0,3.328,0,111.2
100,18464.040,23.6945,14.7,12.7404,255,0,0,1400.25,1.86411,25.5,102.2,10.43,1.64,.784314,9.41177,5.84544,14.5098,6.235,-8.2205,1,7,0,0,0,21.5686,0,0,3.328,0,111.2
101,18464.080,23.6945,14.7,12.7566,255,0,0,1373.25,1.86411,25,102.2,9.7,1.62,.392157,9.01961,2.39844,14.5098,6.235,-8.72703,1,7,0,0,0,3.52941,0,0,3.328,0,111.2
102,18464.120,23.7351,14.7,12.7946,255,0,0,1346.75,1.86411,25,102.2,9.35,1.58,0,8.23529,0,14.5098,6.09,-8.72703,1,7,0,0,0,3.52941,0,0,3.328,0,111.2
103,18464.160,23.7351,14.7,12.7946,255,0,0,1311.5,1.86411,30.5,102.2,8.62,1.56,0,8.23529,0,14.5098,6.09,-8.82465,1,7,0,0,0,0,0,0,3.328,0,111.2
104,18464.200,23.6945,14.7,12.8,255,0,0,1296.25,1.86411,30,102.2,8.2,1.54,0,7.84314,0,14.5098,5.945,-8.82465,1,7,0,0,0,0,0,0,3.328,0,111.2
105,18464.240,23.6094,14.7,12.8,255,0,0,1254,1.86411,29,102.2,7.96,1.52,0,7.84314,0,14.5098,5.945,-8.82465,1,7,0,0,0,0,0,0,3.072,0,111.2
106,18464.280,23.6945,14.7,12.8109,255,0,0,1224,2.48548,28.5,102.2,7.94,1.52,0,7.84314,0,14.5098,5.8,-8.82465,1,7,0,0,0,0,0,0,3.072,0,111.2
107,18464.320,23.5243,14.7,12.8382,255,0,0,1219.75,2.48548,28,102.2,7.86,1.52,0,7.84314,0,14.5098,5.8,-8.82465,1,7,0,0,0,0,0,0,3.072,0,111.2
108,18464.360,23.8202,14.7,12.8382,255,0,0,1241.25,2.48548,28,102.2,7.84,1.5,0,7.84314,0,14.5098,5.8,-8.82465,1,7,0,0,0,0,0,0,3.072,0,111.2
109,18464.400,23.8202,14.7,12.8492,255,0,0,1290.5,2.48548,27.5,102.2,7.86,1.52,0,7.84314,0,14.5098,5.8,-8.82465,1,7,0,0,0,0,0,0,3.072,0,111.2
110,18464.440,23.7776,14.7,12.8547,255,0,0,1316.25,2.48548,26,102.2,7.9,1.52,0,7.84314,0,14.5098,5.655,-8.82465,1,7,0,0,0,0,0,0,3.072,0,111.2
111,18464.480,23.7351,14.7,12.8547,255,0,0,1364.5,2.48548,21,102.2,7.92,1.52,0,7.84314,0,14.5098,5.655,-8.82465,1,7,0,0,0,0,0,0,3.072,0,111.2
112,18464.520,23.6094,14.7,12.8822,255,0,0,1398.75,2.48548,17.5,102.2,7.9,1.52,0,7.84314,0,14.5098,5.655,-8.82465,1,7,0,0,0,0,0,0,2.816,0,111.2
113,18464.560,23.6945,14.7,12.8822,255,0,0,1424.25,2.48548,15,102.2,7.98,1.54,0,7.84314,0,14.5098,5.51,-8.82465,1,7,0,0,0,0,0,0,2.816,0,111.2
114,18464.600,23.7351,14.7,12.8932,255,0,0,1443.5,2.48548,13,102.2,7.96,1.52,0,7.84314,0,14.5098,5.365,-8.82465,1,7,0,0,0,0,0,0,2.816,0,111.2
115,18464.640,23.8202,14.7,12.9098,255,0,0,1457.5,2.48548,12,102.2,7.94,1.52,0,7.84314,0,14.5098,5.365,-8.82465,1,7,0,0,0,0,0,0,2.816,0,111.2
116,18464.680,23.7351,14.7,12.9098,255,0,0,1466.25,2.48548,11.5,102.2,7.94,1.52,0,7.84314,0,14.5098,5.22,-8.82465,1,7,0,0,0,0,0,0,2.816,0,111.2
117,18464.720,23.6945,14.7,12.9264,255,0,0,1459.75,2.48548,12.5,102.2,7.96,1.52,0,7.84314,0,14.5098,5.22,-8.82465,1,7,0,0,0,0,0,0,2.816,0,111.2
118,18464.760,23.7351,14.5852,12.9264,255,0,0,1448.75,1.86411,13.5,102.2,7.94,1.52,0,7.84314,0,14.5098,5.075,-8.82465,1,7,0,0,0,0,0,0,2.816,0,111.2
119,18464.800,23.7351,14.5852,12.9431,255,0,0,1443.25,1.86411,14,102.2,7.94,1.52,0,7.84314,0,14.5098,5.075,-8.82465,1,7,0,0,0,0,0,0,2.816,0,111.2
120,18464.840,23.7351,14.5852,12.971,255,0,0,1445.5,1.86411,14.5,102.2,7.94,1.54,0,7.84314,0,14.5098,5.075,-8.82465,1,7,0,0,0,0,0,0,2.816,0,111.2
121,18464.880,23.7776,14.5852,12.971,255,0,0,1449.25,1.86411,14.5,102.2,7.96,1.54,1.96078,8.62745,22.8008,14.5098,5.075,-8.82465,1,7,0,0,0,0,0,0,2.816,0,111.2
122,18464.920,23.7776,14.5852,12.9766,255,0,0,1448.25,1.86411,15.5,102.2,8.26,1.58,3.92157,9.80392,42.5754,14.5098,5.075,-7.96686,1,7,0,0,0,30.5882,0,0,2.56,0,111.2
123,18464.960,23.7351,14.5852,12.9934,255,0,0,1461.75,1.86411,19.5,102.2,9.49,1.64,4.31373,10.9804,45.2822,14.5098,5.075,-7.45869,1,7,0,0,0,48.6275,0,0,2.816,0,111.2
124,18465.000,23.6945,14.5852,12.9934,255,0,0,1485.25,1.86411,20,102.2,10.78,1.72,4.31373,11.3725,45.078,14.5098,5.075,-7.45869,1,7,0,0,0,48.6275,0,0,2.816,0,111.2
125,18465.040,23.6945,14.5852,13.0158,255,0,0,1514.75,1.86411,21,102.2,11.65,1.74,3.52941,11.3725,39.2554,14.5098,5.22,-7.5541,1,7,0,0,0,45.098,0,0,2.816,0,111.2
126,18465.080,23.7351,14.5852,11.9136,255,0,0,1550.75,1.86411,22,102.2,11.9,1.74,2.35294,10.9804,25.1732,14.5098,5.365,-7.5541,1,7,0,0,0,45.098,0,0,3.328,0,111.2
127,18465.120,23.6945,14.5852,11.9136,255,0,0,1626.75,1.86411,23,102.2,11.35,1.68,.784314,9.80392,8.55718,14.5098,5.655,-8.06529,1,7,0,0,0,27.0588,0,0,3.584,0,111.2
128,18465.160,23.6519,14.5852,12.6867,255,0,0,1674.5,1.86411,24,102.2,10.01,1.62,.784314,9.01961,5.80464,14.5098,5.655,-8.75166,1,7,0,0,0,13.7255,0,0,3.072,0,111.2
129,18465.200,23.8202,14.5852,12.6867,255,0,0,1717.25,1.86411,24.5,102.2,9.42,1.6,1.17647,8.62745,11.1223,14.5098,5.655,-8.75166,1,7,0,0,0,13.7255,0,0,3.072,0,111.2
130,18465.240,23.6945,14.5852,12.7189,255,0,0,1747.25,1.86411,25.5,102.2,9.31,1.6,1.17647,8.62745,13.7259,14.5098,5.51,-8.74613,1,7,0,0,0,30.5882,0,0,3.072,0,111.2
131,18465.280,23.5668,14.5852,12.8656,255,0,0,1765,1.86411,26.5,102.2,8.99,1.58,1.17647,8.62745,13.69,14.5098,5.365,-8.76454,1,7,0,0,0,39.6078,0,0,2.816,0,111.2
132,18465.320,23.7776,14.5852,12.8656,255,0,0,1777,1.86411,27.5,102.2,8.8,1.58,1.17647,8.62745,13.6651,14.5098,5.22,-8.76454,1,7,0,0,0,39.6078,0,0,2.816,0,111.2
133,18465.360,23.6519,14.5852,13.0951,255,0,0,1791.75,1.86411,28,102.2,8.74,1.58,2.7451,8.62745,26.7349,14.5098,5.22,-8.64255,1,7,0,0,0,46.6667,0,0,2.816,0,111.2
134,18465.400,23.7776,14.5852,13.1122,255,0,0,1811.25,1.86411,28.5,102.2,8.93,1.6,3.13725,9.41177,31.8545,14.5098,5.075,-8.64255,1,7,0,0,0,46.6667,0,0,2.56,0,111.2
135,18465.440,23.7776,14.4703,13.1122,255,0,0,1815.25,1.86411,28.5,102.2,9.35,1.62,3.13725,9.80392,31.8289,14.5098,4.93,-8.21846,1,7,0,0,0,55.6863,0,0,2.56,0,111.2
136,18465.480,23.6945,14.4703,13.1351,255,0,0,1821.25,1.86411,28.5,102.2,9.77,1.64,2.7451,10.1961,29.1894,14.5098,4.93,-8.33583,1,7,0,0,0,55.6863,0,0,2.56,0,111.2
137,18465.520,23.6519,14.4703,13.1351,255,0,0,1828.5,1.86411,28.5,102.2,10.22,1.66,2.7451,10.1961,29.1486,14.5098,4.93,-8.33583,1,7,0,0,0,55.6863,0,0,2.56,0,111.2
138,18465.560,23.6094,14.4703,13.1523,255,0,0,1847,1.86411,29,102.2,10.57,1.66,3.13725,10.1961,31.6879,14.5098,4.93,-8.36522,1,7,0,0,0,57.6471,0,0,2.56,0,111.2
139,18465.600,23.6945,14.4703,13.1753,255,0,0,1846.75,1.86411,29,102.2,10.5,1.66,3.13725,10.1961,31.6335,14.5098,4.93,-8.28491,1,7,0,0,0,59.2157,0,0,2.56,0,111.2
140,18465.640,23.6094,14.4703,13.1753,255,0,0,1841,1.86411,29,102.2,10.57,1.66,3.52941,10.5882,36.7935,14.5098,4.93,-8.28491,1,7,0,0,0,59.2157,0,0,2.56,0,111.2
141,18465.680,23.7351,14.4703,13.1926,255,0,0,1840.5,1.86411,29,102.2,10.64,1.68,3.92157,10.5882,39.4432,14.5098,4.93,-8.0047,1,7,0,0,0,62.7451,0,0,2.56,0,111.2
142,18465.720,23.6519,14.4703,13.21,255,0,0,1834.75,1.86411,29,102.2,11.16,1.7,4.31373,11.3725,42.0829,14.5098,5.075,-8.0047,1,7,0,0,0,62.7451,0,0,2.816,0,111.2
143,18465.760,23.6945,14.4703,13.21,255,0,0,1815.75,1.86411,28.5,102.2,11.5,1.72,3.92157,11.3725,39.6379,14.5098,5.075,-7.89037,1,7,0,0,0,62.7451,0,0,2.816,0,111.2
144,18465.800,23.6094,14.3555,13.2274,255,0,0,1795,1.86411,28.5,102.2,11.56,1.72,4.31373,10.9804,42.4198,14.5098,5.075,-7.91965,1,7,0,0,0,58.8235,0,0,2.816,0,111.2
145,18465.840,23.5243,14.3555,13.2274,255,0,0,1748.25,1.86411,28,102.2,11.56,1.72,4.31373,10.9804,42.6502,14.5098,5.075,-7.91965,1,7,0,0,0,58.8235,0,0,2.816,0,111.2
146,18465.880,23.6519,14.3555,13.1408,255,0,0,1713.75,1.86411,28,102.2,11.47,1.72,4.31373,10.9804,43.1095,14.5098,5.22,-7.74214,1,7,0,0,0,56.8627,0,0,2.816,0,111.2
147,18465.920,23.6945,14.3555,13.0723,255,0,0,1673.25,1.86411,28,102.2,11.44,1.72,4.31373,10.9804,43.4529,14.5098,5.22,-7.61592,1,7,0,0,0,51.7647,0,0,3.072,0,111.2
148,18465.960,23.6945,14.3555,13.0723,255,0,0,1629,1.86411,27.5,102.2,11.59,1.74,4.70588,11.3725,49.2612,14.5098,5.365,-7.61592,1,7,0,0,0,51.7647,0,0,3.072,0,111.2
149,18466.000,23.6519,14.3555,12.9654,255,0,0,1589.25,1.86411,27.5,102.2,11.84,1.76,5.88235,12.549,60.6037,14.5098,5.51,-7.18895,1,7,0,0,0,59.6078,0,0,3.072,0,111.2
150,18466.040,23.6094,14.3555,11.8247,255,0,0,1549.75,2.48548,27,102.2,13.33,1.82,5.88235,13.3333,63.8486,14.5098,5.655,-7.18895,1,7,0,0,0,59.6078,0,0,3.328,0,111.2
151,18466.080,23.6094,14.2406,11.8247,255,0,0,1518.5,2.48548,27,102.2,15.4,1.88,6.66667,13.7255,72.5966,14.5098,5.945,-6.89863,1,7,0,0,0,68.6274,0,0,4.608,0,111.2
152,18466.120,23.6094,14.2406,7.98557,255,0,0,1499.25,2.48548,26.5,102.2,16.75,1.9,7.45098,14.5098,78.4638,14.5098,6.38,-6.54202,1,7,0,0,0,74.902,0,0,5.376,0,111.2
153,18466.160,23.5668,14.2406,7.98557,255,0,0,1493,2.48548,25.5,102.2,17.59,1.94,7.45098,14.902,81.3616,14.5098,6.96,-6.54202,1,7,0,0,0,74.902,0,0,5.632,0,111.2
154,18466.200,23.6519,14.2406,7.96234,255,0,0,1507.5,2.48548,24,102.2,18.78,1.96,7.84314,15.2941,84.1157,14.5098,7.54,-6.3725,1,7,0,0,0,74.902,0,0,5.888,0,111.2
155,18466.240,23.6519,14.2406,8.23908,255,0,0,1527.5,2.48548,22,102.2,19.15,1.96,7.84314,15.6863,83.8713,14.5098,7.975,-6.29464,1,7,0,0,0,74.902,0,0,6.144,0,111.2
156,18466.280,23.6094,14.2406,8.23908,255,0,0,1554.5,2.48548,20,102.2,19.29,1.96,8.23529,15.6863,86.0788,14.5098,8.265,-6.29464,1,7,0,0,0,74.902,0,0,5.888,0,111.2
157,18466.320,23.8202,14.1258,9.34376,255,0,0,1579.25,2.48548,18,102.2,19.52,1.98,7.45098,15.6863,79.9412,14.5098,8.41,-6.31766,1,7,0,0,0,74.902,0,0,5.632,1,111.2
158,18466.360,23.5668,14.1258,10.3884,255,0,0,1592.25,2.48548,16,102.2,19.44,1.96,7.45098,15.6863,79.7276,14.5098,8.555,-6.41964,1,7,0,0,0,74.902,0,0,5.632,0,111.2
159,18466.400,23.4837,14.1258,10.3884,255,0,0,1600.5,2.48548,16,102.2,19.59,1.96,7.05882,15.6863,74.1253,14.5098,8.7,-6.41964,1,7,0,0,0,74.902,0,0,5.376,0,111.2
160,18466.440,23.8627,14.1258,10.9316,255,0,0,1593.25,3.10686,16,102.2,18.93,1.94,6.66667,14.902,71.4987,14.5098,8.7,-6.66766,1,7,0,0,0,74.902,0,0,5.632,0,111.2
161,18466.480,24.6208,14.1258,10.9316,255,0,0,1575.5,3.10686,15.5,102.2,18.11,1.92,6.66667,14.902,69.0101,14.5098,8.7,-6.66766,1,7,0,0,0,74.902,0,0,5.376,0,111.2
162,18466.520,24.6208,14.0109,11.0156,255,0,0,1541.25,3.10686,15.5,102.2,17.89,1.92,6.27451,14.5098,66.7203,14.5098,8.7,-6.74294,1,7,0,0,0,74.1176,0,0,5.376,0,111.2
163,18466.560,24.4932,14.0109,11.1461,255,0,0,1494.75,3.10686,15.5,102.2,17.52,1.9,6.66667,14.5098,72.9386,14.5098,8.7,-6.70878,1,7,0,0,0,74.902,0,0,5.376,0,111.2
164,18466.600,24.4932,14.0109,11.1461,255,0,0,1430,3.72823,15.5,102.2,16.98,1.9,6.66667,14.5098,71.0469,14.5098,8.7,-6.70878,1,7,0,0,0,74.902,0,0,5.376,0,111.2
165,18466.640,24.4932,14.0109,11.2292,255,0,0,1348.75,3.72823,15,102.2,17.29,1.88,6.66667,14.5098,72.1866,14.5098,8.7,-6.663,1,7,0,0,0,74.902,0,0,5.376,0,111.2
166,18466.680,24.5783,13.8961,11.2,255,0,0,1258,4.3496,14.5,102.2,17.22,1.88,5.09804,14.5098,58.3198,14.5098,8.845,-7.06541,1,7,0,0,0,62.3529,0,0,5.376,0,111.2
167,18466.720,24.5783,13.8961,11.2,255,0,0,1210,4.3496,14.5,102.2,16.75,1.86,5.09804,13.3333,56.3275,14.5098,8.99,-7.06541,1,7,0,0,0,62.3529,0,0,5.632,0,111.2
168,18466.760,24.5783,13.8961,10.1297,255,0,0,1128.75,4.3496,14,102.2,15.25,1.82,5.09804,13.3333,57.0793,14.5098,9.28,-7.12568,1,7,0,0,0,60.7843,0,0,5.888,0,111.2
169,18466.800,24.5358,13.7813,10.1297,255,0,0,1088.25,4.3496,14,102.2,14.91,1.82,4.70588,13.3333,54.4133,14.5098,9.28,-7.12568,1,7,0,0,0,60.7843,0,0,5.888,0,111.2
170,18466.840,24.5783,13.7813,10.5338,255,0,0,1035.25,4.97097,14,102.2,14.65,1.82,5.88235,13.3333,67.1048,14.5098,9.425,-7.13546,1,7,0,0,0,61.5686,0,0,5.888,0,111.2
171,18466.880,24.5783,13.7813,10.5412,255,0,0,965.75,4.97097,13,102.2,14.65,1.82,6.27451,13.7255,74.0366,14.5098,9.57,-6.65254,1,7,0,0,0,74.902,0,0,6.144,0,111.2
172,18466.920,24.5783,13.7813,10.5412,255,0,0,949.5,4.97097,13,102.2,14.57,1.84,6.66667,14.1176,77.3294,14.5098,9.715,-6.65254,1,7,0,0,0,74.902,0,0,6.912,0,111.2
173,18466.960,24.5783,13.6664,9.27182,255,0,0,947,4.97097,12.5,102.2,14.74,1.82,6.27451,14.1176,74.2532,14.5098,10.005,-6.64492,1,7,0,0,0,74.902,0,0,7.424,0,111.2
174,18467.000,24.5783,13.6664,9.20098,255,0,0,999.25,5.59234,12,102.2,14.39,1.8,6.27451,14.1176,73.9967,14.5098,10.295,-6.64046,1,7,0,0,0,74.902,0,0,7.168,0,111.2
175,18467.040,24.5783,13.6664,9.20098,255,0,0,1045.25,5.59234,12,102.2,14.31,1.82,6.66667,14.1176,79.2117,14.5098,10.44,-6.64046,1,7,0,0,0,74.902,0,0,6.912,0,111.2
176,18467.080,24.5358,13.5516,10.2679,255,0,0,1125,5.59234,12.5,102.2,14.82,1.82,6.66667,14.5098,78.6911,14.5098,10.585,-6.4732,1,7,0,0,0,74.902,0,0,6.656,0,111.2
177,18467.120,23.6519,13.5516,10.2679,255,0,0,1142.25,5.59234,12.5,102.2,15.08,1.84,6.27451,14.902,71.9666,14.5098,10.585,-6.4732,1,7,0,0,0,74.902,0,0,6.144,0,111.2
178,18467.160,23.6945,13.4367,10.752,255,0,0,1148.5,5.59234,12.5,102.2,15.34,1.84,5.09804,14.5098,56.8337,14.5098,10.44,-6.7608,1,7,0,0,0,73.7255,0,0,6.144,0,111.2
179,18467.200,23.6945,13.4367,10.8684,255,0,0,1152,5.59234,12.5,102.2,14.99,1.82,5.09804,13.3333,56.8595,14.5098,10.44,-7.22021,1,7,0,0,0,57.6471,0,0,6.144,0,111.2
180,18467.240,23.8202,13.4367,10.8684,255,0,0,1142.5,6.21371,13,102.2,14.22,1.8,5.4902,13.3333,62.8885,14.5098,10.44,-7.22021,1,7,0,0,0,57.6471,0,0,6.144,0,111.2
181,18467.280,23.7776,13.3219,10.9555,255,0,0,1144.5,6.21371,13,102.2,13.87,1.82,5.88235,13.7255,68.9369,14.5098,10.44,-6.85306,1,7,0,0,0,70.5882,0,0,5.888,0,111.2
182,18467.320,23.7776,13.3219,11.1214,255,0,0,1161,6.21371,13,102.2,14.31,1.82,5.88235,14.1176,65.7583,14.5098,10.295,-6.85332,1,7,0,0,0,70.5882,0,0,5.888,0,111.2
183,18467.360,23.5668,13.207,11.1214,255,0,0,1185.75,6.21371,13.5,102.2,14.82,1.84,5.4902,14.1176,62.5122,14.5098,10.295,-6.85332,1,7,0,0,0,70.5882,0,0,5.888,0,111.2
184,18467.400,23.6945,13.207,11.2334,255,0,0,1230,6.21371,13.5,102.2,15.08,1.84,5.88235,14.1176,64.973,14.5098,10.15,-6.85461,1,7,0,0,0,70.1961,0,0,5.632,0,111.2
185,18467.440,23.7351,13.0922,11.2334,255,0,0,1272,6.21371,13.5,102.2,15.25,1.84,5.88235,14.1176,67.7183,14.5098,10.15,-6.85461,1,7,0,0,0,70.1961,0,0,5.632,0,111.2
186,18467.480,23.7351,13.0922,11.3692,255,0,0,1282,6.83508,14,102.2,15.34,1.86,5.4902,14.1176,61.4133,14.5098,10.005,-6.79178,1,7,0,0,0,72.1569,0,0,5.632,0,111.2
187,18467.520,23.6945,13.0922,11.5171,255,0,0,1298.75,6.83508,14,102.2,15.67,1.84,5.09804,14.1176,55.3913,14.5098,10.005,-7.15375,1,7,0,0,0,59.2157,0,0,5.632,0,111.2
188,18467.560,23.8202,12.9773,11.5171,255,0,0,1300.5,6.83508,14,102.2,15.42,1.84,4.70588,13.3333,52.4595,14.5098,9.86,-7.15375,1,7,0,0,0,59.2157,0,0,5.376,0,111.2
189,18467.600,23.6945,12.9773,11.6283,255,0,0,1321.5,6.83508,14.5,102.2,14.82,1.82,4.70588,13.3333,52.3032,14.5098,9.86,-7.2422,1,7,0,0,0,56.0784,0,0,5.376,0,111.2
190,18467.640,23.7351,12.8625,12.5283,255,0,0,1341.5,7.45645,14.5,102.2,14.57,1.82,5.09804,13.3333,54.9432,14.5098,9.715,-7.16727,1,7,0,0,0,58.8235,0,0,5.12,0,111.2
191,18467.680,23.7351,12.8625,12.5283,255,0,0,1375.25,7.45645,15,102.2,14.31,1.82,5.09804,13.3333,57.4595,14.5098,9.57,-7.16727,1,7,0,0,0,58.8235,0,0,4.864,0,111.2
192,18467.720,23.5668,12.7477,12.8822,255,0,0,1394.75,7.45645,15,102.2,14.82,1.84,5.09804,13.7255,54.3866,14.5098,9.28,-7.17768,1,7,0,0,0,58.4314,0,0,4.864,0,111.2
193,18467.760,23.6519,12.7477,12.8822,255,0,0,1419.75,7.45645,15.5,102.2,15.17,1.84,4.31373,13.7255,48.443,14.5098,9.135,-7.17768,1,7,0,0,0,58.4314,0,0,4.864,0,111.2
194,18467.800,23.9033,12.6328,12.3536,255,0,0,1440.5,7.45645,15.5,102.2,15.17,1.82,4.31373,12.9412,45.4225,14.5098,9.135,-7.36335,1,7,0,0,0,51.7647,0,0,4.864,0,111.2
195,18467.840,23.8627,12.6328,12.5492,255,0,0,1452.75,7.45645,16,102.2,14.57,1.8,3.52941,12.9412,36.8506,14.5098,8.99,-7.62558,1,7,0,0,0,42.7451,0,0,4.864,0,111.2
196,18467.880,23.7351,12.6328,12.5492,255,0,0,1453.5,8.07783,16,100.4,13.51,1.78,3.13725,12.1569,34.0249,14.5098,8.7,-7.62558,1,7,0,0,0,42.7451,0,0,4.352,0,111.2
197,18467.920,23.6519,12.518,13.416,255,0,0,1451.75,8.07783,16.5,100.4,12.89,1.76,1.96078,11.7647,22.7462,14.5098,8.555,-7.88338,1,7,0,0,0,33.3333,0,0,4.096,0,111.2
198,18467.960,23.6945,12.518,13.9507,255,0,0,1454,8.07783,17,100.4,12.11,1.74,1.17647,10.9804,14.2985,14.5098,8.265,-8.39333,1,7,0,0,0,15.2941,0,0,4.096,0,111.2
199,18468.000,23.7351,12.4031,13.9507,255,0,0,1470.25,8.07783,18,100.4,11.5,1.72,1.17647,10.5882,14.2709,14.5098,7.975,-8.39333,1,7,0,0,0,15.2941,0,0,3.84,0,111.2
200,18468.040,23.8202,12.4031,14.8085,255,0,0,1490.75,8.07783,18.5,100.4,11.2,1.68,1.17647,10.5882,14.2359,14.5098,7.685,-8.39521,1,7,0,0,0,15.2941,0,0,3.584,0,111.2
201,18468.080,23.7776,12.2883,14.8085,255,0,0,1510.25,8.07783,19.5,100.4,11.13,1.68,1.17647,10.5882,14.1979,14.5098,7.395,-8.39521,1,7,0,0,0,15.2941,0,0,3.584,0,111.2
202,18468.120,23.7351,12.2883,15.0754,255,0,0,1526.75,8.07783,20.5,100.4,11.06,1.68,1.17647,10.5882,14.1571,14.5098,7.25,-8.39754,1,7,0,0,0,15.2941,0,0,3.328,0,111.2
203,18468.160,23.7351,12.1734,14.8596,255,0,0,1537.5,8.07783,21,100.4,11.2,1.68,1.17647,10.5882,14.1254,14.5098,6.96,-8.39855,1,7,0,0,0,15.2941,0,0,3.328,0,111.2
204,18468.200,23.6945,12.1734,14.8596,255,0,0,1538.75,8.07783,21.5,100.4,11.23,1.68,1.17647,10.5882,14.1139,14.5098,6.815,-8.39855,1,7,0,0,0,15.2941,0,0,3.328,0,111.2
205,18468.240,23.7351,12.0586,14.7432,255,0,0,1533.5,8.07783,21.5,100.4,11.26,1.7,1.17647,10.5882,14.11,14.5098,6.67,-8.39932,1,7,0,0,0,15.2941,0,0,3.328,0,111.2
206,18468.280,23.7776,12.0586,14.101,255,0,0,1527.75,8.07783,21.5,100.4,11.35,1.7,1.17647,10.5882,14.1212,14.5098,6.67,-8.39868,1,7,0,0,0,15.2941,0,0,3.328,0,111.2
207,18468.320,23.7776,11.9437,14.101,255,0,0,1535,8.07783,21.5,100.4,11.26,1.68,1.17647,10.5882,11.3336,14.5098,6.525,-8.39868,1,7,0,0,0,15.2941,0,0,3.328,0,111.2
208,18468.360,23.6519,11.9437,14.101,255,0,0,1549.75,8.6992,22,100.4,11.13,1.68,.784314,10.1961,8.54878,14.5098,6.525,-8.48272,1,7,0,0,0,12.1569,0,0,3.328,0,111.2
209,18468.400,23.6094,11.8289,14.101,255,0,0,1572.5,8.6992,22,100.4,10.71,1.64,0,9.01961,0,14.5098,6.38,-8.48272,1,7,0,0,0,12.1569,0,0,3.328,0,111.2
210,18468.440,23.7351,11.8289,14.1142,255,0,0,1584.5,8.6992,15,100.4,9.7,1.62,0,9.01961,0,14.5098,6.235,-8.82465,1,7,0,0,0,0,0,0,3.072,0,111.2
211,18468.480,23.8627,11.7141,15.0453,255,0,0,1573.5,8.6992,14.5,100.4,9.16,1.58,0,8.23529,0,14.5098,6.09,-8.82465,1,7,0,0,0,0,0,0,2.816,0,111.2
212,18468.520,23.7776,11.7141,15.0453,255,0,0,1549.25,8.6992,14,100.4,8.43,1.54,0,7.84314,0,14.5098,5.8,-8.82465,1,7,0,0,0,0,0,0,2.816,0,111.2
213,18468.560,23.8627,11.5992,15.1513,255,0,0,1521,8.6992,15,100.4,8.04,1.54,0,7.84314,0,14.5098,5.655,-8.82465,1,7,0,0,0,0,0,0,2.816,0,111.2
214,18468.600,23.7776,11.5992,14.3019,255,0,0,1501.25,8.6992,16,100.4,7.92,1.52,0,7.84314,0,14.5098,5.51,-8.82465,1,7,0,0,0,0,0,0,2.816,0,111.2
215,18468.640,23.7776,11.4844,14.3019,255,0,0,1490.5,8.6992,16.5,100.4,7.82,1.52,0,7.45098,0,14.5098,5.365,-8.82465,1,7,0,0,0,0,0,0,2.816,0,111.2
216,18468.680,23.7351,11.4844,14.2884,255,0,0,1505.5,8.6992,14.5,100.4,7.82,1.5,0,7.45098,0,14.5098,5.365,-8.82465,1,7,0,0,0,0,0,0,2.56,0,111.2
217,18468.720,23.7351,11.3695,14.2884,255,0,0,1526.25,8.6992,12.5,100.4,7.84,1.52,0,7.45098,0,14.5098,5.22,-8.82465,1,7,0,0,0,0,0,0,2.56,0,111.2
218,18468.760,23.7776,11.3695,14.2748,255,0,0,1543.25,8.6992,11,100.4,7.8,1.5,0,7.45098,0,14.5098,5.075,-8.82465,1,7,0,0,0,0,0,0,2.56,0,111.2
219,18468.800,23.8202,11.2547,14.2478,255,0,0,1560.5,8.6992,9.5,100.4,7.77,1.5,0,7.45098,0,14.5098,5.075,-8.82465,1,7,0,0,0,0,0,0,2.56,0,111.2
220,18468.840,23.7351,11.2547,14.2478,255,0,0,1569.25,8.07783,8.5,100.4,7.8,1.5,0,7.45098,0,14.5098,4.93,-8.82465,1,7,0,0,0,0,0,0,2.56,0,111.2
221,18468.880,23.7776,11.2547,14.2276,255,0,0,1562,8.07783,8.5,100.4,7.75,1.5,0,7.45098,0,14.5098,4.93,-8.82465,1,7,0,0,0,0,0,0,2.56,0,111.2
222,18468.920,23.7776,11.1398,14.2142,255,0,0,1541.5,8.07783,10,100.4,7.71,1.48,0,7.45098,0,14.5098,4.785,-8.82465,1,7,0,0,0,0,0,0,2.304,0,111.2
223,18468.960,23.7351,11.1398,14.2142,255,0,0,1513.5,8.07783,12.5,100.4,7.65,1.48,0,7.45098,0,14.5098,4.785,-8.82465,1,7,0,0,0,0,0,0,2.304,0,111.2
224,18469.000,23.6945,11.1398,14.2075,255,0,0,1488.25,8.07783,14.5,100.4,7.65,1.5,0,7.45098,0,14.5098,4.785,-8.82465,1,7,0,0,0,0,0,0,2.304,0,111.2
225,18469.040,23.7351,11.1398,14.2075,255,0,0,1489,8.07783,14.5,100.4,7.69,1.48,0,7.45098,0,14.5098,4.64,-8.82465,1,7,0,0,0,0,0,0,2.304,0,111.2
226,18469.080,23.8202,11.1398,14.1941,255,0,0,1491.75,8.07783,14,100.4,7.63,1.48,0,7.45098,0,14.5098,4.64,-8.82465,1,7,0,0,0,0,0,0,2.304,0,111.2
227,18469.120,23.8627,11.1398,14.154,255,0,0,1479.25,8.07783,15,100.4,7.67,1.5,0,7.84314,0,14.5098,4.64,-8.82465,1,7,0,0,0,0,0,0,2.304,0,111.2
228,18469.160,23.7351,11.1398,14.154,255,0,0,1484.5,8.07783,14.5,100.4,7.8,1.52,0,7.84314,0,14.5098,4.64,-8.82465,1,7,0,0,0,0,0,0,2.304,0,111.2
229,18469.200,23.7776,11.1398,14.1341,255,0,0,1486.75,8.07783,14.5,100.4,7.9,1.52,0,7.84314,0,14.5098,4.64,-8.82465,1,7,0,0,0,0,0,0,2.304,0,111.2
230,18469.240,23.7776,11.1398,14.101,255,0,0,1483.5,8.07783,15,100.4,7.9,1.52,0,7.84314,0,14.5098,4.64,-8.82465,1,7,0,0,0,0,0,0,2.304,0,111.2
231,18469.280,23.6945,11.1398,14.101,255,0,0,1475.75,8.07783,15.5,100.4,7.92,1.52,0,7.84314,0,14.5098,4.64,-8.82465,1,7,0,0,0,0,0,0,2.304,0,111.2
232,18469.320,23.8202,11.1398,14.0812,255,0,0,1469,8.07783,16,100.4,7.96,1.54,0,7.84314,0,14.5098,4.64,-8.82465,1,7,0,0,0,0,0,0,2.304,0,111.2
233,18469.360,23.7776,11.1398,14.0812,255,0,0,1471.5,8.07783,15.5,100.4,8,1.54,0,7.84314,0,14.5098,4.64,-8.82465,1,7,0,0,0,0,0,0,2.304,0,111.2
234,18469.400,23.8202,11.1398,14.0222,255,0,0,1466.25,8.07783,16,100.4,7.98,1.54,0,7.84314,0,14.5098,4.64,-8.82465,1,7,0,0,0,0,0,0,2.304,0,111.2
235,18469.440,23.7351,11.1398,14.0287,255,0,0,1452.75,8.07783,17,100.4,7.96,1.52,0,7.84314,0,14.5098,4.64,-8.82465,1,7,0,0,0,0,0,0,2.304,0,111.2
236,18469.480,23.6094,11.1398,14.0287,255,0,0,1445.25,8.07783,17.5,100.4,7.96,1.54,0,7.84314,0,14.5098,4.785,-8.82465,1,7,0,0,0,0,0,0,2.56,0,111.2
237,18469.520,24.4526,11.1398,14.0483,255,0,0,1440,8.07783,18,100.4,7.98,1.54,0,7.84314,0,14.5098,4.785,-8.82465,1,7,0,0,0,0,0,0,2.56,0,111.2
238,18469.560,24.4932,11.1398,14.0615,243,0,0,1436.75,8.07783,18,100.4,7.98,1.52,0,7.84314,0,14.5098,4.785,-8.82465,1,7,0,0,0,0,0,0,2.56,0,111.2
239,18469.600,24.6634,11.1398,14.0615,243,0,0,1438.5,8.07783,17.5,100.4,7.98,1.54,0,7.84314,0,14.5098,4.785,-8.82465,1,7,0,0,0,0,0,0,2.56,0,111.2
240,18469.640,24.5783,11.1398,14.0746,243,0,0,1446.25,8.07783,16.5,100.4,8,1.52,0,7.84314,0,14.5098,4.785,-8.82465,1,7,0,0,0,0,0,0,2.56,0,111.2
241,18469.680,24.5783,11.1398,14.0746,226,0,0,1452.75,8.07783,16,100.4,7.98,1.52,0,7.84314,0,14.5098,4.785,-8.82465,1,7,0,0,0,0,0,0,2.56,0,111.2
242,18469.720,24.5783,11.1398,14.0878,226,0,0,1462.75,7.45645,15,100.4,7.88,1.52,0,7.84314,0,14.5098,4.785,-8.82465,1,7,0,0,0,0,0,0,2.56,0,111.2
243,18469.760,24.6208,11.1398,14.1076,226,0,0,1459,7.45645,15.5,100.4,7.96,1.52,0,7.84314,0,14.5098,4.785,-8.82465,1,7,0,0,0,0,0,0,2.56,0,111.2
244,18469.800,24.5783,11.1398,14.1076,226,0,0,1457.5,7.45645,15.5,100.4,7.92,1.52,0,7.84314,0,14.5098,4.785,-8.82465,1,7,0,0,0,0,0,0,2.56,0,111.2
245,18469.840,24.5783,11.1398,14.1142,210,0,0,1447,7.45645,16.5,100.4,7.9,1.52,0,7.84314,0,14.5098,4.785,-8.82465,1,7,0,0,0,0,0,0,2.56,0,111.2
246,18469.880,24.6208,11.1398,14.1341,210,0,0,1445.25,7.45645,16.5,100.4,7.94,1.54,0,7.84314,0,14.5098,4.785,-8.82465,1,7,0,0,0,0,0,0,2.56,0,111.2
247,18469.920,24.6634,11.1398,14.1341,210,0,0,1438.75,7.45645,17,100.4,7.98,1.52,0,7.84314,0,14.5098,4.785,-8.82465,1,7,0,0,0,0,0,0,2.56,0,111.2
248,18469.960,24.5783,11.1398,14.1407,196,0,0,1447.25,7.45645,16,100.4,7.94,1.52,0,7.84314,0,14.5098,4.785,-8.82465,1,7,0,0,0,0,0,0,2.56,0,111.2
249,18470.000,24.5783,11.1398,14.1407,196,0,0,1450.75,7.45645,16,100.4,7.9,1.52,0,7.84314,0,14.5098,4.785,-8.82465,1,7,0,0,0,0,0,0,2.56,0,111.2
250,18470.040,24.5783,11.1398,14.1607,196,0,0,1451.25,7.45645,16,100.4,7.88,1.52,0,7.84314,0,14.5098,4.785,-8.82465,1,7,0,0,0,0,0,0,2.56,0,111.2
251,18470.080,24.41,11.1398,14.1807,183,0,0,1454.5,7.45645,15.5,100.4,7.82,1.52,0,7.84314,0,14.5098,4.785,-8.82465,1,7,0,0,0,0,0,0,2.56,0,111.2
252,18470.120,24.4526,11.1398,14.1807,183,0,0,1452.5,6.83508,15.5,100.4,7.79,1.5,0,7.05882,0,14.5098,4.785,-8.82465,1,7,0,0,0,0,0,0,2.56,0,111.2
253,18470.160,23.7351,11.1398,14.1874,183,0,0,1459.25,6.83508,15,100.4,7.65,1.48,0,7.05882,0,14.5098,4.785,-8.82465,1,7,0,0,0,0,0,0,2.304,0,111.2
254,18470.200,23.6945,11.1398,14.2075,171,0,0,1461.75,6.83508,15,100.4,7.19,1.46,0,7.05882,0,14.5098,4.785,-8.82465,1,7,0,0,0,0,0,0,2.304,0,111.2
255,18470.240,23.8202,11.1398,14.2075,171,0,0,1460.25,6.83508,15,100.4,7.37,1.46,0,7.05882,0,14.5098,4.785,-8.82465,1,7,0,0,0,0,0,0,2.304,0,111.2
256,18470.280,23.8202,11.1398,14.2209,171,0,0,1463.5,6.21371,15,100.4,7.09,1.46,0,7.05882,0,14.5098,4.785,-8.82465,1,7,0,0,0,0,0,0,2.304,0,111.2
257,18470.320,23.7351,11.1398,14.2209,160,0,0,1464.5,6.21371,15,100.4,7.37,1.48,0,7.05882,0,14.5098,4.64,-8.82465,1,7,0,0,0,0,0,0,2.304,0,111.2
258,18470.360,23.7776,11.1398,14.2343,160,0,0,1458,6.21371,15.5,100.4,7.58,1.48,0,7.05882,0,14.5098,4.64,-8.82465,1,7,0,0,0,0,0,0,2.304,0,111.2
259,18470.400,23.8627,11.1398,14.2478,160,0,0,1448.25,6.21371,16.5,100.4,7.61,1.48,0,7.05882,0,14.5098,4.64,-8.82465,1,7,0,0,0,0,0,0,2.304,0,111.2
260,18470.440,23.7776,11.1398,14.2478,160,0,0,1438,5.59234,17,100.4,7.37,1.48,0,7.05882,0,14.5098,4.64,-8.82465,1,7,0,0,0,0,0,0,2.304,0,111.2
261,18470.480,23.7776,11.1398,14.336,151,0,0,1441,5.59234,17,100.4,7.58,1.48,0,7.05882,0,14.5098,4.495,-8.82465,1,7,0,0,0,0,0,0,2.304,0,111.2
262,18470.520,23.7776,11.1398,14.3497,151,0,0,1445.25,5.59234,16.5,100.4,7.58,1.48,0,7.05882,0,14.5098,4.495,-8.82465,1,7,0,0,0,0,0,0,2.304,0,111.2
263,18470.560,23.7776,11.1398,14.3497,151,0,0,1442.5,5.59234,16.5,100.4,7.62,1.5,0,7.05882,0,14.5098,4.495,-8.82465,1,7,0,0,0,0,0,0,2.304,0,111.2
264,18470.600,23.7351,11.1398,14.3565,142,0,0,1434.25,4.97097,17.5,100.4,7.65,1.48,0,7.05882,0,14.5098,4.495,-8.82465,1,7,0,0,0,0,0,0,2.304,0,111.2
265,18470.640,23.8202,11.1398,14.3565,142,0,0,1429.75,4.97097,17.5,100.4,7.58,1.48,0,7.05882,0,14.5098,4.495,-8.82465,1,7,0,0,0,0,0,0,2.304,0,111.2
266,18470.680,23.6945,11.1398,14.3771,142,0,0,1430.75,4.97097,17.5,100.4,7.65,1.48,0,7.05882,0,14.5098,4.495,-8.82465,1,7,0,0,0,0,0,0,2.304,0,111.2
267,18470.720,23.6519,11.1398,14.3224,133,0,0,1430.25,4.97097,17.5,100.4,7.6,1.48,0,7.05882,0,14.5098,4.495,-8.82465,1,7,0,0,0,0,0,0,2.304,0,111.2
268,18470.760,23.6945,11.1398,14.3224,133,0,0,1419.25,4.3496,18,100.4,7.49,1.48,0,7.05882,0,14.5098,4.495,-8.82465,1,7,0,0,0,0,0,0,2.304,0,111.2
269,18470.800,23.6945,11.1398,14.336,133,0,0,1414,4.3496,18.5,100.4,7.49,1.48,0,7.05882,0,14.5098,4.495,-8.82465,1,7,0,0,0,0,0,0,2.304,0,111.2
270,18470.840,23.7776,11.1398,14.3565,125,0,0,1407.25,3.72823,19,100.4,7.4,1.48,0,7.05882,0,14.5098,4.495,-8.82465,1,7,0,0,0,0,0,0,2.304,0,111.2
271,18470.880,23.7776,11.1398,14.3565,125,0,0,1402.25,3.72823,19,100.4,7.6,1.48,0,7.05882,0,14.5098,4.495,-8.82465,1,7,0,0,0,0,0,0,2.304,0,111.2
272,18470.920,23.8202,11.1398,14.3634,125,0,0,1407.25,3.72823,18.5,100.4,7.49,1.48,0,7.05882,0,14.5098,4.495,-8.82465,1,7,0,0,0,0,0,0,2.304,0,111.2
273,18470.960,23.8627,11.1398,14.3634,118,0,0,1398.5,3.72823,19.5,100.4,7.37,1.48,0,7.05882,0,14.5098,4.495,-8.82465,1,7,0,0,0,0,0,0,2.304,0,111.2
274,18471.000,23.6094,11.1398,14.3839,118,0,0,1395.75,3.10686,19.5,100.4,7.58,1.48,0,7.05882,0,14.5098,4.495,-8.82465,1,7,0,0,0,0,0,0,2.304,0,111.2
275,18471.040,23.7776,11.1398,14.3908,118,0,0,1397.75,3.10686,19,100.4,7.28,1.46,0,7.05882,0,14.5098,4.495,-8.82465,1,7,0,0,0,0,0,0,2.304,0,111.2
276,18471.080,23.7351,11.1398,14.3908,118,0,0,1395,3.10686,19,100.4,7.37,1.46,0,7.05882,0,14.5098,4.495,-8.82465,1,7,0,0,0,0,0,0,2.304,0,111.2
277,18471.120,23.7776,11.1398,14.4115,112,0,0,1399,3.10686,18.5,100.4,7.28,1.46,0,7.05882,0,14.5098,4.495,-8.82465,1,7,0,0,0,0,0,0,2.304,0,111.2
278,18471.160,23.8627,11.1398,14.4184,112,0,0,1404,2.48548,18,100.4,7.19,1.46,0,7.05882,0,14.5098,4.495,-8.82465,1,7,0,0,0,0,0,0,2.304,0,111.2
279,18471.200,23.7776,11.1398,14.4184,112,0,0,1412,2.48548,17.5,100.4,7.28,1.46,0,7.05882,0,14.5098,4.495,-8.82465,1,7,0,0,0,0,0,0,2.304,0,111.2
280,18471.240,23.7351,11.1398,14.4391,106,0,0,1407.25,2.48548,17.5,100.4,7,1.46,0,7.05882,0,14.5098,4.495,-8.82465,1,7,0,0,0,0,0,0,2.304,0,111.2
281,18471.280,23.7776,11.1398,14.4391,106,0,0,1408.75,2.48548,17.5,100.4,7,1.46,0,7.05882,0,14.5098,4.495,-8.82465,1,7,0,0,0,0,0,0,2.304,0,111.2
282,18471.320,23.6094,11.1398,14.4461,106,0,0,1410,1.86411,17,100.4,7.09,1.46,0,7.05882,0,14.5098,4.495,-8.82465,1,7,0,0,0,0,0,0,2.304,0,111.2
283,18471.360,23.6945,11.1398,14.4669,100,0,0,1411,1.86411,17,100.4,7,1.46,0,7.05882,0,14.5098,4.495,-8.82465,1,7,0,0,0,0,0,0,2.304,0,111.2
284,18471.400,23.7776,11.1398,14.4669,100,0,0,1410,1.86411,17,100.4,7,1.46,0,7.05882,0,14.5098,4.495,-8.82465,1,7,0,0,0,0,0,0,2.304,0,111.2
285,18471.440,23.8202,11.1398,14.4808,100,0,0,1408,1.86411,17.5,100.4,7,1.46,0,7.05882,0,14.5098,4.495,-8.82465,1,7,0,0,0,0,0,0,2.304,0,111.2
286,18471.480,23.8202,11.1398,14.4948,95,0,0,1411.5,1.86411,17,100.4,7,1.46,0,7.05882,0,14.5098,4.495,-8.82465,1,7,0,0,0,0,0,0,2.304,0,111.2
287,18471.520,23.7776,11.1398,14.4948,95,0,0,1406,1.86411,17.5,100.4,7.09,1.48,0,7.05882,0,14.5098,4.495,-8.82465,1,7,0,0,0,0,0,0,2.304,0,111.2
288,18471.560,23.7776,11.1398,14.5087,95,0,0,1399,1.24274,18,100.4,7.28,1.48,0,7.05882,0,14.5098,4.495,-8.82465,1,7,0,0,0,0,0,0,2.304,0,111.2
289,18471.600,23.7351,11.1398,14.5087,91,0,0,1388.25,1.24274,19,100.4,7.19,1.46,0,7.05882,0,14.5098,4.495,-8.82465,1,7,0,0,0,0,0,0,2.304,0,111.2
290,18471.640,23.6094,11.1398,14.5227,91,0,0,1385.5,0,19,100.4,7.37,1.46,0,7.05882,0,14.5098,4.495,-8.82465,1,7,0,0,0,0,0,0,2.304,0,111.2
291,18471.680,23.8627,11.2547,14.5367,91,0,0,1378.25,0,19.5,100.4,7.28,1.46,0,7.05882,0,14.5098,4.495,-8.82465,1,7,0,0,0,0,0,0,2.304,0,111.2
292,18471.720,23.7776,11.2547,14.5367,91,0,0,1381.5,0,19,100.4,7,1.46,0,7.05882,0,14.5098,4.495,-8.82465,1,7,0,0,0,0,0,0,2.304,0,111.2
293,18471.760,23.7776,11.2547,14.5578,87,0,0,1381,0,19,100.4,7.09,1.46,0,7.05882,0,14.5098,4.495,-8.82465,1,7,0,0,0,0,0,0,2.304,0,111.2
294,18471.800,23.8202,11.3695,14.5649,87,0,0,1381.75,0,19,100.4,7,1.48,0,7.05882,0,14.5098,4.495,-8.82465,1,7,0,0,0,0,0,0,2.304,0,111.2
295,18471.840,23.8202,11.3695,14.5649,87,0,0,1383.5,0,18.5,100.4,7.09,1.48,0,7.05882,0,14.5098,4.495,-8.82465,1,7,0,0,0,0,0,0,2.304,0,111.2
296,18471.880,23.6094,11.3695,14.5649,83,0,0,1382.5,0,18.5,100.4,7.19,1.46,0,7.05882,0,14.5098,4.495,-8.82465,1,7,0,0,0,0,0,0,2.304,0,111.2
297,18471.920,23.8627,11.4844,14.5649,83,0,0,1378.5,0,19,100.4,7,1.46,0,7.05882,0,14.5098,4.495,-8.82465,1,7,0,0,0,0,0,0,2.304,0,111.2
298,18471.960,23.8202,11.4844,14.5649,83,0,0,1374.75,0,19,100.4,7,1.46,0,7.05882,0,14.5098,4.495,-8.82465,1,7,0,0,0,0,0,0,2.304,0,111.2
299,18472.000,23.7776,11.4844,14.5649,79,0,0,1370.5,0,19,100.4,7.19,1.46,0,7.05882,0,14.5098,4.495,-8.82465,1,7,0,0,0,0,0,0,2.304,0,111.2
300,18472.040,23.6945,11.5992,14.5649,79,0,0,1368.5,0,19.5,100.4,6.91,1.48,0,7.05882,0,14.5098,4.495,-8.82465,1,7,0,0,0,0,0,0,2.304,0,111.2
301,18472.080,23.7776,11.5992,14.5649,79,0,0,1367.25,0,19,100.4,7.49,1.48,0,7.05882,0,14.5098,4.495,-8.82465,1,7,0,0,0,0,0,0,2.304,0,111.2
302,18472.120,23.6519,11.5992,14.5649,76,0,0,1369,0,19,100.4,7.28,1.46,0,7.05882,0,14.5098,4.495,-8.82465,1,7,0,0,0,0,0,0,2.304,0,111.2
303,18472.160,23.7351,11.5992,14.5649,76,0,0,1371.75,0,18.5,100.4,7.51,1.46,0,7.05882,0,14.5098,4.495,-8.82465,1,7,0,0,0,0,0,0,2.304,0,111.2
304,18472.200,23.8627,11.7141,14.5649,76,0,0,1370,0,18.5,100.4,7.37,1.48,0,7.05882,0,14.5098,4.495,-8.82465,1,7,0,0,0,0,0,0,2.304,0,111.2
305,18472.240,23.8627,11.7141,14.5649,73,0,0,1372.5,0,18,100.4,7.51,1.48,0,7.05882,0,14.5098,4.495,-8.82465,1,7,0,0,0,0,0,0,2.304,0,111.2
306,18472.280,23.8627,11.7141,14.5649,73,0,0,1383.5,0,17,100.4,7.49,1.48,0,7.05882,0,14.5098,4.495,-8.82465,1,7,0,0,0,0,0,0,2.304,0,111.2
307,18472.320,23.8627,11.8289,14.5649,73,0,0,1389.5,0,16.5,100.4,7.6,1.48,0,7.05882,0,14.5098,4.495,-8.82465,1,7,0,0,0,0,0,0,2.304,0,111.2
308,18472.360,23.6519,11.8289,14.5649,73,0,0,1388,0,17,100.4,7.6,1.48,0,7.05882,0,14.5098,4.495,-8.82465,1,7,0,0,0,0,0,0,2.304,0,111.2
309,18472.400,23.6945,11.8289,14.5649,70,0,0,1387.75,0,17,100.4,7.65,1.48,0,7.45098,0,14.5098,4.495,-8.82465,1,7,0,0,0,0,0,0,2.304,0,111.2
310,18472.440,24.5783,11.8289,14.5649,70,0,0,1390.25,0,16.5,100.4,7.6,1.48,0,7.45098,0,14.5098,4.495,-8.82465,1,7,0,0,0,0,0,0,2.304,0,111.2
311,18472.480,24.5783,11.9437,14.5649,70,0,0,1393.25,0,16.5,100.4,7.58,1.48,0,7.45098,0,14.5098,4.495,-8.82465,1,7,0,0,0,0,0,0,2.304,0,111.2
312,18472.520,24.6208,11.9437,14.5649,68,0,0,1383.5,0,17,100.4,7.58,1.48,0,7.45098,0,14.5098,4.495,-8.82465,1,7,0,0,0,0,0,0,2.304,0,111.2
313,18472.560,24.6208,11.9437,14.5649,68,0,0,1384.75,0,17,100.4,7.49,1.48,0,7.45098,0,14.5098,4.495,-8.82465,1,7,0,0,0,0,0,0,2.304,0,111.2
314,18472.600,24.5358,11.9437,14.5649,68,0,0,1375.5,0,17.5,100.4,7.37,1.48,0,7.45098,0,14.5098,4.495,-8.82465,1,7,0,0,0,0,0,0,2.304,0,111.2
315,18472.640,24.4526,11.9437,14.5649,66,0,0,1380,0,17.5,100.4,7.6,1.48,0,7.45098,0,14.5098,4.495,-8.82465,1,7,0,0,0,0,0,0,2.304,0,111.2
316,18472.680,24.5783,11.9437,14.5649,66,0,0,1382.5,0,17,102.2,7.62,1.48,0,7.45098,0,14.5098,4.495,-8.82465,1,7,0,0,0,0,0,0,2.304,0,111.2
317,18472.720,24.5358,11.9437,14.5649,66,0,0,1378,0,17.5,102.2,7.71,1.48,0,7.45098,0,14.5098,4.495,-8.82465,1,7,0,0,0,0,0,0,2.304,0,111.2
318,18472.760,24.5783,11.9437,14.5649,64,0,0,1379.5,0,17,102.2,7.67,1.5,0,7.45098,0,14.5098,4.495,-8.82465,1,7,0,0,0,0,0,0,2.304,0,111.2
319,18472.800,24.6208,11.8289,14.5649,64,0,0,1389,0,16.5,102.2,7.65,1.5,0,7.45098,0,14.5098,4.495,-8.82465,1,7,0,0,0,0,0,0,2.304,0,111.2
320,18472.840,24.5783,11.8289,14.5649,64,0,0,1391.75,0,16,102.2,7.62,1.5,0,7.45098,0,14.5098,4.495,-8.82465,1,7,0,0,0,0,0,0,2.304,0,111.2
321,18472.880,24.3675,11.8289,14.5649,62,0,0,1400.5,0,15.5,102.2,7.69,1.48,0,7.45098,0,14.5098,4.495,-8.82465,1,7,0,0,0,0,0,0,2.304,0,111.2
322,18472.920,24.4932,11.8289,14.5649,62,0,0,1395.25,0,16,102.2,7.69,1.48,0,7.45098,0,14.5098,4.495,-8.82465,1,7,0,0,0,0,0,0,2.304,0,111.2
323,18472.960,24.5358,11.8289,14.5649,62,0,0,1388,0,16.5,102.2,7.71,1.48,0,7.45098,0,14.5098,4.495,-8.82465,1,7,0,0,0,0,0,0,2.304,0,111.2
324,18473.000,24.5783,11.8289,14.5649,62,0,0,1391.25,0,16,102.2,7.67,1.5,0,7.45098,0,14.5098,4.495,-8.82465,1,7,0,0,0,0,0,0,2.304,0,111.2
325,18473.040,24.4932,11.8289,14.5649,60,0,0,1399.5,0,15.5,102.2,7.67,1.48,0,7.45098,0,14.5098,4.495,-8.82465,1,7,0,0,0,0,0,0,2.304,0,111.2
326,18473.080,24.5783,11.8289,14.5649,60,0,0,1390.5,0,16.5,102.2,7.65,1.48,0,7.45098,0,14.5098,4.495,-8.82465,1,7,0,0,0,0,0,0,2.304,0,111.2
327,18473.120,24.5358,11.9437,14.5649,60,0,0,1384,0,17,102.2,7.6,1.48,0,7.45098,0,14.5098,4.495,-8.82465,1,7,0,0,0,0,0,0,2.304,0,111.2
328,18473.160,23.6945,11.9437,14.5649,58,0,0,1390.25,0,16.5,102.2,7.63,1.48,0,7.45098,0,14.5098,4.495,-8.82465,1,7,0,0,0,0,0,0,2.304,0,111.2
329,18473.200,23.8202,11.9437,14.5649,58,0,0,1382.75,0,17,102.2,7.65,1.48,0,7.45098,0,14.5098,4.495,-8.82465,1,7,0,0,0,0,0,0,2.304,0,111.2
330,18473.240,23.7776,11.9437,14.5649,58,0,0,1385,0,17,102.2,7.65,1.48,0,7.45098,0,14.5098,4.495,-8.82465,1,7,0,0,0,0,0,0,2.304,0,111.2
331,18473.280,23.8202,11.9437,14.5649,57,0,0,1388,0,16.5,102.2,7.65,1.5,0,7.45098,0,14.5098,4.495,-8.82465,1,7,0,0,0,0,0,0,2.304,0,111.2
332,18473.320,23.8627,11.9437,14.5649,57,0,0,1389.75,0,16.5,102.2,7.69,1.5,0,7.45098,0,14.5098,4.495,-8.82465,1,7,0,0,0,0,0,0,2.304,0,111.2
333,18473.360,23.7776,11.9437,14.5649,57,0,0,1392.5,0,16,102.2,7.69,1.5,0,7.45098,0,14.5098,4.495,-8.82465,1,7,0,0,0,0,0,0,2.304,0,111.2
334,18473.400,23.7351,11.9437,14.5649,56,0,0,1390.25,0,16.5,102.2,7.69,1.5,0,7.45098,0,14.5098,4.495,-8.82465,1,7,0,0,0,0,0,0,2.304,0,111.2
335,18473.440,23.6519,11.9437,14.5649,56,0,0,1388.75,0,16.5,102.2,7.73,1.5,0,7.45098,0,14.5098,4.495,-8.82465,1,7,0,0,0,0,0,0,2.304,0,111.2
336,18473.480,23.7351,11.9437,14.5649,56,0,0,1390,0,16.5,102.2,7.69,1.5,0,7.45098,0,14.5098,4.495,-8.82465,1,7,0,0,0,0,0,0,2.304,0,111.2
337,18473.520,23.7776,11.9437,14.5649,54,0,0,1392.5,0,16,102.2,7.71,1.5,0,7.45098,0,14.5098,4.495,-8.82465,1,7,0,0,0,0,0,0,2.304,0,111.2
338,18473.560,23.7776,12.0586,14.5649,54,0,0,1394.75,0,16,102.2,7.71,1.5,0,7.45098,0,14.5098,4.495,-8.82465,1,7,0,0,0,0,0,0,2.304,0,111.2
339,18473.600,23.7776,12.0586,14.5649,54,0,0,1386.25,0,16.5,102.2,7.69,1.5,0,7.45098,0,14.5098,4.495,-8.82465,1,7,0,0,0,0,0,0,2.304,0,111.2
340,18473.640,23.7351,12.0586,14.5649,54,0,0,1392,0,16,102.2,7.71,1.5,0,7.45098,0,14.5098,4.64,-8.82465,1,7,0,0,0,0,0,0,2.304,0,111.2
341,18473.680,23.7351,12.0586,14.5649,53,0,0,1400.75,0,15.5,102.2,7.69,1.5,0,7.45098,0,14.5098,4.64,-8.82465,1,7,0,0,0,0,0,0,2.304,0,111.2
342,18473.720,23.6094,12.0586,14.5649,53,0,0,1392,0,16,102.2,7.69,1.48,0,7.45098,0,14.5098,4.64,-8.82465,1,7,0,0,0,0,0,0,2.304,0,111.2
343,18473.760,23.7776,12.0586,14.5649,53,0,0,1398.5,0,15.5,102.2,7.73,1.5,0,7.84314,0,14.5098,4.64,-8.82465,1,7,0,0,0,0,0,0,2.304,0,111.2
344,18473.800,23.7351,12.1734,14.5649,52,0,0,1400.25,0,17,102.2,7.98,1.54,8.23529,8.62745,90.4875,14.5098,4.64,-7.44482,1,7,0,0,0,49.0196,0,0,2.304,0,111.2
345,18473.840,23.7776,12.1734,14.5649,52,0,0,1411,0,19,102.2,10.6,1.76,14.1176,15.2941,135.708,14.5098,4.64,-7.44482,1,7,0,0,0,49.0196,0,0,2.56,0,111.2
346,18473.880,23.7351,12.1734,14.5931,52,0,0,1403,0,19.5,102.2,20.09,2.06,12.9412,18.4314,127.553,14.5098,6.525,-2.57359,1,7,0,0,0,74.902,0,0,5.12,0,111.2
347,18473.920,23.6945,12.1734,3.78639,51,0,0,1443.75,0,19.5,102.2,23.75,2.1,7.45098,17.2549,82.6575,14.5098,7.83,-5.85273,1,7,0,0,0,74.902,0,0,9.472,0,111.2
348,18473.960,23.7776,12.1734,3.78639,51,0,0,1485,0,19.5,102.2,22.58,1.9,0,10.9804,0,14.5098,8.12,-5.85273,1,7,0,0,0,74.902,0,0,6.4,0,111.2
349,18474.000,23.7776,11.9437,10.3741,51,0,0,1472.75,0,18.5,102.2,14.87,1.7,0,9.01961,0,14.5098,8.12,-8.82465,1,7,0,0,0,0,0,0,4.352,0,111.2
350,18474.040,23.7776,11.7141,16.0993,50,0,0,1577,0,18.5,102.2,10.16,1.62,0,8.23529,0,14.5098,7.25,-8.82465,1,7,0,0,0,0,0,0,3.328,0,111.2
351,18474.080,23.9033,11.3695,16.0993,50,0,0,1622.25,0,11.5,102.2,9.19,1.58,0,7.84314,0,14.5098,6.96,-8.82465,1,7,0,0,0,0,0,0,3.328,0,111.2
352,18474.120,23.6945,11.1398,16.1771,50,0,0,1644,0,11.5,102.2,8.2,1.52,0,7.45098,0,14.5098,6.525,-8.93834,1,7,0,0,0,0,0,0,3.072,0,111.2
353,18474.160,23.7351,11.1398,16.1771,49,0,0,1644.5,0,11,102.2,7.88,1.5,0,7.45098,0,14.5098,6.09,-8.93834,1,7,0,0,0,0,0,0,2.816,0,111.2
354,18474.200,23.6519,11.1398,16.4332,49,0,0,1635.5,0,11,102.2,7.69,1.48,3.52941,7.45098,35.6456,14.5098,5.8,-8.93422,1,7,0,0,0,0,0,0,2.56,0,111.2
355,18474.240,23.7776,11.1398,15.9966,49,0,0,1609.5,0,19,102.2,7.75,1.56,8.62745,10.9804,89.4122,14.5098,5.51,-6.3495,1,7,0,0,0,74.902,0,0,2.56,0,111.2
356,18474.280,23.7776,11.1398,15.9966,49,0,0,1551,0,19.5,102.2,11.46,1.78,10.1961,14.1176,105.726,14.5098,5.365,-6.3495,1,7,0,0,0,74.902,0,0,2.816,0,111.2
357,18474.320,23.8202,11.1398,14.3908,49,0,0,1445.75,0,20,102.2,14.35,1.94,10.5882,16.0784,108.449,14.5098,5.51,-5.10939,1,7,0,0,0,74.902,0,0,2.816,0,111.2
358,18474.360,23.8627,11.1398,5.43324,49,0,0,1430.5,0,20,102.2,19,2,10.9804,15.6863,110.865,14.5098,6.815,-4.87766,1,7,0,0,0,74.902,0,0,7.168,0,111.2
359,18474.400,23.7351,11.1398,5.43324,49,0,0,1492.25,0,20.5,102.2,19.89,1.98,11.3725,16.0784,114.946,14.5098,7.685,-4.87766,1,7,0,0,0,74.902,0,0,6.144,0,111.2
360,18474.440,23.6945,11.1398,7.85432,48,0,0,1609,0,20,102.2,20.39,2,10.9804,16.0784,112.583,14.5098,8.12,-4.5345,1,7,0,0,0,74.902,0,0,4.608,0,111.2
361,18474.480,23.6519,11.1398,7.85432,48,0,0,1700,0,20,102.2,20.56,2.02,7.45098,16.0784,78.8161,14.5098,8.41,-4.5345,1,7,0,0,0,74.902,0,0,5.376,0,111.2
362,18474.520,23.6945,11.1398,9.8288,48,0,0,1791.25,0,20.5,102.2,18.85,1.88,.784314,12.1569,5.77306,14.5098,8.555,-6.87524,1,7,0,0,0,72.9412,0,0,4.608,0,111.2
363,18474.560,23.8202,11.1398,11.9514,47,0,0,1894,0,21.5,102.2,11.62,1.66,0,9.01961,0,14.5098,7.83,-9.49529,1,7,0,0,0,0,0,0,3.328,0,111.2
364,18474.600,23.8627,11.1398,11.9514,47,0,0,1936.5,0,22.5,102.2,9.56,1.58,0,8.23529,0,14.5098,7.105,-9.49529,1,7,0,0,0,0,0,0,3.072,0,111.2
365,18474.640,23.8202,11.1398,17.92,47,0,0,1952,0,16,102.2,8.37,1.56,.784314,7.84314,5.73603,14.5098,6.38,-9.7013,1,7,0,0,0,0,0,0,3.072,0,111.2
366,18474.680,23.6945,11.1398,17.6366,46,0,0,1922.25,0,17,102.2,8.04,1.54,5.4902,8.62745,54.0527,14.5098,5.945,-7.5591,1,7,0,0,0,71.7647,0,0,2.56,0,111.2
367,18474.720,23.7776,11.1398,17.6366,46,0,0,1838,0,25,102.2,9.05,1.64,10.1961,12.1569,101.82,14.5098,5.51,-7.5591,1,7,0,0,0,71.7647,0,0,2.56,0,111.2
368,18474.760,23.7776,11.1398,15.6718,46,0,0,1775.5,0,25.5,102.2,12.79,1.88,11.7647,16.0784,116.719,14.5098,5.51,-4.63731,1,7,0,0,0,74.902,0,0,2.816,0,111.2
369,18474.800,23.6519,11.1398,15.6718,46,0,0,1638.25,0,26,102.2,18.48,2.02,11.7647,16.8627,116.49,14.5098,6.235,-4.63731,1,7,0,0,0,74.902,0,0,5.12,0,111.2
370,18474.840,23.7776,11.1398,5.87312,46,0,0,1564.5,0,26,102.2,21.5,2.1,10.9804,18.0392,110.333,14.5098,7.395,-4.54022,1,7,0,0,0,74.902,0,0,6.656,0,111.2
371,18474.880,23.7776,11.1398,6.9705,46,0,0,1604.75,0,23.5,102.2,24.17,2.1,9.41177,18.0392,98.8675,14.5098,8.555,-5.71021,1,7,0,0,0,74.902,0,0,6.656,0,111.2
372,18474.920,23.6094,11.1398,6.9705,45,0,0,1646,0,22,102.2,22.92,2.06,8.23529,16.4706,86.4879,14.5098,8.845,-5.71021,1,7,0,0,0,74.902,0,0,5.12,0,111.2
373,18474.960,24.4526,11.1398,11.056,45,0,0,1699.75,0,21.5,102.2,20.9,2,7.84314,16.0784,80.6636,14.5098,8.99,-6.3113,1,7,0,0,0,74.902,0,0,5.376,0,111.2
374,18475.000,24.41,11.1398,11.9467,45,0,0,1746,0,21.5,102.2,19.74,1.96,7.45098,15.2941,77.243,14.5098,8.99,-6.57645,1,7,0,0,0,74.902,0,0,4.864,0,111.2
375,18475.040,24.4526,11.1398,11.9467,45,0,0,1805.5,0,22,102.2,18.56,1.92,7.84314,15.2941,79.0737,14.5098,8.99,-6.57645,1,7,0,0,0,74.902,0,0,4.864,0,111.2
376,18475.080,24.3675,11.1398,12.1688,45,0,0,1835.75,0,22.5,102.2,18.19,1.92,8.23529,15.2941,80.9182,14.5098,8.845,-6.57718,1,7,0,0,0,74.902,0,0,4.608,0,111.2
377,18475.120,24.4526,11.1398,12.1688,45,0,0,1881.5,0,23,102.2,18.7,1.96,8.23529,15.6863,82.8278,14.5098,8.555,-6.57718,1,7,0,0,0,74.902,0,0,4.608,0,113
378,18475.160,24.4932,11.1398,12.4764,45,0,0,1904,0,23.5,102.2,19.07,1.98,8.62745,16.0784,84.4167,14.5098,8.555,-6.4589,1,7,0,0,0,74.902,0,0,4.352,0,113
379,18475.200,24.4526,11.2547,12.6867,44,0,0,1922.5,0,23.5,102.2,19.98,2,9.01961,16.0784,86.4406,14.5098,8.41,-6.32256,1,7,0,0,0,74.902,0,0,4.352,0,113
380,18475.240,24.3675,11.5992,12.6867,44,0,0,1932.75,0,23.5,102.2,20.47,2.02,9.01961,16.0784,88.6054,14.5098,8.41,-6.32256,1,7,0,0,0,74.902,0,0,4.352,0,113
381,18475.280,24.5783,11.7141,12.7783,44,0,0,1966,0,23.5,102.2,20.9,2.02,9.41177,16.4706,90.3988,14.5098,8.41,-6.25991,1,7,0,0,0,74.902,0,0,4.352,0,113
382,18475.320,24.3675,11.9437,12.8601,43,0,0,1977.25,0,23.5,102.2,20.99,2.02,9.41177,16.0784,92.5686,14.5098,8.41,-6.10128,1,7,0,0,0,74.902,0,0,4.352,0,113
383,18475.360,24.4526,12.1734,12.8601,43,0,0,1980.25,0,23.5,102.2,20.65,2,9.41177,16.0784,90.1607,14.5098,8.41,-6.10128,1,7,0,0,0,74.902,0,0,4.352,0,113
384,18475.400,24.5783,12.2883,12.999,43,0,0,2003.5,1.24274,23.5,102.2,20.56,2,9.41177,16.0784,89.7528,14.5098,8.41,-6.20548,1,7,0,0,0,74.902,0,0,4.352,0,113
385,18475.440,24.41,12.4031,12.999,43,0,0,2001.25,1.24274,23.5,102.2,20.65,2,9.41177,16.0784,89.6186,14.5098,8.41,-6.20548,1,7,0,0,0,74.902,0,0,4.352,0,113
386,18475.480,24.4932,12.518,13.1008,43,0,0,2002.75,1.24274,23.5,102.2,20.22,2,9.01961,15.6863,85.0662,14.5098,8.265,-6.31016,1,7,0,0,0,74.902,0,0,4.096,0,113
387,18475.520,24.5358,12.518,13.2449,43,0,0,2005.75,1.24274,23.5,102.2,20.13,1.98,8.62745,15.6863,82.642,14.5098,8.265,-6.49886,1,7,0,0,0,74.902,0,0,4.096,0,113
388,18475.560,24.4932,12.6328,13.2449,43,0,0,1968,1.86411,23.5,102.2,19.74,1.98,8.62745,15.2941,83.0038,14.5098,8.12,-6.49886,1,7,0,0,0,74.902,0,0,4.096,0,113
389,18475.600,24.5358,12.6328,13.3862,43,0,0,1952.25,1.86411,24,102.2,19.37,1.96,8.62745,15.2941,83.5927,14.5098,8.12,-6.46333,1,7,0,0,0,74.902,0,0,4.096,0,113
390,18475.640,24.5358,12.518,13.5489,43,0,0,1928.75,1.86411,24,102.2,19.29,1.96,8.23529,15.2941,79.2801,14.5098,8.12,-6.60105,1,7,0,0,0,74.902,0,0,4.096,0,113
391,18475.680,24.4932,12.518,13.5489,43,0,0,1902.25,1.86411,24,102.2,19.07,1.94,8.23529,14.902,79.767,14.5098,7.975,-6.60105,1,7,0,0,0,74.902,0,0,4.096,0,113
392,18475.720,24.4932,12.518,13.6348,42,0,0,1853.5,1.86411,23.5,102.2,18.48,1.94,8.23529,14.902,80.6072,14.5098,7.975,-6.54233,1,7,0,0,0,74.902,0,0,4.096,0,113
393,18475.760,24.4932,12.4031,13.6348,42,0,0,1823.25,1.86411,23.5,102.2,18.19,1.92,8.23529,14.902,81.1259,14.5098,7.975,-6.54233,1,7,0,0,0,74.902,0,0,4.096,0,113
394,18475.800,24.4526,12.518,13.6781,42,0,0,1786.75,2.48548,23.5,102.2,18.26,1.94,8.23529,14.902,81.6202,14.5098,7.975,-6.47879,1,7,0,0,0,74.902,0,0,4.096,0,113
395,18475.840,24.4932,12.518,13.7093,42,0,0,1757,2.48548,23,102.2,18.26,1.94,7.84314,14.902,79.6911,14.5098,7.975,-6.50874,1,7,0,0,0,74.902,0,0,4.096,0,113
396,18475.880,24.5783,12.518,13.7093,42,0,0,1722,2.48548,22.5,100.4,18.04,1.92,8.23529,14.902,82.8699,14.5098,7.975,-6.50874,1,7,0,0,0,74.902,0,0,4.096,0,113
397,18475.920,24.5358,12.518,13.7469,42,0,0,1669.5,2.48548,19.5,100.4,18.19,1.94,8.23529,14.902,85.6924,14.5098,8.12,-6.27573,1,7,0,0,0,74.902,0,0,4.096,0,113
398,18475.960,24.41,12.518,13.7218,42,0,0,1637.5,2.48548,18,100.4,18.56,1.96,8.23529,15.2941,83.9217,14.5098,8.12,-6.30802,1,7,0,0,0,74.902,0,0,4.096,0,113
399,18476.000,24.5358,12.6328,13.7218,42,0,0,1598,2.48548,16.5,100.4,18.7,1.94,8.23529,15.2941,87.2904,14.5098,8.12,-6.30802,1,7,0,0,0,74.902,0,0,4.352,0,113
400,18476.040,24.3675,12.6328,13.6719,42,0,0,1570.5,3.10686,16,100.4,18.63,1.96,8.23529,15.2941,87.7328,14.5098,8.265,-6.18776,1,7,0,0,0,74.902,0,0,4.352,0,113
401,18476.080,24.4932,12.6328,13.6719,41,0,0,1549.25,3.10686,16,100.4,18.78,1.94,8.23529,15.6863,88.0742,14.5098,8.41,-6.18776,1,7,0,0,0,74.902,0,0,4.864,0,113
402,18476.120,24.5783,12.7477,12.238,41,0,0,1532.25,3.10686,15.5,100.4,19.15,1.98,8.23529,15.6863,88.3431,14.5098,8.7,-6.16786,1,7,0,0,0,74.902,0,0,4.864,0,113
403,18476.160,24.5358,12.7477,12.4506,41,0,0,1521.75,3.10686,15,100.4,19,1.96,8.23529,15.6863,86.3159,14.5098,8.845,-6.22656,1,7,0,0,0,74.902,0,0,4.864,0,113
404,18476.200,24.41,12.8625,12.4506,41,0,0,1513.5,3.72823,15,100.4,18.93,1.94,8.23529,15.6863,86.4575,14.5098,8.99,-6.22656,1,7,0,0,0,74.902,0,0,4.864,0,113
405,18476.240,24.41,12.8625,13.1236,41,0,0,1521,3.72823,15,100.4,18.85,1.94,7.84314,15.2941,83.6662,14.5098,8.99,-6.22223,1,7,0,0,0,74.902,0,0,4.864,0,113
406,18476.280,24.4526,12.8625,13.0723,41,0,0,1525.5,3.72823,14.5,100.4,18.34,1.94,7.45098,14.902,80.8094,14.5098,9.135,-6.387,1,7,0,0,0,74.902,0,0,4.864,0,113
407,18476.320,23.7776,12.7477,13.0723,41,0,0,1529.5,3.72823,15,100.4,17.89,1.92,7.84314,14.902,83.5199,14.5098,9.135,-6.387,1,7,0,0,0,74.902,0,0,4.864,0,113
408,18476.360,23.8202,12.7477,13.1236,41,0,0,1544,3.72823,15,100.4,17.52,1.9,7.45098,14.902,80.5036,14.5098,9.135,-6.31188,1,7,0,0,0,74.902,0,0,4.864,0,113
409,18476.400,23.8627,12.7477,13.1236,41,0,0,1547.5,3.72823,15,100.4,17.44,1.9,7.84314,14.902,83.2102,14.5098,9.135,-6.31188,1,7,0,0,0,74.902,0,0,4.864,0,113
410,18476.440,23.7776,12.6328,13.2216,41,0,0,1571,4.3496,15.5,100.4,17.75,1.92,7.45098,14.902,80.2248,14.5098,8.99,-6.32009,1,7,0,0,0,74.902,0,0,4.608,0,113
411,18476.480,23.6945,12.6328,13.3034,41,0,0,1587.75,4.3496,15.5,100.4,17.89,1.92,7.45098,14.902,80.0493,14.5098,8.99,-6.49289,1,7,0,0,0,74.902,0,0,4.608,0,113
412,18476.520,23.7776,12.518,13.3034,41,0,0,1607.25,4.3496,15.5,100.4,17.82,1.92,7.45098,14.902,76.9336,14.5098,8.99,-6.49289,1,7,0,0,0,74.902,0,0,4.608,0,113
413,18476.560,23.6519,12.4031,13.3743,41,0,0,1613.75,4.3496,15.5,100.4,17.52,1.9,6.66667,14.1176,68.4606,14.5098,8.99,-6.59695,1,7,0,0,0,74.902,0,0,4.608,0,113
414,18476.600,23.8202,12.4031,13.4701,40,0,0,1626,4.3496,16,100.4,17.14,1.88,6.66667,14.1176,68.2884,14.5098,8.99,-6.7851,1,7,0,0,0,73.3333,0,0,4.608,0,113
415,18476.640,23.8627,12.2883,13.4701,40,0,0,1624.75,4.3496,16,100.4,16.52,1.88,5.88235,13.7255,62.8675,14.5098,8.845,-6.7851,1,7,0,0,0,73.3333,0,0,4.352,0,113
416,18476.680,23.8202,12.2883,13.6224,40,0,0,1638.5,4.97097,16.5,100.4,16.06,1.86,5.88235,13.3333,62.6943,14.5098,8.7,-6.94929,1,7,0,0,0,67.8431,0,0,4.352,0,113
417,18476.720,23.8202,12.2883,13.6224,40,0,0,1634.5,4.97097,17,100.4,15.5,1.84,5.88235,13.3333,59.9739,14.5098,8.555,-6.94929,1,7,0,0,0,67.8431,0,0,4.096,0,113
418,18476.760,23.6945,12.1734,14.7288,40,0,0,1639.25,4.97097,17.5,100.4,15.08,1.84,5.88235,13.3333,62.6214,14.5098,8.265,-7.0477,1,7,0,0,0,65.098,0,0,3.84,0,113
419,18476.800,23.8202,12.0586,14.7866,40,0,0,1636.5,4.97097,18,100.4,15.08,1.84,5.88235,13.3333,60.0061,14.5098,8.12,-7.06192,1,7,0,0,0,65.4902,0,0,3.84,0,113
420,18476.840,23.8202,11.9437,14.7866,40,0,0,1639.75,4.97097,18,100.4,14.82,1.82,5.09804,12.9412,54.5464,14.5098,7.975,-7.06192,1,7,0,0,0,65.4902,0,0,3.84,0,113
421,18476.880,23.7351,11.8289,14.4461,40,0,0,1644.5,4.97097,18.5,100.4,14.31,1.82,5.09804,12.549,51.7889,14.5098,7.975,-7.23516,1,7,0,0,0,60.3922,0,0,3.84,0,113
422,18476.920,23.8627,11.8289,14.5719,40,0,0,1658.75,5.59234,19.5,100.4,13.6,1.78,4.31373,12.1569,43.587,14.5098,7.83,-7.58489,1,7,0,0,0,50.5882,0,0,3.84,0,113
423,18476.960,23.6519,11.8289,14.5719,40,0,0,1663.75,5.59234,20,100.4,13.16,1.76,3.92157,11.7647,40.8874,14.5098,7.685,-7.58489,1,7,0,0,0,50.5882,0,0,3.584,0,113
424,18477.000,23.8202,11.8289,14.5931,39,0,0,1662.75,5.59234,20.5,100.4,12.36,1.74,3.52941,11.7647,38.1186,14.5098,7.54,-7.67662,1,7,0,0,0,48.2353,0,0,3.584,0,113
425,18477.040,23.7776,11.8289,14.5931,39,0,0,1671.25,5.59234,21.5,100.4,11.9,1.74,2.7451,11.3725,29.9825,14.5098,7.395,-7.67662,1,7,0,0,0,48.2353,0,0,3.328,0,113
426,18477.080,23.6945,11.7141,14.7,39,0,0,1668.5,5.59234,22,100.4,11.59,1.72,2.7451,10.5882,27.2769,14.5098,7.105,-8.0434,1,7,0,0,0,39.6078,0,0,3.072,0,113
427,18477.120,23.8627,11.7141,15.7045,39,0,0,1662.25,5.59234,22,100.4,11.35,1.7,2.35294,10.5882,24.6016,14.5098,6.96,-8.21422,1,7,0,0,0,34.902,0,0,3.072,0,113
428,18477.160,23.6945,11.5992,15.7045,39,0,0,1649.75,5.59234,22.5,100.4,11.23,1.68,1.96078,10.5882,21.9894,14.5098,6.815,-8.21422,1,7,0,0,0,34.902,0,0,3.072,0,113
429,18477.200,23.8202,11.4844,15.7374,39,0,0,1644,5.59234,22.5,100.4,11.23,1.68,1.96078,10.1961,22.01,14.5098,6.525,-8.26561,1,7,0,0,0,30.5882,0,0,3.072,0,113
430,18477.240,23.7776,11.4844,15.0228,39,0,0,1624.5,6.21371,22.5,100.4,10.71,1.66,1.56863,10.1961,16.6455,14.5098,6.525,-8.37278,1,7,0,0,0,21.1765,0,0,3.072,0,113
431,18477.280,23.8627,11.3695,15.0228,39,0,0,1607.75,6.21371,22.5,100.4,10.29,1.64,1.56863,9.80392,16.6879,14.5098,6.38,-8.37278,1,7,0,0,0,21.1765,0,0,3.072,0,113
432,18477.320,23.7351,11.3695,15.0378,39,0,0,1592.75,6.21371,22.5,100.4,9.7,1.62,.392157,9.01961,3.21201,14.5098,6.09,-8.50272,1,7,0,0,0,13.3333,0,0,2.816,0,113
433,18477.360,23.8202,11.2547,15.0378,38,0,0,1574,6.21371,22,100.4,9.39,1.58,.392157,9.01961,3.21149,14.5098,5.945,-8.50272,1,7,0,0,0,13.3333,0,0,2.816,0,113
434,18477.400,23.9033,11.2547,15.0378,38,0,0,1554.25,6.21371,22,100.4,9.05,1.58,.784314,8.62745,5.78186,14.5098,5.945,-8.65031,1,7,0,0,0,6.27451,0,0,2.816,0,113
435,18477.440,24.5358,11.1398,15.0153,38,0,0,1533.75,6.21371,22,100.4,8.74,1.58,.392157,8.62745,3.21044,14.5098,5.8,-8.7278,1,7,0,0,0,3.52941,0,0,2.816,0,113
436,18477.480,24.5358,11.1398,15.0153,38,0,0,1508.75,6.21371,21.5,100.4,8.62,1.58,.784314,8.62745,5.78903,14.5098,5.655,-8.7278,1,7,0,0,0,3.52941,0,0,2.56,0,113
437,18477.520,24.4526,11.1398,14.9928,38,0,0,1479.25,6.21371,21,100.4,8.68,1.58,.784314,8.62745,5.79551,14.5098,5.655,-8.64995,1,7,0,0,0,6.27451,0,0,2.56,0,113
438,18477.560,24.4526,11.1398,14.9407,38,0,0,1453,6.21371,21,100.4,8.87,1.58,.784314,8.62745,5.80038,14.5098,5.51,-8.64968,1,7,0,0,0,6.27451,0,0,2.56,0,113
439,18477.600,24.41,11.1398,14.9407,38,0,0,1426.5,6.21371,21,100.4,8.8,1.58,.784314,8.62745,5.80496,14.5098,5.51,-8.64968,1,7,0,0,0,6.27451,0,0,2.56,0,113
440,18477.640,24.4526,11.1398,14.8743,38,0,0,1412.5,6.21371,21,100.4,8.8,1.58,.784314,8.62745,5.8099,14.5098,5.51,-8.64947,1,7,0,0,0,6.27451,0,0,2.56,0,113
441,18477.680,24.4526,11.1398,14.8743,38,0,0,1380.5,6.21371,20.5,100.4,8.68,1.58,.784314,8.62745,5.81617,14.5098,5.51,-8.64947,1,7,0,0,0,6.27451,0,0,2.56,0,113
442,18477.720,24.41,11.1398,14.8085,38,0,0,1350.75,6.21371,20.5,100.4,8.49,1.58,.784314,8.62745,5.8219,14.5098,5.51,-8.64921,1,7,0,0,0,6.27451,0,0,2.56,0,113
443,18477.760,24.4526,11.1398,14.7504,37,0,0,1322.5,6.21371,20.5,100.4,8.62,1.58,.784314,8.62745,5.82729,14.5098,5.51,-8.64897,1,7,0,0,0,6.27451,0,0,2.56,0,113
444,18477.800,24.4932,11.1398,14.7504,37,0,0,1300,6.21371,20.5,100.4,9.11,1.58,.392157,8.62745,3.20572,14.5098,5.51,-8.64897,1,7,0,0,0,6.27451,0,0,2.56,0,113
445,18477.840,24.3675,11.1398,14.7,37,0,0,1289.25,6.21371,20.5,100.4,9.22,1.6,.392157,8.62745,3.20519,14.5098,5.51,-8.72795,1,7,0,0,0,3.52941,0,0,2.56,0,113
446,18477.880,24.4526,11.1398,14.6571,37,0,0,1266.5,6.21371,20.5,100.4,9.17,1.6,.392157,8.62745,3.20467,14.5098,5.51,-8.72798,1,7,0,0,0,3.52941,0,0,2.816,0,113
447,18477.920,24.4526,11.1398,14.6571,37,0,0,1251.25,6.21371,20.5,100.4,9.22,1.6,.392157,8.62745,3.20414,14.5098,5.655,-8.72798,1,7,0,0,0,3.52941,0,0,2.816,0,113
448,18477.960,24.41,11.1398,14.6357,37,0,0,1245,6.21371,20,100.4,9.31,1.6,.392157,8.62745,3.20362,14.5098,5.655,-8.728,1,7,0,0,0,3.52941,0,0,2.816,0,113
449,18478.000,24.3675,11.1398,14.6357,37,0,0,1237.5,6.21371,20,100.4,9.11,1.58,.392157,8.62745,3.20309,14.5098,5.655,-8.728,1,7,0,0,0,3.52941,0,0,2.816,0,113
450,18478.040,24.4932,11.3695,14.5649,37,0,0,1238,6.83508,20,100.4,9.11,1.58,.392157,8.23529,3.20257,14.5098,5.655,-8.72803,1,7,0,0,0,3.52941,0,0,2.816,0,113
451,18478.080,24.3249,11.4844,14.5649,37,0,0,1240.75,6.83508,20,100.4,8.74,1.56,.392157,8.23529,2.39844,14.5098,5.655,-8.72806,1,7,0,0,0,3.52941,0,0,2.816,0,113
452,18478.120,24.4526,11.4844,14.5649,36,0,0,1248.5,6.83508,20,100.4,8.31,1.54,.392157,7.84314,2.39844,14.5098,5.8,-8.72806,1,7,0,0,0,3.52941,0,0,2.816,0,113
453,18478.160,24.41,11.5992,14.5649,36,0,0,1262.75,6.83508,20.5,100.4,8.14,1.54,0,7.84314,0,14.5098,5.8,-8.82465,1,7,0,0,0,0,0,0,2.816,0,113
454,18478.200,24.4932,11.7141,14.5649,36,0,0,1276.5,6.83508,26.5,100.4,8.02,1.52,0,7.05882,0,14.5098,5.8,-8.82465,1,7,0,0,0,0,0,0,2.816,0,113
455,18478.240,24.3249,11.8289,14.5649,36,0,0,1320.25,6.83508,26.5,100.4,7.73,1.48,0,6.66667,0,14.5098,5.8,-8.82465,1,7,0,0,0,0,0,0,2.816,0,113
456,18478.280,24.3675,11.8289,14.5649,36,0,0,1371,6.83508,23.5,100.4,7.49,1.46,0,6.66667,0,14.5098,5.655,-8.82465,1,7,0,0,0,0,0,0,2.816,0,113
457,18478.320,24.41,11.8289,14.5649,36,0,0,1410,6.83508,19.5,100.4,7.37,1.46,0,6.66667,0,14.5098,5.51,-8.82465,1,7,0,0,0,0,0,0,2.56,0,113
458,18478.360,24.41,11.8289,14.6286,36,0,0,1443.75,6.83508,16.5,100.4,7,1.46,0,6.66667,0,14.5098,5.365,-8.82465,1,7,0,0,0,0,0,0,2.304,0,113
459,18478.400,24.3249,11.8289,15.9627,36,0,0,1462,6.83508,14.5,100.4,6.63,1.46,0,6.66667,0,14.5098,5.22,-8.82465,1,7,0,0,0,0,0,0,2.304,0,113
460,18478.440,24.41,11.7141,15.9627,36,0,0,1478,6.21371,13,100.4,6.63,1.46,0,6.66667,0,14.5098,5.075,-8.82465,1,7,0,0,0,0,0,0,2.56,0,113
461,18478.480,24.41,11.5992,14.8377,36,0,0,1486,6.21371,12,100.4,6.72,1.46,0,6.66667,0,14.5098,4.93,-8.82465,1,7,0,0,0,0,0,0,2.304,0,113
462,18478.520,24.41,11.4844,14.8523,36,0,0,1485.25,6.21371,12,100.4,6.63,1.46,0,6.66667,0,14.5098,4.93,-8.82465,1,7,0,0,0,0,0,0,2.304,0,113
463,18478.560,24.4932,11.3695,14.8523,36,0,0,1481.75,6.21371,12,100.4,6.54,1.46,0,7.05882,0,14.5098,4.785,-8.82465,1,7,0,0,0,0,0,0,2.304,0,113
464,18478.600,24.41,11.2547,14.867,36,0,0,1473.5,6.21371,12,100.4,6.91,1.46,0,7.05882,0,14.5098,4.64,-8.82465,1,7,0,0,0,0,0,0,2.304,0,113
465,18478.640,24.3675,11.2547,14.867,35,0,0,1468.5,6.21371,12.5,100.4,6.81,1.46,0,7.05882,0,14.5098,4.64,-8.82465,1,7,0,0,0,0,0,0,2.304,0,113
466,18478.680,24.4526,11.1398,14.845,35,0,0,1461.5,6.21371,13,100.4,6.72,1.46,0,7.05882,0,14.5098,4.64,-8.82465,1,7,0,0,0,0,0,0,2.304,0,113
467,18478.720,24.4526,11.1398,14.7939,35,0,0,1457.75,6.21371,13.5,100.4,6.81,1.46,0,7.05882,0,14.5098,4.64,-8.82465,1,7,0,0,0,0,0,0,2.304,0,113
468,18478.760,24.4526,11.1398,14.7939,35,0,0,1464,6.21371,13,100.4,6.91,1.46,0,7.05882,0,14.5098,4.64,-8.82465,1,7,0,0,0,0,0,0,2.048,0,113
469,18478.800,24.41,11.1398,14.7649,35,0,0,1453.25,6.21371,14,100.4,7,1.46,0,7.05882,0,14.5098,4.64,-8.82465,1,7,0,0,0,0,0,0,2.048,0,113
470,18478.840,24.4526,11.2547,14.7288,35,0,0,1449.75,6.21371,14,100.4,6.91,1.46,0,7.05882,0,14.5098,4.495,-8.82465,1,7,0,0,0,0,0,0,2.304,0,113
471,18478.880,24.3249,11.2547,14.7288,35,0,0,1444,6.21371,15,100.4,7.19,1.46,0,7.05882,0,14.5098,4.495,-8.82465,1,7,0,0,0,0,0,0,2.304,0,113
472,18478.920,24.2843,11.3695,14.6928,35,0,0,1440.75,6.21371,15,100.4,7.09,1.46,0,7.05882,0,14.5098,4.495,-8.82465,1,7,0,0,0,0,0,0,2.304,0,113
473,18478.960,24.3675,11.3695,14.6928,35,0,0,1439,6.21371,15,100.4,7.09,1.48,0,7.05882,0,14.5098,4.495,-8.82465,1,7,0,0,0,0,0,0,2.304,0,113
474,18479.000,24.41,11.4844,14.6642,35,0,0,1437,6.21371,15.5,100.4,7.28,1.48,0,7.05882,0,14.5098,4.495,-8.82465,1,7,0,0,0,0,0,0,2.304,0,113
475,18479.040,24.41,11.4844,14.6428,35,0,0,1434,6.21371,15.5,100.4,7.37,1.46,0,7.05882,0,14.5098,4.495,-8.82465,1,7,0,0,0,0,0,0,2.304,0,113
476,18479.080,24.4932,11.5992,14.6428,35,0,0,1433.25,6.21371,15.5,100.4,7.28,1.48,0,7.05882,0,14.5098,4.495,-8.82465,1,7,0,0,0,0,0,0,2.304,0,113
477,18479.120,24.3675,11.7141,14.6286,35,0,0,1434.75,6.21371,15.5,100.4,7.19,1.46,0,7.05882,0,14.5098,4.495,-8.82465,1,7,0,0,0,0,0,0,2.304,0,113
478,18479.160,24.3249,11.7141,14.5649,34,0,0,1431.75,6.21371,15.5,100.4,6.81,1.46,0,7.05882,0,14.5098,4.495,-8.82465,1,7,0,0,0,0,0,0,2.304,0,113
479,18479.200,24.3675,11.8289,14.5649,34,0,0,1423.25,6.21371,16.5,100.4,7,1.46,0,7.05882,0,14.5098,4.495,-8.82465,1,7,0,0,0,0,0,0,2.304,0,113
480,18479.240,24.3675,11.8289,14.5649,34,0,0,1420.75,6.21371,16.5,100.4,7,1.48,0,7.05882,0,14.5098,4.495,-8.82465,1,7,0,0,0,0,0,0,2.304,0,113
481,18479.280,24.3675,11.9437,14.5649,34,0,0,1419,6.21371,16.5,100.4,7.19,1.48,0,7.05882,0,14.5098,4.495,-8.82465,1,7,0,0,0,0,0,0,2.304,0,113
482,18479.320,23.8627,11.9437,14.5649,34,0,0,1415,5.59234,17,100.4,7.37,1.46,0,7.05882,0,14.5098,4.495,-8.82465,1,7,0,0,0,0,0,0,2.304,0,113
483,18479.360,23.7776,11.9437,14.5649,34,0,0,1415.75,5.59234,17,100.4,7.09,1.46,0,7.05882,0,14.5098,4.495,-8.82465,1,7,0,0,0,0,0,0,2.304,0,113
484,18479.400,23.6945,11.9437,14.5649,34,0,0,1419.25,5.59234,16.5,100.4,7.09,1.46,0,7.05882,0,14.5098,4.495,-8.82465,1,7,0,0,0,0,0,0,2.304,0,113
485,18479.440,23.8627,11.9437,14.5649,34,0,0,1422.5,5.59234,16.5,100.4,7,1.46,0,7.05882,0,14.5098,4.495,-8.82465,1,7,0,0,0,0,0,0,2.304,0,113
486,18479.480,23.8627,11.9437,14.5649,34,0,0,1419.25,5.59234,16.5,100.4,7.09,1.46,0,7.05882,0,14.5098,4.495,-8.82465,1,7,0,0,0,0,0,0,2.304,0,113
487,18479.520,23.8202,11.9437,14.5649,34,0,0,1419.75,5.59234,16.5,100.4,7.19,1.46,0,7.05882,0,14.5098,4.495,-8.82465,1,7,0,0,0,0,0,0,2.304,0,113
488,18479.560,23.8627,11.9437,14.5649,34,0,0,1422,5.59234,16.5,100.4,7.09,1.46,0,7.05882,0,14.5098,4.495,-8.82465,1,7,0,0,0,0,0,0,2.304,0,113
489,18479.600,23.8627,11.9437,14.5649,34,0,0,1430.25,5.59234,15.5,100.4,7,1.46,0,7.05882,0,14.5098,4.495,-8.82465,1,7,0,0,0,0,0,0,2.304,0,113
490,18479.640,23.7351,11.9437,14.5649,34,0,0,1424,5.59234,16,100.4,7.19,1.46,0,7.05882,0,14.5098,4.495,-8.82465,1,7,0,0,0,0,0,0,2.304,0,113
491,18479.680,23.7776,11.9437,14.5649,34,0,0,1419.75,5.59234,16.5,100.4,6.63,1.46,0,7.05882,0,14.5098,4.495,-8.82465,1,7,0,0,0,0,0,0,2.304,0,113
492,18479.720,23.7351,11.9437,14.5649,34,0,0,1419.5,5.59234,16.5,100.4,6.81,1.46,0,7.05882,0,14.5098,4.495,-8.82465,1,7,0,0,0,0,0,0,2.304,0,113
493,18479.760,23.6945,11.9437,14.5649,34,0,0,1425,5.59234,16,100.4,6.72,1.46,0,7.05882,0,14.5098,4.495,-8.82465,1,7,0,0,0,0,0,0,2.304,0,113
494,18479.800,23.8202,11.9437,14.5649,34,0,0,1422.5,5.59234,16,100.4,6.81,1.46,0,7.05882,0,14.5098,4.495,-8.82465,1,7,0,0,0,0,0,0,2.304,0,113
495,18479.840,23.8627,11.9437,14.5649,34,0,0,1413.5,5.59234,17,100.4,6.72,1.46,0,6.66667,0,14.5098,4.495,-8.82465,1,7,0,0,0,0,0,0,2.304,0,113
496,18479.880,23.8202,11.9437,14.5649,34,0,0,1408.25,5.59234,17.5,102.2,7,1.46,0,7.05882,0,14.5098,4.35,-8.82465,1,7,0,0,0,0,0,0,2.304,0,113
497,18479.920,23.7351,11.9437,14.5649,34,0,0,1399.75,5.59234,18,102.2,7.19,1.48,0,6.66667,0,14.5098,4.35,-8.82465,1,7,0,0,0,0,0,0,2.304,0,113
498,18479.960,23.9033,11.9437,14.5649,34,0,0,1394,5.59234,18.5,102.2,7.19,1.46,0,6.66667,0,14.5098,4.35,-8.82465,1,7,0,0,0,0,0,0,2.304,0,113
499,18480.000,24.4526,11.9437,14.5649,34,0,0,1396.5,5.59234,18,102.2,6.81,1.46,0,6.66667,0,14.5098,4.35,-8.82465,1,7,0,0,0,0,0,0,2.304,0,113
500,18480.040,24.3249,11.9437,14.5649,33,0,0,1392.75,4.97097,18.5,102.2,7.09,1.46,0,6.66667,0,14.5098,4.35,-8.82465,1,7,0,0,0,0,0,0,2.304,0,113
501,18480.080,24.4526,11.9437,14.5649,33,0,0,1385.5,4.97097,19,102.2,7,1.46,0,6.66667,0,14.5098,4.35,-8.82465,1,7,0,0,0,0,0,0,2.304,0,113
502,18480.120,24.4932,12.0586,14.5649,33,0,0,1387.75,4.97097,18.5,102.2,6.81,1.46,0,6.66667,0,14.5098,4.35,-8.82465,1,7,0,0,0,0,0,0,2.304,0,113
503,18480.160,24.41,12.0586,14.5649,33,0,0,1386.5,4.97097,18.5,102.2,6.81,1.46,0,6.66667,0,14.5098,4.35,-8.82465,1,7,0,0,0,0,0,0,2.304,0,113
504,18480.200,24.3675,12.0586,14.5649,33,0,0,1389.75,4.97097,18,102.2,6.63,1.46,0,6.66667,0,14.5098,4.35,-8.82465,1,7,0,0,0,0,0,0,2.304,0,113
505,18480.240,24.4932,12.0586,14.5649,33,0,0,1391.75,4.97097,18,102.2,6.63,1.46,0,6.66667,0,14.5098,4.35,-8.82465,1,7,0,0,0,0,0,0,2.304,0,113
506,18480.280,24.4932,12.0586,14.5649,33,0,0,1389.5,4.97097,18,102.2,6.5,1.46,0,6.66667,0,14.5098,4.35,-8.82465,1,7,0,0,0,0,0,0,2.304,0,113
507,18480.320,24.3249,12.0586,14.5649,33,0,0,1389.25,4.97097,18,102.2,6.54,1.44,0,6.66667,0,14.5098,4.495,-8.82465,1,7,0,0,0,0,0,0,2.304,0,113
508,18480.360,24.4932,12.0586,14.5649,33,0,0,1390.75,4.97097,18,102.2,6.5,1.46,0,6.66667,0,14.5098,4.495,-8.82465,1,7,0,0,0,0,0,0,2.304,0,113
509,18480.400,24.4526,12.0586,14.5649,33,0,0,1394.5,4.97097,17.5,102.2,6.63,1.46,0,6.66667,0,14.5098,4.495,-8.82465,1,7,0,0,0,0,0,0,2.304,0,113
510,18480.440,24.3675,12.0586,14.5649,33,0,0,1395,4.97097,17.5,102.2,6.63,1.46,0,6.66667,0,14.5098,4.495,-8.82465,1,7,0,0,0,0,0,0,2.304,0,113
511,18480.480,24.41,12.0586,14.5649,33,0,0,1392.5,4.97097,17.5,102.2,6.63,1.46,0,6.66667,0,14.5098,4.495,-8.82465,1,7,0,0,0,0,0,0,2.304,0,113
512,18480.520,24.41,12.1734,14.5649,33,0,0,1382.75,4.3496,18.5,102.2,6.54,1.46,0,6.66667,0,14.5098,4.495,-8.82465,1,7,0,0,0,0,0,0,2.048,0,113
513,18480.560,24.3675,12.1734,14.5649,33,0,0,1378.25,4.3496,18.5,102.2,6.63,1.46,0,6.66667,0,14.5098,4.495,-8.82465,1,7,0,0,0,0,0,0,2.304,0,113
514,18480.600,24.41,12.1734,14.5649,33,0,0,1374.5,4.3496,19,102.2,6.63,1.46,0,6.66667,0,14.5098,4.495,-8.82471,1,7,0,0,0,0,0,0,2.304,0,113
515,18480.640,24.4526,12.1734,14.5649,33,0,0,1370.25,4.3496,19,102.2,6.63,1.46,0,6.66667,0,14.5098,4.495,-8.82465,1,7,0,0,0,0,0,0,2.304,0,113
516,18480.680,24.3249,12.2883,14.5649,33,0,0,1369.75,4.3496,19,102.2,6.72,1.46,0,6.66667,0,14.5098,4.495,-8.82465,1,7,0,0,0,0,0,0,2.304,0,113
517,18480.720,24.41,12.2883,14.5649,33,0,0,1371.25,4.3496,19,102.2,7,1.46,0,6.66667,0,14.5098,4.495,-8.82471,1,7,0,0,0,0,0,0,2.304,0,114.8
518,18480.760,24.4526,12.4031,14.5649,33,0,0,1376,4.3496,18.5,102.2,7,1.46,0,6.66667,0,14.5098,4.495,-8.82465,1,7,0,0,0,0,0,0,2.304,0,114.8
519,18480.800,24.41,12.4031,14.5649,33,0,0,1375,4.3496,18.5,102.2,6.91,1.46,0,6.66667,0,14.5098,4.495,-8.82465,1,7,0,0,0,0,0,0,2.304,0,114.8
520,18480.840,24.41,12.4031,14.5649,33,0,0,1379.75,3.72823,18,102.2,6.63,1.44,0,6.66667,0,14.5098,4.495,-8.82465,1,7,0,0,0,0,0,0,2.304,0,114.8
521,18480.880,24.41,12.4031,14.5649,33,0,0,1381.5,3.72823,17.5,102.2,6.5,1.46,0,6.66667,0,14.5098,4.495,-8.82465,1,7,0,0,0,0,0,0,2.304,0,114.8
522,18480.920,24.3675,12.518,14.5649,33,0,0,1372.25,3.72823,18.5,102.2,6.5,1.46,0,6.66667,0,14.5098,4.495,-8.82465,1,7,0,0,0,0,0,0,2.304,0,114.8
523,18480.960,24.3249,12.518,14.5649,33,0,0,1360,3.72823,19.5,102.2,6.5,1.46,0,6.66667,0,14.5098,4.495,-8.82465,1,7,0,0,0,0,0,0,2.304,0,114.8
524,18481.000,24.3675,12.518,14.5649,33,0,0,1357.25,3.72823,19.5,102.2,6.37,1.44,0,6.66667,0,14.5098,4.495,-8.82465,1,7,0,0,0,0,0,0,2.304,0,114.8
525,18481.040,24.2843,12.518,14.5649,33,-.78125,0,1356,3.72823,19.5,102.2,6.22,1.42,0,6.66667,0,14.5098,4.495,-8.82465,1,7,0,0,0,0,0,0,2.048,0,114.8
526,18481.080,24.3675,12.518,14.5649,33,-1.5625,0,1354.25,3.10686,19.5,102.2,6.18,1.44,0,6.66667,0,14.5098,4.35,-8.82465,1,7,0,0,0,0,0,0,2.048,0,114.8
527,18481.120,24.41,12.518,14.5649,33,-2.34375,0,1346.75,3.10686,20,102.2,6.29,1.44,0,6.66667,0,14.5098,4.35,-8.82465,1,7,0,0,0,0,0,0,2.048,0,114.8
528,18481.160,24.41,12.518,14.5649,33,-3.125,0,1340,3.10686,20.5,102.2,6.29,1.44,0,6.66667,0,14.5098,4.495,-8.82471,1,7,0,0,0,0,0,0,2.048,0,114.8
529,18481.200,24.41,12.518,14.5649,33,-3.125,0,1344,3.10686,20,102.2,6.29,1.44,0,6.66667,0,14.5098,4.35,-8.82471,1,7,0,0,0,0,0,0,2.048,0,114.8
530,18481.240,24.3675,12.518,14.5649,33,-3.90625,0,1337.75,2.48548,20.5,102.2,6.18,1.44,0,6.66667,0,14.5098,4.35,-8.82465,1,7,0,0,0,0,0,0,2.048,0,114.8
531,18481.280,24.4526,12.518,14.5649,33,-4.6875,0,1330.75,2.48548,21,102.2,6.22,1.44,0,6.66667,0,14.5098,4.35,-8.82465,1,7,0,0,0,0,0,0,2.048,0,114.8
532,18481.320,24.4526,12.518,14.5649,32,-5.46875,0,1329.75,2.48548,20.5,102.2,6.29,1.44,0,6.66667,0,14.5098,4.35,-8.82465,1,7,0,0,0,0,0,0,2.048,0,114.8
533,18481.360,24.4526,12.518,14.5649,32,-6.25,0,1316.25,2.48548,22,102.2,6.29,1.46,0,7.05882,0,14.5098,4.35,-8.82465,1,7,0,0,0,0,0,0,2.048,0,114.8
534,18481.400,24.3675,12.518,14.5649,32,-6.25,0,1308.5,2.48548,22,102.2,6.68,1.46,0,7.05882,0,14.5098,4.35,-8.82465,1,7,0,0,0,0,0,0,2.048,0,114.8
535,18481.440,24.4526,12.518,14.5649,32,-7.03125,0,1299.75,2.48548,22.5,102.2,7.4,1.48,0,7.45098,0,14.5098,4.35,-8.82465,1,7,0,0,0,0,0,0,2.048,0,114.8
536,18481.480,24.41,12.6328,14.5649,32,-7.8125,0,1295.25,1.86411,23,102.2,7.6,1.48,0,7.45098,0,14.5098,4.35,-8.82465,1,7,0,0,0,0,0,0,2.048,0,114.8
537,18481.520,24.3675,12.6328,14.5649,32,-7.8125,0,1293.75,1.86411,22.5,102.2,7.51,1.48,0,7.45098,0,14.5098,4.35,-8.82465,1,7,0,0,0,0,0,0,2.048,0,114.8
538,18481.560,24.41,12.6328,14.5649,32,-8.59375,0,1286.25,1.86411,23,102.2,7.62,1.48,0,7.45098,0,14.5098,4.35,-8.82465,1,7,0,0,0,0,0,0,2.304,0,114.8
539,18481.600,24.4526,12.7477,14.5649,32,-9.375,0,1281.5,1.86411,23,102.2,7.62,1.48,0,7.45098,0,14.5098,4.495,-8.82465,1,7,0,0,0,0,0,0,2.304,0,114.8
540,18481.640,24.4526,12.8625,14.5649,32,-9.375,0,1271.5,1.24274,24,102.2,7.65,1.48,0,7.45098,0,14.5098,4.495,-8.82465,1,7,0,0,0,0,0,0,2.304,0,114.8
541,18481.680,24.41,12.8625,14.5649,32,-10.1563,0,1268.25,1.24274,23.5,102.2,7.49,1.48,0,7.45098,0,14.5098,4.495,-8.82465,1,7,0,0,0,0,0,0,2.304,0,114.8
542,18481.720,24.41,12.9773,14.5649,32,-10.1563,0,1261.25,0,24,102.2,7.49,1.48,0,7.45098,0,14.5098,4.495,-8.82465,1,7,0,0,0,0,0,0,2.304,0,114.8
543,18481.760,24.41,13.0922,14.5649,32,-10.1563,0,1266.5,0,23.5,102.2,7.49,1.48,0,7.45098,0,14.5098,4.495,-8.82465,1,7,0,0,0,0,0,0,2.304,0,114.8
544,18481.800,24.2843,13.0922,14.453,32,-10.9375,0,1257.25,0,24,102.2,7.51,1.48,0,7.45098,0,14.5098,4.64,-8.82465,1,7,0,0,0,0,0,0,2.304,0,114.8
545,18481.840,24.4526,13.207,14.453,32,-10.9375,0,1248.75,0,24,102.2,7.51,1.48,0,7.45098,0,14.5098,4.64,-8.82465,1,7,0,0,0,0,0,0,2.304,0,114.8
546,18481.880,24.41,13.3219,14.4184,32,-10.9375,0,1241.25,0,24,102.2,7.49,1.48,0,7.45098,0,14.5098,4.64,-8.82465,1,7,0,0,0,0,0,0,2.304,0,114.8
547,18481.920,24.4526,13.3219,14.336,32,-11.7188,0,1237.25,0,24,102.2,7.49,1.48,0,7.45098,0,14.5098,4.64,-8.82465,1,7,0,0,0,0,0,0,2.304,0,114.8
548,18481.960,24.3675,13.4367,14.336,32,-11.7188,0,1240.25,0,24,102.2,7.37,1.46,0,7.45098,0,14.5098,4.785,-8.82465,1,7,0,0,0,0,0,0,2.304,0,114.8
549,18482.000,24.3675,13.4367,14.2952,32,-11.7188,0,1246.25,0,23,102.2,7.4,1.48,0,7.45098,0,14.5098,4.785,-8.82465,1,7,0,0,0,0,0,0,2.304,0,114.8
550,18482.040,24.3675,13.5516,14.2545,32,-12.5,0,1238.25,0,23.5,102.2,7.62,1.5,5.09804,7.45098,59.0129,14.5098,4.785,-7.0445,1,7,0,0,0,63.1373,0,0,2.304,0,114.8
551,18482.080,24.3249,13.5516,14.2545,32,-6.25,0,1235.75,0,18.5,102.2,9.06,1.74,24.7059,16.4706,178.767,14.5098,4.93,-7.0445,1,7,0,0,0,63.1373,0,0,2.56,0,114.8
552,18482.120,24.2843,13.5516,4.76204,32,-6.25,0,1218.25,0,18.5,102.2,16.23,2.36,30.5882,27.8431,184.046,14.5098,6.525,1.22462,1,7,0,0,0,74.902,0,0,6.4,0,114.8
553,18482.160,24.1992,13.5516,4.76204,32,-4.6875,0,1261,0,18,102.2,40.34,2.48,20,29.4118,164.679,14.5098,11.165,1.22462,1,7,0,0,0,74.902,0,0,9.472,0,114.8
554,18482.200,23.8627,13.5516,4.7916,32,-4.6875,0,1436.25,0,16,102.2,36.93,2.22,3.52941,21.5686,37.0066,14.5098,12.76,-1.43615,1,7,0,0,0,74.902,0,0,8.448,0,114.8
555,18482.240,23.7351,13.4367,9.92274,32,-4.6875,0,1655.75,0,16,102.2,21.61,1.86,0,11.3725,0,14.5098,11.89,-8.96185,1,7,0,0,0,0,0,0,5.632,0,114.8
556,18482.280,23.8627,12.9773,9.92274,32,-4.6875,0,1938.25,0,17,102.2,11.66,1.66,0,9.01961,0,14.5098,9.86,-8.96185,1,7,0,0,0,0,0,0,4.608,0,114.8
557,18482.320,23.6519,12.6328,13.0158,32,-5.46875,0,2078.25,0,11,102.2,9.8,1.6,2.7451,9.01961,25.4345,14.5098,8.7,-9.78857,1,7,0,0,0,0,0,0,3.584,0,114.8
558,18482.360,23.7351,12.2883,19.1878,32,-4.6875,0,2104.25,0,18.5,102.2,9.38,1.68,14.902,13.3333,138.463,14.5098,7.54,-2.51436,1,8,0,0,0,74.902,0,0,2.816,0,114.8
559,18482.400,23.8202,11.9437,19.1878,32,-4.6875,0,2132.25,0,20.5,102.2,19.08,2.12,18.0392,21.1765,168.42,14.5098,7.395,-2.51436,1,8,0,0,0,74.902,0,0,3.328,0,114.8
560,18482.440,23.8202,11.5992,12.7728,32,-4.6875,0,2139.75,0,20,102.2,31.35,2.3,16.4706,22.7451,155.364,14.5098,8.845,-.697387,1,8,0,0,0,74.902,0,0,6.656,0,114.8
561,18482.480,23.8202,11.2547,12.7728,32,-5.46875,-1.5625,2217.5,0,19.5,102.2,33.87,2.3,16.0784,22.3529,150.355,14.5098,9.57,-.697387,1,8,0,0,0,74.902,0,0,5.12,0,114.8
562,18482.520,24.3675,11.1398,10.5968,32,-10.9375,-1.5625,2277,0,19.5,102.2,32.58,2.26,14.1176,21.1765,132.228,14.5098,10.005,-1.93592,1,8,0,0,0,74.902,0,0,4.608,0,114.8
563,18482.560,24.3249,11.1398,11.5171,32,-14.8438,-1.5625,2343.5,0,20,102.2,29.86,2.22,13.3333,19.6078,121.118,14.5098,9.86,-3.74838,1,8,0,0,0,74.902,0,0,4.608,0,114.8
564,18482.600,24.2418,11.2547,11.5171,32,-17.9688,-1.5625,2357.5,0,20.5,102.2,28.24,2.18,12.549,18.8235,113.087,14.5098,9.715,-3.74838,1,8,0,0,0,74.902,0,0,4.096,0,114.8
565,18482.640,24.41,11.5992,12.8932,32,-6.25,-1.5625,2367.25,0,21,102.2,26.49,2.16,12.549,18.4314,112.951,14.5098,9.28,-4.70293,1,8,0,0,0,74.902,0,0,4.352,0,114.8
566,18482.680,24.4526,11.9437,12.3434,32,-5.46875,-1.5625,2322,0,22,102.2,25.43,2.14,11.7647,18.4314,105.791,14.5098,8.99,-5.31222,1,8,0,0,0,74.902,0,0,4.608,0,114.8
567,18482.720,24.3675,12.2883,12.3434,32,-6.25,-1.5625,2286.5,0,22.5,102.2,25.56,2.12,9.41177,17.2549,83.2482,14.5098,8.845,-5.31222,1,8,0,0,0,74.902,0,0,4.352,0,114.8
568,18482.760,24.2418,12.6328,12.6867,32,-7.03125,-1.5625,2195,0,22.5,102.2,22.76,2.02,7.05882,15.2941,63.6577,14.5098,8.555,-7.02948,1,8,0,0,0,74.902,0,0,4.096,0,114.8
569,18482.800,24.3675,12.9773,12.6867,32,-7.03125,-1.5625,2093.75,0,22.5,102.2,19.52,1.94,6.66667,14.1176,61.1888,14.5098,8.265,-7.02948,1,8,0,0,0,74.902,0,0,3.84,0,114.8
570,18482.840,24.3249,13.3219,14.5931,32,-7.03125,-1.5625,1932.75,1.24274,23,102.2,17.37,1.9,7.05882,13.7255,68.1601,14.5098,7.83,-7.36162,1,8,0,0,0,74.902,0,0,3.584,0,114.8
571,18482.880,24.3249,13.0922,14.8523,32,-8.59375,0,1813,1.24274,23,102.2,17.22,1.94,7.45098,15.6863,76.1631,14.5098,7.685,-6.69408,1,8,0,0,0,74.902,0,0,3.84,0,114.8
572,18482.920,24.4526,12.9773,14.8523,32,-10.9375,0,1685.25,1.86411,22,102.2,19.45,2.04,9.01961,17.6471,90.4282,14.5098,7.685,-6.69408,1,8,0,0,0,74.902,0,0,3.84,0,114.8
573,18482.960,24.2843,12.7477,13.555,32,-14.0625,0,1515.5,1.86411,20,102.2,24.96,2.14,9.41177,19.6078,99.0934,14.5098,8.99,-5.93515,1,8,0,0,0,74.902,0,0,5.632,0,114.8
574,18483.000,24.3675,12.6328,7.66826,32,-15.625,0,1453,2.48548,18.5,102.2,27.25,2.22,9.41177,21.5686,100.201,14.5098,9.715,-5.79088,1,8,0,0,0,74.902,0,0,6.656,0,114.8
575,18483.040,24.3249,12.518,7.66826,32,-18.75,0,1359.25,2.48548,16,102.2,29.53,2.22,9.41177,21.5686,99.1364,14.5098,11.02,-5.79088,1,8,0,0,0,74.902,0,0,6.912,0,114.8
576,18483.080,24.41,12.4031,8.54545,32,-6.25,-1.5625,1305.5,2.48548,13,102.2,28.35,2.16,9.01961,21.5686,95.8666,14.5098,11.89,-5.88573,1,8,0,0,0,74.902,0,0,7.424,0,114.8
577,18483.120,24.3249,12.1734,8.54545,32,-5.46875,-1.5625,1277,2.48548,10.5,102.2,24.96,2.1,8.23529,21.5686,90.2241,14.5098,12.035,-5.88573,1,8,0,0,0,74.902,0,0,6.656,0,114.8
578,18483.160,24.3675,12.0586,10.9356,32,-5.46875,-1.5625,1278.25,3.10686,10,102.2,23.83,2.08,7.45098,21.1765,81.9652,14.5098,12.325,-6.17493,1,8,0,0,0,74.902,0,0,6.656,0,114.8
579,18483.200,24.4932,12.0586,10.9634,32,-5.46875,-1.5625,1253.5,3.10686,9,102.2,22.43,2.06,7.45098,20.7843,82.3564,14.5098,12.47,-6.34546,1,8,0,0,0,74.902,0,0,6.912,0,114.8
580,18483.240,24.41,12.1734,10.9634,32,-4.6875,-1.5625,1250,3.72823,9,102.2,21.33,2.02,6.66667,20.3922,73.6431,14.5098,12.615,-6.34546,1,8,0,0,0,74.902,0,0,6.912,0,114.8
581,18483.280,24.4526,12.4031,11.4209,32,-4.6875,0,1235.25,3.72823,9,102.2,21.16,1.98,5.88235,19.6078,64.93,14.5098,12.615,-6.78268,1,8,0,0,0,72.549,0,0,6.912,0,114.8
582,18483.320,24.4932,12.518,11.5259,32,-4.6875,0,1224,4.3496,9,102.2,19.75,1.98,5.09804,19.2157,59.1504,14.5098,12.615,-7.04035,1,8,0,0,0,63.5294,0,0,6.656,0,114.8
583,18483.360,24.3249,12.6328,11.5259,32,-4.6875,0,1227.25,4.3496,9,102.2,19.37,1.96,4.31373,18.8235,47.2691,14.5098,12.47,-7.04035,1,8,0,0,0,63.5294,0,0,6.656,0,114.8
584,18483.400,24.3249,12.6328,11.6148,32,-4.6875,0,1224.5,4.3496,9,102.2,19,1.96,4.31373,18.4314,50.2677,14.5098,12.47,-7.30912,1,8,0,0,0,53.7255,0,0,6.656,0,114.8
585,18483.440,24.4526,12.6328,11.6148,32,-4.6875,0,1224.5,4.3496,9,102.2,18.63,1.94,3.52941,18.0392,38.4322,14.5098,12.325,-7.30912,1,8,0,0,0,53.7255,0,0,6.4,0,114.8
586,18483.480,24.3249,12.6328,11.7692,32,-5.46875,0,1216.75,4.97097,9,102.2,18.04,1.92,3.52941,17.6471,41.4692,14.5098,12.18,-7.66533,1,8,0,0,0,41.1765,0,0,6.4,0,114.8
587,18483.520,24.3675,12.6328,12.4558,32,-5.46875,0,1216,4.97097,9,102.2,18.11,1.94,2.7451,17.6471,32.5625,14.5098,12.18,-7.75298,1,8,0,0,0,38.0392,0,0,5.888,0,114.8
588,18483.560,24.4526,12.6328,12.4558,32,-6.25,0,1213,4.97097,9,102.2,18.19,1.92,3.13725,17.2549,35.5155,14.5098,12.035,-7.75298,1,8,0,0,0,38.0392,0,0,6.144,0,114.8
589,18483.600,24.2843,12.6328,11.9514,32,-7.8125,0,1209.5,4.97097,9,102.2,18.04,1.92,2.7451,17.2549,32.5983,14.5098,12.035,-7.75244,1,8,0,0,0,38.0392,0,0,6.144,0,114.8
590,18483.640,24.3675,12.6328,12.0761,32,-10.1563,0,1202.5,5.59234,9,102.2,17.74,1.9,2.35294,16.8627,26.6925,14.5098,11.89,-8.01946,1,8,0,0,0,28.6275,0,0,5.632,0,114.8
591,18483.680,24.41,12.6328,12.0761,32,-11.7188,0,1202.75,5.59234,9.5,102.2,17.44,1.9,1.96078,16.4706,23.7313,14.5098,11.89,-8.01946,1,8,0,0,0,28.6275,0,0,5.632,0,114.8
592,18483.720,24.4526,12.6328,12.1786,32,-13.2813,0,1188.5,6.21371,9.5,102.2,17.22,1.9,.392157,16.0784,2.39844,14.5098,11.745,-8.55735,1,8,0,0,0,9.41177,0,0,5.376,0,114.8
593,18483.760,24.41,12.6328,12.1786,32,-14.8438,0,1182.25,6.21371,10,102.2,16.14,1.86,0,14.902,0,14.5098,11.6,-8.55735,1,8,0,0,0,9.41177,0,0,5.12,0,114.8
594,18483.800,24.3675,12.6328,12.3384,32,-15.625,0,1180.75,6.21371,15,102.2,15.58,1.82,0,14.1176,0,14.5098,11.6,-8.84093,1,8,0,0,0,0,0,0,4.864,0,114.8
595,18483.840,24.41,12.7477,13.5306,32,-16.4063,0,1162.25,6.21371,15.5,102.2,14.39,1.8,0,13.3333,0,14.5098,11.31,-8.86244,1,8,0,0,0,0,0,0,4.608,0,114.8
596,18483.880,24.3249,12.7477,13.5306,32,-16.4063,0,1158.5,6.83508,16,102.2,13.78,1.76,0,12.549,0,14.5098,11.165,-8.86244,1,8,0,0,0,0,0,0,4.352,0,114.8
597,18483.920,24.41,12.7477,14.4808,32,-17.1875,0,1178.25,6.83508,17,102.2,12.27,1.74,0,11.7647,0,14.5098,10.73,-8.84963,1,8,0,0,0,0,0,0,4.096,0,114.8
598,18483.960,24.3675,12.8625,15.1057,32,-17.9688,0,1209,6.83508,18,102.2,11.5,1.7,0,10.5882,0,14.5098,10.295,-8.82465,1,8,0,0,0,0,0,0,3.84,0,114.8
599,18484.000,24.2843,12.8625,15.1057,32,-17.9688,0,1236,6.83508,18,102.2,10.91,1.64,0,9.80392,0,14.5098,9.715,-8.82465,1,8,0,0,0,0,0,0,3.072,0,114.8
600,18484.040,24.2418,12.8625,19.6256,32,-18.75,0,1272,7.45645,18.5,102.2,9.67,1.6,0,9.41177,0,14.5098,9.135,-8.82465,1,8,0,0,0,0,0,0,2.816,0,114.8
601,18484.080,24.41,12.8625,19.6256,32,-18.75,0,1290.75,7.45645,19,102.2,9.11,1.58,0,9.01961,0,14.5098,8.555,-8.82465,1,8,0,0,0,0,0,0,2.56,0,114.8
602,18484.120,24.3249,12.8625,23.0871,32,-19.5313,0,1289.5,7.45645,19,102.2,9.11,1.58,0,9.01961,0,14.5098,8.555,-8.82465,1,8,0,0,0,0,0,0,2.816,0,114.8
603,18484.160,10.5065,12.9773,20.8777,32,-19.5313,0,1299.25,7.45645,18.5,102.2,8.93,1.58,0,9.01961,0,14.5098,8.12,-8.82465,1,8,0,0,0,0,0,0,2.304,0,114.8
604,18484.200,10.6322,12.9773,20.8777,32,-20.3125,0,1301.75,7.45645,18.5,102.2,9.15,1.6,0,9.01961,0,14.5098,7.685,-8.82465,1,8,0,0,0,0,0,0,2.304,0,114.8
605,18484.240,10.6748,13.0922,19.6128,32,-21.0938,0,1303,7.45645,18.5,102.2,9.05,1.58,0,9.01961,0,14.5098,7.54,-8.82465,1,8,0,0,0,0,0,0,2.56,0,114.8
606,18484.280,10.5491,13.207,17.7196,32,-21.0938,0,1314,7.45645,18,102.2,9.17,1.58,0,9.01961,0,14.5098,7.395,-8.82465,1,8,0,0,0,0,0,0,2.56,0,114.8
607,18484.320,10.5065,13.207,17.7196,32,-21.0938,0,1318.75,7.45645,18.5,102.2,9.13,1.6,0,9.01961,0,14.5098,7.105,-8.82465,1,8,0,0,0,0,0,0,2.304,0,114.8
608,18484.360,13.6241,13.3219,17.2525,32,-21.875,0,1327.25,8.07783,18.5,102.2,9.17,1.6,0,9.01961,0,14.5098,6.96,-8.82465,1,8,0,0,0,0,0,0,2.304,0,114.8
609,18484.400,13.5816,13.3219,17.2525,32,-21.875,0,1359.5,8.07783,14,102.2,9.36,1.6,0,9.01961,0,14.5098,6.815,-8.82465,1,8,0,0,0,0,0,0,2.304,0,114.8
610,18484.440,13.7498,13.4367,16.6146,32,-21.875,0,1406.75,8.07783,9,102.2,9.36,1.6,0,9.01961,0,14.5098,6.67,-8.82465,1,8,0,0,0,0,0,0,2.304,0,114.8
611,18484.480,13.8349,13.4367,15.4151,32,-22.6563,0,1418.75,8.07783,8,102.2,9.31,1.6,0,9.01961,0,14.5098,6.525,-8.82465,1,8,0,0,0,0,0,0,2.304,0,114.8
612,18484.520,13.8775,13.4367,15.4151,32,-22.6563,0,1446.25,8.07783,8.5,102.2,9.15,1.58,0,8.62745,0,14.5098,6.38,-8.82465,1,8,0,0,0,0,0,0,2.304,0,114.8
613,18484.560,13.9181,13.4367,17.1444,32,-22.6563,0,1476,8.07783,8.5,102.2,8.68,1.58,0,8.62745,0,14.5098,6.235,-8.82465,1,8,0,0,0,0,0,0,2.304,0,114.8
614,18484.600,13.9606,13.4367,17.2921,32,-23.4375,0,1489.5,8.07783,9,102.2,8.62,1.56,0,8.62745,0,14.5098,6.09,-8.82465,1,8,0,0,0,0,0,0,2.048,0,114.8
615,18484.640,13.8349,13.4367,17.2921,32,-23.4375,0,1507.75,8.07783,9,102.2,8.49,1.56,0,8.23529,0,14.5098,5.8,-8.82465,1,8,0,0,0,0,0,0,2.048,0,114.8
616,18484.680,13.9181,13.4367,16.9896,32,-24.2188,0,1515.5,8.07783,9,100.4,8.37,1.56,0,8.23529,0,14.5098,5.655,-8.82465,1,8,0,0,0,0,0,0,2.048,0,114.8
617,18484.720,14.2972,13.3219,16.9896,32,-24.2188,0,1520.25,8.07783,9.5,100.4,8.37,1.56,0,8.23529,0,14.5098,5.655,-8.82465,1,8,0,0,0,0,0,0,2.048,0,114.8
618,18484.760,14.9721,13.3219,15.5024,32,-24.2188,0,1515,8.07783,9.5,100.4,8.18,1.56,0,8.23529,0,14.5098,5.51,-8.82465,1,8,0,0,0,0,0,0,2.048,0,114.8
619,18484.800,14.0883,13.3219,15.4309,32,-25,0,1508.75,8.07783,9.5,100.4,8.43,1.56,0,8.23529,0,14.5098,5.365,-8.82465,1,8,0,0,0,0,0,0,2.048,0,114.8
620,18484.840,13.6667,13.4367,15.4309,32,-25,0,1505,8.07783,9.5,100.4,8.43,1.56,0,8.23529,0,14.5098,5.365,-8.82465,1,8,0,0,0,0,0,0,2.048,0,114.8
621,18484.880,13.7073,13.4367,15.3443,32,-25,0,1504,8.07783,9.5,100.4,8.31,1.56,0,8.23529,0,14.5098,5.22,-8.82465,1,8,0,0,0,0,0,0,2.048,0,114.8
622,18484.920,13.9606,13.5516,15.2433,31,-25,0,1494.25,7.45645,9.5,100.4,8.37,1.56,0,8.23529,0,14.5098,5.22,-8.82465,1,8,0,0,0,0,0,0,2.048,0,114.8
623,18484.960,13.8775,13.5516,15.2433,31,-25,0,1489,7.45645,9.5,100.4,8.25,1.56,0,8.23529,0,14.5098,5.22,-8.82465,1,8,0,0,0,0,0,0,2.048,0,114.8
624,18485.000,13.8775,13.5516,15.1361,31,-25,0,1475,7.45645,11,100.4,8.25,1.56,0,8.23529,0,14.5098,5.22,-8.82465,1,8,0,0,0,0,0,0,2.048,0,114.8
625,18485.040,14.0883,13.6664,15.1361,31,-25,0,1458.75,7.45645,13.5,100.4,8.43,1.56,0,8.23529,0,14.5098,5.075,-8.82465,1,8,0,0,0,0,0,0,2.048,0,114.8
626,18485.080,14.4673,13.7813,15.0003,31,-25,0,1449.75,7.45645,14.5,100.4,8.49,1.58,0,8.23529,0,14.5098,5.075,-8.82465,1,8,0,0,0,0,0,0,2.048,0,114.8
627,18485.120,14.2565,13.7813,14.889,31,-25,0,1446.5,7.45645,15.5,100.4,8.43,1.56,0,8.23529,0,14.5098,5.075,-8.82465,1,8,0,0,0,0,0,0,2.048,0,114.8
628,18485.160,14.1714,13.8961,14.889,31,-25,0,1424.75,7.45645,19,100.4,8.43,1.56,0,8.23529,0,14.5098,5.22,-8.82465,1,8,0,0,0,0,0,0,2.048,0,114.8
629,18485.200,14.214,14.0109,14.8085,31,-25,0,1433.25,7.45645,17.5,100.4,8.43,1.56,0,8.23529,0,14.5098,5.22,-8.82465,1,8,0,0,0,0,0,0,2.048,0,114.8
630,18485.240,14.2972,14.1258,14.7504,31,-25,0,1433.25,7.45645,17.5,100.4,8.56,1.56,0,7.84314,0,14.5098,5.22,-8.82465,1,8,0,0,0,0,0,0,2.048,0,114.8
631,18485.280,14.4248,14.1258,14.7504,31,-25,0,1429.25,7.45645,18,100.4,8.25,1.54,0,7.84314,0,14.5098,5.22,-8.82465,1,8,0,0,0,0,0,0,2.048,0,114.8
632,18485.320,14.5931,14.2406,14.7144,31,-25,0,1431,7.45645,17.5,100.4,8.08,1.54,0,7.84314,0,14.5098,5.22,-8.82465,1,8,0,0,0,0,0,0,2.048,0,114.8
633,18485.360,14.6782,14.2406,14.7144,31,-25,0,1438.25,7.45645,16.5,100.4,8.02,1.54,0,7.84314,0,14.5098,5.22,-8.82465,1,8,0,0,0,0,0,0,2.048,0,114.8
634,18485.400,14.7188,14.3555,15.0153,31,-25,0,1439.25,7.45645,16.5,100.4,8.02,1.54,0,7.84314,0,14.5098,5.22,-8.82465,1,8,0,0,0,0,0,0,2.048,0,114.8
635,18485.440,14.3397,14.3555,14.8817,31,-25,0,1444,7.45645,15.5,100.4,8.04,1.54,0,7.84314,0,14.5098,5.22,-8.82465,1,8,0,0,0,0,0,0,2.048,0,114.8
636,18485.480,14.6356,14.4703,14.8817,31,-25,0,1454.25,6.83508,14.5,100.4,8.04,1.54,0,7.84314,0,14.5098,5.22,-8.82465,1,8,0,0,0,0,0,0,2.048,0,114.8
637,18485.520,14.7188,14.4703,14.8743,31,-25,0,1451.75,6.83508,14.5,100.4,7.98,1.52,0,7.45098,0,14.5098,5.22,-8.82465,1,8,0,0,0,0,0,0,2.048,0,114.8
638,18485.560,14.6782,14.4703,14.8596,31,-25,0,1447.75,6.83508,15.5,100.4,7.96,1.52,0,7.45098,0,14.5098,5.22,-8.82465,1,8,0,0,0,0,0,0,2.048,0,114.8
639,18485.600,14.7613,14.4703,14.8596,31,-25,0,1447,6.83508,15.5,100.4,7.86,1.52,0,7.45098,0,14.5098,5.075,-8.82465,1,8,0,0,0,0,0,0,2.048,0,114.8
640,18485.640,14.6782,14.4703,14.8523,31,-25,0,1440.25,6.83508,16.5,100.4,7.8,1.5,0,7.45098,0,14.5098,5.075,-8.82465,1,8,0,0,0,0,0,0,2.048,0,114.8
641,18485.680,14.7613,14.4703,14.8523,31,-25,0,1429.75,6.83508,18,100.4,7.73,1.5,0,7.45098,0,14.5098,4.93,-8.82465,1,8,0,0,0,0,0,0,2.048,0,114.8
642,18485.720,14.5931,14.4703,15.0003,31,-25,0,1432,6.83508,17,100.4,7.67,1.48,0,6.66667,0,14.5098,4.93,-8.82465,1,8,0,0,0,0,0,0,2.048,0,114.8
643,18485.760,14.5505,14.4703,14.9482,31,-25,0,1423.75,6.83508,17.5,100.4,6.61,1.42,0,5.88235,0,14.5098,4.93,-8.82465,1,8,0,0,0,0,0,0,2.048,0,114.8
644,18485.800,14.7188,14.4703,14.9482,31,-25,0,1428.5,6.83508,17,100.4,5.92,1.4,0,5.4902,0,14.5098,4.785,-8.82465,1,8,0,0,0,0,0,0,2.048,0,114.8
645,18485.840,14.7613,14.4703,14.9705,31,-25,0,1419.25,6.83508,18,100.4,5.54,1.38,0,5.4902,0,14.5098,4.64,-8.82465,1,8,0,0,0,0,0,0,1.792,0,114.8
646,18485.880,14.7613,14.3555,15.0303,31,-25,1.5625,1406.5,6.83508,19,100.4,5.46,1.38,0,5.4902,0,14.5098,4.495,-8.82465,1,8,0,0,0,0,0,0,1.792,0,114.8
647,18485.920,14.5931,14.3555,15.0303,31,-25,1.5625,1390.25,6.83508,20,100.4,5.42,1.36,0,5.4902,0,14.5098,4.495,-8.82465,1,8,0,0,0,0,0,0,1.792,0,114.8
648,18485.960,14.5931,14.3555,15.0528,31,-25,1.5625,1375.75,6.21371,21,100.4,5.36,1.36,0,5.09804,0,14.5098,4.35,-8.82465,1,8,0,0,0,0,0,0,1.792,0,114.8
649,18486.000,14.508,14.2406,15.0528,31,-25,1.5625,1359,6.21371,22.5,100.4,5.38,1.36,0,5.09804,0,14.5098,4.205,-8.82465,1,8,0,0,0,0,0,0,1.792,0,114.8
650,18486.040,14.4248,14.2406,15.0528,31,-25,1.5625,1351.5,6.21371,22.5,100.4,5.32,1.36,0,5.09804,0,14.5098,4.205,-8.82465,1,8,0,0,0,0,0,0,1.792,0,114.8
651,18486.080,14.508,14.1258,15.0303,31,-25,1.5625,1332.75,6.21371,23,100.4,5.38,1.36,0,5.09804,0,14.5098,4.205,-8.82465,1,8,0,0,0,0,0,0,1.792,0,114.8
652,18486.120,14.3823,14.1258,15.0303,31,-25,1.5625,1335,5.59234,23,100.4,5.38,1.36,0,5.09804,0,14.5098,4.06,-8.82465,1,8,0,0,0,0,0,0,1.792,0,114.8
653,18486.160,14.1714,14.1258,14.9928,31,-25,1.5625,1320.75,5.59234,23,100.4,5.21,1.34,0,5.09804,0,14.5098,4.06,-8.82465,1,8,0,0,0,0,0,0,1.792,0,114.8
654,18486.200,14.2565,14.0109,14.9556,31,-25,1.5625,1294.75,5.59234,23,100.4,4.97,1.34,0,5.09804,0,14.5098,4.06,-8.82465,1,8,0,0,0,0,0,0,1.792,0,114.8
655,18486.240,14.1289,13.8961,14.9556,31,-25,1.5625,1270,5.59234,23,100.4,5.01,1.34,0,5.09804,0,14.5098,4.06,-8.82465,1,8,0,0,0,0,0,0,1.792,0,114.8
656,18486.280,14.1714,13.8961,14.9259,31,-25,1.5625,1249.5,5.59234,23,102.2,5.01,1.34,0,5.09804,0,14.5098,4.06,-8.82465,1,8,0,0,0,0,0,0,1.792,0,114.8
657,18486.320,14.0032,13.7813,14.9259,31,-25,1.5625,1233.5,5.59234,23,102.2,4.97,1.32,0,4.70588,0,14.5098,3.915,-8.82465,1,8,0,0,0,0,0,0,1.792,0,114.8
658,18486.360,14.0457,13.7813,14.889,31,-25,1.5625,1207.75,4.97097,23.5,102.2,4.73,1.32,0,4.70588,0,14.5098,3.915,-8.82465,1,8,0,0,0,0,0,0,1.792,0,114.8
659,18486.400,13.9606,13.7813,14.8596,31,-25,1.5625,1199.75,4.97097,23.5,102.2,4.56,1.32,0,4.70588,0,14.5098,3.915,-8.82497,1,8,0,0,0,0,0,0,1.792,0,114.8
660,18486.440,13.8775,13.6664,14.8596,31,-25,1.5625,1159,4.97097,23.5,102.2,4.48,1.3,0,4.70588,0,14.5098,3.915,-8.82497,1,8,0,0,0,0,0,0,1.792,0,114.8
661,18486.480,13.8775,13.6664,14.7939,31,-25,1.5625,1137.25,4.97097,23.5,102.2,4.48,1.32,0,4.70588,0,14.5098,3.915,-8.86232,1,8,0,0,0,0,0,0,1.792,0,114.8
662,18486.520,13.8775,13.6664,14.7432,31,-25,1.5625,1101,4.3496,23.5,102.2,4.48,1.3,0,5.09804,0,14.5098,3.915,-8.89085,1,8,0,0,0,0,0,0,1.792,0,114.8
663,18486.560,14.3823,13.5516,14.7432,31,-25,1.5625,1088.5,4.3496,23.5,102.2,4.64,1.34,0,5.4902,0,14.5098,3.915,-8.89085,1,8,0,0,0,0,0,0,1.792,0,114.8
664,18486.600,14.214,13.5516,14.6499,31,-25,1.5625,1058.25,4.3496,23.5,102.2,4.85,1.34,0,5.4902,0,14.5098,3.915,-8.9548,1,8,0,0,0,0,0,0,1.792,0,114.8
665,18486.640,14.3397,13.5516,14.6499,31,-25,1.5625,1034.75,4.3496,23.5,102.2,5.13,1.34,0,5.4902,0,14.5098,3.915,-8.9548,1,8,0,0,0,0,0,0,1.792,0,114.8
666,18486.680,14.1289,13.5516,14.5578,31,-25,1.5625,1028.75,3.72823,23.5,102.2,5.19,1.36,0,5.09804,0,14.5098,4.06,-8.97646,1,8,0,0,0,0,0,0,1.792,0,114.8
667,18486.720,14.0883,13.4367,14.5297,31,-25,1.5625,1005.25,3.72823,23.5,102.2,4.81,1.32,0,4.70588,0,14.5098,4.06,-8.99849,1,8,0,0,0,0,0,0,1.792,0,114.8
668,18486.760,14.1714,13.4367,14.5297,31,-25,1.5625,973.25,3.72823,24,102.2,4.64,1.3,0,4.70588,0,14.5098,4.06,-8.99849,1,8,0,0,0,0,0,0,1.792,0,114.8
669,18486.800,14.1714,13.4367,14.4948,31,-25,1.5625,960,3.72823,24,102.2,4.48,1.32,0,4.70588,0,14.5098,4.06,-9.03282,1,8,0,0,0,0,0,0,1.792,0,114.8
670,18486.840,14.1289,13.4367,14.4599,30,-25,1.5625,937.75,3.72823,24,102.2,4.41,1.3,0,4.70588,0,14.5098,4.06,-9.06552,1,8,0,0,0,0,0,0,1.792,0,114.8
671,18486.880,14.214,13.4367,14.4599,30,-25,1.5625,919.5,3.72823,24,102.2,4.37,1.28,0,4.70588,0,14.5098,4.205,-9.06552,1,8,0,0,0,0,0,0,1.792,0,114.8
672,18486.920,14.0883,13.4367,14.3497,30,-25,1.5625,912.75,3.72823,24,102.2,4.37,1.3,0,4.70588,0,14.5098,4.205,-9.08218,1,8,0,0,0,0,0,0,1.792,0,114.8
673,18486.960,14.0883,13.5516,14.3497,30,-25,1.5625,898.25,3.72823,24,102.2,4.37,1.32,0,5.09804,0,14.5098,4.35,-9.08218,1,8,0,0,0,0,0,0,1.792,0,114.8
674,18487.000,14.0883,13.5516,13.422,30,-25,1.5625,904.25,3.72823,24,102.2,4.41,1.32,0,5.09804,0,14.5098,4.35,-9.10178,1,8,0,0,0,0,0,0,1.792,0,114.8
675,18487.040,14.0457,13.5516,14.1275,30,-25,1.5625,884,3.72823,24,102.2,4.48,1.32,0,5.09804,0,14.5098,4.35,-9.11492,1,8,0,0,0,0,0,0,1.792,0,114.8
676,18487.080,14.0457,13.5516,14.1275,30,-25,1.5625,869.25,3.72823,24,102.2,4.57,1.32,0,5.09804,0,14.5098,4.495,-9.11492,1,8,0,0,0,0,0,0,1.792,0,114.8
677,18487.120,14.0032,13.6664,14.0287,30,-25,1.5625,846.25,3.72823,24,102.2,4.85,1.32,0,5.09804,0,14.5098,4.64,-9.14598,1,8,0,0,0,0,0,0,1.792,0,114.8
678,18487.160,14.1714,13.6664,13.9378,30,-25,1.5625,835.75,3.10686,24,102.2,4.81,1.32,0,5.09804,0,14.5098,4.64,-9.15918,1,8,0,0,0,0,0,0,2.048,0,114.8
679,18487.200,13.9606,13.6664,13.9378,30,-25,1.5625,834,3.10686,24,102.2,4.89,1.32,0,5.09804,0,14.5098,4.64,-9.15918,1,8,0,0,0,0,0,0,2.048,0,114.8
680,18487.240,14.0457,13.7813,13.1926,30,-25,1.5625,819.75,3.10686,24,102.2,4.85,1.34,0,5.09804,0,14.5098,4.785,-9.16072,1,8,0,0,0,0,0,0,2.048,0,114.8
681,18487.280,14.0032,13.7813,13.1926,30,-25,1.5625,824.5,3.10686,24,102.2,4.81,1.34,0,5.09804,0,14.5098,4.785,-9.16072,1,8,0,0,0,0,0,0,2.048,0,114.8
682,18487.320,14.0032,13.7813,13.8289,30,-25,1.5625,817.25,3.10686,24,102.2,4.81,1.34,0,5.09804,0,14.5098,4.93,-9.16965,1,8,0,0,0,0,0,0,2.048,0,114.8
683,18487.360,14.0032,13.8961,13.7155,30,-25,1.5625,785.5,3.10686,24,102.2,4.81,1.34,0,4.31373,0,14.5098,4.93,-9.19205,1,8,0,0,0,0,0,0,2.048,0,114.8
684,18487.400,10.17,13.8961,13.7155,30,-25,1.5625,715.75,3.10686,24,102.2,4.73,1.3,0,3.13725,0,14.5098,4.93,-9.19205,1,8,0,0,0,0,0,0,0,0,114.8
685,18487.440,10.17,13.8961,13.6968,30,0,1.5625,651.25,3.10686,24,102.2,3.82,1.24,0,2.35294,0,14.5098,5.075,-9.19205,1,8,0,0,0,0,0,0,0,0,114.8
686,18487.480,10.17,13.8961,13.6906,30,0,1.5625,571.75,3.10686,24,102.2,3.23,1.18,0,2.35294,0,14.5098,5.075,-9.19205,1,8,0,0,0,0,0,0,0,0,114.8
687,18487.520,10.17,14.0109,13.6906,30,0,1.5625,571.75,3.10686,24,102.2,3.23,1.18,0,2.35294,0,14.5098,5.075,-9.19205,1,8,0,0,0,0,0,0,0,0,114.8
688,18487.560,10.17,14.0109,13.6719,30,0,1.5625,492.5,3.10686,24,102.2,2.86,1.18,0,2.35294,0,14.5098,5.075,-9.19205,1,8,0,0,0,0,0,0,0,0,114.8
689,18487.600,10.17,14.0109,13.6719,30,0,1.5625,492.5,3.10686,24,102.2,2.86,1.12,0,2.35294,0,14.5098,5.075,-9.19205,1,8,0,0,0,0,0,0,0,0,114.8
690,18487.640,10.17,14.1258,13.6719,30,0,1.5625,391,3.10686,24,102.2,2.63,1.2,0,2.35294,0,14.5098,5.075,-9.19205,1,8,0,0,0,0,0,0,0,0,114.8
691,18487.680,10.17,14.2406,13.6595,30,0,1.5625,391,3.10686,24,102.2,2.63,1.14,0,2.35294,0,14.5098,5.075,-9.19205,1,8,0,0,0,0,0,0,0,0,114.8
692,18487.720,10.17,14.4703,13.6595,30,0,1.5625,391,3.10686,24,102.2,2.63,1.16,0,2.35294,0,14.5098,5.075,-9.19205,1,8,0,0,0,0,0,0,0,0,114.8
693,18487.760,10.17,14.7,8.65352,30,0,1.5625,262.25,3.10686,17.5,102.2,2.73,1.24,0,2.35294,0,14.5098,5.655,-9.19205,1,8,0,0,0,0,0,0,0,0,114.8
694,18487.800,10.17,14.7,8.65352,30,0,1.5625,262.25,3.10686,17.5,102.2,2.73,1.22,0,2.35294,0,14.5098,5.655,-9.19205,1,8,0,0,0,0,0,0,0,0,114.8
695,18487.840,10.17,14.7,8.65352,30,0,1.5625,262.25,3.10686,17.5,102.2,2.73,1.1,0,2.35294,0,14.5098,5.655,-9.19205,1,8,0,0,0,0,0,0,0,0,114.8
696,18487.880,10.17,14.7,8.65352,30,0,1.5625,262.25,3.10686,17.5,102.2,2.73,1.06,0,2.35294,0,14.5098,5.655,-9.19205,1,8,0,0,0,0,0,0,0,0,114.8
697,18487.920,10.17,14.7,8.65352,30,0,1.5625,262.25,3.10686,17.5,102.2,2.73,1.08,0,2.35294,0,14.5098,5.655,-9.19205,1,8,0,0,0,0,0,0,0,0,116.6
698,18487.960,10.17,14.7,8.65352,30,0,1.5625,262.25,3.10686,17.5,102.2,2.73,1.14,0,2.35294,0,14.5098,5.655,-9.19205,1,8,0,0,0,0,0,0,0,0,116.6
699,18488.000,10.17,14.7,8.65352,30,0,1.5625,262.25,3.10686,17.5,102.2,2.73,1.18,0,2.35294,0,14.5098,5.655,-9.19205,1,8,0,0,0,0,0,0,0,0,116.6
700,18488.040,10.17,14.7,8.65352,30,0,1.5625,262.25,3.10686,17.5,102.2,2.73,1.18,0,2.35294,0,14.5098,5.655,-9.19205,1,8,0,0,0,0,0,0,0,0,116.6
701,18488.080,10.17,14.7,8.65352,30,0,1.5625,262.25,3.10686,17.5,102.2,2.73,1.18,0,2.35294,0,14.5098,5.655,-9.19205,1,8,0,0,0,0,0,0,0,0,116.6
702,18488.120,10.17,14.7,8.65352,30,0,1.5625,262.25,3.10686,17.5,102.2,2.73,1.18,0,2.35294,0,14.5098,5.655,-9.19205,1,8,0,0,0,0,0,0,0,0,116.6
703,18488.160,10.17,14.7,8.65352,30,0,1.5625,262.25,3.10686,17.5,102.2,2.73,1.18,0,2.35294,0,14.5098,5.655,-9.19205,1,8,0,0,0,0,0,0,0,0,116.6
704,18488.200,10.17,14.7,8.65352,30,0,1.5625,262.25,3.10686,17.5,102.2,2.73,1.18,0,2.35294,0,14.5098,5.655,-9.19205,1,8,0,0,0,0,0,0,0,0,116.6
705,18488.240,10.17,14.7,8.65352,30,0,1.5625,262.25,3.10686,17.5,102.2,2.73,1.16,0,2.35294,0,14.5098,5.655,-9.19205,1,8,0,0,0,0,0,0,0,0,116.6
706,18488.280,10.17,14.7,8.65352,30,0,1.5625,262.25,3.10686,17.5,102.2,2.73,1.16,0,2.35294,0,14.5098,5.655,-9.19205,1,8,0,0,0,0,0,0,0,0,116.6
707,18488.320,10.17,14.7,8.65352,30,0,1.5625,262.25,3.10686,17.5,102.2,2.73,1.16,0,2.35294,0,14.5098,5.655,-9.19205,1,8,0,0,0,0,0,0,0,0,116.6
