t_rel_s,RPM,MPH,Throttle,load,FBKC,FLKC,avcs,Timing,rpm_bin,load_bin,CL/OL,sig_gear,gear_change_pct,time_since_shift_s,sig_lift_sustained,sig_rpm_step,sig_now_lifted,shift_class,log,rom
23.240000000000002,2120,34,29.02,1.21938450654404,-1.4,0.0,19,13.0,2200.0,1.17,10,True,0.47421866590118067,0.5862557549958448,True,False,False,shift,5-23 20.14/log0003.csv,20.14
23.28,2085,34,28.63,1.22115361554143,-1.4,0.0,21,13.5,2200.0,1.17,10,True,0.4611342351716961,0.6395517327227398,True,False,False,shift,5-23 20.14/log0003.csv,20.14
23.32,2076,34,27.06,1.17138728323699,-1.4,0.0,21,13.5,2200.0,1.17,10,True,0.4611342351716961,0.6928477104496348,True,False,False,shift,5-23 20.14/log0003.csv,20.14
23.36,2117,34,26.67,1.13297910024796,-1.4,0.0,22,12.5,2200.0,1.17,10,True,0.4611342351716961,0.7461436881765298,True,False,False,shift,5-23 20.14/log0003.csv,20.14
23.400000000000002,2129,34,26.67,1.16335447498238,-1.4,0.0,22,13.5,2200.0,1.17,10,True,0.4611342351716961,0.7994396659034247,True,False,False,shift,5-23 20.14/log0003.csv,20.14
23.44,2098,34,26.27,1.19041830532714,-1.4,0.0,22,13.5,2200.0,1.17,10,True,0.4611342351716961,0.8527356436303197,True,False,False,shift,5-23 20.14/log0003.csv,20.14
23.48,2137,34,25.88,1.14847314847315,-1.4,0.0,22,13.0,2200.0,1.17,10,True,0.4611342351716961,0.9060316213572147,True,False,False,shift,5-23 20.14/log0003.csv,20.14
23.52,2133,34,25.1,1.11926863572433,-1.4,0.0,22,13.0,2200.0,1.17,10,True,0.4611342351716961,0.9593275990841097,True,False,False,shift,5-23 20.14/log0003.csv,20.14
23.560000000000002,2131,34,24.31,1.08919394579373,-1.4,0.0,22,13.5,2200.0,1.17,10,True,0.4611342351716961,1.0126235768110046,True,False,False,shift,5-23 20.14/log0003.csv,20.14
23.6,2120,35,23.14,1.08450106157113,-1.4,0.0,22,13.5,2200.0,1.0,10,True,0.44834010271558533,1.0659195545378997,True,False,False,shift,5-23 20.14/log0003.csv,20.14
23.64,2151,35,21.18,1.02020225502732,-1.4,0.0,22,13.0,2200.0,1.0,10,True,0.44834010271558533,1.1192155322647945,True,False,False,shift,5-23 20.14/log0003.csv,20.14
23.68,2155,35,19.61,0.935220417633411,-1.4,0.0,22,14.0,2200.0,1.0,10,True,0.4481497138397503,1.1725115099916896,True,False,False,shift,5-23 20.14/log0003.csv,20.14
23.720000000000002,2119,35,19.61,0.889843104872007,-1.4,0.0,22,13.5,2200.0,1.0,10,True,0.4481497138397503,1.2258074877185845,True,False,False,shift,5-23 20.14/log0003.csv,20.14
23.76,2165,35,19.22,0.843520443520444,-1.4,0.0,21,14.0,2200.0,0.73,10,True,0.4481497138397503,1.2791034654454796,True,False,False,shift,5-23 20.14/log0003.csv,20.14
23.8,2167,35,19.22,0.845413637937003,-1.05,0.0,21,14.5,2200.0,0.73,10,True,0.4481497138397503,1.3323994431723745,True,False,False,shift,5-23 20.14/log0003.csv,20.14
23.84,2142,35,18.43,0.852480448231586,-0.35,0.0,21,15.0,2200.0,0.73,10,True,0.4481497138397503,1.3856954208992696,True,False,False,shift,5-23 20.14/log0003.csv,20.14
279.47999999999996,3146,37,27.06,1.02606484424666,-1.4,0.0,19,16.0,3000.0,1.0,8,True,0.2580902354375764,1.5455833540799544,True,False,False,shift,5-23 20.14/log0003.csv,20.14
279.52,3145,38,27.06,1.01987597392272,-2.8,0.0,20,14.5,3000.0,1.0,8,True,0.2580902354375764,0.0,True,False,False,shift,5-23 20.14/log0003.csv,20.14
279.56,3155,38,27.06,1.00328024720704,-2.8,0.0,20,14.5,3300.0,1.0,8,True,0.2580902354375764,0.05329597772689498,True,False,False,shift,5-23 20.14/log0003.csv,20.14
279.59999999999997,3171,38,27.06,1.00821572183237,-2.8,0.0,20,15.0,3300.0,1.0,8,True,0.2580902354375764,0.10659195545378997,True,False,False,shift,5-23 20.14/log0003.csv,20.14
279.64,3182,38,27.06,1.01098279519208,-2.8,0.0,20,15.0,3300.0,1.0,8,True,0.2580902354375764,0.15988793318068495,True,False,False,shift,5-23 20.14/log0003.csv,20.14
279.68,3174,39,27.06,1.04005041752009,-2.8,0.0,20,14.5,3300.0,1.0,8,True,0.27261679719146653,0.0,True,False,False,shift,5-23 20.14/log0003.csv,20.14
279.71999999999997,3180,39,27.06,1.02482509236695,-2.8,0.0,20,14.5,3300.0,1.0,8,True,0.27261679719146653,0.05329597772689498,True,False,False,shift,5-23 20.14/log0003.csv,20.14
279.76,3203,39,26.67,1.03392397158692,-2.8,0.0,20,14.0,3300.0,1.0,8,True,0.27261679719146653,0.10659195545378997,True,False,False,shift,5-23 20.14/log0003.csv,20.14
279.79999999999995,3201,39,26.27,1.00179617336978,-2.8,0.0,20,14.5,3300.0,1.0,8,True,0.27261679719146653,0.15988793318068495,True,False,False,shift,5-23 20.14/log0003.csv,20.14
279.84,3223,39,25.88,0.959553176634862,-2.8,0.0,19,14.5,3300.0,1.0,8,True,0.27261679719146653,0.21318391090757993,True,False,False,shift,5-23 20.14/log0003.csv,20.14
279.88,3240,39,25.88,0.957666486611621,-2.8,0.0,19,15.0,3300.0,1.0,8,True,0.27261679719146653,0.2664798886344749,True,False,False,shift,5-23 20.14/log0003.csv,20.14
279.91999999999996,3257,39,25.88,0.971937365673933,-2.8,0.0,19,15.0,3300.0,1.0,8,True,0.27261679719146653,0.3197758663613699,True,False,False,shift,5-23 20.14/log0003.csv,20.14
279.96,3235,39,25.88,0.981776025968004,-2.8,0.0,19,15.0,3300.0,1.0,8,True,0.27261679719146653,0.3730718440882649,True,False,False,shift,5-23 20.14/log0003.csv,20.14
280.0,3245,39,25.49,0.978674884437596,-2.8,0.0,19,14.5,3300.0,1.0,8,True,0.27261679719146653,0.42636782181515986,True,False,False,shift,5-23 20.14/log0003.csv,20.14
280.03999999999996,3249,39,25.1,0.98393351800554,-2.8,0.0,19,15.0,3300.0,1.0,8,True,0.27261679719146653,0.47966379954205485,True,False,False,shift,5-23 20.14/log0003.csv,20.14
280.08,3283,40,25.1,0.94194334450198,-2.45,0.0,20,15.5,3300.0,1.0,8,True,0.27261679719146653,0.5329597772689498,True,False,False,shift,5-23 20.14/log0003.csv,20.14
280.12,3302,40,25.1,0.922713506965476,-2.45,0.0,20,15.5,3300.0,1.0,8,True,0.27261679719146653,0.5862557549958448,True,False,False,shift,5-23 20.14/log0003.csv,20.14
280.15999999999997,3304,40,25.1,0.948811866202513,-2.45,0.0,20,15.5,3300.0,1.0,8,True,0.27261679719146653,0.6395517327227398,True,False,False,shift,5-23 20.14/log0003.csv,20.14
280.2,3287,40,25.1,0.975587497148072,-2.45,0.0,20,15.5,3300.0,1.0,8,True,0.27261679719146653,0.6928477104496348,True,False,False,shift,5-23 20.14/log0003.csv,20.14
280.23999999999995,3309,40,25.1,0.959818662636948,-2.45,0.0,20,15.5,3300.0,1.0,8,True,0.27261679719146653,0.7461436881765298,True,False,False,shift,5-23 20.14/log0003.csv,20.14
280.28,3340,40,25.1,0.966394730933313,-2.45,0.0,19,15.5,3300.0,1.0,8,True,0.27261679719146653,0.7994396659034247,True,False,False,shift,5-23 20.14/log0003.csv,20.14
280.32,3344,40,25.1,0.952822429906542,-2.45,0.0,19,15.5,3300.0,1.0,8,True,0.26354757403906753,0.8527356436303197,True,False,False,shift,5-23 20.14/log0003.csv,20.14
280.35999999999996,3328,40,25.49,0.979326923076923,-2.45,0.0,19,15.5,3300.0,1.0,8,True,0.26354757403906753,0.9060316213572147,True,False,False,shift,5-23 20.14/log0003.csv,20.14
280.4,3339,40,25.49,0.98544474393531,-2.45,0.0,19,15.5,3300.0,1.0,8,True,0.26354757403906753,0.9593275990841097,True,False,False,shift,5-23 20.14/log0003.csv,20.14
280.44,3365,40,25.49,0.977903261757932,-2.45,0.0,19,15.5,3300.0,1.0,8,True,0.26354757403906753,1.0126235768110046,True,False,False,shift,5-23 20.14/log0003.csv,20.14
280.47999999999996,3385,40,25.49,0.965849335302807,-2.45,0.0,20,15.5,3300.0,1.0,8,True,0.26354757403906753,1.0659195545378997,True,False,False,shift,5-23 20.14/log0003.csv,20.14
280.52,3382,40,25.49,0.966706091070373,-2.45,0.0,20,15.5,3300.0,1.0,8,True,0.26354757403906753,1.1192155322647945,True,False,False,shift,5-23 20.14/log0003.csv,20.14
280.56,3368,41,25.1,0.970652415942997,-2.45,0.0,20,15.5,3300.0,1.0,8,True,0.23172227047463353,0.0,True,False,False,shift,5-23 20.14/log0003.csv,20.14
280.59999999999997,3427,41,25.1,0.954012255617158,-2.45,0.0,19,15.5,3300.0,1.0,8,True,0.23172227047463353,0.05329597772689498,True,False,False,shift,5-23 20.14/log0003.csv,20.14
280.64,3426,41,25.1,0.972504378283713,-2.1,0.0,20,16.0,3300.0,1.0,8,True,0.2230879272467174,0.10659195545378997,True,False,False,shift,5-23 20.14/log0003.csv,20.14
280.68,3404,41,25.1,0.960599382988101,-2.1,0.0,19,16.0,3300.0,1.0,8,True,0.22175956675011493,0.15988793318068495,True,False,False,shift,5-23 20.14/log0003.csv,20.14
280.71999999999997,3403,41,25.1,0.964055841293167,-2.1,0.0,19,16.0,3300.0,1.0,8,True,0.22175956675011493,0.21318391090757993,True,False,False,shift,5-23 20.14/log0003.csv,20.14
280.76,3445,41,25.1,0.949027576197388,-2.1,0.0,20,16.0,3300.0,1.0,8,True,0.22175956675011493,0.2664798886344749,True,False,False,shift,5-23 20.14/log0003.csv,20.14
280.79999999999995,3469,42,25.1,0.951455750936869,-2.1,0.0,20,16.0,3300.0,1.0,8,True,0.21113268277729536,0.3197758663613699,True,False,False,shift,5-23 20.14/log0003.csv,20.14
280.84,3447,42,24.71,0.963620539599652,-2.1,0.0,20,16.0,3300.0,1.0,8,True,0.20183415930107818,0.3730718440882649,True,False,False,shift,5-23 20.14/log0003.csv,20.14
280.88,3464,42,24.71,0.937827499097799,-2.1,0.0,19,16.0,3300.0,1.0,10,True,0.1905430950799571,0.42636782181515986,True,False,False,shift,5-23 20.14/log0003.csv,20.14
280.91999999999996,3482,42,24.71,0.94218009478673,-2.1,0.0,19,16.0,3300.0,1.0,10,False,0.16696469626526347,,True,False,False,load,5-23 20.14/log0003.csv,20.14
280.96,3486,42,24.71,0.943889845094664,-2.1,0.0,19,16.0,3300.0,1.0,10,False,0.15567363204414247,,False,False,False,load,5-23 20.14/log0003.csv,20.14
281.0,3495,42,24.71,0.932598898347521,-2.1,0.0,19,16.0,3300.0,1.0,10,False,0.13940121596076244,,False,False,False,load,5-23 20.14/log0003.csv,20.14
281.03999999999996,3491,42,24.71,0.945527465444389,-2.1,0.0,19,16.0,3300.0,1.0,10,False,0.112169825780412,,False,False,False,load,5-23 20.14/log0003.csv,20.14
281.08,3499,42,24.71,0.937400871615346,-2.1,0.0,19,16.0,3300.0,1.0,10,False,0.09324068870382668,,False,False,False,load,5-23 20.14/log0003.csv,20.14
281.12,3542,42,25.1,0.926217704362558,-2.1,0.0,19,16.0,3700.0,1.0,10,False,0.07132274050988614,,False,False,False,load,5-23 20.14/log0003.csv,20.14
281.15999999999997,3541,42,25.1,0.946918025841983,-2.1,0.0,19,16.0,3700.0,1.0,10,False,0.0467480713227407,,False,False,False,load,5-23 20.14/log0003.csv,20.14
281.2,3516,43,25.1,0.977303754266212,-1.75,0.0,19,16.0,3700.0,1.0,10,False,0.0447555305778368,,False,False,False,load,5-23 20.14/log0003.csv,20.14
281.23999999999995,3550,43,24.71,0.932723047672699,-1.75,0.0,19,16.0,3700.0,1.0,10,False,0.0447555305778368,,False,False,False,load,5-23 20.14/log0003.csv,20.14
281.28,3575,43,24.71,0.935123793537558,-1.75,0.0,19,16.5,3700.0,1.0,10,False,0.0447555305778368,,False,False,False,load,5-23 20.14/log0003.csv,20.14
281.32,3554,43,24.71,0.928765388673936,-1.75,0.0,19,16.5,3700.0,1.0,10,False,0.0447555305778368,,False,False,False,load,5-23 20.14/log0003.csv,20.14
281.35999999999996,3567,43,24.71,0.922391197701311,-1.75,0.0,19,16.5,3700.0,1.0,10,False,0.0447555305778368,,False,False,False,load,5-23 20.14/log0003.csv,20.14
281.4,3572,43,24.71,0.92414951700966,-1.75,0.0,18,16.5,3700.0,1.0,10,False,0.0447555305778368,,False,False,False,load,5-23 20.14/log0003.csv,20.14
281.44,3595,43,24.31,0.915271210013908,-1.75,0.0,18,16.5,3700.0,1.0,10,False,0.0447555305778368,,False,False,False,load,5-23 20.14/log0003.csv,20.14
281.47999999999996,3598,43,24.31,0.911799861014594,-1.75,0.0,19,16.5,3700.0,1.0,10,False,0.0447555305778368,,False,False,False,load,5-23 20.14/log0003.csv,20.14
281.52,3580,43,23.53,0.901675977653631,-1.75,0.0,19,16.5,3700.0,1.0,10,False,0.0447555305778368,,False,False,False,load,5-23 20.14/log0003.csv,20.14
281.56,3614,43,19.22,0.803099273607748,-1.75,0.0,18,16.5,3700.0,0.73,10,False,0.0447555305778368,,False,False,False,load,5-23 20.14/log0003.csv,20.14
2573.04,3660,19,48.63,1.6666074721672,-1.4,0.0,25,15.0,3700.0,1.64,8,False,0.1141914909038197,,False,False,False,load,5-23 20.14/log0003.csv,20.14
2573.08,3709,20,49.02,1.70397734933261,-1.4,0.0,25,15.0,3700.0,1.64,8,False,0.1141914909038197,,False,False,False,load,5-23 20.14/log0003.csv,20.14
2573.12,3804,20,49.41,1.71419558359621,-1.4,0.0,25,15.0,3700.0,1.78,8,False,0.1141914909038197,,False,False,False,load,5-23 20.14/log0003.csv,20.14
2573.16,3904,21,49.41,1.76584053794428,-1.4,0.0,25,15.0,4000.0,1.78,8,False,0.1141914909038197,,False,False,False,load,5-23 20.14/log0003.csv,20.14
2573.2,3957,21,49.41,1.86437507898395,-1.4,0.0,25,14.5,4000.0,1.78,8,False,0.1141914909038197,,False,False,False,load,5-23 20.14/log0003.csv,20.14
2573.2400000000002,4019,21,48.63,1.88927593928838,-1.4,0.0,25,14.5,4000.0,1.95,8,False,0.1141914909038197,,False,False,False,load,5-23 20.14/log0003.csv,20.14
2573.28,4079,21,48.63,1.9910511798958,-1.4,0.0,24,14.0,4000.0,1.95,8,False,0.1141914909038197,,False,False,False,load,5-23 20.14/log0003.csv,20.14
2573.32,4111,22,47.84,2.08141076314989,-1.4,0.0,24,13.5,4000.0,2.12,8,False,0.1141914909038197,,False,False,False,load,5-23 20.14/log0003.csv,20.14
2573.36,4217,22,46.27,2.0457197059521,-1.4,0.0,24,13.0,4400.0,2.12,8,False,0.1141914909038197,,False,False,False,load,5-23 20.14/log0003.csv,20.14
2573.4,4324,23,45.49,2.13177613320999,-1.4,0.0,22,13.0,4400.0,2.12,8,False,0.1141914909038197,,False,False,False,load,5-23 20.14/log0003.csv,20.14
2573.44,4401,23,45.1,2.26201568003636,-1.4,0.0,21,12.5,4400.0,2.28,8,False,0.1141914909038197,,False,False,False,load,5-23 20.14/log0003.csv,20.14
2573.48,4464,24,43.92,2.26815254522036,-1.4,0.0,19,12.0,4400.0,2.28,8,False,0.1141914909038197,,False,False,False,load,5-23 20.14/log0003.csv,20.14
2573.52,4528,24,40.78,2.23861315077569,-1.4,0.0,18,12.0,4400.0,2.28,8,False,0.1141914909038197,,False,False,False,load,5-23 20.14/log0003.csv,20.14
2573.56,4597,24,39.61,2.21517376407244,-1.4,0.0,16,12.5,4400.0,2.28,8,False,0.1141914909038197,,False,False,False,load,5-23 20.14/log0003.csv,20.14
2573.6,4670,24,40.0,2.20228039184198,-1.05,0.0,14,13.0,4800.0,2.28,8,False,0.1141914909038197,,False,False,False,load,5-23 20.14/log0003.csv,20.14
2573.64,4742,25,40.0,2.19857662501977,-1.05,0.0,12,13.0,4800.0,2.12,8,False,0.1141914909038197,,False,False,False,load,5-23 20.14/log0003.csv,20.14
2573.68,4827,25,40.39,2.18619153674833,-1.05,0.0,10,13.5,4800.0,2.12,8,False,0.1141914909038197,,False,False,False,load,5-23 20.14/log0003.csv,20.14
2653.92,3210,39,36.47,1.29140186915888,-1.4,0.0,21,16.0,3300.0,1.36,10,False,0.0464908185496421,,True,False,False,load,5-23 20.14/log0003.csv,20.14
2653.96,3221,39,36.47,1.30814251338974,-1.4,0.0,21,16.0,3300.0,1.36,10,False,0.0464908185496421,,True,False,False,load,5-23 20.14/log0003.csv,20.14
2654.0,3223,39,36.47,1.31328834070282,-2.8,0.0,22,14.5,3300.0,1.36,10,False,0.0464908185496421,,True,False,False,load,5-23 20.14/log0003.csv,20.14
2654.04,3227,39,36.47,1.33267219338344,-2.8,0.0,22,14.5,3300.0,1.36,10,False,0.0464908185496421,,True,False,False,load,5-23 20.14/log0003.csv,20.14
2654.08,3263,39,36.47,1.35209195402299,-2.8,0.0,23,14.5,3300.0,1.36,10,False,0.0464908185496421,,False,False,False,load,5-23 20.14/log0003.csv,20.14
2654.12,3273,39,36.47,1.36278643446379,-2.8,0.0,23,15.0,3300.0,1.36,10,False,0.0464908185496421,,False,False,False,load,5-23 20.14/log0003.csv,20.14
2654.16,3284,39,36.47,1.37218543046358,-2.8,0.0,24,15.5,3300.0,1.36,10,False,0.0464908185496421,,False,False,False,load,5-23 20.14/log0003.csv,20.14
2654.2,3297,40,36.47,1.40181983621474,-2.8,0.0,24,15.0,3300.0,1.36,10,False,0.0464908185496421,,False,False,False,load,5-23 20.14/log0003.csv,20.14
2654.2400000000002,3313,40,35.29,1.3950498038032,-2.8,0.0,24,15.0,3300.0,1.36,10,False,0.0464908185496421,,False,True,False,load,5-23 20.14/log0003.csv,20.14
2654.28,3328,40,35.29,1.37498309668695,-2.8,0.0,24,15.0,3300.0,1.36,10,False,0.0464908185496421,,False,False,False,load,5-23 20.14/log0003.csv,20.14
2654.32,3336,40,34.9,1.42687148744848,-2.8,0.0,24,15.0,3300.0,1.36,10,False,0.0464908185496421,,False,False,False,load,5-23 20.14/log0003.csv,20.14
2654.36,3357,40,34.12,1.33585580217488,-2.8,0.0,24,15.5,3300.0,1.36,10,False,0.0464908185496421,,False,False,False,load,5-23 20.14/log0003.csv,20.14
2654.4,3385,40,33.73,1.38614270941055,-2.8,0.0,24,15.5,3300.0,1.36,10,False,0.0464908185496421,,False,False,False,load,5-23 20.14/log0003.csv,20.14
2654.44,3390,41,33.33,1.41777155077059,-2.8,0.0,24,15.5,3300.0,1.36,10,False,0.0464908185496421,,False,False,False,load,5-23 20.14/log0003.csv,20.14
2654.48,3381,41,33.33,1.39452743676971,-2.8,0.0,24,15.5,3300.0,1.36,10,False,0.0464908185496421,,False,False,False,load,5-23 20.14/log0003.csv,20.14
2654.52,3401,41,32.94,1.46096162329069,-2.8,0.0,24,15.5,3300.0,1.51,10,False,0.0464908185496421,,False,False,False,load,5-23 20.14/log0003.csv,20.14
2654.56,3441,41,32.16,1.41701663881421,-2.45,0.0,24,15.5,3300.0,1.36,10,False,0.0464908185496421,,False,False,False,load,5-23 20.14/log0003.csv,20.14
2654.6,3449,42,32.16,1.45391808626314,-2.45,0.0,25,16.0,3300.0,1.51,10,False,0.0464908185496421,,False,False,False,load,5-23 20.14/log0003.csv,20.14
2654.64,3457,42,31.37,1.40396354694055,-2.45,0.0,24,16.5,3300.0,1.36,10,False,0.0464908185496421,,False,False,False,load,5-23 20.14/log0003.csv,20.14
2654.68,3454,42,29.8,1.36475356444959,-2.45,0.0,24,16.5,3300.0,1.36,10,False,0.0464908185496421,,False,False,False,load,5-23 20.14/log0003.csv,20.14
2654.7200000000003,3476,42,29.02,1.26533841616917,-2.45,0.0,24,15.5,3300.0,1.36,10,False,0.0464908185496421,,False,False,False,load,5-23 20.14/log0003.csv,20.14
2654.76,3512,42,28.63,1.25321375186846,-2.45,0.0,25,15.5,3700.0,1.17,10,False,0.0464908185496421,,False,False,False,load,5-23 20.14/log0003.csv,20.14
2654.8,3513,42,28.63,1.24526046114432,-2.45,0.0,24,16.0,3700.0,1.17,10,False,0.0464908185496421,,False,False,False,load,5-23 20.14/log0003.csv,20.14
2654.84,3500,42,28.24,1.26797628402029,-2.45,0.0,24,15.5,3300.0,1.36,10,False,0.0464908185496421,,False,False,False,load,5-23 20.14/log0003.csv,20.14
2654.88,3547,42,27.06,1.21767566424695,-2.45,0.0,23,15.5,3700.0,1.17,10,False,0.0464908185496421,,False,False,False,load,5-23 20.14/log0003.csv,20.14
2654.92,3551,43,26.27,1.17271383315734,-2.45,0.0,23,15.5,3700.0,1.17,10,False,0.03616780045351479,,False,False,False,load,5-23 20.14/log0003.csv,20.14
2654.96,3542,43,25.49,1.13546019198193,-2.45,0.0,23,15.5,3700.0,1.17,10,False,0.03616780045351479,,False,False,False,load,5-23 20.14/log0003.csv,20.14
2655.0,3561,43,23.92,1.06400786406404,-2.45,0.0,22,15.5,3700.0,1.0,10,False,0.03616780045351479,,False,False,False,load,5-23 20.14/log0003.csv,20.14
2655.04,3558,43,22.35,0.9512297962052,-2.45,0.0,22,15.0,3700.0,1.0,10,False,0.03616780045351479,,False,False,False,load,5-23 20.14/log0003.csv,20.14
2655.08,3562,43,21.57,0.868224889450411,-2.45,0.0,22,15.5,3700.0,1.0,10,False,0.03616780045351479,,False,False,False,load,5-23 20.14/log0003.csv,20.14
2655.12,3594,43,20.78,0.820090434782609,-2.1,0.0,20,16.0,3700.0,0.73,10,False,0.03616780045351479,,False,False,False,load,5-23 20.14/log0003.csv,20.14
2655.16,3581,43,19.22,0.777214659685864,-2.1,0.0,20,16.0,3700.0,0.73,10,False,0.03616780045351479,,False,False,False,load,5-23 20.14/log0003.csv,20.14
2655.2,3604,43,17.65,0.625638179800222,-0.35,0.0,19,19.0,3700.0,0.57,10,False,0.03616780045351479,,False,False,False,load,5-23 20.14/log0003.csv,20.14
168.08,2223,22,31.76,1.19379217273954,-1.4,0.0,17,13.5,2200.0,1.17,8,True,0.944289425574906,0.10659195545378997,True,False,False,shift,5-23 20.14/log0003.csv,20.14
168.12,2266,22,32.55,1.19152691968226,-2.8,0.0,18,12.0,2200.0,1.17,8,True,0.944289425574906,0.15988793318068495,True,False,False,shift,5-23 20.14/log0003.csv,20.14
168.16,2259,22,32.55,1.21527055438752,-2.8,0.0,19,12.5,2200.0,1.17,8,True,0.944289425574906,0.21318391090757993,True,False,False,shift,5-23 20.14/log0003.csv,20.14
168.20000000000002,2291,22,31.76,1.19855942376951,-4.2,0.0,19,11.0,2200.0,1.17,8,True,0.944289425574906,0.2664798886344749,True,False,False,shift,5-23 20.14/log0003.csv,20.14
168.24,2280,22,31.37,1.20105286246984,-4.2,0.0,20,10.5,2200.0,1.17,8,True,0.944289425574906,0.3197758663613699,True,False,False,shift,5-23 20.14/log0003.csv,20.14
168.28,2297,22,31.37,1.19516813581456,-5.6,0.0,20,9.5,2200.0,1.17,8,True,0.944289425574906,0.3730718440882649,True,False,False,shift,5-23 20.14/log0003.csv,20.14
168.32000000000002,2311,23,30.98,1.19792297706621,-5.6,0.0,20,9.0,2200.0,1.17,8,True,0.944289425574906,0.42636782181515986,True,False,False,shift,5-23 20.14/log0003.csv,20.14
168.36,2361,23,30.98,1.18233612199513,-5.6,0.0,20,9.0,2200.0,1.17,8,True,0.944289425574906,0.47966379954205485,True,False,False,shift,5-23 20.14/log0003.csv,20.14
168.4,2372,23,30.98,1.1893760539629,-5.6,0.0,20,9.5,2200.0,1.17,8,True,0.944289425574906,0.5329597772689498,True,False,False,shift,5-23 20.14/log0003.csv,20.14
168.44,2378,23,30.59,1.19545836837679,-5.6,0.0,20,9.5,2200.0,1.17,8,True,0.944289425574906,0.5862557549958448,True,False,False,shift,5-23 20.14/log0003.csv,20.14
168.48000000000002,2354,24,30.59,1.19566602931804,-5.6,0.0,21,9.5,2200.0,1.17,8,True,0.971470732907034,0.6395517327227398,True,False,False,shift,5-23 20.14/log0003.csv,20.14
168.52,2377,24,30.59,1.20201977698296,-5.6,0.0,20,9.0,2200.0,1.17,8,True,0.971470732907034,0.6928477104496348,True,False,False,shift,5-23 20.14/log0003.csv,20.14
168.56,2437,24,30.59,1.18300841370819,-5.6,0.0,20,9.0,2600.0,1.17,10,True,0.971470732907034,0.7461436881765298,True,False,False,shift,5-23 20.14/log0003.csv,20.14
168.6,2456,24,30.98,1.17911025145068,-5.6,0.0,21,9.5,2600.0,1.17,10,True,0.971470732907034,0.7994396659034247,True,False,False,shift,5-23 20.14/log0003.csv,20.14
168.64000000000001,2435,24,30.98,1.22082349317178,-5.6,0.0,21,10.0,2600.0,1.17,10,True,0.971470732907034,0.8527356436303197,True,False,False,shift,5-23 20.14/log0003.csv,20.14
168.68,2428,24,30.59,1.2058078467717,-5.6,0.0,21,10.0,2600.0,1.17,10,True,0.971470732907034,0.9060316213572147,True,False,False,shift,5-23 20.14/log0003.csv,20.14
168.72,2451,24,29.8,1.18396736359001,-5.6,0.0,20,9.0,2600.0,1.17,10,True,0.971470732907034,0.9593275990841097,True,False,False,shift,5-23 20.14/log0003.csv,20.14
168.76000000000002,2501,24,29.8,1.17060881735479,-5.6,0.0,20,9.5,2600.0,1.17,10,True,0.971470732907034,1.0126235768110046,True,False,False,shift,5-23 20.14/log0003.csv,20.14
168.8,2524,24,29.8,1.17266244057052,-5.6,0.0,20,9.5,2600.0,1.17,10,True,0.971470732907034,1.0659195545378997,True,False,False,shift,5-23 20.14/log0003.csv,20.14
168.84,2496,24,29.8,1.19339008512769,-5.6,0.0,21,10.0,2600.0,1.17,10,True,0.971470732907034,1.1192155322647945,True,False,False,shift,5-23 20.14/log0003.csv,20.14
168.88,2508,25,29.41,1.17260492473333,-5.25,0.0,21,10.0,2600.0,1.17,10,True,0.8881903143585389,1.1725115099916896,True,False,False,shift,5-23 20.14/log0003.csv,20.14
168.92000000000002,2553,25,29.41,1.16933320278077,-5.25,0.0,21,10.0,2600.0,1.17,10,True,0.8881903143585389,1.2258074877185845,True,False,False,shift,5-23 20.14/log0003.csv,20.14
168.96,2561,25,29.41,1.16825768667643,-5.25,0.0,20,10.0,2600.0,1.17,10,True,0.8881903143585389,1.2791034654454796,True,False,False,shift,5-23 20.14/log0003.csv,20.14
169.0,2573,25,29.41,1.1736443148688,-5.25,0.0,20,10.0,2600.0,1.17,10,True,0.8881903143585389,1.3323994431723745,True,False,False,shift,5-23 20.14/log0003.csv,20.14
169.04000000000002,2589,25,29.41,1.15805330243337,-5.25,0.0,20,11.0,2600.0,1.17,10,True,0.8739167374681396,1.3856954208992696,True,True,False,shift,5-23 20.14/log0003.csv,20.14
169.08,2579,25,29.41,1.16265632573921,-5.25,0.0,21,10.5,2600.0,1.17,10,True,0.8591333899745115,1.4389913986261644,True,True,False,shift,5-23 20.14/log0003.csv,20.14
169.12,2621,25,29.41,1.15833651278138,-5.25,0.0,21,10.0,2600.0,1.17,10,True,0.8387425658453697,1.4922873763530595,True,True,False,shift,5-23 20.14/log0003.csv,20.14
169.16,2650,25,29.41,1.15121214979719,-5.25,0.0,20,10.5,2600.0,1.17,10,True,0.8015293118096857,1.5455833540799544,True,True,False,shift,5-23 20.14/log0003.csv,20.14
169.20000000000002,2648,26,29.41,1.16386292834891,-5.25,0.0,20,11.0,2600.0,1.17,10,True,0.6972933608447627,1.5988793318068495,True,True,False,shift,5-23 20.14/log0003.csv,20.14
169.24,2656,26,29.41,1.14973171420503,-5.25,0.0,20,11.0,2600.0,1.17,10,True,0.66670712465105,1.6521753095337444,True,True,False,shift,5-23 20.14/log0003.csv,20.14
169.28,2669,26,29.41,1.15874473067916,-5.25,0.0,20,10.5,2600.0,1.17,10,True,0.6239834931423718,1.7054712872606395,True,True,False,shift,5-23 20.14/log0003.csv,20.14
169.32000000000002,2698,26,29.41,1.15796107506951,-5.25,0.0,20,10.5,2600.0,1.17,10,True,0.6001941983250394,1.7587672649875343,True,True,False,shift,5-23 20.14/log0003.csv,20.14
169.36,2723,27,29.41,1.15493526765219,-5.25,0.0,20,10.5,2600.0,1.17,10,True,0.5705789537565239,1.8120632427144294,True,True,False,shift,5-23 20.14/log0003.csv,20.14
169.4,2708,27,29.41,1.17263915812794,-5.25,0.0,20,11.0,2600.0,1.17,10,True,0.5424201966258042,1.8653592204413243,True,True,False,shift,5-23 20.14/log0003.csv,20.14
169.44,2738,27,29.41,1.17129291453616,-4.9,0.0,20,11.0,2600.0,1.17,10,True,0.5069790023061052,1.9186551981682194,True,True,False,shift,5-23 20.14/log0003.csv,20.14
169.48000000000002,2741,27,29.41,1.17394636015326,-4.9,0.0,21,11.0,2600.0,1.17,10,True,0.4676538414856172,1.9719511758951143,True,True,False,shift,5-23 20.14/log0003.csv,20.14
169.52,2760,27,29.41,1.18086956521739,-4.9,0.0,21,11.0,2600.0,1.17,10,True,0.427357689039932,2.025247153622009,False,True,False,shift,5-23 20.14/log0003.csv,20.14
169.56,2766,27,29.41,1.18188883868052,-4.9,0.0,21,11.0,2600.0,1.17,10,True,0.38706153659424697,2.0785431313489044,False,True,False,shift,5-23 20.14/log0003.csv,20.14
169.6,2797,27,29.41,1.15774043618162,-4.9,0.0,21,11.5,2600.0,1.17,10,True,0.34967835902415345,2.1318391090757993,False,True,False,shift,5-23 20.14/log0003.csv,20.14
169.64000000000001,2812,27,29.41,1.15913576953854,-4.9,0.0,21,11.0,3000.0,1.17,10,True,0.3264231096006797,2.185135086802694,False,True,False,shift,5-23 20.14/log0003.csv,20.14
169.68,2831,27,29.02,1.15856953642384,-4.9,0.0,21,11.5,3000.0,1.17,10,True,0.3264231096006797,2.238431064529589,False,True,False,shift,5-23 20.14/log0003.csv,20.14
169.72,2847,27,29.02,1.1301308509704,-4.9,0.0,21,11.0,3000.0,1.17,10,True,0.30144435004248094,2.2917270422564844,False,False,False,shift,5-23 20.14/log0003.csv,20.14
169.76000000000002,2841,28,29.02,1.16187626507084,-4.9,0.0,21,11.0,3000.0,1.17,10,True,0.2774851316907391,2.3450230199833793,False,False,False,shift,5-23 20.14/log0003.csv,20.14
169.8,2849,28,29.02,1.19157599157599,-4.9,0.0,21,11.0,3000.0,1.17,10,True,0.26321155480034003,2.398318997710274,False,False,False,shift,5-23 20.14/log0003.csv,20.14
169.84,2864,28,29.02,1.17056821157371,-4.9,0.0,22,11.0,3000.0,1.17,10,True,0.26321155480034003,2.451614975437169,False,False,False,shift,5-23 20.14/log0003.csv,20.14
169.88,2896,28,29.02,1.15793472629943,-4.9,0.0,22,11.0,3000.0,1.17,10,False,0.17757009345794397,,False,False,False,load,5-23 20.14/log0003.csv,20.14
169.92000000000002,2916,29,29.02,1.1498928234588,-4.9,0.0,22,11.0,3000.0,1.17,10,False,0.11537807986406136,,False,False,False,load,5-23 20.14/log0003.csv,20.14
169.96,2921,29,29.02,1.15131804176652,-4.9,0.0,22,11.0,3000.0,1.17,10,False,0.09722053647287288,,False,False,False,load,5-23 20.14/log0003.csv,20.14
170.0,2916,29,28.63,1.17119341563786,-4.55,0.0,22,12.0,3000.0,1.17,10,False,0.09722053647287288,,False,False,False,load,5-23 20.14/log0003.csv,20.14
170.04000000000002,2946,29,28.24,1.14531104133073,-4.55,0.0,22,11.5,3000.0,1.17,10,False,0.09722053647287288,,False,False,False,load,5-23 20.14/log0003.csv,20.14
170.08,2981,29,28.24,1.12472324723247,-4.55,0.0,22,11.5,3000.0,1.17,10,False,0.09722053647287288,,False,False,False,load,5-23 20.14/log0003.csv,20.14
170.12,3016,29,28.24,1.13603581198707,-4.55,0.0,22,12.0,3000.0,1.17,10,False,0.09722053647287288,,False,False,False,load,5-23 20.14/log0003.csv,20.14
170.16,3009,29,28.24,1.13858424725823,-4.55,0.0,22,12.0,3000.0,1.17,10,False,0.09722053647287288,,False,False,False,load,5-23 20.14/log0003.csv,20.14
170.20000000000002,3009,29,27.45,1.12840285856739,-4.55,0.0,21,12.0,3000.0,1.17,10,False,0.09722053647287288,,False,False,False,load,5-23 20.14/log0003.csv,20.14
170.24,3017,30,27.06,1.06993702353331,-4.55,0.0,21,12.0,3000.0,1.0,10,False,0.08071367884451994,,False,False,False,load,5-23 20.14/log0003.csv,20.14
170.28,3039,30,27.06,1.0828136569313,-4.55,0.0,21,11.5,3000.0,1.0,10,False,0.08071367884451994,,False,False,False,load,5-23 20.14/log0003.csv,20.14
170.32000000000002,3058,30,27.45,1.11356389502085,-4.55,0.0,21,12.0,3000.0,1.17,10,False,0.08071367884451994,,False,False,False,load,5-23 20.14/log0003.csv,20.14
170.36,3075,30,27.45,1.07696560695992,-4.55,0.0,21,12.0,3000.0,1.0,10,False,0.08071367884451994,,False,False,False,load,5-23 20.14/log0003.csv,20.14
170.4,3075,30,27.06,1.0870243902439,-4.55,0.0,21,12.0,3000.0,1.17,10,False,0.08071367884451994,,False,False,False,load,5-23 20.14/log0003.csv,20.14
170.44,3089,30,27.06,1.0921981223697,-4.55,0.0,21,12.0,3000.0,1.17,10,False,0.08071367884451994,,False,False,False,load,5-23 20.14/log0003.csv,20.14
170.48000000000002,3106,30,27.06,1.0862202189311,-4.55,0.0,20,12.0,3000.0,1.17,10,False,0.08071367884451994,,False,False,False,load,5-23 20.14/log0003.csv,20.14
170.52,3158,30,27.06,1.07147945856091,-4.55,0.0,20,12.0,3300.0,1.0,10,False,0.08071367884451994,,False,False,False,load,5-23 20.14/log0003.csv,20.14
170.56,3162,31,27.06,1.06356736242884,-4.2,0.0,20,12.5,3300.0,1.0,10,False,0.08071367884451994,,False,False,False,load,5-23 20.14/log0003.csv,20.14
170.6,3166,31,26.67,1.05916916758806,-4.2,0.0,20,13.0,3300.0,1.0,10,False,0.08071367884451994,,False,False,False,load,5-23 20.14/log0003.csv,20.14
170.64000000000001,3171,31,26.67,1.06412237817379,-4.2,0.0,20,13.0,3300.0,1.0,10,False,0.08071367884451994,,False,False,False,load,5-23 20.14/log0003.csv,20.14
170.68,3180,31,26.67,1.05450542538135,-4.2,0.0,20,12.5,3300.0,1.0,10,False,0.08071367884451994,,False,False,False,load,5-23 20.14/log0003.csv,20.14
170.72,3190,32,26.67,1.06436745571406,-4.2,0.0,20,12.5,3300.0,1.0,10,False,0.08071367884451994,,False,False,False,load,5-23 20.14/log0003.csv,20.14
170.76000000000002,3217,32,26.67,1.05835729271894,-4.2,0.0,20,12.5,3300.0,1.0,10,False,0.07025662599915866,,False,False,False,load,5-23 20.14/log0003.csv,20.14
170.8,3236,32,26.67,1.05863267670915,-4.2,0.0,20,13.0,3300.0,1.0,10,False,0.06332288401253922,,False,False,False,load,5-23 20.14/log0003.csv,20.14
170.84,3239,32,26.67,1.05456229735989,-4.2,0.0,20,13.0,3300.0,1.0,10,False,0.06332288401253922,,False,False,False,load,5-23 20.14/log0003.csv,20.14
170.88,3236,32,26.67,1.06203059805285,-4.2,0.0,20,13.0,3300.0,1.0,10,False,0.06332288401253922,,False,False,False,load,5-23 20.14/log0003.csv,20.14
170.92000000000002,3271,32,26.67,1.04416418252694,-4.2,0.0,20,13.0,3300.0,1.0,10,False,0.06332288401253922,,False,False,False,load,5-23 20.14/log0003.csv,20.14
170.96,3298,32,26.67,1.05898407884761,-4.2,0.0,20,13.0,3300.0,1.0,10,False,0.06332288401253922,,False,False,False,load,5-23 20.14/log0003.csv,20.14
171.0,3292,32,27.06,1.05010251347862,-4.2,0.0,20,13.5,3300.0,1.0,10,False,0.06332288401253922,,False,False,False,load,5-23 20.14/log0003.csv,20.14
171.04000000000002,3290,32,27.06,1.07862299566836,-4.2,0.0,20,13.0,3300.0,1.0,10,False,0.06332288401253922,,False,False,False,load,5-23 20.14/log0003.csv,20.14
171.08,3310,32,26.27,1.04465256797583,-4.2,0.0,20,13.0,3300.0,1.0,10,False,0.06332288401253922,,False,False,False,load,5-23 20.14/log0003.csv,20.14
171.12,3337,33,25.88,1.0235875917878,-3.85,0.0,20,13.5,3300.0,1.0,10,False,0.06332288401253922,,False,False,False,load,5-23 20.14/log0003.csv,20.14
171.16,3349,33,25.88,1.03527655445249,-3.85,0.0,20,13.0,3300.0,1.0,10,False,0.06332288401253922,,False,False,False,load,5-23 20.14/log0003.csv,20.14
171.20000000000002,3368,33,26.27,1.02024940617577,-3.85,0.0,20,13.5,3300.0,1.0,10,False,0.06332288401253922,,False,False,False,load,5-23 20.14/log0003.csv,20.14
171.24,3373,33,25.88,1.01586360266864,-3.85,0.0,20,14.0,3300.0,1.0,10,False,0.06332288401253922,,False,False,False,load,5-23 20.14/log0003.csv,20.14
171.28,3371,33,25.49,0.991501668520578,-3.85,0.0,20,14.0,3300.0,1.0,10,False,0.06332288401253922,,False,False,False,load,5-23 20.14/log0003.csv,20.14
171.32000000000002,3363,33,25.1,0.965995093301613,-3.85,0.0,20,14.0,3300.0,1.0,10,False,0.06332288401253922,,False,False,False,load,5-23 20.14/log0003.csv,20.14
171.36,3401,34,25.1,0.945887541345094,-3.85,0.0,20,13.5,3300.0,1.0,10,False,0.06332288401253922,,False,False,False,load,5-23 20.14/log0003.csv,20.14
171.4,3440,34,25.49,0.962756214566071,-3.85,0.0,20,14.0,3300.0,1.0,10,False,0.06332288401253922,,False,False,False,load,5-23 20.14/log0003.csv,20.14
171.44,3440,34,25.49,0.980898386393371,-3.85,0.0,20,14.0,3300.0,1.0,10,False,0.05774991292232684,,False,False,False,load,5-23 20.14/log0003.csv,20.14
171.48000000000002,3413,34,25.1,1.01643956043956,-3.85,0.0,20,13.5,3300.0,1.0,10,False,0.05774991292232684,,False,False,False,load,5-23 20.14/log0003.csv,20.14
171.52,3446,34,24.71,0.93360417875798,-3.85,0.0,20,13.5,3300.0,1.0,10,False,0.05774991292232684,,False,False,False,load,5-23 20.14/log0003.csv,20.14
171.56,3467,34,24.71,0.922065186039804,-3.85,0.0,20,14.0,3300.0,1.0,10,False,0.05774991292232684,,False,False,False,load,5-23 20.14/log0003.csv,20.14
171.6,3463,34,24.71,0.935085186254692,-3.85,0.0,20,14.0,3300.0,1.0,10,False,0.05774991292232684,,False,False,False,load,5-23 20.14/log0003.csv,20.14
171.64000000000001,3469,34,24.71,0.939656912209889,-3.85,0.0,20,14.0,3300.0,1.0,10,False,0.05774991292232684,,False,False,False,load,5-23 20.14/log0003.csv,20.14
171.68,3496,34,23.92,0.908409610983982,-3.5,0.0,20,14.0,3300.0,1.0,10,False,0.05774991292232684,,False,False,False,load,5-23 20.14/log0003.csv,20.14
171.72,3482,34,23.53,0.888174050405687,-3.5,0.0,20,14.5,3300.0,1.0,10,False,0.05774991292232684,,False,False,False,load,5-23 20.14/log0003.csv,20.14
171.76000000000002,3502,34,22.75,0.86887984579139,-3.5,0.0,20,14.5,3700.0,1.0,10,False,0.05774991292232684,,False,False,False,load,5-23 20.14/log0003.csv,20.14
171.8,3525,34,21.96,0.82683497624282,-2.8,0.0,19,15.0,3700.0,0.73,10,False,0.05774991292232684,,False,False,False,load,5-23 20.14/log0003.csv,20.14
171.84,3499,35,18.43,0.784793482921252,-1.4,0.0,19,16.5,3300.0,0.73,10,False,0.05774991292232684,,False,False,False,load,5-23 20.14/log0003.csv,20.14
528.96,3216,81,41.18,1.48045405069196,-1.4,0.0,18,16.0,3300.0,1.51,10,True,0.6243794544114033,0.47966379954205485,False,False,False,shift,5-23 20.14/log0003.csv,20.14
529.0,3209,81,41.18,1.51224680585852,-2.8,0.0,19,14.5,3300.0,1.51,10,True,0.6243794544114033,0.5329597772689498,False,False,False,shift,5-23 20.14/log0003.csv,20.14
529.0400000000001,3237,81,40.78,1.5568669859416,-4.2,0.0,20,13.5,3300.0,1.51,10,True,0.6243794544114033,0.5862557549958448,False,False,False,shift,5-23 20.14/log0003.csv,20.14
529.08,3213,81,40.39,1.57840192951062,-4.2,0.0,21,13.0,3300.0,1.64,10,True,0.6243794544114033,0.6395517327227398,False,False,False,shift,5-23 20.14/log0003.csv,20.14
529.12,3209,81,40.39,1.61159149333957,-4.2,0.0,22,13.0,3300.0,1.64,10,True,0.6243794544114033,0.6928477104496348,False,False,False,shift,5-23 20.14/log0003.csv,20.14
529.1600000000001,3228,81,40.39,1.61455897157903,-4.2,0.0,23,12.5,3300.0,1.64,10,True,0.6243794544114033,0.7461436881765298,False,False,False,shift,5-23 20.14/log0003.csv,20.14
529.2,3209,81,39.61,1.63384759233287,-4.2,0.0,24,13.0,3300.0,1.64,10,True,0.6243794544114033,0.7994396659034247,False,False,False,shift,5-23 20.14/log0003.csv,20.14
529.24,3246,81,38.82,1.60246438197921,-4.2,0.0,24,12.5,3300.0,1.64,10,True,0.6243794544114033,0.8527356436303197,False,False,False,shift,5-23 20.14/log0003.csv,20.14
529.2800000000001,3230,81,37.65,1.60755417956656,-4.2,0.0,25,13.0,3300.0,1.64,10,True,0.6121405750798722,0.9060316213572147,False,False,False,shift,5-23 20.14/log0003.csv,20.14
529.32,3245,81,37.25,1.61559442175823,-4.2,0.0,25,12.5,3300.0,1.64,10,True,0.6121405750798722,0.9593275990841097,False,False,False,shift,5-23 20.14/log0003.csv,20.14
529.36,3226,82,37.25,1.62182269063856,-4.2,0.0,25,12.5,3300.0,1.64,10,True,0.6121405750798722,1.0126235768110046,False,False,False,shift,5-23 20.14/log0003.csv,20.14
529.4000000000001,3239,82,36.86,1.62470088768815,-4.2,0.0,25,12.0,3300.0,1.64,10,True,0.6121405750798722,1.0659195545378997,False,False,False,shift,5-23 20.14/log0003.csv,20.14
529.44,3230,82,37.25,1.63839009287926,-4.2,0.0,25,12.5,3300.0,1.64,10,True,0.6121405750798722,1.1192155322647945,False,False,False,shift,5-23 20.14/log0003.csv,20.14
529.48,3238,82,37.25,1.6558943874006,-4.2,0.0,25,12.5,3300.0,1.64,10,True,0.6121405750798722,1.1725115099916896,False,False,False,shift,5-23 20.14/log0003.csv,20.14
529.52,3253,82,37.65,1.67784182614711,-4.2,0.0,25,12.5,3300.0,1.64,10,True,0.6121405750798722,1.2258074877185845,False,False,False,shift,5-23 20.14/log0003.csv,20.14
529.5600000000001,3252,82,37.65,1.70374356214928,-4.2,0.0,25,12.5,3300.0,1.64,10,True,0.6121405750798722,1.2791034654454796,False,False,False,shift,5-23 20.14/log0003.csv,20.14
529.6,3267,82,38.04,1.74012855831038,-3.85,0.0,25,12.5,3300.0,1.78,10,True,0.6121405750798722,1.3323994431723745,False,False,False,shift,5-23 20.14/log0003.csv,20.14
529.64,3239,82,38.04,1.75517134918185,-3.85,0.0,25,12.5,3300.0,1.78,10,True,0.6121405750798722,1.3856954208992696,False,False,False,shift,5-23 20.14/log0003.csv,20.14
529.6800000000001,3266,82,38.04,1.75181811222537,-3.85,0.0,25,12.0,3300.0,1.78,10,True,0.6121405750798722,1.4389913986261644,False,False,False,shift,5-23 20.14/log0003.csv,20.14
529.72,3261,82,37.65,1.78748850045998,-3.85,0.0,26,12.5,3300.0,1.78,10,True,0.6121405750798722,1.4922873763530595,False,False,False,shift,5-23 20.14/log0003.csv,20.14
529.76,3275,83,37.65,1.82427851580394,-3.85,0.0,26,12.0,3300.0,1.78,10,True,0.6121405750798722,1.5455833540799544,False,False,False,shift,5-23 20.14/log0003.csv,20.14
529.8000000000001,3280,83,37.65,1.78797347763128,-3.85,0.0,26,12.0,3300.0,1.78,10,True,0.6121405750798722,1.5988793318068495,False,False,False,shift,5-23 20.14/log0003.csv,20.14
529.84,3251,83,37.65,1.85961242694556,-3.85,0.0,26,12.0,3300.0,1.78,10,True,0.6121405750798722,1.6521753095337444,False,False,False,shift,5-23 20.14/log0003.csv,20.14
529.88,3277,83,37.65,1.84471736974598,-3.85,0.0,26,11.5,3300.0,1.78,10,True,0.6121405750798722,1.7054712872606395,False,False,False,shift,5-23 20.14/log0003.csv,20.14
529.9200000000001,3263,83,36.86,1.85828991725406,-3.85,0.0,26,12.0,3300.0,1.78,10,True,0.6121405750798722,1.7587672649875343,False,False,False,shift,5-23 20.14/log0003.csv,20.14
529.96,3291,83,36.47,1.88145559522905,-3.85,0.0,26,11.5,3300.0,1.95,10,True,0.5840255591054314,1.8120632427144294,False,False,False,shift,5-23 20.14/log0003.csv,20.14
530.0,3281,83,36.47,1.89267697934923,-3.85,0.0,26,12.0,3300.0,1.95,10,True,0.5840255591054314,1.8653592204413243,False,False,False,shift,5-23 20.14/log0003.csv,20.14
530.0400000000001,3287,83,36.08,1.90035749600669,-3.85,0.0,26,11.5,3300.0,1.95,10,True,0.561661341853035,1.9186551981682194,False,False,False,shift,5-23 20.14/log0003.csv,20.14
530.08,3278,83,35.69,1.9276138183482,-3.85,0.0,26,11.5,3300.0,1.95,10,True,0.5345047923322683,1.9719511758951143,False,False,False,shift,5-23 20.14/log0003.csv,20.14
530.12,3286,83,34.9,1.92336021914473,-3.85,0.0,26,11.5,3300.0,1.95,10,True,0.5130990415335464,2.025247153622009,False,False,False,shift,5-23 20.14/log0003.csv,20.14
530.1600000000001,3304,83,34.51,1.87964280308763,-3.5,0.0,27,12.0,3300.0,1.95,10,True,0.48146964856230023,2.0785431313489044,False,False,False,shift,5-23 20.14/log0003.csv,20.14
530.2,3289,83,35.29,1.89387258628554,-3.5,0.0,27,12.0,3300.0,1.95,10,True,0.44568690095846647,2.1318391090757993,False,False,False,shift,5-23 20.14/log0003.csv,20.14
530.24,3313,83,35.29,1.92405674615152,-3.5,0.0,27,11.5,3300.0,1.95,10,True,0.4092651757188497,2.185135086802694,False,False,False,shift,5-23 20.14/log0003.csv,20.14
530.2800000000001,3295,83,33.73,1.91220696457021,-3.5,0.0,27,12.0,3300.0,1.95,10,True,0.373482428115016,2.238431064529589,False,False,False,shift,5-23 20.14/log0003.csv,20.14
530.32,3286,83,33.33,1.92872793670116,-3.5,0.0,27,11.5,3300.0,1.95,10,True,0.3504792332268371,2.2917270422564844,False,False,False,shift,5-23 20.14/log0003.csv,20.14
530.36,3320,83,33.33,1.86487951807229,-3.5,0.0,27,11.5,3300.0,1.78,10,True,0.3143769968051117,2.3450230199833793,False,False,False,shift,5-23 20.14/log0003.csv,20.14
530.4000000000001,3305,83,33.33,1.9400817067635,-3.5,0.0,27,12.0,3300.0,1.95,10,True,0.2763578274760383,2.398318997710274,False,False,False,shift,5-23 20.14/log0003.csv,20.14
530.44,3317,83,33.33,1.91084646114419,-3.5,0.0,27,11.5,3300.0,1.95,10,True,0.239297124600639,2.451614975437169,False,False,False,shift,5-23 20.14/log0003.csv,20.14
530.48,3312,84,32.94,1.90797101449275,-3.5,0.0,27,11.5,3300.0,1.95,10,True,0.21661341853035135,2.5049109531640643,False,False,False,shift,5-23 20.14/log0003.csv,20.14
530.52,3316,84,32.55,1.92246098167835,-3.5,0.0,26,11.5,3300.0,1.95,10,False,0.17891373801916924,,False,False,False,load,5-23 20.14/log0003.csv,20.14
530.5600000000001,3323,84,32.16,1.91855530474041,-3.5,0.0,27,12.0,3300.0,1.95,10,False,0.15463258785942485,,False,False,False,load,5-23 20.14/log0003.csv,20.14
530.6,3334,84,31.76,1.89026548672566,-3.5,0.0,27,11.5,3300.0,1.95,10,False,0.12971246006389783,,False,False,False,load,5-23 20.14/log0003.csv,20.14
530.64,3328,84,31.76,1.87153482082488,-3.5,0.0,27,12.0,3300.0,1.95,10,False,0.09265175718849833,,False,False,False,load,5-23 20.14/log0003.csv,20.14
530.6800000000001,3338,84,31.37,1.83846614739365,-3.5,0.0,27,11.5,3300.0,1.78,10,False,0.08146964856230023,,False,False,False,load,5-23 20.14/log0003.csv,20.14
530.72,3320,85,31.37,1.92028920018075,-3.15,0.0,27,12.5,3300.0,1.95,10,False,0.08146964856230023,,False,False,False,load,5-23 20.14/log0003.csv,20.14
530.76,3353,85,31.37,1.89032883453881,-3.15,0.0,27,12.0,3300.0,1.95,10,False,0.08146964856230023,,False,False,False,load,5-23 20.14/log0003.csv,20.14
530.8000000000001,3348,85,31.37,1.89315211709357,-3.15,0.0,27,12.0,3300.0,1.95,10,False,0.05463258785942494,,False,False,False,load,5-23 20.14/log0003.csv,20.14
530.84,3339,85,31.37,1.90350404312668,-3.15,0.0,27,12.0,3300.0,1.95,10,False,0.03738019169329063,,False,False,False,load,5-23 20.14/log0003.csv,20.14
530.88,3352,85,30.98,1.86905347952562,-3.15,0.0,26,12.0,3300.0,1.95,10,False,0.02630893946154982,,False,False,False,load,5-23 20.14/log0003.csv,20.14
530.9200000000001,3330,85,30.59,1.85913970422641,-3.15,0.0,27,12.5,3300.0,1.78,10,False,0.02630893946154982,,False,False,False,load,5-23 20.14/log0003.csv,20.14
530.96,3376,85,30.59,1.84505999111243,-3.15,0.0,27,12.0,3300.0,1.78,10,False,0.02630893946154982,,False,False,False,load,5-23 20.14/log0003.csv,20.14
531.0,3326,85,30.2,1.86137542277339,-3.15,0.0,27,12.5,3300.0,1.78,10,False,0.02630893946154982,,False,False,False,load,5-23 20.14/log0003.csv,20.14
531.0400000000001,3359,85,29.41,1.79991067440822,-3.15,0.0,27,12.0,3300.0,1.78,10,False,0.02599286033020972,,False,False,False,load,5-23 20.14/log0003.csv,20.14
531.08,3359,85,29.41,1.78905842947525,-3.15,0.0,27,13.0,3300.0,1.78,10,False,0.02599286033020972,,False,False,False,load,5-23 20.14/log0003.csv,20.14
531.12,3360,85,28.63,1.69209018528164,-3.15,0.0,26,13.0,3300.0,1.64,10,False,0.02599286033020972,,False,False,False,load,5-23 20.14/log0003.csv,20.14
531.1600000000001,3367,85,28.24,1.6619634635378,-3.15,0.0,27,13.0,3300.0,1.64,10,False,0.02599286033020972,,False,False,False,load,5-23 20.14/log0003.csv,20.14
531.2,3355,85,27.45,1.64607704343939,-3.15,0.0,27,13.5,3300.0,1.64,10,False,0.02599286033020972,,False,False,False,load,5-23 20.14/log0003.csv,20.14
531.24,3371,85,27.45,1.6,-3.15,0.0,27,13.0,3300.0,1.64,10,False,0.02599286033020972,,False,False,False,load,5-23 20.14/log0003.csv,20.14
531.2800000000001,3364,85,27.06,1.57919143876338,-2.8,0.0,27,14.0,3300.0,1.64,10,False,0.02599286033020972,,False,False,False,load,5-23 20.14/log0003.csv,20.14
531.32,3372,85,27.06,1.56049822064057,-2.8,0.0,27,14.0,3300.0,1.51,10,False,0.02599286033020972,,False,False,False,load,5-23 20.14/log0003.csv,20.14
531.36,3366,85,26.67,1.53654188948307,-2.8,0.0,27,14.5,3300.0,1.51,10,False,0.02599286033020972,,False,False,False,load,5-23 20.14/log0003.csv,20.14
531.4000000000001,3366,85,25.88,1.51735610842926,-2.8,0.0,27,14.5,3300.0,1.51,10,False,0.02599286033020972,,False,False,False,load,5-23 20.14/log0003.csv,20.14
531.44,3374,85,24.71,1.32404594294183,-2.8,0.0,26,15.0,3300.0,1.36,10,False,0.02599286033020972,,False,False,False,load,5-23 20.14/log0003.csv,20.14
531.48,3390,85,23.14,1.2541592920354,-2.8,0.0,26,15.5,3300.0,1.17,10,False,0.02599286033020972,,False,False,False,load,5-23 20.14/log0003.csv,20.14
531.52,3364,86,22.35,1.16183115338882,-2.8,0.0,26,15.0,3300.0,1.17,10,False,0.02567678119886966,,False,False,False,load,5-23 20.14/log0003.csv,20.14
531.5600000000001,3376,86,21.57,1.08262125138837,-2.8,0.0,26,14.5,3300.0,1.0,10,False,0.02567678119886966,,False,False,False,load,5-23 20.14/log0003.csv,20.14
531.6,3388,86,21.18,0.980401416765053,-2.8,0.0,25,14.5,3300.0,1.0,10,False,0.02409638554216869,,False,False,False,load,5-23 20.14/log0003.csv,20.14
531.64,3389,86,21.18,0.983049347200708,-2.8,0.0,25,14.5,3300.0,1.0,10,False,0.02409638554216869,,False,False,False,load,5-23 20.14/log0003.csv,20.14
531.6800000000001,3380,86,21.57,0.970473372781065,-2.8,0.0,24,14.5,3300.0,1.0,10,False,0.02409638554216869,,False,False,False,load,5-23 20.14/log0003.csv,20.14
531.72,3376,86,21.57,0.956161137440758,-2.8,0.0,23,14.5,3300.0,1.0,10,False,0.02409638554216869,,False,False,False,load,5-23 20.14/log0003.csv,20.14
531.76,3391,86,21.57,0.942661260597125,-2.8,0.0,22,15.0,3300.0,1.0,10,False,0.02409638554216869,,False,False,False,load,5-23 20.14/log0003.csv,20.14
531.8000000000001,3378,86,21.57,0.937191917696692,-2.8,0.0,21,15.0,3300.0,1.0,10,False,0.02409638554216869,,False,False,False,load,5-23 20.14/log0003.csv,20.14
531.84,3376,86,21.18,0.893891151425398,-2.45,0.0,20,15.5,3300.0,1.0,10,False,0.02409638554216869,,False,False,False,load,5-23 20.14/log0003.csv,20.14
531.88,3403,86,21.18,0.886994856722998,-1.05,0.0,20,17.0,3300.0,1.0,10,False,0.02409638554216869,,False,False,False,load,5-23 20.14/log0003.csv,20.14
776.6800000000001,2918,74,31.76,1.23433858807402,-1.4,0.0,21,14.5,3000.0,1.17,10,False,0.021370239996984165,,True,False,False,load,5-23 20.14/log0003.csv,20.14
776.72,2916,74,31.37,1.23066369404905,-1.4,0.0,21,15.0,3000.0,1.17,10,False,0.021370239996984165,,True,False,False,load,5-23 20.14/log0003.csv,20.14
776.76,2919,74,31.37,1.23833176329537,-1.4,0.0,21,14.5,3000.0,1.17,10,False,0.021370239996984165,,True,False,False,load,5-23 20.14/log0003.csv,20.14
776.8000000000001,2919,74,31.37,1.21562178828366,-1.4,0.0,21,15.0,3000.0,1.17,10,False,0.021370239996984165,,True,False,False,load,5-23 20.14/log0003.csv,20.14
776.84,2924,74,30.98,1.2182657773217,-1.4,0.0,21,14.5,3000.0,1.17,10,False,0.021370239996984165,,True,False,False,load,5-23 20.14/log0003.csv,20.14
776.88,2928,74,30.98,1.21198872854581,-1.4,0.0,22,15.5,3000.0,1.17,10,False,0.021370239996984165,,False,False,False,load,5-23 20.14/log0003.csv,20.14
776.9200000000001,2946,74,30.59,1.213544937622,-1.4,0.0,22,14.5,3000.0,1.17,10,False,0.021370239996984165,,False,False,False,load,5-23 20.14/log0003.csv,20.14
776.96,2932,74,29.41,1.19385979873785,-1.4,0.0,22,15.0,3000.0,1.17,10,False,0.021370239996984165,,False,False,False,load,5-23 20.14/log0003.csv,20.14
777.0,2939,74,29.02,1.18703750956877,-1.4,0.0,22,15.0,3000.0,1.17,10,False,0.021370239996984165,,False,False,False,load,5-23 20.14/log0003.csv,20.14
777.0400000000001,2935,74,28.24,1.16013628620102,-1.4,0.0,22,15.0,3000.0,1.17,10,False,0.021370239996984165,,False,False,False,load,5-23 20.14/log0003.csv,20.14
777.08,2950,74,27.84,1.15789116799458,-1.4,0.0,22,14.5,3000.0,1.17,10,False,0.021370239996984165,,False,False,False,load,5-23 20.14/log0003.csv,20.14
777.12,2934,74,27.06,1.12156795909672,-1.4,0.0,22,15.0,3000.0,1.17,10,False,0.02031728098667791,,False,False,False,load,5-23 20.14/log0003.csv,20.14
777.1600000000001,2945,74,26.27,1.09261334691798,-1.4,0.0,22,15.0,3000.0,1.17,10,False,0.02031728098667791,,False,False,False,load,5-23 20.14/log0003.csv,20.14
777.2,2941,74,25.49,1.0551266791362,-1.4,0.0,22,15.0,3000.0,1.0,10,False,0.02031728098667791,,False,False,False,load,5-23 20.14/log0003.csv,20.14
777.24,2939,74,24.71,1.03005868844093,-1.05,0.0,21,16.0,3000.0,1.0,10,False,0.02031728098667791,,False,False,False,load,5-23 20.14/log0003.csv,20.14
777.2800000000001,2948,74,23.92,1.00827679782904,-1.05,0.0,21,15.5,3000.0,1.0,10,False,0.02031728098667791,,False,False,False,load,5-23 20.14/log0003.csv,20.14
777.32,2917,74,23.14,0.994841031793641,-1.05,0.0,21,15.5,3000.0,1.0,10,False,0.02031728098667791,,False,False,False,load,5-23 20.14/log0003.csv,20.14
777.36,2934,74,23.14,0.975785975973417,-1.05,0.0,20,15.5,3000.0,1.0,10,False,0.02031728098667791,,False,False,False,load,5-23 20.14/log0003.csv,20.14
777.4000000000001,2933,74,23.14,0.969246505284692,-1.05,0.0,20,15.5,3000.0,1.0,10,False,0.02031728098667791,,False,False,False,load,5-23 20.14/log0003.csv,20.14
777.44,2933,75,23.14,0.964132287759973,-1.05,0.0,20,16.0,3000.0,1.0,10,False,0.025996104787748348,,False,False,False,load,5-23 20.14/log0003.csv,20.14
777.48,2929,75,23.14,0.96073745305565,-1.05,0.0,20,16.0,3000.0,1.0,10,False,0.02739726027397261,,False,False,False,load,5-23 20.14/log0003.csv,20.14
777.52,2931,75,23.14,0.979119754350051,-1.05,0.0,20,16.0,3000.0,1.0,10,False,0.02739726027397261,,False,False,False,load,5-23 20.14/log0003.csv,20.14
777.5600000000001,2939,75,23.14,0.972045937898767,-1.05,0.0,20,16.0,3000.0,1.0,10,False,0.02739726027397261,,False,False,False,load,5-23 20.14/log0003.csv,20.14
777.6,2927,75,21.96,0.953522931078658,-1.05,0.0,20,16.0,3000.0,1.0,10,False,0.028099274117685608,,False,False,False,load,5-23 20.14/log0003.csv,20.14
777.64,2933,75,21.18,0.925594477115827,-1.05,0.0,20,16.0,3000.0,1.0,10,False,0.028099274117685608,,False,False,False,load,5-23 20.14/log0003.csv,20.14
1251.56,2832,71,23.14,0.961525558400283,-1.4,0.0,19,15.5,3000.0,1.0,10,False,0.02375141011178343,,False,False,False,load,5-23 20.14/log0003.csv,20.14
1251.6000000000001,2817,71,22.35,0.933972310969116,-1.4,0.0,20,15.5,3000.0,1.0,10,False,0.02375141011178343,,False,False,False,load,5-23 20.14/log0003.csv,20.14
1251.64,2834,71,22.35,0.911593435680254,-1.4,0.0,20,15.5,3000.0,1.0,10,False,0.02375141011178343,,False,False,False,load,5-23 20.14/log0003.csv,20.14
1251.68,2816,71,21.18,0.910146471371505,-0.7,0.0,20,16.0,3000.0,1.0,10,False,0.02375141011178343,,False,False,False,load,5-23 20.14/log0003.csv,20.14
1920.68,2457,61,23.14,1.04053724053724,-1.4,0.0,20,14.0,2600.0,1.0,8,False,0.03496208930075804,,False,False,False,load,5-23 20.14/log0003.csv,20.14
1920.72,2399,62,22.35,1.05379885356957,-1.4,0.0,20,14.5,2200.0,1.0,8,False,0.040966522936469366,,False,False,False,load,5-23 20.14/log0003.csv,20.14
1920.76,2437,62,21.57,0.991464915880181,-1.4,0.0,20,14.5,2600.0,1.0,8,False,0.040966522936469366,,False,False,False,load,5-23 20.14/log0003.csv,20.14
1920.8,2441,62,21.18,0.922585270920824,-1.4,0.0,20,14.5,2600.0,1.0,8,False,0.040966522936469366,,False,False,False,load,5-23 20.14/log0003.csv,20.14
1920.8400000000001,2417,62,20.78,0.93130623642569,-1.4,0.0,20,14.5,2600.0,1.0,8,False,0.040966522936469366,,False,False,False,load,5-23 20.14/log0003.csv,20.14
1920.88,2446,62,20.78,0.905641864268193,-1.4,0.0,20,15.0,2600.0,1.0,8,False,0.040966522936469366,,False,False,False,load,5-23 20.14/log0003.csv,20.14
1920.92,2433,62,21.18,0.9154130702836,-1.4,0.0,20,15.0,2600.0,1.0,8,False,0.040966522936469366,,False,False,False,load,5-23 20.14/log0003.csv,20.14
1920.96,2424,62,21.57,0.953166907365381,-1.4,0.0,20,15.0,2600.0,1.0,8,False,0.040966522936469366,,False,False,False,load,5-23 20.14/log0003.csv,20.14
1921.0,2450,62,21.57,0.960881542699725,-1.4,0.0,20,15.0,2600.0,1.0,8,False,0.040966522936469366,,False,False,False,load,5-23 20.14/log0003.csv,20.14
1921.04,2421,62,21.57,0.958463286171641,-1.4,0.0,20,15.0,2600.0,1.0,8,False,0.040966522936469366,,False,False,False,load,5-23 20.14/log0003.csv,20.14
1921.08,2461,62,21.18,0.926940268183665,-1.4,0.0,20,15.0,2600.0,1.0,8,False,0.040966522936469366,,False,False,False,load,5-23 20.14/log0003.csv,20.14
1921.1200000000001,2418,62,21.18,0.939205955334988,-1.4,0.0,20,15.0,2600.0,1.0,8,False,0.040966522936469366,,False,False,False,load,5-23 20.14/log0003.csv,20.14
1921.16,2435,62,21.18,0.93264887063655,-0.35,0.0,20,16.0,2600.0,1.0,8,False,0.040966522936469366,,False,False,False,load,5-23 20.14/log0003.csv,20.14
2008.0,2501,63,24.71,1.09178164367127,-1.4,0.0,20,14.5,2600.0,1.17,8,False,0.030621500118305715,,False,False,False,load,5-23 20.14/log0003.csv,20.14
2008.04,2522,63,25.1,1.08876772082879,-2.8,0.0,20,13.0,2600.0,1.17,8,False,0.030621500118305715,,False,False,False,load,5-23 20.14/log0003.csv,20.14
2008.08,2508,63,25.1,1.10691924227318,-2.8,0.0,21,13.0,2600.0,1.17,8,False,0.030621500118305715,,False,False,False,load,5-23 20.14/log0003.csv,20.14
2008.1200000000001,2509,63,25.1,1.10925575371127,-2.8,0.0,21,13.0,2600.0,1.17,8,False,0.030621500118305715,,False,False,False,load,5-23 20.14/log0003.csv,20.14
2008.16,2527,63,25.49,1.14064107637515,-2.8,0.0,20,13.0,2600.0,1.17,8,False,0.030621500118305715,,False,False,False,load,5-23 20.14/log0003.csv,20.14
2008.2,2508,63,25.88,1.14162679425837,-2.8,0.0,20,13.0,2600.0,1.17,8,False,0.030621500118305715,,False,False,False,load,5-23 20.14/log0003.csv,20.14
2008.24,2511,63,25.88,1.1456337747685,-2.8,0.0,20,13.0,2600.0,1.17,8,False,0.030621500118305715,,False,False,False,load,5-23 20.14/log0003.csv,20.14
2008.28,2535,63,25.88,1.14485207100592,-2.8,0.0,20,13.0,2600.0,1.17,8,False,0.03300733496332524,,False,False,False,load,5-23 20.14/log0003.csv,20.14
2008.32,2511,64,25.88,1.16869149571798,-2.8,0.0,21,13.0,2600.0,1.17,8,False,0.03300733496332524,,False,False,False,load,5-23 20.14/log0003.csv,20.14
2008.3600000000001,2521,64,25.1,1.13074176913923,-2.8,0.0,21,13.0,2600.0,1.17,8,False,0.03300733496332524,,False,False,False,load,5-23 20.14/log0003.csv,20.14
2008.4,2535,64,24.71,1.08613138686131,-2.8,0.0,21,13.0,2600.0,1.17,8,False,0.03300733496332524,,False,False,False,load,5-23 20.14/log0003.csv,20.14
2008.44,2519,64,24.31,1.09281460897181,-2.8,0.0,20,13.0,2600.0,1.17,8,False,0.03300733496332524,,False,False,False,load,5-23 20.14/log0003.csv,20.14
2008.48,2520,64,23.92,1.07428571428571,-2.8,0.0,20,13.0,2600.0,1.0,8,False,0.03300733496332524,,False,False,False,load,5-23 20.14/log0003.csv,20.14
2008.52,2530,64,23.14,1.06432101205772,-2.8,0.0,20,13.5,2600.0,1.0,8,False,0.03300733496332524,,False,False,False,load,5-23 20.14/log0003.csv,20.14
2008.56,2536,64,21.96,0.985270629991127,-2.8,0.0,20,13.5,2600.0,1.0,8,False,0.03300733496332524,,False,False,False,load,5-23 20.14/log0003.csv,20.14
2008.6000000000001,2521,64,21.18,0.947193017258481,-2.45,0.0,20,14.0,2600.0,1.0,8,False,0.03300733496332524,,False,False,False,load,5-23 20.14/log0003.csv,20.14
2008.64,2539,64,21.18,0.946528803545052,-2.45,0.0,20,14.0,2600.0,1.0,8,False,0.03300733496332524,,False,False,False,load,5-23 20.14/log0003.csv,20.14
2008.68,2537,64,21.18,0.925332545078333,-2.45,0.0,20,14.0,2600.0,1.0,8,False,0.03300733496332524,,False,False,False,load,5-23 20.14/log0003.csv,20.14
2008.72,2525,64,19.61,0.89007724301842,-2.45,0.0,20,14.0,2600.0,1.0,8,False,0.03300733496332524,,False,False,False,load,5-23 20.14/log0003.csv,20.14
2008.76,2542,64,19.61,0.851612903225806,-2.1,0.0,20,14.5,2600.0,0.73,8,False,0.03300733496332524,,False,False,False,load,5-23 20.14/log0003.csv,20.14
2008.8,2522,64,18.43,0.835930993456276,-0.7,0.0,20,16.5,2600.0,0.73,8,False,0.03300733496332524,,False,False,False,load,5-23 20.14/log0003.csv,20.14
2888.36,2774,70,30.59,1.08959178156258,-1.4,0.0,19,15.0,2600.0,1.17,8,False,0.025583902263744317,,True,False,False,load,5-23 20.14/log0003.csv,20.14
2888.4,2779,70,31.37,1.10347309699478,-2.8,0.0,19,13.5,2600.0,1.17,8,False,0.025583902263744317,,True,False,False,load,5-23 20.14/log0003.csv,20.14
2888.44,2807,70,32.55,1.11331611294201,-2.8,0.0,19,13.5,3000.0,1.17,8,False,0.025583902263744317,,True,False,False,load,5-23 20.14/log0003.csv,20.14
2888.48,2803,71,32.94,1.15129783248595,-4.2,0.0,20,12.5,3000.0,1.17,8,False,0.025583902263744317,,True,False,False,load,5-23 20.14/log0003.csv,20.14
2888.52,2797,71,33.33,1.1408956824886,-5.6,0.0,20,10.5,2600.0,1.17,8,False,0.025583902263744317,,True,False,False,load,5-23 20.14/log0003.csv,20.14
2888.56,2808,71,33.33,1.15800908200516,-5.6,0.0,20,10.5,3000.0,1.17,8,False,0.025583902263744317,,True,False,False,load,5-23 20.14/log0003.csv,20.14
2888.6,2785,71,33.33,1.14776052418993,-5.6,0.0,20,11.0,2600.0,1.17,8,False,0.025583902263744317,,True,False,False,load,5-23 20.14/log0003.csv,20.14
2888.64,2800,71,33.33,1.1565,-5.6,0.0,20,10.5,2600.0,1.17,8,False,0.025583902263744317,,True,False,False,load,5-23 20.14/log0003.csv,20.14
2888.68,2788,71,33.33,1.15781922525108,-5.6,0.0,20,10.5,2600.0,1.17,8,False,0.025583902263744317,,True,False,False,load,5-23 20.14/log0003.csv,20.14
2888.7200000000003,2818,71,32.94,1.13804116394606,-5.6,0.0,20,10.5,3000.0,1.17,8,False,0.025583902263744317,,True,False,False,load,5-23 20.14/log0003.csv,20.14
2888.76,2801,71,32.94,1.17472331310246,-5.6,0.0,20,11.0,3000.0,1.17,8,False,0.025583902263744317,,True,False,False,load,5-23 20.14/log0003.csv,20.14
2888.8,2809,71,32.94,1.1752180879473,-5.6,0.0,20,10.5,3000.0,1.17,8,False,0.025583902263744317,,True,False,False,load,5-23 20.14/log0003.csv,20.14
2888.84,2828,71,32.94,1.18546804561124,-5.6,0.0,20,10.5,3000.0,1.17,8,False,0.025583902263744317,,True,False,False,load,5-23 20.14/log0003.csv,20.14
2888.88,2786,71,32.94,1.22218234027279,-5.6,0.0,21,10.5,2600.0,1.17,8,False,0.025583902263744317,,False,False,False,load,5-23 20.14/log0003.csv,20.14
2888.92,2813,71,32.94,1.20671820847774,-5.6,0.0,21,10.0,3000.0,1.17,8,False,0.025583902263744317,,False,False,False,load,5-23 20.14/log0003.csv,20.14
2888.96,2793,71,32.94,1.230400143228,-5.6,0.0,21,10.5,2600.0,1.17,8,False,0.024847396768402155,,False,False,False,load,5-23 20.14/log0003.csv,20.14
2889.0,2806,71,33.33,1.23196436525612,-5.6,0.0,21,10.5,3000.0,1.17,8,False,0.024847396768402155,,False,False,False,load,5-23 20.14/log0003.csv,20.14
2889.04,2835,71,33.33,1.24391921686216,-5.6,0.0,21,10.5,3000.0,1.17,8,False,0.024847396768402155,,False,False,False,load,5-23 20.14/log0003.csv,20.14
2889.08,2809,71,33.33,1.26345024034182,-5.25,0.0,21,11.5,3000.0,1.17,8,False,0.024847396768402155,,False,False,False,load,5-23 20.14/log0003.csv,20.14
2889.12,2832,71,33.33,1.23697360289574,-6.65,0.0,21,9.0,3000.0,1.17,8,False,0.022298025134649773,,False,False,False,load,5-23 20.14/log0003.csv,20.14
2889.16,2810,71,33.33,1.26769887880406,-6.65,0.0,22,9.5,3000.0,1.36,8,False,0.022298025134649773,,False,False,False,load,5-23 20.14/log0003.csv,20.14
2889.2,2809,71,33.33,1.27720921954258,-8.05,0.0,22,8.0,3000.0,1.36,8,False,0.022298025134649773,,False,False,False,load,5-23 20.14/log0003.csv,20.14
2889.2400000000002,2832,71,33.33,1.25762711864407,-8.05,0.0,22,7.5,3000.0,1.17,8,False,0.022298025134649773,,False,False,False,load,5-23 20.14/log0003.csv,20.14
2889.28,2807,71,33.33,1.28785179907374,-8.05,0.0,23,8.5,3000.0,1.36,8,False,0.022298025134649773,,False,False,False,load,5-23 20.14/log0003.csv,20.14
2889.32,2833,71,32.55,1.26206531332745,-8.05,0.0,23,8.0,3000.0,1.17,8,False,0.022298025134649773,,False,False,False,load,5-23 20.14/log0003.csv,20.14
2889.36,2822,71,31.37,1.29024714323678,-8.05,0.0,23,8.5,3000.0,1.36,8,False,0.022298025134649773,,False,False,False,load,5-23 20.14/log0003.csv,20.14
2889.4,2821,71,29.8,1.22169443459766,-8.05,0.0,23,8.5,3000.0,1.17,8,False,0.022298025134649773,,False,False,False,load,5-23 20.14/log0003.csv,20.14
2889.44,2844,71,27.45,1.16434599156118,-8.05,0.0,23,8.0,3000.0,1.17,8,False,0.022298025134649773,,False,False,False,load,5-23 20.14/log0003.csv,20.14
2889.48,2838,71,25.49,1.0903902052321,-8.05,0.0,23,8.0,3000.0,1.17,8,False,0.022298025134649773,,False,False,False,load,5-23 20.14/log0003.csv,20.14
2889.52,2837,71,24.71,1.03651744800846,-8.05,0.0,23,8.5,3000.0,1.0,8,False,0.022298025134649773,,False,False,False,load,5-23 20.14/log0003.csv,20.14
2889.56,2824,71,23.92,1.02787320701257,-8.05,0.0,23,8.0,3000.0,1.0,8,False,0.022298025134649773,,False,False,False,load,5-23 20.14/log0003.csv,20.14
2889.6,2842,71,21.57,0.97946687780417,-8.05,0.0,22,8.5,3000.0,1.0,8,False,0.022298025134649773,,False,False,False,load,5-23 20.14/log0003.csv,20.14
2889.64,2821,71,19.22,0.846295639844027,-8.05,0.0,22,8.5,3000.0,0.73,8,False,0.022298025134649773,,False,False,False,load,5-23 20.14/log0003.csv,20.14
2889.68,2822,71,16.86,0.661599787403667,-7.7,0.0,21,9.0,3000.0,0.73,8,False,0.022298025134649773,,False,False,False,load,5-23 20.14/log0003.csv,20.14
2889.7200000000003,2843,71,14.9,0.517572559366755,-6.65,0.0,21,12.0,3000.0,0.57,8,False,0.022298025134649773,,False,False,False,load,5-23 20.14/log0003.csv,20.14
2889.76,2831,71,13.73,0.468809607912398,-5.25,0.0,20,15.5,3000.0,0.57,8,False,0.022298025134649773,,False,False,False,load,5-23 20.14/log0003.csv,20.14
2889.8,2843,71,13.33,0.426272751252968,-3.84999,0.0,20,19.5,3000.0,0.57,8,False,0.022298025134649773,,False,False,False,load,5-23 20.14/log0003.csv,20.14
2889.84,2835,71,12.94,0.400458594232296,-2.44999,0.0,20,22.0,3000.0,0.27,8,False,0.022298025134649773,,False,False,False,load,5-23 20.14/log0003.csv,20.14
2889.88,2843,71,12.94,0.369815303430079,-1.04999,0.0,21,25.5,3000.0,0.27,8,False,0.022298025134649773,,False,False,False,load,5-23 20.14/log0003.csv,20.14
3118.12,2638,66,29.8,1.29461713419257,-1.4,0.0,23,14.5,2600.0,1.36,10,False,0.025200785293592903,,False,False,False,load,5-23 20.14/log0003.csv,20.14
3118.16,2610,66,29.41,1.28068965517241,-1.4,0.0,23,15.0,2600.0,1.36,10,False,0.025200785293592903,,False,False,False,load,5-23 20.14/log0003.csv,20.14
3118.2,2619,66,29.41,1.2603723150358,-1.4,0.0,23,14.5,2600.0,1.17,10,False,0.025200785293592903,,False,False,False,load,5-23 20.14/log0003.csv,20.14
3118.2400000000002,2640,66,29.02,1.27024057586664,-1.4,0.0,23,14.5,2600.0,1.36,10,False,0.025200785293592903,,False,False,False,load,5-23 20.14/log0003.csv,20.14
3118.28,2627,66,28.63,1.26052531404644,-1.4,0.0,24,15.0,2600.0,1.17,10,False,0.025200785293592903,,False,False,False,load,5-23 20.14/log0003.csv,20.14
3118.32,2616,66,27.84,1.26169724770642,-1.4,0.0,23,15.0,2600.0,1.17,10,False,0.025200785293592903,,False,False,False,load,5-23 20.14/log0003.csv,20.14
3118.36,2624,66,27.06,1.19039634146341,-1.4,0.0,23,14.5,2600.0,1.17,10,False,0.025200785293592903,,False,False,False,load,5-23 20.14/log0003.csv,20.14
3118.4,2631,66,26.67,1.19133409350057,-1.4,0.0,23,15.0,2600.0,1.17,10,False,0.025200785293592903,,False,False,False,load,5-23 20.14/log0003.csv,20.14
3118.44,2647,66,26.67,1.18424482856333,-1.4,0.0,23,14.5,2600.0,1.17,10,False,0.025200785293592903,,False,False,False,load,5-23 20.14/log0003.csv,20.14
3118.48,2622,66,27.06,1.19141794602842,-1.4,0.0,23,14.5,2600.0,1.17,10,False,0.025200785293592903,,False,False,False,load,5-23 20.14/log0003.csv,20.14
3118.52,2623,66,27.06,1.20697740920789,-1.4,0.0,22,14.5,2600.0,1.17,10,False,0.025200785293592903,,False,False,False,load,5-23 20.14/log0003.csv,20.14
3118.56,2643,66,27.45,1.21327910715975,-1.4,0.0,22,14.5,2600.0,1.17,10,False,0.025200785293592903,,False,False,False,load,5-23 20.14/log0003.csv,20.14
3118.6,2645,66,27.84,1.24424276800908,-1.4,0.0,22,14.5,2600.0,1.17,10,False,0.025200785293592903,,False,False,False,load,5-23 20.14/log0003.csv,20.14
3118.64,2619,66,28.63,1.26827033218786,-1.4,0.0,22,15.0,2600.0,1.36,10,False,0.025200785293592903,,False,False,False,load,5-23 20.14/log0003.csv,20.14
3118.68,2629,66,28.63,1.29504611581249,-1.4,0.0,21,14.5,2600.0,1.36,10,False,0.025200785293592903,,False,False,False,load,5-23 20.14/log0003.csv,20.14
3118.7200000000003,2649,66,29.02,1.31337423312883,-1.05,0.0,22,15.0,2600.0,1.36,10,False,0.025200785293592903,,False,False,False,load,5-23 20.14/log0003.csv,20.14
3118.76,2642,66,29.41,1.30471323111868,-1.05,0.0,22,15.0,2600.0,1.36,10,False,0.025200785293592903,,False,False,False,load,5-23 20.14/log0003.csv,20.14
3118.8,2632,66,29.41,1.28583642063266,-1.05,0.0,22,15.0,2600.0,1.36,10,False,0.025200785293592903,,False,False,False,load,5-23 20.14/log0003.csv,20.14
3118.84,2650,66,29.41,1.28490566037736,-1.05,0.0,23,15.0,2600.0,1.36,10,False,0.025200785293592903,,False,False,False,load,5-23 20.14/log0003.csv,20.14
3118.88,2634,66,29.41,1.30480349344978,-1.05,0.0,23,15.5,2600.0,1.36,10,False,0.025200785293592903,,False,False,False,load,5-23 20.14/log0003.csv,20.14
3118.92,2653,66,29.41,1.29545711592837,-1.05,0.0,23,15.0,2600.0,1.36,10,False,0.025908739365816044,,False,False,False,load,5-23 20.14/log0003.csv,20.14
3118.96,2646,66,29.41,1.30261740527261,-1.05,0.0,23,15.0,2600.0,1.36,10,False,0.025908739365816044,,False,False,False,load,5-23 20.14/log0003.csv,20.14
3119.0,2634,66,29.41,1.33396620467059,-1.05,0.0,23,15.0,2600.0,1.36,10,False,0.025908739365816044,,False,False,False,load,5-23 20.14/log0003.csv,20.14
3119.04,2654,67,29.41,1.29844588866912,-1.05,0.0,23,15.0,2600.0,1.36,10,False,0.025908739365816044,,False,False,False,load,5-23 20.14/log0003.csv,20.14
3119.08,2655,67,29.41,1.33052076466711,-0.35,0.0,23,16.0,2600.0,1.36,10,False,0.025908739365816044,,False,False,False,load,5-23 20.14/log0003.csv,20.14
3994.92,3289,83,25.88,1.01309007981756,-1.4,0.0,20,16.5,3300.0,1.0,10,False,0.011981566820276615,,False,False,False,load,5-23 20.14/log0003.csv,20.14
3994.96,3277,83,25.88,1.007355409736,-1.4,0.0,20,16.0,3300.0,1.0,10,False,0.011981566820276615,,False,False,False,load,5-23 20.14/log0003.csv,20.14
3995.0,3279,83,25.88,1.00340016772128,-1.4,0.0,20,16.0,3300.0,1.0,10,False,0.011981566820276615,,False,False,False,load,5-23 20.14/log0003.csv,20.14
3995.04,3295,83,25.49,1.01124516275893,-1.4,0.0,20,16.5,3300.0,1.0,10,False,0.012288786482334828,,False,False,False,load,5-23 20.14/log0003.csv,20.14
3995.08,3290,83,25.1,1.00968158674671,-1.4,0.0,20,16.5,3300.0,1.0,10,False,0.012288786482334828,,False,False,False,load,5-23 20.14/log0003.csv,20.14
3995.12,3293,83,25.1,0.996188596158227,-1.4,0.0,20,16.5,3300.0,1.0,10,False,0.012288786482334828,,False,False,False,load,5-23 20.14/log0003.csv,20.14
3995.16,3280,83,25.49,0.996768292682927,-1.4,0.0,20,16.0,3300.0,1.0,10,False,0.012288786482334828,,False,False,False,load,5-23 20.14/log0003.csv,20.14
3995.2,3283,83,25.88,1.02126104173012,-1.4,0.0,20,16.5,3300.0,1.0,10,False,0.012288786482334828,,False,False,False,load,5-23 20.14/log0003.csv,20.14
3995.2400000000002,3280,83,26.27,1.0444325889795,-1.4,0.0,20,16.5,3300.0,1.0,10,False,0.012288786482334828,,False,False,False,load,5-23 20.14/log0003.csv,20.14
3995.28,3302,83,26.67,1.05679236710586,-1.4,0.0,20,16.5,3300.0,1.0,10,False,0.014439324116743545,,False,False,False,load,5-23 20.14/log0003.csv,20.14
3995.32,3294,83,26.67,1.08933586337761,-1.4,0.0,20,16.5,3300.0,1.17,10,False,0.014439324116743545,,False,False,False,load,5-23 20.14/log0003.csv,20.14
3995.36,3290,83,27.45,1.11108746865263,-1.4,0.0,20,16.0,3300.0,1.17,10,False,0.014439324116743545,,False,False,False,load,5-23 20.14/log0003.csv,20.14
3995.4,3285,83,27.45,1.13305426592587,-1.4,0.0,20,16.0,3300.0,1.17,10,False,0.014439324116743545,,False,False,False,load,5-23 20.14/log0003.csv,20.14
3995.44,3287,83,27.84,1.14459572526052,-1.4,0.0,20,16.0,3300.0,1.17,10,False,0.014439324116743545,,False,False,False,load,5-23 20.14/log0003.csv,20.14
3995.48,3304,83,27.84,1.15478208232446,-1.05,0.0,20,16.5,3300.0,1.17,10,False,0.015053763440860266,,False,False,False,load,5-23 20.14/log0003.csv,20.14
3995.52,3301,83,27.84,1.159918200409,-1.05,0.0,20,16.5,3300.0,1.17,10,False,0.015053763440860266,,False,False,False,load,5-23 20.14/log0003.csv,20.14
3995.56,3293,83,27.84,1.178953762053,-1.05,0.0,20,16.0,3300.0,1.17,10,False,0.015053763440860266,,False,False,False,load,5-23 20.14/log0003.csv,20.14
3995.6,3291,83,27.84,1.17565904429082,-1.05,0.0,20,16.5,3300.0,1.17,10,False,0.015053763440860266,,False,False,False,load,5-23 20.14/log0003.csv,20.14
3995.64,3298,83,27.84,1.18508186779867,-1.05,0.0,20,16.0,3300.0,1.17,10,False,0.015053763440860266,,False,False,False,load,5-23 20.14/log0003.csv,20.14
3995.68,3310,83,27.84,1.18504418762746,-1.05,0.0,21,16.5,3300.0,1.17,10,False,0.01689708141321055,,False,False,False,load,5-23 20.14/log0003.csv,20.14
3995.7200000000003,3308,83,27.84,1.16553287981859,-1.05,0.0,21,16.5,3300.0,1.17,10,False,0.01596071209330888,,False,False,False,load,5-23 20.14/log0003.csv,20.14
3995.76,3305,83,27.45,1.1784887678693,-1.05,0.0,21,16.0,3300.0,1.17,10,False,0.01596071209330888,,False,False,False,load,5-23 20.14/log0003.csv,20.14
3995.8,3292,83,27.45,1.16701093560146,-1.05,0.0,21,16.5,3300.0,1.17,10,False,0.01596071209330888,,False,False,False,load,5-23 20.14/log0003.csv,20.14
3995.84,3304,83,27.06,1.15069239500568,-1.05,0.0,21,16.0,3300.0,1.17,10,False,0.01596071209330888,,False,False,False,load,5-23 20.14/log0003.csv,20.14
3995.88,3317,83,26.67,1.13432835820896,-1.05,0.0,21,16.5,3300.0,1.17,10,False,0.01810926949048507,,False,False,False,load,5-23 20.14/log0003.csv,20.14
3995.92,3311,84,25.88,1.12398640996603,-1.05,0.0,21,16.5,3300.0,1.17,10,False,0.01810926949048507,,False,False,False,load,5-23 20.14/log0003.csv,20.14
3995.96,3306,84,25.1,1.08176937618147,-1.05,0.0,21,16.0,3300.0,1.0,10,False,0.01810926949048507,,False,False,False,load,5-23 20.14/log0003.csv,20.14
3996.0,3306,84,25.1,1.06186658599304,-1.05,0.0,21,16.5,3300.0,1.0,10,False,0.01810926949048507,,False,False,False,load,5-23 20.14/log0003.csv,20.14
3996.04,3296,84,24.71,1.04245733788396,-0.7,0.0,21,17.0,3300.0,1.0,10,False,0.01849631535852163,,False,False,False,load,5-23 20.14/log0003.csv,20.14
3996.08,3324,84,24.71,1.04022867459004,-0.7,0.0,21,17.0,3300.0,1.0,10,False,0.01849631535852163,,False,False,False,load,5-23 20.14/log0003.csv,20.14
3996.12,3318,84,24.71,1.02614329842537,-0.7,0.0,21,17.0,3300.0,1.0,10,False,0.01849631535852163,,False,False,False,load,5-23 20.14/log0003.csv,20.14
3996.16,3313,84,24.71,1.02143072743737,-0.7,0.0,21,17.0,3300.0,1.0,10,False,0.01849631535852163,,False,False,False,load,5-23 20.14/log0003.csv,20.14
3996.2,3303,84,24.71,1.03396911898274,-0.7,0.0,20,17.0,3300.0,1.0,10,False,0.01849631535852163,,False,False,False,load,5-23 20.14/log0003.csv,20.14
3996.2400000000002,3328,84,24.71,1.01059274284426,-0.7,0.0,20,17.0,3300.0,1.0,10,False,0.01849631535852163,,False,False,False,load,5-23 20.14/log0003.csv,20.14
3996.28,3327,84,24.31,1.02359837667218,-0.7,0.0,20,17.0,3300.0,1.0,10,False,0.01849631535852163,,False,False,False,load,5-23 20.14/log0003.csv,20.14
3996.32,3315,84,24.31,1.00191539099615,-0.7,0.0,20,17.5,3300.0,1.0,10,False,0.01849631535852163,,False,False,False,load,5-23 20.14/log0003.csv,20.14
3996.36,3314,84,23.92,0.996031686156167,-0.7,0.0,20,17.0,3300.0,1.0,10,False,0.01849631535852163,,False,False,False,load,5-23 20.14/log0003.csv,20.14
3996.4,3308,84,23.92,1.00426303854875,-0.7,0.0,20,17.0,3300.0,1.0,10,False,0.01849631535852163,,False,False,False,load,5-23 20.14/log0003.csv,20.14
3996.44,3325,84,23.92,0.983278195488722,-0.7,0.0,20,17.5,3300.0,1.0,10,False,0.01849631535852163,,False,False,False,load,5-23 20.14/log0003.csv,20.14
3996.48,3328,84,23.92,0.979253361376099,-0.7,0.0,20,17.5,3300.0,1.0,10,False,0.01849631535852163,,False,False,False,load,5-23 20.14/log0003.csv,20.14
3996.52,3318,84,23.92,0.975949367088608,-0.7,0.0,20,17.5,3300.0,1.0,10,False,0.01849631535852163,,False,False,False,load,5-23 20.14/log0003.csv,20.14
3996.56,3317,84,23.92,0.97939247757594,-0.7,0.0,20,17.0,3300.0,1.0,10,False,0.01849631535852163,,False,False,False,load,5-23 20.14/log0003.csv,20.14
3996.6,3308,84,23.92,0.985173430061211,-0.35,0.0,20,17.5,3300.0,1.0,10,False,0.01849631535852163,,False,False,False,load,5-23 20.14/log0003.csv,20.14
3996.64,3333,84,23.92,0.959207861375741,-0.35,0.0,20,18.0,3300.0,1.0,10,False,0.01849631535852163,,False,False,False,load,5-23 20.14/log0003.csv,20.14
3996.68,3321,84,23.92,0.962529168234851,-0.35,0.0,20,18.0,3300.0,1.0,10,False,0.01849631535852163,,False,False,False,load,5-23 20.14/log0003.csv,20.14
3996.7200000000003,3329,84,23.92,0.97593510590356,-0.35,0.0,20,17.0,3300.0,1.0,10,False,0.01849631535852163,,False,False,False,load,5-23 20.14/log0003.csv,20.14
3996.76,3314,84,23.92,0.986616371180687,-0.35,0.0,20,18.0,3300.0,1.0,10,False,0.01849631535852163,,False,False,False,load,5-23 20.14/log0003.csv,20.14
3996.8,3330,84,23.92,0.981801801801802,-0.35,0.0,20,17.5,3300.0,1.0,10,False,0.01849631535852163,,False,False,False,load,5-23 20.14/log0003.csv,20.14
3996.84,3336,84,23.92,0.948920863309352,-0.35,0.0,20,17.5,3300.0,1.0,10,False,0.01849631535852163,,False,False,False,load,5-23 20.14/log0003.csv,20.14
3996.88,3333,84,23.92,0.94977497749775,-0.35,0.0,20,17.5,3300.0,1.0,10,False,0.01849631535852163,,False,False,False,load,5-23 20.14/log0003.csv,20.14
3996.92,3317,84,23.53,0.95117208110349,-0.35,0.0,20,17.5,3300.0,1.0,10,False,0.01849631535852163,,False,False,False,load,5-23 20.14/log0003.csv,20.14
3996.96,3326,84,23.53,0.948526758869513,-0.35,0.0,20,17.5,3300.0,1.0,10,False,0.01849631535852163,,False,False,False,load,5-23 20.14/log0003.csv,20.14
4021.12,3239,82,36.86,1.39157017137564,-1.4,0.0,21,16.5,3300.0,1.36,10,False,0.016164128069630083,,False,False,False,load,5-23 20.14/log0003.csv,20.14
4021.16,3265,82,36.47,1.38733634484343,-1.4,0.0,22,16.0,3300.0,1.36,10,False,0.016164128069630083,,False,False,False,load,5-23 20.14/log0003.csv,20.14
4021.2,3253,83,34.12,1.36621060722521,-1.4,0.0,23,16.5,3300.0,1.36,10,False,0.017173640841849542,,False,False,False,load,5-23 20.14/log0003.csv,20.14
4021.2400000000002,3267,83,32.55,1.32223157572511,-1.4,0.0,24,16.5,3300.0,1.36,10,False,0.017173640841849542,,False,False,False,load,5-23 20.14/log0003.csv,20.14
4021.28,3274,83,31.37,1.29586069955705,-1.4,0.0,24,16.5,3300.0,1.36,10,False,0.017173640841849542,,False,False,False,load,5-23 20.14/log0003.csv,20.14
4021.32,3266,83,31.37,1.29285878300804,-1.05,0.0,24,17.0,3300.0,1.36,10,False,0.017173640841849542,,False,False,False,load,5-23 20.14/log0003.csv,20.14
10190.8,3590,91,25.1,1.11108635097493,-1.4,0.0,19,16.5,3700.0,1.17,10,False,0.023334512961160767,,False,False,False,load,5-23 20.14/log0003.csv,20.14
10190.839999999998,3578,91,25.1,1.12150943396226,-1.4,0.0,19,17.0,3700.0,1.17,10,False,0.023334512961160767,,False,False,False,load,5-23 20.14/log0003.csv,20.14
10190.88,3570,91,25.1,1.11369143497444,-1.4,0.0,19,16.5,3700.0,1.17,10,False,0.02304697867822694,,False,False,False,load,5-23 20.14/log0003.csv,20.14
10190.919999999998,3590,91,25.1,1.11491851232762,-1.4,0.0,19,16.5,3700.0,1.17,10,False,0.02304697867822694,,False,False,False,load,5-23 20.14/log0003.csv,20.14
10190.96,3571,91,25.1,1.13001470279353,-1.4,0.0,19,16.5,3700.0,1.17,10,False,0.019021498717154816,,False,False,False,load,5-23 20.14/log0003.csv,20.14
10191.0,3585,91,25.1,1.10534904805077,-1.4,0.0,19,17.0,3700.0,1.17,10,False,0.018219597550306246,,False,False,False,load,5-23 20.14/log0003.csv,20.14
10191.039999999999,3587,91,25.1,1.1083356565375,-1.4,0.0,19,16.5,3700.0,1.17,10,False,0.018219597550306246,,False,False,False,load,5-23 20.14/log0003.csv,20.14
10191.08,3572,91,25.1,1.10535376863321,-1.4,0.0,19,17.0,3700.0,1.17,10,False,0.018219597550306246,,False,False,False,load,5-23 20.14/log0003.csv,20.14
10191.119999999999,3588,91,25.1,1.08944947735192,-1.4,0.0,19,16.5,3700.0,1.17,10,False,0.018219597550306246,,False,False,False,load,5-23 20.14/log0003.csv,20.14
10191.16,3568,91,25.1,1.09927130044843,-1.4,0.0,19,16.5,3700.0,1.17,10,False,0.018219597550306246,,False,False,False,load,5-23 20.14/log0003.csv,20.14
10191.199999999999,3573,91,25.1,1.10512174643157,-1.4,0.0,19,16.5,3700.0,1.17,10,False,0.018219597550306246,,False,False,False,load,5-23 20.14/log0003.csv,20.14
10191.24,3590,91,25.1,1.10380945748311,-1.4,0.0,19,17.0,3700.0,1.17,10,False,0.018219597550306246,,False,False,False,load,5-23 20.14/log0003.csv,20.14
10191.279999999999,3570,91,25.1,1.12647573699321,-1.4,0.0,19,16.5,3700.0,1.17,10,False,0.018219597550306246,,False,False,False,load,5-23 20.14/log0003.csv,20.14
10191.32,3595,91,25.1,1.09116706078731,-1.4,0.0,19,16.5,3700.0,1.17,10,False,0.018219597550306246,,False,False,False,load,5-23 20.14/log0003.csv,20.14
10191.359999999999,3559,91,25.1,1.1245521601686,-1.05,0.0,19,17.0,3700.0,1.17,10,False,0.018219597550306246,,False,False,False,load,5-23 20.14/log0003.csv,20.14
10191.4,3581,91,25.1,1.09142697570511,-1.05,0.0,19,16.5,3700.0,1.17,10,False,0.018219597550306246,,False,False,False,load,5-23 20.14/log0003.csv,20.14
10191.439999999999,3588,91,25.1,1.08929765886288,-1.05,0.0,19,17.0,3700.0,1.17,10,False,0.018219597550306246,,False,False,False,load,5-23 20.14/log0003.csv,20.14
10191.48,3577,91,25.1,1.08903334032292,-1.05,0.0,18,16.5,3700.0,1.17,10,False,0.018219597550306246,,False,False,False,load,5-23 20.14/log0003.csv,20.14
10191.519999999999,3585,91,24.71,1.09028523606946,-1.05,0.0,19,17.0,3700.0,1.17,10,False,0.018219597550306246,,False,False,False,load,5-23 20.14/log0003.csv,20.14
10191.56,3592,91,24.71,1.08823611304469,-1.05,0.0,19,17.0,3700.0,1.17,10,False,0.018219597550306246,,False,False,False,load,5-23 20.14/log0003.csv,20.14
10191.599999999999,3573,91,24.71,1.05673897830651,-1.05,0.0,19,17.0,3700.0,1.0,10,False,0.018219597550306246,,False,False,False,load,5-23 20.14/log0003.csv,20.14
10191.64,3595,91,24.71,1.06505320258711,-1.05,0.0,19,17.0,3700.0,1.0,10,False,0.018219597550306246,,False,False,False,load,5-23 20.14/log0003.csv,20.14
10191.679999999998,3578,91,25.1,1.06264150943396,-1.05,0.0,18,16.5,3700.0,1.0,10,False,0.018219597550306246,,False,False,False,load,5-23 20.14/log0003.csv,20.14
10191.72,3590,91,25.1,1.08493837476499,-1.05,0.0,19,17.0,3700.0,1.0,10,False,0.018219597550306246,,False,False,False,load,5-23 20.14/log0003.csv,20.14
10191.759999999998,3590,91,25.1,1.08148767237777,-1.05,0.0,19,17.0,3700.0,1.0,10,False,0.018219597550306246,,False,False,False,load,5-23 20.14/log0003.csv,20.14
10191.8,3573,91,25.1,1.09010004897502,-1.05,0.0,19,17.0,3700.0,1.17,10,False,0.018219597550306246,,False,False,False,load,5-23 20.14/log0003.csv,20.14
10191.839999999998,3597,91,25.1,1.07172643869892,-1.05,0.0,18,17.0,3700.0,1.0,10,False,0.018219597550306246,,False,False,False,load,5-23 20.14/log0003.csv,20.14
10191.88,3576,91,25.1,1.07063758389262,-1.05,0.0,18,17.0,3700.0,1.0,10,False,0.018219597550306246,,False,False,False,load,5-23 20.14/log0003.csv,20.14
10191.919999999998,3585,91,25.1,1.0382313968896,-0.7,0.0,18,17.0,3700.0,1.0,10,False,0.018219597550306246,,False,False,False,load,5-23 20.14/log0003.csv,20.14
10191.96,3599,91,25.1,1.05622004584288,-0.7,0.0,19,17.5,3700.0,1.0,10,False,0.018219597550306246,,False,False,False,load,5-23 20.14/log0003.csv,20.14
10192.0,3575,91,25.1,1.05607385131827,-0.7,0.0,19,17.0,3700.0,1.0,10,False,0.018219597550306246,,False,False,False,load,5-23 20.14/log0003.csv,20.14
10192.039999999999,3604,91,25.1,1.06224595963099,-0.7,0.0,18,17.5,3700.0,1.0,10,False,0.018219597550306246,,False,False,False,load,5-23 20.14/log0003.csv,20.14
10192.08,3580,91,25.1,1.06189944134078,-0.7,0.0,18,17.5,3700.0,1.0,10,False,0.018219597550306246,,False,False,False,load,5-23 20.14/log0003.csv,20.14
10192.119999999999,3580,91,24.71,1.0768908443327,-0.7,0.0,18,17.5,3700.0,1.0,10,False,0.018219597550306246,,False,False,False,load,5-23 20.14/log0003.csv,20.14
10192.16,3601,91,24.71,1.05563346060396,-0.7,0.0,18,17.5,3700.0,1.0,10,False,0.018219597550306246,,False,False,False,load,5-23 20.14/log0003.csv,20.14
10192.199999999999,3572,91,24.71,1.03452330953381,-0.7,0.0,18,17.5,3700.0,1.0,10,False,0.018219597550306246,,False,False,False,load,5-23 20.14/log0003.csv,20.14
10192.24,3602,91,24.71,1.03699590476852,-0.7,0.0,18,17.5,3700.0,1.0,10,False,0.018219597550306246,,False,False,False,load,5-23 20.14/log0003.csv,20.14
10192.279999999999,3599,91,24.71,1.01935394234109,-0.7,0.0,18,17.5,3700.0,1.0,10,False,0.018219597550306246,,False,False,False,load,5-23 20.14/log0003.csv,20.14
10192.32,3588,91,24.71,1.03736324994774,-0.7,0.0,18,17.0,3700.0,1.0,10,False,0.018219597550306246,,False,False,False,load,5-23 20.14/log0003.csv,20.14
10192.359999999999,3599,91,24.71,1.02654719733278,-0.7,0.0,18,17.5,3700.0,1.0,10,False,0.018219597550306246,,False,False,False,load,5-23 20.14/log0003.csv,20.14
10192.4,3586,91,24.71,1.01929726715003,-0.7,0.0,18,17.0,3700.0,1.0,10,False,0.018219597550306246,,False,False,False,load,5-23 20.14/log0003.csv,20.14
10192.439999999999,3601,91,24.71,1.02619080683238,-0.7,0.0,18,17.5,3700.0,1.0,10,False,0.018219597550306246,,False,False,False,load,5-23 20.14/log0003.csv,20.14
10192.48,3604,91,24.71,1.02895193174724,-0.35,0.0,18,18.0,3700.0,1.0,10,False,0.018219597550306246,,False,False,False,load,5-23 20.14/log0003.csv,20.14
10192.519999999999,3580,91,24.71,1.04322323860066,-0.35,0.0,18,17.5,3700.0,1.0,10,False,0.018219597550306246,,False,False,False,load,5-23 20.14/log0003.csv,20.14
10192.56,3610,91,24.71,1.01617728531856,-0.35,0.0,18,18.0,3700.0,1.0,10,False,0.018219597550306246,,False,False,False,load,5-23 20.14/log0003.csv,20.14
10192.599999999999,3581,91,24.71,1.03192291579388,-0.35,0.0,18,17.5,3700.0,1.0,10,False,0.018219597550306246,,False,False,False,load,5-23 20.14/log0003.csv,20.14
10192.64,3614,91,24.71,1.02235749861649,-0.35,0.0,18,18.0,3700.0,1.0,10,False,0.018219597550306246,,False,False,False,load,5-23 20.14/log0003.csv,20.14
10192.679999999998,3600,91,24.71,1.0375,-0.35,0.0,18,18.0,3700.0,1.0,10,False,0.018219597550306246,,False,False,False,load,5-23 20.14/log0003.csv,20.14
10192.72,3586,91,25.1,1.02297824874512,-0.35,0.0,18,17.5,3700.0,1.0,10,False,0.018219597550306246,,False,False,False,load,5-23 20.14/log0003.csv,20.14
10192.759999999998,3606,91,25.1,1.04684922010399,-0.35,0.0,19,18.0,3700.0,1.0,10,False,0.016310461192350995,,False,False,False,load,5-23 20.14/log0003.csv,20.14
10192.8,3582,91,25.1,1.05393634840871,-0.35,0.0,19,17.5,3700.0,1.0,10,False,0.016310461192350995,,False,False,False,load,5-23 20.14/log0003.csv,20.14
10192.839999999998,3611,91,25.1,1.04554455445545,-0.35,0.0,18,18.0,3700.0,1.0,10,False,0.016310461192350995,,False,False,False,load,5-23 20.14/log0003.csv,20.14
10192.88,3608,91,25.1,1.03900207900208,-0.35,0.0,18,18.0,3700.0,1.0,10,False,0.016310461192350995,,False,False,False,load,5-23 20.14/log0003.csv,20.14
10192.919999999998,3589,91,25.49,1.05563218390805,-0.35,0.0,18,17.5,3700.0,1.0,10,False,0.016310461192350995,,False,False,False,load,5-23 20.14/log0003.csv,20.14
10192.96,3613,91,25.88,1.05609300394436,-0.35,0.0,18,18.0,3700.0,1.0,10,False,0.016310461192350995,,False,False,False,load,5-23 20.14/log0003.csv,20.14
10193.0,3589,91,25.88,1.07796043466147,-0.35,0.0,18,17.5,3700.0,1.0,10,False,0.016310461192350995,,False,False,False,load,5-23 20.14/log0003.csv,20.14
11869.32,2901,73,30.59,1.13090846405792,-1.4,0.0,19,15.5,3000.0,1.17,10,True,0.8172386272944935,0.5329597772689498,False,True,False,shift,5-23 20.14/log0003.csv,20.14
11869.359999999999,2903,73,30.59,1.14419565966242,-1.4,0.0,19,15.5,3000.0,1.17,10,True,0.8172386272944935,0.5862557549958448,False,True,False,shift,5-23 20.14/log0003.csv,20.14
11869.4,2911,73,30.2,1.14846246349424,-1.4,0.0,19,15.5,3000.0,1.17,10,True,0.8172386272944935,0.6395517327227398,False,True,False,shift,5-23 20.14/log0003.csv,20.14
11869.439999999999,2902,73,30.59,1.1552416228788,-1.4,0.0,19,15.5,3000.0,1.17,10,True,0.8172386272944935,0.6928477104496348,False,True,False,shift,5-23 20.14/log0003.csv,20.14
11869.48,2926,74,30.59,1.16729043834914,-1.4,0.0,19,15.5,3000.0,1.17,10,True,0.8172386272944935,0.7461436881765298,False,True,False,shift,5-23 20.14/log0003.csv,20.14
11869.519999999999,2929,74,30.2,1.1590303857972,-1.4,0.0,19,15.5,3000.0,1.17,10,True,0.8172386272944935,0.7994396659034247,False,True,False,shift,5-23 20.14/log0003.csv,20.14
11869.56,2931,74,29.41,1.13684210526316,-1.4,0.0,19,15.0,3000.0,1.17,10,True,0.8172386272944935,0.8527356436303197,False,True,False,shift,5-23 20.14/log0003.csv,20.14
11869.599999999999,2924,74,29.02,1.16450068399453,-1.4,0.0,19,15.5,3000.0,1.17,10,True,0.8172386272944935,0.9060316213572147,False,True,False,shift,5-23 20.14/log0003.csv,20.14
11869.64,2937,74,29.02,1.14504596527068,-1.4,0.0,19,15.5,3000.0,1.17,10,True,0.8172386272944935,0.9593275990841097,False,True,False,shift,5-23 20.14/log0003.csv,20.14
11869.679999999998,2939,74,29.02,1.1196597192684,-1.4,0.0,20,15.5,3000.0,1.17,10,True,0.8172386272944935,1.0126235768110046,False,True,False,shift,5-23 20.14/log0003.csv,20.14
11869.72,2934,74,29.02,1.14999573924159,-1.4,0.0,20,15.5,3000.0,1.17,10,True,0.8172386272944935,1.0659195545378997,False,True,False,shift,5-23 20.14/log0003.csv,20.14
11869.759999999998,2939,74,29.02,1.16202790064648,-1.4,0.0,20,15.5,3000.0,1.17,10,True,0.8172386272944935,1.1192155322647945,False,True,False,shift,5-23 20.14/log0003.csv,20.14
11869.8,2943,74,29.02,1.15688439650047,-1.4,0.0,20,15.5,3000.0,1.17,10,True,0.8172386272944935,1.1725115099916896,False,True,False,shift,5-23 20.14/log0003.csv,20.14
11869.839999999998,2943,74,28.63,1.14984709480122,-1.4,0.0,20,15.5,3000.0,1.17,10,True,0.8164405426975258,1.2258074877185845,False,True,False,shift,5-23 20.14/log0003.csv,20.14
11869.88,2944,74,28.63,1.14965177509767,-1.05,0.0,19,15.5,3000.0,1.17,10,True,0.8164405426975258,1.2791034654454796,False,True,False,shift,5-23 20.14/log0003.csv,20.14
11869.919999999998,2933,74,28.24,1.16102634046543,-1.05,0.0,19,15.5,3000.0,1.17,10,True,0.8164405426975258,1.3323994431723745,False,True,False,shift,5-23 20.14/log0003.csv,20.14
11869.96,2924,75,27.06,1.12172351885099,-1.05,0.0,19,15.5,3000.0,1.17,10,True,0.7970114967321674,1.3856954208992696,False,True,False,shift,5-23 20.14/log0003.csv,20.14
11870.0,2940,75,26.67,1.09090909090909,-1.05,0.0,19,15.5,3000.0,1.17,10,True,0.7832337525074957,1.4389913986261644,False,True,False,shift,5-23 20.14/log0003.csv,20.14
11870.039999999999,2929,75,25.88,1.05587708066581,-1.05,0.0,19,15.5,3000.0,1.0,10,True,0.7781163046526179,1.4922873763530595,False,True,False,shift,5-23 20.14/log0003.csv,20.14
11870.08,2941,75,25.1,1.03757864308791,-1.05,0.0,19,15.5,3000.0,1.0,10,True,0.7781163046526179,1.5455833540799544,False,True,False,shift,5-23 20.14/log0003.csv,20.14
11870.119999999999,2937,75,23.92,1.00543024938293,-1.05,0.0,19,15.5,3000.0,1.0,10,True,0.7568592135631246,1.5988793318068495,False,True,False,shift,5-23 20.14/log0003.csv,20.14
11870.16,2921,75,23.14,0.982555850380895,-1.05,0.0,19,16.0,3000.0,1.0,10,True,0.738751321153556,1.6521753095337444,False,True,False,shift,5-23 20.14/log0003.csv,20.14
11870.199999999999,2955,75,22.75,0.944728380436622,-1.05,0.0,19,16.0,3000.0,1.0,10,True,0.6962371389745694,1.7054712872606395,False,True,False,shift,5-23 20.14/log0003.csv,20.14
11870.24,2936,75,22.35,0.922070844686649,-1.05,0.0,19,16.0,3000.0,1.0,10,True,0.6525420072906111,1.7587672649875343,False,True,False,shift,5-23 20.14/log0003.csv,20.14
11870.279999999999,2944,75,21.18,0.89375796178344,-1.05,0.0,19,16.0,3000.0,1.0,10,True,0.6296887470071827,1.8120632427144294,False,True,False,shift,5-23 20.14/log0003.csv,20.14
12803.519999999999,3018,76,46.67,1.56215723635159,-1.4,0.0,25,15.5,3000.0,1.51,8,False,0.020819112627986386,,False,False,False,load,5-23 20.14/log0003.csv,20.14
12803.56,3015,76,46.27,1.58633612469944,-1.4,0.0,26,15.5,3000.0,1.64,8,False,0.020819112627986386,,False,False,False,load,5-23 20.14/log0003.csv,20.14
12803.599999999999,3031,76,45.49,1.60118782479584,-1.4,0.0,26,15.0,3000.0,1.64,8,False,0.017114093959731694,,False,False,False,load,5-23 20.14/log0003.csv,20.14
12803.64,3029,76,44.31,1.63228521911364,-1.4,0.0,27,15.5,3000.0,1.64,8,False,0.017114093959731694,,False,False,False,load,5-23 20.14/log0003.csv,20.14
12803.679999999998,3028,76,42.75,1.63309388159524,-1.4,0.0,27,15.0,3000.0,1.64,8,False,0.017114093959731694,,False,False,False,load,5-23 20.14/log0003.csv,20.14
12803.72,3042,77,40.78,1.57264507644254,-1.4,0.0,27,15.0,3000.0,1.51,8,False,0.017114093959731694,,False,False,False,load,5-23 20.14/log0003.csv,20.14
12803.759999999998,3035,77,40.0,1.68197693574959,-1.4,0.0,27,15.5,3000.0,1.64,8,False,0.017114093959731694,,False,False,False,load,5-23 20.14/log0003.csv,20.14
12803.8,3041,77,39.22,1.63367313383755,-1.4,0.0,27,15.0,3000.0,1.64,10,False,0.017114093959731694,,False,False,False,load,5-23 20.14/log0003.csv,20.14
12803.839999999998,3042,77,38.43,1.63313609467456,-1.4,0.0,27,15.0,3000.0,1.64,10,False,0.017114093959731694,,False,False,False,load,5-23 20.14/log0003.csv,20.14
12803.88,3045,77,36.08,1.65156416782987,-1.4,0.0,27,15.0,3000.0,1.64,10,False,0.017114093959731694,,False,False,False,load,5-23 20.14/log0003.csv,20.14
12803.919999999998,3051,77,32.94,1.56761982793937,-1.4,0.0,27,15.0,3000.0,1.51,10,False,0.017114093959731694,,False,False,False,load,5-23 20.14/log0003.csv,20.14
14524.519999999999,1778,17,29.8,1.20320539856601,-1.4,0.0,21,10.5,1900.0,1.17,8,True,1.5454545454545456,0.6395517327227398,True,False,False,shift,5-23 20.14/log0003.csv,20.14
14524.56,1822,17,29.8,1.1863318237958,-1.4,0.0,22,11.5,1900.0,1.17,8,True,1.5454545454545456,0.6928477104496348,True,False,False,shift,5-23 20.14/log0003.csv,20.14
14524.599999999999,1790,17,30.2,1.22615255658005,-1.4,0.0,22,12.0,1900.0,1.17,8,True,1.5454545454545456,0.7461436881765298,True,False,False,shift,5-23 20.14/log0003.csv,20.14
14524.64,1778,17,29.8,1.21838886545761,-1.4,0.0,23,11.0,1900.0,1.17,8,True,1.5454545454545456,0.7994396659034247,True,False,False,shift,5-23 20.14/log0003.csv,20.14
14524.679999999998,1797,18,29.8,1.21836905093237,-1.4,0.0,22,11.5,1900.0,1.17,8,True,1.5454545454545456,0.8527356436303197,True,False,False,shift,5-23 20.14/log0003.csv,20.14
14524.72,1839,18,29.8,1.18433931484502,-1.4,0.0,22,11.0,1900.0,1.17,8,True,1.5454545454545456,0.9060316213572147,True,False,False,shift,5-23 20.14/log0003.csv,20.14
14524.759999999998,1881,18,29.8,1.16953343081218,-1.4,0.0,23,12.0,1900.0,1.17,8,True,1.5454545454545456,0.9593275990841097,True,False,False,shift,5-23 20.14/log0003.csv,20.14
14524.8,1882,18,29.8,1.19234653202232,-1.4,0.0,22,12.0,1900.0,1.17,8,True,1.5277922077922077,1.0126235768110046,True,False,False,shift,5-23 20.14/log0003.csv,20.14
14524.839999999998,1886,19,28.63,1.17804878048781,-1.4,0.0,23,12.0,1900.0,1.17,8,True,1.2695238095238095,1.0659195545378997,True,False,False,shift,5-23 20.14/log0003.csv,20.14
14524.88,1934,19,27.06,1.12291585886002,-1.4,0.0,22,12.0,1900.0,1.17,8,True,1.266373626373626,1.1192155322647945,True,True,False,shift,5-23 20.14/log0003.csv,20.14
14524.919999999998,1948,19,27.06,1.11792634415501,-1.4,0.0,22,12.5,1900.0,1.17,8,True,1.266373626373626,1.1725115099916896,True,True,False,shift,5-23 20.14/log0003.csv,20.14
14524.96,1947,19,26.67,1.1348144343136,-1.4,0.0,23,13.0,1900.0,1.17,8,True,1.266373626373626,1.2258074877185845,True,True,False,shift,5-23 20.14/log0003.csv,20.14
14525.0,1959,19,25.88,1.12800612713812,-1.4,0.0,22,12.5,1900.0,1.17,8,True,1.266373626373626,1.2791034654454796,True,True,False,shift,5-23 20.14/log0003.csv,20.14
14525.039999999999,2003,19,24.31,1.06087607637589,-1.4,0.0,22,13.0,1900.0,1.0,8,True,1.266373626373626,1.3323994431723745,True,True,False,shift,5-23 20.14/log0003.csv,20.14
14525.08,1993,20,23.92,1.05188158554942,-1.05,0.0,22,13.0,1900.0,1.0,8,True,1.266373626373626,1.3856954208992696,True,True,False,shift,5-23 20.14/log0003.csv,20.14
14525.119999999999,1999,20,23.92,1.06780042515943,-1.05,0.0,22,13.0,1900.0,1.0,8,True,1.266373626373626,1.4389913986261644,True,True,False,shift,5-23 20.14/log0003.csv,20.14
14525.16,2043,20,23.92,1.05214731432766,-1.05,0.0,21,13.5,1900.0,1.0,8,True,1.266373626373626,1.4922873763530595,True,True,False,shift,5-23 20.14/log0003.csv,20.14
14525.199999999999,2040,20,23.53,1.05408188281442,-1.05,0.0,21,13.5,1900.0,1.0,8,True,1.266373626373626,1.5455833540799544,True,True,False,shift,5-23 20.14/log0003.csv,20.14
14525.24,2053,20,22.35,1.04610887833394,-1.05,0.0,20,14.0,2200.0,1.0,8,True,1.2628571428571427,1.5988793318068495,True,True,False,shift,5-23 20.14/log0003.csv,20.14
14525.279999999999,2066,20,21.18,1.01193271209004,-1.05,0.0,20,14.0,2200.0,1.0,8,True,1.2628571428571427,1.6521753095337444,True,True,False,shift,5-23 20.14/log0003.csv,20.14
14525.32,2066,21,20.78,0.916733212341198,-1.05,0.0,21,13.5,2200.0,1.0,8,True,1.2628571428571427,1.7054712872606395,True,True,False,shift,5-23 20.14/log0003.csv,20.14
14525.359999999999,2109,21,20.39,0.887339971550498,-1.05,0.0,21,14.0,2200.0,1.0,8,True,1.2443956043956044,1.7587672649875343,True,True,False,shift,5-23 20.14/log0003.csv,20.14
14525.4,2109,21,20.0,0.884210526315789,-1.05,0.0,20,14.0,2200.0,1.0,8,True,1.106122448979592,1.8120632427144294,True,True,False,shift,5-23 20.14/log0003.csv,20.14
14525.439999999999,2121,21,20.0,0.900318208603418,-1.05,0.0,20,14.0,2200.0,1.0,8,True,1.106122448979592,1.8653592204413243,True,True,False,shift,5-23 20.14/log0003.csv,20.14
14525.48,2137,21,18.82,0.885540477304633,-1.05,0.0,20,14.0,2200.0,1.0,8,True,1.077551020408163,1.9186551981682194,True,True,False,shift,5-23 20.14/log0003.csv,20.14
14525.519999999999,2111,21,17.65,0.836574677247424,-0.35,0.0,20,15.0,2200.0,0.73,8,True,1.0342857142857143,1.9719511758951143,True,True,False,shift,5-23 20.14/log0003.csv,20.14
14533.519999999999,1417,14,22.35,1.02748280119951,-1.4,0.0,15,10.5,1600.0,1.0,8,True,0.4465848151284221,0.2664798886344749,True,False,False,shift,5-23 20.14/log0003.csv,20.14
14533.56,1407,14,21.96,1.01407249466951,-1.4,0.0,15,10.5,1600.0,1.0,8,True,0.4465848151284221,0.3197758663613699,True,False,False,shift,5-23 20.14/log0003.csv,20.14
14533.599999999999,1428,14,22.35,1.01698476624059,-1.4,0.0,15,10.5,1600.0,1.0,8,True,0.4465848151284221,0.3730718440882649,True,False,False,shift,5-23 20.14/log0003.csv,20.14
14533.64,1452,14,23.14,1.04651402995352,-1.4,0.0,14,10.5,1600.0,1.0,8,True,0.4465848151284221,0.42636782181515986,True,False,False,shift,5-23 20.14/log0003.csv,20.14
14533.679999999998,1475,14,22.35,1.04211597151577,-1.4,0.0,15,11.0,1600.0,1.0,8,True,0.4465848151284221,0.47966379954205485,True,False,False,shift,5-23 20.14/log0003.csv,20.14
14533.72,1460,14,22.35,1.05223497174174,-1.4,0.0,14,10.5,1600.0,1.0,8,True,0.3498410369283444,0.5329597772689498,True,False,False,shift,5-23 20.14/log0003.csv,20.14
14533.759999999998,1458,14,22.35,1.03521344076804,-1.4,0.0,15,10.5,1600.0,1.0,8,True,0.3498410369283444,0.5862557549958448,True,False,False,shift,5-23 20.14/log0003.csv,20.14
14533.8,1462,14,22.35,1.04469140023936,-1.4,0.0,15,10.5,1600.0,1.0,8,True,0.3498410369283444,0.6395517327227398,True,False,False,shift,5-23 20.14/log0003.csv,20.14
14533.839999999998,1502,14,22.35,1.02862849533955,-1.4,0.0,15,11.0,1600.0,1.0,8,True,0.3498410369283444,0.6928477104496348,True,False,False,shift,5-23 20.14/log0003.csv,20.14
14533.88,1520,15,22.35,1.02789473684211,-1.4,0.0,15,11.0,1600.0,1.0,8,True,0.3498410369283444,0.7461436881765298,True,False,False,shift,5-23 20.14/log0003.csv,20.14
14533.919999999998,1515,15,21.57,1.02613861386139,-1.4,0.0,16,11.0,1600.0,1.0,8,True,0.3498410369283444,0.7994396659034247,True,False,False,shift,5-23 20.14/log0003.csv,20.14
14533.96,1505,15,21.18,0.998272425249169,-1.4,0.0,16,11.0,1600.0,1.0,8,True,0.3498410369283444,0.8527356436303197,False,False,False,shift,5-23 20.14/log0003.csv,20.14
14534.0,1529,15,21.18,0.968868541530412,-1.4,0.0,17,11.0,1600.0,1.0,8,True,0.3498410369283444,0.9060316213572147,False,False,False,shift,5-23 20.14/log0003.csv,20.14
14534.039999999999,1550,15,21.57,0.987802516940949,-1.4,0.0,16,11.0,1600.0,1.0,8,True,0.3498410369283444,0.9593275990841097,False,False,False,shift,5-23 20.14/log0003.csv,20.14
14534.08,1574,15,21.57,0.994694201747419,-1.05,0.0,17,12.0,1600.0,1.0,8,True,0.3498410369283444,1.0126235768110046,False,False,False,shift,5-23 20.14/log0003.csv,20.14
14534.119999999999,1574,16,21.57,1.02791805621725,-1.05,0.0,16,12.0,1600.0,1.0,8,True,0.3498410369283444,1.0659195545378997,False,False,False,shift,5-23 20.14/log0003.csv,20.14
14534.16,1573,16,21.57,1.06056270863138,-1.05,0.0,17,11.0,1600.0,1.0,8,True,0.3498410369283444,1.1192155322647945,False,False,False,shift,5-23 20.14/log0003.csv,20.14
14534.199999999999,1586,16,21.57,1.04257332071902,-1.05,0.0,16,11.5,1600.0,1.0,8,True,0.3498410369283444,1.1725115099916896,False,False,False,shift,5-23 20.14/log0003.csv,20.14
14534.24,1638,16,20.78,0.982417582417583,-1.05,0.0,16,11.0,1600.0,1.0,8,True,0.3498410369283444,1.2258074877185845,False,False,False,shift,5-23 20.14/log0003.csv,20.14
14534.279999999999,1648,16,20.78,0.976456310679612,-1.05,0.0,17,12.0,1600.0,1.0,8,True,0.3498410369283444,1.2791034654454796,False,False,False,shift,5-23 20.14/log0003.csv,20.14
14534.32,1640,16,21.18,0.982250686184813,-1.05,0.0,17,12.0,1600.0,1.0,8,True,0.3498410369283444,1.3323994431723745,False,False,False,shift,5-23 20.14/log0003.csv,20.14
14534.359999999999,1637,16,21.57,1.01998166819432,-1.05,0.0,17,11.5,1600.0,1.0,8,True,0.3498410369283444,1.3856954208992696,False,False,False,shift,5-23 20.14/log0003.csv,20.14
14534.4,1650,16,20.78,0.991849719739434,-1.05,0.0,17,12.0,1600.0,1.0,8,True,0.3498410369283444,1.4389913986261644,False,False,False,shift,5-23 20.14/log0003.csv,20.14
14534.439999999999,1681,16,20.78,0.963355145746579,-1.05,0.0,18,11.5,1600.0,1.0,8,True,0.3498410369283444,1.4922873763530595,False,False,False,shift,5-23 20.14/log0003.csv,20.14
14534.48,1680,16,20.78,0.963571428571429,-1.05,0.0,17,12.0,1600.0,1.0,8,True,0.32330643189043795,1.5455833540799544,False,False,False,shift,5-23 20.14/log0003.csv,20.14
14534.519999999999,1678,17,20.39,0.991895113230036,-1.05,0.0,18,11.5,1600.0,1.0,8,True,0.30789924186842765,1.5988793318068495,False,False,False,shift,5-23 20.14/log0003.csv,20.14
14534.56,1671,17,20.0,0.98548990276739,-1.05,0.0,17,12.0,1600.0,1.0,8,True,0.30789924186842765,1.6521753095337444,False,False,False,shift,5-23 20.14/log0003.csv,20.14
14534.599999999999,1717,17,19.61,0.917862862134226,-1.05,0.0,17,12.5,1600.0,1.0,8,True,0.30789924186842765,1.7054712872606395,False,False,False,shift,5-23 20.14/log0003.csv,20.14
14534.64,1732,17,18.82,0.863404071026418,-0.7,0.0,18,13.0,1600.0,0.73,8,True,0.2651014918072878,1.7587672649875343,False,False,False,shift,5-23 20.14/log0003.csv,20.14
14534.679999999998,1729,17,17.65,0.850101243853052,-0.7,0.0,17,13.0,1600.0,0.73,8,True,0.21973587674248,1.8120632427144294,False,False,False,shift,5-23 20.14/log0003.csv,20.14
14796.759999999998,1821,17,24.71,1.09588138385502,-1.4,0.0,19,9.5,1900.0,1.17,10,True,1.1397447868036104,1.0659195545378997,True,False,False,shift,5-23 20.14/log0003.csv,20.14
14796.8,1801,17,24.71,1.09324080499653,-1.4,0.0,19,10.5,1900.0,1.17,10,True,1.1397447868036104,1.1192155322647945,True,False,False,shift,5-23 20.14/log0003.csv,20.14
14796.839999999998,1810,18,24.71,1.08777455449648,-1.4,0.0,19,10.0,1900.0,1.17,10,True,1.1397447868036104,1.1725115099916896,True,False,False,shift,5-23 20.14/log0003.csv,20.14
14796.88,1842,18,24.71,1.06185175128971,-1.4,0.0,19,10.0,1900.0,1.0,10,True,1.1397447868036104,1.2258074877185845,True,False,False,shift,5-23 20.14/log0003.csv,20.14
14796.919999999998,1871,18,24.71,1.07254509018036,-1.4,0.0,19,10.0,1900.0,1.0,10,True,1.1397447868036104,1.2791034654454796,True,False,False,shift,5-23 20.14/log0003.csv,20.14
14796.96,1902,18,25.1,1.07854889589905,-1.4,0.0,19,10.5,1900.0,1.0,10,True,1.1397447868036104,1.3323994431723745,True,True,False,shift,5-23 20.14/log0003.csv,20.14
14797.0,1888,19,24.31,1.07955508474576,-1.4,0.0,20,11.0,1900.0,1.0,10,True,1.1397447868036104,1.3856954208992696,True,True,False,shift,5-23 20.14/log0003.csv,20.14
14797.039999999999,1886,19,24.31,1.06475735879077,-1.4,0.0,19,10.5,1900.0,1.0,10,True,1.1397447868036104,1.4389913986261644,True,True,False,shift,5-23 20.14/log0003.csv,20.14
14797.08,1905,19,23.92,1.0467917596116,-1.4,0.0,20,10.5,1900.0,1.0,10,True,0.9934640522875817,1.4922873763530595,True,True,False,shift,5-23 20.14/log0003.csv,20.14
14797.119999999999,1944,19,24.31,1.03302469135802,-1.4,0.0,20,11.0,1900.0,1.0,10,True,0.9934640522875817,1.5455833540799544,True,True,False,shift,5-23 20.14/log0003.csv,20.14
14797.16,1964,19,23.92,1.03882877148313,-1.4,0.0,20,11.0,1900.0,1.0,10,True,0.9825708061002179,1.5988793318068495,True,True,False,shift,5-23 20.14/log0003.csv,20.14
14797.199999999999,1963,19,23.92,1.0300127388535,-1.4,0.0,20,11.0,1900.0,1.0,10,True,0.9825708061002179,1.6521753095337444,True,True,False,shift,5-23 20.14/log0003.csv,20.14
14797.24,1966,19,23.53,1.03794506612411,-1.4,0.0,20,11.5,1900.0,1.0,10,True,0.9825708061002179,1.7054712872606395,True,True,False,shift,5-23 20.14/log0003.csv,20.14
14797.279999999999,1976,19,23.92,1.04193344299633,-1.4,0.0,20,11.0,1900.0,1.0,10,True,0.9825708061002179,1.7587672649875343,True,True,False,shift,5-23 20.14/log0003.csv,20.14
14797.32,1994,20,23.92,1.03807373965388,-1.05,0.0,20,11.0,1900.0,1.0,10,True,0.9745824255628175,1.8120632427144294,True,True,False,shift,5-23 20.14/log0003.csv,20.14
14797.359999999999,2022,20,23.92,1.03187832323482,-1.05,0.0,20,11.5,1900.0,1.0,10,True,0.971677559912854,1.8653592204413243,True,True,False,shift,5-23 20.14/log0003.csv,20.14
14797.4,2042,20,23.92,1.03012490815577,-1.05,0.0,20,11.5,1900.0,1.0,10,True,0.971677559912854,1.9186551981682194,True,True,False,shift,5-23 20.14/log0003.csv,20.14
14797.439999999999,2029,20,23.92,1.03114834894036,-1.05,0.0,20,11.5,1900.0,1.0,10,True,0.9578794480755266,1.9719511758951143,True,True,False,shift,5-23 20.14/log0003.csv,20.14
14797.48,2051,20,23.53,1.02050469340485,-1.05,0.0,20,11.5,2200.0,1.0,10,True,0.9331880900508349,2.025247153622009,True,True,False,shift,5-23 20.14/log0003.csv,20.14
14797.519999999999,2065,20,23.14,1.00544860152561,-1.05,0.0,20,11.5,2200.0,1.0,10,True,0.8910675381263617,2.0785431313489044,True,True,False,shift,5-23 20.14/log0003.csv,20.14
14797.56,2062,21,23.14,1.00999030067895,-1.05,0.0,20,11.5,2200.0,1.0,10,True,0.8496732026143793,2.1318391090757993,True,True,False,shift,5-23 20.14/log0003.csv,20.14
14797.599999999999,2098,21,22.35,0.97373063170441,-1.05,0.0,20,12.0,2200.0,1.0,10,True,0.8169934640522872,2.185135086802694,True,True,False,shift,5-23 20.14/log0003.csv,20.14
14797.64,2096,21,20.78,0.923583442681618,-1.05,0.0,20,11.5,2200.0,1.0,10,True,0.7690631808278867,2.238431064529589,True,True,False,shift,5-23 20.14/log0003.csv,20.14
14797.679999999998,2116,21,19.61,0.856433888691953,-1.05,0.0,20,12.0,2200.0,0.73,10,True,0.7312999273783586,2.2917270422564844,True,True,False,shift,5-23 20.14/log0003.csv,20.14
14797.72,2107,21,19.22,0.833977933325424,-1.05,0.0,20,12.0,2200.0,0.73,10,True,0.6775599128540305,2.3450230199833793,True,True,False,shift,5-23 20.14/log0003.csv,20.14
14797.759999999998,2104,21,19.22,0.819108734402852,-0.35,0.0,20,13.0,2200.0,0.73,10,True,0.6397966594045025,2.398318997710274,False,True,False,shift,5-23 20.14/log0003.csv,20.14
14843.8,2332,37,24.71,0.995862364669311,-1.4,0.0,20,13.0,2200.0,1.0,8,True,0.43603782976605276,2.0785431313489044,True,False,False,shift,5-23 20.14/log0003.csv,20.14
14843.839999999998,2304,37,24.71,1.03251573692208,-1.4,0.0,19,13.5,2200.0,1.0,8,True,0.4071677451468392,2.1318391090757993,True,False,False,shift,5-23 20.14/log0003.csv,20.14
14843.88,2331,37,25.1,1.02022520107239,-1.4,0.0,19,13.5,2200.0,1.0,8,True,0.3792931806869089,2.185135086802694,True,False,False,shift,5-23 20.14/log0003.csv,20.14
14843.919999999998,2323,37,25.1,1.02897739504844,-1.4,0.0,19,13.0,2200.0,1.0,8,True,0.3454454952712792,2.238431064529589,True,False,False,shift,5-23 20.14/log0003.csv,20.14
14843.96,2347,38,25.1,1.03700862895494,-1.4,0.0,19,13.5,2200.0,1.0,8,True,0.3071179691388751,2.2917270422564844,True,False,False,shift,5-23 20.14/log0003.csv,20.14
14844.0,2340,38,24.71,1.02139117427076,-1.4,0.0,20,13.5,2200.0,1.0,8,True,0.28372324539571936,2.3450230199833793,True,False,False,shift,5-23 20.14/log0003.csv,20.14
14844.039999999999,2345,38,25.1,1.01906589891235,-1.4,0.0,19,13.0,2200.0,1.0,8,True,0.24340467894474874,2.398318997710274,True,False,False,shift,5-23 20.14/log0003.csv,20.14
14844.08,2361,38,25.1,1.05460707477229,-1.4,0.0,19,13.0,2200.0,1.0,8,True,0.20905923344947736,2.451614975437169,True,False,False,shift,5-23 20.14/log0003.csv,20.14
14844.119999999999,2329,38,24.71,1.04980678402748,-1.4,0.0,20,13.0,2200.0,1.0,8,True,0.18417122946739678,2.5049109531640643,True,False,False,shift,5-23 20.14/log0003.csv,20.14
14844.16,2364,38,24.31,1.00594394500264,-1.4,0.0,19,13.5,2200.0,1.0,8,False,0.150323544051767,,False,False,False,load,5-23 20.14/log0003.csv,20.14
14844.199999999999,2358,38,24.31,1.01828207847296,-1.4,0.0,19,13.0,2200.0,1.0,8,False,0.12244897959183676,,False,False,False,load,5-23 20.14/log0003.csv,20.14
14844.24,2370,38,24.31,1.01786731357452,-1.4,0.0,19,13.5,2200.0,1.0,8,False,0.10851169736187159,,False,False,False,load,5-23 20.14/log0003.csv,20.14
14844.279999999999,2332,38,24.31,1.02504288164666,-1.4,0.0,20,13.5,2200.0,1.0,8,False,0.10851169736187159,,False,False,False,load,5-23 20.14/log0003.csv,20.14
14844.32,2391,38,24.31,1.02781844802343,-1.4,0.0,20,13.0,2200.0,1.0,8,False,0.10851169736187159,,False,False,False,load,5-23 20.14/log0003.csv,20.14
14844.359999999999,2378,39,24.31,1.01465671327936,-1.4,0.0,20,14.0,2200.0,1.0,8,False,0.10851169736187159,,False,False,False,load,5-23 20.14/log0003.csv,20.14
14844.4,2355,39,24.31,1.02482216795838,-1.05,0.0,19,14.0,2200.0,1.0,8,False,0.09650418513047744,,False,False,False,load,5-23 20.14/log0003.csv,20.14
14844.439999999999,2387,39,24.31,1.00645161290323,-1.05,0.0,19,14.0,2200.0,1.0,8,False,0.09059745347698347,,False,False,False,load,5-23 20.14/log0003.csv,20.14
14844.48,2389,39,24.31,1.01023547880691,-1.05,0.0,20,13.5,2200.0,1.0,8,False,0.05372156505914475,,False,False,False,load,5-23 20.14/log0003.csv,20.14
14844.519999999999,2373,39,24.31,1.01719342604298,-1.05,0.0,20,14.0,2200.0,1.0,8,False,0.05372156505914475,,False,False,False,load,5-23 20.14/log0003.csv,20.14
14844.56,2396,39,24.31,1.0536157779401,-1.05,0.0,20,14.0,2200.0,1.0,8,False,0.04851683348498653,,False,False,False,load,5-23 20.14/log0003.csv,20.14
14844.599999999999,2398,39,24.31,1.03375377879704,-1.05,0.0,19,13.5,2200.0,1.0,8,False,0.04851683348498653,,False,False,False,load,5-23 20.14/log0003.csv,20.14
14844.64,2412,39,24.31,1.01855114519639,-1.05,0.0,19,14.0,2600.0,1.0,8,False,0.04851683348498653,,False,False,False,load,5-23 20.14/log0003.csv,20.14
14844.679999999998,2382,39,24.31,1.03623766533697,-1.05,0.0,20,14.0,2200.0,1.0,8,False,0.04851683348498653,,False,False,False,load,5-23 20.14/log0003.csv,20.14
14844.72,2414,39,24.31,1.01802361715351,-1.05,0.0,20,14.0,2600.0,1.0,8,False,0.04851683348498653,,False,False,False,load,5-23 20.14/log0003.csv,20.14
14844.759999999998,2428,39,24.31,1.01204819277108,-1.05,0.0,20,14.0,2600.0,1.0,8,False,0.04851683348498653,,False,False,False,load,5-23 20.14/log0003.csv,20.14
14844.8,2408,39,24.31,1.02020558612813,-1.05,0.0,19,14.0,2600.0,1.0,8,False,0.04851683348498653,,False,False,False,load,5-23 20.14/log0003.csv,20.14
14844.839999999998,2421,39,24.31,1.03813261722785,-1.05,0.0,19,14.0,2600.0,1.0,8,False,0.04851683348498653,,False,False,False,load,5-23 20.14/log0003.csv,20.14
14844.88,2433,39,24.31,1.00119218910586,-1.05,0.0,19,13.5,2600.0,1.0,8,False,0.04851683348498653,,False,False,False,load,5-23 20.14/log0003.csv,20.14
14844.919999999998,2422,39,24.31,1.03292393435855,-1.05,0.0,20,14.0,2600.0,1.0,8,False,0.04851683348498653,,False,False,False,load,5-23 20.14/log0003.csv,20.14
14844.96,2448,39,24.31,1.02226762002043,-0.7,0.0,20,14.0,2600.0,1.0,8,False,0.04851683348498653,,False,False,False,load,5-23 20.14/log0003.csv,20.14
14845.0,2426,39,24.31,1.02683982683983,-0.7,0.0,19,14.5,2600.0,1.0,8,False,0.04851683348498653,,False,False,False,load,5-23 20.14/log0003.csv,20.14
14845.039999999999,2426,39,23.92,1.01292117465224,-0.7,0.0,19,14.5,2600.0,1.0,8,False,0.04851683348498653,,False,False,False,load,5-23 20.14/log0003.csv,20.14
14845.08,2454,40,23.92,1.02430973000509,-0.7,0.0,19,14.0,2600.0,1.0,8,False,0.0480436760691538,,False,False,False,load,5-23 20.14/log0003.csv,20.14
14845.119999999999,2459,40,23.92,1.00890787065284,-0.7,0.0,20,14.0,2600.0,1.0,8,False,0.0480436760691538,,False,False,False,load,5-23 20.14/log0003.csv,20.14
14845.16,2444,40,23.92,1.01534683855126,-0.7,0.0,20,15.0,2600.0,1.0,8,False,0.043759683250129175,,False,False,False,load,5-23 20.14/log0003.csv,20.14
14845.199999999999,2436,40,24.31,1.01389715693318,-0.7,0.0,19,14.0,2600.0,1.0,8,False,0.043759683250129175,,False,False,False,load,5-23 20.14/log0003.csv,20.14
14845.24,2470,40,23.92,1.02239319700344,-0.7,0.0,19,14.5,2600.0,1.0,8,False,0.043759683250129175,,False,False,False,load,5-23 20.14/log0003.csv,20.14
14845.279999999999,2465,40,23.92,1.01076969881351,-0.7,0.0,19,14.5,2600.0,1.0,8,False,0.043759683250129175,,False,False,False,load,5-23 20.14/log0003.csv,20.14
14845.32,2442,40,23.92,1.00673697143442,-0.7,0.0,20,14.5,2600.0,1.0,8,False,0.043759683250129175,,False,False,False,load,5-23 20.14/log0003.csv,20.14
14845.359999999999,2481,40,23.92,1.01330108827086,-0.7,0.0,20,14.0,2600.0,1.0,8,False,0.043759683250129175,,False,False,False,load,5-23 20.14/log0003.csv,20.14
14845.4,2479,40,23.92,1.01456526124672,-0.7,0.0,20,14.5,2600.0,1.0,8,False,0.043759683250129175,,False,False,False,load,5-23 20.14/log0003.csv,20.14
14845.439999999999,2464,40,23.92,1.03319805194805,-0.7,0.0,19,14.5,2600.0,1.0,8,False,0.043759683250129175,,False,False,False,load,5-23 20.14/log0003.csv,20.14
14845.48,2492,40,23.53,1.00459516404134,-0.7,0.0,19,14.5,2600.0,1.0,8,False,0.043759683250129175,,False,False,False,load,5-23 20.14/log0003.csv,20.14
14845.519999999999,2487,40,23.14,0.957201728816967,-0.35,0.0,19,15.0,2600.0,1.0,8,False,0.043759683250129175,,False,False,False,load,5-23 20.14/log0003.csv,20.14
14845.56,2480,40,23.14,0.974228675136116,-0.35,0.0,20,14.5,2600.0,1.0,8,False,0.043759683250129175,,False,False,False,load,5-23 20.14/log0003.csv,20.14
14845.599999999999,2497,40,23.14,0.954425310372447,-0.35,0.0,20,15.0,2600.0,1.0,8,False,0.043759683250129175,,False,False,False,load,5-23 20.14/log0003.csv,20.14
14845.64,2508,40,23.14,0.949855448110856,-0.35,0.0,20,15.0,2600.0,1.0,8,False,0.043759683250129175,,False,False,False,load,5-23 20.14/log0003.csv,20.14
14845.679999999998,2499,40,23.14,0.953852311386832,-0.35,0.0,19,15.0,2600.0,1.0,8,False,0.043759683250129175,,False,False,False,load,5-23 20.14/log0003.csv,20.14
14845.72,2512,40,23.14,0.953454111088991,-0.35,0.0,19,15.0,2600.0,1.0,8,False,0.043759683250129175,,False,False,False,load,5-23 20.14/log0003.csv,20.14
14845.759999999998,2519,40,22.75,0.94632790789996,-0.35,0.0,19,15.0,2600.0,1.0,8,False,0.043759683250129175,,False,False,False,load,5-23 20.14/log0003.csv,20.14
14845.8,2508,40,22.75,0.937227150403668,-0.35,0.0,20,15.0,2600.0,1.0,8,False,0.043759683250129175,,False,False,False,load,5-23 20.14/log0003.csv,20.14
14845.839999999998,2527,40,22.75,0.943238698189732,-0.35,0.0,20,15.0,2600.0,1.0,8,False,0.04621019108280273,,False,False,False,load,5-23 20.14/log0003.csv,20.14
