log_date,rom_rev,log_path,mafv_bin,mafgs_bin,sample_count,mean_correction,median_correction,std_co,std_correction
2026-05-11,20.11,logs/5-11 20.11/log0003.csv,1.2201,3.89676,1,-0.78,-0.78,,
2026-05-11,20.11,logs/5-11 20.11/log0003.csv,1.28,3.89676,1,-0.78,-0.78,,
2026-05-11,20.11,logs/5-11 20.11/log0003.csv,1.28,4.399962,1,1.56,1.56,,
2026-05-11,20.11,logs/5-11 20.11/log0003.csv,1.3021,3.89676,1,-10.16,-10.16,,
2026-05-11,20.11,logs/5-11 20.11/log0003.csv,1.3021,4.699582,1,-14.06,-14.06,,
2026-05-11,20.11,logs/5-11 20.11/log0003.csv,1.3628,4.399962,1,0.0,0.0,,
2026-05-11,20.11,logs/5-11 20.11/log0003.csv,1.3628,4.699582,2,-4.69,-4.69,,6.632661607529816
2026-05-11,20.11,logs/5-11 20.11/log0003.csv,1.3948,4.699582,1,-10.94,-10.94,,
2026-05-11,20.11,logs/5-11 20.11/log0003.csv,1.45,5.624956,3,-5.21,-4.69,,5.488506171992521
2026-05-11,20.11,logs/5-11 20.11/log0003.csv,1.45,6.565505,2,-6.64,-6.64,,1.654629867976521
2026-05-11,20.11,logs/5-11 20.11/log0003.csv,1.45,7.731196,1,-5.47,-5.47,,
2026-05-11,20.11,logs/5-11 20.11/log0003.csv,1.4801,6.565505,2,-0.7799999999999998,-0.7799999999999998,,6.632661607529816
2026-05-11,20.11,logs/5-11 20.11/log0003.csv,1.4801,7.731196,9,-3.65,-3.13,,0.8720665112249179
2026-05-11,20.11,logs/5-11 20.11/log0003.csv,1.5473,4.699582,1,0.78,0.78,,
2026-05-11,20.11,logs/5-11 20.11/log0003.csv,1.5473,6.565505,2,-5.47,-5.47,,7.735748186180829
2026-05-11,20.11,logs/5-11 20.11/log0003.csv,1.5473,7.731196,3,-3.1266666666666665,-3.91,,2.81787745179476
2026-05-11,20.11,logs/5-11 20.11/log0003.csv,1.5473,8.044332,11,-3.269090909090909,-3.91,,2.177840464981099
2026-05-11,20.11,logs/5-11 20.11/log0003.csv,1.593,5.624956,1,-4.69,-4.69,,
2026-05-11,20.11,logs/5-11 20.11/log0003.csv,1.593,7.731196,2,-2.7350000000000003,-2.7350000000000003,,9.397449121969215
2026-05-11,20.11,logs/5-11 20.11/log0003.csv,1.593,8.044332,1,-4.69,-4.69,,
2026-05-11,20.11,logs/5-11 20.11/log0003.csv,1.593,9.456532,11,0.2863636363636364,0.0,,4.383478693292059
2026-05-11,20.11,logs/5-11 20.11/log0003.csv,1.593,9.9646,2,2.735,2.735,,0.5586143571373726
2026-05-11,20.11,logs/5-11 20.11/log0003.csv,1.6417,6.225371,1,0.0,0.0,,
2026-05-11,20.11,logs/5-11 20.11/log0003.csv,1.6417,6.565505,1,-10.16,-10.16,,
2026-05-11,20.11,logs/5-11 20.11/log0003.csv,1.6417,7.731196,1,0.0,0.0,,
2026-05-11,20.11,logs/5-11 20.11/log0003.csv,1.6417,8.044332,1,-9.38,-9.38,,
2026-05-11,20.11,logs/5-11 20.11/log0003.csv,1.6417,9.456532,5,-3.596,-3.13,,4.4752798795159165
2026-05-11,20.11,logs/5-11 20.11/log0003.csv,1.6417,9.9646,24,-1.2379166666666666,0.0,,5.2184163674488415
2026-05-11,20.11,logs/5-11 20.11/log0003.csv,1.6417,11.0771,19,2.2205263157894737,2.34,,1.547354278488897
2026-05-11,20.11,logs/5-11 20.11/log0003.csv,1.68,9.456532,1,-8.59,-8.59,,
2026-05-11,20.11,logs/5-11 20.11/log0003.csv,1.68,9.9646,2,-1.565,-1.565,,2.2132442251138937
2026-05-11,20.11,logs/5-11 20.11/log0003.csv,1.68,11.0771,30,-1.614,0.0,,4.056878875058578
2026-05-11,20.11,logs/5-11 20.11/log0003.csv,1.68,12.5195,16,0.879375,0.78,,2.5515314845532804
2026-05-11,20.11,logs/5-11 20.11/log0003.csv,1.7451,11.0771,1,0.0,0.0,,
2026-05-11,20.11,logs/5-11 20.11/log0003.csv,1.7451,12.5195,267,0.9219101123595506,1.56,,4.0383386025173245
2026-05-11,20.11,logs/5-11 20.11/log0003.csv,1.7451,15.00816,30,0.625,0.39,,1.9946060884986443
2026-05-11,20.11,logs/5-11 20.11/log0003.csv,1.81,9.456532,1,-3.91,-3.91,,
2026-05-11,20.11,logs/5-11 20.11/log0003.csv,1.81,12.5195,6,-0.52,0.0,,0.9446269104784174
2026-05-11,20.11,logs/5-11 20.11/log0003.csv,1.81,15.00816,124,-2.6406451612903226,-1.17,,5.56918112851176
2026-05-11,20.11,logs/5-11 20.11/log0003.csv,1.81,15.6572,120,-1.4462499999999998,-2.34,,2.90789278364531
2026-05-11,20.11,logs/5-11 20.11/log0003.csv,1.85,12.5195,1,-4.69,-4.69,,
2026-05-11,20.11,logs/5-11 20.11/log0003.csv,1.85,15.00816,8,-6.64125,-5.86,,4.650749363581867
2026-05-11,20.11,logs/5-11 20.11/log0003.csv,1.85,15.6572,187,-1.3621925133689838,0.0,,5.251144166704391
2026-05-11,20.11,logs/5-11 20.11/log0003.csv,1.85,17.54912,159,-0.3488679245283019,0.0,,3.139714165239837
2026-05-11,20.11,logs/5-11 20.11/log0003.csv,1.91,15.6572,3,-1.8233333333333333,0.0,,3.158105972467253
2026-05-11,20.11,logs/5-11 20.11/log0003.csv,1.91,17.54912,192,0.4066666666666667,0.78,,3.109892059427698
2026-05-11,20.11,logs/5-11 20.11/log0003.csv,1.91,20.13153,89,0.5875280898876405,0.78,,2.449332135732884
2026-05-11,20.11,logs/5-11 20.11/log0003.csv,1.9888,17.54912,2,-2.345,-2.345,,4.419417382415922
2026-05-11,20.11,logs/5-11 20.11/log0003.csv,1.9888,20.13153,217,0.9529953917050692,0.78,,2.4600829489509914
2026-05-11,20.11,logs/5-11 20.11/log0003.csv,1.9888,22.0675,48,1.6116666666666666,1.56,,1.678566173006927
2026-05-11,20.11,logs/5-11 20.11/log0003.csv,1.9888,24.28007,1,-7.03,-7.03,,
2026-05-11,20.11,logs/5-11 20.11/log0003.csv,2.05,11.0771,1,-4.69,-4.69,,
2026-05-11,20.11,logs/5-11 20.11/log0003.csv,2.05,12.5195,1,0.0,0.0,,
2026-05-11,20.11,logs/5-11 20.11/log0003.csv,2.05,15.6572,1,3.91,3.91,,
2026-05-11,20.11,logs/5-11 20.11/log0003.csv,2.05,20.13153,6,-1.0433333333333334,0.0,,3.718304273007612
2026-05-11,20.11,logs/5-11 20.11/log0003.csv,2.05,22.0675,209,1.5175598086124402,0.78,,3.308698802677332
2026-05-11,20.11,logs/5-11 20.11/log0003.csv,2.05,24.28007,77,1.4716883116883115,0.78,,4.699061049154114
2026-05-11,20.11,logs/5-11 20.11/log0003.csv,2.1152,17.54912,1,6.25,6.25,,
2026-05-11,20.11,logs/5-11 20.11/log0003.csv,2.1152,20.13153,1,-4.69,-4.69,,
2026-05-11,20.11,logs/5-11 20.11/log0003.csv,2.1152,24.28007,93,1.285483870967742,0.78,,3.516613525429973
2026-05-11,20.11,logs/5-11 20.11/log0003.csv,2.1152,27.4473,48,1.3516666666666666,1.17,,3.723746302424844
2026-05-11,20.11,logs/5-11 20.11/log0003.csv,2.1682,11.0771,1,3.91,3.91,,
2026-05-11,20.11,logs/5-11 20.11/log0003.csv,2.1682,24.28007,2,1.955,1.955,,2.764787514439401
2026-05-11,20.11,logs/5-11 20.11/log0003.csv,2.1682,27.4473,85,0.0823529411764705,0.78,,4.2491213789437925
2026-05-11,20.11,logs/5-11 20.11/log0003.csv,2.1682,30.91469,40,0.431,1.56,,4.034642169498731
2026-05-11,20.11,logs/5-11 20.11/log0003.csv,2.253,15.6572,1,0.0,0.0,,
2026-05-11,20.11,logs/5-11 20.11/log0003.csv,2.253,27.4473,4,1.17,1.95,,8.034168697921812
2026-05-11,20.11,logs/5-11 20.11/log0003.csv,2.253,30.91469,221,0.9802714932126696,1.56,,3.4721040148003577
2026-05-11,20.11,logs/5-11 20.11/log0003.csv,2.253,33.73144,33,-0.213030303030303,-0.78,,3.70875693869294
2026-05-11,20.11,logs/5-11 20.11/log0003.csv,2.2849,17.54912,1,1.56,1.56,,
2026-05-11,20.11,logs/5-11 20.11/log0003.csv,2.2849,22.0675,1,-2.34,-2.34,,
2026-05-11,20.11,logs/5-11 20.11/log0003.csv,2.2849,27.4473,1,0.0,0.0,,
2026-05-11,20.11,logs/5-11 20.11/log0003.csv,2.2849,30.91469,4,-2.5375,-1.56,,5.578257643147485
2026-05-11,20.11,logs/5-11 20.11/log0003.csv,2.2849,33.73144,199,0.0591959798994974,0.0,,3.1174326326279536
2026-05-11,20.11,logs/5-11 20.11/log0003.csv,2.2849,37.57346,58,0.2698275862068965,0.0,,2.512387898436089
2026-05-11,20.11,logs/5-11 20.11/log0003.csv,2.3877,20.13153,2,0.7799999999999998,0.7799999999999998,,6.632661607529816
2026-05-11,20.11,logs/5-11 20.11/log0003.csv,2.3877,24.28007,1,0.78,0.78,,
2026-05-11,20.11,logs/5-11 20.11/log0003.csv,2.3877,33.73144,6,0.9133333333333334,1.565,,6.619512570172118
2026-05-11,20.11,logs/5-11 20.11/log0003.csv,2.3877,37.57346,351,0.93997150997151,0.78,,3.0913334615687407
2026-05-11,20.11,logs/5-11 20.11/log0003.csv,2.3877,42.21833,3,-0.26,0.0,,3.527194352456354
2026-05-11,20.11,logs/5-11 20.11/log0003.csv,2.3877,47.37292,1,5.47,5.47,,
2026-05-11,20.11,logs/5-11 20.11/log0003.csv,2.449,17.54912,1,-8.59,-8.59,,
2026-05-11,20.11,logs/5-11 20.11/log0003.csv,2.449,33.73144,1,3.91,3.91,,
2026-05-11,20.11,logs/5-11 20.11/log0003.csv,2.449,37.57346,19,-0.6173684210526316,0.78,,3.42177316298836
2026-05-11,20.11,logs/5-11 20.11/log0003.csv,2.449,42.21833,246,-0.6514227642276422,-1.56,,3.899267540863896
2026-05-11,20.11,logs/5-11 20.11/log0003.csv,2.449,47.37292,8,2.6375,3.91,,4.398599614812488
2026-05-11,20.11,logs/5-11 20.11/log0003.csv,2.5482,24.28007,1,0.0,0.0,,
2026-05-11,20.11,logs/5-11 20.11/log0003.csv,2.5482,37.57346,1,-3.91,-3.91,,
2026-05-11,20.11,logs/5-11 20.11/log0003.csv,2.5482,42.21833,11,-0.1418181818181818,-0.78,,3.237498473148113
2026-05-11,20.11,logs/5-11 20.11/log0003.csv,2.5482,47.37292,145,-0.409448275862069,-0.78,,3.2652496457456577
2026-05-11,20.11,logs/5-11 20.11/log0003.csv,2.5482,50.52607,31,0.1509677419354839,-0.78,,4.101704812098427
2026-05-11,20.11,logs/5-11 20.11/log0003.csv,2.5482,58.53896,1,0.0,0.0,,
2026-05-11,20.11,logs/5-11 20.11/log0003.csv,2.62,42.21833,1,2.34,2.34,,
2026-05-11,20.11,logs/5-11 20.11/log0003.csv,2.62,50.52607,92,-0.9682608695652174,-0.78,,3.67813426446928
2026-05-11,20.11,logs/5-11 20.11/log0003.csv,2.62,58.53896,1,-0.78,-0.78,,
2026-05-11,20.11,logs/5-11 20.11/log0003.csv,2.7327,42.21833,1,0.0,0.0,,
2026-05-11,20.11,logs/5-11 20.11/log0003.csv,2.7327,47.37292,1,0.0,0.0,,
2026-05-11,20.11,logs/5-11 20.11/log0003.csv,2.7327,50.52607,4,0.1975,-0.78,,1.955
2026-05-11,20.11,logs/5-11 20.11/log0003.csv,2.7327,58.53896,63,-0.6685714285714286,-0.78,,1.2216935061796288
2026-05-11,20.11,logs/5-11 20.11/log0003.csv,2.7327,67.17062,1,-0.78,-0.78,,
2026-05-11,20.11,logs/5-11 20.11/log0003.csv,2.8274,58.53896,1,0.0,0.0,,
2026-05-11,20.11,logs/5-11 20.11/log0003.csv,2.8274,67.17062,17,-0.78,-0.78,,0.0
2026-05-11,20.11,logs/5-11 20.11/log0003.csv,2.9125,72.78947,7,-0.5571428571428572,-0.78,,0.380601028449928
2026-05-11,20.11,logs/5-11 20.11/log0003.csv,2.99,84.14777,3,-0.7799999999999999,-0.78,,0.0
2026-05-11,20.11,logs/5-11 20.11/log0003.csv,3.0654,89.23958,5,-0.78,-0.78,,0.0
2026-05-11,20.11,logs/5-11 20.11/log0003.csv,3.1508,103.6679,6,-0.7799999999999999,-0.78,,0.0
2026-05-11,20.11,logs/5-11 20.11/log0003.csv,3.26,112.0047,5,-0.78,-0.78,,0.0
2026-05-11,20.11,logs/5-11 20.11/log0003.csv,3.26,135.7898,1,-0.78,-0.78,,
2026-05-11,20.11,logs/5-11 20.11/log0003.csv,3.408,135.7898,3,-0.7799999999999999,-0.78,,0.0
2026-05-17,20.12,logs/5-17 20.12/log0002.csv,1.2201,3.89676,8,-3.4175,-4.69,,3.468934583248457
2026-05-17,20.12,logs/5-17 20.12/log0002.csv,1.28,3.89676,2,0.0,0.0,,2.2061731573020285
2026-05-17,20.12,logs/5-17 20.12/log0002.csv,1.28,4.399962,10,0.391,-0.78,,3.954295695119985
2026-05-17,20.12,logs/5-17 20.12/log0002.csv,1.3021,4.399962,11,0.2127272727272727,-0.78,,4.166521548988055
2026-05-17,20.12,logs/5-17 20.12/log0002.csv,1.3021,4.699582,3,0.2633333333333333,0.0,,2.744491452588864
2026-05-17,20.12,logs/5-17 20.12/log0002.csv,1.3021,5.624956,1,-3.13,-3.13,,
2026-05-17,20.12,logs/5-17 20.12/log0002.csv,1.3628,4.699582,6,-2.735,-3.91,,3.6246917110286767
2026-05-17,20.12,logs/5-17 20.12/log0002.csv,1.3628,5.624956,8,-0.975,-0.39,,3.728370000032569
2026-05-17,20.12,logs/5-17 20.12/log0002.csv,1.3948,3.89676,2,-1.5650000000000002,-1.5650000000000002,,4.419417382415922
2026-05-17,20.12,logs/5-17 20.12/log0002.csv,1.3948,4.399962,1,-2.34,-2.34,,
2026-05-17,20.12,logs/5-17 20.12/log0002.csv,1.3948,4.699582,3,-2.8633333333333333,-2.34,,1.629304555119556
2026-05-17,20.12,logs/5-17 20.12/log0002.csv,1.3948,5.624956,14,-1.5621428571428573,-0.78,,5.925950983170976
2026-05-17,20.12,logs/5-17 20.12/log0002.csv,1.3948,6.225371,22,-1.2068181818181818,-0.39,,3.5093024491561966
2026-05-17,20.12,logs/5-17 20.12/log0002.csv,1.3948,6.565505,1,4.69,4.69,,
2026-05-17,20.12,logs/5-17 20.12/log0002.csv,1.45,4.399962,5,-4.218,-4.69,,2.56851513524838
2026-05-17,20.12,logs/5-17 20.12/log0002.csv,1.45,4.699582,4,-2.54,-2.345,,2.334166517910265
2026-05-17,20.12,logs/5-17 20.12/log0002.csv,1.45,5.624956,3,-0.7800000000000002,-1.56,,4.352734772530943
2026-05-17,20.12,logs/5-17 20.12/log0002.csv,1.45,6.225371,22,-0.5677272727272726,0.0,,2.6328636081690178
2026-05-17,20.12,logs/5-17 20.12/log0002.csv,1.45,6.565505,21,-0.4838095238095239,-1.56,,4.417293827888832
2026-05-17,20.12,logs/5-17 20.12/log0002.csv,1.45,7.731196,4,-0.9775,-0.78,,2.9486310382955683
2026-05-17,20.12,logs/5-17 20.12/log0002.csv,1.4801,4.699582,1,-1.56,-1.56,,
2026-05-17,20.12,logs/5-17 20.12/log0002.csv,1.4801,5.624956,3,-1.82,-2.34,,0.9006664199358161
2026-05-17,20.12,logs/5-17 20.12/log0002.csv,1.4801,6.225371,2,4.295,4.295,,2.764787514439401
2026-05-17,20.12,logs/5-17 20.12/log0002.csv,1.4801,6.565505,20,-0.7015,-1.17,,3.9104250341067046
2026-05-17,20.12,logs/5-17 20.12/log0002.csv,1.4801,7.731196,44,-2.574772727272727,-3.13,,3.924375517577265
2026-05-17,20.12,logs/5-17 20.12/log0002.csv,1.4801,8.044332,5,2.97,3.13,,2.023425313669867
2026-05-17,20.12,logs/5-17 20.12/log0002.csv,1.5473,5.624956,1,-6.25,-6.25,,
2026-05-17,20.12,logs/5-17 20.12/log0002.csv,1.5473,6.225371,2,-1.56,-1.56,,1.103086578651014
2026-05-17,20.12,logs/5-17 20.12/log0002.csv,1.5473,6.565505,13,0.36,0.0,,3.64464447283042
2026-05-17,20.12,logs/5-17 20.12/log0002.csv,1.5473,7.731196,118,-0.0070338983050847,0.0,,3.3967227315576407
2026-05-17,20.12,logs/5-17 20.12/log0002.csv,1.5473,8.044332,156,1.5633333333333332,1.56,,2.923994248556484
2026-05-17,20.12,logs/5-17 20.12/log0002.csv,1.5473,9.456532,27,0.7822222222222223,0.78,,3.8889916958327913
2026-05-17,20.12,logs/5-17 20.12/log0002.csv,1.593,4.699582,1,3.91,3.91,,
2026-05-17,20.12,logs/5-17 20.12/log0002.csv,1.593,6.565505,3,-0.5199999999999999,0.0,,4.711570863310876
2026-05-17,20.12,logs/5-17 20.12/log0002.csv,1.593,7.731196,2,0.0,0.0,,0.0
2026-05-17,20.12,logs/5-17 20.12/log0002.csv,1.593,8.044332,63,0.4712698412698413,0.0,,3.005991593180083
2026-05-17,20.12,logs/5-17 20.12/log0002.csv,1.593,9.456532,377,0.6012732095490716,0.78,,5.53590581222804
2026-05-17,20.12,logs/5-17 20.12/log0002.csv,1.593,9.9646,309,1.4788349514563106,1.56,,2.297207353563874
2026-05-17,20.12,logs/5-17 20.12/log0002.csv,1.593,11.0771,1,-6.25,-6.25,,
2026-05-17,20.12,logs/5-17 20.12/log0002.csv,1.6417,5.624956,2,0.7799999999999998,0.7799999999999998,,7.73574818618083
2026-05-17,20.12,logs/5-17 20.12/log0002.csv,1.6417,6.225371,2,-1.17,-1.17,,0.5515432893255071
2026-05-17,20.12,logs/5-17 20.12/log0002.csv,1.6417,6.565505,4,-1.5625,-1.56,,3.2514035430872
2026-05-17,20.12,logs/5-17 20.12/log0002.csv,1.6417,7.731196,1,-2.34,-2.34,,
2026-05-17,20.12,logs/5-17 20.12/log0002.csv,1.6417,8.044332,8,1.46625,1.565,,4.247261092246895
2026-05-17,20.12,logs/5-17 20.12/log0002.csv,1.6417,9.456532,103,-0.2047572815533981,0.0,,4.549413848187349
2026-05-17,20.12,logs/5-17 20.12/log0002.csv,1.6417,9.9646,637,1.3307378335949764,0.78,,3.971971761590381
2026-05-17,20.12,logs/5-17 20.12/log0002.csv,1.6417,11.0771,784,1.570267857142857,1.56,,3.115161712529661
2026-05-17,20.12,logs/5-17 20.12/log0002.csv,1.6417,12.5195,16,1.1725,1.56,,3.229746120053401
2026-05-17,20.12,logs/5-17 20.12/log0002.csv,1.6417,15.00816,1,-4.69,-4.69,,
2026-05-17,20.12,logs/5-17 20.12/log0002.csv,1.68,4.699582,1,-3.13,-3.13,,
2026-05-17,20.12,logs/5-17 20.12/log0002.csv,1.68,6.565505,3,-1.04,-1.56,,1.6236994795835835
2026-05-17,20.12,logs/5-17 20.12/log0002.csv,1.68,7.731196,2,-2.7350000000000003,-2.7350000000000003,,2.764787514439401
2026-05-17,20.12,logs/5-17 20.12/log0002.csv,1.68,8.044332,3,-0.5199999999999999,0.78,,5.967168507759774
2026-05-17,20.12,logs/5-17 20.12/log0002.csv,1.68,9.456532,2,-2.7350000000000003,-2.7350000000000003,,2.764787514439401
2026-05-17,20.12,logs/5-17 20.12/log0002.csv,1.68,9.9646,31,0.8825806451612903,0.0,,2.6048096126741336
2026-05-17,20.12,logs/5-17 20.12/log0002.csv,1.68,11.0771,498,2.3924698795180723,1.56,,4.325096261370038
2026-05-17,20.12,logs/5-17 20.12/log0002.csv,1.68,12.5195,842,1.8341923990498807,1.56,,2.953144055195889
2026-05-17,20.12,logs/5-17 20.12/log0002.csv,1.68,17.54912,2,1.56,1.56,,7.73574818618083
2026-05-17,20.12,logs/5-17 20.12/log0002.csv,1.7451,6.565505,1,-2.34,-2.34,,
2026-05-17,20.12,logs/5-17 20.12/log0002.csv,1.7451,8.044332,3,-4.426666666666667,-5.47,,3.2530037401351586
2026-05-17,20.12,logs/5-17 20.12/log0002.csv,1.7451,9.456532,3,-2.086666666666667,-3.91,,3.8533924447599848
2026-05-17,20.12,logs/5-17 20.12/log0002.csv,1.7451,9.9646,2,2.345,2.345,,3.316330803764908
2026-05-17,20.12,logs/5-17 20.12/log0002.csv,1.7451,11.0771,86,1.6537209302325582,0.78,,4.235778155195023
2026-05-17,20.12,logs/5-17 20.12/log0002.csv,1.7451,12.5195,2222,2.407992799279928,2.34,,4.001272256466293
2026-05-17,20.12,logs/5-17 20.12/log0002.csv,1.7451,15.00816,338,2.020414201183432,1.56,,3.953792883574862
2026-05-17,20.12,logs/5-17 20.12/log0002.csv,1.7451,15.6572,1,0.78,0.78,,
2026-05-17,20.12,logs/5-17 20.12/log0002.csv,1.81,5.624956,1,-3.91,-3.91,,
2026-05-17,20.12,logs/5-17 20.12/log0002.csv,1.81,7.731196,1,-4.69,-4.69,,
2026-05-17,20.12,logs/5-17 20.12/log0002.csv,1.81,8.044332,1,0.78,0.78,,
2026-05-17,20.12,logs/5-17 20.12/log0002.csv,1.81,9.456532,5,-0.624,-1.56,,3.096922666131656
2026-05-17,20.12,logs/5-17 20.12/log0002.csv,1.81,9.9646,3,0.26,0.78,,2.3829393613770367
2026-05-17,20.12,logs/5-17 20.12/log0002.csv,1.81,11.0771,5,0.1539999999999999,0.0,,2.304230891208604
2026-05-17,20.12,logs/5-17 20.12/log0002.csv,1.81,12.5195,162,1.0422839506172838,0.0,,5.361104835920335
2026-05-17,20.12,logs/5-17 20.12/log0002.csv,1.81,15.00816,1658,2.3676236429433053,1.56,,4.249663910680894
2026-05-17,20.12,logs/5-17 20.12/log0002.csv,1.81,15.6572,1124,2.6136743772241995,2.34,,3.842877479698428
2026-05-17,20.12,logs/5-17 20.12/log0002.csv,1.81,17.54912,5,-2.814,-3.91,,3.056228067405965
2026-05-17,20.12,logs/5-17 20.12/log0002.csv,1.81,24.28007,1,5.47,5.47,,
2026-05-17,20.12,logs/5-17 20.12/log0002.csv,1.85,5.624956,1,-7.03,-7.03,,
2026-05-17,20.12,logs/5-17 20.12/log0002.csv,1.85,6.225371,1,7.81,7.81,,
2026-05-17,20.12,logs/5-17 20.12/log0002.csv,1.85,6.565505,1,-7.03,-7.03,,
2026-05-17,20.12,logs/5-17 20.12/log0002.csv,1.85,8.044332,2,-1.95,-1.95,,0.5515432893255069
2026-05-17,20.12,logs/5-17 20.12/log0002.csv,1.85,9.456532,1,-4.69,-4.69,,
2026-05-17,20.12,logs/5-17 20.12/log0002.csv,1.85,9.9646,1,-0.78,-0.78,,
2026-05-17,20.12,logs/5-17 20.12/log0002.csv,1.85,11.0771,1,-2.34,-2.34,,
2026-05-17,20.12,logs/5-17 20.12/log0002.csv,1.85,12.5195,9,-1.3888888888888888,-0.78,,1.5525579252031505
2026-05-17,20.12,logs/5-17 20.12/log0002.csv,1.85,15.00816,69,0.6230434782608696,0.0,,3.9984413523374127
2026-05-17,20.12,logs/5-17 20.12/log0002.csv,1.85,15.6572,2291,2.602405063291139,2.34,,4.626717240414812
2026-05-17,20.12,logs/5-17 20.12/log0002.csv,1.85,17.54912,2285,2.845133479212254,2.34,,4.4002479274745205
2026-05-17,20.12,logs/5-17 20.12/log0002.csv,1.85,20.13153,4,-4.8825,-4.69,,2.94819012277024
2026-05-17,20.12,logs/5-17 20.12/log0002.csv,1.85,22.0675,3,-3.126666666666667,-3.91,,1.3567731325956207
2026-05-17,20.12,logs/5-17 20.12/log0002.csv,1.91,6.565505,1,-0.78,-0.78,,
2026-05-17,20.12,logs/5-17 20.12/log0002.csv,1.91,8.044332,1,-1.56,-1.56,,
2026-05-17,20.12,logs/5-17 20.12/log0002.csv,1.91,9.9646,1,0.78,0.78,,
2026-05-17,20.12,logs/5-17 20.12/log0002.csv,1.91,11.0771,1,-1.56,-1.56,,
2026-05-17,20.12,logs/5-17 20.12/log0002.csv,1.91,12.5195,7,-0.6700000000000002,-0.78,,3.7042858061080186
2026-05-17,20.12,logs/5-17 20.12/log0002.csv,1.91,15.00816,7,-1.6742857142857144,0.0,,2.230290393221304
2026-05-17,20.12,logs/5-17 20.12/log0002.csv,1.91,15.6572,13,-0.6615384615384615,0.0,,4.347544989519652
2026-05-17,20.12,logs/5-17 20.12/log0002.csv,1.91,17.54912,2727,3.114187752108544,2.34,,4.742565126842693
2026-05-17,20.12,logs/5-17 20.12/log0002.csv,1.91,20.13153,1552,2.940496134020618,2.34,,4.566506375316591
2026-05-17,20.12,logs/5-17 20.12/log0002.csv,1.91,22.0675,2,-4.295,-4.295,,3.867874093090415
2026-05-17,20.12,logs/5-17 20.12/log0002.csv,1.9888,7.731196,1,-6.25,-6.25,,
2026-05-17,20.12,logs/5-17 20.12/log0002.csv,1.9888,11.0771,1,-2.34,-2.34,,
2026-05-17,20.12,logs/5-17 20.12/log0002.csv,1.9888,12.5195,3,-0.7799999999999999,-0.78,,0.78
2026-05-17,20.12,logs/5-17 20.12/log0002.csv,1.9888,15.00816,1,-3.91,-3.91,,
2026-05-17,20.12,logs/5-17 20.12/log0002.csv,1.9888,15.6572,4,-1.955,-3.91,,5.616342226040006
2026-05-17,20.12,logs/5-17 20.12/log0002.csv,1.9888,17.54912,47,1.8955319148936167,0.78,,5.48092693228096
2026-05-17,20.12,logs/5-17 20.12/log0002.csv,1.9888,20.13153,4022,2.5164495275982097,2.34,,5.137048357686559
2026-05-17,20.12,logs/5-17 20.12/log0002.csv,1.9888,22.0675,927,1.6912513484358145,1.56,,4.718552893949336
2026-05-17,20.12,logs/5-17 20.12/log0002.csv,1.9888,24.28007,7,-4.575714285714286,-5.47,,1.9377294027018424
2026-05-17,20.12,logs/5-17 20.12/log0002.csv,1.9888,27.4473,1,-3.91,-3.91,,
2026-05-17,20.12,logs/5-17 20.12/log0002.csv,1.9888,30.91469,1,-4.69,-4.69,,
2026-05-17,20.12,logs/5-17 20.12/log0002.csv,2.05,8.044332,2,0.3899999999999997,0.3899999999999997,,7.184204896855323
2026-05-17,20.12,logs/5-17 20.12/log0002.csv,2.05,9.456532,1,-1.56,-1.56,,
2026-05-17,20.12,logs/5-17 20.12/log0002.csv,2.05,12.5195,1,3.91,3.91,,
2026-05-17,20.12,logs/5-17 20.12/log0002.csv,2.05,15.00816,1,-6.25,-6.25,,
2026-05-17,20.12,logs/5-17 20.12/log0002.csv,2.05,15.6572,2,-1.17,-1.17,,1.654629867976521
2026-05-17,20.12,logs/5-17 20.12/log0002.csv,2.05,17.54912,4,0.9775,0.0,,2.5819420984987254
2026-05-17,20.12,logs/5-17 20.12/log0002.csv,2.05,20.13153,198,1.6177777777777778,0.39,,6.002109790749777
2026-05-17,20.12,logs/5-17 20.12/log0002.csv,2.05,22.0675,4355,2.052411021814007,1.56,,5.146984482338281
2026-05-17,20.12,logs/5-17 20.12/log0002.csv,2.05,24.28007,2064,2.079588178294574,1.56,,4.660779724915562
2026-05-17,20.12,logs/5-17 20.12/log0002.csv,2.05,27.4473,5,-1.25,-2.34,,5.648951230095724
2026-05-17,20.12,logs/5-17 20.12/log0002.csv,2.05,30.91469,2,-12.11,-12.11,,9.39037805415735
2026-05-17,20.12,logs/5-17 20.12/log0002.csv,2.05,33.73144,1,-7.81,-7.81,,
2026-05-17,20.12,logs/5-17 20.12/log0002.csv,2.1152,15.00816,3,-3.3866666666666667,-4.69,,2.257439552531437
2026-05-17,20.12,logs/5-17 20.12/log0002.csv,2.1152,17.54912,2,-0.3899999999999999,-0.3899999999999999,,2.7577164466275352
2026-05-17,20.12,logs/5-17 20.12/log0002.csv,2.1152,20.13153,3,1.5633333333333337,0.78,,2.817877451794761
2026-05-17,20.12,logs/5-17 20.12/log0002.csv,2.1152,22.0675,32,1.3178125,0.78,,5.582761332238906
2026-05-17,20.12,logs/5-17 20.12/log0002.csv,2.1152,24.28007,2640,2.6159166666666667,2.34,,4.960257612492649
2026-05-17,20.12,logs/5-17 20.12/log0002.csv,2.1152,27.4473,1421,1.815482054890922,1.56,,4.88261565455807
2026-05-17,20.12,logs/5-17 20.12/log0002.csv,2.1152,30.91469,6,-2.733333333333333,-2.7350000000000003,,4.860043895549366
2026-05-17,20.12,logs/5-17 20.12/log0002.csv,2.1152,33.73144,1,-0.78,-0.78,,
2026-05-17,20.12,logs/5-17 20.12/log0002.csv,2.1152,37.57346,1,-3.13,-3.13,,
2026-05-17,20.12,logs/5-17 20.12/log0002.csv,2.1682,8.044332,1,-6.25,-6.25,,
2026-05-17,20.12,logs/5-17 20.12/log0002.csv,2.1682,15.00816,2,1.17,1.17,,7.184204896855323
2026-05-17,20.12,logs/5-17 20.12/log0002.csv,2.1682,17.54912,1,-2.34,-2.34,,
2026-05-17,20.12,logs/5-17 20.12/log0002.csv,2.1682,22.0675,2,-1.95,-1.95,,0.5515432893255069
2026-05-17,20.12,logs/5-17 20.12/log0002.csv,2.1682,24.28007,49,3.428367346938776,3.13,,5.143243685870318
2026-05-17,20.12,logs/5-17 20.12/log0002.csv,2.1682,27.4473,3712,2.119663254310345,1.56,,5.086725923374273
2026-05-17,20.12,logs/5-17 20.12/log0002.csv,2.1682,30.91469,1227,2.098264058679707,1.56,,4.828473460247788
2026-05-17,20.12,logs/5-17 20.12/log0002.csv,2.1682,33.73144,5,-3.594,-4.69,,2.383763830583894
2026-05-17,20.12,logs/5-17 20.12/log0002.csv,2.1682,37.57346,2,-2.735,-2.735,,13.809795436573271
2026-05-17,20.12,logs/5-17 20.12/log0002.csv,2.253,6.565505,1,-5.47,-5.47,,
2026-05-17,20.12,logs/5-17 20.12/log0002.csv,2.253,12.5195,1,6.25,6.25,,
2026-05-17,20.12,logs/5-17 20.12/log0002.csv,2.253,15.00816,1,0.0,0.0,,
2026-05-17,20.12,logs/5-17 20.12/log0002.csv,2.253,20.13153,1,-3.91,-3.91,,
2026-05-17,20.12,logs/5-17 20.12/log0002.csv,2.253,24.28007,5,-4.062,-4.69,,3.5539513221202115
2026-05-17,20.12,logs/5-17 20.12/log0002.csv,2.253,27.4473,75,3.260666666666667,2.34,,6.028991519212707
2026-05-17,20.12,logs/5-17 20.12/log0002.csv,2.253,30.91469,4912,2.0243526058631924,1.56,,5.147622505490087
2026-05-17,20.12,logs/5-17 20.12/log0002.csv,2.253,33.73144,812,1.4700000000000002,1.56,,4.790861857392826
2026-05-17,20.12,logs/5-17 20.12/log0002.csv,2.253,37.57346,3,-3.646666666666667,-4.69,,4.008170821376421
2026-05-17,20.12,logs/5-17 20.12/log0002.csv,2.2849,12.5195,2,-1.95,-1.95,,0.5515432893255069
2026-05-17,20.12,logs/5-17 20.12/log0002.csv,2.2849,15.00816,1,-1.56,-1.56,,
2026-05-17,20.12,logs/5-17 20.12/log0002.csv,2.2849,17.54912,1,-6.25,-6.25,,
2026-05-17,20.12,logs/5-17 20.12/log0002.csv,2.2849,20.13153,2,-1.56,-1.56,,0.0
2026-05-17,20.12,logs/5-17 20.12/log0002.csv,2.2849,22.0675,1,-4.69,-4.69,,
2026-05-17,20.12,logs/5-17 20.12/log0002.csv,2.2849,24.28007,1,-9.38,-9.38,,
2026-05-17,20.12,logs/5-17 20.12/log0002.csv,2.2849,27.4473,4,-2.3425,-1.95,,1.689622738956836
2026-05-17,20.12,logs/5-17 20.12/log0002.csv,2.2849,30.91469,173,2.551965317919075,3.13,,5.699292046912447
2026-05-17,20.12,logs/5-17 20.12/log0002.csv,2.2849,33.73144,6380,1.8122021943573667,1.56,,4.940082572872833
2026-05-17,20.12,logs/5-17 20.12/log0002.csv,2.2849,37.57346,1523,1.8627839789888376,1.56,,4.656291774080242
2026-05-17,20.12,logs/5-17 20.12/log0002.csv,2.3877,12.5195,2,-5.470000000000001,-5.470000000000001,,2.2061731573020285
2026-05-17,20.12,logs/5-17 20.12/log0002.csv,2.3877,15.00816,2,-2.735,-2.735,,4.9709606717414285
2026-05-17,20.12,logs/5-17 20.12/log0002.csv,2.3877,20.13153,1,-4.69,-4.69,,
2026-05-17,20.12,logs/5-17 20.12/log0002.csv,2.3877,27.4473,2,-3.125,-3.125,,1.1101576464628795
2026-05-17,20.12,logs/5-17 20.12/log0002.csv,2.3877,30.91469,4,-1.5625000000000002,-0.39,,7.46689750387223
2026-05-17,20.12,logs/5-17 20.12/log0002.csv,2.3877,33.73144,113,1.1756637168141597,0.0,,5.578580988942405
2026-05-17,20.12,logs/5-17 20.12/log0002.csv,2.3877,37.57346,10962,2.1905582922824305,1.56,,4.786100667631011
2026-05-17,20.12,logs/5-17 20.12/log0002.csv,2.3877,42.21833,345,2.203855072463768,1.56,,4.700690935344785
2026-05-17,20.12,logs/5-17 20.12/log0002.csv,2.449,15.6572,1,7.81,7.81,,
2026-05-17,20.12,logs/5-17 20.12/log0002.csv,2.449,27.4473,1,6.25,6.25,,
2026-05-17,20.12,logs/5-17 20.12/log0002.csv,2.449,30.91469,1,-3.13,-3.13,,
2026-05-17,20.12,logs/5-17 20.12/log0002.csv,2.449,37.57346,579,3.096856649395509,2.34,,5.175891023555225
2026-05-17,20.12,logs/5-17 20.12/log0002.csv,2.449,42.21833,10671,1.9523709118170745,1.56,,4.663687398555591
2026-05-17,20.12,logs/5-17 20.12/log0002.csv,2.449,47.37292,404,1.9378465346534648,1.56,,4.574390636304636
2026-05-17,20.12,logs/5-17 20.12/log0002.csv,2.5482,27.4473,2,-0.39,-0.39,,1.6546298679765212
2026-05-17,20.12,logs/5-17 20.12/log0002.csv,2.5482,33.73144,1,0.0,0.0,,
2026-05-17,20.12,logs/5-17 20.12/log0002.csv,2.5482,37.57346,2,1.56,1.56,,6.632661607529816
2026-05-17,20.12,logs/5-17 20.12/log0002.csv,2.5482,42.21833,538,2.5880297397769514,2.34,,4.618797539454755
2026-05-17,20.12,logs/5-17 20.12/log0002.csv,2.5482,47.37292,12554,2.7139198661781108,2.34,,4.2600662855991045
2026-05-17,20.12,logs/5-17 20.12/log0002.csv,2.5482,50.52607,2271,3.180541611624835,2.34,,4.55497280821962
2026-05-17,20.12,logs/5-17 20.12/log0002.csv,2.62,42.21833,4,-0.195,0.0,,0.3899999999999999
2026-05-17,20.12,logs/5-17 20.12/log0002.csv,2.62,47.37292,19,2.014210526315789,0.78,,2.7224117489818016
2026-05-17,20.12,logs/5-17 20.12/log0002.csv,2.62,50.52607,9703,2.507698649902092,1.56,,4.5367115254040895
2026-05-17,20.12,logs/5-17 20.12/log0002.csv,2.62,58.53896,117,1.916239316239316,0.78,,3.91841622793412
2026-05-17,20.12,logs/5-17 20.12/log0002.csv,2.7327,37.57346,1,3.91,3.91,,
2026-05-17,20.12,logs/5-17 20.12/log0002.csv,2.7327,42.21833,1,-0.78,-0.78,,
2026-05-17,20.12,logs/5-17 20.12/log0002.csv,2.7327,47.37292,1,-0.78,-0.78,,
2026-05-17,20.12,logs/5-17 20.12/log0002.csv,2.7327,50.52607,619,1.7795476575121163,0.78,,3.737611526697902
2026-05-17,20.12,logs/5-17 20.12/log0002.csv,2.7327,58.53896,5925,1.020617721518987,0.78,,2.4611540505399905
2026-05-17,20.12,logs/5-17 20.12/log0002.csv,2.7327,67.17062,287,0.3342857142857143,0.0,,0.418382786266543
2026-05-17,20.12,logs/5-17 20.12/log0002.csv,2.7327,72.78947,1,8.59,8.59,,
2026-05-17,20.12,logs/5-17 20.12/log0002.csv,2.8274,47.37292,2,-4.300000000000001,-4.300000000000001,,7.184204896855324
2026-05-17,20.12,logs/5-17 20.12/log0002.csv,2.8274,58.53896,7,0.2228571428571428,0.0,,0.380601028449928
2026-05-17,20.12,logs/5-17 20.12/log0002.csv,2.8274,67.17062,1247,0.3352846832397755,0.0,,0.5342114949138722
2026-05-17,20.12,logs/5-17 20.12/log0002.csv,2.8274,72.78947,13,0.0592307692307692,0.78,,1.4778726915088771
2026-05-17,20.12,logs/5-17 20.12/log0002.csv,2.9125,67.17062,39,0.54,0.78,,0.364706082093224
2026-05-17,20.12,logs/5-17 20.12/log0002.csv,2.9125,72.78947,423,0.4443498817966903,0.78,,0.4891752325070508
2026-05-17,20.12,logs/5-17 20.12/log0002.csv,2.9125,84.14777,17,0.4129411764705882,0.78,,0.4013066892334707
2026-05-17,20.12,logs/5-17 20.12/log0002.csv,2.99,72.78947,7,0.5571428571428572,0.78,,0.380601028449928
2026-05-17,20.12,logs/5-17 20.12/log0002.csv,2.99,84.14777,114,0.39,0.39,,0.3917218626769701
2026-05-17,20.12,logs/5-17 20.12/log0002.csv,2.99,89.23958,17,0.4129411764705882,0.78,,0.4013066892334707
2026-05-17,20.12,logs/5-17 20.12/log0002.csv,3.0654,89.23958,56,0.2646428571428571,0.0,,0.3726463801988752
2026-05-17,20.12,logs/5-17 20.12/log0002.csv,3.1508,89.23958,3,0.7799999999999999,0.78,,0.0
2026-05-17,20.12,logs/5-17 20.12/log0002.csv,3.1508,103.6679,21,0.52,0.78,,0.3767757954009254
2026-05-17,20.12,logs/5-17 20.12/log0002.csv,3.26,103.6679,1,0.78,0.78,,
2026-05-17,20.12,logs/5-17 20.12/log0002.csv,3.26,112.0047,12,0.3899999999999999,0.39,,0.4073417149363329
2026-05-17,20.12,logs/5-17 20.12/log0002.csv,3.408,135.7898,9,0.78,0.78,,0.0
2026-05-17,20.12,logs/5-17 20.12/log0002.csv,3.408,161.8488,1,0.78,0.78,,
2026-05-17,20.12,logs/5-17 20.12/log0002.csv,3.52,161.8488,3,0.7799999999999999,0.78,,0.0
2026-05-17,20.12,logs/5-17 20.12/log0003.csv,1.3628,4.699582,1,-0.78,-0.78,,
2026-05-17,20.12,logs/5-17 20.12/log0003.csv,1.3628,5.624956,2,1.56,1.56,,6.632661607529816
2026-05-17,20.12,logs/5-17 20.12/log0003.csv,1.3948,5.624956,2,0.78,0.78,,0.0
2026-05-17,20.12,logs/5-17 20.12/log0003.csv,1.3948,6.225371,1,-4.69,-4.69,,
2026-05-17,20.12,logs/5-17 20.12/log0003.csv,1.45,4.699582,1,-0.78,-0.78,,
2026-05-17,20.12,logs/5-17 20.12/log0003.csv,1.45,5.624956,2,1.955,1.955,,6.074047250392443
2026-05-17,20.12,logs/5-17 20.12/log0003.csv,1.45,6.225371,1,-1.56,-1.56,,
2026-05-17,20.12,logs/5-17 20.12/log0003.csv,1.45,6.565505,2,1.175,1.175,,3.867874093090415
2026-05-17,20.12,logs/5-17 20.12/log0003.csv,1.45,7.731196,1,-1.56,-1.56,,
2026-05-17,20.12,logs/5-17 20.12/log0003.csv,1.4801,5.624956,1,-0.78,-0.78,,
2026-05-17,20.12,logs/5-17 20.12/log0003.csv,1.4801,7.731196,3,-1.0433333333333332,-3.13,,5.026105185263569
2026-05-17,20.12,logs/5-17 20.12/log0003.csv,1.5473,5.624956,1,0.78,0.78,,
2026-05-17,20.12,logs/5-17 20.12/log0003.csv,1.5473,6.565505,4,2.93,3.125,,2.949293700758426
2026-05-17,20.12,logs/5-17 20.12/log0003.csv,1.5473,7.731196,5,-0.158,0.78,,2.5558794963769325
2026-05-17,20.12,logs/5-17 20.12/log0003.csv,1.5473,8.044332,2,3.515,3.515,,4.970960671741429
2026-05-17,20.12,logs/5-17 20.12/log0003.csv,1.5473,9.456532,1,4.69,4.69,,
2026-05-17,20.12,logs/5-17 20.12/log0003.csv,1.593,6.565505,1,-2.34,-2.34,,
2026-05-17,20.12,logs/5-17 20.12/log0003.csv,1.593,7.731196,1,4.69,4.69,,
2026-05-17,20.12,logs/5-17 20.12/log0003.csv,1.593,8.044332,4,0.975,0.78,,0.3899999999999999
2026-05-17,20.12,logs/5-17 20.12/log0003.csv,1.593,9.456532,14,0.8378571428571429,0.39,,2.2197337975235074
2026-05-17,20.12,logs/5-17 20.12/log0003.csv,1.593,9.9646,7,1.5642857142857145,0.78,,3.283630395070153
2026-05-17,20.12,logs/5-17 20.12/log0003.csv,1.593,11.0771,1,5.47,5.47,,
2026-05-17,20.12,logs/5-17 20.12/log0003.csv,1.6417,7.731196,2,3.905,3.905,,4.419417382415922
2026-05-17,20.12,logs/5-17 20.12/log0003.csv,1.6417,8.044332,2,1.95,1.95,,0.5515432893255069
2026-05-17,20.12,logs/5-17 20.12/log0003.csv,1.6417,9.456532,14,0.6699999999999999,0.0,,1.7833072128448917
2026-05-17,20.12,logs/5-17 20.12/log0003.csv,1.6417,9.9646,53,0.5603773584905661,0.78,,2.3300552669775474
2026-05-17,20.12,logs/5-17 20.12/log0003.csv,1.6417,11.0771,193,0.817720207253886,0.78,,2.3735752271222186
2026-05-17,20.12,logs/5-17 20.12/log0003.csv,1.6417,12.5195,4,1.7575,1.56,,2.2447327235107526
2026-05-17,20.12,logs/5-17 20.12/log0003.csv,1.68,6.565505,2,-3.125,-3.125,,2.213244225113894
2026-05-17,20.12,logs/5-17 20.12/log0003.csv,1.68,7.731196,1,0.78,0.78,,
2026-05-17,20.12,logs/5-17 20.12/log0003.csv,1.68,9.456532,1,0.78,0.78,,
2026-05-17,20.12,logs/5-17 20.12/log0003.csv,1.68,9.9646,2,0.39,0.39,,0.5515432893255071
2026-05-17,20.12,logs/5-17 20.12/log0003.csv,1.68,11.0771,37,-0.1059459459459459,0.0,,2.444734090811264
2026-05-17,20.12,logs/5-17 20.12/log0003.csv,1.68,12.5195,317,0.065993690851735,0.78,,2.4914707745051383
2026-05-17,20.12,logs/5-17 20.12/log0003.csv,1.7451,9.456532,3,-1.5633333333333332,-3.13,,7.926975043062349
2026-05-17,20.12,logs/5-17 20.12/log0003.csv,1.7451,9.9646,1,2.34,2.34,,
2026-05-17,20.12,logs/5-17 20.12/log0003.csv,1.7451,11.0771,5,2.97,0.78,,4.187326115792749
2026-05-17,20.12,logs/5-17 20.12/log0003.csv,1.7451,12.5195,501,0.3210778443113772,0.0,,2.861214992958086
2026-05-17,20.12,logs/5-17 20.12/log0003.csv,1.7451,15.00816,147,-0.1114285714285714,0.0,,3.0598728597456826
2026-05-17,20.12,logs/5-17 20.12/log0003.csv,1.7451,15.6572,1,-1.56,-1.56,,
2026-05-17,20.12,logs/5-17 20.12/log0003.csv,1.81,6.565505,1,-2.34,-2.34,,
2026-05-17,20.12,logs/5-17 20.12/log0003.csv,1.81,8.044332,1,3.13,3.13,,
2026-05-17,20.12,logs/5-17 20.12/log0003.csv,1.81,9.456532,2,3.125,3.125,,5.522503961066937
2026-05-17,20.12,logs/5-17 20.12/log0003.csv,1.81,12.5195,13,0.7215384615384616,0.78,,3.275138282459348
2026-05-17,20.12,logs/5-17 20.12/log0003.csv,1.81,15.00816,450,0.0647777777777778,-0.78,,3.438111703914219
2026-05-17,20.12,logs/5-17 20.12/log0003.csv,1.81,15.6572,631,-0.7339936608557844,-0.78,,2.3814979732901618
2026-05-17,20.12,logs/5-17 20.12/log0003.csv,1.85,9.9646,1,0.78,0.78,,
2026-05-17,20.12,logs/5-17 20.12/log0003.csv,1.85,11.0771,3,0.7799999999999999,0.78,,0.78
2026-05-17,20.12,logs/5-17 20.12/log0003.csv,1.85,12.5195,1,4.69,4.69,,
2026-05-17,20.12,logs/5-17 20.12/log0003.csv,1.85,15.00816,4,-5.551115123125783e-17,0.39,,2.9265110057313413
2026-05-17,20.12,logs/5-17 20.12/log0003.csv,1.85,15.6572,793,0.0633543505674653,0.0,,2.430789059399713
2026-05-17,20.12,logs/5-17 20.12/log0003.csv,1.85,17.54912,837,0.3275507765830346,-0.78,,3.041524831453671
2026-05-17,20.12,logs/5-17 20.12/log0003.csv,1.85,20.13153,2,0.39,0.39,,1.6546298679765212
2026-05-17,20.12,logs/5-17 20.12/log0003.csv,1.91,11.0771,1,-1.56,-1.56,,
2026-05-17,20.12,logs/5-17 20.12/log0003.csv,1.91,15.00816,1,1.56,1.56,,
2026-05-17,20.12,logs/5-17 20.12/log0003.csv,1.91,15.6572,2,4.3,4.3,,9.39037805415735
2026-05-17,20.12,logs/5-17 20.12/log0003.csv,1.91,17.54912,1041,1.021700288184438,0.0,,3.2583792706842654
2026-05-17,20.12,logs/5-17 20.12/log0003.csv,1.91,20.13153,466,0.5323605150214592,0.0,,2.517323806578878
2026-05-17,20.12,logs/5-17 20.12/log0003.csv,1.91,22.0675,2,1.17,1.17,,1.654629867976521
2026-05-17,20.12,logs/5-17 20.12/log0003.csv,1.91,24.28007,1,-1.56,-1.56,,
2026-05-17,20.12,logs/5-17 20.12/log0003.csv,1.9888,12.5195,1,-0.78,-0.78,,
2026-05-17,20.12,logs/5-17 20.12/log0003.csv,1.9888,15.00816,1,0.78,0.78,,
2026-05-17,20.12,logs/5-17 20.12/log0003.csv,1.9888,15.6572,1,0.78,0.78,,
2026-05-17,20.12,logs/5-17 20.12/log0003.csv,1.9888,17.54912,15,1.6686666666666667,1.56,,3.2066022664555853
2026-05-17,20.12,logs/5-17 20.12/log0003.csv,1.9888,20.13153,1172,1.3773549488054608,0.78,,3.0323843606351253
2026-05-17,20.12,logs/5-17 20.12/log0003.csv,1.9888,22.0675,316,1.3358860759493671,0.78,,2.243924320300059
2026-05-17,20.12,logs/5-17 20.12/log0003.csv,1.9888,24.28007,1,6.25,6.25,,
2026-05-17,20.12,logs/5-17 20.12/log0003.csv,1.9888,27.4473,1,-0.78,-0.78,,
2026-05-17,20.12,logs/5-17 20.12/log0003.csv,2.05,6.565505,1,-0.78,-0.78,,
2026-05-17,20.12,logs/5-17 20.12/log0003.csv,2.05,12.5195,1,6.25,6.25,,
2026-05-17,20.12,logs/5-17 20.12/log0003.csv,2.05,15.00816,1,0.78,0.78,,
2026-05-17,20.12,logs/5-17 20.12/log0003.csv,2.05,15.6572,2,1.17,1.17,,0.551543289325507
2026-05-17,20.12,logs/5-17 20.12/log0003.csv,2.05,17.54912,1,-3.13,-3.13,,
2026-05-17,20.12,logs/5-17 20.12/log0003.csv,2.05,20.13153,32,1.5140625,0.0,,4.181323960240808
2026-05-17,20.12,logs/5-17 20.12/log0003.csv,2.05,22.0675,760,2.0481447368421053,1.56,,3.028780629269108
2026-05-17,20.12,logs/5-17 20.12/log0003.csv,2.05,24.28007,427,1.5526697892271664,1.56,,2.7442085651278125
2026-05-17,20.12,logs/5-17 20.12/log0003.csv,2.05,27.4473,3,-0.7800000000000001,-1.56,,3.5842293453405016
2026-05-17,20.12,logs/5-17 20.12/log0003.csv,2.1152,15.00816,1,1.56,1.56,,
2026-05-17,20.12,logs/5-17 20.12/log0003.csv,2.1152,20.13153,3,-0.7799999999999999,-1.56,,1.3509996299037244
2026-05-17,20.12,logs/5-17 20.12/log0003.csv,2.1152,22.0675,2,-1.56,-1.56,,9.941921343482855
2026-05-17,20.12,logs/5-17 20.12/log0003.csv,2.1152,24.28007,473,1.2751162790697674,0.78,,3.5201768357102274
2026-05-17,20.12,logs/5-17 20.12/log0003.csv,2.1152,27.4473,152,2.9553947368421056,1.56,,4.320064366944277
2026-05-17,20.12,logs/5-17 20.12/log0003.csv,2.1152,30.91469,2,0.0,0.0,,2.2061731573020285
2026-05-17,20.12,logs/5-17 20.12/log0003.csv,2.1682,20.13153,1,0.0,0.0,,
2026-05-17,20.12,logs/5-17 20.12/log0003.csv,2.1682,22.0675,2,4.69,4.69,,2.2061731573020285
2026-05-17,20.12,logs/5-17 20.12/log0003.csv,2.1682,24.28007,1,0.78,0.78,,
2026-05-17,20.12,logs/5-17 20.12/log0003.csv,2.1682,27.4473,354,2.5251129943502826,1.95,,5.358663062483444
2026-05-17,20.12,logs/5-17 20.12/log0003.csv,2.1682,30.91469,52,0.6469230769230769,-0.78,,4.765435822902467
2026-05-17,20.12,logs/5-17 20.12/log0003.csv,2.1682,33.73144,1,-3.91,-3.91,,
2026-05-17,20.12,logs/5-17 20.12/log0003.csv,2.253,27.4473,3,0.2600000000000002,1.56,,5.203258594381025
2026-05-17,20.12,logs/5-17 20.12/log0003.csv,2.253,30.91469,243,0.7683950617283951,0.0,,4.503159255600209
2026-05-17,20.12,logs/5-17 20.12/log0003.csv,2.253,33.73144,59,0.1062711864406779,-0.78,,3.531083109357517
2026-05-17,20.12,logs/5-17 20.12/log0003.csv,2.253,37.57346,1,-3.91,-3.91,,
2026-05-17,20.12,logs/5-17 20.12/log0003.csv,2.2849,15.00816,1,-2.34,-2.34,,
2026-05-17,20.12,logs/5-17 20.12/log0003.csv,2.2849,20.13153,1,1.56,1.56,,
2026-05-17,20.12,logs/5-17 20.12/log0003.csv,2.2849,24.28007,2,0.39,0.39,,0.5515432893255071
2026-05-17,20.12,logs/5-17 20.12/log0003.csv,2.2849,27.4473,3,0.26,0.78,,1.6236994795835835
2026-05-17,20.12,logs/5-17 20.12/log0003.csv,2.2849,30.91469,9,1.4744444444444444,0.78,,4.323236956006203
2026-05-17,20.12,logs/5-17 20.12/log0003.csv,2.2849,33.73144,240,-1.6150833333333334,-1.56,,3.236256165374104
2026-05-17,20.12,logs/5-17 20.12/log0003.csv,2.2849,37.57346,38,-2.7352631578947366,-3.13,,3.037459586510914
2026-05-17,20.12,logs/5-17 20.12/log0003.csv,2.2849,42.21833,1,0.0,0.0,,
2026-05-17,20.12,logs/5-17 20.12/log0003.csv,2.3877,12.5195,1,-2.34,-2.34,,
2026-05-17,20.12,logs/5-17 20.12/log0003.csv,2.3877,24.28007,1,-1.56,-1.56,,
2026-05-17,20.12,logs/5-17 20.12/log0003.csv,2.3877,27.4473,1,3.13,3.13,,
2026-05-17,20.12,logs/5-17 20.12/log0003.csv,2.3877,33.73144,15,-1.7733333333333334,-3.13,,2.479258721780325
2026-05-17,20.12,logs/5-17 20.12/log0003.csv,2.3877,37.57346,344,-1.2223255813953489,-0.78,,3.079883729742315
2026-05-17,20.12,logs/5-17 20.12/log0003.csv,2.3877,42.21833,11,-2.272727272727273,-1.56,,2.761061719372064
2026-05-17,20.12,logs/5-17 20.12/log0003.csv,2.449,12.5195,1,-4.69,-4.69,,
2026-05-17,20.12,logs/5-17 20.12/log0003.csv,2.449,33.73144,5,-1.564,0.0,,2.923838230819209
2026-05-17,20.12,logs/5-17 20.12/log0003.csv,2.449,37.57346,20,-0.6639999999999999,-0.39,,2.926610038216481
2026-05-17,20.12,logs/5-17 20.12/log0003.csv,2.449,42.21833,172,-1.1586627906976743,-1.56,,3.3828953933502084
2026-05-17,20.12,logs/5-17 20.12/log0003.csv,2.449,47.37292,1,3.91,3.91,,
2026-05-17,20.12,logs/5-17 20.12/log0003.csv,2.5482,37.57346,1,0.78,0.78,,
2026-05-17,20.12,logs/5-17 20.12/log0003.csv,2.5482,42.21833,19,0.2063157894736842,0.78,,2.979211697610844
2026-05-17,20.12,logs/5-17 20.12/log0003.csv,2.5482,47.37292,114,2.3637719298245616,0.78,,3.8330775985788783
2026-05-17,20.12,logs/5-17 20.12/log0003.csv,2.5482,50.52607,8,0.78,0.78,,0.0
2026-05-17,20.12,logs/5-17 20.12/log0003.csv,2.62,42.21833,1,0.78,0.78,,
2026-05-17,20.12,logs/5-17 20.12/log0003.csv,2.62,47.37292,3,2.083333333333333,0.78,,2.257439552531437
2026-05-17,20.12,logs/5-17 20.12/log0003.csv,2.62,50.52607,91,1.578791208791209,0.78,,2.000568161056495
2026-05-17,20.12,logs/5-17 20.12/log0003.csv,2.62,58.53896,1,0.78,0.78,,
2026-05-17,20.12,logs/5-17 20.12/log0003.csv,2.7327,42.21833,1,0.78,0.78,,
2026-05-17,20.12,logs/5-17 20.12/log0003.csv,2.7327,47.37292,1,0.78,0.78,,
2026-05-17,20.12,logs/5-17 20.12/log0003.csv,2.7327,50.52607,8,1.46375,0.78,,1.6416188656323365
2026-05-17,20.12,logs/5-17 20.12/log0003.csv,2.7327,58.53896,63,1.0033333333333334,0.78,,1.090998359006483
2026-05-17,20.12,logs/5-17 20.12/log0003.csv,2.7327,67.17062,2,0.78,0.78,,0.0
2026-05-17,20.12,logs/5-17 20.12/log0003.csv,2.8274,67.17062,38,0.78,0.78,,0.0
2026-05-17,20.12,logs/5-17 20.12/log0004.csv,1.28,4.399962,2,1.1750000000000005,1.1750000000000005,,4.970960671741429
2026-05-17,20.12,logs/5-17 20.12/log0004.csv,1.3021,4.399962,2,0.0,0.0,,2.2061731573020285
2026-05-17,20.12,logs/5-17 20.12/log0004.csv,1.3021,4.699582,1,-7.03,-7.03,,
2026-05-17,20.12,logs/5-17 20.12/log0004.csv,1.3628,4.399962,1,-2.34,-2.34,,
2026-05-17,20.12,logs/5-17 20.12/log0004.csv,1.3628,4.699582,1,4.69,4.69,,
2026-05-17,20.12,logs/5-17 20.12/log0004.csv,1.3628,5.624956,1,-0.78,-0.78,,
2026-05-17,20.12,logs/5-17 20.12/log0004.csv,1.3948,5.624956,2,0.0,0.0,,6.632661607529816
2026-05-17,20.12,logs/5-17 20.12/log0004.csv,1.3948,6.225371,3,-4.946666666666666,-1.56,,5.865878734966598
2026-05-17,20.12,logs/5-17 20.12/log0004.csv,1.45,4.699582,1,-1.56,-1.56,,
2026-05-17,20.12,logs/5-17 20.12/log0004.csv,1.45,5.624956,3,0.5233333333333335,-0.78,,3.6917791555472728
2026-05-17,20.12,logs/5-17 20.12/log0004.csv,1.45,6.225371,3,-5.206666666666667,-7.03,,3.1581059724672533
2026-05-17,20.12,logs/5-17 20.12/log0004.csv,1.45,6.565505,1,-7.03,-7.03,,
2026-05-17,20.12,logs/5-17 20.12/log0004.csv,1.4801,6.565505,3,-4.6866666666666665,-6.25,,2.707772762499345
2026-05-17,20.12,logs/5-17 20.12/log0004.csv,1.4801,7.731196,4,-2.3425,-1.56,,2.780723826632196
2026-05-17,20.12,logs/5-17 20.12/log0004.csv,1.5473,6.565505,3,0.5199999999999999,-0.78,,4.444940944489589
2026-05-17,20.12,logs/5-17 20.12/log0004.csv,1.5473,7.731196,24,-1.3020833333333333,-0.39,,1.9234615064166647
2026-05-17,20.12,logs/5-17 20.12/log0004.csv,1.5473,8.044332,6,0.7799999999999999,0.39,,0.9866306299725344
2026-05-17,20.12,logs/5-17 20.12/log0004.csv,1.5473,9.456532,2,-2.345,-2.345,,2.213244225113894
2026-05-17,20.12,logs/5-17 20.12/log0004.csv,1.593,5.624956,1,1.56,1.56,,
2026-05-17,20.12,logs/5-17 20.12/log0004.csv,1.593,7.731196,1,-0.78,-0.78,,
2026-05-17,20.12,logs/5-17 20.12/log0004.csv,1.593,8.044332,15,-1.042,-0.78,,2.7178357986772173
2026-05-17,20.12,logs/5-17 20.12/log0004.csv,1.593,9.456532,27,-2.113703703703704,-2.34,,2.6078094965641894
2026-05-17,20.12,logs/5-17 20.12/log0004.csv,1.593,9.9646,30,-0.8333333333333334,-1.17,,2.392242251216575
2026-05-17,20.12,logs/5-17 20.12/log0004.csv,1.6417,8.044332,2,0.0,0.0,,0.0
2026-05-17,20.12,logs/5-17 20.12/log0004.csv,1.6417,9.456532,17,-1.5170588235294118,-0.78,,2.5845230815033418
2026-05-17,20.12,logs/5-17 20.12/log0004.csv,1.6417,9.9646,107,-3.0450467289719625,-3.13,,3.0677200598686203
2026-05-17,20.12,logs/5-17 20.12/log0004.csv,1.6417,11.0771,122,-2.03639344262295,-1.56,,2.758136592657858
2026-05-17,20.12,logs/5-17 20.12/log0004.csv,1.6417,12.5195,1,2.34,2.34,,
2026-05-17,20.12,logs/5-17 20.12/log0004.csv,1.68,7.731196,1,-4.69,-4.69,,
2026-05-17,20.12,logs/5-17 20.12/log0004.csv,1.68,9.456532,2,0.0,0.0,,0.0
2026-05-17,20.12,logs/5-17 20.12/log0004.csv,1.68,9.9646,5,-0.158,0.0,,3.513896697400196
2026-05-17,20.12,logs/5-17 20.12/log0004.csv,1.68,11.0771,65,0.2524615384615384,0.0,,4.077513806985066
2026-05-17,20.12,logs/5-17 20.12/log0004.csv,1.68,12.5195,101,-0.7967326732673268,-0.78,,2.546807848625763
2026-05-17,20.12,logs/5-17 20.12/log0004.csv,1.7451,9.9646,2,-0.39,-0.39,,0.5515432893255071
2026-05-17,20.12,logs/5-17 20.12/log0004.csv,1.7451,11.0771,13,-1.5023076923076923,-2.34,,2.4398844024739983
2026-05-17,20.12,logs/5-17 20.12/log0004.csv,1.7451,12.5195,490,-1.1187346938775509,-1.56,,3.2009507200659617
2026-05-17,20.12,logs/5-17 20.12/log0004.csv,1.7451,15.00816,80,-2.863,-3.13,,2.224785809630711
2026-05-17,20.12,logs/5-17 20.12/log0004.csv,1.7451,17.54912,1,-10.94,-10.94,,
2026-05-17,20.12,logs/5-17 20.12/log0004.csv,1.81,9.456532,1,0.78,0.78,,
2026-05-17,20.12,logs/5-17 20.12/log0004.csv,1.81,11.0771,1,0.0,0.0,,
2026-05-17,20.12,logs/5-17 20.12/log0004.csv,1.81,12.5195,61,-2.126065573770492,-1.56,,3.057296343006636
2026-05-17,20.12,logs/5-17 20.12/log0004.csv,1.81,15.00816,492,-2.6653861788617887,-3.13,,2.964987275700044
2026-05-17,20.12,logs/5-17 20.12/log0004.csv,1.81,15.6572,397,-2.5510831234256925,-3.13,,2.211278615826242
2026-05-17,20.12,logs/5-17 20.12/log0004.csv,1.81,17.54912,1,-0.78,-0.78,,
2026-05-17,20.12,logs/5-17 20.12/log0004.csv,1.85,12.5195,3,-2.0866666666666664,-3.13,,1.8071063425635283
2026-05-17,20.12,logs/5-17 20.12/log0004.csv,1.85,15.00816,12,-1.0416666666666667,-0.78,,2.774598524056583
2026-05-17,20.12,logs/5-17 20.12/log0004.csv,1.85,15.6572,683,-2.116881405563689,-2.34,,2.1663212792062287
2026-05-17,20.12,logs/5-17 20.12/log0004.csv,1.85,17.54912,932,-2.317789699570816,-2.34,,1.770577726411455
2026-05-17,20.12,logs/5-17 20.12/log0004.csv,1.91,15.00816,1,0.0,0.0,,
2026-05-17,20.12,logs/5-17 20.12/log0004.csv,1.91,15.6572,2,1.95,1.95,,0.5515432893255069
2026-05-17,20.12,logs/5-17 20.12/log0004.csv,1.91,17.54912,1028,-2.061099221789884,-2.34,,2.41065091547891
2026-05-17,20.12,logs/5-17 20.12/log0004.csv,1.91,20.13153,734,-2.019768392370572,-2.34,,1.7035679036927431
2026-05-17,20.12,logs/5-17 20.12/log0004.csv,1.9888,11.0771,1,-6.25,-6.25,,
2026-05-17,20.12,logs/5-17 20.12/log0004.csv,1.9888,12.5195,1,-6.25,-6.25,,
2026-05-17,20.12,logs/5-17 20.12/log0004.csv,1.9888,15.00816,1,0.0,0.0,,
2026-05-17,20.12,logs/5-17 20.12/log0004.csv,1.9888,17.54912,17,-1.5176470588235291,-1.56,,5.127858385100652
2026-05-17,20.12,logs/5-17 20.12/log0004.csv,1.9888,20.13153,1133,-2.5651015004413065,-3.13,,2.7807508953174334
2026-05-17,20.12,logs/5-17 20.12/log0004.csv,1.9888,22.0675,145,-2.7917241379310345,-3.13,,1.9967958169233928
2026-05-17,20.12,logs/5-17 20.12/log0004.csv,2.05,7.731196,1,-0.78,-0.78,,
2026-05-17,20.12,logs/5-17 20.12/log0004.csv,2.05,15.6572,2,-3.125,-3.125,,4.419417382415922
2026-05-17,20.12,logs/5-17 20.12/log0004.csv,2.05,17.54912,2,0.0,0.0,,0.0
2026-05-17,20.12,logs/5-17 20.12/log0004.csv,2.05,20.13153,52,-3.5,-3.13,,3.394758358664941
2026-05-17,20.12,logs/5-17 20.12/log0004.csv,2.05,22.0675,823,-2.028311057108141,-2.34,,2.6128370054395624
2026-05-17,20.12,logs/5-17 20.12/log0004.csv,2.05,24.28007,286,-0.7619230769230769,-0.78,,2.609598908690283
2026-05-17,20.12,logs/5-17 20.12/log0004.csv,2.05,27.4473,1,0.0,0.0,,
2026-05-17,20.12,logs/5-17 20.12/log0004.csv,2.1152,20.13153,2,-3.125,-3.125,,4.419417382415922
2026-05-17,20.12,logs/5-17 20.12/log0004.csv,2.1152,22.0675,4,-0.1975000000000002,-1.955,,5.719098850926312
2026-05-17,20.12,logs/5-17 20.12/log0004.csv,2.1152,24.28007,297,-1.241986531986532,-2.34,,3.492384924271301
2026-05-17,20.12,logs/5-17 20.12/log0004.csv,2.1152,27.4473,98,-0.836938775510204,-1.56,,3.299766129845695
2026-05-17,20.12,logs/5-17 20.12/log0004.csv,2.1682,17.54912,1,0.0,0.0,,
2026-05-17,20.12,logs/5-17 20.12/log0004.csv,2.1682,22.0675,2,-3.91,-3.91,,1.1030865786510144
2026-05-17,20.12,logs/5-17 20.12/log0004.csv,2.1682,24.28007,2,-0.7850000000000001,-0.7850000000000001,,4.419417382415922
2026-05-17,20.12,logs/5-17 20.12/log0004.csv,2.1682,27.4473,231,-1.3228138528138529,-1.56,,3.321245360321854
2026-05-17,20.12,logs/5-17 20.12/log0004.csv,2.1682,30.91469,55,-1.3781818181818182,-0.78,,2.4338911772357994
2026-05-17,20.12,logs/5-17 20.12/log0004.csv,2.253,17.54912,1,-10.16,-10.16,,
2026-05-17,20.12,logs/5-17 20.12/log0004.csv,2.253,20.13153,1,0.0,0.0,,
2026-05-17,20.12,logs/5-17 20.12/log0004.csv,2.253,22.0675,1,-6.25,-6.25,,
2026-05-17,20.12,logs/5-17 20.12/log0004.csv,2.253,24.28007,1,1.56,1.56,,
2026-05-17,20.12,logs/5-17 20.12/log0004.csv,2.253,27.4473,9,-1.3022222222222224,-1.56,,3.748742381712092
2026-05-17,20.12,logs/5-17 20.12/log0004.csv,2.253,30.91469,294,-1.5651020408163263,-0.78,,3.0433176093637355
2026-05-17,20.12,logs/5-17 20.12/log0004.csv,2.253,33.73144,20,-1.288,-0.78,,1.742287063180553
2026-05-17,20.12,logs/5-17 20.12/log0004.csv,2.253,37.57346,1,-4.69,-4.69,,
2026-05-17,20.12,logs/5-17 20.12/log0004.csv,2.2849,17.54912,1,-0.78,-0.78,,
2026-05-17,20.12,logs/5-17 20.12/log0004.csv,2.2849,30.91469,12,-2.475,-2.345,,2.10384712545202
2026-05-17,20.12,logs/5-17 20.12/log0004.csv,2.2849,33.73144,314,-4.110350318471338,-3.91,,2.77943064334515
2026-05-17,20.12,logs/5-17 20.12/log0004.csv,2.2849,37.57346,25,-3.6256,-3.13,,2.6188612028895304
2026-05-17,20.12,logs/5-17 20.12/log0004.csv,2.3877,20.13153,1,-4.69,-4.69,,
2026-05-17,20.12,logs/5-17 20.12/log0004.csv,2.3877,27.4473,1,0.0,0.0,,
2026-05-17,20.12,logs/5-17 20.12/log0004.csv,2.3877,33.73144,20,-4.2195,-4.300000000000001,,2.314816066354437
2026-05-17,20.12,logs/5-17 20.12/log0004.csv,2.3877,37.57346,263,-3.0036121673003806,-3.13,,2.5852580219102674
2026-05-17,20.12,logs/5-17 20.12/log0004.csv,2.3877,42.21833,15,-4.0633333333333335,-3.13,,2.9265817863816745
2026-05-17,20.12,logs/5-17 20.12/log0004.csv,2.449,30.91469,2,-5.08,-5.08,,1.654629867976521
2026-05-17,20.12,logs/5-17 20.12/log0004.csv,2.449,33.73144,1,0.0,0.0,,
2026-05-17,20.12,logs/5-17 20.12/log0004.csv,2.449,37.57346,31,-2.8487096774193548,-3.13,,2.564239642903245
2026-05-17,20.12,logs/5-17 20.12/log0004.csv,2.449,42.21833,220,-3.619545454545454,-3.91,,2.95090587016012
2026-05-17,20.12,logs/5-17 20.12/log0004.csv,2.449,47.37292,10,-3.751,-4.69,,2.847796223983264
2026-05-17,20.12,logs/5-17 20.12/log0004.csv,2.5482,30.91469,1,-5.47,-5.47,,
2026-05-17,20.12,logs/5-17 20.12/log0004.csv,2.5482,37.57346,2,-2.345,-2.345,,4.419417382415922
2026-05-17,20.12,logs/5-17 20.12/log0004.csv,2.5482,42.21833,24,-3.483333333333333,-3.91,,3.713268414596577
2026-05-17,20.12,logs/5-17 20.12/log0004.csv,2.5482,47.37292,161,-2.9319875776397515,-3.13,,3.051862304371664
2026-05-17,20.12,logs/5-17 20.12/log0004.csv,2.5482,50.52607,25,-2.688,0.0,,4.414485625000192
2026-05-17,20.12,logs/5-17 20.12/log0004.csv,2.62,47.37292,3,-2.3433333333333333,0.78,,5.409772022306793
2026-05-17,20.12,logs/5-17 20.12/log0004.csv,2.62,50.52607,147,-1.0477551020408165,0.78,,3.659325447966435
2026-05-17,20.12,logs/5-17 20.12/log0004.csv,2.62,58.53896,5,1.092,0.78,,0.6976532089799343
2026-05-17,20.12,logs/5-17 20.12/log0004.csv,2.7327,47.37292,1,-3.91,-3.91,,
2026-05-17,20.12,logs/5-17 20.12/log0004.csv,2.7327,50.52607,9,0.2588888888888888,0.78,,1.873675828715072
2026-05-17,20.12,logs/5-17 20.12/log0004.csv,2.7327,58.53896,64,0.13296875,0.78,,1.875712503512554
2026-05-17,20.12,logs/5-17 20.12/log0004.csv,2.7327,67.17062,8,0.19375,0.78,,1.3704528709257284
2026-05-17,20.12,logs/5-17 20.12/log0004.csv,2.8274,58.53896,1,0.0,0.0,,
2026-05-17,20.12,logs/5-17 20.12/log0004.csv,2.8274,67.17062,11,-0.7118181818181818,0.78,,2.578735419471405
2026-05-17,20.12,logs/5-17 20.12/log0004.csv,2.9125,67.17062,1,0.0,0.0,,
2026-05-17,20.12,logs/5-17 20.12/log0005.csv,1.28,4.399962,3,-1.8233333333333333,-1.56,,3.522390286912189
2026-05-17,20.12,logs/5-17 20.12/log0005.csv,1.3021,4.399962,1,1.56,1.56,,
2026-05-17,20.12,logs/5-17 20.12/log0005.csv,1.3021,4.699582,2,-2.345,-2.345,,5.522503961066936
2026-05-17,20.12,logs/5-17 20.12/log0005.csv,1.3628,5.624956,1,1.56,1.56,,
2026-05-17,20.12,logs/5-17 20.12/log0005.csv,1.3948,4.699582,1,-0.78,-0.78,,
2026-05-17,20.12,logs/5-17 20.12/log0005.csv,1.3948,5.624956,4,0.78,1.17,,1.1030865786510142
2026-05-17,20.12,logs/5-17 20.12/log0005.csv,1.3948,6.225371,5,-2.0340000000000003,-0.78,,5.021312577404438
2026-05-17,20.12,logs/5-17 20.12/log0005.csv,1.45,5.624956,1,-5.47,-5.47,,
2026-05-17,20.12,logs/5-17 20.12/log0005.csv,1.45,6.225371,1,2.34,2.34,,
2026-05-17,20.12,logs/5-17 20.12/log0005.csv,1.45,6.565505,2,2.345,2.345,,1.1101576464628795
2026-05-17,20.12,logs/5-17 20.12/log0005.csv,1.4801,5.624956,1,-6.25,-6.25,,
2026-05-17,20.12,logs/5-17 20.12/log0005.csv,1.4801,6.565505,2,1.56,1.56,,1.103086578651014
2026-05-17,20.12,logs/5-17 20.12/log0005.csv,1.4801,7.731196,8,2.835,3.13,,1.5602747010886076
2026-05-17,20.12,logs/5-17 20.12/log0005.csv,1.5473,6.565505,2,-3.125,-3.125,,2.2132442251138937
2026-05-17,20.12,logs/5-17 20.12/log0005.csv,1.5473,7.731196,21,-2.827619047619048,-3.91,,2.9300971054931004
2026-05-17,20.12,logs/5-17 20.12/log0005.csv,1.5473,8.044332,6,-0.7816666666666667,-1.17,,3.0878433682210416
2026-05-17,20.12,logs/5-17 20.12/log0005.csv,1.5473,9.456532,1,1.56,1.56,,
2026-05-17,20.12,logs/5-17 20.12/log0005.csv,1.5473,9.9646,1,1.56,1.56,,
2026-05-17,20.12,logs/5-17 20.12/log0005.csv,1.593,8.044332,8,-0.4875,-0.78,,2.6063370574702835
2026-05-17,20.12,logs/5-17 20.12/log0005.csv,1.593,9.456532,25,-1.6564,-1.56,,2.3927649278606538
2026-05-17,20.12,logs/5-17 20.12/log0005.csv,1.593,9.9646,5,-4.222,-3.91,,0.4272235948540299
2026-05-17,20.12,logs/5-17 20.12/log0005.csv,1.6417,8.044332,1,-0.78,-0.78,,
2026-05-17,20.12,logs/5-17 20.12/log0005.csv,1.6417,9.456532,19,-1.810526315789474,-1.56,,2.3449223481201784
2026-05-17,20.12,logs/5-17 20.12/log0005.csv,1.6417,9.9646,55,-1.1081818181818182,-0.78,,3.954854537245891
2026-05-17,20.12,logs/5-17 20.12/log0005.csv,1.6417,11.0771,49,-4.513061224489796,-4.69,,3.806584319790312
2026-05-17,20.12,logs/5-17 20.12/log0005.csv,1.6417,12.5195,1,4.69,4.69,,
2026-05-17,20.12,logs/5-17 20.12/log0005.csv,1.68,9.456532,1,-10.16,-10.16,,
2026-05-17,20.12,logs/5-17 20.12/log0005.csv,1.68,11.0771,51,-1.026470588235294,-0.78,,4.354429387889721
2026-05-17,20.12,logs/5-17 20.12/log0005.csv,1.68,12.5195,30,-3.4373333333333336,-4.69,,3.858084153220784
2026-05-17,20.12,logs/5-17 20.12/log0005.csv,1.7451,9.456532,1,-5.47,-5.47,,
2026-05-17,20.12,logs/5-17 20.12/log0005.csv,1.7451,11.0771,4,0.3925,-1.17,,3.9565925996998974
2026-05-17,20.12,logs/5-17 20.12/log0005.csv,1.7451,12.5195,156,-3.12,-3.13,,2.941928487541199
2026-05-17,20.12,logs/5-17 20.12/log0005.csv,1.7451,15.00816,22,-5.044545454545455,-4.69,,1.6998591742027376
2026-05-17,20.12,logs/5-17 20.12/log0005.csv,1.81,8.044332,1,-5.47,-5.47,,
2026-05-17,20.12,logs/5-17 20.12/log0005.csv,1.81,9.456532,1,0.78,0.78,,
2026-05-17,20.12,logs/5-17 20.12/log0005.csv,1.81,11.0771,2,-1.17,-1.17,,0.5515432893255071
2026-05-17,20.12,logs/5-17 20.12/log0005.csv,1.81,12.5195,9,-2.1688888888888886,-0.78,,4.036639829252929
2026-05-17,20.12,logs/5-17 20.12/log0005.csv,1.81,15.00816,203,-3.9069950738916255,-5.47,,3.543950407394921
2026-05-17,20.12,logs/5-17 20.12/log0005.csv,1.81,15.6572,104,-4.568846153846154,-4.69,,2.2614066022636807
2026-05-17,20.12,logs/5-17 20.12/log0005.csv,1.85,11.0771,1,-6.25,-6.25,,
2026-05-17,20.12,logs/5-17 20.12/log0005.csv,1.85,15.00816,6,-1.3033333333333337,-4.300000000000001,,5.292782507024699
2026-05-17,20.12,logs/5-17 20.12/log0005.csv,1.85,15.6572,195,-3.435076923076924,-3.91,,2.793383081577621
2026-05-17,20.12,logs/5-17 20.12/log0005.csv,1.85,17.54912,297,-3.686734006734007,-3.13,,1.527232229799477
2026-05-17,20.12,logs/5-17 20.12/log0005.csv,1.91,12.5195,1,-6.25,-6.25,,
2026-05-17,20.12,logs/5-17 20.12/log0005.csv,1.91,17.54912,232,-3.422887931034482,-3.91,,1.9681234223411903
2026-05-17,20.12,logs/5-17 20.12/log0005.csv,1.91,20.13153,268,-3.8267537313432833,-3.91,,1.601421040003005
2026-05-17,20.12,logs/5-17 20.12/log0005.csv,1.91,22.0675,1,-14.06,-14.06,,
2026-05-17,20.12,logs/5-17 20.12/log0005.csv,1.9888,17.54912,7,-2.455714285714286,-2.34,,2.8326010258115373
2026-05-17,20.12,logs/5-17 20.12/log0005.csv,1.9888,20.13153,586,-3.683037542662116,-3.91,,1.7784245371917176
2026-05-17,20.12,logs/5-17 20.12/log0005.csv,1.9888,22.0675,75,-2.0118666666666667,-2.34,,2.511364275154547
2026-05-17,20.12,logs/5-17 20.12/log0005.csv,2.05,15.6572,1,-3.91,-3.91,,
2026-05-17,20.12,logs/5-17 20.12/log0005.csv,2.05,17.54912,1,-0.78,-0.78,,
2026-05-17,20.12,logs/5-17 20.12/log0005.csv,2.05,20.13153,15,-3.96,-3.91,,1.3367444461398426
2026-05-17,20.12,logs/5-17 20.12/log0005.csv,2.05,22.0675,293,-0.7443686006825938,-0.78,,2.5619795216097434
2026-05-17,20.12,logs/5-17 20.12/log0005.csv,2.05,24.28007,83,-1.316987951807229,-0.78,,3.040980961329772
2026-05-17,20.12,logs/5-17 20.12/log0005.csv,2.05,27.4473,1,-5.47,-5.47,,
2026-05-17,20.12,logs/5-17 20.12/log0005.csv,2.1152,20.13153,1,-0.78,-0.78,,
2026-05-17,20.12,logs/5-17 20.12/log0005.csv,2.1152,22.0675,1,-1.56,-1.56,,
2026-05-17,20.12,logs/5-17 20.12/log0005.csv,2.1152,24.28007,155,-1.7136129032258065,-1.56,,2.8375386910505807
2026-05-17,20.12,logs/5-17 20.12/log0005.csv,2.1152,27.4473,124,0.5418548387096774,1.95,,2.980299097484042
2026-05-17,20.12,logs/5-17 20.12/log0005.csv,2.1152,30.91469,2,-5.47,-5.47,,0.0
2026-05-17,20.12,logs/5-17 20.12/log0005.csv,2.1682,15.00816,1,-5.47,-5.47,,
2026-05-17,20.12,logs/5-17 20.12/log0005.csv,2.1682,24.28007,3,-3.9066666666666654,-0.78,,6.10351811116616
2026-05-17,20.12,logs/5-17 20.12/log0005.csv,2.1682,27.4473,305,-1.4194426229508197,-0.78,,2.8921184898550623
2026-05-17,20.12,logs/5-17 20.12/log0005.csv,2.1682,30.91469,25,-2.0632,-2.34,,2.5504374134646
2026-05-17,20.12,logs/5-17 20.12/log0005.csv,2.1682,33.73144,1,-3.91,-3.91,,
2026-05-17,20.12,logs/5-17 20.12/log0005.csv,2.253,15.6572,1,-1.56,-1.56,,
2026-05-17,20.12,logs/5-17 20.12/log0005.csv,2.253,22.0675,1,-3.91,-3.91,,
2026-05-17,20.12,logs/5-17 20.12/log0005.csv,2.253,24.28007,3,-1.8233333333333333,-0.78,,3.2530037401351586
2026-05-17,20.12,logs/5-17 20.12/log0005.csv,2.253,27.4473,5,-3.438,-4.69,,2.2521922653272743
2026-05-17,20.12,logs/5-17 20.12/log0005.csv,2.253,30.91469,120,-3.737083333333333,-3.13,,3.134992634206118
2026-05-17,20.12,logs/5-17 20.12/log0005.csv,2.253,33.73144,9,-4.947777777777778,-5.47,,2.210004399191197
2026-05-17,20.12,logs/5-17 20.12/log0005.csv,2.2849,17.54912,1,-6.25,-6.25,,
2026-05-17,20.12,logs/5-17 20.12/log0005.csv,2.2849,27.4473,2,-4.69,-4.69,,0.0
2026-05-17,20.12,logs/5-17 20.12/log0005.csv,2.2849,30.91469,9,-3.2977777777777777,-2.34,,2.3693130743834687
2026-05-17,20.12,logs/5-17 20.12/log0005.csv,2.2849,33.73144,189,-6.630793650793651,-7.03,,2.688818039933972
2026-05-17,20.12,logs/5-17 20.12/log0005.csv,2.2849,42.21833,1,-3.91,-3.91,,
2026-05-17,20.12,logs/5-17 20.12/log0005.csv,2.3877,27.4473,1,-3.91,-3.91,,
2026-05-17,20.12,logs/5-17 20.12/log0005.csv,2.3877,33.73144,2,-7.029999999999999,-7.029999999999999,,1.1030865786510136
2026-05-17,20.12,logs/5-17 20.12/log0005.csv,2.3877,37.57346,78,-3.746923076923077,-4.300000000000001,,2.135011972771142
2026-05-17,20.12,logs/5-17 20.12/log0005.csv,2.3877,42.21833,4,-4.495,-4.69,,1.1699999999999997
2026-05-17,20.12,logs/5-17 20.12/log0005.csv,2.449,17.54912,1,-8.59,-8.59,,
2026-05-17,20.12,logs/5-17 20.12/log0005.csv,2.449,37.57346,20,-3.3590000000000004,-3.515,,2.801042850909564
2026-05-17,20.12,logs/5-17 20.12/log0005.csv,2.449,42.21833,91,-3.065164835164836,-3.13,,3.2298649310036915
2026-05-17,20.12,logs/5-17 20.12/log0005.csv,2.449,47.37292,6,-2.995,-3.515,,2.8139989339017166
2026-05-17,20.12,logs/5-17 20.12/log0005.csv,2.5482,42.21833,11,-1.420909090909091,-0.78,,2.8127120526120497
2026-05-17,20.12,logs/5-17 20.12/log0005.csv,2.5482,47.37292,181,-2.810386740331492,-1.56,,3.6421830091063807
2026-05-17,20.12,logs/5-17 20.12/log0005.csv,2.5482,50.52607,29,-4.417241379310345,-5.47,,3.636667328899324
2026-05-17,20.12,logs/5-17 20.12/log0005.csv,2.62,47.37292,2,-5.859999999999999,-5.859999999999999,,0.5515432893255076
2026-05-17,20.12,logs/5-17 20.12/log0005.csv,2.62,50.52607,91,-3.1001098901098905,-3.13,,3.749545600471104
2026-05-17,20.12,logs/5-17 20.12/log0005.csv,2.62,58.53896,2,0.39,0.39,,0.5515432893255071
2026-05-17,20.12,logs/5-17 20.12/log0005.csv,2.7327,37.57346,1,-1.56,-1.56,,
2026-05-17,20.12,logs/5-17 20.12/log0005.csv,2.7327,50.52607,2,-1.955,-1.955,,3.867874093090416
2026-05-17,20.12,logs/5-17 20.12/log0005.csv,2.7327,58.53896,3,0.0,0.78,,1.3509996299037244
2026-05-17,20.12,logs/5-17 20.12/log0005.csv,2.7327,72.78947,1,-1.56,-1.56,,
2026-05-17,20.12,logs/5-17 20.12/log0006.csv,1.28,4.399962,1,-2.34,-2.34,,
2026-05-17,20.12,logs/5-17 20.12/log0006.csv,1.3021,4.699582,2,-14.455,-14.455,,12.70670885792226
2026-05-17,20.12,logs/5-17 20.12/log0006.csv,1.3628,5.624956,2,-4.69,-4.69,,2.206173157302028
2026-05-17,20.12,logs/5-17 20.12/log0006.csv,1.3628,6.225371,1,-9.38,-9.38,,
2026-05-17,20.12,logs/5-17 20.12/log0006.csv,1.3948,4.399962,1,-2.34,-2.34,,
2026-05-17,20.12,logs/5-17 20.12/log0006.csv,1.3948,6.225371,4,-0.975,-1.56,,2.95238321812509
2026-05-17,20.12,logs/5-17 20.12/log0006.csv,1.45,5.624956,1,-23.44,-23.44,,
2026-05-17,20.12,logs/5-17 20.12/log0006.csv,1.45,6.225371,1,-0.78,-0.78,,
2026-05-17,20.12,logs/5-17 20.12/log0006.csv,1.45,6.565505,4,-3.7125,-3.52,,1.3355242416369684
2026-05-17,20.12,logs/5-17 20.12/log0006.csv,1.4801,6.565505,1,-5.47,-5.47,,
2026-05-17,20.12,logs/5-17 20.12/log0006.csv,1.4801,7.731196,10,-5.313,-3.91,,7.355359421688528
2026-05-17,20.12,logs/5-17 20.12/log0006.csv,1.5473,5.624956,1,-3.13,-3.13,,
2026-05-17,20.12,logs/5-17 20.12/log0006.csv,1.5473,6.565505,1,-1.56,-1.56,,
2026-05-17,20.12,logs/5-17 20.12/log0006.csv,1.5473,7.731196,15,-5.468666666666667,-2.34,,7.488952689191751
2026-05-17,20.12,logs/5-17 20.12/log0006.csv,1.5473,8.044332,8,-4.58875,-1.56,,7.886216615082291
2026-05-17,20.12,logs/5-17 20.12/log0006.csv,1.5473,9.456532,1,-7.81,-7.81,,
2026-05-17,20.12,logs/5-17 20.12/log0006.csv,1.593,5.624956,1,-2.34,-2.34,,
2026-05-17,20.12,logs/5-17 20.12/log0006.csv,1.593,6.565505,1,-1.56,-1.56,,
2026-05-17,20.12,logs/5-17 20.12/log0006.csv,1.593,7.731196,1,-0.78,-0.78,,
2026-05-17,20.12,logs/5-17 20.12/log0006.csv,1.593,8.044332,6,-4.036666666666666,-3.91,,2.441685210396022
2026-05-17,20.12,logs/5-17 20.12/log0006.csv,1.593,9.456532,39,-11.79923076923077,-7.81,,10.417993135516069
2026-05-17,20.12,logs/5-17 20.12/log0006.csv,1.593,9.9646,5,-4.064,-3.13,,1.6935406697212796
2026-05-17,20.12,logs/5-17 20.12/log0006.csv,1.6417,6.225371,1,-8.59,-8.59,,
2026-05-17,20.12,logs/5-17 20.12/log0006.csv,1.6417,7.731196,1,-3.91,-3.91,,
2026-05-17,20.12,logs/5-17 20.12/log0006.csv,1.6417,9.456532,17,-4.96235294117647,-2.34,,7.500134606635209
2026-05-17,20.12,logs/5-17 20.12/log0006.csv,1.6417,9.9646,48,-4.39375,-3.13,,4.977536614097465
2026-05-17,20.12,logs/5-17 20.12/log0006.csv,1.6417,11.0771,51,-4.258039215686274,-4.69,,2.766253075629808
2026-05-17,20.12,logs/5-17 20.12/log0006.csv,1.68,8.044332,1,-7.03,-7.03,,
2026-05-17,20.12,logs/5-17 20.12/log0006.csv,1.68,9.456532,3,-2.083333333333333,-1.56,,0.9064399226277124
2026-05-17,20.12,logs/5-17 20.12/log0006.csv,1.68,9.9646,3,-2.8633333333333333,-2.34,,1.629304555119556
2026-05-17,20.12,logs/5-17 20.12/log0006.csv,1.68,11.0771,35,-1.5182857142857142,-1.56,,3.271976813626216
2026-05-17,20.12,logs/5-17 20.12/log0006.csv,1.68,12.5195,115,-3.873304347826087,-3.91,,1.9972444709487407
2026-05-17,20.12,logs/5-17 20.12/log0006.csv,1.7451,8.044332,1,-1.56,-1.56,,
2026-05-17,20.12,logs/5-17 20.12/log0006.csv,1.7451,9.9646,1,-1.56,-1.56,,
2026-05-17,20.12,logs/5-17 20.12/log0006.csv,1.7451,11.0771,8,-1.65875,-1.56,,2.1899604530023566
2026-05-17,20.12,logs/5-17 20.12/log0006.csv,1.7451,12.5195,241,-2.623609958506224,-3.13,,3.541511070701377
2026-05-17,20.12,logs/5-17 20.12/log0006.csv,1.7451,15.00816,68,-3.4704411764705885,-3.91,,2.566681715043549
2026-05-17,20.12,logs/5-17 20.12/log0006.csv,1.81,8.044332,2,-13.675,-13.675,,13.809795436573271
2026-05-17,20.12,logs/5-17 20.12/log0006.csv,1.81,9.9646,1,-0.78,-0.78,,
2026-05-17,20.12,logs/5-17 20.12/log0006.csv,1.81,12.5195,14,-2.6221428571428573,-1.56,,4.469851449211928
2026-05-17,20.12,logs/5-17 20.12/log0006.csv,1.81,15.00816,328,-4.040335365853658,-3.91,,2.491770469098636
2026-05-17,20.12,logs/5-17 20.12/log0006.csv,1.81,15.6572,401,-3.7884039900249378,-3.91,,2.5581085681385862
2026-05-17,20.12,logs/5-17 20.12/log0006.csv,1.81,17.54912,1,0.0,0.0,,
2026-05-17,20.12,logs/5-17 20.12/log0006.csv,1.85,8.044332,1,-2.34,-2.34,,
2026-05-17,20.12,logs/5-17 20.12/log0006.csv,1.85,11.0771,2,-3.905,-3.905,,3.316330803764908
2026-05-17,20.12,logs/5-17 20.12/log0006.csv,1.85,12.5195,1,-0.78,-0.78,,
2026-05-17,20.12,logs/5-17 20.12/log0006.csv,1.85,15.00816,6,-2.8666666666666667,-3.52,,1.3708780641131677
2026-05-17,20.12,logs/5-17 20.12/log0006.csv,1.85,15.6572,386,-3.3344559585492224,-3.91,,2.6023787997783563
2026-05-17,20.12,logs/5-17 20.12/log0006.csv,1.85,17.54912,820,-3.5760853658536584,-3.91,,1.6156300570069435
2026-05-17,20.12,logs/5-17 20.12/log0006.csv,1.85,22.0675,1,-2.34,-2.34,,
2026-05-17,20.12,logs/5-17 20.12/log0006.csv,1.91,12.5195,3,-3.126666666666667,-3.13,,1.5650026624045514
2026-05-17,20.12,logs/5-17 20.12/log0006.csv,1.91,15.00816,2,-3.515,-3.515,,2.764787514439401
2026-05-17,20.12,logs/5-17 20.12/log0006.csv,1.91,17.54912,1209,-3.291571546732837,-3.13,,1.9011082542615845
2026-05-17,20.12,logs/5-17 20.12/log0006.csv,1.91,20.13153,556,-2.831654676258993,-3.13,,2.759340330389681
2026-05-17,20.12,logs/5-17 20.12/log0006.csv,1.91,24.28007,1,-9.38,-9.38,,
2026-05-17,20.12,logs/5-17 20.12/log0006.csv,1.9888,12.5195,1,-1.56,-1.56,,
2026-05-17,20.12,logs/5-17 20.12/log0006.csv,1.9888,17.54912,2,-1.17,-1.17,,0.5515432893255071
2026-05-17,20.12,logs/5-17 20.12/log0006.csv,1.9888,20.13153,1096,-2.3132664233576645,-3.13,,2.590884390217812
2026-05-17,20.12,logs/5-17 20.12/log0006.csv,1.9888,22.0675,285,-2.570385964912281,-3.13,,2.688420040710767
2026-05-17,20.12,logs/5-17 20.12/log0006.csv,1.9888,24.28007,1,-3.91,-3.91,,
2026-05-17,20.12,logs/5-17 20.12/log0006.csv,1.9888,27.4473,1,-4.69,-4.69,,
2026-05-17,20.12,logs/5-17 20.12/log0006.csv,2.05,12.5195,2,-6.25,-6.25,,1.1030865786510144
2026-05-17,20.12,logs/5-17 20.12/log0006.csv,2.05,15.00816,3,-0.7833333333333333,-1.56,,2.8164930912987045
2026-05-17,20.12,logs/5-17 20.12/log0006.csv,2.05,17.54912,1,-16.41,-16.41,,
2026-05-17,20.12,logs/5-17 20.12/log0006.csv,2.05,20.13153,17,-1.1947058823529413,-1.56,,2.737245690578073
2026-05-17,20.12,logs/5-17 20.12/log0006.csv,2.05,22.0675,1073,-1.6917427772600186,-3.13,,3.071768967629425
2026-05-17,20.12,logs/5-17 20.12/log0006.csv,2.05,24.28007,340,-1.0903235294117648,-2.34,,3.5051289282385216
2026-05-17,20.12,logs/5-17 20.12/log0006.csv,2.05,27.4473,1,0.0,0.0,,
2026-05-17,20.12,logs/5-17 20.12/log0006.csv,2.05,33.73144,1,-6.25,-6.25,,
2026-05-17,20.12,logs/5-17 20.12/log0006.csv,2.1152,20.13153,2,-0.78,-0.78,,1.1030865786510142
2026-05-17,20.12,logs/5-17 20.12/log0006.csv,2.1152,22.0675,4,1.9525,0.78,,4.107484023097351
2026-05-17,20.12,logs/5-17 20.12/log0006.csv,2.1152,24.28007,297,-0.4236026936026936,-0.78,,3.400746264046341
2026-05-17,20.12,logs/5-17 20.12/log0006.csv,2.1152,27.4473,110,-2.294636363636364,-3.13,,3.6370637106549015
2026-05-17,20.12,logs/5-17 20.12/log0006.csv,2.1682,12.5195,1,-1.56,-1.56,,
2026-05-17,20.12,logs/5-17 20.12/log0006.csv,2.1682,15.6572,1,-3.13,-3.13,,
2026-05-17,20.12,logs/5-17 20.12/log0006.csv,2.1682,22.0675,3,-1.5599999999999998,-1.56,,0.0
2026-05-17,20.12,logs/5-17 20.12/log0006.csv,2.1682,24.28007,2,-1.56,-1.56,,6.632661607529816
2026-05-17,20.12,logs/5-17 20.12/log0006.csv,2.1682,27.4473,466,-3.648969957081545,-3.91,,2.731297106315321
2026-05-17,20.12,logs/5-17 20.12/log0006.csv,2.1682,30.91469,169,-4.063491124260355,-3.91,,2.920294179812532
2026-05-17,20.12,logs/5-17 20.12/log0006.csv,2.1682,33.73144,1,-3.91,-3.91,,
2026-05-17,20.12,logs/5-17 20.12/log0006.csv,2.253,15.00816,1,-23.44,-23.44,,
2026-05-17,20.12,logs/5-17 20.12/log0006.csv,2.253,20.13153,1,-2.34,-2.34,,
2026-05-17,20.12,logs/5-17 20.12/log0006.csv,2.253,24.28007,2,-8.595,-8.595,,9.948992411294723
2026-05-17,20.12,logs/5-17 20.12/log0006.csv,2.253,27.4473,10,1.016,-0.39,,6.017613406584965
2026-05-17,20.12,logs/5-17 20.12/log0006.csv,2.253,30.91469,380,-3.248947368421053,-3.91,,3.412615807016536
2026-05-17,20.12,logs/5-17 20.12/log0006.csv,2.253,33.73144,13,-5.830769230769231,-5.47,,1.3002721608600611
2026-05-17,20.12,logs/5-17 20.12/log0006.csv,2.253,37.57346,2,-2.735,-2.735,,3.867874093090416
2026-05-17,20.12,logs/5-17 20.12/log0006.csv,2.2849,30.91469,7,-2.12,-1.56,,3.629738282576307
2026-05-17,20.12,logs/5-17 20.12/log0006.csv,2.2849,33.73144,195,-4.031384615384615,-5.47,,3.5316401421402657
2026-05-17,20.12,logs/5-17 20.12/log0006.csv,2.2849,37.57346,38,-4.976842105263158,-5.47,,3.183981958103812
2026-05-17,20.12,logs/5-17 20.12/log0006.csv,2.3877,12.5195,1,-8.59,-8.59,,
2026-05-17,20.12,logs/5-17 20.12/log0006.csv,2.3877,27.4473,2,-6.64,-6.64,,6.081118318204308
2026-05-17,20.12,logs/5-17 20.12/log0006.csv,2.3877,33.73144,4,-2.3425,-1.95,,5.453820526322198
2026-05-17,20.12,logs/5-17 20.12/log0006.csv,2.3877,37.57346,323,-3.5375232198142417,-3.91,,2.9880348444424176
2026-05-17,20.12,logs/5-17 20.12/log0006.csv,2.3877,42.21833,17,-2.8064705882352943,-3.13,,1.6596194638247297
2026-05-17,20.12,logs/5-17 20.12/log0006.csv,2.449,30.91469,1,-5.47,-5.47,,
2026-05-17,20.12,logs/5-17 20.12/log0006.csv,2.449,33.73144,1,-10.16,-10.16,,
2026-05-17,20.12,logs/5-17 20.12/log0006.csv,2.449,37.57346,26,-3.516153846153846,-3.13,,2.7981566459697382
2026-05-17,20.12,logs/5-17 20.12/log0006.csv,2.449,42.21833,337,-3.567359050445104,-3.91,,2.559600827762956
2026-05-17,20.12,logs/5-17 20.12/log0006.csv,2.449,47.37292,10,-3.283,-3.52,,2.204213389548904
2026-05-17,20.12,logs/5-17 20.12/log0006.csv,2.5482,42.21833,26,-2.825,-2.34,,3.1951992113168783
2026-05-17,20.12,logs/5-17 20.12/log0006.csv,2.5482,47.37292,265,-1.952754716981132,-2.34,,2.9463659492725256
2026-05-17,20.12,logs/5-17 20.12/log0006.csv,2.5482,50.52607,36,-0.045,0.78,,2.435241847772589
2026-05-17,20.12,logs/5-17 20.12/log0006.csv,2.62,37.57346,1,-5.47,-5.47,,
2026-05-17,20.12,logs/5-17 20.12/log0006.csv,2.62,47.37292,4,0.975,0.78,,0.3899999999999999
2026-05-17,20.12,logs/5-17 20.12/log0006.csv,2.62,50.52607,123,-0.7631707317073171,0.78,,2.407866655624329
2026-05-17,20.12,logs/5-17 20.12/log0006.csv,2.62,58.53896,3,-1.480297366166875e-16,-1.56,,5.63436775512568
2026-05-17,20.12,logs/5-17 20.12/log0006.csv,2.7327,50.52607,11,-0.6381818181818182,-0.78,,1.4305370892208156
2026-05-17,20.12,logs/5-17 20.12/log0006.csv,2.7327,58.53896,32,0.0234375,0.78,,1.617938970448754
2026-05-17,20.12,logs/5-17 20.12/log0006.csv,2.7327,67.17062,3,-1.3,-1.56,,5.084987708933031
2026-05-17,20.12,logs/5-17 20.12/log0006.csv,2.8274,50.52607,2,-4.295,-4.295,,3.867874093090415
2026-05-17,20.12,logs/5-17 20.12/log0006.csv,2.8274,67.17062,6,-0.2616666666666666,0.78,,1.6883887782932776
2026-05-17,20.12,logs/5-17 20.12/log0006.csv,2.9125,72.78947,5,0.312,0.78,,1.0464798134699016
2026-05-17,20.12,logs/5-17 20.12/log0006.csv,2.99,84.14777,2,0.78,0.78,,0.0
2026-05-17,20.12,logs/5-17 20.12/log0006.csv,2.99,89.23958,1,0.78,0.78,,
2026-05-17,20.12,logs/5-17 20.12/log0006.csv,3.0654,89.23958,2,0.78,0.78,,0.0
2026-05-17,20.12,logs/5-17 20.12/log0006.csv,3.1508,89.23958,1,0.78,0.78,,
2026-05-17,20.12,logs/5-17 20.12/log0006.csv,3.1508,103.6679,2,0.78,0.78,,0.0
2026-05-17,20.12,logs/5-17 20.12/log0007.csv,1.1804,3.89676,1,3.13,3.13,,
2026-05-17,20.12,logs/5-17 20.12/log0007.csv,1.2201,3.89676,5,-1.874,-1.56,,2.317731649695452
2026-05-17,20.12,logs/5-17 20.12/log0007.csv,1.2201,4.399962,1,-11.72,-11.72,,
2026-05-17,20.12,logs/5-17 20.12/log0007.csv,1.28,3.89676,4,-0.78,-0.39,,3.553993059456738
2026-05-17,20.12,logs/5-17 20.12/log0007.csv,1.28,4.399962,6,-6.383333333333333,-4.69,,3.6105272006545897
2026-05-17,20.12,logs/5-17 20.12/log0007.csv,1.3021,3.89676,1,-1.56,-1.56,,
2026-05-17,20.12,logs/5-17 20.12/log0007.csv,1.3021,4.399962,1,-4.69,-4.69,,
2026-05-17,20.12,logs/5-17 20.12/log0007.csv,1.3021,4.699582,3,-1.0433333333333332,-3.13,,4.307404477563413
2026-05-17,20.12,logs/5-17 20.12/log0007.csv,1.3021,5.624956,1,-3.91,-3.91,,
2026-05-17,20.12,logs/5-17 20.12/log0007.csv,1.3628,4.399962,4,-4.1025,-3.515,,4.618213038250474
2026-05-17,20.12,logs/5-17 20.12/log0007.csv,1.3628,4.699582,1,-0.78,-0.78,,
2026-05-17,20.12,logs/5-17 20.12/log0007.csv,1.3948,3.89676,1,0.0,0.0,,
2026-05-17,20.12,logs/5-17 20.12/log0007.csv,1.3948,4.399962,4,-4.492500000000001,-2.7350000000000003,,4.998608973171103
2026-05-17,20.12,logs/5-17 20.12/log0007.csv,1.3948,4.699582,4,-1.5625,-2.345,,5.949495076615046
2026-05-17,20.12,logs/5-17 20.12/log0007.csv,1.3948,5.624956,6,-3.1266666666666665,-3.91,,2.6145643359203588
2026-05-17,20.12,logs/5-17 20.12/log0007.csv,1.3948,6.225371,11,-0.2127272727272728,0.0,,3.8616371940126406
2026-05-17,20.12,logs/5-17 20.12/log0007.csv,1.3948,6.565505,1,-1.56,-1.56,,
2026-05-17,20.12,logs/5-17 20.12/log0007.csv,1.45,4.399962,1,-0.78,-0.78,,
2026-05-17,20.12,logs/5-17 20.12/log0007.csv,1.45,5.624956,3,-3.9066666666666654,-3.91,,1.5650026624045508
2026-05-17,20.12,logs/5-17 20.12/log0007.csv,1.45,6.225371,5,-1.876,0.0,,2.9550177664440533
2026-05-17,20.12,logs/5-17 20.12/log0007.csv,1.45,6.565505,1,4.69,4.69,,
2026-05-17,20.12,logs/5-17 20.12/log0007.csv,1.45,7.731196,1,-7.03,-7.03,,
2026-05-17,20.12,logs/5-17 20.12/log0007.csv,1.4801,4.699582,1,-0.78,-0.78,,
2026-05-17,20.12,logs/5-17 20.12/log0007.csv,1.4801,5.624956,2,-2.735,-2.735,,0.5586143571373726
2026-05-17,20.12,logs/5-17 20.12/log0007.csv,1.4801,6.225371,1,3.13,3.13,,
2026-05-17,20.12,logs/5-17 20.12/log0007.csv,1.4801,6.565505,1,3.13,3.13,,
2026-05-17,20.12,logs/5-17 20.12/log0007.csv,1.4801,7.731196,9,0.0877777777777778,-0.78,,5.445979658834987
2026-05-17,20.12,logs/5-17 20.12/log0007.csv,1.4801,8.044332,2,1.56,1.56,,0.0
2026-05-17,20.12,logs/5-17 20.12/log0007.csv,1.5473,5.624956,1,0.78,0.78,,
2026-05-17,20.12,logs/5-17 20.12/log0007.csv,1.5473,6.225371,3,-1.3,-0.78,,4.711570863310876
2026-05-17,20.12,logs/5-17 20.12/log0007.csv,1.5473,6.565505,8,-2.4425,-3.52,,3.1943465685488794
2026-05-17,20.12,logs/5-17 20.12/log0007.csv,1.5473,7.731196,29,-1.3186206896551724,-0.78,,2.363539603672441
2026-05-17,20.12,logs/5-17 20.12/log0007.csv,1.5473,8.044332,35,0.3125714285714285,0.0,,2.17779211298851
2026-05-17,20.12,logs/5-17 20.12/log0007.csv,1.5473,9.456532,2,1.175,1.175,,3.867874093090415
2026-05-17,20.12,logs/5-17 20.12/log0007.csv,1.593,5.624956,1,-1.56,-1.56,,
2026-05-17,20.12,logs/5-17 20.12/log0007.csv,1.593,6.565505,1,-0.78,-0.78,,
2026-05-17,20.12,logs/5-17 20.12/log0007.csv,1.593,7.731196,2,-2.735,-2.735,,0.5586143571373726
2026-05-17,20.12,logs/5-17 20.12/log0007.csv,1.593,8.044332,21,-0.8542857142857142,-1.56,,2.96392235294478
2026-05-17,20.12,logs/5-17 20.12/log0007.csv,1.593,9.456532,132,0.1130303030303029,-0.78,,4.136095060587915
2026-05-17,20.12,logs/5-17 20.12/log0007.csv,1.593,9.9646,39,-0.4812820512820513,-0.78,,3.860435058307056
2026-05-17,20.12,logs/5-17 20.12/log0007.csv,1.6417,4.699582,2,-7.425000000000001,-7.425000000000001,,3.867874093090415
2026-05-17,20.12,logs/5-17 20.12/log0007.csv,1.6417,5.624956,2,-5.86,-5.86,,8.287291475506338
2026-05-17,20.12,logs/5-17 20.12/log0007.csv,1.6417,6.565505,1,0.0,0.0,,
2026-05-17,20.12,logs/5-17 20.12/log0007.csv,1.6417,7.731196,3,-3.126666666666667,-4.69,,3.4056766337004656
2026-05-17,20.12,logs/5-17 20.12/log0007.csv,1.6417,8.044332,6,-2.2116666666666664,-1.95,,1.7420495591878742
2026-05-17,20.12,logs/5-17 20.12/log0007.csv,1.6417,9.456532,60,-0.8186666666666668,-1.56,,2.505097492379824
2026-05-17,20.12,logs/5-17 20.12/log0007.csv,1.6417,9.9646,285,0.8037894736842106,1.56,,6.205081773407789
2026-05-17,20.12,logs/5-17 20.12/log0007.csv,1.6417,11.0771,326,0.891840490797546,1.17,,4.057644597435055
2026-05-17,20.12,logs/5-17 20.12/log0007.csv,1.6417,12.5195,6,0.5216666666666668,0.0,,2.550736494949384
2026-05-17,20.12,logs/5-17 20.12/log0007.csv,1.68,5.624956,2,1.955,1.955,,3.867874093090416
2026-05-17,20.12,logs/5-17 20.12/log0007.csv,1.68,6.225371,1,-1.56,-1.56,,
2026-05-17,20.12,logs/5-17 20.12/log0007.csv,1.68,8.044332,2,-2.7350000000000003,-2.7350000000000003,,2.764787514439401
2026-05-17,20.12,logs/5-17 20.12/log0007.csv,1.68,9.456532,2,-0.395,-0.395,,3.867874093090416
2026-05-17,20.12,logs/5-17 20.12/log0007.csv,1.68,9.9646,19,-0.2447368421052631,-1.56,,2.3440832570089047
2026-05-17,20.12,logs/5-17 20.12/log0007.csv,1.68,11.0771,333,0.125045045045045,0.78,,6.549740113561279
2026-05-17,20.12,logs/5-17 20.12/log0007.csv,1.68,12.5195,400,1.091925,1.56,,3.601414306476309
2026-05-17,20.12,logs/5-17 20.12/log0007.csv,1.7451,8.044332,1,-1.56,-1.56,,
2026-05-17,20.12,logs/5-17 20.12/log0007.csv,1.7451,9.456532,3,0.7833333333333332,0.78,,2.345001776829462
2026-05-17,20.12,logs/5-17 20.12/log0007.csv,1.7451,9.9646,2,-3.515,-3.515,,2.7647875144394005
2026-05-17,20.12,logs/5-17 20.12/log0007.csv,1.7451,11.0771,56,-2.78875,-1.56,,7.34682938725642
2026-05-17,20.12,logs/5-17 20.12/log0007.csv,1.7451,12.5195,1066,1.1250656660412757,1.56,,5.232061869295377
2026-05-17,20.12,logs/5-17 20.12/log0007.csv,1.7451,15.00816,262,1.035229007633588,0.0,,3.29371370148569
2026-05-17,20.12,logs/5-17 20.12/log0007.csv,1.7451,15.6572,1,-1.56,-1.56,,
2026-05-17,20.12,logs/5-17 20.12/log0007.csv,1.7451,17.54912,1,1.56,1.56,,
2026-05-17,20.12,logs/5-17 20.12/log0007.csv,1.81,8.044332,1,3.91,3.91,,
2026-05-17,20.12,logs/5-17 20.12/log0007.csv,1.81,9.456532,1,-7.03,-7.03,,
2026-05-17,20.12,logs/5-17 20.12/log0007.csv,1.81,9.9646,1,-1.56,-1.56,,
2026-05-17,20.12,logs/5-17 20.12/log0007.csv,1.81,11.0771,2,-3.125,-3.125,,3.316330803764908
2026-05-17,20.12,logs/5-17 20.12/log0007.csv,1.81,12.5195,74,-0.1678378378378378,-1.56,,4.446519731966549
2026-05-17,20.12,logs/5-17 20.12/log0007.csv,1.81,15.00816,947,2.228109820485745,1.56,,4.403975634779578
2026-05-17,20.12,logs/5-17 20.12/log0007.csv,1.81,15.6572,805,1.843354037267081,1.56,,3.999683934045652
2026-05-17,20.12,logs/5-17 20.12/log0007.csv,1.81,17.54912,1,7.03,7.03,,
2026-05-17,20.12,logs/5-17 20.12/log0007.csv,1.85,5.624956,1,-3.13,-3.13,,
2026-05-17,20.12,logs/5-17 20.12/log0007.csv,1.85,9.456532,1,1.56,1.56,,
2026-05-17,20.12,logs/5-17 20.12/log0007.csv,1.85,9.9646,2,-3.515,-3.515,,3.867874093090415
2026-05-17,20.12,logs/5-17 20.12/log0007.csv,1.85,12.5195,4,-0.3874999999999999,-1.56,,2.888498745023096
2026-05-17,20.12,logs/5-17 20.12/log0007.csv,1.85,15.00816,40,-0.54575,-1.56,,3.94904654997205
2026-05-17,20.12,logs/5-17 20.12/log0007.csv,1.85,15.6572,1213,2.038878812860676,1.56,,4.114378261399385
2026-05-17,20.12,logs/5-17 20.12/log0007.csv,1.85,17.54912,2042,2.557757100881489,3.13,,3.742683388343279
2026-05-17,20.12,logs/5-17 20.12/log0007.csv,1.91,6.565505,1,-0.78,-0.78,,
2026-05-17,20.12,logs/5-17 20.12/log0007.csv,1.91,8.044332,1,0.78,0.78,,
2026-05-17,20.12,logs/5-17 20.12/log0007.csv,1.91,9.456532,1,-0.78,-0.78,,
2026-05-17,20.12,logs/5-17 20.12/log0007.csv,1.91,11.0771,3,-1.5633333333333337,-3.13,,4.138711554739389
2026-05-17,20.12,logs/5-17 20.12/log0007.csv,1.91,12.5195,2,-1.56,-1.56,,1.103086578651014
2026-05-17,20.12,logs/5-17 20.12/log0007.csv,1.91,15.00816,2,0.39,0.39,,1.6546298679765212
2026-05-17,20.12,logs/5-17 20.12/log0007.csv,1.91,15.6572,13,-2.043076923076923,-0.78,,3.323483074063977
2026-05-17,20.12,logs/5-17 20.12/log0007.csv,1.91,17.54912,2436,3.357770935960591,3.13,,4.461715933854096
2026-05-17,20.12,logs/5-17 20.12/log0007.csv,1.91,20.13153,1279,3.062861610633308,2.34,,5.091051396748892
2026-05-17,20.12,logs/5-17 20.12/log0007.csv,1.91,22.0675,2,0.39,0.39,,1.6546298679765212
2026-05-17,20.12,logs/5-17 20.12/log0007.csv,1.9888,15.00816,4,-0.975,-1.17,,3.2162348587543583
2026-05-17,20.12,logs/5-17 20.12/log0007.csv,1.9888,15.6572,3,-4.426666666666667,-5.47,,2.513052592631784
2026-05-17,20.12,logs/5-17 20.12/log0007.csv,1.9888,17.54912,27,0.2614814814814815,-1.56,,4.581448128219608
2026-05-17,20.12,logs/5-17 20.12/log0007.csv,1.9888,20.13153,2969,3.473539912428427,3.13,,4.999065630199362
2026-05-17,20.12,logs/5-17 20.12/log0007.csv,1.9888,22.0675,790,2.149379746835443,1.56,,4.376138518682543
2026-05-17,20.12,logs/5-17 20.12/log0007.csv,1.9888,24.28007,1,3.91,3.91,,
2026-05-17,20.12,logs/5-17 20.12/log0007.csv,2.05,15.00816,1,0.0,0.0,,
2026-05-17,20.12,logs/5-17 20.12/log0007.csv,2.05,15.6572,2,-1.17,-1.17,,0.551543289325507
2026-05-17,20.12,logs/5-17 20.12/log0007.csv,2.05,17.54912,6,-0.3899999999999999,0.0,,1.373331715209403
2026-05-17,20.12,logs/5-17 20.12/log0007.csv,2.05,20.13153,109,2.5310091743119267,3.13,,7.513682943772961
2026-05-17,20.12,logs/5-17 20.12/log0007.csv,2.05,22.0675,3367,2.947044847044847,2.34,,4.781101434376355
2026-05-17,20.12,logs/5-17 20.12/log0007.csv,2.05,24.28007,1560,2.837403846153846,2.34,,4.553357527788385
2026-05-17,20.12,logs/5-17 20.12/log0007.csv,2.05,27.4473,1,-0.78,-0.78,,
2026-05-17,20.12,logs/5-17 20.12/log0007.csv,2.1152,12.5195,1,-0.78,-0.78,,
2026-05-17,20.12,logs/5-17 20.12/log0007.csv,2.1152,17.54912,1,-10.16,-10.16,,
2026-05-17,20.12,logs/5-17 20.12/log0007.csv,2.1152,20.13153,3,0.7799999999999999,0.0,,1.3509996299037244
2026-05-17,20.12,logs/5-17 20.12/log0007.csv,2.1152,22.0675,22,0.1081818181818183,-1.56,,6.709186762416665
2026-05-17,20.12,logs/5-17 20.12/log0007.csv,2.1152,24.28007,2282,3.4875021910604733,3.13,,4.776224856158303
2026-05-17,20.12,logs/5-17 20.12/log0007.csv,2.1152,27.4473,1162,2.830103270223752,2.735,,4.777947511041395
2026-05-17,20.12,logs/5-17 20.12/log0007.csv,2.1152,30.91469,1,0.78,0.78,,
2026-05-17,20.12,logs/5-17 20.12/log0007.csv,2.1682,7.731196,1,-0.78,-0.78,,
2026-05-17,20.12,logs/5-17 20.12/log0007.csv,2.1682,11.0771,1,-4.69,-4.69,,
2026-05-17,20.12,logs/5-17 20.12/log0007.csv,2.1682,12.5195,1,0.0,0.0,,
2026-05-17,20.12,logs/5-17 20.12/log0007.csv,2.1682,15.6572,1,-0.78,-0.78,,
2026-05-17,20.12,logs/5-17 20.12/log0007.csv,2.1682,17.54912,1,-7.81,-7.81,,
2026-05-17,20.12,logs/5-17 20.12/log0007.csv,2.1682,20.13153,3,-1.04,-0.78,,4.305891313073287
2026-05-17,20.12,logs/5-17 20.12/log0007.csv,2.1682,22.0675,1,-2.34,-2.34,,
2026-05-17,20.12,logs/5-17 20.12/log0007.csv,2.1682,24.28007,33,1.799393939393939,2.34,,4.317012088379197
2026-05-17,20.12,logs/5-17 20.12/log0007.csv,2.1682,27.4473,2685,2.9780819366852884,2.34,,5.1399938539766
2026-05-17,20.12,logs/5-17 20.12/log0007.csv,2.1682,30.91469,991,2.1437033299697275,1.56,,4.947683256315757
2026-05-17,20.12,logs/5-17 20.12/log0007.csv,2.1682,33.73144,3,-5.993333333333333,-3.91,,3.608439182435161
2026-05-17,20.12,logs/5-17 20.12/log0007.csv,2.253,11.0771,1,0.0,0.0,,
2026-05-17,20.12,logs/5-17 20.12/log0007.csv,2.253,15.00816,1,2.34,2.34,,
2026-05-17,20.12,logs/5-17 20.12/log0007.csv,2.253,17.54912,1,-3.13,-3.13,,
2026-05-17,20.12,logs/5-17 20.12/log0007.csv,2.253,20.13153,1,-10.16,-10.16,,
2026-05-17,20.12,logs/5-17 20.12/log0007.csv,2.253,22.0675,1,-1.56,-1.56,,
2026-05-17,20.12,logs/5-17 20.12/log0007.csv,2.253,24.28007,1,0.0,0.0,,
2026-05-17,20.12,logs/5-17 20.12/log0007.csv,2.253,27.4473,52,2.3140384615384617,0.78,,5.34958464930319
2026-05-17,20.12,logs/5-17 20.12/log0007.csv,2.253,30.91469,4207,2.3959995246018537,1.56,,4.759054911931431
2026-05-17,20.12,logs/5-17 20.12/log0007.csv,2.253,33.73144,595,1.6672436974789917,0.78,,4.78856544871981
2026-05-17,20.12,logs/5-17 20.12/log0007.csv,2.253,37.57346,1,1.56,1.56,,
2026-05-17,20.12,logs/5-17 20.12/log0007.csv,2.2849,12.5195,1,4.69,4.69,,
2026-05-17,20.12,logs/5-17 20.12/log0007.csv,2.2849,20.13153,1,-7.03,-7.03,,
2026-05-17,20.12,logs/5-17 20.12/log0007.csv,2.2849,22.0675,1,4.69,4.69,,
2026-05-17,20.12,logs/5-17 20.12/log0007.csv,2.2849,27.4473,3,0.26,0.78,,1.6236994795835835
2026-05-17,20.12,logs/5-17 20.12/log0007.csv,2.2849,30.91469,164,2.3678658536585364,2.34,,5.367873162495815
2026-05-17,20.12,logs/5-17 20.12/log0007.csv,2.2849,33.73144,5001,1.865130973805239,1.56,,5.177839192930039
2026-05-17,20.12,logs/5-17 20.12/log0007.csv,2.2849,37.57346,1188,1.6506060606060606,1.56,,5.001757329227956
2026-05-17,20.12,logs/5-17 20.12/log0007.csv,2.3877,12.5195,1,8.59,8.59,,
2026-05-17,20.12,logs/5-17 20.12/log0007.csv,2.3877,22.0675,2,-5.08,-5.08,,7.184204896855323
2026-05-17,20.12,logs/5-17 20.12/log0007.csv,2.3877,27.4473,1,0.0,0.0,,
2026-05-17,20.12,logs/5-17 20.12/log0007.csv,2.3877,33.73144,97,1.852474226804124,2.34,,5.173065667258276
2026-05-17,20.12,logs/5-17 20.12/log0007.csv,2.3877,37.57346,9412,1.963342541436464,1.56,,4.754241355281636
2026-05-17,20.12,logs/5-17 20.12/log0007.csv,2.3877,42.21833,346,1.838005780346821,1.56,,4.431604061994409
2026-05-17,20.12,logs/5-17 20.12/log0007.csv,2.449,22.0675,1,-0.78,-0.78,,
2026-05-17,20.12,logs/5-17 20.12/log0007.csv,2.449,30.91469,1,-3.13,-3.13,,
2026-05-17,20.12,logs/5-17 20.12/log0007.csv,2.449,33.73144,1,-4.69,-4.69,,
2026-05-17,20.12,logs/5-17 20.12/log0007.csv,2.449,37.57346,555,2.4464684684684683,2.34,,4.857662724475845
2026-05-17,20.12,logs/5-17 20.12/log0007.csv,2.449,42.21833,10543,2.154219861519492,1.56,,4.542447443412835
2026-05-17,20.12,logs/5-17 20.12/log0007.csv,2.449,47.37292,428,1.7838084112149533,1.17,,4.309065573622025
2026-05-17,20.12,logs/5-17 20.12/log0007.csv,2.5482,30.91469,1,-2.34,-2.34,,
2026-05-17,20.12,logs/5-17 20.12/log0007.csv,2.5482,37.57346,3,0.0033333333333332,-1.56,,2.707772762499345
2026-05-17,20.12,logs/5-17 20.12/log0007.csv,2.5482,42.21833,580,2.718655172413793,2.34,,4.541536673400908
2026-05-17,20.12,logs/5-17 20.12/log0007.csv,2.5482,47.37292,14148,2.445462962962963,1.56,,4.305939608991124
2026-05-17,20.12,logs/5-17 20.12/log0007.csv,2.5482,50.52607,2515,3.480059642147117,2.34,,4.676508690108569
2026-05-17,20.12,logs/5-17 20.12/log0007.csv,2.62,42.21833,3,3.3866666666666667,2.34,,5.54459496567002
2026-05-17,20.12,logs/5-17 20.12/log0007.csv,2.62,47.37292,17,2.5282352941176467,2.34,,4.7563027070589685
2026-05-17,20.12,logs/5-17 20.12/log0007.csv,2.62,50.52607,10838,5.082601956080458,3.91,,4.771191528393354
2026-05-17,20.12,logs/5-17 20.12/log0007.csv,2.62,58.53896,114,5.935175438596492,4.69,,4.593031126032256
2026-05-17,20.12,logs/5-17 20.12/log0007.csv,2.7327,30.91469,1,-1.56,-1.56,,
2026-05-17,20.12,logs/5-17 20.12/log0007.csv,2.7327,47.37292,1,-7.81,-7.81,,
2026-05-17,20.12,logs/5-17 20.12/log0007.csv,2.7327,50.52607,577,4.642564991334489,2.34,,4.480610543213149
2026-05-17,20.12,logs/5-17 20.12/log0007.csv,2.7327,58.53896,5630,3.0441563055062164,1.56,,3.293707846369219
2026-05-17,20.12,logs/5-17 20.12/log0007.csv,2.7327,67.17062,175,1.7298857142857145,1.56,,0.7251579206298563
2026-05-17,20.12,logs/5-17 20.12/log0007.csv,2.8274,47.37292,1,-0.78,-0.78,,
2026-05-17,20.12,logs/5-17 20.12/log0007.csv,2.8274,58.53896,7,1.2257142857142858,1.56,,0.8844368668415917
2026-05-17,20.12,logs/5-17 20.12/log0007.csv,2.8274,67.17062,647,1.549258114374034,1.56,,0.6606391078319981
2026-05-17,20.12,logs/5-17 20.12/log0007.csv,2.8274,72.78947,19,1.6010526315789475,1.56,,0.7107890352499672
2026-05-17,20.12,logs/5-17 20.12/log0007.csv,2.9125,67.17062,18,1.5166666666666666,1.56,,0.5657790048711079
2026-05-17,20.12,logs/5-17 20.12/log0007.csv,2.9125,72.78947,206,1.5789805825242718,1.56,,0.5138106604023251
2026-05-17,20.12,logs/5-17 20.12/log0007.csv,2.9125,84.14777,7,1.56,1.56,,0.0
2026-05-17,20.12,logs/5-17 20.12/log0007.csv,2.99,72.78947,1,1.56,1.56,,
2026-05-17,20.12,logs/5-17 20.12/log0007.csv,2.99,84.14777,78,1.55,1.56,,0.2946404368259506
2026-05-17,20.12,logs/5-17 20.12/log0007.csv,2.99,89.23958,13,1.44,1.56,,0.2929163703175362
2026-05-17,20.12,logs/5-17 20.12/log0007.csv,3.0654,89.23958,66,1.4772727272727273,1.56,,0.3653093334297783
2026-05-17,20.12,logs/5-17 20.12/log0007.csv,3.1508,89.23958,15,1.508,1.56,,0.4630211349696376
2026-05-17,20.12,logs/5-17 20.12/log0007.csv,3.1508,103.6679,38,1.436842105263158,1.56,,0.4632791771891649
2026-05-17,20.12,logs/5-17 20.12/log0007.csv,3.26,103.6679,1,1.56,1.56,,
2026-05-17,20.12,logs/5-17 20.12/log0007.csv,3.26,112.0047,6,2.21,2.34,,0.318433666561813
2026-05-17,20.12,logs/5-17 20.12/log0007.csv,3.408,135.7898,3,2.34,2.34,,0.0
2026-05-22,20.13,logs/5-22 20.13/log0001.csv,1.1804,3.89676,1,-4.69,-4.69,,
2026-05-22,20.13,logs/5-22 20.13/log0001.csv,1.2201,3.89676,15,-2.397333333333333,-3.91,,3.187642359099246
2026-05-22,20.13,logs/5-22 20.13/log0001.csv,1.2201,4.399962,3,-3.123333333333333,-1.56,,3.4056766337004656
2026-05-22,20.13,logs/5-22 20.13/log0001.csv,1.28,3.89676,13,-3.126153846153846,-3.91,,2.3227194494870966
2026-05-22,20.13,logs/5-22 20.13/log0001.csv,1.28,4.399962,5,-2.8120000000000003,-2.34,,1.1875478937710262
2026-05-22,20.13,logs/5-22 20.13/log0001.csv,1.3021,3.89676,5,-1.876,-2.34,,2.7949472266931985
2026-05-22,20.13,logs/5-22 20.13/log0001.csv,1.3021,4.399962,3,-3.9066666666666654,-3.91,,3.125001333333049
2026-05-22,20.13,logs/5-22 20.13/log0001.csv,1.3021,4.699582,1,-1.56,-1.56,,
2026-05-22,20.13,logs/5-22 20.13/log0001.csv,1.3628,3.89676,2,-3.125,-3.125,,2.2132442251138937
2026-05-22,20.13,logs/5-22 20.13/log0001.csv,1.3628,4.399962,4,-2.345,-2.345,,2.301919488890377
2026-05-22,20.13,logs/5-22 20.13/log0001.csv,1.3628,4.699582,4,-2.93,-2.7350000000000003,,1.613670763611132
2026-05-22,20.13,logs/5-22 20.13/log0001.csv,1.3628,5.624956,16,-1.7100000000000002,-3.91,,3.169441591195522
2026-05-22,20.13,logs/5-22 20.13/log0001.csv,1.3948,3.89676,2,-3.125,-3.125,,2.2132442251138937
2026-05-22,20.13,logs/5-22 20.13/log0001.csv,1.3948,4.399962,4,-2.93,-2.735,,1.954669622553472
2026-05-22,20.13,logs/5-22 20.13/log0001.csv,1.3948,4.699582,4,-2.1500000000000004,-3.125,,3.1488304707197776
2026-05-22,20.13,logs/5-22 20.13/log0001.csv,1.3948,5.624956,7,-1.1171428571428572,-3.91,,3.8796250432471537
2026-05-22,20.13,logs/5-22 20.13/log0001.csv,1.3948,6.225371,18,-1.781111111111111,-2.735,,2.7048255111470008
2026-05-22,20.13,logs/5-22 20.13/log0001.csv,1.3948,6.565505,4,-3.125,-3.125,,1.8071063425635288
2026-05-22,20.13,logs/5-22 20.13/log0001.csv,1.45,4.699582,4,-0.78,-1.56,,4.556146032192851
2026-05-22,20.13,logs/5-22 20.13/log0001.csv,1.45,5.624956,5,-0.7820000000000001,-0.78,,3.2239060159998463
2026-05-22,20.13,logs/5-22 20.13/log0001.csv,1.45,6.225371,13,-2.766153846153846,-3.13,,3.7426139226961377
2026-05-22,20.13,logs/5-22 20.13/log0001.csv,1.45,6.565505,38,-2.4476315789473686,-3.13,,1.959615839642
2026-05-22,20.13,logs/5-22 20.13/log0001.csv,1.45,7.731196,5,-1.874,-1.56,,1.187215229012836
2026-05-22,20.13,logs/5-22 20.13/log0001.csv,1.4801,4.699582,1,-4.69,-4.69,,
2026-05-22,20.13,logs/5-22 20.13/log0001.csv,1.4801,5.624956,4,-1.7575,-1.56,,1.7336738447585809
2026-05-22,20.13,logs/5-22 20.13/log0001.csv,1.4801,6.225371,1,-5.47,-5.47,,
2026-05-22,20.13,logs/5-22 20.13/log0001.csv,1.4801,6.565505,10,-1.251,-2.735,,3.8850466892661375
2026-05-22,20.13,logs/5-22 20.13/log0001.csv,1.4801,7.731196,39,-1.6623076923076925,-1.56,,2.9246002529706714
2026-05-22,20.13,logs/5-22 20.13/log0001.csv,1.4801,8.044332,6,-2.998333333333333,-3.91,,2.286957950349474
2026-05-22,20.13,logs/5-22 20.13/log0001.csv,1.5473,3.89676,1,-4.69,-4.69,,
2026-05-22,20.13,logs/5-22 20.13/log0001.csv,1.5473,4.699582,2,1.95,1.95,,0.5515432893255069
2026-05-22,20.13,logs/5-22 20.13/log0001.csv,1.5473,5.624956,2,-1.17,-1.17,,0.551543289325507
2026-05-22,20.13,logs/5-22 20.13/log0001.csv,1.5473,6.225371,2,-1.955,-1.955,,3.867874093090416
2026-05-22,20.13,logs/5-22 20.13/log0001.csv,1.5473,6.565505,8,-0.6824999999999999,-0.78,,4.016031267664277
2026-05-22,20.13,logs/5-22 20.13/log0001.csv,1.5473,7.731196,80,-1.23075,-0.78,,2.7288425584596783
2026-05-22,20.13,logs/5-22 20.13/log0001.csv,1.5473,8.044332,80,0.195,-0.39,,3.286604188004328
2026-05-22,20.13,logs/5-22 20.13/log0001.csv,1.5473,9.456532,34,2.6214705882352938,3.91,,2.972854084579269
2026-05-22,20.13,logs/5-22 20.13/log0001.csv,1.593,6.225371,3,-1.0433333333333332,-3.13,,4.307404477563413
2026-05-22,20.13,logs/5-22 20.13/log0001.csv,1.593,6.565505,2,-0.78,-0.78,,1.1030865786510142
2026-05-22,20.13,logs/5-22 20.13/log0001.csv,1.593,7.731196,6,0.9133333333333332,-0.78,,4.540654872005431
2026-05-22,20.13,logs/5-22 20.13/log0001.csv,1.593,8.044332,47,-0.3153191489361702,-0.78,,2.894898699935149
2026-05-22,20.13,logs/5-22 20.13/log0001.csv,1.593,9.456532,321,1.5828660436137072,1.56,,3.457766061364565
2026-05-22,20.13,logs/5-22 20.13/log0001.csv,1.593,9.9646,164,1.958719512195122,2.34,,2.961661189366287
2026-05-22,20.13,logs/5-22 20.13/log0001.csv,1.6417,4.699582,2,-2.345,-2.345,,1.1101576464628795
2026-05-22,20.13,logs/5-22 20.13/log0001.csv,1.6417,5.624956,3,0.2599999999999998,0.0,,5.084987708933031
2026-05-22,20.13,logs/5-22 20.13/log0001.csv,1.6417,6.225371,2,-2.345,-2.345,,3.316330803764908
2026-05-22,20.13,logs/5-22 20.13/log0001.csv,1.6417,6.565505,1,-3.91,-3.91,,
2026-05-22,20.13,logs/5-22 20.13/log0001.csv,1.6417,7.731196,4,-2.345,-2.345,,1.4295570409512637
2026-05-22,20.13,logs/5-22 20.13/log0001.csv,1.6417,8.044332,6,-0.65,-1.17,,2.288440517033379
2026-05-22,20.13,logs/5-22 20.13/log0001.csv,1.6417,9.456532,102,0.4222549019607843,-0.78,,3.660073825707509
2026-05-22,20.13,logs/5-22 20.13/log0001.csv,1.6417,9.9646,580,1.201241379310345,0.78,,3.150577134454905
2026-05-22,20.13,logs/5-22 20.13/log0001.csv,1.6417,11.0771,835,1.8148263473053887,2.34,,3.314239181878804
2026-05-22,20.13,logs/5-22 20.13/log0001.csv,1.6417,12.5195,6,1.0433333333333332,1.955,,4.0357783222900965
2026-05-22,20.13,logs/5-22 20.13/log0001.csv,1.68,4.399962,1,-6.25,-6.25,,
2026-05-22,20.13,logs/5-22 20.13/log0001.csv,1.68,7.731196,2,-3.125,-3.125,,3.316330803764908
2026-05-22,20.13,logs/5-22 20.13/log0001.csv,1.68,8.044332,2,3.13,3.13,,0.0
2026-05-22,20.13,logs/5-22 20.13/log0001.csv,1.68,9.456532,2,-1.56,-1.56,,0.0
2026-05-22,20.13,logs/5-22 20.13/log0001.csv,1.68,9.9646,25,0.5316000000000001,-0.78,,3.484367087434962
2026-05-22,20.13,logs/5-22 20.13/log0001.csv,1.68,11.0771,470,1.6762340425531916,1.56,,3.3692823586759064
2026-05-22,20.13,logs/5-22 20.13/log0001.csv,1.68,12.5195,788,0.947271573604061,0.78,,3.369417286592124
2026-05-22,20.13,logs/5-22 20.13/log0001.csv,1.68,15.00816,1,-13.28,-13.28,,
2026-05-22,20.13,logs/5-22 20.13/log0001.csv,1.68,15.6572,1,-3.91,-3.91,,
2026-05-22,20.13,logs/5-22 20.13/log0001.csv,1.7451,4.699582,1,-3.91,-3.91,,
2026-05-22,20.13,logs/5-22 20.13/log0001.csv,1.7451,5.624956,2,-4.6850000000000005,-4.6850000000000005,,3.3163308037649086
2026-05-22,20.13,logs/5-22 20.13/log0001.csv,1.7451,7.731196,1,-0.78,-0.78,,
2026-05-22,20.13,logs/5-22 20.13/log0001.csv,1.7451,8.044332,1,2.34,2.34,,
2026-05-22,20.13,logs/5-22 20.13/log0001.csv,1.7451,9.456532,2,-3.52,-3.52,,0.5515432893255072
2026-05-22,20.13,logs/5-22 20.13/log0001.csv,1.7451,9.9646,1,-0.78,-0.78,,
2026-05-22,20.13,logs/5-22 20.13/log0001.csv,1.7451,11.0771,67,0.3737313432835821,-0.78,,3.605103216200232
2026-05-22,20.13,logs/5-22 20.13/log0001.csv,1.7451,12.5195,1922,1.2019927159209158,0.78,,3.823891704912621
2026-05-22,20.13,logs/5-22 20.13/log0001.csv,1.7451,15.00816,342,0.2811111111111111,0.0,,3.774817071475382
2026-05-22,20.13,logs/5-22 20.13/log0001.csv,1.7451,15.6572,1,-0.78,-0.78,,
2026-05-22,20.13,logs/5-22 20.13/log0001.csv,1.7451,17.54912,2,-3.515,-3.515,,1.6617009357883872
2026-05-22,20.13,logs/5-22 20.13/log0001.csv,1.7451,27.4473,1,-3.91,-3.91,,
2026-05-22,20.13,logs/5-22 20.13/log0001.csv,1.81,5.624956,1,-4.69,-4.69,,
2026-05-22,20.13,logs/5-22 20.13/log0001.csv,1.81,6.565505,1,-0.78,-0.78,,
2026-05-22,20.13,logs/5-22 20.13/log0001.csv,1.81,7.731196,1,-5.47,-5.47,,
2026-05-22,20.13,logs/5-22 20.13/log0001.csv,1.81,8.044332,2,-1.56,-1.56,,0.0
2026-05-22,20.13,logs/5-22 20.13/log0001.csv,1.81,9.456532,1,-0.78,-0.78,,
2026-05-22,20.13,logs/5-22 20.13/log0001.csv,1.81,9.9646,1,-0.78,-0.78,,
2026-05-22,20.13,logs/5-22 20.13/log0001.csv,1.81,11.0771,4,0.1974999999999999,-0.78,,2.50216406336595
2026-05-22,20.13,logs/5-22 20.13/log0001.csv,1.81,12.5195,97,1.2169072164948451,0.0,,3.894921736704288
2026-05-22,20.13,logs/5-22 20.13/log0001.csv,1.81,15.00816,1661,0.1727754364840457,-0.78,,3.998908774740612
2026-05-22,20.13,logs/5-22 20.13/log0001.csv,1.81,15.6572,1415,0.5220565371024736,0.0,,4.192095116741217
2026-05-22,20.13,logs/5-22 20.13/log0001.csv,1.81,17.54912,4,-2.7350000000000003,-3.515,,2.591994084355389
2026-05-22,20.13,logs/5-22 20.13/log0001.csv,1.81,27.4473,1,-3.91,-3.91,,
2026-05-22,20.13,logs/5-22 20.13/log0001.csv,1.85,8.044332,3,-2.866666666666667,-3.91,,2.5130525926317846
2026-05-22,20.13,logs/5-22 20.13/log0001.csv,1.85,9.456532,1,0.0,0.0,,
2026-05-22,20.13,logs/5-22 20.13/log0001.csv,1.85,9.9646,1,3.13,3.13,,
2026-05-22,20.13,logs/5-22 20.13/log0001.csv,1.85,12.5195,8,0.49,-0.78,,2.397337809201818
2026-05-22,20.13,logs/5-22 20.13/log0001.csv,1.85,15.00816,58,1.428793103448276,0.0,,4.424958747983433
2026-05-22,20.13,logs/5-22 20.13/log0001.csv,1.85,15.6572,1817,1.1851073197578428,0.78,,4.144073378360746
2026-05-22,20.13,logs/5-22 20.13/log0001.csv,1.85,17.54912,2293,1.557845617095508,1.56,,3.937583537846124
2026-05-22,20.13,logs/5-22 20.13/log0001.csv,1.85,20.13153,3,0.7799999999999999,-0.78,,5.63436775512568
2026-05-22,20.13,logs/5-22 20.13/log0001.csv,1.91,6.225371,1,-1.56,-1.56,,
2026-05-22,20.13,logs/5-22 20.13/log0001.csv,1.91,8.044332,1,-1.56,-1.56,,
2026-05-22,20.13,logs/5-22 20.13/log0001.csv,1.91,11.0771,1,-5.47,-5.47,,
2026-05-22,20.13,logs/5-22 20.13/log0001.csv,1.91,12.5195,3,-1.3033333333333337,-0.78,,3.15769430650488
2026-05-22,20.13,logs/5-22 20.13/log0001.csv,1.91,15.00816,1,-1.56,-1.56,,
2026-05-22,20.13,logs/5-22 20.13/log0001.csv,1.91,15.6572,12,0.7808333333333333,0.0,,2.7061998123276902
2026-05-22,20.13,logs/5-22 20.13/log0001.csv,1.91,17.54912,3094,2.114431157078216,2.34,,4.131371026620332
2026-05-22,20.13,logs/5-22 20.13/log0001.csv,1.91,20.13153,2043,2.020993636808615,2.34,,3.808729488273861
2026-05-22,20.13,logs/5-22 20.13/log0001.csv,1.91,22.0675,4,3.5175,3.91,,7.696832140562765
2026-05-22,20.13,logs/5-22 20.13/log0001.csv,1.9888,12.5195,1,-1.56,-1.56,,
2026-05-22,20.13,logs/5-22 20.13/log0001.csv,1.9888,15.00816,4,-2.1475,-1.56,,1.734423535356921
2026-05-22,20.13,logs/5-22 20.13/log0001.csv,1.9888,15.6572,2,2.345,2.345,,4.419417382415922
2026-05-22,20.13,logs/5-22 20.13/log0001.csv,1.9888,17.54912,55,1.9461818181818185,0.78,,4.139687987396711
2026-05-22,20.13,logs/5-22 20.13/log0001.csv,1.9888,20.13153,4673,1.8634645837791568,1.56,,4.203480115196244
2026-05-22,20.13,logs/5-22 20.13/log0001.csv,1.9888,22.0675,1242,1.250024154589372,0.78,,3.857688002918443
2026-05-22,20.13,logs/5-22 20.13/log0001.csv,1.9888,24.28007,2,-3.515,-3.515,,1.6617009357883872
2026-05-22,20.13,logs/5-22 20.13/log0001.csv,1.9888,27.4473,2,-1.565,-1.565,,5.522503961066936
2026-05-22,20.13,logs/5-22 20.13/log0001.csv,1.9888,30.91469,1,1.56,1.56,,
2026-05-22,20.13,logs/5-22 20.13/log0001.csv,2.05,9.456532,1,-4.69,-4.69,,
2026-05-22,20.13,logs/5-22 20.13/log0001.csv,2.05,12.5195,1,-1.56,-1.56,,
2026-05-22,20.13,logs/5-22 20.13/log0001.csv,2.05,15.00816,1,4.69,4.69,,
2026-05-22,20.13,logs/5-22 20.13/log0001.csv,2.05,15.6572,1,-3.91,-3.91,,
2026-05-22,20.13,logs/5-22 20.13/log0001.csv,2.05,17.54912,6,-0.6483333333333333,-1.17,,4.375904097060021
2026-05-22,20.13,logs/5-22 20.13/log0001.csv,2.05,20.13153,125,1.33808,0.78,,4.346967370032703
2026-05-22,20.13,logs/5-22 20.13/log0001.csv,2.05,22.0675,4386,1.533953488372093,0.78,,4.195131435880497
2026-05-22,20.13,logs/5-22 20.13/log0001.csv,2.05,24.28007,2174,1.7572815087396505,1.56,,4.267851193763766
2026-05-22,20.13,logs/5-22 20.13/log0001.csv,2.05,27.4473,8,-1.855,-1.56,,8.063055075023184
2026-05-22,20.13,logs/5-22 20.13/log0001.csv,2.05,30.91469,1,-4.69,-4.69,,
2026-05-22,20.13,logs/5-22 20.13/log0001.csv,2.05,33.73144,2,-0.3900000000000001,-0.3900000000000001,,9.39037805415735
2026-05-22,20.13,logs/5-22 20.13/log0001.csv,2.1152,12.5195,1,-4.69,-4.69,,
2026-05-22,20.13,logs/5-22 20.13/log0001.csv,2.1152,17.54912,2,2.345,2.345,,4.419417382415922
2026-05-22,20.13,logs/5-22 20.13/log0001.csv,2.1152,20.13153,2,-1.17,-1.17,,1.654629867976521
2026-05-22,20.13,logs/5-22 20.13/log0001.csv,2.1152,22.0675,18,1.7372222222222222,-0.78,,5.8986706434142535
2026-05-22,20.13,logs/5-22 20.13/log0001.csv,2.1152,24.28007,3083,1.50880960103795,1.56,,4.4015251962205335
2026-05-22,20.13,logs/5-22 20.13/log0001.csv,2.1152,27.4473,1505,1.2709169435215948,1.56,,4.269673016671633
2026-05-22,20.13,logs/5-22 20.13/log0001.csv,2.1152,30.91469,4,2.9275,3.515,,5.236629800421896
2026-05-22,20.13,logs/5-22 20.13/log0001.csv,2.1152,33.73144,2,-3.91,-3.91,,0.0
2026-05-22,20.13,logs/5-22 20.13/log0001.csv,2.1682,15.00816,3,0.7833333333333333,-0.78,,2.707772762499345
2026-05-22,20.13,logs/5-22 20.13/log0001.csv,2.1682,15.6572,3,0.7799999999999999,0.0,,1.350999629903724
2026-05-22,20.13,logs/5-22 20.13/log0001.csv,2.1682,17.54912,1,0.78,0.78,,
2026-05-22,20.13,logs/5-22 20.13/log0001.csv,2.1682,20.13153,2,-1.955,-1.955,,2.764787514439401
2026-05-22,20.13,logs/5-22 20.13/log0001.csv,2.1682,22.0675,3,2.8633333333333333,1.56,,7.510301813731145
2026-05-22,20.13,logs/5-22 20.13/log0001.csv,2.1682,24.28007,45,1.736222222222222,0.78,,5.670917549972478
2026-05-22,20.13,logs/5-22 20.13/log0001.csv,2.1682,27.4473,3810,1.281984251968504,0.78,,4.652774954855899
2026-05-22,20.13,logs/5-22 20.13/log0001.csv,2.1682,30.91469,1618,1.301458590852905,1.56,,4.510576642028721
2026-05-22,20.13,logs/5-22 20.13/log0001.csv,2.1682,33.73144,2,-1.56,-1.56,,1.103086578651014
2026-05-22,20.13,logs/5-22 20.13/log0001.csv,2.253,9.9646,2,-4.3,-4.3,,1.654629867976521
2026-05-22,20.13,logs/5-22 20.13/log0001.csv,2.253,11.0771,2,1.955,1.955,,6.074047250392443
2026-05-22,20.13,logs/5-22 20.13/log0001.csv,2.253,12.5195,2,2.345,2.345,,4.419417382415922
2026-05-22,20.13,logs/5-22 20.13/log0001.csv,2.253,22.0675,1,-3.13,-3.13,,
2026-05-22,20.13,logs/5-22 20.13/log0001.csv,2.253,24.28007,5,0.4659999999999998,1.56,,2.953960053893756
2026-05-22,20.13,logs/5-22 20.13/log0001.csv,2.253,27.4473,67,2.2270149253731346,1.56,,5.87169920554348
2026-05-22,20.13,logs/5-22 20.13/log0001.csv,2.253,30.91469,5881,1.3542458765516068,0.78,,4.572186415614119
2026-05-22,20.13,logs/5-22 20.13/log0001.csv,2.253,33.73144,816,0.4776838235294118,0.0,,4.364241130026393
2026-05-22,20.13,logs/5-22 20.13/log0001.csv,2.253,37.57346,2,-1.565,-1.565,,5.522503961066936
2026-05-22,20.13,logs/5-22 20.13/log0001.csv,2.2849,15.00816,1,-2.34,-2.34,,
2026-05-22,20.13,logs/5-22 20.13/log0001.csv,2.2849,15.6572,2,-0.39,-0.39,,0.5515432893255071
2026-05-22,20.13,logs/5-22 20.13/log0001.csv,2.2849,17.54912,1,-5.47,-5.47,,
2026-05-22,20.13,logs/5-22 20.13/log0001.csv,2.2849,20.13153,1,3.13,3.13,,
2026-05-22,20.13,logs/5-22 20.13/log0001.csv,2.2849,24.28007,3,-5.989999999999999,-5.47,,1.6236994795835833
2026-05-22,20.13,logs/5-22 20.13/log0001.csv,2.2849,27.4473,2,-0.78,-0.78,,1.1030865786510142
2026-05-22,20.13,logs/5-22 20.13/log0001.csv,2.2849,30.91469,163,1.6204294478527608,1.56,,4.729345914330975
2026-05-22,20.13,logs/5-22 20.13/log0001.csv,2.2849,33.73144,6480,0.8241527777777778,0.0,,4.650478126480063
2026-05-22,20.13,logs/5-22 20.13/log0001.csv,2.2849,37.57346,1706,0.8428370457209848,0.0,,4.2680581111663045
2026-05-22,20.13,logs/5-22 20.13/log0001.csv,2.2849,42.21833,1,-9.38,-9.38,,
2026-05-22,20.13,logs/5-22 20.13/log0001.csv,2.3877,15.6572,2,-1.17,-1.17,,0.551543289325507
2026-05-22,20.13,logs/5-22 20.13/log0001.csv,2.3877,20.13153,1,-4.69,-4.69,,
2026-05-22,20.13,logs/5-22 20.13/log0001.csv,2.3877,22.0675,3,-1.8233333333333333,-0.78,,2.5130525926317846
2026-05-22,20.13,logs/5-22 20.13/log0001.csv,2.3877,27.4473,2,0.3899999999999997,0.3899999999999997,,7.184204896855323
2026-05-22,20.13,logs/5-22 20.13/log0001.csv,2.3877,30.91469,3,-1.3,-1.56,,1.1914696806885183
2026-05-22,20.13,logs/5-22 20.13/log0001.csv,2.3877,33.73144,103,1.3358252427184467,0.0,,4.739244070663308
2026-05-22,20.13,logs/5-22 20.13/log0001.csv,2.3877,37.57346,11068,1.463791109504879,0.78,,4.277174628159244
2026-05-22,20.13,logs/5-22 20.13/log0001.csv,2.3877,42.21833,361,1.8331855955678669,1.56,,4.277459473333927
2026-05-22,20.13,logs/5-22 20.13/log0001.csv,2.3877,47.37292,1,-3.91,-3.91,,
2026-05-22,20.13,logs/5-22 20.13/log0001.csv,2.449,27.4473,1,3.91,3.91,,
2026-05-22,20.13,logs/5-22 20.13/log0001.csv,2.449,30.91469,1,0.78,0.78,,
2026-05-22,20.13,logs/5-22 20.13/log0001.csv,2.449,33.73144,2,2.7350000000000003,2.7350000000000003,,6.074047250392443
2026-05-22,20.13,logs/5-22 20.13/log0001.csv,2.449,37.57346,561,1.4110695187165776,0.78,,4.426059872724752
2026-05-22,20.13,logs/5-22 20.13/log0001.csv,2.449,42.21833,11193,1.0038801036362013,0.0,,3.8255601465501736
2026-05-22,20.13,logs/5-22 20.13/log0001.csv,2.449,47.37292,242,0.5392148760330578,0.0,,3.331651273902795
2026-05-22,20.13,logs/5-22 20.13/log0001.csv,2.5482,27.4473,1,-1.56,-1.56,,
2026-05-22,20.13,logs/5-22 20.13/log0001.csv,2.5482,30.91469,1,-1.56,-1.56,,
2026-05-22,20.13,logs/5-22 20.13/log0001.csv,2.5482,33.73144,1,-7.03,-7.03,,
2026-05-22,20.13,logs/5-22 20.13/log0001.csv,2.5482,37.57346,1,-0.78,-0.78,,
2026-05-22,20.13,logs/5-22 20.13/log0001.csv,2.5482,42.21833,703,0.3256187766714082,0.0,,2.9418641264039427
2026-05-22,20.13,logs/5-22 20.13/log0001.csv,2.5482,47.37292,9181,0.2986624550702538,0.0,,2.162759437632993
2026-05-22,20.13,logs/5-22 20.13/log0001.csv,2.5482,50.52607,701,0.1214978601997147,0.0,,1.2543135443322837
2026-05-22,20.13,logs/5-22 20.13/log0001.csv,2.62,37.57346,1,0.0,0.0,,
2026-05-22,20.13,logs/5-22 20.13/log0001.csv,2.62,42.21833,1,-0.78,-0.78,,
2026-05-22,20.13,logs/5-22 20.13/log0001.csv,2.62,47.37292,45,-0.0693333333333333,0.0,,0.3651799058496559
2026-05-22,20.13,logs/5-22 20.13/log0001.csv,2.62,50.52607,3483,0.0486678151019236,0.0,,0.8193262629598677
2026-05-22,20.13,logs/5-22 20.13/log0001.csv,2.62,58.53896,9,2.6911111111111112,0.0,,5.913314308500024
2026-05-22,20.13,logs/5-22 20.13/log0001.csv,2.7327,42.21833,1,-0.78,-0.78,,
2026-05-22,20.13,logs/5-22 20.13/log0001.csv,2.7327,50.52607,242,-0.0096694214876033,0.0,,0.5442813738461444
2026-05-22,20.13,logs/5-22 20.13/log0001.csv,2.7327,58.53896,1676,0.0111873508353221,0.0,,0.4659319898945202
2026-05-22,20.13,logs/5-22 20.13/log0001.csv,2.7327,67.17062,83,0.0940963855421686,0.0,,0.8572588705194815
2026-05-22,20.13,logs/5-22 20.13/log0001.csv,2.8274,58.53896,2,-0.39,-0.39,,0.5515432893255071
2026-05-22,20.13,logs/5-22 20.13/log0001.csv,2.8274,67.17062,370,0.0211351351351351,0.0,,0.319753136669327
2026-05-22,20.13,logs/5-22 20.13/log0001.csv,2.8274,72.78947,8,0.48875,0.0,,1.7193639812442276
2026-05-22,20.13,logs/5-22 20.13/log0001.csv,2.9125,67.17062,16,0.0,0.0,,0.0
2026-05-22,20.13,logs/5-22 20.13/log0001.csv,2.9125,72.78947,166,0.0282530120481927,0.0,,0.3640145965562699
2026-05-22,20.13,logs/5-22 20.13/log0001.csv,2.9125,84.14777,1,0.0,0.0,,
2026-05-22,20.13,logs/5-22 20.13/log0001.csv,2.99,72.78947,2,1.565,1.565,,2.2132442251138937
2026-05-22,20.13,logs/5-22 20.13/log0001.csv,2.99,84.14777,28,-0.0278571428571428,0.0,,0.1474061444735986
2026-05-22,20.13,logs/5-22 20.13/log0001.csv,2.99,89.23958,7,0.0,0.0,,0.0
2026-05-22,20.13,logs/5-22 20.13/log0001.csv,3.0654,89.23958,7,0.0,0.0,,0.0
2026-05-22,20.13,logs/5-22 20.13/log0001.csv,3.1508,103.6679,6,0.0,0.0,,0.0
2026-05-22,20.13,logs/5-22 20.13/log0001.csv,3.26,103.6679,1,0.0,0.0,,
2026-05-22,20.13,logs/5-22 20.13/log0001.csv,3.26,112.0047,7,0.0,0.0,,0.0
2026-05-22,20.13,logs/5-22 20.13/log0001.csv,3.408,135.7898,8,0.0,0.0,,0.0
2026-05-22,20.13,logs/5-22 20.13/log0001.csv,3.52,161.8488,5,0.0,0.0,,0.0
2026-05-22,20.13,logs/5-22 20.13/log0001.csv,3.52,172.4018,2,0.0,0.0,,0.0
2026-05-22,20.13,logs/5-22 20.13/log0001.csv,3.6137,172.4018,9,0.0,0.0,,0.0
2026-05-23,20.14,logs/5-23 20.14/log0001.csv,1.28,3.89676,5,-2.8120000000000003,-0.78,,3.154563361227668
2026-05-23,20.14,logs/5-23 20.14/log0001.csv,1.28,4.399962,6,-4.166666666666667,-5.47,,3.750608839464157
2026-05-23,20.14,logs/5-23 20.14/log0001.csv,1.3021,3.89676,1,0.0,0.0,,
2026-05-23,20.14,logs/5-23 20.14/log0001.csv,1.3021,4.399962,1,-2.34,-2.34,,
2026-05-23,20.14,logs/5-23 20.14/log0001.csv,1.3628,4.399962,1,-6.25,-6.25,,
2026-05-23,20.14,logs/5-23 20.14/log0001.csv,1.3628,4.699582,1,-2.34,-2.34,,
2026-05-23,20.14,logs/5-23 20.14/log0001.csv,1.3628,5.624956,7,-2.341428571428572,-2.34,,0.9035564651499572
2026-05-23,20.14,logs/5-23 20.14/log0001.csv,1.3628,6.225371,1,-2.34,-2.34,,
2026-05-23,20.14,logs/5-23 20.14/log0001.csv,1.3948,4.699582,3,-4.6866666666666665,-5.47,,2.0693557773696947
2026-05-23,20.14,logs/5-23 20.14/log0001.csv,1.3948,5.624956,5,-3.124,-4.69,,3.7899577834060367
2026-05-23,20.14,logs/5-23 20.14/log0001.csv,1.3948,6.225371,9,-2.17,-2.34,,4.765136409380113
2026-05-23,20.14,logs/5-23 20.14/log0001.csv,1.3948,6.565505,2,-5.075,-5.075,,4.9709606717414285
2026-05-23,20.14,logs/5-23 20.14/log0001.csv,1.45,5.624956,1,-3.91,-3.91,,
2026-05-23,20.14,logs/5-23 20.14/log0001.csv,1.45,6.225371,7,-1.2257142857142855,-2.34,,4.394006740788552
2026-05-23,20.14,logs/5-23 20.14/log0001.csv,1.45,6.565505,5,-0.466,-0.78,,2.5676019940793005
2026-05-23,20.14,logs/5-23 20.14/log0001.csv,1.45,7.731196,2,-7.03,-7.03,,7.73574818618083
2026-05-23,20.14,logs/5-23 20.14/log0001.csv,1.4801,6.225371,3,-1.3033333333333337,0.78,,4.301654720376025
2026-05-23,20.14,logs/5-23 20.14/log0001.csv,1.4801,6.565505,6,0.3933333333333333,-1.17,,3.519213927380185
2026-05-23,20.14,logs/5-23 20.14/log0001.csv,1.4801,7.731196,17,0.5970588235294118,0.78,,1.4215210370668203
2026-05-23,20.14,logs/5-23 20.14/log0001.csv,1.5473,6.225371,2,-6.640000000000001,-6.640000000000001,,2.7577164466275352
2026-05-23,20.14,logs/5-23 20.14/log0001.csv,1.5473,6.565505,4,-2.1500000000000004,-1.955,,5.194375162936668
2026-05-23,20.14,logs/5-23 20.14/log0001.csv,1.5473,7.731196,26,-1.2003846153846154,-1.56,,2.6909499895304343
2026-05-23,20.14,logs/5-23 20.14/log0001.csv,1.5473,8.044332,29,-2.1006896551724137,-0.78,,3.647209237440989
2026-05-23,20.14,logs/5-23 20.14/log0001.csv,1.5473,9.456532,3,0.2633333333333333,-0.78,,2.513052592631784
2026-05-23,20.14,logs/5-23 20.14/log0001.csv,1.593,4.399962,1,-5.47,-5.47,,
2026-05-23,20.14,logs/5-23 20.14/log0001.csv,1.593,7.731196,2,0.7799999999999998,0.7799999999999998,,7.73574818618083
2026-05-23,20.14,logs/5-23 20.14/log0001.csv,1.593,8.044332,11,-2.271818181818181,-1.56,,3.3237834411460025
2026-05-23,20.14,logs/5-23 20.14/log0001.csv,1.593,9.456532,71,-0.8030985915492957,-0.78,,3.616951198987225
2026-05-23,20.14,logs/5-23 20.14/log0001.csv,1.593,9.9646,11,-2.059090909090909,-2.34,,3.011977604649326
2026-05-23,20.14,logs/5-23 20.14/log0001.csv,1.6417,8.044332,1,0.0,0.0,,
2026-05-23,20.14,logs/5-23 20.14/log0001.csv,1.6417,9.456532,24,-1.9204166666666669,-1.95,,3.8136738867518223
2026-05-23,20.14,logs/5-23 20.14/log0001.csv,1.6417,9.9646,99,-0.3945454545454546,-1.56,,3.6503229582385455
2026-05-23,20.14,logs/5-23 20.14/log0001.csv,1.6417,11.0771,59,-0.952542372881356,-1.56,,3.115537587540949
2026-05-23,20.14,logs/5-23 20.14/log0001.csv,1.6417,12.5195,1,-3.13,-3.13,,
2026-05-23,20.14,logs/5-23 20.14/log0001.csv,1.68,7.731196,1,-6.25,-6.25,,
2026-05-23,20.14,logs/5-23 20.14/log0001.csv,1.68,9.456532,1,-4.69,-4.69,,
2026-05-23,20.14,logs/5-23 20.14/log0001.csv,1.68,9.9646,3,0.2633333333333333,3.13,,4.965212315030781
2026-05-23,20.14,logs/5-23 20.14/log0001.csv,1.68,11.0771,70,0.0901428571428571,-0.78,,3.174905906562893
2026-05-23,20.14,logs/5-23 20.14/log0001.csv,1.68,12.5195,45,-0.3828888888888889,0.0,,3.07462534467226
2026-05-23,20.14,logs/5-23 20.14/log0001.csv,1.68,15.00816,1,2.34,2.34,,
2026-05-23,20.14,logs/5-23 20.14/log0001.csv,1.7451,4.699582,1,-0.78,-0.78,,
2026-05-23,20.14,logs/5-23 20.14/log0001.csv,1.7451,6.565505,2,-0.7799999999999999,-0.7799999999999999,,2.206173157302028
2026-05-23,20.14,logs/5-23 20.14/log0001.csv,1.7451,11.0771,10,-1.719,-1.56,,2.4651051363650462
2026-05-23,20.14,logs/5-23 20.14/log0001.csv,1.7451,12.5195,111,-1.2534234234234234,-1.56,,3.166618929766486
2026-05-23,20.14,logs/5-23 20.14/log0001.csv,1.7451,15.00816,22,-3.1977272727272723,-3.91,,2.350387874409916
2026-05-23,20.14,logs/5-23 20.14/log0001.csv,1.81,5.624956,1,-2.34,-2.34,,
2026-05-23,20.14,logs/5-23 20.14/log0001.csv,1.81,11.0771,2,-1.175,-1.175,,3.867874093090415
2026-05-23,20.14,logs/5-23 20.14/log0001.csv,1.81,12.5195,11,1.4909090909090912,1.56,,4.695424271661624
2026-05-23,20.14,logs/5-23 20.14/log0001.csv,1.81,15.00816,225,-2.056222222222222,-3.13,,3.4637475117850074
2026-05-23,20.14,logs/5-23 20.14/log0001.csv,1.81,15.6572,183,-3.4085792349726773,-3.91,,2.7464116754803527
2026-05-23,20.14,logs/5-23 20.14/log0001.csv,1.85,5.624956,1,-0.78,-0.78,,
2026-05-23,20.14,logs/5-23 20.14/log0001.csv,1.85,8.044332,1,-5.47,-5.47,,
2026-05-23,20.14,logs/5-23 20.14/log0001.csv,1.85,11.0771,1,-5.47,-5.47,,
2026-05-23,20.14,logs/5-23 20.14/log0001.csv,1.85,12.5195,4,-2.7375,-3.52,,1.8616726350247512
2026-05-23,20.14,logs/5-23 20.14/log0001.csv,1.85,15.00816,6,-1.5633333333333337,-0.78,,7.192770444457871
2026-05-23,20.14,logs/5-23 20.14/log0001.csv,1.85,15.6572,201,-2.6833830845771143,-3.13,,2.293072719630243
2026-05-23,20.14,logs/5-23 20.14/log0001.csv,1.85,17.54912,259,-2.1414671814671813,-2.34,,2.151367549992116
2026-05-23,20.14,logs/5-23 20.14/log0001.csv,1.91,6.565505,1,-7.03,-7.03,,
2026-05-23,20.14,logs/5-23 20.14/log0001.csv,1.91,15.00816,1,0.0,0.0,,
2026-05-23,20.14,logs/5-23 20.14/log0001.csv,1.91,15.6572,3,-0.5199999999999999,0.0,,4.711570863310876
2026-05-23,20.14,logs/5-23 20.14/log0001.csv,1.91,17.54912,351,-2.085840455840456,-2.34,,2.1018388731676483
2026-05-23,20.14,logs/5-23 20.14/log0001.csv,1.91,20.13153,270,-2.1617777777777776,-2.34,,2.1060503623779674
2026-05-23,20.14,logs/5-23 20.14/log0001.csv,1.9888,15.00816,1,0.0,0.0,,
2026-05-23,20.14,logs/5-23 20.14/log0001.csv,1.9888,17.54912,8,0.39125,0.39,,3.2376156901557755
2026-05-23,20.14,logs/5-23 20.14/log0001.csv,1.9888,20.13153,442,-1.891266968325792,-2.34,,2.145448111118174
2026-05-23,20.14,logs/5-23 20.14/log0001.csv,1.9888,22.0675,87,-2.083333333333333,-2.34,,1.9973474658218096
2026-05-23,20.14,logs/5-23 20.14/log0001.csv,2.05,15.00816,1,-7.81,-7.81,,
2026-05-23,20.14,logs/5-23 20.14/log0001.csv,2.05,20.13153,18,-0.9122222222222224,-1.95,,3.3934427348595766
2026-05-23,20.14,logs/5-23 20.14/log0001.csv,2.05,22.0675,283,-1.6370671378091874,-2.34,,3.4985693457623124
2026-05-23,20.14,logs/5-23 20.14/log0001.csv,2.05,24.28007,156,-1.1519230769230768,-1.56,,3.3780572991921414
2026-05-23,20.14,logs/5-23 20.14/log0001.csv,2.05,27.4473,3,-7.293333333333333,-3.91,,9.450684278576515
2026-05-23,20.14,logs/5-23 20.14/log0001.csv,2.1152,7.731196,2,-4.69,-4.69,,1.1030865786510142
2026-05-23,20.14,logs/5-23 20.14/log0001.csv,2.1152,11.0771,1,-5.47,-5.47,,
2026-05-23,20.14,logs/5-23 20.14/log0001.csv,2.1152,20.13153,1,0.0,0.0,,
2026-05-23,20.14,logs/5-23 20.14/log0001.csv,2.1152,22.0675,3,-3.3866666666666667,-3.13,,3.52202120001191
2026-05-23,20.14,logs/5-23 20.14/log0001.csv,2.1152,24.28007,213,-1.4891079812206574,-1.56,,3.166993195234624
2026-05-23,20.14,logs/5-23 20.14/log0001.csv,2.1152,27.4473,99,-2.13939393939394,-2.34,,2.561985366214566
2026-05-23,20.14,logs/5-23 20.14/log0001.csv,2.1682,15.00816,1,1.56,1.56,,
2026-05-23,20.14,logs/5-23 20.14/log0001.csv,2.1682,22.0675,2,-3.905,-3.905,,2.2132442251138937
2026-05-23,20.14,logs/5-23 20.14/log0001.csv,2.1682,24.28007,7,-0.2214285714285715,0.0,,4.808788581238274
2026-05-23,20.14,logs/5-23 20.14/log0001.csv,2.1682,27.4473,266,-1.862368421052632,-2.34,,2.984312953323825
2026-05-23,20.14,logs/5-23 20.14/log0001.csv,2.1682,30.91469,87,-3.2422988505747123,-3.91,,2.767694322561326
2026-05-23,20.14,logs/5-23 20.14/log0001.csv,2.1682,33.73144,3,-4.95,-4.69,,0.4503332099679077
2026-05-23,20.14,logs/5-23 20.14/log0001.csv,2.1682,37.57346,3,-3.3866666666666667,-3.13,,1.1958400115957544
2026-05-23,20.14,logs/5-23 20.14/log0001.csv,2.253,24.28007,1,0.78,0.78,,
2026-05-23,20.14,logs/5-23 20.14/log0001.csv,2.253,27.4473,8,-1.27,-2.345,,3.4952580121399577
2026-05-23,20.14,logs/5-23 20.14/log0001.csv,2.253,30.91469,328,-2.180121951219512,-2.34,,3.299448195512145
2026-05-23,20.14,logs/5-23 20.14/log0001.csv,2.253,33.73144,47,-2.2285106382978723,-3.13,,3.7823451310135296
2026-05-23,20.14,logs/5-23 20.14/log0001.csv,2.253,37.57346,1,-2.34,-2.34,,
2026-05-23,20.14,logs/5-23 20.14/log0001.csv,2.2849,8.044332,1,-5.47,-5.47,,
2026-05-23,20.14,logs/5-23 20.14/log0001.csv,2.2849,12.5195,1,-0.78,-0.78,,
2026-05-23,20.14,logs/5-23 20.14/log0001.csv,2.2849,17.54912,3,-4.426666666666667,-5.47,,1.8071063425635288
2026-05-23,20.14,logs/5-23 20.14/log0001.csv,2.2849,22.0675,2,0.39,0.39,,1.6546298679765212
2026-05-23,20.14,logs/5-23 20.14/log0001.csv,2.2849,27.4473,1,-2.34,-2.34,,
2026-05-23,20.14,logs/5-23 20.14/log0001.csv,2.2849,30.91469,11,-1.9172727272727272,-2.34,,3.637147483699529
2026-05-23,20.14,logs/5-23 20.14/log0001.csv,2.2849,33.73144,399,-3.256641604010025,-3.91,,3.472168344773287
2026-05-23,20.14,logs/5-23 20.14/log0001.csv,2.2849,37.57346,106,-3.42122641509434,-3.91,,2.7630578998225483
2026-05-23,20.14,logs/5-23 20.14/log0001.csv,2.2849,42.21833,1,-6.25,-6.25,,
2026-05-23,20.14,logs/5-23 20.14/log0001.csv,2.3877,12.5195,1,-2.34,-2.34,,
2026-05-23,20.14,logs/5-23 20.14/log0001.csv,2.3877,20.13153,2,-4.69,-4.69,,1.1030865786510142
2026-05-23,20.14,logs/5-23 20.14/log0001.csv,2.3877,22.0675,2,-12.11,-12.11,,8.287291475506336
2026-05-23,20.14,logs/5-23 20.14/log0001.csv,2.3877,27.4473,3,-2.8633333333333333,-1.56,,3.6917791555472728
2026-05-23,20.14,logs/5-23 20.14/log0001.csv,2.3877,30.91469,3,-1.5599999999999998,-2.34,,5.124714626201151
2026-05-23,20.14,logs/5-23 20.14/log0001.csv,2.3877,33.73144,10,-1.1720000000000002,-1.95,,5.19758875719202
2026-05-23,20.14,logs/5-23 20.14/log0001.csv,2.3877,37.57346,477,-2.891949685534591,-3.91,,2.635195481241172
2026-05-23,20.14,logs/5-23 20.14/log0001.csv,2.3877,42.21833,4,-4.495,-4.300000000000001,,3.849177401298448
2026-05-23,20.14,logs/5-23 20.14/log0001.csv,2.449,30.91469,1,-0.78,-0.78,,
2026-05-23,20.14,logs/5-23 20.14/log0001.csv,2.449,37.57346,14,-0.7814285714285715,0.0,,1.470514599319975
2026-05-23,20.14,logs/5-23 20.14/log0001.csv,2.449,42.21833,70,-1.0158571428571428,0.0,,3.3588164292475144
2026-05-23,20.14,logs/5-23 20.14/log0001.csv,2.449,47.37292,2,-1.565,-1.565,,5.522503961066936
2026-05-23,20.14,logs/5-23 20.14/log0001.csv,2.5482,22.0675,1,-0.78,-0.78,,
2026-05-23,20.14,logs/5-23 20.14/log0001.csv,2.5482,27.4473,1,-7.03,-7.03,,
2026-05-23,20.14,logs/5-23 20.14/log0001.csv,2.5482,37.57346,1,-7.03,-7.03,,
2026-05-23,20.14,logs/5-23 20.14/log0001.csv,2.5482,42.21833,7,-1.3385714285714287,-0.78,,2.242412603807401
2026-05-23,20.14,logs/5-23 20.14/log0001.csv,2.5482,47.37292,57,-0.1922807017543859,0.0,,1.7667413683549271
2026-05-23,20.14,logs/5-23 20.14/log0001.csv,2.5482,50.52607,6,-1.0416666666666667,0.0,,2.551551815399144
2026-05-23,20.14,logs/5-23 20.14/log0001.csv,2.62,50.52607,39,-0.1002564102564102,0.0,,0.6261010813778906
2026-05-23,20.14,logs/5-23 20.14/log0001.csv,2.62,58.53896,3,0.26,0.0,,0.4503332099679081
2026-05-23,20.14,logs/5-23 20.14/log0001.csv,2.7327,50.52607,1,0.0,0.0,,
2026-05-23,20.14,logs/5-23 20.14/log0001.csv,2.7327,58.53896,35,-0.0222857142857142,0.0,,0.1318440637376486
2026-05-23,20.14,logs/5-23 20.14/log0001.csv,2.7327,67.17062,4,0.0,0.0,,0.0
2026-05-23,20.14,logs/5-23 20.14/log0001.csv,2.8274,67.17062,16,-0.04875,0.0,,0.1949999999999999
2026-05-23,20.14,logs/5-23 20.14/log0001.csv,2.9125,67.17062,1,0.0,0.0,,
2026-05-23,20.14,logs/5-23 20.14/log0001.csv,2.9125,72.78947,5,-0.156,0.0,,0.3488266044899672
2026-05-23,20.14,logs/5-23 20.14/log0001.csv,2.99,84.14777,9,0.0,0.0,,0.0
2026-05-23,20.14,logs/5-23 20.14/log0001.csv,2.99,89.23958,1,0.0,0.0,,
2026-05-23,20.14,logs/5-23 20.14/log0001.csv,3.0654,89.23958,8,0.0,0.0,,0.0
2026-05-23,20.14,logs/5-23 20.14/log0001.csv,3.1508,89.23958,3,0.0,0.0,,0.0
2026-05-23,20.14,logs/5-23 20.14/log0001.csv,3.1508,103.6679,3,0.0,0.0,,0.0
2026-05-23,20.14,logs/5-23 20.14/log0002.csv,1.3021,4.399962,1,-3.13,-3.13,,
2026-05-23,20.14,logs/5-23 20.14/log0002.csv,1.3948,4.399962,1,-3.13,-3.13,,
2026-05-23,20.14,logs/5-23 20.14/log0002.csv,1.3948,4.699582,1,-10.16,-10.16,,
2026-05-23,20.14,logs/5-23 20.14/log0002.csv,1.3948,5.624956,1,1.56,1.56,,
2026-05-23,20.14,logs/5-23 20.14/log0002.csv,1.3948,6.225371,3,-3.9033333333333338,-1.56,,4.0587723924030685
2026-05-23,20.14,logs/5-23 20.14/log0002.csv,1.45,6.225371,1,-7.81,-7.81,,
2026-05-23,20.14,logs/5-23 20.14/log0002.csv,1.45,6.565505,4,-6.835,-6.640000000000001,,5.11798462938945
2026-05-23,20.14,logs/5-23 20.14/log0002.csv,1.4801,6.225371,1,-8.59,-8.59,,
2026-05-23,20.14,logs/5-23 20.14/log0002.csv,1.4801,6.565505,2,-5.075,-5.075,,4.9709606717414285
2026-05-23,20.14,logs/5-23 20.14/log0002.csv,1.4801,7.731196,4,-4.6875,-4.295,,4.185557509659456
2026-05-23,20.14,logs/5-23 20.14/log0002.csv,1.5473,6.565505,1,-7.03,-7.03,,
2026-05-23,20.14,logs/5-23 20.14/log0002.csv,1.5473,7.731196,17,-3.538235294117647,-1.56,,3.727491172514896
2026-05-23,20.14,logs/5-23 20.14/log0002.csv,1.5473,8.044332,8,-2.245,-2.345,,5.4195255459179394
2026-05-23,20.14,logs/5-23 20.14/log0002.csv,1.5473,9.456532,1,-7.81,-7.81,,
2026-05-23,20.14,logs/5-23 20.14/log0002.csv,1.593,6.565505,1,-6.25,-6.25,,
2026-05-23,20.14,logs/5-23 20.14/log0002.csv,1.593,7.731196,1,-0.78,-0.78,,
2026-05-23,20.14,logs/5-23 20.14/log0002.csv,1.593,8.044332,8,-4.39625,-4.69,,4.134056940308671
2026-05-23,20.14,logs/5-23 20.14/log0002.csv,1.593,9.456532,38,-3.598684210526316,-3.13,,3.680760182245429
2026-05-23,20.14,logs/5-23 20.14/log0002.csv,1.593,9.9646,24,-1.9841666666666664,-2.34,,1.857911208311908
2026-05-23,20.14,logs/5-23 20.14/log0002.csv,1.6417,8.044332,1,-0.78,-0.78,,
2026-05-23,20.14,logs/5-23 20.14/log0002.csv,1.6417,9.456532,13,-1.2630769230769232,-0.78,,2.9337245514174883
2026-05-23,20.14,logs/5-23 20.14/log0002.csv,1.6417,9.9646,168,-1.897202380952381,-2.34,,1.934793595761028
2026-05-23,20.14,logs/5-23 20.14/log0002.csv,1.6417,11.0771,241,-1.5262240663900415,-1.56,,2.4668115925052727
2026-05-23,20.14,logs/5-23 20.14/log0002.csv,1.6417,12.5195,5,-1.56,-1.56,,0.7799999999999999
2026-05-23,20.14,logs/5-23 20.14/log0002.csv,1.68,6.565505,1,-1.56,-1.56,,
2026-05-23,20.14,logs/5-23 20.14/log0002.csv,1.68,9.9646,4,-0.78,-1.17,,1.103086578651014
2026-05-23,20.14,logs/5-23 20.14/log0002.csv,1.68,11.0771,228,-3.094517543859649,-3.13,,2.319119579763304
2026-05-23,20.14,logs/5-23 20.14/log0002.csv,1.68,12.5195,287,-1.608397212543554,-1.56,,1.8069476084968104
2026-05-23,20.14,logs/5-23 20.14/log0002.csv,1.7451,9.9646,2,-3.515,-3.515,,3.867874093090415
2026-05-23,20.14,logs/5-23 20.14/log0002.csv,1.7451,11.0771,11,-3.907272727272728,-3.91,,3.044592225271197
2026-05-23,20.14,logs/5-23 20.14/log0002.csv,1.7451,12.5195,651,-1.3580491551459295,-1.56,,2.7336289834428
2026-05-23,20.14,logs/5-23 20.14/log0002.csv,1.7451,15.00816,195,-1.7586153846153847,-2.34,,2.5585475564724547
2026-05-23,20.14,logs/5-23 20.14/log0002.csv,1.81,5.624956,1,1.56,1.56,,
2026-05-23,20.14,logs/5-23 20.14/log0002.csv,1.81,11.0771,1,0.0,0.0,,
2026-05-23,20.14,logs/5-23 20.14/log0002.csv,1.81,12.5195,10,-1.017,-1.17,,4.38852050493355
2026-05-23,20.14,logs/5-23 20.14/log0002.csv,1.81,15.00816,489,-2.37319018404908,-3.13,,2.9632359441811342
2026-05-23,20.14,logs/5-23 20.14/log0002.csv,1.81,15.6572,383,-1.8453785900783288,-2.34,,2.549142613331123
2026-05-23,20.14,logs/5-23 20.14/log0002.csv,1.85,9.456532,1,-0.78,-0.78,,
2026-05-23,20.14,logs/5-23 20.14/log0002.csv,1.85,12.5195,3,-0.7799999999999999,-0.78,,0.0
2026-05-23,20.14,logs/5-23 20.14/log0002.csv,1.85,15.00816,18,-3.342777777777778,-4.69,,3.201695884363116
2026-05-23,20.14,logs/5-23 20.14/log0002.csv,1.85,15.6572,546,-1.3774175824175825,-1.56,,3.503753651322849
2026-05-23,20.14,logs/5-23 20.14/log0002.csv,1.85,17.54912,592,-1.420945945945946,-1.56,,2.627929602118201
2026-05-23,20.14,logs/5-23 20.14/log0002.csv,1.91,11.0771,1,-5.47,-5.47,,
2026-05-23,20.14,logs/5-23 20.14/log0002.csv,1.91,15.00816,1,-0.78,-0.78,,
2026-05-23,20.14,logs/5-23 20.14/log0002.csv,1.91,15.6572,4,-4.885,-3.52,,4.746890210091936
2026-05-23,20.14,logs/5-23 20.14/log0002.csv,1.91,17.54912,915,-1.939398907103825,-2.34,,3.0239947729205623
2026-05-23,20.14,logs/5-23 20.14/log0002.csv,1.91,20.13153,501,-0.2808582834331337,0.78,,2.4954227421173054
2026-05-23,20.14,logs/5-23 20.14/log0002.csv,1.9888,11.0771,1,-1.56,-1.56,,
2026-05-23,20.14,logs/5-23 20.14/log0002.csv,1.9888,17.54912,17,-3.400588235294118,-2.34,,3.196755133311424
2026-05-23,20.14,logs/5-23 20.14/log0002.csv,1.9888,20.13153,701,-1.6569614835948645,-2.34,,3.5924182122035173
2026-05-23,20.14,logs/5-23 20.14/log0002.csv,1.9888,22.0675,50,0.8290000000000001,0.0,,3.2757297052780183
2026-05-23,20.14,logs/5-23 20.14/log0002.csv,2.05,7.731196,1,-12.5,-12.5,,
2026-05-23,20.14,logs/5-23 20.14/log0002.csv,2.05,17.54912,2,-3.125,-3.125,,3.316330803764908
2026-05-23,20.14,logs/5-23 20.14/log0002.csv,2.05,20.13153,51,-3.155490196078432,-3.13,,2.8641098538467338
2026-05-23,20.14,logs/5-23 20.14/log0002.csv,2.05,22.0675,443,-1.015507900677201,-1.56,,3.3070847303023525
2026-05-23,20.14,logs/5-23 20.14/log0002.csv,2.05,24.28007,130,0.4986153846153845,0.78,,2.9381391447428085
2026-05-23,20.14,logs/5-23 20.14/log0002.csv,2.05,27.4473,1,-7.03,-7.03,,
2026-05-23,20.14,logs/5-23 20.14/log0002.csv,2.1152,22.0675,3,-0.26,-0.78,,4.711570863310877
2026-05-23,20.14,logs/5-23 20.14/log0002.csv,2.1152,24.28007,322,-0.7430124223602484,0.0,,3.607025067538544
2026-05-23,20.14,logs/5-23 20.14/log0002.csv,2.1152,27.4473,114,-1.4194736842105262,-0.78,,3.524823686572882
2026-05-23,20.14,logs/5-23 20.14/log0002.csv,2.1682,17.54912,1,-1.56,-1.56,,
2026-05-23,20.14,logs/5-23 20.14/log0002.csv,2.1682,22.0675,1,-0.78,-0.78,,
2026-05-23,20.14,logs/5-23 20.14/log0002.csv,2.1682,24.28007,4,-5.86,-5.859999999999999,,7.875971897698299
2026-05-23,20.14,logs/5-23 20.14/log0002.csv,2.1682,27.4473,325,-3.027630769230769,-2.34,,4.627750858829375
2026-05-23,20.14,logs/5-23 20.14/log0002.csv,2.1682,30.91469,39,-1.5625641025641026,-0.78,,4.072509066222804
2026-05-23,20.14,logs/5-23 20.14/log0002.csv,2.253,20.13153,1,-6.25,-6.25,,
2026-05-23,20.14,logs/5-23 20.14/log0002.csv,2.253,22.0675,1,2.34,2.34,,
2026-05-23,20.14,logs/5-23 20.14/log0002.csv,2.253,27.4473,16,-2.343125,-2.34,,6.628891027162839
2026-05-23,20.14,logs/5-23 20.14/log0002.csv,2.253,30.91469,237,-2.720084388185654,-2.34,,4.353623465687408
2026-05-23,20.14,logs/5-23 20.14/log0002.csv,2.253,33.73144,23,-2.2086956521739127,-2.34,,2.5014964691120865
2026-05-23,20.14,logs/5-23 20.14/log0002.csv,2.253,37.57346,1,-7.81,-7.81,,
2026-05-23,20.14,logs/5-23 20.14/log0002.csv,2.2849,30.91469,12,-3.2550000000000003,-3.91,,3.2279137647600304
2026-05-23,20.14,logs/5-23 20.14/log0002.csv,2.2849,33.73144,369,-3.5938211382113825,-3.91,,2.3356951950133573
2026-05-23,20.14,logs/5-23 20.14/log0002.csv,2.2849,37.57346,49,-3.526326530612245,-3.13,,1.1293890197018603
2026-05-23,20.14,logs/5-23 20.14/log0002.csv,2.3877,22.0675,1,-1.56,-1.56,,
2026-05-23,20.14,logs/5-23 20.14/log0002.csv,2.3877,30.91469,1,0.78,0.78,,
2026-05-23,20.14,logs/5-23 20.14/log0002.csv,2.3877,33.73144,16,-5.56625,-6.25,,2.188307946031972
2026-05-23,20.14,logs/5-23 20.14/log0002.csv,2.3877,37.57346,160,-3.634625,-3.91,,2.0738703487128696
2026-05-23,20.14,logs/5-23 20.14/log0002.csv,2.3877,42.21833,6,-4.298333333333333,-3.13,,5.6479143643177405
2026-05-23,20.14,logs/5-23 20.14/log0002.csv,2.449,37.57346,2,-0.39,-0.39,,0.5515432893255071
2026-05-23,20.14,logs/5-23 20.14/log0002.csv,2.449,42.21833,34,-2.7829411764705885,-3.13,,3.0487757397989204
2026-05-23,20.14,logs/5-23 20.14/log0002.csv,2.449,47.37292,1,-7.81,-7.81,,
2026-05-23,20.14,logs/5-23 20.14/log0002.csv,2.5482,33.73144,1,-8.59,-8.59,,
2026-05-23,20.14,logs/5-23 20.14/log0002.csv,2.5482,37.57346,1,-6.25,-6.25,,
2026-05-23,20.14,logs/5-23 20.14/log0002.csv,2.5482,42.21833,1,3.91,3.91,,
2026-05-23,20.14,logs/5-23 20.14/log0002.csv,2.5482,47.37292,3,1.8233333333333333,0.0,,4.576071823445665
2026-05-23,20.14,logs/5-23 20.14/log0002.csv,2.5482,50.52607,2,0.0,0.0,,0.0
2026-05-23,20.14,logs/5-23 20.14/log0002.csv,2.62,47.37292,1,-1.56,-1.56,,
2026-05-23,20.14,logs/5-23 20.14/log0002.csv,2.62,50.52607,2,-3.1250000000000004,-3.1250000000000004,,8.845905832643709
2026-05-23,20.14,logs/5-23 20.14/log0002.csv,2.7327,42.21833,1,0.78,0.78,,
2026-05-23,20.14,logs/5-23 20.14/log0002.csv,2.7327,47.37292,1,0.0,0.0,,
2026-05-23,20.14,logs/5-23 20.14/log0002.csv,2.7327,58.53896,1,0.0,0.0,,
2026-05-23,20.14,logs/5-23 20.14/log0002.csv,2.7327,67.17062,1,3.13,3.13,,
2026-05-23,20.14,logs/5-23 20.14/log0003.csv,1.1804,3.89676,1,-9.38,-9.38,,
2026-05-23,20.14,logs/5-23 20.14/log0003.csv,1.2201,3.89676,3,-1.0433333333333332,-1.56,,2.3873067111984865
2026-05-23,20.14,logs/5-23 20.14/log0003.csv,1.2201,4.399962,2,-1.95,-1.95,,0.5515432893255069
2026-05-23,20.14,logs/5-23 20.14/log0003.csv,1.28,3.89676,3,2.3466666666666667,3.13,,2.817877451794761
2026-05-23,20.14,logs/5-23 20.14/log0003.csv,1.28,4.399962,10,-3.1260000000000003,-3.52,,3.985081067068914
2026-05-23,20.14,logs/5-23 20.14/log0003.csv,1.3021,3.89676,2,-5.859999999999999,-5.859999999999999,,3.8608030252785497
2026-05-23,20.14,logs/5-23 20.14/log0003.csv,1.3021,4.399962,7,-2.567142857142857,-1.56,,2.912637489090797
2026-05-23,20.14,logs/5-23 20.14/log0003.csv,1.3021,4.699582,4,-6.6425,-7.815,,4.257921049839541
2026-05-23,20.14,logs/5-23 20.14/log0003.csv,1.3628,4.399962,5,-2.344,-3.13,,3.6665215122783614
2026-05-23,20.14,logs/5-23 20.14/log0003.csv,1.3628,4.699582,5,-2.968,-2.34,,4.465329775055813
2026-05-23,20.14,logs/5-23 20.14/log0003.csv,1.3628,5.624956,4,-4.1025,-4.300000000000001,,2.5814385524354444
2026-05-23,20.14,logs/5-23 20.14/log0003.csv,1.3948,4.399962,4,-5.275,-4.300000000000001,,3.4001421538910206
2026-05-23,20.14,logs/5-23 20.14/log0003.csv,1.3948,4.699582,4,-4.1025,-3.125,,4.346158265257568
2026-05-23,20.14,logs/5-23 20.14/log0003.csv,1.3948,5.624956,6,-3.125,-2.345,,2.5682114398935303
2026-05-23,20.14,logs/5-23 20.14/log0003.csv,1.3948,6.225371,17,-3.493529411764706,-3.13,,2.088115002749102
2026-05-23,20.14,logs/5-23 20.14/log0003.csv,1.45,4.399962,1,4.69,4.69,,
2026-05-23,20.14,logs/5-23 20.14/log0003.csv,1.45,4.699582,2,-1.565,-1.565,,2.2132442251138937
2026-05-23,20.14,logs/5-23 20.14/log0003.csv,1.45,5.624956,5,-2.188,-1.56,,4.255592790669708
2026-05-23,20.14,logs/5-23 20.14/log0003.csv,1.45,6.225371,11,-1.7745454545454544,-0.78,,3.5662343266711
2026-05-23,20.14,logs/5-23 20.14/log0003.csv,1.45,6.565505,9,-1.65,-1.56,,2.325935295746638
2026-05-23,20.14,logs/5-23 20.14/log0003.csv,1.45,7.731196,1,0.0,0.0,,
2026-05-23,20.14,logs/5-23 20.14/log0003.csv,1.4801,3.89676,1,-0.78,-0.78,,
2026-05-23,20.14,logs/5-23 20.14/log0003.csv,1.4801,4.399962,1,-8.59,-8.59,,
2026-05-23,20.14,logs/5-23 20.14/log0003.csv,1.4801,5.624956,2,-1.95,-1.95,,0.5515432893255069
2026-05-23,20.14,logs/5-23 20.14/log0003.csv,1.4801,6.225371,2,-3.905,-3.905,,2.2132442251138937
2026-05-23,20.14,logs/5-23 20.14/log0003.csv,1.4801,6.565505,9,-1.3888888888888888,-0.78,,3.980946635049396
2026-05-23,20.14,logs/5-23 20.14/log0003.csv,1.4801,7.731196,20,-2.579,-3.13,,2.8125992847972685
2026-05-23,20.14,logs/5-23 20.14/log0003.csv,1.5473,6.225371,4,-2.7375,-3.13,,1.9675937080606865
2026-05-23,20.14,logs/5-23 20.14/log0003.csv,1.5473,6.565505,5,-2.814,-0.78,,4.609900215839818
2026-05-23,20.14,logs/5-23 20.14/log0003.csv,1.5473,7.731196,64,-0.8065625,-2.34,,3.750972876447025
2026-05-23,20.14,logs/5-23 20.14/log0003.csv,1.5473,8.044332,67,-0.0238805970149253,-0.78,,3.236526830557852
2026-05-23,20.14,logs/5-23 20.14/log0003.csv,1.5473,9.456532,21,0.408095238095238,0.78,,2.3905932716537523
2026-05-23,20.14,logs/5-23 20.14/log0003.csv,1.593,6.565505,1,-2.34,-2.34,,
2026-05-23,20.14,logs/5-23 20.14/log0003.csv,1.593,7.731196,5,-1.5619999999999998,0.0,,4.134932889419125
2026-05-23,20.14,logs/5-23 20.14/log0003.csv,1.593,8.044332,42,-1.712142857142857,-2.34,,2.8684452623322825
2026-05-23,20.14,logs/5-23 20.14/log0003.csv,1.593,9.456532,314,-1.24,-1.56,,2.880598535603787
2026-05-23,20.14,logs/5-23 20.14/log0003.csv,1.593,9.9646,166,0.2163855421686747,0.0,,2.848673089645158
2026-05-23,20.14,logs/5-23 20.14/log0003.csv,1.593,11.0771,1,3.13,3.13,,
2026-05-23,20.14,logs/5-23 20.14/log0003.csv,1.6417,6.225371,1,3.91,3.91,,
2026-05-23,20.14,logs/5-23 20.14/log0003.csv,1.6417,6.565505,2,0.7799999999999999,0.7799999999999999,,2.206173157302028
2026-05-23,20.14,logs/5-23 20.14/log0003.csv,1.6417,7.731196,5,-1.406,-2.34,,2.7875491027065333
2026-05-23,20.14,logs/5-23 20.14/log0003.csv,1.6417,8.044332,11,-2.203636363636364,-1.56,,3.3488424051521823
2026-05-23,20.14,logs/5-23 20.14/log0003.csv,1.6417,9.456532,113,-1.8061946902654864,-3.13,,2.218712351223465
2026-05-23,20.14,logs/5-23 20.14/log0003.csv,1.6417,9.9646,699,-0.9130472103004292,-1.56,,3.0701905360363915
2026-05-23,20.14,logs/5-23 20.14/log0003.csv,1.6417,11.0771,444,-0.3081081081081081,-0.78,,2.708560549468532
2026-05-23,20.14,logs/5-23 20.14/log0003.csv,1.6417,12.5195,2,0.7849999999999999,0.7849999999999999,,3.316330803764908
2026-05-23,20.14,logs/5-23 20.14/log0003.csv,1.68,6.565505,1,-3.13,-3.13,,
2026-05-23,20.14,logs/5-23 20.14/log0003.csv,1.68,9.456532,3,-3.123333333333333,-2.34,,2.0693557773696947
2026-05-23,20.14,logs/5-23 20.14/log0003.csv,1.68,9.9646,22,-0.2495454545454544,-1.56,,4.151623293848561
2026-05-23,20.14,logs/5-23 20.14/log0003.csv,1.68,11.0771,452,-1.523561946902655,-2.34,,3.797862616674557
2026-05-23,20.14,logs/5-23 20.14/log0003.csv,1.68,12.5195,427,-0.1808430913348946,-0.78,,3.0081036468910507
2026-05-23,20.14,logs/5-23 20.14/log0003.csv,1.68,15.00816,1,6.25,6.25,,
2026-05-23,20.14,logs/5-23 20.14/log0003.csv,1.7451,5.624956,2,-3.91,-3.91,,1.1030865786510144
2026-05-23,20.14,logs/5-23 20.14/log0003.csv,1.7451,6.225371,1,4.69,4.69,,
2026-05-23,20.14,logs/5-23 20.14/log0003.csv,1.7451,9.456532,4,-3.9075,-3.91,,1.4277342189637396
2026-05-23,20.14,logs/5-23 20.14/log0003.csv,1.7451,9.9646,3,-0.7799999999999999,-0.78,,0.0
2026-05-23,20.14,logs/5-23 20.14/log0003.csv,1.7451,11.0771,54,-2.5044444444444447,-3.13,,3.405592330197032
2026-05-23,20.14,logs/5-23 20.14/log0003.csv,1.7451,12.5195,1755,-0.6325811965811966,-0.78,,3.916088224546078
2026-05-23,20.14,logs/5-23 20.14/log0003.csv,1.7451,15.00816,338,-0.1663313609467455,-0.78,,3.890490670650696
2026-05-23,20.14,logs/5-23 20.14/log0003.csv,1.7451,15.6572,2,-5.47,-5.47,,3.309259735953042
2026-05-23,20.14,logs/5-23 20.14/log0003.csv,1.7451,20.13153,1,1.56,1.56,,
2026-05-23,20.14,logs/5-23 20.14/log0003.csv,1.81,4.699582,1,-9.38,-9.38,,
2026-05-23,20.14,logs/5-23 20.14/log0003.csv,1.81,6.225371,1,-7.03,-7.03,,
2026-05-23,20.14,logs/5-23 20.14/log0003.csv,1.81,6.565505,1,-3.91,-3.91,,
2026-05-23,20.14,logs/5-23 20.14/log0003.csv,1.81,9.456532,1,3.91,3.91,,
2026-05-23,20.14,logs/5-23 20.14/log0003.csv,1.81,9.9646,1,-2.34,-2.34,,
2026-05-23,20.14,logs/5-23 20.14/log0003.csv,1.81,11.0771,2,-2.345,-2.345,,2.213244225113894
2026-05-23,20.14,logs/5-23 20.14/log0003.csv,1.81,12.5195,117,-2.218034188034188,-3.13,,4.22808186707438
2026-05-23,20.14,logs/5-23 20.14/log0003.csv,1.81,15.00816,1667,-0.7153629274145171,-0.78,,4.00952890026474
2026-05-23,20.14,logs/5-23 20.14/log0003.csv,1.81,15.6572,1219,0.2186628383921247,0.0,,3.618848658912636
2026-05-23,20.14,logs/5-23 20.14/log0003.csv,1.81,17.54912,4,-0.9775,-2.345,,3.90267749970026
2026-05-23,20.14,logs/5-23 20.14/log0003.csv,1.81,20.13153,1,-3.91,-3.91,,
2026-05-23,20.14,logs/5-23 20.14/log0003.csv,1.85,3.89676,1,-8.59,-8.59,,
2026-05-23,20.14,logs/5-23 20.14/log0003.csv,1.85,6.225371,1,-3.13,-3.13,,
2026-05-23,20.14,logs/5-23 20.14/log0003.csv,1.85,6.565505,1,-1.56,-1.56,,
2026-05-23,20.14,logs/5-23 20.14/log0003.csv,1.85,7.731196,2,-2.735,-2.735,,0.5586143571373726
2026-05-23,20.14,logs/5-23 20.14/log0003.csv,1.85,8.044332,1,2.34,2.34,,
2026-05-23,20.14,logs/5-23 20.14/log0003.csv,1.85,9.456532,1,-3.91,-3.91,,
2026-05-23,20.14,logs/5-23 20.14/log0003.csv,1.85,9.9646,3,-0.2633333333333333,0.0,,2.744491452588864
2026-05-23,20.14,logs/5-23 20.14/log0003.csv,1.85,11.0771,3,0.7833333333333335,0.0,,3.579864988143175
2026-05-23,20.14,logs/5-23 20.14/log0003.csv,1.85,12.5195,6,-1.955,-1.955,,2.024003458495069
2026-05-23,20.14,logs/5-23 20.14/log0003.csv,1.85,15.00816,68,-2.2758823529411765,-3.13,,3.4041292902530245
2026-05-23,20.14,logs/5-23 20.14/log0003.csv,1.85,15.6572,2336,-0.2441352739726027,-0.78,,4.0803650303418415
2026-05-23,20.14,logs/5-23 20.14/log0003.csv,1.85,17.54912,2731,0.0754155986818015,0.0,,3.869461273957613
2026-05-23,20.14,logs/5-23 20.14/log0003.csv,1.91,12.5195,1,-7.81,-7.81,,
2026-05-23,20.14,logs/5-23 20.14/log0003.csv,1.91,15.00816,3,1.5633333333333337,3.91,,4.064545895094965
2026-05-23,20.14,logs/5-23 20.14/log0003.csv,1.91,15.6572,17,-1.4717647058823529,-3.13,,4.215557844600934
2026-05-23,20.14,logs/5-23 20.14/log0003.csv,1.91,17.54912,3307,0.6034653764741458,0.78,,3.988703736493261
2026-05-23,20.14,logs/5-23 20.14/log0003.csv,1.91,20.13153,1845,0.927539295392954,0.78,,3.9905208199599977
2026-05-23,20.14,logs/5-23 20.14/log0003.csv,1.91,22.0675,2,-1.5599999999999996,-1.5599999999999996,,8.838834764831844
2026-05-23,20.14,logs/5-23 20.14/log0003.csv,1.9888,4.699582,1,3.13,3.13,,
2026-05-23,20.14,logs/5-23 20.14/log0003.csv,1.9888,6.565505,1,-3.13,-3.13,,
2026-05-23,20.14,logs/5-23 20.14/log0003.csv,1.9888,7.731196,1,0.78,0.78,,
2026-05-23,20.14,logs/5-23 20.14/log0003.csv,1.9888,9.456532,1,-0.78,-0.78,,
2026-05-23,20.14,logs/5-23 20.14/log0003.csv,1.9888,9.9646,1,-3.13,-3.13,,
2026-05-23,20.14,logs/5-23 20.14/log0003.csv,1.9888,11.0771,1,-3.13,-3.13,,
2026-05-23,20.14,logs/5-23 20.14/log0003.csv,1.9888,12.5195,4,-2.735,-2.345,,4.530389975855647
2026-05-23,20.14,logs/5-23 20.14/log0003.csv,1.9888,15.00816,1,-0.78,-0.78,,
2026-05-23,20.14,logs/5-23 20.14/log0003.csv,1.9888,15.6572,1,-3.13,-3.13,,
2026-05-23,20.14,logs/5-23 20.14/log0003.csv,1.9888,17.54912,48,-0.1624999999999999,-0.78,,4.209820080048906
2026-05-23,20.14,logs/5-23 20.14/log0003.csv,1.9888,20.13153,5147,0.4147075966582475,0.0,,3.995478907142652
2026-05-23,20.14,logs/5-23 20.14/log0003.csv,1.9888,22.0675,1338,0.2897384155455904,-0.78,,3.776648204330276
2026-05-23,20.14,logs/5-23 20.14/log0003.csv,1.9888,24.28007,2,-7.42,-7.42,,1.654629867976521
2026-05-23,20.14,logs/5-23 20.14/log0003.csv,2.05,6.225371,1,-10.16,-10.16,,
2026-05-23,20.14,logs/5-23 20.14/log0003.csv,2.05,7.731196,1,-7.03,-7.03,,
2026-05-23,20.14,logs/5-23 20.14/log0003.csv,2.05,9.9646,1,0.78,0.78,,
2026-05-23,20.14,logs/5-23 20.14/log0003.csv,2.05,11.0771,1,0.0,0.0,,
2026-05-23,20.14,logs/5-23 20.14/log0003.csv,2.05,12.5195,3,-1.8233333333333333,-1.56,,1.1969266198616075
2026-05-23,20.14,logs/5-23 20.14/log0003.csv,2.05,15.00816,1,-8.59,-8.59,,
2026-05-23,20.14,logs/5-23 20.14/log0003.csv,2.05,15.6572,2,-1.56,-1.56,,1.103086578651014
2026-05-23,20.14,logs/5-23 20.14/log0003.csv,2.05,17.54912,2,-2.735,-2.735,,0.5586143571373726
2026-05-23,20.14,logs/5-23 20.14/log0003.csv,2.05,20.13153,204,-0.3869607843137255,-0.78,,4.855438531018987
2026-05-23,20.14,logs/5-23 20.14/log0003.csv,2.05,22.0675,4912,0.7391836319218241,0.0,,3.9902881546818656
2026-05-23,20.14,logs/5-23 20.14/log0003.csv,2.05,24.28007,2407,1.3488367262152057,0.78,,4.140855348673023
2026-05-23,20.14,logs/5-23 20.14/log0003.csv,2.05,27.4473,6,-0.5216666666666666,-1.56,,3.552674579336906
2026-05-23,20.14,logs/5-23 20.14/log0003.csv,2.1152,11.0771,1,-2.34,-2.34,,
2026-05-23,20.14,logs/5-23 20.14/log0003.csv,2.1152,12.5195,2,-3.515,-3.515,,1.6617009357883872
2026-05-23,20.14,logs/5-23 20.14/log0003.csv,2.1152,15.00816,1,-3.91,-3.91,,
2026-05-23,20.14,logs/5-23 20.14/log0003.csv,2.1152,17.54912,3,-0.26,-0.78,,2.3829393613770367
2026-05-23,20.14,logs/5-23 20.14/log0003.csv,2.1152,20.13153,5,-4.0600000000000005,-1.56,,6.974808241091651
2026-05-23,20.14,logs/5-23 20.14/log0003.csv,2.1152,22.0675,24,-1.4974999999999998,-2.34,,4.266444655682292
2026-05-23,20.14,logs/5-23 20.14/log0003.csv,2.1152,24.28007,3092,0.7914100905562742,0.0,,4.454054523591754
2026-05-23,20.14,logs/5-23 20.14/log0003.csv,2.1152,27.4473,1581,0.6705945604048071,0.78,,4.29171838951273
2026-05-23,20.14,logs/5-23 20.14/log0003.csv,2.1152,30.91469,4,-5.470000000000001,-5.470000000000001,,1.424078649513432
2026-05-23,20.14,logs/5-23 20.14/log0003.csv,2.1152,37.57346,1,-6.25,-6.25,,
2026-05-23,20.14,logs/5-23 20.14/log0003.csv,2.1682,12.5195,1,-3.13,-3.13,,
2026-05-23,20.14,logs/5-23 20.14/log0003.csv,2.1682,15.00816,1,2.34,2.34,,
2026-05-23,20.14,logs/5-23 20.14/log0003.csv,2.1682,15.6572,1,-5.47,-5.47,,
2026-05-23,20.14,logs/5-23 20.14/log0003.csv,2.1682,17.54912,1,-1.56,-1.56,,
2026-05-23,20.14,logs/5-23 20.14/log0003.csv,2.1682,20.13153,2,-0.78,-0.78,,0.0
2026-05-23,20.14,logs/5-23 20.14/log0003.csv,2.1682,22.0675,1,1.56,1.56,,
2026-05-23,20.14,logs/5-23 20.14/log0003.csv,2.1682,24.28007,30,-0.1573333333333332,0.0,,4.880067080752444
2026-05-23,20.14,logs/5-23 20.14/log0003.csv,2.1682,27.4473,3817,0.3611815561959654,0.0,,4.5498969385885095
2026-05-23,20.14,logs/5-23 20.14/log0003.csv,2.1682,30.91469,1516,0.419485488126649,0.0,,4.512538819754273
2026-05-23,20.14,logs/5-23 20.14/log0003.csv,2.1682,37.57346,3,-2.0866666666666664,-3.13,,2.5130525926317846
2026-05-23,20.14,logs/5-23 20.14/log0003.csv,2.253,8.044332,1,-8.59,-8.59,,
2026-05-23,20.14,logs/5-23 20.14/log0003.csv,2.253,12.5195,1,-2.34,-2.34,,
2026-05-23,20.14,logs/5-23 20.14/log0003.csv,2.253,15.6572,2,-0.395,-0.395,,3.867874093090416
2026-05-23,20.14,logs/5-23 20.14/log0003.csv,2.253,17.54912,1,-3.13,-3.13,,
2026-05-23,20.14,logs/5-23 20.14/log0003.csv,2.253,20.13153,1,0.0,0.0,,
2026-05-23,20.14,logs/5-23 20.14/log0003.csv,2.253,22.0675,1,-4.69,-4.69,,
2026-05-23,20.14,logs/5-23 20.14/log0003.csv,2.253,24.28007,2,-3.125,-3.125,,1.1101576464628795
2026-05-23,20.14,logs/5-23 20.14/log0003.csv,2.253,27.4473,67,-0.63,-2.34,,4.964811937602227
2026-05-23,20.14,logs/5-23 20.14/log0003.csv,2.253,30.91469,5318,0.68793531402783,0.0,,4.692955892242675
2026-05-23,20.14,logs/5-23 20.14/log0003.csv,2.253,33.73144,765,0.0235032679738562,0.0,,4.694265802905387
2026-05-23,20.14,logs/5-23 20.14/log0003.csv,2.253,37.57346,4,-5.275,-3.52,,4.344210706983107
2026-05-23,20.14,logs/5-23 20.14/log0003.csv,2.253,42.21833,1,1.56,1.56,,
2026-05-23,20.14,logs/5-23 20.14/log0003.csv,2.2849,9.456532,1,-8.59,-8.59,,
2026-05-23,20.14,logs/5-23 20.14/log0003.csv,2.2849,9.9646,1,-8.59,-8.59,,
2026-05-23,20.14,logs/5-23 20.14/log0003.csv,2.2849,11.0771,1,-1.56,-1.56,,
2026-05-23,20.14,logs/5-23 20.14/log0003.csv,2.2849,15.00816,1,-3.13,-3.13,,
2026-05-23,20.14,logs/5-23 20.14/log0003.csv,2.2849,15.6572,1,-3.91,-3.91,,
2026-05-23,20.14,logs/5-23 20.14/log0003.csv,2.2849,17.54912,1,-3.91,-3.91,,
2026-05-23,20.14,logs/5-23 20.14/log0003.csv,2.2849,20.13153,1,-2.34,-2.34,,
2026-05-23,20.14,logs/5-23 20.14/log0003.csv,2.2849,22.0675,1,-7.03,-7.03,,
2026-05-23,20.14,logs/5-23 20.14/log0003.csv,2.2849,24.28007,4,-4.495,-3.52,,2.240379432149831
2026-05-23,20.14,logs/5-23 20.14/log0003.csv,2.2849,27.4473,2,-11.72,-11.72,,5.529575028878803
2026-05-23,20.14,logs/5-23 20.14/log0003.csv,2.2849,30.91469,157,0.6566242038216561,0.0,,4.920768591485365
2026-05-23,20.14,logs/5-23 20.14/log0003.csv,2.2849,33.73144,5395,0.1835773864689527,0.0,,4.3982463673581815
2026-05-23,20.14,logs/5-23 20.14/log0003.csv,2.2849,37.57346,1485,0.1182760942760942,0.0,,4.259832576054097
2026-05-23,20.14,logs/5-23 20.14/log0003.csv,2.3877,12.5195,1,-7.81,-7.81,,
2026-05-23,20.14,logs/5-23 20.14/log0003.csv,2.3877,17.54912,2,-1.1749999999999998,-1.1749999999999998,,2.764787514439401
2026-05-23,20.14,logs/5-23 20.14/log0003.csv,2.3877,20.13153,2,-1.56,-1.56,,1.103086578651014
2026-05-23,20.14,logs/5-23 20.14/log0003.csv,2.3877,22.0675,2,-5.465,-5.465,,4.419417382415922
2026-05-23,20.14,logs/5-23 20.14/log0003.csv,2.3877,24.28007,3,-3.643333333333333,-6.25,,6.6451887357195005
2026-05-23,20.14,logs/5-23 20.14/log0003.csv,2.3877,27.4473,3,-3.126666666666667,-3.13,,1.5650026624045512
2026-05-23,20.14,logs/5-23 20.14/log0003.csv,2.3877,30.91469,4,-4.295,-3.515,,2.591994084355389
2026-05-23,20.14,logs/5-23 20.14/log0003.csv,2.3877,33.73144,101,0.1466336633663366,-0.78,,4.62614445888317
2026-05-23,20.14,logs/5-23 20.14/log0003.csv,2.3877,37.57346,9995,0.6460490245122561,0.78,,4.0649671883722895
2026-05-23,20.14,logs/5-23 20.14/log0003.csv,2.3877,42.21833,298,0.6215771812080537,0.78,,3.89786160779877
2026-05-23,20.14,logs/5-23 20.14/log0003.csv,2.449,20.13153,3,-2.083333333333333,-3.13,,5.54459496567002
2026-05-23,20.14,logs/5-23 20.14/log0003.csv,2.449,22.0675,1,-3.91,-3.91,,
2026-05-23,20.14,logs/5-23 20.14/log0003.csv,2.449,27.4473,4,-5.074999999999999,-5.074999999999999,,3.636431400883747
2026-05-23,20.14,logs/5-23 20.14/log0003.csv,2.449,30.91469,4,-3.715,-3.91,,4.789965205162421
2026-05-23,20.14,logs/5-23 20.14/log0003.csv,2.449,33.73144,3,1.0399999999999998,2.34,,2.25166604983954
2026-05-23,20.14,logs/5-23 20.14/log0003.csv,2.449,37.57346,542,0.6054243542435425,0.78,,4.218076024254757
2026-05-23,20.14,logs/5-23 20.14/log0003.csv,2.449,42.21833,8566,0.5880049031053001,0.0,,3.8638673886630497
2026-05-23,20.14,logs/5-23 20.14/log0003.csv,2.449,47.37292,208,0.6649038461538462,0.0,,3.591949935416119
2026-05-23,20.14,logs/5-23 20.14/log0003.csv,2.5482,37.57346,4,-2.54,-2.345,,2.949293700758426
2026-05-23,20.14,logs/5-23 20.14/log0003.csv,2.5482,42.21833,577,0.1369844020797227,0.0,,3.390761230714221
2026-05-23,20.14,logs/5-23 20.14/log0003.csv,2.5482,47.37292,8167,0.1810970980776294,0.0,,2.570596043309638
2026-05-23,20.14,logs/5-23 20.14/log0003.csv,2.5482,50.52607,724,0.0724171270718232,0.0,,1.4186354410351625
2026-05-23,20.14,logs/5-23 20.14/log0003.csv,2.62,27.4473,1,0.78,0.78,,
2026-05-23,20.14,logs/5-23 20.14/log0003.csv,2.62,30.91469,1,-3.13,-3.13,,
2026-05-23,20.14,logs/5-23 20.14/log0003.csv,2.62,33.73144,1,-3.13,-3.13,,
2026-05-23,20.14,logs/5-23 20.14/log0003.csv,2.62,42.21833,3,-1.5633333333333337,-0.78,,2.0693557773696947
2026-05-23,20.14,logs/5-23 20.14/log0003.csv,2.62,47.37292,58,-0.4986206896551723,0.0,,1.3943324483086998
2026-05-23,20.14,logs/5-23 20.14/log0003.csv,2.62,50.52607,3948,-0.0459599797365754,0.0,,0.8734446253041536
2026-05-23,20.14,logs/5-23 20.14/log0003.csv,2.62,58.53896,18,0.0,0.0,,2.365743260895101
2026-05-23,20.14,logs/5-23 20.14/log0003.csv,2.7327,42.21833,4,-3.1275,-3.13,,1.914686658437876
2026-05-23,20.14,logs/5-23 20.14/log0003.csv,2.7327,50.52607,347,-0.1348991354466858,0.0,,0.546295647871776
2026-05-23,20.14,logs/5-23 20.14/log0003.csv,2.7327,58.53896,2331,-0.0689575289575289,0.0,,0.520044388496399
2026-05-23,20.14,logs/5-23 20.14/log0003.csv,2.7327,67.17062,140,-0.0947142857142857,0.0,,0.4434891786650621
2026-05-23,20.14,logs/5-23 20.14/log0003.csv,2.8274,47.37292,1,1.56,1.56,,
2026-05-23,20.14,logs/5-23 20.14/log0003.csv,2.8274,58.53896,6,-0.13,0.0,,0.3184336665618131
2026-05-23,20.14,logs/5-23 20.14/log0003.csv,2.8274,67.17062,591,-0.0436209813874788,0.0,,0.495373256122158
2026-05-23,20.14,logs/5-23 20.14/log0003.csv,2.8274,72.78947,11,0.0,0.0,,0.0
2026-05-23,20.14,logs/5-23 20.14/log0003.csv,2.8274,84.14777,1,-3.13,-3.13,,
2026-05-23,20.14,logs/5-23 20.14/log0003.csv,2.9125,47.37292,1,-5.47,-5.47,,
2026-05-23,20.14,logs/5-23 20.14/log0003.csv,2.9125,67.17062,26,0.0,0.0,,0.0
2026-05-23,20.14,logs/5-23 20.14/log0003.csv,2.9125,72.78947,239,-0.0163598326359832,0.0,,0.2084489846944329
2026-05-23,20.14,logs/5-23 20.14/log0003.csv,2.9125,84.14777,13,-0.2407692307692307,0.0,,0.8681058070924835
2026-05-23,20.14,logs/5-23 20.14/log0003.csv,2.99,72.78947,10,-0.2359999999999999,0.0,,2.948721756965211
2026-05-23,20.14,logs/5-23 20.14/log0003.csv,2.99,84.14777,92,-0.0254347826086956,0.0,,0.2439618644467775
2026-05-23,20.14,logs/5-23 20.14/log0003.csv,2.99,89.23958,22,-0.1063636363636363,0.0,,2.315596283289932
2026-05-23,20.14,logs/5-23 20.14/log0003.csv,3.0654,72.78947,1,-0.78,-0.78,,
2026-05-23,20.14,logs/5-23 20.14/log0003.csv,3.0654,89.23958,66,-0.0946969696969697,0.0,,0.6786575429523057
2026-05-23,20.14,logs/5-23 20.14/log0003.csv,3.0654,103.6679,1,0.0,0.0,,
2026-05-23,20.14,logs/5-23 20.14/log0003.csv,3.1508,89.23958,4,0.0,0.0,,0.0
2026-05-23,20.14,logs/5-23 20.14/log0003.csv,3.1508,103.6679,51,0.0,0.0,,0.0
2026-05-23,20.14,logs/5-23 20.14/log0003.csv,3.26,112.0047,33,0.0,0.0,,0.0
2026-05-23,20.14,logs/5-23 20.14/log0003.csv,3.26,135.7898,1,0.0,0.0,,
2026-05-23,20.14,logs/5-23 20.14/log0003.csv,3.408,112.0047,1,0.0,0.0,,
2026-05-23,20.14,logs/5-23 20.14/log0003.csv,3.408,135.7898,37,0.0,0.0,,0.0
2026-05-23,20.14,logs/5-23 20.14/log0003.csv,3.408,161.8488,7,0.0,0.0,,0.0
2026-05-23,20.14,logs/5-23 20.14/log0003.csv,3.52,161.8488,10,0.0,0.0,,0.0
2026-05-23,20.14,logs/5-23 20.14/log0003.csv,3.52,172.4018,2,0.0,0.0,,0.0
2026-05-23,20.14,logs/5-23 20.14/log0003.csv,3.6137,172.4018,8,0.0,0.0,,0.0
2026-05-23,20.14,logs/5-23 20.14/log0003.csv,3.7098,177.8987,9,0.0,0.0,,0.0
2026-05-23,20.14,logs/5-23 20.14/log0003.csv,3.7098,203.51,1,0.0,0.0,,
2026-05-23,20.14,logs/5-23 20.14/log0003.csv,3.84,203.51,2,0.0,0.0,,0.0
2026-05-25,20.15,logs/5-25 20.15/log0001.csv,1.1804,2.760797,1,0.0,0.0,,
2026-05-25,20.15,logs/5-25 20.15/log0001.csv,1.2201,3.199799,1,-7.03,-7.03,,
2026-05-25,20.15,logs/5-25 20.15/log0001.csv,1.2201,3.89676,2,0.0,0.0,,1.1030865786510142
2026-05-25,20.15,logs/5-25 20.15/log0001.csv,1.28,3.199799,1,-3.13,-3.13,,
2026-05-25,20.15,logs/5-25 20.15/log0001.csv,1.3021,4.699582,1,2.34,2.34,,
2026-05-25,20.15,logs/5-25 20.15/log0001.csv,1.3628,3.89676,1,0.78,0.78,,
2026-05-25,20.15,logs/5-25 20.15/log0001.csv,1.3628,4.699582,1,-11.72,-11.72,,
2026-05-25,20.15,logs/5-25 20.15/log0001.csv,1.3628,5.624956,1,0.0,0.0,,
2026-05-25,20.15,logs/5-25 20.15/log0001.csv,1.3948,3.89676,1,-0.78,-0.78,,
2026-05-25,20.15,logs/5-25 20.15/log0001.csv,1.3948,6.225371,3,0.0,0.0,,0.0
2026-05-25,20.15,logs/5-25 20.15/log0001.csv,1.3948,6.565505,1,0.78,0.78,,
2026-05-25,20.15,logs/5-25 20.15/log0001.csv,1.3948,7.731196,1,-3.91,-3.91,,
2026-05-25,20.15,logs/5-25 20.15/log0001.csv,1.45,3.89676,1,-7.03,-7.03,,
2026-05-25,20.15,logs/5-25 20.15/log0001.csv,1.45,4.699582,1,-3.13,-3.13,,
2026-05-25,20.15,logs/5-25 20.15/log0001.csv,1.45,6.225371,1,0.0,0.0,,
2026-05-25,20.15,logs/5-25 20.15/log0001.csv,1.45,6.565505,1,3.91,3.91,,
2026-05-25,20.15,logs/5-25 20.15/log0001.csv,1.4801,5.624956,1,2.34,2.34,,
2026-05-25,20.15,logs/5-25 20.15/log0001.csv,1.4801,6.225371,1,0.0,0.0,,
2026-05-25,20.15,logs/5-25 20.15/log0001.csv,1.4801,6.565505,3,0.0,0.0,,0.0
2026-05-25,20.15,logs/5-25 20.15/log0001.csv,1.5473,7.731196,5,0.626,0.0,,1.3997785539148684
2026-05-25,20.15,logs/5-25 20.15/log0001.csv,1.5473,8.044332,2,2.735,2.735,,0.5586143571373726
2026-05-25,20.15,logs/5-25 20.15/log0001.csv,1.5473,9.456532,4,1.17,2.34,,2.34
2026-05-25,20.15,logs/5-25 20.15/log0001.csv,1.593,4.699582,1,0.0,0.0,,
2026-05-25,20.15,logs/5-25 20.15/log0001.csv,1.593,5.624956,1,-4.69,-4.69,,
2026-05-25,20.15,logs/5-25 20.15/log0001.csv,1.593,8.044332,4,-0.5825,1.565,,5.538491822388715
2026-05-25,20.15,logs/5-25 20.15/log0001.csv,1.593,9.456532,7,1.4514285714285715,2.34,,2.798305609777868
2026-05-25,20.15,logs/5-25 20.15/log0001.csv,1.593,9.9646,4,1.565,3.52,,4.186179642585826
2026-05-25,20.15,logs/5-25 20.15/log0001.csv,1.6417,5.624956,1,-4.69,-4.69,,
2026-05-25,20.15,logs/5-25 20.15/log0001.csv,1.6417,8.044332,1,0.0,0.0,,
2026-05-25,20.15,logs/5-25 20.15/log0001.csv,1.6417,9.456532,3,2.3466666666666667,3.13,,2.0693557773696947
2026-05-25,20.15,logs/5-25 20.15/log0001.csv,1.6417,9.9646,29,-2.315862068965517,-0.78,,6.348745948858931
2026-05-25,20.15,logs/5-25 20.15/log0001.csv,1.6417,11.0771,12,-3.515,0.0,,9.45123897601887
2026-05-25,20.15,logs/5-25 20.15/log0001.csv,1.68,7.731196,1,0.0,0.0,,
2026-05-25,20.15,logs/5-25 20.15/log0001.csv,1.68,9.456532,1,0.0,0.0,,
2026-05-25,20.15,logs/5-25 20.15/log0001.csv,1.68,9.9646,2,-2.345,-2.345,,11.052078989945738
2026-05-25,20.15,logs/5-25 20.15/log0001.csv,1.68,11.0771,19,-1.7673684210526317,-1.56,,4.181682067336146
2026-05-25,20.15,logs/5-25 20.15/log0001.csv,1.68,12.5195,14,0.1671428571428572,0.39,,2.1042646388535995
2026-05-25,20.15,logs/5-25 20.15/log0001.csv,1.7451,11.0771,3,1.3033333333333337,3.91,,6.6451887357195005
2026-05-25,20.15,logs/5-25 20.15/log0001.csv,1.7451,12.5195,126,0.0996825396825396,0.0,,3.8148648073572273
2026-05-25,20.15,logs/5-25 20.15/log0001.csv,1.7451,15.00816,20,-0.038,-0.39,,3.1101423220100224
2026-05-25,20.15,logs/5-25 20.15/log0001.csv,1.81,6.225371,1,0.78,0.78,,
2026-05-25,20.15,logs/5-25 20.15/log0001.csv,1.81,9.456532,1,0.0,0.0,,
2026-05-25,20.15,logs/5-25 20.15/log0001.csv,1.81,9.9646,1,0.78,0.78,,
2026-05-25,20.15,logs/5-25 20.15/log0001.csv,1.81,12.5195,7,-1.8985714285714284,-3.13,,4.958280712005687
2026-05-25,20.15,logs/5-25 20.15/log0001.csv,1.81,15.00816,84,-3.106190476190476,-1.56,,4.033810391743111
2026-05-25,20.15,logs/5-25 20.15/log0001.csv,1.81,15.6572,43,-2.688139534883721,-1.56,,3.032403773697216
2026-05-25,20.15,logs/5-25 20.15/log0001.csv,1.85,8.044332,1,0.0,0.0,,
2026-05-25,20.15,logs/5-25 20.15/log0001.csv,1.85,9.456532,1,0.0,0.0,,
2026-05-25,20.15,logs/5-25 20.15/log0001.csv,1.85,12.5195,2,0.39,0.39,,0.5515432893255071
2026-05-25,20.15,logs/5-25 20.15/log0001.csv,1.85,15.00816,12,-3.71,-1.95,,4.281569380920548
2026-05-25,20.15,logs/5-25 20.15/log0001.csv,1.85,15.6572,137,-3.461240875912409,-2.34,,3.19580571753028
2026-05-25,20.15,logs/5-25 20.15/log0001.csv,1.85,17.54912,85,-4.072470588235294,-3.91,,2.8014247675587005
2026-05-25,20.15,logs/5-25 20.15/log0001.csv,1.85,20.13153,1,-11.72,-11.72,,
2026-05-25,20.15,logs/5-25 20.15/log0001.csv,1.85,22.0675,1,-2.34,-2.34,,
2026-05-25,20.15,logs/5-25 20.15/log0001.csv,1.91,4.399962,1,-4.69,-4.69,,
2026-05-25,20.15,logs/5-25 20.15/log0001.csv,1.91,12.5195,1,-3.91,-3.91,,
2026-05-25,20.15,logs/5-25 20.15/log0001.csv,1.91,15.6572,3,1.04,0.0,,4.775698901731557
2026-05-25,20.15,logs/5-25 20.15/log0001.csv,1.91,17.54912,318,-5.007547169811321,-6.25,,4.53511169969195
2026-05-25,20.15,logs/5-25 20.15/log0001.csv,1.91,20.13153,40,-2.46225,0.0,,4.706630613376116
2026-05-25,20.15,logs/5-25 20.15/log0001.csv,1.91,22.0675,1,-2.34,-2.34,,
2026-05-25,20.15,logs/5-25 20.15/log0001.csv,1.9888,15.00816,1,-3.91,-3.91,,
2026-05-25,20.15,logs/5-25 20.15/log0001.csv,1.9888,17.54912,11,-8.240909090909092,-10.16,,3.3949181272762807
2026-05-25,20.15,logs/5-25 20.15/log0001.csv,1.9888,20.13153,266,-2.747406015037594,-3.13,,5.454729542142848
2026-05-25,20.15,logs/5-25 20.15/log0001.csv,1.9888,22.0675,41,0.0185365853658536,0.78,,3.308801566259006
2026-05-25,20.15,logs/5-25 20.15/log0001.csv,1.9888,30.91469,1,-4.69,-4.69,,
2026-05-25,20.15,logs/5-25 20.15/log0001.csv,2.05,4.699582,1,-0.78,-0.78,,
2026-05-25,20.15,logs/5-25 20.15/log0001.csv,2.05,15.00816,1,0.0,0.0,,
2026-05-25,20.15,logs/5-25 20.15/log0001.csv,2.05,17.54912,1,0.0,0.0,,
2026-05-25,20.15,logs/5-25 20.15/log0001.csv,2.05,20.13153,27,-5.44037037037037,-6.25,,4.062430573590417
2026-05-25,20.15,logs/5-25 20.15/log0001.csv,2.05,22.0675,236,-2.9823305084745764,-3.13,,4.574800364541132
2026-05-25,20.15,logs/5-25 20.15/log0001.csv,2.05,24.28007,126,-1.096984126984127,-1.56,,3.840975349015668
2026-05-25,20.15,logs/5-25 20.15/log0001.csv,2.05,27.4473,1,-1.56,-1.56,,
2026-05-25,20.15,logs/5-25 20.15/log0001.csv,2.05,30.91469,1,-4.69,-4.69,,
2026-05-25,20.15,logs/5-25 20.15/log0001.csv,2.05,37.57346,1,-4.69,-4.69,,
2026-05-25,20.15,logs/5-25 20.15/log0001.csv,2.1152,15.6572,1,-2.34,-2.34,,
2026-05-25,20.15,logs/5-25 20.15/log0001.csv,2.1152,22.0675,3,-5.73,-4.69,,1.801332839871632
2026-05-25,20.15,logs/5-25 20.15/log0001.csv,2.1152,24.28007,207,-2.2306280193236714,-3.13,,5.248890691105339
2026-05-25,20.15,logs/5-25 20.15/log0001.csv,2.1152,27.4473,106,-1.0685849056603776,-1.56,,5.694615909733425
2026-05-25,20.15,logs/5-25 20.15/log0001.csv,2.1152,30.91469,4,-5.275,-2.7350000000000003,,7.201826157302049
2026-05-25,20.15,logs/5-25 20.15/log0001.csv,2.1682,11.0771,1,-4.69,-4.69,,
2026-05-25,20.15,logs/5-25 20.15/log0001.csv,2.1682,20.13153,1,-5.47,-5.47,,
2026-05-25,20.15,logs/5-25 20.15/log0001.csv,2.1682,24.28007,1,-9.38,-9.38,,
2026-05-25,20.15,logs/5-25 20.15/log0001.csv,2.1682,27.4473,268,-4.873619402985075,-6.25,,4.5737493897317485
2026-05-25,20.15,logs/5-25 20.15/log0001.csv,2.1682,30.91469,47,-2.775744680851064,-3.13,,4.032831427756354
2026-05-25,20.15,logs/5-25 20.15/log0001.csv,2.1682,33.73144,1,1.56,1.56,,
2026-05-25,20.15,logs/5-25 20.15/log0001.csv,2.1682,42.21833,1,-4.69,-4.69,,
2026-05-25,20.15,logs/5-25 20.15/log0001.csv,2.253,7.731196,1,-7.81,-7.81,,
2026-05-25,20.15,logs/5-25 20.15/log0001.csv,2.253,15.00816,1,2.34,2.34,,
2026-05-25,20.15,logs/5-25 20.15/log0001.csv,2.253,22.0675,1,0.78,0.78,,
2026-05-25,20.15,logs/5-25 20.15/log0001.csv,2.253,24.28007,2,-5.08,-5.08,,7.184204896855323
2026-05-25,20.15,logs/5-25 20.15/log0001.csv,2.253,27.4473,12,-4.5575,-4.69,,4.6970205740157525
2026-05-25,20.15,logs/5-25 20.15/log0001.csv,2.253,30.91469,301,-3.3248172757475083,-2.34,,3.8167992327560594
2026-05-25,20.15,logs/5-25 20.15/log0001.csv,2.253,33.73144,35,-4.108285714285714,-3.91,,3.412325828965518
2026-05-25,20.15,logs/5-25 20.15/log0001.csv,2.253,37.57346,3,-4.166666666666667,-4.69,,2.38839555629576
2026-05-25,20.15,logs/5-25 20.15/log0001.csv,2.2849,11.0771,1,0.78,0.78,,
2026-05-25,20.15,logs/5-25 20.15/log0001.csv,2.2849,15.00816,1,-6.25,-6.25,,
2026-05-25,20.15,logs/5-25 20.15/log0001.csv,2.2849,27.4473,1,-0.78,-0.78,,
2026-05-25,20.15,logs/5-25 20.15/log0001.csv,2.2849,30.91469,20,-6.758,-5.859999999999999,,4.271869552512601
2026-05-25,20.15,logs/5-25 20.15/log0001.csv,2.2849,33.73144,452,-4.087345132743363,-3.13,,2.6497023278236025
2026-05-25,20.15,logs/5-25 20.15/log0001.csv,2.2849,37.57346,72,-2.3208333333333333,-2.34,,1.7451056306057324
2026-05-25,20.15,logs/5-25 20.15/log0001.csv,2.3877,24.28007,1,-14.06,-14.06,,
2026-05-25,20.15,logs/5-25 20.15/log0001.csv,2.3877,27.4473,3,-1.0433333333333334,0.0,,3.2530037401351595
2026-05-25,20.15,logs/5-25 20.15/log0001.csv,2.3877,30.91469,2,0.0,0.0,,2.2061731573020285
2026-05-25,20.15,logs/5-25 20.15/log0001.csv,2.3877,33.73144,17,-4.32,-3.13,,3.8776700478509
2026-05-25,20.15,logs/5-25 20.15/log0001.csv,2.3877,37.57346,314,-2.770286624203821,-2.34,,2.305269470089053
2026-05-25,20.15,logs/5-25 20.15/log0001.csv,2.3877,42.21833,6,-1.1733333333333331,0.0,,1.834379095679698
2026-05-25,20.15,logs/5-25 20.15/log0001.csv,2.449,15.00816,1,-5.47,-5.47,,
2026-05-25,20.15,logs/5-25 20.15/log0001.csv,2.449,24.28007,1,-6.25,-6.25,,
2026-05-25,20.15,logs/5-25 20.15/log0001.csv,2.449,27.4473,1,0.0,0.0,,
2026-05-25,20.15,logs/5-25 20.15/log0001.csv,2.449,37.57346,8,-4.2975,-4.69,,1.7720266847394182
2026-05-25,20.15,logs/5-25 20.15/log0001.csv,2.449,42.21833,92,-1.52,-0.78,,3.2504545751409823
2026-05-25,20.15,logs/5-25 20.15/log0001.csv,2.449,47.37292,3,-2.3433333333333333,-2.34,,2.345001776829462
2026-05-25,20.15,logs/5-25 20.15/log0001.csv,2.5482,42.21833,7,-2.455714285714286,0.0,,4.096396209445798
2026-05-25,20.15,logs/5-25 20.15/log0001.csv,2.5482,47.37292,92,-0.3227173913043478,0.0,,3.832828727079099
2026-05-25,20.15,logs/5-25 20.15/log0001.csv,2.5482,50.52607,13,0.0,0.0,,0.0
2026-05-25,20.15,logs/5-25 20.15/log0001.csv,2.62,47.37292,1,6.25,6.25,,
2026-05-25,20.15,logs/5-25 20.15/log0001.csv,2.62,50.52607,42,0.1302380952380952,0.0,,1.11685640733754
2026-05-25,20.15,logs/5-25 20.15/log0001.csv,2.7327,50.52607,2,3.905,3.905,,5.522503961066936
2026-05-25,20.15,logs/5-25 20.15/log0001.csv,2.7327,58.53896,25,0.0,0.0,,0.0
2026-05-25,20.15,logs/5-25 20.15/log0001.csv,2.7327,67.17062,3,0.0,0.0,,0.0
2026-05-25,20.15,logs/5-25 20.15/log0001.csv,2.8274,47.37292,1,0.0,0.0,,
2026-05-25,20.15,logs/5-25 20.15/log0001.csv,2.8274,67.17062,15,0.0,0.0,,0.0
2026-05-25,20.15,logs/5-25 20.15/log0001.csv,2.9125,67.17062,3,0.0,0.0,,0.0
2026-05-25,20.15,logs/5-25 20.15/log0001.csv,2.9125,72.78947,15,0.0,0.0,,0.0
2026-05-25,20.15,logs/5-25 20.15/log0001.csv,2.99,84.14777,14,0.0,0.0,,0.0
2026-05-25,20.15,logs/5-25 20.15/log0001.csv,2.99,89.23958,6,0.0,0.0,,0.0
2026-05-25,20.15,logs/5-25 20.15/log0001.csv,3.0654,89.23958,13,0.0,0.0,,0.0
2026-05-25,20.15,logs/5-25 20.15/log0001.csv,3.1508,89.23958,1,0.0,0.0,,
2026-05-25,20.15,logs/5-25 20.15/log0001.csv,3.1508,103.6679,23,0.0,0.0,,0.0
2026-05-26,20.15,logs/5-26 20.15/log0001.csv,1.0727,11.0771,2,-3.125,-3.125,,0.0
2026-05-26,20.15,logs/5-26 20.15/log0001.csv,1.2201,11.0771,2,-3.125,-3.125,,0.0
2026-05-26,20.15,logs/5-26 20.15/log0001.csv,1.28,3.89676,1,-4.6875,-4.6875,,
2026-05-26,20.15,logs/5-26 20.15/log0001.csv,1.28,4.399962,1,-6.25,-6.25,,
2026-05-26,20.15,logs/5-26 20.15/log0001.csv,1.28,4.699582,1,-6.25,-6.25,,
2026-05-26,20.15,logs/5-26 20.15/log0001.csv,1.28,20.13153,1,-3.125,-3.125,,
2026-05-26,20.15,logs/5-26 20.15/log0001.csv,1.3021,3.89676,1,-3.90625,-3.90625,,
2026-05-26,20.15,logs/5-26 20.15/log0001.csv,1.3021,4.399962,1,-6.25,-6.25,,
2026-05-26,20.15,logs/5-26 20.15/log0001.csv,1.3021,4.699582,3,-12.760433333333332,-12.5,,0.451083765317855
2026-05-26,20.15,logs/5-26 20.15/log0001.csv,1.3628,4.699582,3,-5.729183333333334,-6.25,,6.266278800119999
2026-05-26,20.15,logs/5-26 20.15/log0001.csv,1.3628,5.624956,3,-1.8229166666666667,0.78125,,4.510548978043952
2026-05-26,20.15,logs/5-26 20.15/log0001.csv,1.3948,5.624956,13,-5.288465384615384,-6.25,,3.8690201482085342
2026-05-26,20.15,logs/5-26 20.15/log0001.csv,1.3948,6.225371,17,-7.077205882352941,-8.59375,,3.3314448972481494
2026-05-26,20.15,logs/5-26 20.15/log0001.csv,1.3948,20.13153,1,-3.125,-3.125,,
2026-05-26,20.15,logs/5-26 20.15/log0001.csv,1.45,5.624956,1,-6.25,-6.25,,
2026-05-26,20.15,logs/5-26 20.15/log0001.csv,1.45,6.225371,15,-5.572916666666667,-7.03125,,4.132580066490228
2026-05-26,20.15,logs/5-26 20.15/log0001.csv,1.45,6.565505,17,-5.974267647058824,-4.6875,,4.375539718564056
2026-05-26,20.15,logs/5-26 20.15/log0001.csv,1.45,7.731196,6,-5.208333333333333,-3.515625,,2.9508782237948528
2026-05-26,20.15,logs/5-26 20.15/log0001.csv,1.4801,6.225371,3,-3.90625,-3.90625,,4.6875
2026-05-26,20.15,logs/5-26 20.15/log0001.csv,1.4801,6.565505,11,-5.326704545454546,-6.25,,2.8772533165724687
2026-05-26,20.15,logs/5-26 20.15/log0001.csv,1.4801,7.731196,56,-2.818080357142857,-3.90625,,5.002836933614208
2026-05-26,20.15,logs/5-26 20.15/log0001.csv,1.4801,8.044332,19,-4.6875,-4.6875,,3.871372069614194
2026-05-26,20.15,logs/5-26 20.15/log0001.csv,1.4801,20.13153,1,-3.125,-3.125,,
2026-05-26,20.15,logs/5-26 20.15/log0001.csv,1.5473,6.565505,4,-0.5859375,0.0,,4.053224587571193
2026-05-26,20.15,logs/5-26 20.15/log0001.csv,1.5473,7.731196,112,-3.3900674107142854,-3.90625,,4.614859394843586
2026-05-26,20.15,logs/5-26 20.15/log0001.csv,1.5473,8.044332,138,-2.751357971014493,-3.125,,4.492621738067802
2026-05-26,20.15,logs/5-26 20.15/log0001.csv,1.5473,9.456532,32,-0.29296875,0.390625,,2.2163812037014226
2026-05-26,20.15,logs/5-26 20.15/log0001.csv,1.593,7.731196,1,-5.46875,-5.46875,,
2026-05-26,20.15,logs/5-26 20.15/log0001.csv,1.593,8.044332,33,-3.882575757575758,-3.125,,5.121089818753201
2026-05-26,20.15,logs/5-26 20.15/log0001.csv,1.593,9.456532,140,-1.4676339285714286,-1.5625,,3.86326149537723
2026-05-26,20.15,logs/5-26 20.15/log0001.csv,1.593,9.9646,136,-2.102481617647059,-2.34375,,2.4860626872315126
2026-05-26,20.15,logs/5-26 20.15/log0001.csv,1.6417,8.044332,2,0.78125,0.78125,,3.3145630368119416
2026-05-26,20.15,logs/5-26 20.15/log0001.csv,1.6417,9.456532,31,-3.402217741935484,-3.90625,,3.450191928684267
2026-05-26,20.15,logs/5-26 20.15/log0001.csv,1.6417,9.9646,140,-1.7020089285714286,-1.5625,,3.36618179756445
2026-05-26,20.15,logs/5-26 20.15/log0001.csv,1.6417,11.0771,83,-2.7955572289156625,-2.34375,,2.77991927093844
2026-05-26,20.15,logs/5-26 20.15/log0001.csv,1.6417,12.5195,1,-3.90625,-3.90625,,
2026-05-26,20.15,logs/5-26 20.15/log0001.csv,1.68,9.456532,1,3.90625,3.90625,,
2026-05-26,20.15,logs/5-26 20.15/log0001.csv,1.68,9.9646,7,-3.013392857142857,-3.90625,,3.477179001651168
2026-05-26,20.15,logs/5-26 20.15/log0001.csv,1.68,11.0771,192,-2.718098958333333,-2.34375,,3.405819864427008
2026-05-26,20.15,logs/5-26 20.15/log0001.csv,1.68,12.5195,44,-2.840909090909091,-3.125,,4.182088323367922
2026-05-26,20.15,logs/5-26 20.15/log0001.csv,1.7451,9.9646,2,0.78125,0.78125,,3.3145630368119416
2026-05-26,20.15,logs/5-26 20.15/log0001.csv,1.7451,11.0771,39,-2.34375,-2.34375,,3.260823008701784
2026-05-26,20.15,logs/5-26 20.15/log0001.csv,1.7451,12.5195,678,-3.750691076696165,-3.125,,3.615111933452915
2026-05-26,20.15,logs/5-26 20.15/log0001.csv,1.7451,15.00816,37,-5.933277027027027,-8.59375,,3.422569866679832
2026-05-26,20.15,logs/5-26 20.15/log0001.csv,1.81,9.9646,1,-2.34375,-2.34375,,
2026-05-26,20.15,logs/5-26 20.15/log0001.csv,1.81,12.5195,90,-4.175348333333333,-3.90625,,3.983888910344904
2026-05-26,20.15,logs/5-26 20.15/log0001.csv,1.81,15.00816,725,-4.468750965517241,-4.6875,,3.767630587106022
2026-05-26,20.15,logs/5-26 20.15/log0001.csv,1.81,15.6572,123,-4.122205284552845,-4.6875,,4.079533584170815
2026-05-26,20.15,logs/5-26 20.15/log0001.csv,1.81,17.54912,1,1.5625,1.5625,,
2026-05-26,20.15,logs/5-26 20.15/log0001.csv,1.85,11.0771,1,0.0,0.0,,
2026-05-26,20.15,logs/5-26 20.15/log0001.csv,1.85,15.00816,35,-3.102678571428572,-3.125,,4.0880739966518265
2026-05-26,20.15,logs/5-26 20.15/log0001.csv,1.85,15.6572,536,-2.560926119402985,-2.34375,,4.384375612675854
2026-05-26,20.15,logs/5-26 20.15/log0001.csv,1.85,17.54912,203,-3.3713056650246305,-3.90625,,4.458835944837529
2026-05-26,20.15,logs/5-26 20.15/log0001.csv,1.85,20.13153,1,-3.125,-3.125,,
2026-05-26,20.15,logs/5-26 20.15/log0001.csv,1.91,15.00816,1,0.78125,0.78125,,
2026-05-26,20.15,logs/5-26 20.15/log0001.csv,1.91,15.6572,11,-3.835227272727273,-5.46875,,6.360877293517132
2026-05-26,20.15,logs/5-26 20.15/log0001.csv,1.91,17.54912,567,-3.5080473544973545,-3.90625,,4.192486658205758
2026-05-26,20.15,logs/5-26 20.15/log0001.csv,1.91,20.13153,140,-1.0881692857142855,-0.78125,,3.2458873474757377
2026-05-26,20.15,logs/5-26 20.15/log0001.csv,1.9888,12.5195,1,-2.34375,-2.34375,,
2026-05-26,20.15,logs/5-26 20.15/log0001.csv,1.9888,17.54912,22,-3.3735795454545454,-3.90625,,4.570631180614395
2026-05-26,20.15,logs/5-26 20.15/log0001.csv,1.9888,20.13153,523,-3.441684703632887,-2.34375,,4.790644755629563
2026-05-26,20.15,logs/5-26 20.15/log0001.csv,1.9888,22.0675,52,-2.8846153846153846,-2.34375,,4.668411043936773
2026-05-26,20.15,logs/5-26 20.15/log0001.csv,2.05,17.54912,2,2.343775,2.343775,,6.629161428962942
2026-05-26,20.15,logs/5-26 20.15/log0001.csv,2.05,20.13153,68,-5.193019852941177,-5.859375,,6.25403684931163
2026-05-26,20.15,logs/5-26 20.15/log0001.csv,2.05,22.0675,766,-2.8934822454308096,-1.5625,,5.382343332739771
2026-05-26,20.15,logs/5-26 20.15/log0001.csv,2.05,24.28007,236,-0.6885588983050848,0.0,,2.9945691297614885
2026-05-26,20.15,logs/5-26 20.15/log0001.csv,2.1152,22.0675,2,0.0,0.0,,1.1048543456039803
2026-05-26,20.15,logs/5-26 20.15/log0001.csv,2.1152,24.28007,514,-1.6126576848249028,-1.5625,,4.316853125992151
2026-05-26,20.15,logs/5-26 20.15/log0001.csv,2.1152,27.4473,212,-2.329008962264151,-3.125,,4.215035965629993
2026-05-26,20.15,logs/5-26 20.15/log0001.csv,2.1682,24.28007,9,-1.3888888888888888,-1.5625,,2.969206836195672
2026-05-26,20.15,logs/5-26 20.15/log0001.csv,2.1682,27.4473,530,-3.068986886792453,-3.125,,4.471235509683591
2026-05-26,20.15,logs/5-26 20.15/log0001.csv,2.1682,30.91469,126,-1.4136904761904765,-0.78125,,3.756133377081885
2026-05-26,20.15,logs/5-26 20.15/log0001.csv,2.253,27.4473,16,-6.05469375,-5.859375,,5.371162874582344
2026-05-26,20.15,logs/5-26 20.15/log0001.csv,2.253,30.91469,730,-1.6288534931506848,-1.5625,,4.006739988892722
2026-05-26,20.15,logs/5-26 20.15/log0001.csv,2.253,33.73144,67,-2.751865671641791,-3.125,,3.131970826524036
2026-05-26,20.15,logs/5-26 20.15/log0001.csv,2.2849,30.91469,23,-3.804347826086957,-4.6875,,3.074019057079919
2026-05-26,20.15,logs/5-26 20.15/log0001.csv,2.2849,33.73144,735,-2.6987671428571427,-3.125,,3.340580274730668
2026-05-26,20.15,logs/5-26 20.15/log0001.csv,2.2849,37.57346,190,-0.6126644736842105,-0.390625,,2.573073699838896
2026-05-26,20.15,logs/5-26 20.15/log0001.csv,2.3877,33.73144,28,-4.827008928571429,-5.859375,,3.022431116515974
2026-05-26,20.15,logs/5-26 20.15/log0001.csv,2.3877,37.57346,965,-1.466159481865285,-0.78125,,3.8534043279668033
2026-05-26,20.15,logs/5-26 20.15/log0001.csv,2.3877,42.21833,23,-1.4266304347826086,-0.78125,,4.978269617610374
2026-05-26,20.15,logs/5-26 20.15/log0001.csv,2.449,37.57346,54,-1.5046296296296295,-1.5625,,3.924931307457044
2026-05-26,20.15,logs/5-26 20.15/log0001.csv,2.449,42.21833,605,-0.8910128099173554,0.0,,3.455623295794714
2026-05-26,20.15,logs/5-26 20.15/log0001.csv,2.449,47.37292,14,0.0558035714285714,0.0,,2.088781366699464
2026-05-26,20.15,logs/5-26 20.15/log0001.csv,2.5482,42.21833,48,-0.634765625,0.0,,2.117616202572979
2026-05-26,20.15,logs/5-26 20.15/log0001.csv,2.5482,47.37292,360,0.25390625,0.0,,1.9016211487700927
2026-05-26,20.15,logs/5-26 20.15/log0001.csv,2.5482,50.52607,19,0.0,0.0,,0.0
2026-05-26,20.15,logs/5-26 20.15/log0001.csv,2.62,47.37292,6,0.0,0.0,,0.0
2026-05-26,20.15,logs/5-26 20.15/log0001.csv,2.62,50.52607,159,-0.1326650943396226,0.0,,0.8754852645485274
2026-05-26,20.15,logs/5-26 20.15/log0001.csv,2.7327,50.52607,13,0.0,0.0,,0.0
2026-05-26,20.15,logs/5-26 20.15/log0001.csv,2.7327,58.53896,61,0.0,0.0,,0.0
2026-05-26,20.15,logs/5-26 20.15/log0001.csv,2.7327,67.17062,5,0.0,0.0,,0.0
2026-05-26,20.15,logs/5-26 20.15/log0001.csv,2.8274,58.53896,1,0.0,0.0,,
2026-05-26,20.15,logs/5-26 20.15/log0001.csv,2.8274,67.17062,11,0.0,0.0,,0.0
2026-05-26,20.15,logs/5-26 20.15/log0001.csv,2.9125,67.17062,2,0.0,0.0,,0.0
2026-05-26,20.15,logs/5-26 20.15/log0001.csv,2.9125,72.78947,7,0.0,0.0,,0.0
2026-05-26,20.15,logs/5-26 20.15/log0001.csv,2.9125,84.14777,1,0.0,0.0,,
2026-05-26,20.15,logs/5-26 20.15/log0001.csv,2.99,72.78947,1,0.0,0.0,,
2026-05-28,20.15,logs/5-28 20.15/log0001.csv,1.2201,3.89676,3,-6.510000000000001,-7.03,,1.6236994795835833
2026-05-28,20.15,logs/5-28 20.15/log0001.csv,1.28,3.89676,4,-5.4725,-4.69,,2.9915255305612893
2026-05-28,20.15,logs/5-28 20.15/log0001.csv,1.28,4.399962,7,-2.3428571428571425,-2.34,,4.44230313495794
2026-05-28,20.15,logs/5-28 20.15/log0001.csv,1.3021,4.399962,3,-1.3033333333333337,-1.56,,1.9675958257054045
2026-05-28,20.15,logs/5-28 20.15/log0001.csv,1.3021,4.699582,4,-2.735,-3.125,,3.283235193118722
2026-05-28,20.15,logs/5-28 20.15/log0001.csv,1.3021,5.624956,1,-5.47,-5.47,,
2026-05-28,20.15,logs/5-28 20.15/log0001.csv,1.3628,3.89676,1,-4.69,-4.69,,
2026-05-28,20.15,logs/5-28 20.15/log0001.csv,1.3628,4.399962,2,-6.640000000000001,-6.640000000000001,,17.12612624033818
2026-05-28,20.15,logs/5-28 20.15/log0001.csv,1.3628,4.699582,2,-9.77,-9.77,,8.287291475506336
2026-05-28,20.15,logs/5-28 20.15/log0001.csv,1.3628,5.624956,3,-2.866666666666667,-3.91,,2.513052592631785
2026-05-28,20.15,logs/5-28 20.15/log0001.csv,1.3948,4.699582,6,-5.989999999999999,-5.47,,3.0333018313382536
2026-05-28,20.15,logs/5-28 20.15/log0001.csv,1.3948,5.624956,6,-2.995000000000001,-1.95,,3.4049948604953872
2026-05-28,20.15,logs/5-28 20.15/log0001.csv,1.3948,6.225371,9,-3.557777777777778,-0.78,,7.45283801276027
2026-05-28,20.15,logs/5-28 20.15/log0001.csv,1.45,5.624956,1,-10.94,-10.94,,
2026-05-28,20.15,logs/5-28 20.15/log0001.csv,1.45,6.225371,6,-4.6866666666666665,-2.34,,5.720372948214711
2026-05-28,20.15,logs/5-28 20.15/log0001.csv,1.45,6.565505,9,-1.91,-2.34,,5.0511929284081
2026-05-28,20.15,logs/5-28 20.15/log0001.csv,1.4801,5.624956,3,-0.2599999999999999,0.0,,1.9629569531703948
2026-05-28,20.15,logs/5-28 20.15/log0001.csv,1.4801,6.225371,5,-5.314,-4.69,,9.54141918165217
2026-05-28,20.15,logs/5-28 20.15/log0001.csv,1.4801,6.565505,7,-0.4471428571428569,0.78,,5.739586844264763
2026-05-28,20.15,logs/5-28 20.15/log0001.csv,1.4801,7.731196,18,-1.2583333333333333,-1.95,,3.715650920727872
2026-05-28,20.15,logs/5-28 20.15/log0001.csv,1.5473,4.399962,2,-2.735,-2.735,,0.5586143571373726
2026-05-28,20.15,logs/5-28 20.15/log0001.csv,1.5473,4.699582,3,-6.25,-7.03,,3.584229345340502
2026-05-28,20.15,logs/5-28 20.15/log0001.csv,1.5473,5.624956,2,-6.25,-6.25,,2.206173157302028
2026-05-28,20.15,logs/5-28 20.15/log0001.csv,1.5473,6.225371,1,-8.59,-8.59,,
2026-05-28,20.15,logs/5-28 20.15/log0001.csv,1.5473,6.565505,3,-1.3033333333333337,-0.78,,1.6293045551195555
2026-05-28,20.15,logs/5-28 20.15/log0001.csv,1.5473,7.731196,58,-2.748448275862069,-2.34,,4.879326888336402
2026-05-28,20.15,logs/5-28 20.15/log0001.csv,1.5473,8.044332,55,-4.630909090909091,-3.13,,6.2669131963113225
2026-05-28,20.15,logs/5-28 20.15/log0001.csv,1.5473,9.456532,4,-5.0775,-5.859999999999999,,1.8616726350247512
2026-05-28,20.15,logs/5-28 20.15/log0001.csv,1.593,6.565505,1,-8.59,-8.59,,
2026-05-28,20.15,logs/5-28 20.15/log0001.csv,1.593,7.731196,4,-1.365,-1.95,,1.476516169908071
2026-05-28,20.15,logs/5-28 20.15/log0001.csv,1.593,8.044332,35,-2.8794285714285714,-2.34,,5.533846095171243
2026-05-28,20.15,logs/5-28 20.15/log0001.csv,1.593,9.456532,207,-2.4569565217391305,-2.34,,5.586794668936544
2026-05-28,20.15,logs/5-28 20.15/log0001.csv,1.593,9.9646,135,-2.5117037037037035,-2.34,,3.3327697997940096
2026-05-28,20.15,logs/5-28 20.15/log0001.csv,1.6417,6.225371,1,1.56,1.56,,
2026-05-28,20.15,logs/5-28 20.15/log0001.csv,1.6417,6.565505,2,-5.859999999999999,-5.859999999999999,,2.757716446627535
2026-05-28,20.15,logs/5-28 20.15/log0001.csv,1.6417,7.731196,4,-3.7125,-3.91,,1.173893095643722
2026-05-28,20.15,logs/5-28 20.15/log0001.csv,1.6417,8.044332,5,1.876,0.0,,4.8325179772040165
2026-05-28,20.15,logs/5-28 20.15/log0001.csv,1.6417,9.456532,88,-1.6430681818181818,-2.34,,4.544209997463248
2026-05-28,20.15,logs/5-28 20.15/log0001.csv,1.6417,9.9646,492,-1.4580487804878048,-2.34,,4.290611388037297
2026-05-28,20.15,logs/5-28 20.15/log0001.csv,1.6417,11.0771,624,-1.8354487179487176,-2.34,,4.147857222893185
2026-05-28,20.15,logs/5-28 20.15/log0001.csv,1.6417,12.5195,9,-3.645555555555556,-4.69,,3.49292538966663
2026-05-28,20.15,logs/5-28 20.15/log0001.csv,1.68,5.624956,1,-2.34,-2.34,,
2026-05-28,20.15,logs/5-28 20.15/log0001.csv,1.68,7.731196,2,-0.39,-0.39,,0.5515432893255071
2026-05-28,20.15,logs/5-28 20.15/log0001.csv,1.68,8.044332,1,-7.81,-7.81,,
2026-05-28,20.15,logs/5-28 20.15/log0001.csv,1.68,9.456532,1,-7.81,-7.81,,
2026-05-28,20.15,logs/5-28 20.15/log0001.csv,1.68,9.9646,25,-2.2504,-2.34,,5.015171549076529
2026-05-28,20.15,logs/5-28 20.15/log0001.csv,1.68,11.0771,551,-0.9020508166969148,-0.78,,5.301406739995292
2026-05-28,20.15,logs/5-28 20.15/log0001.csv,1.68,12.5195,650,-1.3006615384615383,-1.56,,3.710592843943691
2026-05-28,20.15,logs/5-28 20.15/log0001.csv,1.68,15.00816,1,-1.56,-1.56,,
2026-05-28,20.15,logs/5-28 20.15/log0001.csv,1.7451,4.399962,1,-5.47,-5.47,,
2026-05-28,20.15,logs/5-28 20.15/log0001.csv,1.7451,6.565505,1,0.78,0.78,,
2026-05-28,20.15,logs/5-28 20.15/log0001.csv,1.7451,7.731196,2,-6.640000000000001,-6.640000000000001,,0.5515432893255069
2026-05-28,20.15,logs/5-28 20.15/log0001.csv,1.7451,8.044332,2,-2.34,-2.34,,0.0
2026-05-28,20.15,logs/5-28 20.15/log0001.csv,1.7451,9.456532,3,-5.206666666666667,-2.34,,12.361853960200843
2026-05-28,20.15,logs/5-28 20.15/log0001.csv,1.7451,9.9646,4,-2.7350000000000003,-2.735,,1.6285064732242651
2026-05-28,20.15,logs/5-28 20.15/log0001.csv,1.7451,11.0771,85,-1.0118823529411765,-2.34,,4.639857729273514
2026-05-28,20.15,logs/5-28 20.15/log0001.csv,1.7451,12.5195,2233,-0.544500671742051,-0.78,,4.156409259661916
2026-05-28,20.15,logs/5-28 20.15/log0001.csv,1.7451,15.00816,495,-1.4066666666666665,-1.56,,3.390336170975781
2026-05-28,20.15,logs/5-28 20.15/log0001.csv,1.7451,15.6572,2,-3.515,-3.515,,1.6617009357883872
2026-05-28,20.15,logs/5-28 20.15/log0001.csv,1.81,5.624956,3,1.3033333333333337,0.78,,3.9312127051755072
2026-05-28,20.15,logs/5-28 20.15/log0001.csv,1.81,8.044332,1,-2.34,-2.34,,
2026-05-28,20.15,logs/5-28 20.15/log0001.csv,1.81,9.456532,1,-2.34,-2.34,,
2026-05-28,20.15,logs/5-28 20.15/log0001.csv,1.81,9.9646,1,-4.69,-4.69,,
2026-05-28,20.15,logs/5-28 20.15/log0001.csv,1.81,11.0771,5,-1.25,-2.34,,1.9601785632946809
2026-05-28,20.15,logs/5-28 20.15/log0001.csv,1.81,12.5195,185,-1.491837837837838,-2.34,,3.786934327922165
2026-05-28,20.15,logs/5-28 20.15/log0001.csv,1.81,15.00816,2144,-1.7333069029850747,-2.34,,4.231886273810374
2026-05-28,20.15,logs/5-28 20.15/log0001.csv,1.81,15.6572,2001,-2.071994002998501,-3.13,,3.945127522902653
2026-05-28,20.15,logs/5-28 20.15/log0001.csv,1.81,17.54912,3,-4.6866666666666665,-7.03,,4.058772392403069
2026-05-28,20.15,logs/5-28 20.15/log0001.csv,1.81,20.13153,1,-6.25,-6.25,,
2026-05-28,20.15,logs/5-28 20.15/log0001.csv,1.85,8.044332,1,-3.91,-3.91,,
2026-05-28,20.15,logs/5-28 20.15/log0001.csv,1.85,9.456532,2,-9.77,-9.77,,9.39037805415735
2026-05-28,20.15,logs/5-28 20.15/log0001.csv,1.85,9.9646,1,-1.56,-1.56,,
2026-05-28,20.15,logs/5-28 20.15/log0001.csv,1.85,11.0771,2,-3.515,-3.515,,3.867874093090415
2026-05-28,20.15,logs/5-28 20.15/log0001.csv,1.85,12.5195,7,-3.0157142857142856,-3.13,,2.5688898843849337
2026-05-28,20.15,logs/5-28 20.15/log0001.csv,1.85,15.00816,67,-1.492686567164179,-2.34,,5.600655422166867
2026-05-28,20.15,logs/5-28 20.15/log0001.csv,1.85,15.6572,2874,-1.4564335421016006,-2.34,,3.951542920527294
2026-05-28,20.15,logs/5-28 20.15/log0001.csv,1.85,17.54912,3438,-1.2931006399069227,-2.34,,3.592979016057273
2026-05-28,20.15,logs/5-28 20.15/log0001.csv,1.85,20.13153,4,-5.4675,-4.6850000000000005,,3.830729913040943
2026-05-28,20.15,logs/5-28 20.15/log0001.csv,1.85,22.0675,1,-1.56,-1.56,,
2026-05-28,20.15,logs/5-28 20.15/log0001.csv,1.91,6.565505,1,0.0,0.0,,
2026-05-28,20.15,logs/5-28 20.15/log0001.csv,1.91,15.00816,1,-0.78,-0.78,,
2026-05-28,20.15,logs/5-28 20.15/log0001.csv,1.91,15.6572,15,-1.1993333333333334,-3.13,,4.667601811066007
2026-05-28,20.15,logs/5-28 20.15/log0001.csv,1.91,17.54912,3903,-0.307776069689982,-0.78,,3.927987823092261
2026-05-28,20.15,logs/5-28 20.15/log0001.csv,1.91,20.13153,1856,0.2205064655172413,0.0,,3.711241865656687
2026-05-28,20.15,logs/5-28 20.15/log0001.csv,1.91,22.0675,2,-2.345,-2.345,,3.316330803764908
2026-05-28,20.15,logs/5-28 20.15/log0001.csv,1.91,27.4473,1,-1.56,-1.56,,
2026-05-28,20.15,logs/5-28 20.15/log0001.csv,1.9888,6.565505,1,0.0,0.0,,
2026-05-28,20.15,logs/5-28 20.15/log0001.csv,1.9888,8.044332,2,-7.81,-7.81,,7.735748186180829
2026-05-28,20.15,logs/5-28 20.15/log0001.csv,1.9888,9.9646,1,-3.13,-3.13,,
2026-05-28,20.15,logs/5-28 20.15/log0001.csv,1.9888,11.0771,2,-3.905,-3.905,,2.2132442251138937
2026-05-28,20.15,logs/5-28 20.15/log0001.csv,1.9888,15.00816,2,-7.42,-7.42,,0.5515432893255067
2026-05-28,20.15,logs/5-28 20.15/log0001.csv,1.9888,15.6572,1,-10.16,-10.16,,
2026-05-28,20.15,logs/5-28 20.15/log0001.csv,1.9888,17.54912,54,-1.3598148148148146,-2.34,,5.170025178122239
2026-05-28,20.15,logs/5-28 20.15/log0001.csv,1.9888,20.13153,4451,0.2947090541451359,0.0,,4.042507740383662
2026-05-28,20.15,logs/5-28 20.15/log0001.csv,1.9888,22.0675,901,0.25173140954495,0.0,,3.739129117113457
2026-05-28,20.15,logs/5-28 20.15/log0001.csv,1.9888,24.28007,1,-9.38,-9.38,,
2026-05-28,20.15,logs/5-28 20.15/log0001.csv,2.05,11.0771,2,-10.55,-10.55,,1.654629867976521
2026-05-28,20.15,logs/5-28 20.15/log0001.csv,2.05,12.5195,3,-4.166666666666667,-3.13,,4.006873261451294
2026-05-28,20.15,logs/5-28 20.15/log0001.csv,2.05,15.00816,1,-2.34,-2.34,,
2026-05-28,20.15,logs/5-28 20.15/log0001.csv,2.05,15.6572,1,-2.34,-2.34,,
2026-05-28,20.15,logs/5-28 20.15/log0001.csv,2.05,17.54912,6,-3.775,-3.515,,2.0636932911651384
2026-05-28,20.15,logs/5-28 20.15/log0001.csv,2.05,20.13153,231,0.6224675324675325,0.0,,5.158685160044468
2026-05-28,20.15,logs/5-28 20.15/log0001.csv,2.05,22.0675,4629,0.6894253618492114,0.78,,4.27997451686951
2026-05-28,20.15,logs/5-28 20.15/log0001.csv,2.05,24.28007,2159,0.9826401111625752,0.78,,4.234505186653494
2026-05-28,20.15,logs/5-28 20.15/log0001.csv,2.05,27.4473,5,-7.034000000000001,-4.69,,6.583671468109569
2026-05-28,20.15,logs/5-28 20.15/log0001.csv,2.1152,11.0771,2,-2.7350000000000003,-2.7350000000000003,,2.764787514439401
2026-05-28,20.15,logs/5-28 20.15/log0001.csv,2.1152,15.6572,2,-4.295,-4.295,,6.074047250392443
2026-05-28,20.15,logs/5-28 20.15/log0001.csv,2.1152,17.54912,4,-0.1949999999999999,-0.3899999999999999,,3.0194315138228696
2026-05-28,20.15,logs/5-28 20.15/log0001.csv,2.1152,20.13153,4,-1.95,-2.34,,0.7799999999999998
2026-05-28,20.15,logs/5-28 20.15/log0001.csv,2.1152,22.0675,28,-0.8096428571428571,-1.56,,4.522697885556934
2026-05-28,20.15,logs/5-28 20.15/log0001.csv,2.1152,24.28007,3034,0.9443869479235332,0.78,,4.594968732831057
2026-05-28,20.15,logs/5-28 20.15/log0001.csv,2.1152,27.4473,1425,0.6891578947368422,0.0,,4.966630529124615
2026-05-28,20.15,logs/5-28 20.15/log0001.csv,2.1152,30.91469,6,-3.515,-2.7350000000000003,,3.65511559324736
2026-05-28,20.15,logs/5-28 20.15/log0001.csv,2.1152,33.73144,2,-7.815,-7.815,,2.213244225113894
2026-05-28,20.15,logs/5-28 20.15/log0001.csv,2.1682,9.9646,1,0.0,0.0,,
2026-05-28,20.15,logs/5-28 20.15/log0001.csv,2.1682,12.5195,2,-3.125,-3.125,,5.522503961066937
2026-05-28,20.15,logs/5-28 20.15/log0001.csv,2.1682,15.00816,3,-1.5633333333333332,-2.34,,2.816493091298705
2026-05-28,20.15,logs/5-28 20.15/log0001.csv,2.1682,17.54912,3,-2.3433333333333333,-2.34,,0.7850053078376815
2026-05-28,20.15,logs/5-28 20.15/log0001.csv,2.1682,20.13153,1,6.25,6.25,,
2026-05-28,20.15,logs/5-28 20.15/log0001.csv,2.1682,22.0675,2,-5.465,-5.465,,4.419417382415922
2026-05-28,20.15,logs/5-28 20.15/log0001.csv,2.1682,24.28007,33,-0.9236363636363636,-2.34,,5.591390601955507
2026-05-28,20.15,logs/5-28 20.15/log0001.csv,2.1682,27.4473,3994,0.1191261892839258,-0.78,,4.882271666108728
2026-05-28,20.15,logs/5-28 20.15/log0001.csv,2.1682,30.91469,1356,-0.2724852507374631,-0.78,,4.806629640956062
2026-05-28,20.15,logs/5-28 20.15/log0001.csv,2.1682,33.73144,2,-2.345,-2.345,,2.2132442251138937
2026-05-28,20.15,logs/5-28 20.15/log0001.csv,2.253,20.13153,2,-2.345,-2.345,,2.213244225113894
2026-05-28,20.15,logs/5-28 20.15/log0001.csv,2.253,22.0675,1,-3.13,-3.13,,
2026-05-28,20.15,logs/5-28 20.15/log0001.csv,2.253,24.28007,3,-4.166666666666667,-7.03,,7.092604129185086
2026-05-28,20.15,logs/5-28 20.15/log0001.csv,2.253,27.4473,68,-0.8845588235294117,-1.56,,4.844393107353871
2026-05-28,20.15,logs/5-28 20.15/log0001.csv,2.253,30.91469,5180,-0.2162084942084942,-0.78,,4.558606862973607
2026-05-28,20.15,logs/5-28 20.15/log0001.csv,2.253,33.73144,842,-0.6987410926365796,-0.78,,4.288370229099747
2026-05-28,20.15,logs/5-28 20.15/log0001.csv,2.253,37.57346,5,-3.436,-2.34,,4.154687713896196
2026-05-28,20.15,logs/5-28 20.15/log0001.csv,2.2849,12.5195,1,-2.34,-2.34,,
2026-05-28,20.15,logs/5-28 20.15/log0001.csv,2.2849,15.00816,1,-2.34,-2.34,,
2026-05-28,20.15,logs/5-28 20.15/log0001.csv,2.2849,15.6572,1,-3.13,-3.13,,
2026-05-28,20.15,logs/5-28 20.15/log0001.csv,2.2849,20.13153,1,-6.25,-6.25,,
2026-05-28,20.15,logs/5-28 20.15/log0001.csv,2.2849,22.0675,1,5.47,5.47,,
2026-05-28,20.15,logs/5-28 20.15/log0001.csv,2.2849,24.28007,1,-3.91,-3.91,,
2026-05-28,20.15,logs/5-28 20.15/log0001.csv,2.2849,27.4473,4,-5.27,-5.465,,3.846808200746864
2026-05-28,20.15,logs/5-28 20.15/log0001.csv,2.2849,30.91469,183,-0.0982513661202185,-0.78,,5.096257428998436
2026-05-28,20.15,logs/5-28 20.15/log0001.csv,2.2849,33.73144,6812,-0.6941911332941867,-1.56,,4.4507900255885575
2026-05-28,20.15,logs/5-28 20.15/log0001.csv,2.2849,37.57346,1779,-0.6790893760539628,-0.78,,4.0151306717098345
2026-05-28,20.15,logs/5-28 20.15/log0001.csv,2.3877,20.13153,1,-16.41,-16.41,,
2026-05-28,20.15,logs/5-28 20.15/log0001.csv,2.3877,24.28007,4,-7.2275,-8.205,,3.743539991327282
2026-05-28,20.15,logs/5-28 20.15/log0001.csv,2.3877,27.4473,4,-3.515,-4.295,,4.792539340822706
2026-05-28,20.15,logs/5-28 20.15/log0001.csv,2.3877,30.91469,4,-2.54,-2.735,,1.3369866616138448
2026-05-28,20.15,logs/5-28 20.15/log0001.csv,2.3877,33.73144,106,-0.8400943396226415,-0.78,,4.600901463488385
2026-05-28,20.15,logs/5-28 20.15/log0001.csv,2.3877,37.57346,11223,0.0718292791588701,0.0,,4.169117836493222
2026-05-28,20.15,logs/5-28 20.15/log0001.csv,2.3877,42.21833,338,0.543284023668639,0.0,,4.2504631462544
2026-05-28,20.15,logs/5-28 20.15/log0001.csv,2.449,22.0675,1,-1.56,-1.56,,
2026-05-28,20.15,logs/5-28 20.15/log0001.csv,2.449,27.4473,2,1.95,1.95,,0.5515432893255069
2026-05-28,20.15,logs/5-28 20.15/log0001.csv,2.449,30.91469,1,-2.34,-2.34,,
2026-05-28,20.15,logs/5-28 20.15/log0001.csv,2.449,33.73144,2,-6.645,-6.645,,4.970960671741429
2026-05-28,20.15,logs/5-28 20.15/log0001.csv,2.449,37.57346,600,0.25775,0.0,,4.035847810570099
2026-05-28,20.15,logs/5-28 20.15/log0001.csv,2.449,42.21833,10660,0.248437148217636,0.0,,4.0777605837578434
2026-05-28,20.15,logs/5-28 20.15/log0001.csv,2.449,47.37292,229,0.0991703056768559,0.0,,3.921531735265357
2026-05-28,20.15,logs/5-28 20.15/log0001.csv,2.5482,24.28007,1,-3.91,-3.91,,
2026-05-28,20.15,logs/5-28 20.15/log0001.csv,2.5482,30.91469,1,3.13,3.13,,
2026-05-28,20.15,logs/5-28 20.15/log0001.csv,2.5482,33.73144,2,-2.34,-2.34,,0.0
2026-05-28,20.15,logs/5-28 20.15/log0001.csv,2.5482,37.57346,1,-3.91,-3.91,,
2026-05-28,20.15,logs/5-28 20.15/log0001.csv,2.5482,42.21833,706,-0.2410056657223796,0.0,,3.1889403264472693
2026-05-28,20.15,logs/5-28 20.15/log0001.csv,2.5482,47.37292,8614,-0.0943417692129092,0.0,,2.3869675525743967
2026-05-28,20.15,logs/5-28 20.15/log0001.csv,2.5482,50.52607,604,-0.3484271523178808,-0.78,,1.521701394488386
2026-05-28,20.15,logs/5-28 20.15/log0001.csv,2.62,33.73144,1,-3.13,-3.13,,
2026-05-28,20.15,logs/5-28 20.15/log0001.csv,2.62,37.57346,1,-3.13,-3.13,,
2026-05-28,20.15,logs/5-28 20.15/log0001.csv,2.62,42.21833,2,-3.515,-3.515,,1.6617009357883872
2026-05-28,20.15,logs/5-28 20.15/log0001.csv,2.62,47.37292,41,-0.4756097560975609,-0.78,,0.38521454269334
2026-05-28,20.15,logs/5-28 20.15/log0001.csv,2.62,50.52607,3861,-0.4237917637917638,-0.78,,0.651688219857517
2026-05-28,20.15,logs/5-28 20.15/log0001.csv,2.62,58.53896,16,-0.438125,-0.78,,3.277548308822719
2026-05-28,20.15,logs/5-28 20.15/log0001.csv,2.7327,42.21833,2,2.7350000000000003,2.7350000000000003,,6.074047250392443
2026-05-28,20.15,logs/5-28 20.15/log0001.csv,2.7327,47.37292,1,-3.13,-3.13,,
2026-05-28,20.15,logs/5-28 20.15/log0001.csv,2.7327,50.52607,306,-0.5047058823529411,-0.78,,0.7818150876287646
2026-05-28,20.15,logs/5-28 20.15/log0001.csv,2.7327,58.53896,1977,-0.4840971168437026,-0.78,,0.4061208146224702
2026-05-28,20.15,logs/5-28 20.15/log0001.csv,2.7327,67.17062,95,-0.6158947368421053,-0.78,,0.8893572801638919
2026-05-28,20.15,logs/5-28 20.15/log0001.csv,2.8274,58.53896,8,-0.975,-0.78,,0.551543289325507
2026-05-28,20.15,logs/5-28 20.15/log0001.csv,2.8274,67.17062,471,-0.4206369426751592,-0.78,,0.4118319449577146
2026-05-28,20.15,logs/5-28 20.15/log0001.csv,2.8274,72.78947,16,-0.585,-0.78,,0.6679520940905868
2026-05-28,20.15,logs/5-28 20.15/log0001.csv,2.9125,58.53896,1,-2.34,-2.34,,
2026-05-28,20.15,logs/5-28 20.15/log0001.csv,2.9125,67.17062,16,-0.683125,-0.78,,0.8968368023224738
2026-05-28,20.15,logs/5-28 20.15/log0001.csv,2.9125,72.78947,206,-0.5225242718446602,-0.78,,0.4132883442653141
2026-05-28,20.15,logs/5-28 20.15/log0001.csv,2.9125,84.14777,7,-0.6685714285714285,-0.78,,0.2948122889471972
2026-05-28,20.15,logs/5-28 20.15/log0001.csv,2.99,72.78947,4,-0.585,-0.78,,0.3899999999999999
2026-05-28,20.15,logs/5-28 20.15/log0001.csv,2.99,84.14777,40,-0.7215,-0.78,,0.2080624906127964
2026-05-28,20.15,logs/5-28 20.15/log0001.csv,2.99,89.23958,7,-0.6685714285714285,-0.78,,0.2948122889471972
2026-05-28,20.15,logs/5-28 20.15/log0001.csv,3.0654,89.23958,19,-0.5747368421052631,-0.78,,0.352882864119914
2026-05-28,20.15,logs/5-28 20.15/log0001.csv,3.0654,103.6679,1,-0.78,-0.78,,
2026-05-28,20.15,logs/5-28 20.15/log0001.csv,3.1508,89.23958,5,-0.4679999999999999,-0.78,,0.4272235948540295
2026-05-28,20.15,logs/5-28 20.15/log0001.csv,3.1508,103.6679,5,0.0,0.0,,0.0
2026-05-30,20.16,logs/5-30 20.16/log0001.csv,1.2201,3.89676,4,-6.8375,-6.640000000000001,,3.0161937935086334
2026-05-30,20.16,logs/5-30 20.16/log0001.csv,1.2201,4.399962,1,-3.13,-3.13,,
2026-05-30,20.16,logs/5-30 20.16/log0001.csv,1.28,3.89676,6,-1.5633333333333332,-2.735,,4.41977224149239
2026-05-30,20.16,logs/5-30 20.16/log0001.csv,1.28,4.399962,7,-6.92,-5.47,,6.771646771650157
2026-05-30,20.16,logs/5-30 20.16/log0001.csv,1.3021,3.89676,2,-5.075,-5.075,,4.970960671741429
2026-05-30,20.16,logs/5-30 20.16/log0001.csv,1.3021,4.399962,3,-4.946666666666666,-8.59,,7.005742882331132
2026-05-30,20.16,logs/5-30 20.16/log0001.csv,1.3021,4.699582,1,-20.31,-20.31,,
2026-05-30,20.16,logs/5-30 20.16/log0001.csv,1.3628,4.699582,1,-3.13,-3.13,,
2026-05-30,20.16,logs/5-30 20.16/log0001.csv,1.3628,5.624956,6,-4.296666666666667,-4.295,,4.939014746552866
2026-05-30,20.16,logs/5-30 20.16/log0001.csv,1.3628,6.225371,1,-1.56,-1.56,,
2026-05-30,20.16,logs/5-30 20.16/log0001.csv,1.3948,3.89676,1,-11.72,-11.72,,
2026-05-30,20.16,logs/5-30 20.16/log0001.csv,1.3948,4.399962,1,-4.69,-4.69,,
2026-05-30,20.16,logs/5-30 20.16/log0001.csv,1.3948,4.699582,3,-1.5633333333333337,0.0,,2.707772762499345
2026-05-30,20.16,logs/5-30 20.16/log0001.csv,1.3948,5.624956,2,-15.235,-15.235,,7.1771338290434565
2026-05-30,20.16,logs/5-30 20.16/log0001.csv,1.3948,6.225371,9,-0.6944444444444444,0.0,,6.339183920488329
2026-05-30,20.16,logs/5-30 20.16/log0001.csv,1.3948,6.565505,2,-8.205,-8.205,,1.6617009357883874
2026-05-30,20.16,logs/5-30 20.16/log0001.csv,1.45,3.89676,1,7.03,7.03,,
2026-05-30,20.16,logs/5-30 20.16/log0001.csv,1.45,4.399962,3,-3.9033333333333338,-2.34,,2.707772762499345
2026-05-30,20.16,logs/5-30 20.16/log0001.csv,1.45,4.699582,2,-6.25,-6.25,,3.309259735953042
2026-05-30,20.16,logs/5-30 20.16/log0001.csv,1.45,5.624956,3,-6.513333333333333,-7.03,,3.156870813532498
2026-05-30,20.16,logs/5-30 20.16/log0001.csv,1.45,6.225371,6,-4.294999999999999,-0.78,,8.723895345543754
2026-05-30,20.16,logs/5-30 20.16/log0001.csv,1.45,6.565505,10,-3.516,-3.52,,5.671543391744829
2026-05-30,20.16,logs/5-30 20.16/log0001.csv,1.45,7.731196,1,-7.03,-7.03,,
2026-05-30,20.16,logs/5-30 20.16/log0001.csv,1.45,8.044332,1,-6.25,-6.25,,
2026-05-30,20.16,logs/5-30 20.16/log0001.csv,1.4801,3.89676,1,-2.34,-2.34,,
2026-05-30,20.16,logs/5-30 20.16/log0001.csv,1.4801,5.624956,1,-3.13,-3.13,,
2026-05-30,20.16,logs/5-30 20.16/log0001.csv,1.4801,6.225371,6,-2.085,-1.565,,4.9844427973445535
2026-05-30,20.16,logs/5-30 20.16/log0001.csv,1.4801,6.565505,7,-1.3385714285714283,0.0,,3.684378864754224
2026-05-30,20.16,logs/5-30 20.16/log0001.csv,1.4801,7.731196,15,-3.853333333333333,-2.34,,4.223312286188019
2026-05-30,20.16,logs/5-30 20.16/log0001.csv,1.4801,8.044332,1,0.78,0.78,,
2026-05-30,20.16,logs/5-30 20.16/log0001.csv,1.5473,4.699582,1,-4.69,-4.69,,
2026-05-30,20.16,logs/5-30 20.16/log0001.csv,1.5473,5.624956,1,-9.38,-9.38,,
2026-05-30,20.16,logs/5-30 20.16/log0001.csv,1.5473,6.565505,7,-7.142857142857143,-6.25,,6.43170458039887
2026-05-30,20.16,logs/5-30 20.16/log0001.csv,1.5473,7.731196,31,-2.3696774193548387,-2.34,,3.9301106717843353
2026-05-30,20.16,logs/5-30 20.16/log0001.csv,1.5473,8.044332,38,-3.392368421052632,-4.300000000000001,,4.982077301585737
2026-05-30,20.16,logs/5-30 20.16/log0001.csv,1.5473,9.456532,5,-1.5619999999999998,-3.91,,7.246093430256058
2026-05-30,20.16,logs/5-30 20.16/log0001.csv,1.593,5.624956,1,-1.56,-1.56,,
2026-05-30,20.16,logs/5-30 20.16/log0001.csv,1.593,6.565505,2,-5.86,-5.86,,11.59655121145938
2026-05-30,20.16,logs/5-30 20.16/log0001.csv,1.593,7.731196,2,-1.565,-1.565,,2.2132442251138937
2026-05-30,20.16,logs/5-30 20.16/log0001.csv,1.593,8.044332,23,-2.412608695652174,-2.34,,5.403172651651742
2026-05-30,20.16,logs/5-30 20.16/log0001.csv,1.593,9.456532,117,-1.736923076923077,-1.56,,4.57055860570344
2026-05-30,20.16,logs/5-30 20.16/log0001.csv,1.593,9.9646,66,0.3437878787878787,1.56,,3.761836198597911
2026-05-30,20.16,logs/5-30 20.16/log0001.csv,1.593,11.0771,1,2.34,2.34,,
2026-05-30,20.16,logs/5-30 20.16/log0001.csv,1.6417,6.225371,1,1.56,1.56,,
2026-05-30,20.16,logs/5-30 20.16/log0001.csv,1.6417,6.565505,1,-3.13,-3.13,,
2026-05-30,20.16,logs/5-30 20.16/log0001.csv,1.6417,7.731196,3,-5.21,-4.69,,1.6236994795835835
2026-05-30,20.16,logs/5-30 20.16/log0001.csv,1.6417,8.044332,7,-2.567142857142857,-2.34,,3.6829142187752817
2026-05-30,20.16,logs/5-30 20.16/log0001.csv,1.6417,9.456532,40,-3.3792500000000003,-2.34,,3.89352611098514
2026-05-30,20.16,logs/5-30 20.16/log0001.csv,1.6417,9.9646,193,-1.0085492227979276,-0.78,,3.071515974935381
2026-05-30,20.16,logs/5-30 20.16/log0001.csv,1.6417,11.0771,283,-0.8067137809187279,-1.56,,3.090203144540133
2026-05-30,20.16,logs/5-30 20.16/log0001.csv,1.6417,12.5195,6,0.65,1.17,,3.180666596800111
2026-05-30,20.16,logs/5-30 20.16/log0001.csv,1.68,4.699582,1,-9.38,-9.38,,
2026-05-30,20.16,logs/5-30 20.16/log0001.csv,1.68,5.624956,1,-1.56,-1.56,,
2026-05-30,20.16,logs/5-30 20.16/log0001.csv,1.68,6.565505,1,-10.16,-10.16,,
2026-05-30,20.16,logs/5-30 20.16/log0001.csv,1.68,8.044332,3,-1.5633333333333332,-2.34,,2.0674702738693327
2026-05-30,20.16,logs/5-30 20.16/log0001.csv,1.68,9.456532,3,-4.426666666666667,-3.13,,2.956557683072213
2026-05-30,20.16,logs/5-30 20.16/log0001.csv,1.68,9.9646,15,-4.843999999999999,-3.91,,5.32530589329316
2026-05-30,20.16,logs/5-30 20.16/log0001.csv,1.68,11.0771,164,-1.924878048780488,-2.34,,3.802700927086546
2026-05-30,20.16,logs/5-30 20.16/log0001.csv,1.68,12.5195,396,-0.7726010101010101,-0.78,,3.066779212236605
2026-05-30,20.16,logs/5-30 20.16/log0001.csv,1.7451,6.225371,1,-2.34,-2.34,,
2026-05-30,20.16,logs/5-30 20.16/log0001.csv,1.7451,9.456532,1,-3.91,-3.91,,
2026-05-30,20.16,logs/5-30 20.16/log0001.csv,1.7451,9.9646,2,-1.565,-1.565,,2.2132442251138937
2026-05-30,20.16,logs/5-30 20.16/log0001.csv,1.7451,11.0771,21,-4.985238095238096,-4.69,,4.107360002541316
2026-05-30,20.16,logs/5-30 20.16/log0001.csv,1.7451,12.5195,954,-0.9895702306079665,-0.78,,4.041288991042752
2026-05-30,20.16,logs/5-30 20.16/log0001.csv,1.7451,15.00816,298,-0.6402013422818792,-0.78,,3.173311151310016
2026-05-30,20.16,logs/5-30 20.16/log0001.csv,1.81,4.699582,2,-7.035,-7.035,,3.3163308037649086
2026-05-30,20.16,logs/5-30 20.16/log0001.csv,1.81,6.565505,1,7.03,7.03,,
2026-05-30,20.16,logs/5-30 20.16/log0001.csv,1.81,9.456532,2,-7.81,-7.81,,0.0
2026-05-30,20.16,logs/5-30 20.16/log0001.csv,1.81,11.0771,2,-1.56,-1.56,,1.103086578651014
2026-05-30,20.16,logs/5-30 20.16/log0001.csv,1.81,12.5195,52,-2.990192307692308,-3.13,,5.903248520903342
2026-05-30,20.16,logs/5-30 20.16/log0001.csv,1.81,15.00816,912,-1.745625,-2.34,,3.608204494593941
2026-05-30,20.16,logs/5-30 20.16/log0001.csv,1.81,15.6572,1041,-1.82388088376561,-2.34,,2.8976641987771115
2026-05-30,20.16,logs/5-30 20.16/log0001.csv,1.81,17.54912,3,-1.8233333333333333,-4.69,,4.965212315030782
2026-05-30,20.16,logs/5-30 20.16/log0001.csv,1.85,6.225371,1,-2.34,-2.34,,
2026-05-30,20.16,logs/5-30 20.16/log0001.csv,1.85,6.565505,1,-2.34,-2.34,,
2026-05-30,20.16,logs/5-30 20.16/log0001.csv,1.85,9.9646,4,-5.2725,-5.08,,3.0157627559209628
2026-05-30,20.16,logs/5-30 20.16/log0001.csv,1.85,11.0771,2,-12.5,-12.5,,2.206173157302029
2026-05-30,20.16,logs/5-30 20.16/log0001.csv,1.85,12.5195,4,-3.9075,-2.7350000000000003,,4.08750433231167
2026-05-30,20.16,logs/5-30 20.16/log0001.csv,1.85,15.00816,14,-2.79,-2.34,,4.489766140903109
2026-05-30,20.16,logs/5-30 20.16/log0001.csv,1.85,15.6572,1394,-1.935459110473457,-2.34,,3.123451410259751
2026-05-30,20.16,logs/5-30 20.16/log0001.csv,1.85,17.54912,1697,-1.633954036535062,-1.56,,3.1019753072596137
2026-05-30,20.16,logs/5-30 20.16/log0001.csv,1.91,11.0771,4,1.1699999999999997,0.7799999999999998,,6.395977902817781
2026-05-30,20.16,logs/5-30 20.16/log0001.csv,1.91,12.5195,1,-10.16,-10.16,,
2026-05-30,20.16,logs/5-30 20.16/log0001.csv,1.91,15.00816,3,-3.9066666666666654,0.0,,8.87054301231516
2026-05-30,20.16,logs/5-30 20.16/log0001.csv,1.91,15.6572,5,-2.502,-3.13,,6.886687883155443
2026-05-30,20.16,logs/5-30 20.16/log0001.csv,1.91,17.54912,1524,-1.699507874015748,-1.56,,3.5363607881135155
2026-05-30,20.16,logs/5-30 20.16/log0001.csv,1.91,20.13153,787,-1.4866581956797966,-1.56,,3.0360947175042656
2026-05-30,20.16,logs/5-30 20.16/log0001.csv,1.91,22.0675,1,-16.41,-16.41,,
2026-05-30,20.16,logs/5-30 20.16/log0001.csv,1.9888,5.624956,1,-11.72,-11.72,,
2026-05-30,20.16,logs/5-30 20.16/log0001.csv,1.9888,6.565505,1,-4.69,-4.69,,
2026-05-30,20.16,logs/5-30 20.16/log0001.csv,1.9888,11.0771,1,-2.34,-2.34,,
2026-05-30,20.16,logs/5-30 20.16/log0001.csv,1.9888,12.5195,2,-0.7799999999999998,-0.7799999999999998,,11.045007922133872
2026-05-30,20.16,logs/5-30 20.16/log0001.csv,1.9888,15.00816,1,0.0,0.0,,
2026-05-30,20.16,logs/5-30 20.16/log0001.csv,1.9888,15.6572,6,-6.7700000000000005,-7.029999999999999,,4.833491491665213
2026-05-30,20.16,logs/5-30 20.16/log0001.csv,1.9888,17.54912,26,-1.953846153846154,-3.13,,5.240481715967018
2026-05-30,20.16,logs/5-30 20.16/log0001.csv,1.9888,20.13153,1933,-2.074143817899638,-2.34,,3.136262785355973
2026-05-30,20.16,logs/5-30 20.16/log0001.csv,1.9888,22.0675,545,-1.980201834862385,-2.34,,2.742080333392156
2026-05-30,20.16,logs/5-30 20.16/log0001.csv,1.9888,24.28007,1,-3.91,-3.91,,
2026-05-30,20.16,logs/5-30 20.16/log0001.csv,1.9888,27.4473,1,-0.78,-0.78,,
2026-05-30,20.16,logs/5-30 20.16/log0001.csv,2.05,7.731196,1,-4.69,-4.69,,
2026-05-30,20.16,logs/5-30 20.16/log0001.csv,2.05,17.54912,4,-8.7875,-9.765,,4.875376053871811
2026-05-30,20.16,logs/5-30 20.16/log0001.csv,2.05,20.13153,123,-2.025934959349593,-1.56,,3.573527860921784
2026-05-30,20.16,logs/5-30 20.16/log0001.csv,2.05,22.0675,2425,-1.5116288659793813,-2.34,,3.130382075947064
2026-05-30,20.16,logs/5-30 20.16/log0001.csv,2.05,24.28007,630,-1.1227619047619048,-1.56,,3.822016879539032
2026-05-30,20.16,logs/5-30 20.16/log0001.csv,2.05,27.4473,3,-3.9066666666666654,-4.69,,1.356773132595621
2026-05-30,20.16,logs/5-30 20.16/log0001.csv,2.05,30.91469,2,-8.985,-8.985,,0.5586143571373738
2026-05-30,20.16,logs/5-30 20.16/log0001.csv,2.1152,7.731196,1,-2.34,-2.34,,
2026-05-30,20.16,logs/5-30 20.16/log0001.csv,2.1152,9.9646,1,-7.81,-7.81,,
2026-05-30,20.16,logs/5-30 20.16/log0001.csv,2.1152,11.0771,1,-3.13,-3.13,,
2026-05-30,20.16,logs/5-30 20.16/log0001.csv,2.1152,12.5195,2,-1.955,-1.955,,1.6617009357883863
2026-05-30,20.16,logs/5-30 20.16/log0001.csv,2.1152,17.54912,1,-23.44,-23.44,,
2026-05-30,20.16,logs/5-30 20.16/log0001.csv,2.1152,20.13153,2,-2.34,-2.34,,0.0
2026-05-30,20.16,logs/5-30 20.16/log0001.csv,2.1152,22.0675,5,-5.782000000000001,-7.03,,3.6892099425215696
2026-05-30,20.16,logs/5-30 20.16/log0001.csv,2.1152,24.28007,749,-0.8091722296395194,-0.78,,4.461104645877944
2026-05-30,20.16,logs/5-30 20.16/log0001.csv,2.1152,27.4473,433,-1.403441108545035,-1.56,,3.5322293128276328
2026-05-30,20.16,logs/5-30 20.16/log0001.csv,2.1152,30.91469,3,-8.853333333333333,-7.81,,2.513052592631785
2026-05-30,20.16,logs/5-30 20.16/log0001.csv,2.1152,33.73144,1,-6.25,-6.25,,
2026-05-30,20.16,logs/5-30 20.16/log0001.csv,2.1682,6.225371,1,-6.25,-6.25,,
2026-05-30,20.16,logs/5-30 20.16/log0001.csv,2.1682,12.5195,3,-0.7799999999999999,1.56,,6.94235550803904
2026-05-30,20.16,logs/5-30 20.16/log0001.csv,2.1682,15.00816,2,-3.91,-3.91,,1.1030865786510144
2026-05-30,20.16,logs/5-30 20.16/log0001.csv,2.1682,15.6572,2,-2.345,-2.345,,3.316330803764908
2026-05-30,20.16,logs/5-30 20.16/log0001.csv,2.1682,22.0675,1,-2.34,-2.34,,
2026-05-30,20.16,logs/5-30 20.16/log0001.csv,2.1682,24.28007,12,-2.3433333333333333,-2.34,,5.949614706139815
2026-05-30,20.16,logs/5-30 20.16/log0001.csv,2.1682,27.4473,843,-1.6515658362989325,-1.56,,4.124164254658336
2026-05-30,20.16,logs/5-30 20.16/log0001.csv,2.1682,30.91469,154,-1.162012987012987,-0.78,,4.392614029584449
2026-05-30,20.16,logs/5-30 20.16/log0001.csv,2.1682,33.73144,2,-5.08,-5.08,,7.184204896855323
2026-05-30,20.16,logs/5-30 20.16/log0001.csv,2.1682,37.57346,1,-14.06,-14.06,,
2026-05-30,20.16,logs/5-30 20.16/log0001.csv,2.253,9.9646,1,-8.59,-8.59,,
2026-05-30,20.16,logs/5-30 20.16/log0001.csv,2.253,15.00816,1,-3.13,-3.13,,
2026-05-30,20.16,logs/5-30 20.16/log0001.csv,2.253,17.54912,1,-10.16,-10.16,,
2026-05-30,20.16,logs/5-30 20.16/log0001.csv,2.253,20.13153,1,-0.78,-0.78,,
2026-05-30,20.16,logs/5-30 20.16/log0001.csv,2.253,24.28007,4,-6.8375,-6.640000000000001,,3.0161937935086334
2026-05-30,20.16,logs/5-30 20.16/log0001.csv,2.253,27.4473,19,-3.1652631578947363,-2.34,,5.861111355006786
2026-05-30,20.16,logs/5-30 20.16/log0001.csv,2.253,30.91469,677,-2.842496307237814,-3.13,,4.750412701043755
2026-05-30,20.16,logs/5-30 20.16/log0001.csv,2.253,33.73144,123,-3.0688617886178866,-3.13,,4.482844018827163
2026-05-30,20.16,logs/5-30 20.16/log0001.csv,2.253,37.57346,1,-5.47,-5.47,,
2026-05-30,20.16,logs/5-30 20.16/log0001.csv,2.2849,15.00816,2,-7.03,-7.03,,6.632661607529816
2026-05-30,20.16,logs/5-30 20.16/log0001.csv,2.2849,17.54912,1,-4.69,-4.69,,
2026-05-30,20.16,logs/5-30 20.16/log0001.csv,2.2849,20.13153,1,-7.81,-7.81,,
2026-05-30,20.16,logs/5-30 20.16/log0001.csv,2.2849,24.28007,5,-5.156000000000001,-4.69,,4.576104238323248
2026-05-30,20.16,logs/5-30 20.16/log0001.csv,2.2849,27.4473,1,-2.34,-2.34,,
2026-05-30,20.16,logs/5-30 20.16/log0001.csv,2.2849,30.91469,30,-4.453666666666667,-5.08,,5.085150445903372
2026-05-30,20.16,logs/5-30 20.16/log0001.csv,2.2849,33.73144,966,-3.7751966873706007,-3.91,,4.333745823514385
2026-05-30,20.16,logs/5-30 20.16/log0001.csv,2.2849,37.57346,173,-2.59242774566474,-3.13,,4.960018743134844
2026-05-30,20.16,logs/5-30 20.16/log0001.csv,2.2849,42.21833,3,-8.593333333333334,-7.81,,2.8178774517947613
2026-05-30,20.16,logs/5-30 20.16/log0001.csv,2.3877,12.5195,1,-5.47,-5.47,,
2026-05-30,20.16,logs/5-30 20.16/log0001.csv,2.3877,17.54912,1,1.56,1.56,,
2026-05-30,20.16,logs/5-30 20.16/log0001.csv,2.3877,20.13153,3,-5.986666666666667,-7.81,,3.158105972467253
2026-05-30,20.16,logs/5-30 20.16/log0001.csv,2.3877,22.0675,1,-4.69,-4.69,,
2026-05-30,20.16,logs/5-30 20.16/log0001.csv,2.3877,24.28007,2,-15.625,-15.625,,4.419417382415922
2026-05-30,20.16,logs/5-30 20.16/log0001.csv,2.3877,27.4473,2,-2.735,-2.735,,0.5586143571373726
2026-05-30,20.16,logs/5-30 20.16/log0001.csv,2.3877,30.91469,6,-5.468333333333334,-5.465,,4.637147470877616
2026-05-30,20.16,logs/5-30 20.16/log0001.csv,2.3877,33.73144,23,-6.284782608695653,-6.25,,4.029337718607475
2026-05-30,20.16,logs/5-30 20.16/log0001.csv,2.3877,37.57346,1195,-3.6251213389121344,-3.91,,3.669086698417933
2026-05-30,20.16,logs/5-30 20.16/log0001.csv,2.3877,42.21833,27,-3.906296296296296,-4.69,,3.893769330756458
2026-05-30,20.16,logs/5-30 20.16/log0001.csv,2.449,22.0675,1,-1.56,-1.56,,
2026-05-30,20.16,logs/5-30 20.16/log0001.csv,2.449,27.4473,2,-11.72,-11.72,,9.94192134348286
2026-05-30,20.16,logs/5-30 20.16/log0001.csv,2.449,33.73144,1,7.03,7.03,,
2026-05-30,20.16,logs/5-30 20.16/log0001.csv,2.449,37.57346,88,-2.6107954545454546,-2.34,,3.747973620042013
2026-05-30,20.16,logs/5-30 20.16/log0001.csv,2.449,42.21833,736,-1.953288043478261,-0.78,,3.317963649515032
2026-05-30,20.16,logs/5-30 20.16/log0001.csv,2.449,47.37292,14,-3.125,-1.95,,3.5871496076540086
2026-05-30,20.16,logs/5-30 20.16/log0001.csv,2.5482,24.28007,1,0.0,0.0,,
2026-05-30,20.16,logs/5-30 20.16/log0001.csv,2.5482,30.91469,2,-2.7350000000000003,-2.7350000000000003,,2.764787514439401
2026-05-30,20.16,logs/5-30 20.16/log0001.csv,2.5482,33.73144,1,-7.03,-7.03,,
2026-05-30,20.16,logs/5-30 20.16/log0001.csv,2.5482,37.57346,2,-4.69,-4.69,,2.2061731573020285
2026-05-30,20.16,logs/5-30 20.16/log0001.csv,2.5482,42.21833,51,-1.3484313725490196,0.0,,2.643088627003657
2026-05-30,20.16,logs/5-30 20.16/log0001.csv,2.5482,47.37292,645,-0.8127751937984496,0.0,,2.1948637574276484
2026-05-30,20.16,logs/5-30 20.16/log0001.csv,2.5482,50.52607,48,-0.569375,0.0,,1.9189695885852107
2026-05-30,20.16,logs/5-30 20.16/log0001.csv,2.62,33.73144,1,-3.13,-3.13,,
2026-05-30,20.16,logs/5-30 20.16/log0001.csv,2.62,42.21833,3,-1.8233333333333333,-3.13,,5.968260494761713
2026-05-30,20.16,logs/5-30 20.16/log0001.csv,2.62,47.37292,4,0.195,0.0,,0.9814784765851974
2026-05-30,20.16,logs/5-30 20.16/log0001.csv,2.62,50.52607,354,-0.3795480225988701,0.0,,1.4420754712656711
2026-05-30,20.16,logs/5-30 20.16/log0001.csv,2.62,58.53896,3,-3.3866666666666667,-3.91,,3.1576943065048795
2026-05-30,20.16,logs/5-30 20.16/log0001.csv,2.7327,42.21833,1,-3.13,-3.13,,
2026-05-30,20.16,logs/5-30 20.16/log0001.csv,2.7327,47.37292,1,-8.59,-8.59,,
2026-05-30,20.16,logs/5-30 20.16/log0001.csv,2.7327,50.52607,40,-0.29325,0.0,,0.9811254330536006
2026-05-30,20.16,logs/5-30 20.16/log0001.csv,2.7327,58.53896,238,-0.5323529411764706,0.0,,1.4451970247366857
2026-05-30,20.16,logs/5-30 20.16/log0001.csv,2.7327,67.17062,18,-0.9122222222222224,0.0,,1.937750531978512
2026-05-30,20.16,logs/5-30 20.16/log0001.csv,2.8274,67.17062,67,-0.9913432835820896,0.0,,1.5185588218842192
2026-05-30,20.16,logs/5-30 20.16/log0001.csv,2.8274,72.78947,3,-1.5599999999999998,-2.34,,1.3509996299037244
2026-05-30,20.16,logs/5-30 20.16/log0001.csv,2.9125,67.17062,1,0.0,0.0,,
2026-05-30,20.16,logs/5-30 20.16/log0001.csv,2.9125,72.78947,37,-1.6886486486486485,-2.34,,1.2961270560193336
2026-05-30,20.16,logs/5-30 20.16/log0001.csv,2.99,72.78947,2,-1.565,-1.565,,2.2132442251138937
2026-05-30,20.16,logs/5-30 20.16/log0001.csv,2.99,84.14777,15,-0.4679999999999999,0.0,,0.9688520453166652
2026-05-30,20.16,logs/5-30 20.16/log0001.csv,2.99,89.23958,4,-1.17,-1.17,,1.350999629903724
2026-05-30,20.16,logs/5-30 20.16/log0001.csv,3.0654,89.23958,18,-0.26,0.0,,0.756711150113359
2026-05-30,20.16,logs/5-30 20.16/log0001.csv,3.1508,89.23958,1,0.0,0.0,,
2026-05-30,20.16,logs/5-30 20.16/log0001.csv,3.1508,103.6679,7,-1.337142857142857,-2.34,,1.2507826121501462
2026-05-30,20.16,logs/5-30 20.16/log0001.csv,3.26,112.0047,3,-2.34,-2.34,,0.0
2026-06-07,20.17a,logs/6-7 BIG 20.17a fixed/log0001.csv,1.1804,3.199799,1,0.0,0.0,,
2026-06-07,20.17a,logs/6-7 BIG 20.17a fixed/log0001.csv,1.2201,3.199799,1,-3.91,-3.91,,
2026-06-07,20.17a,logs/6-7 BIG 20.17a fixed/log0001.csv,1.2201,3.89676,6,-2.865,-3.13,,3.377393965767097
2026-06-07,20.17a,logs/6-7 BIG 20.17a fixed/log0001.csv,1.2201,4.399962,1,-4.69,-4.69,,
2026-06-07,20.17a,logs/6-7 BIG 20.17a fixed/log0001.csv,1.28,3.199799,1,12.5,12.5,,
2026-06-07,20.17a,logs/6-7 BIG 20.17a fixed/log0001.csv,1.28,3.89676,4,-0.1924999999999999,0.395,,5.039274914773619
2026-06-07,20.17a,logs/6-7 BIG 20.17a fixed/log0001.csv,1.28,4.399962,16,-5.422499999999999,-4.69,,4.903417175807093
2026-06-07,20.17a,logs/6-7 BIG 20.17a fixed/log0001.csv,1.28,4.699582,1,-3.91,-3.91,,
2026-06-07,20.17a,logs/6-7 BIG 20.17a fixed/log0001.csv,1.3021,3.89676,1,-3.13,-3.13,,
2026-06-07,20.17a,logs/6-7 BIG 20.17a fixed/log0001.csv,1.3021,4.399962,11,-4.831818181818182,-3.91,,3.348121318536168
2026-06-07,20.17a,logs/6-7 BIG 20.17a fixed/log0001.csv,1.3021,4.699582,3,-6.25,-7.81,,4.880706916011245
2026-06-07,20.17a,logs/6-7 BIG 20.17a fixed/log0001.csv,1.3628,3.89676,1,-4.69,-4.69,,
2026-06-07,20.17a,logs/6-7 BIG 20.17a fixed/log0001.csv,1.3628,4.399962,9,-4.6033333333333335,-4.69,,4.23480519032458
2026-06-07,20.17a,logs/6-7 BIG 20.17a fixed/log0001.csv,1.3628,4.699582,4,-3.905,-3.125,,2.7807253250426105
2026-06-07,20.17a,logs/6-7 BIG 20.17a fixed/log0001.csv,1.3628,5.624956,8,-6.25125,-5.859999999999999,,2.087845352100034
2026-06-07,20.17a,logs/6-7 BIG 20.17a fixed/log0001.csv,1.3948,3.89676,1,-6.25,-6.25,,
2026-06-07,20.17a,logs/6-7 BIG 20.17a fixed/log0001.csv,1.3948,4.399962,3,-2.8633333333333333,-2.34,,4.706870864314564
2026-06-07,20.17a,logs/6-7 BIG 20.17a fixed/log0001.csv,1.3948,4.699582,4,-6.0575,-5.08,,3.514630137012997
2026-06-07,20.17a,logs/6-7 BIG 20.17a fixed/log0001.csv,1.3948,5.624956,24,-4.78625,-5.08,,3.3656368510348047
2026-06-07,20.17a,logs/6-7 BIG 20.17a fixed/log0001.csv,1.3948,6.225371,38,-3.680789473684211,-3.91,,3.8312402773238974
2026-06-07,20.17a,logs/6-7 BIG 20.17a fixed/log0001.csv,1.3948,6.565505,1,0.0,0.0,,
2026-06-07,20.17a,logs/6-7 BIG 20.17a fixed/log0001.csv,1.45,3.89676,1,-2.34,-2.34,,
2026-06-07,20.17a,logs/6-7 BIG 20.17a fixed/log0001.csv,1.45,4.399962,1,3.13,3.13,,
2026-06-07,20.17a,logs/6-7 BIG 20.17a fixed/log0001.csv,1.45,4.699582,2,-2.7350000000000003,-2.7350000000000003,,1.661700935788387
2026-06-07,20.17a,logs/6-7 BIG 20.17a fixed/log0001.csv,1.45,5.624956,6,-6.513333333333333,-7.035,,4.327510446742638
2026-06-07,20.17a,logs/6-7 BIG 20.17a fixed/log0001.csv,1.45,6.225371,23,-4.109565217391304,-2.34,,5.273732918273415
2026-06-07,20.17a,logs/6-7 BIG 20.17a fixed/log0001.csv,1.45,6.565505,32,-3.46625,-2.34,,3.738272630248431
2026-06-07,20.17a,logs/6-7 BIG 20.17a fixed/log0001.csv,1.45,7.731196,1,0.0,0.0,,
2026-06-07,20.17a,logs/6-7 BIG 20.17a fixed/log0001.csv,1.4801,4.399962,2,-6.25,-6.25,,0.0
2026-06-07,20.17a,logs/6-7 BIG 20.17a fixed/log0001.csv,1.4801,4.699582,1,-1.56,-1.56,,
2026-06-07,20.17a,logs/6-7 BIG 20.17a fixed/log0001.csv,1.4801,5.624956,6,-4.296666666666667,-4.69,,2.082879417217105
2026-06-07,20.17a,logs/6-7 BIG 20.17a fixed/log0001.csv,1.4801,6.225371,5,-2.032,0.0,,3.3418662450792374
2026-06-07,20.17a,logs/6-7 BIG 20.17a fixed/log0001.csv,1.4801,6.565505,22,-3.5159090909090907,-3.52,,3.241565846037858
2026-06-07,20.17a,logs/6-7 BIG 20.17a fixed/log0001.csv,1.4801,7.731196,54,-3.240370370370371,-2.34,,5.628877686642427
2026-06-07,20.17a,logs/6-7 BIG 20.17a fixed/log0001.csv,1.5473,4.399962,1,-7.81,-7.81,,
2026-06-07,20.17a,logs/6-7 BIG 20.17a fixed/log0001.csv,1.5473,4.699582,3,-2.3466666666666667,-3.13,,2.0693557773696947
2026-06-07,20.17a,logs/6-7 BIG 20.17a fixed/log0001.csv,1.5473,5.624956,2,-3.125,-3.125,,1.1101576464628795
2026-06-07,20.17a,logs/6-7 BIG 20.17a fixed/log0001.csv,1.5473,6.225371,4,-6.8375,-8.205,,4.251810398720369
2026-06-07,20.17a,logs/6-7 BIG 20.17a fixed/log0001.csv,1.5473,6.565505,14,-3.3500000000000005,-3.91,,2.882832474654585
2026-06-07,20.17a,logs/6-7 BIG 20.17a fixed/log0001.csv,1.5473,7.731196,167,-2.853233532934132,-2.34,,4.185546166295872
2026-06-07,20.17a,logs/6-7 BIG 20.17a fixed/log0001.csv,1.5473,8.044332,148,-1.0502702702702702,-0.78,,3.4231379457808626
2026-06-07,20.17a,logs/6-7 BIG 20.17a fixed/log0001.csv,1.5473,9.456532,21,-2.0476190476190474,-2.34,,2.6892655219630224
2026-06-07,20.17a,logs/6-7 BIG 20.17a fixed/log0001.csv,1.5473,12.5195,1,-5.47,-5.47,,
2026-06-07,20.17a,logs/6-7 BIG 20.17a fixed/log0001.csv,1.5473,20.13153,1,-7.03,-7.03,,
2026-06-07,20.17a,logs/6-7 BIG 20.17a fixed/log0001.csv,1.5473,30.91469,1,-4.69,-4.69,,
2026-06-07,20.17a,logs/6-7 BIG 20.17a fixed/log0001.csv,1.593,5.624956,1,-4.69,-4.69,,
2026-06-07,20.17a,logs/6-7 BIG 20.17a fixed/log0001.csv,1.593,6.225371,2,-3.515,-3.515,,1.6617009357883872
2026-06-07,20.17a,logs/6-7 BIG 20.17a fixed/log0001.csv,1.593,6.565505,8,-4.69,-4.300000000000001,,3.5912075167792
2026-06-07,20.17a,logs/6-7 BIG 20.17a fixed/log0001.csv,1.593,7.731196,13,-1.683076923076923,-2.34,,1.8003952557488805
2026-06-07,20.17a,logs/6-7 BIG 20.17a fixed/log0001.csv,1.593,8.044332,87,-2.0110344827586206,-2.34,,4.3065499153284765
2026-06-07,20.17a,logs/6-7 BIG 20.17a fixed/log0001.csv,1.593,9.456532,452,-2.8023008849557525,-2.34,,4.749943728708501
2026-06-07,20.17a,logs/6-7 BIG 20.17a fixed/log0001.csv,1.593,9.9646,73,-2.89986301369863,-2.34,,4.1251291202521045
2026-06-07,20.17a,logs/6-7 BIG 20.17a fixed/log0001.csv,1.6417,5.624956,6,-5.601666666666667,-4.69,,2.854907470771455
2026-06-07,20.17a,logs/6-7 BIG 20.17a fixed/log0001.csv,1.6417,6.225371,4,-2.9275,-3.905,,4.705772164763895
2026-06-07,20.17a,logs/6-7 BIG 20.17a fixed/log0001.csv,1.6417,6.565505,8,-2.735,-3.52,,3.3683399896260897
2026-06-07,20.17a,logs/6-7 BIG 20.17a fixed/log0001.csv,1.6417,7.731196,5,-4.218,-2.34,,4.707676709375868
2026-06-07,20.17a,logs/6-7 BIG 20.17a fixed/log0001.csv,1.6417,8.044332,21,-2.677619047619048,-2.34,,2.551234808405343
2026-06-07,20.17a,logs/6-7 BIG 20.17a fixed/log0001.csv,1.6417,9.456532,264,-1.8170833333333327,-2.34,,3.707160707352652
2026-06-07,20.17a,logs/6-7 BIG 20.17a fixed/log0001.csv,1.6417,9.9646,1035,-0.9614009661835748,-0.78,,3.727012829484261
2026-06-07,20.17a,logs/6-7 BIG 20.17a fixed/log0001.csv,1.6417,11.0771,392,-1.899795918367347,-2.34,,4.101565973686761
2026-06-07,20.17a,logs/6-7 BIG 20.17a fixed/log0001.csv,1.6417,12.5195,4,-4.1025,-1.565,,6.996820111069504
2026-06-07,20.17a,logs/6-7 BIG 20.17a fixed/log0001.csv,1.68,4.699582,1,-3.13,-3.13,,
2026-06-07,20.17a,logs/6-7 BIG 20.17a fixed/log0001.csv,1.68,6.225371,1,-9.38,-9.38,,
2026-06-07,20.17a,logs/6-7 BIG 20.17a fixed/log0001.csv,1.68,6.565505,3,-2.0866666666666664,-3.13,,2.5130525926317846
2026-06-07,20.17a,logs/6-7 BIG 20.17a fixed/log0001.csv,1.68,8.044332,6,-2.735,-2.735,,7.728075439590377
2026-06-07,20.17a,logs/6-7 BIG 20.17a fixed/log0001.csv,1.68,9.456532,7,-4.462857142857144,-2.34,,3.977523158473182
2026-06-07,20.17a,logs/6-7 BIG 20.17a fixed/log0001.csv,1.68,9.9646,77,-1.9879220779220776,-2.34,,3.989099402932928
2026-06-07,20.17a,logs/6-7 BIG 20.17a fixed/log0001.csv,1.68,11.0771,996,-1.5995682730923697,-2.34,,4.287492726964829
2026-06-07,20.17a,logs/6-7 BIG 20.17a fixed/log0001.csv,1.68,12.5195,523,-1.9034608030592728,-2.34,,4.075255964963928
2026-06-07,20.17a,logs/6-7 BIG 20.17a fixed/log0001.csv,1.68,15.00816,1,-4.69,-4.69,,
2026-06-07,20.17a,logs/6-7 BIG 20.17a fixed/log0001.csv,1.68,17.54912,1,-5.47,-5.47,,
2026-06-07,20.17a,logs/6-7 BIG 20.17a fixed/log0001.csv,1.7451,4.399962,1,-10.16,-10.16,,
2026-06-07,20.17a,logs/6-7 BIG 20.17a fixed/log0001.csv,1.7451,6.565505,3,-2.8633333333333333,-2.34,,4.706870864314564
2026-06-07,20.17a,logs/6-7 BIG 20.17a fixed/log0001.csv,1.7451,7.731196,1,0.78,0.78,,
2026-06-07,20.17a,logs/6-7 BIG 20.17a fixed/log0001.csv,1.7451,8.044332,5,-5.782,-0.78,,9.531936844104663
2026-06-07,20.17a,logs/6-7 BIG 20.17a fixed/log0001.csv,1.7451,9.456532,13,-3.066153846153846,-3.13,,2.582100367470697
2026-06-07,20.17a,logs/6-7 BIG 20.17a fixed/log0001.csv,1.7451,9.9646,8,-3.71125,-3.13,,2.7618598159314938
2026-06-07,20.17a,logs/6-7 BIG 20.17a fixed/log0001.csv,1.7451,11.0771,227,-1.8203964757709248,-2.34,,4.510441702914
2026-06-07,20.17a,logs/6-7 BIG 20.17a fixed/log0001.csv,1.7451,12.5195,3314,-1.839791792395896,-2.34,,4.252199557105604
2026-06-07,20.17a,logs/6-7 BIG 20.17a fixed/log0001.csv,1.7451,15.00816,464,-2.2851939655172413,-3.13,,4.063803446331658
2026-06-07,20.17a,logs/6-7 BIG 20.17a fixed/log0001.csv,1.7451,15.6572,2,-5.470000000000001,-5.470000000000001,,2.2061731573020285
2026-06-07,20.17a,logs/6-7 BIG 20.17a fixed/log0001.csv,1.81,4.699582,1,-5.47,-5.47,,
2026-06-07,20.17a,logs/6-7 BIG 20.17a fixed/log0001.csv,1.81,5.624956,3,-7.813333333333333,-7.03,,3.579864988143175
2026-06-07,20.17a,logs/6-7 BIG 20.17a fixed/log0001.csv,1.81,6.565505,3,-5.21,-4.69,,1.6236994795835835
2026-06-07,20.17a,logs/6-7 BIG 20.17a fixed/log0001.csv,1.81,7.731196,1,-7.81,-7.81,,
2026-06-07,20.17a,logs/6-7 BIG 20.17a fixed/log0001.csv,1.81,8.044332,7,-2.9014285714285712,-1.56,,3.487742481756304
2026-06-07,20.17a,logs/6-7 BIG 20.17a fixed/log0001.csv,1.81,9.456532,3,-5.73,-5.47,,1.191469680688518
2026-06-07,20.17a,logs/6-7 BIG 20.17a fixed/log0001.csv,1.81,9.9646,5,-3.282,-1.56,,5.9332807113771375
2026-06-07,20.17a,logs/6-7 BIG 20.17a fixed/log0001.csv,1.81,11.0771,15,-3.853333333333333,-2.34,,3.0044625539512446
2026-06-07,20.17a,logs/6-7 BIG 20.17a fixed/log0001.csv,1.81,12.5195,424,-2.128419811320754,-2.34,,4.451657125318984
2026-06-07,20.17a,logs/6-7 BIG 20.17a fixed/log0001.csv,1.81,15.00816,3636,-2.013231573157316,-2.34,,4.2290746035604725
2026-06-07,20.17a,logs/6-7 BIG 20.17a fixed/log0001.csv,1.81,15.6572,2288,-2.427534965034965,-3.13,,3.759385636785661
2026-06-07,20.17a,logs/6-7 BIG 20.17a fixed/log0001.csv,1.81,17.54912,4,-2.93,-3.125,,4.342111621473282
2026-06-07,20.17a,logs/6-7 BIG 20.17a fixed/log0001.csv,1.85,6.565505,1,-7.03,-7.03,,
2026-06-07,20.17a,logs/6-7 BIG 20.17a fixed/log0001.csv,1.85,7.731196,1,-5.47,-5.47,,
2026-06-07,20.17a,logs/6-7 BIG 20.17a fixed/log0001.csv,1.85,8.044332,1,-7.81,-7.81,,
2026-06-07,20.17a,logs/6-7 BIG 20.17a fixed/log0001.csv,1.85,9.456532,6,-2.735,-3.91,,4.038354863059956
2026-06-07,20.17a,logs/6-7 BIG 20.17a fixed/log0001.csv,1.85,9.9646,4,-7.614999999999999,-7.81,,0.9814784765851972
2026-06-07,20.17a,logs/6-7 BIG 20.17a fixed/log0001.csv,1.85,11.0771,8,-3.6125,-2.735,,3.312166964390533
2026-06-07,20.17a,logs/6-7 BIG 20.17a fixed/log0001.csv,1.85,12.5195,19,-3.248421052631579,-2.34,,2.5297150984907697
2026-06-07,20.17a,logs/6-7 BIG 20.17a fixed/log0001.csv,1.85,15.00816,191,-2.1309424083769635,-2.34,,4.130521587024606
2026-06-07,20.17a,logs/6-7 BIG 20.17a fixed/log0001.csv,1.85,15.6572,4733,-1.6177920980350728,-1.56,,4.365982140144519
2026-06-07,20.17a,logs/6-7 BIG 20.17a fixed/log0001.csv,1.85,17.54912,4636,-1.1577178602243314,-1.56,,3.767319010296613
2026-06-07,20.17a,logs/6-7 BIG 20.17a fixed/log0001.csv,1.85,20.13153,9,-3.4722222222222223,-4.69,,3.646905461407581
2026-06-07,20.17a,logs/6-7 BIG 20.17a fixed/log0001.csv,1.85,24.28007,1,-21.88,-21.88,,
2026-06-07,20.17a,logs/6-7 BIG 20.17a fixed/log0001.csv,1.91,6.565505,2,-3.125,-3.125,,5.522503961066937
2026-06-07,20.17a,logs/6-7 BIG 20.17a fixed/log0001.csv,1.91,8.044332,1,-7.81,-7.81,,
2026-06-07,20.17a,logs/6-7 BIG 20.17a fixed/log0001.csv,1.91,9.456532,3,-3.9066666666666654,-3.13,,2.8164930912987045
2026-06-07,20.17a,logs/6-7 BIG 20.17a fixed/log0001.csv,1.91,9.9646,1,0.0,0.0,,
2026-06-07,20.17a,logs/6-7 BIG 20.17a fixed/log0001.csv,1.91,11.0771,4,-2.7325,-2.34,,2.5914908836420785
2026-06-07,20.17a,logs/6-7 BIG 20.17a fixed/log0001.csv,1.91,12.5195,7,-3.682857142857143,-2.34,,4.249010529075031
2026-06-07,20.17a,logs/6-7 BIG 20.17a fixed/log0001.csv,1.91,15.00816,10,-4.142,-3.13,,2.3294243447207674
2026-06-07,20.17a,logs/6-7 BIG 20.17a fixed/log0001.csv,1.91,15.6572,48,-1.8379166666666664,-2.34,,4.886764564392417
2026-06-07,20.17a,logs/6-7 BIG 20.17a fixed/log0001.csv,1.91,17.54912,7520,-0.865938829787234,-1.56,,4.378128814086676
2026-06-07,20.17a,logs/6-7 BIG 20.17a fixed/log0001.csv,1.91,20.13153,3944,-0.6151901622718052,-0.78,,3.90455067413301
2026-06-07,20.17a,logs/6-7 BIG 20.17a fixed/log0001.csv,1.91,22.0675,5,-1.2520000000000002,-4.69,,5.25865191850535
2026-06-07,20.17a,logs/6-7 BIG 20.17a fixed/log0001.csv,1.91,24.28007,3,-4.17,-3.13,,1.8013328398716322
2026-06-07,20.17a,logs/6-7 BIG 20.17a fixed/log0001.csv,1.91,27.4473,1,3.13,3.13,,
2026-06-07,20.17a,logs/6-7 BIG 20.17a fixed/log0001.csv,1.9888,6.225371,2,-0.3899999999999999,-0.3899999999999999,,2.7577164466275352
2026-06-07,20.17a,logs/6-7 BIG 20.17a fixed/log0001.csv,1.9888,7.731196,2,-3.52,-3.52,,0.5515432893255072
2026-06-07,20.17a,logs/6-7 BIG 20.17a fixed/log0001.csv,1.9888,8.044332,1,-3.13,-3.13,,
2026-06-07,20.17a,logs/6-7 BIG 20.17a fixed/log0001.csv,1.9888,9.456532,2,-5.86,-5.86,,9.39037805415735
2026-06-07,20.17a,logs/6-7 BIG 20.17a fixed/log0001.csv,1.9888,9.9646,3,-0.7799999999999999,0.0,,1.350999629903724
2026-06-07,20.17a,logs/6-7 BIG 20.17a fixed/log0001.csv,1.9888,11.0771,3,-2.603333333333333,-2.34,,1.9682564196093288
2026-06-07,20.17a,logs/6-7 BIG 20.17a fixed/log0001.csv,1.9888,12.5195,6,-3.645,-2.34,,3.0358771384889733
2026-06-07,20.17a,logs/6-7 BIG 20.17a fixed/log0001.csv,1.9888,15.00816,5,-4.062,-3.91,,2.433633086560092
2026-06-07,20.17a,logs/6-7 BIG 20.17a fixed/log0001.csv,1.9888,15.6572,7,-3.794285714285714,-3.13,,3.105805623574754
2026-06-07,20.17a,logs/6-7 BIG 20.17a fixed/log0001.csv,1.9888,17.54912,135,-1.700888888888889,-2.34,,5.191141488174711
2026-06-07,20.17a,logs/6-7 BIG 20.17a fixed/log0001.csv,1.9888,20.13153,8674,-0.6111182845284759,-1.56,,4.189650227031287
2026-06-07,20.17a,logs/6-7 BIG 20.17a fixed/log0001.csv,1.9888,22.0675,1897,-0.6742277279915656,-0.78,,3.739097731087994
2026-06-07,20.17a,logs/6-7 BIG 20.17a fixed/log0001.csv,1.9888,24.28007,3,-7.03,-7.81,,4.352734772530943
2026-06-07,20.17a,logs/6-7 BIG 20.17a fixed/log0001.csv,1.9888,27.4473,6,-6.641666666666667,-6.25,,1.5439224937368676
2026-06-07,20.17a,logs/6-7 BIG 20.17a fixed/log0001.csv,1.9888,30.91469,1,-6.25,-6.25,,
2026-06-07,20.17a,logs/6-7 BIG 20.17a fixed/log0001.csv,2.05,5.624956,1,-5.47,-5.47,,
2026-06-07,20.17a,logs/6-7 BIG 20.17a fixed/log0001.csv,2.05,6.565505,1,11.72,11.72,,
2026-06-07,20.17a,logs/6-7 BIG 20.17a fixed/log0001.csv,2.05,7.731196,3,-6.77,-6.25,,0.9006664199358156
2026-06-07,20.17a,logs/6-7 BIG 20.17a fixed/log0001.csv,2.05,8.044332,2,-9.38,-9.38,,0.0
2026-06-07,20.17a,logs/6-7 BIG 20.17a fixed/log0001.csv,2.05,9.456532,2,-0.3900000000000001,-0.3900000000000001,,6.081118318204309
2026-06-07,20.17a,logs/6-7 BIG 20.17a fixed/log0001.csv,2.05,9.9646,3,-2.606666666666667,-3.13,,3.9312127051755072
2026-06-07,20.17a,logs/6-7 BIG 20.17a fixed/log0001.csv,2.05,11.0771,2,0.78,0.78,,0.0
2026-06-07,20.17a,logs/6-7 BIG 20.17a fixed/log0001.csv,2.05,12.5195,3,-5.73,-6.25,,4.711570863310876
2026-06-07,20.17a,logs/6-7 BIG 20.17a fixed/log0001.csv,2.05,15.00816,6,-1.5650000000000002,-1.565,,3.0461303320770763
2026-06-07,20.17a,logs/6-7 BIG 20.17a fixed/log0001.csv,2.05,15.6572,4,-11.7175,-12.89,,2.630822114853074
2026-06-07,20.17a,logs/6-7 BIG 20.17a fixed/log0001.csv,2.05,17.54912,9,-3.9922222222222223,-3.91,,2.5155505251225714
2026-06-07,20.17a,logs/6-7 BIG 20.17a fixed/log0001.csv,2.05,20.13153,489,-1.329366053169734,-2.34,,5.056945455825042
2026-06-07,20.17a,logs/6-7 BIG 20.17a fixed/log0001.csv,2.05,22.0675,9864,-0.3267214111922141,-0.78,,4.252923636943028
2026-06-07,20.17a,logs/6-7 BIG 20.17a fixed/log0001.csv,2.05,24.28007,5248,0.044937118902439,-0.78,,3.873094875972761
2026-06-07,20.17a,logs/6-7 BIG 20.17a fixed/log0001.csv,2.05,27.4473,13,-5.1692307692307695,-5.47,,4.540228447883913
2026-06-07,20.17a,logs/6-7 BIG 20.17a fixed/log0001.csv,2.05,30.91469,4,-3.3200000000000003,-3.125,,2.334166517910265
2026-06-07,20.17a,logs/6-7 BIG 20.17a fixed/log0001.csv,2.05,33.73144,2,-4.69,-4.69,,0.0
2026-06-07,20.17a,logs/6-7 BIG 20.17a fixed/log0001.csv,2.1152,7.731196,1,-9.38,-9.38,,
2026-06-07,20.17a,logs/6-7 BIG 20.17a fixed/log0001.csv,2.1152,11.0771,3,-4.426666666666667,-2.34,,4.307404477563413
2026-06-07,20.17a,logs/6-7 BIG 20.17a fixed/log0001.csv,2.1152,12.5195,4,-4.6875,-5.08,,3.058565840389904
2026-06-07,20.17a,logs/6-7 BIG 20.17a fixed/log0001.csv,2.1152,15.00816,2,-4.295,-4.295,,11.603622279271244
2026-06-07,20.17a,logs/6-7 BIG 20.17a fixed/log0001.csv,2.1152,15.6572,3,-3.3866666666666667,-3.13,,8.987749069335065
2026-06-07,20.17a,logs/6-7 BIG 20.17a fixed/log0001.csv,2.1152,17.54912,9,-4.341111111111111,-3.13,,4.042110972142045
2026-06-07,20.17a,logs/6-7 BIG 20.17a fixed/log0001.csv,2.1152,20.13153,10,-1.719,-2.34,,4.195024698642694
2026-06-07,20.17a,logs/6-7 BIG 20.17a fixed/log0001.csv,2.1152,22.0675,67,-1.935671641791045,-3.13,,5.06421049633142
2026-06-07,20.17a,logs/6-7 BIG 20.17a fixed/log0001.csv,2.1152,24.28007,8211,0.020672268907563,-0.78,,4.201495996680099
2026-06-07,20.17a,logs/6-7 BIG 20.17a fixed/log0001.csv,2.1152,27.4473,3818,0.0083237297014143,0.0,,4.1010577519460725
2026-06-07,20.17a,logs/6-7 BIG 20.17a fixed/log0001.csv,2.1152,30.91469,10,-4.376,-5.470000000000001,,4.298897016160721
2026-06-07,20.17a,logs/6-7 BIG 20.17a fixed/log0001.csv,2.1152,33.73144,3,-3.9066666666666654,-4.69,,2.0693557773696947
2026-06-07,20.17a,logs/6-7 BIG 20.17a fixed/log0001.csv,2.1152,37.57346,1,-2.34,-2.34,,
2026-06-07,20.17a,logs/6-7 BIG 20.17a fixed/log0001.csv,2.1682,8.044332,1,-7.81,-7.81,,
2026-06-07,20.17a,logs/6-7 BIG 20.17a fixed/log0001.csv,2.1682,11.0771,1,-0.78,-0.78,,
2026-06-07,20.17a,logs/6-7 BIG 20.17a fixed/log0001.csv,2.1682,12.5195,2,-7.81,-7.81,,1.1030865786510142
2026-06-07,20.17a,logs/6-7 BIG 20.17a fixed/log0001.csv,2.1682,15.00816,2,-3.515,-3.515,,6.074047250392443
2026-06-07,20.17a,logs/6-7 BIG 20.17a fixed/log0001.csv,2.1682,15.6572,5,-4.376,-3.13,,2.10985307545336
2026-06-07,20.17a,logs/6-7 BIG 20.17a fixed/log0001.csv,2.1682,17.54912,6,-2.995,-2.345,,4.97817938608082
2026-06-07,20.17a,logs/6-7 BIG 20.17a fixed/log0001.csv,2.1682,20.13153,10,-3.281,-3.515,,3.641051282863844
2026-06-07,20.17a,logs/6-7 BIG 20.17a fixed/log0001.csv,2.1682,22.0675,10,-4.219,-5.470000000000001,,6.231644067000119
2026-06-07,20.17a,logs/6-7 BIG 20.17a fixed/log0001.csv,2.1682,24.28007,92,-1.3929347826086955,-2.34,,5.084344109977902
2026-06-07,20.17a,logs/6-7 BIG 20.17a fixed/log0001.csv,2.1682,27.4473,10014,-0.2898412222887957,-0.78,,4.223447852106975
2026-06-07,20.17a,logs/6-7 BIG 20.17a fixed/log0001.csv,2.1682,30.91469,3331,-0.5117412188531972,-0.78,,4.071376614588357
2026-06-07,20.17a,logs/6-7 BIG 20.17a fixed/log0001.csv,2.1682,33.73144,4,-2.7325,-1.17,,3.956592599699898
2026-06-07,20.17a,logs/6-7 BIG 20.17a fixed/log0001.csv,2.1682,37.57346,2,-5.859999999999999,-5.859999999999999,,0.5515432893255076
2026-06-07,20.17a,logs/6-7 BIG 20.17a fixed/log0001.csv,2.253,9.456532,1,-3.91,-3.91,,
2026-06-07,20.17a,logs/6-7 BIG 20.17a fixed/log0001.csv,2.253,11.0771,1,-10.16,-10.16,,
2026-06-07,20.17a,logs/6-7 BIG 20.17a fixed/log0001.csv,2.253,12.5195,4,-3.9075,-3.91,,1.42773421896374
2026-06-07,20.17a,logs/6-7 BIG 20.17a fixed/log0001.csv,2.253,15.6572,2,-2.345,-2.345,,1.1101576464628793
2026-06-07,20.17a,logs/6-7 BIG 20.17a fixed/log0001.csv,2.253,22.0675,3,-3.123333333333333,-1.56,,7.931408029683843
2026-06-07,20.17a,logs/6-7 BIG 20.17a fixed/log0001.csv,2.253,24.28007,6,-5.468333333333334,-3.515,,8.532979354637316
2026-06-07,20.17a,logs/6-7 BIG 20.17a fixed/log0001.csv,2.253,27.4473,180,-1.3451666666666666,-1.56,,5.113629774365148
2026-06-07,20.17a,logs/6-7 BIG 20.17a fixed/log0001.csv,2.253,30.91469,12153,-0.5232345922817411,-0.78,,4.224804613790067
2026-06-07,20.17a,logs/6-7 BIG 20.17a fixed/log0001.csv,2.253,33.73144,1865,-1.140922252010724,-1.56,,4.02606221247195
2026-06-07,20.17a,logs/6-7 BIG 20.17a fixed/log0001.csv,2.253,37.57346,2,-2.7350000000000003,-2.7350000000000003,,6.074047250392443
2026-06-07,20.17a,logs/6-7 BIG 20.17a fixed/log0001.csv,2.253,42.21833,1,-0.78,-0.78,,
2026-06-07,20.17a,logs/6-7 BIG 20.17a fixed/log0001.csv,2.2849,12.5195,6,-4.6866666666666665,-5.470000000000001,,3.005399585191072
2026-06-07,20.17a,logs/6-7 BIG 20.17a fixed/log0001.csv,2.2849,15.00816,2,-5.859999999999999,-5.859999999999999,,2.7577164466275352
2026-06-07,20.17a,logs/6-7 BIG 20.17a fixed/log0001.csv,2.2849,17.54912,8,-4.29875,-5.08,,3.3932219728663284
2026-06-07,20.17a,logs/6-7 BIG 20.17a fixed/log0001.csv,2.2849,20.13153,3,0.7833333333333332,-0.78,,2.707772762499345
2026-06-07,20.17a,logs/6-7 BIG 20.17a fixed/log0001.csv,2.2849,22.0675,4,-3.5125,-2.34,,2.345
2026-06-07,20.17a,logs/6-7 BIG 20.17a fixed/log0001.csv,2.2849,24.28007,5,-3.436,-2.34,,3.4319134604473933
2026-06-07,20.17a,logs/6-7 BIG 20.17a fixed/log0001.csv,2.2849,27.4473,15,-4.739333333333334,-4.69,,4.462532059375303
2026-06-07,20.17a,logs/6-7 BIG 20.17a fixed/log0001.csv,2.2849,30.91469,342,-0.7950584795321638,-1.56,,4.587824045090534
2026-06-07,20.17a,logs/6-7 BIG 20.17a fixed/log0001.csv,2.2849,33.73144,14705,-1.2121598095885755,-1.56,,4.197210990759855
2026-06-07,20.17a,logs/6-7 BIG 20.17a fixed/log0001.csv,2.2849,37.57346,3583,-0.5349092938878035,-0.78,,4.207043220514178
2026-06-07,20.17a,logs/6-7 BIG 20.17a fixed/log0001.csv,2.2849,42.21833,3,-2.603333333333333,-2.34,,2.744491452588864
2026-06-07,20.17a,logs/6-7 BIG 20.17a fixed/log0001.csv,2.3877,11.0771,1,-9.38,-9.38,,
2026-06-07,20.17a,logs/6-7 BIG 20.17a fixed/log0001.csv,2.3877,12.5195,1,0.78,0.78,,
2026-06-07,20.17a,logs/6-7 BIG 20.17a fixed/log0001.csv,2.3877,15.6572,3,-2.8666666666666667,-3.91,,4.008170821376421
2026-06-07,20.17a,logs/6-7 BIG 20.17a fixed/log0001.csv,2.3877,17.54912,1,-2.34,-2.34,,
2026-06-07,20.17a,logs/6-7 BIG 20.17a fixed/log0001.csv,2.3877,20.13153,6,-5.21,-5.470000000000001,,3.482005169439012
2026-06-07,20.17a,logs/6-7 BIG 20.17a fixed/log0001.csv,2.3877,22.0675,2,-4.295,-4.295,,3.867874093090415
2026-06-07,20.17a,logs/6-7 BIG 20.17a fixed/log0001.csv,2.3877,24.28007,2,-8.985,-8.985,,1.6617009357883874
2026-06-07,20.17a,logs/6-7 BIG 20.17a fixed/log0001.csv,2.3877,27.4473,11,-2.2018181818181817,-2.34,,2.4416462404771835
2026-06-07,20.17a,logs/6-7 BIG 20.17a fixed/log0001.csv,2.3877,30.91469,12,-4.947500000000001,-5.859999999999999,,4.098933619635944
2026-06-07,20.17a,logs/6-7 BIG 20.17a fixed/log0001.csv,2.3877,33.73144,262,-0.9810305343511452,-0.78,,4.553129622071605
2026-06-07,20.17a,logs/6-7 BIG 20.17a fixed/log0001.csv,2.3877,37.57346,26526,0.1675729472969916,0.0,,3.974733989386525
2026-06-07,20.17a,logs/6-7 BIG 20.17a fixed/log0001.csv,2.3877,42.21833,988,0.7371457489878542,0.78,,3.717886004637221
2026-06-07,20.17a,logs/6-7 BIG 20.17a fixed/log0001.csv,2.449,15.00816,1,-11.72,-11.72,,
2026-06-07,20.17a,logs/6-7 BIG 20.17a fixed/log0001.csv,2.449,17.54912,1,-3.13,-3.13,,
2026-06-07,20.17a,logs/6-7 BIG 20.17a fixed/log0001.csv,2.449,20.13153,1,-3.91,-3.91,,
2026-06-07,20.17a,logs/6-7 BIG 20.17a fixed/log0001.csv,2.449,22.0675,1,1.56,1.56,,
2026-06-07,20.17a,logs/6-7 BIG 20.17a fixed/log0001.csv,2.449,24.28007,1,-4.69,-4.69,,
2026-06-07,20.17a,logs/6-7 BIG 20.17a fixed/log0001.csv,2.449,27.4473,5,-4.846,-3.13,,4.296007448783114
2026-06-07,20.17a,logs/6-7 BIG 20.17a fixed/log0001.csv,2.449,30.91469,3,-1.8233333333333333,-1.56,,1.1969266198616078
2026-06-07,20.17a,logs/6-7 BIG 20.17a fixed/log0001.csv,2.449,33.73144,6,-4.82,-5.08,,3.142177588870496
2026-06-07,20.17a,logs/6-7 BIG 20.17a fixed/log0001.csv,2.449,37.57346,1594,0.3550125470514429,0.0,,3.650243845508025
2026-06-07,20.17a,logs/6-7 BIG 20.17a fixed/log0001.csv,2.449,42.21833,25134,0.3258215962441314,0.0,,3.348339014028931
2026-06-07,20.17a,logs/6-7 BIG 20.17a fixed/log0001.csv,2.449,47.37292,544,0.6550919117647059,0.0,,3.12998490673654
2026-06-07,20.17a,logs/6-7 BIG 20.17a fixed/log0001.csv,2.449,50.52607,1,4.69,4.69,,
2026-06-07,20.17a,logs/6-7 BIG 20.17a fixed/log0001.csv,2.5482,24.28007,1,0.0,0.0,,
2026-06-07,20.17a,logs/6-7 BIG 20.17a fixed/log0001.csv,2.5482,27.4473,1,-0.78,-0.78,,
2026-06-07,20.17a,logs/6-7 BIG 20.17a fixed/log0001.csv,2.5482,30.91469,1,0.0,0.0,,
2026-06-07,20.17a,logs/6-7 BIG 20.17a fixed/log0001.csv,2.5482,33.73144,3,-5.47,-4.69,,2.812329994861912
2026-06-07,20.17a,logs/6-7 BIG 20.17a fixed/log0001.csv,2.5482,37.57346,10,-0.4679999999999999,-0.39,,2.857457300157296
2026-06-07,20.17a,logs/6-7 BIG 20.17a fixed/log0001.csv,2.5482,42.21833,1830,0.1763879781420765,0.0,,2.481650210300625
2026-06-07,20.17a,logs/6-7 BIG 20.17a fixed/log0001.csv,2.5482,47.37292,18308,0.2177605418396329,0.0,,1.7628721806619465
2026-06-07,20.17a,logs/6-7 BIG 20.17a fixed/log0001.csv,2.5482,50.52607,1077,0.0856917363045496,0.0,,1.1675770871028428
2026-06-07,20.17a,logs/6-7 BIG 20.17a fixed/log0001.csv,2.5482,58.53896,1,-0.78,-0.78,,
2026-06-07,20.17a,logs/6-7 BIG 20.17a fixed/log0001.csv,2.62,33.73144,2,5.08,5.08,,7.184204896855323
2026-06-07,20.17a,logs/6-7 BIG 20.17a fixed/log0001.csv,2.62,37.57346,5,-1.718,-0.78,,4.7650676805266885
2026-06-07,20.17a,logs/6-7 BIG 20.17a fixed/log0001.csv,2.62,42.21833,4,-1.9525,-1.95,,1.010853599686918
2026-06-07,20.17a,logs/6-7 BIG 20.17a fixed/log0001.csv,2.62,47.37292,126,-0.1425396825396825,0.0,,1.052183966049996
2026-06-07,20.17a,logs/6-7 BIG 20.17a fixed/log0001.csv,2.62,50.52607,6936,-0.0232540369088811,0.0,,0.5535531497531031
2026-06-07,20.17a,logs/6-7 BIG 20.17a fixed/log0001.csv,2.62,58.53896,30,0.3646666666666666,0.0,,3.551939473441024
2026-06-07,20.17a,logs/6-7 BIG 20.17a fixed/log0001.csv,2.7327,33.73144,1,-2.34,-2.34,,
2026-06-07,20.17a,logs/6-7 BIG 20.17a fixed/log0001.csv,2.7327,37.57346,1,-1.56,-1.56,,
2026-06-07,20.17a,logs/6-7 BIG 20.17a fixed/log0001.csv,2.7327,47.37292,4,0.1975,-1.56,,4.101466201250474
2026-06-07,20.17a,logs/6-7 BIG 20.17a fixed/log0001.csv,2.7327,50.52607,581,-0.0295008605851979,0.0,,0.776503386374446
2026-06-07,20.17a,logs/6-7 BIG 20.17a fixed/log0001.csv,2.7327,58.53896,3871,-0.0437303022474812,0.0,,0.4022368767556065
2026-06-07,20.17a,logs/6-7 BIG 20.17a fixed/log0001.csv,2.7327,67.17062,221,0.021131221719457,0.0,,0.7626104009333221
2026-06-07,20.17a,logs/6-7 BIG 20.17a fixed/log0001.csv,2.8274,42.21833,1,-6.25,-6.25,,
2026-06-07,20.17a,logs/6-7 BIG 20.17a fixed/log0001.csv,2.8274,47.37292,2,-1.17,-1.17,,1.654629867976521
2026-06-07,20.17a,logs/6-7 BIG 20.17a fixed/log0001.csv,2.8274,50.52607,1,0.0,0.0,,
2026-06-07,20.17a,logs/6-7 BIG 20.17a fixed/log0001.csv,2.8274,58.53896,10,-0.156,0.0,,0.3288768766575115
2026-06-07,20.17a,logs/6-7 BIG 20.17a fixed/log0001.csv,2.8274,67.17062,935,-0.0183743315508021,0.0,,0.4621355893898267
2026-06-07,20.17a,logs/6-7 BIG 20.17a fixed/log0001.csv,2.8274,72.78947,25,-0.25,0.0,,0.9761147473529944
2026-06-07,20.17a,logs/6-7 BIG 20.17a fixed/log0001.csv,2.9125,67.17062,38,-0.185,0.0,,0.8603574053059952
2026-06-07,20.17a,logs/6-7 BIG 20.17a fixed/log0001.csv,2.9125,72.78947,484,-0.0419214876033057,0.0,,0.3526061299097853
2026-06-07,20.17a,logs/6-7 BIG 20.17a fixed/log0001.csv,2.9125,84.14777,17,0.0,0.0,,0.0
2026-06-07,20.17a,logs/6-7 BIG 20.17a fixed/log0001.csv,2.99,72.78947,5,0.156,0.0,,0.3488266044899672
2026-06-07,20.17a,logs/6-7 BIG 20.17a fixed/log0001.csv,2.99,84.14777,143,-0.0381818181818181,0.0,,0.2328743733251911
2026-06-07,20.17a,logs/6-7 BIG 20.17a fixed/log0001.csv,2.99,89.23958,17,0.0,0.0,,0.0
2026-06-07,20.17a,logs/6-7 BIG 20.17a fixed/log0001.csv,3.0654,89.23958,76,0.0,0.0,,0.0
2026-06-07,20.17a,logs/6-7 BIG 20.17a fixed/log0001.csv,3.0654,103.6679,2,0.0,0.0,,0.0
2026-06-07,20.17a,logs/6-7 BIG 20.17a fixed/log0001.csv,3.1508,89.23958,3,0.0,0.0,,0.0
2026-06-07,20.17a,logs/6-7 BIG 20.17a fixed/log0001.csv,3.1508,103.6679,30,0.0,0.0,,0.0
2026-06-07,20.17a,logs/6-7 BIG 20.17a fixed/log0001.csv,3.1508,112.0047,1,0.0,0.0,,
2026-06-07,20.17a,logs/6-7 BIG 20.17a fixed/log0001.csv,3.26,103.6679,2,0.0,0.0,,0.0
2026-06-07,20.17a,logs/6-7 BIG 20.17a fixed/log0001.csv,3.26,112.0047,11,0.0,0.0,,0.0
2026-06-03,20.17,logs/6-3 20.17/log0001.csv,1.28,3.89676,1,0.0,0.0,,
2026-06-03,20.17,logs/6-3 20.17/log0001.csv,1.28,4.399962,1,-4.69,-4.69,,
2026-06-03,20.17,logs/6-3 20.17/log0001.csv,1.3021,3.89676,1,0.0,0.0,,
2026-06-03,20.17,logs/6-3 20.17/log0001.csv,1.3021,4.399962,1,-1.56,-1.56,,
2026-06-03,20.17,logs/6-3 20.17/log0001.csv,1.3021,4.699582,1,-1.56,-1.56,,
2026-06-03,20.17,logs/6-3 20.17/log0001.csv,1.3628,4.399962,2,-2.735,-2.735,,3.867874093090416
2026-06-03,20.17,logs/6-3 20.17/log0001.csv,1.3628,5.624956,1,-5.47,-5.47,,
2026-06-03,20.17,logs/6-3 20.17/log0001.csv,1.3948,4.699582,1,-1.56,-1.56,,
2026-06-03,20.17,logs/6-3 20.17/log0001.csv,1.3948,5.624956,5,-2.656,-1.56,,2.627361794652575
2026-06-03,20.17,logs/6-3 20.17/log0001.csv,1.3948,6.225371,4,-4.8825,-3.515,,6.163496707767974
2026-06-03,20.17,logs/6-3 20.17/log0001.csv,1.45,6.225371,8,-3.61375,-2.735,,4.610924721323726
2026-06-03,20.17,logs/6-3 20.17/log0001.csv,1.45,6.565505,4,-7.2275,-8.595,,6.760775966312348
2026-06-03,20.17,logs/6-3 20.17/log0001.csv,1.4801,6.225371,2,-3.515,-3.515,,2.7647875144394005
2026-06-03,20.17,logs/6-3 20.17/log0001.csv,1.4801,6.565505,10,-0.6250000000000001,-0.78,,4.131072634451144
2026-06-03,20.17,logs/6-3 20.17/log0001.csv,1.4801,7.731196,5,-1.252,-3.13,,3.6922784293712194
2026-06-03,20.17,logs/6-3 20.17/log0001.csv,1.5473,6.565505,9,-3.211111111111111,-1.56,,6.094918876499596
2026-06-03,20.17,logs/6-3 20.17/log0001.csv,1.5473,7.731196,45,-3.0213333333333336,-0.78,,7.544954545317626
2026-06-03,20.17,logs/6-3 20.17/log0001.csv,1.5473,8.044332,28,-1.1996428571428572,-0.78,,4.054997357758519
2026-06-03,20.17,logs/6-3 20.17/log0001.csv,1.593,7.731196,5,-3.75,-2.34,,4.113562932544001
2026-06-03,20.17,logs/6-3 20.17/log0001.csv,1.593,8.044332,28,-2.7903571428571428,-0.78,,6.4551888299791695
2026-06-03,20.17,logs/6-3 20.17/log0001.csv,1.593,9.456532,59,-3.1645762711864407,-0.78,,5.796128708630739
2026-06-03,20.17,logs/6-3 20.17/log0001.csv,1.593,9.9646,1,7.03,7.03,,
2026-06-03,20.17,logs/6-3 20.17/log0001.csv,1.6417,8.044332,9,-2.604444444444445,-1.56,,5.241095093372928
2026-06-03,20.17,logs/6-3 20.17/log0001.csv,1.6417,9.456532,37,-2.0272972972972974,0.0,,5.200679255127613
2026-06-03,20.17,logs/6-3 20.17/log0001.csv,1.6417,9.9646,131,-2.951297709923664,-1.56,,6.756324034328197
2026-06-03,20.17,logs/6-3 20.17/log0001.csv,1.6417,11.0771,36,-3.558888888888889,-3.515,,6.476822315116211
2026-06-03,20.17,logs/6-3 20.17/log0001.csv,1.68,8.044332,1,-2.34,-2.34,,
2026-06-03,20.17,logs/6-3 20.17/log0001.csv,1.68,9.456532,3,3.123333333333333,1.56,,4.876703121303708
2026-06-03,20.17,logs/6-3 20.17/log0001.csv,1.68,9.9646,14,-1.395,0.0,,5.527241278779691
2026-06-03,20.17,logs/6-3 20.17/log0001.csv,1.68,11.0771,339,-3.413864306784661,-3.13,,5.490192503107506
2026-06-03,20.17,logs/6-3 20.17/log0001.csv,1.68,12.5195,45,-0.938,-0.78,,5.079125998544524
2026-06-03,20.17,logs/6-3 20.17/log0001.csv,1.7451,8.044332,1,7.03,7.03,,
2026-06-03,20.17,logs/6-3 20.17/log0001.csv,1.7451,9.456532,1,-13.28,-13.28,,
2026-06-03,20.17,logs/6-3 20.17/log0001.csv,1.7451,9.9646,1,-4.69,-4.69,,
2026-06-03,20.17,logs/6-3 20.17/log0001.csv,1.7451,11.0771,53,-2.4020754716981134,-0.78,,5.225377556653594
2026-06-03,20.17,logs/6-3 20.17/log0001.csv,1.7451,12.5195,810,-1.5190617283950618,-1.56,,4.876855367756392
2026-06-03,20.17,logs/6-3 20.17/log0001.csv,1.7451,15.00816,46,1.7504347826086957,3.13,,5.030000643482062
2026-06-03,20.17,logs/6-3 20.17/log0001.csv,1.7451,15.6572,1,-4.69,-4.69,,
2026-06-03,20.17,logs/6-3 20.17/log0001.csv,1.81,11.0771,2,-3.91,-3.91,,1.1030865786510144
2026-06-03,20.17,logs/6-3 20.17/log0001.csv,1.81,12.5195,140,-1.3227142857142855,-0.78,,4.428269038842377
2026-06-03,20.17,logs/6-3 20.17/log0001.csv,1.81,15.00816,837,-0.8362485065710873,-1.56,,4.509154858313996
2026-06-03,20.17,logs/6-3 20.17/log0001.csv,1.81,15.6572,204,-1.4516176470588236,-2.34,,4.78695114986712
2026-06-03,20.17,logs/6-3 20.17/log0001.csv,1.85,9.456532,1,-10.94,-10.94,,
2026-06-03,20.17,logs/6-3 20.17/log0001.csv,1.85,11.0771,1,0.0,0.0,,
2026-06-03,20.17,logs/6-3 20.17/log0001.csv,1.85,12.5195,5,-2.032,0.0,,7.705333866874296
2026-06-03,20.17,logs/6-3 20.17/log0001.csv,1.85,15.00816,65,-0.9733846153846154,-0.78,,5.118531368018038
2026-06-03,20.17,logs/6-3 20.17/log0001.csv,1.85,15.6572,1634,-1.1273867809057527,-1.56,,5.149621484526547
2026-06-03,20.17,logs/6-3 20.17/log0001.csv,1.85,17.54912,623,-2.735810593900481,-3.91,,4.134090211163214
2026-06-03,20.17,logs/6-3 20.17/log0001.csv,1.91,15.00816,3,-1.0433333333333332,0.0,,1.8071063425635288
2026-06-03,20.17,logs/6-3 20.17/log0001.csv,1.91,15.6572,16,-2.05125,-2.345,,5.479355041121781
2026-06-03,20.17,logs/6-3 20.17/log0001.csv,1.91,17.54912,1504,-1.808630319148936,-2.34,,4.24756604238272
2026-06-03,20.17,logs/6-3 20.17/log0001.csv,1.91,20.13153,209,-1.4732535885167466,-2.34,,3.337771155478644
2026-06-03,20.17,logs/6-3 20.17/log0001.csv,1.9888,15.00816,1,7.81,7.81,,
2026-06-03,20.17,logs/6-3 20.17/log0001.csv,1.9888,15.6572,1,-7.03,-7.03,,
2026-06-03,20.17,logs/6-3 20.17/log0001.csv,1.9888,17.54912,36,-1.6930555555555555,-0.78,,4.671580227866886
2026-06-03,20.17,logs/6-3 20.17/log0001.csv,1.9888,20.13153,1222,-1.6994271685761049,-2.34,,4.0299870238986095
2026-06-03,20.17,logs/6-3 20.17/log0001.csv,1.9888,22.0675,101,-1.175148514851485,-1.56,,3.4941736115600746
2026-06-03,20.17,logs/6-3 20.17/log0001.csv,1.9888,24.28007,1,-4.69,-4.69,,
2026-06-03,20.17,logs/6-3 20.17/log0001.csv,2.05,17.54912,2,2.735,2.735,,10.500535700620231
2026-06-03,20.17,logs/6-3 20.17/log0001.csv,2.05,20.13153,121,-0.7555371900826446,-1.56,,5.431019540628511
2026-06-03,20.17,logs/6-3 20.17/log0001.csv,2.05,22.0675,1141,-0.3188168273444347,-0.78,,4.237880873812863
2026-06-03,20.17,logs/6-3 20.17/log0001.csv,2.05,24.28007,271,0.1670848708487084,0.0,,3.4238507653139094
2026-06-03,20.17,logs/6-3 20.17/log0001.csv,2.1152,15.00816,1,-7.03,-7.03,,
2026-06-03,20.17,logs/6-3 20.17/log0001.csv,2.1152,20.13153,1,3.13,3.13,,
2026-06-03,20.17,logs/6-3 20.17/log0001.csv,2.1152,22.0675,15,0.8340000000000001,0.0,,3.900320133380995
2026-06-03,20.17,logs/6-3 20.17/log0001.csv,2.1152,24.28007,865,-0.5971907514450867,-0.78,,3.4698567843094152
2026-06-03,20.17,logs/6-3 20.17/log0001.csv,2.1152,27.4473,369,-0.8615989159891599,-1.56,,2.838895393649751
2026-06-03,20.17,logs/6-3 20.17/log0001.csv,2.1682,22.0675,1,-12.5,-12.5,,
2026-06-03,20.17,logs/6-3 20.17/log0001.csv,2.1682,24.28007,11,-2.2736363636363635,-3.13,,7.650774173542533
2026-06-03,20.17,logs/6-3 20.17/log0001.csv,2.1682,27.4473,1067,-0.91630740393627,-1.56,,3.09539375920918
2026-06-03,20.17,logs/6-3 20.17/log0001.csv,2.1682,30.91469,389,-1.2816195372750645,-1.56,,3.081055967601626
2026-06-03,20.17,logs/6-3 20.17/log0001.csv,2.253,27.4473,32,-1.978125,-1.17,,5.155937659161648
2026-06-03,20.17,logs/6-3 20.17/log0001.csv,2.253,30.91469,1702,-1.1243360752056404,-1.56,,3.539860331956884
2026-06-03,20.17,logs/6-3 20.17/log0001.csv,2.253,33.73144,135,-1.2446666666666666,-2.34,,4.101070446355457
2026-06-03,20.17,logs/6-3 20.17/log0001.csv,2.2849,30.91469,51,-1.424705882352941,-0.78,,4.433452989687011
2026-06-03,20.17,logs/6-3 20.17/log0001.csv,2.2849,33.73144,1542,-2.561491569390402,-3.13,,3.9879156338598927
2026-06-03,20.17,logs/6-3 20.17/log0001.csv,2.2849,37.57346,187,-1.2748663101604278,-1.56,,3.797570298256896
2026-06-03,20.17,logs/6-3 20.17/log0001.csv,2.3877,30.91469,1,0.0,0.0,,
2026-06-03,20.17,logs/6-3 20.17/log0001.csv,2.3877,33.73144,61,-3.227704918032787,-3.91,,4.0229273725495895
2026-06-03,20.17,logs/6-3 20.17/log0001.csv,2.3877,37.57346,1386,-0.0728860028860028,0.0,,4.2575829193091606
2026-06-03,20.17,logs/6-3 20.17/log0001.csv,2.3877,42.21833,20,1.4449999999999998,0.0,,3.871804284962326
2026-06-03,20.17,logs/6-3 20.17/log0001.csv,2.449,37.57346,86,-0.5729069767441861,0.0,,3.021680041565918
2026-06-03,20.17,logs/6-3 20.17/log0001.csv,2.449,42.21833,1356,0.1748082595870206,0.0,,3.807862118242722
2026-06-03,20.17,logs/6-3 20.17/log0001.csv,2.449,47.37292,23,-0.3391304347826087,0.0,,1.9977735631162423
2026-06-03,20.17,logs/6-3 20.17/log0001.csv,2.5482,42.21833,100,0.1874,0.0,,2.164931995572735
2026-06-03,20.17,logs/6-3 20.17/log0001.csv,2.5482,47.37292,1031,0.0431522793404461,0.0,,1.4444403811347035
2026-06-03,20.17,logs/6-3 20.17/log0001.csv,2.5482,50.52607,69,-0.0339130434782608,0.0,,0.2817028962206999
2026-06-03,20.17,logs/6-3 20.17/log0001.csv,2.62,47.37292,5,0.0,0.0,,0.0
2026-06-03,20.17,logs/6-3 20.17/log0001.csv,2.62,50.52607,340,-0.0068823529411764,0.0,,0.0944772185259813
2026-06-03,20.17,logs/6-3 20.17/log0001.csv,2.62,58.53896,1,0.0,0.0,,
2026-06-03,20.17,logs/6-3 20.17/log0001.csv,2.7327,50.52607,24,0.0,0.0,,0.0
2026-06-03,20.17,logs/6-3 20.17/log0001.csv,2.7327,58.53896,134,0.0,0.0,,0.0
2026-06-03,20.17,logs/6-3 20.17/log0001.csv,2.7327,67.17062,10,0.0,0.0,,0.0
2026-06-03,20.17,logs/6-3 20.17/log0001.csv,2.8274,58.53896,1,0.0,0.0,,
2026-06-03,20.17,logs/6-3 20.17/log0001.csv,2.8274,67.17062,50,0.0,0.0,,0.0
2026-06-03,20.17,logs/6-3 20.17/log0001.csv,2.8274,72.78947,4,0.0,0.0,,0.0
2026-06-03,20.17,logs/6-3 20.17/log0001.csv,2.9125,67.17062,1,0.0,0.0,,
2026-06-03,20.17,logs/6-3 20.17/log0001.csv,2.9125,72.78947,20,0.0,0.0,,0.0
2026-06-03,20.17,logs/6-3 20.17/log0001.csv,2.9125,84.14777,1,0.0,0.0,,
2026-06-03,20.17,logs/6-3 20.17/log0001.csv,2.99,84.14777,3,0.0,0.0,,0.0
2026-06-03,20.17,logs/6-3 20.17/log0001.csv,2.99,89.23958,2,0.0,0.0,,0.0
2026-06-03,20.17,logs/6-3 20.17/log0001.csv,3.0654,89.23958,2,0.0,0.0,,0.0
2026-06-05,20.17a,logs/6-5 20.17a/log0001.csv,1.28,4.399962,2,-4.295,-4.295,,3.867874093090416
2026-06-05,20.17a,logs/6-5 20.17a/log0001.csv,1.3628,4.399962,1,-1.56,-1.56,,
2026-06-05,20.17a,logs/6-5 20.17a/log0001.csv,1.3948,4.699582,1,-7.03,-7.03,,
2026-06-05,20.17a,logs/6-5 20.17a/log0001.csv,1.3948,5.624956,1,0.0,0.0,,
2026-06-05,20.17a,logs/6-5 20.17a/log0001.csv,1.3948,6.225371,2,-5.86,-5.86,,1.654629867976521
2026-06-05,20.17a,logs/6-5 20.17a/log0001.csv,1.45,4.699582,1,-1.56,-1.56,,
2026-06-05,20.17a,logs/6-5 20.17a/log0001.csv,1.45,6.225371,1,-4.69,-4.69,,
2026-06-05,20.17a,logs/6-5 20.17a/log0001.csv,1.45,6.565505,1,-7.81,-7.81,,
2026-06-05,20.17a,logs/6-5 20.17a/log0001.csv,1.4801,6.565505,1,-0.78,-0.78,,
2026-06-05,20.17a,logs/6-5 20.17a/log0001.csv,1.4801,7.731196,4,-0.7825000000000001,0.0,,2.7068108541233538
2026-06-05,20.17a,logs/6-5 20.17a/log0001.csv,1.5473,6.225371,1,-1.56,-1.56,,
2026-06-05,20.17a,logs/6-5 20.17a/log0001.csv,1.5473,6.565505,2,-5.470000000000001,-5.470000000000001,,1.1030865786510136
2026-06-05,20.17a,logs/6-5 20.17a/log0001.csv,1.5473,7.731196,12,-1.7575,-0.78,,3.69613096235903
2026-06-05,20.17a,logs/6-5 20.17a/log0001.csv,1.5473,8.044332,5,-2.656,-3.91,,4.337473919229947
2026-06-05,20.17a,logs/6-5 20.17a/log0001.csv,1.5473,9.456532,1,-9.38,-9.38,,
2026-06-05,20.17a,logs/6-5 20.17a/log0001.csv,1.593,8.044332,11,-5.965454545454546,-0.78,,9.70803313100688
2026-06-05,20.17a,logs/6-5 20.17a/log0001.csv,1.593,9.456532,45,-4.496222222222222,-5.47,,5.351816721658377
2026-06-05,20.17a,logs/6-5 20.17a/log0001.csv,1.593,9.9646,9,-9.02777777777778,-11.72,,5.566722055612661
2026-06-05,20.17a,logs/6-5 20.17a/log0001.csv,1.6417,7.731196,1,-7.03,-7.03,,
2026-06-05,20.17a,logs/6-5 20.17a/log0001.csv,1.6417,8.044332,5,-1.092,-0.78,,4.773575180093009
2026-06-05,20.17a,logs/6-5 20.17a/log0001.csv,1.6417,9.456532,19,-3.33,-4.69,,6.0223445047035735
2026-06-05,20.17a,logs/6-5 20.17a/log0001.csv,1.6417,9.9646,85,-4.172235294117647,-3.13,,5.681703797208694
2026-06-05,20.17a,logs/6-5 20.17a/log0001.csv,1.6417,11.0771,36,-5.078333333333333,-3.13,,4.471853243183571
2026-06-05,20.17a,logs/6-5 20.17a/log0001.csv,1.68,9.456532,1,0.0,0.0,,
2026-06-05,20.17a,logs/6-5 20.17a/log0001.csv,1.68,9.9646,8,-4.49,-1.95,,7.605659546867526
2026-06-05,20.17a,logs/6-5 20.17a/log0001.csv,1.68,11.0771,181,-5.1534806629834256,-5.47,,4.038294680776858
2026-06-05,20.17a,logs/6-5 20.17a/log0001.csv,1.68,12.5195,13,-3.1846153846153844,-3.91,,4.1646200614714255
2026-06-05,20.17a,logs/6-5 20.17a/log0001.csv,1.7451,9.9646,2,-1.56,-1.56,,1.103086578651014
2026-06-05,20.17a,logs/6-5 20.17a/log0001.csv,1.7451,11.0771,23,-3.736521739130435,-4.69,,5.7698933412984745
2026-06-05,20.17a,logs/6-5 20.17a/log0001.csv,1.7451,12.5195,458,-4.379366812227074,-4.69,,4.4234380017973765
2026-06-05,20.17a,logs/6-5 20.17a/log0001.csv,1.7451,15.00816,7,-6.362857142857143,-4.69,,4.888765059759346
2026-06-05,20.17a,logs/6-5 20.17a/log0001.csv,1.81,11.0771,1,-7.03,-7.03,,
2026-06-05,20.17a,logs/6-5 20.17a/log0001.csv,1.81,12.5195,104,-5.026634615384615,-4.300000000000001,,4.38476457850216
2026-06-05,20.17a,logs/6-5 20.17a/log0001.csv,1.81,15.00816,604,-6.590827814569536,-5.47,,5.521004665298692
2026-06-05,20.17a,logs/6-5 20.17a/log0001.csv,1.81,15.6572,66,-3.610606060606061,-3.13,,4.96673515385893
2026-06-05,20.17a,logs/6-5 20.17a/log0001.csv,1.85,9.9646,1,-0.78,-0.78,,
2026-06-05,20.17a,logs/6-5 20.17a/log0001.csv,1.85,12.5195,1,0.78,0.78,,
2026-06-05,20.17a,logs/6-5 20.17a/log0001.csv,1.85,15.00816,32,-5.5668750000000005,-4.69,,6.334645361410433
2026-06-05,20.17a,logs/6-5 20.17a/log0001.csv,1.85,15.6572,560,-4.818732142857143,-3.91,,5.72266494705759
2026-06-05,20.17a,logs/6-5 20.17a/log0001.csv,1.85,17.54912,213,-3.3813145539906104,-1.56,,4.941796342827707
2026-06-05,20.17a,logs/6-5 20.17a/log0001.csv,1.91,12.5195,1,1.56,1.56,,
2026-06-05,20.17a,logs/6-5 20.17a/log0001.csv,1.91,15.00816,1,-3.13,-3.13,,
2026-06-05,20.17a,logs/6-5 20.17a/log0001.csv,1.91,15.6572,9,-2.5188888888888887,-3.13,,2.8111405356387134
2026-06-05,20.17a,logs/6-5 20.17a/log0001.csv,1.91,17.54912,609,-2.9655829228243022,-2.34,,4.593469659913954
2026-06-05,20.17a,logs/6-5 20.17a/log0001.csv,1.91,20.13153,54,-4.600740740740741,-4.300000000000001,,3.232389064390593
2026-06-05,20.17a,logs/6-5 20.17a/log0001.csv,1.9888,17.54912,17,-2.6658823529411766,-2.34,,6.2201568095421935
2026-06-05,20.17a,logs/6-5 20.17a/log0001.csv,1.9888,20.13153,513,-3.010682261208577,-3.13,,3.5780775273075056
2026-06-05,20.17a,logs/6-5 20.17a/log0001.csv,1.9888,22.0675,45,-5.382444444444444,-6.25,,2.026929109801726
2026-06-05,20.17a,logs/6-5 20.17a/log0001.csv,2.05,17.54912,1,5.47,5.47,,
2026-06-05,20.17a,logs/6-5 20.17a/log0001.csv,2.05,20.13153,82,-3.011341463414634,-3.13,,3.550115895237449
2026-06-05,20.17a,logs/6-5 20.17a/log0001.csv,2.05,22.0675,287,-2.158954703832753,-2.34,,3.5241628904408864
2026-06-05,20.17a,logs/6-5 20.17a/log0001.csv,2.05,24.28007,52,-0.7057692307692308,-0.78,,2.899181322004235
2026-06-05,20.17a,logs/6-5 20.17a/log0001.csv,2.1152,22.0675,9,-2.7777777777777777,-2.34,,2.792659027601552
2026-06-05,20.17a,logs/6-5 20.17a/log0001.csv,2.1152,24.28007,197,-0.9356345177664974,-0.78,,4.599432221883522
2026-06-05,20.17a,logs/6-5 20.17a/log0001.csv,2.1152,27.4473,74,-2.07972972972973,-2.34,,3.908017741218607
2026-06-05,20.17a,logs/6-5 20.17a/log0001.csv,2.1682,24.28007,4,-4.6850000000000005,-4.6850000000000005,,3.190052246176124
2026-06-05,20.17a,logs/6-5 20.17a/log0001.csv,2.1682,27.4473,273,-1.227912087912088,-0.78,,3.5724018273106486
2026-06-05,20.17a,logs/6-5 20.17a/log0001.csv,2.1682,30.91469,62,-1.3861290322580644,-0.78,,3.625524882220824
2026-06-05,20.17a,logs/6-5 20.17a/log0001.csv,2.253,27.4473,22,-1.2077272727272728,-0.39,,3.77180382742185
2026-06-05,20.17a,logs/6-5 20.17a/log0001.csv,2.253,30.91469,485,-1.5836701030927836,-0.78,,3.9134697111641694
2026-06-05,20.17a,logs/6-5 20.17a/log0001.csv,2.253,33.73144,23,-2.989565217391304,-3.13,,4.474111875568023
2026-06-05,20.17a,logs/6-5 20.17a/log0001.csv,2.2849,30.91469,14,-3.515,-3.515,,4.45915436964316
2026-06-05,20.17a,logs/6-5 20.17a/log0001.csv,2.2849,33.73144,357,-2.204705882352941,-2.34,,3.435817246597361
2026-06-05,20.17a,logs/6-5 20.17a/log0001.csv,2.2849,37.57346,42,-2.8842857142857143,-3.13,,2.768668027785857
2026-06-05,20.17a,logs/6-5 20.17a/log0001.csv,2.3877,33.73144,13,-2.5846153846153848,-1.56,,4.447151926391795
2026-06-05,20.17a,logs/6-5 20.17a/log0001.csv,2.3877,37.57346,649,-2.263451463790447,-2.34,,2.7004452275576227
2026-06-05,20.17a,logs/6-5 20.17a/log0001.csv,2.3877,42.21833,23,-1.5639130434782609,-1.56,,2.081142035977613
2026-06-05,20.17a,logs/6-5 20.17a/log0001.csv,2.449,37.57346,44,-1.7588636363636363,-1.56,,2.198726075041077
2026-06-05,20.17a,logs/6-5 20.17a/log0001.csv,2.449,42.21833,347,-1.9704034582132568,-1.56,,2.556606054681075
2026-06-05,20.17a,logs/6-5 20.17a/log0001.csv,2.449,47.37292,5,-4.220000000000001,-4.69,,2.567450096886014
2026-06-05,20.17a,logs/6-5 20.17a/log0001.csv,2.5482,42.21833,31,-1.1087096774193548,0.0,,2.084409975565402
2026-06-05,20.17a,logs/6-5 20.17a/log0001.csv,2.5482,47.37292,197,-0.821015228426396,0.0,,1.9184581353560604
2026-06-05,20.17a,logs/6-5 20.17a/log0001.csv,2.5482,50.52607,14,-0.0557142857142857,0.0,,0.208463768691691
2026-06-05,20.17a,logs/6-5 20.17a/log0001.csv,2.62,50.52607,177,-0.0971186440677966,0.0,,0.7098576622227396
2026-06-05,20.17a,logs/6-5 20.17a/log0001.csv,2.7327,50.52607,11,-0.4972727272727272,0.0,,1.649267054840367
2026-06-05,20.17a,logs/6-5 20.17a/log0001.csv,2.7327,58.53896,120,0.0,0.0,,0.0
2026-06-05,20.17a,logs/6-5 20.17a/log0001.csv,2.7327,67.17062,19,0.0,0.0,,0.0
2026-06-05,20.17a,logs/6-5 20.17a/log0001.csv,2.8274,58.53896,1,0.0,0.0,,
2026-06-05,20.17a,logs/6-5 20.17a/log0001.csv,2.8274,67.17062,57,0.0,0.0,,0.0
2026-06-05,20.17a,logs/6-5 20.17a/log0001.csv,2.9125,67.17062,2,0.0,0.0,,0.0
2026-06-05,20.17a,logs/6-5 20.17a/log0001.csv,2.9125,72.78947,7,0.0,0.0,,0.0
2026-06-05,20.17a,logs/6-5 20.17a/log0001.csv,2.9125,84.14777,1,0.0,0.0,,
2026-06-05,20.17a,logs/6-5 20.17a/log0001.csv,2.99,84.14777,2,0.0,0.0,,0.0
2026-06-05,20.17a,logs/6-5 20.17a/log0001.csv,3.0654,89.23958,3,0.0,0.0,,0.0
2026-06-05,20.17a,logs/6-5 20.17a/log0001.csv,3.1508,103.6679,3,0.0,0.0,,0.0
2026-06-05,20.17a,logs/6-5 20.17a/log0001.csv,3.26,112.0047,9,0.0,0.0,,0.0
2026-06-05,20.17a,logs/6-5 20.17a/log0001.csv,3.408,135.7898,1,0.0,0.0,,
2026-05-12,20.11,logs/5-12 20.11/5-12.csv,1.28,3.8968,1,-2.34,-2.34,,
2026-05-12,20.11,logs/5-12 20.11/5-12.csv,1.3021,4.444,1,-2.34,-2.34,,
2026-05-12,20.11,logs/5-12 20.11/5-12.csv,1.3021,4.5614,1,9.38,9.38,,
2026-05-12,20.11,logs/5-12 20.11/5-12.csv,1.3628,4.5614,1,9.38,9.38,,
2026-05-12,20.11,logs/5-12 20.11/5-12.csv,1.3948,4.5614,1,-2.34,-2.34,,
2026-05-12,20.11,logs/5-12 20.11/5-12.csv,1.3948,5.625,4,-0.5824999999999998,-1.56,,7.422543925995544
2026-05-12,20.11,logs/5-12 20.11/5-12.csv,1.3948,6.2254,1,10.16,10.16,,
2026-05-12,20.11,logs/5-12 20.11/5-12.csv,1.45,5.625,1,-2.34,-2.34,,
2026-05-12,20.11,logs/5-12 20.11/5-12.csv,1.45,6.4361,3,3.91,10.16,,10.825317547305485
2026-05-12,20.11,logs/5-12 20.11/5-12.csv,1.4801,6.4361,1,10.16,10.16,,
2026-05-12,20.11,logs/5-12 20.11/5-12.csv,1.4801,7.8077,1,0.0,0.0,,
2026-05-12,20.11,logs/5-12 20.11/5-12.csv,1.5473,6.4361,2,-1.95,-1.95,,0.5515432893255069
2026-05-12,20.11,logs/5-12 20.11/5-12.csv,1.5473,7.5789,2,-5.465,-5.465,,4.419417382415922
2026-05-12,20.11,logs/5-12 20.11/5-12.csv,1.5473,7.8077,15,-1.7706666666666666,-1.56,,4.748123639422008
2026-05-12,20.11,logs/5-12 20.11/5-12.csv,1.5473,9.4565,3,-0.7799999999999999,-0.78,,0.0
2026-05-12,20.11,logs/5-12 20.11/5-12.csv,1.593,7.8077,4,0.3925,-0.7799999999999999,,7.259804290291394
2026-05-12,20.11,logs/5-12 20.11/5-12.csv,1.593,9.4565,51,0.5356862745098039,-1.56,,4.904803056148926
2026-05-12,20.11,logs/5-12 20.11/5-12.csv,1.593,9.9646,23,0.0,0.0,,0.8799586767157154
2026-05-12,20.11,logs/5-12 20.11/5-12.csv,1.6417,9.4565,28,2.0925,0.78,,5.068858900734519
2026-05-12,20.11,logs/5-12 20.11/5-12.csv,1.6417,9.9646,150,2.6613333333333333,0.78,,3.9197857540868015
2026-05-12,20.11,logs/5-12 20.11/5-12.csv,1.6417,11.0771,66,2.438787878787879,1.56,,3.2120606925732105
2026-05-12,20.11,logs/5-12 20.11/5-12.csv,1.68,9.9646,3,-2.083333333333333,-0.78,,3.691779155547272
2026-05-12,20.11,logs/5-12 20.11/5-12.csv,1.68,11.0771,63,1.164920634920635,0.78,,4.137081281031068
2026-05-12,20.11,logs/5-12 20.11/5-12.csv,1.68,12.5195,45,2.4468888888888887,1.56,,3.483900519286225
2026-05-12,20.11,logs/5-12 20.11/5-12.csv,1.7451,11.0771,4,2.345,0.0,,5.811996214726916
2026-05-12,20.11,logs/5-12 20.11/5-12.csv,1.7451,12.5195,153,1.312549019607843,0.78,,4.161879245543911
2026-05-12,20.11,logs/5-12 20.11/5-12.csv,1.7451,15.0082,26,-1.02,-0.78,,2.346261707482778
2026-05-12,20.11,logs/5-12 20.11/5-12.csv,1.81,12.5195,19,1.6863157894736842,1.56,,5.045081444696977
2026-05-12,20.11,logs/5-12 20.11/5-12.csv,1.81,15.0082,179,-0.5537430167597764,0.0,,5.409400261767985
2026-05-12,20.11,logs/5-12 20.11/5-12.csv,1.81,15.6572,63,-2.678095238095238,-6.25,,5.396536182124322
2026-05-12,20.11,logs/5-12 20.11/5-12.csv,1.85,15.0082,6,-0.9116666666666666,0.39,,3.4718318891712867
2026-05-12,20.11,logs/5-12 20.11/5-12.csv,1.85,15.6572,170,-1.180294117647059,-1.56,,5.13426203641235
2026-05-12,20.11,logs/5-12 20.11/5-12.csv,1.85,17.5491,122,-1.5554098360655737,-2.34,,3.601326924311401
2026-05-12,20.11,logs/5-12 20.11/5-12.csv,1.91,15.6572,2,-0.39,-0.39,,0.5515432893255071
2026-05-12,20.11,logs/5-12 20.11/5-12.csv,1.91,17.5491,245,-1.786,-2.34,,4.987449773772327
2026-05-12,20.11,logs/5-12 20.11/5-12.csv,1.91,20.1315,63,2.257142857142857,0.78,,5.890956554280804
2026-05-12,20.11,logs/5-12 20.11/5-12.csv,1.9888,17.5491,6,-6.641666666666667,-7.42,,3.521212385907256
2026-05-12,20.11,logs/5-12 20.11/5-12.csv,1.9888,20.1315,196,-1.1561734693877552,-0.78,,4.623842796381759
2026-05-12,20.11,logs/5-12 20.11/5-12.csv,1.9888,22.0675,10,-0.7809999999999999,0.0,,3.9669872419479466
2026-05-12,20.11,logs/5-12 20.11/5-12.csv,2.05,20.1315,17,-3.355294117647059,-4.69,,5.632004658253421
2026-05-12,20.11,logs/5-12 20.11/5-12.csv,2.05,22.0675,331,-0.2057703927492447,0.78,,4.95101375555823
2026-05-12,20.11,logs/5-12 20.11/5-12.csv,2.05,24.2801,219,0.2683561643835616,1.56,,3.840947183581212
2026-05-12,20.11,logs/5-12 20.11/5-12.csv,2.1152,22.0675,2,0.0,0.0,,4.426488450227788
2026-05-12,20.11,logs/5-12 20.11/5-12.csv,2.1152,24.2801,316,-1.4950949367088606,-1.56,,4.042728097108299
2026-05-12,20.11,logs/5-12 20.11/5-12.csv,2.1152,27.4473,206,-1.1940291262135925,-1.56,,3.540794699158163
2026-05-12,20.11,logs/5-12 20.11/5-12.csv,2.1682,24.2801,2,-7.815,-7.815,,2.213244225113894
2026-05-12,20.11,logs/5-12 20.11/5-12.csv,2.1682,27.4473,379,-2.141108179419525,-2.34,,4.548097030558755
2026-05-12,20.11,logs/5-12 20.11/5-12.csv,2.1682,30.9147,135,-1.7005185185185183,-1.56,,3.147778017197215
2026-05-12,20.11,logs/5-12 20.11/5-12.csv,2.253,27.4473,9,-3.644444444444445,-6.25,,7.031991380667199
2026-05-12,20.11,logs/5-12 20.11/5-12.csv,2.253,30.9147,323,-3.521640866873065,-2.34,,3.7103236998379767
2026-05-12,20.11,logs/5-12 20.11/5-12.csv,2.253,33.7314,37,-2.850810810810811,-1.56,,3.4272530127221734
2026-05-12,20.11,logs/5-12 20.11/5-12.csv,2.2849,30.9147,6,-5.208333333333333,-4.685,,4.98371113395095
2026-05-12,20.11,logs/5-12 20.11/5-12.csv,2.2849,33.7314,327,-4.437339449541285,-3.13,,4.010210582005377
2026-05-12,20.11,logs/5-12 20.11/5-12.csv,2.2849,37.5735,45,-3.5762222222222224,-2.34,,3.3048547546745453
2026-05-12,20.11,logs/5-12 20.11/5-12.csv,2.3877,33.7314,6,-6.118333333333333,-7.42,,3.0205854840852737
2026-05-12,20.11,logs/5-12 20.11/5-12.csv,2.3877,37.5735,383,-3.8183812010443865,-3.13,,2.302013230174184
2026-05-12,20.11,logs/5-12 20.11/5-12.csv,2.3877,42.2183,6,-5.598333333333333,-6.25,,2.490288470572569
2026-05-12,20.11,logs/5-12 20.11/5-12.csv,2.449,37.5735,16,-5.175625,-5.08,,2.169605090794175
2026-05-12,20.11,logs/5-12 20.11/5-12.csv,2.449,42.2183,142,-3.3740140845070425,-3.91,,2.584964452300723
2026-05-12,20.11,logs/5-12 20.11/5-12.csv,2.5482,47.3729,14,-3.3521428571428573,-3.13,,0.567859389034192
2026-05-12,20.11,logs/5-12 20.11/5-12.csv,2.5482,50.5261,9,-2.603333333333333,-2.34,,0.3950000000000001
2026-05-12,20.11,logs/5-12 20.11/5-12.csv,2.62,50.5261,11,-3.267272727272727,-3.13,,1.203030264865277
2026-05-12,20.11,logs/5-12 20.11/5-12.csv,2.7327,58.539,5,-1.874,-0.78,,2.44625836738477
2026-05-12,20.11,logs/5-12 20.11/5-12.csv,2.7327,67.1706,3,-0.7799999999999999,-0.78,,0.0
2026-05-12,20.11,logs/5-12 20.11/5-12.csv,2.8274,67.1706,2,-0.78,-0.78,,0.0
2026-06-15,20.17a,logs/6-15/log0001.csv,1.3948,5.3437,1,-7.03,-7.03,,
2026-06-15,20.17a,logs/6-15/log0001.csv,1.4801,5.6028,1,-7.03,-7.03,,
2026-06-15,20.17a,logs/6-15/log0001.csv,1.5473,7.5789,1,-6.25,-6.25,,
2026-06-15,20.17a,logs/6-15/log0001.csv,1.593,7.5789,1,-7.81,-7.81,,
2026-06-15,20.17a,logs/6-15/log0001.csv,1.593,8.1077,1,-6.25,-6.25,,
2026-06-15,20.17a,logs/6-15/log0001.csv,1.6417,7.5789,1,-7.03,-7.03,,
2026-06-15,20.17a,logs/6-15/log0001.csv,1.6417,9.2674,1,-7.81,-7.81,,
2026-06-15,20.17a,logs/6-15/log0001.csv,1.6417,9.9646,6,-2.34,-3.12,,2.8824642235420725
2026-06-15,20.17a,logs/6-15/log0001.csv,1.68,9.2674,1,-7.03,-7.03,,
2026-06-15,20.17a,logs/6-15/log0001.csv,1.68,9.9646,2,-4.295,-4.295,,2.764787514439401
2026-06-15,20.17a,logs/6-15/log0001.csv,1.68,11.0771,8,-4.49125,-3.125,,3.48915232235158
2026-06-15,20.17a,logs/6-15/log0001.csv,1.68,11.8935,3,-4.166666666666667,-3.13,,2.510982543414696
2026-06-15,20.17a,logs/6-15/log0001.csv,1.7451,11.0771,1,-7.81,-7.81,,
2026-06-15,20.17a,logs/6-15/log0001.csv,1.7451,11.8935,35,-3.594,-3.91,,3.728037016983603
2026-06-15,20.17a,logs/6-15/log0001.csv,1.7451,14.2578,18,-3.861666666666667,-3.12,,2.7274168990413745
2026-06-15,20.17a,logs/6-15/log0001.csv,1.81,11.0771,1,-5.470000000000001,-5.470000000000001,,
2026-06-15,20.17a,logs/6-15/log0001.csv,1.81,11.8935,7,-2.0085714285714285,-1.5599999999999996,,2.700422365553387
2026-06-15,20.17a,logs/6-15/log0001.csv,1.81,14.2578,67,-4.326417910447761,-4.69,,3.458476938161591
2026-06-15,20.17a,logs/6-15/log0001.csv,1.81,15.6572,53,-7.21,-6.25,,5.099418141770235
2026-06-15,20.17a,logs/6-15/log0001.csv,1.85,14.2578,4,-3.3175,-3.12,,3.514260235099273
2026-06-15,20.17a,logs/6-15/log0001.csv,1.85,15.6572,481,-7.50977130977131,-3.91,,7.061919780715332
2026-06-15,20.17a,logs/6-15/log0001.csv,1.85,17.5491,153,-6.080392156862745,-3.91,,5.651545420031137
2026-06-15,20.17a,logs/6-15/log0001.csv,1.91,15.6572,3,-4.163333333333333,-3.12,,2.5130525926317846
2026-06-15,20.17a,logs/6-15/log0001.csv,1.91,17.5491,434,-5.4199308755760365,-3.91,,4.960140358292666
2026-06-15,20.17a,logs/6-15/log0001.csv,1.91,19.9302,91,-6.00010989010989,-6.25,,5.250460190308295
2026-06-15,20.17a,logs/6-15/log0001.csv,1.9888,17.5491,12,-6.12,-6.25,,1.8166202384948515
2026-06-15,20.17a,logs/6-15/log0001.csv,1.9888,19.9302,706,-5.467662889518413,-6.25,,4.298034227191569
2026-06-15,20.17a,logs/6-15/log0001.csv,1.9888,22.0675,46,-4.789565217391305,-3.91,,4.516208319435791
2026-06-15,20.17a,logs/6-15/log0001.csv,2.05,19.9302,38,-6.641315789473684,-6.25,,5.4215721122062055
2026-06-15,20.17a,logs/6-15/log0001.csv,2.05,22.0675,666,-4.92033033033033,-4.69,,4.756228955346893
2026-06-15,20.17a,logs/6-15/log0001.csv,2.05,24.2801,182,-2.5186813186813186,-0.7800000000000001,,5.308504426479027
2026-06-15,20.17a,logs/6-15/log0001.csv,2.1152,19.9302,1,-2.34,-2.34,,
2026-06-15,20.17a,logs/6-15/log0001.csv,2.1152,22.0675,10,-6.955,-4.69,,7.479584435871644
2026-06-15,20.17a,logs/6-15/log0001.csv,2.1152,24.2801,380,-5.329315789473685,-6.25,,5.433817111023897
2026-06-15,20.17a,logs/6-15/log0001.csv,2.1152,27.1728,135,-4.37,-3.13,,4.75075170799788
2026-06-15,20.17a,logs/6-15/log0001.csv,2.1682,22.0675,1,-2.34,-2.34,,
2026-06-15,20.17a,logs/6-15/log0001.csv,2.1682,24.2801,4,-5.86,-7.42,,5.721823718594157
2026-06-15,20.17a,logs/6-15/log0001.csv,2.1682,27.1728,336,-5.26110119047619,-6.25,,3.836522559678744
2026-06-15,20.17a,logs/6-15/log0001.csv,2.1682,30.9147,93,-4.643870967741935,-4.69,,3.766602676457944
2026-06-15,20.17a,logs/6-15/log0001.csv,2.253,27.1728,11,-6.746363636363637,-7.81,,4.00231751046134
2026-06-15,20.17a,logs/6-15/log0001.csv,2.253,30.9147,589,-3.2884719864176573,-3.12,,3.8543646574895294
2026-06-15,20.17a,logs/6-15/log0001.csv,2.253,33.0568,100,-3.2960000000000003,-3.12,,3.643263050695853
2026-06-15,20.17a,logs/6-15/log0001.csv,2.2849,30.9147,9,-5.817777777777778,-5.470000000000001,,2.6555026726487108
2026-06-15,20.17a,logs/6-15/log0001.csv,2.2849,33.0568,357,-5.899103641456582,-6.25,,3.520778575621324
2026-06-15,20.17a,logs/6-15/log0001.csv,2.2849,36.822,164,-5.958292682926829,-6.25,,2.910411100292682
2026-06-15,20.17a,logs/6-15/log0001.csv,2.3877,36.822,392,-5.8275765306122445,-6.25,,3.285728263917622
2026-06-15,20.17a,logs/6-15/log0001.csv,2.3877,42.2183,9,-2.864444444444445,-3.9,,4.262725393193628
2026-06-15,20.17a,logs/6-15/log0001.csv,2.449,36.822,21,-4.574761904761904,-3.13,,4.374464103233239
2026-06-15,20.17a,logs/6-15/log0001.csv,2.449,42.2183,176,-3.600511363636364,-3.13,,3.471256712717228
2026-06-15,20.17a,logs/6-15/log0001.csv,2.449,47.3729,10,-6.642999999999999,-5.859999999999999,,3.438976107312562
2026-06-15,20.17a,logs/6-15/log0001.csv,2.5482,42.2183,35,-2.791142857142857,-3.13,,2.682872441584789
2026-06-15,20.17a,logs/6-15/log0001.csv,2.5482,47.3729,196,-3.1607142857142856,-0.78,,3.5693258000169514
2026-06-15,20.17a,logs/6-15/log0001.csv,2.5482,50.5261,5,-3.44,-3.91,,1.5248606493709511
2026-06-15,20.17a,logs/6-15/log0001.csv,2.62,47.3729,1,-3.91,-3.91,,
2026-06-15,20.17a,logs/6-15/log0001.csv,2.62,50.5261,68,-2.3101470588235293,-0.78,,1.8982116427673417
2026-06-15,20.17a,logs/6-15/log0001.csv,2.62,57.3682,6,-2.475,-2.345,,1.8784967394169207
2026-06-15,20.17a,logs/6-15/log0001.csv,2.7327,50.5261,4,-1.76,-1.955,,2.1534004117519188
2026-06-15,20.17a,logs/6-15/log0001.csv,2.7327,57.3682,98,-2.799183673469388,-3.13,,2.2754257213407216
2026-06-15,20.17a,logs/6-15/log0001.csv,2.8274,57.3682,16,-2.73625,-3.13,,1.178314474153653
2026-06-15,20.17a,logs/6-15/log0001.csv,2.8274,73.8877,20,-2.228,-2.735,,1.44240515514156
2026-06-15,20.17a,logs/6-15/log0001.csv,2.9125,73.8877,24,-2.11625,-0.78,,1.851656866747701
2026-06-15,20.17a,logs/6-15/log0001.csv,2.9125,80.0684,9,-2.344444444444445,-0.78,,1.9157055561275007
2026-06-15,20.17a,logs/6-15/log0001.csv,2.99,73.8877,1,-3.91,-3.91,,
2026-06-15,20.17a,logs/6-15/log0001.csv,2.99,80.0684,11,-1.4909090909090907,-0.78,,1.6196817869288678
2026-06-15,20.17a,logs/6-15/log0001.csv,2.99,84.9893,16,-1.5625,-0.78,,1.4841630638174497
2026-06-15,20.17a,logs/6-15/log0001.csv,2.99,90.132,1,-0.78,-0.78,,
2026-06-15,20.17a,logs/6-15/log0001.csv,3.0654,84.9893,3,-1.5633333333333332,-0.78,,1.3567731325956205
2026-06-15,20.17a,logs/6-15/log0001.csv,3.0654,90.132,29,-1.994137931034483,-0.78,,1.6928600423994622
2026-06-15,20.17a,logs/6-15/log0001.csv,3.0654,110.681,1,-3.13,-3.13,,
2026-06-15,20.17a,logs/6-15/log0001.csv,3.1508,90.132,12,-2.1491666666666664,-0.78,,1.7687666906804318
2026-06-15,20.17a,logs/6-15/log0001.csv,3.1508,110.681,13,-1.3815384615384616,-0.78,,1.2429859623358994
2026-06-15,20.17a,logs/6-15/log0001.csv,3.26,110.681,14,-2.4,-2.34,,1.6368778912213433
2026-06-15,20.17a,logs/6-15/log0001.csv,3.26,125.6816,14,-1.002857142857143,-0.78,,0.566492970577999
2026-06-15,20.17a,logs/6-15/log0001.csv,3.408,125.6816,9,-1.4755555555555555,-0.78,,1.3802002672720282
2026-06-15,20.17a,logs/6-15/log0001.csv,3.408,138.5191,7,-2.1214285714285714,-0.78,,1.6730553743717766
2026-06-15,20.17a,logs/6-15/log0001.csv,3.52,138.5191,1,-0.78,-0.78,,
2026-06-15,20.17a,logs/6-15/log0001.csv,3.52,163.451,1,-3.91,-3.91,,
2026-06-13,20.17a,logs/6-13 17a leak fix/log0001.csv,1.3021,5.3437,1,-11.72,-11.72,,
2026-06-13,20.17a,logs/6-13 17a leak fix/log0001.csv,1.45,7.5789,2,-0.7800000000000002,-0.7800000000000002,,13.265323215059633
2026-06-13,20.17a,logs/6-13 17a leak fix/log0001.csv,1.4801,5.3437,1,-11.72,-11.72,,
2026-06-13,20.17a,logs/6-13 17a leak fix/log0001.csv,1.5473,7.5789,2,1.565,1.565,,5.522503961066936
2026-06-13,20.17a,logs/6-13 17a leak fix/log0001.csv,1.5473,8.1077,1,-2.34,-2.34,,
2026-06-13,20.17a,logs/6-13 17a leak fix/log0001.csv,1.6417,9.2674,1,8.6,8.6,,
2026-06-13,20.17a,logs/6-13 17a leak fix/log0001.csv,1.6417,9.9646,10,3.521,8.21,,10.048231961671444
2026-06-13,20.17a,logs/6-13 17a leak fix/log0001.csv,1.6417,11.0771,2,3.5200000000000005,3.5200000000000005,,8.287291475506338
2026-06-13,20.17a,logs/6-13 17a leak fix/log0001.csv,1.68,8.1077,1,-2.34,-2.34,,
2026-06-13,20.17a,logs/6-13 17a leak fix/log0001.csv,1.68,9.2674,1,-3.12,-3.12,,
2026-06-13,20.17a,logs/6-13 17a leak fix/log0001.csv,1.68,11.0771,3,7.296666666666667,10.16,,9.320903032074378
2026-06-13,20.17a,logs/6-13 17a leak fix/log0001.csv,1.7451,7.5789,1,-10.16,-10.16,,
2026-06-13,20.17a,logs/6-13 17a leak fix/log0001.csv,1.7451,11.0771,4,8.600000000000001,8.21,,3.553993059456739
2026-06-13,20.17a,logs/6-13 17a leak fix/log0001.csv,1.7451,11.8935,12,6.384166666666666,3.91,,9.4094396107249
2026-06-13,20.17a,logs/6-13 17a leak fix/log0001.csv,1.7451,14.2578,4,13.09,13.285,,4.7449692657943885
2026-06-13,20.17a,logs/6-13 17a leak fix/log0001.csv,1.81,11.8935,2,0.0,0.0,,17.67766952966369
2026-06-13,20.17a,logs/6-13 17a leak fix/log0001.csv,1.81,14.2578,14,6.310714285714286,7.82,,5.679097252591789
2026-06-13,20.17a,logs/6-13 17a leak fix/log0001.csv,1.81,15.6572,18,6.297777777777778,6.6450000000000005,,2.4787177794305992
2026-06-13,20.17a,logs/6-13 17a leak fix/log0001.csv,1.85,14.2578,3,-4.159999999999999,-2.34,,12.212141499344002
2026-06-13,20.17a,logs/6-13 17a leak fix/log0001.csv,1.85,15.6572,73,3.7068493150684936,5.47,,3.492553139941041
2026-06-13,20.17a,logs/6-13 17a leak fix/log0001.csv,1.85,17.5491,38,4.3618421052631575,5.47,,2.1146156193593884
2026-06-13,20.17a,logs/6-13 17a leak fix/log0001.csv,1.85,19.9302,1,-15.63,-15.63,,
2026-06-13,20.17a,logs/6-13 17a leak fix/log0001.csv,1.91,11.8935,1,-8.59,-8.59,,
2026-06-13,20.17a,logs/6-13 17a leak fix/log0001.csv,1.91,14.2578,1,5.47,5.47,,
2026-06-13,20.17a,logs/6-13 17a leak fix/log0001.csv,1.91,15.6572,5,5.162000000000001,7.040000000000001,,6.645466123606379
2026-06-13,20.17a,logs/6-13 17a leak fix/log0001.csv,1.91,17.5491,52,3.969807692307693,4.69,,3.855600200159385
2026-06-13,20.17a,logs/6-13 17a leak fix/log0001.csv,1.91,19.9302,100,0.0192,1.9600000000000004,,5.040230810812401
2026-06-13,20.17a,logs/6-13 17a leak fix/log0001.csv,1.91,22.0675,1,-7.81,-7.81,,
2026-06-13,20.17a,logs/6-13 17a leak fix/log0001.csv,1.9888,11.8935,1,-11.72,-11.72,,
2026-06-13,20.17a,logs/6-13 17a leak fix/log0001.csv,1.9888,17.5491,2,-0.7749999999999999,-0.7749999999999999,,2.2132442251138937
2026-06-13,20.17a,logs/6-13 17a leak fix/log0001.csv,1.9888,19.9302,259,0.871930501930502,2.3500000000000005,,5.180944451159848
2026-06-13,20.17a,logs/6-13 17a leak fix/log0001.csv,1.9888,22.0675,65,3.597230769230769,4.69,,4.110851306182026
2026-06-13,20.17a,logs/6-13 17a leak fix/log0001.csv,2.05,19.9302,8,2.9337500000000003,3.91,,4.775287388509423
2026-06-13,20.17a,logs/6-13 17a leak fix/log0001.csv,2.05,22.0675,176,1.0548863636363637,3.52,,5.972383107856777
2026-06-13,20.17a,logs/6-13 17a leak fix/log0001.csv,2.05,24.2801,45,1.652222222222222,5.47,,6.0920805107528695
2026-06-13,20.17a,logs/6-13 17a leak fix/log0001.csv,2.1152,22.0675,2,4.3,4.3,,6.081118318204308
2026-06-13,20.17a,logs/6-13 17a leak fix/log0001.csv,2.1152,24.2801,124,-1.5041129032258065,-3.12,,5.260306648469241
2026-06-13,20.17a,logs/6-13 17a leak fix/log0001.csv,2.1152,27.1728,56,-3.235357142857143,-5.47,,5.5065986744122695
2026-06-13,20.17a,logs/6-13 17a leak fix/log0001.csv,2.1152,33.0568,1,-11.72,-11.72,,
2026-06-13,20.17a,logs/6-13 17a leak fix/log0001.csv,2.1682,22.0675,1,-3.9,-3.9,,
2026-06-13,20.17a,logs/6-13 17a leak fix/log0001.csv,2.1682,24.2801,2,-1.95,-1.95,,9.39037805415735
2026-06-13,20.17a,logs/6-13 17a leak fix/log0001.csv,2.1682,27.1728,229,-2.6352401746724894,-2.35,,4.629099184748427
2026-06-13,20.17a,logs/6-13 17a leak fix/log0001.csv,2.1682,30.9147,66,-2.5662121212121214,-1.5599999999999998,,3.216682364057016
2026-06-13,20.17a,logs/6-13 17a leak fix/log0001.csv,2.253,24.2801,1,-4.68,-4.68,,
2026-06-13,20.17a,logs/6-13 17a leak fix/log0001.csv,2.253,27.1728,8,0.5887500000000001,0.0,,2.462625993876108
2026-06-13,20.17a,logs/6-13 17a leak fix/log0001.csv,2.253,30.9147,338,-0.1537278106508874,0.3899999999999999,,4.4445602076072985
2026-06-13,20.17a,logs/6-13 17a leak fix/log0001.csv,2.253,33.0568,55,-2.213090909090909,-1.5599999999999998,,3.415640969470186
2026-06-13,20.17a,logs/6-13 17a leak fix/log0001.csv,2.253,36.822,2,-11.72,-11.72,,4.426488450227788
2026-06-13,20.17a,logs/6-13 17a leak fix/log0001.csv,2.2849,15.6572,1,-9.38,-9.38,,
2026-06-13,20.17a,logs/6-13 17a leak fix/log0001.csv,2.2849,24.2801,1,-11.72,-11.72,,
2026-06-13,20.17a,logs/6-13 17a leak fix/log0001.csv,2.2849,27.1728,1,-3.12,-3.12,,
2026-06-13,20.17a,logs/6-13 17a leak fix/log0001.csv,2.2849,30.9147,4,-8.790000000000001,-8.985,,1.336986661613845
2026-06-13,20.17a,logs/6-13 17a leak fix/log0001.csv,2.2849,33.0568,287,-2.831080139372822,-2.34,,2.8310137829070654
2026-06-13,20.17a,logs/6-13 17a leak fix/log0001.csv,2.2849,36.822,33,-2.743333333333333,-1.5599999999999998,,4.484511307452203
2026-06-13,20.17a,logs/6-13 17a leak fix/log0001.csv,2.3877,27.1728,1,-2.34,-2.34,,
2026-06-13,20.17a,logs/6-13 17a leak fix/log0001.csv,2.3877,33.0568,1,5.47,5.47,,
2026-06-13,20.17a,logs/6-13 17a leak fix/log0001.csv,2.3877,36.822,241,2.723858921161826,3.91,,5.8398955153336285
2026-06-13,20.17a,logs/6-13 17a leak fix/log0001.csv,2.3877,42.2183,7,0.2271428571428572,0.78,,2.1505946021640487
2026-06-13,20.17a,logs/6-13 17a leak fix/log0001.csv,2.449,22.0675,1,-2.34,-2.34,,
2026-06-13,20.17a,logs/6-13 17a leak fix/log0001.csv,2.449,36.822,11,-1.843636363636364,-1.56,,4.895588366534248
2026-06-13,20.17a,logs/6-13 17a leak fix/log0001.csv,2.449,42.2183,119,-1.5152100840336136,-0.78,,4.119679074373349
2026-06-13,20.17a,logs/6-13 17a leak fix/log0001.csv,2.449,47.3729,1,-20.31,-20.31,,
2026-06-13,20.17a,logs/6-13 17a leak fix/log0001.csv,2.5482,30.9147,1,-2.34,-2.34,,
2026-06-13,20.17a,logs/6-13 17a leak fix/log0001.csv,2.5482,42.2183,7,-5.355714285714286,-4.69,,4.949245252705564
2026-06-13,20.17a,logs/6-13 17a leak fix/log0001.csv,2.5482,47.3729,27,-2.603333333333333,-0.78,,5.847162362403467
2026-06-13,20.17a,logs/6-13 17a leak fix/log0001.csv,2.5482,50.5261,5,-3.436,-0.78,,5.513318419971769
2026-06-13,20.17a,logs/6-13 17a leak fix/log0001.csv,2.62,42.2183,1,-14.06,-14.06,,
2026-06-13,20.17a,logs/6-13 17a leak fix/log0001.csv,2.62,50.5261,31,-2.040645161290323,-0.78,,2.843588033317381
2026-06-13,20.17a,logs/6-13 17a leak fix/log0001.csv,2.62,57.3682,1,-0.78,-0.78,,
2026-06-13,20.17a,logs/6-13 17a leak fix/log0001.csv,2.7327,50.5261,4,-1.17,-0.78,,0.7799999999999999
2026-06-13,20.17a,logs/6-13 17a leak fix/log0001.csv,2.7327,57.3682,81,-1.214320987654321,-0.78,,1.8976788046661133
2026-06-13,20.17a,logs/6-13 17a leak fix/log0001.csv,2.8274,42.2183,1,-8.59,-8.59,,
2026-06-13,20.17a,logs/6-13 17a leak fix/log0001.csv,2.8274,50.5261,1,-13.28,-13.28,,
2026-06-13,20.17a,logs/6-13 17a leak fix/log0001.csv,2.8274,57.3682,12,-1.0408333333333333,-0.78,,0.9035531712817644
2026-06-13,20.17a,logs/6-13 17a leak fix/log0001.csv,2.8274,73.8877,21,-1.227142857142857,-0.78,,1.1223196641649955
2026-06-13,20.17a,logs/6-13 17a leak fix/log0001.csv,2.9125,57.3682,1,-2.34,-2.34,,
2026-06-13,20.17a,logs/6-13 17a leak fix/log0001.csv,2.9125,73.8877,32,-1.07375,-0.78,,0.7896252684128903
2026-06-13,20.17a,logs/6-13 17a leak fix/log0001.csv,2.9125,80.0684,7,-0.78,-0.78,,0.0
2026-06-13,20.17a,logs/6-13 17a leak fix/log0001.csv,2.99,80.0684,3,-1.5633333333333332,-0.78,,1.3567731325956205
2026-06-13,20.17a,logs/6-13 17a leak fix/log0001.csv,2.99,84.9893,4,-3.5175,-3.13,,2.5904874058755816
2026-06-13,20.17a,logs/6-13 17a leak fix/log0001.csv,3.0654,84.9893,1,-0.78,-0.78,,
2026-06-13,20.17a,logs/6-13 17a leak fix/log0001.csv,3.0654,90.132,12,-2.4758333333333336,-3.13,,1.850977424022893
2026-06-13,20.17a,logs/6-13 17a leak fix/log0001.csv,3.1508,90.132,7,-1.6742857142857142,-0.78,,1.1460345710733328
2026-06-13,20.17a,logs/6-13 17a leak fix/log0001.csv,3.1508,110.681,6,-1.3,-0.78,,0.8055805360111425
2026-06-13,20.17a,logs/6-13 17a leak fix/log0001.csv,3.26,110.681,9,-1.1266666666666667,-0.78,,0.6878953408767934
2026-06-13,20.17a,logs/6-13 17a leak fix/log0001.csv,3.26,125.6816,3,-0.7799999999999999,-0.78,,0.0
2026-06-13,20.17a,logs/6-13 17a leak fix/log0001.csv,3.408,125.6816,1,-0.78,-0.78,,
2026-06-13,20.17a,logs/6-13 17a leak fix/log0001.csv,3.408,138.5191,6,-0.7799999999999999,-0.78,,0.0
2026-06-13,20.17a,logs/6-13 17a leak fix/log0001.csv,3.52,163.451,4,-0.78,-0.78,,0.0
2026-06-13,20.17a,logs/6-13 17a leak fix/log0001.csv,3.52,172.4018,2,-0.78,-0.78,,0.0
2026-06-13,20.17a,logs/6-13 17a leak fix/log0001.csv,3.6137,172.4018,3,-0.7799999999999999,-0.78,,0.0
2026-06-14,20.17a,logs/6-13 17a leak fix/log0002.csv,1.28,4.3333,1,-7.03,-7.03,,
2026-06-14,20.17a,logs/6-13 17a leak fix/log0002.csv,1.3628,4.3333,1,-7.03,-7.03,,
2026-06-14,20.17a,logs/6-13 17a leak fix/log0002.csv,1.3628,5.6028,1,-7.81,-7.81,,
2026-06-14,20.17a,logs/6-13 17a leak fix/log0002.csv,1.45,5.6028,1,-7.81,-7.81,,
2026-06-14,20.17a,logs/6-13 17a leak fix/log0002.csv,1.45,6.4361,1,-0.7799999999999998,-0.7799999999999998,,
2026-06-14,20.17a,logs/6-13 17a leak fix/log0002.csv,1.4801,7.5789,1,-6.25,-6.25,,
2026-06-14,20.17a,logs/6-13 17a leak fix/log0002.csv,1.5473,7.5789,2,-2.73,-2.73,,0.5515432893255072
2026-06-14,20.17a,logs/6-13 17a leak fix/log0002.csv,1.593,5.3437,1,-6.25,-6.25,,
2026-06-14,20.17a,logs/6-13 17a leak fix/log0002.csv,1.593,9.2674,1,-10.15,-10.15,,
2026-06-14,20.17a,logs/6-13 17a leak fix/log0002.csv,1.6417,8.1077,1,-6.25,-6.25,,
2026-06-14,20.17a,logs/6-13 17a leak fix/log0002.csv,1.6417,9.2674,1,-6.25,-6.25,,
2026-06-14,20.17a,logs/6-13 17a leak fix/log0002.csv,1.6417,9.9646,4,-4.2925,-2.34,,3.905
2026-06-14,20.17a,logs/6-13 17a leak fix/log0002.csv,1.68,9.9646,1,-7.03,-7.03,,
2026-06-14,20.17a,logs/6-13 17a leak fix/log0002.csv,1.68,11.0771,3,-2.08,-2.34,,0.4503332099679082
2026-06-14,20.17a,logs/6-13 17a leak fix/log0002.csv,1.68,11.8935,1,-2.34,-2.34,,
2026-06-14,20.17a,logs/6-13 17a leak fix/log0002.csv,1.7451,8.1077,1,-7.81,-7.81,,
2026-06-14,20.17a,logs/6-13 17a leak fix/log0002.csv,1.7451,11.0771,2,-5.074999999999999,-5.074999999999999,,3.867874093090415
2026-06-14,20.17a,logs/6-13 17a leak fix/log0002.csv,1.7451,11.8935,33,-5.0618181818181816,-3.9,,3.1442571206739904
2026-06-14,20.17a,logs/6-13 17a leak fix/log0002.csv,1.7451,14.2578,18,-8.026111111111112,-8.2,,2.2229819371309465
2026-06-14,20.17a,logs/6-13 17a leak fix/log0002.csv,1.81,11.8935,2,-4.6850000000000005,-4.6850000000000005,,3.3163308037649086
2026-06-14,20.17a,logs/6-13 17a leak fix/log0002.csv,1.81,14.2578,38,-5.671842105263158,-7.03,,3.9998005729091166
2026-06-14,20.17a,logs/6-13 17a leak fix/log0002.csv,1.81,15.6572,27,-5.292222222222222,-3.9,,4.326000403048929
2026-06-14,20.17a,logs/6-13 17a leak fix/log0002.csv,1.85,11.8935,1,-3.12,-3.12,,
2026-06-14,20.17a,logs/6-13 17a leak fix/log0002.csv,1.85,15.6572,61,-5.248032786885246,-3.9,,3.831894579131032
2026-06-14,20.17a,logs/6-13 17a leak fix/log0002.csv,1.85,17.5491,38,-5.7134210526315785,-5.47,,2.8268187413241703
2026-06-14,20.17a,logs/6-13 17a leak fix/log0002.csv,1.91,11.8935,1,-0.7799999999999998,-0.7799999999999998,,
2026-06-14,20.17a,logs/6-13 17a leak fix/log0002.csv,1.91,14.2578,2,-4.295,-4.295,,2.764787514439401
2026-06-14,20.17a,logs/6-13 17a leak fix/log0002.csv,1.91,15.6572,1,-8.59,-8.59,,
2026-06-14,20.17a,logs/6-13 17a leak fix/log0002.csv,1.91,17.5491,66,-5.596969696969697,-5.47,,1.8426903155624383
2026-06-14,20.17a,logs/6-13 17a leak fix/log0002.csv,1.91,19.9302,8,-6.24875,-6.64,,1.2534573615176776
2026-06-14,20.17a,logs/6-13 17a leak fix/log0002.csv,1.9888,17.5491,2,-5.470000000000001,-5.470000000000001,,4.426488450227788
2026-06-14,20.17a,logs/6-13 17a leak fix/log0002.csv,1.9888,19.9302,66,-5.301363636363636,-5.47,,2.2838832560515714
2026-06-14,20.17a,logs/6-13 17a leak fix/log0002.csv,1.9888,22.0675,4,-6.052499999999999,-6.25,,3.514260235099273
2026-06-14,20.17a,logs/6-13 17a leak fix/log0002.csv,2.05,15.6572,1,-2.34,-2.34,,
2026-06-14,20.17a,logs/6-13 17a leak fix/log0002.csv,2.05,17.5491,1,-2.34,-2.34,,
2026-06-14,20.17a,logs/6-13 17a leak fix/log0002.csv,2.05,19.9302,3,-5.206666666666667,-6.25,,2.513052592631785
2026-06-14,20.17a,logs/6-13 17a leak fix/log0002.csv,2.05,22.0675,72,-4.435972222222222,-5.47,,3.8766780681774367
2026-06-14,20.17a,logs/6-13 17a leak fix/log0002.csv,2.05,24.2801,26,-4.627307692307692,-5.470000000000001,,3.5224929327875825
2026-06-14,20.17a,logs/6-13 17a leak fix/log0002.csv,2.1152,15.6572,1,-2.34,-2.34,,
2026-06-14,20.17a,logs/6-13 17a leak fix/log0002.csv,2.1152,19.9302,1,-2.34,-2.34,,
2026-06-14,20.17a,logs/6-13 17a leak fix/log0002.csv,2.1152,22.0675,2,-5.859999999999999,-5.859999999999999,,1.654629867976522
2026-06-14,20.17a,logs/6-13 17a leak fix/log0002.csv,2.1152,24.2801,87,-3.536436781609196,-4.69,,5.015193422273704
2026-06-14,20.17a,logs/6-13 17a leak fix/log0002.csv,2.1152,27.1728,55,-1.473818181818182,-2.34,,6.307395861916594
2026-06-14,20.17a,logs/6-13 17a leak fix/log0002.csv,2.1682,15.6572,1,-7.81,-7.81,,
2026-06-14,20.17a,logs/6-13 17a leak fix/log0002.csv,2.1682,19.9302,1,-7.81,-7.81,,
2026-06-14,20.17a,logs/6-13 17a leak fix/log0002.csv,2.1682,24.2801,2,-5.859999999999999,-5.859999999999999,,4.978031739553294
2026-06-14,20.17a,logs/6-13 17a leak fix/log0002.csv,2.1682,27.1728,110,-4.337727272727273,-4.69,,4.991809743178661
2026-06-14,20.17a,logs/6-13 17a leak fix/log0002.csv,2.1682,30.9147,46,-5.230652173913043,-4.69,,3.802571879471935
2026-06-14,20.17a,logs/6-13 17a leak fix/log0002.csv,2.253,24.2801,1,-7.81,-7.81,,
2026-06-14,20.17a,logs/6-13 17a leak fix/log0002.csv,2.253,27.1728,6,-7.03,-6.640000000000001,,4.282097616822858
2026-06-14,20.17a,logs/6-13 17a leak fix/log0002.csv,2.253,30.9147,120,-6.691666666666666,-7.029999999999999,,3.967399786311656
2026-06-14,20.17a,logs/6-13 17a leak fix/log0002.csv,2.253,33.0568,16,-10.496875,-11.72,,4.183519600766799
2026-06-14,20.17a,logs/6-13 17a leak fix/log0002.csv,2.2849,30.9147,5,-9.374,-10.15,,3.0753097404976955
2026-06-14,20.17a,logs/6-13 17a leak fix/log0002.csv,2.2849,33.0568,109,-8.936697247706423,-9.37,,3.8315394486265233
2026-06-14,20.17a,logs/6-13 17a leak fix/log0002.csv,2.2849,36.822,63,-6.321904761904762,-6.25,,3.814296052731119
2026-06-14,20.17a,logs/6-13 17a leak fix/log0002.csv,2.3877,36.822,182,-6.154010989010989,-6.25,,3.812908267771744
2026-06-14,20.17a,logs/6-13 17a leak fix/log0002.csv,2.3877,42.2183,21,-3.273333333333333,-3.9,,2.645169811814231
2026-06-14,20.17a,logs/6-13 17a leak fix/log0002.csv,2.449,24.2801,1,-0.7799999999999998,-0.7799999999999998,,
2026-06-14,20.17a,logs/6-13 17a leak fix/log0002.csv,2.449,36.822,4,-5.27,-5.855,,4.19965871629271
2026-06-14,20.17a,logs/6-13 17a leak fix/log0002.csv,2.449,42.2183,218,-5.4820183486238525,-6.25,,2.793894851646729
2026-06-14,20.17a,logs/6-13 17a leak fix/log0002.csv,2.449,47.3729,3,-3.123333333333333,-0.78,,4.058772392403069
2026-06-14,20.17a,logs/6-13 17a leak fix/log0002.csv,2.5482,30.9147,1,-1.56,-1.56,,
2026-06-14,20.17a,logs/6-13 17a leak fix/log0002.csv,2.5482,42.2183,6,-5.8566666666666665,-7.81,,4.035451234579185
2026-06-14,20.17a,logs/6-13 17a leak fix/log0002.csv,2.5482,47.3729,77,-1.845064935064935,-0.78,,2.5217567098399263
2026-06-14,20.17a,logs/6-13 17a leak fix/log0002.csv,2.5482,50.5261,1,-0.78,-0.78,,
2026-06-14,20.17a,logs/6-13 17a leak fix/log0002.csv,2.62,33.0568,1,-2.34,-2.34,,
2026-06-14,20.17a,logs/6-13 17a leak fix/log0002.csv,2.62,50.5261,33,-1.158787878787879,-0.78,,1.5144115143673746
2026-06-14,20.17a,logs/6-13 17a leak fix/log0002.csv,2.62,57.3682,6,-1.5599999999999998,-1.17,,0.9866306299725344
2026-06-14,20.17a,logs/6-13 17a leak fix/log0002.csv,2.7327,42.2183,1,-2.34,-2.34,,
2026-06-14,20.17a,logs/6-13 17a leak fix/log0002.csv,2.7327,47.3729,1,-2.34,-2.34,,
2026-06-14,20.17a,logs/6-13 17a leak fix/log0002.csv,2.7327,50.5261,4,0.5874999999999999,-0.78,,2.735
2026-06-14,20.17a,logs/6-13 17a leak fix/log0002.csv,2.7327,57.3682,22,-1.205909090909091,-0.78,,1.2229108875797283
2026-06-14,20.17a,logs/6-13 17a leak fix/log0002.csv,2.7327,73.8877,1,-2.34,-2.34,,
2026-06-14,20.17a,logs/6-13 17a leak fix/log0002.csv,2.8274,50.5261,2,-2.34,-2.34,,0.0
2026-06-14,20.17a,logs/6-13 17a leak fix/log0002.csv,2.8274,57.3682,4,-0.975,-0.78,,0.3899999999999999
2026-06-14,20.17a,logs/6-13 17a leak fix/log0002.csv,2.8274,73.8877,9,-1.1266666666666667,-0.78,,0.6878953408767935
2026-06-14,20.17a,logs/6-13 17a leak fix/log0002.csv,2.9125,73.8877,11,-1.1345454545454543,-0.78,,0.8078658754566085
2026-06-14,20.17a,logs/6-13 17a leak fix/log0002.csv,2.9125,80.0684,2,-1.17,-1.17,,0.5515432893255069
2026-06-14,20.17a,logs/6-13 17a leak fix/log0002.csv,2.99,73.8877,1,-1.5599999999999998,-1.5599999999999998,,
2026-06-14,20.17a,logs/6-13 17a leak fix/log0002.csv,2.99,80.0684,1,-0.78,-0.78,,
2026-06-14,20.17a,logs/6-13 17a leak fix/log0002.csv,2.99,84.9893,3,-0.7799999999999999,-0.78,,0.0
2026-06-14,20.17a,logs/6-13 17a leak fix/log0002.csv,3.0654,84.9893,1,-0.78,-0.78,,
2026-06-14,20.17a,logs/6-13 17a leak fix/log0002.csv,3.0654,90.132,2,-0.78,-0.78,,0.0
2026-06-14,20.17a,logs/6-13 17a leak fix/log0002.csv,3.1508,90.132,3,-0.7799999999999999,-0.78,,0.0
2026-06-14,20.17a,logs/6-13 17a leak fix/log0002.csv,3.1508,110.681,2,-0.78,-0.78,,0.0
2026-06-14,20.17a,logs/6-13 17a leak fix/log0002.csv,3.26,110.681,4,-0.78,-0.78,,0.0
2026-06-14,20.17a,logs/6-13 17a leak fix/log0002.csv,3.26,125.6816,1,-0.78,-0.78,,
2026-06-14,20.17a,logs/6-13 17a leak fix/log0002.csv,3.408,125.6816,1,-0.78,-0.78,,
2026-06-14,20.17a,logs/6-13 17a leak fix/log0003.csv,1.4801,5.6028,1,-8.600000000000001,-8.600000000000001,,
2026-06-14,20.17a,logs/6-13 17a leak fix/log0003.csv,1.4801,6.4361,1,-1.5599999999999998,-1.5599999999999998,,
2026-06-14,20.17a,logs/6-13 17a leak fix/log0003.csv,1.5473,7.5789,1,2.3500000000000005,2.3500000000000005,,
2026-06-14,20.17a,logs/6-13 17a leak fix/log0003.csv,1.593,8.1077,1,-2.34,-2.34,,
2026-06-14,20.17a,logs/6-13 17a leak fix/log0003.csv,1.593,9.2674,1,-2.34,-2.34,,
2026-06-14,20.17a,logs/6-13 17a leak fix/log0003.csv,1.6417,9.9646,4,-1.7525,-3.12,,3.8983361835531833
2026-06-14,20.17a,logs/6-13 17a leak fix/log0003.csv,1.68,7.5789,1,-8.600000000000001,-8.600000000000001,,
2026-06-14,20.17a,logs/6-13 17a leak fix/log0003.csv,1.68,9.2674,1,2.3500000000000005,2.3500000000000005,,
2026-06-14,20.17a,logs/6-13 17a leak fix/log0003.csv,1.68,9.9646,2,-2.73,-2.73,,0.5515432893255072
2026-06-14,20.17a,logs/6-13 17a leak fix/log0003.csv,1.68,11.0771,6,-2.6,-2.34,,3.3760035545004983
2026-06-14,20.17a,logs/6-13 17a leak fix/log0003.csv,1.68,11.8935,6,-2.34,-2.34,,1.6361418031454364
2026-06-14,20.17a,logs/6-13 17a leak fix/log0003.csv,1.7451,11.8935,22,-2.7668181818181816,-2.73,,2.333979610560217
2026-06-14,20.17a,logs/6-13 17a leak fix/log0003.csv,1.7451,14.2578,15,-2.394,-2.34,,2.158745667544664
2026-06-14,20.17a,logs/6-13 17a leak fix/log0003.csv,1.81,14.2578,84,-3.605476190476191,-4.29,,2.6182420317410826
2026-06-14,20.17a,logs/6-13 17a leak fix/log0003.csv,1.81,15.6572,206,-4.27757281553398,-4.68,,3.0933489519571618
2026-06-14,20.17a,logs/6-13 17a leak fix/log0003.csv,1.85,9.2674,1,-2.34,-2.34,,
2026-06-14,20.17a,logs/6-13 17a leak fix/log0003.csv,1.85,14.2578,1,-2.34,-2.34,,
2026-06-14,20.17a,logs/6-13 17a leak fix/log0003.csv,1.85,15.6572,440,-3.939681818181818,-3.9,,1.801849439311335
2026-06-14,20.17a,logs/6-13 17a leak fix/log0003.csv,1.85,17.5491,132,-3.984242424242424,-3.9,,1.4684229070372177
2026-06-14,20.17a,logs/6-13 17a leak fix/log0003.csv,1.91,11.8935,1,-2.34,-2.34,,
2026-06-14,20.17a,logs/6-13 17a leak fix/log0003.csv,1.91,15.6572,2,4.69,4.69,,2.2061731573020285
2026-06-14,20.17a,logs/6-13 17a leak fix/log0003.csv,1.91,17.5491,65,-3.8549230769230767,-2.34,,2.43608364175276
2026-06-14,20.17a,logs/6-13 17a leak fix/log0003.csv,1.91,19.9302,17,-3.488235294117647,-3.9,,2.296737455865705
2026-06-14,20.17a,logs/6-13 17a leak fix/log0003.csv,1.9888,17.5491,1,-2.34,-2.34,,
2026-06-14,20.17a,logs/6-13 17a leak fix/log0003.csv,1.9888,19.9302,126,-2.427063492063492,-2.34,,3.64882579851882
2026-06-14,20.17a,logs/6-13 17a leak fix/log0003.csv,1.9888,22.0675,14,-3.0678571428571426,-3.51,,2.241140432806574
2026-06-14,20.17a,logs/6-13 17a leak fix/log0003.csv,2.05,15.6572,1,-2.34,-2.34,,
2026-06-14,20.17a,logs/6-13 17a leak fix/log0003.csv,2.05,19.9302,5,-2.028,-2.34,,2.5103127295219614
2026-06-14,20.17a,logs/6-13 17a leak fix/log0003.csv,2.05,22.0675,283,-1.7398586572438162,-0.7799999999999998,,2.3743648604605143
2026-06-14,20.17a,logs/6-13 17a leak fix/log0003.csv,2.05,24.2801,129,-0.645891472868217,0.0,,2.354862194881018
2026-06-14,20.17a,logs/6-13 17a leak fix/log0003.csv,2.05,33.0568,1,-7.81,-7.81,,
2026-06-14,20.17a,logs/6-13 17a leak fix/log0003.csv,2.1152,15.6572,1,-3.12,-3.12,,
2026-06-14,20.17a,logs/6-13 17a leak fix/log0003.csv,2.1152,22.0675,1,-4.69,-4.69,,
2026-06-14,20.17a,logs/6-13 17a leak fix/log0003.csv,2.1152,24.2801,115,-2.1861739130434783,-1.56,,3.264816316965479
2026-06-14,20.17a,logs/6-13 17a leak fix/log0003.csv,2.1152,27.1728,57,-1.0256140350877194,-0.78,,3.601339541230189
2026-06-14,20.17a,logs/6-13 17a leak fix/log0003.csv,2.1682,19.9302,1,2.3500000000000005,2.3500000000000005,,
2026-06-14,20.17a,logs/6-13 17a leak fix/log0003.csv,2.1682,24.2801,2,-8.205,-8.205,,2.764787514439401
2026-06-14,20.17a,logs/6-13 17a leak fix/log0003.csv,2.1682,27.1728,123,-2.944878048780488,-2.34,,3.1839658139933174
2026-06-14,20.17a,logs/6-13 17a leak fix/log0003.csv,2.1682,30.9147,98,-1.696326530612245,-0.78,,1.9874774914138016
2026-06-14,20.17a,logs/6-13 17a leak fix/log0003.csv,2.1682,33.0568,1,-13.28,-13.28,,
2026-06-14,20.17a,logs/6-13 17a leak fix/log0003.csv,2.1682,36.822,1,-3.12,-3.12,,
2026-06-14,20.17a,logs/6-13 17a leak fix/log0003.csv,2.253,11.8935,1,-8.600000000000001,-8.600000000000001,,
2026-06-14,20.17a,logs/6-13 17a leak fix/log0003.csv,2.253,27.1728,1,-3.13,-3.13,,
2026-06-14,20.17a,logs/6-13 17a leak fix/log0003.csv,2.253,30.9147,98,-3.0670408163265304,-2.34,,3.1815230772540937
2026-06-14,20.17a,logs/6-13 17a leak fix/log0003.csv,2.253,33.0568,32,-5.443125,-5.86,,2.0392273006879265
2026-06-14,20.17a,logs/6-13 17a leak fix/log0003.csv,2.2849,17.5491,1,-2.34,-2.34,,
2026-06-14,20.17a,logs/6-13 17a leak fix/log0003.csv,2.2849,24.2801,2,-5.470000000000001,-5.470000000000001,,4.426488450227788
2026-06-14,20.17a,logs/6-13 17a leak fix/log0003.csv,2.2849,30.9147,1,-3.12,-3.12,,
2026-06-14,20.17a,logs/6-13 17a leak fix/log0003.csv,2.2849,33.0568,126,-3.760238095238095,-3.9,,1.5768081503014693
2026-06-14,20.17a,logs/6-13 17a leak fix/log0003.csv,2.2849,36.822,29,-3.470344827586207,-3.12,,1.8978530779327256
2026-06-14,20.17a,logs/6-13 17a leak fix/log0003.csv,2.3877,36.822,9,-5.206666666666667,-2.34,,6.089121447302559
2026-06-14,20.17a,logs/6-13 17a leak fix/log0003.csv,2.3877,42.2183,1,-9.37,-9.37,,
2026-06-14,20.17a,logs/6-13 17a leak fix/log0003.csv,2.449,36.822,2,-3.51,-3.51,,7.184204896855323
2026-06-14,20.17a,logs/6-13 17a leak fix/log0003.csv,2.449,42.2183,11,-1.9163636363636365,-0.78,,4.0355427707491165
2026-06-14,20.17a,logs/6-13 17a leak fix/log0003.csv,2.449,47.3729,2,-3.51,-3.51,,1.654629867976521
2026-06-14,20.17a,logs/6-13 17a leak fix/log0003.csv,2.5482,42.2183,1,-3.12,-3.12,,
2026-06-14,20.17a,logs/6-13 17a leak fix/log0003.csv,2.5482,50.5261,2,-2.34,-2.34,,0.0
2026-06-14,20.17a,logs/6-13 17a leak fix/log0003.csv,2.7327,42.2183,1,-2.34,-2.34,,
2026-06-14,20.17a,logs/6-13 17a leak fix/log0003.csv,2.7327,47.3729,1,-2.34,-2.34,,
2026-06-14,20.17a,logs/6-13 17a leak fix/log0003.csv,2.7327,50.5261,1,-2.34,-2.34,,
2026-06-14,20.17a,logs/6-13 17a leak fix/log0003.csv,2.7327,57.3682,2,-2.34,-2.34,,0.0
2026-06-14,20.17a,logs/6-13 17a leak fix/log0003.csv,2.8274,73.8877,1,-2.34,-2.34,,
2026-06-14,20.17a,logs/6-13 17a leak fix/log0004.csv,1.4801,7.5789,2,-7.419999999999999,-7.419999999999999,,9.39037805415735
2026-06-14,20.17a,logs/6-13 17a leak fix/log0004.csv,1.5473,7.5789,3,-11.196666666666664,-14.06,,4.959438812338885
2026-06-14,20.17a,logs/6-13 17a leak fix/log0004.csv,1.593,9.2674,1,-14.06,-14.06,,
2026-06-14,20.17a,logs/6-13 17a leak fix/log0004.csv,1.6417,8.1077,1,-0.7799999999999994,-0.7799999999999994,,
2026-06-14,20.17a,logs/6-13 17a leak fix/log0004.csv,1.6417,9.2674,3,-7.033333333333332,-5.47,,6.390073030359929
2026-06-14,20.17a,logs/6-13 17a leak fix/log0004.csv,1.6417,9.9646,3,-11.98,-11.72,,1.1914696806885192
2026-06-14,20.17a,logs/6-13 17a leak fix/log0004.csv,1.6417,11.0771,5,-8.44,-8.6,,2.0234253136698683
2026-06-14,20.17a,logs/6-13 17a leak fix/log0004.csv,1.68,11.0771,4,-2.3425,-3.905,,4.421774719122026
2026-06-14,20.17a,logs/6-13 17a leak fix/log0004.csv,1.68,11.8935,1,-4.69,-4.69,,
2026-06-14,20.17a,logs/6-13 17a leak fix/log0004.csv,1.7451,9.9646,1,-1.5699999999999998,-1.5699999999999998,,
2026-06-14,20.17a,logs/6-13 17a leak fix/log0004.csv,1.7451,11.0771,3,-5.21,-5.47,,8.992819357687557
2026-06-14,20.17a,logs/6-13 17a leak fix/log0004.csv,1.7451,11.8935,13,-3.3061538461538458,-4.69,,2.961864667349322
2026-06-14,20.17a,logs/6-13 17a leak fix/log0004.csv,1.7451,14.2578,7,-2.4571428571428564,-5.47,,3.757693061288687
2026-06-14,20.17a,logs/6-13 17a leak fix/log0004.csv,1.81,11.8935,1,-16.41,-16.41,,
2026-06-14,20.17a,logs/6-13 17a leak fix/log0004.csv,1.81,14.2578,31,-2.521612903225806,-3.13,,3.057676783413832
2026-06-14,20.17a,logs/6-13 17a leak fix/log0004.csv,1.81,15.6572,6,-3.26,-1.18,,3.8704935085851777
2026-06-14,20.17a,logs/6-13 17a leak fix/log0004.csv,1.85,14.2578,3,-3.1300000000000003,-3.13,,2.34
2026-06-14,20.17a,logs/6-13 17a leak fix/log0004.csv,1.85,15.6572,65,-4.557692307692308,-3.91,,5.776590357109128
2026-06-14,20.17a,logs/6-13 17a leak fix/log0004.csv,1.85,17.5491,34,-3.653823529411764,-2.34,,5.378448021449087
2026-06-14,20.17a,logs/6-13 17a leak fix/log0004.csv,1.91,15.6572,4,-6.449999999999999,-5.08,,9.829028436218913
2026-06-14,20.17a,logs/6-13 17a leak fix/log0004.csv,1.91,17.5491,81,-6.116543209876543,-5.47,,6.468627203760825
2026-06-14,20.17a,logs/6-13 17a leak fix/log0004.csv,1.91,19.9302,8,-6.347499999999999,-3.52,,7.078514271068065
2026-06-14,20.17a,logs/6-13 17a leak fix/log0004.csv,1.9888,17.5491,5,-3.282,-3.13,,2.726145630739488
2026-06-14,20.17a,logs/6-13 17a leak fix/log0004.csv,1.9888,19.9302,68,-6.96470588235294,-6.26,,6.476255936648876
2026-06-14,20.17a,logs/6-13 17a leak fix/log0004.csv,1.9888,22.0675,4,-7.0375,-7.43,,1.689622738956836
2026-06-14,20.17a,logs/6-13 17a leak fix/log0004.csv,2.05,19.9302,4,-3.9075,-3.515,,2.468688923295116
2026-06-14,20.17a,logs/6-13 17a leak fix/log0004.csv,2.05,22.0675,83,-6.685421686746988,-6.25,,7.721077787333873
2026-06-14,20.17a,logs/6-13 17a leak fix/log0004.csv,2.05,24.2801,27,-6.453333333333334,-3.1300000000000003,,8.313544555538453
2026-06-14,20.17a,logs/6-13 17a leak fix/log0004.csv,2.1152,17.5491,1,-1.5599999999999998,-1.5599999999999998,,
2026-06-14,20.17a,logs/6-13 17a leak fix/log0004.csv,2.1152,22.0675,1,-3.13,-3.13,,
2026-06-14,20.17a,logs/6-13 17a leak fix/log0004.csv,2.1152,24.2801,88,-8.725681818181819,-6.64,,8.255048861980685
2026-06-14,20.17a,logs/6-13 17a leak fix/log0004.csv,2.1152,27.1728,25,-9.7192,-8.59,,8.571316954431994
2026-06-14,20.17a,logs/6-13 17a leak fix/log0004.csv,2.1682,22.0675,1,-0.7799999999999994,-0.7799999999999994,,
2026-06-14,20.17a,logs/6-13 17a leak fix/log0004.csv,2.1682,24.2801,3,-10.42,-9.38,,7.86176188904243
2026-06-14,20.17a,logs/6-13 17a leak fix/log0004.csv,2.1682,27.1728,167,-11.269520958083833,-9.38,,10.001465483484369
2026-06-14,20.17a,logs/6-13 17a leak fix/log0004.csv,2.1682,30.9147,36,-4.208333333333333,0.0,,8.458388059874562
2026-06-14,20.17a,logs/6-13 17a leak fix/log0004.csv,2.253,19.9302,1,-5.47,-5.47,,
2026-06-14,20.17a,logs/6-13 17a leak fix/log0004.csv,2.253,27.1728,1,-1.56,-1.56,,
2026-06-14,20.17a,logs/6-13 17a leak fix/log0004.csv,2.253,30.9147,111,-14.229009009009008,-21.09,,10.076314437599327
2026-06-14,20.17a,logs/6-13 17a leak fix/log0004.csv,2.253,33.0568,3,-15.1,-21.09,,11.057364062017673
2026-06-14,20.17a,logs/6-13 17a leak fix/log0004.csv,2.2849,30.9147,1,-1.56,-1.56,,
2026-06-14,20.17a,logs/6-13 17a leak fix/log0004.csv,2.2849,33.0568,32,-3.368125,-2.34,,3.51340973754428
2026-06-14,20.17a,logs/6-13 17a leak fix/log0004.csv,2.2849,36.822,10,-3.514,-3.515,,1.3911482068181429
2026-06-14,20.17a,logs/6-13 17a leak fix/log0004.csv,2.3877,33.0568,1,-3.13,-3.13,,
2026-06-14,20.17a,logs/6-13 17a leak fix/log0004.csv,2.3877,36.822,155,-4.812967741935484,-5.470000000000001,,1.972739269702256
2026-06-14,20.17a,logs/6-13 17a leak fix/log0004.csv,2.3877,42.2183,16,-6.05375,-7.029999999999999,,1.8377735624027969
2026-06-14,20.17a,logs/6-13 17a leak fix/log0004.csv,2.449,22.0675,1,-5.47,-5.47,,
2026-06-14,20.17a,logs/6-13 17a leak fix/log0004.csv,2.449,36.822,12,-2.7975,-1.56,,2.3900746469894654
2026-06-14,20.17a,logs/6-13 17a leak fix/log0004.csv,2.449,42.2183,94,-4.087765957446808,-4.69,,3.1112481173736213
2026-06-14,20.17a,logs/6-13 17a leak fix/log0004.csv,2.5482,42.2183,6,-1.4316666666666666,-0.78,,1.0400080127896452
2026-06-14,20.17a,logs/6-13 17a leak fix/log0004.csv,2.5482,47.3729,29,-1.4265517241379309,-0.78,,2.139624926847276
2026-06-14,20.17a,logs/6-13 17a leak fix/log0004.csv,2.5482,50.5261,7,-1.45,-0.78,,1.7726533784132754
2026-06-14,20.17a,logs/6-13 17a leak fix/log0004.csv,2.62,47.3729,1,-0.78,-0.78,,
2026-06-14,20.17a,logs/6-13 17a leak fix/log0004.csv,2.62,50.5261,38,-0.78,-0.78,,0.0
2026-06-14,20.17a,logs/6-13 17a leak fix/log0004.csv,2.62,57.3682,3,-0.7799999999999999,-0.78,,0.0
2026-06-14,20.17a,logs/6-13 17a leak fix/log0004.csv,2.7327,50.5261,1,-5.47,-5.47,,
2026-06-14,20.17a,logs/6-13 17a leak fix/log0004.csv,2.7327,57.3682,46,-0.865,-0.78,,0.5764980485656478
2026-06-14,20.17a,logs/6-13 17a leak fix/log0004.csv,2.8274,57.3682,14,-0.8914285714285715,-0.78,,0.416927537383382
2026-06-14,20.17a,logs/6-13 17a leak fix/log0004.csv,2.8274,73.8877,15,-1.092666666666667,-0.78,,1.3137866029516505
2026-06-14,20.17a,logs/6-13 17a leak fix/log0004.csv,2.9125,57.3682,1,0.0,0.0,,
2026-06-14,20.17a,logs/6-13 17a leak fix/log0004.csv,2.9125,73.8877,20,-1.0145,-0.78,,1.0487158814474014
2026-06-14,20.17a,logs/6-13 17a leak fix/log0004.csv,2.9125,80.0684,5,-0.78,-0.78,,0.0
2026-06-21,20.18,logs/6-21 pcv fix 20.18/6-21 6 logs combined.csv,1.2201,3.5071,4,3.5175,2.735,,6.200507371712953
2026-06-21,20.18,logs/6-21 pcv fix 20.18/6-21 6 logs combined.csv,1.28,3.5071,3,2.8633333333333337,1.5599999999999998,,7.510301813731147
2026-06-21,20.18,logs/6-21 pcv fix 20.18/6-21 6 logs combined.csv,1.28,3.9996,11,-0.1418181818181818,0.7799999999999994,,6.029692891320118
2026-06-21,20.18,logs/6-21 pcv fix 20.18/6-21 6 logs combined.csv,1.28,4.3333,1,1.56,1.56,,
2026-06-21,20.18,logs/6-21 pcv fix 20.18/6-21 6 logs combined.csv,1.3021,3.5071,2,2.34,2.34,,3.309259735953042
2026-06-21,20.18,logs/6-21 pcv fix 20.18/6-21 6 logs combined.csv,1.3021,3.9996,6,1.17,1.1749999999999998,,2.554509737699193
2026-06-21,20.18,logs/6-21 pcv fix 20.18/6-21 6 logs combined.csv,1.3021,4.3333,4,-6.835,-3.905,,11.223482822487265
2026-06-21,20.18,logs/6-21 pcv fix 20.18/6-21 6 logs combined.csv,1.3628,3.9996,2,3.125,3.125,,5.522503961066937
2026-06-21,20.18,logs/6-21 pcv fix 20.18/6-21 6 logs combined.csv,1.3628,4.3333,2,5.080000000000001,5.080000000000001,,8.287291475506338
2026-06-21,20.18,logs/6-21 pcv fix 20.18/6-21 6 logs combined.csv,1.3628,5.3437,10,-3.988,-3.91,,4.302988109054762
2026-06-21,20.18,logs/6-21 pcv fix 20.18/6-21 6 logs combined.csv,1.3948,3.5071,1,-2.34,-2.34,,
2026-06-21,20.18,logs/6-21 pcv fix 20.18/6-21 6 logs combined.csv,1.3948,3.9996,5,2.8120000000000003,2.34,,6.043026559597434
2026-06-21,20.18,logs/6-21 pcv fix 20.18/6-21 6 logs combined.csv,1.3948,4.3333,4,2.9275,2.7299999999999995,,4.149677698327907
2026-06-21,20.18,logs/6-21 pcv fix 20.18/6-21 6 logs combined.csv,1.3948,5.3437,16,-2.5900000000000003,-3.125,,2.399241546822662
2026-06-21,20.18,logs/6-21 pcv fix 20.18/6-21 6 logs combined.csv,1.3948,5.6028,9,-2.78,-4.69,,3.1758581517441864
2026-06-21,20.18,logs/6-21 pcv fix 20.18/6-21 6 logs combined.csv,1.3948,6.4361,2,-17.975,-17.975,,7.728677118368965
2026-06-21,20.18,logs/6-21 pcv fix 20.18/6-21 6 logs combined.csv,1.45,4.3333,3,-7.401486830834377e-17,1.5599999999999998,,2.7019992598074487
2026-06-21,20.18,logs/6-21 pcv fix 20.18/6-21 6 logs combined.csv,1.45,5.3437,5,-9.222,-7.03,,9.301078969667982
2026-06-21,20.18,logs/6-21 pcv fix 20.18/6-21 6 logs combined.csv,1.45,5.6028,6,-3.9083333333333337,-3.91,,3.2794354188894577
2026-06-21,20.18,logs/6-21 pcv fix 20.18/6-21 6 logs combined.csv,1.45,6.4361,27,-4.3714814814814815,-3.91,,5.074203009570683
2026-06-21,20.18,logs/6-21 pcv fix 20.18/6-21 6 logs combined.csv,1.45,7.5789,5,-8.437999999999999,-10.94,,6.065255147147562
2026-06-21,20.18,logs/6-21 pcv fix 20.18/6-21 6 logs combined.csv,1.45,8.1077,1,-10.94,-10.94,,
2026-06-21,20.18,logs/6-21 pcv fix 20.18/6-21 6 logs combined.csv,1.4801,3.9996,1,-12.5,-12.5,,
2026-06-21,20.18,logs/6-21 pcv fix 20.18/6-21 6 logs combined.csv,1.4801,5.3437,3,-2.083333333333333,0.0,,3.608439182435161
2026-06-21,20.18,logs/6-21 pcv fix 20.18/6-21 6 logs combined.csv,1.4801,5.6028,3,-1.8266666666666669,-3.1300000000000003,,2.958755368957247
2026-06-21,20.18,logs/6-21 pcv fix 20.18/6-21 6 logs combined.csv,1.4801,6.4361,10,-3.2050000000000005,-3.91,,3.765558096454997
2026-06-21,20.18,logs/6-21 pcv fix 20.18/6-21 6 logs combined.csv,1.4801,7.5789,43,-4.817674418604651,-4.69,,5.040013150591924
2026-06-21,20.18,logs/6-21 pcv fix 20.18/6-21 6 logs combined.csv,1.4801,8.1077,1,2.34,2.34,,
2026-06-21,20.18,logs/6-21 pcv fix 20.18/6-21 6 logs combined.csv,1.5473,5.3437,2,-1.955,-1.955,,3.867874093090416
2026-06-21,20.18,logs/6-21 pcv fix 20.18/6-21 6 logs combined.csv,1.5473,5.6028,3,1.0366666666666668,0.78,,3.5220212000119098
2026-06-21,20.18,logs/6-21 pcv fix 20.18/6-21 6 logs combined.csv,1.5473,6.4361,11,-3.907272727272728,-5.470000000000001,,3.952649974154279
2026-06-21,20.18,logs/6-21 pcv fix 20.18/6-21 6 logs combined.csv,1.5473,7.5789,34,-4.713235294117647,-4.69,,3.2049740892331675
2026-06-21,20.18,logs/6-21 pcv fix 20.18/6-21 6 logs combined.csv,1.5473,8.1077,119,-3.127394957983193,-3.13,,4.397618473786842
2026-06-21,20.18,logs/6-21 pcv fix 20.18/6-21 6 logs combined.csv,1.5473,9.2674,18,-6.382222222222222,-6.645,,2.8553882100452403
2026-06-21,20.18,logs/6-21 pcv fix 20.18/6-21 6 logs combined.csv,1.5473,9.9646,1,-7.03,-7.03,,
2026-06-21,20.18,logs/6-21 pcv fix 20.18/6-21 6 logs combined.csv,1.593,5.3437,1,0.79,0.79,,
2026-06-21,20.18,logs/6-21 pcv fix 20.18/6-21 6 logs combined.csv,1.593,5.6028,1,10.94,10.94,,
2026-06-21,20.18,logs/6-21 pcv fix 20.18/6-21 6 logs combined.csv,1.593,6.4361,1,-3.1300000000000003,-3.1300000000000003,,
2026-06-21,20.18,logs/6-21 pcv fix 20.18/6-21 6 logs combined.csv,1.593,7.5789,4,-6.84,-6.6450000000000005,,9.615886161278462
2026-06-21,20.18,logs/6-21 pcv fix 20.18/6-21 6 logs combined.csv,1.593,8.1077,47,-4.010212765957447,-3.91,,2.9806291204620767
2026-06-21,20.18,logs/6-21 pcv fix 20.18/6-21 6 logs combined.csv,1.593,9.2674,242,-1.3427272727272728,-3.13,,4.72002443906747
2026-06-21,20.18,logs/6-21 pcv fix 20.18/6-21 6 logs combined.csv,1.593,9.9646,33,-1.137878787878788,-2.34,,6.21656997345389
2026-06-21,20.18,logs/6-21 pcv fix 20.18/6-21 6 logs combined.csv,1.593,11.0771,1,-9.38,-9.38,,
2026-06-21,20.18,logs/6-21 pcv fix 20.18/6-21 6 logs combined.csv,1.6417,4.3333,1,-3.91,-3.91,,
2026-06-21,20.18,logs/6-21 pcv fix 20.18/6-21 6 logs combined.csv,1.6417,5.3437,1,4.68,4.68,,
2026-06-21,20.18,logs/6-21 pcv fix 20.18/6-21 6 logs combined.csv,1.6417,5.6028,2,-1.565,-1.565,,3.316330803764908
2026-06-21,20.18,logs/6-21 pcv fix 20.18/6-21 6 logs combined.csv,1.6417,6.4361,2,-0.7850000000000003,-0.7850000000000003,,3.316330803764908
2026-06-21,20.18,logs/6-21 pcv fix 20.18/6-21 6 logs combined.csv,1.6417,7.5789,2,-3.91,-3.91,,2.2061731573020285
2026-06-21,20.18,logs/6-21 pcv fix 20.18/6-21 6 logs combined.csv,1.6417,8.1077,8,-3.12625,-4.300000000000001,,3.940086792009972
2026-06-21,20.18,logs/6-21 pcv fix 20.18/6-21 6 logs combined.csv,1.6417,9.2674,107,-2.164485981308411,-3.13,,4.760526020095802
2026-06-21,20.18,logs/6-21 pcv fix 20.18/6-21 6 logs combined.csv,1.6417,9.9646,495,-1.6716969696969697,-2.3500000000000005,,4.475767632472622
2026-06-21,20.18,logs/6-21 pcv fix 20.18/6-21 6 logs combined.csv,1.6417,11.0771,224,-1.8015625000000004,-2.3500000000000005,,4.784495490562746
2026-06-21,20.18,logs/6-21 pcv fix 20.18/6-21 6 logs combined.csv,1.6417,11.8935,34,-2.7573529411764706,-4.300000000000001,,3.72691952480665
2026-06-21,20.18,logs/6-21 pcv fix 20.18/6-21 6 logs combined.csv,1.68,4.3333,1,2.34,2.34,,
2026-06-21,20.18,logs/6-21 pcv fix 20.18/6-21 6 logs combined.csv,1.68,6.4361,1,0.7799999999999994,0.7799999999999994,,
2026-06-21,20.18,logs/6-21 pcv fix 20.18/6-21 6 logs combined.csv,1.68,7.5789,2,1.17,1.17,,0.5515432893255069
2026-06-21,20.18,logs/6-21 pcv fix 20.18/6-21 6 logs combined.csv,1.68,8.1077,1,-3.13,-3.13,,
2026-06-21,20.18,logs/6-21 pcv fix 20.18/6-21 6 logs combined.csv,1.68,9.2674,8,-4.495,-4.300000000000001,,5.0768719278142695
2026-06-21,20.18,logs/6-21 pcv fix 20.18/6-21 6 logs combined.csv,1.68,9.9646,42,-2.868333333333333,-3.13,,3.92653506826011
2026-06-21,20.18,logs/6-21 pcv fix 20.18/6-21 6 logs combined.csv,1.68,11.0771,357,-1.3600840336134454,-2.34,,7.060399871199443
2026-06-21,20.18,logs/6-21 pcv fix 20.18/6-21 6 logs combined.csv,1.68,11.8935,399,-1.858245614035088,-2.35,,4.63533288823449
2026-06-21,20.18,logs/6-21 pcv fix 20.18/6-21 6 logs combined.csv,1.68,14.2578,1,-6.25,-6.25,,
2026-06-21,20.18,logs/6-21 pcv fix 20.18/6-21 6 logs combined.csv,1.7451,6.4361,3,-0.2633333333333335,1.5599999999999996,,3.158105972467253
2026-06-21,20.18,logs/6-21 pcv fix 20.18/6-21 6 logs combined.csv,1.7451,7.5789,1,-1.56,-1.56,,
2026-06-21,20.18,logs/6-21 pcv fix 20.18/6-21 6 logs combined.csv,1.7451,9.2674,3,-5.213333333333334,-6.25,,1.8042265194075089
2026-06-21,20.18,logs/6-21 pcv fix 20.18/6-21 6 logs combined.csv,1.7451,9.9646,4,-3.91,-3.91,,3.8819668554312345
2026-06-21,20.18,logs/6-21 pcv fix 20.18/6-21 6 logs combined.csv,1.7451,11.0771,80,-0.931,-3.13,,5.798098684433578
2026-06-21,20.18,logs/6-21 pcv fix 20.18/6-21 6 logs combined.csv,1.7451,11.8935,1519,-0.2218894009216591,-0.78,,5.95210170238268
2026-06-21,20.18,logs/6-21 pcv fix 20.18/6-21 6 logs combined.csv,1.7451,14.2578,254,-1.5550787401574806,-2.35,,4.922262465608346
2026-06-21,20.18,logs/6-21 pcv fix 20.18/6-21 6 logs combined.csv,1.7451,15.6572,1,0.78,0.78,,
2026-06-21,20.18,logs/6-21 pcv fix 20.18/6-21 6 logs combined.csv,1.81,5.3437,1,2.35,2.35,,
2026-06-21,20.18,logs/6-21 pcv fix 20.18/6-21 6 logs combined.csv,1.81,6.4361,3,-3.65,-5.470000000000001,,5.318900262272268
2026-06-21,20.18,logs/6-21 pcv fix 20.18/6-21 6 logs combined.csv,1.81,7.5789,1,-0.78,-0.78,,
2026-06-21,20.18,logs/6-21 pcv fix 20.18/6-21 6 logs combined.csv,1.81,8.1077,1,10.94,10.94,,
2026-06-21,20.18,logs/6-21 pcv fix 20.18/6-21 6 logs combined.csv,1.81,9.2674,2,-3.52,-3.52,,0.5515432893255072
2026-06-21,20.18,logs/6-21 pcv fix 20.18/6-21 6 logs combined.csv,1.81,9.9646,3,-8.076666666666668,-10.94,,7.828130896538033
2026-06-21,20.18,logs/6-21 pcv fix 20.18/6-21 6 logs combined.csv,1.81,11.0771,6,-4.951666666666667,-4.69,,1.277003001823671
2026-06-21,20.18,logs/6-21 pcv fix 20.18/6-21 6 logs combined.csv,1.81,11.8935,166,-1.3443975903614458,-3.13,,6.676739400998265
2026-06-21,20.18,logs/6-21 pcv fix 20.18/6-21 6 logs combined.csv,1.81,14.2578,1735,-1.0098904899135448,-1.5699999999999998,,5.516473341821074
2026-06-21,20.18,logs/6-21 pcv fix 20.18/6-21 6 logs combined.csv,1.81,15.6572,740,-2.6524864864864868,-3.91,,4.777404590457748
2026-06-21,20.18,logs/6-21 pcv fix 20.18/6-21 6 logs combined.csv,1.81,17.5491,2,-2.345,-2.345,,4.419417382415922
2026-06-21,20.18,logs/6-21 pcv fix 20.18/6-21 6 logs combined.csv,1.81,19.9302,1,-7.81,-7.81,,
2026-06-21,20.18,logs/6-21 pcv fix 20.18/6-21 6 logs combined.csv,1.85,8.1077,2,3.905,3.905,,5.522503961066936
2026-06-21,20.18,logs/6-21 pcv fix 20.18/6-21 6 logs combined.csv,1.85,9.2674,1,-4.69,-4.69,,
2026-06-21,20.18,logs/6-21 pcv fix 20.18/6-21 6 logs combined.csv,1.85,9.9646,1,1.5599999999999998,1.5599999999999998,,
2026-06-21,20.18,logs/6-21 pcv fix 20.18/6-21 6 logs combined.csv,1.85,11.0771,2,-1.955,-1.955,,2.764787514439401
2026-06-21,20.18,logs/6-21 pcv fix 20.18/6-21 6 logs combined.csv,1.85,11.8935,3,-3.65,-3.13,,0.9006664199358164
2026-06-21,20.18,logs/6-21 pcv fix 20.18/6-21 6 logs combined.csv,1.85,14.2578,91,-1.9094505494505496,-3.13,,5.626916140329909
2026-06-21,20.18,logs/6-21 pcv fix 20.18/6-21 6 logs combined.csv,1.85,15.6572,2130,-2.086652582159625,-3.13,,5.305120032513467
2026-06-21,20.18,logs/6-21 pcv fix 20.18/6-21 6 logs combined.csv,1.85,17.5491,2313,-2.300977086035452,-3.13,,4.725807605309234
2026-06-21,20.18,logs/6-21 pcv fix 20.18/6-21 6 logs combined.csv,1.85,19.9302,3,-8.333333333333334,-9.38,,7.088196761753537
2026-06-21,20.18,logs/6-21 pcv fix 20.18/6-21 6 logs combined.csv,1.85,22.0675,1,-2.35,-2.35,,
2026-06-21,20.18,logs/6-21 pcv fix 20.18/6-21 6 logs combined.csv,1.85,27.1728,1,-9.37,-9.37,,
2026-06-21,20.18,logs/6-21 pcv fix 20.18/6-21 6 logs combined.csv,1.91,8.1077,2,-0.395,-0.395,,3.867874093090416
2026-06-21,20.18,logs/6-21 pcv fix 20.18/6-21 6 logs combined.csv,1.91,9.9646,2,-0.0050000000000003,-0.0050000000000003,,6.62559053971795
2026-06-21,20.18,logs/6-21 pcv fix 20.18/6-21 6 logs combined.csv,1.91,11.0771,1,0.0,0.0,,
2026-06-21,20.18,logs/6-21 pcv fix 20.18/6-21 6 logs combined.csv,1.91,11.8935,2,-3.515,-3.515,,0.5586143571373726
2026-06-21,20.18,logs/6-21 pcv fix 20.18/6-21 6 logs combined.csv,1.91,14.2578,5,-3.596,-3.91,,1.7996055123276329
2026-06-21,20.18,logs/6-21 pcv fix 20.18/6-21 6 logs combined.csv,1.91,15.6572,24,-2.705833333333333,-3.13,,5.021681613950059
2026-06-21,20.18,logs/6-21 pcv fix 20.18/6-21 6 logs combined.csv,1.91,17.5491,3475,-1.647464748201439,-2.3500000000000005,,5.158887406785211
2026-06-21,20.18,logs/6-21 pcv fix 20.18/6-21 6 logs combined.csv,1.91,19.9302,2088,-1.8673323754789275,-3.12,,4.7295537524518965
2026-06-21,20.18,logs/6-21 pcv fix 20.18/6-21 6 logs combined.csv,1.91,22.0675,2,-1.565,-1.565,,3.316330803764908
2026-06-21,20.18,logs/6-21 pcv fix 20.18/6-21 6 logs combined.csv,1.9888,5.6028,1,7.03,7.03,,
2026-06-21,20.18,logs/6-21 pcv fix 20.18/6-21 6 logs combined.csv,1.9888,9.9646,1,0.79,0.79,,
2026-06-21,20.18,logs/6-21 pcv fix 20.18/6-21 6 logs combined.csv,1.9888,11.8935,1,10.94,10.94,,
2026-06-21,20.18,logs/6-21 pcv fix 20.18/6-21 6 logs combined.csv,1.9888,14.2578,1,-4.69,-4.69,,
2026-06-21,20.18,logs/6-21 pcv fix 20.18/6-21 6 logs combined.csv,1.9888,17.5491,77,-1.7785714285714287,-3.13,,4.766798195601948
2026-06-21,20.18,logs/6-21 pcv fix 20.18/6-21 6 logs combined.csv,1.9888,19.9302,5330,-1.6744108818011258,-2.3500000000000005,,4.901322533983008
2026-06-21,20.18,logs/6-21 pcv fix 20.18/6-21 6 logs combined.csv,1.9888,22.0675,865,-1.6377109826589598,-2.35,,4.730364540870025
2026-06-21,20.18,logs/6-21 pcv fix 20.18/6-21 6 logs combined.csv,1.9888,24.2801,4,-5.275,-4.69,,4.616380255857036
2026-06-21,20.18,logs/6-21 pcv fix 20.18/6-21 6 logs combined.csv,1.9888,27.1728,1,-4.69,-4.69,,
2026-06-21,20.18,logs/6-21 pcv fix 20.18/6-21 6 logs combined.csv,2.05,5.6028,2,5.08,5.08,,9.39037805415735
2026-06-21,20.18,logs/6-21 pcv fix 20.18/6-21 6 logs combined.csv,2.05,7.5789,1,-2.35,-2.35,,
2026-06-21,20.18,logs/6-21 pcv fix 20.18/6-21 6 logs combined.csv,2.05,9.2674,1,-13.28,-13.28,,
2026-06-21,20.18,logs/6-21 pcv fix 20.18/6-21 6 logs combined.csv,2.05,9.9646,1,-6.25,-6.25,,
2026-06-21,20.18,logs/6-21 pcv fix 20.18/6-21 6 logs combined.csv,2.05,11.0771,1,-0.78,-0.78,,
2026-06-21,20.18,logs/6-21 pcv fix 20.18/6-21 6 logs combined.csv,2.05,11.8935,2,3.125,3.125,,2.2132442251138933
2026-06-21,20.18,logs/6-21 pcv fix 20.18/6-21 6 logs combined.csv,2.05,14.2578,3,-5.733333333333334,-3.1300000000000003,,4.509105602370978
2026-06-21,20.18,logs/6-21 pcv fix 20.18/6-21 6 logs combined.csv,2.05,15.6572,3,-0.2633333333333333,-3.13,,4.965212315030781
2026-06-21,20.18,logs/6-21 pcv fix 20.18/6-21 6 logs combined.csv,2.05,17.5491,4,-3.715,-3.52,,0.7467931440499441
2026-06-21,20.18,logs/6-21 pcv fix 20.18/6-21 6 logs combined.csv,2.05,19.9302,293,-2.6189078498293514,-3.13,,4.830216837113431
2026-06-21,20.18,logs/6-21 pcv fix 20.18/6-21 6 logs combined.csv,2.05,22.0675,5222,-1.523715051704328,-2.35,,4.662945997540725
2026-06-21,20.18,logs/6-21 pcv fix 20.18/6-21 6 logs combined.csv,2.05,24.2801,2446,-1.4195216680294356,-2.34,,4.4120508676849495
2026-06-21,20.18,logs/6-21 pcv fix 20.18/6-21 6 logs combined.csv,2.05,27.1728,8,-3.8075,-3.905,,5.404756503039047
2026-06-21,20.18,logs/6-21 pcv fix 20.18/6-21 6 logs combined.csv,2.05,33.0568,1,6.249999999999999,6.249999999999999,,
2026-06-21,20.18,logs/6-21 pcv fix 20.18/6-21 6 logs combined.csv,2.05,36.822,1,0.0,0.0,,
2026-06-21,20.18,logs/6-21 pcv fix 20.18/6-21 6 logs combined.csv,2.1152,7.5789,1,0.0,0.0,,
2026-06-21,20.18,logs/6-21 pcv fix 20.18/6-21 6 logs combined.csv,2.1152,9.2674,1,-3.13,-3.13,,
2026-06-21,20.18,logs/6-21 pcv fix 20.18/6-21 6 logs combined.csv,2.1152,9.9646,2,2.735,2.735,,3.867874093090416
2026-06-21,20.18,logs/6-21 pcv fix 20.18/6-21 6 logs combined.csv,2.1152,11.8935,1,-4.69,-4.69,,
2026-06-21,20.18,logs/6-21 pcv fix 20.18/6-21 6 logs combined.csv,2.1152,14.2578,5,-3.1260000000000003,-3.12,,4.098460686648099
2026-06-21,20.18,logs/6-21 pcv fix 20.18/6-21 6 logs combined.csv,2.1152,15.6572,2,-5.859999999999999,-5.859999999999999,,8.287291475506336
2026-06-21,20.18,logs/6-21 pcv fix 20.18/6-21 6 logs combined.csv,2.1152,17.5491,3,2.083333333333334,-1.56,,7.7101642870520815
2026-06-21,20.18,logs/6-21 pcv fix 20.18/6-21 6 logs combined.csv,2.1152,19.9302,2,-12.5,-12.5,,2.2061731573020285
2026-06-21,20.18,logs/6-21 pcv fix 20.18/6-21 6 logs combined.csv,2.1152,22.0675,20,-3.3625,-3.13,,4.948590309636835
2026-06-21,20.18,logs/6-21 pcv fix 20.18/6-21 6 logs combined.csv,2.1152,24.2801,3503,-1.258067370825007,-2.34,,4.6508435525059175
2026-06-21,20.18,logs/6-21 pcv fix 20.18/6-21 6 logs combined.csv,2.1152,27.1728,1865,-1.6116193029490615,-2.34,,4.42724227939759
2026-06-21,20.18,logs/6-21 pcv fix 20.18/6-21 6 logs combined.csv,2.1152,30.9147,3,-7.553333333333334,-7.03,,1.6293045551195562
2026-06-21,20.18,logs/6-21 pcv fix 20.18/6-21 6 logs combined.csv,2.1152,36.822,1,0.79,0.79,,
2026-06-21,20.18,logs/6-21 pcv fix 20.18/6-21 6 logs combined.csv,2.1682,8.1077,1,-3.91,-3.91,,
2026-06-21,20.18,logs/6-21 pcv fix 20.18/6-21 6 logs combined.csv,2.1682,9.9646,1,-23.44,-23.44,,
2026-06-21,20.18,logs/6-21 pcv fix 20.18/6-21 6 logs combined.csv,2.1682,11.8935,2,1.17,1.17,,4.963889603929563
2026-06-21,20.18,logs/6-21 pcv fix 20.18/6-21 6 logs combined.csv,2.1682,14.2578,2,-2.345,-2.345,,4.419417382415922
2026-06-21,20.18,logs/6-21 pcv fix 20.18/6-21 6 logs combined.csv,2.1682,17.5491,3,-3.643333333333333,0.0,,7.005742882331133
2026-06-21,20.18,logs/6-21 pcv fix 20.18/6-21 6 logs combined.csv,2.1682,22.0675,2,-6.645,-6.645,,2.7647875144394005
2026-06-21,20.18,logs/6-21 pcv fix 20.18/6-21 6 logs combined.csv,2.1682,24.2801,40,-1.427,-3.13,,7.072200252414833
2026-06-21,20.18,logs/6-21 pcv fix 20.18/6-21 6 logs combined.csv,2.1682,27.1728,4759,-1.2144463122504727,-1.5600000000000005,,4.765081368112356
2026-06-21,20.18,logs/6-21 pcv fix 20.18/6-21 6 logs combined.csv,2.1682,30.9147,1610,-0.9710683229813664,-1.5599999999999998,,4.548299975572901
2026-06-21,20.18,logs/6-21 pcv fix 20.18/6-21 6 logs combined.csv,2.1682,33.0568,7,-5.024285714285715,-7.03,,4.66271329143185
2026-06-21,20.18,logs/6-21 pcv fix 20.18/6-21 6 logs combined.csv,2.253,15.6572,3,-2.606666666666667,-0.78,,4.581760942403404
2026-06-21,20.18,logs/6-21 pcv fix 20.18/6-21 6 logs combined.csv,2.253,17.5491,2,-3.91,-3.91,,1.1030865786510144
2026-06-21,20.18,logs/6-21 pcv fix 20.18/6-21 6 logs combined.csv,2.253,19.9302,3,-9.896666666666668,-11.72,,9.122698796591571
2026-06-21,20.18,logs/6-21 pcv fix 20.18/6-21 6 logs combined.csv,2.253,22.0675,3,-4.166666666666667,-3.91,,0.4532475409015844
2026-06-21,20.18,logs/6-21 pcv fix 20.18/6-21 6 logs combined.csv,2.253,24.2801,3,-4.69,-3.13,,2.7106641252652457
2026-06-21,20.18,logs/6-21 pcv fix 20.18/6-21 6 logs combined.csv,2.253,27.1728,93,-1.8377419354838709,-3.12,,6.628873458136245
2026-06-21,20.18,logs/6-21 pcv fix 20.18/6-21 6 logs combined.csv,2.253,30.9147,5746,-1.0772607030978072,-1.5599999999999998,,4.8238041151767055
2026-06-21,20.18,logs/6-21 pcv fix 20.18/6-21 6 logs combined.csv,2.253,33.0568,1194,-1.3563232830820768,-1.56,,4.27380590316349
2026-06-21,20.18,logs/6-21 pcv fix 20.18/6-21 6 logs combined.csv,2.253,36.822,5,-7.5,-3.13,,7.3000376711356765
2026-06-21,20.18,logs/6-21 pcv fix 20.18/6-21 6 logs combined.csv,2.253,47.3729,1,-5.47,-5.47,,
2026-06-21,20.18,logs/6-21 pcv fix 20.18/6-21 6 logs combined.csv,2.2849,15.6572,1,3.13,3.13,,
2026-06-21,20.18,logs/6-21 pcv fix 20.18/6-21 6 logs combined.csv,2.2849,17.5491,1,-3.13,-3.13,,
2026-06-21,20.18,logs/6-21 pcv fix 20.18/6-21 6 logs combined.csv,2.2849,19.9302,2,-1.1750000000000005,-1.1750000000000005,,4.970960671741429
2026-06-21,20.18,logs/6-21 pcv fix 20.18/6-21 6 logs combined.csv,2.2849,22.0675,2,-4.69,-4.69,,0.0
2026-06-21,20.18,logs/6-21 pcv fix 20.18/6-21 6 logs combined.csv,2.2849,24.2801,2,-8.595,-8.595,,5.522503961066936
2026-06-21,20.18,logs/6-21 pcv fix 20.18/6-21 6 logs combined.csv,2.2849,27.1728,9,-2.171111111111111,-3.12,,4.937419478949618
2026-06-21,20.18,logs/6-21 pcv fix 20.18/6-21 6 logs combined.csv,2.2849,30.9147,113,-1.2831858407079646,-1.56,,5.760369572947605
2026-06-21,20.18,logs/6-21 pcv fix 20.18/6-21 6 logs combined.csv,2.2849,33.0568,6618,-0.868071925052886,-1.5599999999999998,,4.524027028299325
2026-06-21,20.18,logs/6-21 pcv fix 20.18/6-21 6 logs combined.csv,2.2849,36.822,1692,-0.4888179669030731,-0.7799999999999998,,4.192914571693499
2026-06-21,20.18,logs/6-21 pcv fix 20.18/6-21 6 logs combined.csv,2.2849,42.2183,2,0.0050000000000001,0.0050000000000001,,1.1101576464628795
2026-06-21,20.18,logs/6-21 pcv fix 20.18/6-21 6 logs combined.csv,2.3877,14.2578,1,-6.25,-6.25,,
2026-06-21,20.18,logs/6-21 pcv fix 20.18/6-21 6 logs combined.csv,2.3877,15.6572,1,7.03,7.03,,
2026-06-21,20.18,logs/6-21 pcv fix 20.18/6-21 6 logs combined.csv,2.3877,19.9302,2,2.73,2.73,,7.184204896855323
2026-06-21,20.18,logs/6-21 pcv fix 20.18/6-21 6 logs combined.csv,2.3877,24.2801,3,-4.173333333333333,-2.35,,8.355563017136147
2026-06-21,20.18,logs/6-21 pcv fix 20.18/6-21 6 logs combined.csv,2.3877,27.1728,2,-2.345,-2.345,,3.316330803764908
2026-06-21,20.18,logs/6-21 pcv fix 20.18/6-21 6 logs combined.csv,2.3877,30.9147,3,-2.0800000000000005,-3.9,,3.8567732627158673
2026-06-21,20.18,logs/6-21 pcv fix 20.18/6-21 6 logs combined.csv,2.3877,33.0568,127,-1.2025196850393698,-1.5599999999999998,,5.465705050223439
2026-06-21,20.18,logs/6-21 pcv fix 20.18/6-21 6 logs combined.csv,2.3877,36.822,10844,0.3622796016230174,0.0,,4.336497326297342
2026-06-21,20.18,logs/6-21 pcv fix 20.18/6-21 6 logs combined.csv,2.3877,42.2183,235,0.478468085106383,0.0,,4.445391663837648
2026-06-21,20.18,logs/6-21 pcv fix 20.18/6-21 6 logs combined.csv,2.3877,47.3729,3,-7.553333333333335,-9.38,,5.320613999655804
2026-06-21,20.18,logs/6-21 pcv fix 20.18/6-21 6 logs combined.csv,2.449,19.9302,1,-3.91,-3.91,,
2026-06-21,20.18,logs/6-21 pcv fix 20.18/6-21 6 logs combined.csv,2.449,24.2801,1,5.47,5.47,,
2026-06-21,20.18,logs/6-21 pcv fix 20.18/6-21 6 logs combined.csv,2.449,27.1728,7,-1.34,0.79,,4.810221755109979
2026-06-21,20.18,logs/6-21 pcv fix 20.18/6-21 6 logs combined.csv,2.449,30.9147,1,0.78,0.78,,
2026-06-21,20.18,logs/6-21 pcv fix 20.18/6-21 6 logs combined.csv,2.449,33.0568,3,-2.083333333333333,-5.470000000000001,,12.460105671033988
2026-06-21,20.18,logs/6-21 pcv fix 20.18/6-21 6 logs combined.csv,2.449,36.822,666,0.6790840840840843,0.0,,4.505763550706377
2026-06-21,20.18,logs/6-21 pcv fix 20.18/6-21 6 logs combined.csv,2.449,42.2183,9184,0.1569272648083624,-0.7799999999999998,,3.950070032302055
2026-06-21,20.18,logs/6-21 pcv fix 20.18/6-21 6 logs combined.csv,2.449,47.3729,205,-0.3356585365853658,-1.56,,3.824987015291022
2026-06-21,20.18,logs/6-21 pcv fix 20.18/6-21 6 logs combined.csv,2.5482,22.0675,1,-1.5600000000000005,-1.5600000000000005,,
2026-06-21,20.18,logs/6-21 pcv fix 20.18/6-21 6 logs combined.csv,2.5482,24.2801,1,-5.470000000000001,-5.470000000000001,,
2026-06-21,20.18,logs/6-21 pcv fix 20.18/6-21 6 logs combined.csv,2.5482,30.9147,1,-3.91,-3.91,,
2026-06-21,20.18,logs/6-21 pcv fix 20.18/6-21 6 logs combined.csv,2.5482,33.0568,3,-7.033333333333334,-10.94,,6.766545154902414
2026-06-21,20.18,logs/6-21 pcv fix 20.18/6-21 6 logs combined.csv,2.5482,36.822,5,-4.534000000000001,-1.5699999999999998,,6.427260691772196
2026-06-21,20.18,logs/6-21 pcv fix 20.18/6-21 6 logs combined.csv,2.5482,42.2183,613,-0.4771451876019575,-1.56,,3.423943543014234
2026-06-21,20.18,logs/6-21 pcv fix 20.18/6-21 6 logs combined.csv,2.5482,47.3729,8193,-0.9759672891492736,-1.56,,2.789816410693573
2026-06-21,20.18,logs/6-21 pcv fix 20.18/6-21 6 logs combined.csv,2.5482,50.5261,587,-1.7896763202725725,-1.56,,1.2796801531515802
2026-06-21,20.18,logs/6-21 pcv fix 20.18/6-21 6 logs combined.csv,2.62,36.822,1,3.9,3.9,,
2026-06-21,20.18,logs/6-21 pcv fix 20.18/6-21 6 logs combined.csv,2.62,42.2183,2,-3.52,-3.52,,0.5515432893255072
2026-06-21,20.18,logs/6-21 pcv fix 20.18/6-21 6 logs combined.csv,2.62,47.3729,31,-2.744516129032258,-2.34,,3.641207527464552
2026-06-21,20.18,logs/6-21 pcv fix 20.18/6-21 6 logs combined.csv,2.62,50.5261,3304,-1.8736985472154963,-1.56,,0.9340933398059786
2026-06-21,20.18,logs/6-21 pcv fix 20.18/6-21 6 logs combined.csv,2.62,57.3682,25,-1.8416,-1.56,,1.745798957497684
2026-06-21,20.18,logs/6-21 pcv fix 20.18/6-21 6 logs combined.csv,2.7327,42.2183,3,-4.170000000000001,-3.91,,0.4503332099679084
2026-06-21,20.18,logs/6-21 pcv fix 20.18/6-21 6 logs combined.csv,2.7327,47.3729,3,-2.8666666666666667,-3.13,,1.9682564196093288
2026-06-21,20.18,logs/6-21 pcv fix 20.18/6-21 6 logs combined.csv,2.7327,50.5261,317,-1.9218296529968453,-1.56,,0.848646239162408
2026-06-21,20.18,logs/6-21 pcv fix 20.18/6-21 6 logs combined.csv,2.7327,57.3682,2160,-1.874212962962963,-1.56,,0.5746051112103905
2026-06-21,20.18,logs/6-21 pcv fix 20.18/6-21 6 logs combined.csv,2.7327,73.8877,106,-1.8911320754716985,-1.56,,0.4299021389300175
2026-06-21,20.18,logs/6-21 pcv fix 20.18/6-21 6 logs combined.csv,2.8274,57.3682,6,-3.516666666666667,-3.91,,1.2865405810415258
2026-06-21,20.18,logs/6-21 pcv fix 20.18/6-21 6 logs combined.csv,2.8274,73.8877,248,-1.9406048387096773,-2.34,,0.6848026675019507
2026-06-21,20.18,logs/6-21 pcv fix 20.18/6-21 6 logs combined.csv,2.8274,80.0684,9,-3.038888888888889,-3.91,,2.4843935097144154
2026-06-21,20.18,logs/6-21 pcv fix 20.18/6-21 6 logs combined.csv,2.9125,73.8877,8,-1.56,-1.56,,0.7221396778225901
2026-06-21,20.18,logs/6-21 pcv fix 20.18/6-21 6 logs combined.csv,2.9125,80.0684,151,-2.071721854304636,-2.34,,1.0712010465450477
2026-06-21,20.18,logs/6-21 pcv fix 20.18/6-21 6 logs combined.csv,2.9125,84.9893,11,-2.91,-2.34,,2.322580461469527
2026-06-21,20.18,logs/6-21 pcv fix 20.18/6-21 6 logs combined.csv,2.99,57.3682,1,-3.91,-3.91,,
2026-06-21,20.18,logs/6-21 pcv fix 20.18/6-21 6 logs combined.csv,2.99,73.8877,1,-9.38,-9.38,,
2026-06-21,20.18,logs/6-21 pcv fix 20.18/6-21 6 logs combined.csv,2.99,80.0684,10,-2.341,-2.34,,0.9035540935660688
2026-06-21,20.18,logs/6-21 pcv fix 20.18/6-21 6 logs combined.csv,2.99,84.9893,110,-2.0851818181818182,-2.34,,0.6365499494921816
2026-06-21,20.18,logs/6-21 pcv fix 20.18/6-21 6 logs combined.csv,2.99,90.132,5,-2.498,-2.34,,1.285931568941365
2026-06-21,20.18,logs/6-21 pcv fix 20.18/6-21 6 logs combined.csv,3.0654,84.9893,6,-2.733333333333333,-2.34,,1.2865405810415262
2026-06-21,20.18,logs/6-21 pcv fix 20.18/6-21 6 logs combined.csv,3.0654,90.132,69,-2.1028985507246376,-2.34,,0.4890089059975572
2026-06-21,20.18,logs/6-21 pcv fix 20.18/6-21 6 logs combined.csv,3.0654,110.681,3,-1.82,-1.56,,0.450333209967908
2026-06-21,20.18,logs/6-21 pcv fix 20.18/6-21 6 logs combined.csv,3.1508,90.132,2,-2.34,-2.34,,0.0
2026-06-21,20.18,logs/6-21 pcv fix 20.18/6-21 6 logs combined.csv,3.1508,110.681,45,-1.8546666666666665,-1.56,,0.3824419147816019
2026-06-21,20.18,logs/6-21 pcv fix 20.18/6-21 6 logs combined.csv,3.1508,125.6816,2,-1.95,-1.95,,0.5515432893255069
2026-06-21,20.18,logs/6-21 pcv fix 20.18/6-21 6 logs combined.csv,3.26,125.6816,32,-2.023125,-2.34,,0.3892129154439596
2026-06-21,20.18,logs/6-21 pcv fix 20.18/6-21 6 logs combined.csv,3.408,125.6816,2,-2.34,-2.34,,0.0
2026-06-21,20.18,logs/6-21 pcv fix 20.18/6-21 6 logs combined.csv,3.408,138.5191,27,-2.08,-2.34,,0.3746998799039037
2026-06-21,20.18,logs/6-21 pcv fix 20.18/6-21 6 logs combined.csv,3.408,163.451,2,-2.34,-2.34,,0.0
2026-06-21,20.18,logs/6-21 pcv fix 20.18/6-21 6 logs combined.csv,3.52,163.451,29,-1.9365517241379309,-1.56,,0.396667149618174
2026-06-21,20.18,logs/6-21 pcv fix 20.18/6-21 6 logs combined.csv,3.52,172.4018,2,-1.95,-1.95,,0.5515432893255069
2026-06-21,20.18,logs/6-21 pcv fix 20.18/6-21 6 logs combined.csv,3.6137,172.4018,8,-2.145,-2.34,,0.361069838911295
2026-07-12,20.18,logs/7-12 20.18/7-12 20.18.csv,1.2201,3.5071,7,4.017857142857143,5.46875,,2.7961246166835645
2026-07-12,20.18,logs/7-12 20.18/7-12 20.18.csv,1.28,3.5071,6,5.208333333333333,5.078125,,1.0673907047874582
2026-07-12,20.18,logs/7-12 20.18/7-12 20.18.csv,1.28,3.9996,12,0.9765583333333332,3.125,,6.562892507217216
2026-07-12,20.18,logs/7-12 20.18/7-12 20.18.csv,1.28,4.3333,3,1.3020833333333333,0.0,,2.9577647634376425
2026-07-12,20.18,logs/7-12 20.18/7-12 20.18.csv,1.3021,3.9996,8,3.41796875,3.90625,,2.4683226065397847
2026-07-12,20.18,logs/7-12 20.18/7-12 20.18.csv,1.3021,4.3333,9,3.125005555555556,1.5625,,3.360296385313768
2026-07-12,20.18,logs/7-12 20.18/7-12 20.18.csv,1.3628,3.5071,1,4.6875,4.6875,,
2026-07-12,20.18,logs/7-12 20.18/7-12 20.18.csv,1.3628,3.9996,4,-0.7812625000000004,3.515625,,10.539663429586277
2026-07-12,20.18,logs/7-12 20.18/7-12 20.18.csv,1.3628,4.3333,9,1.1284722222222223,2.34375,,3.849412890389188
2026-07-12,20.18,logs/7-12 20.18/7-12 20.18.csv,1.3628,5.3437,8,0.29296875,0.390625,,2.9213049720895894
2026-07-12,20.18,logs/7-12 20.18/7-12 20.18.csv,1.3948,3.9996,1,-0.78125,-0.78125,,
2026-07-12,20.18,logs/7-12 20.18/7-12 20.18.csv,1.3948,4.3333,9,2.517361111111111,1.5625,,5.724726025255367
2026-07-12,20.18,logs/7-12 20.18/7-12 20.18.csv,1.3948,5.3437,18,0.2604166666666667,1.171875,,4.941058844013093
2026-07-12,20.18,logs/7-12 20.18/7-12 20.18.csv,1.3948,5.6028,21,2.7529761904761907,2.34375,,2.9296254953756056
2026-07-12,20.18,logs/7-12 20.18/7-12 20.18.csv,1.3948,6.4361,5,1.5625,0.0,,2.974911369478089
2026-07-12,20.18,logs/7-12 20.18/7-12 20.18.csv,1.45,3.9996,1,3.90625,3.90625,,
2026-07-12,20.18,logs/7-12 20.18/7-12 20.18.csv,1.45,4.3333,2,4.296875,4.296875,,0.5524271728019903
2026-07-12,20.18,logs/7-12 20.18/7-12 20.18.csv,1.45,5.3437,9,3.90625,3.90625,,2.8168369339562416
2026-07-12,20.18,logs/7-12 20.18/7-12 20.18.csv,1.45,5.6028,13,-2.2235576923076925,0.0,,6.558516228247507
2026-07-12,20.18,logs/7-12 20.18/7-12 20.18.csv,1.45,6.4361,40,0.3124987499999999,0.78125,,5.5519760356860095
2026-07-12,20.18,logs/7-12 20.18/7-12 20.18.csv,1.45,7.5789,4,1.7578125,2.34375,,3.515625
2026-07-12,20.18,logs/7-12 20.18/7-12 20.18.csv,1.4801,3.5071,1,7.03125,7.03125,,
2026-07-12,20.18,logs/7-12 20.18/7-12 20.18.csv,1.4801,3.9996,1,-0.78125,-0.78125,,
2026-07-12,20.18,logs/7-12 20.18/7-12 20.18.csv,1.4801,4.3333,2,-5.859400000000001,-5.859400000000001,,14.915569020992796
2026-07-12,20.18,logs/7-12 20.18/7-12 20.18.csv,1.4801,5.3437,3,0.5208333333333334,0.0,,3.157384284630766
2026-07-12,20.18,logs/7-12 20.18/7-12 20.18.csv,1.4801,5.6028,7,2.6785714285714284,2.34375,,1.6173411547086427
2026-07-12,20.18,logs/7-12 20.18/7-12 20.18.csv,1.4801,6.4361,20,1.52344,2.34375,,4.778959902630212
2026-07-12,20.18,logs/7-12 20.18/7-12 20.18.csv,1.4801,7.5789,49,-2.040815306122449,-2.34375,,3.489548596138608
2026-07-12,20.18,logs/7-12 20.18/7-12 20.18.csv,1.4801,8.1077,10,0.15625,-0.78125,,3.6421111952181433
2026-07-12,20.18,logs/7-12 20.18/7-12 20.18.csv,1.5473,4.3333,3,5.208333333333333,4.6875,,0.9021097956087902
2026-07-12,20.18,logs/7-12 20.18/7-12 20.18.csv,1.5473,5.6028,4,0.58595,0.390625,,9.029568939600605
2026-07-12,20.18,logs/7-12 20.18/7-12 20.18.csv,1.5473,6.4361,12,0.0,0.0,,3.541179222249406
2026-07-12,20.18,logs/7-12 20.18/7-12 20.18.csv,1.5473,7.5789,61,-0.5635229508196721,-1.5625,,3.6172594481708313
2026-07-12,20.18,logs/7-12 20.18/7-12 20.18.csv,1.5473,8.1077,213,-0.2090661971830985,-0.78125,,3.832497727335429
2026-07-12,20.18,logs/7-12 20.18/7-12 20.18.csv,1.5473,9.2674,33,0.8759469696969697,0.78125,,2.8555567578828707
2026-07-12,20.18,logs/7-12 20.18/7-12 20.18.csv,1.5473,11.0771,1,-2.34375,-2.34375,,
2026-07-12,20.18,logs/7-12 20.18/7-12 20.18.csv,1.593,5.3437,1,2.34375,2.34375,,
2026-07-12,20.18,logs/7-12 20.18/7-12 20.18.csv,1.593,5.6028,2,3.125,3.125,,3.3145630368119416
2026-07-12,20.18,logs/7-12 20.18/7-12 20.18.csv,1.593,6.4361,5,1.09375,2.34375,,3.2960973608951543
2026-07-12,20.18,logs/7-12 20.18/7-12 20.18.csv,1.593,7.5789,9,-1.8229166666666667,-2.34375,,3.70579413300982
2026-07-12,20.18,logs/7-12 20.18/7-12 20.18.csv,1.593,8.1077,100,-0.2265599999999999,-1.5625,,4.636319994136547
2026-07-12,20.18,logs/7-12 20.18/7-12 20.18.csv,1.593,9.2674,593,0.1172539629005059,0.0,,4.260207429106853
2026-07-12,20.18,logs/7-12 20.18/7-12 20.18.csv,1.593,9.9646,75,-0.7604166666666666,-1.5625,,4.267453892579602
2026-07-12,20.18,logs/7-12 20.18/7-12 20.18.csv,1.6417,5.3437,3,-2.083333333333333,-0.78125,,2.9577647634376425
2026-07-12,20.18,logs/7-12 20.18/7-12 20.18.csv,1.6417,5.6028,1,0.0,0.0,,
2026-07-12,20.18,logs/7-12 20.18/7-12 20.18.csv,1.6417,6.4361,7,-0.1116071428571428,3.125,,7.593661203674449
2026-07-12,20.18,logs/7-12 20.18/7-12 20.18.csv,1.6417,7.5789,4,-4.2968875,-3.90625,,10.909582227364393
2026-07-12,20.18,logs/7-12 20.18/7-12 20.18.csv,1.6417,8.1077,12,-3.059895833333333,-2.34375,,3.501127515559571
2026-07-12,20.18,logs/7-12 20.18/7-12 20.18.csv,1.6417,9.2674,239,0.3105412133891214,0.0,,4.5162106971202975
2026-07-12,20.18,logs/7-12 20.18/7-12 20.18.csv,1.6417,9.9646,934,0.2634845289079229,0.78125,,4.790536292560768
2026-07-12,20.18,logs/7-12 20.18/7-12 20.18.csv,1.6417,11.0771,570,-1.0759316666666667,-1.5625,,4.772085393124504
2026-07-12,20.18,logs/7-12 20.18/7-12 20.18.csv,1.6417,11.8935,61,-1.408811475409836,-1.5625,,3.619191175080807
2026-07-12,20.18,logs/7-12 20.18/7-12 20.18.csv,1.68,6.4361,4,-3.125,-0.78125,,7.520588061559193
2026-07-12,20.18,logs/7-12 20.18/7-12 20.18.csv,1.68,7.5789,5,0.46875,-2.34375,,6.264631311477955
2026-07-12,20.18,logs/7-12 20.18/7-12 20.18.csv,1.68,8.1077,3,-3.90625,-4.6875,,2.8168369339562416
2026-07-12,20.18,logs/7-12 20.18/7-12 20.18.csv,1.68,9.2674,8,0.0,0.78125,,2.087978452440816
2026-07-12,20.18,logs/7-12 20.18/7-12 20.18.csv,1.68,9.9646,65,0.072116923076923,-0.78125,,4.917314341939461
2026-07-12,20.18,logs/7-12 20.18/7-12 20.18.csv,1.68,11.0771,910,1.0224955494505494,2.34375,,5.383322490658696
2026-07-12,20.18,logs/7-12 20.18/7-12 20.18.csv,1.68,11.8935,989,-1.0190211324570273,-1.5625,,4.426500489498528
2026-07-12,20.18,logs/7-12 20.18/7-12 20.18.csv,1.68,14.2578,2,-3.125,-3.125,,4.419417382415922
2026-07-12,20.18,logs/7-12 20.18/7-12 20.18.csv,1.7451,5.3437,1,1.5625,1.5625,,
2026-07-12,20.18,logs/7-12 20.18/7-12 20.18.csv,1.7451,6.4361,2,5.8594,5.8594,,11.601005984180857
2026-07-12,20.18,logs/7-12 20.18/7-12 20.18.csv,1.7451,7.5789,1,8.59375,8.59375,,
2026-07-12,20.18,logs/7-12 20.18/7-12 20.18.csv,1.7451,8.1077,1,5.46875,5.46875,,
2026-07-12,20.18,logs/7-12 20.18/7-12 20.18.csv,1.7451,9.2674,8,6.249999999985434e-06,0.0,,5.9351593130884925
2026-07-12,20.18,logs/7-12 20.18/7-12 20.18.csv,1.7451,9.9646,9,-1.5624944444444444,-2.34375,,4.059504905576883
2026-07-12,20.18,logs/7-12 20.18/7-12 20.18.csv,1.7451,11.0771,168,-0.0604523809523809,0.0,,5.107639277368639
2026-07-12,20.18,logs/7-12 20.18/7-12 20.18.csv,1.7451,11.8935,4188,-0.0175332617000955,0.0,,5.272995992849168
2026-07-12,20.18,logs/7-12 20.18/7-12 20.18.csv,1.7451,14.2578,769,-1.8114020156046813,-2.34375,,4.253652288028149
2026-07-12,20.18,logs/7-12 20.18/7-12 20.18.csv,1.7451,15.6572,3,1.8229166666666667,4.6875,,5.651701670367372
2026-07-12,20.18,logs/7-12 20.18/7-12 20.18.csv,1.81,5.6028,2,-0.390625,-0.390625,,0.5524271728019903
2026-07-12,20.18,logs/7-12 20.18/7-12 20.18.csv,1.81,7.5789,1,-7.03125,-7.03125,,
2026-07-12,20.18,logs/7-12 20.18/7-12 20.18.csv,1.81,8.1077,1,-1.5625,-1.5625,,
2026-07-12,20.18,logs/7-12 20.18/7-12 20.18.csv,1.81,9.2674,6,1.3020833333333333,0.0,,6.786840053859135
2026-07-12,20.18,logs/7-12 20.18/7-12 20.18.csv,1.81,9.9646,4,-1.953125,-1.953125,,1.0085894130748485
2026-07-12,20.18,logs/7-12 20.18/7-12 20.18.csv,1.81,11.0771,9,-3.472227777777778,-2.34375,,5.256944501806106
2026-07-12,20.18,logs/7-12 20.18/7-12 20.18.csv,1.81,11.8935,344,-0.1021954941860465,0.0,,5.88352958520785
2026-07-12,20.18,logs/7-12 20.18/7-12 20.18.csv,1.81,14.2578,4109,-0.9637748235580432,-1.5625,,5.126246071957292
2026-07-12,20.18,logs/7-12 20.18/7-12 20.18.csv,1.81,15.6572,1817,-2.784036020913594,-3.125,,4.15081919209314
2026-07-12,20.18,logs/7-12 20.18/7-12 20.18.csv,1.81,17.5491,3,-2.864583333333333,-1.5625,,3.69204345800985
2026-07-12,20.18,logs/7-12 20.18/7-12 20.18.csv,1.85,6.4361,2,3.125,3.125,,3.3145630368119416
2026-07-12,20.18,logs/7-12 20.18/7-12 20.18.csv,1.85,7.5789,1,-1.5625,-1.5625,,
2026-07-12,20.18,logs/7-12 20.18/7-12 20.18.csv,1.85,8.1077,1,2.34375,2.34375,,
2026-07-12,20.18,logs/7-12 20.18/7-12 20.18.csv,1.85,9.2674,1,-3.90625,-3.90625,,
2026-07-12,20.18,logs/7-12 20.18/7-12 20.18.csv,1.85,9.9646,3,-4.427083333333333,-3.125,,5.201818842562026
2026-07-12,20.18,logs/7-12 20.18/7-12 20.18.csv,1.85,11.0771,4,-5.859375,-5.46875,,4.059494080239556
2026-07-12,20.18,logs/7-12 20.18/7-12 20.18.csv,1.85,11.8935,13,-1.0817307692307692,-2.34375,,4.237737718825659
2026-07-12,20.18,logs/7-12 20.18/7-12 20.18.csv,1.85,14.2578,164,-0.3763323170731707,-1.171875,,5.877307183620429
2026-07-12,20.18,logs/7-12 20.18/7-12 20.18.csv,1.85,15.6572,4546,-1.7706148152221732,-2.34375,,5.016778507641389
2026-07-12,20.18,logs/7-12 20.18/7-12 20.18.csv,1.85,17.5491,4797,-3.1279312695434647,-3.90625,,4.231110259094686
2026-07-12,20.18,logs/7-12 20.18/7-12 20.18.csv,1.85,19.9302,3,-4.427083333333333,-6.25,,4.577707247720559
2026-07-12,20.18,logs/7-12 20.18/7-12 20.18.csv,1.85,22.0675,1,0.78125,0.78125,,
2026-07-12,20.18,logs/7-12 20.18/7-12 20.18.csv,1.91,6.4361,2,-0.390625,-0.390625,,7.181553246425874
2026-07-12,20.18,logs/7-12 20.18/7-12 20.18.csv,1.91,7.5789,3,1.8229166666666667,4.6875,,4.961603875848346
2026-07-12,20.18,logs/7-12 20.18/7-12 20.18.csv,1.91,8.1077,2,-0.78125,-0.78125,,6.629126073623883
2026-07-12,20.18,logs/7-12 20.18/7-12 20.18.csv,1.91,9.2674,1,-1.5625,-1.5625,,
2026-07-12,20.18,logs/7-12 20.18/7-12 20.18.csv,1.91,9.9646,2,-0.390625,-0.390625,,1.6572815184059708
2026-07-12,20.18,logs/7-12 20.18/7-12 20.18.csv,1.91,11.0771,1,-1.5625,-1.5625,,
2026-07-12,20.18,logs/7-12 20.18/7-12 20.18.csv,1.91,11.8935,7,-0.78125,-2.34375,,4.109305686994662
2026-07-12,20.18,logs/7-12 20.18/7-12 20.18.csv,1.91,14.2578,8,-0.09765625,0.0,,4.769328552130755
2026-07-12,20.18,logs/7-12 20.18/7-12 20.18.csv,1.91,15.6572,30,-1.796873333333333,-1.5625,,6.196397958195821
2026-07-12,20.18,logs/7-12 20.18/7-12 20.18.csv,1.91,17.5491,5760,-2.2393114149305555,-3.125,,4.973740104078628
2026-07-12,20.18,logs/7-12 20.18/7-12 20.18.csv,1.91,19.9302,3276,-3.3169735500610504,-3.90625,,4.034679014241464
2026-07-12,20.18,logs/7-12 20.18/7-12 20.18.csv,1.91,22.0675,2,-9.76565,-9.76565,,4.971879910556972
2026-07-12,20.18,logs/7-12 20.18/7-12 20.18.csv,1.91,24.2801,1,3.125,3.125,,
2026-07-12,20.18,logs/7-12 20.18/7-12 20.18.csv,1.91,27.1728,3,-1.8229166666666667,-3.90625,,4.302789490067267
2026-07-12,20.18,logs/7-12 20.18/7-12 20.18.csv,1.9888,5.6028,1,-1.5625,-1.5625,,
2026-07-12,20.18,logs/7-12 20.18/7-12 20.18.csv,1.9888,7.5789,1,-1.5625,-1.5625,,
2026-07-12,20.18,logs/7-12 20.18/7-12 20.18.csv,1.9888,9.2674,1,-15.625,-15.625,,
2026-07-12,20.18,logs/7-12 20.18/7-12 20.18.csv,1.9888,9.9646,1,5.46875,5.46875,,
2026-07-12,20.18,logs/7-12 20.18/7-12 20.18.csv,1.9888,11.0771,1,-10.9375,-10.9375,,
2026-07-12,20.18,logs/7-12 20.18/7-12 20.18.csv,1.9888,11.8935,2,-2.734375,-2.734375,,4.9718445552179125
2026-07-12,20.18,logs/7-12 20.18/7-12 20.18.csv,1.9888,14.2578,7,-2.9017857142857144,-2.34375,,2.619005343273518
2026-07-12,20.18,logs/7-12 20.18/7-12 20.18.csv,1.9888,15.6572,8,-2.734375,-1.953125,,3.2346823094172854
2026-07-12,20.18,logs/7-12 20.18/7-12 20.18.csv,1.9888,17.5491,97,-1.1678458762886597,-1.5625,,5.666451936317593
2026-07-12,20.18,logs/7-12 20.18/7-12 20.18.csv,1.9888,19.9302,8044,-2.649781364992541,-3.125,,4.25732861817102
2026-07-12,20.18,logs/7-12 20.18/7-12 20.18.csv,1.9888,22.0675,1541,-3.078865184944841,-3.90625,,3.328740472010366
2026-07-12,20.18,logs/7-12 20.18/7-12 20.18.csv,1.9888,24.2801,6,-0.520825,-1.953125,,5.860261210795129
2026-07-12,20.18,logs/7-12 20.18/7-12 20.18.csv,1.9888,27.1728,1,3.125,3.125,,
2026-07-12,20.18,logs/7-12 20.18/7-12 20.18.csv,2.05,7.5789,1,-0.78125,-0.78125,,
2026-07-12,20.18,logs/7-12 20.18/7-12 20.18.csv,2.05,8.1077,1,10.9375,10.9375,,
2026-07-12,20.18,logs/7-12 20.18/7-12 20.18.csv,2.05,9.2674,1,4.6875,4.6875,,
2026-07-12,20.18,logs/7-12 20.18/7-12 20.18.csv,2.05,9.9646,2,1.953125,1.953125,,2.762135864009952
2026-07-12,20.18,logs/7-12 20.18/7-12 20.18.csv,2.05,11.0771,1,5.46875,5.46875,,
2026-07-12,20.18,logs/7-12 20.18/7-12 20.18.csv,2.05,11.8935,1,3.125,3.125,,
2026-07-12,20.18,logs/7-12 20.18/7-12 20.18.csv,2.05,14.2578,5,-0.9375,-2.34375,,4.398652581331015
2026-07-12,20.18,logs/7-12 20.18/7-12 20.18.csv,2.05,15.6572,4,0.5859375,0.0,,2.418512450651915
2026-07-12,20.18,logs/7-12 20.18/7-12 20.18.csv,2.05,17.5491,12,-2.4088541666666665,-2.34375,,3.7609088095020535
2026-07-12,20.18,logs/7-12 20.18/7-12 20.18.csv,2.05,19.9302,387,-1.5968178294573645,-2.34375,,5.444741778844548
2026-07-12,20.18,logs/7-12 20.18/7-12 20.18.csv,2.05,22.0675,9743,-2.545737893872524,-3.125,,3.8039291645336575
2026-07-12,20.18,logs/7-12 20.18/7-12 20.18.csv,2.05,24.2801,4402,-2.601267980463426,-3.125,,3.1636100206848456
2026-07-12,20.18,logs/7-12 20.18/7-12 20.18.csv,2.05,27.1728,11,-1.349431818181818,-3.125,,6.73046679203132
2026-07-12,20.18,logs/7-12 20.18/7-12 20.18.csv,2.05,30.9147,2,-4.296875,-4.296875,,1.6572815184059708
2026-07-12,20.18,logs/7-12 20.18/7-12 20.18.csv,2.05,33.0568,2,-7.03125,-7.03125,,2.209708691207961
2026-07-12,20.18,logs/7-12 20.18/7-12 20.18.csv,2.05,36.822,1,-2.34375,-2.34375,,
2026-07-12,20.18,logs/7-12 20.18/7-12 20.18.csv,2.1152,6.4361,1,-6.25,-6.25,,
2026-07-12,20.18,logs/7-12 20.18/7-12 20.18.csv,2.1152,9.2674,1,-3.125,-3.125,,
2026-07-12,20.18,logs/7-12 20.18/7-12 20.18.csv,2.1152,11.0771,1,14.06255,14.06255,,
2026-07-12,20.18,logs/7-12 20.18/7-12 20.18.csv,2.1152,14.2578,5,1.5625,2.34375,,1.832193656181028
2026-07-12,20.18,logs/7-12 20.18/7-12 20.18.csv,2.1152,15.6572,7,-1.8973214285714288,-1.5625,,6.065927786473746
2026-07-12,20.18,logs/7-12 20.18/7-12 20.18.csv,2.1152,17.5491,4,-1.7578125,-1.953125,,0.7479899279346391
2026-07-12,20.18,logs/7-12 20.18/7-12 20.18.csv,2.1152,19.9302,4,-0.390625,-0.78125,,3.464618410325539
2026-07-12,20.18,logs/7-12 20.18/7-12 20.18.csv,2.1152,22.0675,51,-3.0484049019607844,-2.34375,,6.197547101364013
2026-07-12,20.18,logs/7-12 20.18/7-12 20.18.csv,2.1152,24.2801,6871,-2.2640445422791444,-2.34375,,3.4585562532743914
2026-07-12,20.18,logs/7-12 20.18/7-12 20.18.csv,2.1152,27.1728,3968,-2.506182522681452,-3.125,,3.2982654106673737
2026-07-12,20.18,logs/7-12 20.18/7-12 20.18.csv,2.1152,30.9147,4,-1.7578125,-2.34375,,4.873689393805443
2026-07-12,20.18,logs/7-12 20.18/7-12 20.18.csv,2.1152,33.0568,1,-3.90625,-3.90625,,
2026-07-12,20.18,logs/7-12 20.18/7-12 20.18.csv,2.1682,7.5789,1,0.0,0.0,,
2026-07-12,20.18,logs/7-12 20.18/7-12 20.18.csv,2.1682,9.9646,1,-0.78125,-0.78125,,
2026-07-12,20.18,logs/7-12 20.18/7-12 20.18.csv,2.1682,11.8935,2,-5.078125,-5.078125,,0.5524271728019903
2026-07-12,20.18,logs/7-12 20.18/7-12 20.18.csv,2.1682,14.2578,2,5.46875,5.46875,,1.1048543456039803
2026-07-12,20.18,logs/7-12 20.18/7-12 20.18.csv,2.1682,15.6572,1,-7.03125,-7.03125,,
2026-07-12,20.18,logs/7-12 20.18/7-12 20.18.csv,2.1682,17.5491,4,-1.3671875,-0.390625,,5.464097723530544
2026-07-12,20.18,logs/7-12 20.18/7-12 20.18.csv,2.1682,19.9302,4,-1.3671875,-1.953125,,3.6295207981162383
2026-07-12,20.18,logs/7-12 20.18/7-12 20.18.csv,2.1682,22.0675,11,-1.9176136363636365,-2.34375,,4.326794080730611
2026-07-12,20.18,logs/7-12 20.18/7-12 20.18.csv,2.1682,24.2801,53,-3.316629245283019,-3.90625,,5.748974544441634
2026-07-12,20.18,logs/7-12 20.18/7-12 20.18.csv,2.1682,27.1728,9283,-2.6373820262846066,-3.125,,3.4475698033273794
2026-07-12,20.18,logs/7-12 20.18/7-12 20.18.csv,2.1682,30.9147,2560,-2.55798357421875,-3.125,,3.261666319075232
2026-07-12,20.18,logs/7-12 20.18/7-12 20.18.csv,2.1682,33.0568,2,-0.78125,-0.78125,,0.0
2026-07-12,20.18,logs/7-12 20.18/7-12 20.18.csv,2.1682,36.822,2,1.95315,1.95315,,4.971879910556972
2026-07-12,20.18,logs/7-12 20.18/7-12 20.18.csv,2.253,11.0771,1,-7.03125,-7.03125,,
2026-07-12,20.18,logs/7-12 20.18/7-12 20.18.csv,2.253,14.2578,1,-6.25,-6.25,,
2026-07-12,20.18,logs/7-12 20.18/7-12 20.18.csv,2.253,15.6572,1,-2.34375,-2.34375,,
2026-07-12,20.18,logs/7-12 20.18/7-12 20.18.csv,2.253,17.5491,6,-3.6458333333333335,-2.734375,,6.567458444228381
2026-07-12,20.18,logs/7-12 20.18/7-12 20.18.csv,2.253,19.9302,4,1.953125,2.34375,,3.746743377588064
2026-07-12,20.18,logs/7-12 20.18/7-12 20.18.csv,2.253,22.0675,3,-5.208333333333333,-2.34375,,4.961603875848346
2026-07-12,20.18,logs/7-12 20.18/7-12 20.18.csv,2.253,24.2801,9,-0.8680555555555556,-0.78125,,3.347645867755844
2026-07-12,20.18,logs/7-12 20.18/7-12 20.18.csv,2.253,27.1728,156,-2.8195115384615383,-3.90625,,5.337627516711552
2026-07-12,20.18,logs/7-12 20.18/7-12 20.18.csv,2.253,30.9147,10626,-2.547334274421231,-3.125,,3.605644370357152
2026-07-12,20.18,logs/7-12 20.18/7-12 20.18.csv,2.253,33.0568,1551,-2.5598407156673115,-3.125,,3.571347573706624
2026-07-12,20.18,logs/7-12 20.18/7-12 20.18.csv,2.253,36.822,4,-4.4922,-4.296875,,7.085316435064845
2026-07-12,20.18,logs/7-12 20.18/7-12 20.18.csv,2.2849,11.0771,1,-0.78125,-0.78125,,
2026-07-12,20.18,logs/7-12 20.18/7-12 20.18.csv,2.2849,11.8935,1,-2.34375,-2.34375,,
2026-07-12,20.18,logs/7-12 20.18/7-12 20.18.csv,2.2849,14.2578,1,4.6875,4.6875,,
2026-07-12,20.18,logs/7-12 20.18/7-12 20.18.csv,2.2849,15.6572,1,-2.34375,-2.34375,,
2026-07-12,20.18,logs/7-12 20.18/7-12 20.18.csv,2.2849,17.5491,2,-3.90625,-3.90625,,2.209708691207961
2026-07-12,20.18,logs/7-12 20.18/7-12 20.18.csv,2.2849,19.9302,3,1.5625166666666666,0.0,,7.928848631789696
2026-07-12,20.18,logs/7-12 20.18/7-12 20.18.csv,2.2849,22.0675,2,0.0,0.0,,1.1048543456039803
2026-07-12,20.18,logs/7-12 20.18/7-12 20.18.csv,2.2849,24.2801,7,-3.125,-5.46875,,5.1428170984717445
2026-07-12,20.18,logs/7-12 20.18/7-12 20.18.csv,2.2849,27.1728,9,-5.555555555555555,-6.25,,5.114718578490197
2026-07-12,20.18,logs/7-12 20.18/7-12 20.18.csv,2.2849,30.9147,183,-3.594605737704918,-3.90625,,4.294685772720655
2026-07-12,20.18,logs/7-12 20.18/7-12 20.18.csv,2.2849,33.0568,10847,-2.451354946068037,-3.125,,3.696606640013668
2026-07-12,20.18,logs/7-12 20.18/7-12 20.18.csv,2.2849,36.822,2232,-1.569850358422939,-2.34375,,3.3097234180483937
2026-07-12,20.18,logs/7-12 20.18/7-12 20.18.csv,2.2849,42.2183,5,3.59375,1.5625,,10.417317687989552
2026-07-12,20.18,logs/7-12 20.18/7-12 20.18.csv,2.3877,14.2578,1,-3.90625,-3.90625,,
2026-07-12,20.18,logs/7-12 20.18/7-12 20.18.csv,2.3877,17.5491,3,1.0416666666666667,-0.78125,,3.853814736184568
2026-07-12,20.18,logs/7-12 20.18/7-12 20.18.csv,2.3877,19.9302,3,1.8229166666666667,2.34375,,2.386758174456167
2026-07-12,20.18,logs/7-12 20.18/7-12 20.18.csv,2.3877,22.0675,3,4.947933333333333,0.78125,,8.605607728442735
2026-07-12,20.18,logs/7-12 20.18/7-12 20.18.csv,2.3877,24.2801,1,-3.90625,-3.90625,,
2026-07-12,20.18,logs/7-12 20.18/7-12 20.18.csv,2.3877,27.1728,7,2.7901857142857147,3.90625,,4.251839806651772
2026-07-12,20.18,logs/7-12 20.18/7-12 20.18.csv,2.3877,30.9147,8,-2.1484375,-3.125,,5.075978255029834
2026-07-12,20.18,logs/7-12 20.18/7-12 20.18.csv,2.3877,33.0568,154,-2.622769155844156,-3.125,,4.35822778584076
2026-07-12,20.18,logs/7-12 20.18/7-12 20.18.csv,2.3877,36.822,14818,-0.9292436091240384,-0.78125,,3.392934423974389
2026-07-12,20.18,logs/7-12 20.18/7-12 20.18.csv,2.3877,42.2183,248,-0.9324596774193548,-0.78125,,3.1434151417603893
2026-07-12,20.18,logs/7-12 20.18/7-12 20.18.csv,2.3877,47.3729,1,-0.78125,-0.78125,,
2026-07-12,20.18,logs/7-12 20.18/7-12 20.18.csv,2.449,17.5491,1,-1.5625,-1.5625,,
2026-07-12,20.18,logs/7-12 20.18/7-12 20.18.csv,2.449,22.0675,1,-10.9375,-10.9375,,
2026-07-12,20.18,logs/7-12 20.18/7-12 20.18.csv,2.449,24.2801,4,0.0,0.0,,2.7063293868263707
2026-07-12,20.18,logs/7-12 20.18/7-12 20.18.csv,2.449,27.1728,2,-3.90625,-3.90625,,2.209708691207961
2026-07-12,20.18,logs/7-12 20.18/7-12 20.18.csv,2.449,30.9147,3,0.5208333333333334,0.0,,3.157384284630766
2026-07-12,20.18,logs/7-12 20.18/7-12 20.18.csv,2.449,33.0568,7,-3.3482214285714287,-2.34375,,4.788731114280791
2026-07-12,20.18,logs/7-12 20.18/7-12 20.18.csv,2.449,36.822,852,-0.7271493544600939,-0.78125,,2.9264701089695584
2026-07-12,20.18,logs/7-12 20.18/7-12 20.18.csv,2.449,42.2183,8252,-1.004207252787203,-0.78125,,3.022906265317982
2026-07-12,20.18,logs/7-12 20.18/7-12 20.18.csv,2.449,47.3729,74,-0.4645263513513513,-0.78125,,2.9057270855855832
2026-07-12,20.18,logs/7-12 20.18/7-12 20.18.csv,2.5482,27.1728,2,3.906275,3.906275,,11.048578811378864
2026-07-12,20.18,logs/7-12 20.18/7-12 20.18.csv,2.5482,30.9147,3,1.8229166666666667,1.5625,,4.302789490067267
2026-07-12,20.18,logs/7-12 20.18/7-12 20.18.csv,2.5482,33.0568,3,-4.427083333333333,-4.6875,,2.743659831472068
2026-07-12,20.18,logs/7-12 20.18/7-12 20.18.csv,2.5482,36.822,8,-1.3671875,-1.5625,,1.303942125619188
2026-07-12,20.18,logs/7-12 20.18/7-12 20.18.csv,2.5482,42.2183,474,-0.6246701476793249,-0.78125,,2.3730124597732503
2026-07-12,20.18,logs/7-12 20.18/7-12 20.18.csv,2.5482,47.3729,3587,-0.6120189712851966,-0.78125,,1.8555341356843256
2026-07-12,20.18,logs/7-12 20.18/7-12 20.18.csv,2.5482,50.5261,203,-0.1693342364532019,-0.78125,,2.563249728917344
2026-07-12,20.18,logs/7-12 20.18/7-12 20.18.csv,2.62,27.1728,1,-9.375,-9.375,,
2026-07-12,20.18,logs/7-12 20.18/7-12 20.18.csv,2.62,33.0568,3,4.166666666666667,4.6875,,4.709151385423209
2026-07-12,20.18,logs/7-12 20.18/7-12 20.18.csv,2.62,36.822,2,-1.5625,-1.5625,,0.0
2026-07-12,20.18,logs/7-12 20.18/7-12 20.18.csv,2.62,42.2183,3,-2.864583333333333,-3.90625,,1.8042195912175805
2026-07-12,20.18,logs/7-12 20.18/7-12 20.18.csv,2.62,47.3729,14,0.7254464285714286,-0.78125,,2.343034460371052
2026-07-12,20.18,logs/7-12 20.18/7-12 20.18.csv,2.62,50.5261,1114,-0.6297687612208259,-0.78125,,1.4500258824231782
2026-07-12,20.18,logs/7-12 20.18/7-12 20.18.csv,2.62,57.3682,9,1.5625055555555556,-0.78125,,4.367330330880385
2026-07-12,20.18,logs/7-12 20.18/7-12 20.18.csv,2.7327,36.822,2,-1.5625,-1.5625,,0.0
2026-07-12,20.18,logs/7-12 20.18/7-12 20.18.csv,2.7327,42.2183,2,3.51565,3.51565,,7.181588601764933
2026-07-12,20.18,logs/7-12 20.18/7-12 20.18.csv,2.7327,47.3729,4,-3.515625,-1.953125,,3.405389799641151
2026-07-12,20.18,logs/7-12 20.18/7-12 20.18.csv,2.7327,50.5261,73,-1.0809075342465753,-0.78125,,2.0695759015649267
2026-07-12,20.18,logs/7-12 20.18/7-12 20.18.csv,2.7327,57.3682,652,-0.7788533742331288,-0.78125,,1.0971897067298255
2026-07-12,20.18,logs/7-12 20.18/7-12 20.18.csv,2.7327,73.8877,66,-0.4971590909090909,-0.78125,,2.0401817479541657
2026-07-12,20.18,logs/7-12 20.18/7-12 20.18.csv,2.8274,57.3682,7,-0.4464214285714286,-1.5625,,4.727648106868885
2026-07-12,20.18,logs/7-12 20.18/7-12 20.18.csv,2.8274,73.8877,221,-0.7494341628959277,-0.78125,,1.0057911246073687
2026-07-12,20.18,logs/7-12 20.18/7-12 20.18.csv,2.8274,80.0684,6,-0.78125,-0.78125,,0.0
2026-07-12,20.18,logs/7-12 20.18/7-12 20.18.csv,2.9125,57.3682,1,-0.78125,-0.78125,,
2026-07-12,20.18,logs/7-12 20.18/7-12 20.18.csv,2.9125,73.8877,12,-1.4322916666666667,-0.78125,,1.7574836603188886
2026-07-12,20.18,logs/7-12 20.18/7-12 20.18.csv,2.9125,80.0684,144,-0.8897569444444444,-0.78125,,0.8191793138276782
2026-07-12,20.18,logs/7-12 20.18/7-12 20.18.csv,2.9125,84.9893,10,-0.9375,-0.78125,,0.3294039229342062
2026-07-12,20.18,logs/7-12 20.18/7-12 20.18.csv,2.99,73.8877,1,-6.25,-6.25,,
2026-07-12,20.18,logs/7-12 20.18/7-12 20.18.csv,2.99,80.0684,5,-1.5625,-0.78125,,1.746928107421711
2026-07-12,20.18,logs/7-12 20.18/7-12 20.18.csv,2.99,84.9893,58,-0.7408405172413793,-0.78125,,0.5557590918716251
2026-07-12,20.18,logs/7-12 20.18/7-12 20.18.csv,2.99,90.132,3,-1.0416666666666667,-0.78125,,0.4510548978043951
2026-07-12,20.18,logs/7-12 20.18/7-12 20.18.csv,3.0654,84.9893,2,-0.78125,-0.78125,,0.0
2026-07-12,20.18,logs/7-12 20.18/7-12 20.18.csv,3.0654,90.132,40,-0.8984375,-0.78125,,0.7411588266019641
2026-07-12,20.18,logs/7-12 20.18/7-12 20.18.csv,3.1508,90.132,1,-0.78125,-0.78125,,
2026-07-12,20.18,logs/7-12 20.18/7-12 20.18.csv,3.1508,110.681,26,-0.9915865384615384,-0.78125,,1.072510114036944
2026-07-15,20.18a,logs/7-15 20.18a/7-15 20.18a.csv,1.28,3.5071,1,0.78125,0.78125,,
2026-07-15,20.18a,logs/7-15 20.18a/7-15 20.18a.csv,1.3948,4.3333,1,3.90625,3.90625,,
2026-07-15,20.18a,logs/7-15 20.18a/7-15 20.18a.csv,1.3948,5.3437,2,-2.34375,-2.34375,,3.3145630368119416
2026-07-15,20.18a,logs/7-15 20.18a/7-15 20.18a.csv,1.3948,5.6028,2,-3.125,-3.125,,1.1048543456039803
2026-07-15,20.18a,logs/7-15 20.18a/7-15 20.18a.csv,1.3948,9.2674,1,-3.90625,-3.90625,,
2026-07-15,20.18a,logs/7-15 20.18a/7-15 20.18a.csv,1.45,3.9996,1,1.5625,1.5625,,
2026-07-15,20.18a,logs/7-15 20.18a/7-15 20.18a.csv,1.45,5.3437,1,3.90625,3.90625,,
2026-07-15,20.18a,logs/7-15 20.18a/7-15 20.18a.csv,1.45,5.6028,4,-2.734375,-3.125,,3.90625
2026-07-15,20.18a,logs/7-15 20.18a/7-15 20.18a.csv,1.45,6.4361,2,0.78125,0.78125,,3.3145630368119416
2026-07-15,20.18a,logs/7-15 20.18a/7-15 20.18a.csv,1.4801,5.6028,2,-1.953125,-1.953125,,2.762135864009952
2026-07-15,20.18a,logs/7-15 20.18a/7-15 20.18a.csv,1.4801,6.4361,3,-1.5625,0.0,,4.878904686248749
2026-07-15,20.18a,logs/7-15 20.18a/7-15 20.18a.csv,1.4801,7.5789,7,1.0044642857142858,2.34375,,4.343129023787101
2026-07-15,20.18a,logs/7-15 20.18a/7-15 20.18a.csv,1.4801,8.1077,3,-3.125,-1.5625,,2.7063293868263707
2026-07-15,20.18a,logs/7-15 20.18a/7-15 20.18a.csv,1.5473,5.3437,1,-4.6875,-4.6875,,
2026-07-15,20.18a,logs/7-15 20.18a/7-15 20.18a.csv,1.5473,6.4361,4,-1.953125,-1.5625,,5.162559271249742
2026-07-15,20.18a,logs/7-15 20.18a/7-15 20.18a.csv,1.5473,7.5789,12,-1.953125,-3.125,,4.946670496978935
2026-07-15,20.18a,logs/7-15 20.18a/7-15 20.18a.csv,1.5473,8.1077,42,-2.008928571428572,-1.5625,,4.732201921760113
2026-07-15,20.18a,logs/7-15 20.18a/7-15 20.18a.csv,1.5473,9.2674,3,0.0,1.5625,,3.405389799641151
2026-07-15,20.18a,logs/7-15 20.18a/7-15 20.18a.csv,1.593,7.5789,2,1.953125,1.953125,,2.762135864009952
2026-07-15,20.18a,logs/7-15 20.18a/7-15 20.18a.csv,1.593,8.1077,25,-3.687502,-3.90625,,3.7705639636885446
2026-07-15,20.18a,logs/7-15 20.18a/7-15 20.18a.csv,1.593,9.2674,50,-1.515625,-0.78125,,3.8771556812511614
2026-07-15,20.18a,logs/7-15 20.18a/7-15 20.18a.csv,1.593,9.9646,6,-0.9114583333333334,0.390625,,3.996356576360106
2026-07-15,20.18a,logs/7-15 20.18a/7-15 20.18a.csv,1.593,11.8935,1,-5.46875,-5.46875,,
2026-07-15,20.18a,logs/7-15 20.18a/7-15 20.18a.csv,1.6417,8.1077,2,-1.171875,-1.171875,,1.6572815184059708
2026-07-15,20.18a,logs/7-15 20.18a/7-15 20.18a.csv,1.6417,9.2674,31,-2.872985483870968,-3.125,,4.351629157840267
2026-07-15,20.18a,logs/7-15 20.18a/7-15 20.18a.csv,1.6417,9.9646,111,-1.4217346846846846,-0.78125,,3.5163334414544054
2026-07-15,20.18a,logs/7-15 20.18a/7-15 20.18a.csv,1.6417,11.0771,43,-0.6359011627906976,-0.78125,,3.9368437881531495
2026-07-15,20.18a,logs/7-15 20.18a/7-15 20.18a.csv,1.6417,11.8935,1,-0.78125,-0.78125,,
2026-07-15,20.18a,logs/7-15 20.18a/7-15 20.18a.csv,1.68,9.2674,1,8.59375,8.59375,,
2026-07-15,20.18a,logs/7-15 20.18a/7-15 20.18a.csv,1.68,9.9646,11,-3.2670454545454546,-3.125,,3.934556529677426
2026-07-15,20.18a,logs/7-15 20.18a/7-15 20.18a.csv,1.68,11.0771,194,-0.3382711340206185,-0.78125,,4.104675305886338
2026-07-15,20.18a,logs/7-15 20.18a/7-15 20.18a.csv,1.68,11.8935,33,0.0710257575757575,-0.78125,,4.347031032769687
2026-07-15,20.18a,logs/7-15 20.18a/7-15 20.18a.csv,1.7451,11.0771,26,-1.2620192307692308,-1.953125,,5.299049715242855
2026-07-15,20.18a,logs/7-15 20.18a/7-15 20.18a.csv,1.7451,11.8935,316,0.3214009493670886,0.78125,,4.208432045729491
2026-07-15,20.18a,logs/7-15 20.18a/7-15 20.18a.csv,1.7451,14.2578,13,-2.7644192307692306,-5.46875,,7.03570688519576
2026-07-15,20.18a,logs/7-15 20.18a/7-15 20.18a.csv,1.7451,15.6572,1,-6.25,-6.25,,
2026-07-15,20.18a,logs/7-15 20.18a/7-15 20.18a.csv,1.81,11.0771,4,-3.90625,-6.640625,,7.992713152720213
2026-07-15,20.18a,logs/7-15 20.18a/7-15 20.18a.csv,1.81,11.8935,46,-3.0910326086956523,-4.6875,,4.017365873654269
2026-07-15,20.18a,logs/7-15 20.18a/7-15 20.18a.csv,1.81,14.2578,291,-2.800151546391753,-2.34375,,5.0644718468981
2026-07-15,20.18a,logs/7-15 20.18a/7-15 20.18a.csv,1.81,15.6572,39,-4.246797435897436,-3.90625,,5.106659657933642
2026-07-15,20.18a,logs/7-15 20.18a/7-15 20.18a.csv,1.85,11.8935,5,-1.40625,-6.25,,8.565293796041091
2026-07-15,20.18a,logs/7-15 20.18a/7-15 20.18a.csv,1.85,14.2578,29,-2.3976275862068963,-1.5625,,4.059128574530371
2026-07-15,20.18a,logs/7-15 20.18a/7-15 20.18a.csv,1.85,15.6572,383,-2.8659456919060053,-3.125,,5.533077179933232
2026-07-15,20.18a,logs/7-15 20.18a/7-15 20.18a.csv,1.85,17.5491,204,-5.028344362745098,-4.6875,,6.940265770720284
2026-07-15,20.18a,logs/7-15 20.18a/7-15 20.18a.csv,1.85,19.9302,3,-5.46875,-4.6875,,5.122998847110938
2026-07-15,20.18a,logs/7-15 20.18a/7-15 20.18a.csv,1.91,14.2578,4,-3.7109375,-3.90625,,2.581279635624871
2026-07-15,20.18a,logs/7-15 20.18a/7-15 20.18a.csv,1.91,15.6572,11,-3.6931818181818175,-3.90625,,6.433734004342763
2026-07-15,20.18a,logs/7-15 20.18a/7-15 20.18a.csv,1.91,17.5491,679,-5.980768041237114,-5.46875,,6.134676526476416
2026-07-15,20.18a,logs/7-15 20.18a/7-15 20.18a.csv,1.91,19.9302,127,-4.552166535433071,-4.6875,,3.3176252744080483
2026-07-15,20.18a,logs/7-15 20.18a/7-15 20.18a.csv,1.9888,8.1077,1,-4.6875,-4.6875,,
2026-07-15,20.18a,logs/7-15 20.18a/7-15 20.18a.csv,1.9888,17.5491,25,-4.312502,-3.90625,,4.003480939821828
2026-07-15,20.18a,logs/7-15 20.18a/7-15 20.18a.csv,1.9888,19.9302,605,-3.753876611570248,-3.90625,,4.194293819841809
2026-07-15,20.18a,logs/7-15 20.18a/7-15 20.18a.csv,1.9888,22.0675,64,-3.7109375,-3.90625,,1.8466776258914963
2026-07-15,20.18a,logs/7-15 20.18a/7-15 20.18a.csv,2.05,17.5491,1,9.37505,9.37505,,
2026-07-15,20.18a,logs/7-15 20.18a/7-15 20.18a.csv,2.05,19.9302,71,-3.3890852112676053,-3.90625,,3.6259819144749743
2026-07-15,20.18a,logs/7-15 20.18a/7-15 20.18a.csv,2.05,22.0675,762,-3.0245246062992126,-3.90625,,3.2433108413991247
2026-07-15,20.18a,logs/7-15 20.18a/7-15 20.18a.csv,2.05,24.2801,343,-2.63301749271137,-3.125,,2.847705172536847
2026-07-15,20.18a,logs/7-15 20.18a/7-15 20.18a.csv,2.05,27.1728,1,-10.15625,-10.15625,,
2026-07-15,20.18a,logs/7-15 20.18a/7-15 20.18a.csv,2.1152,17.5491,1,-3.90625,-3.90625,,
2026-07-15,20.18a,logs/7-15 20.18a/7-15 20.18a.csv,2.1152,22.0675,10,-4.21875,-3.515625,,3.5363010826599908
2026-07-15,20.18a,logs/7-15 20.18a/7-15 20.18a.csv,2.1152,24.2801,621,-2.865841867954911,-3.125,,3.5061867167577465
2026-07-15,20.18a,logs/7-15 20.18a/7-15 20.18a.csv,2.1152,27.1728,231,-1.8127705627705628,-2.34375,,2.701566749503145
2026-07-15,20.18a,logs/7-15 20.18a/7-15 20.18a.csv,2.1682,24.2801,5,-5.0,-3.90625,,5.861978588220022
2026-07-15,20.18a,logs/7-15 20.18a/7-15 20.18a.csv,2.1682,27.1728,659,-1.851764339908953,-2.34375,,3.427607991208096
2026-07-15,20.18a,logs/7-15 20.18a/7-15 20.18a.csv,2.1682,30.9147,99,-1.8071338383838385,-2.34375,,2.8049751959490123
2026-07-15,20.18a,logs/7-15 20.18a/7-15 20.18a.csv,2.253,27.1728,27,-2.8645851851851853,-2.34375,,4.576001274076417
2026-07-15,20.18a,logs/7-15 20.18a/7-15 20.18a.csv,2.253,30.9147,540,-2.777778888888889,-2.34375,,3.8464163056538094
2026-07-15,20.18a,logs/7-15 20.18a/7-15 20.18a.csv,2.253,33.0568,37,-2.343751351351352,-1.5625,,4.4992608864538095
2026-07-15,20.18a,logs/7-15 20.18a/7-15 20.18a.csv,2.2849,30.9147,33,-3.669507575757576,-3.125,,4.721905701225824
2026-07-15,20.18a,logs/7-15 20.18a/7-15 20.18a.csv,2.2849,33.0568,661,-3.656866641452345,-3.90625,,5.139912765247967
2026-07-15,20.18a,logs/7-15 20.18a/7-15 20.18a.csv,2.2849,36.822,71,0.506168309859155,-1.5625,,6.800668269275556
2026-07-15,20.18a,logs/7-15 20.18a/7-15 20.18a.csv,2.3877,33.0568,37,-5.1309162162162165,-3.90625,,6.767185434517545
2026-07-15,20.18a,logs/7-15 20.18a/7-15 20.18a.csv,2.3877,36.822,703,-1.788095874822191,-1.5625,,6.102362972653413
2026-07-15,20.18a,logs/7-15 20.18a/7-15 20.18a.csv,2.3877,42.2183,5,1.875,2.34375,,5.783361101038046
2026-07-15,20.18a,logs/7-15 20.18a/7-15 20.18a.csv,2.449,36.822,46,-1.4606,0.0,,5.2203253827281255
2026-07-15,20.18a,logs/7-15 20.18a/7-15 20.18a.csv,2.449,42.2183,507,-0.1756661735700197,0.0,,3.924792590851184
2026-07-15,20.18a,logs/7-15 20.18a/7-15 20.18a.csv,2.449,47.3729,6,-0.5208333333333334,0.0,,1.6876928902103805
2026-07-15,20.18a,logs/7-15 20.18a/7-15 20.18a.csv,2.5482,42.2183,47,-0.2992031914893617,0.0,,3.223458521600476
2026-07-15,20.18a,logs/7-15 20.18a/7-15 20.18a.csv,2.5482,47.3729,266,-0.135103947368421,0.0,,1.8760136352024448
2026-07-15,20.18a,logs/7-15 20.18a/7-15 20.18a.csv,2.5482,50.5261,13,0.0,0.0,,0.0
2026-07-15,20.18a,logs/7-15 20.18a/7-15 20.18a.csv,2.62,47.3729,5,1.40625,0.0,,3.14447059335908
2026-07-15,20.18a,logs/7-15 20.18a/7-15 20.18a.csv,2.62,50.5261,114,0.0068530701754385,0.0,,0.7812196760921344
2026-07-15,20.18a,logs/7-15 20.18a/7-15 20.18a.csv,2.62,57.3682,1,0.0,0.0,,
2026-07-15,20.18a,logs/7-15 20.18a/7-15 20.18a.csv,2.7327,50.5261,15,0.6770833333333334,0.0,,1.7929077581310944
2026-07-15,20.18a,logs/7-15 20.18a/7-15 20.18a.csv,2.7327,57.3682,89,0.0,0.0,,0.0
2026-07-15,20.18a,logs/7-15 20.18a/7-15 20.18a.csv,2.7327,73.8877,4,0.0,0.0,,0.0
2026-07-15,20.18a,logs/7-15 20.18a/7-15 20.18a.csv,2.8274,73.8877,37,0.0,0.0,,0.0
2026-07-15,20.18a,logs/7-15 20.18a/7-15 20.18a.csv,2.9125,73.8877,2,0.0,0.0,,0.0
2026-07-15,20.18a,logs/7-15 20.18a/7-15 20.18a.csv,2.9125,80.0684,6,0.0,0.0,,0.0
2026-07-15,20.18a,logs/7-15 20.18a/7-15 20.18a.csv,2.99,84.9893,11,0.0,0.0,,0.0
2026-07-15,20.18a,logs/7-15 20.18a/7-15 20.18a.csv,3.0654,90.132,7,0.0,0.0,,0.0
2026-07-15,20.18a,logs/7-15 20.18a/7-15 20.18a.csv,3.1508,110.681,8,0.0,0.0,,0.0
2026-07-15,20.18a,logs/7-15 20.18a/7-15 20.18a.csv,3.26,125.6816,5,0.0,0.0,,0.0
2026-07-15,20.18a,logs/7-15 20.18a/7-15 20.18a.csv,3.408,138.5191,5,0.0,0.0,,0.0
2026-07-15,20.18a,logs/7-15 20.18a/7-15 20.18a.csv,3.52,163.451,3,0.0,0.0,,0.0
2026-07-15,20.18a,logs/7-15 20.18a/7-15 20.18a.csv,3.6137,172.4018,3,0.0,0.0,,0.0
2026-07-15,20.18a,logs/7-15 20.18a/7-15 20.18a.csv,3.7098,177.8987,5,0.0,0.0,,0.0
2026-07-15,20.18a,logs/7-15 20.18a/7-15 20.18a.csv,3.7098,207.5802,2,0.0,0.0,,0.0
2026-07-15,20.18a,logs/7-15 20.18a/7-15 20.18a.csv,3.84,207.5802,9,0.0,0.0,,0.0
2026-07-16,20.18a,logs/7-16 20.18a/7-16 20.18a.csv,1.3948,5.3437,1,-2.34375,-2.34375,,
2026-07-16,20.18a,logs/7-16 20.18a/7-16 20.18a.csv,1.3948,5.6028,1,7.03125,7.03125,,
2026-07-16,20.18a,logs/7-16 20.18a/7-16 20.18a.csv,1.3948,6.4361,1,-7.03125,-7.03125,,
2026-07-16,20.18a,logs/7-16 20.18a/7-16 20.18a.csv,1.45,5.6028,3,-2.6041666666666665,-5.46875,,4.961603875848346
2026-07-16,20.18a,logs/7-16 20.18a/7-16 20.18a.csv,1.45,6.4361,6,-2.864583333333333,-3.90625,,4.932816871896489
2026-07-16,20.18a,logs/7-16 20.18a/7-16 20.18a.csv,1.45,7.5789,3,-7.03125,-7.03125,,0.0
2026-07-16,20.18a,logs/7-16 20.18a/7-16 20.18a.csv,1.4801,5.6028,1,-3.125,-3.125,,
2026-07-16,20.18a,logs/7-16 20.18a/7-16 20.18a.csv,1.4801,6.4361,1,7.03125,7.03125,,
2026-07-16,20.18a,logs/7-16 20.18a/7-16 20.18a.csv,1.4801,7.5789,11,-2.982959090909091,-2.34375,,3.678000765485115
2026-07-16,20.18a,logs/7-16 20.18a/7-16 20.18a.csv,1.4801,8.1077,1,-6.25,-6.25,,
2026-07-16,20.18a,logs/7-16 20.18a/7-16 20.18a.csv,1.5473,6.4361,1,-5.46875,-5.46875,,
2026-07-16,20.18a,logs/7-16 20.18a/7-16 20.18a.csv,1.5473,7.5789,10,-0.15625,-0.78125,,5.410152332780371
2026-07-16,20.18a,logs/7-16 20.18a/7-16 20.18a.csv,1.5473,8.1077,25,2.000012,1.5625,,6.418957072321667
2026-07-16,20.18a,logs/7-16 20.18a/7-16 20.18a.csv,1.5473,9.2674,5,5.3125,6.25,,3.095564493149836
2026-07-16,20.18a,logs/7-16 20.18a/7-16 20.18a.csv,1.593,7.5789,1,-3.125,-3.125,,
2026-07-16,20.18a,logs/7-16 20.18a/7-16 20.18a.csv,1.593,8.1077,12,0.9765666666666668,0.390625,,7.238328612429472
2026-07-16,20.18a,logs/7-16 20.18a/7-16 20.18a.csv,1.593,9.2674,101,4.331687128712871,4.6875,,4.873309314298929
2026-07-16,20.18a,logs/7-16 20.18a/7-16 20.18a.csv,1.593,9.9646,5,5.93752,2.34375,,5.315972762063402
2026-07-16,20.18a,logs/7-16 20.18a/7-16 20.18a.csv,1.6417,8.1077,1,-1.5625,-1.5625,,
2026-07-16,20.18a,logs/7-16 20.18a/7-16 20.18a.csv,1.6417,9.2674,20,-0.3124974999999999,-0.78125,,5.595920962147222
2026-07-16,20.18a,logs/7-16 20.18a/7-16 20.18a.csv,1.6417,9.9646,73,2.5577938356164385,1.5625,,5.705834847554355
2026-07-16,20.18a,logs/7-16 20.18a/7-16 20.18a.csv,1.6417,11.0771,30,2.0052066666666666,3.90625,,4.282447966685388
2026-07-16,20.18a,logs/7-16 20.18a/7-16 20.18a.csv,1.6417,11.8935,1,0.0,0.0,,
2026-07-16,20.18a,logs/7-16 20.18a/7-16 20.18a.csv,1.68,7.5789,1,3.125,3.125,,
2026-07-16,20.18a,logs/7-16 20.18a/7-16 20.18a.csv,1.68,9.9646,10,-1.17187,-3.125,,5.132928952914376
2026-07-16,20.18a,logs/7-16 20.18a/7-16 20.18a.csv,1.68,11.0771,87,0.3142954022988505,0.0,,4.56393368188595
2026-07-16,20.18a,logs/7-16 20.18a/7-16 20.18a.csv,1.68,11.8935,57,2.151864035087719,3.125,,4.400338924667322
2026-07-16,20.18a,logs/7-16 20.18a/7-16 20.18a.csv,1.7451,9.9646,1,-0.78125,-0.78125,,
2026-07-16,20.18a,logs/7-16 20.18a/7-16 20.18a.csv,1.7451,11.0771,11,-2.9119318181818183,-2.34375,,3.954250535959547
2026-07-16,20.18a,logs/7-16 20.18a/7-16 20.18a.csv,1.7451,11.8935,350,2.3839284285714286,3.90625,,4.480936116754453
2026-07-16,20.18a,logs/7-16 20.18a/7-16 20.18a.csv,1.7451,14.2578,105,2.7306561904761906,2.34375,,3.591798700831248
2026-07-16,20.18a,logs/7-16 20.18a/7-16 20.18a.csv,1.81,11.8935,33,0.0473484848484848,-0.78125,,3.797004572860791
2026-07-16,20.18a,logs/7-16 20.18a/7-16 20.18a.csv,1.81,14.2578,520,0.2388827884615384,0.78125,,3.975392360856011
2026-07-16,20.18a,logs/7-16 20.18a/7-16 20.18a.csv,1.81,15.6572,104,0.8338341346153846,0.0,,3.7321080666141793
2026-07-16,20.18a,logs/7-16 20.18a/7-16 20.18a.csv,1.85,14.2578,18,-1.2586805555555556,-0.78125,,3.8752343020298894
2026-07-16,20.18a,logs/7-16 20.18a/7-16 20.18a.csv,1.85,15.6572,354,-2.145127118644068,-1.5625,,3.662763468573001
2026-07-16,20.18a,logs/7-16 20.18a/7-16 20.18a.csv,1.85,17.5491,210,-2.9761904761904763,-3.125,,3.0979602405360787
2026-07-16,20.18a,logs/7-16 20.18a/7-16 20.18a.csv,1.91,11.8935,1,2.34375,2.34375,,
2026-07-16,20.18a,logs/7-16 20.18a/7-16 20.18a.csv,1.91,15.6572,4,-5.859375,-4.6875,,4.70915138542321
2026-07-16,20.18a,logs/7-16 20.18a/7-16 20.18a.csv,1.91,17.5491,305,-3.942112459016393,-3.90625,,4.078583547133273
2026-07-16,20.18a,logs/7-16 20.18a/7-16 20.18a.csv,1.91,19.9302,65,-3.641826923076923,-3.90625,,3.0735415437152485
2026-07-16,20.18a,logs/7-16 20.18a/7-16 20.18a.csv,1.9888,17.5491,14,-4.185267857142857,-3.515625,,3.607664623175281
2026-07-16,20.18a,logs/7-16 20.18a/7-16 20.18a.csv,1.9888,19.9302,477,-2.803983857442348,-2.34375,,3.550551695721817
2026-07-16,20.18a,logs/7-16 20.18a/7-16 20.18a.csv,1.9888,22.0675,68,-3.0215992647058822,-3.90625,,2.969254461033126
2026-07-16,20.18a,logs/7-16 20.18a/7-16 20.18a.csv,2.05,17.5491,1,0.0,0.0,,
2026-07-16,20.18a,logs/7-16 20.18a/7-16 20.18a.csv,2.05,19.9302,70,-3.73884,-3.125,,3.8178249085807625
2026-07-16,20.18a,logs/7-16 20.18a/7-16 20.18a.csv,2.05,22.0675,751,-3.3257742343541943,-3.125,,3.2600264204233955
2026-07-16,20.18a,logs/7-16 20.18a/7-16 20.18a.csv,2.05,24.2801,133,-4.652256390977444,-4.6875,,3.114426280812269
2026-07-16,20.18a,logs/7-16 20.18a/7-16 20.18a.csv,2.1152,17.5491,1,2.34375,2.34375,,
2026-07-16,20.18a,logs/7-16 20.18a/7-16 20.18a.csv,2.1152,19.9302,1,-0.78125,-0.78125,,
2026-07-16,20.18a,logs/7-16 20.18a/7-16 20.18a.csv,2.1152,22.0675,3,-4.6875,-4.6875,,3.90625
2026-07-16,20.18a,logs/7-16 20.18a/7-16 20.18a.csv,2.1152,24.2801,408,-3.8296577205882354,-4.296875,,3.4981647037346586
2026-07-16,20.18a,logs/7-16 20.18a/7-16 20.18a.csv,2.1152,27.1728,123,-3.550558943089431,-3.90625,,3.664731388894313
2026-07-16,20.18a,logs/7-16 20.18a/7-16 20.18a.csv,2.1682,24.2801,6,-5.859375,-6.640625,,4.809607491131684
2026-07-16,20.18a,logs/7-16 20.18a/7-16 20.18a.csv,2.1682,27.1728,354,-3.650247740112994,-3.125,,3.5150701532267274
2026-07-16,20.18a,logs/7-16 20.18a/7-16 20.18a.csv,2.1682,30.9147,104,-3.4029451923076923,-3.125,,3.949125963367056
2026-07-16,20.18a,logs/7-16 20.18a/7-16 20.18a.csv,2.253,27.1728,18,-4.079861111111111,-3.125,,3.298879848014169
2026-07-16,20.18a,logs/7-16 20.18a/7-16 20.18a.csv,2.253,30.9147,342,-4.356269590643275,-3.90625,,4.060934486160883
2026-07-16,20.18a,logs/7-16 20.18a/7-16 20.18a.csv,2.253,33.0568,48,-4.329427083333333,-4.6875,,2.5833750005576435
2026-07-16,20.18a,logs/7-16 20.18a/7-16 20.18a.csv,2.2849,30.9147,10,-5.859375,-6.640625,,3.108681350602428
2026-07-16,20.18a,logs/7-16 20.18a/7-16 20.18a.csv,2.2849,33.0568,463,-4.09354848812095,-3.90625,,4.69403664187418
2026-07-16,20.18a,logs/7-16 20.18a/7-16 20.18a.csv,2.2849,36.822,85,0.2757352941176471,0.78125,,2.9373186386143737
2026-07-16,20.18a,logs/7-16 20.18a/7-16 20.18a.csv,2.3877,33.0568,12,-7.356775,-8.59375,,3.701429815963015
2026-07-16,20.18a,logs/7-16 20.18a/7-16 20.18a.csv,2.3877,36.822,851,-1.6451230317273795,-1.5625,,3.8298138152263137
2026-07-16,20.18a,logs/7-16 20.18a/7-16 20.18a.csv,2.3877,42.2183,6,-3.515625,-3.125,,4.156073774459496
2026-07-16,20.18a,logs/7-16 20.18a/7-16 20.18a.csv,2.449,36.822,48,-2.7832041666666663,-1.5625,,4.512200989419514
2026-07-16,20.18a,logs/7-16 20.18a/7-16 20.18a.csv,2.449,42.2183,337,-1.8963299703264096,0.0,,3.965898155511284
2026-07-16,20.18a,logs/7-16 20.18a/7-16 20.18a.csv,2.5482,42.2183,34,-1.1718764705882354,0.0,,2.860819255653964
2026-07-16,20.18a,logs/7-16 20.18a/7-16 20.18a.csv,2.5482,47.3729,199,-0.73806608040201,0.0,,2.596102920836045
2026-07-16,20.18a,logs/7-16 20.18a/7-16 20.18a.csv,2.5482,50.5261,11,0.0,0.0,,0.0
2026-07-16,20.18a,logs/7-16 20.18a/7-16 20.18a.csv,2.62,47.3729,1,0.0,0.0,,
2026-07-16,20.18a,logs/7-16 20.18a/7-16 20.18a.csv,2.62,50.5261,80,0.0,0.0,,0.0
2026-07-16,20.18a,logs/7-16 20.18a/7-16 20.18a.csv,2.7327,50.5261,5,-0.15625,0.0,,0.3493856214843421
2026-07-16,20.18a,logs/7-16 20.18a/7-16 20.18a.csv,2.7327,57.3682,45,-0.1215277777777777,0.0,,0.6222318750378604
2026-07-16,20.18a,logs/7-16 20.18a/7-16 20.18a.csv,2.7327,73.8877,4,0.0,0.0,,0.0
2026-07-16,20.18a,logs/7-16 20.18a/7-16 20.18a.csv,2.8274,73.8877,22,0.0,0.0,,0.0
2026-07-16,20.18a,logs/7-16 20.18a/7-16 20.18a.csv,2.9125,73.8877,1,0.0,0.0,,
2026-07-16,20.18a,logs/7-16 20.18a/7-16 20.18a.csv,2.9125,80.0684,9,0.0,0.0,,0.0
2026-07-16,20.18a,logs/7-16 20.18a/7-16 20.18a.csv,2.99,80.0684,1,0.0,0.0,,
2026-07-16,20.18a,logs/7-16 20.18a/7-16 20.18a.csv,2.99,84.9893,3,0.0,0.0,,0.0
2026-07-16,20.18a,logs/7-16 20.18a/7-16 20.18a.csv,3.0654,90.132,3,0.0,0.0,,0.0
2026-07-16,20.18a,logs/7-16 20.18a/7-16 20.18a.csv,3.1508,110.681,4,0.0,0.0,,0.0
2026-07-16,20.18a,logs/7-16 20.18a/7-16 20.18a.csv,3.26,125.6816,3,0.0,0.0,,0.0
2026-07-16,20.18a,logs/7-16 20.18a/7-16 20.18a.csv,3.408,138.5191,3,0.0,0.0,,0.0
2026-07-17,20.18a,logs/7-17 20.18a/7-17 20.18a.csv,1.2201,3.5071,2,2.734375,2.734375,,2.762135864009952
2026-07-17,20.18a,logs/7-17 20.18a/7-17 20.18a.csv,1.28,3.5071,2,2.34375,2.34375,,1.1048543456039803
2026-07-17,20.18a,logs/7-17 20.18a/7-17 20.18a.csv,1.28,3.9996,2,-0.78125,-0.78125,,5.524271728019903
2026-07-17,20.18a,logs/7-17 20.18a/7-17 20.18a.csv,1.3021,3.5071,2,4.296875,4.296875,,0.5524271728019903
2026-07-17,20.18a,logs/7-17 20.18a/7-17 20.18a.csv,1.3021,3.9996,1,-0.78125,-0.78125,,
2026-07-17,20.18a,logs/7-17 20.18a/7-17 20.18a.csv,1.3021,4.3333,2,2.734375,2.734375,,3.866990209613932
2026-07-17,20.18a,logs/7-17 20.18a/7-17 20.18a.csv,1.3021,5.3437,2,0.78125,0.78125,,5.524271728019903
2026-07-17,20.18a,logs/7-17 20.18a/7-17 20.18a.csv,1.3628,3.9996,4,0.0,1.171875,,3.7737960276535
2026-07-17,20.18a,logs/7-17 20.18a/7-17 20.18a.csv,1.3628,4.3333,3,6.510416666666667,5.46875,,4.009063624567879
2026-07-17,20.18a,logs/7-17 20.18a/7-17 20.18a.csv,1.3948,4.3333,2,-0.78125,-0.78125,,6.629126073623883
2026-07-17,20.18a,logs/7-17 20.18a/7-17 20.18a.csv,1.3948,5.3437,8,1.36718125,2.734375,,5.408644185001945
2026-07-17,20.18a,logs/7-17 20.18a/7-17 20.18a.csv,1.3948,5.6028,3,2.083333333333333,3.125,,2.5113673856752485
2026-07-17,20.18a,logs/7-17 20.18a/7-17 20.18a.csv,1.45,4.3333,1,-0.78125,-0.78125,,
2026-07-17,20.18a,logs/7-17 20.18a/7-17 20.18a.csv,1.45,5.3437,3,1.3020833333333333,0.78125,,1.6263015620829162
2026-07-17,20.18a,logs/7-17 20.18a/7-17 20.18a.csv,1.45,5.6028,1,1.5625,1.5625,,
2026-07-17,20.18a,logs/7-17 20.18a/7-17 20.18a.csv,1.45,6.4361,5,0.46875,0.78125,,3.005528759636148
2026-07-17,20.18a,logs/7-17 20.18a/7-17 20.18a.csv,1.4801,5.6028,3,3.125,3.125,,7.8125
2026-07-17,20.18a,logs/7-17 20.18a/7-17 20.18a.csv,1.4801,6.4361,9,2.170138888888889,0.0,,4.875428444491941
2026-07-17,20.18a,logs/7-17 20.18a/7-17 20.18a.csv,1.4801,7.5789,9,0.5208333333333334,0.0,,3.886669676197734
2026-07-17,20.18a,logs/7-17 20.18a/7-17 20.18a.csv,1.4801,8.1077,1,0.0,0.0,,
2026-07-17,20.18a,logs/7-17 20.18a/7-17 20.18a.csv,1.5473,6.4361,6,2.2135416666666665,2.734375,,1.5162423570843373
2026-07-17,20.18a,logs/7-17 20.18a/7-17 20.18a.csv,1.5473,7.5789,18,0.7378472222222222,0.390625,,3.220866645726062
2026-07-17,20.18a,logs/7-17 20.18a/7-17 20.18a.csv,1.5473,8.1077,59,0.648835593220339,0.0,,3.1322436831184484
2026-07-17,20.18a,logs/7-17 20.18a/7-17 20.18a.csv,1.5473,9.2674,3,1.3020833333333333,3.125,,5.317858816839098
2026-07-17,20.18a,logs/7-17 20.18a/7-17 20.18a.csv,1.593,6.4361,1,0.78125,0.78125,,
2026-07-17,20.18a,logs/7-17 20.18a/7-17 20.18a.csv,1.593,7.5789,4,4.4921875,3.125,,4.436647145156464
2026-07-17,20.18a,logs/7-17 20.18a/7-17 20.18a.csv,1.593,8.1077,32,1.2939453125,0.390625,,3.4803583674478715
2026-07-17,20.18a,logs/7-17 20.18a/7-17 20.18a.csv,1.593,9.2674,96,0.6998692708333333,0.390625,,3.3959064796137457
2026-07-17,20.18a,logs/7-17 20.18a/7-17 20.18a.csv,1.593,9.9646,47,0.4155585106382978,0.78125,,3.717773180151854
2026-07-17,20.18a,logs/7-17 20.18a/7-17 20.18a.csv,1.6417,5.3437,1,1.5625,1.5625,,
2026-07-17,20.18a,logs/7-17 20.18a/7-17 20.18a.csv,1.6417,6.4361,1,-0.78125,-0.78125,,
2026-07-17,20.18a,logs/7-17 20.18a/7-17 20.18a.csv,1.6417,7.5789,2,0.78125,0.78125,,4.419417382415922
2026-07-17,20.18a,logs/7-17 20.18a/7-17 20.18a.csv,1.6417,8.1077,7,1.5625,0.78125,,1.8042195912175805
2026-07-17,20.18a,logs/7-17 20.18a/7-17 20.18a.csv,1.6417,9.2674,76,0.9765631578947368,0.78125,,3.2529175806483672
2026-07-17,20.18a,logs/7-17 20.18a/7-17 20.18a.csv,1.6417,9.9646,266,0.067550939849624,0.0,,4.361984276328044
2026-07-17,20.18a,logs/7-17 20.18a/7-17 20.18a.csv,1.6417,11.0771,216,-0.976562962962963,0.0,,5.11731946284458
2026-07-17,20.18a,logs/7-17 20.18a/7-17 20.18a.csv,1.6417,11.8935,60,-2.1875,-1.953125,,4.4932380634116775
2026-07-17,20.18a,logs/7-17 20.18a/7-17 20.18a.csv,1.68,9.2674,1,1.5625,1.5625,,
2026-07-17,20.18a,logs/7-17 20.18a/7-17 20.18a.csv,1.68,9.9646,25,0.5625,0.0,,3.6121021443256094
2026-07-17,20.18a,logs/7-17 20.18a/7-17 20.18a.csv,1.68,11.0771,425,1.2316167058823528,2.34375,,6.00446979944379
2026-07-17,20.18a,logs/7-17 20.18a/7-17 20.18a.csv,1.68,11.8935,536,0.2579875,0.78125,,4.50665454974226
2026-07-17,20.18a,logs/7-17 20.18a/7-17 20.18a.csv,1.7451,9.2674,1,10.9375,10.9375,,
2026-07-17,20.18a,logs/7-17 20.18a/7-17 20.18a.csv,1.7451,9.9646,6,0.520825,0.78125,,4.626355094321014
2026-07-17,20.18a,logs/7-17 20.18a/7-17 20.18a.csv,1.7451,11.0771,68,0.4825360294117646,0.78125,,5.220813301633267
2026-07-17,20.18a,logs/7-17 20.18a/7-17 20.18a.csv,1.7451,11.8935,1540,1.0059865584415584,1.5625,,4.863379383935631
2026-07-17,20.18a,logs/7-17 20.18a/7-17 20.18a.csv,1.7451,14.2578,278,-0.4187276978417266,0.0,,3.618746900475271
2026-07-17,20.18a,logs/7-17 20.18a/7-17 20.18a.csv,1.81,9.2674,1,10.9375,10.9375,,
2026-07-17,20.18a,logs/7-17 20.18a/7-17 20.18a.csv,1.81,11.8935,202,1.0983915841584158,1.5625,,4.798489065968822
2026-07-17,20.18a,logs/7-17 20.18a/7-17 20.18a.csv,1.81,14.2578,2001,0.8526990254872563,0.78125,,4.171330189605026
2026-07-17,20.18a,logs/7-17 20.18a/7-17 20.18a.csv,1.81,15.6572,667,-0.8644113193403299,-1.5625,,4.006714304280901
2026-07-17,20.18a,logs/7-17 20.18a/7-17 20.18a.csv,1.85,8.1077,1,0.78125,0.78125,,
2026-07-17,20.18a,logs/7-17 20.18a/7-17 20.18a.csv,1.85,11.8935,1,-5.46875,-5.46875,,
2026-07-17,20.18a,logs/7-17 20.18a/7-17 20.18a.csv,1.85,14.2578,89,1.0358140449438202,0.78125,,3.960518383770131
2026-07-17,20.18a,logs/7-17 20.18a/7-17 20.18a.csv,1.85,15.6572,1541,0.2879626865671641,0.78125,,4.109112440366057
2026-07-17,20.18a,logs/7-17 20.18a/7-17 20.18a.csv,1.85,17.5491,1412,-1.5663724858356942,-2.34375,,4.310857931516866
2026-07-17,20.18a,logs/7-17 20.18a/7-17 20.18a.csv,1.85,19.9302,1,-3.125,-3.125,,
2026-07-17,20.18a,logs/7-17 20.18a/7-17 20.18a.csv,1.91,14.2578,5,6.5625,7.8125,,5.485465525481862
2026-07-17,20.18a,logs/7-17 20.18a/7-17 20.18a.csv,1.91,15.6572,7,3.906257142857143,1.5625,,7.131822391602104
2026-07-17,20.18a,logs/7-17 20.18a/7-17 20.18a.csv,1.91,17.5491,2173,-1.1663017947537966,-1.5625,,4.331274156643547
2026-07-17,20.18a,logs/7-17 20.18a/7-17 20.18a.csv,1.91,19.9302,1267,-1.184515232833465,-0.78125,,4.075876686736563
2026-07-17,20.18a,logs/7-17 20.18a/7-17 20.18a.csv,1.9888,14.2578,1,3.90625,3.90625,,
2026-07-17,20.18a,logs/7-17 20.18a/7-17 20.18a.csv,1.9888,15.6572,1,1.5625,1.5625,,
2026-07-17,20.18a,logs/7-17 20.18a/7-17 20.18a.csv,1.9888,17.5491,40,-1.44531125,-0.390625,,4.571038857200501
2026-07-17,20.18a,logs/7-17 20.18a/7-17 20.18a.csv,1.9888,19.9302,2908,-1.4727688445667126,-1.5625,,3.879841404002536
2026-07-17,20.18a,logs/7-17 20.18a/7-17 20.18a.csv,1.9888,22.0675,600,-1.78125,-2.34375,,3.4437665789377587
2026-07-17,20.18a,logs/7-17 20.18a/7-17 20.18a.csv,2.05,17.5491,2,8.59375,8.59375,,3.3145630368119416
2026-07-17,20.18a,logs/7-17 20.18a/7-17 20.18a.csv,2.05,19.9302,147,-1.2223639455782314,-1.5625,,3.770179220045073
2026-07-17,20.18a,logs/7-17 20.18a/7-17 20.18a.csv,2.05,22.0675,3709,-1.5123682394176328,-1.5625,,3.727292092826605
2026-07-17,20.18a,logs/7-17 20.18a/7-17 20.18a.csv,2.05,24.2801,2000,-2.011718675,-2.34375,,3.310542264241117
2026-07-17,20.18a,logs/7-17 20.18a/7-17 20.18a.csv,2.05,27.1728,1,6.25,6.25,,
2026-07-17,20.18a,logs/7-17 20.18a/7-17 20.18a.csv,2.1152,14.2578,1,-0.78125,-0.78125,,
2026-07-17,20.18a,logs/7-17 20.18a/7-17 20.18a.csv,2.1152,17.5491,1,6.25,6.25,,
2026-07-17,20.18a,logs/7-17 20.18a/7-17 20.18a.csv,2.1152,22.0675,11,-2.698868181818182,-0.78125,,3.9584683390342232
2026-07-17,20.18a,logs/7-17 20.18a/7-17 20.18a.csv,2.1152,24.2801,2688,-1.3023737537202382,-1.5625,,3.7305220739686864
2026-07-17,20.18a,logs/7-17 20.18a/7-17 20.18a.csv,2.1152,27.1728,1360,-1.8669574264705884,-2.34375,,3.406475845801342
2026-07-17,20.18a,logs/7-17 20.18a/7-17 20.18a.csv,2.1152,30.9147,2,-0.78125,-0.78125,,0.0
2026-07-17,20.18a,logs/7-17 20.18a/7-17 20.18a.csv,2.1682,9.2674,1,1.5625,1.5625,,
2026-07-17,20.18a,logs/7-17 20.18a/7-17 20.18a.csv,2.1682,14.2578,1,0.78125,0.78125,,
2026-07-17,20.18a,logs/7-17 20.18a/7-17 20.18a.csv,2.1682,17.5491,1,10.9375,10.9375,,
2026-07-17,20.18a,logs/7-17 20.18a/7-17 20.18a.csv,2.1682,19.9302,1,0.0,0.0,,
2026-07-17,20.18a,logs/7-17 20.18a/7-17 20.18a.csv,2.1682,24.2801,14,0.2232142857142857,0.0,,3.362777394701987
2026-07-17,20.18a,logs/7-17 20.18a/7-17 20.18a.csv,2.1682,27.1728,2657,-2.2476003951825367,-2.34375,,3.482089257040312
2026-07-17,20.18a,logs/7-17 20.18a/7-17 20.18a.csv,2.1682,30.9147,819,-1.8515332112332112,-2.34375,,3.92044702369916
2026-07-17,20.18a,logs/7-17 20.18a/7-17 20.18a.csv,2.253,27.1728,27,-3.0381944444444446,-3.90625,,2.794525002927542
2026-07-17,20.18a,logs/7-17 20.18a/7-17 20.18a.csv,2.253,30.9147,3060,-1.9194229901960784,-2.34375,,4.35413632198848
2026-07-17,20.18a,logs/7-17 20.18a/7-17 20.18a.csv,2.253,33.0568,547,-2.445154753199269,-3.125,,4.300424854489077
2026-07-17,20.18a,logs/7-17 20.18a/7-17 20.18a.csv,2.2849,22.0675,1,7.8125,7.8125,,
2026-07-17,20.18a,logs/7-17 20.18a/7-17 20.18a.csv,2.2849,27.1728,1,-3.90625,-3.90625,,
2026-07-17,20.18a,logs/7-17 20.18a/7-17 20.18a.csv,2.2849,30.9147,58,-2.8017241379310347,-3.125,,3.469357717647984
2026-07-17,20.18a,logs/7-17 20.18a/7-17 20.18a.csv,2.2849,33.0568,3092,-2.2679493369987065,-3.125,,3.808267835121173
2026-07-17,20.18a,logs/7-17 20.18a/7-17 20.18a.csv,2.2849,36.822,781,-0.7612423815620999,-1.5625,,4.209161209113291
2026-07-17,20.18a,logs/7-17 20.18a/7-17 20.18a.csv,2.3877,22.0675,1,-6.25,-6.25,,
2026-07-17,20.18a,logs/7-17 20.18a/7-17 20.18a.csv,2.3877,24.2801,1,-0.78125,-0.78125,,
2026-07-17,20.18a,logs/7-17 20.18a/7-17 20.18a.csv,2.3877,33.0568,55,-3.664773636363636,-3.125,,3.327745679730952
2026-07-17,20.18a,logs/7-17 20.18a/7-17 20.18a.csv,2.3877,36.822,4096,-0.3044109863281249,-1.5625,,4.5589377250233545
2026-07-17,20.18a,logs/7-17 20.18a/7-17 20.18a.csv,2.3877,42.2183,67,1.714089552238806,1.5625,,6.23109682774288
2026-07-17,20.18a,logs/7-17 20.18a/7-17 20.18a.csv,2.449,36.822,238,0.2855844537815126,-0.78125,,4.576079033727657
2026-07-17,20.18a,logs/7-17 20.18a/7-17 20.18a.csv,2.449,42.2183,3124,0.1788078745198463,0.0,,4.513873447155391
2026-07-17,20.18a,logs/7-17 20.18a/7-17 20.18a.csv,2.449,47.3729,46,0.5434782608695652,0.0,,3.268699398514681
2026-07-17,20.18a,logs/7-17 20.18a/7-17 20.18a.csv,2.5482,42.2183,175,-0.2410711428571428,0.0,,3.557209328701341
2026-07-17,20.18a,logs/7-17 20.18a/7-17 20.18a.csv,2.5482,47.3729,1875,0.1783338133333333,0.0,,2.3059487738408286
2026-07-17,20.18a,logs/7-17 20.18a/7-17 20.18a.csv,2.5482,50.5261,73,0.0107020547945205,0.0,,0.0914383962469769
2026-07-17,20.18a,logs/7-17 20.18a/7-17 20.18a.csv,2.62,47.3729,6,0.0,0.0,,0.0
2026-07-17,20.18a,logs/7-17 20.18a/7-17 20.18a.csv,2.62,50.5261,663,0.008248491704374,0.0,,0.2290955885786122
2026-07-17,20.18a,logs/7-17 20.18a/7-17 20.18a.csv,2.62,57.3682,1,0.0,0.0,,
2026-07-17,20.18a,logs/7-17 20.18a/7-17 20.18a.csv,2.7327,50.5261,67,0.0,0.0,,0.0
2026-07-17,20.18a,logs/7-17 20.18a/7-17 20.18a.csv,2.7327,57.3682,283,0.0,0.0,,0.0
2026-07-17,20.18a,logs/7-17 20.18a/7-17 20.18a.csv,2.7327,73.8877,10,0.0,0.0,,0.0
2026-07-17,20.18a,logs/7-17 20.18a/7-17 20.18a.csv,2.8274,57.3682,2,0.0,0.0,,0.0
2026-07-17,20.18a,logs/7-17 20.18a/7-17 20.18a.csv,2.8274,73.8877,74,0.0,0.0,,0.0
2026-07-17,20.18a,logs/7-17 20.18a/7-17 20.18a.csv,2.9125,57.3682,1,-0.78125,-0.78125,,
2026-07-17,20.18a,logs/7-17 20.18a/7-17 20.18a.csv,2.9125,73.8877,7,0.0,0.0,,0.0
2026-07-17,20.18a,logs/7-17 20.18a/7-17 20.18a.csv,2.9125,80.0684,68,0.0,0.0,,0.0
2026-07-17,20.18a,logs/7-17 20.18a/7-17 20.18a.csv,2.9125,84.9893,4,-0.1953125,0.0,,0.3906249999999999
2026-07-17,20.18a,logs/7-17 20.18a/7-17 20.18a.csv,2.99,80.0684,1,0.0,0.0,,
2026-07-17,20.18a,logs/7-17 20.18a/7-17 20.18a.csv,2.99,84.9893,17,0.0,0.0,,0.0
2026-07-17,20.18a,logs/7-17 20.18a/7-17 20.18a.csv,3.0654,90.132,2,0.0,0.0,,0.0
2026-07-17,20.18a,logs/7-17 20.18a/7-17 20.18a.csv,3.1508,110.681,3,0.0,0.0,,0.0
2026-07-17,20.18a,logs/7-17 20.18a/7-17 20.18a.csv,3.26,125.6816,6,0.0,0.0,,0.0
2026-07-17,20.18a,logs/7-17 2 20.18a/7-17 2 20.18a.csv,1.2201,3.5071,1,7.8125,7.8125,,
2026-07-17,20.18a,logs/7-17 2 20.18a/7-17 2 20.18a.csv,1.28,3.5071,1,3.90625,3.90625,,
2026-07-17,20.18a,logs/7-17 2 20.18a/7-17 2 20.18a.csv,1.28,3.9996,4,1.171875,1.953125,,4.349815908460955
2026-07-17,20.18a,logs/7-17 2 20.18a/7-17 2 20.18a.csv,1.3021,3.9996,2,-1.5625,-1.5625,,4.419417382415922
2026-07-17,20.18a,logs/7-17 2 20.18a/7-17 2 20.18a.csv,1.3021,4.3333,4,4.296875,4.6875,,2.888160548544119
2026-07-17,20.18a,logs/7-17 2 20.18a/7-17 2 20.18a.csv,1.3021,5.3437,1,0.0,0.0,,
2026-07-17,20.18a,logs/7-17 2 20.18a/7-17 2 20.18a.csv,1.3628,3.5071,1,7.8125,7.8125,,
2026-07-17,20.18a,logs/7-17 2 20.18a/7-17 2 20.18a.csv,1.3628,3.9996,1,-3.90625,-3.90625,,
2026-07-17,20.18a,logs/7-17 2 20.18a/7-17 2 20.18a.csv,1.3628,4.3333,2,-2.34375,-2.34375,,3.3145630368119416
2026-07-17,20.18a,logs/7-17 2 20.18a/7-17 2 20.18a.csv,1.3628,5.3437,11,-2.272727272727273,-3.90625,,4.453187300202162
2026-07-17,20.18a,logs/7-17 2 20.18a/7-17 2 20.18a.csv,1.3948,3.9996,2,1.171875,1.171875,,2.762135864009952
2026-07-17,20.18a,logs/7-17 2 20.18a/7-17 2 20.18a.csv,1.3948,4.3333,3,2.6041666666666665,1.5625,,4.773516348912334
2026-07-17,20.18a,logs/7-17 2 20.18a/7-17 2 20.18a.csv,1.3948,5.3437,8,-0.390625,0.390625,,4.399643603666746
2026-07-17,20.18a,logs/7-17 2 20.18a/7-17 2 20.18a.csv,1.3948,5.6028,7,1.2276785714285714,0.78125,,2.585498564567568
2026-07-17,20.18a,logs/7-17 2 20.18a/7-17 2 20.18a.csv,1.3948,6.4361,3,-1.3020833333333333,-1.5625,,3.522851369392886
2026-07-17,20.18a,logs/7-17 2 20.18a/7-17 2 20.18a.csv,1.45,4.3333,1,-3.90625,-3.90625,,
2026-07-17,20.18a,logs/7-17 2 20.18a/7-17 2 20.18a.csv,1.45,5.3437,3,-2.083333333333333,-2.34375,,1.1933790872280834
2026-07-17,20.18a,logs/7-17 2 20.18a/7-17 2 20.18a.csv,1.45,5.6028,9,0.78125,-0.78125,,4.878904686248749
2026-07-17,20.18a,logs/7-17 2 20.18a/7-17 2 20.18a.csv,1.45,6.4361,15,2.239583333333333,1.5625,,3.779952305853053
2026-07-17,20.18a,logs/7-17 2 20.18a/7-17 2 20.18a.csv,1.45,7.5789,5,2.5,3.125,,2.304356438086348
2026-07-17,20.18a,logs/7-17 2 20.18a/7-17 2 20.18a.csv,1.4801,5.3437,2,3.515625,3.515625,,2.762135864009952
2026-07-17,20.18a,logs/7-17 2 20.18a/7-17 2 20.18a.csv,1.4801,5.6028,1,-3.90625,-3.90625,,
2026-07-17,20.18a,logs/7-17 2 20.18a/7-17 2 20.18a.csv,1.4801,6.4361,16,1.123046875,1.5625,,4.230969475406662
2026-07-17,20.18a,logs/7-17 2 20.18a/7-17 2 20.18a.csv,1.4801,7.5789,61,3.419569672131148,3.90625,,3.009465638867342
2026-07-17,20.18a,logs/7-17 2 20.18a/7-17 2 20.18a.csv,1.4801,8.1077,2,1.5625,1.5625,,7.733980419227864
2026-07-17,20.18a,logs/7-17 2 20.18a/7-17 2 20.18a.csv,1.5473,5.3437,1,3.90625,3.90625,,
2026-07-17,20.18a,logs/7-17 2 20.18a/7-17 2 20.18a.csv,1.5473,5.6028,1,-3.125,-3.125,,
2026-07-17,20.18a,logs/7-17 2 20.18a/7-17 2 20.18a.csv,1.5473,6.4361,3,2.083333333333333,3.125,,3.2526031241658324
2026-07-17,20.18a,logs/7-17 2 20.18a/7-17 2 20.18a.csv,1.5473,7.5789,36,1.7144097222222223,1.5625,,3.3658287491200114
2026-07-17,20.18a,logs/7-17 2 20.18a/7-17 2 20.18a.csv,1.5473,8.1077,152,5.771999013157894,7.03125,,4.94191851054325
2026-07-17,20.18a,logs/7-17 2 20.18a/7-17 2 20.18a.csv,1.5473,9.2674,13,8.713942307692308,7.8125,,3.506152659305148
2026-07-17,20.18a,logs/7-17 2 20.18a/7-17 2 20.18a.csv,1.593,4.3333,1,5.46875,5.46875,,
2026-07-17,20.18a,logs/7-17 2 20.18a/7-17 2 20.18a.csv,1.593,5.3437,1,5.46875,5.46875,,
2026-07-17,20.18a,logs/7-17 2 20.18a/7-17 2 20.18a.csv,1.593,6.4361,1,-3.90625,-3.90625,,
2026-07-17,20.18a,logs/7-17 2 20.18a/7-17 2 20.18a.csv,1.593,7.5789,3,1.3020833333333333,0.0,,2.255274489021976
2026-07-17,20.18a,logs/7-17 2 20.18a/7-17 2 20.18a.csv,1.593,8.1077,37,4.28632027027027,2.34375,,4.678894152267111
2026-07-17,20.18a,logs/7-17 2 20.18a/7-17 2 20.18a.csv,1.593,9.2674,230,5.356660652173913,5.078125,,5.157553577443308
2026-07-17,20.18a,logs/7-17 2 20.18a/7-17 2 20.18a.csv,1.593,9.9646,85,5.110298823529412,4.6875,,4.700747092731115
2026-07-17,20.18a,logs/7-17 2 20.18a/7-17 2 20.18a.csv,1.6417,3.9996,1,4.6875,4.6875,,
2026-07-17,20.18a,logs/7-17 2 20.18a/7-17 2 20.18a.csv,1.6417,5.3437,1,-4.6875,-4.6875,,
2026-07-17,20.18a,logs/7-17 2 20.18a/7-17 2 20.18a.csv,1.6417,6.4361,3,2.083333333333333,4.6875,,5.201818842562026
2026-07-17,20.18a,logs/7-17 2 20.18a/7-17 2 20.18a.csv,1.6417,7.5789,1,9.375,9.375,,
2026-07-17,20.18a,logs/7-17 2 20.18a/7-17 2 20.18a.csv,1.6417,8.1077,2,5.078125,5.078125,,4.9718445552179125
2026-07-17,20.18a,logs/7-17 2 20.18a/7-17 2 20.18a.csv,1.6417,9.2674,62,3.0746,2.34375,,4.993179791245747
2026-07-17,20.18a,logs/7-17 2 20.18a/7-17 2 20.18a.csv,1.6417,9.9646,348,4.58198893678161,3.90625,,5.357569408150993
2026-07-17,20.18a,logs/7-17 2 20.18a/7-17 2 20.18a.csv,1.6417,11.0771,277,4.994926714801444,4.6875,,4.62675142621192
2026-07-17,20.18a,logs/7-17 2 20.18a/7-17 2 20.18a.csv,1.6417,11.8935,17,3.125,4.6875,,4.078244730043184
2026-07-17,20.18a,logs/7-17 2 20.18a/7-17 2 20.18a.csv,1.68,6.4361,1,-1.5625,-1.5625,,
2026-07-17,20.18a,logs/7-17 2 20.18a/7-17 2 20.18a.csv,1.68,7.5789,3,2.6041666666666665,0.78125,,3.1573842846307656
2026-07-17,20.18a,logs/7-17 2 20.18a/7-17 2 20.18a.csv,1.68,8.1077,2,4.296875,4.296875,,1.6572815184059708
2026-07-17,20.18a,logs/7-17 2 20.18a/7-17 2 20.18a.csv,1.68,9.2674,4,-0.5859375,-0.390625,,5.351229840633989
2026-07-17,20.18a,logs/7-17 2 20.18a/7-17 2 20.18a.csv,1.68,9.9646,18,3.732641666666667,2.734375,,5.781847456333385
2026-07-17,20.18a,logs/7-17 2 20.18a/7-17 2 20.18a.csv,1.68,11.0771,347,6.340065417867435,6.25,,5.685329687424558
2026-07-17,20.18a,logs/7-17 2 20.18a/7-17 2 20.18a.csv,1.68,11.8935,378,4.495288756613756,3.90625,,4.868465129422731
2026-07-17,20.18a,logs/7-17 2 20.18a/7-17 2 20.18a.csv,1.68,14.2578,1,0.0,0.0,,
2026-07-17,20.18a,logs/7-17 2 20.18a/7-17 2 20.18a.csv,1.7451,8.1077,1,7.03125,7.03125,,
2026-07-17,20.18a,logs/7-17 2 20.18a/7-17 2 20.18a.csv,1.7451,9.2674,4,-3.125,-2.734375,,3.059203157414253
2026-07-17,20.18a,logs/7-17 2 20.18a/7-17 2 20.18a.csv,1.7451,9.9646,2,-1.171875,-1.171875,,3.866990209613932
2026-07-17,20.18a,logs/7-17 2 20.18a/7-17 2 20.18a.csv,1.7451,11.0771,49,2.7264040816326527,1.5625,,5.207006618868592
2026-07-17,20.18a,logs/7-17 2 20.18a/7-17 2 20.18a.csv,1.7451,11.8935,1095,4.769552511415525,4.6875,,5.3708057615850455
2026-07-17,20.18a,logs/7-17 2 20.18a/7-17 2 20.18a.csv,1.7451,14.2578,133,3.9649936090225566,4.6875,,4.6315611309852684
2026-07-17,20.18a,logs/7-17 2 20.18a/7-17 2 20.18a.csv,1.81,7.5789,1,-3.125,-3.125,,
2026-07-17,20.18a,logs/7-17 2 20.18a/7-17 2 20.18a.csv,1.81,8.1077,1,-3.125,-3.125,,
2026-07-17,20.18a,logs/7-17 2 20.18a/7-17 2 20.18a.csv,1.81,9.2674,1,7.8125,7.8125,,
2026-07-17,20.18a,logs/7-17 2 20.18a/7-17 2 20.18a.csv,1.81,9.9646,1,7.03125,7.03125,,
2026-07-17,20.18a,logs/7-17 2 20.18a/7-17 2 20.18a.csv,1.81,11.0771,2,5.46875,5.46875,,2.209708691207961
2026-07-17,20.18a,logs/7-17 2 20.18a/7-17 2 20.18a.csv,1.81,11.8935,103,2.2679029126213592,2.34375,,5.6670554446585895
2026-07-17,20.18a,logs/7-17 2 20.18a/7-17 2 20.18a.csv,1.81,14.2578,897,3.590094481605352,3.125,,5.565805756105153
2026-07-17,20.18a,logs/7-17 2 20.18a/7-17 2 20.18a.csv,1.81,15.6572,306,3.053513888888889,3.125,,4.684392497774724
2026-07-17,20.18a,logs/7-17 2 20.18a/7-17 2 20.18a.csv,1.85,7.5789,3,-0.78125,3.90625,,8.118988160479113
2026-07-17,20.18a,logs/7-17 2 20.18a/7-17 2 20.18a.csv,1.85,11.8935,2,-1.953125,-1.953125,,3.866990209613932
2026-07-17,20.18a,logs/7-17 2 20.18a/7-17 2 20.18a.csv,1.85,14.2578,44,2.2372181818181818,1.5625,,5.453401672597113
2026-07-17,20.18a,logs/7-17 2 20.18a/7-17 2 20.18a.csv,1.85,15.6572,1122,2.0708010249554367,1.5625,,5.221012732033131
2026-07-17,20.18a,logs/7-17 2 20.18a/7-17 2 20.18a.csv,1.85,17.5491,1076,0.7616467936802974,0.0,,4.579072821842454
2026-07-17,20.18a,logs/7-17 2 20.18a/7-17 2 20.18a.csv,1.85,19.9302,2,-2.34375,-2.34375,,2.209708691207961
2026-07-17,20.18a,logs/7-17 2 20.18a/7-17 2 20.18a.csv,1.91,7.5789,1,-3.125,-3.125,,
2026-07-17,20.18a,logs/7-17 2 20.18a/7-17 2 20.18a.csv,1.91,8.1077,1,-6.25,-6.25,,
2026-07-17,20.18a,logs/7-17 2 20.18a/7-17 2 20.18a.csv,1.91,9.2674,2,4.6875,4.6875,,1.1048543456039803
2026-07-17,20.18a,logs/7-17 2 20.18a/7-17 2 20.18a.csv,1.91,9.9646,2,0.0,0.0,,5.524271728019903
2026-07-17,20.18a,logs/7-17 2 20.18a/7-17 2 20.18a.csv,1.91,11.8935,1,-3.125,-3.125,,
2026-07-17,20.18a,logs/7-17 2 20.18a/7-17 2 20.18a.csv,1.91,14.2578,3,0.0,1.5625,,6.394806853025352
2026-07-17,20.18a,logs/7-17 2 20.18a/7-17 2 20.18a.csv,1.91,15.6572,10,0.78125,1.171875,,3.2106322932130085
2026-07-17,20.18a,logs/7-17 2 20.18a/7-17 2 20.18a.csv,1.91,17.5491,1837,0.8782157321720196,0.78125,,5.473302197455204
2026-07-17,20.18a,logs/7-17 2 20.18a/7-17 2 20.18a.csv,1.91,19.9302,928,0.2475084051724138,0.0,,4.355554714984138
2026-07-17,20.18a,logs/7-17 2 20.18a/7-17 2 20.18a.csv,1.91,22.0675,1,0.78125,0.78125,,
2026-07-17,20.18a,logs/7-17 2 20.18a/7-17 2 20.18a.csv,1.9888,11.0771,1,1.5625,1.5625,,
2026-07-17,20.18a,logs/7-17 2 20.18a/7-17 2 20.18a.csv,1.9888,14.2578,4,2.7343875,2.734375,,7.397870611463702
2026-07-17,20.18a,logs/7-17 2 20.18a/7-17 2 20.18a.csv,1.9888,15.6572,2,-3.125,-3.125,,5.524271728019903
2026-07-17,20.18a,logs/7-17 2 20.18a/7-17 2 20.18a.csv,1.9888,17.5491,39,0.841348717948718,0.78125,,6.031295074415557
2026-07-17,20.18a,logs/7-17 2 20.18a/7-17 2 20.18a.csv,1.9888,19.9302,1832,0.5569392740174672,0.0,,5.368541262989198
2026-07-17,20.18a,logs/7-17 2 20.18a/7-17 2 20.18a.csv,1.9888,22.0675,329,1.208682066869301,0.78125,,3.9265681780632886
2026-07-17,20.18a,logs/7-17 2 20.18a/7-17 2 20.18a.csv,1.9888,24.2801,2,3.125,3.125,,5.524271728019903
2026-07-17,20.18a,logs/7-17 2 20.18a/7-17 2 20.18a.csv,2.05,9.9646,2,3.90625,3.90625,,5.524271728019903
2026-07-17,20.18a,logs/7-17 2 20.18a/7-17 2 20.18a.csv,2.05,11.0771,1,1.5625,1.5625,,
2026-07-17,20.18a,logs/7-17 2 20.18a/7-17 2 20.18a.csv,2.05,11.8935,2,-0.390625,-0.390625,,6.076698900821893
2026-07-17,20.18a,logs/7-17 2 20.18a/7-17 2 20.18a.csv,2.05,14.2578,2,-1.5625,-1.5625,,0.0
2026-07-17,20.18a,logs/7-17 2 20.18a/7-17 2 20.18a.csv,2.05,17.5491,3,2.083333333333333,1.5625,,4.709151385423209
2026-07-17,20.18a,logs/7-17 2 20.18a/7-17 2 20.18a.csv,2.05,19.9302,77,1.663961688311688,1.5625,,4.884421434007632
2026-07-17,20.18a,logs/7-17 2 20.18a/7-17 2 20.18a.csv,2.05,22.0675,2622,1.372403260869565,0.78125,,4.392539347715441
2026-07-17,20.18a,logs/7-17 2 20.18a/7-17 2 20.18a.csv,2.05,24.2801,1032,0.8614959786821705,0.0,,4.298349687441611
2026-07-17,20.18a,logs/7-17 2 20.18a/7-17 2 20.18a.csv,2.05,27.1728,2,2.734375,2.734375,,0.5524271728019903
2026-07-17,20.18a,logs/7-17 2 20.18a/7-17 2 20.18a.csv,2.05,30.9147,2,0.390625,0.390625,,6.076698900821893
2026-07-17,20.18a,logs/7-17 2 20.18a/7-17 2 20.18a.csv,2.1152,15.6572,2,-3.125,-3.125,,1.1048543456039803
2026-07-17,20.18a,logs/7-17 2 20.18a/7-17 2 20.18a.csv,2.1152,17.5491,2,1.171875,1.171875,,0.5524271728019903
2026-07-17,20.18a,logs/7-17 2 20.18a/7-17 2 20.18a.csv,2.1152,19.9302,1,10.15625,10.15625,,
2026-07-17,20.18a,logs/7-17 2 20.18a/7-17 2 20.18a.csv,2.1152,22.0675,18,0.1302083333333333,0.78125,,5.545353716407415
2026-07-17,20.18a,logs/7-17 2 20.18a/7-17 2 20.18a.csv,2.1152,24.2801,1638,0.9429381868131868,0.78125,,4.65216636936319
2026-07-17,20.18a,logs/7-17 2 20.18a/7-17 2 20.18a.csv,2.1152,27.1728,913,0.8017877327491785,0.78125,,4.321832054821785
2026-07-17,20.18a,logs/7-17 2 20.18a/7-17 2 20.18a.csv,2.1152,30.9147,1,7.8125,7.8125,,
2026-07-17,20.18a,logs/7-17 2 20.18a/7-17 2 20.18a.csv,2.1682,9.2674,1,5.46875,5.46875,,
2026-07-17,20.18a,logs/7-17 2 20.18a/7-17 2 20.18a.csv,2.1682,11.0771,1,3.125,3.125,,
2026-07-17,20.18a,logs/7-17 2 20.18a/7-17 2 20.18a.csv,2.1682,14.2578,1,4.6875,4.6875,,
2026-07-17,20.18a,logs/7-17 2 20.18a/7-17 2 20.18a.csv,2.1682,15.6572,2,-2.34375,-2.34375,,3.3145630368119416
2026-07-17,20.18a,logs/7-17 2 20.18a/7-17 2 20.18a.csv,2.1682,17.5491,1,-6.25,-6.25,,
2026-07-17,20.18a,logs/7-17 2 20.18a/7-17 2 20.18a.csv,2.1682,19.9302,2,1.5625,1.5625,,4.419417382415922
2026-07-17,20.18a,logs/7-17 2 20.18a/7-17 2 20.18a.csv,2.1682,22.0675,1,2.34375,2.34375,,
2026-07-17,20.18a,logs/7-17 2 20.18a/7-17 2 20.18a.csv,2.1682,24.2801,14,-0.1116071428571428,0.78125,,5.261858663381847
2026-07-17,20.18a,logs/7-17 2 20.18a/7-17 2 20.18a.csv,2.1682,27.1728,2578,0.6718512606671838,0.0,,3.8646006295676782
2026-07-17,20.18a,logs/7-17 2 20.18a/7-17 2 20.18a.csv,2.1682,30.9147,667,0.4685164167916042,0.0,,4.191243923160226
2026-07-17,20.18a,logs/7-17 2 20.18a/7-17 2 20.18a.csv,2.1682,33.0568,3,-0.5208333333333334,-1.5625,,5.542655378591865
2026-07-17,20.18a,logs/7-17 2 20.18a/7-17 2 20.18a.csv,2.253,19.9302,3,2.6041666666666665,4.6875,,5.758683434243745
2026-07-17,20.18a,logs/7-17 2 20.18a/7-17 2 20.18a.csv,2.253,22.0675,1,-4.6875,-4.6875,,
2026-07-17,20.18a,logs/7-17 2 20.18a/7-17 2 20.18a.csv,2.253,27.1728,48,0.5696614583333334,0.390625,,5.123606126872299
2026-07-17,20.18a,logs/7-17 2 20.18a/7-17 2 20.18a.csv,2.253,30.9147,3099,0.732344369151339,0.0,,4.669983693106577
2026-07-17,20.18a,logs/7-17 2 20.18a/7-17 2 20.18a.csv,2.253,33.0568,509,0.904042043222004,0.78125,,4.666881302311293
2026-07-17,20.18a,logs/7-17 2 20.18a/7-17 2 20.18a.csv,2.253,36.822,1,-2.34375,-2.34375,,
2026-07-17,20.18a,logs/7-17 2 20.18a/7-17 2 20.18a.csv,2.2849,11.8935,1,0.78125,0.78125,,
2026-07-17,20.18a,logs/7-17 2 20.18a/7-17 2 20.18a.csv,2.2849,14.2578,2,2.734375,2.734375,,1.6572815184059708
2026-07-17,20.18a,logs/7-17 2 20.18a/7-17 2 20.18a.csv,2.2849,19.9302,2,2.734375,2.734375,,0.5524271728019903
2026-07-17,20.18a,logs/7-17 2 20.18a/7-17 2 20.18a.csv,2.2849,22.0675,1,2.34375,2.34375,,
2026-07-17,20.18a,logs/7-17 2 20.18a/7-17 2 20.18a.csv,2.2849,24.2801,2,-3.515625,-3.515625,,1.6572815184059708
2026-07-17,20.18a,logs/7-17 2 20.18a/7-17 2 20.18a.csv,2.2849,27.1728,3,0.78125,0.0,,3.58013726168425
2026-07-17,20.18a,logs/7-17 2 20.18a/7-17 2 20.18a.csv,2.2849,30.9147,71,0.1100366197183098,-1.5625,,5.186090729103857
2026-07-17,20.18a,logs/7-17 2 20.18a/7-17 2 20.18a.csv,2.2849,33.0568,3356,1.0133447854588795,0.78125,,4.564227553156907
2026-07-17,20.18a,logs/7-17 2 20.18a/7-17 2 20.18a.csv,2.2849,36.822,614,2.775095358306189,1.5625,,5.189897390634707
2026-07-17,20.18a,logs/7-17 2 20.18a/7-17 2 20.18a.csv,2.2849,42.2183,1,-10.9375,-10.9375,,
2026-07-17,20.18a,logs/7-17 2 20.18a/7-17 2 20.18a.csv,2.3877,14.2578,1,-10.15625,-10.15625,,
2026-07-17,20.18a,logs/7-17 2 20.18a/7-17 2 20.18a.csv,2.3877,15.6572,1,-2.34375,-2.34375,,
2026-07-17,20.18a,logs/7-17 2 20.18a/7-17 2 20.18a.csv,2.3877,17.5491,1,4.6875,4.6875,,
2026-07-17,20.18a,logs/7-17 2 20.18a/7-17 2 20.18a.csv,2.3877,19.9302,2,1.953125,1.953125,,7.181553246425874
2026-07-17,20.18a,logs/7-17 2 20.18a/7-17 2 20.18a.csv,2.3877,22.0675,1,0.78125,0.78125,,
2026-07-17,20.18a,logs/7-17 2 20.18a/7-17 2 20.18a.csv,2.3877,24.2801,3,2.864583333333333,3.125,,1.1933790872280834
2026-07-17,20.18a,logs/7-17 2 20.18a/7-17 2 20.18a.csv,2.3877,30.9147,2,-2.34375,-2.34375,,4.419417382415922
2026-07-17,20.18a,logs/7-17 2 20.18a/7-17 2 20.18a.csv,2.3877,33.0568,53,-0.7222886792452831,-1.5625,,5.006779596156072
2026-07-17,20.18a,logs/7-17 2 20.18a/7-17 2 20.18a.csv,2.3877,36.822,4945,3.503858786653185,3.125,,4.998659057078101
2026-07-17,20.18a,logs/7-17 2 20.18a/7-17 2 20.18a.csv,2.3877,42.2183,75,4.85417,6.25,,4.323752244781929
2026-07-17,20.18a,logs/7-17 2 20.18a/7-17 2 20.18a.csv,2.449,24.2801,1,9.375,9.375,,
2026-07-17,20.18a,logs/7-17 2 20.18a/7-17 2 20.18a.csv,2.449,27.1728,1,4.6875,4.6875,,
2026-07-17,20.18a,logs/7-17 2 20.18a/7-17 2 20.18a.csv,2.449,30.9147,3,3.125,0.0,,6.101757559302074
2026-07-17,20.18a,logs/7-17 2 20.18a/7-17 2 20.18a.csv,2.449,33.0568,1,1.5625,1.5625,,
2026-07-17,20.18a,logs/7-17 2 20.18a/7-17 2 20.18a.csv,2.449,36.822,286,2.873691258741259,1.171875,,4.938983627039972
2026-07-17,20.18a,logs/7-17 2 20.18a/7-17 2 20.18a.csv,2.449,42.2183,2839,2.134610725607608,0.0,,3.963113110944856
2026-07-17,20.18a,logs/7-17 2 20.18a/7-17 2 20.18a.csv,2.449,47.3729,41,2.057926829268293,0.0,,3.8817831317594487
2026-07-17,20.18a,logs/7-17 2 20.18a/7-17 2 20.18a.csv,2.5482,27.1728,1,7.8125,7.8125,,
2026-07-17,20.18a,logs/7-17 2 20.18a/7-17 2 20.18a.csv,2.5482,30.9147,1,12.5,12.5,,
2026-07-17,20.18a,logs/7-17 2 20.18a/7-17 2 20.18a.csv,2.5482,33.0568,1,1.5625,1.5625,,
2026-07-17,20.18a,logs/7-17 2 20.18a/7-17 2 20.18a.csv,2.5482,36.822,2,3.515625,3.515625,,0.5524271728019903
2026-07-17,20.18a,logs/7-17 2 20.18a/7-17 2 20.18a.csv,2.5482,42.2183,170,0.5652576470588235,0.0,,2.285241071120604
2026-07-17,20.18a,logs/7-17 2 20.18a/7-17 2 20.18a.csv,2.5482,47.3729,1454,0.4035206327372765,0.0,,1.96597247179686
2026-07-17,20.18a,logs/7-17 2 20.18a/7-17 2 20.18a.csv,2.5482,50.5261,107,0.1533294392523364,0.0,,0.9006570738191296
2026-07-17,20.18a,logs/7-17 2 20.18a/7-17 2 20.18a.csv,2.62,47.3729,5,0.0,0.0,,0.0
2026-07-17,20.18a,logs/7-17 2 20.18a/7-17 2 20.18a.csv,2.62,50.5261,533,0.06156191369606,0.0,,0.7802878470244168
2026-07-17,20.18a,logs/7-17 2 20.18a/7-17 2 20.18a.csv,2.62,57.3682,2,1.171875,1.171875,,1.6572815184059708
2026-07-17,20.18a,logs/7-17 2 20.18a/7-17 2 20.18a.csv,2.7327,42.2183,1,-4.6875,-4.6875,,
2026-07-17,20.18a,logs/7-17 2 20.18a/7-17 2 20.18a.csv,2.7327,47.3729,1,9.375,9.375,,
2026-07-17,20.18a,logs/7-17 2 20.18a/7-17 2 20.18a.csv,2.7327,50.5261,31,0.3528225806451613,0.0,,1.586260867041248
2026-07-17,20.18a,logs/7-17 2 20.18a/7-17 2 20.18a.csv,2.7327,57.3682,167,0.0561377245508982,0.0,,0.3793444832098908
2026-07-17,20.18a,logs/7-17 2 20.18a/7-17 2 20.18a.csv,2.7327,73.8877,16,0.0,0.0,,1.42636082683637
2026-07-17,20.18a,logs/7-17 2 20.18a/7-17 2 20.18a.csv,2.8274,57.3682,1,3.125,3.125,,
2026-07-17,20.18a,logs/7-17 2 20.18a/7-17 2 20.18a.csv,2.8274,73.8877,65,-0.0120192307692307,0.0,,0.2180298068950929
2026-07-17,20.18a,logs/7-17 2 20.18a/7-17 2 20.18a.csv,2.8274,80.0684,1,-4.6875,-4.6875,,
2026-07-17,20.18a,logs/7-17 2 20.18a/7-17 2 20.18a.csv,2.9125,57.3682,1,5.46875,5.46875,,
2026-07-17,20.18a,logs/7-17 2 20.18a/7-17 2 20.18a.csv,2.9125,73.8877,3,0.0,0.0,,0.0
2026-07-17,20.18a,logs/7-17 2 20.18a/7-17 2 20.18a.csv,2.9125,80.0684,58,-0.0134698275862068,0.0,,0.1025831506716582
2026-07-17,20.18a,logs/7-17 2 20.18a/7-17 2 20.18a.csv,2.99,80.0684,3,0.0,0.0,,0.0
2026-07-17,20.18a,logs/7-17 2 20.18a/7-17 2 20.18a.csv,2.99,84.9893,24,-0.1302083333333333,0.0,,0.637887953849786
2026-07-17,20.18a,logs/7-17 2 20.18a/7-17 2 20.18a.csv,2.99,90.132,1,-0.78125,-0.78125,,
2026-07-17,20.18a,logs/7-17 2 20.18a/7-17 2 20.18a.csv,3.0654,84.9893,1,-2.34375,-2.34375,,
2026-07-17,20.18a,logs/7-17 2 20.18a/7-17 2 20.18a.csv,3.0654,90.132,3,-0.2604166666666667,0.0,,0.4510548978043951
2026-07-18,20.18a,logs/7-18 20.18a/7-18 20.18a.csv,1.2201,3.5071,1,0.78125,0.78125,,
2026-07-18,20.18a,logs/7-18 20.18a/7-18 20.18a.csv,1.28,3.9996,6,8.333350000000001,7.421875,,5.860263877079257
2026-07-18,20.18a,logs/7-18 20.18a/7-18 20.18a.csv,1.28,4.3333,1,-18.75,-18.75,,
2026-07-18,20.18a,logs/7-18 20.18a/7-18 20.18a.csv,1.3021,3.9996,4,0.1953125,-0.78125,,5.683112719477915
2026-07-18,20.18a,logs/7-18 20.18a/7-18 20.18a.csv,1.3021,4.3333,1,2.34375,2.34375,,
2026-07-18,20.18a,logs/7-18 20.18a/7-18 20.18a.csv,1.3021,5.3437,2,-16.796875,-16.796875,,7.181553246425874
2026-07-18,20.18a,logs/7-18 20.18a/7-18 20.18a.csv,1.3628,3.9996,1,7.03125,7.03125,,
2026-07-18,20.18a,logs/7-18 20.18a/7-18 20.18a.csv,1.3628,4.3333,2,2.734375,2.734375,,0.5524271728019903
2026-07-18,20.18a,logs/7-18 20.18a/7-18 20.18a.csv,1.3628,5.3437,6,-0.3906166666666666,-1.171875,,6.186214828686978
2026-07-18,20.18a,logs/7-18 20.18a/7-18 20.18a.csv,1.3628,5.6028,2,-2.34375,-2.34375,,1.1048543456039803
2026-07-18,20.18a,logs/7-18 20.18a/7-18 20.18a.csv,1.3948,3.9996,1,4.6875,4.6875,,
2026-07-18,20.18a,logs/7-18 20.18a/7-18 20.18a.csv,1.3948,4.3333,5,0.9375,-0.78125,,5.423923424284308
2026-07-18,20.18a,logs/7-18 20.18a/7-18 20.18a.csv,1.3948,5.3437,4,4.296875,3.515625,,3.0257682392245444
2026-07-18,20.18a,logs/7-18 20.18a/7-18 20.18a.csv,1.3948,5.6028,9,0.78125,1.5625,,3.515625
2026-07-18,20.18a,logs/7-18 20.18a/7-18 20.18a.csv,1.3948,6.4361,1,-5.46875,-5.46875,,
2026-07-18,20.18a,logs/7-18 20.18a/7-18 20.18a.csv,1.45,5.3437,2,-6.250025000000001,-6.250025000000001,,18.78255923060673
2026-07-18,20.18a,logs/7-18 20.18a/7-18 20.18a.csv,1.45,5.6028,5,2.1875,1.5625,,3.722227890491124
2026-07-18,20.18a,logs/7-18 20.18a/7-18 20.18a.csv,1.45,6.4361,15,1.6145833333333333,2.34375,,3.37280158778948
2026-07-18,20.18a,logs/7-18 20.18a/7-18 20.18a.csv,1.45,7.5789,3,-3.90625,-5.46875,,3.405389799641151
2026-07-18,20.18a,logs/7-18 20.18a/7-18 20.18a.csv,1.4801,4.3333,1,-6.25,-6.25,,
2026-07-18,20.18a,logs/7-18 20.18a/7-18 20.18a.csv,1.4801,5.6028,3,-1.0416666666666667,1.5625,,5.201818842562026
2026-07-18,20.18a,logs/7-18 20.18a/7-18 20.18a.csv,1.4801,6.4361,2,8.593775,8.593775,,8.838870120170903
2026-07-18,20.18a,logs/7-18 20.18a/7-18 20.18a.csv,1.4801,7.5789,24,-0.2929708333333334,0.390625,,5.426438003642278
2026-07-18,20.18a,logs/7-18 20.18a/7-18 20.18a.csv,1.4801,8.1077,2,3.90625,3.90625,,0.0
2026-07-18,20.18a,logs/7-18 20.18a/7-18 20.18a.csv,1.5473,5.3437,1,-3.90625,-3.90625,,
2026-07-18,20.18a,logs/7-18 20.18a/7-18 20.18a.csv,1.5473,6.4361,7,1.2276714285714283,2.34375,,8.351931404464537
2026-07-18,20.18a,logs/7-18 20.18a/7-18 20.18a.csv,1.5473,7.5789,18,0.4774277777777777,1.171875,,6.01666601956164
2026-07-18,20.18a,logs/7-18 20.18a/7-18 20.18a.csv,1.5473,8.1077,85,0.9834552941176472,1.5625,,5.991388907314553
2026-07-18,20.18a,logs/7-18 20.18a/7-18 20.18a.csv,1.5473,9.2674,11,0.6391954545454545,0.0,,8.642054121111906
2026-07-18,20.18a,logs/7-18 20.18a/7-18 20.18a.csv,1.593,5.6028,1,2.34375,2.34375,,
2026-07-18,20.18a,logs/7-18 20.18a/7-18 20.18a.csv,1.593,6.4361,2,2.34375,2.34375,,3.3145630368119416
2026-07-18,20.18a,logs/7-18 20.18a/7-18 20.18a.csv,1.593,7.5789,1,2.34375,2.34375,,
2026-07-18,20.18a,logs/7-18 20.18a/7-18 20.18a.csv,1.593,8.1077,27,1.678237037037037,3.125,,6.484867663565704
2026-07-18,20.18a,logs/7-18 20.18a/7-18 20.18a.csv,1.593,9.2674,298,1.9033137583892616,2.34375,,6.002321448589756
2026-07-18,20.18a,logs/7-18 20.18a/7-18 20.18a.csv,1.593,9.9646,39,2.864585897435897,3.125,,4.853606482635642
2026-07-18,20.18a,logs/7-18 20.18a/7-18 20.18a.csv,1.6417,5.6028,1,2.34375,2.34375,,
2026-07-18,20.18a,logs/7-18 20.18a/7-18 20.18a.csv,1.6417,6.4361,1,0.78125,0.78125,,
2026-07-18,20.18a,logs/7-18 20.18a/7-18 20.18a.csv,1.6417,8.1077,7,0.6696428571428571,0.78125,,4.908600058946592
2026-07-18,20.18a,logs/7-18 20.18a/7-18 20.18a.csv,1.6417,9.2674,107,1.803445327102804,3.125,,6.38165971108914
2026-07-18,20.18a,logs/7-18 20.18a/7-18 20.18a.csv,1.6417,9.9646,529,-0.8211272211720229,0.78125,,9.108944069772642
2026-07-18,20.18a,logs/7-18 20.18a/7-18 20.18a.csv,1.6417,11.0771,262,1.6489730916030534,2.34375,,7.436757095203301
2026-07-18,20.18a,logs/7-18 20.18a/7-18 20.18a.csv,1.6417,11.8935,12,2.2135416666666665,1.953125,,3.086289596810188
2026-07-18,20.18a,logs/7-18 20.18a/7-18 20.18a.csv,1.68,7.5789,1,-2.34375,-2.34375,,
2026-07-18,20.18a,logs/7-18 20.18a/7-18 20.18a.csv,1.68,9.9646,31,2.5453629032258065,3.125,,6.397893323482449
2026-07-18,20.18a,logs/7-18 20.18a/7-18 20.18a.csv,1.68,11.0771,469,0.3581410447761193,2.34375,,8.989418915857128
2026-07-18,20.18a,logs/7-18 20.18a/7-18 20.18a.csv,1.68,11.8935,184,3.4179684782608697,3.125,,5.058180814415728
2026-07-18,20.18a,logs/7-18 20.18a/7-18 20.18a.csv,1.68,14.2578,1,-1.5625,-1.5625,,
2026-07-18,20.18a,logs/7-18 20.18a/7-18 20.18a.csv,1.7451,5.6028,1,11.71875,11.71875,,
2026-07-18,20.18a,logs/7-18 20.18a/7-18 20.18a.csv,1.7451,6.4361,1,0.0,0.0,,
2026-07-18,20.18a,logs/7-18 20.18a/7-18 20.18a.csv,1.7451,7.5789,1,10.93755,10.93755,,
2026-07-18,20.18a,logs/7-18 20.18a/7-18 20.18a.csv,1.7451,9.2674,1,9.375,9.375,,
2026-07-18,20.18a,logs/7-18 20.18a/7-18 20.18a.csv,1.7451,9.9646,6,3.515625,3.90625,,2.602864257649638
2026-07-18,20.18a,logs/7-18 20.18a/7-18 20.18a.csv,1.7451,11.0771,84,0.2883166666666666,0.78125,,6.817021192818264
2026-07-18,20.18a,logs/7-18 20.18a/7-18 20.18a.csv,1.7451,11.8935,1182,2.301448519458545,3.125,,6.038911363543928
2026-07-18,20.18a,logs/7-18 20.18a/7-18 20.18a.csv,1.7451,14.2578,121,1.853047520661157,1.5625,,4.72977217918955
2026-07-18,20.18a,logs/7-18 20.18a/7-18 20.18a.csv,1.81,5.3437,1,-2.34375,-2.34375,,
2026-07-18,20.18a,logs/7-18 20.18a/7-18 20.18a.csv,1.81,5.6028,1,4.6875,4.6875,,
2026-07-18,20.18a,logs/7-18 20.18a/7-18 20.18a.csv,1.81,6.4361,1,-3.125,-3.125,,
2026-07-18,20.18a,logs/7-18 20.18a/7-18 20.18a.csv,1.81,7.5789,1,7.03125,7.03125,,
2026-07-18,20.18a,logs/7-18 20.18a/7-18 20.18a.csv,1.81,8.1077,1,-2.34375,-2.34375,,
2026-07-18,20.18a,logs/7-18 20.18a/7-18 20.18a.csv,1.81,9.2674,1,6.25,6.25,,
2026-07-18,20.18a,logs/7-18 20.18a/7-18 20.18a.csv,1.81,9.9646,1,3.125,3.125,,
2026-07-18,20.18a,logs/7-18 20.18a/7-18 20.18a.csv,1.81,11.0771,3,-1.0416666666666667,0.0,,7.08888416084177
2026-07-18,20.18a,logs/7-18 20.18a/7-18 20.18a.csv,1.81,11.8935,184,2.4414073369565217,3.125,,6.424246731337158
2026-07-18,20.18a,logs/7-18 20.18a/7-18 20.18a.csv,1.81,14.2578,1163,1.4946527515047292,1.5625,,6.495874148237032
2026-07-18,20.18a,logs/7-18 20.18a/7-18 20.18a.csv,1.81,15.6572,377,0.6838525198938993,0.0,,5.330942595932783
2026-07-18,20.18a,logs/7-18 20.18a/7-18 20.18a.csv,1.85,4.3333,1,8.59375,8.59375,,
2026-07-18,20.18a,logs/7-18 20.18a/7-18 20.18a.csv,1.85,7.5789,1,7.8125,7.8125,,
2026-07-18,20.18a,logs/7-18 20.18a/7-18 20.18a.csv,1.85,9.9646,2,-9.765625,-9.765625,,17.125242356861698
2026-07-18,20.18a,logs/7-18 20.18a/7-18 20.18a.csv,1.85,11.8935,5,-1.5625,-0.78125,,4.170733692199731
2026-07-18,20.18a,logs/7-18 20.18a/7-18 20.18a.csv,1.85,14.2578,107,1.2850453271028035,1.5625,,7.425761640815331
2026-07-18,20.18a,logs/7-18 20.18a/7-18 20.18a.csv,1.85,15.6572,1410,0.2443476595744681,0.0,,6.253645798823964
2026-07-18,20.18a,logs/7-18 20.18a/7-18 20.18a.csv,1.85,17.5491,1279,1.015808365910868,0.78125,,4.878061650357784
2026-07-18,20.18a,logs/7-18 20.18a/7-18 20.18a.csv,1.85,19.9302,2,-11.328125,-11.328125,,13.810679320049756
2026-07-18,20.18a,logs/7-18 20.18a/7-18 20.18a.csv,1.91,6.4361,1,-1.5625,-1.5625,,
2026-07-18,20.18a,logs/7-18 20.18a/7-18 20.18a.csv,1.91,8.1077,1,17.9688,17.9688,,
2026-07-18,20.18a,logs/7-18 20.18a/7-18 20.18a.csv,1.91,9.2674,1,-19.5313,-19.5313,,
2026-07-18,20.18a,logs/7-18 20.18a/7-18 20.18a.csv,1.91,14.2578,4,-3.3203125,-1.171875,,5.683112719477915
2026-07-18,20.18a,logs/7-18 20.18a/7-18 20.18a.csv,1.91,15.6572,20,1.8750050000000005,0.78125,,5.875948691620157
2026-07-18,20.18a,logs/7-18 20.18a/7-18 20.18a.csv,1.91,17.5491,2020,0.5426200742574258,0.78125,,5.54352015956347
2026-07-18,20.18a,logs/7-18 20.18a/7-18 20.18a.csv,1.91,19.9302,1128,1.0499778368794326,0.78125,,4.624959778492788
2026-07-18,20.18a,logs/7-18 20.18a/7-18 20.18a.csv,1.91,27.1728,1,-1.5625,-1.5625,,
2026-07-18,20.18a,logs/7-18 20.18a/7-18 20.18a.csv,1.9888,9.2674,1,2.34375,2.34375,,
2026-07-18,20.18a,logs/7-18 20.18a/7-18 20.18a.csv,1.9888,11.0771,1,-0.78125,-0.78125,,
2026-07-18,20.18a,logs/7-18 20.18a/7-18 20.18a.csv,1.9888,14.2578,1,1.5625,1.5625,,
2026-07-18,20.18a,logs/7-18 20.18a/7-18 20.18a.csv,1.9888,17.5491,65,1.6947123076923076,2.34375,,6.06974851201786
2026-07-18,20.18a,logs/7-18 20.18a/7-18 20.18a.csv,1.9888,19.9302,2723,1.33641705839148,1.5625,,5.170187433757832
2026-07-18,20.18a,logs/7-18 20.18a/7-18 20.18a.csv,1.9888,22.0675,494,1.054845951417004,0.78125,,4.946873868463865
2026-07-18,20.18a,logs/7-18 20.18a/7-18 20.18a.csv,2.05,7.5789,2,-3.125,-3.125,,5.524271728019903
2026-07-18,20.18a,logs/7-18 20.18a/7-18 20.18a.csv,2.05,9.9646,1,0.78125,0.78125,,
2026-07-18,20.18a,logs/7-18 20.18a/7-18 20.18a.csv,2.05,11.8935,1,0.78125,0.78125,,
2026-07-18,20.18a,logs/7-18 20.18a/7-18 20.18a.csv,2.05,15.6572,2,0.78125,0.78125,,3.3145630368119416
2026-07-18,20.18a,logs/7-18 20.18a/7-18 20.18a.csv,2.05,17.5491,2,-2.34375,-2.34375,,5.524271728019903
2026-07-18,20.18a,logs/7-18 20.18a/7-18 20.18a.csv,2.05,19.9302,182,1.2491425824175824,1.5625,,6.22885478244716
2026-07-18,20.18a,logs/7-18 20.18a/7-18 20.18a.csv,2.05,22.0675,3705,0.950995681511471,0.78125,,4.981220898709901
2026-07-18,20.18a,logs/7-18 20.18a/7-18 20.18a.csv,2.05,24.2801,1860,0.3398022043010753,0.0,,5.232705631480919
2026-07-18,20.18a,logs/7-18 20.18a/7-18 20.18a.csv,2.05,27.1728,2,0.0,0.0,,1.1048543456039803
2026-07-18,20.18a,logs/7-18 20.18a/7-18 20.18a.csv,2.05,30.9147,1,3.125,3.125,,
2026-07-18,20.18a,logs/7-18 20.18a/7-18 20.18a.csv,2.1152,7.5789,1,4.6875,4.6875,,
2026-07-18,20.18a,logs/7-18 20.18a/7-18 20.18a.csv,2.1152,11.8935,1,-9.375,-9.375,,
2026-07-18,20.18a,logs/7-18 20.18a/7-18 20.18a.csv,2.1152,14.2578,1,3.125,3.125,,
2026-07-18,20.18a,logs/7-18 20.18a/7-18 20.18a.csv,2.1152,15.6572,1,-0.78125,-0.78125,,
2026-07-18,20.18a,logs/7-18 20.18a/7-18 20.18a.csv,2.1152,17.5491,2,-1.171875,-1.171875,,7.181553246425874
2026-07-18,20.18a,logs/7-18 20.18a/7-18 20.18a.csv,2.1152,19.9302,2,-1.953125,-1.953125,,0.5524271728019903
2026-07-18,20.18a,logs/7-18 20.18a/7-18 20.18a.csv,2.1152,22.0675,21,0.0372023809523809,-1.5625,,7.309912863972391
2026-07-18,20.18a,logs/7-18 20.18a/7-18 20.18a.csv,2.1152,24.2801,2887,-0.5038751991686872,-0.78125,,5.58366158631099
2026-07-18,20.18a,logs/7-18 20.18a/7-18 20.18a.csv,2.1152,27.1728,1536,-0.4765822591145833,-0.78125,,4.62144213570544
2026-07-18,20.18a,logs/7-18 20.18a/7-18 20.18a.csv,2.1152,30.9147,3,1.3020833333333333,-1.5625,,4.961603875848346
2026-07-18,20.18a,logs/7-18 20.18a/7-18 20.18a.csv,2.1682,9.2674,1,-6.25,-6.25,,
2026-07-18,20.18a,logs/7-18 20.18a/7-18 20.18a.csv,2.1682,11.8935,2,2.734375,2.734375,,1.6572815184059708
2026-07-18,20.18a,logs/7-18 20.18a/7-18 20.18a.csv,2.1682,15.6572,3,-1.5625000000000009,0.78125,,13.821772905546524
2026-07-18,20.18a,logs/7-18 20.18a/7-18 20.18a.csv,2.1682,17.5491,2,-7.03125,-7.03125,,18.782523875267668
2026-07-18,20.18a,logs/7-18 20.18a/7-18 20.18a.csv,2.1682,19.9302,2,-2.34375,-2.34375,,1.1048543456039803
2026-07-18,20.18a,logs/7-18 20.18a/7-18 20.18a.csv,2.1682,22.0675,1,-3.125,-3.125,,
2026-07-18,20.18a,logs/7-18 20.18a/7-18 20.18a.csv,2.1682,24.2801,41,-1.9245451219512195,0.0,,7.324817412330194
2026-07-18,20.18a,logs/7-18 20.18a/7-18 20.18a.csv,2.1682,27.1728,3718,-0.6215536847767617,-0.78125,,5.137623815527043
2026-07-18,20.18a,logs/7-18 20.18a/7-18 20.18a.csv,2.1682,30.9147,1151,-0.618347393570808,-1.5625,,4.869867210580681
2026-07-18,20.18a,logs/7-18 20.18a/7-18 20.18a.csv,2.1682,33.0568,2,1.171875,1.171875,,3.866990209613932
2026-07-18,20.18a,logs/7-18 20.18a/7-18 20.18a.csv,2.253,17.5491,1,3.90625,3.90625,,
2026-07-18,20.18a,logs/7-18 20.18a/7-18 20.18a.csv,2.253,19.9302,2,1.171875,1.171875,,2.762135864009952
2026-07-18,20.18a,logs/7-18 20.18a/7-18 20.18a.csv,2.253,22.0675,1,2.34375,2.34375,,
2026-07-18,20.18a,logs/7-18 20.18a/7-18 20.18a.csv,2.253,24.2801,1,0.78125,0.78125,,
2026-07-18,20.18a,logs/7-18 20.18a/7-18 20.18a.csv,2.253,27.1728,91,-2.764424175824176,-2.34375,,7.0863152801460405
2026-07-18,20.18a,logs/7-18 20.18a/7-18 20.18a.csv,2.253,30.9147,4357,-0.8488490360339683,-1.5625,,5.2216157821619005
2026-07-18,20.18a,logs/7-18 20.18a/7-18 20.18a.csv,2.253,33.0568,816,-0.6280629289215687,-1.5625,,4.618345054687309
2026-07-18,20.18a,logs/7-18 20.18a/7-18 20.18a.csv,2.253,36.822,6,-1.8229166666666667,-0.78125,,7.822909731466078
2026-07-18,20.18a,logs/7-18 20.18a/7-18 20.18a.csv,2.2849,14.2578,1,-2.34375,-2.34375,,
2026-07-18,20.18a,logs/7-18 20.18a/7-18 20.18a.csv,2.2849,15.6572,1,3.125,3.125,,
2026-07-18,20.18a,logs/7-18 20.18a/7-18 20.18a.csv,2.2849,17.5491,3,-7.8125,-6.25,,13.350005852058642
2026-07-18,20.18a,logs/7-18 20.18a/7-18 20.18a.csv,2.2849,19.9302,1,13.2813,13.2813,,
2026-07-18,20.18a,logs/7-18 20.18a/7-18 20.18a.csv,2.2849,24.2801,2,0.0,0.0,,9.943689110435823
2026-07-18,20.18a,logs/7-18 20.18a/7-18 20.18a.csv,2.2849,27.1728,3,-1.0416666666666667,-1.5625,,0.9021097956087902
2026-07-18,20.18a,logs/7-18 20.18a/7-18 20.18a.csv,2.2849,30.9147,98,-1.1957923469387757,-1.5625,,5.601423973835344
2026-07-18,20.18a,logs/7-18 20.18a/7-18 20.18a.csv,2.2849,33.0568,5278,-0.5408650341038271,-0.78125,,4.39069975781799
2026-07-18,20.18a,logs/7-18 20.18a/7-18 20.18a.csv,2.2849,36.822,1423,-0.0010970484891075,-0.78125,,4.093401092590674
2026-07-18,20.18a,logs/7-18 20.18a/7-18 20.18a.csv,2.2849,42.2183,1,2.34375,2.34375,,
2026-07-18,20.18a,logs/7-18 20.18a/7-18 20.18a.csv,2.3877,19.9302,1,11.71875,11.71875,,
2026-07-18,20.18a,logs/7-18 20.18a/7-18 20.18a.csv,2.3877,22.0675,1,-6.25,-6.25,,
2026-07-18,20.18a,logs/7-18 20.18a/7-18 20.18a.csv,2.3877,27.1728,3,2.6041666666666665,0.0,,5.915529526875285
2026-07-18,20.18a,logs/7-18 20.18a/7-18 20.18a.csv,2.3877,30.9147,1,-0.78125,-0.78125,,
2026-07-18,20.18a,logs/7-18 20.18a/7-18 20.18a.csv,2.3877,33.0568,91,-1.2105093406593408,-1.5625,,4.840200202854975
2026-07-18,20.18a,logs/7-18 20.18a/7-18 20.18a.csv,2.3877,36.822,9613,0.2594968688234682,0.0,,4.24559892968565
2026-07-18,20.18a,logs/7-18 20.18a/7-18 20.18a.csv,2.3877,42.2183,183,0.7556357923497268,0.0,,4.003681083310393
2026-07-18,20.18a,logs/7-18 20.18a/7-18 20.18a.csv,2.449,17.5491,1,7.8125,7.8125,,
2026-07-18,20.18a,logs/7-18 20.18a/7-18 20.18a.csv,2.449,24.2801,1,17.9688,17.9688,,
2026-07-18,20.18a,logs/7-18 20.18a/7-18 20.18a.csv,2.449,27.1728,3,0.78125,0.0,,2.8168369339562416
2026-07-18,20.18a,logs/7-18 20.18a/7-18 20.18a.csv,2.449,30.9147,3,-0.5208333333333334,0.0,,2.386758174456167
2026-07-18,20.18a,logs/7-18 20.18a/7-18 20.18a.csv,2.449,33.0568,1,2.34375,2.34375,,
2026-07-18,20.18a,logs/7-18 20.18a/7-18 20.18a.csv,2.449,36.822,548,0.4761643248175182,0.0,,4.3966927400368325
2026-07-18,20.18a,logs/7-18 20.18a/7-18 20.18a.csv,2.449,42.2183,8913,0.2862749186581398,0.0,,3.942093202825183
2026-07-18,20.18a,logs/7-18 20.18a/7-18 20.18a.csv,2.449,47.3729,190,0.8676013157894737,0.0,,4.60783625093257
2026-07-18,20.18a,logs/7-18 20.18a/7-18 20.18a.csv,2.5482,19.9302,1,9.375,9.375,,
2026-07-18,20.18a,logs/7-18 20.18a/7-18 20.18a.csv,2.5482,24.2801,1,4.6875,4.6875,,
2026-07-18,20.18a,logs/7-18 20.18a/7-18 20.18a.csv,2.5482,33.0568,1,3.125,3.125,,
2026-07-18,20.18a,logs/7-18 20.18a/7-18 20.18a.csv,2.5482,42.2183,654,-0.0668959480122324,0.0,,2.934213430410573
2026-07-18,20.18a,logs/7-18 20.18a/7-18 20.18a.csv,2.5482,47.3729,8269,-0.0247532107872777,0.0,,2.374693268209904
2026-07-18,20.18a,logs/7-18 20.18a/7-18 20.18a.csv,2.5482,50.5261,634,-0.1725156151419558,0.0,,1.3082721418713084
2026-07-18,20.18a,logs/7-18 20.18a/7-18 20.18a.csv,2.62,33.0568,1,0.78125,0.78125,,
2026-07-18,20.18a,logs/7-18 20.18a/7-18 20.18a.csv,2.62,36.822,1,9.375,9.375,,
2026-07-18,20.18a,logs/7-18 20.18a/7-18 20.18a.csv,2.62,47.3729,32,-0.1220703125,0.0,,1.1924334958705634
2026-07-18,20.18a,logs/7-18 20.18a/7-18 20.18a.csv,2.62,50.5261,3321,-0.1112710177657332,0.0,,1.0703408076125338
2026-07-18,20.18a,logs/7-18 20.18a/7-18 20.18a.csv,2.62,57.3682,12,0.0,0.0,,3.364408887024719
2026-07-18,20.18a,logs/7-18 20.18a/7-18 20.18a.csv,2.7327,47.3729,1,17.9688,17.9688,,
2026-07-18,20.18a,logs/7-18 20.18a/7-18 20.18a.csv,2.7327,50.5261,272,-0.1177619485294117,0.0,,0.5866718816905236
2026-07-18,20.18a,logs/7-18 20.18a/7-18 20.18a.csv,2.7327,57.3682,1620,-0.085841049382716,0.0,,0.7023342374844143
2026-07-18,20.18a,logs/7-18 20.18a/7-18 20.18a.csv,2.7327,73.8877,70,0.1450892857142857,0.0,,1.7203593890815172
2026-07-18,20.18a,logs/7-18 20.18a/7-18 20.18a.csv,2.8274,50.5261,1,-2.34375,-2.34375,,
2026-07-18,20.18a,logs/7-18 20.18a/7-18 20.18a.csv,2.8274,57.3682,1,0.0,0.0,,
2026-07-18,20.18a,logs/7-18 20.18a/7-18 20.18a.csv,2.8274,73.8877,392,-0.0099649234693877,0.0,,0.7871581908794042
2026-07-18,20.18a,logs/7-18 20.18a/7-18 20.18a.csv,2.8274,80.0684,4,-0.390625,0.0,,0.78125
2026-07-18,20.18a,logs/7-18 20.18a/7-18 20.18a.csv,2.9125,57.3682,1,3.125,3.125,,
2026-07-18,20.18a,logs/7-18 20.18a/7-18 20.18a.csv,2.9125,73.8877,13,0.7211538461538461,0.0,,2.3537447148516994
2026-07-18,20.18a,logs/7-18 20.18a/7-18 20.18a.csv,2.9125,80.0684,199,-0.0078517587939698,0.0,,0.2936841512430242
2026-07-18,20.18a,logs/7-18 20.18a/7-18 20.18a.csv,2.9125,84.9893,6,-0.390625,0.0,,0.956831930774679
2026-07-18,20.18a,logs/7-18 20.18a/7-18 20.18a.csv,2.99,80.0684,1,0.0,0.0,,
2026-07-18,20.18a,logs/7-18 20.18a/7-18 20.18a.csv,2.99,84.9893,102,0.0,0.0,,0.0
2026-07-18,20.18a,logs/7-18 20.18a/7-18 20.18a.csv,2.99,90.132,2,0.0,0.0,,0.0
2026-07-18,20.18a,logs/7-18 20.18a/7-18 20.18a.csv,3.0654,84.9893,1,0.0,0.0,,
2026-07-18,20.18a,logs/7-18 20.18a/7-18 20.18a.csv,3.0654,90.132,21,0.0,0.0,,0.0
2026-07-18,20.18a,logs/7-18 20.18a/7-18 20.18a.csv,3.1508,90.132,2,0.0,0.0,,0.0
2026-07-18,20.18a,logs/7-18 20.18a/7-18 20.18a.csv,3.1508,110.681,8,0.0,0.0,,0.0
2026-07-18,20.18a,logs/7-18 20.18a/7-18 20.18a.csv,3.1508,125.6816,1,0.0,0.0,,
2026-07-18,20.18a,logs/7-18 20.18a/7-18 20.18a.csv,3.26,110.681,1,0.0,0.0,,
2026-07-18,20.18a,logs/7-18 20.18a/7-18 20.18a.csv,3.26,125.6816,3,0.0,0.0,,0.0
2026-07-18,20.18a,logs/7-18 20.18a/7-18 20.18a.csv,3.408,125.6816,1,0.0,0.0,,
2026-07-18,20.18a,logs/7-18 20.18a/7-18 20.18a.csv,3.408,138.5191,4,0.0,0.0,,0.0
2026-07-18,20.18a,logs/7-18 20.18a/7-18 20.18a.csv,3.408,163.451,1,0.0,0.0,,
2026-07-18,20.18a,logs/7-18 20.18a/7-18 20.18a.csv,3.52,138.5191,1,0.0,0.0,,
2026-07-18,20.18a,logs/7-18 20.18a/7-18 20.18a.csv,3.52,163.451,2,0.0,0.0,,0.0
2026-07-18,20.18a,logs/7-18 20.18a/7-18 20.18a.csv,3.6137,172.4018,3,0.0,0.0,,0.0
2026-07-18,20.18a,logs/7-18 20.18a/7-18 20.18a.csv,3.6137,177.8987,1,0.0,0.0,,
2026-07-18,20.18a,logs/7-18 20.18a/7-18 20.18a.csv,3.7098,177.8987,3,0.0,0.0,,0.0
2026-07-18,20.18a,logs/7-18 20.18a/7-18 20.18a.csv,3.7098,207.5802,1,0.0,0.0,,
2026-07-18,20.18a,logs/7-18 20.18a/7-18 20.18a.csv,3.84,207.5802,6,0.0,0.0,,0.0
2026-07-18,20.18a,logs/7-18 20.18a/7-18 20.18a.csv,3.9677,232.2782,2,0.0,0.0,,0.0
2026-07-19,20.19,logs/7-19 20.19/7-19 20.19.csv,1.1804,2.8798,1,0.0,0.0,,
2026-07-19,20.19,logs/7-19 20.19/7-19 20.19.csv,1.2201,3.5071,2,10.937525,10.937525,,1.1048897009430392
2026-07-19,20.19,logs/7-19 20.19/7-19 20.19.csv,1.28,3.5071,3,1.5625,0.78125,,2.066993211769212
2026-07-19,20.19,logs/7-19 20.19/7-19 20.19.csv,1.28,3.9996,8,-0.5859500000000004,3.125,,8.687116673228566
2026-07-19,20.19,logs/7-19 20.19/7-19 20.19.csv,1.28,4.3333,1,-4.6875,-4.6875,,
2026-07-19,20.19,logs/7-19 20.19/7-19 20.19.csv,1.3021,3.9996,2,1.953125,1.953125,,9.391261937633834
2026-07-19,20.19,logs/7-19 20.19/7-19 20.19.csv,1.3021,4.3333,8,0.87890625,0.78125,,5.121934991041506
2026-07-19,20.19,logs/7-19 20.19/7-19 20.19.csv,1.3628,3.5071,1,-3.125,-3.125,,
2026-07-19,20.19,logs/7-19 20.19/7-19 20.19.csv,1.3628,3.9996,1,3.90625,3.90625,,
2026-07-19,20.19,logs/7-19 20.19/7-19 20.19.csv,1.3628,4.3333,5,-3.28125,-3.125,,8.312147548918992
2026-07-19,20.19,logs/7-19 20.19/7-19 20.19.csv,1.3628,5.3437,10,2.109375,1.171875,,4.1348065775835
2026-07-19,20.19,logs/7-19 20.19/7-19 20.19.csv,1.3628,5.6028,1,-4.6875,-4.6875,,
2026-07-19,20.19,logs/7-19 20.19/7-19 20.19.csv,1.3948,3.5071,3,1.5625,0.78125,,2.066993211769212
2026-07-19,20.19,logs/7-19 20.19/7-19 20.19.csv,1.3948,4.3333,3,8.8542,10.93755,,4.302818238375867
2026-07-19,20.19,logs/7-19 20.19/7-19 20.19.csv,1.3948,5.3437,13,-0.420676923076923,0.78125,,5.8080789897067575
2026-07-19,20.19,logs/7-19 20.19/7-19 20.19.csv,1.3948,5.6028,17,1.1029411764705883,0.78125,,2.5772196494135944
2026-07-19,20.19,logs/7-19 20.19/7-19 20.19.csv,1.45,4.3333,2,0.0,0.0,,0.0
2026-07-19,20.19,logs/7-19 20.19/7-19 20.19.csv,1.45,5.3437,3,6.25,7.03125,,4.349815908460955
2026-07-19,20.19,logs/7-19 20.19/7-19 20.19.csv,1.45,5.6028,6,1.171875,1.953125,,3.8511742324581992
2026-07-19,20.19,logs/7-19 20.19/7-19 20.19.csv,1.45,6.4361,25,-1.406252,0.78125,,6.609920978244873
2026-07-19,20.19,logs/7-19 20.19/7-19 20.19.csv,1.45,7.5789,4,-2.9296875,0.0,,7.743838906874613
2026-07-19,20.19,logs/7-19 20.19/7-19 20.19.csv,1.4801,4.3333,1,7.03125,7.03125,,
2026-07-19,20.19,logs/7-19 20.19/7-19 20.19.csv,1.4801,5.3437,1,0.78125,0.78125,,
2026-07-19,20.19,logs/7-19 20.19/7-19 20.19.csv,1.4801,5.6028,4,0.390625,-1.171875,,4.794779333208846
2026-07-19,20.19,logs/7-19 20.19/7-19 20.19.csv,1.4801,6.4361,14,0.8370535714285714,0.78125,,5.850067011597266
2026-07-19,20.19,logs/7-19 20.19/7-19 20.19.csv,1.4801,7.5789,39,1.2620205128205129,0.78125,,3.804668068890712
2026-07-19,20.19,logs/7-19 20.19/7-19 20.19.csv,1.4801,8.1077,9,0.78125,0.78125,,3.983608994994363
2026-07-19,20.19,logs/7-19 20.19/7-19 20.19.csv,1.5473,5.3437,2,-2.34375,-2.34375,,5.524271728019903
2026-07-19,20.19,logs/7-19 20.19/7-19 20.19.csv,1.5473,6.4361,2,-2.34375,-2.34375,,3.3145630368119416
2026-07-19,20.19,logs/7-19 20.19/7-19 20.19.csv,1.5473,7.5789,25,0.375,0.78125,,3.2691368676418247
2026-07-19,20.19,logs/7-19 20.19/7-19 20.19.csv,1.5473,8.1077,179,1.6585195530726258,0.78125,,3.288231650699274
2026-07-19,20.19,logs/7-19 20.19/7-19 20.19.csv,1.5473,9.2674,141,2.5543007092198584,2.34375,,3.667814535027178
2026-07-19,20.19,logs/7-19 20.19/7-19 20.19.csv,1.5473,9.9646,1,7.8125,7.8125,,
2026-07-19,20.19,logs/7-19 20.19/7-19 20.19.csv,1.593,5.6028,1,-3.125,-3.125,,
2026-07-19,20.19,logs/7-19 20.19/7-19 20.19.csv,1.593,7.5789,5,1.25,1.5625,,3.005528759636148
2026-07-19,20.19,logs/7-19 20.19/7-19 20.19.csv,1.593,8.1077,26,0.5408673076923077,0.78125,,3.96992110221204
2026-07-19,20.19,logs/7-19 20.19/7-19 20.19.csv,1.593,9.2674,235,2.343751063829788,1.5625,,3.4168629262814623
2026-07-19,20.19,logs/7-19 20.19/7-19 20.19.csv,1.593,9.9646,288,2.476671527777777,1.5625,,3.026354401717726
2026-07-19,20.19,logs/7-19 20.19/7-19 20.19.csv,1.6417,4.3333,1,0.0,0.0,,
2026-07-19,20.19,logs/7-19 20.19/7-19 20.19.csv,1.6417,5.3437,2,0.390625,0.390625,,6.076698900821893
2026-07-19,20.19,logs/7-19 20.19/7-19 20.19.csv,1.6417,7.5789,2,-1.171875,-1.171875,,7.181553246425874
2026-07-19,20.19,logs/7-19 20.19/7-19 20.19.csv,1.6417,8.1077,4,-3.7109375,-4.6875,,2.501220405247207
2026-07-19,20.19,logs/7-19 20.19/7-19 20.19.csv,1.6417,9.2674,44,2.468040909090909,0.78125,,4.762433439848289
2026-07-19,20.19,logs/7-19 20.19/7-19 20.19.csv,1.6417,9.9646,346,2.4047157514450865,2.34375,,3.782436570778328
2026-07-19,20.19,logs/7-19 20.19/7-19 20.19.csv,1.6417,11.0771,491,2.2880604887983704,2.34375,,3.436433028143466
2026-07-19,20.19,logs/7-19 20.19/7-19 20.19.csv,1.6417,11.8935,98,2.8539545918367346,3.125,,3.115123275390681
2026-07-19,20.19,logs/7-19 20.19/7-19 20.19.csv,1.68,6.4361,1,0.0,0.0,,
2026-07-19,20.19,logs/7-19 20.19/7-19 20.19.csv,1.68,9.2674,2,2.734375,2.734375,,2.762135864009952
2026-07-19,20.19,logs/7-19 20.19/7-19 20.19.csv,1.68,9.9646,19,-0.8223684210526315,0.0,,4.937445637793857
2026-07-19,20.19,logs/7-19 20.19/7-19 20.19.csv,1.68,11.0771,146,2.4882301369863016,0.78125,,5.097885021225688
2026-07-19,20.19,logs/7-19 20.19/7-19 20.19.csv,1.68,11.8935,643,2.4591766718507,3.125,,4.070367595464097
2026-07-19,20.19,logs/7-19 20.19/7-19 20.19.csv,1.7451,5.3437,1,-3.125,-3.125,,
2026-07-19,20.19,logs/7-19 20.19/7-19 20.19.csv,1.7451,5.6028,1,3.125,3.125,,
2026-07-19,20.19,logs/7-19 20.19/7-19 20.19.csv,1.7451,9.9646,2,1.171875,1.171875,,0.5524271728019903
2026-07-19,20.19,logs/7-19 20.19/7-19 20.19.csv,1.7451,11.0771,29,1.1314655172413792,0.78125,,3.7385089875057584
2026-07-19,20.19,logs/7-19 20.19/7-19 20.19.csv,1.7451,11.8935,1309,2.9936995416348355,3.125,,4.6216907271536165
2026-07-19,20.19,logs/7-19 20.19/7-19 20.19.csv,1.7451,14.2578,309,2.454997734627832,2.34375,,4.617595072846964
2026-07-19,20.19,logs/7-19 20.19/7-19 20.19.csv,1.81,9.9646,2,1.171875,1.171875,,7.181553246425874
2026-07-19,20.19,logs/7-19 20.19/7-19 20.19.csv,1.81,11.0771,4,-0.1953125,-0.390625,,3.847210078826604
2026-07-19,20.19,logs/7-19 20.19/7-19 20.19.csv,1.81,11.8935,107,2.066298598130841,0.78125,,5.621660380325347
2026-07-19,20.19,logs/7-19 20.19/7-19 20.19.csv,1.81,14.2578,1397,2.9348617394416605,3.125,,4.933945612405971
2026-07-19,20.19,logs/7-19 20.19/7-19 20.19.csv,1.81,15.6572,605,1.2951973553719007,0.78125,,4.326779035431547
2026-07-19,20.19,logs/7-19 20.19/7-19 20.19.csv,1.81,17.5491,2,-3.515625,-3.515625,,1.6572815184059708
2026-07-19,20.19,logs/7-19 20.19/7-19 20.19.csv,1.85,7.5789,1,4.6875,4.6875,,
2026-07-19,20.19,logs/7-19 20.19/7-19 20.19.csv,1.85,11.0771,1,0.0,0.0,,
2026-07-19,20.19,logs/7-19 20.19/7-19 20.19.csv,1.85,11.8935,2,-2.34375,-2.34375,,3.3145630368119416
2026-07-19,20.19,logs/7-19 20.19/7-19 20.19.csv,1.85,14.2578,45,0.9375011111111112,0.78125,,4.495970970952378
2026-07-19,20.19,logs/7-19 20.19/7-19 20.19.csv,1.85,15.6572,1554,1.117078314028314,0.78125,,4.911818959462035
2026-07-19,20.19,logs/7-19 20.19/7-19 20.19.csv,1.85,17.5491,1422,0.4219415963431786,0.0,,5.245057587007539
2026-07-19,20.19,logs/7-19 20.19/7-19 20.19.csv,1.85,27.1728,1,0.0,0.0,,
2026-07-19,20.19,logs/7-19 20.19/7-19 20.19.csv,1.91,8.1077,1,0.78125,0.78125,,
2026-07-19,20.19,logs/7-19 20.19/7-19 20.19.csv,1.91,9.9646,1,0.0,0.0,,
2026-07-19,20.19,logs/7-19 20.19/7-19 20.19.csv,1.91,11.0771,2,2.734375,2.734375,,1.6572815184059708
2026-07-19,20.19,logs/7-19 20.19/7-19 20.19.csv,1.91,14.2578,2,0.78125,0.78125,,0.0
2026-07-19,20.19,logs/7-19 20.19/7-19 20.19.csv,1.91,15.6572,12,0.390625,0.78125,,5.499104072173113
2026-07-19,20.19,logs/7-19 20.19/7-19 20.19.csv,1.91,17.5491,1688,0.2739944312796208,-0.78125,,5.336474204380692
2026-07-19,20.19,logs/7-19 20.19/7-19 20.19.csv,1.91,19.9302,903,0.5035311184939092,0.0,,5.439032407942741
2026-07-19,20.19,logs/7-19 20.19/7-19 20.19.csv,1.91,24.2801,1,-2.34375,-2.34375,,
2026-07-19,20.19,logs/7-19 20.19/7-19 20.19.csv,1.9888,8.1077,2,10.5469,10.5469,,0.5524625281410501
2026-07-19,20.19,logs/7-19 20.19/7-19 20.19.csv,1.9888,11.0771,1,0.78125,0.78125,,
2026-07-19,20.19,logs/7-19 20.19/7-19 20.19.csv,1.9888,14.2578,1,-2.34375,-2.34375,,
2026-07-19,20.19,logs/7-19 20.19/7-19 20.19.csv,1.9888,15.6572,1,1.5625,1.5625,,
2026-07-19,20.19,logs/7-19 20.19/7-19 20.19.csv,1.9888,17.5491,41,0.9527463414634147,0.78125,,4.899235752306045
2026-07-19,20.19,logs/7-19 20.19/7-19 20.19.csv,1.9888,19.9302,2104,1.5235136406844103,0.78125,,5.085782954979592
2026-07-19,20.19,logs/7-19 20.19/7-19 20.19.csv,1.9888,22.0675,412,1.1491208737864078,0.78125,,4.795655897048553
2026-07-19,20.19,logs/7-19 20.19/7-19 20.19.csv,1.9888,27.1728,1,-3.125,-3.125,,
2026-07-19,20.19,logs/7-19 20.19/7-19 20.19.csv,2.05,9.9646,2,-1.5625,-1.5625,,2.209708691207961
2026-07-19,20.19,logs/7-19 20.19/7-19 20.19.csv,2.05,11.0771,2,5.8594,5.8594,,8.286442947368913
2026-07-19,20.19,logs/7-19 20.19/7-19 20.19.csv,2.05,14.2578,1,6.25,6.25,,
2026-07-19,20.19,logs/7-19 20.19/7-19 20.19.csv,2.05,17.5491,1,-4.6875,-4.6875,,
2026-07-19,20.19,logs/7-19 20.19/7-19 20.19.csv,2.05,19.9302,121,1.207387603305785,0.0,,6.079216341818796
2026-07-19,20.19,logs/7-19 20.19/7-19 20.19.csv,2.05,22.0675,2697,0.8252815721171672,0.0,,4.909517520052364
2026-07-19,20.19,logs/7-19 20.19/7-19 20.19.csv,2.05,24.2801,1278,1.088738184663537,0.78125,,4.884098437166107
2026-07-19,20.19,logs/7-19 20.19/7-19 20.19.csv,2.05,27.1728,4,-3.515625,-4.296875,,2.429004961741879
2026-07-19,20.19,logs/7-19 20.19/7-19 20.19.csv,2.1152,9.2674,1,3.90625,3.90625,,
2026-07-19,20.19,logs/7-19 20.19/7-19 20.19.csv,2.1152,9.9646,1,7.03125,7.03125,,
2026-07-19,20.19,logs/7-19 20.19/7-19 20.19.csv,2.1152,15.6572,2,-0.390625,-0.390625,,1.6572815184059708
2026-07-19,20.19,logs/7-19 20.19/7-19 20.19.csv,2.1152,17.5491,1,3.90625,3.90625,,
2026-07-19,20.19,logs/7-19 20.19/7-19 20.19.csv,2.1152,19.9302,1,-3.90625,-3.90625,,
2026-07-19,20.19,logs/7-19 20.19/7-19 20.19.csv,2.1152,22.0675,16,1.953128125,0.390625,,4.841236982527253
2026-07-19,20.19,logs/7-19 20.19/7-19 20.19.csv,2.1152,24.2801,2018,0.6089737859266601,0.0,,5.079042008503565
2026-07-19,20.19,logs/7-19 20.19/7-19 20.19.csv,2.1152,27.1728,1111,0.3586307830783078,0.0,,4.438904881975139
2026-07-19,20.19,logs/7-19 20.19/7-19 20.19.csv,2.1152,30.9147,2,1.5625,1.5625,,5.524271728019903
2026-07-19,20.19,logs/7-19 20.19/7-19 20.19.csv,2.1152,33.0568,1,-2.34375,-2.34375,,
2026-07-19,20.19,logs/7-19 20.19/7-19 20.19.csv,2.1682,6.4361,2,-2.34375,-2.34375,,3.3145630368119416
2026-07-19,20.19,logs/7-19 20.19/7-19 20.19.csv,2.1682,9.9646,1,-3.90625,-3.90625,,
2026-07-19,20.19,logs/7-19 20.19/7-19 20.19.csv,2.1682,11.8935,1,-6.25,-6.25,,
2026-07-19,20.19,logs/7-19 20.19/7-19 20.19.csv,2.1682,17.5491,1,-5.46875,-5.46875,,
2026-07-19,20.19,logs/7-19 20.19/7-19 20.19.csv,2.1682,22.0675,1,-2.34375,-2.34375,,
2026-07-19,20.19,logs/7-19 20.19/7-19 20.19.csv,2.1682,24.2801,28,1.088175,-0.390625,,6.030363267380669
2026-07-19,20.19,logs/7-19 20.19/7-19 20.19.csv,2.1682,27.1728,2884,0.7083819174757281,0.0,,5.212575872012263
2026-07-19,20.19,logs/7-19 20.19/7-19 20.19.csv,2.1682,30.9147,1070,0.8301710280373832,0.78125,,5.042676206379156
2026-07-19,20.19,logs/7-19 20.19/7-19 20.19.csv,2.1682,33.0568,2,-3.90625,-3.90625,,2.209708691207961
2026-07-19,20.19,logs/7-19 20.19/7-19 20.19.csv,2.253,11.8935,1,0.0,0.0,,
2026-07-19,20.19,logs/7-19 20.19/7-19 20.19.csv,2.253,14.2578,1,-3.125,-3.125,,
2026-07-19,20.19,logs/7-19 20.19/7-19 20.19.csv,2.253,19.9302,1,0.0,0.0,,
2026-07-19,20.19,logs/7-19 20.19/7-19 20.19.csv,2.253,22.0675,1,4.6875,4.6875,,
2026-07-19,20.19,logs/7-19 20.19/7-19 20.19.csv,2.253,24.2801,1,-4.6875,-4.6875,,
2026-07-19,20.19,logs/7-19 20.19/7-19 20.19.csv,2.253,27.1728,55,0.0142045454545454,0.0,,6.444974586223152
2026-07-19,20.19,logs/7-19 20.19/7-19 20.19.csv,2.253,30.9147,3819,0.8463050536789736,0.78125,,5.370285393115929
2026-07-19,20.19,logs/7-19 20.19/7-19 20.19.csv,2.253,33.0568,776,0.8295768685567011,0.78125,,5.233724504200991
2026-07-19,20.19,logs/7-19 20.19/7-19 20.19.csv,2.2849,14.2578,1,0.78125,0.78125,,
2026-07-19,20.19,logs/7-19 20.19/7-19 20.19.csv,2.2849,17.5491,2,-2.34375,-2.34375,,7.733980419227864
2026-07-19,20.19,logs/7-19 20.19/7-19 20.19.csv,2.2849,19.9302,1,-3.125,-3.125,,
2026-07-19,20.19,logs/7-19 20.19/7-19 20.19.csv,2.2849,22.0675,1,-3.125,-3.125,,
2026-07-19,20.19,logs/7-19 20.19/7-19 20.19.csv,2.2849,24.2801,1,-1.5625,-1.5625,,
2026-07-19,20.19,logs/7-19 20.19/7-19 20.19.csv,2.2849,27.1728,1,1.5625,1.5625,,
2026-07-19,20.19,logs/7-19 20.19/7-19 20.19.csv,2.2849,30.9147,74,0.1055763513513513,0.390625,,6.26247010786196
2026-07-19,20.19,logs/7-19 20.19/7-19 20.19.csv,2.2849,33.0568,4455,1.0399148933782267,0.78125,,5.040984966328916
2026-07-19,20.19,logs/7-19 20.19/7-19 20.19.csv,2.2849,36.822,1157,2.21073102852204,2.34375,,4.722486652890729
2026-07-19,20.19,logs/7-19 20.19/7-19 20.19.csv,2.3877,14.2578,1,3.90625,3.90625,,
2026-07-19,20.19,logs/7-19 20.19/7-19 20.19.csv,2.3877,17.5491,1,10.15625,10.15625,,
2026-07-19,20.19,logs/7-19 20.19/7-19 20.19.csv,2.3877,19.9302,1,-4.6875,-4.6875,,
2026-07-19,20.19,logs/7-19 20.19/7-19 20.19.csv,2.3877,22.0675,1,7.03125,7.03125,,
2026-07-19,20.19,logs/7-19 20.19/7-19 20.19.csv,2.3877,24.2801,2,3.515625,3.515625,,12.705824974445775
2026-07-19,20.19,logs/7-19 20.19/7-19 20.19.csv,2.3877,27.1728,1,0.0,0.0,,
2026-07-19,20.19,logs/7-19 20.19/7-19 20.19.csv,2.3877,33.0568,56,-0.2650660714285714,-0.390625,,7.024589028361258
2026-07-19,20.19,logs/7-19 20.19/7-19 20.19.csv,2.3877,36.822,8096,2.641353044713439,3.125,,4.861292407604128
2026-07-19,20.19,logs/7-19 20.19/7-19 20.19.csv,2.3877,42.2183,217,2.206943778801844,1.5625,,4.19416402435735
2026-07-19,20.19,logs/7-19 20.19/7-19 20.19.csv,2.449,19.9302,1,0.0,0.0,,
2026-07-19,20.19,logs/7-19 20.19/7-19 20.19.csv,2.449,30.9147,1,11.71875,11.71875,,
2026-07-19,20.19,logs/7-19 20.19/7-19 20.19.csv,2.449,36.822,500,2.3562517,2.34375,,4.48424512781413
2026-07-19,20.19,logs/7-19 20.19/7-19 20.19.csv,2.449,42.2183,7860,1.3096384414758269,0.0,,4.240971171166687
2026-07-19,20.19,logs/7-19 20.19/7-19 20.19.csv,2.449,47.3729,209,1.663427990430622,0.0,,3.652965563549647
2026-07-19,20.19,logs/7-19 20.19/7-19 20.19.csv,2.5482,30.9147,1,0.0,0.0,,
2026-07-19,20.19,logs/7-19 20.19/7-19 20.19.csv,2.5482,42.2183,490,0.6823984693877551,0.0,,3.276340588331621
2026-07-19,20.19,logs/7-19 20.19/7-19 20.19.csv,2.5482,47.3729,6598,0.5707225598666262,0.0,,2.62858370020935
2026-07-19,20.19,logs/7-19 20.19/7-19 20.19.csv,2.5482,50.5261,534,0.1975073970037453,0.0,,1.5406837664447144
2026-07-19,20.19,logs/7-19 20.19/7-19 20.19.csv,2.62,42.2183,2,-1.171875,-1.171875,,2.762135864009952
2026-07-19,20.19,logs/7-19 20.19/7-19 20.19.csv,2.62,47.3729,24,0.2278645833333333,0.0,,1.5536291437119487
2026-07-19,20.19,logs/7-19 20.19/7-19 20.19.csv,2.62,50.5261,2918,0.0297185743660041,0.0,,0.5460037746209567
2026-07-19,20.19,logs/7-19 20.19/7-19 20.19.csv,2.62,57.3682,8,0.68359375,0.0,,1.933495104806966
2026-07-19,20.19,logs/7-19 20.19/7-19 20.19.csv,2.7327,42.2183,3,-3.125,0.0,,6.810779599282302
2026-07-19,20.19,logs/7-19 20.19/7-19 20.19.csv,2.7327,50.5261,225,0.0034722222222222,0.0,,0.0520833333333333
2026-07-19,20.19,logs/7-19 20.19/7-19 20.19.csv,2.7327,57.3682,1895,0.0,0.0,,0.191669261131301
2026-07-19,20.19,logs/7-19 20.19/7-19 20.19.csv,2.7327,73.8877,87,0.0,0.0,,0.0
2026-07-19,20.19,logs/7-19 20.19/7-19 20.19.csv,2.8274,73.8877,393,0.001987913486005,0.0,,0.0394088493988529
2026-07-19,20.19,logs/7-19 20.19/7-19 20.19.csv,2.8274,80.0684,6,-0.1302083333333333,0.0,,0.3189439769248929
2026-07-19,20.19,logs/7-19 20.19/7-19 20.19.csv,2.9125,73.8877,15,0.0,0.0,,0.0
2026-07-19,20.19,logs/7-19 20.19/7-19 20.19.csv,2.9125,80.0684,263,0.0,0.0,,0.0
2026-07-19,20.19,logs/7-19 20.19/7-19 20.19.csv,2.9125,84.9893,6,0.0,0.0,,0.0
2026-07-19,20.19,logs/7-19 20.19/7-19 20.19.csv,2.99,80.0684,4,0.0,0.0,,0.0
2026-07-19,20.19,logs/7-19 20.19/7-19 20.19.csv,2.99,84.9893,109,-0.0430045871559633,0.0,,0.4489810711974146
2026-07-19,20.19,logs/7-19 20.19/7-19 20.19.csv,2.99,90.132,2,0.0,0.0,,0.0
2026-07-19,20.19,logs/7-19 20.19/7-19 20.19.csv,3.0654,84.9893,3,0.0,0.0,,0.0
2026-07-19,20.19,logs/7-19 20.19/7-19 20.19.csv,3.0654,90.132,13,0.0,0.0,,0.0
2026-07-19,20.19,logs/7-19 20.19/7-19 20.19.csv,3.1508,110.681,24,0.0,0.0,,0.0
2026-07-19,20.19,logs/7-19 20.19/7-19 20.19.csv,3.26,125.6816,4,0.0,0.0,,0.0
2026-07-19,20.19,logs/7-19 20.19/7-19 20.19.csv,3.408,138.5191,3,0.0,0.0,,0.0
2026-07-19,20.19,logs/7-19 20.19/7-19 20.19.csv,3.52,163.451,3,0.0,0.0,,0.0
2026-07-19,20.19,logs/7-19 20.19/7-19 20.19.csv,3.6137,172.4018,3,0.0,0.0,,0.0
2026-07-19,20.19,logs/7-19 20.19/7-19 20.19.csv,3.7098,177.8987,3,0.0,0.0,,0.0
2026-07-19,20.19,logs/7-19 20.19/7-19 20.19.csv,3.7098,207.5802,1,0.0,0.0,,
2026-07-19,20.19,logs/7-19 20.19/7-19 20.19.csv,3.84,177.8987,1,0.0,0.0,,
2026-07-19,20.19,logs/7-19 20.19/7-19 20.19.csv,3.84,207.5802,4,0.0,0.0,,0.0
2026-07-19,20.19,logs/7-19 20.19/7-19 20.19.csv,3.9677,207.5802,1,0.0,0.0,,
2026-07-19,20.19,logs/7-19 20.19/7-19 20.19.csv,3.9677,232.2782,20,0.0,0.0,,0.0
2026-07-19,20.19,logs/7-19 20.19/7-19 20.19.csv,4.11,262.9586,8,0.0,0.0,,0.0
2026-07-26,20.19b,logs/7-26 20.19b/7-26 20.19b.csv,1.2201,3.5071,1,2.34375,2.34375,,
2026-07-26,20.19b,logs/7-26 20.19b/7-26 20.19b.csv,1.28,3.5071,1,7.81255,7.81255,,
2026-07-26,20.19b,logs/7-26 20.19b/7-26 20.19b.csv,1.28,3.9996,1,-11.71875,-11.71875,,
2026-07-26,20.19b,logs/7-26 20.19b/7-26 20.19b.csv,1.3021,3.9996,1,1.5625,1.5625,,
2026-07-26,20.19b,logs/7-26 20.19b/7-26 20.19b.csv,1.3021,4.3333,4,1.953125,0.78125,,3.464618410325539
2026-07-26,20.19b,logs/7-26 20.19b/7-26 20.19b.csv,1.3628,4.3333,1,7.81255,7.81255,,
2026-07-26,20.19b,logs/7-26 20.19b/7-26 20.19b.csv,1.3948,5.3437,2,2.734375,2.734375,,0.5524271728019903
2026-07-26,20.19b,logs/7-26 20.19b/7-26 20.19b.csv,1.3948,5.6028,4,-0.9765625,-0.78125,,1.6105881350068985
2026-07-26,20.19b,logs/7-26 20.19b/7-26 20.19b.csv,1.3948,6.4361,1,-14.06255,-14.06255,,
2026-07-26,20.19b,logs/7-26 20.19b/7-26 20.19b.csv,1.45,5.3437,1,0.78125,0.78125,,
2026-07-26,20.19b,logs/7-26 20.19b/7-26 20.19b.csv,1.45,5.6028,4,-0.390625,1.171875,,5.201818842562025
2026-07-26,20.19b,logs/7-26 20.19b/7-26 20.19b.csv,1.45,6.4361,21,-6.84525,-8.59375,,5.086571665670307
2026-07-26,20.19b,logs/7-26 20.19b/7-26 20.19b.csv,1.45,7.5789,9,-8.159738888888889,-7.8125,,3.430210705880341
2026-07-26,20.19b,logs/7-26 20.19b/7-26 20.19b.csv,1.4801,3.5071,1,7.81255,7.81255,,
2026-07-26,20.19b,logs/7-26 20.19b/7-26 20.19b.csv,1.4801,6.4361,8,-2.05078125,-3.125,,3.4672389525732243
2026-07-26,20.19b,logs/7-26 20.19b/7-26 20.19b.csv,1.4801,7.5789,30,-6.276055,-5.46875,,5.118834552808467
2026-07-26,20.19b,logs/7-26 20.19b/7-26 20.19b.csv,1.4801,8.1077,6,-10.156258333333334,-7.812525,,7.6226953484588815
2026-07-26,20.19b,logs/7-26 20.19b/7-26 20.19b.csv,1.5473,5.3437,2,-1.9531,-1.9531,,13.810714675388816
2026-07-26,20.19b,logs/7-26 20.19b/7-26 20.19b.csv,1.5473,5.6028,1,-3.125,-3.125,,
2026-07-26,20.19b,logs/7-26 20.19b/7-26 20.19b.csv,1.5473,6.4361,1,-11.71875,-11.71875,,
2026-07-26,20.19b,logs/7-26 20.19b/7-26 20.19b.csv,1.5473,7.5789,22,-3.906256818181818,-3.515625,,4.041568328493267
2026-07-26,20.19b,logs/7-26 20.19b/7-26 20.19b.csv,1.5473,8.1077,82,-3.5823182926829267,-3.125,,4.963809382155735
2026-07-26,20.19b,logs/7-26 20.19b/7-26 20.19b.csv,1.5473,9.2674,8,-6.05470625,-6.250025,,5.812704009534234
2026-07-26,20.19b,logs/7-26 20.19b/7-26 20.19b.csv,1.5473,11.0771,1,-4.6875,-4.6875,,
2026-07-26,20.19b,logs/7-26 20.19b/7-26 20.19b.csv,1.593,4.3333,1,2.34375,2.34375,,
2026-07-26,20.19b,logs/7-26 20.19b/7-26 20.19b.csv,1.593,5.3437,1,-1.5625,-1.5625,,
2026-07-26,20.19b,logs/7-26 20.19b/7-26 20.19b.csv,1.593,6.4361,1,3.90625,3.90625,,
2026-07-26,20.19b,logs/7-26 20.19b/7-26 20.19b.csv,1.593,8.1077,17,-2.251841176470588,0.78125,,5.659905967285236
2026-07-26,20.19b,logs/7-26 20.19b/7-26 20.19b.csv,1.593,9.2674,169,-1.8999680473372784,0.78125,,6.618566169009439
2026-07-26,20.19b,logs/7-26 20.19b/7-26 20.19b.csv,1.593,9.9646,6,0.78125,1.5625,,2.3696485762661097
2026-07-26,20.19b,logs/7-26 20.19b/7-26 20.19b.csv,1.6417,7.5789,2,0.0,0.0,,12.153397801643786
2026-07-26,20.19b,logs/7-26 20.19b/7-26 20.19b.csv,1.6417,8.1077,3,-2.6041666666666665,-3.90625,,2.9577647634376425
2026-07-26,20.19b,logs/7-26 20.19b/7-26 20.19b.csv,1.6417,9.2674,66,0.0591840909090908,1.171875,,5.8259266318174605
2026-07-26,20.19b,logs/7-26 20.19b/7-26 20.19b.csv,1.6417,9.9646,145,-0.42026,0.0,,5.137066541316811
2026-07-26,20.19b,logs/7-26 20.19b/7-26 20.19b.csv,1.6417,11.0771,45,0.9201377777777776,0.78125,,6.356274591372432
2026-07-26,20.19b,logs/7-26 20.19b/7-26 20.19b.csv,1.6417,11.8935,1,0.0,0.0,,
2026-07-26,20.19b,logs/7-26 20.19b/7-26 20.19b.csv,1.6417,14.2578,2,-4.296875,-4.296875,,0.5524271728019903
2026-07-26,20.19b,logs/7-26 20.19b/7-26 20.19b.csv,1.68,7.5789,1,2.34375,2.34375,,
2026-07-26,20.19b,logs/7-26 20.19b/7-26 20.19b.csv,1.68,8.1077,3,-2.864583333333333,-3.90625,,3.2526031241658324
2026-07-26,20.19b,logs/7-26 20.19b/7-26 20.19b.csv,1.68,9.9646,10,-5.234375,-5.46875,,5.788635485263345
2026-07-26,20.19b,logs/7-26 20.19b/7-26 20.19b.csv,1.68,11.0771,139,-1.4950543165467625,-1.5625,,6.946122708072265
2026-07-26,20.19b,logs/7-26 20.19b/7-26 20.19b.csv,1.68,11.8935,106,-1.4519448113207547,-1.5625,,4.882412944543328
2026-07-26,20.19b,logs/7-26 20.19b/7-26 20.19b.csv,1.68,14.2578,1,-2.34375,-2.34375,,
2026-07-26,20.19b,logs/7-26 20.19b/7-26 20.19b.csv,1.7451,4.3333,1,1.5625,1.5625,,
2026-07-26,20.19b,logs/7-26 20.19b/7-26 20.19b.csv,1.7451,5.6028,1,0.0,0.0,,
2026-07-26,20.19b,logs/7-26 20.19b/7-26 20.19b.csv,1.7451,6.4361,2,0.78125,0.78125,,0.0
2026-07-26,20.19b,logs/7-26 20.19b/7-26 20.19b.csv,1.7451,9.9646,2,-2.34375,-2.34375,,3.3145630368119416
2026-07-26,20.19b,logs/7-26 20.19b/7-26 20.19b.csv,1.7451,11.0771,30,-2.343748333333333,-1.953125,,5.266824948978917
2026-07-26,20.19b,logs/7-26 20.19b/7-26 20.19b.csv,1.7451,11.8935,433,0.036085219399538,0.78125,,5.631309684585341
2026-07-26,20.19b,logs/7-26 20.19b/7-26 20.19b.csv,1.7451,14.2578,66,-0.7812484848484847,-1.5625,,3.436957474681189
2026-07-26,20.19b,logs/7-26 20.19b/7-26 20.19b.csv,1.81,6.4361,1,-13.28125,-13.28125,,
2026-07-26,20.19b,logs/7-26 20.19b/7-26 20.19b.csv,1.81,9.2674,2,-6.250025,-6.250025,,6.629161428962942
2026-07-26,20.19b,logs/7-26 20.19b/7-26 20.19b.csv,1.81,9.9646,2,-0.390625,-0.390625,,4.9718445552179125
2026-07-26,20.19b,logs/7-26 20.19b/7-26 20.19b.csv,1.81,11.0771,3,-0.5208333333333334,0.0,,3.932205435036849
2026-07-26,20.19b,logs/7-26 20.19b/7-26 20.19b.csv,1.81,11.8935,50,0.687503,0.78125,,6.116323425485597
2026-07-26,20.19b,logs/7-26 20.19b/7-26 20.19b.csv,1.81,14.2578,493,0.2947539553752535,0.0,,4.8674321913789775
2026-07-26,20.19b,logs/7-26 20.19b/7-26 20.19b.csv,1.81,15.6572,173,-2.610187572254336,-2.34375,,3.6985478534249503
2026-07-26,20.19b,logs/7-26 20.19b/7-26 20.19b.csv,1.81,17.5491,2,-4.296875,-4.296875,,0.5524271728019903
2026-07-26,20.19b,logs/7-26 20.19b/7-26 20.19b.csv,1.85,9.9646,1,-3.125,-3.125,,
2026-07-26,20.19b,logs/7-26 20.19b/7-26 20.19b.csv,1.85,11.8935,1,-8.59375,-8.59375,,
2026-07-26,20.19b,logs/7-26 20.19b/7-26 20.19b.csv,1.85,14.2578,31,-0.6804419354838709,0.78125,,6.080860430524297
2026-07-26,20.19b,logs/7-26 20.19b/7-26 20.19b.csv,1.85,15.6572,702,-1.602563105413105,-1.5625,,5.505660674735992
2026-07-26,20.19b,logs/7-26 20.19b/7-26 20.19b.csv,1.85,17.5491,513,-2.6315785575048736,-3.125,,3.5073729163135905
2026-07-26,20.19b,logs/7-26 20.19b/7-26 20.19b.csv,1.85,19.9302,2,-3.90625,-3.90625,,3.3145630368119416
2026-07-26,20.19b,logs/7-26 20.19b/7-26 20.19b.csv,1.85,22.0675,1,-8.59375,-8.59375,,
2026-07-26,20.19b,logs/7-26 20.19b/7-26 20.19b.csv,1.85,24.2801,1,-2.34375,-2.34375,,
2026-07-26,20.19b,logs/7-26 20.19b/7-26 20.19b.csv,1.91,8.1077,1,3.125,3.125,,
2026-07-26,20.19b,logs/7-26 20.19b/7-26 20.19b.csv,1.91,9.2674,2,-1.953125,-1.953125,,2.762135864009952
2026-07-26,20.19b,logs/7-26 20.19b/7-26 20.19b.csv,1.91,9.9646,1,1.5625,1.5625,,
2026-07-26,20.19b,logs/7-26 20.19b/7-26 20.19b.csv,1.91,11.8935,2,-4.296875,-4.296875,,8.286407592029853
2026-07-26,20.19b,logs/7-26 20.19b/7-26 20.19b.csv,1.91,14.2578,2,-2.734375,-2.734375,,2.762135864009952
2026-07-26,20.19b,logs/7-26 20.19b/7-26 20.19b.csv,1.91,15.6572,6,-4.6875,-2.734375,,6.987712429686843
2026-07-26,20.19b,logs/7-26 20.19b/7-26 20.19b.csv,1.91,17.5491,644,-1.9167309782608688,-2.34375,,4.050440359046414
2026-07-26,20.19b,logs/7-26 20.19b/7-26 20.19b.csv,1.91,19.9302,288,-2.395290277777778,-2.34375,,2.783707046379331
2026-07-26,20.19b,logs/7-26 20.19b/7-26 20.19b.csv,1.91,22.0675,3,-9.1146,-4.6875,,8.35368244653219
2026-07-26,20.19b,logs/7-26 20.19b/7-26 20.19b.csv,1.9888,8.1077,1,-1.5625,-1.5625,,
2026-07-26,20.19b,logs/7-26 20.19b/7-26 20.19b.csv,1.9888,11.8935,1,4.6875,4.6875,,
2026-07-26,20.19b,logs/7-26 20.19b/7-26 20.19b.csv,1.9888,14.2578,3,1.8229333333333333,0.0,,5.317886974714048
2026-07-26,20.19b,logs/7-26 20.19b/7-26 20.19b.csv,1.9888,15.6572,1,-4.6875,-4.6875,,
2026-07-26,20.19b,logs/7-26 20.19b/7-26 20.19b.csv,1.9888,17.5491,17,-0.0919147058823529,0.0,,7.254933883911448
2026-07-26,20.19b,logs/7-26 20.19b/7-26 20.19b.csv,1.9888,19.9302,717,-1.6845363319386333,-2.34375,,3.3818436883694543
2026-07-26,20.19b,logs/7-26 20.19b/7-26 20.19b.csv,1.9888,22.0675,60,-2.786458333333333,-2.34375,,3.6285468414281015
2026-07-26,20.19b,logs/7-26 20.19b/7-26 20.19b.csv,1.9888,24.2801,1,-3.90625,-3.90625,,
2026-07-26,20.19b,logs/7-26 20.19b/7-26 20.19b.csv,2.05,8.1077,1,8.59375,8.59375,,
2026-07-26,20.19b,logs/7-26 20.19b/7-26 20.19b.csv,2.05,9.2674,1,-7.8125,-7.8125,,
2026-07-26,20.19b,logs/7-26 20.19b/7-26 20.19b.csv,2.05,11.0771,1,-4.6875,-4.6875,,
2026-07-26,20.19b,logs/7-26 20.19b/7-26 20.19b.csv,2.05,11.8935,2,-2.34375,-2.34375,,3.3145630368119416
2026-07-26,20.19b,logs/7-26 20.19b/7-26 20.19b.csv,2.05,14.2578,2,-7.421900000000001,-7.421900000000001,,11.601005984180857
2026-07-26,20.19b,logs/7-26 20.19b/7-26 20.19b.csv,2.05,15.6572,2,-2.734375,-2.734375,,6.076698900821893
2026-07-26,20.19b,logs/7-26 20.19b/7-26 20.19b.csv,2.05,17.5491,2,-1.953125,-1.953125,,1.6572815184059708
2026-07-26,20.19b,logs/7-26 20.19b/7-26 20.19b.csv,2.05,19.9302,64,-4.0283265625,-1.5625,,8.024446907019135
2026-07-26,20.19b,logs/7-26 20.19b/7-26 20.19b.csv,2.05,22.0675,564,-2.630486524822695,-2.34375,,4.821018194718381
2026-07-26,20.19b,logs/7-26 20.19b/7-26 20.19b.csv,2.05,24.2801,164,-3.010671646341464,-3.125,,4.440758730376497
2026-07-26,20.19b,logs/7-26 20.19b/7-26 20.19b.csv,2.05,27.1728,6,-5.859383333333334,-5.078125,,6.456552207383339
2026-07-26,20.19b,logs/7-26 20.19b/7-26 20.19b.csv,2.05,30.9147,3,-2.34375,-3.90625,,4.133986423538423
2026-07-26,20.19b,logs/7-26 20.19b/7-26 20.19b.csv,2.1152,7.5789,1,2.34375,2.34375,,
2026-07-26,20.19b,logs/7-26 20.19b/7-26 20.19b.csv,2.1152,8.1077,1,-2.34375,-2.34375,,
2026-07-26,20.19b,logs/7-26 20.19b/7-26 20.19b.csv,2.1152,9.2674,1,-0.78125,-0.78125,,
2026-07-26,20.19b,logs/7-26 20.19b/7-26 20.19b.csv,2.1152,17.5491,1,1.5625,1.5625,,
2026-07-26,20.19b,logs/7-26 20.19b/7-26 20.19b.csv,2.1152,22.0675,8,-4.296875,-6.640625,,5.935149910851933
2026-07-26,20.19b,logs/7-26 20.19b/7-26 20.19b.csv,2.1152,24.2801,445,-2.891503258426966,-3.125,,4.254480085027003
2026-07-26,20.19b,logs/7-26 20.19b/7-26 20.19b.csv,2.1152,27.1728,171,-4.047880409356725,-4.6875,,2.8392987935475227
2026-07-26,20.19b,logs/7-26 20.19b/7-26 20.19b.csv,2.1152,30.9147,4,-1.7578,-3.125,,7.339199166235147
2026-07-26,20.19b,logs/7-26 20.19b/7-26 20.19b.csv,2.1152,33.0568,1,-1.5625,-1.5625,,
2026-07-26,20.19b,logs/7-26 20.19b/7-26 20.19b.csv,2.1682,14.2578,1,0.0,0.0,,
2026-07-26,20.19b,logs/7-26 20.19b/7-26 20.19b.csv,2.1682,17.5491,1,-17.9688,-17.9688,,
2026-07-26,20.19b,logs/7-26 20.19b/7-26 20.19b.csv,2.1682,19.9302,1,1.5625,1.5625,,
2026-07-26,20.19b,logs/7-26 20.19b/7-26 20.19b.csv,2.1682,22.0675,2,-1.171875,-1.171875,,0.5524271728019903
2026-07-26,20.19b,logs/7-26 20.19b/7-26 20.19b.csv,2.1682,24.2801,14,-5.41295,-5.078125,,3.857445142488444
2026-07-26,20.19b,logs/7-26 20.19b/7-26 20.19b.csv,2.1682,27.1728,501,-3.279378642714571,-3.90625,,3.5547218540700145
2026-07-26,20.19b,logs/7-26 20.19b/7-26 20.19b.csv,2.1682,30.9147,129,-3.900194186046512,-3.90625,,3.085839688498168
2026-07-26,20.19b,logs/7-26 20.19b/7-26 20.19b.csv,2.1682,33.0568,2,-10.15625,-10.15625,,7.733980419227864
2026-07-26,20.19b,logs/7-26 20.19b/7-26 20.19b.csv,2.1682,36.822,1,1.5625,1.5625,,
2026-07-26,20.19b,logs/7-26 20.19b/7-26 20.19b.csv,2.253,11.8935,3,-0.2604166666666667,1.5625,,3.853814736184568
2026-07-26,20.19b,logs/7-26 20.19b/7-26 20.19b.csv,2.253,15.6572,1,-8.59375,-8.59375,,
2026-07-26,20.19b,logs/7-26 20.19b/7-26 20.19b.csv,2.253,17.5491,1,-1.5625,-1.5625,,
2026-07-26,20.19b,logs/7-26 20.19b/7-26 20.19b.csv,2.253,24.2801,2,0.0,0.0,,3.3145630368119416
2026-07-26,20.19b,logs/7-26 20.19b/7-26 20.19b.csv,2.253,27.1728,22,-4.936077272727273,-5.859375,,5.666534241065976
2026-07-26,20.19b,logs/7-26 20.19b/7-26 20.19b.csv,2.253,30.9147,597,-3.132851842546064,-3.125,,3.4894486976111296
2026-07-26,20.19b,logs/7-26 20.19b/7-26 20.19b.csv,2.253,33.0568,88,-2.610084659090909,-3.125,,4.072243485040813
2026-07-26,20.19b,logs/7-26 20.19b/7-26 20.19b.csv,2.253,36.822,2,-11.32815,-11.32815,,1.6573168737450306
2026-07-26,20.19b,logs/7-26 20.19b/7-26 20.19b.csv,2.2849,14.2578,1,2.34375,2.34375,,
2026-07-26,20.19b,logs/7-26 20.19b/7-26 20.19b.csv,2.2849,17.5491,2,5.859375,5.859375,,3.866990209613932
2026-07-26,20.19b,logs/7-26 20.19b/7-26 20.19b.csv,2.2849,19.9302,4,0.78125,0.78125,,2.7063293868263707
2026-07-26,20.19b,logs/7-26 20.19b/7-26 20.19b.csv,2.2849,24.2801,2,-0.390625,-0.390625,,2.762135864009952
2026-07-26,20.19b,logs/7-26 20.19b/7-26 20.19b.csv,2.2849,27.1728,2,-0.3906,-0.3906,,11.601005984180857
2026-07-26,20.19b,logs/7-26 20.19b/7-26 20.19b.csv,2.2849,30.9147,28,-2.260042857142857,-2.34375,,4.091886673825238
2026-07-26,20.19b,logs/7-26 20.19b/7-26 20.19b.csv,2.2849,33.0568,548,-2.744354288321168,-3.125,,3.783185278826007
2026-07-26,20.19b,logs/7-26 20.19b/7-26 20.19b.csv,2.2849,36.822,99,-3.109218686868687,-3.125,,4.100680708577952
2026-07-26,20.19b,logs/7-26 20.19b/7-26 20.19b.csv,2.2849,42.2183,2,-5.859375,-5.859375,,7.181553246425874
2026-07-26,20.19b,logs/7-26 20.19b/7-26 20.19b.csv,2.3877,17.5491,1,1.5625,1.5625,,
2026-07-26,20.19b,logs/7-26 20.19b/7-26 20.19b.csv,2.3877,19.9302,1,-7.8125,-7.8125,,
2026-07-26,20.19b,logs/7-26 20.19b/7-26 20.19b.csv,2.3877,22.0675,1,0.0,0.0,,
2026-07-26,20.19b,logs/7-26 20.19b/7-26 20.19b.csv,2.3877,27.1728,3,2.34375,2.34375,,2.34375
2026-07-26,20.19b,logs/7-26 20.19b/7-26 20.19b.csv,2.3877,30.9147,2,0.0,0.0,,4.419417382415922
2026-07-26,20.19b,logs/7-26 20.19b/7-26 20.19b.csv,2.3877,33.0568,21,-3.6830357142857135,-3.90625,,3.306661802601789
2026-07-26,20.19b,logs/7-26 20.19b/7-26 20.19b.csv,2.3877,36.822,749,-1.833694726301736,-1.5625,,3.1677594367016564
2026-07-26,20.19b,logs/7-26 20.19b/7-26 20.19b.csv,2.3877,42.2183,20,-3.7109375,-1.953125,,5.137869702330431
2026-07-26,20.19b,logs/7-26 20.19b/7-26 20.19b.csv,2.449,15.6572,1,-12.50005,-12.50005,,
2026-07-26,20.19b,logs/7-26 20.19b/7-26 20.19b.csv,2.449,19.9302,2,0.78125,0.78125,,0.0
2026-07-26,20.19b,logs/7-26 20.19b/7-26 20.19b.csv,2.449,24.2801,1,-3.125,-3.125,,
2026-07-26,20.19b,logs/7-26 20.19b/7-26 20.19b.csv,2.449,27.1728,2,0.0,0.0,,1.1048543456039803
2026-07-26,20.19b,logs/7-26 20.19b/7-26 20.19b.csv,2.449,30.9147,3,-1.8229166666666667,0.78125,,4.510548978043952
2026-07-26,20.19b,logs/7-26 20.19b/7-26 20.19b.csv,2.449,33.0568,2,-5.078125,-5.078125,,1.6572815184059708
2026-07-26,20.19b,logs/7-26 20.19b/7-26 20.19b.csv,2.449,36.822,49,-1.514669387755102,-0.78125,,2.885557103684954
2026-07-26,20.19b,logs/7-26 20.19b/7-26 20.19b.csv,2.449,42.2183,543,-1.6804793738489872,0.0,,3.643684380615644
2026-07-26,20.19b,logs/7-26 20.19b/7-26 20.19b.csv,2.449,47.3729,2,-4.687525,-4.687525,,6.629161428962942
2026-07-26,20.19b,logs/7-26 20.19b/7-26 20.19b.csv,2.5482,19.9302,1,0.78125,0.78125,,
2026-07-26,20.19b,logs/7-26 20.19b/7-26 20.19b.csv,2.5482,30.9147,1,11.7188,11.7188,,
2026-07-26,20.19b,logs/7-26 20.19b/7-26 20.19b.csv,2.5482,36.822,3,-0.5208333333333334,1.5625,,8.781101718795503
2026-07-26,20.19b,logs/7-26 20.19b/7-26 20.19b.csv,2.5482,42.2183,41,-2.057928048780488,0.0,,4.096005197110484
2026-07-26,20.19b,logs/7-26 20.19b/7-26 20.19b.csv,2.5482,47.3729,220,-0.3515620454545454,0.0,,2.9716088749125897
2026-07-26,20.19b,logs/7-26 20.19b/7-26 20.19b.csv,2.5482,50.5261,16,0.68359375,0.0,,5.733012440299167
2026-07-26,20.19b,logs/7-26 20.19b/7-26 20.19b.csv,2.62,36.822,1,1.5625,1.5625,,
2026-07-26,20.19b,logs/7-26 20.19b/7-26 20.19b.csv,2.62,47.3729,1,0.0,0.0,,
2026-07-26,20.19b,logs/7-26 20.19b/7-26 20.19b.csv,2.62,50.5261,70,0.0334842857142857,0.0,,3.165606809294836
2026-07-26,20.19b,logs/7-26 20.19b/7-26 20.19b.csv,2.62,57.3682,3,-1.3020833333333333,0.0,,2.255274489021976
2026-07-26,20.19b,logs/7-26 20.19b/7-26 20.19b.csv,2.7327,36.822,1,-2.34375,-2.34375,,
2026-07-26,20.19b,logs/7-26 20.19b/7-26 20.19b.csv,2.7327,42.2183,1,0.0,0.0,,
2026-07-26,20.19b,logs/7-26 20.19b/7-26 20.19b.csv,2.7327,47.3729,2,0.0,0.0,,0.0
2026-07-26,20.19b,logs/7-26 20.19b/7-26 20.19b.csv,2.7327,50.5261,4,0.9765625,0.78125,,4.2011108866931455
2026-07-26,20.19b,logs/7-26 20.19b/7-26 20.19b.csv,2.7327,57.3682,45,-0.0347222222222222,0.0,,3.2424465752337306
2026-07-26,20.19b,logs/7-26 20.19b/7-26 20.19b.csv,2.7327,73.8877,3,-1.8229166666666667,-0.78125,,2.5113673856752485
2026-07-26,20.19b,logs/7-26 20.19b/7-26 20.19b.csv,2.8274,57.3682,2,1.5625,1.5625,,0.0
2026-07-26,20.19b,logs/7-26 20.19b/7-26 20.19b.csv,2.8274,73.8877,14,0.390625,0.0,,0.9064364861176896
2026-07-26,20.19b,logs/7-26 20.19b/7-26 20.19b.csv,2.8274,80.0684,1,0.0,0.0,,
2026-07-26,20.19b,logs/7-26 20.19b/7-26 20.19b.csv,2.9125,57.3682,1,1.5625,1.5625,,
2026-07-26,20.19b,logs/7-26 20.19b/7-26 20.19b.csv,2.9125,73.8877,3,-0.5208333333333334,0.0,,0.9021097956087902
2026-07-26,20.19b,logs/7-26 20.19b/7-26 20.19b.csv,2.9125,80.0684,5,0.0,0.0,,0.0
2026-07-26,20.19b,logs/7-26 20.19b/7-26 20.19b.csv,2.99,80.0684,3,0.78125,0.0,,1.3531646934131851
2026-07-26,20.19b,logs/7-26 20.19b/7-26 20.19b.csv,2.99,84.9893,7,0.0,0.0,,0.0
2026-07-26,20.19b,logs/7-26 20.19b/7-26 20.19b.csv,3.0654,84.9893,1,0.0,0.0,,
2026-07-26,20.19b,logs/7-26 20.19b/7-26 20.19b.csv,3.0654,90.132,2,0.0,0.0,,0.0
2026-07-26,20.19b,logs/7-26 20.19b/7-26 20.19b.csv,3.1508,110.681,3,0.0,0.0,,0.0
2026-07-26,20.19b,logs/7-26 20.19b/7-26 20.19b.csv,3.26,125.6816,4,0.0,0.0,,0.0
2026-07-26,20.19b,logs/7-26 20.19b/7-26 20.19b.csv,3.408,138.5191,4,0.0,0.0,,0.0
2026-07-26,20.19b,logs/7-26 20.19b/7-26 20.19b.csv,3.52,163.451,3,0.0,0.0,,0.0
2026-07-26,20.19b,logs/7-26 20.19b/7-26 20.19b.csv,3.52,172.4018,1,0.0,0.0,,
2026-07-26,20.19b,logs/7-26 20.19b/7-26 20.19b.csv,3.6137,172.4018,2,0.0,0.0,,0.0
2026-03-21,garn_base,logs/Older/3-21.csv,1.2201,3.9996,1,6.25,6.25,,
2026-03-21,garn_base,logs/Older/3-21.csv,1.28,3.9996,8,6.25125,5.859999999999999,,4.477031661715159
2026-03-21,garn_base,logs/Older/3-21.csv,1.3021,3.9996,4,2.93,4.300000000000001,,4.748810377347152
2026-03-21,garn_base,logs/Older/3-21.csv,1.3021,4.3333,2,9.38,9.38,,6.632661607529816
2026-03-21,garn_base,logs/Older/3-21.csv,1.3628,3.9996,1,4.69,4.69,,
2026-03-21,garn_base,logs/Older/3-21.csv,1.3628,4.3333,3,4.95,4.69,,1.9629569531703948
2026-03-21,garn_base,logs/Older/3-21.csv,1.3628,5.3437,1,3.9,3.9,,
2026-03-21,garn_base,logs/Older/3-21.csv,1.3948,3.9996,1,3.91,3.91,,
2026-03-21,garn_base,logs/Older/3-21.csv,1.3948,4.3333,3,6.25,6.25,,6.25
2026-03-21,garn_base,logs/Older/3-21.csv,1.3948,5.3437,3,7.033333333333334,7.03,,3.905001067007964
2026-03-21,garn_base,logs/Older/3-21.csv,1.3948,5.6028,3,4.166666666666667,0.78,,6.5529942265603545
2026-03-21,garn_base,logs/Older/3-21.csv,1.3948,6.4361,3,2.083333333333334,-2.34,,7.67009995588932
2026-03-21,garn_base,logs/Older/3-21.csv,1.45,5.6028,4,2.93,3.515,,3.897169913325994
2026-03-21,garn_base,logs/Older/3-21.csv,1.45,6.4361,8,3.12625,1.1750000000000005,,4.258396537598227
2026-03-21,garn_base,logs/Older/3-21.csv,1.45,7.5789,3,2.6066666666666665,4.69,,4.301654720376025
2026-03-21,garn_base,logs/Older/3-21.csv,1.4801,5.3437,1,4.69,4.69,,
2026-03-21,garn_base,logs/Older/3-21.csv,1.4801,6.4361,5,2.188,3.1300000000000003,,3.2853721250415453
2026-03-21,garn_base,logs/Older/3-21.csv,1.4801,7.5789,28,0.2510714285714286,0.7800000000000002,,4.024097174371298
2026-03-21,garn_base,logs/Older/3-21.csv,1.5473,4.3333,1,7.03,7.03,,
2026-03-21,garn_base,logs/Older/3-21.csv,1.5473,5.6028,1,13.29,13.29,,
2026-03-21,garn_base,logs/Older/3-21.csv,1.5473,6.4361,6,3.7766666666666673,1.95,,6.800848966611938
2026-03-21,garn_base,logs/Older/3-21.csv,1.5473,7.5789,76,0.482763157894737,0.7800000000000002,,3.250145268008477
2026-03-21,garn_base,logs/Older/3-21.csv,1.5473,8.1077,134,0.528582089552239,0.79,,3.0535299806674074
2026-03-21,garn_base,logs/Older/3-21.csv,1.5473,9.2674,12,2.275,1.95,,4.0740788138937845
2026-03-21,garn_base,logs/Older/3-21.csv,1.593,6.4361,3,0.52,-1.5599999999999996,,3.611329395111999
2026-03-21,garn_base,logs/Older/3-21.csv,1.593,8.1077,30,0.8853333333333334,0.39,,4.583361763757173
2026-03-21,garn_base,logs/Older/3-21.csv,1.593,9.2674,464,1.3261637931034485,0.79,,3.937871439246584
2026-03-21,garn_base,logs/Older/3-21.csv,1.593,9.9646,85,1.255294117647059,0.7800000000000002,,2.2728582740447227
2026-03-21,garn_base,logs/Older/3-21.csv,1.6417,5.3437,1,3.91,3.91,,
2026-03-21,garn_base,logs/Older/3-21.csv,1.6417,6.4361,1,0.0,0.0,,
2026-03-21,garn_base,logs/Older/3-21.csv,1.6417,8.1077,2,1.565,1.565,,4.419417382415921
2026-03-21,garn_base,logs/Older/3-21.csv,1.6417,9.2674,106,-1.1886792452830188,-2.34,,3.361922940526943
2026-03-21,garn_base,logs/Older/3-21.csv,1.6417,9.9646,530,0.999679245283019,0.79,,3.603814626075368
2026-03-21,garn_base,logs/Older/3-21.csv,1.6417,11.0771,333,1.0204204204204204,1.5700000000000005,,3.8329836522135023
2026-03-21,garn_base,logs/Older/3-21.csv,1.6417,11.8935,74,-0.3817567567567566,-0.7799999999999998,,3.790322702171618
2026-03-21,garn_base,logs/Older/3-21.csv,1.68,9.9646,5,-1.5640000000000005,-1.5699999999999998,,5.632289055082312
2026-03-21,garn_base,logs/Older/3-21.csv,1.68,11.0771,241,0.7403734439834027,0.0,,3.5024357395901657
2026-03-21,garn_base,logs/Older/3-21.csv,1.68,11.8935,549,0.0959380692167578,0.0,,3.5383152620940668
2026-03-21,garn_base,logs/Older/3-21.csv,1.68,14.2578,3,-4.166666666666667,-2.34,,10.667944194329728
2026-03-21,garn_base,logs/Older/3-21.csv,1.7451,9.2674,1,-5.47,-5.47,,
2026-03-21,garn_base,logs/Older/3-21.csv,1.7451,9.9646,3,-0.7766666666666664,-1.5599999999999996,,2.0693557773696947
2026-03-21,garn_base,logs/Older/3-21.csv,1.7451,11.0771,4,-0.9725,-1.56,,1.847653917810368
2026-03-21,garn_base,logs/Older/3-21.csv,1.7451,11.8935,683,0.4582576866764277,1.5600000000000005,,3.61257222003065
2026-03-21,garn_base,logs/Older/3-21.csv,1.7451,14.2578,550,-0.1353090909090908,0.0,,3.639745606879027
2026-03-21,garn_base,logs/Older/3-21.csv,1.7451,15.6572,1,1.56,1.56,,
2026-03-21,garn_base,logs/Older/3-21.csv,1.81,8.1077,1,0.7800000000000002,0.7800000000000002,,
2026-03-21,garn_base,logs/Older/3-21.csv,1.81,11.0771,1,-2.34,-2.34,,
2026-03-21,garn_base,logs/Older/3-21.csv,1.81,11.8935,7,-0.8914285714285711,-0.7800000000000002,,5.400498213348556
2026-03-21,garn_base,logs/Older/3-21.csv,1.81,14.2578,700,-0.0313999999999998,0.0,,3.9407773261365207
2026-03-21,garn_base,logs/Older/3-21.csv,1.81,15.6572,1161,-1.1538070628768302,-1.5599999999999998,,2.918260726218864
2026-03-21,garn_base,logs/Older/3-21.csv,1.85,9.9646,1,4.69,4.69,,
2026-03-21,garn_base,logs/Older/3-21.csv,1.85,14.2578,6,-1.1716666666666662,-2.345,,4.63007739316166
2026-03-21,garn_base,logs/Older/3-21.csv,1.85,15.6572,788,-1.3782487309644669,-1.5599999999999998,,2.9350087253016586
2026-03-21,garn_base,logs/Older/3-21.csv,1.85,17.5491,904,-1.7602101769911502,-1.5599999999999998,,3.0188842078719444
2026-03-21,garn_base,logs/Older/3-21.csv,1.85,19.9302,2,-8.205,-8.205,,9.397449121969215
2026-03-21,garn_base,logs/Older/3-21.csv,1.91,8.1077,1,4.69,4.69,,
2026-03-21,garn_base,logs/Older/3-21.csv,1.91,9.2674,3,4.430000000000001,6.250000000000001,,3.1609966782646266
2026-03-21,garn_base,logs/Older/3-21.csv,1.91,14.2578,1,-2.34,-2.34,,
2026-03-21,garn_base,logs/Older/3-21.csv,1.91,15.6572,4,-0.9724999999999996,-0.3849999999999998,,3.6332205639992
2026-03-21,garn_base,logs/Older/3-21.csv,1.91,17.5491,581,-0.8084681583476764,-0.7799999999999998,,3.783817114999113
2026-03-21,garn_base,logs/Older/3-21.csv,1.91,19.9302,509,-0.3897445972495088,0.0,,2.9995862794770307
2026-03-21,garn_base,logs/Older/3-21.csv,1.91,22.0675,3,1.0433333333333332,-0.7800000000000002,,3.1581059724672533
2026-03-21,garn_base,logs/Older/3-21.csv,1.9888,5.3437,1,-3.91,-3.91,,
2026-03-21,garn_base,logs/Older/3-21.csv,1.9888,9.2674,1,5.470000000000001,5.470000000000001,,
2026-03-21,garn_base,logs/Older/3-21.csv,1.9888,11.0771,1,-0.78,-0.78,,
2026-03-21,garn_base,logs/Older/3-21.csv,1.9888,11.8935,2,5.08,5.08,,0.5515432893255076
2026-03-21,garn_base,logs/Older/3-21.csv,1.9888,15.6572,3,0.5233333333333333,0.7799999999999998,,1.1958400115957544
2026-03-21,garn_base,logs/Older/3-21.csv,1.9888,17.5491,6,0.9116666666666668,0.7850000000000006,,3.8437399322361374
2026-03-21,garn_base,logs/Older/3-21.csv,1.9888,19.9302,774,-0.7820413436692506,-0.7799999999999998,,3.784983876142812
2026-03-21,garn_base,logs/Older/3-21.csv,1.9888,22.0675,348,-1.0516379310344828,-1.1749999999999998,,3.4503466669496525
2026-03-21,garn_base,logs/Older/3-21.csv,1.9888,24.2801,2,-4.69,-4.69,,1.1030865786510144
2026-03-21,garn_base,logs/Older/3-21.csv,1.9888,27.1728,1,0.0,0.0,,
2026-03-21,garn_base,logs/Older/3-21.csv,2.05,9.9646,1,-0.7799999999999998,-0.7799999999999998,,
2026-03-21,garn_base,logs/Older/3-21.csv,2.05,14.2578,1,-0.79,-0.79,,
2026-03-21,garn_base,logs/Older/3-21.csv,2.05,19.9302,26,-2.522692307692308,-2.345,,5.548458926723569
2026-03-21,garn_base,logs/Older/3-21.csv,2.05,22.0675,1221,-0.7822850122850122,-0.7800000000000002,,3.8390611818575766
2026-03-21,garn_base,logs/Older/3-21.csv,2.05,24.2801,911,-0.3972338090010978,0.0,,3.793779035835613
2026-03-21,garn_base,logs/Older/3-21.csv,2.05,27.1728,3,-3.39,-2.3500000000000005,,5.54365402960899
2026-03-21,garn_base,logs/Older/3-21.csv,2.05,30.9147,1,-12.5,-12.5,,
2026-03-21,garn_base,logs/Older/3-21.csv,2.1152,9.9646,1,11.72,11.72,,
2026-03-21,garn_base,logs/Older/3-21.csv,2.1152,14.2578,3,-5.726666666666667,-7.81,,5.755122356069706
2026-03-21,garn_base,logs/Older/3-21.csv,2.1152,17.5491,1,-6.25,-6.25,,
2026-03-21,garn_base,logs/Older/3-21.csv,2.1152,19.9302,1,-2.34,-2.34,,
2026-03-21,garn_base,logs/Older/3-21.csv,2.1152,22.0675,4,-3.1250000000000004,-1.56,,3.6684737970987342
2026-03-21,garn_base,logs/Older/3-21.csv,2.1152,24.2801,945,-0.5684761904761905,0.0,,3.9011088446642543
2026-03-21,garn_base,logs/Older/3-21.csv,2.1152,27.1728,568,-0.0384859154929578,0.7800000000000002,,4.127440307059259
2026-03-21,garn_base,logs/Older/3-21.csv,2.1152,30.9147,2,-3.9,-3.9,,0.0
2026-03-21,garn_base,logs/Older/3-21.csv,2.1682,8.1077,1,6.25,6.25,,
2026-03-21,garn_base,logs/Older/3-21.csv,2.1682,15.6572,2,-3.52,-3.52,,2.757716446627535
2026-03-21,garn_base,logs/Older/3-21.csv,2.1682,19.9302,2,-4.6850000000000005,-4.6850000000000005,,3.316330803764908
2026-03-21,garn_base,logs/Older/3-21.csv,2.1682,22.0675,2,-6.645,-6.645,,7.1771338290434565
2026-03-21,garn_base,logs/Older/3-21.csv,2.1682,24.2801,8,-1.9537500000000003,-1.5649999999999995,,6.643989630808112
2026-03-21,garn_base,logs/Older/3-21.csv,2.1682,27.1728,776,-0.3287500000000001,0.7799999999999994,,4.206112063836194
2026-03-21,garn_base,logs/Older/3-21.csv,2.1682,30.9147,564,-1.8555673758865248,-2.34,,3.631640538242301
2026-03-21,garn_base,logs/Older/3-21.csv,2.1682,33.0568,7,-1.6714285714285713,-3.12,,5.840883005651995
2026-03-21,garn_base,logs/Older/3-21.csv,2.253,9.9646,1,3.91,3.91,,
2026-03-21,garn_base,logs/Older/3-21.csv,2.253,24.2801,1,0.7800000000000002,0.7800000000000002,,
2026-03-21,garn_base,logs/Older/3-21.csv,2.253,27.1728,9,-3.993333333333333,-4.69,,9.82472900389624
2026-03-21,garn_base,logs/Older/3-21.csv,2.253,30.9147,1057,-1.8799526963103124,-2.34,,4.163537601320389
2026-03-21,garn_base,logs/Older/3-21.csv,2.253,33.0568,329,-3.819726443768997,-3.9,,4.259772507444822
2026-03-21,garn_base,logs/Older/3-21.csv,2.253,36.822,22,-4.154090909090909,-4.300000000000001,,4.94999919104458
2026-03-21,garn_base,logs/Older/3-21.csv,2.253,42.2183,2,-4.69,-4.69,,3.309259735953042
2026-03-21,garn_base,logs/Older/3-21.csv,2.2849,15.6572,1,-2.35,-2.35,,
2026-03-21,garn_base,logs/Older/3-21.csv,2.2849,19.9302,1,5.470000000000001,5.470000000000001,,
2026-03-21,garn_base,logs/Older/3-21.csv,2.2849,30.9147,8,-5.37125,-4.6850000000000005,,3.083006128069532
2026-03-21,garn_base,logs/Older/3-21.csv,2.2849,33.0568,165,-4.768121212121212,-4.69,,4.216398820036866
2026-03-21,garn_base,logs/Older/3-21.csv,2.2849,36.822,791,-4.965018963337548,-5.470000000000001,,3.574466159082327
2026-03-21,garn_base,logs/Older/3-21.csv,2.2849,42.2183,3,-4.166666666666667,-4.69,,3.15769430650488
2026-03-21,garn_base,logs/Older/3-21.csv,2.3877,15.6572,1,-1.5599999999999998,-1.5599999999999998,,
2026-03-21,garn_base,logs/Older/3-21.csv,2.3877,19.9302,1,4.69,4.69,,
2026-03-21,garn_base,logs/Older/3-21.csv,2.3877,24.2801,1,3.91,3.91,,
2026-03-21,garn_base,logs/Older/3-21.csv,2.3877,33.0568,3,1.8233333333333333,0.0,,3.8533924447599848
2026-03-21,garn_base,logs/Older/3-21.csv,2.3877,36.822,771,-4.870635538261998,-5.470000000000001,,3.761593988700308
2026-03-21,garn_base,logs/Older/3-21.csv,2.3877,42.2183,551,-4.561125226860255,-5.47,,3.680126702947097
2026-03-21,garn_base,logs/Older/3-21.csv,2.3877,47.3729,3,-2.603333333333333,-7.03,,12.702308189196692
2026-03-21,garn_base,logs/Older/3-21.csv,2.449,17.5491,1,0.0,0.0,,
2026-03-21,garn_base,logs/Older/3-21.csv,2.449,19.9302,1,-4.69,-4.69,,
2026-03-21,garn_base,logs/Older/3-21.csv,2.449,24.2801,1,5.47,5.47,,
2026-03-21,garn_base,logs/Older/3-21.csv,2.449,27.1728,1,4.69,4.69,,
2026-03-21,garn_base,logs/Older/3-21.csv,2.449,30.9147,3,3.643333333333333,5.47,,3.8591363455225753
2026-03-21,garn_base,logs/Older/3-21.csv,2.449,33.0568,1,-2.35,-2.35,,
2026-03-21,garn_base,logs/Older/3-21.csv,2.449,42.2183,196,-6.2824489795918375,-7.03,,2.7753379322902663
2026-03-21,garn_base,logs/Older/3-21.csv,2.449,47.3729,141,-5.436666666666667,-5.470000000000001,,3.872034656476152
2026-03-21,garn_base,logs/Older/3-21.csv,2.449,50.5261,3,-1.3066666666666669,-2.3500000000000005,,2.513052592631784
2026-03-21,garn_base,logs/Older/3-21.csv,2.5482,36.822,1,-5.470000000000001,-5.470000000000001,,
2026-03-21,garn_base,logs/Older/3-21.csv,2.5482,42.2183,6,-3.1266666666666665,-3.91,,8.135595040724843
2026-03-21,garn_base,logs/Older/3-21.csv,2.5482,47.3729,71,-4.756056338028169,-3.91,,2.448542119520593
2026-03-21,garn_base,logs/Older/3-21.csv,2.5482,50.5261,79,-3.285189873417721,-3.13,,2.414009783061504
2026-03-21,garn_base,logs/Older/3-21.csv,2.5482,57.3682,1,0.0,0.0,,
2026-03-21,garn_base,logs/Older/3-21.csv,2.62,30.9147,1,-0.7800000000000002,-0.7800000000000002,,
2026-03-21,garn_base,logs/Older/3-21.csv,2.62,50.5261,15,-2.916,-2.34,,1.8317041245790764
2026-03-21,garn_base,logs/Older/3-21.csv,2.62,57.3682,16,-3.563125,-0.78,,6.057128823405799
2026-03-21,garn_base,logs/Older/3-21.csv,2.7327,50.5261,1,-10.93,-10.93,,
2026-03-21,garn_base,logs/Older/3-21.csv,2.7327,57.3682,13,-1.6207692307692307,-0.78,,1.6091947341163195
2026-03-21,garn_base,logs/Older/3-21.csv,2.8274,73.8877,4,-6.445,-6.25,,0.3900000000000004
2026-03-21,garn_base,logs/Older/3-21.csv,2.9125,73.8877,7,-5.914285714285714,-7.03,,4.1060396862137
2026-03-21,garn_base,logs/Older/3-21.csv,2.99,73.8877,1,-6.25,-6.25,,
2026-03-21,garn_base,logs/Older/3-21.csv,2.99,80.0684,5,-6.25,-6.25,,0.0
2026-03-21,garn_base,logs/Older/3-21.csv,2.99,84.9893,2,-5.47,-5.47,,0.0
2026-03-21,garn_base,logs/Older/3-21.csv,3.0654,84.9893,1,-5.47,-5.47,,
2026-03-21,garn_base,logs/Older/3-21.csv,3.0654,90.132,3,-5.21,-5.47,,0.4503332099679077
2026-03-21,garn_base,logs/Older/3-21.csv,3.1508,90.132,4,-4.69,-4.69,,0.0
2026-03-21,garn_base,logs/Older/3-21.csv,3.1508,110.681,5,-4.69,-4.69,,0.0
2026-03-21,garn_base,logs/Older/3-21.csv,3.26,110.681,5,-3.91,-3.91,,0.0
2026-03-21,garn_base,logs/Older/3-21.csv,3.408,125.6816,4,-3.91,-3.91,,0.0
2026-03-21,garn_base,logs/Older/3-21.csv,3.408,138.5191,3,-3.91,-3.91,,0.0
2026-03-30,garn_base,logs/Older/3-30.csv,1.2201,3.9996,1,-4.6875,-4.6875,,
2026-03-30,garn_base,logs/Older/3-30.csv,1.28,3.9996,2,-3.125,-3.125,,2.209708691207961
2026-03-30,garn_base,logs/Older/3-30.csv,1.28,4.3333,1,-8.59375,-8.59375,,
2026-03-30,garn_base,logs/Older/3-30.csv,1.3021,4.3333,1,-2.34375,-2.34375,,
2026-03-30,garn_base,logs/Older/3-30.csv,1.3021,5.3437,2,3.125,3.125,,3.3145630368119416
2026-03-30,garn_base,logs/Older/3-30.csv,1.3628,3.9996,1,-1.5625,-1.5625,,
2026-03-30,garn_base,logs/Older/3-30.csv,1.3628,4.3333,2,-4.296875,-4.296875,,0.5524271728019903
2026-03-30,garn_base,logs/Older/3-30.csv,1.3628,5.3437,2,-4.6875,-4.6875,,7.733980419227864
2026-03-30,garn_base,logs/Older/3-30.csv,1.3628,5.6028,2,-4.6875,-4.6875,,4.419417382415922
2026-03-30,garn_base,logs/Older/3-30.csv,1.3948,4.3333,1,-8.59375,-8.59375,,
2026-03-30,garn_base,logs/Older/3-30.csv,1.3948,5.3437,1,-4.6875,-4.6875,,
2026-03-30,garn_base,logs/Older/3-30.csv,1.3948,5.6028,1,0.78125,0.78125,,
2026-03-30,garn_base,logs/Older/3-30.csv,1.3948,6.4361,1,-1.5625,-1.5625,,
2026-03-30,garn_base,logs/Older/3-30.csv,1.45,6.4361,16,-2.1484375,-1.5625,,2.5435657181405795
2026-03-30,garn_base,logs/Older/3-30.csv,1.45,7.5789,9,-0.78125,1.5625,,3.945119116547687
2026-03-30,garn_base,logs/Older/3-30.csv,1.4801,5.6028,1,6.25,6.25,,
2026-03-30,garn_base,logs/Older/3-30.csv,1.4801,6.4361,2,-7.8125,-7.8125,,1.1048543456039803
2026-03-30,garn_base,logs/Older/3-30.csv,1.4801,7.5789,7,-1.3392857142857142,-0.78125,,3.71167168489194
2026-03-30,garn_base,logs/Older/3-30.csv,1.4801,8.1077,2,-3.515625,-3.515625,,0.5524271728019903
2026-03-30,garn_base,logs/Older/3-30.csv,1.5473,5.3437,1,-10.9375,-10.9375,,
2026-03-30,garn_base,logs/Older/3-30.csv,1.5473,5.6028,1,-7.8125,-7.8125,,
2026-03-30,garn_base,logs/Older/3-30.csv,1.5473,7.5789,6,-2.734375,-2.34375,,1.96092193718924
2026-03-30,garn_base,logs/Older/3-30.csv,1.5473,8.1077,33,-1.0653409090909092,-2.34375,,3.404371289135451
2026-03-30,garn_base,logs/Older/3-30.csv,1.5473,9.2674,5,1.25,1.5625,,0.427908248050911
2026-03-30,garn_base,logs/Older/3-30.csv,1.5473,9.9646,1,0.78125,0.78125,,
2026-03-30,garn_base,logs/Older/3-30.csv,1.5473,11.8935,1,-7.8125,-7.8125,,
2026-03-30,garn_base,logs/Older/3-30.csv,1.593,8.1077,7,-3.236607142857143,-3.125,,2.8322717724217683
2026-03-30,garn_base,logs/Older/3-30.csv,1.593,9.2674,89,-2.949438202247191,-3.125,,3.1553761786075527
2026-03-30,garn_base,logs/Older/3-30.csv,1.593,9.9646,107,-0.5037967289719626,0.0,,2.717481372445496
2026-03-30,garn_base,logs/Older/3-30.csv,1.6417,4.3333,1,-2.34375,-2.34375,,
2026-03-30,garn_base,logs/Older/3-30.csv,1.6417,8.1077,1,-1.5625,-1.5625,,
2026-03-30,garn_base,logs/Older/3-30.csv,1.6417,9.2674,13,-2.1634615384615383,-3.125,,3.8558446624439418
2026-03-30,garn_base,logs/Older/3-30.csv,1.6417,9.9646,396,-2.704782323232324,-2.34375,,3.309999298415261
2026-03-30,garn_base,logs/Older/3-30.csv,1.6417,11.0771,380,-0.232318947368421,-0.78125,,3.071829431576256
2026-03-30,garn_base,logs/Older/3-30.csv,1.6417,11.8935,61,-0.2049180327868852,-0.78125,,2.8092488418916184
2026-03-30,garn_base,logs/Older/3-30.csv,1.68,7.5789,1,-15.62505,-15.62505,,
2026-03-30,garn_base,logs/Older/3-30.csv,1.68,9.9646,3,-5.46875,-6.25,,6.675002926029321
2026-03-30,garn_base,logs/Older/3-30.csv,1.68,11.0771,172,-1.5852107558139534,-1.5625,,3.379010231352143
2026-03-30,garn_base,logs/Older/3-30.csv,1.68,11.8935,492,-0.959095325203252,-0.78125,,4.151170405680112
2026-03-30,garn_base,logs/Older/3-30.csv,1.68,14.2578,1,-1.5625,-1.5625,,
2026-03-30,garn_base,logs/Older/3-30.csv,1.68,15.6572,1,-8.59375,-8.59375,,
2026-03-30,garn_base,logs/Older/3-30.csv,1.68,19.9302,1,3.125,3.125,,
2026-03-30,garn_base,logs/Older/3-30.csv,1.7451,11.0771,4,-1.5625,-1.5625,,1.42636082683637
2026-03-30,garn_base,logs/Older/3-30.csv,1.7451,11.8935,1009,-2.384013082259663,-3.125,,3.761368978208663
2026-03-30,garn_base,logs/Older/3-30.csv,1.7451,14.2578,638,-0.7481873040752351,0.0,,3.8270621356596273
2026-03-30,garn_base,logs/Older/3-30.csv,1.7451,15.6572,1,-4.6875,-4.6875,,
2026-03-30,garn_base,logs/Older/3-30.csv,1.81,8.1077,1,-3.125,-3.125,,
2026-03-30,garn_base,logs/Older/3-30.csv,1.81,9.9646,1,-1.5625,-1.5625,,
2026-03-30,garn_base,logs/Older/3-30.csv,1.81,11.0771,1,-0.78125,-0.78125,,
2026-03-30,garn_base,logs/Older/3-30.csv,1.81,11.8935,5,-0.625,0.0,,1.0186253758129138
2026-03-30,garn_base,logs/Older/3-30.csv,1.81,14.2578,678,-2.770096017699115,-3.125,,4.490260804411155
2026-03-30,garn_base,logs/Older/3-30.csv,1.81,15.6572,1324,-3.290808987915408,-3.125,,3.432133364585924
2026-03-30,garn_base,logs/Older/3-30.csv,1.81,17.5491,3,-7.552083333333333,-8.59375,,4.009063624567879
2026-03-30,garn_base,logs/Older/3-30.csv,1.85,7.5789,1,-7.8125,-7.8125,,
2026-03-30,garn_base,logs/Older/3-30.csv,1.85,9.2674,1,-7.03125,-7.03125,,
2026-03-30,garn_base,logs/Older/3-30.csv,1.85,11.8935,2,0.390625,0.390625,,4.9718445552179125
2026-03-30,garn_base,logs/Older/3-30.csv,1.85,14.2578,5,0.15625,1.5625,,5.164529337824503
2026-03-30,garn_base,logs/Older/3-30.csv,1.85,15.6572,1377,-2.625158859840232,-3.125,,3.322138152800844
2026-03-30,garn_base,logs/Older/3-30.csv,1.85,17.5491,742,-1.4593158355795148,-1.5625,,3.69918246123382
2026-03-30,garn_base,logs/Older/3-30.csv,1.85,19.9302,1,-5.46875,-5.46875,,
2026-03-30,garn_base,logs/Older/3-30.csv,1.91,6.4361,1,-4.6875,-4.6875,,
2026-03-30,garn_base,logs/Older/3-30.csv,1.91,11.0771,1,3.125,3.125,,
2026-03-30,garn_base,logs/Older/3-30.csv,1.91,11.8935,3,-7.8125,-6.25,,7.928821535228296
2026-03-30,garn_base,logs/Older/3-30.csv,1.91,14.2578,1,4.6875,4.6875,,
2026-03-30,garn_base,logs/Older/3-30.csv,1.91,15.6572,7,-0.5580357142857143,-2.34375,,3.71167168489194
2026-03-30,garn_base,logs/Older/3-30.csv,1.91,17.5491,774,-2.868620671834625,-3.125,,3.594625359929197
2026-03-30,garn_base,logs/Older/3-30.csv,1.91,19.9302,277,-1.9912001805054151,-2.34375,,3.4120698436895376
2026-03-30,garn_base,logs/Older/3-30.csv,1.9888,14.2578,1,-0.78125,-0.78125,,
2026-03-30,garn_base,logs/Older/3-30.csv,1.9888,17.5491,32,-3.4912109375,-4.6875,,3.847769783510007
2026-03-30,garn_base,logs/Older/3-30.csv,1.9888,19.9302,901,-3.423279467258601,-3.90625,,3.0912540492349176
2026-03-30,garn_base,logs/Older/3-30.csv,1.9888,22.0675,336,-3.306361458333333,-3.515625,,1.6095386131587257
2026-03-30,garn_base,logs/Older/3-30.csv,2.05,17.5491,3,-0.5208333333333334,-0.78125,,0.4510548978043951
2026-03-30,garn_base,logs/Older/3-30.csv,2.05,19.9302,51,-2.1599254901960783,-2.34375,,4.459534543608476
2026-03-30,garn_base,logs/Older/3-30.csv,2.05,22.0675,1177,-2.3849033559898047,-2.34375,,2.7276035314203355
2026-03-30,garn_base,logs/Older/3-30.csv,2.05,24.2801,416,-0.9202205528846156,-1.5625,,3.372811794129451
2026-03-30,garn_base,logs/Older/3-30.csv,2.05,27.1728,2,1.953125,1.953125,,0.5524271728019903
2026-03-30,garn_base,logs/Older/3-30.csv,2.1152,15.6572,1,-8.59375,-8.59375,,
2026-03-30,garn_base,logs/Older/3-30.csv,2.1152,19.9302,1,-1.5625,-1.5625,,
2026-03-30,garn_base,logs/Older/3-30.csv,2.1152,22.0675,12,-0.9114541666666666,-1.953125,,6.727454984493776
2026-03-30,garn_base,logs/Older/3-30.csv,2.1152,24.2801,784,-1.619299362244898,-1.5625,,3.7788410305062303
2026-03-30,garn_base,logs/Older/3-30.csv,2.1152,27.1728,398,-1.1542085427135678,-1.5625,,3.6901622004554095
2026-03-30,garn_base,logs/Older/3-30.csv,2.1152,30.9147,2,-1.171875,-1.171875,,1.6572815184059708
2026-03-30,garn_base,logs/Older/3-30.csv,2.1152,33.0568,1,0.0,0.0,,
2026-03-30,garn_base,logs/Older/3-30.csv,2.1682,9.2674,1,-7.8125,-7.8125,,
2026-03-30,garn_base,logs/Older/3-30.csv,2.1682,15.6572,1,-11.71875,-11.71875,,
2026-03-30,garn_base,logs/Older/3-30.csv,2.1682,19.9302,1,3.125,3.125,,
2026-03-30,garn_base,logs/Older/3-30.csv,2.1682,22.0675,2,-0.390625,-0.390625,,3.866990209613932
2026-03-30,garn_base,logs/Older/3-30.csv,2.1682,24.2801,7,-7.366078571428572,-8.59375,,5.685038877531764
2026-03-30,garn_base,logs/Older/3-30.csv,2.1682,27.1728,982,-1.9069819246435848,-2.34375,,4.124652403715952
2026-03-30,garn_base,logs/Older/3-30.csv,2.1682,30.9147,271,-0.8360236162361624,-0.78125,,3.527234712537444
2026-03-30,garn_base,logs/Older/3-30.csv,2.1682,33.0568,2,-6.640625,-6.640625,,2.762135864009952
2026-03-30,garn_base,logs/Older/3-30.csv,2.1682,42.2183,1,-7.03125,-7.03125,,
2026-03-30,garn_base,logs/Older/3-30.csv,2.253,22.0675,1,-6.25,-6.25,,
2026-03-30,garn_base,logs/Older/3-30.csv,2.253,24.2801,1,-0.78125,-0.78125,,
2026-03-30,garn_base,logs/Older/3-30.csv,2.253,27.1728,25,-3.59375,-5.46875,,6.270312045747138
2026-03-30,garn_base,logs/Older/3-30.csv,2.253,30.9147,1052,-1.5431920627376423,-1.5625,,4.46435331751341
2026-03-30,garn_base,logs/Older/3-30.csv,2.253,33.0568,228,-1.0725054824561404,-1.171875,,3.75259332777177
2026-03-30,garn_base,logs/Older/3-30.csv,2.253,42.2183,1,-7.8125,-7.8125,,
2026-03-30,garn_base,logs/Older/3-30.csv,2.2849,22.0675,1,-8.59375,-8.59375,,
2026-03-30,garn_base,logs/Older/3-30.csv,2.2849,24.2801,1,-0.78125,-0.78125,,
2026-03-30,garn_base,logs/Older/3-30.csv,2.2849,30.9147,29,-2.990301724137931,-3.125,,5.729851779270353
2026-03-30,garn_base,logs/Older/3-30.csv,2.2849,33.0568,806,-1.8717044665012408,-1.5625,,3.699268304853082
2026-03-30,garn_base,logs/Older/3-30.csv,2.2849,36.822,591,-2.8473983079526226,-3.125,,3.595332077913209
2026-03-30,garn_base,logs/Older/3-30.csv,2.3877,17.5491,1,6.25,6.25,,
2026-03-30,garn_base,logs/Older/3-30.csv,2.3877,24.2801,1,-3.90625,-3.90625,,
2026-03-30,garn_base,logs/Older/3-30.csv,2.3877,27.1728,1,-0.78125,-0.78125,,
2026-03-30,garn_base,logs/Older/3-30.csv,2.3877,30.9147,2,-8.203125,-8.203125,,0.5524271728019903
2026-03-30,garn_base,logs/Older/3-30.csv,2.3877,33.0568,2,-8.20315,-8.20315,,11.601005984180857
2026-03-30,garn_base,logs/Older/3-30.csv,2.3877,36.822,1024,-3.52935810546875,-3.90625,,3.671520488711734
2026-03-30,garn_base,logs/Older/3-30.csv,2.3877,42.2183,107,-3.183411214953271,-3.125,,1.906733642405405
2026-03-30,garn_base,logs/Older/3-30.csv,2.449,27.1728,1,-7.03125,-7.03125,,
2026-03-30,garn_base,logs/Older/3-30.csv,2.449,36.822,11,-6.321027272727273,-3.125,,5.809214919692834
2026-03-30,garn_base,logs/Older/3-30.csv,2.449,42.2183,779,-3.5562420410783058,-3.90625,,3.8880015519604783
2026-03-30,garn_base,logs/Older/3-30.csv,2.449,47.3729,5,-2.8125,-2.34375,,2.567449488305466
2026-03-30,garn_base,logs/Older/3-30.csv,2.5482,30.9147,1,-7.8125,-7.8125,,
2026-03-30,garn_base,logs/Older/3-30.csv,2.5482,42.2183,51,-3.691791176470588,-2.34375,,4.854024431991519
2026-03-30,garn_base,logs/Older/3-30.csv,2.5482,47.3729,620,-1.888862419354839,0.0,,4.084416569336795
2026-03-30,garn_base,logs/Older/3-30.csv,2.5482,50.5261,1,0.0,0.0,,
2026-03-30,garn_base,logs/Older/3-30.csv,2.62,36.822,1,-3.125,-3.125,,
2026-03-30,garn_base,logs/Older/3-30.csv,2.62,47.3729,92,-1.2483016304347827,0.0,,2.521743374947324
2026-03-30,garn_base,logs/Older/3-30.csv,2.62,50.5261,68,-1.0454963235294117,0.0,,1.3471617334209522
2026-03-30,garn_base,logs/Older/3-30.csv,2.7327,50.5261,20,-1.640625,-2.34375,,1.4316061956215842
2026-03-30,garn_base,logs/Older/3-30.csv,2.7327,57.3682,46,-0.4755434782608695,0.0,,0.9810246787363992
2026-03-30,garn_base,logs/Older/3-30.csv,2.8274,57.3682,3,0.0,0.0,,0.0
2026-03-30,garn_base,logs/Older/3-30.csv,2.8274,73.8877,11,0.0,0.0,,0.0
2026-03-30,garn_base,logs/Older/3-30.csv,2.9125,73.8877,9,0.0,0.0,,0.0
2026-03-30,garn_base,logs/Older/3-30.csv,2.9125,80.0684,1,0.0,0.0,,
2026-03-30,garn_base,logs/Older/3-30.csv,2.99,80.0684,7,0.0,0.0,,0.0
2026-03-30,garn_base,logs/Older/3-30.csv,2.99,84.9893,7,0.0,0.0,,0.0
2026-03-30,garn_base,logs/Older/3-30.csv,3.0654,84.9893,1,0.0,0.0,,
2026-03-30,garn_base,logs/Older/3-30.csv,3.0654,90.132,1,0.0,0.0,,
2026-04-01,garn_base,logs/Older/4-1.csv,1.2201,3.5071,1,-2.34375,-2.34375,,
2026-04-01,garn_base,logs/Older/4-1.csv,1.2201,3.9996,8,-1.1718875,0.0,,7.458516225513625
2026-04-01,garn_base,logs/Older/4-1.csv,1.28,3.9996,3,-6.770866666666667,-10.93755,,7.216907232383781
2026-04-01,garn_base,logs/Older/4-1.csv,1.28,4.3333,6,2.47395,6.25,,7.064466079612811
2026-04-01,garn_base,logs/Older/4-1.csv,1.28,5.3437,1,-8.59375,-8.59375,,
2026-04-01,garn_base,logs/Older/4-1.csv,1.3021,4.3333,5,4.84375,6.25,,3.14447059335908
2026-04-01,garn_base,logs/Older/4-1.csv,1.3021,5.3437,2,6.640625,6.640625,,0.5524271728019903
2026-04-01,garn_base,logs/Older/4-1.csv,1.3628,4.3333,1,-10.93755,-10.93755,,
2026-04-01,garn_base,logs/Older/4-1.csv,1.3628,5.3437,4,-2.34375,-2.34375,,9.923207751696692
2026-04-01,garn_base,logs/Older/4-1.csv,1.3628,5.6028,22,-0.8522818181818181,5.078125,,7.458155137683106
2026-04-01,garn_base,logs/Older/4-1.csv,1.3948,5.3437,2,-5.468775,-5.468775,,7.734015774566923
2026-04-01,garn_base,logs/Older/4-1.csv,1.3948,5.6028,8,-1.3672,2.34375,,7.931586837134168
2026-04-01,garn_base,logs/Older/4-1.csv,1.3948,6.4361,30,-2.94271,-4.296875,,5.927439825003243
2026-04-01,garn_base,logs/Older/4-1.csv,1.45,5.3437,1,4.6875,4.6875,,
2026-04-01,garn_base,logs/Older/4-1.csv,1.45,6.4361,41,-4.344512195121951,-6.25,,4.325362881073976
2026-04-01,garn_base,logs/Older/4-1.csv,1.45,7.5789,29,-4.768318965517241,-6.25,,3.684230894671568
2026-04-01,garn_base,logs/Older/4-1.csv,1.45,8.1077,1,-3.125,-3.125,,
2026-04-01,garn_base,logs/Older/4-1.csv,1.4801,3.9996,1,-6.25,-6.25,,
2026-04-01,garn_base,logs/Older/4-1.csv,1.4801,5.3437,1,-0.78125,-0.78125,,
2026-04-01,garn_base,logs/Older/4-1.csv,1.4801,6.4361,4,-2.9296875,-2.34375,,2.9491540762776367
2026-04-01,garn_base,logs/Older/4-1.csv,1.4801,7.5789,27,-5.034725925925926,-6.25,,4.505347198487303
2026-04-01,garn_base,logs/Older/4-1.csv,1.4801,8.1077,80,-5.09765625,-4.6875,,1.7926563714498336
2026-04-01,garn_base,logs/Older/4-1.csv,1.5473,6.4361,1,0.0,0.0,,
2026-04-01,garn_base,logs/Older/4-1.csv,1.5473,7.5789,1,0.0,0.0,,
2026-04-01,garn_base,logs/Older/4-1.csv,1.5473,8.1077,141,-4.460328723404255,-5.46875,,3.08786521548021
2026-04-01,garn_base,logs/Older/4-1.csv,1.5473,9.2674,15,-0.7291666666666666,-0.78125,,1.3681172433920517
2026-04-01,garn_base,logs/Older/4-1.csv,1.593,8.1077,8,-0.78125,0.0,,3.758361214393468
2026-04-01,garn_base,logs/Older/4-1.csv,1.593,9.2674,63,-2.2569444444444446,-3.90625,,3.3474008015019745
2026-04-01,garn_base,logs/Older/4-1.csv,1.593,9.9646,80,-0.0390625,0.0,,2.538092408399653
2026-04-01,garn_base,logs/Older/4-1.csv,1.6417,5.3437,1,1.5625,1.5625,,
2026-04-01,garn_base,logs/Older/4-1.csv,1.6417,6.4361,1,-8.59375,-8.59375,,
2026-04-01,garn_base,logs/Older/4-1.csv,1.6417,7.5789,1,7.03125,7.03125,,
2026-04-01,garn_base,logs/Older/4-1.csv,1.6417,9.2674,4,-0.390625,0.390625,,2.429004961741879
2026-04-01,garn_base,logs/Older/4-1.csv,1.6417,9.9646,168,1.171875,0.78125,,2.9344008367907204
2026-04-01,garn_base,logs/Older/4-1.csv,1.6417,11.0771,132,1.5151515151515151,1.5625,,2.6148433691501536
2026-04-01,garn_base,logs/Older/4-1.csv,1.6417,11.8935,23,1.9021739130434785,1.5625,,2.2572347453581725
2026-04-01,garn_base,logs/Older/4-1.csv,1.68,9.9646,2,1.171875,1.171875,,1.6572815184059708
2026-04-01,garn_base,logs/Older/4-1.csv,1.68,11.0771,98,-1.6342474489795915,-2.34375,,2.855852197928133
2026-04-01,garn_base,logs/Older/4-1.csv,1.68,11.8935,210,0.948660238095238,0.78125,,3.98923627975282
2026-04-01,garn_base,logs/Older/4-1.csv,1.7451,9.9646,1,1.5625,1.5625,,
2026-04-01,garn_base,logs/Older/4-1.csv,1.7451,11.8935,297,-0.9311877104377104,-1.5625,,4.549106722362616
2026-04-01,garn_base,logs/Older/4-1.csv,1.7451,14.2578,238,0.039390756302521,-0.78125,,3.750316183457836
2026-04-01,garn_base,logs/Older/4-1.csv,1.81,11.8935,1,-0.78125,-0.78125,,
2026-04-01,garn_base,logs/Older/4-1.csv,1.81,14.2578,242,-3.237992561983471,-2.34375,,4.190560381213461
2026-04-01,garn_base,logs/Older/4-1.csv,1.81,15.6572,241,-3.89976887966805,-3.125,,5.934847801936667
2026-04-01,garn_base,logs/Older/4-1.csv,1.81,17.5491,1,6.25,6.25,,
2026-04-01,garn_base,logs/Older/4-1.csv,1.85,7.5789,1,-2.34375,-2.34375,,
2026-04-01,garn_base,logs/Older/4-1.csv,1.85,9.9646,1,-1.5625,-1.5625,,
2026-04-01,garn_base,logs/Older/4-1.csv,1.85,14.2578,3,-1.5625,0.0,,2.7063293868263707
2026-04-01,garn_base,logs/Older/4-1.csv,1.85,15.6572,390,-3.453527948717949,-2.34375,,5.3860809245449
2026-04-01,garn_base,logs/Older/4-1.csv,1.85,17.5491,184,-1.0402508152173913,-2.34375,,4.067612343065107
2026-04-01,garn_base,logs/Older/4-1.csv,1.85,19.9302,1,7.03125,7.03125,,
2026-04-01,garn_base,logs/Older/4-1.csv,1.91,7.5789,1,-4.6875,-4.6875,,
2026-04-01,garn_base,logs/Older/4-1.csv,1.91,11.8935,1,-10.9375,-10.9375,,
2026-04-01,garn_base,logs/Older/4-1.csv,1.91,14.2578,1,-2.34375,-2.34375,,
2026-04-01,garn_base,logs/Older/4-1.csv,1.91,17.5491,300,-1.1458336666666669,0.0,,4.169063812258755
2026-04-01,garn_base,logs/Older/4-1.csv,1.91,19.9302,118,-0.026482627118644,-1.5625,,3.4182846497200665
2026-04-01,garn_base,logs/Older/4-1.csv,1.91,22.0675,1,-7.8125,-7.8125,,
2026-04-01,garn_base,logs/Older/4-1.csv,1.9888,17.5491,2,-2.734375,-2.734375,,0.5524271728019903
2026-04-01,garn_base,logs/Older/4-1.csv,1.9888,19.9302,321,-0.08275,-0.78125,,4.48249870196579
2026-04-01,garn_base,logs/Older/4-1.csv,1.9888,22.0675,50,2.453125,1.953125,,4.379808991458208
2026-04-01,garn_base,logs/Older/4-1.csv,1.9888,24.2801,2,-4.296875,-4.296875,,3.866990209613932
2026-04-01,garn_base,logs/Older/4-1.csv,2.05,11.0771,1,5.46875,5.46875,,
2026-04-01,garn_base,logs/Older/4-1.csv,2.05,15.6572,1,-4.6875,-4.6875,,
2026-04-01,garn_base,logs/Older/4-1.csv,2.05,17.5491,1,-0.78125,-0.78125,,
2026-04-01,garn_base,logs/Older/4-1.csv,2.05,19.9302,23,-7.723290606088044e-17,-0.78125,,5.870029026101381
2026-04-01,garn_base,logs/Older/4-1.csv,2.05,22.0675,449,1.491161915367483,0.78125,,5.011596107591095
2026-04-01,garn_base,logs/Older/4-1.csv,2.05,24.2801,298,2.008179865771812,2.34375,,3.538573986063563
2026-04-01,garn_base,logs/Older/4-1.csv,2.05,27.1728,2,5.078125,5.078125,,0.5524271728019903
2026-04-01,garn_base,logs/Older/4-1.csv,2.1152,11.8935,1,1.5625,1.5625,,
2026-04-01,garn_base,logs/Older/4-1.csv,2.1152,22.0675,2,-0.390625,-0.390625,,8.286407592029853
2026-04-01,garn_base,logs/Older/4-1.csv,2.1152,24.2801,537,1.7007101489757914,2.34375,,4.536672156072463
2026-04-01,garn_base,logs/Older/4-1.csv,2.1152,27.1728,367,2.3820696185286105,1.5625,,4.5236822303817945
2026-04-01,garn_base,logs/Older/4-1.csv,2.1152,30.9147,2,5.078125,5.078125,,3.866990209613932
2026-04-01,garn_base,logs/Older/4-1.csv,2.1682,17.5491,2,-4.6875,-4.6875,,0.0
2026-04-01,garn_base,logs/Older/4-1.csv,2.1682,24.2801,2,-2.734375,-2.734375,,13.810679320049756
2026-04-01,garn_base,logs/Older/4-1.csv,2.1682,27.1728,530,0.568985283018868,0.78125,,4.412481424251795
2026-04-01,garn_base,logs/Older/4-1.csv,2.1682,30.9147,190,0.1069078947368421,0.0,,3.1703706373657123
2026-04-01,garn_base,logs/Older/4-1.csv,2.1682,33.0568,2,-3.90625,-3.90625,,1.1048543456039803
2026-04-01,garn_base,logs/Older/4-1.csv,2.1682,36.822,1,-3.90625,-3.90625,,
2026-04-01,garn_base,logs/Older/4-1.csv,2.253,15.6572,1,-16.4063,-16.4063,,
2026-04-01,garn_base,logs/Older/4-1.csv,2.253,17.5491,1,-8.59375,-8.59375,,
2026-04-01,garn_base,logs/Older/4-1.csv,2.253,24.2801,1,-0.78125,-0.78125,,
2026-04-01,garn_base,logs/Older/4-1.csv,2.253,27.1728,3,-0.78125,2.34375,,12.027190873703637
2026-04-01,garn_base,logs/Older/4-1.csv,2.253,30.9147,457,2.3266565645514223,2.34375,,4.297158380453324
2026-04-01,garn_base,logs/Older/4-1.csv,2.253,33.0568,97,1.4175288659793814,1.5625,,5.130854899460159
2026-04-01,garn_base,logs/Older/4-1.csv,2.253,36.822,3,-3.125,-3.125,,2.34375
2026-04-01,garn_base,logs/Older/4-1.csv,2.2849,14.2578,2,0.0,0.0,,0.0
2026-04-01,garn_base,logs/Older/4-1.csv,2.2849,19.9302,1,-4.6875,-4.6875,,
2026-04-01,garn_base,logs/Older/4-1.csv,2.2849,24.2801,2,3.515625,3.515625,,2.762135864009952
2026-04-01,garn_base,logs/Older/4-1.csv,2.2849,30.9147,5,-2.5,-3.125,,2.672286152576105
2026-04-01,garn_base,logs/Older/4-1.csv,2.2849,33.0568,333,0.3941460960960961,0.0,,5.865376279696341
2026-04-01,garn_base,logs/Older/4-1.csv,2.2849,36.822,328,-0.6454833841463414,-1.171875,,3.602512442145944
2026-04-01,garn_base,logs/Older/4-1.csv,2.2849,42.2183,1,-5.46875,-5.46875,,
2026-04-01,garn_base,logs/Older/4-1.csv,2.3877,19.9302,2,-3.125,-3.125,,4.419417382415922
2026-04-01,garn_base,logs/Older/4-1.csv,2.3877,27.1728,1,-1.5625,-1.5625,,
2026-04-01,garn_base,logs/Older/4-1.csv,2.3877,33.0568,2,-2.34375,-2.34375,,6.629126073623883
2026-04-01,garn_base,logs/Older/4-1.csv,2.3877,36.822,707,0.9470036775106082,-0.78125,,3.832314987300958
2026-04-01,garn_base,logs/Older/4-1.csv,2.3877,42.2183,149,2.390941275167785,1.5625,,4.440114328767303
2026-04-01,garn_base,logs/Older/4-1.csv,2.449,17.5491,1,7.03125,7.03125,,
2026-04-01,garn_base,logs/Older/4-1.csv,2.449,22.0675,1,-2.34375,-2.34375,,
2026-04-01,garn_base,logs/Older/4-1.csv,2.449,36.822,3,-3.3854166666666665,-4.6875,,3.69204345800985
2026-04-01,garn_base,logs/Older/4-1.csv,2.449,42.2183,902,1.4447093126385808,0.0,,4.631643358895148
2026-04-01,garn_base,logs/Older/4-1.csv,2.449,47.3729,9,5.121533333333334,7.03125,,6.699093743792887
2026-04-01,garn_base,logs/Older/4-1.csv,2.5482,36.822,1,-6.25,-6.25,,
2026-04-01,garn_base,logs/Older/4-1.csv,2.5482,42.2183,78,-0.1302044871794872,-0.78125,,4.561385228616767
2026-04-01,garn_base,logs/Older/4-1.csv,2.5482,47.3729,327,1.5171077981651375,0.0,,5.83286504030637
2026-04-01,garn_base,logs/Older/4-1.csv,2.62,42.2183,2,-3.515625,-3.515625,,3.866990209613932
2026-04-01,garn_base,logs/Older/4-1.csv,2.62,47.3729,20,0.390625,0.0,,2.0824765233718088
2026-04-01,garn_base,logs/Older/4-1.csv,2.62,50.5261,31,0.7560483870967742,0.0,,1.5687877517626931
2026-04-01,garn_base,logs/Older/4-1.csv,2.7327,50.5261,13,0.0,0.0,,0.0
2026-04-01,garn_base,logs/Older/4-1.csv,2.7327,57.3682,31,0.1008064516129032,0.0,,0.5612665688336715
2026-04-01,garn_base,logs/Older/4-1.csv,2.8274,57.3682,4,0.1953125,0.0,,0.390625
2026-04-01,garn_base,logs/Older/4-1.csv,2.8274,73.8877,2,-2.34375,-2.34375,,3.3145630368119416
2026-04-01,garn_base,logs/Older/4-1.csv,2.9125,73.8877,3,0.0,0.0,,0.0
2026-04-01,garn_base,logs/Older/4-1.csv,2.9125,80.0684,1,-4.6875,-4.6875,,
2026-04-01,garn_base,logs/Older/4-1.csv,3.0654,84.9893,1,-3.90625,-3.90625,,
2026-04-11,20.7,logs/Older/4-11.csv,1.2201,3.5071,1,0.78125,0.78125,,
2026-04-11,20.7,logs/Older/4-11.csv,1.2201,3.9996,5,-1.71875,0.78125,,3.5971451353816684
2026-04-11,20.7,logs/Older/4-11.csv,1.28,3.9996,9,-1.7361111111111112,0.0,,5.309882422943668
2026-04-11,20.7,logs/Older/4-11.csv,1.28,4.3333,8,-0.29296875,0.390625,,1.6139681767834342
2026-04-11,20.7,logs/Older/4-11.csv,1.3021,3.5071,1,0.78125,0.78125,,
2026-04-11,20.7,logs/Older/4-11.csv,1.3021,3.9996,3,-5.729166666666667,-3.90625,,7.58791785642368
2026-04-11,20.7,logs/Older/4-11.csv,1.3021,4.3333,6,-1.171875,-0.390625,,2.1958545816492494
2026-04-11,20.7,logs/Older/4-11.csv,1.3021,5.3437,1,0.0,0.0,,
2026-04-11,20.7,logs/Older/4-11.csv,1.3628,3.9996,1,4.6875,4.6875,,
2026-04-11,20.7,logs/Older/4-11.csv,1.3628,4.3333,2,-1.171875,-1.171875,,3.866990209613932
2026-04-11,20.7,logs/Older/4-11.csv,1.3628,5.3437,5,-1.25,0.0,,6.041442165369126
2026-04-11,20.7,logs/Older/4-11.csv,1.3628,5.6028,2,-0.390625,-0.390625,,1.6572815184059708
2026-04-11,20.7,logs/Older/4-11.csv,1.3948,3.9996,1,0.78125,0.78125,,
2026-04-11,20.7,logs/Older/4-11.csv,1.3948,4.3333,3,-1.8229166666666667,0.78125,,4.510548978043952
2026-04-11,20.7,logs/Older/4-11.csv,1.3948,5.3437,3,1.3020833333333333,0.78125,,5.487319662944135
2026-04-11,20.7,logs/Older/4-11.csv,1.3948,5.6028,13,-3.125003846153846,-3.90625,,4.182921159581619
2026-04-11,20.7,logs/Older/4-11.csv,1.3948,6.4361,25,-3.4375060000000004,-1.5625,,6.350920311447651
2026-04-11,20.7,logs/Older/4-11.csv,1.45,4.3333,1,0.78125,0.78125,,
2026-04-11,20.7,logs/Older/4-11.csv,1.45,6.4361,21,-5.840783333333333,-3.90625,,6.129810519855679
2026-04-11,20.7,logs/Older/4-11.csv,1.45,7.5789,7,-6.808035714285714,-6.25,,2.0027185764426743
2026-04-11,20.7,logs/Older/4-11.csv,1.4801,5.6028,1,-3.90625,-3.90625,,
2026-04-11,20.7,logs/Older/4-11.csv,1.4801,6.4361,2,-2.734375,-2.734375,,7.181553246425874
2026-04-11,20.7,logs/Older/4-11.csv,1.4801,7.5789,13,-2.34375,-1.5625,,3.205347298200825
2026-04-11,20.7,logs/Older/4-11.csv,1.4801,8.1077,16,-4.541021875,-5.078125,,4.485397223099598
2026-04-11,20.7,logs/Older/4-11.csv,1.5473,7.5789,8,-0.9765625,-1.953125,,5.56750752733791
2026-04-11,20.7,logs/Older/4-11.csv,1.5473,8.1077,94,-2.825798404255319,-0.78125,,5.08649551993036
2026-04-11,20.7,logs/Older/4-11.csv,1.5473,9.2674,15,1.71875,2.34375,,1.872207742307766
2026-04-11,20.7,logs/Older/4-11.csv,1.593,6.4361,2,-0.390625,-0.390625,,0.5524271728019903
2026-04-11,20.7,logs/Older/4-11.csv,1.593,8.1077,9,-2.430555555555556,-0.78125,,3.1841195991243447
2026-04-11,20.7,logs/Older/4-11.csv,1.593,9.2674,75,-0.8750013333333334,0.0,,3.542995409206786
2026-04-11,20.7,logs/Older/4-11.csv,1.593,9.9646,120,1.796875,3.125,,3.391958638214997
2026-04-11,20.7,logs/Older/4-11.csv,1.6417,5.3437,2,0.390625,0.390625,,6.076698900821893
2026-04-11,20.7,logs/Older/4-11.csv,1.6417,5.6028,1,-5.46875,-5.46875,,
2026-04-11,20.7,logs/Older/4-11.csv,1.6417,7.5789,1,-1.5625,-1.5625,,
2026-04-11,20.7,logs/Older/4-11.csv,1.6417,9.2674,10,-0.625,-0.390625,,4.582149468317244
2026-04-11,20.7,logs/Older/4-11.csv,1.6417,9.9646,205,-0.0571656097560975,0.0,,3.868502939638969
2026-04-11,20.7,logs/Older/4-11.csv,1.6417,11.0771,221,-0.0388857466063348,0.0,,3.6841898214641455
2026-04-11,20.7,logs/Older/4-11.csv,1.6417,11.8935,37,1.0557432432432432,0.78125,,3.632864845315345
2026-04-11,20.7,logs/Older/4-11.csv,1.68,5.6028,1,0.78125,0.78125,,
2026-04-11,20.7,logs/Older/4-11.csv,1.68,7.5789,1,0.0,0.0,,
2026-04-11,20.7,logs/Older/4-11.csv,1.68,9.9646,3,1.5625,1.5625,,2.34375
2026-04-11,20.7,logs/Older/4-11.csv,1.68,11.0771,77,-2.922078571428571,-2.34375,,4.4019442666477415
2026-04-11,20.7,logs/Older/4-11.csv,1.68,11.8935,436,0.2508605504587156,0.78125,,3.280749225260802
2026-04-11,20.7,logs/Older/4-11.csv,1.7451,5.3437,2,-6.640625,-6.640625,,10.496116283237814
2026-04-11,20.7,logs/Older/4-11.csv,1.7451,6.4361,2,-1.5625,-1.5625,,0.0
2026-04-11,20.7,logs/Older/4-11.csv,1.7451,9.9646,1,-3.90625,-3.90625,,
2026-04-11,20.7,logs/Older/4-11.csv,1.7451,11.0771,5,0.78125,0.0,,3.405389799641151
2026-04-11,20.7,logs/Older/4-11.csv,1.7451,11.8935,554,-0.4512645306859206,0.0,,5.015903214164096
2026-04-11,20.7,logs/Older/4-11.csv,1.7451,14.2578,524,-0.4457896946564886,-0.78125,,4.489162363590937
2026-04-11,20.7,logs/Older/4-11.csv,1.7451,15.6572,1,6.25,6.25,,
2026-04-11,20.7,logs/Older/4-11.csv,1.81,7.5789,1,0.78125,0.78125,,
2026-04-11,20.7,logs/Older/4-11.csv,1.81,9.2674,1,-1.5625,-1.5625,,
2026-04-11,20.7,logs/Older/4-11.csv,1.81,11.8935,4,0.390625,0.0,,0.7812499999999999
2026-04-11,20.7,logs/Older/4-11.csv,1.81,14.2578,470,0.3656911702127659,-0.78125,,4.810681684567828
2026-04-11,20.7,logs/Older/4-11.csv,1.81,15.6572,1001,-1.851274175824176,-2.34375,,3.470128328480796
2026-04-11,20.7,logs/Older/4-11.csv,1.81,17.5491,1,-3.125,-3.125,,
2026-04-11,20.7,logs/Older/4-11.csv,1.81,19.9302,1,3.125,3.125,,
2026-04-11,20.7,logs/Older/4-11.csv,1.85,9.2674,1,1.5625,1.5625,,
2026-04-11,20.7,logs/Older/4-11.csv,1.85,11.0771,2,-3.125,-3.125,,4.419417382415922
2026-04-11,20.7,logs/Older/4-11.csv,1.85,11.8935,3,-2.34375,-0.78125,,5.633673867912483
2026-04-11,20.7,logs/Older/4-11.csv,1.85,14.2578,5,0.78125,-2.34375,,4.279082480509111
2026-04-11,20.7,logs/Older/4-11.csv,1.85,15.6572,675,-1.953705037037037,-1.5625,,4.723757248448979
2026-04-11,20.7,logs/Older/4-11.csv,1.85,17.5491,592,-1.1375636824324324,-1.5625,,3.2041174233377707
2026-04-11,20.7,logs/Older/4-11.csv,1.85,19.9302,2,-3.515625,-3.515625,,2.762135864009952
2026-04-11,20.7,logs/Older/4-11.csv,1.85,22.0675,1,1.5625,1.5625,,
2026-04-11,20.7,logs/Older/4-11.csv,1.91,6.4361,1,0.78125,0.78125,,
2026-04-11,20.7,logs/Older/4-11.csv,1.91,9.9646,1,-7.03125,-7.03125,,
2026-04-11,20.7,logs/Older/4-11.csv,1.91,11.8935,1,-4.6875,-4.6875,,
2026-04-11,20.7,logs/Older/4-11.csv,1.91,14.2578,1,3.90625,3.90625,,
2026-04-11,20.7,logs/Older/4-11.csv,1.91,15.6572,2,-1.5625,-1.5625,,6.629126073623883
2026-04-11,20.7,logs/Older/4-11.csv,1.91,17.5491,704,-1.7267420454545457,-0.78125,,5.724557350392339
2026-04-11,20.7,logs/Older/4-11.csv,1.91,19.9302,359,-0.1088093314763231,0.0,,4.315790084354216
2026-04-11,20.7,logs/Older/4-11.csv,1.91,22.0675,2,-2.734375,-2.734375,,1.6572815184059708
2026-04-11,20.7,logs/Older/4-11.csv,1.9888,6.4361,1,-4.6875,-4.6875,,
2026-04-11,20.7,logs/Older/4-11.csv,1.9888,9.9646,1,-3.90625,-3.90625,,
2026-04-11,20.7,logs/Older/4-11.csv,1.9888,11.0771,2,-2.34375,-2.34375,,4.419417382415922
2026-04-11,20.7,logs/Older/4-11.csv,1.9888,11.8935,1,-2.34375,-2.34375,,
2026-04-11,20.7,logs/Older/4-11.csv,1.9888,15.6572,3,-2.083333333333333,-0.78125,,3.6920434580098505
2026-04-11,20.7,logs/Older/4-11.csv,1.9888,17.5491,11,-3.1250045454545456,-0.78125,,7.211252600119295
2026-04-11,20.7,logs/Older/4-11.csv,1.9888,19.9302,477,-1.547761635220126,-0.78125,,6.025939124561069
2026-04-11,20.7,logs/Older/4-11.csv,1.9888,22.0675,144,-0.0271260416666666,-0.78125,,3.3534999943226453
2026-04-11,20.7,logs/Older/4-11.csv,1.9888,24.2801,1,-5.46875,-5.46875,,
2026-04-11,20.7,logs/Older/4-11.csv,2.05,9.2674,2,-4.6875,-4.6875,,13.258252147247768
2026-04-11,20.7,logs/Older/4-11.csv,2.05,11.0771,2,-8.984375,-8.984375,,7.181553246425874
2026-04-11,20.7,logs/Older/4-11.csv,2.05,14.2578,2,-2.734375,-2.734375,,3.866990209613932
2026-04-11,20.7,logs/Older/4-11.csv,2.05,15.6572,1,1.5625,1.5625,,
2026-04-11,20.7,logs/Older/4-11.csv,2.05,17.5491,2,-3.125,-3.125,,4.419417382415922
2026-04-11,20.7,logs/Older/4-11.csv,2.05,19.9302,24,-2.3112,-0.390625,,6.58285121342139
2026-04-11,20.7,logs/Older/4-11.csv,2.05,22.0675,924,-0.202921158008658,0.0,,7.0811464735453455
2026-04-11,20.7,logs/Older/4-11.csv,2.05,24.2801,404,-0.2842662128712871,-0.78125,,5.542552474223352
2026-04-11,20.7,logs/Older/4-11.csv,2.05,27.1728,3,0.5208333333333334,1.5625,,4.773516348912334
2026-04-11,20.7,logs/Older/4-11.csv,2.1152,14.2578,1,0.0,0.0,,
2026-04-11,20.7,logs/Older/4-11.csv,2.1152,17.5491,1,-3.90625,-3.90625,,
2026-04-11,20.7,logs/Older/4-11.csv,2.1152,19.9302,1,0.0,0.0,,
2026-04-11,20.7,logs/Older/4-11.csv,2.1152,22.0675,6,-0.1302083333333333,-0.390625,,5.79214907313483
2026-04-11,20.7,logs/Older/4-11.csv,2.1152,24.2801,595,-0.116859243697479,-0.78125,,4.815065423360761
2026-04-11,20.7,logs/Older/4-11.csv,2.1152,27.1728,334,-0.2339058383233533,-0.78125,,4.192994174528623
2026-04-11,20.7,logs/Older/4-11.csv,2.1152,30.9147,5,-0.625,0.0,,2.8384222069663982
2026-04-11,20.7,logs/Older/4-11.csv,2.1152,36.822,1,-3.90625,-3.90625,,
2026-04-11,20.7,logs/Older/4-11.csv,2.1682,11.0771,1,1.5625,1.5625,,
2026-04-11,20.7,logs/Older/4-11.csv,2.1682,11.8935,1,0.78125,0.78125,,
2026-04-11,20.7,logs/Older/4-11.csv,2.1682,15.6572,2,0.390625,0.390625,,1.6572815184059708
2026-04-11,20.7,logs/Older/4-11.csv,2.1682,17.5491,1,-4.6875,-4.6875,,
2026-04-11,20.7,logs/Older/4-11.csv,2.1682,19.9302,3,-2.864583333333333,-0.78125,,4.302789490067267
2026-04-11,20.7,logs/Older/4-11.csv,2.1682,22.0675,3,-1.3020833333333333,0.78125,,5.022734771350497
2026-04-11,20.7,logs/Older/4-11.csv,2.1682,24.2801,11,-2.698863636363636,-1.5625,,5.984228502241994
2026-04-11,20.7,logs/Older/4-11.csv,2.1682,27.1728,503,-0.1770610337972167,-0.78125,,5.011452199011841
2026-04-11,20.7,logs/Older/4-11.csv,2.1682,30.9147,269,-0.3630340148698884,-1.5625,,4.006672644240073
2026-04-11,20.7,logs/Older/4-11.csv,2.1682,33.0568,1,-1.5625,-1.5625,,
2026-04-11,20.7,logs/Older/4-11.csv,2.1682,36.822,1,-7.03125,-7.03125,,
2026-04-11,20.7,logs/Older/4-11.csv,2.253,15.6572,1,0.78125,0.78125,,
2026-04-11,20.7,logs/Older/4-11.csv,2.253,19.9302,2,-1.171875,-1.171875,,3.866990209613932
2026-04-11,20.7,logs/Older/4-11.csv,2.253,24.2801,1,-2.34375,-2.34375,,
2026-04-11,20.7,logs/Older/4-11.csv,2.253,27.1728,14,-1.2834857142857143,-0.78125,,6.468592744426083
2026-04-11,20.7,logs/Older/4-11.csv,2.253,30.9147,742,0.2095263477088948,0.0,,4.21426598690333
2026-04-11,20.7,logs/Older/4-11.csv,2.253,33.0568,227,1.1839211453744491,2.34375,,4.913298469214126
2026-04-11,20.7,logs/Older/4-11.csv,2.253,36.822,2,0.78125,0.78125,,2.209708691207961
2026-04-11,20.7,logs/Older/4-11.csv,2.2849,15.6572,1,-0.78125,-0.78125,,
2026-04-11,20.7,logs/Older/4-11.csv,2.2849,24.2801,2,-0.78125,-0.78125,,1.1048543456039803
2026-04-11,20.7,logs/Older/4-11.csv,2.2849,27.1728,1,1.5625,1.5625,,
2026-04-11,20.7,logs/Older/4-11.csv,2.2849,30.9147,12,0.1302083333333333,1.953125,,7.609823679292724
2026-04-11,20.7,logs/Older/4-11.csv,2.2849,33.0568,350,-0.366072,-0.390625,,6.067872493645701
2026-04-11,20.7,logs/Older/4-11.csv,2.2849,36.822,249,-0.8879271084337349,-1.5625,,5.803536615736965
2026-04-11,20.7,logs/Older/4-11.csv,2.2849,42.2183,1,-4.6875,-4.6875,,
2026-04-11,20.7,logs/Older/4-11.csv,2.3877,11.8935,1,-3.90625,-3.90625,,
2026-04-11,20.7,logs/Older/4-11.csv,2.3877,22.0675,1,-14.0625,-14.0625,,
2026-04-11,20.7,logs/Older/4-11.csv,2.3877,27.1728,1,-2.34375,-2.34375,,
2026-04-11,20.7,logs/Older/4-11.csv,2.3877,30.9147,4,-0.78125,-0.78125,,2.29993772560621
2026-04-11,20.7,logs/Older/4-11.csv,2.3877,33.0568,1,-0.78125,-0.78125,,
2026-04-11,20.7,logs/Older/4-11.csv,2.3877,36.822,411,-2.307634306569343,-3.125,,4.297851593255572
2026-04-11,20.7,logs/Older/4-11.csv,2.3877,42.2183,83,-0.3859180722891566,-1.5625,,3.8124686795720937
2026-04-11,20.7,logs/Older/4-11.csv,2.449,24.2801,1,-3.125,-3.125,,
2026-04-11,20.7,logs/Older/4-11.csv,2.449,30.9147,1,-1.5625,-1.5625,,
2026-04-11,20.7,logs/Older/4-11.csv,2.449,36.822,4,-0.9765625,-0.390625,,2.054652843497331
2026-04-11,20.7,logs/Older/4-11.csv,2.449,42.2183,460,-1.6491166304347826,-1.5625,,3.642431889695144
2026-04-11,20.7,logs/Older/4-11.csv,2.449,47.3729,22,2.521311363636364,1.953125,,4.875526224881533
2026-04-11,20.7,logs/Older/4-11.csv,2.5482,27.1728,1,-4.6875,-4.6875,,
2026-04-11,20.7,logs/Older/4-11.csv,2.5482,33.0568,1,-5.46875,-5.46875,,
2026-04-11,20.7,logs/Older/4-11.csv,2.5482,42.2183,19,-1.2335526315789471,-0.78125,,1.6940257188026728
2026-04-11,20.7,logs/Older/4-11.csv,2.5482,47.3729,309,0.809062783171521,0.0,,4.967185338054914
2026-04-11,20.7,logs/Older/4-11.csv,2.5482,50.5261,16,2.68555,1.5625,,6.720395062692867
2026-04-11,20.7,logs/Older/4-11.csv,2.62,42.2183,1,-0.78125,-0.78125,,
2026-04-11,20.7,logs/Older/4-11.csv,2.62,47.3729,4,0.390625,0.0,,0.7812499999999999
2026-04-11,20.7,logs/Older/4-11.csv,2.62,50.5261,152,2.729236842105263,1.171875,,3.9335757891177097
2026-04-11,20.7,logs/Older/4-11.csv,2.62,57.3682,1,0.0,0.0,,
2026-04-11,20.7,logs/Older/4-11.csv,2.7327,42.2183,1,0.0,0.0,,
2026-04-11,20.7,logs/Older/4-11.csv,2.7327,50.5261,8,0.0,0.0,,0.0
2026-04-11,20.7,logs/Older/4-11.csv,2.7327,57.3682,84,0.2418160714285714,0.0,,1.57644908079742
2026-04-11,20.7,logs/Older/4-11.csv,2.8274,57.3682,17,-0.2757352941176471,0.0,,1.136885742357811
2026-04-11,20.7,logs/Older/4-11.csv,2.8274,73.8877,6,-0.78125,0.0,,1.913663861549358
2026-04-11,20.7,logs/Older/4-11.csv,2.9125,73.8877,29,0.0,0.0,,0.0
2026-04-11,20.7,logs/Older/4-11.csv,2.9125,80.0684,5,-0.9375,0.0,,2.0963137289060527
2026-04-11,20.7,logs/Older/4-11.csv,2.9125,84.9893,1,-3.125,-3.125,,
2026-04-11,20.7,logs/Older/4-11.csv,2.99,73.8877,1,-0.78125,-0.78125,,
2026-04-11,20.7,logs/Older/4-11.csv,2.99,80.0684,2,0.0,0.0,,0.0
2026-04-11,20.7,logs/Older/4-11.csv,2.99,84.9893,6,0.0,0.0,,0.0
2026-04-11,20.7,logs/Older/4-11.csv,3.1508,110.681,1,-4.6875,-4.6875,,
2026-04-12,20.7,logs/Older/4-12 big.csv,1.1804,3.5071,1,6.25,6.25,,
2026-04-12,20.7,logs/Older/4-12 big.csv,1.2201,3.9996,4,2.1484375,1.5625,,1.171875
2026-04-12,20.7,logs/Older/4-12 big.csv,1.2201,4.3333,1,0.78125,0.78125,,
2026-04-12,20.7,logs/Older/4-12 big.csv,1.28,3.9996,11,1.7045454545454546,1.5625,,2.563123538327264
2026-04-12,20.7,logs/Older/4-12 big.csv,1.28,4.3333,7,1.3392857142857142,0.78125,,3.4266603987111472
2026-04-12,20.7,logs/Older/4-12 big.csv,1.3021,3.9996,1,1.5625,1.5625,,
2026-04-12,20.7,logs/Older/4-12 big.csv,1.3021,4.3333,5,0.78125,0.78125,,2.2777155839239454
2026-04-12,20.7,logs/Older/4-12 big.csv,1.3021,5.3437,4,-0.7812625,2.34375,,7.439012451301919
2026-04-12,20.7,logs/Older/4-12 big.csv,1.3628,4.3333,5,3.28125,2.34375,,3.6393170933912864
2026-04-12,20.7,logs/Older/4-12 big.csv,1.3628,5.3437,6,0.2604166666666667,0.78125,,3.517071461694611
2026-04-12,20.7,logs/Older/4-12 big.csv,1.3628,5.6028,5,0.9375,3.90625,,6.797323979423815
2026-04-12,20.7,logs/Older/4-12 big.csv,1.3948,4.3333,2,4.296875,4.296875,,2.762135864009952
2026-04-12,20.7,logs/Older/4-12 big.csv,1.3948,5.3437,6,0.78125,0.78125,,1.1048543456039803
2026-04-12,20.7,logs/Older/4-12 big.csv,1.3948,5.6028,15,-0.3645833333333333,0.0,,3.1509340546362865
2026-04-12,20.7,logs/Older/4-12 big.csv,1.3948,6.4361,26,-1.2920673076923077,-1.953125,,3.933916447738623
2026-04-12,20.7,logs/Older/4-12 big.csv,1.45,3.9996,1,1.5625,1.5625,,
2026-04-12,20.7,logs/Older/4-12 big.csv,1.45,4.3333,1,1.5625,1.5625,,
2026-04-12,20.7,logs/Older/4-12 big.csv,1.45,5.6028,3,-5.729183333333334,-6.25,,6.266278800119999
2026-04-12,20.7,logs/Older/4-12 big.csv,1.45,6.4361,37,-0.3589527027027027,0.0,,3.7085134379661926
2026-04-12,20.7,logs/Older/4-12 big.csv,1.45,7.5789,4,-1.3671875,-1.171875,,3.017351621420955
2026-04-12,20.7,logs/Older/4-12 big.csv,1.4801,5.6028,1,8.59375,8.59375,,
2026-04-12,20.7,logs/Older/4-12 big.csv,1.4801,6.4361,8,0.5859375,1.171875,,3.68219010855438
2026-04-12,20.7,logs/Older/4-12 big.csv,1.4801,7.5789,36,-0.1302083333333333,0.78125,,3.3433744782458508
2026-04-12,20.7,logs/Older/4-12 big.csv,1.4801,8.1077,37,0.8445945945945946,1.5625,,2.382338426046973
2026-04-12,20.7,logs/Older/4-12 big.csv,1.5473,3.9996,1,-4.6875,-4.6875,,
2026-04-12,20.7,logs/Older/4-12 big.csv,1.5473,4.3333,1,0.78125,0.78125,,
2026-04-12,20.7,logs/Older/4-12 big.csv,1.5473,5.3437,1,1.5625,1.5625,,
2026-04-12,20.7,logs/Older/4-12 big.csv,1.5473,6.4361,6,-2.864583333333333,-2.34375,,3.9425397641199087
2026-04-12,20.7,logs/Older/4-12 big.csv,1.5473,7.5789,13,0.3605769230769231,0.0,,2.441856929556496
2026-04-12,20.7,logs/Older/4-12 big.csv,1.5473,8.1077,236,0.0695180084745762,0.0,,2.76947520749695
2026-04-12,20.7,logs/Older/4-12 big.csv,1.5473,9.2674,31,0.6804435483870968,0.0,,3.73446181626264
2026-04-12,20.7,logs/Older/4-12 big.csv,1.593,6.4361,2,0.0,0.0,,3.3145630368119416
2026-04-12,20.7,logs/Older/4-12 big.csv,1.593,7.5789,3,1.5625,4.6875,,6.101757559302074
2026-04-12,20.7,logs/Older/4-12 big.csv,1.593,8.1077,40,0.17578125,0.0,,3.19673034691032
2026-04-12,20.7,logs/Older/4-12 big.csv,1.593,9.2674,224,1.0288790178571428,0.0,,2.943929100283327
2026-04-12,20.7,logs/Older/4-12 big.csv,1.593,9.9646,123,2.5279479674796748,2.34375,,3.32974688254522
2026-04-12,20.7,logs/Older/4-12 big.csv,1.6417,5.3437,1,0.78125,0.78125,,
2026-04-12,20.7,logs/Older/4-12 big.csv,1.6417,8.1077,1,3.90625,3.90625,,
2026-04-12,20.7,logs/Older/4-12 big.csv,1.6417,9.2674,36,-0.0217013888888888,0.0,,3.127711497256332
2026-04-12,20.7,logs/Older/4-12 big.csv,1.6417,9.9646,498,0.7828189759036144,0.0,,3.217743496505302
2026-04-12,20.7,logs/Older/4-12 big.csv,1.6417,11.0771,338,1.936945857988165,1.5625,,3.9659206909414366
2026-04-12,20.7,logs/Older/4-12 big.csv,1.6417,11.8935,48,2.913411458333333,3.125,,3.49288814627178
2026-04-12,20.7,logs/Older/4-12 big.csv,1.68,7.5789,1,-1.5625,-1.5625,,
2026-04-12,20.7,logs/Older/4-12 big.csv,1.68,8.1077,1,-0.78125,-0.78125,,
2026-04-12,20.7,logs/Older/4-12 big.csv,1.68,9.2674,1,3.90625,3.90625,,
2026-04-12,20.7,logs/Older/4-12 big.csv,1.68,9.9646,21,0.7440476190476191,0.0,,2.767392074023673
2026-04-12,20.7,logs/Older/4-12 big.csv,1.68,11.0771,157,1.1544589171974522,1.5625,,3.099337140709115
2026-04-12,20.7,logs/Older/4-12 big.csv,1.68,11.8935,512,1.6586314453125,1.5625,,3.985896890728612
2026-04-12,20.7,logs/Older/4-12 big.csv,1.68,14.2578,1,4.6875,4.6875,,
2026-04-12,20.7,logs/Older/4-12 big.csv,1.7451,4.3333,1,3.125,3.125,,
2026-04-12,20.7,logs/Older/4-12 big.csv,1.7451,5.3437,1,1.5625,1.5625,,
2026-04-12,20.7,logs/Older/4-12 big.csv,1.7451,8.1077,2,-2.734375,-2.734375,,6.076698900821893
2026-04-12,20.7,logs/Older/4-12 big.csv,1.7451,9.2674,3,3.90625,3.90625,,3.90625
2026-04-12,20.7,logs/Older/4-12 big.csv,1.7451,9.9646,8,1.46484375,0.0,,3.29973270275006
2026-04-12,20.7,logs/Older/4-12 big.csv,1.7451,11.0771,20,1.21094,0.0,,3.376740733489992
2026-04-12,20.7,logs/Older/4-12 big.csv,1.7451,11.8935,831,1.2776410950661854,0.78125,,3.887052908675452
2026-04-12,20.7,logs/Older/4-12 big.csv,1.7451,14.2578,846,1.607750354609929,1.5625,,3.748591482370948
2026-04-12,20.7,logs/Older/4-12 big.csv,1.7451,15.6572,2,0.0,0.0,,7.733980419227864
2026-04-12,20.7,logs/Older/4-12 big.csv,1.7451,17.5491,1,-3.125,-3.125,,
2026-04-12,20.7,logs/Older/4-12 big.csv,1.7451,19.9302,1,-4.6875,-4.6875,,
2026-04-12,20.7,logs/Older/4-12 big.csv,1.81,6.4361,1,0.78125,0.78125,,
2026-04-12,20.7,logs/Older/4-12 big.csv,1.81,9.2674,2,3.90625,3.90625,,3.3145630368119416
2026-04-12,20.7,logs/Older/4-12 big.csv,1.81,9.9646,1,0.0,0.0,,
2026-04-12,20.7,logs/Older/4-12 big.csv,1.81,11.0771,3,-0.2604166666666667,0.0,,0.4510548978043951
2026-04-12,20.7,logs/Older/4-12 big.csv,1.81,11.8935,16,1.85546875,0.0,,2.7492156788724915
2026-04-12,20.7,logs/Older/4-12 big.csv,1.81,14.2578,915,1.3977119672131146,0.78125,,4.08575337729843
2026-04-12,20.7,logs/Older/4-12 big.csv,1.81,15.6572,1659,1.0576784810126585,0.0,,3.8345995116257967
2026-04-12,20.7,logs/Older/4-12 big.csv,1.81,17.5491,1,0.78125,0.78125,,
2026-04-12,20.7,logs/Older/4-12 big.csv,1.81,19.9302,1,-3.90625,-3.90625,,
2026-04-12,20.7,logs/Older/4-12 big.csv,1.85,9.2674,1,1.5625,1.5625,,
2026-04-12,20.7,logs/Older/4-12 big.csv,1.85,11.8935,4,-0.78125,-1.171875,,3.3145630368119416
2026-04-12,20.7,logs/Older/4-12 big.csv,1.85,14.2578,13,2.103369230769231,2.34375,,3.2586222995397445
2026-04-12,20.7,logs/Older/4-12 big.csv,1.85,15.6572,1437,1.7767065762004175,0.78125,,4.546000189537307
2026-04-12,20.7,logs/Older/4-12 big.csv,1.85,17.5491,1656,2.4154603562801933,2.34375,,4.39641476739579
2026-04-12,20.7,logs/Older/4-12 big.csv,1.85,19.9302,5,3.4375100000000005,2.34375,,6.480156911236795
2026-04-12,20.7,logs/Older/4-12 big.csv,1.85,22.0675,1,5.46875,5.46875,,
2026-04-12,20.7,logs/Older/4-12 big.csv,1.85,24.2801,1,2.34375,2.34375,,
2026-04-12,20.7,logs/Older/4-12 big.csv,1.91,9.2674,1,-5.46875,-5.46875,,
2026-04-12,20.7,logs/Older/4-12 big.csv,1.91,11.8935,1,0.0,0.0,,
2026-04-12,20.7,logs/Older/4-12 big.csv,1.91,14.2578,3,2.34375,3.90625,,2.7063293868263707
2026-04-12,20.7,logs/Older/4-12 big.csv,1.91,15.6572,11,1.2784090909090908,0.0,,3.6689271290677183
2026-04-12,20.7,logs/Older/4-12 big.csv,1.91,17.5491,2178,3.5195744031221308,2.34375,,5.250930978090235
2026-04-12,20.7,logs/Older/4-12 big.csv,1.91,19.9302,1132,3.441092049469965,3.125,,5.142440695181205
2026-04-12,20.7,logs/Older/4-12 big.csv,1.91,22.0675,1,7.8125,7.8125,,
2026-04-12,20.7,logs/Older/4-12 big.csv,1.91,24.2801,2,-0.78125,-0.78125,,4.419417382415922
2026-04-12,20.7,logs/Older/4-12 big.csv,1.9888,9.9646,1,2.34375,2.34375,,
2026-04-12,20.7,logs/Older/4-12 big.csv,1.9888,11.0771,1,2.34375,2.34375,,
2026-04-12,20.7,logs/Older/4-12 big.csv,1.9888,11.8935,4,2.1484375,2.34375,,3.573026753649021
2026-04-12,20.7,logs/Older/4-12 big.csv,1.9888,14.2578,1,3.90625,3.90625,,
2026-04-12,20.7,logs/Older/4-12 big.csv,1.9888,15.6572,2,3.125,3.125,,1.1048543456039803
2026-04-12,20.7,logs/Older/4-12 big.csv,1.9888,17.5491,32,1.2207046875,0.0,,4.2971653127824325
2026-04-12,20.7,logs/Older/4-12 big.csv,1.9888,19.9302,1798,4.42027958843159,3.90625,,5.960170759948404
2026-04-12,20.7,logs/Older/4-12 big.csv,1.9888,22.0675,382,2.5053187172774867,2.34375,,4.625000114821215
2026-04-12,20.7,logs/Older/4-12 big.csv,1.9888,24.2801,5,-1.71875,-4.6875,,5.61739937882736
2026-04-12,20.7,logs/Older/4-12 big.csv,1.9888,27.1728,2,1.171875,1.171875,,6.076698900821893
2026-04-12,20.7,logs/Older/4-12 big.csv,2.05,7.5789,1,-0.78125,-0.78125,,
2026-04-12,20.7,logs/Older/4-12 big.csv,2.05,8.1077,1,-2.34375,-2.34375,,
2026-04-12,20.7,logs/Older/4-12 big.csv,2.05,9.9646,1,0.0,0.0,,
2026-04-12,20.7,logs/Older/4-12 big.csv,2.05,11.8935,1,0.78125,0.78125,,
2026-04-12,20.7,logs/Older/4-12 big.csv,2.05,14.2578,4,-1.3671875,0.390625,,3.79395892821184
2026-04-12,20.7,logs/Older/4-12 big.csv,2.05,15.6572,2,1.171875,1.171875,,1.6572815184059708
2026-04-12,20.7,logs/Older/4-12 big.csv,2.05,17.5491,6,0.9114583333333334,0.0,,1.4334748900544672
2026-04-12,20.7,logs/Older/4-12 big.csv,2.05,19.9302,97,1.8846685567010308,0.0,,4.849834059915304
2026-04-12,20.7,logs/Older/4-12 big.csv,2.05,22.0675,2109,3.0653621858700806,2.34375,,5.310073577046196
2026-04-12,20.7,logs/Older/4-12 big.csv,2.05,24.2801,1239,2.3878898305084744,2.34375,,4.934175751892803
2026-04-12,20.7,logs/Older/4-12 big.csv,2.05,27.1728,7,0.1116071428571428,0.78125,,3.5063120697332604
2026-04-12,20.7,logs/Older/4-12 big.csv,2.05,33.0568,1,0.78125,0.78125,,
2026-04-12,20.7,logs/Older/4-12 big.csv,2.1152,6.4361,1,6.25,6.25,,
2026-04-12,20.7,logs/Older/4-12 big.csv,2.1152,9.9646,1,-7.03125,-7.03125,,
2026-04-12,20.7,logs/Older/4-12 big.csv,2.1152,11.0771,1,0.0,0.0,,
2026-04-12,20.7,logs/Older/4-12 big.csv,2.1152,15.6572,1,0.0,0.0,,
2026-04-12,20.7,logs/Older/4-12 big.csv,2.1152,19.9302,2,0.0,0.0,,0.0
2026-04-12,20.7,logs/Older/4-12 big.csv,2.1152,22.0675,18,-0.5642361111111112,-0.390625,,2.957427561730631
2026-04-12,20.7,logs/Older/4-12 big.csv,2.1152,24.2801,1955,1.923754936061381,1.5625,,5.053325607328511
2026-04-12,20.7,logs/Older/4-12 big.csv,2.1152,27.1728,1129,1.3203069530558016,0.78125,,4.972473877632671
2026-04-12,20.7,logs/Older/4-12 big.csv,2.1152,30.9147,3,2.864583333333333,2.34375,,6.266254903914565
2026-04-12,20.7,logs/Older/4-12 big.csv,2.1152,33.0568,6,4.036458333333333,3.125,,10.416341140746912
2026-04-12,20.7,logs/Older/4-12 big.csv,2.1682,9.2674,1,-5.46875,-5.46875,,
2026-04-12,20.7,logs/Older/4-12 big.csv,2.1682,11.8935,1,0.78125,0.78125,,
2026-04-12,20.7,logs/Older/4-12 big.csv,2.1682,14.2578,1,-3.125,-3.125,,
2026-04-12,20.7,logs/Older/4-12 big.csv,2.1682,17.5491,1,2.34375,2.34375,,
2026-04-12,20.7,logs/Older/4-12 big.csv,2.1682,22.0675,4,-3.515625,-3.515625,,2.255274489021976
2026-04-12,20.7,logs/Older/4-12 big.csv,2.1682,24.2801,47,1.0970744680851063,0.78125,,3.8846535283207455
2026-04-12,20.7,logs/Older/4-12 big.csv,2.1682,27.1728,2486,1.080112389380531,0.78125,,4.826069697761239
2026-04-12,20.7,logs/Older/4-12 big.csv,2.1682,30.9147,1342,0.7242000372578241,0.0,,4.988678925126335
2026-04-12,20.7,logs/Older/4-12 big.csv,2.1682,33.0568,3,3.6458333333333335,4.6875,,2.5113673856752485
2026-04-12,20.7,logs/Older/4-12 big.csv,2.253,11.8935,1,-11.7188,-11.7188,,
2026-04-12,20.7,logs/Older/4-12 big.csv,2.253,17.5491,1,2.34375,2.34375,,
2026-04-12,20.7,logs/Older/4-12 big.csv,2.253,22.0675,1,3.90625,3.90625,,
2026-04-12,20.7,logs/Older/4-12 big.csv,2.253,24.2801,6,0.6510416666666666,0.0,,3.366332427199766
2026-04-12,20.7,logs/Older/4-12 big.csv,2.253,27.1728,55,2.173298181818182,1.5625,,5.205496325830744
2026-04-12,20.7,logs/Older/4-12 big.csv,2.253,30.9147,4121,1.3005057146323706,0.0,,5.7797343646514365
2026-04-12,20.7,logs/Older/4-12 big.csv,2.253,33.0568,1009,0.5536129831516353,0.0,,5.951473123571184
2026-04-12,20.7,logs/Older/4-12 big.csv,2.253,36.822,7,-3.6830357142857135,-3.125,,3.180314028744421
2026-04-12,20.7,logs/Older/4-12 big.csv,2.253,42.2183,1,2.34375,2.34375,,
2026-04-12,20.7,logs/Older/4-12 big.csv,2.2849,8.1077,1,-4.6875,-4.6875,,
2026-04-12,20.7,logs/Older/4-12 big.csv,2.2849,11.8935,1,-1.5625,-1.5625,,
2026-04-12,20.7,logs/Older/4-12 big.csv,2.2849,14.2578,1,1.5625,1.5625,,
2026-04-12,20.7,logs/Older/4-12 big.csv,2.2849,19.9302,1,-3.125,-3.125,,
2026-04-12,20.7,logs/Older/4-12 big.csv,2.2849,24.2801,2,3.125,3.125,,6.629126073623883
2026-04-12,20.7,logs/Older/4-12 big.csv,2.2849,27.1728,1,0.0,0.0,,
2026-04-12,20.7,logs/Older/4-12 big.csv,2.2849,30.9147,67,1.1310649253731344,0.0,,5.818253920805693
2026-04-12,20.7,logs/Older/4-12 big.csv,2.2849,33.0568,2982,1.4846917002012074,0.78125,,6.222877163164045
2026-04-12,20.7,logs/Older/4-12 big.csv,2.2849,36.822,3974,0.4214911801711122,-0.78125,,5.909972743797007
2026-04-12,20.7,logs/Older/4-12 big.csv,2.2849,42.2183,3,2.6041666666666665,2.34375,,0.4510548978043951
2026-04-12,20.7,logs/Older/4-12 big.csv,2.3877,11.8935,1,3.125,3.125,,
2026-04-12,20.7,logs/Older/4-12 big.csv,2.3877,22.0675,1,1.5625,1.5625,,
2026-04-12,20.7,logs/Older/4-12 big.csv,2.3877,24.2801,3,0.2604166666666667,1.5625,,4.442375549279162
2026-04-12,20.7,logs/Older/4-12 big.csv,2.3877,27.1728,2,0.0,0.0,,2.209708691207961
2026-04-12,20.7,logs/Older/4-12 big.csv,2.3877,30.9147,7,2.232142857142857,1.5625,,7.660348757096973
2026-04-12,20.7,logs/Older/4-12 big.csv,2.3877,33.0568,11,-0.2130727272727272,0.0,,5.276669745983902
2026-04-12,20.7,logs/Older/4-12 big.csv,2.3877,36.822,9731,0.9502505446511148,0.0,,5.796471429942877
2026-04-12,20.7,logs/Older/4-12 big.csv,2.3877,42.2183,2385,1.151403165618449,0.0,,5.592869485775782
2026-04-12,20.7,logs/Older/4-12 big.csv,2.449,24.2801,2,-0.78125,-0.78125,,3.3145630368119416
2026-04-12,20.7,logs/Older/4-12 big.csv,2.449,27.1728,1,2.34375,2.34375,,
2026-04-12,20.7,logs/Older/4-12 big.csv,2.449,30.9147,2,-2.34375,-2.34375,,3.3145630368119416
2026-04-12,20.7,logs/Older/4-12 big.csv,2.449,33.0568,2,1.953125,1.953125,,0.5524271728019903
2026-04-12,20.7,logs/Older/4-12 big.csv,2.449,36.822,58,1.6433206896551724,0.78125,,5.533358845095763
2026-04-12,20.7,logs/Older/4-12 big.csv,2.449,42.2183,15264,1.6055452731918238,0.78125,,5.539391642817262
2026-04-12,20.7,logs/Older/4-12 big.csv,2.449,47.3729,879,2.2762021046643914,2.34375,,4.835643152942039
2026-04-12,20.7,logs/Older/4-12 big.csv,2.5482,24.2801,1,0.0,0.0,,
2026-04-12,20.7,logs/Older/4-12 big.csv,2.5482,30.9147,1,-0.78125,-0.78125,,
2026-04-12,20.7,logs/Older/4-12 big.csv,2.5482,42.2183,647,1.918711978361669,0.78125,,5.187192950136897
2026-04-12,20.7,logs/Older/4-12 big.csv,2.5482,47.3729,21705,3.6017781824464405,3.125,,5.152673857429429
2026-04-12,20.7,logs/Older/4-12 big.csv,2.5482,50.5261,1535,6.343650912052118,7.03125,,4.528626220477943
2026-04-12,20.7,logs/Older/4-12 big.csv,2.62,47.3729,252,4.653401785714285,3.90625,,5.707975084124216
2026-04-12,20.7,logs/Older/4-12 big.csv,2.62,50.5261,12139,5.933937601944146,6.25,,4.660296792212609
2026-04-12,20.7,logs/Older/4-12 big.csv,2.62,57.3682,184,5.523948097826087,5.46875,,3.7060577536843513
2026-04-12,20.7,logs/Older/4-12 big.csv,2.7327,36.822,1,1.5625,1.5625,,
2026-04-12,20.7,logs/Older/4-12 big.csv,2.7327,50.5261,468,5.233375106837606,5.46875,,3.778273484966408
2026-04-12,20.7,logs/Older/4-12 big.csv,2.7327,57.3682,4978,2.702673513459221,2.34375,,2.8797702546423496
2026-04-12,20.7,logs/Older/4-12 big.csv,2.8274,50.5261,1,2.34375,2.34375,,
2026-04-12,20.7,logs/Older/4-12 big.csv,2.8274,57.3682,345,2.2033514492753623,2.34375,,2.367422979717852
2026-04-12,20.7,logs/Older/4-12 big.csv,2.8274,73.8877,296,2.824113175675676,3.125,,2.37405138394023
2026-04-12,20.7,logs/Older/4-12 big.csv,2.9125,73.8877,81,2.1604938271604937,2.34375,,2.793096055168694
2026-04-12,20.7,logs/Older/4-12 big.csv,2.9125,80.0684,5,-0.78125,-0.78125,,0.0
2026-04-12,20.7,logs/Older/4-12 big.csv,2.99,80.0684,9,0.2604166666666667,-0.78125,,2.066993211769212
2026-04-12,20.7,logs/Older/4-12 big.csv,2.99,84.9893,6,0.78125,-0.78125,,2.4206145913796355
2026-04-12,20.7,logs/Older/4-12 big.csv,3.0654,84.9893,2,-0.78125,-0.78125,,0.0
2026-04-12,20.7,logs/Older/4-12 big.csv,3.0654,90.132,12,1.5625,1.5625,,2.447967036877001
2026-04-12,20.7,logs/Older/4-12 big.csv,3.1508,90.132,4,1.5625,1.5625,,2.7063293868263707
2026-04-12,20.7,logs/Older/4-12 big.csv,3.1508,110.681,14,1.5625,1.5625,,2.4322243202942384
2026-04-12,20.7,logs/Older/4-12 big.csv,3.26,110.681,10,3.90625,3.90625,,0.0
2026-04-12,20.7,logs/Older/4-12 big.csv,3.26,125.6816,1,3.90625,3.90625,,
2026-04-12,20.7,logs/Older/4-12 big.csv,3.408,125.6816,4,3.90625,3.90625,,0.0
2026-04-23,20.8,logs/April/4-23/log0001.csv,1.2201,4.3333,1,0.0,0.0,,
2026-04-23,20.8,logs/April/4-23/log0001.csv,1.28,3.9996,1,0.78125,0.78125,,
2026-04-23,20.8,logs/April/4-23/log0001.csv,1.28,4.3333,2,0.390625,0.390625,,0.5524271728019903
2026-04-23,20.8,logs/April/4-23/log0001.csv,1.3021,4.3333,3,0.5208333333333334,0.78125,,0.4510548978043951
2026-04-23,20.8,logs/April/4-23/log0001.csv,1.3021,5.3437,1,0.78125,0.78125,,
2026-04-23,20.8,logs/April/4-23/log0001.csv,1.3628,5.3437,1,0.78125,0.78125,,
2026-04-23,20.8,logs/April/4-23/log0001.csv,1.3628,5.6028,2,0.78125,0.78125,,0.0
2026-04-23,20.8,logs/April/4-23/log0001.csv,1.3948,5.3437,1,0.78125,0.78125,,
2026-04-23,20.8,logs/April/4-23/log0001.csv,1.3948,5.6028,3,-3.6458333333333335,0.0,,7.002255031119143
2026-04-23,20.8,logs/April/4-23/log0001.csv,1.3948,6.4361,4,1.171875,1.171875,,0.4510548978043951
2026-04-23,20.8,logs/April/4-23/log0001.csv,1.45,6.4361,3,-3.3854166666666665,0.0,,7.259041596232476
2026-04-23,20.8,logs/April/4-23/log0001.csv,1.45,7.5789,1,0.78125,0.78125,,
2026-04-23,20.8,logs/April/4-23/log0001.csv,1.4801,6.4361,1,0.0,0.0,,
2026-04-23,20.8,logs/April/4-23/log0001.csv,1.4801,7.5789,4,-2.1484375,0.78125,,6.390828745733347
2026-04-23,20.8,logs/April/4-23/log0001.csv,1.4801,8.1077,2,-4.296875,-4.296875,,6.076698900821893
2026-04-23,20.8,logs/April/4-23/log0001.csv,1.5473,8.1077,39,-4.046474358974359,-4.6875,,3.676953527411829
2026-04-23,20.8,logs/April/4-23/log0001.csv,1.5473,9.2674,10,-4.765625,-3.515625,,3.709452370951959
2026-04-23,20.8,logs/April/4-23/log0001.csv,1.593,8.1077,10,-5.390625,-5.859375,,3.654194282012718
2026-04-23,20.8,logs/April/4-23/log0001.csv,1.593,9.2674,108,-3.587962962962963,-3.90625,,3.0994079061883006
2026-04-23,20.8,logs/April/4-23/log0001.csv,1.593,9.9646,3,3.125,2.34375,,1.3531646934131851
2026-04-23,20.8,logs/April/4-23/log0001.csv,1.6417,9.2674,4,-0.9765625,-0.78125,,2.332874071245953
2026-04-23,20.8,logs/April/4-23/log0001.csv,1.6417,9.9646,89,0.254564606741573,0.0,,3.324540425033504
2026-04-23,20.8,logs/April/4-23/log0001.csv,1.6417,11.0771,43,-2.0348837209302326,-2.34375,,2.1573949826485768
2026-04-23,20.8,logs/April/4-23/log0001.csv,1.68,11.0771,25,-1.46875,-1.5625,,1.5676996815929596
2026-04-23,20.8,logs/April/4-23/log0001.csv,1.68,11.8935,69,4.042125362318841,4.6875,,2.488477181395328
2026-04-23,20.8,logs/April/4-23/log0001.csv,1.7451,11.0771,4,-2.5390625,-1.953125,,5.996655697744507
2026-04-23,20.8,logs/April/4-23/log0001.csv,1.7451,11.8935,127,-3.057332677165354,-3.90625,,2.985514911993779
2026-04-23,20.8,logs/April/4-23/log0001.csv,1.7451,14.2578,85,-1.9393382352941173,-4.6875,,4.453176829640882
2026-04-23,20.8,logs/April/4-23/log0001.csv,1.81,11.8935,2,-2.34375,-2.34375,,3.3145630368119416
2026-04-23,20.8,logs/April/4-23/log0001.csv,1.81,14.2578,276,-4.401607789855072,-5.46875,,2.45884080733973
2026-04-23,20.8,logs/April/4-23/log0001.csv,1.81,15.6572,160,-2.001953125,-3.125,,3.3807124806347746
2026-04-23,20.8,logs/April/4-23/log0001.csv,1.81,17.5491,1,-1.5625,-1.5625,,
2026-04-23,20.8,logs/April/4-23/log0001.csv,1.85,14.2578,4,-3.7109375,-4.296875,,2.054652843497331
2026-04-23,20.8,logs/April/4-23/log0001.csv,1.85,15.6572,293,-1.783809726962457,-2.34375,,3.0089652012718577
2026-04-23,20.8,logs/April/4-23/log0001.csv,1.85,17.5491,163,-2.089723926380368,-2.34375,,2.582204024458594
2026-04-23,20.8,logs/April/4-23/log0001.csv,1.85,19.9302,1,-2.34375,-2.34375,,
2026-04-23,20.8,logs/April/4-23/log0001.csv,1.91,15.6572,4,-3.7109375,-3.125,,4.2011108866931455
2026-04-23,20.8,logs/April/4-23/log0001.csv,1.91,17.5491,209,-2.631578947368421,-3.125,,3.369279574435536
2026-04-23,20.8,logs/April/4-23/log0001.csv,1.91,19.9302,90,-1.6840277777777777,-2.34375,,2.514308790311952
2026-04-23,20.8,logs/April/4-23/log0001.csv,1.9888,17.5491,3,-3.125,-1.5625,,4.133986423538423
2026-04-23,20.8,logs/April/4-23/log0001.csv,1.9888,19.9302,180,-2.356770833333333,-2.34375,,3.00652128700503
2026-04-23,20.8,logs/April/4-23/log0001.csv,1.9888,22.0675,35,-2.075894285714286,-2.34375,,3.712781754801906
2026-04-23,20.8,logs/April/4-23/log0001.csv,2.05,19.9302,9,-2.34375,-3.125,,4.261215669779576
2026-04-23,20.8,logs/April/4-23/log0001.csv,2.05,22.0675,199,-2.41441608040201,-2.34375,,3.211771638798534
2026-04-23,20.8,logs/April/4-23/log0001.csv,2.05,24.2801,107,-0.3723710280373831,-1.5625,,3.329031208458184
2026-04-23,20.8,logs/April/4-23/log0001.csv,2.05,27.1728,1,-0.78125,-0.78125,,
2026-04-23,20.8,logs/April/4-23/log0001.csv,2.1152,22.0675,6,-3.515625,-2.34375,,4.156073774459496
2026-04-23,20.8,logs/April/4-23/log0001.csv,2.1152,24.2801,104,-1.3446514423076923,-2.34375,,3.235780531957173
2026-04-23,20.8,logs/April/4-23/log0001.csv,2.1152,27.1728,113,-2.4198017699115044,-2.34375,,3.6983837667376087
2026-04-23,20.8,logs/April/4-23/log0001.csv,2.1682,24.2801,2,-6.640625,-6.640625,,2.762135864009952
2026-04-23,20.8,logs/April/4-23/log0001.csv,2.1682,27.1728,216,-2.531830092592593,-2.34375,,4.335596292826317
2026-04-23,20.8,logs/April/4-23/log0001.csv,2.1682,30.9147,71,-1.1223591549295775,-2.34375,,3.9500532125196006
2026-04-23,20.8,logs/April/4-23/log0001.csv,2.253,27.1728,3,-2.083333333333333,-2.34375,,6.644453553215143
2026-04-23,20.8,logs/April/4-23/log0001.csv,2.253,30.9147,185,-1.9679059459459456,-2.34375,,3.918199590632115
2026-04-23,20.8,logs/April/4-23/log0001.csv,2.253,33.0568,51,-2.1292901960784314,-2.34375,,4.146014231451932
2026-04-23,20.8,logs/April/4-23/log0001.csv,2.2849,30.9147,3,-1.5625,-3.125,,3.405389799641151
2026-04-23,20.8,logs/April/4-23/log0001.csv,2.2849,33.0568,127,-2.454477952755905,-3.125,,3.867274367868815
2026-04-23,20.8,logs/April/4-23/log0001.csv,2.2849,36.822,104,-2.501503365384615,-2.34375,,3.581597603332528
2026-04-23,20.8,logs/April/4-23/log0001.csv,2.3877,36.822,207,-2.789100241545894,-3.90625,,3.6492904635080654
2026-04-23,20.8,logs/April/4-23/log0001.csv,2.3877,42.2183,67,-3.544776119402985,-3.90625,,2.34898546489108
2026-04-23,20.8,logs/April/4-23/log0001.csv,2.449,36.822,2,-7.421875,-7.421875,,0.5524271728019903
2026-04-23,20.8,logs/April/4-23/log0001.csv,2.449,42.2183,455,-3.902815934065934,-4.6875,,2.040149359529685
2026-04-23,20.8,logs/April/4-23/log0001.csv,2.449,47.3729,11,-0.6392045454545454,0.78125,,3.856213625141542
2026-04-23,20.8,logs/April/4-23/log0001.csv,2.5482,42.2183,7,-4.352678571428571,-5.46875,,2.4230148047520506
2026-04-23,20.8,logs/April/4-23/log0001.csv,2.5482,47.3729,277,-1.7176218411552346,-2.34375,,2.989031147909235
2026-04-23,20.8,logs/April/4-23/log0001.csv,2.5482,50.5261,7,-1.1160714285714286,0.0,,2.156454872944857
2026-04-23,20.8,logs/April/4-23/log0001.csv,2.62,47.3729,4,0.0,0.0,,0.0
2026-04-23,20.8,logs/April/4-23/log0001.csv,2.62,50.5261,67,0.4547574626865671,0.0,,2.255886420789857
2026-04-23,20.8,logs/April/4-23/log0001.csv,2.7327,50.5261,4,0.0,0.0,,0.0
2026-04-23,20.8,logs/April/4-23/log0001.csv,2.7327,57.3682,39,0.1402243589743589,0.0,,0.6175489986815657
2026-04-23,20.8,logs/April/4-23/log0001.csv,2.8274,57.3682,1,0.0,0.0,,
2026-04-23,20.8,logs/April/4-23/log0001.csv,2.8274,73.8877,1,0.0,0.0,,
2026-04-23,20.8,logs/April/4-23/log0002.csv,1.45,6.4361,1,-6.25,-6.25,,
2026-04-23,20.8,logs/April/4-23/log0002.csv,1.45,7.5789,1,-0.78125,-0.78125,,
2026-04-23,20.8,logs/April/4-23/log0002.csv,1.4801,7.5789,2,-3.125,-3.125,,3.3145630368119416
2026-04-23,20.8,logs/April/4-23/log0002.csv,1.5473,7.5789,1,-4.6875,-4.6875,,
2026-04-23,20.8,logs/April/4-23/log0002.csv,1.5473,8.1077,7,-5.2455428571428575,-3.90625,,4.319660420240286
2026-04-23,20.8,logs/April/4-23/log0002.csv,1.5473,9.2674,2,-3.90625,-3.90625,,0.0
2026-04-23,20.8,logs/April/4-23/log0002.csv,1.593,8.1077,1,-6.25,-6.25,,
2026-04-23,20.8,logs/April/4-23/log0002.csv,1.593,9.2674,29,-4.229527586206896,-3.90625,,7.27958700406469
2026-04-23,20.8,logs/April/4-23/log0002.csv,1.593,9.9646,22,-2.1306818181818183,-2.34375,,1.135517812922018
2026-04-23,20.8,logs/April/4-23/log0002.csv,1.6417,9.2674,2,-4.296875,-4.296875,,0.5524271728019903
2026-04-23,20.8,logs/April/4-23/log0002.csv,1.6417,9.9646,210,-4.021578333333333,-3.125,,4.2737667251052445
2026-04-23,20.8,logs/April/4-23/log0002.csv,1.6417,11.0771,160,-4.5166028125,-3.90625,,3.800833262792339
2026-04-23,20.8,logs/April/4-23/log0002.csv,1.6417,11.8935,9,-1.5625,-1.5625,,1.610588135006899
2026-04-23,20.8,logs/April/4-23/log0002.csv,1.68,9.9646,2,-7.8125,-7.8125,,4.419417382415922
2026-04-23,20.8,logs/April/4-23/log0002.csv,1.68,11.0771,222,-6.876408558558558,-7.03125,,2.8549558355965847
2026-04-23,20.8,logs/April/4-23/log0002.csv,1.68,11.8935,136,-5.118336764705882,-5.46875,,4.266196510746431
2026-04-23,20.8,logs/April/4-23/log0002.csv,1.7451,11.8935,196,-4.025827551020408,-4.6875,,4.448155777548672
2026-04-23,20.8,logs/April/4-23/log0002.csv,1.7451,14.2578,164,-3.396532012195122,-3.125,,2.485028913058936
2026-04-23,20.8,logs/April/4-23/log0002.csv,1.81,11.8935,1,-4.6875,-4.6875,,
2026-04-23,20.8,logs/April/4-23/log0002.csv,1.81,14.2578,372,-5.714465725806452,-6.25,,3.259054458418784
2026-04-23,20.8,logs/April/4-23/log0002.csv,1.81,15.6572,251,-1.3508466135458168,0.78125,,4.342394597785706
2026-04-23,20.8,logs/April/4-23/log0002.csv,1.85,14.2578,5,-0.46875,0.0,,2.3175620272173947
2026-04-23,20.8,logs/April/4-23/log0002.csv,1.85,15.6572,469,-5.64366066098081,-4.6875,,6.276399283157255
2026-04-23,20.8,logs/April/4-23/log0002.csv,1.85,17.5491,144,-4.888244444444444,-3.125,,7.84454113509157
2026-04-23,20.8,logs/April/4-23/log0002.csv,1.91,15.6572,4,-9.9609625,-8.9844,,8.77823254062523
2026-04-23,20.8,logs/April/4-23/log0002.csv,1.91,17.5491,397,-5.161762846347607,-3.90625,,5.215245495952635
2026-04-23,20.8,logs/April/4-23/log0002.csv,1.91,19.9302,69,-1.6983695652173914,-2.34375,,2.8921663522072016
2026-04-23,20.8,logs/April/4-23/log0002.csv,1.9888,17.5491,3,-2.083333333333333,-3.125,,1.8042195912175805
2026-04-23,20.8,logs/April/4-23/log0002.csv,1.9888,19.9302,384,-1.947021484375,-3.125,,3.2651485270077725
2026-04-23,20.8,logs/April/4-23/log0002.csv,1.9888,22.0675,43,1.5625011627906975,2.34375,,2.679348448816836
2026-04-23,20.8,logs/April/4-23/log0002.csv,2.05,19.9302,30,-2.578123333333333,-3.125,,3.6248357758694376
2026-04-23,20.8,logs/April/4-23/log0002.csv,2.05,22.0675,305,-1.439549836065574,-1.5625,,4.802270218210224
2026-04-23,20.8,logs/April/4-23/log0002.csv,2.05,24.2801,109,-0.2078568807339449,-0.78125,,3.674620733216509
2026-04-23,20.8,logs/April/4-23/log0002.csv,2.1152,22.0675,4,-1.7578125,-3.125,,5.962631844716308
2026-04-23,20.8,logs/April/4-23/log0002.csv,2.1152,24.2801,212,-0.6412176886792453,0.0,,5.310479992577838
2026-04-23,20.8,logs/April/4-23/log0002.csv,2.1152,27.1728,111,1.4287725225225223,2.34375,,4.451786005177834
2026-04-23,20.8,logs/April/4-23/log0002.csv,2.1682,27.1728,244,0.7108092213114755,1.5625,,4.988117213008012
2026-04-23,20.8,logs/April/4-23/log0002.csv,2.1682,30.9147,112,1.9810267857142856,3.125,,3.640191154945895
2026-04-23,20.8,logs/April/4-23/log0002.csv,2.253,27.1728,7,-0.3348214285714285,0.0,,3.1848801675334064
2026-04-23,20.8,logs/April/4-23/log0002.csv,2.253,30.9147,512,0.06103466796875,0.0,,5.711676525806966
2026-04-23,20.8,logs/April/4-23/log0002.csv,2.253,33.0568,81,-0.3279320987654321,-1.5625,,4.822066190962054
2026-04-23,20.8,logs/April/4-23/log0002.csv,2.2849,30.9147,7,1.8973214285714288,3.125,,6.580721584855338
2026-04-23,20.8,logs/April/4-23/log0002.csv,2.2849,33.0568,255,-1.871937450980392,-2.34375,,4.938870925198096
2026-04-23,20.8,logs/April/4-23/log0002.csv,2.2849,36.822,175,-3.4017848571428573,-3.90625,,2.76279611067851
2026-04-23,20.8,logs/April/4-23/log0002.csv,2.3877,36.822,286,-4.01551590909091,-3.90625,,2.6253551120737217
2026-04-23,20.8,logs/April/4-23/log0002.csv,2.3877,42.2183,35,-3.5044657142857143,-3.125,,2.894609073086692
2026-04-23,20.8,logs/April/4-23/log0002.csv,2.449,42.2183,322,-2.540276086956521,-3.125,,2.905105354106914
2026-04-23,20.8,logs/April/4-23/log0002.csv,2.449,47.3729,1,0.0,0.0,,
2026-04-23,20.8,logs/April/4-23/log0002.csv,2.5482,42.2183,19,-2.0559210526315788,0.0,,2.671150587050238
2026-04-23,20.8,logs/April/4-23/log0002.csv,2.5482,47.3729,275,-3.7897734545454544,-3.125,,2.7628987585975566
2026-04-23,20.8,logs/April/4-23/log0002.csv,2.62,47.3729,5,-3.125,-4.6875,,4.170733692199731
2026-04-23,20.8,logs/April/4-23/log0002.csv,2.62,50.5261,40,1.484375,0.78125,,2.25735532091689
2026-04-23,20.8,logs/April/4-23/log0002.csv,2.7327,50.5261,1,0.0,0.0,,
2026-04-23,20.8,logs/April/4-23/log0002.csv,2.7327,57.3682,18,1.0416666666666667,0.0,,1.9323341950026325
2026-04-23,20.8,logs/April/4-23/log0002.csv,2.8274,57.3682,1,0.0,0.0,,
2026-04-24,20.8,logs/April/4-24/4-24 full.csv,1.2201,3.5071,4,3.3203125,3.515625,,7.899901725061205
2026-04-24,20.8,logs/April/4-24/4-24 full.csv,1.2201,3.9996,4,1.3671875,1.5625,,2.332874071245953
2026-04-24,20.8,logs/April/4-24/4-24 full.csv,1.28,3.5071,1,-0.78125,-0.78125,,
2026-04-24,20.8,logs/April/4-24/4-24 full.csv,1.28,3.9996,4,1.5625,1.5625,,3.1894397692489296
2026-04-24,20.8,logs/April/4-24/4-24 full.csv,1.28,4.3333,3,-1.0416666666666667,-3.125,,5.022734771350497
2026-04-24,20.8,logs/April/4-24/4-24 full.csv,1.3021,3.9996,4,4.4921875,3.515625,,4.103112306403316
2026-04-24,20.8,logs/April/4-24/4-24 full.csv,1.3021,4.3333,9,-1.0416666666666667,-1.5625,,3.945119116547687
2026-04-24,20.8,logs/April/4-24/4-24 full.csv,1.3021,5.3437,1,-0.78125,-0.78125,,
2026-04-24,20.8,logs/April/4-24/4-24 full.csv,1.3628,4.3333,4,-1.171875,-1.171875,,6.330857177678759
2026-04-24,20.8,logs/April/4-24/4-24 full.csv,1.3628,5.3437,9,-1.7361111111111112,-2.34375,,2.6429405117427653
2026-04-24,20.8,logs/April/4-24/4-24 full.csv,1.3628,5.6028,4,-0.78125,-0.78125,,6.314768569261531
2026-04-24,20.8,logs/April/4-24/4-24 full.csv,1.3948,4.3333,3,-1.0416666666666667,-0.78125,,1.9661027175184245
2026-04-24,20.8,logs/April/4-24/4-24 full.csv,1.3948,5.3437,4,0.78125,1.5625,,3.983608994994363
2026-04-24,20.8,logs/April/4-24/4-24 full.csv,1.3948,5.6028,13,-0.4206730769230769,-0.78125,,3.2777663894802527
2026-04-24,20.8,logs/April/4-24/4-24 full.csv,1.3948,6.4361,29,-5.172415517241379,-3.125,,6.534453652209619
2026-04-24,20.8,logs/April/4-24/4-24 full.csv,1.45,4.3333,1,9.37505,9.37505,,
2026-04-24,20.8,logs/April/4-24/4-24 full.csv,1.45,5.3437,1,4.6875,4.6875,,
2026-04-24,20.8,logs/April/4-24/4-24 full.csv,1.45,5.6028,1,-1.5625,-1.5625,,
2026-04-24,20.8,logs/April/4-24/4-24 full.csv,1.45,6.4361,44,-3.586647727272727,-1.5625,,7.778488593206645
2026-04-24,20.8,logs/April/4-24/4-24 full.csv,1.45,7.5789,11,-5.6108,-3.90625,,7.65321210603757
2026-04-24,20.8,logs/April/4-24/4-24 full.csv,1.4801,5.6028,2,-2.34375,-2.34375,,4.419417382415922
2026-04-24,20.8,logs/April/4-24/4-24 full.csv,1.4801,6.4361,9,-3.732644444444445,-0.78125,,9.11738659274289
2026-04-24,20.8,logs/April/4-24/4-24 full.csv,1.4801,7.5789,44,-5.912644318181818,-3.90625,,7.908924523770568
2026-04-24,20.8,logs/April/4-24/4-24 full.csv,1.4801,8.1077,22,-1.5624977272727272,-0.78125,,7.1926803277869
2026-04-24,20.8,logs/April/4-24/4-24 full.csv,1.5473,5.6028,1,9.37505,9.37505,,
2026-04-24,20.8,logs/April/4-24/4-24 full.csv,1.5473,6.4361,2,-3.515625,-3.515625,,10.496116283237814
2026-04-24,20.8,logs/April/4-24/4-24 full.csv,1.5473,7.5789,13,-3.605769230769231,-3.125,,3.5016862209833075
2026-04-24,20.8,logs/April/4-24/4-24 full.csv,1.5473,8.1077,297,-1.6887599326599323,-0.78125,,5.681467916225702
2026-04-24,20.8,logs/April/4-24/4-24 full.csv,1.5473,9.2674,107,-0.8469626168224299,0.0,,5.120893528878352
2026-04-24,20.8,logs/April/4-24/4-24 full.csv,1.593,7.5789,1,-13.28125,-13.28125,,
2026-04-24,20.8,logs/April/4-24/4-24 full.csv,1.593,8.1077,42,-3.4598214285714284,-3.125,,4.409782713483666
2026-04-24,20.8,logs/April/4-24/4-24 full.csv,1.593,9.2674,456,-2.4739578947368424,-3.125,,5.766796929781139
2026-04-24,20.8,logs/April/4-24/4-24 full.csv,1.593,9.9646,228,0.7983839912280702,0.78125,,4.817873585245882
2026-04-24,20.8,logs/April/4-24/4-24 full.csv,1.6417,9.2674,48,-2.620441666666667,-2.734375,,4.649927986073951
2026-04-24,20.8,logs/April/4-24/4-24 full.csv,1.6417,9.9646,895,-1.373951620111732,-1.5625,,4.565604556221059
2026-04-24,20.8,logs/April/4-24/4-24 full.csv,1.6417,11.0771,686,-0.5705621720116618,0.0,,3.976347430933359
2026-04-24,20.8,logs/April/4-24/4-24 full.csv,1.6417,11.8935,61,-0.6275614754098361,-0.78125,,2.915572497975218
2026-04-24,20.8,logs/April/4-24/4-24 full.csv,1.68,9.2674,1,-5.46875,-5.46875,,
2026-04-24,20.8,logs/April/4-24/4-24 full.csv,1.68,9.9646,24,-1.7578125,-1.5625,,4.038192854301614
2026-04-24,20.8,logs/April/4-24/4-24 full.csv,1.68,11.0771,444,-0.9589648648648648,-0.78125,,5.2836012290696175
2026-04-24,20.8,logs/April/4-24/4-24 full.csv,1.68,11.8935,899,-0.1494699110122358,-0.78125,,3.796940880509928
2026-04-24,20.8,logs/April/4-24/4-24 full.csv,1.7451,9.9646,1,-5.46875,-5.46875,,
2026-04-24,20.8,logs/April/4-24/4-24 full.csv,1.7451,11.0771,17,-2.4356617647058822,-1.5625,,5.23992791498394
2026-04-24,20.8,logs/April/4-24/4-24 full.csv,1.7451,11.8935,1550,-0.7273174193548387,-0.78125,,4.100666592417498
2026-04-24,20.8,logs/April/4-24/4-24 full.csv,1.7451,14.2578,1375,-1.7659082909090908,-1.5625,,3.8892021238276864
2026-04-24,20.8,logs/April/4-24/4-24 full.csv,1.81,6.4361,1,-0.78125,-0.78125,,
2026-04-24,20.8,logs/April/4-24/4-24 full.csv,1.81,9.9646,1,-7.8125,-7.8125,,
2026-04-24,20.8,logs/April/4-24/4-24 full.csv,1.81,11.8935,22,0.2840931818181818,-1.171875,,4.2963436851887
2026-04-24,20.8,logs/April/4-24/4-24 full.csv,1.81,14.2578,1407,-2.544752842928216,-3.125,,4.328552541898861
2026-04-24,20.8,logs/April/4-24/4-24 full.csv,1.81,15.6572,2170,-2.366070552995392,-3.125,,3.720790685423168
2026-04-24,20.8,logs/April/4-24/4-24 full.csv,1.81,17.5491,1,-7.8125,-7.8125,,
2026-04-24,20.8,logs/April/4-24/4-24 full.csv,1.81,19.9302,1,-6.25,-6.25,,
2026-04-24,20.8,logs/April/4-24/4-24 full.csv,1.85,11.0771,1,9.37505,9.37505,,
2026-04-24,20.8,logs/April/4-24/4-24 full.csv,1.85,11.8935,2,1.953125,1.953125,,1.6572815184059708
2026-04-24,20.8,logs/April/4-24/4-24 full.csv,1.85,14.2578,15,-2.4479166666666665,-3.125,,3.416467038302802
2026-04-24,20.8,logs/April/4-24/4-24 full.csv,1.85,15.6572,2628,-2.727239707001522,-2.34375,,4.11965408177028
2026-04-24,20.8,logs/April/4-24/4-24 full.csv,1.85,17.5491,2368,-1.5796550042229731,-2.34375,,3.94539452681523
2026-04-24,20.8,logs/April/4-24/4-24 full.csv,1.85,19.9302,2,-1.171875,-1.171875,,0.5524271728019903
2026-04-24,20.8,logs/April/4-24/4-24 full.csv,1.91,9.2674,1,-5.46875,-5.46875,,
2026-04-24,20.8,logs/April/4-24/4-24 full.csv,1.91,14.2578,3,-2.34375,-3.125,,1.3531646934131851
2026-04-24,20.8,logs/April/4-24/4-24 full.csv,1.91,15.6572,18,-2.170136111111111,-2.34375,,4.599015006716289
2026-04-24,20.8,logs/April/4-24/4-24 full.csv,1.91,17.5491,2178,-2.4036523415977964,-2.34375,,4.164536179370098
2026-04-24,20.8,logs/April/4-24/4-24 full.csv,1.91,19.9302,1074,-2.2164511638733706,-2.34375,,3.198270345832093
2026-04-24,20.8,logs/April/4-24/4-24 full.csv,1.91,22.0675,1,-3.125,-3.125,,
2026-04-24,20.8,logs/April/4-24/4-24 full.csv,1.9888,15.6572,1,0.0,0.0,,
2026-04-24,20.8,logs/April/4-24/4-24 full.csv,1.9888,17.5491,47,-1.6954744680851062,-2.34375,,4.591181325447548
2026-04-24,20.8,logs/April/4-24/4-24 full.csv,1.9888,19.9302,2058,-2.2997138241010693,-3.125,,3.61890177393058
2026-04-24,20.8,logs/April/4-24/4-24 full.csv,1.9888,22.0675,674,-2.128152299703264,-2.34375,,3.158295899740536
2026-04-24,20.8,logs/April/4-24/4-24 full.csv,2.05,11.8935,1,-1.5625,-1.5625,,
2026-04-24,20.8,logs/April/4-24/4-24 full.csv,2.05,15.6572,1,-3.90625,-3.90625,,
2026-04-24,20.8,logs/April/4-24/4-24 full.csv,2.05,19.9302,119,-2.1599235294117647,-3.125,,4.906087844461948
2026-04-24,20.8,logs/April/4-24/4-24 full.csv,2.05,22.0675,3234,-2.0297036023500308,-2.34375,,3.7278637899109337
2026-04-24,20.8,logs/April/4-24/4-24 full.csv,2.05,24.2801,1660,-0.7977215060240963,-0.78125,,3.489024569050804
2026-04-24,20.8,logs/April/4-24/4-24 full.csv,2.1152,19.9302,3,-1.8229166666666667,-1.5625,,0.4510548978043951
2026-04-24,20.8,logs/April/4-24/4-24 full.csv,2.1152,22.0675,22,-1.0298295454545454,-2.734375,,5.758109877333242
2026-04-24,20.8,logs/April/4-24/4-24 full.csv,2.1152,24.2801,2157,-0.6407180343069078,-0.78125,,3.988590548261169
2026-04-24,20.8,logs/April/4-24/4-24 full.csv,2.1152,27.1728,1027,-1.0459766796494645,-1.5625,,3.859067726335777
2026-04-24,20.8,logs/April/4-24/4-24 full.csv,2.1152,30.9147,3,-3.6458333333333335,-5.46875,,3.1573842846307656
2026-04-24,20.8,logs/April/4-24/4-24 full.csv,2.1682,24.2801,26,-1.442303846153846,-1.5625,,5.10482737222177
2026-04-24,20.8,logs/April/4-24/4-24 full.csv,2.1682,27.1728,2476,-1.3138617528271406,-1.5625,,4.168776598782037
2026-04-24,20.8,logs/April/4-24/4-24 full.csv,2.1682,30.9147,1039,-1.4700126564003848,-1.5625,,3.745052465997542
2026-04-24,20.8,logs/April/4-24/4-24 full.csv,2.253,24.2801,2,-5.078125,-5.078125,,2.762135864009952
2026-04-24,20.8,logs/April/4-24/4-24 full.csv,2.253,27.1728,43,-0.454213953488372,-1.5625,,5.994197389830688
2026-04-24,20.8,logs/April/4-24/4-24 full.csv,2.253,30.9147,3283,-2.15408845568078,-2.34375,,4.077768813878322
2026-04-24,20.8,logs/April/4-24/4-24 full.csv,2.253,33.0568,742,-2.5364291105121297,-3.125,,4.047393104690357
2026-04-24,20.8,logs/April/4-24/4-24 full.csv,2.253,36.822,1,-3.125,-3.125,,
2026-04-24,20.8,logs/April/4-24/4-24 full.csv,2.2849,27.1728,1,-3.125,-3.125,,
2026-04-24,20.8,logs/April/4-24/4-24 full.csv,2.2849,30.9147,48,-4.052735416666667,-4.296875,,3.7019610779210494
2026-04-24,20.8,logs/April/4-24/4-24 full.csv,2.2849,33.0568,1988,-3.1132098088531186,-3.90625,,4.271094068270972
2026-04-24,20.8,logs/April/4-24/4-24 full.csv,2.2849,36.822,1779,-2.941434345137718,-3.125,,4.064051002293351
2026-04-24,20.8,logs/April/4-24/4-24 full.csv,2.3877,33.0568,5,0.93751,-0.78125,,5.194012854407466
2026-04-24,20.8,logs/April/4-24/4-24 full.csv,2.3877,36.822,3704,-2.7333201133909286,-3.125,,4.001033534656173
2026-04-24,20.8,logs/April/4-24/4-24 full.csv,2.3877,42.2183,618,-2.144012297734628,-3.125,,4.268392242035205
2026-04-24,20.8,logs/April/4-24/4-24 full.csv,2.449,36.822,26,-4.356971153846154,-4.6875,,4.140908462721026
2026-04-24,20.8,logs/April/4-24/4-24 full.csv,2.449,42.2183,3858,-1.999699792638673,-3.125,,4.109508651333664
2026-04-24,20.8,logs/April/4-24/4-24 full.csv,2.449,47.3729,168,-0.7161458333333334,-0.78125,,4.207087612494432
2026-04-24,20.8,logs/April/4-24/4-24 full.csv,2.5482,33.0568,1,-9.375,-9.375,,
2026-04-24,20.8,logs/April/4-24/4-24 full.csv,2.5482,42.2183,194,-1.2242268041237114,-2.34375,,4.355130468439213
2026-04-24,20.8,logs/April/4-24/4-24 full.csv,2.5482,47.3729,5099,0.1898355167679937,0.0,,3.993365136415883
2026-04-24,20.8,logs/April/4-24/4-24 full.csv,2.5482,50.5261,342,1.4185881578947368,0.78125,,4.179076903468192
2026-04-24,20.8,logs/April/4-24/4-24 full.csv,2.62,47.3729,72,-0.0976555555555555,0.0,,4.238587821354526
2026-04-24,20.8,logs/April/4-24/4-24 full.csv,2.62,50.5261,2990,0.3853996321070234,0.0,,3.908455472255599
2026-04-24,20.8,logs/April/4-24/4-24 full.csv,2.62,57.3682,36,-0.0868055555555555,0.0,,2.768617087174899
2026-04-24,20.8,logs/April/4-24/4-24 full.csv,2.7327,50.5261,143,-0.3551132867132867,0.0,,2.308136000627486
2026-04-24,20.8,logs/April/4-24/4-24 full.csv,2.7327,57.3682,1245,-0.0483178313253012,0.0,,1.7166496065251395
2026-04-24,20.8,logs/April/4-24/4-24 full.csv,2.8274,57.3682,66,-0.6392045454545454,0.0,,1.6666552847804834
2026-04-24,20.8,logs/April/4-24/4-24 full.csv,2.8274,73.8877,105,-0.5952380952380952,0.0,,1.2471977374784389
2026-04-24,20.8,logs/April/4-24/4-24 full.csv,2.9125,57.3682,1,-5.46875,-5.46875,,
2026-04-24,20.8,logs/April/4-24/4-24 full.csv,2.9125,73.8877,158,-0.524129746835443,0.0,,1.364445863385385
2026-04-24,20.8,logs/April/4-24/4-24 full.csv,2.9125,80.0684,13,-0.4206730769230769,0.0,,1.516758349053361
2026-04-24,20.8,logs/April/4-24/4-24 full.csv,2.99,80.0684,23,-0.1019021739130434,0.0,,0.488705657946269
2026-04-24,20.8,logs/April/4-24/4-24 full.csv,2.99,84.9893,39,-0.1201923076923077,0.0,,0.52372468366631
2026-04-24,20.8,logs/April/4-24/4-24 full.csv,3.0654,84.9893,6,-0.5208333333333334,0.0,,1.2757759076995718
2026-04-24,20.8,logs/April/4-24/4-24 full.csv,3.0654,90.132,27,-0.1736111111111111,0.0,,0.6255006008011216
2026-04-24,20.8,logs/April/4-24/4-24 full.csv,3.1508,90.132,5,0.0,0.0,,0.0
2026-04-24,20.8,logs/April/4-24/4-24 full.csv,3.1508,110.681,16,0.0,0.0,,0.0
2026-04-24,20.8,logs/April/4-24/4-24 full.csv,3.26,110.681,16,0.0,0.0,,0.0
2026-04-24,20.8,logs/April/4-24/4-24 full.csv,3.26,125.6816,1,-2.34375,-2.34375,,
2026-04-24,20.8,logs/April/4-24/4-24 full.csv,3.408,125.6816,7,-1.0044642857142858,0.0,,1.2527870714644893
2026-04-24,20.8,logs/April/4-24/4-24 full.csv,3.408,138.5191,2,0.0,0.0,,0.0
2026-04-24,20.8,logs/April/4-24/4-24 full.csv,3.52,125.6816,1,0.0,0.0,,
2026-04-24,20.8,logs/April/4-24/4-24 full.csv,3.52,138.5191,4,-0.5859375,0.0,,1.171875
2026-04-24,20.8,logs/April/4-24/4-24 full.csv,3.52,163.451,8,0.0,0.0,,0.0
2026-04-24,20.8,logs/April/4-24/4-24 full.csv,3.6137,163.451,5,0.0,0.0,,0.0
2026-04-24,20.8,logs/April/4-24/4-24 full.csv,3.6137,172.4018,2,0.0,0.0,,0.0
2026-04-24,20.8,logs/April/4-24/4-24 full.csv,3.7098,172.4018,2,0.0,0.0,,0.0
2026-04-24,20.8,logs/April/4-24/4-24 full.csv,3.7098,177.8987,2,0.0,0.0,,0.0
2026-04-24,20.8,logs/April/4-24/4-24 full.csv,3.84,207.5802,4,0.0,0.0,,0.0
2026-04-24,20.8,logs/April/4-24/4-24 full.csv,3.9677,207.5802,1,0.0,0.0,,
2026-04-24,20.8,logs/April/4-24/4-24 full.csv,3.9677,232.2782,4,0.0,0.0,,0.0
2026-04-24,20.8,logs/April/4-24/4-24 full.csv,4.11,232.2782,1,0.0,0.0,,
2026-04-24,20.8,logs/April/4-24/4-24 full.csv,4.11,262.9586,11,0.0,0.0,,0.0
2026-04-24,20.8,logs/April/4-24/4-24 full.csv,4.2338,262.9586,1,0.0,0.0,,
2026-04-24,20.8,logs/April/4-24/4-24 full.csv,4.2338,291.8042,11,0.0,0.0,,0.0
2026-04-25,20.9,logs/April/4-25/4-25 full.csv,1.1804,3.9996,1,-1.5625,-1.5625,,
2026-04-25,20.9,logs/April/4-25/4-25 full.csv,1.2201,3.9996,3,-1.0416666666666667,-0.78125,,2.743659831472068
2026-04-25,20.9,logs/April/4-25/4-25 full.csv,1.28,3.9996,5,-2.5,-1.5625,,1.6937096397405311
2026-04-25,20.9,logs/April/4-25/4-25 full.csv,1.28,4.3333,5,-6.5625100000000005,-3.125,,6.596842580488791
2026-04-25,20.9,logs/April/4-25/4-25 full.csv,1.3021,3.9996,2,-2.34375,-2.34375,,2.209708691207961
2026-04-25,20.9,logs/April/4-25/4-25 full.csv,1.3021,4.3333,2,4.296875,4.296875,,1.6572815184059708
2026-04-25,20.9,logs/April/4-25/4-25 full.csv,1.3021,5.3437,2,3.90625,3.90625,,8.838834764831844
2026-04-25,20.9,logs/April/4-25/4-25 full.csv,1.3628,4.3333,2,-3.90625,-3.90625,,3.3145630368119416
2026-04-25,20.9,logs/April/4-25/4-25 full.csv,1.3628,5.3437,2,-3.90625,-3.90625,,1.1048543456039803
2026-04-25,20.9,logs/April/4-25/4-25 full.csv,1.3628,5.6028,4,-2.5390625,-1.953125,,1.4788823817188212
2026-04-25,20.9,logs/April/4-25/4-25 full.csv,1.3948,3.9996,2,-1.171875,-1.171875,,3.866990209613932
2026-04-25,20.9,logs/April/4-25/4-25 full.csv,1.3948,5.3437,8,-2.734375,-3.125,,1.7717084672307526
2026-04-25,20.9,logs/April/4-25/4-25 full.csv,1.3948,5.6028,1,-3.125,-3.125,,
2026-04-25,20.9,logs/April/4-25/4-25 full.csv,1.3948,6.4361,9,-3.732638888888889,-3.125,,3.6805453190371273
2026-04-25,20.9,logs/April/4-25/4-25 full.csv,1.45,5.3437,3,-7.812516666666667,-4.6875,,8.268001194414122
2026-04-25,20.9,logs/April/4-25/4-25 full.csv,1.45,5.6028,3,-3.90625,-2.34375,,3.405389799641151
2026-04-25,20.9,logs/April/4-25/4-25 full.csv,1.45,6.4361,23,-2.275815217391304,-1.5625,,3.548325221317118
2026-04-25,20.9,logs/April/4-25/4-25 full.csv,1.45,7.5789,4,-2.734375,-3.515625,,1.8597469865997005
2026-04-25,20.9,logs/April/4-25/4-25 full.csv,1.4801,3.9996,1,-4.6875,-4.6875,,
2026-04-25,20.9,logs/April/4-25/4-25 full.csv,1.4801,5.3437,1,0.0,0.0,,
2026-04-25,20.9,logs/April/4-25/4-25 full.csv,1.4801,6.4361,6,-2.864583333333333,-2.34375,,1.176207269857939
2026-04-25,20.9,logs/April/4-25/4-25 full.csv,1.4801,7.5789,20,-2.7734375,-2.734375,,2.2020632473274384
2026-04-25,20.9,logs/April/4-25/4-25 full.csv,1.4801,8.1077,6,-1.5625,-1.953125,,2.037250751625828
2026-04-25,20.9,logs/April/4-25/4-25 full.csv,1.5473,5.6028,1,3.125,3.125,,
2026-04-25,20.9,logs/April/4-25/4-25 full.csv,1.5473,6.4361,3,-1.8229166666666667,-1.5625,,1.1933790872280834
2026-04-25,20.9,logs/April/4-25/4-25 full.csv,1.5473,7.5789,7,-2.455357142857143,-1.5625,,3.477179001651168
2026-04-25,20.9,logs/April/4-25/4-25 full.csv,1.5473,8.1077,128,-3.271486328125,-2.34375,,5.906658857273649
2026-04-25,20.9,logs/April/4-25/4-25 full.csv,1.5473,9.2674,20,-1.484375,-1.5625,,1.4316061956215842
2026-04-25,20.9,logs/April/4-25/4-25 full.csv,1.5473,9.9646,1,-6.25,-6.25,,
2026-04-25,20.9,logs/April/4-25/4-25 full.csv,1.593,6.4361,3,-4.166666666666667,-4.6875,,0.9021097956087905
2026-04-25,20.9,logs/April/4-25/4-25 full.csv,1.593,7.5789,2,-2.34375,-2.34375,,1.1048543456039803
2026-04-25,20.9,logs/April/4-25/4-25 full.csv,1.593,8.1077,13,-3.425484615384616,-2.34375,,6.005470095996671
2026-04-25,20.9,logs/April/4-25/4-25 full.csv,1.593,9.2674,174,-1.1808528735632184,-1.5625,,4.950864729174217
2026-04-25,20.9,logs/April/4-25/4-25 full.csv,1.593,9.9646,71,-0.528169014084507,0.0,,3.874371762625026
2026-04-25,20.9,logs/April/4-25/4-25 full.csv,1.6417,6.4361,3,-5.468766666666667,-1.5625,,10.334994406182972
2026-04-25,20.9,logs/April/4-25/4-25 full.csv,1.6417,7.5789,2,-5.46875,-5.46875,,0.0
2026-04-25,20.9,logs/April/4-25/4-25 full.csv,1.6417,8.1077,5,1.71875,2.34375,,2.891680550519023
2026-04-25,20.9,logs/April/4-25/4-25 full.csv,1.6417,9.2674,17,-1.056985294117647,-0.78125,,2.8430037502593923
2026-04-25,20.9,logs/April/4-25/4-25 full.csv,1.6417,9.9646,423,-0.0369377068557919,-0.78125,,3.779616598763933
2026-04-25,20.9,logs/April/4-25/4-25 full.csv,1.6417,11.0771,228,0.209019298245614,0.0,,3.9648984409695833
2026-04-25,20.9,logs/April/4-25/4-25 full.csv,1.6417,11.8935,19,-1.027957894736842,-1.5625,,4.117988403411143
2026-04-25,20.9,logs/April/4-25/4-25 full.csv,1.68,7.5789,1,-8.59375,-8.59375,,
2026-04-25,20.9,logs/April/4-25/4-25 full.csv,1.68,8.1077,1,-3.125,-3.125,,
2026-04-25,20.9,logs/April/4-25/4-25 full.csv,1.68,9.2674,3,-4.4271,0.0,,9.768257478562898
2026-04-25,20.9,logs/April/4-25/4-25 full.csv,1.68,9.9646,8,-0.78125,-1.5625,,3.781489809396745
2026-04-25,20.9,logs/April/4-25/4-25 full.csv,1.68,11.0771,224,0.0069758928571428,0.0,,4.368960255806333
2026-04-25,20.9,logs/April/4-25/4-25 full.csv,1.68,11.8935,386,-0.5464704663212435,-0.78125,,4.309199919376155
2026-04-25,20.9,logs/April/4-25/4-25 full.csv,1.68,14.2578,1,-1.5625,-1.5625,,
2026-04-25,20.9,logs/April/4-25/4-25 full.csv,1.7451,4.3333,1,-3.90625,-3.90625,,
2026-04-25,20.9,logs/April/4-25/4-25 full.csv,1.7451,6.4361,3,2.08335,-0.78125,,7.825538286916753
2026-04-25,20.9,logs/April/4-25/4-25 full.csv,1.7451,7.5789,1,-1.5625,-1.5625,,
2026-04-25,20.9,logs/April/4-25/4-25 full.csv,1.7451,9.2674,1,3.125,3.125,,
2026-04-25,20.9,logs/April/4-25/4-25 full.csv,1.7451,9.9646,3,-4.166666666666667,-5.46875,,2.255274489021976
2026-04-25,20.9,logs/April/4-25/4-25 full.csv,1.7451,11.0771,8,-2.5390625,-1.5625,,2.31568012513911
2026-04-25,20.9,logs/April/4-25/4-25 full.csv,1.7451,11.8935,658,-1.3535342705167173,-1.171875,,5.4444035606149415
2026-04-25,20.9,logs/April/4-25/4-25 full.csv,1.7451,14.2578,358,-0.5717515363128491,-0.78125,,4.53818530806387
2026-04-25,20.9,logs/April/4-25/4-25 full.csv,1.7451,15.6572,3,0.5208333333333334,0.0,,2.386758174456167
2026-04-25,20.9,logs/April/4-25/4-25 full.csv,1.81,9.9646,3,-1.5625,-1.5625,,0.78125
2026-04-25,20.9,logs/April/4-25/4-25 full.csv,1.81,11.0771,3,-2.864583333333333,-2.34375,,3.157384284630766
2026-04-25,20.9,logs/April/4-25/4-25 full.csv,1.81,11.8935,9,-0.3472222222222222,-0.78125,,5.064752692389772
2026-04-25,20.9,logs/April/4-25/4-25 full.csv,1.81,14.2578,629,-1.0048183624801272,-0.78125,,4.511538120368405
2026-04-25,20.9,logs/April/4-25/4-25 full.csv,1.81,15.6572,921,-0.7057543973941368,-0.78125,,3.847419479676224
2026-04-25,20.9,logs/April/4-25/4-25 full.csv,1.81,17.5491,1,-6.25,-6.25,,
2026-04-25,20.9,logs/April/4-25/4-25 full.csv,1.85,5.3437,1,5.46875,5.46875,,
2026-04-25,20.9,logs/April/4-25/4-25 full.csv,1.85,11.8935,1,-2.34375,-2.34375,,
2026-04-25,20.9,logs/April/4-25/4-25 full.csv,1.85,14.2578,12,-3.6458333333333335,-2.34375,,5.1857940331050445
2026-04-25,20.9,logs/April/4-25/4-25 full.csv,1.85,15.6572,1362,-1.1810530102790016,-1.5625,,4.062661806648937
2026-04-25,20.9,logs/April/4-25/4-25 full.csv,1.85,17.5491,1356,0.1014017699115044,-0.78125,,3.663599319978569
2026-04-25,20.9,logs/April/4-25/4-25 full.csv,1.85,22.0675,1,-1.5625,-1.5625,,
2026-04-25,20.9,logs/April/4-25/4-25 full.csv,1.91,9.2674,2,-7.03125,-7.03125,,8.838834764831844
2026-04-25,20.9,logs/April/4-25/4-25 full.csv,1.91,11.0771,1,-3.90625,-3.90625,,
2026-04-25,20.9,logs/April/4-25/4-25 full.csv,1.91,14.2578,2,-2.34375,-2.34375,,3.3145630368119416
2026-04-25,20.9,logs/April/4-25/4-25 full.csv,1.91,15.6572,4,-1.171875,-1.5625,,1.4959798558692785
2026-04-25,20.9,logs/April/4-25/4-25 full.csv,1.91,17.5491,1557,-0.6673485549132948,-0.78125,,3.823634068667238
2026-04-25,20.9,logs/April/4-25/4-25 full.csv,1.91,19.9302,1003,-0.3832249750747756,-0.78125,,3.6709209816176
2026-04-25,20.9,logs/April/4-25/4-25 full.csv,1.91,22.0675,2,-4.6875,-4.6875,,2.209708691207961
2026-04-25,20.9,logs/April/4-25/4-25 full.csv,1.9888,17.5491,22,0.2840954545454546,-0.390625,,6.893688614127402
2026-04-25,20.9,logs/April/4-25/4-25 full.csv,1.9888,19.9302,1954,-0.1703227226202661,-0.78125,,3.868068724696334
2026-04-25,20.9,logs/April/4-25/4-25 full.csv,1.9888,22.0675,599,0.1317300500834724,0.0,,3.535379667583342
2026-04-25,20.9,logs/April/4-25/4-25 full.csv,1.9888,24.2801,1,-3.125,-3.125,,
2026-04-25,20.9,logs/April/4-25/4-25 full.csv,1.9888,27.1728,1,-3.125,-3.125,,
2026-04-25,20.9,logs/April/4-25/4-25 full.csv,2.05,5.6028,1,1.5625,1.5625,,
2026-04-25,20.9,logs/April/4-25/4-25 full.csv,2.05,9.2674,1,-4.6875,-4.6875,,
2026-04-25,20.9,logs/April/4-25/4-25 full.csv,2.05,11.8935,2,-6.25,-6.25,,0.0
2026-04-25,20.9,logs/April/4-25/4-25 full.csv,2.05,14.2578,1,0.78125,0.78125,,
2026-04-25,20.9,logs/April/4-25/4-25 full.csv,2.05,15.6572,2,-3.90625,-3.90625,,5.524271728019903
2026-04-25,20.9,logs/April/4-25/4-25 full.csv,2.05,19.9302,35,1.2500085714285714,0.78125,,4.0868333464720745
2026-04-25,20.9,logs/April/4-25/4-25 full.csv,2.05,22.0675,2538,0.8763676516942476,0.78125,,3.953950111914729
2026-04-25,20.9,logs/April/4-25/4-25 full.csv,2.05,24.2801,1408,0.9832211647727273,0.78125,,3.736709961937656
2026-04-25,20.9,logs/April/4-25/4-25 full.csv,2.05,27.1728,3,-5.208333333333333,-4.6875,,0.9021097956087902
2026-04-25,20.9,logs/April/4-25/4-25 full.csv,2.1152,11.8935,3,-1.3020833333333333,-2.34375,,2.5113673856752485
2026-04-25,20.9,logs/April/4-25/4-25 full.csv,2.1152,14.2578,1,0.0,0.0,,
2026-04-25,20.9,logs/April/4-25/4-25 full.csv,2.1152,15.6572,1,-1.5625,-1.5625,,
2026-04-25,20.9,logs/April/4-25/4-25 full.csv,2.1152,17.5491,1,-4.6875,-4.6875,,
2026-04-25,20.9,logs/April/4-25/4-25 full.csv,2.1152,19.9302,3,-8.333333333333334,-3.90625,,9.768228819537006
2026-04-25,20.9,logs/April/4-25/4-25 full.csv,2.1152,22.0675,4,-1.5625,-1.5625,,0.637887953849786
2026-04-25,20.9,logs/April/4-25/4-25 full.csv,2.1152,24.2801,1803,1.4832064337215751,1.5625,,3.7882106441678727
2026-04-25,20.9,logs/April/4-25/4-25 full.csv,2.1152,27.1728,1071,0.6747496732026144,0.78125,,3.5526365691405544
2026-04-25,20.9,logs/April/4-25/4-25 full.csv,2.1152,30.9147,1,-1.5625,-1.5625,,
2026-04-25,20.9,logs/April/4-25/4-25 full.csv,2.1152,33.0568,1,-4.6875,-4.6875,,
2026-04-25,20.9,logs/April/4-25/4-25 full.csv,2.1682,9.2674,1,2.34375,2.34375,,
2026-04-25,20.9,logs/April/4-25/4-25 full.csv,2.1682,14.2578,1,-8.59375,-8.59375,,
2026-04-25,20.9,logs/April/4-25/4-25 full.csv,2.1682,17.5491,2,-3.515625,-3.515625,,0.5524271728019903
2026-04-25,20.9,logs/April/4-25/4-25 full.csv,2.1682,19.9302,2,0.390625,0.390625,,0.5524271728019903
2026-04-25,20.9,logs/April/4-25/4-25 full.csv,2.1682,22.0675,1,-6.25,-6.25,,
2026-04-25,20.9,logs/April/4-25/4-25 full.csv,2.1682,24.2801,8,-2.05078125,0.0,,8.309393510227597
2026-04-25,20.9,logs/April/4-25/4-25 full.csv,2.1682,27.1728,2187,0.0807330361225423,0.0,,3.745278261477943
2026-04-25,20.9,logs/April/4-25/4-25 full.csv,2.1682,30.9147,1046,-0.5721198374760995,-0.78125,,3.294861964726127
2026-04-25,20.9,logs/April/4-25/4-25 full.csv,2.1682,33.0568,4,-1.5625,-1.953125,,5.5974440781783015
2026-04-25,20.9,logs/April/4-25/4-25 full.csv,2.253,9.9646,1,-3.90625,-3.90625,,
2026-04-25,20.9,logs/April/4-25/4-25 full.csv,2.253,19.9302,1,3.125,3.125,,
2026-04-25,20.9,logs/April/4-25/4-25 full.csv,2.253,24.2801,4,-0.9765625,-0.78125,,1.610588135006899
2026-04-25,20.9,logs/April/4-25/4-25 full.csv,2.253,27.1728,13,-2.644230769230769,-3.125,,3.245377784348229
2026-04-25,20.9,logs/April/4-25/4-25 full.csv,2.253,30.9147,2770,-0.5731046209386281,-0.78125,,3.502029176785925
2026-04-25,20.9,logs/April/4-25/4-25 full.csv,2.253,33.0568,564,-1.867242819148936,-2.34375,,3.4923338276978138
2026-04-25,20.9,logs/April/4-25/4-25 full.csv,2.253,36.822,1,-7.8125,-7.8125,,
2026-04-25,20.9,logs/April/4-25/4-25 full.csv,2.2849,9.9646,1,-4.6875,-4.6875,,
2026-04-25,20.9,logs/April/4-25/4-25 full.csv,2.2849,15.6572,3,-0.78125,-0.78125,,0.78125
2026-04-25,20.9,logs/April/4-25/4-25 full.csv,2.2849,19.9302,3,0.78125,0.78125,,3.90625
2026-04-25,20.9,logs/April/4-25/4-25 full.csv,2.2849,22.0675,1,-1.5625,-1.5625,,
2026-04-25,20.9,logs/April/4-25/4-25 full.csv,2.2849,24.2801,1,-14.06255,-14.06255,,
2026-04-25,20.9,logs/April/4-25/4-25 full.csv,2.2849,27.1728,1,-4.6875,-4.6875,,
2026-04-25,20.9,logs/April/4-25/4-25 full.csv,2.2849,30.9147,28,-1.0044642857142858,-0.78125,,3.286186919653152
2026-04-25,20.9,logs/April/4-25/4-25 full.csv,2.2849,33.0568,1543,-2.475899319507453,-2.34375,,3.5614515768083352
2026-04-25,20.9,logs/April/4-25/4-25 full.csv,2.2849,36.822,1803,-2.8663165557404326,-3.125,,3.52941559354688
2026-04-25,20.9,logs/April/4-25/4-25 full.csv,2.2849,42.2183,2,-1.5625,-1.5625,,6.629126073623883
2026-04-25,20.9,logs/April/4-25/4-25 full.csv,2.3877,11.8935,1,-5.46875,-5.46875,,
2026-04-25,20.9,logs/April/4-25/4-25 full.csv,2.3877,14.2578,1,5.46875,5.46875,,
2026-04-25,20.9,logs/April/4-25/4-25 full.csv,2.3877,15.6572,1,1.5625,1.5625,,
2026-04-25,20.9,logs/April/4-25/4-25 full.csv,2.3877,19.9302,1,2.34375,2.34375,,
2026-04-25,20.9,logs/April/4-25/4-25 full.csv,2.3877,22.0675,1,-3.125,-3.125,,
2026-04-25,20.9,logs/April/4-25/4-25 full.csv,2.3877,27.1728,1,-3.90625,-3.90625,,
2026-04-25,20.9,logs/April/4-25/4-25 full.csv,2.3877,30.9147,1,-0.78125,-0.78125,,
2026-04-25,20.9,logs/April/4-25/4-25 full.csv,2.3877,33.0568,5,0.3125,1.5625,,3.154160818466617
2026-04-25,20.9,logs/April/4-25/4-25 full.csv,2.3877,36.822,3265,-2.530388774885145,-3.125,,3.237669462031925
2026-04-25,20.9,logs/April/4-25/4-25 full.csv,2.3877,42.2183,863,-2.439708922363847,-2.34375,,2.5684677319527904
2026-04-25,20.9,logs/April/4-25/4-25 full.csv,2.3877,47.3729,1,-3.90625,-3.90625,,
2026-04-25,20.9,logs/April/4-25/4-25 full.csv,2.449,22.0675,1,-0.78125,-0.78125,,
2026-04-25,20.9,logs/April/4-25/4-25 full.csv,2.449,33.0568,1,-5.46875,-5.46875,,
2026-04-25,20.9,logs/April/4-25/4-25 full.csv,2.449,36.822,14,-0.5022285714285715,-2.34375,,6.11027923419954
2026-04-25,20.9,logs/April/4-25/4-25 full.csv,2.449,42.2183,4275,-2.800621380116959,-3.125,,2.696391524714063
2026-04-25,20.9,logs/April/4-25/4-25 full.csv,2.449,47.3729,697,-2.780891319942611,-3.125,,2.31471839588968
2026-04-25,20.9,logs/April/4-25/4-25 full.csv,2.5482,27.1728,1,11.71875,11.71875,,
2026-04-25,20.9,logs/April/4-25/4-25 full.csv,2.5482,33.0568,1,-2.34375,-2.34375,,
2026-04-25,20.9,logs/April/4-25/4-25 full.csv,2.5482,42.2183,31,-1.310483870967742,-0.78125,,2.2767068843465954
2026-04-25,20.9,logs/April/4-25/4-25 full.csv,2.5482,47.3729,4054,-1.5497810927479032,-1.5625,,2.491558799008451
2026-04-25,20.9,logs/April/4-25/4-25 full.csv,2.5482,50.5261,687,-0.8051310043668122,-0.78125,,2.573257536058116
2026-04-25,20.9,logs/April/4-25/4-25 full.csv,2.62,33.0568,1,-0.78125,-0.78125,,
2026-04-25,20.9,logs/April/4-25/4-25 full.csv,2.62,36.822,1,3.90625,3.90625,,
2026-04-25,20.9,logs/April/4-25/4-25 full.csv,2.62,42.2183,1,-6.25,-6.25,,
2026-04-25,20.9,logs/April/4-25/4-25 full.csv,2.62,47.3729,15,-0.2083333333333333,-0.78125,,1.3681172433920517
2026-04-25,20.9,logs/April/4-25/4-25 full.csv,2.62,50.5261,2324,-1.4841732573149742,-1.5625,,2.3674324352204485
2026-04-25,20.9,logs/April/4-25/4-25 full.csv,2.62,57.3682,138,-1.0076992753623188,-0.78125,,1.982731576334802
2026-04-25,20.9,logs/April/4-25/4-25 full.csv,2.7327,42.2183,1,3.125,3.125,,
2026-04-25,20.9,logs/April/4-25/4-25 full.csv,2.7327,50.5261,44,-0.9588068181818182,-0.78125,,1.836941418708388
2026-04-25,20.9,logs/April/4-25/4-25 full.csv,2.7327,57.3682,799,-0.4126250312891114,0.0,,1.2543488688403714
2026-04-25,20.9,logs/April/4-25/4-25 full.csv,2.7327,73.8877,1,0.0,0.0,,
2026-04-25,20.9,logs/April/4-25/4-25 full.csv,2.8274,47.3729,1,0.0,0.0,,
2026-04-25,20.9,logs/April/4-25/4-25 full.csv,2.8274,50.5261,1,5.46875,5.46875,,
2026-04-25,20.9,logs/April/4-25/4-25 full.csv,2.8274,57.3682,26,0.0600961538461538,0.0,,1.146561540164598
2026-04-25,20.9,logs/April/4-25/4-25 full.csv,2.8274,73.8877,52,-0.2554086538461538,0.0,,0.8984029171486976
2026-04-25,20.9,logs/April/4-25/4-25 full.csv,2.9125,57.3682,1,6.25,6.25,,
2026-04-25,20.9,logs/April/4-25/4-25 full.csv,2.9125,73.8877,44,-0.2840909090909091,0.0,,0.7737816926125934
2026-04-25,20.9,logs/April/4-25/4-25 full.csv,2.9125,80.0684,7,-0.3348214285714285,0.0,,0.4175956904881631
2026-04-25,20.9,logs/April/4-25/4-25 full.csv,2.99,80.0684,9,-0.3472222222222222,0.0,,0.4117549036677577
2026-04-25,20.9,logs/April/4-25/4-25 full.csv,2.99,84.9893,13,-0.5408653846153846,-0.78125,,0.375300360480673
2026-04-25,20.9,logs/April/4-25/4-25 full.csv,3.0654,90.132,17,-0.78125,-0.78125,,0.0
2026-04-27,20.10,logs/April/4-27 20.10/4-27.csv,1.28,4.3333,2,-1.953125,-1.953125,,0.5524271728019903
2026-04-27,20.10,logs/April/4-27 20.10/4-27.csv,1.3021,4.3333,3,0.2604166666666667,1.5625,,5.201818842562026
2026-04-27,20.10,logs/April/4-27 20.10/4-27.csv,1.3628,5.3437,1,4.6875,4.6875,,
2026-04-27,20.10,logs/April/4-27 20.10/4-27.csv,1.3948,4.3333,1,-5.46875,-5.46875,,
2026-04-27,20.10,logs/April/4-27 20.10/4-27.csv,1.3948,5.3437,3,1.8229166666666667,1.5625,,3.5228513693928862
2026-04-27,20.10,logs/April/4-27 20.10/4-27.csv,1.3948,5.6028,2,-1.953125,-1.953125,,10.496116283237814
2026-04-27,20.10,logs/April/4-27 20.10/4-27.csv,1.3948,6.4361,19,-1.2746736842105264,-2.34375,,6.781904039803449
2026-04-27,20.10,logs/April/4-27 20.10/4-27.csv,1.45,5.6028,1,-5.46875,-5.46875,,
2026-04-27,20.10,logs/April/4-27 20.10/4-27.csv,1.45,6.4361,25,-0.5625,-2.34375,,4.06900520833
2026-04-27,20.10,logs/April/4-27 20.10/4-27.csv,1.45,7.5789,7,-2.34375,-3.125,,2.5113673856752485
2026-04-27,20.10,logs/April/4-27 20.10/4-27.csv,1.4801,6.4361,5,-4.53125,-5.46875,,4.501518840902479
2026-04-27,20.10,logs/April/4-27 20.10/4-27.csv,1.4801,7.5789,9,0.9548611111111112,0.78125,,5.338541666666666
2026-04-27,20.10,logs/April/4-27 20.10/4-27.csv,1.4801,8.1077,6,-4.166666666666667,-3.90625,,0.6378879538497859
2026-04-27,20.10,logs/April/4-27 20.10/4-27.csv,1.5473,7.5789,8,-3.2226625,-2.734375,,9.885992306785466
2026-04-27,20.10,logs/April/4-27 20.10/4-27.csv,1.5473,8.1077,29,-2.209051724137931,-1.5625,,4.738694424618203
2026-04-27,20.10,logs/April/4-27 20.10/4-27.csv,1.5473,9.2674,1,-9.375,-9.375,,
2026-04-27,20.10,logs/April/4-27 20.10/4-27.csv,1.593,8.1077,11,-4.474436363636364,-1.5625,,8.658086775930666
2026-04-27,20.10,logs/April/4-27 20.10/4-27.csv,1.593,9.2674,34,-1.7003676470588236,-1.5625,,4.74035302803881
2026-04-27,20.10,logs/April/4-27 20.10/4-27.csv,1.593,9.9646,16,1.46485,1.953125,,4.162196013084119
2026-04-27,20.10,logs/April/4-27 20.10/4-27.csv,1.6417,9.2674,8,-1.85546875,-1.171875,,6.079388697589909
2026-04-27,20.10,logs/April/4-27 20.10/4-27.csv,1.6417,9.9646,168,-2.5530136904761904,-3.125,,6.099351302752801
2026-04-27,20.10,logs/April/4-27 20.10/4-27.csv,1.6417,11.0771,34,-0.8501779411764706,-1.5625,,5.625033215042556
2026-04-27,20.10,logs/April/4-27 20.10/4-27.csv,1.6417,11.8935,2,0.390625,0.390625,,9.391261937633834
2026-04-27,20.10,logs/April/4-27 20.10/4-27.csv,1.68,9.9646,7,-0.4464214285714286,-0.78125,,6.626944907714334
2026-04-27,20.10,logs/April/4-27 20.10/4-27.csv,1.68,11.0771,91,-2.5841346153846154,-1.5625,,6.180935161341295
2026-04-27,20.10,logs/April/4-27 20.10/4-27.csv,1.68,11.8935,86,-1.0719453488372097,-1.171875,,5.461591763297518
2026-04-27,20.10,logs/April/4-27 20.10/4-27.csv,1.7451,11.0771,5,-5.3125,-5.46875,,3.6393170933912864
2026-04-27,20.10,logs/April/4-27 20.10/4-27.csv,1.7451,11.8935,395,-3.1803792405063294,-3.125,,4.8979225651494245
2026-04-27,20.10,logs/April/4-27 20.10/4-27.csv,1.7451,14.2578,137,-1.8305182481751825,-1.5625,,5.2659357333900285
2026-04-27,20.10,logs/April/4-27 20.10/4-27.csv,1.81,11.0771,1,-7.03125,-7.03125,,
2026-04-27,20.10,logs/April/4-27 20.10/4-27.csv,1.81,11.8935,5,1.875,0.78125,,5.051009336013942
2026-04-27,20.10,logs/April/4-27 20.10/4-27.csv,1.81,14.2578,335,-3.4864734328358207,-3.90625,,4.358899356019688
2026-04-27,20.10,logs/April/4-27 20.10/4-27.csv,1.81,15.6572,348,-2.52783591954023,-2.734375,,4.690256921259608
2026-04-27,20.10,logs/April/4-27 20.10/4-27.csv,1.85,11.8935,1,-0.78125,-0.78125,,
2026-04-27,20.10,logs/April/4-27 20.10/4-27.csv,1.85,14.2578,7,-4.464285714285714,-4.6875,,4.200246015683118
2026-04-27,20.10,logs/April/4-27 20.10/4-27.csv,1.85,15.6572,957,-3.8172670323928943,-4.6875,,3.878415459727804
2026-04-27,20.10,logs/April/4-27 20.10/4-27.csv,1.85,17.5491,344,-1.276342296511628,-3.125,,4.629798023093626
2026-04-27,20.10,logs/April/4-27 20.10/4-27.csv,1.91,15.6572,3,-3.6458333333333335,-3.90625,,5.083130545818524
2026-04-27,20.10,logs/April/4-27 20.10/4-27.csv,1.91,17.5491,707,-2.792387623762376,-3.90625,,4.007073882183772
2026-04-27,20.10,logs/April/4-27 20.10/4-27.csv,1.91,19.9302,222,-0.6475198198198199,-2.34375,,4.610124915216944
2026-04-27,20.10,logs/April/4-27 20.10/4-27.csv,1.9888,17.5491,11,-1.6335227272727273,-3.125,,7.862764439475585
2026-04-27,20.10,logs/April/4-27 20.10/4-27.csv,1.9888,19.9302,994,-2.3311740442655933,-2.34375,,4.20560914745575
2026-04-27,20.10,logs/April/4-27 20.10/4-27.csv,1.9888,22.0675,146,0.1498287671232876,0.0,,3.48337708535165
2026-04-27,20.10,logs/April/4-27 20.10/4-27.csv,2.05,17.5491,1,-9.375,-9.375,,
2026-04-27,20.10,logs/April/4-27 20.10/4-27.csv,2.05,19.9302,47,-3.806513829787234,-4.6875,,5.265081324691936
2026-04-27,20.10,logs/April/4-27 20.10/4-27.csv,2.05,22.0675,885,-1.579272372881356,-2.34375,,4.245762270739451
2026-04-27,20.10,logs/April/4-27 20.10/4-27.csv,2.05,24.2801,185,-0.0253378378378378,-1.5625,,4.31067348340023
2026-04-27,20.10,logs/April/4-27 20.10/4-27.csv,2.1152,22.0675,6,-3.2552,-3.90625,,6.219013918218868
2026-04-27,20.10,logs/April/4-27 20.10/4-27.csv,2.1152,24.2801,374,-0.7749826203208556,-1.5625,,3.716923198953987
2026-04-27,20.10,logs/April/4-27 20.10/4-27.csv,2.1152,27.1728,185,-0.5405405405405406,-0.78125,,4.496594240155872
2026-04-27,20.10,logs/April/4-27 20.10/4-27.csv,2.1682,24.2801,3,-4.6875,-4.6875,,4.6875
2026-04-27,20.10,logs/April/4-27 20.10/4-27.csv,2.1682,27.1728,618,-2.082069336569579,-3.125,,4.134664542494955
2026-04-27,20.10,logs/April/4-27 20.10/4-27.csv,2.1682,30.9147,162,-1.6300154320987654,-0.78125,,3.632586890794261
2026-04-27,20.10,logs/April/4-27 20.10/4-27.csv,2.253,27.1728,5,-1.71875,-0.78125,,4.501518840902479
2026-04-27,20.10,logs/April/4-27 20.10/4-27.csv,2.253,30.9147,326,-1.3899539877300613,-1.5625,,3.8698055093982
2026-04-27,20.10,logs/April/4-27 20.10/4-27.csv,2.253,33.0568,61,-1.7930327868852458,-2.34375,,4.253675509063556
2026-04-27,20.10,logs/April/4-27 20.10/4-27.csv,2.2849,30.9147,3,-4.427083333333333,-4.6875,,8.206224612806631
2026-04-27,20.10,logs/April/4-27 20.10/4-27.csv,2.2849,33.0568,196,-3.1529017857142856,-3.90625,,4.035424288560239
2026-04-27,20.10,logs/April/4-27 20.10/4-27.csv,2.2849,36.822,168,-3.427270238095238,-3.90625,,3.75300766767135
2026-04-27,20.10,logs/April/4-27 20.10/4-27.csv,2.3877,36.822,473,-1.4204550739957718,0.0,,3.996308748914169
2026-04-27,20.10,logs/April/4-27 20.10/4-27.csv,2.3877,42.2183,102,-1.2791053921568627,-0.78125,,4.384808796992579
2026-04-27,20.10,logs/April/4-27 20.10/4-27.csv,2.449,36.822,3,-5.729166666666667,-3.125,,4.510548978043952
2026-04-27,20.10,logs/April/4-27 20.10/4-27.csv,2.449,42.2183,427,-2.954847423887588,-1.5625,,4.764018263174433
2026-04-27,20.10,logs/April/4-27 20.10/4-27.csv,2.449,47.3729,12,-7.1614625,-7.421875,,3.226917227304568
2026-04-27,20.10,logs/April/4-27 20.10/4-27.csv,2.5482,42.2183,4,-5.27345,-5.46875,,5.235945038226942
2026-04-27,20.10,logs/April/4-27 20.10/4-27.csv,2.5482,47.3729,127,-3.2295811023622045,0.0,,4.355791589649063
2026-04-27,20.10,logs/April/4-27 20.10/4-27.csv,2.5482,50.5261,25,-1.78125,0.0,,2.748475548106926
2026-04-27,20.10,logs/April/4-27 20.10/4-27.csv,2.62,47.3729,2,0.0,0.0,,0.0
2026-04-27,20.10,logs/April/4-27 20.10/4-27.csv,2.62,50.5261,120,-1.71875,0.0,,2.7319823715704
2026-04-27,20.10,logs/April/4-27 20.10/4-27.csv,2.62,57.3682,10,-0.15625,0.0,,0.6162583107395434
2026-04-27,20.10,logs/April/4-27 20.10/4-27.csv,2.7327,50.5261,5,0.3125,0.0,,0.6987712429686842
2026-04-27,20.10,logs/April/4-27 20.10/4-27.csv,2.7327,57.3682,105,-0.0520833333333333,0.0,,0.3114967871382237
2026-04-27,20.10,logs/April/4-27 20.10/4-27.csv,2.8274,57.3682,8,0.0,0.0,,0.0
2026-04-27,20.10,logs/April/4-27 20.10/4-27.csv,2.8274,73.8877,10,0.0,0.0,,0.0
2026-04-27,20.10,logs/April/4-27 20.10/4-27.csv,2.9125,73.8877,8,0.0,0.0,,0.0
2026-04-27,20.10,logs/April/4-27 20.10/4-27.csv,2.9125,80.0684,1,0.0,0.0,,
2026-04-27,20.10,logs/April/4-27 20.10/4-27.csv,2.99,80.0684,4,0.0,0.0,,0.0
2026-04-27,20.10,logs/April/4-27 20.10/4-27.csv,2.99,84.9893,8,0.0,0.0,,0.0
2026-05-02,20.10,logs/5-2/5-2.csv,1.1804,3.9996,1,2.34,2.34,,
2026-05-02,20.10,logs/5-2/5-2.csv,1.2201,3.9996,2,-0.7849999999999999,-0.7849999999999999,,1.1101576464628795
2026-05-02,20.10,logs/5-2/5-2.csv,1.28,3.9996,2,0.385,0.385,,2.7647875144394005
2026-05-02,20.10,logs/5-2/5-2.csv,1.28,4.3333,6,-5.863333333333333,-4.3,,6.225867543296007
2026-05-02,20.10,logs/5-2/5-2.csv,1.3021,3.9996,1,0.0,0.0,,
2026-05-02,20.10,logs/5-2/5-2.csv,1.3021,4.3333,2,-5.08,-5.08,,0.5515432893255076
2026-05-02,20.10,logs/5-2/5-2.csv,1.3628,4.3333,2,-6.254999999999999,-6.254999999999999,,4.419417382415921
2026-05-02,20.10,logs/5-2/5-2.csv,1.3628,5.3437,7,-6.478571428571428,-7.82,,3.794436403347356
2026-05-02,20.10,logs/5-2/5-2.csv,1.3628,5.6028,3,-2.0866666666666664,-1.5699999999999998,,1.618095588441342
2026-05-02,20.10,logs/5-2/5-2.csv,1.3628,6.4361,1,-2.34,-2.34,,
2026-05-02,20.10,logs/5-2/5-2.csv,1.3948,4.3333,3,-0.5233333333333334,0.0,,3.1576943065048795
2026-05-02,20.10,logs/5-2/5-2.csv,1.3948,5.3437,2,-5.08,-5.08,,0.5515432893255076
2026-05-02,20.10,logs/5-2/5-2.csv,1.3948,5.6028,6,-2.348333333333333,-2.35,,2.566385915381135
2026-05-02,20.10,logs/5-2/5-2.csv,1.3948,6.4361,13,-3.6046153846153848,-3.9,,3.7685090229970606
2026-05-02,20.10,logs/5-2/5-2.csv,1.45,4.3333,1,-15.63,-15.63,,
2026-05-02,20.10,logs/5-2/5-2.csv,1.45,5.3437,2,-4.695,-4.695,,5.522503961066936
2026-05-02,20.10,logs/5-2/5-2.csv,1.45,5.6028,4,-3.325,-3.13,,3.1517243957342886
2026-05-02,20.10,logs/5-2/5-2.csv,1.45,6.4361,32,-2.29375,-1.56,,3.5787542885848587
2026-05-02,20.10,logs/5-2/5-2.csv,1.45,7.5789,14,0.0028571428571427,0.7799999999999998,,2.8255331112265103
2026-05-02,20.10,logs/5-2/5-2.csv,1.45,8.1077,2,-1.1102230246251563e-16,-1.1102230246251563e-16,,1.103086578651014
2026-05-02,20.10,logs/5-2/5-2.csv,1.4801,5.6028,3,-0.2666666666666666,2.34,,5.917510737914494
2026-05-02,20.10,logs/5-2/5-2.csv,1.4801,6.4361,7,-2.12,-1.56,,3.27343346757906
2026-05-02,20.10,logs/5-2/5-2.csv,1.4801,7.5789,31,-2.846774193548387,-1.56,,3.894449372373261
2026-05-02,20.10,logs/5-2/5-2.csv,1.4801,8.1077,40,-1.2475,-1.175,,2.4693056742372974
2026-05-02,20.10,logs/5-2/5-2.csv,1.4801,9.2674,1,-0.78,-0.78,,
2026-05-02,20.10,logs/5-2/5-2.csv,1.5473,5.6028,1,-4.69,-4.69,,
2026-05-02,20.10,logs/5-2/5-2.csv,1.5473,6.4361,4,-4.6875,-3.51,,3.191691035590172
2026-05-02,20.10,logs/5-2/5-2.csv,1.5473,7.5789,12,-4.753333333333333,-3.905,,5.221003618834102
2026-05-02,20.10,logs/5-2/5-2.csv,1.5473,8.1077,167,-3.127125748502994,-3.12,,4.495994750591359
2026-05-02,20.10,logs/5-2/5-2.csv,1.5473,9.2674,51,-1.3147058823529414,-0.78,,3.868412259799195
2026-05-02,20.10,logs/5-2/5-2.csv,1.5473,9.9646,3,-1.5599999999999998,-1.56,,0.7799999999999999
2026-05-02,20.10,logs/5-2/5-2.csv,1.593,7.5789,3,0.2599999999999999,0.7799999999999998,,3.1523324697753567
2026-05-02,20.10,logs/5-2/5-2.csv,1.593,8.1077,22,-3.5850000000000004,-2.73,,3.0478747474577226
2026-05-02,20.10,logs/5-2/5-2.csv,1.593,9.2674,242,-3.02,-2.34,,4.080154581727068
2026-05-02,20.10,logs/5-2/5-2.csv,1.593,9.9646,75,1.344666666666667,0.7799999999999998,,4.396607516899554
2026-05-02,20.10,logs/5-2/5-2.csv,1.593,11.0771,1,0.7799999999999998,0.7799999999999998,,
2026-05-02,20.10,logs/5-2/5-2.csv,1.6417,6.4361,1,-2.35,-2.35,,
2026-05-02,20.10,logs/5-2/5-2.csv,1.6417,8.1077,3,-4.163333333333333,-4.68,,2.3873067111984865
2026-05-02,20.10,logs/5-2/5-2.csv,1.6417,9.2674,28,-4.100714285714286,-4.69,,5.731802074954701
2026-05-02,20.10,logs/5-2/5-2.csv,1.6417,9.9646,391,-2.403657289002558,-2.34,,5.674631371756669
2026-05-02,20.10,logs/5-2/5-2.csv,1.6417,11.0771,257,0.4464980544747081,1.5699999999999998,,5.032929862512764
2026-05-02,20.10,logs/5-2/5-2.csv,1.6417,11.8935,15,0.9913333333333336,1.5699999999999998,,5.067323704265351
2026-05-02,20.10,logs/5-2/5-2.csv,1.68,7.5789,1,-2.34,-2.34,,
2026-05-02,20.10,logs/5-2/5-2.csv,1.68,8.1077,1,-0.79,-0.79,,
2026-05-02,20.10,logs/5-2/5-2.csv,1.68,9.2674,2,-2.73,-2.73,,1.654629867976521
2026-05-02,20.10,logs/5-2/5-2.csv,1.68,9.9646,11,-4.543636363636363,-3.12,,3.4741366488014624
2026-05-02,20.10,logs/5-2/5-2.csv,1.68,11.0771,269,-2.974907063197026,-1.56,,5.66564638547193
2026-05-02,20.10,logs/5-2/5-2.csv,1.68,11.8935,341,-1.035014662756598,0.0,,5.5032756889518
2026-05-02,20.10,logs/5-2/5-2.csv,1.68,14.2578,1,3.1300000000000003,3.1300000000000003,,
2026-05-02,20.10,logs/5-2/5-2.csv,1.7451,8.1077,4,-5.8625,-5.865,,1.0082782354092548
2026-05-02,20.10,logs/5-2/5-2.csv,1.7451,9.2674,1,-9.38,-9.38,,
2026-05-02,20.10,logs/5-2/5-2.csv,1.7451,9.9646,1,-1.5599999999999998,-1.5599999999999998,,
2026-05-02,20.10,logs/5-2/5-2.csv,1.7451,11.0771,14,-1.2278571428571428,-1.56,,5.261111579784738
2026-05-02,20.10,logs/5-2/5-2.csv,1.7451,11.8935,797,-1.9890589711417817,-1.56,,5.0158277615417255
2026-05-02,20.10,logs/5-2/5-2.csv,1.7451,14.2578,428,-1.279556074766355,-1.56,,3.81694613381134
2026-05-02,20.10,logs/5-2/5-2.csv,1.81,5.3437,1,-7.82,-7.82,,
2026-05-02,20.10,logs/5-2/5-2.csv,1.81,6.4361,1,-3.13,-3.13,,
2026-05-02,20.10,logs/5-2/5-2.csv,1.81,7.5789,1,-7.82,-7.82,,
2026-05-02,20.10,logs/5-2/5-2.csv,1.81,8.1077,2,-9.765,-9.765,,1.647558800164655
2026-05-02,20.10,logs/5-2/5-2.csv,1.81,9.9646,2,0.0,0.0,,3.309259735953042
2026-05-02,20.10,logs/5-2/5-2.csv,1.81,11.0771,2,-4.295,-4.295,,3.867874093090416
2026-05-02,20.10,logs/5-2/5-2.csv,1.81,11.8935,19,-5.467894736842105,-2.34,,8.13594464838825
2026-05-02,20.10,logs/5-2/5-2.csv,1.81,14.2578,755,-2.840450331125828,-3.12,,3.97501114338518
2026-05-02,20.10,logs/5-2/5-2.csv,1.81,15.6572,911,-2.3929967069154774,-2.34,,3.7139991062906312
2026-05-02,20.10,logs/5-2/5-2.csv,1.85,9.2674,1,-4.69,-4.69,,
2026-05-02,20.10,logs/5-2/5-2.csv,1.85,9.9646,1,-7.029999999999999,-7.029999999999999,,
2026-05-02,20.10,logs/5-2/5-2.csv,1.85,11.0771,2,-8.205,-8.205,,2.764787514439401
2026-05-02,20.10,logs/5-2/5-2.csv,1.85,11.8935,2,-5.855,-5.855,,2.764787514439401
2026-05-02,20.10,logs/5-2/5-2.csv,1.85,14.2578,10,-3.123,-2.73,,4.8003102908967135
2026-05-02,20.10,logs/5-2/5-2.csv,1.85,15.6572,1449,-2.685576259489303,-3.12,,3.862119435723034
2026-05-02,20.10,logs/5-2/5-2.csv,1.85,17.5491,722,-0.3405124653739612,0.0,,4.154515800916676
2026-05-02,20.10,logs/5-2/5-2.csv,1.91,9.2674,1,-9.38,-9.38,,
2026-05-02,20.10,logs/5-2/5-2.csv,1.91,11.8935,3,-6.506666666666667,-3.12,,11.703462450631152
2026-05-02,20.10,logs/5-2/5-2.csv,1.91,14.2578,2,0.0,0.0,,3.309259735953042
2026-05-02,20.10,logs/5-2/5-2.csv,1.91,15.6572,13,-5.226923076923077,-5.47,,5.5377618592944575
2026-05-02,20.10,logs/5-2/5-2.csv,1.91,17.5491,1528,-1.0078337696335078,-0.7799999999999998,,3.992762634769897
2026-05-02,20.10,logs/5-2/5-2.csv,1.91,19.9302,479,-0.7441753653444676,-0.7799999999999998,,3.281371871383064
2026-05-02,20.10,logs/5-2/5-2.csv,1.91,22.0675,1,-3.12,-3.12,,
2026-05-02,20.10,logs/5-2/5-2.csv,1.91,30.9147,1,-6.25,-6.25,,
2026-05-02,20.10,logs/5-2/5-2.csv,1.9888,11.0771,2,-2.34,-2.34,,1.1030865786510142
2026-05-02,20.10,logs/5-2/5-2.csv,1.9888,11.8935,1,-3.9,-3.9,,
2026-05-02,20.10,logs/5-2/5-2.csv,1.9888,14.2578,2,-5.08,-5.08,,0.5515432893255079
2026-05-02,20.10,logs/5-2/5-2.csv,1.9888,15.6572,3,-2.083333333333333,-2.35,,1.1925742464657425
2026-05-02,20.10,logs/5-2/5-2.csv,1.9888,17.5491,40,-3.964,-2.35,,4.854021753091675
2026-05-02,20.10,logs/5-2/5-2.csv,1.9888,19.9302,1952,-0.7655327868852458,-0.7799999999999998,,3.770775211069339
2026-05-02,20.10,logs/5-2/5-2.csv,1.9888,22.0675,460,-0.2730869565217391,0.0,,2.827974639007729
2026-05-02,20.10,logs/5-2/5-2.csv,1.9888,24.2801,1,-7.82,-7.82,,
2026-05-02,20.10,logs/5-2/5-2.csv,1.9888,27.1728,1,-6.25,-6.25,,
2026-05-02,20.10,logs/5-2/5-2.csv,2.05,6.4361,1,-8.6,-8.6,,
2026-05-02,20.10,logs/5-2/5-2.csv,2.05,9.9646,1,-7.04,-7.04,,
2026-05-02,20.10,logs/5-2/5-2.csv,2.05,17.5491,1,-1.5699999999999998,-1.5699999999999998,,
2026-05-02,20.10,logs/5-2/5-2.csv,2.05,19.9302,110,-2.2355454545454547,-0.78,,4.866625073704227
2026-05-02,20.10,logs/5-2/5-2.csv,2.05,22.0675,1829,-0.6878731547293603,-0.78,,3.9445916514655535
2026-05-02,20.10,logs/5-2/5-2.csv,2.05,24.2801,680,-0.3533970588235294,-0.78,,3.5954337455372527
2026-05-02,20.10,logs/5-2/5-2.csv,2.05,27.1728,2,-7.81,-7.81,,2.206173157302028
2026-05-02,20.10,logs/5-2/5-2.csv,2.05,30.9147,3,-7.036666666666666,-7.029999999999999,,0.780021367228702
2026-05-02,20.10,logs/5-2/5-2.csv,2.1152,6.4361,1,-3.91,-3.91,,
2026-05-02,20.10,logs/5-2/5-2.csv,2.1152,9.2674,1,-4.69,-4.69,,
2026-05-02,20.10,logs/5-2/5-2.csv,2.1152,11.8935,1,-8.59,-8.59,,
2026-05-02,20.10,logs/5-2/5-2.csv,2.1152,14.2578,1,-7.04,-7.04,,
2026-05-02,20.10,logs/5-2/5-2.csv,2.1152,19.9302,1,-2.34,-2.34,,
2026-05-02,20.10,logs/5-2/5-2.csv,2.1152,22.0675,13,-5.88846153846154,-5.470000000000001,,3.850203124844728
2026-05-02,20.10,logs/5-2/5-2.csv,2.1152,24.2801,1483,-0.1304315576534053,0.0,,4.47757954391286
2026-05-02,20.10,logs/5-2/5-2.csv,2.1152,27.1728,877,0.0727936145952109,0.0,,3.5284750440636783
2026-05-02,20.10,logs/5-2/5-2.csv,2.1152,33.0568,1,-5.470000000000001,-5.470000000000001,,
2026-05-02,20.10,logs/5-2/5-2.csv,2.1152,36.822,1,-6.25,-6.25,,
2026-05-02,20.10,logs/5-2/5-2.csv,2.1682,11.0771,1,4.68,4.68,,
2026-05-02,20.10,logs/5-2/5-2.csv,2.1682,11.8935,1,-1.5699999999999998,-1.5699999999999998,,
2026-05-02,20.10,logs/5-2/5-2.csv,2.1682,19.9302,1,-7.04,-7.04,,
2026-05-02,20.10,logs/5-2/5-2.csv,2.1682,22.0675,4,-3.7075,-2.73,,2.949071887899649
2026-05-02,20.10,logs/5-2/5-2.csv,2.1682,24.2801,5,-4.843999999999999,-2.34,,4.956196122027457
2026-05-02,20.10,logs/5-2/5-2.csv,2.1682,27.1728,1815,-1.2842699724517903,-0.78,,3.837020605448148
2026-05-02,20.10,logs/5-2/5-2.csv,2.1682,30.9147,412,-0.6609223300970875,-0.78,,3.800202789285697
2026-05-02,20.10,logs/5-2/5-2.csv,2.1682,33.0568,3,-3.9033333333333338,-3.9,,2.345001776829462
2026-05-02,20.10,logs/5-2/5-2.csv,2.253,17.5491,1,-8.6,-8.6,,
2026-05-02,20.10,logs/5-2/5-2.csv,2.253,19.9302,2,-0.3900000000000001,-0.3900000000000001,,3.860803025278549
2026-05-02,20.10,logs/5-2/5-2.csv,2.253,22.0675,1,-7.029999999999999,-7.029999999999999,,
2026-05-02,20.10,logs/5-2/5-2.csv,2.253,24.2801,2,-4.69,-4.69,,4.426488450227788
2026-05-02,20.10,logs/5-2/5-2.csv,2.253,27.1728,43,-2.270232558139535,-2.34,,5.82398631620093
2026-05-02,20.10,logs/5-2/5-2.csv,2.253,30.9147,1579,-1.8463457884737176,-1.56,,3.578218097015549
2026-05-02,20.10,logs/5-2/5-2.csv,2.253,33.0568,331,-1.6431117824773414,-0.78,,3.100089096893656
2026-05-02,20.10,logs/5-2/5-2.csv,2.2849,19.9302,1,-10.93,-10.93,,
2026-05-02,20.10,logs/5-2/5-2.csv,2.2849,24.2801,3,-12.24,-8.6,,7.704420808860327
2026-05-02,20.10,logs/5-2/5-2.csv,2.2849,27.1728,3,-4.163333333333333,-2.34,,3.158105972467253
2026-05-02,20.10,logs/5-2/5-2.csv,2.2849,30.9147,23,-2.409565217391304,-1.56,,3.642006787299439
2026-05-02,20.10,logs/5-2/5-2.csv,2.2849,33.0568,916,-3.4758296943231444,-3.12,,3.656831838118314
2026-05-02,20.10,logs/5-2/5-2.csv,2.2849,36.822,692,-4.31114161849711,-3.9,,3.0898906162575
2026-05-02,20.10,logs/5-2/5-2.csv,2.2849,42.2183,4,-4.8825,-5.470000000000001,,1.734423535356921
2026-05-02,20.10,logs/5-2/5-2.csv,2.2849,47.3729,1,-4.69,-4.69,,
2026-05-02,20.10,logs/5-2/5-2.csv,2.3877,9.9646,1,-7.82,-7.82,,
2026-05-02,20.10,logs/5-2/5-2.csv,2.3877,15.6572,1,-3.13,-3.13,,
2026-05-02,20.10,logs/5-2/5-2.csv,2.3877,17.5491,2,-6.645,-6.645,,0.5444722215136413
2026-05-02,20.10,logs/5-2/5-2.csv,2.3877,19.9302,1,0.7799999999999998,0.7799999999999998,,
2026-05-02,20.10,logs/5-2/5-2.csv,2.3877,22.0675,1,-3.12,-3.12,,
2026-05-02,20.10,logs/5-2/5-2.csv,2.3877,24.2801,1,-1.56,-1.56,,
2026-05-02,20.10,logs/5-2/5-2.csv,2.3877,33.0568,5,-5.465999999999999,-7.029999999999999,,3.8263076196249566
2026-05-02,20.10,logs/5-2/5-2.csv,2.3877,36.822,1717,-4.543581828771113,-4.69,,3.501459924600841
2026-05-02,20.10,logs/5-2/5-2.csv,2.3877,42.2183,246,-3.682439024390244,-3.51,,3.616941281104892
2026-05-02,20.10,logs/5-2/5-2.csv,2.3877,47.3729,2,7.029999999999999,7.029999999999999,,4.412346314604056
2026-05-02,20.10,logs/5-2/5-2.csv,2.449,24.2801,1,-8.6,-8.6,,
2026-05-02,20.10,logs/5-2/5-2.csv,2.449,33.0568,1,-1.56,-1.56,,
2026-05-02,20.10,logs/5-2/5-2.csv,2.449,36.822,15,-2.759333333333333,-1.56,,6.5426637941903705
2026-05-02,20.10,logs/5-2/5-2.csv,2.449,42.2183,1012,-4.33804347826087,-3.91,,3.748039161081954
2026-05-02,20.10,logs/5-2/5-2.csv,2.449,47.3729,134,-2.6923134328358214,-1.56,,3.8969048667011297
2026-05-02,20.10,logs/5-2/5-2.csv,2.5482,27.1728,1,-9.38,-9.38,,
2026-05-02,20.10,logs/5-2/5-2.csv,2.5482,30.9147,1,-7.82,-7.82,,
2026-05-02,20.10,logs/5-2/5-2.csv,2.5482,36.822,5,-3.904,-4.68,,5.951136866179437
2026-05-02,20.10,logs/5-2/5-2.csv,2.5482,42.2183,18,-3.2555555555555555,-4.300000000000001,,6.384000425901341
2026-05-02,20.10,logs/5-2/5-2.csv,2.5482,47.3729,1329,-1.9081866064710309,-1.56,,3.224471182211253
2026-05-02,20.10,logs/5-2/5-2.csv,2.5482,50.5261,125,-1.00496,-0.78,,4.953565451659134
2026-05-02,20.10,logs/5-2/5-2.csv,2.62,27.1728,1,-3.9,-3.9,,
2026-05-02,20.10,logs/5-2/5-2.csv,2.62,47.3729,4,-1.9525,-1.95,,1.010853599686918
2026-05-02,20.10,logs/5-2/5-2.csv,2.62,50.5261,423,-0.4732860520094562,-0.78,,4.400319713822749
2026-05-02,20.10,logs/5-2/5-2.csv,2.62,57.3682,26,-0.4796153846153846,-0.78,,1.7554793778776916
2026-05-02,20.10,logs/5-2/5-2.csv,2.7327,50.5261,12,-0.1291666666666668,-0.78,,2.5990503801942504
2026-05-02,20.10,logs/5-2/5-2.csv,2.7327,57.3682,332,-0.86,-0.78,,0.9172802304356268
2026-05-02,20.10,logs/5-2/5-2.csv,2.7327,73.8877,1,-5.470000000000001,-5.470000000000001,,
2026-05-02,20.10,logs/5-2/5-2.csv,2.8274,57.3682,25,-0.6859999999999999,-0.78,,0.4700000000000001
2026-05-02,20.10,logs/5-2/5-2.csv,2.8274,73.8877,27,-0.721851851851852,-0.78,,0.4819674186006692
2026-05-02,20.10,logs/5-2/5-2.csv,2.9125,73.8877,22,-1.0640909090909092,-0.78,,1.1701390193798875
2026-05-02,20.10,logs/5-2/5-2.csv,2.9125,80.0684,2,-2.34,-2.34,,2.206173157302028
2026-05-02,20.10,logs/5-2/5-2.csv,2.99,80.0684,7,-0.78,-0.78,,0.0
2026-05-02,20.10,logs/5-2/5-2.csv,2.99,84.9893,7,-0.11,-0.78,,1.7726533784132756
2026-05-02,20.10,logs/5-2/5-2.csv,3.0654,84.9893,3,-0.7799999999999999,-0.78,,0.0
2026-05-02,20.10,logs/5-2/5-2.csv,3.0654,90.132,8,-1.46375,-0.78,,1.933937046545208
2026-05-02,20.10,logs/5-2/5-2.csv,3.1508,90.132,5,-0.78,-0.78,,0.0
2026-05-02,20.10,logs/5-2/5-2.csv,3.1508,110.681,3,-0.7799999999999999,-0.78,,0.0
2026-05-08,20.11,logs/5-8 20.11/5-8.csv,1.1804,3.5071,1,-1.5599999999999998,-1.5599999999999998,,
2026-05-08,20.11,logs/5-8 20.11/5-8.csv,1.2201,3.9996,2,0.0,0.0,,6.632661607529815
2026-05-08,20.11,logs/5-8 20.11/5-8.csv,1.28,3.9996,2,-9.765,-9.765,,12.70670885792226
2026-05-08,20.11,logs/5-8 20.11/5-8.csv,1.28,4.3333,2,-1.175,-1.175,,1.6617009357883867
2026-05-08,20.11,logs/5-8 20.11/5-8.csv,1.3021,3.9996,3,-7.29,-1.5599999999999998,,9.924651127369666
2026-05-08,20.11,logs/5-8 20.11/5-8.csv,1.3021,4.3333,2,-1.565,-1.565,,3.316330803764908
2026-05-08,20.11,logs/5-8 20.11/5-8.csv,1.3628,4.3333,1,-2.35,-2.35,,
2026-05-08,20.11,logs/5-8 20.11/5-8.csv,1.3628,5.3437,1,0.78,0.78,,
2026-05-08,20.11,logs/5-8 20.11/5-8.csv,1.3948,3.9996,1,4.69,4.69,,
2026-05-08,20.11,logs/5-8 20.11/5-8.csv,1.3948,4.3333,1,0.0,0.0,,
2026-05-08,20.11,logs/5-8 20.11/5-8.csv,1.3948,5.3437,1,-6.25,-6.25,,
2026-05-08,20.11,logs/5-8 20.11/5-8.csv,1.3948,5.6028,2,1.565,1.565,,4.419417382415921
2026-05-08,20.11,logs/5-8 20.11/5-8.csv,1.3948,6.4361,5,2.186,2.34,,1.398384782525897
2026-05-08,20.11,logs/5-8 20.11/5-8.csv,1.3948,7.5789,1,-4.69,-4.69,,
2026-05-08,20.11,logs/5-8 20.11/5-8.csv,1.45,5.3437,1,-18.75,-18.75,,
2026-05-08,20.11,logs/5-8 20.11/5-8.csv,1.45,6.4361,6,-0.2616666666666667,0.0,,2.0175670166481874
2026-05-08,20.11,logs/5-8 20.11/5-8.csv,1.45,7.5789,1,-2.34,-2.34,,
2026-05-08,20.11,logs/5-8 20.11/5-8.csv,1.4801,6.4361,2,-1.17,-1.17,,1.654629867976521
2026-05-08,20.11,logs/5-8 20.11/5-8.csv,1.4801,7.5789,5,-0.158,0.0,,1.9460010277489577
2026-05-08,20.11,logs/5-8 20.11/5-8.csv,1.4801,8.1077,1,0.78,0.78,,
2026-05-08,20.11,logs/5-8 20.11/5-8.csv,1.5473,5.3437,2,-3.52,-3.52,,1.654629867976521
2026-05-08,20.11,logs/5-8 20.11/5-8.csv,1.5473,7.5789,6,-2.341666666666667,0.0,,8.35730438997328
2026-05-08,20.11,logs/5-8 20.11/5-8.csv,1.5473,8.1077,21,-0.2233333333333333,0.0,,3.741053773114378
2026-05-08,20.11,logs/5-8 20.11/5-8.csv,1.5473,9.2674,1,7.03,7.03,,
2026-05-08,20.11,logs/5-8 20.11/5-8.csv,1.5473,9.9646,1,2.34,2.34,,
2026-05-08,20.11,logs/5-8 20.11/5-8.csv,1.593,5.6028,1,-2.35,-2.35,,
2026-05-08,20.11,logs/5-8 20.11/5-8.csv,1.593,6.4361,1,-2.35,-2.35,,
2026-05-08,20.11,logs/5-8 20.11/5-8.csv,1.593,8.1077,10,0.625,0.0,,1.368594169211604
2026-05-08,20.11,logs/5-8 20.11/5-8.csv,1.593,9.2674,57,-3.3310526315789475,0.0,,6.808151019238037
2026-05-08,20.11,logs/5-8 20.11/5-8.csv,1.593,9.9646,22,-1.7045454545454546,-2.34,,4.566695926850362
2026-05-08,20.11,logs/5-8 20.11/5-8.csv,1.6417,6.4361,2,-13.28,-13.28,,9.941921343482855
2026-05-08,20.11,logs/5-8 20.11/5-8.csv,1.6417,7.5789,1,0.0,0.0,,
2026-05-08,20.11,logs/5-8 20.11/5-8.csv,1.6417,9.2674,14,-0.7250000000000002,0.0,,4.908566687239456
2026-05-08,20.11,logs/5-8 20.11/5-8.csv,1.6417,9.9646,121,-4.0157024793388425,0.0,,7.934431383370232
2026-05-08,20.11,logs/5-8 20.11/5-8.csv,1.6417,11.0771,89,-2.229325842696629,-0.78,,5.766014220836847
2026-05-08,20.11,logs/5-8 20.11/5-8.csv,1.6417,11.8935,20,-1.4065,-1.17,,3.5272208755992525
2026-05-08,20.11,logs/5-8 20.11/5-8.csv,1.68,9.2674,1,0.0,0.0,,
2026-05-08,20.11,logs/5-8 20.11/5-8.csv,1.68,9.9646,4,-4.295,-1.17,,10.568893035696783
2026-05-08,20.11,logs/5-8 20.11/5-8.csv,1.68,11.0771,63,-0.9922222222222224,0.0,,5.418330430999776
2026-05-08,20.11,logs/5-8 20.11/5-8.csv,1.68,11.8935,216,-1.4428240740740743,-0.78,,4.370666798851237
2026-05-08,20.11,logs/5-8 20.11/5-8.csv,1.68,14.2578,1,0.78,0.78,,
2026-05-08,20.11,logs/5-8 20.11/5-8.csv,1.7451,3.9996,1,-0.78,-0.78,,
2026-05-08,20.11,logs/5-8 20.11/5-8.csv,1.7451,6.4361,1,3.91,3.91,,
2026-05-08,20.11,logs/5-8 20.11/5-8.csv,1.7451,8.1077,1,0.0,0.0,,
2026-05-08,20.11,logs/5-8 20.11/5-8.csv,1.7451,9.2674,1,-19.53,-19.53,,
2026-05-08,20.11,logs/5-8 20.11/5-8.csv,1.7451,9.9646,1,0.0,0.0,,
2026-05-08,20.11,logs/5-8 20.11/5-8.csv,1.7451,11.0771,2,6.25,6.25,,2.206173157302028
2026-05-08,20.11,logs/5-8 20.11/5-8.csv,1.7451,11.8935,302,-0.054569536423841,0.0,,3.733470188440312
2026-05-08,20.11,logs/5-8 20.11/5-8.csv,1.7451,14.2578,362,-0.4512707182320442,-0.78,,4.107230100812938
2026-05-08,20.11,logs/5-8 20.11/5-8.csv,1.81,9.9646,1,0.0,0.0,,
2026-05-08,20.11,logs/5-8 20.11/5-8.csv,1.81,11.8935,9,-1.2166666666666666,0.0,,3.562393858067914
2026-05-08,20.11,logs/5-8 20.11/5-8.csv,1.81,14.2578,392,-0.4383673469387755,0.0,,3.863122239867472
2026-05-08,20.11,logs/5-8 20.11/5-8.csv,1.81,15.6572,714,-1.178095238095238,-1.56,,2.5889033373642443
2026-05-08,20.11,logs/5-8 20.11/5-8.csv,1.81,19.9302,1,4.69,4.69,,
2026-05-08,20.11,logs/5-8 20.11/5-8.csv,1.85,9.9646,1,-1.5599999999999998,-1.5599999999999998,,
2026-05-08,20.11,logs/5-8 20.11/5-8.csv,1.85,11.8935,2,0.0,0.0,,0.0
2026-05-08,20.11,logs/5-8 20.11/5-8.csv,1.85,14.2578,4,0.9775,0.0,,3.684022936953569
2026-05-08,20.11,logs/5-8 20.11/5-8.csv,1.85,15.6572,787,-1.6449936467598474,-1.56,,4.046575575314025
2026-05-08,20.11,logs/5-8 20.11/5-8.csv,1.85,17.5491,801,-0.8852933832709113,-1.56,,3.099997692752151
2026-05-08,20.11,logs/5-8 20.11/5-8.csv,1.85,19.9302,1,-6.25,-6.25,,
2026-05-08,20.11,logs/5-8 20.11/5-8.csv,1.85,22.0675,2,-2.7350000000000003,-2.7350000000000003,,3.867874093090416
2026-05-08,20.11,logs/5-8 20.11/5-8.csv,1.91,14.2578,3,-2.083333333333333,0.0,,5.755122356069707
2026-05-08,20.11,logs/5-8 20.11/5-8.csv,1.91,15.6572,2,1.17,1.17,,7.184204896855323
2026-05-08,20.11,logs/5-8 20.11/5-8.csv,1.91,17.5491,744,-0.7288172043010753,-0.78,,3.3365435244624453
2026-05-08,20.11,logs/5-8 20.11/5-8.csv,1.91,19.9302,523,-0.9762141491395794,-1.56,,2.381572174639645
2026-05-08,20.11,logs/5-8 20.11/5-8.csv,1.9888,6.4361,1,4.69,4.69,,
2026-05-08,20.11,logs/5-8 20.11/5-8.csv,1.9888,9.9646,1,-4.69,-4.69,,
2026-05-08,20.11,logs/5-8 20.11/5-8.csv,1.9888,14.2578,3,-0.7833333333333335,0.0,,2.817877451794761
2026-05-08,20.11,logs/5-8 20.11/5-8.csv,1.9888,17.5491,10,0.0,0.0,,5.209333503967235
2026-05-08,20.11,logs/5-8 20.11/5-8.csv,1.9888,19.9302,1234,0.121288492706645,0.0,,2.9487977193590584
2026-05-08,20.11,logs/5-8 20.11/5-8.csv,1.9888,22.0675,432,-0.5505555555555556,-1.56,,2.6025687233545725
2026-05-08,20.11,logs/5-8 20.11/5-8.csv,2.05,4.3333,1,-0.78,-0.78,,
2026-05-08,20.11,logs/5-8 20.11/5-8.csv,2.05,6.4361,1,0.78,0.78,,
2026-05-08,20.11,logs/5-8 20.11/5-8.csv,2.05,11.8935,1,3.91,3.91,,
2026-05-08,20.11,logs/5-8 20.11/5-8.csv,2.05,14.2578,2,-0.78,-0.78,,1.1030865786510142
2026-05-08,20.11,logs/5-8 20.11/5-8.csv,2.05,15.6572,1,0.0,0.0,,
2026-05-08,20.11,logs/5-8 20.11/5-8.csv,2.05,17.5491,1,-14.84,-14.84,,
2026-05-08,20.11,logs/5-8 20.11/5-8.csv,2.05,19.9302,23,1.6304347826086956,0.0,,6.316793258853642
2026-05-08,20.11,logs/5-8 20.11/5-8.csv,2.05,22.0675,1114,-0.1314452423698384,-0.78,,3.302435945547958
2026-05-08,20.11,logs/5-8 20.11/5-8.csv,2.05,24.2801,493,-0.6059634888438135,-0.78,,3.177528270406628
2026-05-08,20.11,logs/5-8 20.11/5-8.csv,2.05,27.1728,3,-5.466666666666666,-5.470000000000001,,3.905001067007963
2026-05-08,20.11,logs/5-8 20.11/5-8.csv,2.1152,6.4361,1,0.78,0.78,,
2026-05-08,20.11,logs/5-8 20.11/5-8.csv,2.1152,15.6572,1,0.0,0.0,,
2026-05-08,20.11,logs/5-8 20.11/5-8.csv,2.1152,17.5491,1,-7.03,-7.03,,
2026-05-08,20.11,logs/5-8 20.11/5-8.csv,2.1152,19.9302,1,0.78,0.78,,
2026-05-08,20.11,logs/5-8 20.11/5-8.csv,2.1152,22.0675,6,-2.2133333333333334,-2.345,,4.593824840660195
2026-05-08,20.11,logs/5-8 20.11/5-8.csv,2.1152,24.2801,687,-0.3116885007278021,-0.78,,3.7914747935102855
2026-05-08,20.11,logs/5-8 20.11/5-8.csv,2.1152,27.1728,510,-0.7533333333333334,-0.78,,3.548913758752048
2026-05-08,20.11,logs/5-8 20.11/5-8.csv,2.1152,30.9147,1,-3.1300000000000003,-3.1300000000000003,,
2026-05-08,20.11,logs/5-8 20.11/5-8.csv,2.1152,33.0568,1,-1.5599999999999998,-1.5599999999999998,,
2026-05-08,20.11,logs/5-8 20.11/5-8.csv,2.1682,7.5789,1,-0.78,-0.78,,
2026-05-08,20.11,logs/5-8 20.11/5-8.csv,2.1682,8.1077,1,4.69,4.69,,
2026-05-08,20.11,logs/5-8 20.11/5-8.csv,2.1682,14.2578,1,-2.35,-2.35,,
2026-05-08,20.11,logs/5-8 20.11/5-8.csv,2.1682,15.6572,1,0.0,0.0,,
2026-05-08,20.11,logs/5-8 20.11/5-8.csv,2.1682,19.9302,1,-2.34,-2.34,,
2026-05-08,20.11,logs/5-8 20.11/5-8.csv,2.1682,22.0675,1,2.34,2.34,,
2026-05-08,20.11,logs/5-8 20.11/5-8.csv,2.1682,24.2801,5,-1.718,-3.12,,10.832523713336611
2026-05-08,20.11,logs/5-8 20.11/5-8.csv,2.1682,27.1728,925,-1.458864864864865,-1.56,,3.3746785173339235
2026-05-08,20.11,logs/5-8 20.11/5-8.csv,2.1682,30.9147,503,-1.3370576540755468,-0.78,,3.110935488274745
2026-05-08,20.11,logs/5-8 20.11/5-8.csv,2.1682,33.0568,3,-0.7799999999999999,-1.56,,1.3509996299037244
2026-05-08,20.11,logs/5-8 20.11/5-8.csv,2.1682,36.822,1,5.47,5.47,,
2026-05-08,20.11,logs/5-8 20.11/5-8.csv,2.253,9.2674,1,-6.25,-6.25,,
2026-05-08,20.11,logs/5-8 20.11/5-8.csv,2.253,11.8935,1,0.0,0.0,,
2026-05-08,20.11,logs/5-8 20.11/5-8.csv,2.253,19.9302,1,-2.35,-2.35,,
2026-05-08,20.11,logs/5-8 20.11/5-8.csv,2.253,22.0675,2,-1.955,-1.955,,2.764787514439401
2026-05-08,20.11,logs/5-8 20.11/5-8.csv,2.253,24.2801,2,0.0,0.0,,0.0
2026-05-08,20.11,logs/5-8 20.11/5-8.csv,2.253,27.1728,14,-3.1792857142857143,-1.56,,6.768398815633764
2026-05-08,20.11,logs/5-8 20.11/5-8.csv,2.253,30.9147,1230,-1.1684552845528455,-0.78,,3.068342312125238
2026-05-08,20.11,logs/5-8 20.11/5-8.csv,2.253,33.0568,176,-1.3492613636363635,-1.56,,3.012778503050225
2026-05-08,20.11,logs/5-8 20.11/5-8.csv,2.253,36.822,4,-0.1950000000000001,0.78,,3.741626206165799
2026-05-08,20.11,logs/5-8 20.11/5-8.csv,2.253,42.2183,1,-8.600000000000001,-8.600000000000001,,
2026-05-08,20.11,logs/5-8 20.11/5-8.csv,2.2849,11.8935,1,-4.69,-4.69,,
2026-05-08,20.11,logs/5-8 20.11/5-8.csv,2.2849,17.5491,2,1.5649999999999995,1.5649999999999995,,4.419417382415921
2026-05-08,20.11,logs/5-8 20.11/5-8.csv,2.2849,27.1728,2,0.3899999999999999,0.3899999999999999,,3.87494516090228
2026-05-08,20.11,logs/5-8 20.11/5-8.csv,2.2849,30.9147,9,1.7377777777777776,0.0,,4.451465426625758
2026-05-08,20.11,logs/5-8 20.11/5-8.csv,2.2849,33.0568,590,-1.4267966101694916,-1.56,,3.4341915677881065
2026-05-08,20.11,logs/5-8 20.11/5-8.csv,2.2849,36.822,648,-0.7787191358024692,-0.78,,2.957936077323384
2026-05-08,20.11,logs/5-8 20.11/5-8.csv,2.2849,42.2183,4,-3.7125,-4.3,,2.8077081401028847
2026-05-08,20.11,logs/5-8 20.11/5-8.csv,2.3877,11.0771,1,-0.78,-0.78,,
2026-05-08,20.11,logs/5-8 20.11/5-8.csv,2.3877,22.0675,1,-3.13,-3.13,,
2026-05-08,20.11,logs/5-8 20.11/5-8.csv,2.3877,27.1728,2,-1.17,-1.17,,0.5515432893255069
2026-05-08,20.11,logs/5-8 20.11/5-8.csv,2.3877,30.9147,1,0.0,0.0,,
2026-05-08,20.11,logs/5-8 20.11/5-8.csv,2.3877,33.0568,5,-2.5,0.0,,3.467412580008326
2026-05-08,20.11,logs/5-8 20.11/5-8.csv,2.3877,36.822,923,-0.95489707475623,-0.78,,3.779274836790513
2026-05-08,20.11,logs/5-8 20.11/5-8.csv,2.3877,42.2183,49,0.4318367346938774,0.0,,4.186767683960478
2026-05-08,20.11,logs/5-8 20.11/5-8.csv,2.3877,47.3729,1,0.78,0.78,,
2026-05-08,20.11,logs/5-8 20.11/5-8.csv,2.449,19.9302,1,0.0,0.0,,
2026-05-08,20.11,logs/5-8 20.11/5-8.csv,2.449,24.2801,2,1.5650000000000004,1.5650000000000004,,4.419417382415922
2026-05-08,20.11,logs/5-8 20.11/5-8.csv,2.449,30.9147,4,-0.585,0.0,,4.2024476994564335
2026-05-08,20.11,logs/5-8 20.11/5-8.csv,2.449,33.0568,2,-7.814999999999999,-7.814999999999999,,7.728677118368965
2026-05-08,20.11,logs/5-8 20.11/5-8.csv,2.449,36.822,32,-2.244375,-2.73,,4.976439935886282
2026-05-08,20.11,logs/5-8 20.11/5-8.csv,2.449,42.2183,756,-0.1224074074074074,0.0,,3.8021434906991054
2026-05-08,20.11,logs/5-8 20.11/5-8.csv,2.449,47.3729,24,0.3595833333333333,1.56,,4.539201691129579
2026-05-08,20.11,logs/5-8 20.11/5-8.csv,2.5482,33.0568,2,-0.39,-0.39,,0.5515432893255071
2026-05-08,20.11,logs/5-8 20.11/5-8.csv,2.5482,36.822,3,0.2566666666666668,0.78,,3.1576943065048795
2026-05-08,20.11,logs/5-8 20.11/5-8.csv,2.5482,42.2183,45,-1.5617777777777777,-0.78,,3.624064323687181
2026-05-08,20.11,logs/5-8 20.11/5-8.csv,2.5482,47.3729,506,-1.1024308300395258,-0.78,,3.154954836437205
2026-05-08,20.11,logs/5-8 20.11/5-8.csv,2.5482,50.5261,45,0.7295555555555555,0.0,,3.7228306407622114
2026-05-08,20.11,logs/5-8 20.11/5-8.csv,2.5482,57.3682,1,0.0,0.0,,
2026-05-08,20.11,logs/5-8 20.11/5-8.csv,2.62,33.0568,1,0.78,0.78,,
2026-05-08,20.11,logs/5-8 20.11/5-8.csv,2.62,47.3729,9,-4.338888888888889,-0.78,,5.937500409356712
2026-05-08,20.11,logs/5-8 20.11/5-8.csv,2.62,50.5261,139,-0.3759712230215827,0.0,,3.08395325991021
2026-05-08,20.11,logs/5-8 20.11/5-8.csv,2.62,57.3682,11,-0.7818181818181817,0.0,,3.4940801884954444
2026-05-08,20.11,logs/5-8 20.11/5-8.csv,2.7327,42.2183,1,-3.91,-3.91,,
2026-05-08,20.11,logs/5-8 20.11/5-8.csv,2.7327,47.3729,1,0.0,0.0,,
2026-05-08,20.11,logs/5-8 20.11/5-8.csv,2.7327,50.5261,9,0.7811111111111111,0.0,,4.297727435646788
2026-05-08,20.11,logs/5-8 20.11/5-8.csv,2.7327,57.3682,215,-0.1596279069767442,0.0,,1.1007664497011411
2026-05-08,20.11,logs/5-8 20.11/5-8.csv,2.7327,73.8877,1,0.0,0.0,,
2026-05-08,20.11,logs/5-8 20.11/5-8.csv,2.8274,47.3729,1,3.13,3.13,,
2026-05-08,20.11,logs/5-8 20.11/5-8.csv,2.8274,50.5261,1,-4.69,-4.69,,
2026-05-08,20.11,logs/5-8 20.11/5-8.csv,2.8274,57.3682,13,-0.1807692307692308,0.0,,1.5013019990354015
2026-05-08,20.11,logs/5-8 20.11/5-8.csv,2.8274,73.8877,28,-0.1675,0.0,,0.8863266892066377
2026-05-08,20.11,logs/5-8 20.11/5-8.csv,2.9125,57.3682,2,0.0,0.0,,0.0
2026-05-08,20.11,logs/5-8 20.11/5-8.csv,2.9125,73.8877,44,0.461590909090909,0.0,,2.255937842601803
2026-05-08,20.11,logs/5-8 20.11/5-8.csv,2.9125,80.0684,10,-0.469,0.0,,1.4831082226189698
2026-05-08,20.11,logs/5-8 20.11/5-8.csv,2.9125,84.9893,1,0.0,0.0,,
2026-05-08,20.11,logs/5-8 20.11/5-8.csv,2.99,80.0684,15,0.0,0.0,,0.0
2026-05-08,20.11,logs/5-8 20.11/5-8.csv,2.99,84.9893,11,0.0,0.0,,0.0
2026-05-08,20.11,logs/5-8 20.11/5-8.csv,3.0654,80.0684,1,-0.78,-0.78,,
2026-05-08,20.11,logs/5-8 20.11/5-8.csv,3.0654,84.9893,9,0.0,0.0,,0.0
2026-05-08,20.11,logs/5-8 20.11/5-8.csv,3.0654,90.132,23,-0.2039130434782609,0.0,,0.9779326019276804
2026-05-08,20.11,logs/5-8 20.11/5-8.csv,3.1508,90.132,4,0.0,0.0,,0.0
2026-05-08,20.11,logs/5-8 20.11/5-8.csv,3.1508,110.681,12,-0.3908333333333333,0.0,,1.3538863812496724
2026-05-08,20.11,logs/5-8 20.11/5-8.csv,3.26,110.681,15,0.0,0.0,,0.0
2026-05-10,20.11,logs/5-10 20.11/log0003.csv,1.28,4.3333,1,-3.9,-3.9,,
2026-05-10,20.11,logs/5-10 20.11/log0003.csv,1.3021,4.3333,1,1.5700000000000005,1.5700000000000005,,
2026-05-10,20.11,logs/5-10 20.11/log0003.csv,1.3021,5.3437,1,-0.7799999999999998,-0.7799999999999998,,
2026-05-10,20.11,logs/5-10 20.11/log0003.csv,1.3628,4.3333,1,1.5700000000000005,1.5700000000000005,,
2026-05-10,20.11,logs/5-10 20.11/log0003.csv,1.3948,5.3437,1,1.5700000000000005,1.5700000000000005,,
2026-05-10,20.11,logs/5-10 20.11/log0003.csv,1.3948,5.6028,2,-3.905,-3.905,,2.2132442251138937
2026-05-10,20.11,logs/5-10 20.11/log0003.csv,1.3948,6.4361,1,2.3500000000000005,2.3500000000000005,,
2026-05-10,20.11,logs/5-10 20.11/log0003.csv,1.45,6.4361,3,0.2633333333333334,-0.78,,2.5130525926317846
2026-05-10,20.11,logs/5-10 20.11/log0003.csv,1.4801,6.4361,1,-5.47,-5.47,,
2026-05-10,20.11,logs/5-10 20.11/log0003.csv,1.4801,7.5789,1,3.1300000000000003,3.1300000000000003,,
2026-05-10,20.11,logs/5-10 20.11/log0003.csv,1.4801,8.1077,1,4.69,4.69,,
2026-05-10,20.11,logs/5-10 20.11/log0003.csv,1.5473,8.1077,9,1.218888888888889,3.1300000000000003,,2.653537471209161
2026-05-10,20.11,logs/5-10 20.11/log0003.csv,1.593,9.2674,9,2.9533333333333336,4.69,,3.399944852493934
2026-05-10,20.11,logs/5-10 20.11/log0003.csv,1.593,9.9646,2,4.69,4.69,,1.103086578651015
2026-05-10,20.11,logs/5-10 20.11/log0003.csv,1.6417,4.3333,1,-3.9,-3.9,,
2026-05-10,20.11,logs/5-10 20.11/log0003.csv,1.6417,9.2674,3,-3.123333333333333,-1.56,,2.707772762499345
2026-05-10,20.11,logs/5-10 20.11/log0003.csv,1.6417,9.9646,10,0.5509999999999998,2.74,,6.096610078104425
2026-05-10,20.11,logs/5-10 20.11/log0003.csv,1.6417,11.0771,6,2.0883333333333334,2.35,,1.456219992537758
2026-05-10,20.11,logs/5-10 20.11/log0003.csv,1.6417,11.8935,1,3.1300000000000003,3.1300000000000003,,
2026-05-10,20.11,logs/5-10 20.11/log0003.csv,1.68,9.9646,2,-1.95,-1.95,,0.5515432893255069
2026-05-10,20.11,logs/5-10 20.11/log0003.csv,1.68,11.0771,4,0.98,0.7850000000000001,,2.9501751360441864
2026-05-10,20.11,logs/5-10 20.11/log0003.csv,1.68,11.8935,5,1.098,1.5699999999999998,,1.4221708758092326
2026-05-10,20.11,logs/5-10 20.11/log0003.csv,1.7451,11.8935,17,0.1411764705882352,-0.78,,2.2655487258966125
2026-05-10,20.11,logs/5-10 20.11/log0003.csv,1.7451,14.2578,22,1.637272727272727,2.74,,2.608084832498072
2026-05-10,20.11,logs/5-10 20.11/log0003.csv,1.81,14.2578,15,-2.08,-1.56,,2.76659925333819
2026-05-10,20.11,logs/5-10 20.11/log0003.csv,1.81,15.6572,12,-2.4066666666666667,-2.34,,3.006481886413642
2026-05-10,20.11,logs/5-10 20.11/log0003.csv,1.85,11.8935,1,-6.25,-6.25,,
2026-05-10,20.11,logs/5-10 20.11/log0003.csv,1.85,15.6572,52,-1.5601923076923077,-3.12,,4.070214375230354
2026-05-10,20.11,logs/5-10 20.11/log0003.csv,1.85,17.5491,41,-0.1314634146341463,-1.56,,3.998002977097196
2026-05-10,20.11,logs/5-10 20.11/log0003.csv,1.91,6.4361,1,0.0,0.0,,
2026-05-10,20.11,logs/5-10 20.11/log0003.csv,1.91,14.2578,1,-1.56,-1.56,,
2026-05-10,20.11,logs/5-10 20.11/log0003.csv,1.91,17.5491,83,-1.089879518072289,-0.78,,2.8145703194036664
2026-05-10,20.11,logs/5-10 20.11/log0003.csv,1.91,19.9302,50,-1.0288000000000002,-1.56,,1.883214403565329
2026-05-10,20.11,logs/5-10 20.11/log0003.csv,1.9888,17.5491,1,6.25,6.25,,
2026-05-10,20.11,logs/5-10 20.11/log0003.csv,1.9888,19.9302,144,-1.787847222222222,-1.56,,3.2718323522959865
2026-05-10,20.11,logs/5-10 20.11/log0003.csv,1.9888,22.0675,88,-0.3614772727272727,0.0,,2.5867965098525976
2026-05-10,20.11,logs/5-10 20.11/log0003.csv,2.05,9.9646,1,-1.56,-1.56,,
2026-05-10,20.11,logs/5-10 20.11/log0003.csv,2.05,11.8935,1,-2.34,-2.34,,
2026-05-10,20.11,logs/5-10 20.11/log0003.csv,2.05,19.9302,8,-3.2212499999999995,-3.125,,3.2214834094160496
2026-05-10,20.11,logs/5-10 20.11/log0003.csv,2.05,22.0675,241,-0.4349377593360996,-0.78,,2.9655537875653666
2026-05-10,20.11,logs/5-10 20.11/log0003.csv,2.05,24.2801,84,-1.3464285714285715,-1.56,,3.908754352117557
2026-05-10,20.11,logs/5-10 20.11/log0003.csv,2.05,27.1728,1,2.35,2.35,,
2026-05-10,20.11,logs/5-10 20.11/log0003.csv,2.05,33.0568,1,-1.5599999999999998,-1.5599999999999998,,
2026-05-10,20.11,logs/5-10 20.11/log0003.csv,2.1152,19.9302,1,-1.56,-1.56,,
2026-05-10,20.11,logs/5-10 20.11/log0003.csv,2.1152,22.0675,4,-1.1675,-1.5600000000000005,,8.688867877922878
2026-05-10,20.11,logs/5-10 20.11/log0003.csv,2.1152,24.2801,205,-0.4661463414634147,-0.78,,4.039915461895646
2026-05-10,20.11,logs/5-10 20.11/log0003.csv,2.1152,27.1728,154,0.3421428571428571,0.0,,3.6044899314234415
2026-05-10,20.11,logs/5-10 20.11/log0003.csv,2.1682,27.1728,211,0.3879146919431279,0.7799999999999998,,3.376013345200755
2026-05-10,20.11,logs/5-10 20.11/log0003.csv,2.1682,30.9147,76,0.6822368421052631,1.5699999999999998,,4.659442197998731
2026-05-10,20.11,logs/5-10 20.11/log0003.csv,2.253,27.1728,2,3.52,3.52,,1.6546298679765206
2026-05-10,20.11,logs/5-10 20.11/log0003.csv,2.253,30.9147,225,1.4370222222222222,0.0,,5.524073332473027
2026-05-10,20.11,logs/5-10 20.11/log0003.csv,2.253,33.0568,68,1.794264705882353,0.0,,6.477612033784386
2026-05-10,20.11,logs/5-10 20.11/log0003.csv,2.2849,15.6572,1,-1.56,-1.56,,
2026-05-10,20.11,logs/5-10 20.11/log0003.csv,2.2849,30.9147,4,-3.515,-3.905,,2.888950213024332
2026-05-10,20.11,logs/5-10 20.11/log0003.csv,2.2849,33.0568,186,-1.4255376344086024,-2.34,,3.4128738751622785
2026-05-10,20.11,logs/5-10 20.11/log0003.csv,2.2849,36.822,222,-1.6616216216216215,-2.34,,2.5643626361115817
2026-05-10,20.11,logs/5-10 20.11/log0003.csv,2.2849,42.2183,1,-2.34,-2.34,,
2026-05-10,20.11,logs/5-10 20.11/log0003.csv,2.3877,30.9147,1,0.0,0.0,,
2026-05-10,20.11,logs/5-10 20.11/log0003.csv,2.3877,33.0568,2,-3.9,-3.9,,1.1030865786510138
2026-05-10,20.11,logs/5-10 20.11/log0003.csv,2.3877,36.822,379,-0.981292875989446,-0.78,,2.750968307874148
2026-05-10,20.11,logs/5-10 20.11/log0003.csv,2.3877,42.2183,29,-1.0493103448275862,-1.56,,4.089012220079635
2026-05-10,20.11,logs/5-10 20.11/log0003.csv,2.449,24.2801,1,-3.12,-3.12,,
2026-05-10,20.11,logs/5-10 20.11/log0003.csv,2.449,30.9147,1,-2.34,-2.34,,
2026-05-10,20.11,logs/5-10 20.11/log0003.csv,2.449,36.822,11,-2.058181818181818,-1.56,,1.984695534241049
2026-05-10,20.11,logs/5-10 20.11/log0003.csv,2.449,42.2183,382,-1.1169371727748691,-1.56,,3.6764496726485247
2026-05-10,20.11,logs/5-10 20.11/log0003.csv,2.449,47.3729,9,-0.0844444444444446,0.0,,5.290019166106846
2026-05-10,20.11,logs/5-10 20.11/log0003.csv,2.5482,42.2183,17,-2.433529411764706,-2.34,,2.690880295499204
2026-05-10,20.11,logs/5-10 20.11/log0003.csv,2.5482,47.3729,288,0.5955902777777777,0.0,,3.26901060144794
2026-05-10,20.11,logs/5-10 20.11/log0003.csv,2.5482,50.5261,17,2.3000000000000003,0.0,,4.301955950495078
2026-05-10,20.11,logs/5-10 20.11/log0003.csv,2.62,47.3729,1,0.0,0.0,,
2026-05-10,20.11,logs/5-10 20.11/log0003.csv,2.62,50.5261,108,-0.5196296296296297,-0.78,,1.1502977476604732
2026-05-10,20.11,logs/5-10 20.11/log0003.csv,2.62,57.3682,4,-0.975,-0.78,,0.3899999999999999
2026-05-10,20.11,logs/5-10 20.11/log0003.csv,2.7327,36.822,1,-1.56,-1.56,,
2026-05-10,20.11,logs/5-10 20.11/log0003.csv,2.7327,50.5261,4,-0.585,-0.78,,0.39
2026-05-10,20.11,logs/5-10 20.11/log0003.csv,2.7327,57.3682,109,-0.2780733944954128,-0.78,,2.131137097395825
2026-05-10,20.11,logs/5-10 20.11/log0003.csv,2.8274,57.3682,18,-1.0405555555555557,-0.78,,0.929088561739706
2026-05-10,20.11,logs/5-10 20.11/log0003.csv,2.8274,73.8877,20,-1.0145,-0.78,,1.0487158814474011
2026-05-10,20.11,logs/5-10 20.11/log0003.csv,2.9125,73.8877,26,-0.78,-0.78,,0.0
2026-05-10,20.11,logs/5-10 20.11/log0003.csv,2.9125,80.0684,4,-0.78,-0.78,,0.0
2026-05-10,20.11,logs/5-10 20.11/log0003.csv,2.99,73.8877,1,-1.56,-1.56,,
2026-05-10,20.11,logs/5-10 20.11/log0003.csv,2.99,80.0684,8,-0.78,-0.78,,0.0
2026-05-10,20.11,logs/5-10 20.11/log0003.csv,2.99,84.9893,13,-1.1407692307692308,-0.78,,1.3007719601481622
2026-05-10,20.11,logs/5-10 20.11/log0003.csv,3.0654,84.9893,5,-0.78,-0.78,,0.0
2026-05-10,20.11,logs/5-10 20.11/log0003.csv,3.0654,90.132,11,-0.8509090909090908,-0.78,,0.2351788487706556
2026-05-10,20.11,logs/5-10 20.11/log0003.csv,3.1508,110.681,6,-0.7799999999999999,-0.78,,0.0
2026-05-11,20.11,logs/5-11 20.11/log0001.csv,1.2201,3.9996,1,-2.34,-2.34,,
2026-05-11,20.11,logs/5-11 20.11/log0001.csv,1.28,3.9996,1,-2.34,-2.34,,
2026-05-11,20.11,logs/5-11 20.11/log0001.csv,1.28,4.3333,1,0.79,0.79,,
2026-05-11,20.11,logs/5-11 20.11/log0001.csv,1.3628,4.3333,1,0.79,0.79,,
2026-05-11,20.11,logs/5-11 20.11/log0001.csv,1.3948,5.6028,1,-3.9,-3.9,,
2026-05-11,20.11,logs/5-11 20.11/log0001.csv,1.3948,6.4361,3,-8.593333333333334,-7.81,,2.069355777369695
2026-05-11,20.11,logs/5-11 20.11/log0001.csv,1.45,6.4361,1,0.0,0.0,,
2026-05-11,20.11,logs/5-11 20.11/log0001.csv,1.4801,6.4361,2,-7.029999999999999,-7.029999999999999,,8.881784197001252e-16
2026-05-11,20.11,logs/5-11 20.11/log0001.csv,1.4801,7.5789,4,-5.4675,-6.25,,2.7068108541233538
2026-05-11,20.11,logs/5-11 20.11/log0001.csv,1.4801,8.1077,1,-1.56,-1.56,,
2026-05-11,20.11,logs/5-11 20.11/log0001.csv,1.5473,5.3437,1,-2.34,-2.34,,
2026-05-11,20.11,logs/5-11 20.11/log0001.csv,1.5473,6.4361,1,-7.81,-7.81,,
2026-05-11,20.11,logs/5-11 20.11/log0001.csv,1.5473,7.5789,2,-1.56,-1.56,,2.2061731573020285
2026-05-11,20.11,logs/5-11 20.11/log0001.csv,1.5473,8.1077,14,-3.960714285714286,-5.470000000000001,,3.683164325759775
2026-05-11,20.11,logs/5-11 20.11/log0001.csv,1.5473,9.2674,3,-3.9066666666666654,-4.69,,2.0693557773696947
2026-05-11,20.11,logs/5-11 20.11/log0001.csv,1.593,7.5789,1,-3.91,-3.91,,
2026-05-11,20.11,logs/5-11 20.11/log0001.csv,1.593,8.1077,8,-2.82875,-2.73,,5.14879302777429
2026-05-11,20.11,logs/5-11 20.11/log0001.csv,1.593,9.2674,19,-1.6436842105263156,-1.56,,4.457736359442132
2026-05-11,20.11,logs/5-11 20.11/log0001.csv,1.593,9.9646,7,-3.2328571428571427,-3.9,,2.4866759223624504
2026-05-11,20.11,logs/5-11 20.11/log0001.csv,1.6417,9.2674,8,-1.95125,-2.73,,4.5751422694506765
2026-05-11,20.11,logs/5-11 20.11/log0001.csv,1.6417,9.9646,91,-2.625054945054945,-2.34,,4.558657788239958
2026-05-11,20.11,logs/5-11 20.11/log0001.csv,1.6417,11.0771,80,-0.34925,-0.78,,4.4035163667692965
2026-05-11,20.11,logs/5-11 20.11/log0001.csv,1.6417,11.8935,7,2.121428571428571,0.0,,4.456782952502207
2026-05-11,20.11,logs/5-11 20.11/log0001.csv,1.68,5.6028,1,1.5700000000000005,1.5700000000000005,,
2026-05-11,20.11,logs/5-11 20.11/log0001.csv,1.68,9.2674,1,-7.81,-7.81,,
2026-05-11,20.11,logs/5-11 20.11/log0001.csv,1.68,9.9646,10,-1.951,-1.56,,5.491347638684778
2026-05-11,20.11,logs/5-11 20.11/log0001.csv,1.68,11.0771,143,-1.5395104895104896,-2.34,,4.875921195545607
2026-05-11,20.11,logs/5-11 20.11/log0001.csv,1.68,11.8935,212,0.5916509433962264,0.7799999999999998,,4.724471495390505
2026-05-11,20.11,logs/5-11 20.11/log0001.csv,1.7451,9.9646,2,-2.34,-2.34,,1.1030865786510142
2026-05-11,20.11,logs/5-11 20.11/log0001.csv,1.7451,11.0771,3,-2.08,-5.470000000000001,,10.196778903163487
2026-05-11,20.11,logs/5-11 20.11/log0001.csv,1.7451,11.8935,462,0.3292640692640692,2.34,,4.495617328267642
2026-05-11,20.11,logs/5-11 20.11/log0001.csv,1.7451,14.2578,217,0.2472350230414746,0.0,,3.963706494098711
2026-05-11,20.11,logs/5-11 20.11/log0001.csv,1.81,9.2674,2,-5.86,-5.86,,0.5515432893255067
2026-05-11,20.11,logs/5-11 20.11/log0001.csv,1.81,11.8935,3,-4.426666666666667,-4.69,,2.744491452588864
2026-05-11,20.11,logs/5-11 20.11/log0001.csv,1.81,14.2578,251,-0.0499601593625498,0.0,,4.507507470698898
2026-05-11,20.11,logs/5-11 20.11/log0001.csv,1.81,15.6572,365,0.4876438356164383,0.0,,4.259726353776986
2026-05-11,20.11,logs/5-11 20.11/log0001.csv,1.85,14.2578,3,-0.2566666666666666,-1.56,,3.691779155547272
2026-05-11,20.11,logs/5-11 20.11/log0001.csv,1.85,15.6572,348,1.1942816091954025,1.5699999999999998,,4.620880662724593
2026-05-11,20.11,logs/5-11 20.11/log0001.csv,1.85,17.5491,497,1.0520523138832998,0.0,,4.070216940263275
2026-05-11,20.11,logs/5-11 20.11/log0001.csv,1.91,8.1077,1,0.0,0.0,,
2026-05-11,20.11,logs/5-11 20.11/log0001.csv,1.91,15.6572,5,-2.342,-2.34,,2.81995921956329
2026-05-11,20.11,logs/5-11 20.11/log0001.csv,1.91,17.5491,521,0.5707101727447217,-0.78,,4.893666204162447
2026-05-11,20.11,logs/5-11 20.11/log0001.csv,1.91,19.9302,335,2.0960597014925373,2.35,,5.032697339538224
2026-05-11,20.11,logs/5-11 20.11/log0001.csv,1.9888,15.6572,4,-3.32,-3.125,,3.1496560658797863
2026-05-11,20.11,logs/5-11 20.11/log0001.csv,1.9888,17.5491,9,-2.602222222222222,-3.91,,5.79514188302965
2026-05-11,20.11,logs/5-11 20.11/log0001.csv,1.9888,19.9302,667,0.6410044977511244,0.0,,4.576259574387357
2026-05-11,20.11,logs/5-11 20.11/log0001.csv,1.9888,22.0675,157,1.1313375796178344,0.0,,4.033635996623666
2026-05-11,20.11,logs/5-11 20.11/log0001.csv,2.05,19.9302,13,-2.9438461538461542,-3.12,,3.868907120582285
2026-05-11,20.11,logs/5-11 20.11/log0001.csv,2.05,22.0675,766,-0.5206657963446475,-0.78,,3.6980267411631815
2026-05-11,20.11,logs/5-11 20.11/log0001.csv,2.05,24.2801,267,-0.2023970037453182,0.0,,3.293125481329319
2026-05-11,20.11,logs/5-11 20.11/log0001.csv,2.05,30.9147,1,-2.34,-2.34,,
2026-05-11,20.11,logs/5-11 20.11/log0001.csv,2.1152,11.0771,1,-2.34,-2.34,,
2026-05-11,20.11,logs/5-11 20.11/log0001.csv,2.1152,22.0675,1,0.7799999999999998,0.7799999999999998,,
2026-05-11,20.11,logs/5-11 20.11/log0001.csv,2.1152,24.2801,516,-0.8368023255813952,-0.7799999999999998,,3.896520136288201
2026-05-11,20.11,logs/5-11 20.11/log0001.csv,2.1152,27.1728,229,-0.8212663755458514,0.0,,3.460577436827084
2026-05-11,20.11,logs/5-11 20.11/log0001.csv,2.1682,11.0771,1,1.5700000000000005,1.5700000000000005,,
2026-05-11,20.11,logs/5-11 20.11/log0001.csv,2.1682,17.5491,1,-4.69,-4.69,,
2026-05-11,20.11,logs/5-11 20.11/log0001.csv,2.1682,24.2801,2,-1.95,-1.95,,0.5515432893255069
2026-05-11,20.11,logs/5-11 20.11/log0001.csv,2.1682,27.1728,513,-2.502027290448343,-2.34,,3.720853053342241
2026-05-11,20.11,logs/5-11 20.11/log0001.csv,2.1682,30.9147,150,-1.6793999999999998,-1.5599999999999998,,3.9066053562390928
2026-05-11,20.11,logs/5-11 20.11/log0001.csv,2.253,22.0675,2,-1.17,-1.17,,1.654629867976521
2026-05-11,20.11,logs/5-11 20.11/log0001.csv,2.253,27.1728,7,-3.681428571428572,-3.9,,2.540612974404856
2026-05-11,20.11,logs/5-11 20.11/log0001.csv,2.253,30.9147,512,-2.618828125,-2.34,,2.889766171539519
2026-05-11,20.11,logs/5-11 20.11/log0001.csv,2.253,33.0568,90,-2.3495555555555554,-2.34,,2.572208385808772
2026-05-11,20.11,logs/5-11 20.11/log0001.csv,2.253,36.822,1,-6.25,-6.25,,
2026-05-11,20.11,logs/5-11 20.11/log0001.csv,2.2849,22.0675,1,-1.56,-1.56,,
2026-05-11,20.11,logs/5-11 20.11/log0001.csv,2.2849,30.9147,12,-2.536666666666666,-1.56,,3.145187762377004
2026-05-11,20.11,logs/5-11 20.11/log0001.csv,2.2849,33.0568,328,-4.410914634146342,-4.68,,3.208973716117536
2026-05-11,20.11,logs/5-11 20.11/log0001.csv,2.2849,36.822,192,-3.549583333333333,-3.9,,3.161740496441983
2026-05-11,20.11,logs/5-11 20.11/log0001.csv,2.3877,33.0568,2,-1.1649999999999998,-1.1649999999999998,,3.867874093090415
2026-05-11,20.11,logs/5-11 20.11/log0001.csv,2.3877,36.822,922,-2.310108459869848,-1.5599999999999998,,1.9571792142834104
2026-05-11,20.11,logs/5-11 20.11/log0001.csv,2.3877,42.2183,38,-2.114210526315789,-1.5599999999999998,,1.7313760057826015
2026-05-11,20.11,logs/5-11 20.11/log0001.csv,2.449,33.0568,1,-2.34,-2.34,,
2026-05-11,20.11,logs/5-11 20.11/log0001.csv,2.449,36.822,33,-2.457878787878788,-3.12,,1.3690342343595667
2026-05-11,20.11,logs/5-11 20.11/log0001.csv,2.449,42.2183,460,-2.787239130434783,-2.34,,2.187650919136608
2026-05-11,20.11,logs/5-11 20.11/log0001.csv,2.449,47.3729,4,-6.445,-6.25,,0.3900000000000002
2026-05-11,20.11,logs/5-11 20.11/log0001.csv,2.449,50.5261,1,0.0,0.0,,
2026-05-11,20.11,logs/5-11 20.11/log0001.csv,2.5482,27.1728,1,-5.47,-5.47,,
2026-05-11,20.11,logs/5-11 20.11/log0001.csv,2.5482,30.9147,1,0.0,0.0,,
2026-05-11,20.11,logs/5-11 20.11/log0001.csv,2.5482,42.2183,8,-2.5375,-1.17,,2.793649686597905
2026-05-11,20.11,logs/5-11 20.11/log0001.csv,2.5482,47.3729,117,-3.3844444444444446,-3.12,,2.6812858612486283
2026-05-11,20.11,logs/5-11 20.11/log0001.csv,2.5482,50.5261,8,-0.6825,-0.78,,0.2757716446627535
2026-05-11,20.11,logs/5-11 20.11/log0001.csv,2.62,47.3729,1,-0.78,-0.78,,
2026-05-11,20.11,logs/5-11 20.11/log0001.csv,2.62,50.5261,51,-0.963921568627451,-0.78,,0.8356963047216924
2026-05-11,20.11,logs/5-11 20.11/log0001.csv,2.62,57.3682,4,-1.5625000000000002,-0.78,,2.1171738237565667
2026-05-11,20.11,logs/5-11 20.11/log0001.csv,2.7327,50.5261,3,-0.52,-0.78,,0.4503332099679081
2026-05-11,20.11,logs/5-11 20.11/log0001.csv,2.7327,57.3682,59,-0.8196610169491525,-0.78,,0.3046420516951278
2026-05-11,20.11,logs/5-11 20.11/log0001.csv,2.8274,57.3682,7,-0.78,-0.78,,0.0
2026-05-11,20.11,logs/5-11 20.11/log0001.csv,2.8274,73.8877,10,-1.093,-0.78,,1.287409543747961
2026-05-11,20.11,logs/5-11 20.11/log0001.csv,2.9125,57.3682,1,0.0,0.0,,
2026-05-11,20.11,logs/5-11 20.11/log0001.csv,2.9125,73.8877,20,-0.858,-0.78,,0.348826604489967
2026-05-11,20.11,logs/5-11 20.11/log0001.csv,2.9125,80.0684,1,-0.78,-0.78,,
2026-05-11,20.11,logs/5-11 20.11/log0001.csv,2.99,80.0684,5,-0.78,-0.78,,0.0
2026-05-11,20.11,logs/5-11 20.11/log0001.csv,2.99,84.9893,6,-0.65,-0.78,,0.3184336665618131
2026-05-11,20.11,logs/5-11 20.11/log0001.csv,2.99,90.132,2,-0.78,-0.78,,0.0
2026-05-11,20.11,logs/5-11 20.11/log0001.csv,3.0654,84.9893,2,-1.56,-1.56,,1.103086578651014
2026-05-11,20.11,logs/5-11 20.11/log0001.csv,3.0654,90.132,1,-0.78,-0.78,,
2026-05-11,20.11,logs/5-11 20.11/log0001.csv,3.1508,90.132,3,-0.7799999999999999,-0.78,,0.0
2026-05-11,20.11,logs/5-11 20.11/log0001.csv,3.1508,110.681,3,-0.7799999999999999,-0.78,,0.0
2026-05-11,20.11,logs/5-11 20.11/log0001.csv,3.26,110.681,3,-0.7799999999999999,-0.78,,0.0
2026-05-11,20.11,logs/5-11 20.11/log0001.csv,3.408,110.681,1,-0.78,-0.78,,
2026-05-11,20.11,logs/5-11 20.11/log0002.csv,1.3948,5.6028,1,-1.56,-1.56,,
2026-05-11,20.11,logs/5-11 20.11/log0002.csv,1.3948,6.4361,1,-4.69,-4.69,,
2026-05-11,20.11,logs/5-11 20.11/log0002.csv,1.5473,6.4361,1,-4.69,-4.69,,
2026-05-11,20.11,logs/5-11 20.11/log0002.csv,1.5473,7.5789,2,-15.235,-15.235,,12.706708857922258
2026-05-11,20.11,logs/5-11 20.11/log0002.csv,1.5473,8.1077,7,-3.2357142857142853,-2.34,,3.44740896492258
2026-05-11,20.11,logs/5-11 20.11/log0002.csv,1.593,9.2674,22,-4.368636363636363,-3.91,,3.710686363739637
2026-05-11,20.11,logs/5-11 20.11/log0002.csv,1.593,9.9646,10,-1.718,-0.78,,2.7253166992316893
2026-05-11,20.11,logs/5-11 20.11/log0002.csv,1.6417,9.2674,6,-4.816666666666666,-4.295,,3.997912788776997
2026-05-11,20.11,logs/5-11 20.11/log0002.csv,1.6417,9.9646,72,-2.7131944444444445,-2.34,,2.8824529002608563
2026-05-11,20.11,logs/5-11 20.11/log0002.csv,1.6417,11.0771,7,-2.12,-0.78,,1.8998859614899697
2026-05-11,20.11,logs/5-11 20.11/log0002.csv,1.68,9.9646,2,-2.345,-2.345,,3.316330803764908
2026-05-11,20.11,logs/5-11 20.11/log0002.csv,1.68,11.0771,29,-2.3979310344827587,-2.34,,2.286999561668933
2026-05-11,20.11,logs/5-11 20.11/log0002.csv,1.68,11.8935,12,-1.8216666666666663,-1.56,,1.952214748495264
2026-05-11,20.11,logs/5-11 20.11/log0002.csv,1.7451,11.8935,133,-3.730977443609023,-3.91,,2.3239112356769427
2026-05-11,20.11,logs/5-11 20.11/log0002.csv,1.7451,14.2578,116,-2.2905172413793102,-2.34,,2.128949871702453
2026-05-11,20.11,logs/5-11 20.11/log0002.csv,1.81,9.2674,2,-11.72,-11.72,,16.574582951012676
2026-05-11,20.11,logs/5-11 20.11/log0002.csv,1.81,11.0771,1,-1.56,-1.56,,
2026-05-11,20.11,logs/5-11 20.11/log0002.csv,1.81,11.8935,3,-1.3033333333333337,0.0,,2.257439552531437
2026-05-11,20.11,logs/5-11 20.11/log0002.csv,1.81,14.2578,176,-2.4153409090909093,-2.34,,2.774764833840317
2026-05-11,20.11,logs/5-11 20.11/log0002.csv,1.81,15.6572,123,-4.339105691056911,-3.91,,4.051700514908318
2026-05-11,20.11,logs/5-11 20.11/log0002.csv,1.85,14.2578,2,-7.81,-7.81,,9.941921343482855
2026-05-11,20.11,logs/5-11 20.11/log0002.csv,1.85,15.6572,415,-2.27055421686747,-2.34,,4.087200231301263
2026-05-11,20.11,logs/5-11 20.11/log0002.csv,1.85,17.5491,222,-0.4956306306306306,-1.56,,3.939438748705724
2026-05-11,20.11,logs/5-11 20.11/log0002.csv,1.91,14.2578,2,-10.55,-10.55,,1.654629867976521
2026-05-11,20.11,logs/5-11 20.11/log0002.csv,1.91,15.6572,6,-1.8216666666666663,-1.56,,2.3001079684803205
2026-05-11,20.11,logs/5-11 20.11/log0002.csv,1.91,17.5491,566,-3.850282685512368,-5.47,,3.4625915801493137
2026-05-11,20.11,logs/5-11 20.11/log0002.csv,1.91,19.9302,105,-2.1575238095238096,-2.34,,3.732464586094138
2026-05-11,20.11,logs/5-11 20.11/log0002.csv,1.9888,17.5491,8,-6.545,-5.47,,2.6060150202395778
2026-05-11,20.11,logs/5-11 20.11/log0002.csv,1.9888,19.9302,353,-3.7957223796034,-4.69,,4.171100329265511
2026-05-11,20.11,logs/5-11 20.11/log0002.csv,1.9888,22.0675,16,-1.171875,0.78,,3.973776069433204
2026-05-11,20.11,logs/5-11 20.11/log0002.csv,1.9888,24.2801,1,-2.34,-2.34,,
2026-05-11,20.11,logs/5-11 20.11/log0002.csv,2.05,8.1077,1,-3.9,-3.9,,
2026-05-11,20.11,logs/5-11 20.11/log0002.csv,2.05,19.9302,27,-4.544444444444444,-5.47,,2.4325743459795737
2026-05-11,20.11,logs/5-11 20.11/log0002.csv,2.05,22.0675,373,-3.870938337801609,-4.68,,2.5663844131121447
2026-05-11,20.11,logs/5-11 20.11/log0002.csv,2.05,24.2801,164,-2.154878048780488,-2.34,,3.223247702536656
2026-05-11,20.11,logs/5-11 20.11/log0002.csv,2.1152,22.0675,2,-7.42,-7.42,,1.654629867976521
2026-05-11,20.11,logs/5-11 20.11/log0002.csv,2.1152,24.2801,272,-2.9097794117647062,-3.12,,3.1247037272188822
2026-05-11,20.11,logs/5-11 20.11/log0002.csv,2.1152,27.1728,138,-4.174130434782609,-4.68,,2.4580354532495914
2026-05-11,20.11,logs/5-11 20.11/log0002.csv,2.1682,19.9302,1,-3.91,-3.91,,
2026-05-11,20.11,logs/5-11 20.11/log0002.csv,2.1682,24.2801,6,-6.25,-5.859999999999999,,3.0471560511401448
2026-05-11,20.11,logs/5-11 20.11/log0002.csv,2.1682,27.1728,648,-4.892777777777778,-4.68,,2.104459605656346
2026-05-11,20.11,logs/5-11 20.11/log0002.csv,2.1682,30.9147,70,-3.423285714285714,-3.9,,2.258503237479637
2026-05-11,20.11,logs/5-11 20.11/log0002.csv,2.1682,33.0568,1,-4.69,-4.69,,
2026-05-11,20.11,logs/5-11 20.11/log0002.csv,2.253,19.9302,1,-23.44,-23.44,,
2026-05-11,20.11,logs/5-11 20.11/log0002.csv,2.253,27.1728,23,-3.9352173913043473,-4.68,,3.0038897049798274
2026-05-11,20.11,logs/5-11 20.11/log0002.csv,2.253,30.9147,335,-3.0826865671641794,-3.9,,2.939357531990099
2026-05-11,20.11,logs/5-11 20.11/log0002.csv,2.253,33.0568,6,-0.5166666666666667,0.395,,2.555023809412873
2026-05-11,20.11,logs/5-11 20.11/log0002.csv,2.253,42.2183,1,-7.81,-7.81,,
2026-05-11,20.11,logs/5-11 20.11/log0002.csv,2.2849,27.1728,1,0.0,0.0,,
2026-05-11,20.11,logs/5-11 20.11/log0002.csv,2.2849,30.9147,2,-2.34,-2.34,,0.0
2026-05-11,20.11,logs/5-11 20.11/log0002.csv,2.2849,33.0568,55,-1.558,-2.34,,5.335466379003947
2026-05-11,20.11,logs/5-11 20.11/log0002.csv,2.2849,36.822,43,-3.666744186046512,-4.68,,7.612276338392395
2026-05-11,20.11,logs/5-11 20.11/log0002.csv,2.3877,33.0568,1,-4.69,-4.69,,
2026-05-11,20.11,logs/5-11 20.11/log0002.csv,2.3877,36.822,216,-5.132916666666667,-6.640000000000001,,5.443005267056915
2026-05-11,20.11,logs/5-11 20.11/log0002.csv,2.3877,42.2183,2,-3.515,-3.515,,3.867874093090415
2026-05-11,20.11,logs/5-11 20.11/log0002.csv,2.449,36.822,2,-3.125,-3.125,,2.213244225113894
2026-05-11,20.11,logs/5-11 20.11/log0002.csv,2.449,42.2183,48,-0.4385416666666668,-0.78,,3.5566467530367034
2026-05-11,20.11,logs/5-11 20.11/log0002.csv,2.449,47.3729,2,-4.69,-4.69,,1.1030865786510144
2026-05-11,20.11,logs/5-11 20.11/log0002.csv,2.5482,36.822,1,-5.47,-5.47,,
2026-05-11,20.11,logs/5-11 20.11/log0002.csv,2.5482,42.2183,4,-1.9550000000000003,-2.345,,3.2216817554397474
2026-05-11,20.11,logs/5-11 20.11/log0002.csv,2.5482,47.3729,61,-3.252131147540984,-3.12,,1.3567511620953183
2026-05-11,20.11,logs/5-11 20.11/log0002.csv,2.62,50.5261,2,-0.78,-0.78,,0.0
2026-05-11,20.11,logs/5-11 20.11/log0002.csv,2.7327,50.5261,1,0.0,0.0,,
2026-05-11,20.11,logs/5-11 20.11/log0002.csv,2.7327,57.3682,1,0.0,0.0,,
2026-05-11,20.11,logs/5-11 20.11/log0002.csv,2.8274,73.8877,1,0.0,0.0,,
2023-03-31,old_2023_base,logs/Older/3-31 black.csv,1.1403,2.8798,2,7.03,7.03,,0.0
2023-03-31,old_2023_base,logs/Older/3-31 black.csv,1.1804,2.8798,3,7.289999999999999,7.81,,0.9006664199358161
2023-03-31,old_2023_base,logs/Older/3-31 black.csv,1.1804,3.5071,346,5.425780346820809,5.46,,0.8922793468259003
2023-03-31,old_2023_base,logs/Older/3-31 black.csv,1.1804,3.9996,1,4.68,4.68,,
2023-03-31,old_2023_base,logs/Older/3-31 black.csv,1.2201,2.8798,1,7.029999999999999,7.029999999999999,,
2023-03-31,old_2023_base,logs/Older/3-31 black.csv,1.2201,3.5071,419,5.527875894988067,5.46,,1.1921427469303785
2023-03-31,old_2023_base,logs/Older/3-31 black.csv,1.2201,3.9996,17,3.7188235294117646,3.12,,2.416107102222864
2023-03-31,old_2023_base,logs/Older/3-31 black.csv,1.2201,4.3333,1,-5.470000000000001,-5.470000000000001,,
2023-03-31,old_2023_base,logs/Older/3-31 black.csv,1.2201,5.6028,1,2.34,2.34,,
2023-03-31,old_2023_base,logs/Older/3-31 black.csv,1.28,3.5071,38,4.561052631578948,5.46,,3.159123885966611
2023-03-31,old_2023_base,logs/Older/3-31 black.csv,1.28,3.9996,68,3.523970588235294,3.12,,4.077195092219351
2023-03-31,old_2023_base,logs/Older/3-31 black.csv,1.28,4.3333,6,8.068333333333333,8.2,,2.1338080201055263
2023-03-31,old_2023_base,logs/Older/3-31 black.csv,1.28,5.3437,1,4.68,4.68,,
2023-03-31,old_2023_base,logs/Older/3-31 black.csv,1.3021,3.5071,1,-0.7799999999999998,-0.7799999999999998,,
2023-03-31,old_2023_base,logs/Older/3-31 black.csv,1.3021,3.9996,4,1.9525,0.0,,4.440250555993434
2023-03-31,old_2023_base,logs/Older/3-31 black.csv,1.3021,4.3333,48,5.025416666666667,6.25,,4.371654323573937
2023-03-31,old_2023_base,logs/Older/3-31 black.csv,1.3628,3.5071,1,3.12,3.12,,
2023-03-31,old_2023_base,logs/Older/3-31 black.csv,1.3628,3.9996,3,1.5566666666666666,2.34,,3.579864988143175
2023-03-31,old_2023_base,logs/Older/3-31 black.csv,1.3628,4.3333,47,3.4204255319148933,3.12,,3.1436153082542515
2023-03-31,old_2023_base,logs/Older/3-31 black.csv,1.3628,5.3437,12,2.145833333333333,1.95,,2.210990968006441
2023-03-31,old_2023_base,logs/Older/3-31 black.csv,1.3628,7.5789,1,8.59,8.59,,
2023-03-31,old_2023_base,logs/Older/3-31 black.csv,1.3948,3.5071,2,6.245,6.245,,2.213244225113894
2023-03-31,old_2023_base,logs/Older/3-31 black.csv,1.3948,4.3333,3,4.163333333333334,3.12,,4.7713345442688615
2023-03-31,old_2023_base,logs/Older/3-31 black.csv,1.3948,5.3437,41,2.625853658536585,2.34,,3.098129254574247
2023-03-31,old_2023_base,logs/Older/3-31 black.csv,1.3948,5.6028,21,3.008095238095238,3.9,,3.691866220555153
2023-03-31,old_2023_base,logs/Older/3-31 black.csv,1.45,5.3437,5,6.088,5.46,,2.1692786819585907
2023-03-31,old_2023_base,logs/Older/3-31 black.csv,1.45,5.6028,12,2.730833333333333,3.51,,4.413397904178374
2023-03-31,old_2023_base,logs/Older/3-31 black.csv,1.45,6.4361,31,3.801290322580645,2.34,,4.079328982349494
2023-03-31,old_2023_base,logs/Older/3-31 black.csv,1.45,7.5789,1,14.06,14.06,,
2023-03-31,old_2023_base,logs/Older/3-31 black.csv,1.4801,5.3437,2,3.9,3.9,,1.1030865786510138
2023-03-31,old_2023_base,logs/Older/3-31 black.csv,1.4801,5.6028,1,-1.5700000000000005,-1.5700000000000005,,
2023-03-31,old_2023_base,logs/Older/3-31 black.csv,1.4801,6.4361,21,4.572857142857143,3.9,,4.456817410279608
2023-03-31,old_2023_base,logs/Older/3-31 black.csv,1.4801,7.5789,8,6.34375,6.245,,4.2262206605226575
2023-03-31,old_2023_base,logs/Older/3-31 black.csv,1.5473,5.3437,1,7.03,7.03,,
2023-03-31,old_2023_base,logs/Older/3-31 black.csv,1.5473,6.4361,4,5.27,4.68,,4.87471024779935
2023-03-31,old_2023_base,logs/Older/3-31 black.csv,1.5473,7.5789,30,4.97,4.68,,4.965730143903207
2023-03-31,old_2023_base,logs/Older/3-31 black.csv,1.5473,8.1077,5,4.523999999999999,4.68,,4.185645708848278
2023-03-31,old_2023_base,logs/Older/3-31 black.csv,1.5473,9.2674,1,5.470000000000001,5.470000000000001,,
2023-03-31,old_2023_base,logs/Older/3-31 black.csv,1.5473,19.9302,1,-0.7799999999999998,-0.7799999999999998,,
2023-03-31,old_2023_base,logs/Older/3-31 black.csv,1.593,6.4361,2,7.03,7.03,,7.73574818618083
2023-03-31,old_2023_base,logs/Older/3-31 black.csv,1.593,7.5789,24,5.8879166666666665,5.465,,2.100074489707173
2023-03-31,old_2023_base,logs/Older/3-31 black.csv,1.593,8.1077,10,7.729000000000001,7.42,,3.2630607649192744
2023-03-31,old_2023_base,logs/Older/3-31 black.csv,1.593,9.2674,2,6.245000000000001,6.245000000000001,,13.258252147247768
2023-03-31,old_2023_base,logs/Older/3-31 black.csv,1.593,9.9646,1,-18.75,-18.75,,
2023-03-31,old_2023_base,logs/Older/3-31 black.csv,1.593,14.2578,1,2.34,2.34,,
2023-03-31,old_2023_base,logs/Older/3-31 black.csv,1.593,30.9147,1,0.0,0.0,,
2023-03-31,old_2023_base,logs/Older/3-31 black.csv,1.593,36.822,1,-13.29,-13.29,,
2023-03-31,old_2023_base,logs/Older/3-31 black.csv,1.6417,6.4361,2,7.81,7.81,,2.206173157302029
2023-03-31,old_2023_base,logs/Older/3-31 black.csv,1.6417,7.5789,7,9.26142857142857,7.81,,3.3267823722601624
2023-03-31,old_2023_base,logs/Older/3-31 black.csv,1.6417,8.1077,38,7.397368421052632,7.81,,3.659352833206268
2023-03-31,old_2023_base,logs/Older/3-31 black.csv,1.6417,9.2674,42,7.064285714285714,6.64,,3.76103653516093
2023-03-31,old_2023_base,logs/Older/3-31 black.csv,1.6417,9.9646,5,8.122,7.81,,4.082152618411025
2023-03-31,old_2023_base,logs/Older/3-31 black.csv,1.6417,11.0771,3,4.42,5.46,,1.8013328398716324
2023-03-31,old_2023_base,logs/Older/3-31 black.csv,1.6417,15.6572,1,-3.91,-3.91,,
2023-03-31,old_2023_base,logs/Older/3-31 black.csv,1.6417,17.5491,1,-20.32,-20.32,,
2023-03-31,old_2023_base,logs/Older/3-31 black.csv,1.6417,27.1728,1,7.82,7.82,,
2023-03-31,old_2023_base,logs/Older/3-31 black.csv,1.6417,30.9147,1,10.93,10.93,,
2023-03-31,old_2023_base,logs/Older/3-31 black.csv,1.68,8.1077,2,4.29,4.29,,0.5515432893255067
2023-03-31,old_2023_base,logs/Older/3-31 black.csv,1.68,9.2674,53,7.130754716981132,7.81,,3.60361028855177
2023-03-31,old_2023_base,logs/Older/3-31 black.csv,1.68,9.9646,20,6.754,7.03,,4.628528696544599
2023-03-31,old_2023_base,logs/Older/3-31 black.csv,1.68,11.0771,7,4.9071428571428575,5.46,,1.4074292674437117
2023-03-31,old_2023_base,logs/Older/3-31 black.csv,1.68,11.8935,2,2.725,2.725,,4.970960671741429
2023-03-31,old_2023_base,logs/Older/3-31 black.csv,1.68,22.0675,1,-2.3500000000000005,-2.3500000000000005,,
2023-03-31,old_2023_base,logs/Older/3-31 black.csv,1.68,42.2183,1,-2.35,-2.35,,
2023-03-31,old_2023_base,logs/Older/3-31 black.csv,1.7451,8.1077,1,6.25,6.25,,
2023-03-31,old_2023_base,logs/Older/3-31 black.csv,1.7451,9.2674,11,7.528181818181818,6.25,,3.2464467289078325
2023-03-31,old_2023_base,logs/Older/3-31 black.csv,1.7451,9.9646,40,7.46125,7.03,,5.026983184365892
2023-03-31,old_2023_base,logs/Older/3-31 black.csv,1.7451,11.0771,23,6.011739130434783,5.470000000000001,,3.2910341731519224
2023-03-31,old_2023_base,logs/Older/3-31 black.csv,1.7451,11.8935,6,6.903333333333333,6.645,,3.679721003916827
2023-03-31,old_2023_base,logs/Older/3-31 black.csv,1.7451,14.2578,3,2.603333333333334,3.9,,2.956557683072213
2023-03-31,old_2023_base,logs/Older/3-31 black.csv,1.7451,17.5491,1,-2.3500000000000005,-2.3500000000000005,,
2023-03-31,old_2023_base,logs/Older/3-31 black.csv,1.7451,19.9302,2,0.7850000000000001,0.7850000000000001,,7.728677118368965
2023-03-31,old_2023_base,logs/Older/3-31 black.csv,1.81,9.2674,3,5.47,5.470000000000001,,1.5599999999999996
2023-03-31,old_2023_base,logs/Older/3-31 black.csv,1.81,9.9646,6,5.6000000000000005,5.86,,4.346630879198278
2023-03-31,old_2023_base,logs/Older/3-31 black.csv,1.81,11.0771,28,5.162857142857143,5.075,,3.892196235339572
2023-03-31,old_2023_base,logs/Older/3-31 black.csv,1.81,11.8935,21,4.0947619047619055,3.9,,3.779036410313639
2023-03-31,old_2023_base,logs/Older/3-31 black.csv,1.81,14.2578,5,2.3440000000000003,3.91,,3.6665215122783614
2023-03-31,old_2023_base,logs/Older/3-31 black.csv,1.81,36.822,1,7.81,7.81,,
2023-03-31,old_2023_base,logs/Older/3-31 black.csv,1.85,3.5071,1,2.34,2.34,,
2023-03-31,old_2023_base,logs/Older/3-31 black.csv,1.85,9.2674,3,8.333333333333334,10.15,,9.121701230216503
2023-03-31,old_2023_base,logs/Older/3-31 black.csv,1.85,11.0771,2,4.300000000000001,4.300000000000001,,8.287291475506336
2023-03-31,old_2023_base,logs/Older/3-31 black.csv,1.85,11.8935,9,4.69,3.91,,3.7873803611467385
2023-03-31,old_2023_base,logs/Older/3-31 black.csv,1.85,14.2578,22,3.3040909090909096,4.300000000000001,,3.6002257324611366
2023-03-31,old_2023_base,logs/Older/3-31 black.csv,1.85,15.6572,9,5.297777777777778,7.81,,4.383513937977664
2023-03-31,old_2023_base,logs/Older/3-31 black.csv,1.85,17.5491,1,0.79,0.79,,
2023-03-31,old_2023_base,logs/Older/3-31 black.csv,1.85,19.9302,1,-1.5599999999999996,-1.5599999999999996,,
2023-03-31,old_2023_base,logs/Older/3-31 black.csv,1.85,22.0675,1,-11.71,-11.71,,
2023-03-31,old_2023_base,logs/Older/3-31 black.csv,1.85,24.2801,1,-11.72,-11.72,,
2023-03-31,old_2023_base,logs/Older/3-31 black.csv,1.91,11.8935,1,7.81,7.81,,
2023-03-31,old_2023_base,logs/Older/3-31 black.csv,1.91,14.2578,9,3.822222222222223,2.3500000000000005,,3.856908664260077
2023-03-31,old_2023_base,logs/Older/3-31 black.csv,1.91,15.6572,4,0.3900000000000001,-0.3899999999999997,,2.594005911070109
2023-03-31,old_2023_base,logs/Older/3-31 black.csv,1.91,17.5491,8,2.3437500000000004,1.9550000000000003,,4.6523110616429895
2023-03-31,old_2023_base,logs/Older/3-31 black.csv,1.91,19.9302,5,-1.406,-2.35,,9.495163505701203
2023-03-31,old_2023_base,logs/Older/3-31 black.csv,1.91,22.0675,2,-1.17,-1.17,,1.654629867976521
2023-03-31,old_2023_base,logs/Older/3-31 black.csv,1.91,36.822,1,-3.91,-3.91,,
2023-03-31,old_2023_base,logs/Older/3-31 black.csv,1.9888,9.2674,1,14.06,14.06,,
2023-03-31,old_2023_base,logs/Older/3-31 black.csv,1.9888,14.2578,4,4.3025,2.74,,4.619331661615131
2023-03-31,old_2023_base,logs/Older/3-31 black.csv,1.9888,15.6572,10,2.4230000000000005,2.74,,7.536175053994198
2023-03-31,old_2023_base,logs/Older/3-31 black.csv,1.9888,17.5491,11,1.3500000000000003,-0.79,,5.71122053505203
2023-03-31,old_2023_base,logs/Older/3-31 black.csv,1.9888,19.9302,7,1.0057142857142858,1.56,,5.138939116013658
2023-03-31,old_2023_base,logs/Older/3-31 black.csv,1.9888,24.2801,1,-4.68,-4.68,,
2023-03-31,old_2023_base,logs/Older/3-31 black.csv,1.9888,27.1728,1,-11.72,-11.72,,
2023-03-31,old_2023_base,logs/Older/3-31 black.csv,2.05,9.2674,1,10.93,10.93,,
2023-03-31,old_2023_base,logs/Older/3-31 black.csv,2.05,11.0771,1,7.03,7.03,,
2023-03-31,old_2023_base,logs/Older/3-31 black.csv,2.05,14.2578,3,4.166666666666666,-1.5700000000000005,,11.305133052438316
2023-03-31,old_2023_base,logs/Older/3-31 black.csv,2.05,15.6572,3,-0.26,-0.7800000000000002,,5.4885061719925226
2023-03-31,old_2023_base,logs/Older/3-31 black.csv,2.05,17.5491,17,1.884117647058824,0.79,,4.567680016736518
2023-03-31,old_2023_base,logs/Older/3-31 black.csv,2.05,19.9302,13,4.4484615384615385,4.69,,3.670483270074588
2023-03-31,old_2023_base,logs/Older/3-31 black.csv,2.05,22.0675,8,-0.2937499999999999,0.0,,4.855017838719618
2023-03-31,old_2023_base,logs/Older/3-31 black.csv,2.05,24.2801,3,-0.7833333333333332,-2.34,,2.704890632416278
2023-03-31,old_2023_base,logs/Older/3-31 black.csv,2.05,30.9147,1,-0.79,-0.79,,
2023-03-31,old_2023_base,logs/Older/3-31 black.csv,2.1152,8.1077,1,7.81,7.81,,
2023-03-31,old_2023_base,logs/Older/3-31 black.csv,2.1152,14.2578,2,-5.465,-5.465,,2.213244225113894
2023-03-31,old_2023_base,logs/Older/3-31 black.csv,2.1152,17.5491,2,2.7350000000000003,2.7350000000000003,,6.074047250392443
2023-03-31,old_2023_base,logs/Older/3-31 black.csv,2.1152,19.9302,9,-1.04,-0.7800000000000002,,6.947558923823533
2023-03-31,old_2023_base,logs/Older/3-31 black.csv,2.1152,22.0675,5,4.376,7.03,,5.755712814239432
2023-03-31,old_2023_base,logs/Older/3-31 black.csv,2.1152,24.2801,6,4.948333333333333,3.515,,4.272003823344107
2023-03-31,old_2023_base,logs/Older/3-31 black.csv,2.1152,27.1728,2,-10.935,-10.935,,13.258252147247768
2023-03-31,old_2023_base,logs/Older/3-31 black.csv,2.1152,30.9147,2,-4.289999999999999,-4.289999999999999,,8.287291475506336
2023-03-31,old_2023_base,logs/Older/3-31 black.csv,2.1682,17.5491,3,-4.163333333333332,1.56,,10.604623205627504
2023-03-31,old_2023_base,logs/Older/3-31 black.csv,2.1682,19.9302,5,5.936,7.03,,4.5043734303452245
2023-03-31,old_2023_base,logs/Older/3-31 black.csv,2.1682,22.0675,21,4.652857142857143,5.470000000000001,,5.427926070661926
2023-03-31,old_2023_base,logs/Older/3-31 black.csv,2.1682,24.2801,11,3.1245454545454545,1.56,,5.029620986985727
2023-03-31,old_2023_base,logs/Older/3-31 black.csv,2.1682,27.1728,4,-1.5599999999999998,0.0,,4.231886891998257
2023-03-31,old_2023_base,logs/Older/3-31 black.csv,2.1682,30.9147,1,-2.35,-2.35,,
2023-03-31,old_2023_base,logs/Older/3-31 black.csv,2.253,5.6028,1,10.15,10.15,,
2023-03-31,old_2023_base,logs/Older/3-31 black.csv,2.253,17.5491,2,0.3900000000000001,0.3900000000000001,,1.6687720036002522
2023-03-31,old_2023_base,logs/Older/3-31 black.csv,2.253,19.9302,5,-0.3140000000000001,0.0,,5.143479367121056
2023-03-31,old_2023_base,logs/Older/3-31 black.csv,2.253,22.0675,3,3.650000000000001,3.1300000000000003,,4.711570863310877
2023-03-31,old_2023_base,logs/Older/3-31 black.csv,2.253,24.2801,40,3.1837500000000007,7.03,,7.649895486968333
2023-03-31,old_2023_base,logs/Older/3-31 black.csv,2.253,27.1728,14,5.470714285714286,5.86,,3.386689929904816
2023-03-31,old_2023_base,logs/Older/3-31 black.csv,2.253,30.9147,4,0.3925000000000007,3.9100000000000006,,9.891189261155608
2023-03-31,old_2023_base,logs/Older/3-31 black.csv,2.2849,14.2578,1,2.34,2.34,,
2023-03-31,old_2023_base,logs/Older/3-31 black.csv,2.2849,19.9302,1,-14.06,-14.06,,
2023-03-31,old_2023_base,logs/Older/3-31 black.csv,2.2849,22.0675,1,-6.249999999999999,-6.249999999999999,,
2023-03-31,old_2023_base,logs/Older/3-31 black.csv,2.2849,24.2801,12,1.6925,-0.7849999999999997,,5.202167598921888
2023-03-31,old_2023_base,logs/Older/3-31 black.csv,2.2849,27.1728,37,5.153783783783784,6.25,,4.536602590382264
2023-03-31,old_2023_base,logs/Older/3-31 black.csv,2.2849,30.9147,10,-1.7199999999999995,0.0,,8.768409205779575
2023-03-31,old_2023_base,logs/Older/3-31 black.csv,2.2849,33.0568,3,1.0366666666666664,3.12,,6.510010240647348
2023-03-31,old_2023_base,logs/Older/3-31 black.csv,2.2849,36.822,1,11.72,11.72,,
2023-03-31,old_2023_base,logs/Older/3-31 black.csv,2.3877,19.9302,1,-3.13,-3.13,,
2023-03-31,old_2023_base,logs/Older/3-31 black.csv,2.3877,22.0675,2,3.125000000000001,3.125000000000001,,7.742819253992696
2023-03-31,old_2023_base,logs/Older/3-31 black.csv,2.3877,24.2801,3,5.210000000000001,6.25,,4.012393300762028
2023-03-31,old_2023_base,logs/Older/3-31 black.csv,2.3877,27.1728,17,2.1129411764705885,3.91,,5.688605677916473
2023-03-31,old_2023_base,logs/Older/3-31 black.csv,2.3877,30.9147,44,4.740227272727274,5.08,,3.1649141129728493
2023-03-31,old_2023_base,logs/Older/3-31 black.csv,2.3877,33.0568,11,2.200909090909091,3.12,,5.988614955973468
2023-03-31,old_2023_base,logs/Older/3-31 black.csv,2.3877,36.822,2,5.075,5.075,,0.5586143571373732
2023-03-31,old_2023_base,logs/Older/3-31 black.csv,2.449,27.1728,6,0.7833333333333338,0.7800000000000002,,6.968709110492894
2023-03-31,old_2023_base,logs/Older/3-31 black.csv,2.449,30.9147,27,3.182592592592593,3.1300000000000003,,3.02602124222626
2023-03-31,old_2023_base,logs/Older/3-31 black.csv,2.449,33.0568,41,4.249756097560976,4.69,,3.1021851071501825
2023-03-31,old_2023_base,logs/Older/3-31 black.csv,2.449,36.822,11,2.8390909090909093,4.68,,4.138206023255619
2023-03-31,old_2023_base,logs/Older/3-31 black.csv,2.449,42.2183,1,0.0,0.0,,
2023-03-31,old_2023_base,logs/Older/3-31 black.csv,2.5482,3.9996,1,9.38,9.38,,
2023-03-31,old_2023_base,logs/Older/3-31 black.csv,2.5482,27.1728,1,3.9,3.9,,
2023-03-31,old_2023_base,logs/Older/3-31 black.csv,2.5482,30.9147,2,1.1750000000000005,1.1750000000000005,,1.6617009357883872
2023-03-31,old_2023_base,logs/Older/3-31 black.csv,2.5482,33.0568,12,3.9725,4.300000000000001,,2.816619911751092
2023-03-31,old_2023_base,logs/Older/3-31 black.csv,2.5482,36.822,46,4.212826086956523,4.69,,2.5096752008031977
2023-03-31,old_2023_base,logs/Older/3-31 black.csv,2.5482,42.2183,4,1.755,3.12,,7.583075453490709
2023-03-31,old_2023_base,logs/Older/3-31 black.csv,2.62,3.5071,1,12.5,12.5,,
2023-03-31,old_2023_base,logs/Older/3-31 black.csv,2.62,3.9996,1,0.7800000000000002,0.7800000000000002,,
2023-03-31,old_2023_base,logs/Older/3-31 black.csv,2.62,4.3333,1,11.71,11.71,,
2023-03-31,old_2023_base,logs/Older/3-31 black.csv,2.62,36.822,6,5.075,4.29,,2.9934378229721093
2023-03-31,old_2023_base,logs/Older/3-31 black.csv,2.62,42.2183,13,4.803846153846154,5.46,,2.6642714403176546
2023-03-31,old_2023_base,logs/Older/3-31 black.csv,2.7327,6.4361,1,12.5,12.5,,
2023-03-31,old_2023_base,logs/Older/3-31 black.csv,2.7327,33.0568,1,-1.5700000000000005,-1.5700000000000005,,
2023-03-31,old_2023_base,logs/Older/3-31 black.csv,2.7327,42.2183,5,5.622,6.24,,2.162977114996828
2023-03-31,old_2023_base,logs/Older/3-31 black.csv,2.7327,47.3729,10,4.53,5.470000000000001,,4.164506106504241
2023-03-31,old_2023_base,logs/Older/3-31 black.csv,2.7327,50.5261,1,8.600000000000001,8.600000000000001,,
2023-03-31,old_2023_base,logs/Older/3-31 black.csv,2.7327,57.3682,1,0.0,0.0,,
2023-03-31,old_2023_base,logs/Older/3-31 black.csv,2.8274,47.3729,1,0.0,0.0,,
2023-03-31,old_2023_base,logs/Older/3-31 black.csv,2.8274,50.5261,3,0.2566666666666671,-3.91,,7.902008183577978
2023-03-31,old_2023_base,logs/Older/3-31 black.csv,2.9125,57.3682,1,8.59,8.59,,
2026-08-04,20.19c,logs/8-4 20.19c/8-4 20.19c.csv,1.2201,3.9996,1,10.15625,10.15625,,
2026-08-04,20.19c,logs/8-4 20.19c/8-4 20.19c.csv,1.3021,3.9996,1,10.15625,10.15625,,
2026-08-04,20.19c,logs/8-4 20.19c/8-4 20.19c.csv,1.3948,4.3333,1,10.15625,10.15625,,
2026-08-04,20.19c,logs/8-4 20.19c/8-4 20.19c.csv,1.3948,5.6028,4,1.171875,0.0,,7.561057885915612
2026-08-04,20.19c,logs/8-4 20.19c/8-4 20.19c.csv,1.45,5.6028,3,-0.78125,-3.90625,,9.757809372497498
2026-08-04,20.19c,logs/8-4 20.19c/8-4 20.19c.csv,1.45,6.4361,2,-3.906275,-3.906275,,12.153433156982844
2026-08-04,20.19c,logs/8-4 20.19c/8-4 20.19c.csv,1.4801,6.4361,4,0.9765625,-0.390625,,6.579065154510302
2026-08-04,20.19c,logs/8-4 20.19c/8-4 20.19c.csv,1.4801,7.5789,14,-7.087060714285714,-5.859375,,6.208290789593027
2026-08-04,20.19c,logs/8-4 20.19c/8-4 20.19c.csv,1.4801,8.1077,1,1.5625,1.5625,,
2026-08-04,20.19c,logs/8-4 20.19c/8-4 20.19c.csv,1.5473,6.4361,2,-3.906275,-3.906275,,12.153433156982844
2026-08-04,20.19c,logs/8-4 20.19c/8-4 20.19c.csv,1.5473,7.5789,24,-5.794277083333333,-5.859375,,6.3423823667002495
2026-08-04,20.19c,logs/8-4 20.19c/8-4 20.19c.csv,1.5473,8.1077,61,-4.930840163934426,-5.46875,,3.5012465914040263
2026-08-04,20.19c,logs/8-4 20.19c/8-4 20.19c.csv,1.5473,9.2674,3,-5.729166666666667,-6.25,,1.6263015620829162
2026-08-04,20.19c,logs/8-4 20.19c/8-4 20.19c.csv,1.593,5.6028,1,-5.46875,-5.46875,,
2026-08-04,20.19c,logs/8-4 20.19c/8-4 20.19c.csv,1.593,6.4361,1,-3.90625,-3.90625,,
2026-08-04,20.19c,logs/8-4 20.19c/8-4 20.19c.csv,1.593,7.5789,1,0.0,0.0,,
2026-08-04,20.19c,logs/8-4 20.19c/8-4 20.19c.csv,1.593,8.1077,22,-1.2429,-1.953125,,6.592460437138634
2026-08-04,20.19c,logs/8-4 20.19c/8-4 20.19c.csv,1.593,9.2674,83,-3.849778313253013,-3.90625,,6.040195009017754
2026-08-04,20.19c,logs/8-4 20.19c/8-4 20.19c.csv,1.593,9.9646,6,-2.34375,-3.515625,,4.941058844013093
2026-08-04,20.19c,logs/8-4 20.19c/8-4 20.19c.csv,1.6417,8.1077,1,-7.8125,-7.8125,,
2026-08-04,20.19c,logs/8-4 20.19c/8-4 20.19c.csv,1.6417,9.2674,50,-2.765626,-4.296875,,4.604957037893059
2026-08-04,20.19c,logs/8-4 20.19c/8-4 20.19c.csv,1.6417,9.9646,127,-3.137308267716536,-3.125,,5.853786355034443
2026-08-04,20.19c,logs/8-4 20.19c/8-4 20.19c.csv,1.6417,11.0771,85,-1.773899411764706,-0.78125,,5.092258864989597
2026-08-04,20.19c,logs/8-4 20.19c/8-4 20.19c.csv,1.6417,11.8935,20,2.1484375,0.78125,,2.8550666780339364
2026-08-04,20.19c,logs/8-4 20.19c/8-4 20.19c.csv,1.68,9.2674,2,-3.125,-3.125,,1.1048543456039803
2026-08-04,20.19c,logs/8-4 20.19c/8-4 20.19c.csv,1.68,9.9646,19,-1.2335578947368422,0.0,,6.158830202627389
2026-08-04,20.19c,logs/8-4 20.19c/8-4 20.19c.csv,1.68,11.0771,164,-2.010294817073171,-3.125,,5.359874164071538
2026-08-04,20.19c,logs/8-4 20.19c/8-4 20.19c.csv,1.68,11.8935,117,0.8747320512820512,1.5625,,3.628550452918264
2026-08-04,20.19c,logs/8-4 20.19c/8-4 20.19c.csv,1.7451,11.0771,35,-2.6785714285714284,-3.90625,,4.073997949952662
2026-08-04,20.19c,logs/8-4 20.19c/8-4 20.19c.csv,1.7451,11.8935,600,-0.4752639166666666,0.0,,6.3596587134193605
2026-08-04,20.19c,logs/8-4 20.19c/8-4 20.19c.csv,1.7451,14.2578,71,0.6602112676056338,0.78125,,4.3189326040883
2026-08-04,20.19c,logs/8-4 20.19c/8-4 20.19c.csv,1.81,11.0771,3,-5.468766666666667,-4.6875,,9.789060380130124
2026-08-04,20.19c,logs/8-4 20.19c/8-4 20.19c.csv,1.81,11.8935,107,-2.234233177570093,-2.34375,,6.412302284167138
2026-08-04,20.19c,logs/8-4 20.19c/8-4 20.19c.csv,1.81,14.2578,1034,0.3876020793036751,0.78125,,4.9657809674532825
2026-08-04,20.19c,logs/8-4 20.19c/8-4 20.19c.csv,1.81,15.6572,177,0.5649717514124294,1.5625,,4.278854887344647
2026-08-04,20.19c,logs/8-4 20.19c/8-4 20.19c.csv,1.85,7.5789,1,-7.03125,-7.03125,,
2026-08-04,20.19c,logs/8-4 20.19c/8-4 20.19c.csv,1.85,11.0771,1,-2.34375,-2.34375,,
2026-08-04,20.19c,logs/8-4 20.19c/8-4 20.19c.csv,1.85,11.8935,3,-1.5625166666666672,5.46875,,12.17851110823213
2026-08-04,20.19c,logs/8-4 20.19c/8-4 20.19c.csv,1.85,14.2578,81,-1.3792462962962964,-1.5625,,4.876208861097791
2026-08-04,20.19c,logs/8-4 20.19c/8-4 20.19c.csv,1.85,15.6572,1266,-1.2163076224328595,-1.5625,,4.893000294015554
2026-08-04,20.19c,logs/8-4 20.19c/8-4 20.19c.csv,1.85,17.5491,563,-0.7077047957371225,-0.78125,,4.517850260643063
2026-08-04,20.19c,logs/8-4 20.19c/8-4 20.19c.csv,1.85,19.9302,1,-8.59375,-8.59375,,
2026-08-04,20.19c,logs/8-4 20.19c/8-4 20.19c.csv,1.91,9.9646,1,4.6875,4.6875,,
2026-08-04,20.19c,logs/8-4 20.19c/8-4 20.19c.csv,1.91,15.6572,20,-1.1718775,-2.34375,,5.015271907160825
2026-08-04,20.19c,logs/8-4 20.19c/8-4 20.19c.csv,1.91,17.5491,1312,-1.6839764100609758,-1.5625,,4.674389923419425
2026-08-04,20.19c,logs/8-4 20.19c/8-4 20.19c.csv,1.91,19.9302,327,0.4085435779816513,1.5625,,3.598284282144387
2026-08-04,20.19c,logs/8-4 20.19c/8-4 20.19c.csv,1.9888,11.8935,1,-5.46875,-5.46875,,
2026-08-04,20.19c,logs/8-4 20.19c/8-4 20.19c.csv,1.9888,17.5491,74,-1.5836155405405403,-2.34375,,4.243714464074797
2026-08-04,20.19c,logs/8-4 20.19c/8-4 20.19c.csv,1.9888,19.9302,1433,-1.0064118632240056,-0.78125,,4.018125973706084
2026-08-04,20.19c,logs/8-4 20.19c/8-4 20.19c.csv,1.9888,22.0675,105,-0.4761904761904761,0.0,,3.61357804474808
2026-08-04,20.19c,logs/8-4 20.19c/8-4 20.19c.csv,2.05,15.6572,1,-15.625050000000002,-15.625050000000002,,
2026-08-04,20.19c,logs/8-4 20.19c/8-4 20.19c.csv,2.05,17.5491,3,-2.6041666666666665,-3.125,,2.386758174456167
2026-08-04,20.19c,logs/8-4 20.19c/8-4 20.19c.csv,2.05,19.9302,246,-1.6800042682926828,-1.5625,,4.3108233291063325
2026-08-04,20.19c,logs/8-4 20.19c/8-4 20.19c.csv,2.05,22.0675,1732,-1.6590288972286376,-1.5625,,4.197704793411422
2026-08-04,20.19c,logs/8-4 20.19c/8-4 20.19c.csv,2.05,24.2801,487,-1.4133089322381929,-0.78125,,3.398606149179396
2026-08-04,20.19c,logs/8-4 20.19c/8-4 20.19c.csv,2.05,27.1728,1,-7.03125,-7.03125,,
2026-08-04,20.19c,logs/8-4 20.19c/8-4 20.19c.csv,2.1152,22.0675,24,-2.3437479166666666,-3.90625,,5.543459718648461
2026-08-04,20.19c,logs/8-4 20.19c/8-4 20.19c.csv,2.1152,24.2801,1181,-1.8211532176121927,-1.5625,,3.990977311492208
2026-08-04,20.19c,logs/8-4 20.19c/8-4 20.19c.csv,2.1152,27.1728,408,-1.3422947303921569,-0.78125,,3.684507500830483
2026-08-04,20.19c,logs/8-4 20.19c/8-4 20.19c.csv,2.1682,22.0675,1,-3.90625,-3.90625,,
2026-08-04,20.19c,logs/8-4 20.19c/8-4 20.19c.csv,2.1682,24.2801,12,-5.338541666666667,-5.078125,,2.398353828986697
2026-08-04,20.19c,logs/8-4 20.19c/8-4 20.19c.csv,2.1682,27.1728,1537,-2.04385582303188,-1.5625,,3.687064306915069
2026-08-04,20.19c,logs/8-4 20.19c/8-4 20.19c.csv,2.1682,30.9147,243,-1.0931069958847737,-0.78125,,3.0358705419860703
2026-08-04,20.19c,logs/8-4 20.19c/8-4 20.19c.csv,2.253,27.1728,63,-3.2862119047619047,-3.90625,,4.923415593003353
2026-08-04,20.19c,logs/8-4 20.19c/8-4 20.19c.csv,2.253,30.9147,1755,-2.488871396011396,-3.125,,2.997428487602656
2026-08-04,20.19c,logs/8-4 20.19c/8-4 20.19c.csv,2.253,33.0568,194,-2.7786731958762885,-2.34375,,3.0052548962618464
2026-08-04,20.19c,logs/8-4 20.19c/8-4 20.19c.csv,2.2849,17.5491,1,4.6875,4.6875,,
2026-08-04,20.19c,logs/8-4 20.19c/8-4 20.19c.csv,2.2849,30.9147,43,-5.904801162790698,-7.03125,,4.654222873849392
2026-08-04,20.19c,logs/8-4 20.19c/8-4 20.19c.csv,2.2849,33.0568,1108,-3.509280009025271,-3.90625,,4.316604625736761
2026-08-04,20.19c,logs/8-4 20.19c/8-4 20.19c.csv,2.2849,36.822,243,-1.8550658436213991,-2.34375,,3.481177829812032
2026-08-04,20.19c,logs/8-4 20.19c/8-4 20.19c.csv,2.3877,33.0568,46,-5.061144565217391,-4.6875,,5.128928622683388
2026-08-04,20.19c,logs/8-4 20.19c/8-4 20.19c.csv,2.3877,36.822,2009,-1.8246012941762069,-1.5625,,3.953044607474232
2026-08-04,20.19c,logs/8-4 20.19c/8-4 20.19c.csv,2.3877,42.2183,35,-1.2053571428571428,-0.78125,,3.805421388743087
2026-08-04,20.19c,logs/8-4 20.19c/8-4 20.19c.csv,2.449,36.822,113,-1.5486716814159291,-1.5625,,4.497624110516952
2026-08-04,20.19c,logs/8-4 20.19c/8-4 20.19c.csv,2.449,42.2183,1035,-1.4062500966183575,-1.5625,,4.239977242946142
2026-08-04,20.19c,logs/8-4 20.19c/8-4 20.19c.csv,2.449,47.3729,4,-0.9765625,-0.78125,,1.6105881350068985
2026-08-04,20.19c,logs/8-4 20.19c/8-4 20.19c.csv,2.5482,42.2183,30,-2.656251666666667,-3.515625,,3.836119458526198
2026-08-04,20.19c,logs/8-4 20.19c/8-4 20.19c.csv,2.5482,47.3729,135,-2.268519259259259,-2.34375,,3.5428894161614326
2026-08-04,20.19c,logs/8-4 20.19c/8-4 20.19c.csv,2.5482,50.5261,3,-0.2604166666666667,0.0,,0.4510548978043951
2026-08-04,20.19c,logs/8-4 20.19c/8-4 20.19c.csv,2.62,50.5261,7,-2.790178571428572,-0.78125,,3.715584887544305
2026-08-04,20.19c,logs/8-4 2 20.19c/8-4 2 20.19c.csv,1.3628,5.3437,2,-3.90625,-3.90625,,1.1048543456039803
2026-08-04,20.19c,logs/8-4 2 20.19c/8-4 2 20.19c.csv,1.3948,5.3437,4,-2.9296875,-4.296875,,3.017351621420955
2026-08-04,20.19c,logs/8-4 2 20.19c/8-4 2 20.19c.csv,1.3948,5.6028,7,-1.8973214285714288,0.78125,,9.209223790710103
2026-08-04,20.19c,logs/8-4 2 20.19c/8-4 2 20.19c.csv,1.45,5.3437,1,1.5625,1.5625,,
2026-08-04,20.19c,logs/8-4 2 20.19c/8-4 2 20.19c.csv,1.45,5.6028,3,1.3020833333333333,1.5625,,3.5228513693928862
2026-08-04,20.19c,logs/8-4 2 20.19c/8-4 2 20.19c.csv,1.45,6.4361,5,1.5625,3.125,,3.664387312362056
2026-08-04,20.19c,logs/8-4 2 20.19c/8-4 2 20.19c.csv,1.45,7.5789,2,-3.90625,-3.90625,,3.3145630368119416
2026-08-04,20.19c,logs/8-4 2 20.19c/8-4 2 20.19c.csv,1.4801,5.6028,1,-22.6563,-22.6563,,
2026-08-04,20.19c,logs/8-4 2 20.19c/8-4 2 20.19c.csv,1.4801,6.4361,5,0.9375,0.78125,,2.23715954113693
2026-08-04,20.19c,logs/8-4 2 20.19c/8-4 2 20.19c.csv,1.4801,7.5789,7,-5.022321428571429,-2.34375,,7.144019622666753
2026-08-04,20.19c,logs/8-4 2 20.19c/8-4 2 20.19c.csv,1.5473,5.6028,1,-5.46875,-5.46875,,
2026-08-04,20.19c,logs/8-4 2 20.19c/8-4 2 20.19c.csv,1.5473,6.4361,2,1.953125,1.953125,,4.9718445552179125
2026-08-04,20.19c,logs/8-4 2 20.19c/8-4 2 20.19c.csv,1.5473,7.5789,10,-0.859375,0.0,,3.344098826560835
2026-08-04,20.19c,logs/8-4 2 20.19c/8-4 2 20.19c.csv,1.5473,8.1077,23,-1.6644021739130437,-3.90625,,4.880635013487633
2026-08-04,20.19c,logs/8-4 2 20.19c/8-4 2 20.19c.csv,1.5473,9.2674,1,0.0,0.0,,
2026-08-04,20.19c,logs/8-4 2 20.19c/8-4 2 20.19c.csv,1.593,5.6028,1,0.0,0.0,,
2026-08-04,20.19c,logs/8-4 2 20.19c/8-4 2 20.19c.csv,1.593,6.4361,2,1.171875,1.171875,,6.076698900821893
2026-08-04,20.19c,logs/8-4 2 20.19c/8-4 2 20.19c.csv,1.593,7.5789,3,0.2604166666666667,0.0,,1.1933790872280834
2026-08-04,20.19c,logs/8-4 2 20.19c/8-4 2 20.19c.csv,1.593,8.1077,10,-0.234375,-0.390625,,6.949271325959691
2026-08-04,20.19c,logs/8-4 2 20.19c/8-4 2 20.19c.csv,1.593,9.2674,25,2.5625,4.6875,,7.079981590577526
2026-08-04,20.19c,logs/8-4 2 20.19c/8-4 2 20.19c.csv,1.593,9.9646,5,-0.3125,0.78125,,3.3874192794810623
2026-08-04,20.19c,logs/8-4 2 20.19c/8-4 2 20.19c.csv,1.6417,7.5789,1,-7.8125,-7.8125,,
2026-08-04,20.19c,logs/8-4 2 20.19c/8-4 2 20.19c.csv,1.6417,8.1077,2,1.953125,1.953125,,3.866990209613932
2026-08-04,20.19c,logs/8-4 2 20.19c/8-4 2 20.19c.csv,1.6417,9.2674,16,2.05078125,2.34375,,6.839842634565871
2026-08-04,20.19c,logs/8-4 2 20.19c/8-4 2 20.19c.csv,1.6417,9.9646,77,2.9931006493506493,3.125,,4.999878553673062
2026-08-04,20.19c,logs/8-4 2 20.19c/8-4 2 20.19c.csv,1.6417,11.0771,95,-0.02467,0.0,,5.60415392808782
2026-08-04,20.19c,logs/8-4 2 20.19c/8-4 2 20.19c.csv,1.6417,11.8935,17,-1.5165441176470589,-0.78125,,3.7209013873859567
2026-08-04,20.19c,logs/8-4 2 20.19c/8-4 2 20.19c.csv,1.68,5.6028,1,-3.90625,-3.90625,,
2026-08-04,20.19c,logs/8-4 2 20.19c/8-4 2 20.19c.csv,1.68,6.4361,1,-4.6875,-4.6875,,
2026-08-04,20.19c,logs/8-4 2 20.19c/8-4 2 20.19c.csv,1.68,9.2674,4,-1.3672,-1.171875,,6.998641283730246
2026-08-04,20.19c,logs/8-4 2 20.19c/8-4 2 20.19c.csv,1.68,9.9646,3,-0.2604166666666667,0.0,,3.5228513693928862
2026-08-04,20.19c,logs/8-4 2 20.19c/8-4 2 20.19c.csv,1.68,11.0771,176,3.968397159090909,5.078125,,7.426372230093655
2026-08-04,20.19c,logs/8-4 2 20.19c/8-4 2 20.19c.csv,1.68,11.8935,229,0.8699510917030567,0.78125,,4.904912750052115
2026-08-04,20.19c,logs/8-4 2 20.19c/8-4 2 20.19c.csv,1.7451,6.4361,1,3.125,3.125,,
2026-08-04,20.19c,logs/8-4 2 20.19c/8-4 2 20.19c.csv,1.7451,7.5789,1,-21.875,-21.875,,
2026-08-04,20.19c,logs/8-4 2 20.19c/8-4 2 20.19c.csv,1.7451,8.1077,1,-6.25,-6.25,,
2026-08-04,20.19c,logs/8-4 2 20.19c/8-4 2 20.19c.csv,1.7451,9.2674,5,-4.84375,-3.125,,9.167628382316224
2026-08-04,20.19c,logs/8-4 2 20.19c/8-4 2 20.19c.csv,1.7451,9.9646,3,-0.2604166666666667,0.0,,1.966102717518424
2026-08-04,20.19c,logs/8-4 2 20.19c/8-4 2 20.19c.csv,1.7451,11.0771,26,3.575723076923077,3.515625,,6.480792233118275
2026-08-04,20.19c,logs/8-4 2 20.19c/8-4 2 20.19c.csv,1.7451,11.8935,924,2.142518993506493,2.34375,,4.789564312617711
2026-08-04,20.19c,logs/8-4 2 20.19c/8-4 2 20.19c.csv,1.7451,14.2578,222,0.9009006756756758,0.78125,,3.493380630863505
2026-08-04,20.19c,logs/8-4 2 20.19c/8-4 2 20.19c.csv,1.81,9.2674,1,3.90625,3.90625,,
2026-08-04,20.19c,logs/8-4 2 20.19c/8-4 2 20.19c.csv,1.81,9.9646,2,-0.78125,-0.78125,,6.629126073623883
2026-08-04,20.19c,logs/8-4 2 20.19c/8-4 2 20.19c.csv,1.81,11.0771,1,0.0,0.0,,
2026-08-04,20.19c,logs/8-4 2 20.19c/8-4 2 20.19c.csv,1.81,11.8935,68,2.918197794117648,3.515625,,5.572905899658658
2026-08-04,20.19c,logs/8-4 2 20.19c/8-4 2 20.19c.csv,1.81,14.2578,1147,1.441940889276373,0.78125,,4.001598139695184
2026-08-04,20.19c,logs/8-4 2 20.19c/8-4 2 20.19c.csv,1.81,15.6572,542,0.6255768450184502,0.0,,3.523517284527752
2026-08-04,20.19c,logs/8-4 2 20.19c/8-4 2 20.19c.csv,1.85,7.5789,1,0.78125,0.78125,,
2026-08-04,20.19c,logs/8-4 2 20.19c/8-4 2 20.19c.csv,1.85,8.1077,1,3.90625,3.90625,,
2026-08-04,20.19c,logs/8-4 2 20.19c/8-4 2 20.19c.csv,1.85,9.2674,1,1.5625,1.5625,,
2026-08-04,20.19c,logs/8-4 2 20.19c/8-4 2 20.19c.csv,1.85,11.8935,4,-3.3203125,-5.078125,,7.366846437403977
2026-08-04,20.19c,logs/8-4 2 20.19c/8-4 2 20.19c.csv,1.85,14.2578,25,1.874996,3.125,,6.724358560269274
2026-08-04,20.19c,logs/8-4 2 20.19c/8-4 2 20.19c.csv,1.85,15.6572,1326,0.9043886877828052,0.0,,4.378057877576286
2026-08-04,20.19c,logs/8-4 2 20.19c/8-4 2 20.19c.csv,1.85,17.5491,940,-0.40891,-0.78125,,3.665497714453741
2026-08-04,20.19c,logs/8-4 2 20.19c/8-4 2 20.19c.csv,1.91,9.2674,2,-1.5625,-1.5625,,1.1048543456039803
2026-08-04,20.19c,logs/8-4 2 20.19c/8-4 2 20.19c.csv,1.91,9.9646,2,-3.125,-3.125,,2.209708691207961
2026-08-04,20.19c,logs/8-4 2 20.19c/8-4 2 20.19c.csv,1.91,11.8935,3,-1.8229166666666667,-2.34375,,5.487319662944135
2026-08-04,20.19c,logs/8-4 2 20.19c/8-4 2 20.19c.csv,1.91,14.2578,1,3.90625,3.90625,,
2026-08-04,20.19c,logs/8-4 2 20.19c/8-4 2 20.19c.csv,1.91,15.6572,7,-0.6696428571428571,-1.5625,,7.403741161367259
2026-08-04,20.19c,logs/8-4 2 20.19c/8-4 2 20.19c.csv,1.91,17.5491,1458,0.2995326474622771,-0.78125,,4.165821562082874
2026-08-04,20.19c,logs/8-4 2 20.19c/8-4 2 20.19c.csv,1.91,19.9302,830,-0.5882910240963856,-0.78125,,3.10922004035374
2026-08-04,20.19c,logs/8-4 2 20.19c/8-4 2 20.19c.csv,1.91,22.0675,2,-2.734375,-2.734375,,1.6572815184059708
2026-08-04,20.19c,logs/8-4 2 20.19c/8-4 2 20.19c.csv,1.9888,9.2674,1,-3.90625,-3.90625,,
2026-08-04,20.19c,logs/8-4 2 20.19c/8-4 2 20.19c.csv,1.9888,9.9646,1,-4.6875,-4.6875,,
2026-08-04,20.19c,logs/8-4 2 20.19c/8-4 2 20.19c.csv,1.9888,11.0771,1,-6.25,-6.25,,
2026-08-04,20.19c,logs/8-4 2 20.19c/8-4 2 20.19c.csv,1.9888,14.2578,1,0.0,0.0,,
2026-08-04,20.19c,logs/8-4 2 20.19c/8-4 2 20.19c.csv,1.9888,15.6572,1,-5.46875,-5.46875,,
2026-08-04,20.19c,logs/8-4 2 20.19c/8-4 2 20.19c.csv,1.9888,17.5491,32,0.48828125,0.390625,,5.548276884410934
2026-08-04,20.19c,logs/8-4 2 20.19c/8-4 2 20.19c.csv,1.9888,19.9302,2460,-0.1289379471544715,-0.78125,,3.3534628862274083
2026-08-04,20.19c,logs/8-4 2 20.19c/8-4 2 20.19c.csv,1.9888,22.0675,275,-0.1392045454545454,-0.78125,,2.5276951514160166
2026-08-04,20.19c,logs/8-4 2 20.19c/8-4 2 20.19c.csv,1.9888,24.2801,4,-0.390625,0.0,,2.888160548544119
2026-08-04,20.19c,logs/8-4 2 20.19c/8-4 2 20.19c.csv,2.05,9.9646,1,5.46875,5.46875,,
2026-08-04,20.19c,logs/8-4 2 20.19c/8-4 2 20.19c.csv,2.05,15.6572,2,-1.5625,-1.5625,,8.838834764831844
2026-08-04,20.19c,logs/8-4 2 20.19c/8-4 2 20.19c.csv,2.05,17.5491,1,-19.53125,-19.53125,,
2026-08-04,20.19c,logs/8-4 2 20.19c/8-4 2 20.19c.csv,2.05,19.9302,79,0.1285601265822784,0.0,,4.054541845749602
2026-08-04,20.19c,logs/8-4 2 20.19c/8-4 2 20.19c.csv,2.05,22.0675,2333,0.0867311187312473,0.0,,3.162558378873628
2026-08-04,20.19c,logs/8-4 2 20.19c/8-4 2 20.19c.csv,2.05,24.2801,1084,-0.5866583025830258,-0.78125,,3.096261993118893
2026-08-04,20.19c,logs/8-4 2 20.19c/8-4 2 20.19c.csv,2.05,27.1728,2,-0.78125,-0.78125,,6.629126073623883
2026-08-04,20.19c,logs/8-4 2 20.19c/8-4 2 20.19c.csv,2.05,36.822,1,8.59375,8.59375,,
2026-08-04,20.19c,logs/8-4 2 20.19c/8-4 2 20.19c.csv,2.1152,8.1077,1,-1.5625,-1.5625,,
2026-08-04,20.19c,logs/8-4 2 20.19c/8-4 2 20.19c.csv,2.1152,11.8935,1,-4.6875,-4.6875,,
2026-08-04,20.19c,logs/8-4 2 20.19c/8-4 2 20.19c.csv,2.1152,14.2578,2,-0.78125,-0.78125,,6.629126073623883
2026-08-04,20.19c,logs/8-4 2 20.19c/8-4 2 20.19c.csv,2.1152,19.9302,1,-3.125,-3.125,,
2026-08-04,20.19c,logs/8-4 2 20.19c/8-4 2 20.19c.csv,2.1152,22.0675,13,-1.862984615384616,-3.125,,6.089569654245714
2026-08-04,20.19c,logs/8-4 2 20.19c/8-4 2 20.19c.csv,2.1152,24.2801,1445,-1.0672580622837369,-0.78125,,3.151221905762108
2026-08-04,20.19c,logs/8-4 2 20.19c/8-4 2 20.19c.csv,2.1152,27.1728,592,-1.0016364864864864,-0.78125,,2.810026641495932
2026-08-04,20.19c,logs/8-4 2 20.19c/8-4 2 20.19c.csv,2.1152,30.9147,2,-4.296875,-4.296875,,0.5524271728019903
2026-08-04,20.19c,logs/8-4 2 20.19c/8-4 2 20.19c.csv,2.1152,33.0568,1,-3.90625,-3.90625,,
2026-08-04,20.19c,logs/8-4 2 20.19c/8-4 2 20.19c.csv,2.1682,14.2578,2,-13.28125,-13.28125,,12.153397801643786
2026-08-04,20.19c,logs/8-4 2 20.19c/8-4 2 20.19c.csv,2.1682,15.6572,2,0.390625,0.390625,,4.9718445552179125
2026-08-04,20.19c,logs/8-4 2 20.19c/8-4 2 20.19c.csv,2.1682,17.5491,2,0.390625,0.390625,,1.6572815184059708
2026-08-04,20.19c,logs/8-4 2 20.19c/8-4 2 20.19c.csv,2.1682,22.0675,3,-1.8229166666666667,-2.34375,,5.487319662944135
2026-08-04,20.19c,logs/8-4 2 20.19c/8-4 2 20.19c.csv,2.1682,24.2801,11,-1.42045,-1.5625,,4.81365319715702
2026-08-04,20.19c,logs/8-4 2 20.19c/8-4 2 20.19c.csv,2.1682,27.1728,1515,-1.935334290429043,-2.34375,,2.9450140221933623
2026-08-04,20.19c,logs/8-4 2 20.19c/8-4 2 20.19c.csv,2.1682,30.9147,205,-1.8254575609756096,-2.34375,,3.066909628876436
2026-08-04,20.19c,logs/8-4 2 20.19c/8-4 2 20.19c.csv,2.1682,33.0568,2,-3.125,-3.125,,2.209708691207961
2026-08-04,20.19c,logs/8-4 2 20.19c/8-4 2 20.19c.csv,2.1682,36.822,1,-1.5625,-1.5625,,
2026-08-04,20.19c,logs/8-4 2 20.19c/8-4 2 20.19c.csv,2.253,15.6572,2,0.0,0.0,,4.419417382415922
2026-08-04,20.19c,logs/8-4 2 20.19c/8-4 2 20.19c.csv,2.253,19.9302,1,0.0,0.0,,
2026-08-04,20.19c,logs/8-4 2 20.19c/8-4 2 20.19c.csv,2.253,22.0675,2,-2.734375,-2.734375,,2.762135864009952
2026-08-04,20.19c,logs/8-4 2 20.19c/8-4 2 20.19c.csv,2.253,24.2801,2,-13.28125,-13.28125,,13.258252147247768
2026-08-04,20.19c,logs/8-4 2 20.19c/8-4 2 20.19c.csv,2.253,27.1728,33,-2.627840909090909,-2.34375,,2.9088987807205107
2026-08-04,20.19c,logs/8-4 2 20.19c/8-4 2 20.19c.csv,2.253,30.9147,1198,-2.050291819699499,-2.34375,,3.040560626128197
2026-08-04,20.19c,logs/8-4 2 20.19c/8-4 2 20.19c.csv,2.253,33.0568,144,-1.7849381944444442,-2.734375,,3.64179819495764
2026-08-04,20.19c,logs/8-4 2 20.19c/8-4 2 20.19c.csv,2.253,36.822,1,-16.4063,-16.4063,,
2026-08-04,20.19c,logs/8-4 2 20.19c/8-4 2 20.19c.csv,2.2849,14.2578,1,6.25,6.25,,
2026-08-04,20.19c,logs/8-4 2 20.19c/8-4 2 20.19c.csv,2.2849,15.6572,2,-1.5625,-1.5625,,2.209708691207961
2026-08-04,20.19c,logs/8-4 2 20.19c/8-4 2 20.19c.csv,2.2849,17.5491,1,-5.46875,-5.46875,,
2026-08-04,20.19c,logs/8-4 2 20.19c/8-4 2 20.19c.csv,2.2849,19.9302,2,2.734375,2.734375,,3.866990209613932
2026-08-04,20.19c,logs/8-4 2 20.19c/8-4 2 20.19c.csv,2.2849,22.0675,1,-1.5625,-1.5625,,
2026-08-04,20.19c,logs/8-4 2 20.19c/8-4 2 20.19c.csv,2.2849,24.2801,1,3.90625,3.90625,,
2026-08-04,20.19c,logs/8-4 2 20.19c/8-4 2 20.19c.csv,2.2849,27.1728,6,-2.9947916666666665,-3.125,,2.2866303560953325
2026-08-04,20.19c,logs/8-4 2 20.19c/8-4 2 20.19c.csv,2.2849,30.9147,30,-2.135413333333333,-2.34375,,5.230480647326541
2026-08-04,20.19c,logs/8-4 2 20.19c/8-4 2 20.19c.csv,2.2849,33.0568,1477,-1.6984380839539608,-2.34375,,3.121710886308993
2026-08-04,20.19c,logs/8-4 2 20.19c/8-4 2 20.19c.csv,2.2849,36.822,329,-0.3395703647416413,-0.78125,,3.9368202663240943
2026-08-04,20.19c,logs/8-4 2 20.19c/8-4 2 20.19c.csv,2.3877,15.6572,1,0.0,0.0,,
2026-08-04,20.19c,logs/8-4 2 20.19c/8-4 2 20.19c.csv,2.3877,27.1728,1,5.46875,5.46875,,
2026-08-04,20.19c,logs/8-4 2 20.19c/8-4 2 20.19c.csv,2.3877,30.9147,5,0.0,-1.5625,,5.440776670775047
2026-08-04,20.19c,logs/8-4 2 20.19c/8-4 2 20.19c.csv,2.3877,33.0568,33,-2.2253772727272727,-2.34375,,2.975694914534957
2026-08-04,20.19c,logs/8-4 2 20.19c/8-4 2 20.19c.csv,2.3877,36.822,2383,-0.2409635753252202,-1.5625,,3.88422653495171
2026-08-04,20.19c,logs/8-4 2 20.19c/8-4 2 20.19c.csv,2.3877,42.2183,51,-2.221200980392157,-2.34375,,2.521259940000043
2026-08-04,20.19c,logs/8-4 2 20.19c/8-4 2 20.19c.csv,2.3877,47.3729,1,1.5625,1.5625,,
2026-08-04,20.19c,logs/8-4 2 20.19c/8-4 2 20.19c.csv,2.449,17.5491,1,0.78125,0.78125,,
2026-08-04,20.19c,logs/8-4 2 20.19c/8-4 2 20.19c.csv,2.449,33.0568,1,-9.375,-9.375,,
2026-08-04,20.19c,logs/8-4 2 20.19c/8-4 2 20.19c.csv,2.449,36.822,103,-2.222390776699029,-2.34375,,2.5905525301294654
2026-08-04,20.19c,logs/8-4 2 20.19c/8-4 2 20.19c.csv,2.449,42.2183,1029,-1.233752332361516,-1.5625,,2.9006186901674
2026-08-04,20.19c,logs/8-4 2 20.19c/8-4 2 20.19c.csv,2.449,47.3729,15,-0.15625,-1.5625,,5.10765794105842
2026-08-04,20.19c,logs/8-4 2 20.19c/8-4 2 20.19c.csv,2.5482,33.0568,2,4.296875,4.296875,,1.6572815184059708
2026-08-04,20.19c,logs/8-4 2 20.19c/8-4 2 20.19c.csv,2.5482,36.822,2,2.34375,2.34375,,6.629126073623883
2026-08-04,20.19c,logs/8-4 2 20.19c/8-4 2 20.19c.csv,2.5482,42.2183,30,-1.015625,-1.5625,,3.146143451163937
2026-08-04,20.19c,logs/8-4 2 20.19c/8-4 2 20.19c.csv,2.5482,47.3729,141,-0.5596184397163121,-1.5625,,4.083403585304664
2026-08-04,20.19c,logs/8-4 2 20.19c/8-4 2 20.19c.csv,2.5482,50.5261,7,3.5714357142857147,4.6875,,5.913082782392664
2026-08-04,20.19c,logs/8-4 2 20.19c/8-4 2 20.19c.csv,2.62,47.3729,1,-0.78125,-0.78125,,
2026-08-04,20.19c,logs/8-4 2 20.19c/8-4 2 20.19c.csv,2.62,50.5261,7,3.4598214285714284,5.46875,,5.0400645575277725
2026-08-04,20.19c,logs/8-4 2 20.19c/8-4 2 20.19c.csv,2.62,57.3682,2,-0.78125,-0.78125,,5.524271728019903
2026-08-04,20.19c,logs/8-4 2 20.19c/8-4 2 20.19c.csv,2.7327,36.822,1,7.03125,7.03125,,
2026-08-04,20.19c,logs/8-4 2 20.19c/8-4 2 20.19c.csv,2.7327,42.2183,4,-0.9765625,-2.734375,,4.997354443332158
2026-08-04,20.19c,logs/8-4 2 20.19c/8-4 2 20.19c.csv,2.7327,50.5261,4,2.34375,3.125,,5.221337931188391
2026-08-04,20.19c,logs/8-4 2 20.19c/8-4 2 20.19c.csv,2.7327,57.3682,5,1.09375,0.78125,,4.228865188351362
2026-08-04,20.19c,logs/8-4 2 20.19c/8-4 2 20.19c.csv,2.7327,73.8877,1,1.5625,1.5625,,
2026-08-04,20.19c,logs/8-4 2 20.19c/8-4 2 20.19c.csv,2.8274,42.2183,1,0.78125,0.78125,,
2026-08-04,20.19c,logs/8-4 2 20.19c/8-4 2 20.19c.csv,2.8274,57.3682,1,6.25,6.25,,
2026-08-04,20.19c,logs/8-4 2 20.19c/8-4 2 20.19c.csv,2.8274,73.8877,1,3.90625,3.90625,,
2026-08-04,20.19c,logs/8-4 2 20.19c/8-4 2 20.19c.csv,2.9125,73.8877,4,-1.3671875,-1.953125,,2.054652843497331
2026-08-02,20.19c,logs/8-2 20.19c/8-2 20.19c.csv,1.28,3.5071,3,2.864583333333333,2.34375,,1.6263015620829162
2026-08-02,20.19c,logs/8-2 20.19c/8-2 20.19c.csv,1.28,3.9996,4,2.34375,2.34375,,1.275775907699572
2026-08-02,20.19c,logs/8-2 20.19c/8-2 20.19c.csv,1.3021,5.3437,1,-2.34375,-2.34375,,
2026-08-02,20.19c,logs/8-2 20.19c/8-2 20.19c.csv,1.3628,3.9996,3,4.6875,3.90625,,1.3531646934131851
2026-08-02,20.19c,logs/8-2 20.19c/8-2 20.19c.csv,1.3628,4.3333,4,-2.34375,1.5625,,12.947711348600055
2026-08-02,20.19c,logs/8-2 20.19c/8-2 20.19c.csv,1.3628,5.3437,8,-2.734375,-2.734375,,2.862891816602826
2026-08-02,20.19c,logs/8-2 20.19c/8-2 20.19c.csv,1.3948,3.9996,1,2.34375,2.34375,,
2026-08-02,20.19c,logs/8-2 20.19c/8-2 20.19c.csv,1.3948,5.3437,9,-1.3888888888888888,-1.5625,,2.46365728234694
2026-08-02,20.19c,logs/8-2 20.19c/8-2 20.19c.csv,1.3948,5.6028,14,-1.2276785714285714,-1.5625,,2.6663813735324657
2026-08-02,20.19c,logs/8-2 20.19c/8-2 20.19c.csv,1.3948,6.4361,1,-0.78125,-0.78125,,
2026-08-02,20.19c,logs/8-2 20.19c/8-2 20.19c.csv,1.45,3.5071,1,2.34375,2.34375,,
2026-08-02,20.19c,logs/8-2 20.19c/8-2 20.19c.csv,1.45,3.9996,1,2.34375,2.34375,,
2026-08-02,20.19c,logs/8-2 20.19c/8-2 20.19c.csv,1.45,4.3333,2,2.34375,2.34375,,0.0
2026-08-02,20.19c,logs/8-2 20.19c/8-2 20.19c.csv,1.45,5.3437,9,1.0416666666666667,2.34375,,4.115489747208101
2026-08-02,20.19c,logs/8-2 20.19c/8-2 20.19c.csv,1.45,5.6028,20,0.3515625,-0.78125,,3.4239697085352705
2026-08-02,20.19c,logs/8-2 20.19c/8-2 20.19c.csv,1.45,6.4361,15,-1.71875,-3.125,,3.996720195538909
2026-08-02,20.19c,logs/8-2 20.19c/8-2 20.19c.csv,1.45,7.5789,1,-6.25,-6.25,,
2026-08-02,20.19c,logs/8-2 20.19c/8-2 20.19c.csv,1.45,8.1077,1,-7.8125,-7.8125,,
2026-08-02,20.19c,logs/8-2 20.19c/8-2 20.19c.csv,1.4801,5.3437,2,-8.59375,-8.59375,,17.67766952966369
2026-08-02,20.19c,logs/8-2 20.19c/8-2 20.19c.csv,1.4801,5.6028,6,0.5208333333333334,-0.78125,,4.298058549120366
2026-08-02,20.19c,logs/8-2 20.19c/8-2 20.19c.csv,1.4801,6.4361,11,0.0,1.5625,,3.5971451353816684
2026-08-02,20.19c,logs/8-2 20.19c/8-2 20.19c.csv,1.4801,7.5789,42,-3.0319940476190474,-3.125,,2.9444932332879183
2026-08-02,20.19c,logs/8-2 20.19c/8-2 20.19c.csv,1.4801,8.1077,8,-4.00390625,-3.90625,,1.8410950542771896
2026-08-02,20.19c,logs/8-2 20.19c/8-2 20.19c.csv,1.5473,5.6028,3,-1.5625,-1.5625,,0.78125
2026-08-02,20.19c,logs/8-2 20.19c/8-2 20.19c.csv,1.5473,6.4361,11,0.0,0.0,,3.921843874378479
2026-08-02,20.19c,logs/8-2 20.19c/8-2 20.19c.csv,1.5473,7.5789,32,-2.563478125,-3.90625,,3.708368651419197
2026-08-02,20.19c,logs/8-2 20.19c/8-2 20.19c.csv,1.5473,8.1077,218,-1.0500291284403669,-0.78125,,3.8380430128175336
2026-08-02,20.19c,logs/8-2 20.19c/8-2 20.19c.csv,1.5473,9.2674,36,-5.099826388888889,-4.6875,,3.332853736889457
2026-08-02,20.19c,logs/8-2 20.19c/8-2 20.19c.csv,1.5473,9.9646,1,-1.5625,-1.5625,,
2026-08-02,20.19c,logs/8-2 20.19c/8-2 20.19c.csv,1.593,5.6028,1,3.125,3.125,,
2026-08-02,20.19c,logs/8-2 20.19c/8-2 20.19c.csv,1.593,6.4361,2,-1.171875,-1.171875,,0.5524271728019903
2026-08-02,20.19c,logs/8-2 20.19c/8-2 20.19c.csv,1.593,7.5789,3,-4.947916666666667,-5.46875,,3.932205435036849
2026-08-02,20.19c,logs/8-2 20.19c/8-2 20.19c.csv,1.593,8.1077,52,-1.5024067307692308,-1.5625,,5.088657216617968
2026-08-02,20.19c,logs/8-2 20.19c/8-2 20.19c.csv,1.593,9.2674,335,-2.628267313432836,-1.5625,,5.241412569826902
2026-08-02,20.19c,logs/8-2 20.19c/8-2 20.19c.csv,1.593,9.9646,95,-3.4539473684210527,-4.6875,,3.5245324276613794
2026-08-02,20.19c,logs/8-2 20.19c/8-2 20.19c.csv,1.593,11.0771,1,-1.5625,-1.5625,,
2026-08-02,20.19c,logs/8-2 20.19c/8-2 20.19c.csv,1.6417,6.4361,5,-1.71875,-1.5625,,3.286825619994161
2026-08-02,20.19c,logs/8-2 20.19c/8-2 20.19c.csv,1.6417,7.5789,6,1.3020833333333333,0.78125,,4.240875622046309
2026-08-02,20.19c,logs/8-2 20.19c/8-2 20.19c.csv,1.6417,8.1077,12,-1.2369791666666667,-1.953125,,3.355463720253224
2026-08-02,20.19c,logs/8-2 20.19c/8-2 20.19c.csv,1.6417,9.2674,143,-1.890298951048951,0.0,,5.676555964786618
2026-08-02,20.19c,logs/8-2 20.19c/8-2 20.19c.csv,1.6417,9.9646,714,-1.2243983893557424,-0.78125,,5.551735400991624
2026-08-02,20.19c,logs/8-2 20.19c/8-2 20.19c.csv,1.6417,11.0771,572,0.5435958041958042,0.78125,,4.929265570494832
2026-08-02,20.19c,logs/8-2 20.19c/8-2 20.19c.csv,1.6417,11.8935,44,0.8522727272727273,0.78125,,4.753108509120264
2026-08-02,20.19c,logs/8-2 20.19c/8-2 20.19c.csv,1.68,4.3333,2,0.78125,0.78125,,1.1048543456039803
2026-08-02,20.19c,logs/8-2 20.19c/8-2 20.19c.csv,1.68,6.4361,3,1.3020833333333333,0.0,,2.9577647634376425
2026-08-02,20.19c,logs/8-2 20.19c/8-2 20.19c.csv,1.68,7.5789,4,-4.4921875,-4.6875,,1.610588135006899
2026-08-02,20.19c,logs/8-2 20.19c/8-2 20.19c.csv,1.68,8.1077,2,-2.34375,-2.34375,,4.419417382415922
2026-08-02,20.19c,logs/8-2 20.19c/8-2 20.19c.csv,1.68,9.2674,8,0.29296875,0.78125,,2.6057937625246748
2026-08-02,20.19c,logs/8-2 20.19c/8-2 20.19c.csv,1.68,9.9646,39,-1.7227576923076924,0.0,,5.76104564827586
2026-08-02,20.19c,logs/8-2 20.19c/8-2 20.19c.csv,1.68,11.0771,981,-0.0884028542303771,1.5625,,6.897854899036749
2026-08-02,20.19c,logs/8-2 20.19c/8-2 20.19c.csv,1.68,11.8935,869,1.7396071921749137,1.5625,,3.933190755554887
2026-08-02,20.19c,logs/8-2 20.19c/8-2 20.19c.csv,1.7451,6.4361,1,-0.78125,-0.78125,,
2026-08-02,20.19c,logs/8-2 20.19c/8-2 20.19c.csv,1.7451,7.5789,1,2.34375,2.34375,,
2026-08-02,20.19c,logs/8-2 20.19c/8-2 20.19c.csv,1.7451,8.1077,4,1.7578125,1.5625,,2.9491540762776367
2026-08-02,20.19c,logs/8-2 20.19c/8-2 20.19c.csv,1.7451,9.2674,6,-1.5625,-0.78125,,4.713469727811987
2026-08-02,20.19c,logs/8-2 20.19c/8-2 20.19c.csv,1.7451,9.9646,7,-6.584828571428572,-3.125,,7.88841485433212
2026-08-02,20.19c,logs/8-2 20.19c/8-2 20.19c.csv,1.7451,11.0771,117,-0.253742735042735,0.78125,,5.525068413000005
2026-08-02,20.19c,logs/8-2 20.19c/8-2 20.19c.csv,1.7451,11.8935,3611,2.190788424259208,3.125,,4.87017745962292
2026-08-02,20.19c,logs/8-2 20.19c/8-2 20.19c.csv,1.7451,14.2578,615,1.9829781300813007,2.34375,,4.051021136825514
2026-08-02,20.19c,logs/8-2 20.19c/8-2 20.19c.csv,1.7451,15.6572,1,7.8125,7.8125,,
2026-08-02,20.19c,logs/8-2 20.19c/8-2 20.19c.csv,1.81,6.4361,2,-2.34375,-2.34375,,1.1048543456039803
2026-08-02,20.19c,logs/8-2 20.19c/8-2 20.19c.csv,1.81,8.1077,2,0.390625,0.390625,,2.762135864009952
2026-08-02,20.19c,logs/8-2 20.19c/8-2 20.19c.csv,1.81,9.2674,5,-2.34375,-3.125,,2.066993211769212
2026-08-02,20.19c,logs/8-2 20.19c/8-2 20.19c.csv,1.81,9.9646,5,0.625,0.0,,4.860103442186184
2026-08-02,20.19c,logs/8-2 20.19c/8-2 20.19c.csv,1.81,11.0771,10,-1.875,0.0,,2.7853629077335285
2026-08-02,20.19c,logs/8-2 20.19c/8-2 20.19c.csv,1.81,11.8935,270,0.7378459259259259,1.5625,,6.071411232657759
2026-08-02,20.19c,logs/8-2 20.19c/8-2 20.19c.csv,1.81,14.2578,3612,0.3015117248062015,0.78125,,4.709160498272449
2026-08-02,20.19c,logs/8-2 20.19c/8-2 20.19c.csv,1.81,15.6572,1108,-0.0698051444043321,0.0,,3.925622123207889
2026-08-02,20.19c,logs/8-2 20.19c/8-2 20.19c.csv,1.81,17.5491,2,-5.859375,-5.859375,,0.5524271728019903
2026-08-02,20.19c,logs/8-2 20.19c/8-2 20.19c.csv,1.81,19.9302,1,3.90625,3.90625,,
2026-08-02,20.19c,logs/8-2 20.19c/8-2 20.19c.csv,1.85,5.3437,1,7.03125,7.03125,,
2026-08-02,20.19c,logs/8-2 20.19c/8-2 20.19c.csv,1.85,6.4361,1,2.34375,2.34375,,
2026-08-02,20.19c,logs/8-2 20.19c/8-2 20.19c.csv,1.85,7.5789,2,-3.515625,-3.515625,,2.762135864009952
2026-08-02,20.19c,logs/8-2 20.19c/8-2 20.19c.csv,1.85,8.1077,1,7.03125,7.03125,,
2026-08-02,20.19c,logs/8-2 20.19c/8-2 20.19c.csv,1.85,9.2674,3,-5.208333333333333,-4.6875,,1.6263015620829162
2026-08-02,20.19c,logs/8-2 20.19c/8-2 20.19c.csv,1.85,9.9646,2,-0.78125,-0.78125,,3.3145630368119416
2026-08-02,20.19c,logs/8-2 20.19c/8-2 20.19c.csv,1.85,11.0771,3,-4.427083333333333,-3.90625,,2.386758174456167
2026-08-02,20.19c,logs/8-2 20.19c/8-2 20.19c.csv,1.85,11.8935,13,-0.4807692307692308,0.0,,2.481590370150634
2026-08-02,20.19c,logs/8-2 20.19c/8-2 20.19c.csv,1.85,14.2578,158,-0.6526908227848102,0.0,,5.21428278429973
2026-08-02,20.19c,logs/8-2 20.19c/8-2 20.19c.csv,1.85,15.6572,3793,-0.3499460058001581,-0.78125,,4.146816837564001
2026-08-02,20.19c,logs/8-2 20.19c/8-2 20.19c.csv,1.85,17.5491,3178,-0.814191567023285,-0.78125,,3.3229101486506285
2026-08-02,20.19c,logs/8-2 20.19c/8-2 20.19c.csv,1.85,19.9302,4,-6.445325,-5.46875,,3.7399731401664726
2026-08-02,20.19c,logs/8-2 20.19c/8-2 20.19c.csv,1.85,22.0675,1,-1.5625,-1.5625,,
2026-08-02,20.19c,logs/8-2 20.19c/8-2 20.19c.csv,1.85,30.9147,1,-0.78125,-0.78125,,
2026-08-02,20.19c,logs/8-2 20.19c/8-2 20.19c.csv,1.91,8.1077,1,2.34375,2.34375,,
2026-08-02,20.19c,logs/8-2 20.19c/8-2 20.19c.csv,1.91,9.2674,1,-0.78125,-0.78125,,
2026-08-02,20.19c,logs/8-2 20.19c/8-2 20.19c.csv,1.91,9.9646,3,-3.125,-2.34375,,2.066993211769212
2026-08-02,20.19c,logs/8-2 20.19c/8-2 20.19c.csv,1.91,11.8935,5,-1.71876,0.0,,3.511303733195122
2026-08-02,20.19c,logs/8-2 20.19c/8-2 20.19c.csv,1.91,14.2578,5,-3.1250100000000005,0.78125,,10.30541517997941
2026-08-02,20.19c,logs/8-2 20.19c/8-2 20.19c.csv,1.91,15.6572,22,-0.7457386363636364,0.0,,7.137821949405319
2026-08-02,20.19c,logs/8-2 20.19c/8-2 20.19c.csv,1.91,17.5491,4578,-1.3682971603320229,-1.5625,,3.5175770599169858
2026-08-02,20.19c,logs/8-2 20.19c/8-2 20.19c.csv,1.91,19.9302,2194,-1.6415509799453052,-2.34375,,2.861369882113942
2026-08-02,20.19c,logs/8-2 20.19c/8-2 20.19c.csv,1.91,22.0675,1,-9.375,-9.375,,
2026-08-02,20.19c,logs/8-2 20.19c/8-2 20.19c.csv,1.91,24.2801,1,-0.78125,-0.78125,,
2026-08-02,20.19c,logs/8-2 20.19c/8-2 20.19c.csv,1.91,27.1728,1,2.34375,2.34375,,
2026-08-02,20.19c,logs/8-2 20.19c/8-2 20.19c.csv,1.9888,6.4361,1,3.125,3.125,,
2026-08-02,20.19c,logs/8-2 20.19c/8-2 20.19c.csv,1.9888,7.5789,1,1.5625,1.5625,,
2026-08-02,20.19c,logs/8-2 20.19c/8-2 20.19c.csv,1.9888,9.9646,1,3.90625,3.90625,,
2026-08-02,20.19c,logs/8-2 20.19c/8-2 20.19c.csv,1.9888,11.0771,1,-3.90625,-3.90625,,
2026-08-02,20.19c,logs/8-2 20.19c/8-2 20.19c.csv,1.9888,11.8935,3,-9.895833333333334,-5.46875,,9.768228819537006
2026-08-02,20.19c,logs/8-2 20.19c/8-2 20.19c.csv,1.9888,14.2578,5,-0.625,0.0,,1.0186253758129138
2026-08-02,20.19c,logs/8-2 20.19c/8-2 20.19c.csv,1.9888,15.6572,10,-1.640625,0.0,,3.261972139608696
2026-08-02,20.19c,logs/8-2 20.19c/8-2 20.19c.csv,1.9888,17.5491,90,-2.092017222222222,-1.5625,,4.765607486271955
2026-08-02,20.19c,logs/8-2 20.19c/8-2 20.19c.csv,1.9888,19.9302,6355,-0.937623154996066,-0.78125,,3.610668278778214
2026-08-02,20.19c,logs/8-2 20.19c/8-2 20.19c.csv,1.9888,22.0675,1033,-0.8493166021297193,-0.78125,,2.8315135835272605
2026-08-02,20.19c,logs/8-2 20.19c/8-2 20.19c.csv,1.9888,24.2801,2,-8.203125,-8.203125,,10.496116283237814
2026-08-02,20.19c,logs/8-2 20.19c/8-2 20.19c.csv,1.9888,27.1728,1,-4.6875,-4.6875,,
2026-08-02,20.19c,logs/8-2 20.19c/8-2 20.19c.csv,2.05,6.4361,4,1.171875,2.34375,,3.464618410325539
2026-08-02,20.19c,logs/8-2 20.19c/8-2 20.19c.csv,2.05,8.1077,1,-3.90625,-3.90625,,
2026-08-02,20.19c,logs/8-2 20.19c/8-2 20.19c.csv,2.05,9.2674,1,7.03125,7.03125,,
2026-08-02,20.19c,logs/8-2 20.19c/8-2 20.19c.csv,2.05,9.9646,1,-2.34375,-2.34375,,
2026-08-02,20.19c,logs/8-2 20.19c/8-2 20.19c.csv,2.05,11.0771,1,1.5625,1.5625,,
2026-08-02,20.19c,logs/8-2 20.19c/8-2 20.19c.csv,2.05,11.8935,2,-1.171875,-1.171875,,4.9718445552179125
2026-08-02,20.19c,logs/8-2 20.19c/8-2 20.19c.csv,2.05,14.2578,5,0.0,0.0,,1.9918044974971816
2026-08-02,20.19c,logs/8-2 20.19c/8-2 20.19c.csv,2.05,15.6572,6,-2.6041666666666665,-1.171875,,3.6196979903945934
2026-08-02,20.19c,logs/8-2 20.19c/8-2 20.19c.csv,2.05,17.5491,10,-0.546875,0.0,,2.6054684246418254
2026-08-02,20.19c,logs/8-2 20.19c/8-2 20.19c.csv,2.05,19.9302,408,-0.966990318627451,-0.78125,,5.4408414231500535
2026-08-02,20.19c,logs/8-2 20.19c/8-2 20.19c.csv,2.05,22.0675,7524,-1.040836131047315,-0.78125,,3.1313466892416804
2026-08-02,20.19c,logs/8-2 20.19c/8-2 20.19c.csv,2.05,24.2801,2462,-1.193135804224208,-1.5625,,2.921798956007766
2026-08-02,20.19c,logs/8-2 20.19c/8-2 20.19c.csv,2.05,27.1728,7,-1.0044642857142858,0.78125,,3.7660865282273104
2026-08-02,20.19c,logs/8-2 20.19c/8-2 20.19c.csv,2.05,30.9147,4,-1.171875,-1.171875,,2.743659831472068
2026-08-02,20.19c,logs/8-2 20.19c/8-2 20.19c.csv,2.05,36.822,1,3.125,3.125,,
2026-08-02,20.19c,logs/8-2 20.19c/8-2 20.19c.csv,2.1152,11.8935,1,-0.78125,-0.78125,,
2026-08-02,20.19c,logs/8-2 20.19c/8-2 20.19c.csv,2.1152,14.2578,1,0.0,0.0,,
2026-08-02,20.19c,logs/8-2 20.19c/8-2 20.19c.csv,2.1152,15.6572,7,-0.8928571428571429,0.78125,,2.404954815311605
2026-08-02,20.19c,logs/8-2 20.19c/8-2 20.19c.csv,2.1152,17.5491,4,4.296875,3.90625,,2.6684767619686456
2026-08-02,20.19c,logs/8-2 20.19c/8-2 20.19c.csv,2.1152,19.9302,6,-2.9948,0.0,,8.110233295966276
2026-08-02,20.19c,logs/8-2 20.19c/8-2 20.19c.csv,2.1152,22.0675,34,-3.6994514705882353,-3.125,,5.08243849949354
2026-08-02,20.19c,logs/8-2 20.19c/8-2 20.19c.csv,2.1152,24.2801,5085,-0.8559180825958702,-0.78125,,3.391181894687452
2026-08-02,20.19c,logs/8-2 20.19c/8-2 20.19c.csv,2.1152,27.1728,2070,-0.8533363768115942,-0.78125,,2.928885982710017
2026-08-02,20.19c,logs/8-2 20.19c/8-2 20.19c.csv,2.1152,30.9147,6,-1.8229166666666667,-1.171875,,5.4501170667855074
2026-08-02,20.19c,logs/8-2 20.19c/8-2 20.19c.csv,2.1152,33.0568,1,-1.5625,-1.5625,,
2026-08-02,20.19c,logs/8-2 20.19c/8-2 20.19c.csv,2.1682,9.9646,1,-3.90625,-3.90625,,
2026-08-02,20.19c,logs/8-2 20.19c/8-2 20.19c.csv,2.1682,11.8935,1,-1.5625,-1.5625,,
2026-08-02,20.19c,logs/8-2 20.19c/8-2 20.19c.csv,2.1682,15.6572,1,-2.34375,-2.34375,,
2026-08-02,20.19c,logs/8-2 20.19c/8-2 20.19c.csv,2.1682,17.5491,6,-2.2135416666666665,-3.90625,,3.2557291250066656
2026-08-02,20.19c,logs/8-2 20.19c/8-2 20.19c.csv,2.1682,19.9302,1,1.5625,1.5625,,
2026-08-02,20.19c,logs/8-2 20.19c/8-2 20.19c.csv,2.1682,22.0675,8,-0.48828125,0.0,,1.9559131884287817
2026-08-02,20.19c,logs/8-2 20.19c/8-2 20.19c.csv,2.1682,24.2801,43,-3.3066848837209304,-4.6875,,4.292097534125317
2026-08-02,20.19c,logs/8-2 20.19c/8-2 20.19c.csv,2.1682,27.1728,4769,-1.2830257286642903,-1.5625,,3.323853379565059
2026-08-02,20.19c,logs/8-2 20.19c/8-2 20.19c.csv,2.1682,30.9147,971,-1.86180473738414,-1.5625,,2.735179395822733
2026-08-02,20.19c,logs/8-2 20.19c/8-2 20.19c.csv,2.1682,33.0568,5,2.8125,3.125,,4.771384838938272
2026-08-02,20.19c,logs/8-2 20.19c/8-2 20.19c.csv,2.253,8.1077,1,-0.78125,-0.78125,,
2026-08-02,20.19c,logs/8-2 20.19c/8-2 20.19c.csv,2.253,11.0771,1,1.5625,1.5625,,
2026-08-02,20.19c,logs/8-2 20.19c/8-2 20.19c.csv,2.253,11.8935,3,4.166666666666667,3.125,,2.511367385675249
2026-08-02,20.19c,logs/8-2 20.19c/8-2 20.19c.csv,2.253,14.2578,1,0.0,0.0,,
2026-08-02,20.19c,logs/8-2 20.19c/8-2 20.19c.csv,2.253,15.6572,4,0.78125,1.171875,,2.9231698334171416
2026-08-02,20.19c,logs/8-2 20.19c/8-2 20.19c.csv,2.253,17.5491,6,0.9114583333333334,1.171875,,3.438091805117581
2026-08-02,20.19c,logs/8-2 20.19c/8-2 20.19c.csv,2.253,19.9302,3,-5.208333333333333,-4.6875,,2.386758174456167
2026-08-02,20.19c,logs/8-2 20.19c/8-2 20.19c.csv,2.253,22.0675,4,-2.734375,-2.34375,,3.746743377588062
2026-08-02,20.19c,logs/8-2 20.19c/8-2 20.19c.csv,2.253,24.2801,8,-0.29296875,0.0,,2.768048398490158
2026-08-02,20.19c,logs/8-2 20.19c/8-2 20.19c.csv,2.253,27.1728,94,-3.116688829787234,-3.125,,4.711936607856679
2026-08-02,20.19c,logs/8-2 20.19c/8-2 20.19c.csv,2.253,30.9147,4814,-1.854292251765684,-1.5625,,3.2648073729273803
2026-08-02,20.19c,logs/8-2 20.19c/8-2 20.19c.csv,2.253,33.0568,689,-2.296126777939042,-2.34375,,2.7196452997377856
2026-08-02,20.19c,logs/8-2 20.19c/8-2 20.19c.csv,2.253,36.822,1,-1.5625,-1.5625,,
2026-08-02,20.19c,logs/8-2 20.19c/8-2 20.19c.csv,2.2849,14.2578,1,-3.125,-3.125,,
2026-08-02,20.19c,logs/8-2 20.19c/8-2 20.19c.csv,2.2849,15.6572,2,-1.5625,-1.5625,,5.524271728019903
2026-08-02,20.19c,logs/8-2 20.19c/8-2 20.19c.csv,2.2849,17.5491,3,3.64585,2.34375,,5.966922713384178
2026-08-02,20.19c,logs/8-2 20.19c/8-2 20.19c.csv,2.2849,19.9302,7,-0.2232142857142857,0.0,,3.4562193230361653
2026-08-02,20.19c,logs/8-2 20.19c/8-2 20.19c.csv,2.2849,22.0675,2,0.78125,0.78125,,5.524271728019903
2026-08-02,20.19c,logs/8-2 20.19c/8-2 20.19c.csv,2.2849,24.2801,3,0.78125,1.5625,,2.066993211769212
2026-08-02,20.19c,logs/8-2 20.19c/8-2 20.19c.csv,2.2849,27.1728,14,-0.1674107142857142,0.0,,1.8431431181313167
2026-08-02,20.19c,logs/8-2 20.19c/8-2 20.19c.csv,2.2849,30.9147,85,-2.7113976470588232,-3.125,,3.4257877724545573
2026-08-02,20.19c,logs/8-2 20.19c/8-2 20.19c.csv,2.2849,33.0568,5310,-2.396863050847457,-3.125,,3.131845250579292
2026-08-02,20.19c,logs/8-2 20.19c/8-2 20.19c.csv,2.2849,36.822,999,-1.858108108108108,-2.34375,,2.9291236069058955
2026-08-02,20.19c,logs/8-2 20.19c/8-2 20.19c.csv,2.2849,42.2183,3,0.78125,1.5625,,3.58013726168425
2026-08-02,20.19c,logs/8-2 20.19c/8-2 20.19c.csv,2.3877,19.9302,1,7.8125,7.8125,,
2026-08-02,20.19c,logs/8-2 20.19c/8-2 20.19c.csv,2.3877,22.0675,4,1.953125,1.953125,,1.0085894130748485
2026-08-02,20.19c,logs/8-2 20.19c/8-2 20.19c.csv,2.3877,24.2801,1,-6.25,-6.25,,
2026-08-02,20.19c,logs/8-2 20.19c/8-2 20.19c.csv,2.3877,27.1728,7,-0.6696428571428571,0.0,,2.8679633738404817
2026-08-02,20.19c,logs/8-2 20.19c/8-2 20.19c.csv,2.3877,30.9147,4,-1.5625125,0.78125,,4.687525
2026-08-02,20.19c,logs/8-2 20.19c/8-2 20.19c.csv,2.3877,33.0568,88,-3.0273454545454546,-2.34375,,3.958550245983888
2026-08-02,20.19c,logs/8-2 20.19c/8-2 20.19c.csv,2.3877,36.822,5292,-0.8087089758125472,-1.5625,,3.3471436037325137
2026-08-02,20.19c,logs/8-2 20.19c/8-2 20.19c.csv,2.3877,42.2183,73,-1.080908219178082,-0.78125,,3.6911958448826216
2026-08-02,20.19c,logs/8-2 20.19c/8-2 20.19c.csv,2.449,17.5491,2,-4.296875,-4.296875,,0.5524271728019903
2026-08-02,20.19c,logs/8-2 20.19c/8-2 20.19c.csv,2.449,24.2801,2,0.390625,0.390625,,3.866990209613932
2026-08-02,20.19c,logs/8-2 20.19c/8-2 20.19c.csv,2.449,27.1728,2,-12.1094,-12.1094,,17.12527771220076
2026-08-02,20.19c,logs/8-2 20.19c/8-2 20.19c.csv,2.449,30.9147,5,-0.46875,-3.90625,,5.8096851383056896
2026-08-02,20.19c,logs/8-2 20.19c/8-2 20.19c.csv,2.449,33.0568,1,-9.375,-9.375,,
2026-08-02,20.19c,logs/8-2 20.19c/8-2 20.19c.csv,2.449,36.822,277,-0.8912453068592058,-1.5625,,3.488635486706562
2026-08-02,20.19c,logs/8-2 20.19c/8-2 20.19c.csv,2.449,42.2183,3194,-1.4859406543519098,-0.78125,,3.0076893746729194
2026-08-02,20.19c,logs/8-2 20.19c/8-2 20.19c.csv,2.449,47.3729,55,-0.90909,0.0,,3.598290606140747
2026-08-02,20.19c,logs/8-2 20.19c/8-2 20.19c.csv,2.5482,27.1728,3,2.34375,3.125,,1.3531646934131851
2026-08-02,20.19c,logs/8-2 20.19c/8-2 20.19c.csv,2.5482,30.9147,1,0.0,0.0,,
2026-08-02,20.19c,logs/8-2 20.19c/8-2 20.19c.csv,2.5482,36.822,6,3.125,4.296875,,5.34457230515221
2026-08-02,20.19c,logs/8-2 20.19c/8-2 20.19c.csv,2.5482,42.2183,218,-0.6952412844036697,0.0,,2.312557059516188
2026-08-02,20.19c,logs/8-2 20.19c/8-2 20.19c.csv,2.5482,47.3729,1539,-0.2563557829759584,0.0,,1.6549218091865094
2026-08-02,20.19c,logs/8-2 20.19c/8-2 20.19c.csv,2.5482,50.5261,110,0.0923295454545454,0.0,,2.813319791212551
2026-08-02,20.19c,logs/8-2 20.19c/8-2 20.19c.csv,2.62,36.822,1,0.0,0.0,,
2026-08-02,20.19c,logs/8-2 20.19c/8-2 20.19c.csv,2.62,42.2183,3,3.125,1.5625,,4.133986423538423
2026-08-02,20.19c,logs/8-2 20.19c/8-2 20.19c.csv,2.62,47.3729,12,-0.2604166666666667,0.0,,8.011217868893517
2026-08-02,20.19c,logs/8-2 20.19c/8-2 20.19c.csv,2.62,50.5261,559,0.0586985688729874,0.0,,0.7037970057372268
2026-08-02,20.19c,logs/8-2 20.19c/8-2 20.19c.csv,2.62,57.3682,5,0.9375,0.0,,1.3975424859373684
2026-08-02,20.19c,logs/8-2 20.19c/8-2 20.19c.csv,2.7327,42.2183,1,9.375,9.375,,
2026-08-02,20.19c,logs/8-2 20.19c/8-2 20.19c.csv,2.7327,47.3729,5,1.09375,0.78125,,1.96092193718924
2026-08-02,20.19c,logs/8-2 20.19c/8-2 20.19c.csv,2.7327,50.5261,43,0.345203488372093,0.0,,1.4596181652272455
2026-08-02,20.19c,logs/8-2 20.19c/8-2 20.19c.csv,2.7327,57.3682,252,0.1488097222222222,0.0,,1.1210869083129815
2026-08-02,20.19c,logs/8-2 20.19c/8-2 20.19c.csv,2.7327,73.8877,34,0.0,0.0,,0.0
2026-08-02,20.19c,logs/8-2 20.19c/8-2 20.19c.csv,2.8274,50.5261,1,0.0,0.0,,
2026-08-02,20.19c,logs/8-2 20.19c/8-2 20.19c.csv,2.8274,57.3682,2,1.5625,1.5625,,2.209708691207961
2026-08-02,20.19c,logs/8-2 20.19c/8-2 20.19c.csv,2.8274,73.8877,80,0.01953125,0.0,,0.5827146333736479
2026-08-02,20.19c,logs/8-2 20.19c/8-2 20.19c.csv,2.9125,73.8877,16,-0.341796875,0.0,,1.1751256997258843
2026-08-02,20.19c,logs/8-2 20.19c/8-2 20.19c.csv,2.9125,80.0684,18,-0.1736111111111111,0.0,,0.736569563735987
2026-08-02,20.19c,logs/8-2 20.19c/8-2 20.19c.csv,2.9125,84.9893,1,-1.5625,-1.5625,,
2026-08-02,20.19c,logs/8-2 20.19c/8-2 20.19c.csv,2.99,57.3682,1,-0.78125,-0.78125,,
2026-08-02,20.19c,logs/8-2 20.19c/8-2 20.19c.csv,2.99,80.0684,5,0.625,0.0,,1.3975424859373686
2026-08-02,20.19c,logs/8-2 20.19c/8-2 20.19c.csv,2.99,84.9893,17,0.0,0.0,,0.0
2026-08-02,20.19c,logs/8-2 20.19c/8-2 20.19c.csv,3.0654,90.132,14,0.0,0.0,,0.0
2026-08-02,20.19c,logs/8-2 20.19c/8-2 20.19c.csv,3.1508,90.132,1,0.0,0.0,,
2026-08-02,20.19c,logs/8-2 20.19c/8-2 20.19c.csv,3.1508,110.681,3,0.0,0.0,,0.0
2026-08-02,20.19c,logs/8-2 20.19c/8-2 20.19c.csv,3.26,110.681,1,0.0,0.0,,
2026-08-02,20.19c,logs/8-2 20.19c/8-2 20.19c.csv,3.26,125.6816,1,0.0,0.0,,
2026-07-29,20.19c,logs/7-29 20.19c/7-29 20.19c.csv,1.3021,3.9996,2,4.6875,4.6875,,2.209708691207961
2026-07-29,20.19c,logs/7-29 20.19c/7-29 20.19c.csv,1.3948,6.4361,1,-3.125,-3.125,,
2026-07-29,20.19c,logs/7-29 20.19c/7-29 20.19c.csv,1.45,5.3437,1,0.78125,0.78125,,
2026-07-29,20.19c,logs/7-29 20.19c/7-29 20.19c.csv,1.45,6.4361,2,3.90625,3.90625,,9.943689110435823
2026-07-29,20.19c,logs/7-29 20.19c/7-29 20.19c.csv,1.4801,6.4361,1,-7.8125,-7.8125,,
2026-07-29,20.19c,logs/7-29 20.19c/7-29 20.19c.csv,1.4801,7.5789,1,1.5625,1.5625,,
2026-07-29,20.19c,logs/7-29 20.19c/7-29 20.19c.csv,1.5473,5.3437,1,5.46875,5.46875,,
2026-07-29,20.19c,logs/7-29 20.19c/7-29 20.19c.csv,1.5473,7.5789,2,0.78125,0.78125,,6.629126073623883
2026-07-29,20.19c,logs/7-29 20.19c/7-29 20.19c.csv,1.5473,8.1077,5,0.9375,1.5625,,6.428125759601317
2026-07-29,20.19c,logs/7-29 20.19c/7-29 20.19c.csv,1.5473,9.2674,2,0.390625,0.390625,,6.076698900821893
2026-07-29,20.19c,logs/7-29 20.19c/7-29 20.19c.csv,1.593,7.5789,1,0.0,0.0,,
2026-07-29,20.19c,logs/7-29 20.19c/7-29 20.19c.csv,1.593,8.1077,1,0.78125,0.78125,,
2026-07-29,20.19c,logs/7-29 20.19c/7-29 20.19c.csv,1.593,9.2674,42,-2.2135416666666665,-2.734375,,4.115640461863901
2026-07-29,20.19c,logs/7-29 20.19c/7-29 20.19c.csv,1.593,9.9646,34,1.3786764705882353,3.90625,,5.0449961890431485
2026-07-29,20.19c,logs/7-29 20.19c/7-29 20.19c.csv,1.6417,6.4361,1,-2.34375,-2.34375,,
2026-07-29,20.19c,logs/7-29 20.19c/7-29 20.19c.csv,1.6417,9.2674,7,1.3392857142857142,0.78125,,4.526629417560993
2026-07-29,20.19c,logs/7-29 20.19c/7-29 20.19c.csv,1.6417,9.9646,67,0.3031716417910448,1.5625,,4.876923956635458
2026-07-29,20.19c,logs/7-29 20.19c/7-29 20.19c.csv,1.6417,11.0771,43,3.542881395348837,3.90625,,4.440250861143289
2026-07-29,20.19c,logs/7-29 20.19c/7-29 20.19c.csv,1.6417,11.8935,13,3.0048076923076925,3.90625,,3.170985768051616
2026-07-29,20.19c,logs/7-29 20.19c/7-29 20.19c.csv,1.68,7.5789,1,10.9375,10.9375,,
2026-07-29,20.19c,logs/7-29 20.19c/7-29 20.19c.csv,1.68,9.9646,1,-2.34375,-2.34375,,
2026-07-29,20.19c,logs/7-29 20.19c/7-29 20.19c.csv,1.68,11.0771,25,2.218758,0.78125,,5.34972303852187
2026-07-29,20.19c,logs/7-29 20.19c/7-29 20.19c.csv,1.68,11.8935,57,3.6047149122807016,3.125,,3.0642618111720776
2026-07-29,20.19c,logs/7-29 20.19c/7-29 20.19c.csv,1.7451,11.0771,8,-0.488275,-0.78125,,5.663595824398388
2026-07-29,20.19c,logs/7-29 20.19c/7-29 20.19c.csv,1.7451,11.8935,251,3.535861354581673,3.90625,,5.684282158448906
2026-07-29,20.19c,logs/7-29 20.19c/7-29 20.19c.csv,1.7451,14.2578,25,2.3125,2.34375,,4.106086294935646
2026-07-29,20.19c,logs/7-29 20.19c/7-29 20.19c.csv,1.81,11.8935,19,2.014807894736842,0.78125,,6.019610260968893
2026-07-29,20.19c,logs/7-29 20.19c/7-29 20.19c.csv,1.81,14.2578,172,3.1840497093023257,3.125,,4.382118572254872
2026-07-29,20.19c,logs/7-29 20.19c/7-29 20.19c.csv,1.81,15.6572,33,1.775568181818182,1.5625,,4.0513703807480805
2026-07-29,20.19c,logs/7-29 20.19c/7-29 20.19c.csv,1.85,14.2578,5,3.4375,0.0,,4.706990728560021
2026-07-29,20.19c,logs/7-29 20.19c/7-29 20.19c.csv,1.85,15.6572,161,2.3922754658385093,3.125,,3.894211035065855
2026-07-29,20.19c,logs/7-29 20.19c/7-29 20.19c.csv,1.85,17.5491,193,0.153821243523316,0.0,,3.434446023081135
2026-07-29,20.19c,logs/7-29 20.19c/7-29 20.19c.csv,1.91,11.0771,1,3.125,3.125,,
2026-07-29,20.19c,logs/7-29 20.19c/7-29 20.19c.csv,1.91,11.8935,1,0.78125,0.78125,,
2026-07-29,20.19c,logs/7-29 20.19c/7-29 20.19c.csv,1.91,15.6572,3,-1.8229166666666667,-0.78125,,5.542655378591865
2026-07-29,20.19c,logs/7-29 20.19c/7-29 20.19c.csv,1.91,17.5491,229,0.3582155021834061,0.78125,,3.929774330649965
2026-07-29,20.19c,logs/7-29 20.19c/7-29 20.19c.csv,1.91,19.9302,51,-0.0612754901960784,1.5625,,4.13352508104611
2026-07-29,20.19c,logs/7-29 20.19c/7-29 20.19c.csv,1.9888,7.5789,1,0.78125,0.78125,,
2026-07-29,20.19c,logs/7-29 20.19c/7-29 20.19c.csv,1.9888,9.2674,1,0.0,0.0,,
2026-07-29,20.19c,logs/7-29 20.19c/7-29 20.19c.csv,1.9888,17.5491,6,-0.78125,-1.5625,,5.321683239352001
2026-07-29,20.19c,logs/7-29 20.19c/7-29 20.19c.csv,1.9888,19.9302,445,-1.2025984269662922,-0.78125,,3.622614072527911
2026-07-29,20.19c,logs/7-29 20.19c/7-29 20.19c.csv,1.9888,22.0675,35,0.9821428571428572,2.34375,,3.948952515748785
2026-07-29,20.19c,logs/7-29 20.19c/7-29 20.19c.csv,2.05,17.5491,1,0.0,0.0,,
2026-07-29,20.19c,logs/7-29 20.19c/7-29 20.19c.csv,2.05,19.9302,24,-0.87890625,-1.171875,,3.041622946907603
2026-07-29,20.19c,logs/7-29 20.19c/7-29 20.19c.csv,2.05,22.0675,387,-1.1244347545219635,-1.5625,,2.979777987270163
2026-07-29,20.19c,logs/7-29 20.19c/7-29 20.19c.csv,2.05,24.2801,85,-2.086397058823529,-3.125,,3.019489824874561
2026-07-29,20.19c,logs/7-29 20.19c/7-29 20.19c.csv,2.05,27.1728,1,10.15625,10.15625,,
2026-07-29,20.19c,logs/7-29 20.19c/7-29 20.19c.csv,2.1152,11.8935,1,10.9375,10.9375,,
2026-07-29,20.19c,logs/7-29 20.19c/7-29 20.19c.csv,2.1152,17.5491,1,1.5625,1.5625,,
2026-07-29,20.19c,logs/7-29 20.19c/7-29 20.19c.csv,2.1152,19.9302,1,-0.78125,-0.78125,,
2026-07-29,20.19c,logs/7-29 20.19c/7-29 20.19c.csv,2.1152,22.0675,1,9.37505,9.37505,,
2026-07-29,20.19c,logs/7-29 20.19c/7-29 20.19c.csv,2.1152,24.2801,217,-0.5976382488479263,-1.5625,,4.089667418749838
2026-07-29,20.19c,logs/7-29 20.19c/7-29 20.19c.csv,2.1152,27.1728,119,-0.6893382352941176,-0.78125,,3.591930946489916
2026-07-29,20.19c,logs/7-29 20.19c/7-29 20.19c.csv,2.1152,30.9147,3,-0.2604166666666667,-1.5625,,2.9577647634376425
2026-07-29,20.19c,logs/7-29 20.19c/7-29 20.19c.csv,2.1682,15.6572,1,0.0,0.0,,
2026-07-29,20.19c,logs/7-29 20.19c/7-29 20.19c.csv,2.1682,24.2801,2,-0.78125,-0.78125,,1.1048543456039803
2026-07-29,20.19c,logs/7-29 20.19c/7-29 20.19c.csv,2.1682,27.1728,274,-3.384466423357664,-3.90625,,2.514827531194209
2026-07-29,20.19c,logs/7-29 20.19c/7-29 20.19c.csv,2.1682,30.9147,11,-2.4857954545454546,-4.6875,,4.304938199060153
2026-07-29,20.19c,logs/7-29 20.19c/7-29 20.19c.csv,2.253,11.8935,1,5.46875,5.46875,,
2026-07-29,20.19c,logs/7-29 20.19c/7-29 20.19c.csv,2.253,15.6572,1,3.90625,3.90625,,
2026-07-29,20.19c,logs/7-29 20.19c/7-29 20.19c.csv,2.253,22.0675,1,10.15625,10.15625,,
2026-07-29,20.19c,logs/7-29 20.19c/7-29 20.19c.csv,2.253,24.2801,1,0.0,0.0,,
2026-07-29,20.19c,logs/7-29 20.19c/7-29 20.19c.csv,2.253,27.1728,6,-1.6927083333333333,-3.90625,,5.0247596594679695
2026-07-29,20.19c,logs/7-29 20.19c/7-29 20.19c.csv,2.253,30.9147,171,-1.078216374269006,0.0,,2.892482758090003
2026-07-29,20.19c,logs/7-29 20.19c/7-29 20.19c.csv,2.253,33.0568,29,-0.5387931034482759,0.0,,1.9374757914028675
2026-07-29,20.19c,logs/7-29 20.19c/7-29 20.19c.csv,2.2849,27.1728,2,-1.5625,-1.5625,,3.3145630368119416
2026-07-29,20.19c,logs/7-29 20.19c/7-29 20.19c.csv,2.2849,30.9147,6,-2.083333333333333,-1.171875,,2.736234486784104
2026-07-29,20.19c,logs/7-29 20.19c/7-29 20.19c.csv,2.2849,33.0568,375,-1.8645833333333333,-0.78125,,2.56354797382974
2026-07-29,20.19c,logs/7-29 20.19c/7-29 20.19c.csv,2.2849,36.822,111,-2.048141891891892,-2.34375,,1.731147353905398
2026-07-29,20.19c,logs/7-29 20.19c/7-29 20.19c.csv,2.3877,27.1728,2,1.5625,1.5625,,2.209708691207961
2026-07-29,20.19c,logs/7-29 20.19c/7-29 20.19c.csv,2.3877,30.9147,1,-10.93755,-10.93755,,
2026-07-29,20.19c,logs/7-29 20.19c/7-29 20.19c.csv,2.3877,33.0568,2,-0.390625,-0.390625,,1.6572815184059708
2026-07-29,20.19c,logs/7-29 20.19c/7-29 20.19c.csv,2.3877,36.822,783,-0.902977330779055,-2.34375,,2.3455793725124527
2026-07-29,20.19c,logs/7-29 20.19c/7-29 20.19c.csv,2.3877,42.2183,6,0.6510416666666666,1.953125,,2.769491764821962
2026-07-29,20.19c,logs/7-29 20.19c/7-29 20.19c.csv,2.449,27.1728,1,3.90625,3.90625,,
2026-07-29,20.19c,logs/7-29 20.19c/7-29 20.19c.csv,2.449,36.822,37,1.1613175675675675,1.5625,,1.2573247526006368
2026-07-29,20.19c,logs/7-29 20.19c/7-29 20.19c.csv,2.449,42.2183,106,0.0810731132075471,0.0,,2.446719356259321
2026-07-29,20.19c,logs/7-29 20.19c/7-29 20.19c.csv,2.449,47.3729,2,3.515625,3.515625,,0.5524271728019903
2026-07-29,20.19c,logs/7-29 20.19c/7-29 20.19c.csv,2.5482,33.0568,1,0.0,0.0,,
2026-07-29,20.19c,logs/7-29 20.19c/7-29 20.19c.csv,2.5482,42.2183,7,0.0,0.0,,0.0
2026-07-29,20.19c,logs/7-29 20.19c/7-29 20.19c.csv,2.5482,47.3729,45,-0.1041666666666666,0.0,,1.0076720964566162
2026-07-29,20.19c,logs/7-29 20.19c/7-29 20.19c.csv,2.5482,50.5261,2,1.953125,1.953125,,2.762135864009952
2026-07-29,20.19c,logs/7-29 20.19c/7-29 20.19c.csv,2.62,30.9147,1,0.78125,0.78125,,
2026-07-29,20.19c,logs/7-29 20.19c/7-29 20.19c.csv,2.62,50.5261,30,0.0,0.0,,0.0
2026-07-29,20.19c,logs/7-29 20.19c/7-29 20.19c.csv,2.7327,50.5261,3,0.0,0.0,,0.0
2026-07-29,20.19c,logs/7-29 20.19c/7-29 20.19c.csv,2.7327,57.3682,70,0.1004464285714285,0.0,,0.8403951159382457
2026-07-29,20.19c,logs/7-29 20.19c/7-29 20.19c.csv,2.8274,57.3682,2,3.515625,3.515625,,3.866990209613932
2026-07-29,20.19c,logs/7-29 20.19c/7-29 20.19c.csv,2.8274,73.8877,2,0.390625,0.390625,,0.5524271728019903
2026-07-29,20.19c,logs/7-29 20.19c/7-29 20.19c.csv,2.9125,80.0684,1,0.78125,0.78125,,
2026-08-08,20.19c,logs/8-8 20.19c/8-8 20.19c.csv,1.2201,3.5071,2,4.6875,4.6875,,5.524271728019903
2026-08-08,20.19c,logs/8-8 20.19c/8-8 20.19c.csv,1.28,3.9996,3,2.864583333333333,3.125,,0.4510548978043951
2026-08-08,20.19c,logs/8-8 20.19c/8-8 20.19c.csv,1.3021,4.3333,1,7.03125,7.03125,,
2026-08-08,20.19c,logs/8-8 20.19c/8-8 20.19c.csv,1.3628,5.3437,1,8.59375,8.59375,,
2026-08-08,20.19c,logs/8-8 20.19c/8-8 20.19c.csv,1.3948,4.3333,1,7.03125,7.03125,,
2026-08-08,20.19c,logs/8-8 20.19c/8-8 20.19c.csv,1.3948,5.3437,3,0.0,0.78125,,4.349815908460955
2026-08-08,20.19c,logs/8-8 20.19c/8-8 20.19c.csv,1.3948,5.6028,4,1.3671875,1.171875,,2.581279635624871
2026-08-08,20.19c,logs/8-8 20.19c/8-8 20.19c.csv,1.45,4.3333,1,0.78125,0.78125,,
2026-08-08,20.19c,logs/8-8 20.19c/8-8 20.19c.csv,1.45,5.6028,3,0.2604166666666667,-0.78125,,4.009063624567879
2026-08-08,20.19c,logs/8-8 20.19c/8-8 20.19c.csv,1.45,6.4361,2,1.5625,1.5625,,3.3145630368119416
2026-08-08,20.19c,logs/8-8 20.19c/8-8 20.19c.csv,1.4801,6.4361,1,-0.78125,-0.78125,,
2026-08-08,20.19c,logs/8-8 20.19c/8-8 20.19c.csv,1.4801,7.5789,1,-6.25,-6.25,,
2026-08-08,20.19c,logs/8-8 20.19c/8-8 20.19c.csv,1.5473,5.6028,1,7.8125,7.8125,,
2026-08-08,20.19c,logs/8-8 20.19c/8-8 20.19c.csv,1.5473,6.4361,3,2.083333333333333,1.5625,,2.386758174456167
2026-08-08,20.19c,logs/8-8 20.19c/8-8 20.19c.csv,1.5473,7.5789,2,-1.953125,-1.953125,,0.5524271728019903
2026-08-08,20.19c,logs/8-8 20.19c/8-8 20.19c.csv,1.5473,8.1077,4,-9.375,-6.640625,,5.740991584648073
2026-08-08,20.19c,logs/8-8 20.19c/8-8 20.19c.csv,1.5473,9.2674,1,-12.5,-12.5,,
2026-08-08,20.19c,logs/8-8 20.19c/8-8 20.19c.csv,1.593,4.3333,1,3.125,3.125,,
2026-08-08,20.19c,logs/8-8 20.19c/8-8 20.19c.csv,1.593,7.5789,1,1.5625,1.5625,,
2026-08-08,20.19c,logs/8-8 20.19c/8-8 20.19c.csv,1.593,8.1077,1,-1.5625,-1.5625,,
2026-08-08,20.19c,logs/8-8 20.19c/8-8 20.19c.csv,1.593,9.2674,8,-6.7382875,-2.734375,,7.232226376027451
2026-08-08,20.19c,logs/8-8 20.19c/8-8 20.19c.csv,1.6417,4.3333,1,3.125,3.125,,
2026-08-08,20.19c,logs/8-8 20.19c/8-8 20.19c.csv,1.6417,8.1077,3,0.0,-0.78125,,2.8168369339562416
2026-08-08,20.19c,logs/8-8 20.19c/8-8 20.19c.csv,1.6417,9.2674,3,-3.125,-1.5625,,3.405389799641151
2026-08-08,20.19c,logs/8-8 20.19c/8-8 20.19c.csv,1.6417,9.9646,20,-1.1328125,-0.78125,,2.370665083888297
2026-08-08,20.19c,logs/8-8 20.19c/8-8 20.19c.csv,1.6417,11.0771,14,-2.399553571428572,0.0,,7.117290643741216
2026-08-08,20.19c,logs/8-8 20.19c/8-8 20.19c.csv,1.6417,11.8935,1,-7.03125,-7.03125,,
2026-08-08,20.19c,logs/8-8 20.19c/8-8 20.19c.csv,1.68,5.6028,1,2.34375,2.34375,,
2026-08-08,20.19c,logs/8-8 20.19c/8-8 20.19c.csv,1.68,9.9646,2,-10.156275,-10.156275,,12.153433156982846
2026-08-08,20.19c,logs/8-8 20.19c/8-8 20.19c.csv,1.68,11.0771,45,-1.041667777777778,-0.78125,,5.919438387943068
2026-08-08,20.19c,logs/8-8 20.19c/8-8 20.19c.csv,1.68,11.8935,31,0.4536290322580645,0.0,,3.527319632094937
2026-08-08,20.19c,logs/8-8 20.19c/8-8 20.19c.csv,1.68,14.2578,1,-0.78125,-0.78125,,
2026-08-08,20.19c,logs/8-8 20.19c/8-8 20.19c.csv,1.7451,6.4361,1,0.78125,0.78125,,
2026-08-08,20.19c,logs/8-8 20.19c/8-8 20.19c.csv,1.7451,9.9646,3,-10.156266666666667,-7.03125,,6.101786367600339
2026-08-08,20.19c,logs/8-8 20.19c/8-8 20.19c.csv,1.7451,11.0771,4,-0.390625,-1.953125,,3.405389799641151
2026-08-08,20.19c,logs/8-8 20.19c/8-8 20.19c.csv,1.7451,11.8935,187,0.6392042780748663,1.5625,,5.727208818589463
2026-08-08,20.19c,logs/8-8 20.19c/8-8 20.19c.csv,1.7451,14.2578,7,-0.2232142857142857,0.78125,,2.7330460205776337
2026-08-08,20.19c,logs/8-8 20.19c/8-8 20.19c.csv,1.7451,15.6572,2,-3.125,-3.125,,1.1048543456039803
2026-08-08,20.19c,logs/8-8 20.19c/8-8 20.19c.csv,1.81,7.5789,1,-1.5625,-1.5625,,
2026-08-08,20.19c,logs/8-8 20.19c/8-8 20.19c.csv,1.81,9.2674,1,-1.5625,-1.5625,,
2026-08-08,20.19c,logs/8-8 20.19c/8-8 20.19c.csv,1.81,9.9646,1,-4.6875,-4.6875,,
2026-08-08,20.19c,logs/8-8 20.19c/8-8 20.19c.csv,1.81,11.8935,19,0.2055973684210526,-2.34375,,5.128579529283633
2026-08-08,20.19c,logs/8-8 20.19c/8-8 20.19c.csv,1.81,14.2578,108,0.2531837962962963,-0.390625,,5.717926524348006
2026-08-08,20.19c,logs/8-8 20.19c/8-8 20.19c.csv,1.81,15.6572,43,1.5079988372093025,0.0,,4.71654702691301
2026-08-08,20.19c,logs/8-8 20.19c/8-8 20.19c.csv,1.81,17.5491,1,-8.5938,-8.5938,,
2026-08-08,20.19c,logs/8-8 20.19c/8-8 20.19c.csv,1.85,3.5071,1,8.59375,8.59375,,
2026-08-08,20.19c,logs/8-8 20.19c/8-8 20.19c.csv,1.85,9.9646,1,4.6875,4.6875,,
2026-08-08,20.19c,logs/8-8 20.19c/8-8 20.19c.csv,1.85,11.8935,4,-3.90625,-3.125,,4.59987545121242
2026-08-08,20.19c,logs/8-8 20.19c/8-8 20.19c.csv,1.85,14.2578,11,-0.3551136363636363,-0.78125,,3.246911775756381
2026-08-08,20.19c,logs/8-8 20.19c/8-8 20.19c.csv,1.85,15.6572,329,-1.7192253799392097,-1.5625,,4.558448725174771
2026-08-08,20.19c,logs/8-8 20.19c/8-8 20.19c.csv,1.85,17.5491,187,-0.8982288770053475,0.0,,4.126761183147979
2026-08-08,20.19c,logs/8-8 20.19c/8-8 20.19c.csv,1.91,8.1077,1,1.5625,1.5625,,
2026-08-08,20.19c,logs/8-8 20.19c/8-8 20.19c.csv,1.91,14.2578,1,4.6875,4.6875,,
2026-08-08,20.19c,logs/8-8 20.19c/8-8 20.19c.csv,1.91,15.6572,3,-4.947916666666667,-4.6875,,1.966102717518424
2026-08-08,20.19c,logs/8-8 20.19c/8-8 20.19c.csv,1.91,17.5491,506,-1.2413543478260871,-0.78125,,4.93476035155388
2026-08-08,20.19c,logs/8-8 20.19c/8-8 20.19c.csv,1.91,19.9302,108,-3.247975,-2.34375,,3.9145107206076655
2026-08-08,20.19c,logs/8-8 20.19c/8-8 20.19c.csv,1.91,22.0675,1,-11.71875,-11.71875,,
2026-08-08,20.19c,logs/8-8 20.19c/8-8 20.19c.csv,1.9888,6.4361,1,-0.78125,-0.78125,,
2026-08-08,20.19c,logs/8-8 20.19c/8-8 20.19c.csv,1.9888,9.9646,1,0.78125,0.78125,,
2026-08-08,20.19c,logs/8-8 20.19c/8-8 20.19c.csv,1.9888,14.2578,1,-3.125,-3.125,,
2026-08-08,20.19c,logs/8-8 20.19c/8-8 20.19c.csv,1.9888,17.5491,12,1.1067708333333333,1.171875,,4.621437093808215
2026-08-08,20.19c,logs/8-8 20.19c/8-8 20.19c.csv,1.9888,19.9302,536,-2.1440650186567165,-1.5625,,4.378961713131139
2026-08-08,20.19c,logs/8-8 20.19c/8-8 20.19c.csv,1.9888,22.0675,26,-3.786057692307693,-3.90625,,3.3122958935666453
2026-08-08,20.19c,logs/8-8 20.19c/8-8 20.19c.csv,2.05,9.2674,1,7.8125,7.8125,,
2026-08-08,20.19c,logs/8-8 20.19c/8-8 20.19c.csv,2.05,9.9646,1,-2.34375,-2.34375,,
2026-08-08,20.19c,logs/8-8 20.19c/8-8 20.19c.csv,2.05,19.9302,73,-6.196493150684932,-3.125,,8.532705368391191
2026-08-08,20.19c,logs/8-8 20.19c/8-8 20.19c.csv,2.05,22.0675,566,-2.0676905477031804,-2.34375,,4.163325184829038
2026-08-08,20.19c,logs/8-8 20.19c/8-8 20.19c.csv,2.05,24.2801,202,-1.226020792079208,-3.125,,4.973381976669304
2026-08-08,20.19c,logs/8-8 20.19c/8-8 20.19c.csv,2.05,27.1728,2,-1.5625,-1.5625,,7.733980419227864
2026-08-08,20.19c,logs/8-8 20.19c/8-8 20.19c.csv,2.05,30.9147,1,0.78125,0.78125,,
2026-08-08,20.19c,logs/8-8 20.19c/8-8 20.19c.csv,2.05,36.822,1,-2.34375,-2.34375,,
2026-08-08,20.19c,logs/8-8 20.19c/8-8 20.19c.csv,2.1152,9.2674,1,7.03125,7.03125,,
2026-08-08,20.19c,logs/8-8 20.19c/8-8 20.19c.csv,2.1152,11.8935,1,3.125,3.125,,
2026-08-08,20.19c,logs/8-8 20.19c/8-8 20.19c.csv,2.1152,15.6572,1,-7.03125,-7.03125,,
2026-08-08,20.19c,logs/8-8 20.19c/8-8 20.19c.csv,2.1152,17.5491,2,-1.953125,-1.953125,,6.076698900821893
2026-08-08,20.19c,logs/8-8 20.19c/8-8 20.19c.csv,2.1152,19.9302,1,-10.93755,-10.93755,,
2026-08-08,20.19c,logs/8-8 20.19c/8-8 20.19c.csv,2.1152,22.0675,6,-7.031258333333334,-7.03125,,3.0458860575236013
2026-08-08,20.19c,logs/8-8 20.19c/8-8 20.19c.csv,2.1152,24.2801,545,-1.8635328440366967,-2.34375,,4.340145736841783
2026-08-08,20.19c,logs/8-8 20.19c/8-8 20.19c.csv,2.1152,27.1728,156,-2.3888221153846154,-3.125,,3.1164706996508005
2026-08-08,20.19c,logs/8-8 20.19c/8-8 20.19c.csv,2.1152,30.9147,1,-3.90625,-3.90625,,
2026-08-08,20.19c,logs/8-8 20.19c/8-8 20.19c.csv,2.1152,33.0568,1,7.8125,7.8125,,
2026-08-08,20.19c,logs/8-8 20.19c/8-8 20.19c.csv,2.1682,11.0771,2,0.0,0.0,,5.524271728019903
2026-08-08,20.19c,logs/8-8 20.19c/8-8 20.19c.csv,2.1682,11.8935,1,-3.90625,-3.90625,,
2026-08-08,20.19c,logs/8-8 20.19c/8-8 20.19c.csv,2.1682,17.5491,1,-3.90625,-3.90625,,
2026-08-08,20.19c,logs/8-8 20.19c/8-8 20.19c.csv,2.1682,19.9302,1,-7.8125,-7.8125,,
2026-08-08,20.19c,logs/8-8 20.19c/8-8 20.19c.csv,2.1682,22.0675,2,-5.46875,-5.46875,,4.419417382415922
2026-08-08,20.19c,logs/8-8 20.19c/8-8 20.19c.csv,2.1682,24.2801,7,-0.8928571428571429,-0.78125,,5.623346317765233
2026-08-08,20.19c,logs/8-8 20.19c/8-8 20.19c.csv,2.1682,27.1728,453,-2.336851655629139,-2.34375,,5.178573810046346
2026-08-08,20.19c,logs/8-8 20.19c/8-8 20.19c.csv,2.1682,30.9147,113,-3.048949115044248,-3.125,,4.5529977570953495
2026-08-08,20.19c,logs/8-8 20.19c/8-8 20.19c.csv,2.1682,33.0568,2,-1.95315,-1.95315,,12.705860329784835
2026-08-08,20.19c,logs/8-8 20.19c/8-8 20.19c.csv,2.1682,36.822,1,-5.46875,-5.46875,,
2026-08-08,20.19c,logs/8-8 20.19c/8-8 20.19c.csv,2.253,15.6572,1,3.125,3.125,,
2026-08-08,20.19c,logs/8-8 20.19c/8-8 20.19c.csv,2.253,17.5491,1,0.78125,0.78125,,
2026-08-08,20.19c,logs/8-8 20.19c/8-8 20.19c.csv,2.253,22.0675,1,-16.40625,-16.40625,,
2026-08-08,20.19c,logs/8-8 20.19c/8-8 20.19c.csv,2.253,24.2801,2,-1.171875,-1.171875,,1.6572815184059708
2026-08-08,20.19c,logs/8-8 20.19c/8-8 20.19c.csv,2.253,27.1728,23,-1.9701086956521736,-2.34375,,4.193087756156558
2026-08-08,20.19c,logs/8-8 20.19c/8-8 20.19c.csv,2.253,30.9147,679,-2.619891973490427,-3.125,,4.087030373785407
2026-08-08,20.19c,logs/8-8 20.19c/8-8 20.19c.csv,2.253,33.0568,112,-3.50865,-3.90625,,3.367224814622154
2026-08-08,20.19c,logs/8-8 20.19c/8-8 20.19c.csv,2.253,36.822,1,-4.6875,-4.6875,,
2026-08-08,20.19c,logs/8-8 20.19c/8-8 20.19c.csv,2.2849,17.5491,1,-1.5625,-1.5625,,
2026-08-08,20.19c,logs/8-8 20.19c/8-8 20.19c.csv,2.2849,19.9302,1,-3.90625,-3.90625,,
2026-08-08,20.19c,logs/8-8 20.19c/8-8 20.19c.csv,2.2849,22.0675,1,0.78125,0.78125,,
2026-08-08,20.19c,logs/8-8 20.19c/8-8 20.19c.csv,2.2849,30.9147,22,-4.865059090909091,-4.6875,,4.312454464842729
2026-08-08,20.19c,logs/8-8 20.19c/8-8 20.19c.csv,2.2849,33.0568,990,-3.19996898989899,-3.125,,3.5365104492646893
2026-08-08,20.19c,logs/8-8 20.19c/8-8 20.19c.csv,2.2849,36.822,217,-3.629032718894009,-3.90625,,3.40276694735648
2026-08-08,20.19c,logs/8-8 20.19c/8-8 20.19c.csv,2.2849,42.2183,1,-0.78125,-0.78125,,
2026-08-08,20.19c,logs/8-8 20.19c/8-8 20.19c.csv,2.3877,19.9302,2,2.34375,2.34375,,3.3145630368119416
2026-08-08,20.19c,logs/8-8 20.19c/8-8 20.19c.csv,2.3877,24.2801,3,2.6041666666666665,3.125,,0.9021097956087902
2026-08-08,20.19c,logs/8-8 20.19c/8-8 20.19c.csv,2.3877,27.1728,4,4.1015625,3.90625,,3.739949639673196
2026-08-08,20.19c,logs/8-8 20.19c/8-8 20.19c.csv,2.3877,30.9147,3,3.6458333333333335,3.125,,3.932205435036849
2026-08-08,20.19c,logs/8-8 20.19c/8-8 20.19c.csv,2.3877,33.0568,20,-4.1015625,-4.6875,,6.093196457652261
2026-08-08,20.19c,logs/8-8 20.19c/8-8 20.19c.csv,2.3877,36.822,1108,-1.8339631768953069,-2.34375,,3.623476072485508
2026-08-08,20.19c,logs/8-8 20.19c/8-8 20.19c.csv,2.3877,42.2183,11,-0.2840909090909091,-0.78125,,4.108405411885381
2026-08-08,20.19c,logs/8-8 20.19c/8-8 20.19c.csv,2.3877,47.3729,1,-0.78125,-0.78125,,
2026-08-08,20.19c,logs/8-8 20.19c/8-8 20.19c.csv,2.449,19.9302,1,1.5625,1.5625,,
2026-08-08,20.19c,logs/8-8 20.19c/8-8 20.19c.csv,2.449,22.0675,1,2.34375,2.34375,,
2026-08-08,20.19c,logs/8-8 20.19c/8-8 20.19c.csv,2.449,30.9147,2,-3.90625,-3.90625,,5.524271728019903
2026-08-08,20.19c,logs/8-8 20.19c/8-8 20.19c.csv,2.449,33.0568,1,-7.03125,-7.03125,,
2026-08-08,20.19c,logs/8-8 20.19c/8-8 20.19c.csv,2.449,36.822,73,-1.8193513698630133,-2.34375,,5.346566750540407
2026-08-08,20.19c,logs/8-8 20.19c/8-8 20.19c.csv,2.449,42.2183,415,-1.3968381927710845,-1.5625,,4.466760210193455
2026-08-08,20.19c,logs/8-8 20.19c/8-8 20.19c.csv,2.449,47.3729,3,-7.5521,-4.6875,,10.834738090050909
2026-08-08,20.19c,logs/8-8 20.19c/8-8 20.19c.csv,2.5482,36.822,2,-2.34375,-2.34375,,5.524271728019903
2026-08-08,20.19c,logs/8-8 20.19c/8-8 20.19c.csv,2.5482,42.2183,9,0.9548611111111112,0.0,,3.8228953791414577
2026-08-08,20.19c,logs/8-8 20.19c/8-8 20.19c.csv,2.5482,47.3729,78,-0.7712339743589743,0.0,,4.956265439428261
2026-08-08,20.19c,logs/8-8 20.19c/8-8 20.19c.csv,2.5482,50.5261,4,1.5625125,0.390625,,6.217385738177394
2026-08-08,20.19c,logs/8-8 20.19c/8-8 20.19c.csv,2.62,36.822,1,-8.59375,-8.59375,,
2026-08-08,20.19c,logs/8-8 20.19c/8-8 20.19c.csv,2.62,42.2183,1,-1.5625,-1.5625,,
2026-08-08,20.19c,logs/8-8 20.19c/8-8 20.19c.csv,2.62,47.3729,1,-1.5625,-1.5625,,
2026-08-08,20.19c,logs/8-8 20.19c/8-8 20.19c.csv,2.62,50.5261,12,1.4322916666666667,0.0,,7.0967070995777295
2026-08-08,20.19c,logs/8-8 20.19c/8-8 20.19c.csv,2.62,57.3682,2,10.9375,10.9375,,15.467960838455728
2026-08-08,20.19c,logs/8-8 20.19c/8-8 20.19c.csv,2.7327,42.2183,1,-6.25,-6.25,,
2026-08-08,20.19c,logs/8-8 20.19c/8-8 20.19c.csv,2.7327,47.3729,1,-5.46875,-5.46875,,
2026-08-08,20.19c,logs/8-8 20.19c/8-8 20.19c.csv,2.7327,50.5261,1,13.28125,13.28125,,
2026-08-08,20.19c,logs/8-8 20.19c/8-8 20.19c.csv,2.7327,57.3682,10,2.34375,0.390625,,7.169739530175106
2026-08-08,20.19c,logs/8-8 20.19c/8-8 20.19c.csv,2.7327,73.8877,3,-1.0416666666666667,0.0,,3.2526031241658324
2026-08-08,20.19c,logs/8-8 20.19c/8-8 20.19c.csv,2.8274,42.2183,1,-3.90625,-3.90625,,
2026-08-08,20.19c,logs/8-8 20.19c/8-8 20.19c.csv,2.8274,50.5261,1,-0.78125,-0.78125,,
2026-08-08,20.19c,logs/8-8 20.19c/8-8 20.19c.csv,2.8274,57.3682,2,-3.515625,-3.515625,,0.5524271728019903
2026-08-08,20.19c,logs/8-8 20.19c/8-8 20.19c.csv,2.8274,73.8877,12,-1.8880208333333333,-1.171875,,2.366329055391526
2026-08-08,20.19c,logs/8-8 20.19c/8-8 20.19c.csv,2.9125,57.3682,1,-1.5625,-1.5625,,
2026-08-08,20.19c,logs/8-8 20.19c/8-8 20.19c.csv,2.9125,73.8877,1,-3.125,-3.125,,
2026-08-08,20.19c,logs/8-8 20.19c/8-8 20.19c.csv,2.9125,80.0684,2,-3.90625,-3.90625,,1.1048543456039803
2026-08-08,20.19c,logs/8-8 20.19c/8-8 20.19c.csv,2.99,84.9893,3,-3.6458333333333335,-4.6875,,1.8042195912175805
2026-08-08,20.19c,logs/8-8 20.19c/8-8 20.19c.csv,3.1508,125.6816,1,0.0,0.0,,
2026-08-08,20.19c,logs/8-8 20.19c/8-8 20.19c.csv,3.26,110.681,1,-4.6875,-4.6875,,
2026-08-14,20.19c,logs/8-14 weekend 20.19c/8-14 weekend 20.19c.csv,1.2201,3.5071,2,2.734375,2.734375,,1.6572815184059708
2026-08-14,20.19c,logs/8-14 weekend 20.19c/8-14 weekend 20.19c.csv,1.28,3.5071,4,5.859375,5.46875,,0.7812499999999999
2026-08-14,20.19c,logs/8-14 weekend 20.19c/8-14 weekend 20.19c.csv,1.28,3.9996,8,3.22265625,4.6875,,4.014949654855809
2026-08-14,20.19c,logs/8-14 weekend 20.19c/8-14 weekend 20.19c.csv,1.3021,3.5071,1,5.46875,5.46875,,
2026-08-14,20.19c,logs/8-14 weekend 20.19c/8-14 weekend 20.19c.csv,1.3021,3.9996,5,2.8125,3.125,,5.861978588220022
2026-08-14,20.19c,logs/8-14 weekend 20.19c/8-14 weekend 20.19c.csv,1.3021,4.3333,4,0.390625,-0.78125,,4.109305686994662
2026-08-14,20.19c,logs/8-14 weekend 20.19c/8-14 weekend 20.19c.csv,1.3021,5.3437,1,3.90625,3.90625,,
2026-08-14,20.19c,logs/8-14 weekend 20.19c/8-14 weekend 20.19c.csv,1.3628,3.9996,1,7.8125,7.8125,,
2026-08-14,20.19c,logs/8-14 weekend 20.19c/8-14 weekend 20.19c.csv,1.3628,4.3333,8,2.24609375,1.171875,,2.4505965415788484
2026-08-14,20.19c,logs/8-14 weekend 20.19c/8-14 weekend 20.19c.csv,1.3628,5.3437,9,-0.9548611111111112,-1.5625,,4.4500019506862145
2026-08-14,20.19c,logs/8-14 weekend 20.19c/8-14 weekend 20.19c.csv,1.3948,3.9996,4,4.296875,5.46875,,3.464618410325539
2026-08-14,20.19c,logs/8-14 weekend 20.19c/8-14 weekend 20.19c.csv,1.3948,4.3333,5,3.28125,3.90625,,2.672286152576105
2026-08-14,20.19c,logs/8-14 weekend 20.19c/8-14 weekend 20.19c.csv,1.3948,5.3437,23,-0.1698391304347826,0.0,,6.2052704627517405
2026-08-14,20.19c,logs/8-14 weekend 20.19c/8-14 weekend 20.19c.csv,1.3948,5.6028,15,0.3125,-0.78125,,4.377789289413094
2026-08-14,20.19c,logs/8-14 weekend 20.19c/8-14 weekend 20.19c.csv,1.3948,6.4361,1,-1.5625,-1.5625,,
2026-08-14,20.19c,logs/8-14 weekend 20.19c/8-14 weekend 20.19c.csv,1.45,3.9996,1,0.0,0.0,,
2026-08-14,20.19c,logs/8-14 weekend 20.19c/8-14 weekend 20.19c.csv,1.45,4.3333,2,3.515625,3.515625,,3.866990209613932
2026-08-14,20.19c,logs/8-14 weekend 20.19c/8-14 weekend 20.19c.csv,1.45,5.3437,6,-1.5625,-1.5625,,6.756796347012392
2026-08-14,20.19c,logs/8-14 weekend 20.19c/8-14 weekend 20.19c.csv,1.45,5.6028,19,-0.4934210526315789,0.0,,5.248610709731666
2026-08-14,20.19c,logs/8-14 weekend 20.19c/8-14 weekend 20.19c.csv,1.45,6.4361,31,-1.8901209677419355,-3.125,,2.8224231306855874
2026-08-14,20.19c,logs/8-14 weekend 20.19c/8-14 weekend 20.19c.csv,1.45,7.5789,13,-1.9230769230769231,-2.34375,,2.7917234733983016
2026-08-14,20.19c,logs/8-14 weekend 20.19c/8-14 weekend 20.19c.csv,1.4801,5.3437,1,0.0,0.0,,
2026-08-14,20.19c,logs/8-14 weekend 20.19c/8-14 weekend 20.19c.csv,1.4801,5.6028,9,1.3020833333333333,1.5625,,5.017668976041066
2026-08-14,20.19c,logs/8-14 weekend 20.19c/8-14 weekend 20.19c.csv,1.4801,6.4361,20,0.703125,0.390625,,4.285833600900212
2026-08-14,20.19c,logs/8-14 weekend 20.19c/8-14 weekend 20.19c.csv,1.4801,7.5789,40,-2.6171875,-2.34375,,4.689335911839811
2026-08-14,20.19c,logs/8-14 weekend 20.19c/8-14 weekend 20.19c.csv,1.4801,8.1077,8,-0.5859375,-1.5625,,2.11906669040709
2026-08-14,20.19c,logs/8-14 weekend 20.19c/8-14 weekend 20.19c.csv,1.5473,5.3437,2,3.515625,3.515625,,4.9718445552179125
2026-08-14,20.19c,logs/8-14 weekend 20.19c/8-14 weekend 20.19c.csv,1.5473,5.6028,1,0.0,0.0,,
2026-08-14,20.19c,logs/8-14 weekend 20.19c/8-14 weekend 20.19c.csv,1.5473,6.4361,13,1.7427884615384615,0.0,,3.8293716899857215
2026-08-14,20.19c,logs/8-14 weekend 20.19c/8-14 weekend 20.19c.csv,1.5473,7.5789,46,-0.47554347826086957,-0.390625,,4.232802793626735
2026-08-14,20.19c,logs/8-14 weekend 20.19c/8-14 weekend 20.19c.csv,1.5473,8.1077,119,2.1599264705882355,3.125,,4.695995438027551
2026-08-14,20.19c,logs/8-14 weekend 20.19c/8-14 weekend 20.19c.csv,1.5473,9.2674,15,0.6770833333333334,0.78125,,3.8029495914668785
2026-08-14,20.19c,logs/8-14 weekend 20.19c/8-14 weekend 20.19c.csv,1.593,5.3437,1,-1.5625,-1.5625,,
2026-08-14,20.19c,logs/8-14 weekend 20.19c/8-14 weekend 20.19c.csv,1.593,6.4361,3,-1.5625,-3.125,,5.633673867912483
2026-08-14,20.19c,logs/8-14 weekend 20.19c/8-14 weekend 20.19c.csv,1.593,8.1077,50,1.7500010000000001,1.171875,,5.637123805272363
2026-08-14,20.19c,logs/8-14 weekend 20.19c/8-14 weekend 20.19c.csv,1.593,9.2674,213,1.4671363849765258,1.5625,,3.9476098367475982
2026-08-14,20.19c,logs/8-14 weekend 20.19c/8-14 weekend 20.19c.csv,1.593,9.9646,44,3.018469318181818,1.5625,,4.497711458545049
2026-08-14,20.19c,logs/8-14 weekend 20.19c/8-14 weekend 20.19c.csv,1.593,11.0771,2,-2.34375,-2.34375,,1.1048543456039805
2026-08-14,20.19c,logs/8-14 weekend 20.19c/8-14 weekend 20.19c.csv,1.6417,5.3437,2,-7.03125,-7.03125,,8.838834764831844
2026-08-14,20.19c,logs/8-14 weekend 20.19c/8-14 weekend 20.19c.csv,1.6417,6.4361,2,-2.34375,-2.34375,,3.3145630368119416
2026-08-14,20.19c,logs/8-14 weekend 20.19c/8-14 weekend 20.19c.csv,1.6417,7.5789,2,-1.171875,-1.171875,,3.866990209613932
2026-08-14,20.19c,logs/8-14 weekend 20.19c/8-14 weekend 20.19c.csv,1.6417,8.1077,16,-0.29296875,0.390625,,3.6295207981162383
2026-08-14,20.19c,logs/8-14 weekend 20.19c/8-14 weekend 20.19c.csv,1.6417,9.2674,87,0.5747126436781609,0.78125,,4.3358593744843015
2026-08-14,20.19c,logs/8-14 weekend 20.19c/8-14 weekend 20.19c.csv,1.6417,9.9646,359,1.6691337047353763,1.5625,,5.085309022243388
2026-08-14,20.19c,logs/8-14 weekend 20.19c/8-14 weekend 20.19c.csv,1.6417,11.0771,255,3.498776274509804,3.90625,,5.09988106191169
2026-08-14,20.19c,logs/8-14 weekend 20.19c/8-14 weekend 20.19c.csv,1.6417,11.8935,12,5.208341666666667,6.640625,,6.109341650137604
2026-08-14,20.19c,logs/8-14 weekend 20.19c/8-14 weekend 20.19c.csv,1.6417,14.2578,1,-3.125,-3.125,,
2026-08-14,20.19c,logs/8-14 weekend 20.19c/8-14 weekend 20.19c.csv,1.68,5.3437,1,5.46875,5.46875,,
2026-08-14,20.19c,logs/8-14 weekend 20.19c/8-14 weekend 20.19c.csv,1.68,6.4361,1,0.0,0.0,,
2026-08-14,20.19c,logs/8-14 weekend 20.19c/8-14 weekend 20.19c.csv,1.68,8.1077,3,-1.3020833333333333,-3.90625,,4.510548978043952
2026-08-14,20.19c,logs/8-14 weekend 20.19c/8-14 weekend 20.19c.csv,1.68,9.2674,4,3.125,3.125,,5.4501170667855074
2026-08-14,20.19c,logs/8-14 weekend 20.19c/8-14 weekend 20.19c.csv,1.68,9.9646,41,1.16235,0.78125,,5.885680370388371
2026-08-14,20.19c,logs/8-14 weekend 20.19c/8-14 weekend 20.19c.csv,1.68,11.0771,510,2.993260196078431,3.125,,5.027131265824964
2026-08-14,20.19c,logs/8-14 weekend 20.19c/8-14 weekend 20.19c.csv,1.68,11.8935,439,5.160877562642369,5.46875,,4.473452362113547
2026-08-14,20.19c,logs/8-14 weekend 20.19c/8-14 weekend 20.19c.csv,1.7451,5.6028,1,5.46875,5.46875,,
2026-08-14,20.19c,logs/8-14 weekend 20.19c/8-14 weekend 20.19c.csv,1.7451,6.4361,1,5.46875,5.46875,,
2026-08-14,20.19c,logs/8-14 weekend 20.19c/8-14 weekend 20.19c.csv,1.7451,8.1077,3,3.6458333333333335,3.125,,7.825510000685791
2026-08-14,20.19c,logs/8-14 weekend 20.19c/8-14 weekend 20.19c.csv,1.7451,9.2674,1,9.375,9.375,,
2026-08-14,20.19c,logs/8-14 weekend 20.19c/8-14 weekend 20.19c.csv,1.7451,9.9646,7,-0.33482142857142855,0.0,,1.906054829977604
2026-08-14,20.19c,logs/8-14 weekend 20.19c/8-14 weekend 20.19c.csv,1.7451,11.0771,81,0.9934401234567901,1.5625,,5.6228509301355505
2026-08-14,20.19c,logs/8-14 weekend 20.19c/8-14 weekend 20.19c.csv,1.7451,11.8935,2171,4.090857531091663,4.6875,,5.274164451218545
2026-08-14,20.19c,logs/8-14 weekend 20.19c/8-14 weekend 20.19c.csv,1.7451,14.2578,291,4.0431707903780065,4.6875,,4.52903654459172
2026-08-14,20.19c,logs/8-14 weekend 20.19c/8-14 weekend 20.19c.csv,1.7451,15.6572,1,10.15625,10.15625,,
2026-08-14,20.19c,logs/8-14 weekend 20.19c/8-14 weekend 20.19c.csv,1.81,5.6028,1,7.03125,7.03125,,
2026-08-14,20.19c,logs/8-14 weekend 20.19c/8-14 weekend 20.19c.csv,1.81,6.4361,4,4.296875,3.90625,,4.878904686248749
2026-08-14,20.19c,logs/8-14 weekend 20.19c/8-14 weekend 20.19c.csv,1.81,9.9646,3,-2.34375,-3.125,,1.3531646934131853
2026-08-14,20.19c,logs/8-14 weekend 20.19c/8-14 weekend 20.19c.csv,1.81,11.0771,5,-0.625,-2.34375,,5.0146270424628785
2026-08-14,20.19c,logs/8-14 weekend 20.19c/8-14 weekend 20.19c.csv,1.81,11.8935,207,1.5775968599033816,1.5625,,6.564435484236347
2026-08-14,20.19c,logs/8-14 weekend 20.19c/8-14 weekend 20.19c.csv,1.81,14.2578,2210,2.7973000226244342,3.125,,5.70343251366888
2026-08-14,20.19c,logs/8-14 weekend 20.19c/8-14 weekend 20.19c.csv,1.81,15.6572,608,2.1908414473684212,1.5625,,4.181355203580522
2026-08-14,20.19c,logs/8-14 weekend 20.19c/8-14 weekend 20.19c.csv,1.81,17.5491,1,-2.34375,-2.34375,,
2026-08-14,20.19c,logs/8-14 weekend 20.19c/8-14 weekend 20.19c.csv,1.81,19.9302,1,-4.6875,-4.6875,,
2026-08-14,20.19c,logs/8-14 weekend 20.19c/8-14 weekend 20.19c.csv,1.85,7.5789,1,14.06255,14.06255,,
2026-08-14,20.19c,logs/8-14 weekend 20.19c/8-14 weekend 20.19c.csv,1.85,8.1077,1,1.5625,1.5625,,
2026-08-14,20.19c,logs/8-14 weekend 20.19c/8-14 weekend 20.19c.csv,1.85,9.2674,1,3.90625,3.90625,,
2026-08-14,20.19c,logs/8-14 weekend 20.19c/8-14 weekend 20.19c.csv,1.85,9.9646,4,3.3203125,3.515625,,5.351229840633989
2026-08-14,20.19c,logs/8-14 weekend 20.19c/8-14 weekend 20.19c.csv,1.85,11.8935,8,-0.1953125,0.0,,3.3342342067610837
2026-08-14,20.19c,logs/8-14 weekend 20.19c/8-14 weekend 20.19c.csv,1.85,14.2578,114,1.3637605263157893,1.5625,,6.75249390208685
2026-08-14,20.19c,logs/8-14 weekend 20.19c/8-14 weekend 20.19c.csv,1.85,15.6572,2538,2.3963877659574466,1.5625,,4.786324185410449
2026-08-14,20.19c,logs/8-14 weekend 20.19c/8-14 weekend 20.19c.csv,1.85,17.5491,1655,0.7954112084592144,0.78125,,4.266711598912897
2026-08-14,20.19c,logs/8-14 weekend 20.19c/8-14 weekend 20.19c.csv,1.85,19.9302,1,-3.125,-3.125,,
2026-08-14,20.19c,logs/8-14 weekend 20.19c/8-14 weekend 20.19c.csv,1.91,11.0771,1,-2.34375,-2.34375,,
2026-08-14,20.19c,logs/8-14 weekend 20.19c/8-14 weekend 20.19c.csv,1.91,11.8935,1,9.375,9.375,,
2026-08-14,20.19c,logs/8-14 weekend 20.19c/8-14 weekend 20.19c.csv,1.91,14.2578,4,-0.1953125,-0.390625,,4.746803680614111
2026-08-14,20.19c,logs/8-14 weekend 20.19c/8-14 weekend 20.19c.csv,1.91,15.6572,25,0.562498,0.0,,4.9334387041916985
2026-08-14,20.19c,logs/8-14 weekend 20.19c/8-14 weekend 20.19c.csv,1.91,17.5491,3497,0.6717813268515871,0.0,,4.372582984771796
2026-08-14,20.19c,logs/8-14 weekend 20.19c/8-14 weekend 20.19c.csv,1.91,19.9302,1568,-0.576470663265306,-1.5625,,3.5023903953909152
2026-08-14,20.19c,logs/8-14 weekend 20.19c/8-14 weekend 20.19c.csv,1.91,22.0675,4,1.171875,-1.171875,,6.13500989030716
2026-08-14,20.19c,logs/8-14 weekend 20.19c/8-14 weekend 20.19c.csv,1.91,24.2801,1,0.78125,0.78125,,
2026-08-14,20.19c,logs/8-14 weekend 20.19c/8-14 weekend 20.19c.csv,1.9888,11.0771,1,4.6875,4.6875,,
2026-08-14,20.19c,logs/8-14 weekend 20.19c/8-14 weekend 20.19c.csv,1.9888,11.8935,2,2.734375,2.734375,,7.181553246425874
2026-08-14,20.19c,logs/8-14 weekend 20.19c/8-14 weekend 20.19c.csv,1.9888,15.6572,1,-0.78125,-0.78125,,
2026-08-14,20.19c,logs/8-14 weekend 20.19c/8-14 weekend 20.19c.csv,1.9888,17.5491,111,0.1829945945945946,0.0,,4.828555172782733
2026-08-14,20.19c,logs/8-14 weekend 20.19c/8-14 weekend 20.19c.csv,1.9888,19.9302,5138,0.02782576878162709,-0.78125,,3.691274686827393
2026-08-14,20.19c,logs/8-14 weekend 20.19c/8-14 weekend 20.19c.csv,1.9888,22.0675,567,-0.1722331569664903,-0.78125,,3.423305260294783
2026-08-14,20.19c,logs/8-14 weekend 20.19c/8-14 weekend 20.19c.csv,2.05,6.4361,1,-0.78125,-0.78125,,
2026-08-14,20.19c,logs/8-14 weekend 20.19c/8-14 weekend 20.19c.csv,2.05,7.5789,1,-0.78125,-0.78125,,
2026-08-14,20.19c,logs/8-14 weekend 20.19c/8-14 weekend 20.19c.csv,2.05,9.2674,1,-2.34375,-2.34375,,
2026-08-14,20.19c,logs/8-14 weekend 20.19c/8-14 weekend 20.19c.csv,2.05,11.8935,1,4.6875,4.6875,,
2026-08-14,20.19c,logs/8-14 weekend 20.19c/8-14 weekend 20.19c.csv,2.05,14.2578,1,10.15625,10.15625,,
2026-08-14,20.19c,logs/8-14 weekend 20.19c/8-14 weekend 20.19c.csv,2.05,17.5491,4,2.34375,3.125,,4.133986423538423
2026-08-14,20.19c,logs/8-14 weekend 20.19c/8-14 weekend 20.19c.csv,2.05,19.9302,291,1.3718855670103094,1.5625,,4.691917950542034
2026-08-14,20.19c,logs/8-14 weekend 20.19c/8-14 weekend 20.19c.csv,2.05,22.0675,5660,0.6076083922261485,0.0,,4.071929444019731
2026-08-14,20.19c,logs/8-14 weekend 20.19c/8-14 weekend 20.19c.csv,2.05,24.2801,2334,0.1362337403598972,-0.78125,,3.8060811618021506
2026-08-14,20.19c,logs/8-14 weekend 20.19c/8-14 weekend 20.19c.csv,2.05,27.1728,4,-0.390625,-2.34375,,5.002440810494413
2026-08-14,20.19c,logs/8-14 weekend 20.19c/8-14 weekend 20.19c.csv,2.1152,9.2674,1,0.78125,0.78125,,
2026-08-14,20.19c,logs/8-14 weekend 20.19c/8-14 weekend 20.19c.csv,2.1152,14.2578,1,4.6875,4.6875,,
2026-08-14,20.19c,logs/8-14 weekend 20.19c/8-14 weekend 20.19c.csv,2.1152,15.6572,2,0.390625,0.390625,,3.866990209613932
2026-08-14,20.19c,logs/8-14 weekend 20.19c/8-14 weekend 20.19c.csv,2.1152,19.9302,4,1.5625,1.953125,,2.9231698334171416
2026-08-14,20.19c,logs/8-14 weekend 20.19c/8-14 weekend 20.19c.csv,2.1152,22.0675,17,-2.0220617647058825,-1.5625,,4.5475517803033805
2026-08-14,20.19c,logs/8-14 weekend 20.19c/8-14 weekend 20.19c.csv,2.1152,24.2801,3828,0.702064315569488,0.0,,3.836666550917007
2026-08-14,20.19c,logs/8-14 weekend 20.19c/8-14 weekend 20.19c.csv,2.1152,27.1728,1859,0.038663421194190424,0.0,,3.4854527514627187
2026-08-14,20.19c,logs/8-14 weekend 20.19c/8-14 weekend 20.19c.csv,2.1152,30.9147,1,7.03125,7.03125,,
2026-08-14,20.19c,logs/8-14 weekend 20.19c/8-14 weekend 20.19c.csv,2.1682,11.8935,1,-6.25,-6.25,,
2026-08-14,20.19c,logs/8-14 weekend 20.19c/8-14 weekend 20.19c.csv,2.1682,14.2578,4,1.171875,-1.171875,,7.230960092143135
2026-08-14,20.19c,logs/8-14 weekend 20.19c/8-14 weekend 20.19c.csv,2.1682,15.6572,2,6.25,6.25,,1.1048543456039805
2026-08-14,20.19c,logs/8-14 weekend 20.19c/8-14 weekend 20.19c.csv,2.1682,24.2801,21,-0.5580357142857143,-1.5625,,5.784114878962528
2026-08-14,20.19c,logs/8-14 weekend 20.19c/8-14 weekend 20.19c.csv,2.1682,27.1728,4760,-0.16445626050420167,-0.78125,,3.557319466963498
2026-08-14,20.19c,logs/8-14 weekend 20.19c/8-14 weekend 20.19c.csv,2.1682,30.9147,840,-0.2864583333333333,-0.78125,,3.1953349880487076
2026-08-14,20.19c,logs/8-14 weekend 20.19c/8-14 weekend 20.19c.csv,2.1682,33.0568,1,-5.46875,-5.46875,,
2026-08-14,20.19c,logs/8-14 weekend 20.19c/8-14 weekend 20.19c.csv,2.1682,36.822,2,-2.734375,-2.734375,,0.5524271728019903
2026-08-14,20.19c,logs/8-14 weekend 20.19c/8-14 weekend 20.19c.csv,2.253,9.2674,1,-10.9375,-10.9375,,
2026-08-14,20.19c,logs/8-14 weekend 20.19c/8-14 weekend 20.19c.csv,2.253,11.8935,2,3.90625,3.90625,,4.419417382415922
2026-08-14,20.19c,logs/8-14 weekend 20.19c/8-14 weekend 20.19c.csv,2.253,17.5491,1,-3.90625,-3.90625,,
2026-08-14,20.19c,logs/8-14 weekend 20.19c/8-14 weekend 20.19c.csv,2.253,19.9302,2,-1.5625,-1.5625,,2.209708691207961
2026-08-14,20.19c,logs/8-14 weekend 20.19c/8-14 weekend 20.19c.csv,2.253,24.2801,1,5.46875,5.46875,,
2026-08-14,20.19c,logs/8-14 weekend 20.19c/8-14 weekend 20.19c.csv,2.253,27.1728,71,-1.089349295774648,-0.78125,,4.249392813773456
2026-08-14,20.19c,logs/8-14 weekend 20.19c/8-14 weekend 20.19c.csv,2.253,30.9147,4741,-0.4431091436405822,-0.78125,,3.7033601148153976
2026-08-14,20.19c,logs/8-14 weekend 20.19c/8-14 weekend 20.19c.csv,2.253,33.0568,607,-0.7439244645799011,-1.5625,,3.770810004072582
2026-08-14,20.19c,logs/8-14 weekend 20.19c/8-14 weekend 20.19c.csv,2.253,36.822,1,7.03125,7.03125,,
2026-08-14,20.19c,logs/8-14 weekend 20.19c/8-14 weekend 20.19c.csv,2.2849,14.2578,2,0.0,0.0,,1.1048543456039805
2026-08-14,20.19c,logs/8-14 weekend 20.19c/8-14 weekend 20.19c.csv,2.2849,17.5491,1,-1.5625,-1.5625,,
2026-08-14,20.19c,logs/8-14 weekend 20.19c/8-14 weekend 20.19c.csv,2.2849,19.9302,1,2.34375,2.34375,,
2026-08-14,20.19c,logs/8-14 weekend 20.19c/8-14 weekend 20.19c.csv,2.2849,22.0675,1,7.8125,7.8125,,
2026-08-14,20.19c,logs/8-14 weekend 20.19c/8-14 weekend 20.19c.csv,2.2849,24.2801,1,7.03125,7.03125,,
2026-08-14,20.19c,logs/8-14 weekend 20.19c/8-14 weekend 20.19c.csv,2.2849,27.1728,1,-3.125,-3.125,,
2026-08-14,20.19c,logs/8-14 weekend 20.19c/8-14 weekend 20.19c.csv,2.2849,30.9147,82,-1.3814786585365855,-2.34375,,3.9212650858832934
2026-08-14,20.19c,logs/8-14 weekend 20.19c/8-14 weekend 20.19c.csv,2.2849,33.0568,4583,-0.7077783111499019,-1.5625,,3.891774575134741
2026-08-14,20.19c,logs/8-14 weekend 20.19c/8-14 weekend 20.19c.csv,2.2849,36.822,964,0.9700800829875519,0.0,,4.571731209851176
2026-08-14,20.19c,logs/8-14 weekend 20.19c/8-14 weekend 20.19c.csv,2.3877,17.5491,1,15.625,15.625,,
2026-08-14,20.19c,logs/8-14 weekend 20.19c/8-14 weekend 20.19c.csv,2.3877,19.9302,1,-0.78125,-0.78125,,
2026-08-14,20.19c,logs/8-14 weekend 20.19c/8-14 weekend 20.19c.csv,2.3877,24.2801,2,-3.125025,-3.125025,,9.943724465774883
2026-08-14,20.19c,logs/8-14 weekend 20.19c/8-14 weekend 20.19c.csv,2.3877,27.1728,1,3.90625,3.90625,,
2026-08-14,20.19c,logs/8-14 weekend 20.19c/8-14 weekend 20.19c.csv,2.3877,30.9147,2,-2.734375,-2.734375,,0.5524271728019903
2026-08-14,20.19c,logs/8-14 weekend 20.19c/8-14 weekend 20.19c.csv,2.3877,33.0568,65,-1.2019238461538462,-2.34375,,4.707959826022936
2026-08-14,20.19c,logs/8-14 weekend 20.19c/8-14 weekend 20.19c.csv,2.3877,36.822,6987,1.0121487548303993,0.78125,,4.288841654805436
2026-08-14,20.19c,logs/8-14 weekend 20.19c/8-14 weekend 20.19c.csv,2.3877,42.2183,92,1.3671885869565217,0.78125,,4.231206947151257
2026-08-14,20.19c,logs/8-14 weekend 20.19c/8-14 weekend 20.19c.csv,2.449,27.1728,1,-1.5625,-1.5625,,
2026-08-14,20.19c,logs/8-14 weekend 20.19c/8-14 weekend 20.19c.csv,2.449,30.9147,1,1.5625,1.5625,,
2026-08-14,20.19c,logs/8-14 weekend 20.19c/8-14 weekend 20.19c.csv,2.449,33.0568,4,6.25,7.03125,,4.555431167847891
2026-08-14,20.19c,logs/8-14 weekend 20.19c/8-14 weekend 20.19c.csv,2.449,36.822,313,0.8785956869009585,0.0,,4.707523183126012
2026-08-14,20.19c,logs/8-14 weekend 20.19c/8-14 weekend 20.19c.csv,2.449,42.2183,4211,0.807595309902636,0.78125,,4.517070474901235
2026-08-14,20.19c,logs/8-14 weekend 20.19c/8-14 weekend 20.19c.csv,2.449,47.3729,39,0.9815705128205128,0.78125,,2.0413302252813237
2026-08-14,20.19c,logs/8-14 weekend 20.19c/8-14 weekend 20.19c.csv,2.5482,24.2801,1,5.46875,5.46875,,
2026-08-14,20.19c,logs/8-14 weekend 20.19c/8-14 weekend 20.19c.csv,2.5482,27.1728,1,-0.78125,-0.78125,,
2026-08-14,20.19c,logs/8-14 weekend 20.19c/8-14 weekend 20.19c.csv,2.5482,30.9147,1,-3.90625,-3.90625,,
2026-08-14,20.19c,logs/8-14 weekend 20.19c/8-14 weekend 20.19c.csv,2.5482,36.822,2,-2.34375,-2.34375,,1.1048543456039805
2026-08-14,20.19c,logs/8-14 weekend 20.19c/8-14 weekend 20.19c.csv,2.5482,42.2183,147,0.855656462585034,0.78125,,4.112021851061251
2026-08-14,20.19c,logs/8-14 weekend 20.19c/8-14 weekend 20.19c.csv,2.5482,47.3729,849,1.1640544169611307,0.78125,,3.9975153389532077
2026-08-14,20.19c,logs/8-14 weekend 20.19c/8-14 weekend 20.19c.csv,2.5482,50.5261,14,0.5022357142857142,0.78125,,4.152208463226276
2026-08-14,20.19c,logs/8-14 weekend 20.19c/8-14 weekend 20.19c.csv,2.62,47.3729,2,-1.953125,-1.953125,,1.6572815184059708
2026-08-14,20.19c,logs/8-14 weekend 20.19c/8-14 weekend 20.19c.csv,2.62,50.5261,37,2.977195945945946,0.78125,,4.050453886232628
2026-08-14,20.19c,logs/8-14 weekend 20.19c/8-14 weekend 20.19c.csv,2.62,57.3682,1,10.93755,10.93755,,
2026-08-14,20.19c,logs/8-14 weekend 20.19c/8-14 weekend 20.19c.csv,2.7327,42.2183,1,10.15625,10.15625,,
2026-08-14,20.19c,logs/8-14 weekend 20.19c/8-14 weekend 20.19c.csv,2.7327,57.3682,5,10.468770000000001,12.50005,,5.540828923274928
2026-08-14,20.19c,logs/8-14 weekend 20.19c/8-14 weekend 20.19c.csv,2.7327,73.8877,2,5.078125,5.078125,,9.391261937633834
2026-08-14,20.19c,logs/8-14 weekend 20.19c/8-14 weekend 20.19c.csv,2.8274,47.3729,1,-3.125,-3.125,,
2026-08-14,20.19c,logs/8-14 weekend 20.19c/8-14 weekend 20.19c.csv,2.8274,73.8877,1,9.375,9.375,,
2026-08-14,20.19c,logs/8-14 weekend 20.19c/8-14 weekend 20.19c.csv,2.9125,80.0684,2,-1.5625,-1.5625,,3.3145630368119416
