log_date,rom_rev,log_path,pull_id,entry_condition,pedal_on_t,pedal_on_RPM,pedal_on_mrp,pedal_on_mph,app100_t_offset,app100_RPM,app100_mrp,thr100_t_offset,thr100_RPM,thr100_mrp,peak_mrp,peak_t_offset,peak_RPM,time_pedal_to_peak,time_app100_to_peak,time_thr100_to_peak,avcs_at_pedal_on,avcs_at_peak,avcs_max,wgdc_at_peak,wgdc_max,peak_mph,target_at_peak,target_attainment,min_fbkc,knock_during,duration_s,min_flkc,flkc_events_during
2026-04-24,20.8,logs/April/4-24/4-24 full.csv,0,post_partial,14174.64,4022.75,0.72,47.8456,,,,,,,18.7,0.8800000000010186,4572.75,0.8800000000010186,,,19.0,11.0,20.0,65.4902,78.0392,68.3508,18.2081,1.0270154491682273,-1.4,1,2.4400000000005093,,
2026-04-24,20.8,logs/April/4-24/4-24 full.csv,1,post_dfco,14177.72,4293.25,-6.82,67.7295,,,,0.3200000000015279,4222.5,7.39,18.26,0.8800000000010186,4494.5,0.8800000000010186,,0.5599999999994907,2.0,13.0,16.0,63.9216,76.8627,72.0791,17.5083,1.0429339227680587,-1.4,1,0.9200000000000728,,
2026-04-24,20.8,logs/April/4-24/4-24 full.csv,2,post_dfco,14180.4,2843.25,-3.49,72.0791,,,,,,,7.39,2.399999999999636,3055.25,2.399999999999636,,,4.0,29.0,29.0,74.902,74.902,77.05,9.30178,0.7944715957590912,0.0,0,2.4400000000005093,,
2026-04-24,20.8,logs/April/4-24/4-24 full.csv,3,post_partial,14283.2,3224.75,2.75,81.3996,,,,,,,8.11,1.039999999999054,3303.25,1.039999999999054,,,23.0,27.0,28.0,72.549,74.5098,83.2637,10.8124,0.7500647404831489,0.0,0,1.039999999999054,,
2026-04-24,20.8,logs/April/4-24/4-24 full.csv,4,post_dfco,14925.16,2795.0,-7.4,57.1662,,,,,,,11.59,0.8800000000010186,4539.0,0.8800000000010186,,,2.0,6.0,9.0,74.5098,78.4314,59.0303,18.3295,0.6323140292970348,0.0,0,0.8800000000010186,,
2026-04-24,20.8,logs/April/4-24/4-24 full.csv,5,post_partial,14926.36,5121.75,-6.24,59.6516,,,,,,,20.0,0.5999999999985448,5294.0,0.5999999999985448,,,2.0,2.0,5.0,54.5098,74.5098,78.9141,17.0042,1.176180002587596,-2.8,1,2.399999999999636,,
2026-04-24,20.8,logs/April/4-24/4-24 full.csv,6,post_dfco,14929.32,4824.5,-8.13,78.9141,0.1200000000008003,5010.5,2.17,0.1599999999998544,4953.5,2.6,22.18,0.960000000000946,5155.25,0.960000000000946,0.8400000000001455,0.8000000000010914,2.0,5.0,8.0,59.6078,75.2941,93.2057,20.4361,1.0853342858960369,-1.4,1,2.520000000000437,,
2026-04-24,20.8,logs/April/4-24/4-24 full.csv,7,post_dfco,14933.16,3705.0,-1.75,91.3416,,,,,,,18.26,1.6000000000003638,3770.25,1.6000000000003638,,,6.0,26.0,27.0,63.9216,78.4314,98.798,16.1838,1.1282887826097705,0.0,0,2.7999999999992724,,
2026-04-24,20.8,logs/April/4-24/4-24 full.csv,8,post_dfco,14992.08,2683.5,-2.04,68.3508,,,,,,,5.65,3.040000000000873,2770.25,3.040000000000873,,,19.0,28.0,28.0,74.902,74.902,70.2149,7.63866,0.7396585264954849,0.0,0,3.1200000000008004,,
2026-04-24,20.8,logs/April/4-24/4-24 full.csv,9,post_dfco,15024.72,3146.5,-8.71,47.2242,,,,,,,5.21,1.2399999999997815,3209.0,1.2399999999997815,,,3.0,25.0,26.0,74.5098,74.902,52.1952,10.1802,0.5117777646804582,0.0,0,1.320000000001528,,
2026-04-24,20.8,logs/April/4-24/4-24 full.csv,10,post_partial,15032.12,3616.0,5.21,58.4089,,,,,,,11.88,0.7599999999983993,3891.0,0.7599999999983993,,,26.0,25.0,26.0,77.6471,77.6471,62.1371,16.0319,0.7410225862187264,0.0,0,0.7599999999983993,,
2026-04-24,20.8,logs/April/4-24/4-24 full.csv,11,post_dfco,15113.56,3834.25,-6.53,36.6609,,,,,,,6.37,0.8800000000010186,4180.0,0.8800000000010186,,,15.0,20.0,21.0,76.8627,78.0392,41.6319,18.053,0.3528499418379217,0.0,0,1.0,,
2026-04-25,20.9,logs/April/4-25/4-25 full.csv,0,post_dfco,1261.96,3828.25,-6.9697,43.496,,,,,,,5.7903,1.1599999999998545,4019.25,1.1599999999998545,,,3.0,21.0,21.0,77.6471,78.0392,48.467,16.7917,0.3448310772584074,0.0,0,1.2000000000000457,,
2026-04-25,20.9,logs/April/4-25/4-25 full.csv,1,post_dfco,1264.8,3622.0,-9.4347,53.4379,,,,,,,5.7903,1.4800000000000182,3573.25,1.4800000000000182,,,2.0,25.0,25.0,78.4314,80.0,57.7875,12.8537,0.4504772944755207,0.0,0,1.5199999999999818,,
2026-04-25,20.9,logs/April/4-25/4-25 full.csv,2,post_partial,1754.12,3057.5,-1.1697,49.7097,,,,,,,5.7903,1.8800000000001087,3460.75,1.8800000000001087,,,20.0,27.0,27.0,69.8039,74.902,56.5448,11.7274,0.4937411531967871,0.0,0,2.040000000000191,,
2026-04-25,20.9,logs/April/4-25/4-25 full.csv,3,post_partial,1759.32,3884.75,0.715300000000001,62.7585,,,,,,,18.9853,1.240000000000009,4234.5,1.240000000000009,,,15.0,19.0,23.0,65.098,78.0392,77.6714,17.7911,1.0671234493651318,-1.4,1,2.680000000000064,,
2026-04-25,20.9,logs/April/4-25/4-25 full.csv,4,post_dfco,1763.44,3443.25,-3.7797,79.5355,,,,,,,6.3703,1.2799999999999727,3240.5,1.2799999999999727,,,2.0,27.0,27.0,74.5098,80.0,82.021,10.0161,0.6360060302912312,0.0,0,1.3199999999999363,,
2026-04-25,20.9,logs/April/4-25/4-25 full.csv,5,post_partial,7567.68,2457.0,-0.589599999999999,24.2335,,,,,,,5.3554,4.159999999999855,4232.75,4.159999999999855,,,20.0,20.0,24.0,76.4706,77.6471,41.0105,16.0478,0.3337155248694525,0.0,0,4.159999999999855,,
2026-04-25,20.9,logs/April/4-25/4-25 full.csv,6,post_dfco,7573.76,3541.75,-6.0996,47.2242,,,,,,,7.5304,1.2399999999997815,4380.75,1.2399999999997815,,,2.0,16.0,19.0,76.0784,78.0392,52.1952,16.3913,0.4594144454680226,0.0,0,1.2399999999997815,,
2026-04-25,20.9,logs/April/4-25/4-25 full.csv,7,post_dfco,8210.64,2048.0,-0.8797,24.2335,,,,,,,15.6503,4.920000000000073,4093.5,4.920000000000073,,,17.0,23.0,29.0,75.6863,79.2157,50.3311,16.8627,0.92810166817888,0.0,0,5.040000000000873,,
2026-04-25,20.9,logs/April/4-25/4-25 full.csv,8,post_dfco,8218.32,3586.25,-8.2747,60.273,,,,,,,10.4303,1.1599999999998545,3950.75,1.1599999999998545,,,3.0,23.0,25.0,77.6471,78.0392,64.0012,16.4631,0.6335562561121538,0.0,0,1.2000000000007276,,
2026-04-25,20.9,logs/April/4-25/4-25 full.csv,9,post_dfco,8770.36,3459.0,-6.0997,52.1952,,,,,,,10.8653,1.7600000000002185,3668.0,1.7600000000002185,,,3.0,26.0,26.0,77.6471,80.0,59.0303,13.6878,0.793794473911074,0.0,0,1.7600000000002185,,
2026-04-25,20.9,logs/April/4-25/4-25 full.csv,10,post_dfco,11280.16,3460.75,-6.0997,43.496,,,,,,,5.7903,1.5200000000004366,4114.75,1.5200000000004366,,,2.0,21.0,23.0,77.2549,78.0392,49.7097,16.7633,0.3454152821938401,0.0,0,1.6000000000003638,,
2026-04-27,20.10,logs/April/4-27 20.10/4-27.csv,0,post_dfco,38339.28,3700.5,-1.6,44.1174,,,,,,,7.1,1.2399999999979627,4169.75,1.2399999999979627,,,4.0,20.0,21.0,72.9412,76.0784,50.3311,16.6326,0.4268725274460998,0.0,0,1.2799999999988358,,
2026-05-02,20.10,logs/5-2/5-2.csv,0,post_partial,32100.68,2855.0,-0.15,47.0,,,,,,,5.5,1.7200000000011642,3203.0,1.7200000000011642,,,19.0,28.0,28.0,70.2,74.12,52.0,10.06,0.5467196819085487,0.0,0,1.7599999999983993,,
2026-05-02,20.10,logs/5-2/5-2.csv,1,post_dfco,32602.92,1906.0,-1.02,23.0,,,,,,,5.5,3.8400000000001455,3181.0,3.8400000000001455,,,17.0,29.0,29.0,70.98,74.9,39.0,9.74,0.5646817248459959,0.0,0,4.040000000000873,,
2026-05-02,20.10,logs/5-2/5-2.csv,2,post_partial,32869.4,3220.0,1.01,39.0,,,,,,,17.97,2.0,3849.0,2.0,,,20.0,26.0,27.0,64.71,78.43,56.0,16.97,1.0589275191514438,-2.8,1,3.680000000000291,,
2026-05-02,20.10,logs/5-2/5-2.csv,3,post_dfco,38780.28,3699.0,-9.0,30.0,,,,0.4000000000014552,3022.0,4.63,12.17,1.5999999999985448,4138.0,1.5999999999985448,,1.1999999999970896,1.0,22.0,25.0,73.33,79.61,40.0,16.99,0.7163037080635669,0.0,0,1.639999999999418,,
2026-05-02,20.10,logs/5-2/5-2.csv,4,post_dfco,38783.52,3918.0,-4.5,48.0,,,,,,,19.28,0.9600000000064028,4467.0,0.9600000000064028,,,0.0,12.0,14.0,58.04,74.9,60.0,18.23,1.0575973669775096,0.0,0,1.640000000006694,,
2026-05-08,20.11,logs/5-8 20.11/5-8.csv,0,post_dfco,288.52,3766.0,-5.37,41.0,,,,,,,5.07,1.3600000000000136,3907.0,1.3600000000000136,,,2.0,23.0,23.0,74.9,77.65,48.0,16.12,0.314516129032258,0.0,0,1.5600000000000025,,
2026-05-08,20.11,logs/5-8 20.11/5-8.csv,1,post_dfco,1415.92,4143.0,-10.01,29.0,1.1599999999998545,3887.0,13.77,1.0,3702.0,11.01,22.32,1.639999999999873,4495.0,1.639999999999873,0.4800000000000182,0.6399999999998727,3.0,14.0,23.0,62.75,79.61,45.0,22.41,0.995983935742972,-1.4,1,1.7999999999999543,,
2026-05-08,20.11,logs/5-8 20.11/5-8.csv,2,post_dfco,1418.28,4029.0,-2.62,47.0,,,,,,,18.26,1.2000000000000457,4592.0,1.2000000000000457,,,2.0,11.0,18.0,58.82,74.12,55.0,17.58,1.0386803185438,0.0,0,1.2799999999999727,,
2026-05-08,20.11,logs/5-8 20.11/5-8.csv,3,post_dfco,1525.68,3443.0,-5.52,42.0,,,,,,,12.32,1.599999999999909,4231.0,1.599999999999909,,,3.0,19.0,25.0,72.55,78.04,51.0,16.68,0.7386091127098322,0.0,0,1.639999999999873,,
2026-05-08,20.11,logs/5-8 20.11/5-8.csv,4,post_dfco,1845.6,3192.0,-5.23,55.0,,,,,,,8.84,2.0,3867.0,2.0,,,3.0,24.0,25.0,75.69,78.82,62.0,15.1,0.5854304635761589,0.0,0,2.0,,
2026-05-10,20.11,logs/5-10 20.11/log0003.csv,0,post_dfco,259.8,3629.0,-5.08,27.0,,,,,,,12.75,2.240000000000009,4513.0,2.240000000000009,,,0.0,14.0,25.0,70.98,78.82,56.0,17.02,0.7491186839012927,0.0,0,3.519999999999982,,
2026-05-10,20.11,logs/5-10 20.11/log0003.csv,1,post_dfco,265.0,3725.0,-9.72,56.0,,,,,,,13.91,1.879999999999996,3990.0,1.879999999999996,,,0.0,23.0,25.0,74.12,78.43,66.0,16.97,0.8196817913965823,0.0,0,2.0,,
2026-05-10,20.11,logs/5-10 20.11/log0003.csv,2,post_dfco,421.72,3220.0,-7.4,24.0,,,,,,,5.07,2.119999999999948,3578.0,2.119999999999948,,,2.0,26.0,26.0,67.45,74.9,35.0,12.76,0.3973354231974922,0.0,0,2.119999999999948,,
2026-05-10,20.11,logs/5-10 20.11/log0003.csv,3,post_dfco,525.68,2630.0,-1.75,25.0,,,,,,,16.09,2.680000000000064,4397.0,2.680000000000064,,,19.0,18.0,28.0,64.31,77.65,45.0,17.17,0.9370995923121724,0.0,0,2.9600000000000364,,
2026-05-10,20.11,logs/5-10 20.11/log0003.csv,4,post_dfco,529.64,4040.0,-8.27,50.0,,,,,,,18.99,0.8400000000000318,4607.0,0.8400000000000318,,,2.0,11.0,14.0,59.61,73.33,62.0,18.14,1.0468577728776185,0.0,0,1.5600000000000591,,
2026-05-10,20.11,logs/5-10 20.11/log0003.csv,5,post_dfco,531.72,3947.0,-7.98,62.0,,,,,,,18.7,1.1599999999999682,4143.0,1.1599999999999682,,,1.0,20.0,22.0,61.18,75.69,71.0,18.06,1.035437430786268,0.0,0,1.879999999999996,,
2026-05-11,20.11,logs/5-11 20.11/log0001.csv,0,post_dfco,632.04,3477.0,-8.13,26.0,,,,,,,7.68,1.400000000000091,3782.0,1.400000000000091,,,2.0,25.0,25.0,75.29,78.43,37.0,15.28,0.5026178010471204,0.0,0,1.4400000000000546,,
2026-05-11,20.11,logs/5-11 20.11/log0001.csv,1,post_dfco,686.16,2949.0,-7.4,20.0,,,,,,,8.4,2.759999999999991,3766.0,2.759999999999991,,,2.0,27.0,28.0,76.08,77.25,37.0,14.39,0.5837387074357192,0.0,0,2.759999999999991,,
2026-05-11,20.11,logs/5-11 20.11/log0001.csv,2,post_dfco,689.92,3950.0,-6.97,41.0,,,,,,,16.38,1.2800000000000864,4091.0,1.2800000000000864,,,2.0,22.0,26.0,67.84,77.65,53.0,17.72,0.9243792325056434,0.0,0,1.7200000000000273,,
2026-05-11,20.11,logs/5-11 20.11/log0001.csv,3,post_dfco,770.12,2968.0,-9.58,21.0,1.1200000000000043,2660.0,3.47,1.1200000000000043,2660.0,3.47,21.74,2.840000000000032,4071.0,2.840000000000032,1.7200000000000273,1.7200000000000273,2.0,21.0,30.0,64.71,80.0,59.0,22.29,0.975325257963212,-1.4,1,4.32000000000005,,
2026-05-11,20.11,logs/5-11 20.11/log0003.csv,0,post_dfco,60.4,4190.0,-8.71,27.0,,,,0.1200000000000045,3148.0,2.89,6.37,1.6799999999999995,3832.0,1.6799999999999995,,1.5599999999999952,2.0,26.0,26.0,74.9,80.0,39.0,15.8,0.4031645569620253,0.0,0,1.8000000000000045,,
2026-05-11,20.11,logs/5-11 20.11/log0003.csv,1,post_dfco,224.6,3599.0,-0.73,58.0,,,,,,,5.5,0.7199999999999989,3758.0,0.7199999999999989,,,18.0,25.0,25.0,75.69,76.86,60.0,15.82,0.3476611883691529,0.0,0,0.7199999999999989,,
2026-05-11,20.11,logs/5-11 20.11/log0003.csv,2,post_dfco,253.48,3062.0,-1.75,30.0,,,,,,,15.51,2.3200000000000216,4625.0,2.3200000000000216,,,19.0,10.0,27.0,67.06,78.04,50.0,17.18,0.9027939464493596,0.0,0,2.799999999999983,,
2026-05-11,20.11,logs/5-11 20.11/log0003.csv,3,post_dfco,256.92,3952.0,-6.39,51.0,,,,,,,18.84,0.8799999999999955,4717.0,0.8799999999999955,,,2.0,8.0,12.0,60.0,74.12,62.0,18.25,1.0323287671232877,0.0,0,1.3599999999999568,,
2026-05-11,20.11,logs/5-11 20.11/log0003.csv,4,post_dfco,258.92,3767.0,-4.65,61.0,,,,0.1999999999999886,3731.0,5.07,18.55,1.1999999999999886,4114.0,1.1999999999999886,,1.0,3.0,20.0,23.0,61.96,76.47,72.0,18.15,1.0220385674931132,0.0,0,2.039999999999964,,
2026-05-17,20.12,logs/5-17 20.12/log0002.csv,0,post_dfco,1064.2,3794.0,-3.92,62.0,,,,,,,14.64,1.759999999999991,4305.0,1.759999999999991,,,4.0,17.0,24.0,69.02,71.37,71.0,16.42,0.8915956151035322,0.0,0,2.0799999999999272,,
2026-05-17,20.12,logs/5-17 20.12/log0002.csv,1,post_dfco,1068.96,3043.0,-5.52,76.0,,,,,,,7.39,2.7999999999999545,3160.0,2.7999999999999545,,,2.0,27.0,28.0,70.98,73.33,80.0,9.68,0.7634297520661157,0.0,0,3.0,,
2026-05-17,20.12,logs/5-17 20.12/log0002.csv,2,post_dfco,1090.08,2782.0,-1.46,70.0,,,,,,,9.27,4.480000000000018,3096.0,4.480000000000018,,,18.0,30.0,30.0,71.37,74.9,80.0,9.59,0.9666319082377476,0.0,0,4.759999999999991,,
2026-05-17,20.12,logs/5-17 20.12/log0002.csv,3,post_partial,1256.72,2903.0,1.01,73.0,,,,,,,6.37,2.039999999999964,3100.0,2.039999999999964,,,21.0,29.0,29.0,71.37,73.73,79.0,9.34,0.6820128479657388,0.0,0,2.160000000000082,,
2026-05-17,20.12,logs/5-17 20.12/log0002.csv,4,post_partial,1717.36,3207.0,2.89,81.0,,,,,,,9.85,2.040000000000191,3326.0,2.040000000000191,,,24.0,28.0,28.0,69.41,70.59,85.0,10.77,0.914577530176416,0.0,0,2.4400000000000546,,
2026-05-17,20.12,logs/5-17 20.12/log0002.csv,5,post_partial,1907.52,3162.0,3.18,80.0,,,,,,,5.07,0.6400000000001,3211.0,0.6400000000001,,,25.0,27.0,27.0,70.59,70.98,81.0,9.71,0.5221421215242018,0.0,0,0.6400000000001,,
2026-05-17,20.12,logs/5-17 20.12/log0002.csv,6,post_partial,2188.0,3292.0,1.15,83.0,,,,,,,8.11,1.639999999999873,3401.0,1.639999999999873,,,22.0,27.0,27.0,68.63,70.2,86.0,11.4,0.7114035087719297,0.0,0,1.7600000000002185,,
2026-05-17,20.12,logs/5-17 20.12/log0002.csv,7,post_partial,3083.8,3103.0,5.36,79.0,,,,,,,7.97,1.3599999999996726,3198.0,1.3599999999996726,,,28.0,28.0,29.0,70.59,71.76,81.0,9.47,0.8416050686378035,0.0,0,1.7199999999998,,
2026-05-17,20.12,logs/5-17 20.12/log0002.csv,8,post_partial,3130.52,3237.0,-0.59,82.0,,,,,,,5.21,1.199999999999818,3306.0,1.199999999999818,,,19.0,26.0,26.0,69.41,70.59,83.0,10.77,0.4837511606313835,0.0,0,1.2800000000002,,
2026-05-17,20.12,logs/5-17 20.12/log0002.csv,9,post_partial,3394.92,3304.0,1.3,84.0,,,,,,,11.59,2.119999999999891,3520.0,2.119999999999891,,,22.0,27.0,28.0,67.84,69.8,89.0,12.22,0.9484451718494272,0.0,0,2.2399999999997817,,
2026-05-17,20.12,logs/5-17 20.12/log0002.csv,10,post_dfco,3723.2,2922.0,-2.04,73.0,,,,,,,5.36,1.8400000000001453,3009.0,1.8400000000001453,,,19.0,28.0,28.0,72.55,73.73,76.0,8.96,0.5982142857142857,0.0,0,1.9600000000000364,,
2026-05-17,20.12,logs/5-17 20.12/log0002.csv,11,post_partial,4164.48,3161.0,2.02,80.0,,,,,,,14.49,2.520000000000437,3337.0,2.520000000000437,,,22.0,28.0,29.0,69.02,70.98,86.0,11.25,1.288,-1.4,1,3.240000000000691,,
2026-05-17,20.12,logs/5-17 20.12/log0002.csv,12,post_partial,4292.6,2960.0,0.43,75.0,,,,,,,7.53,2.0,3093.0,2.0,,,20.0,28.0,28.0,71.37,73.33,79.0,9.42,0.7993630573248408,0.0,0,2.0799999999999272,,
2026-05-17,20.12,logs/5-17 20.12/log0002.csv,13,post_dfco,4407.28,3153.0,-1.75,80.0,,,,,,,7.1,2.520000000000437,3378.0,2.520000000000437,,,20.0,27.0,27.0,69.02,70.98,86.0,10.89,0.6519742883379246,0.0,0,2.5600000000004,,
2026-05-17,20.12,logs/5-17 20.12/log0002.csv,14,post_partial,4545.88,3211.0,2.02,81.0,,,,,,,12.32,2.2799999999997453,3440.0,2.2799999999997453,,,23.0,28.0,28.0,68.63,70.59,87.0,11.59,1.0629853321829164,0.0,0,2.4399999999996,,
2026-05-17,20.12,logs/5-17 20.12/log0002.csv,15,post_partial,5168.32,3296.0,2.17,83.0,,,,,,,11.01,1.680000000000291,3444.0,1.680000000000291,,,22.0,28.0,28.0,68.24,70.2,87.0,11.62,0.9475043029259896,0.0,0,1.680000000000291,,
2026-05-17,20.12,logs/5-17 20.12/log0002.csv,16,post_partial,5329.28,3018.0,3.76,76.0,,,,,,,5.21,0.4800000000004729,3047.0,0.4800000000004729,,,26.0,27.0,28.0,72.55,72.94,77.0,8.66,0.6016166281755196,0.0,0,0.5600000000004002,,
2026-05-17,20.12,logs/5-17 20.12/log0002.csv,17,post_partial,5377.32,3317.0,2.31,84.0,,,,,,,6.23,0.5200000000004366,3351.0,0.5200000000004366,,,22.0,27.0,27.0,69.02,69.41,85.0,11.18,0.5572450805008945,0.0,0,0.5600000000004002,,
2026-05-17,20.12,logs/5-17 20.12/log0002.csv,18,post_dfco,5438.56,3052.0,-2.18,49.0,,,,,,,13.04,2.5999999999994543,3729.0,2.5999999999994543,,,19.0,27.0,28.0,71.76,75.29,61.0,14.26,0.9144460028050492,0.0,0,2.7999999999992724,,
2026-05-17,20.12,logs/5-17 20.12/log0002.csv,19,post_partial,5490.56,4416.0,1.59,53.0,,,,,,,15.22,1.0399999999999636,4967.0,1.0399999999999636,,,10.0,4.0,11.0,59.61,70.2,63.0,14.26,1.067321178120617,0.0,0,1.519999999999527,,
2026-05-17,20.12,logs/5-17 20.12/log0002.csv,20,post_dfco,5493.2,4687.0,-6.68,67.0,,,,,,,18.99,0.9600000000000364,4418.0,0.9600000000000364,,,3.0,14.0,19.0,56.08,67.84,75.0,17.57,1.0808195788275468,-1.4,1,1.5600000000004002,,
2026-05-17,20.12,logs/5-17 20.12/log0002.csv,21,post_partial,5961.04,2796.0,1.15,70.0,,,,,,,5.21,1.2399999999997815,2885.0,1.2399999999997815,,,22.0,28.0,28.0,74.12,74.9,74.0,8.37,0.6224611708482677,0.0,0,1.6000000000003638,,
2026-05-17,20.12,logs/5-17 20.12/log0002.csv,22,post_dfco,6857.56,4023.0,-7.55,28.0,,,,,,,5.5,1.0799999999999272,3492.0,1.0799999999999272,,,2.0,25.0,25.0,74.9,76.86,35.0,13.11,0.4195270785659802,0.0,0,1.1199999999998909,,
2026-05-17,20.12,logs/5-17 20.12/log0002.csv,23,post_partial,7513.84,2795.0,0.86,45.0,,,,,,,6.37,1.7200000000002549,3095.0,1.7200000000002549,,,22.0,29.0,29.0,71.76,74.9,50.0,9.33,0.6827438370846731,0.0,0,1.9200000000000728,,
2026-05-17,20.12,logs/5-17 20.12/log0002.csv,24,post_dfco,8272.96,3761.0,-4.36,44.0,,,,,,,5.65,1.2000000000007276,3990.0,1.2000000000007276,,,3.0,21.0,22.0,70.2,73.73,48.0,16.09,0.3511497824735861,0.0,0,1.2000000000007276,,
2026-05-17,20.12,logs/5-17 20.12/log0002.csv,25,post_partial,8280.04,3652.0,1.15,58.0,,,,,,,11.88,1.4799999999995634,3938.0,1.4799999999995634,,,17.0,23.0,26.0,69.8,74.12,64.0,16.46,0.7217496962332929,0.0,0,1.5199999999986176,,
2026-05-17,20.12,logs/5-17 20.12/log0002.csv,26,post_partial,8312.36,3010.0,3.04,76.0,,,,,,,8.26,1.559999999999491,3135.0,1.559999999999491,,,24.0,28.0,29.0,70.59,72.94,81.0,9.96,0.8293172690763051,0.0,0,2.279999999998836,,
2026-05-17,20.12,logs/5-17 20.12/log0002.csv,27,post_partial,8488.24,3117.0,1.15,79.0,,,,,,,7.97,1.8400000000001453,3266.0,1.8400000000001453,,,22.0,28.0,28.0,69.8,71.76,83.0,10.18,0.7829076620825147,0.0,0,1.8800000000010184,,
2026-05-17,20.12,logs/5-17 20.12/log0002.csv,28,post_dfco,8699.52,4046.0,-1.75,65.0,,,,,,,9.71,1.1999999999989086,4306.0,1.1999999999989086,,,13.0,17.0,20.0,69.02,69.8,69.0,16.05,0.6049844236760125,0.0,0,1.1999999999989086,,
2026-05-17,20.12,logs/5-17 20.12/log0002.csv,29,post_partial,8858.56,3110.0,-0.15,78.0,,,,,,,7.24,2.319999999999709,3266.0,2.319999999999709,,,19.0,27.0,28.0,69.8,71.76,83.0,10.1,0.7168316831683169,0.0,0,2.399999999999636,,
2026-05-17,20.12,logs/5-17 20.12/log0002.csv,30,post_dfco,8939.12,3201.0,-2.18,81.0,,,,,,,16.38,3.1199999999989814,3448.0,3.1199999999989814,,,19.0,27.0,28.0,68.24,70.59,89.0,12.17,1.3459326211996712,0.0,0,3.959999999999127,,
2026-05-17,20.12,logs/5-17 20.12/log0002.csv,31,post_partial,8984.8,2608.0,-0.15,66.0,,,,,,,10.14,4.480000000001382,2989.0,4.480000000001382,,,18.0,30.0,31.0,72.94,74.9,76.0,8.62,1.1763341067285384,0.0,0,5.0,,
2026-05-17,20.12,logs/5-17 20.12/log0007.csv,0,post_partial,81016.84,5240.0,1.59,63.0,,,,,,,13.19,0.5200000000040745,5470.0,0.5200000000040745,,,4.0,4.0,4.0,61.57,69.8,66.0,12.6,1.0468253968253969,0.0,0,0.6000000000058208,,
2026-05-17,20.12,logs/5-17 20.12/log0007.csv,1,post_dfco,81019.92,4925.0,-3.63,73.0,,,,,,,18.41,0.8399999999965075,4693.0,0.8399999999965075,,,2.0,8.0,11.0,59.22,67.45,81.0,17.72,1.038939051918736,0.0,0,1.8800000000046568,,
2026-05-17,20.12,logs/5-17 20.12/log0007.csv,2,post_partial,81398.8,2751.0,2.75,70.0,,,,,,,6.95,2.4400000000023283,2917.0,2.4400000000023283,,,25.0,29.0,29.0,73.73,74.9,75.0,8.36,0.8313397129186604,0.0,0,2.9199999999982538,,
2026-05-17,20.12,logs/5-17 20.12/log0007.csv,3,post_dfco,81659.68,2813.0,-1.89,71.0,,,,,,,7.53,2.560000000012224,3065.0,2.560000000012224,,,19.0,28.0,29.0,71.37,74.9,80.0,9.78,0.7699386503067486,0.0,0,3.1600000000034925,,
2026-05-17,20.12,logs/5-17 20.12/log0007.csv,4,post_partial,82930.36,2983.0,-0.44,76.0,,,,,,,8.98,3.1600000000034925,3230.0,3.1600000000034925,,,19.0,28.0,28.0,70.59,72.94,81.0,9.67,0.9286452947259566,0.0,0,3.2400000000052387,,
2026-05-17,20.12,logs/5-17 20.12/log0007.csv,5,post_partial,82933.72,3238.0,8.11,82.0,,,,,,,8.69,0.1999999999970896,3256.0,0.1999999999970896,,,29.0,28.0,29.0,69.8,70.2,84.0,10.06,0.8638170974155068,0.0,0,0.7200000000011642,,
2026-05-17,20.12,logs/5-17 20.12/log0007.csv,6,post_dfco,83311.64,3952.0,-3.92,27.0,,,,,,,12.46,2.2400000000052387,4302.0,2.2400000000052387,,,3.0,19.0,26.0,69.02,76.86,42.0,16.27,0.7658266748617087,0.0,0,2.2400000000052387,,
2026-05-17,20.12,logs/5-17 20.12/log0007.csv,7,post_dfco,83376.84,4428.0,-4.94,29.0,,,,,,,7.53,1.680000000007567,3965.0,1.680000000007567,,,2.0,25.0,26.0,70.98,74.9,39.0,15.54,0.4845559845559846,0.0,0,1.7200000000011642,,
2026-05-17,20.12,logs/5-17 20.12/log0007.csv,8,post_dfco,83380.92,4443.0,-8.27,50.0,,,,,,,14.06,1.2400000000052387,4668.0,1.2400000000052387,,,2.0,9.0,15.0,68.24,69.41,56.0,15.32,0.9177545691906004,0.0,0,1.2400000000052387,,
2026-05-17,20.12,logs/5-17 20.12/log0007.csv,9,post_dfco,83388.36,3657.0,-3.2,59.0,,,,,,,5.21,1.1600000000034925,3810.0,1.1600000000034925,,,11.0,24.0,24.0,71.76,74.51,62.0,14.99,0.3475650433622415,0.0,0,1.1600000000034925,,
2026-05-17,20.12,logs/5-17 20.12/log0007.csv,10,post_partial,83390.08,3903.0,3.76,63.0,,,,,,,11.74,0.9199999999982538,4102.0,0.9199999999982538,,,18.0,21.0,23.0,70.2,70.98,66.0,15.57,0.7540141297366731,0.0,0,0.9199999999982538,,
2026-05-17,20.12,logs/5-17 20.12/log0007.csv,11,post_partial,83904.12,3095.0,-0.3,78.0,,,,,,,17.68,3.760000000009313,3422.0,3.760000000009313,,,20.0,28.0,29.0,68.24,71.76,87.0,12.79,1.382329945269742,0.0,0,3.960000000006403,,
2026-05-17,20.12,logs/5-17 20.12/log0007.csv,12,post_dfco,83912.72,3341.0,-2.47,84.0,,,,,,,18.12,3.0800000000017462,3611.0,3.0800000000017462,,,18.0,27.0,28.0,56.47,76.47,93.0,14.61,1.240246406570842,0.0,0,3.759999999994761,,
2026-05-17,20.12,logs/5-17 20.12/log0007.csv,13,post_dfco,83953.4,3123.0,-0.59,79.0,,,,,,,19.28,3.4400000000023283,3456.0,3.4400000000023283,,,19.0,27.0,28.0,55.69,71.37,95.0,15.47,1.2462831286360698,0.0,0,5.680000000007567,,
2026-05-17,20.12,logs/5-17 20.12/log0007.csv,14,post_dfco,83963.24,3572.0,-5.81,89.0,,,,,,,16.67,2.279999999998836,3672.0,2.279999999998836,,,5.0,26.0,26.0,61.96,74.51,95.0,14.78,1.12787550744249,0.0,0,2.8799999999901047,,
2026-05-17,20.12,logs/5-17 20.12/log0007.csv,15,post_partial,83980.16,3265.0,2.17,83.0,,,,,,,7.1,1.2799999999988358,3350.0,1.2799999999988358,,,23.0,28.0,28.0,69.41,70.59,85.0,10.61,0.6691800188501413,0.0,0,1.319999999992433,,
2026-05-17,20.12,logs/5-17 20.12/log0007.csv,16,post_partial,84046.44,3192.0,1.59,80.0,,,,,,,5.5,1.1199999999953434,3255.0,1.1199999999953434,,,21.0,27.0,27.0,70.2,70.98,82.0,9.84,0.5589430894308943,0.0,0,1.1999999999970896,,
2026-05-17,20.12,logs/5-17 20.12/log0007.csv,17,post_partial,84077.16,3028.0,3.33,76.0,,,,,,,6.23,0.7200000000011642,3051.0,0.7200000000011642,,,25.0,28.0,28.0,72.16,72.55,78.0,9.0,0.6922222222222223,0.0,0,0.9199999999982538,,
2026-05-17,20.12,logs/5-17 20.12/log0007.csv,18,post_partial,84088.08,3001.0,-0.73,76.0,,,,,,,6.95,2.599999999991269,3158.0,2.599999999991269,,,20.0,28.0,28.0,70.98,72.55,80.0,9.37,0.7417289220917823,0.0,0,2.679999999993015,,
2026-05-17,20.12,logs/5-17 20.12/log0007.csv,19,post_dfco,84191.32,2594.0,-1.89,66.0,,,,,,,16.23,7.479999999995925,3276.0,7.479999999995925,,,8.0,29.0,31.0,69.41,74.9,86.0,10.67,1.521087160262418,-7.0,1,8.799999999988358,,
2026-05-17,20.12,logs/5-17 20.12/log0007.csv,20,post_partial,84237.8,3245.0,3.33,82.0,,,,,,,7.53,0.8000000000029104,3308.0,0.8000000000029104,,,23.0,27.0,28.0,69.41,70.2,84.0,10.59,0.7110481586402266,0.0,0,0.9599999999918508,,
2026-05-17,20.12,logs/5-17 20.12/log0007.csv,21,post_partial,84301.56,3193.0,1.44,80.0,,,,,,,6.08,1.0,3239.0,1.0,,,21.0,27.0,27.0,70.2,70.59,81.0,9.87,0.6160081053698075,0.0,0,1.040000000008149,,
2026-05-17,20.12,logs/5-17 20.12/log0007.csv,22,post_dfco,84336.32,3019.0,-1.75,76.0,,,,,,,12.61,4.119999999995343,3211.0,4.119999999995343,,,19.0,29.0,29.0,70.2,72.94,83.0,9.96,1.2660642570281122,-1.4,1,4.759999999994761,,
2026-05-17,20.12,logs/5-17 20.12/log0007.csv,23,post_partial,84684.64,3215.0,-0.3,81.0,,,,,,,11.16,2.360000000000582,3387.0,2.360000000000582,,,20.0,28.0,28.0,68.63,70.59,86.0,11.38,0.9806678383128294,0.0,0,2.559999999997672,,
2026-05-17,20.12,logs/5-17 20.12/log0007.csv,24,post_partial,84933.04,2945.0,0.14,75.0,,,,,,,5.5,1.2800000000133878,3032.0,1.2800000000133878,,,20.0,28.0,28.0,72.16,73.33,76.0,9.2,0.5978260869565218,0.0,0,1.360000000000582,,
2026-05-17,20.12,logs/5-17 20.12/log0007.csv,25,post_dfco,84936.4,3007.0,-0.59,76.0,,,,,,,5.21,1.5600000000122236,3094.0,1.5600000000122236,,,19.0,27.0,27.0,71.37,72.94,78.0,9.21,0.5656894679695982,0.0,0,1.639999999999418,,
2026-05-17,20.12,logs/5-17 20.12/log0007.csv,26,post_partial,84970.36,2964.0,4.2,75.0,,,,,,,5.94,0.8800000000046566,3033.0,0.8800000000046566,,,28.0,28.0,28.0,72.16,73.33,77.0,8.72,0.6811926605504587,0.0,0,1.0,,
2026-05-17,20.12,logs/5-17 20.12/log0007.csv,27,post_partial,85070.2,3072.0,2.31,78.0,,,,,,,6.81,1.4400000000023283,3143.0,1.4400000000023283,,,22.0,27.0,28.0,70.98,72.16,80.0,9.41,0.7236981934112645,0.0,0,1.4799999999959257,,
2026-05-17,20.12,logs/5-17 20.12/log0007.csv,28,post_partial,85072.4,3203.0,6.52,81.0,,,,,,,8.69,0.4400000000023283,3225.0,0.4400000000023283,,,28.0,28.0,28.0,70.2,70.59,81.0,9.9,0.8777777777777777,0.0,0,0.5600000000122236,,
2026-05-17,20.12,logs/5-17 20.12/log0007.csv,29,post_partial,85462.64,3215.0,0.57,81.0,,,,,,,6.37,1.680000000007567,3315.0,1.680000000007567,,,20.0,27.0,27.0,69.8,70.59,83.0,10.3,0.6184466019417475,0.0,0,1.680000000007567,,
2026-05-17,20.12,logs/5-17 20.12/log0007.csv,30,post_dfco,85471.68,3442.0,-1.17,87.0,,,,,,,10.87,2.400000000008731,3543.0,2.400000000008731,,,19.0,27.0,27.0,67.84,68.63,89.0,12.39,0.877320419693301,0.0,0,2.64000000001397,,
2026-05-17,20.12,logs/5-17 20.12/log0007.csv,31,post_dfco,85680.08,3049.0,-1.75,77.0,,,,,,,15.8,3.319999999992433,3455.0,3.319999999992433,,,20.0,28.0,29.0,61.96,72.55,88.0,13.1,1.2061068702290076,0.0,0,3.720000000001164,,
2026-05-17,20.12,logs/5-17 20.12/log0007.csv,32,post_partial,86432.44,2958.0,-0.73,29.0,,,,,,,12.61,2.559999999997672,4440.0,2.559999999997672,,,21.0,15.0,27.0,68.63,75.29,43.0,16.24,0.7764778325123153,0.0,0,2.559999999997672,,
2026-05-17,20.12,logs/5-17 20.12/log0007.csv,33,post_dfco,86436.68,4249.0,-5.81,52.0,,,,,,,14.78,1.0800000000017462,4700.0,1.0800000000017462,,,2.0,8.0,14.0,63.53,68.63,57.0,15.43,0.9578742709008424,0.0,0,1.2400000000052387,,
2026-05-17,20.12,logs/5-17 20.12/log0007.csv,34,post_dfco,86439.2,3970.0,-7.11,61.0,,,,,,,12.32,1.4400000000023283,4084.0,1.4400000000023283,,,2.0,20.0,25.0,69.02,72.55,66.0,16.66,0.7394957983193278,0.0,0,1.5200000000040743,,
2026-05-17,20.12,logs/5-17 20.12/log0007.csv,35,post_dfco,86465.56,2756.0,-1.75,70.0,,,,,,,7.53,4.119999999995343,3028.0,4.119999999995343,,,18.0,29.0,29.0,72.16,74.9,78.0,8.96,0.8404017857142857,0.0,0,4.960000000006403,,
2026-05-17,20.12,logs/5-17 20.12/log0007.csv,36,post_dfco,86650.68,3011.0,-2.33,76.0,,,,,,,17.97,3.960000000006403,3447.0,3.960000000006403,,,20.0,28.0,29.0,55.29,72.94,91.0,13.5,1.3311111111111111,0.0,0,5.080000000001746,,
2026-05-17,20.12,logs/5-17 20.12/log0007.csv,37,post_dfco,86700.12,3144.0,-0.44,80.0,,,,,,,5.79,2.200000000011641,3244.0,2.200000000011641,,,19.0,27.0,27.0,70.2,71.37,82.0,9.79,0.5914198161389174,0.0,0,2.2400000000052387,,
2026-05-17,20.12,logs/5-17 20.12/log0007.csv,38,post_partial,87343.12,3094.0,0.14,78.0,,,,,,,6.08,1.4800000000104774,3209.0,1.4800000000104774,,,20.0,27.0,27.0,70.2,71.76,81.0,10.07,0.6037735849056604,0.0,0,1.680000000007567,,
2026-05-17,20.12,logs/5-17 20.12/log0007.csv,39,post_partial,87462.56,3008.0,1.01,76.0,,,,,,,6.23,1.5599999999976717,3096.0,1.5599999999976717,,,20.0,27.0,28.0,71.76,72.94,78.0,9.3,0.6698924731182796,0.0,0,1.7200000000011642,,
2026-05-22,20.13,logs/5-22 20.13/log0001.csv,0,post_dfco,1322.8,4356.0,-2.33,52.0,,,,,,,12.32,1.160000000000082,4837.0,1.160000000000082,,,9.0,5.0,11.0,69.41,70.59,58.0,14.45,0.8525951557093426,0.0,0,1.160000000000082,,
2026-05-22,20.13,logs/5-22 20.13/log0001.csv,1,post_dfco,1325.84,4532.0,-4.79,66.0,,,,,,,17.25,1.040000000000191,4398.0,1.040000000000191,,,2.0,15.0,20.0,61.57,68.24,83.0,17.59,0.9806708357021034,0.0,0,3.1200000000001182,,
2026-05-22,20.13,logs/5-22 20.13/log0001.csv,2,post_partial,1837.68,3200.0,6.23,81.0,,,,,,,7.39,0.6399999999998727,3255.0,0.6399999999998727,,,28.0,28.0,29.0,70.2,70.98,82.0,9.83,0.7517802644964394,0.0,0,0.6399999999998727,,
2026-05-22,20.13,logs/5-22 20.13/log0001.csv,3,post_partial,1988.0,3308.0,2.46,83.0,,,,,,,10.43,2.160000000000082,3447.0,2.160000000000082,,,23.0,28.0,28.0,68.63,69.8,87.0,11.22,0.9295900178253118,-1.4,1,2.160000000000082,,
2026-05-22,20.13,logs/5-22 20.13/log0001.csv,4,post_dfco,2126.08,2749.0,-2.47,70.0,,,,,,,8.11,3.599999999999909,2975.0,3.599999999999909,,,19.0,30.0,30.0,73.33,74.9,76.0,8.48,0.9563679245283018,0.0,0,4.039999999999964,,
2026-05-22,20.13,logs/5-22 20.13/log0001.csv,5,post_partial,2131.72,3122.0,7.1,79.0,,,,,,,13.77,1.9200000000000728,3322.0,1.9200000000000728,,,29.0,29.0,29.0,69.41,71.37,85.0,10.72,1.2845149253731345,0.0,0,2.200000000000273,,
2026-05-22,20.13,logs/5-22 20.13/log0001.csv,6,post_partial,2699.28,3445.0,1.59,87.0,,,,,,,17.39,1.8399999999996908,3625.0,1.8399999999996908,,,21.0,26.0,27.0,57.25,74.51,94.0,13.8,1.2601449275362318,0.0,0,2.4399999999996,,
2026-05-22,20.13,logs/5-22 20.13/log0001.csv,7,post_partial,3278.08,3053.0,3.18,77.0,,,,,,,15.07,3.880000000000109,3353.0,3.880000000000109,,,25.0,29.0,29.0,69.02,72.16,86.0,10.93,1.3787740164684357,0.0,0,4.400000000000091,,
2026-05-22,20.13,logs/5-22 20.13/log0001.csv,8,post_partial,3599.92,3028.0,0.28,76.0,,,,,,,7.39,2.039999999999964,3199.0,2.039999999999964,,,20.0,28.0,29.0,70.2,72.94,81.0,9.65,0.7658031088082901,0.0,0,2.319999999999709,,
2026-05-22,20.13,logs/5-22 20.13/log0001.csv,9,post_dfco,3623.88,3059.0,-1.75,78.0,,,,,,,12.17,2.880000000000109,3255.0,2.880000000000109,,,19.0,29.0,29.0,69.8,72.16,83.0,10.49,1.1601525262154433,0.0,0,3.119999999999891,,
2026-05-22,20.13,logs/5-22 20.13/log0001.csv,10,post_partial,3709.44,3401.0,-0.44,86.0,,,,,,,5.36,0.8800000000001091,3466.0,0.8800000000001091,,,20.0,26.0,26.0,68.24,69.02,88.0,11.76,0.4557823129251701,0.0,0,0.8800000000001091,,
2026-05-22,20.13,logs/5-22 20.13/log0001.csv,11,post_partial,3842.28,3256.0,1.3,82.0,,,,,,,8.26,1.2399999999997815,3372.0,1.2399999999997815,,,20.0,27.0,27.0,69.02,70.59,85.0,10.99,0.751592356687898,0.0,0,1.2399999999997815,,
2026-05-22,20.13,logs/5-22 20.13/log0001.csv,12,post_dfco,3919.28,2905.0,-1.31,73.0,,,,,,,7.1,2.519999999999982,3102.0,2.519999999999982,,,19.0,28.0,28.0,71.76,74.12,78.0,9.08,0.7819383259911894,0.0,0,2.559999999999945,,
2026-05-22,20.13,logs/5-22 20.13/log0001.csv,13,post_dfco,3930.92,2928.0,-2.04,74.0,,,,,,,7.39,2.840000000000145,3125.0,2.840000000000145,,,19.0,28.0,28.0,71.37,73.73,78.0,9.11,0.8111964873765094,0.0,0,2.840000000000145,,
2026-05-22,20.13,logs/5-22 20.13/log0001.csv,14,post_partial,3934.2,3156.0,6.81,80.0,,,,,,,8.69,0.5600000000004002,3192.0,0.5600000000004002,,,29.0,29.0,29.0,70.59,71.37,81.0,9.57,0.908045977011494,0.0,0,0.7200000000002547,,
2026-05-22,20.13,logs/5-22 20.13/log0001.csv,15,post_partial,4039.52,3266.0,1.3,83.0,,,,,,,9.27,2.1599999999998545,3438.0,2.1599999999998545,,,22.0,28.0,28.0,68.63,70.2,87.0,10.91,0.8496791934005499,0.0,0,2.199999999999818,,
2026-05-22,20.13,logs/5-22 20.13/log0001.csv,16,post_dfco,4550.56,3472.0,-2.91,88.0,,,,,,,16.67,2.0,3716.0,2.0,,,19.0,26.0,27.0,60.39,74.9,95.0,14.63,1.1394395078605606,0.0,0,2.199999999999818,,
2026-05-22,20.13,logs/5-22 20.13/log0001.csv,17,post_dfco,4606.72,3188.0,-2.33,81.0,,,,,,,5.79,1.5999999999994543,3266.0,1.5999999999994543,,,19.0,27.0,27.0,69.8,70.59,83.0,10.16,0.5698818897637795,0.0,0,1.5999999999994543,,
2026-05-22,20.13,logs/5-22 20.13/log0001.csv,18,post_partial,4685.64,3103.0,1.73,78.0,,,,,,,5.07,0.5999999999994543,3151.0,0.5999999999994543,,,22.0,27.0,28.0,70.98,71.76,80.0,9.28,0.5463362068965518,0.0,0,0.7199999999993452,,
2026-05-22,20.13,logs/5-22 20.13/log0001.csv,19,post_partial,4690.08,3272.0,-0.15,83.0,,,,,,,16.38,2.0799999999999272,3498.0,2.0799999999999272,,,19.0,27.0,28.0,67.84,70.2,90.0,12.41,1.3199033037872685,-1.4,1,2.6400000000003274,,
2026-05-22,20.13,logs/5-22 20.13/log0001.csv,20,post_partial,4972.0,2862.0,-0.3,73.0,,,,,,,6.66,2.199999999999818,3007.0,2.199999999999818,,,19.0,28.0,28.0,72.55,74.51,76.0,8.43,0.7900355871886121,0.0,0,2.4399999999996,,
2026-05-22,20.13,logs/5-22 20.13/log0001.csv,21,post_dfco,5087.4,3284.0,-2.62,53.0,,,,,,,12.46,2.5600000000004,3809.0,2.5600000000004,,,19.0,26.0,27.0,72.55,74.12,62.0,14.41,0.864677307425399,0.0,0,2.6400000000003274,,
2026-05-22,20.13,logs/5-22 20.13/log0001.csv,22,post_dfco,6430.04,3018.0,-1.6,76.0,,,,,,,6.66,1.8800000000001087,3161.0,1.8800000000001087,,,20.0,28.0,28.0,70.59,72.94,80.0,9.82,0.6782077393075356,0.0,0,1.9600000000000364,,
2026-05-22,20.13,logs/5-22 20.13/log0001.csv,23,post_partial,6838.44,2882.0,0.72,73.0,,,,,,,16.81,3.600000000000364,3311.0,3.600000000000364,,,20.0,29.0,29.0,69.41,74.12,85.0,10.71,1.5695611577964517,0.0,0,4.039999999999964,,
2026-05-22,20.13,logs/5-22 20.13/log0001.csv,24,post_partial,7298.28,3013.0,0.14,76.0,,,,,,,13.91,2.880000000000109,3248.0,2.880000000000109,,,20.0,29.0,29.0,69.8,72.55,82.0,10.45,1.3311004784688996,0.0,0,2.9600000000000364,,
2026-05-22,20.13,logs/5-22 20.13/log0001.csv,25,post_partial,7433.24,3082.0,2.31,78.0,,,,,,,17.1,3.600000000000364,3510.0,3.600000000000364,,,24.0,28.0,29.0,67.84,72.16,90.0,12.52,1.3658146964856233,0.0,0,3.880000000000109,,
2026-05-22,20.13,logs/5-22 20.13/log0001.csv,26,post_dfco,7470.6,3115.0,-2.18,79.0,,,,,,,7.68,2.199999999999818,3286.0,2.199999999999818,,,20.0,27.0,28.0,69.8,71.37,83.0,10.33,0.7434656340755081,-1.4,1,2.2799999999997453,,
2026-05-22,20.13,logs/5-22 20.13/log0001.csv,27,post_partial,8478.64,3389.0,2.6,85.0,,,,,,,8.69,1.4800000000013824,3547.0,1.4800000000013824,,,24.0,27.0,27.0,67.84,69.02,90.0,12.03,0.7223607647547797,0.0,0,1.4800000000013824,,
2026-05-22,20.13,logs/5-22 20.13/log0001.csv,28,post_dfco,8541.96,2691.0,-2.18,68.0,,,,,,,6.23,2.1200000000008004,2813.0,2.1200000000008004,,,18.0,29.0,29.0,74.9,74.9,71.0,8.22,0.7579075425790754,0.0,0,2.200000000000728,,
2026-05-22,20.13,logs/5-22 20.13/log0001.csv,29,post_partial,8547.04,2989.0,2.6,75.0,,,,,,,6.66,0.9599999999991268,3054.0,0.9599999999991268,,,24.0,28.0,29.0,71.76,72.94,77.0,8.94,0.7449664429530202,0.0,0,1.0799999999999272,,
2026-05-22,20.13,logs/5-22 20.13/log0001.csv,30,post_partial,8620.12,2966.0,-0.15,75.0,,,,,,,6.08,1.8399999999983263,3129.0,1.8399999999983263,,,20.0,28.0,29.0,71.37,73.33,79.0,9.06,0.6710816777041942,0.0,0,1.9200000000000728,,
2026-05-22,20.13,logs/5-22 20.13/log0001.csv,31,post_partial,8738.64,2746.0,1.59,70.0,,,,,,,8.69,2.4800000000013824,2941.0,2.4800000000013824,,,23.0,30.0,30.0,73.33,74.9,75.0,8.34,1.0419664268585132,0.0,0,2.600000000000364,,
2026-05-22,20.13,logs/5-22 20.13/log0001.csv,32,post_partial,8848.12,3009.0,1.88,76.0,,,,,,,18.41,3.679999999998472,3331.0,3.679999999998472,,,23.0,28.0,29.0,69.02,72.55,86.0,11.47,1.6050566695727986,0.0,0,4.319999999999709,,
2026-05-22,20.13,logs/5-22 20.13/log0001.csv,33,post_partial,8891.44,2959.0,-0.01,75.0,,,,,,,12.03,3.4799999999995634,3283.0,3.4799999999995634,,,19.0,29.0,29.0,69.8,73.33,83.0,10.11,1.1899109792284863,0.0,0,3.719999999999345,,
2026-05-22,20.13,logs/5-22 20.13/log0001.csv,34,post_partial,9158.04,3180.0,2.31,80.0,,,,,,,5.65,0.6399999999994179,3230.0,0.6399999999994179,,,23.0,27.0,27.0,70.2,70.59,82.0,9.66,0.5848861283643892,0.0,0,0.8799999999991996,,
2026-05-22,20.13,logs/5-22 20.13/log0001.csv,35,post_partial,9346.28,3243.0,6.23,82.0,,,,,,,18.55,2.840000000000145,3540.0,2.840000000000145,,,28.0,27.0,28.0,67.45,70.2,94.0,12.64,1.4675632911392404,0.0,0,4.119999999998981,,
2026-05-22,20.13,logs/5-22 20.13/log0001.csv,36,post_dfco,9449.6,4213.0,-8.42,61.0,,,,,,,12.17,0.8799999999991996,3985.0,0.8799999999991996,,,2.0,23.0,24.0,69.41,70.59,65.0,16.42,0.7411693057247258,0.0,0,0.9599999999991268,,
2026-05-23,20.14,logs/5-23 20.14/log0001.csv,0,post_dfco,1248.76,4011.0,-8.42,27.0,,,,,,,8.4,1.7999999999999543,3931.0,1.7999999999999543,,,3.0,25.0,26.0,70.59,75.29,38.0,15.48,0.5426356589147286,0.0,0,1.7999999999999543,,
2026-05-23,20.14,logs/5-23 20.14/log0003.csv,0,post_dfco,399.04,3322.0,-2.91,40.0,,,,,,,5.36,1.079999999999984,3702.0,1.079999999999984,,,19.0,27.0,27.0,72.94,74.9,45.0,13.81,0.388124547429399,0.0,0,1.079999999999984,,
2026-05-23,20.14,logs/5-23 20.14/log0003.csv,1,post_dfco,2570.84,1595.0,-0.74,2.0,,,,,,,7.53,3.0,5136.0,3.0,,,5.0,5.0,27.0,69.8,75.29,27.0,14.23,0.5291637385804638,-1.4,1,3.0,,
2026-05-23,20.14,logs/5-23 20.14/log0003.csv,2,post_dfco,2574.64,4721.0,-7.41,32.0,,,,0.1600000000003092,3988.0,4.78,13.48,1.2400000000002365,4138.0,1.2400000000002365,,1.0799999999999272,2.0,22.0,24.0,67.84,78.43,45.0,17.42,0.7738231917336394,0.0,0,1.7600000000002185,,
2026-05-23,20.14,logs/5-23 20.14/log0003.csv,3,post_dfco,2576.88,4134.0,-9.29,47.0,,,,0.1599999999998544,3995.0,5.65,12.32,0.8399999999996908,4229.0,0.8399999999996908,,0.6799999999998363,2.0,15.0,16.0,67.84,71.37,52.0,16.9,0.7289940828402368,0.0,0,0.9600000000000364,,
2026-05-23,20.14,logs/5-23 20.14/log0003.csv,4,post_dfco,2714.12,2248.0,-1.03,22.0,1.4800000000000182,3108.0,4.34,1.4400000000000546,3111.0,4.05,21.02,2.840000000000145,4421.0,2.840000000000145,1.360000000000127,1.400000000000091,18.0,17.0,29.0,69.41,80.0,48.0,21.86,0.9615736505032022,0.0,0,3.2800000000002,,
2026-05-23,20.14,logs/5-23 20.14/log0003.csv,5,post_partial,522.8,3516.0,0.14,57.0,,,,,,,16.81,1.6800000000000637,4011.0,1.6800000000000637,,,20.0,24.0,27.0,65.49,74.51,79.0,17.33,0.96999422965955,0.0,0,4.280000000000086,,
2026-05-23,20.14,logs/5-23 20.14/log0003.csv,6,post_dfco,528.56,3385.0,-5.96,81.0,,,,,,,6.81,1.7200000000000273,3313.0,1.7200000000000273,,,3.0,27.0,27.0,69.41,70.59,83.0,10.05,0.6776119402985074,-4.2,1,1.8000000000000682,,
2026-05-23,20.14,logs/5-23 20.14/log0003.csv,7,post_partial,652.76,2987.0,0.72,75.0,,,,,,,6.95,2.2799999999999727,3161.0,2.2799999999999727,,,21.0,29.0,29.0,70.98,72.94,80.0,9.0,0.7722222222222223,0.0,0,2.3600000000000136,,
2026-05-23,20.14,logs/5-23 20.14/log0003.csv,8,post_dfco,1086.4,2048.0,-0.59,52.0,,,,,,,5.79,5.119999999999891,2556.0,5.119999999999891,,,19.0,28.0,29.0,74.9,74.9,66.0,6.96,0.8318965517241379,0.0,0,5.599999999999909,,
2026-05-23,20.14,logs/5-23 20.14/log0003.csv,9,post_partial,1262.4,2457.0,0.42,62.0,,,,,,,7.24,3.2799999999999727,2705.0,3.2799999999999727,,,21.0,30.0,30.0,74.9,74.9,68.0,7.55,0.9589403973509936,0.0,0,3.3199999999999363,,
2026-05-23,20.14,logs/5-23 20.14/log0003.csv,10,post_partial,1339.68,2831.0,-0.16,71.0,,,,,,,7.97,2.119999999999891,2966.0,2.119999999999891,,,21.0,29.0,30.0,72.94,74.9,75.0,8.51,0.936545240893067,0.0,0,2.240000000000009,,
2026-05-23,20.14,logs/5-23 20.14/log0003.csv,11,post_partial,1465.64,2778.0,1.44,71.0,,,,,,,6.52,2.9199999999998454,2942.0,2.9199999999998454,,,23.0,29.0,29.0,73.33,74.9,75.0,7.83,0.8326947637292464,0.0,0,3.0,,
2026-05-23,20.14,logs/5-23 20.14/log0003.csv,12,post_partial,1733.32,3327.0,2.31,84.0,,,,,,,6.37,0.7999999999999545,3388.0,0.7999999999999545,,,24.0,27.0,27.0,69.02,69.8,86.0,10.62,0.5998116760828626,0.0,0,0.7999999999999545,,
2026-05-23,20.14,logs/5-23 20.14/log0003.csv,13,post_partial,2193.96,2884.0,-0.16,73.0,,,,,,,13.48,3.119999999999891,3148.0,3.119999999999891,,,20.0,30.0,30.0,70.59,74.12,84.0,9.64,1.3983402489626555,0.0,0,4.679999999999836,,
2026-05-23,20.14,logs/5-23 20.14/log0003.csv,14,post_partial,2203.4,3628.0,1.44,91.0,,,,,,,15.07,1.319999999999709,3726.0,1.319999999999709,,,18.0,26.0,26.0,63.92,73.73,94.0,13.92,1.0826149425287357,0.0,0,1.4400000000000546,,
2026-05-23,20.14,logs/5-23 20.14/log0003.csv,15,post_partial,2344.36,3050.0,0.57,77.0,,,,,,,13.77,3.3599999999996726,3366.0,3.3599999999996726,,,19.0,29.0,29.0,69.02,72.55,86.0,10.92,1.260989010989011,0.0,0,3.480000000000018,,
2026-05-23,20.14,logs/5-23 20.14/log0003.csv,16,post_partial,2422.0,3381.0,5.36,85.0,,,,,,,14.49,1.2399999999997815,3504.0,1.2399999999997815,,,26.0,27.0,28.0,67.84,69.41,88.0,12.06,1.2014925373134329,0.0,0,1.2800000000002,,
2026-05-23,20.14,logs/5-23 20.14/log0003.csv,17,post_partial,2476.4,3245.0,2.75,82.0,,,,,,,7.82,0.7599999999997635,3298.0,0.7599999999997635,,,24.0,27.0,28.0,69.41,70.2,83.0,10.45,0.7483253588516747,0.0,0,0.8800000000001091,,
2026-05-23,20.14,logs/5-23 20.14/log0003.csv,18,post_partial,2578.32,3348.0,0.86,85.0,,,,,,,13.33,1.919999999999618,3515.0,1.919999999999618,,,20.0,28.0,28.0,67.84,69.8,89.0,11.92,1.118288590604027,0.0,0,2.039999999999964,,
2026-05-23,20.14,logs/5-23 20.14/log0003.csv,19,post_dfco,2616.48,2886.0,-1.61,73.0,,,,,,,20.73,4.239999999999782,3371.0,4.239999999999782,,,19.0,29.0,30.0,58.43,74.12,94.0,13.03,1.5909439754412895,0.0,0,6.320000000000164,,
2026-05-23,20.14,logs/5-23 20.14/log0003.csv,20,post_dfco,2960.76,2355.0,-0.59,60.0,,,,,,,6.52,5.079999999999927,2703.0,5.079999999999927,,,21.0,29.0,30.0,74.9,74.9,69.0,7.4,0.881081081081081,0.0,0,5.359999999999673,,
2026-05-23,20.14,logs/5-23 20.14/log0003.csv,21,post_dfco,3141.36,2603.0,-1.61,66.0,,,,,,,12.9,5.799999999999727,3108.0,5.799999999999727,,,19.0,30.0,31.0,71.37,74.9,79.0,9.22,1.3991323210412148,0.0,0,6.119999999999891,,
2026-05-23,20.14,logs/5-23 20.14/log0003.csv,22,post_partial,3283.28,2619.0,-0.45,66.0,,,,,,,12.9,5.079999999999927,3104.0,5.079999999999927,,,19.0,30.0,31.0,71.37,74.9,81.0,9.03,1.4285714285714286,0.0,0,5.799999999999727,,
2026-05-23,20.14,logs/5-23 20.14/log0003.csv,23,post_partial,3369.56,3165.0,1.87,80.0,,,,,,,8.25,1.599999999999909,3268.0,1.599999999999909,,,24.0,28.0,28.0,69.8,70.98,83.0,9.75,0.8461538461538461,0.0,0,1.7200000000002549,,
2026-05-23,20.14,logs/5-23 20.14/log0003.csv,24,post_partial,3503.68,3096.0,2.16,78.0,,,,,,,7.82,1.2000000000002728,3172.0,1.2000000000002728,,,26.0,28.0,28.0,70.59,71.76,80.0,9.26,0.8444924406047517,0.0,0,1.2400000000002365,,
2026-05-23,20.14,logs/5-23 20.14/log0003.csv,25,post_partial,3573.64,3443.0,0.86,86.0,,,,,,,6.22,0.9200000000000728,3500.0,0.9200000000000728,,,21.0,27.0,27.0,68.24,69.02,88.0,11.5,0.5408695652173913,0.0,0,0.9600000000000364,,
2026-05-23,20.14,logs/5-23 20.14/log0003.csv,26,post_dfco,10039.68,3580.0,-3.49,82.0,,,,,,,5.36,0.9200000000000728,3313.0,0.9200000000000728,,,5.0,26.0,26.0,69.41,75.29,84.0,10.46,0.5124282982791587,0.0,0,1.0799999999999272,,
2026-05-23,20.14,logs/5-23 20.14/log0003.csv,27,post_partial,10078.08,3376.0,2.6,85.0,,,,,,,6.22,0.9200000000000728,3442.0,0.9200000000000728,,,24.0,27.0,27.0,68.63,69.41,87.0,10.68,0.5823970037453183,0.0,0,0.960000000000946,,
2026-05-23,20.14,logs/5-23 20.14/log0003.csv,28,post_dfco,10358.4,3280.0,-1.75,83.0,,,,,,,9.27,1.9200000000000728,3428.0,1.9200000000000728,,,20.0,27.0,28.0,68.63,70.2,86.0,10.93,0.848124428179323,0.0,0,2.0,,
2026-05-23,20.14,logs/5-23 20.14/log0003.csv,29,post_partial,10550.72,2696.0,1.73,68.0,,,,,,,12.61,4.520000000000437,3168.0,4.520000000000437,,,24.0,30.0,31.0,70.59,74.9,81.0,9.16,1.3766375545851528,0.0,0,4.8400000000001455,,
2026-05-23,20.14,logs/5-23 20.14/log0003.csv,30,post_partial,10781.52,3003.0,0.72,76.0,,,,,,,6.81,1.1999999999989086,3059.0,1.1999999999989086,,,21.0,28.0,29.0,71.76,72.55,78.0,8.9,0.7651685393258426,0.0,0,1.319999999999709,,
2026-05-23,20.14,logs/5-23 20.14/log0003.csv,31,post_partial,10791.44,3344.0,0.57,85.0,,,,,,,9.71,1.039999999999054,3446.0,1.039999999999054,,,20.0,28.0,28.0,68.24,69.41,88.0,11.55,0.8406926406926407,0.0,0,1.1999999999989086,,
2026-05-23,20.14,logs/5-23 20.14/log0003.csv,32,post_dfco,10972.44,3346.0,-1.32,85.0,,,,,,,8.84,1.639999999999418,3484.0,1.639999999999418,,,20.0,27.0,28.0,68.24,69.41,88.0,11.27,0.7843833185448092,0.0,0,1.680000000000291,,
2026-05-23,20.14,logs/5-23 20.14/log0003.csv,33,post_partial,11137.2,3127.0,1.88,79.0,,,,,,,18.26,2.599999999998545,3433.0,2.599999999998545,,,23.0,27.0,29.0,68.24,71.37,88.0,11.8,1.5474576271186442,0.0,0,3.039999999999054,,
2026-05-23,20.14,logs/5-23 20.14/log0003.csv,34,post_partial,11144.0,3809.0,9.85,96.0,,,,,,,18.26,1.360000000000582,3987.0,1.360000000000582,,,26.0,23.0,26.0,61.57,72.94,109.0,16.96,1.0766509433962264,0.0,0,4.079999999999927,,
2026-05-23,20.14,logs/5-23 20.14/log0003.csv,35,post_dfco,11199.56,2978.0,-0.45,75.0,,,,,,,7.68,2.600000000000364,3219.0,2.600000000000364,,,19.0,28.0,29.0,70.2,72.94,82.0,9.31,0.8249194414607948,0.0,0,2.7600000000002183,,
2026-05-23,20.14,logs/5-23 20.14/log0003.csv,36,post_dfco,11863.84,3795.0,-2.47,62.0,,,,,,,5.94,0.9599999999991268,3995.0,0.9599999999991268,,,16.0,24.0,24.0,69.41,72.16,65.0,16.58,0.3582629674306394,0.0,0,0.9599999999991268,,
2026-05-23,20.14,logs/5-23 20.14/log0003.csv,37,post_partial,12493.2,2784.0,-0.88,70.0,,,,,,,5.65,1.7999999999992724,2875.0,1.7999999999992724,,,19.0,28.0,29.0,74.12,74.9,73.0,8.38,0.6742243436754176,0.0,0,2.2399999999997817,,
2026-05-23,20.14,logs/5-23 20.14/log0003.csv,38,post_partial,12495.6,2918.0,4.92,74.0,,,,,,,12.46,1.680000000000291,3100.0,1.680000000000291,,,29.0,30.0,30.0,71.37,73.73,78.0,9.26,1.345572354211663,0.0,0,1.7199999999993452,,
2026-05-23,20.14,logs/5-23 20.14/log0003.csv,39,post_partial,12507.0,3271.0,-0.88,82.0,,,,,,,17.1,2.1200000000008004,3450.0,2.1200000000008004,,,20.0,28.0,28.0,56.47,70.2,90.0,12.67,1.349644830307814,0.0,0,3.0799999999999272,,
2026-05-23,20.14,logs/5-23 20.14/log0003.csv,40,post_dfco,12537.64,3650.0,-1.9,70.0,,,,,,,10.29,3.5600000000013097,3086.0,3.5600000000013097,,,13.0,29.0,29.0,71.76,74.9,78.0,8.76,1.1746575342465753,0.0,0,3.640000000001237,,
2026-05-23,20.14,logs/5-23 20.14/log0003.csv,41,post_partial,12804.88,3140.0,3.76,79.0,,,,,,,17.68,3.400000000001455,3589.0,3.400000000001455,,,26.0,28.0,29.0,67.45,71.37,91.0,12.6,1.4031746031746033,0.0,0,3.4800000000013824,,
2026-05-23,20.14,logs/5-23 20.14/log0003.csv,42,post_partial,12942.2,3016.0,0.28,76.0,,,,,,,6.08,1.7999999999992724,3164.0,1.7999999999992724,,,20.0,28.0,28.0,70.98,72.55,80.0,9.06,0.6710816777041942,0.0,0,1.7999999999992724,,
2026-05-23,20.14,logs/5-23 20.14/log0003.csv,43,post_partial,12973.56,3376.0,1.88,85.0,,,,,,,18.26,1.7600000000002185,3571.0,1.7600000000002185,,,23.0,27.0,28.0,56.08,75.69,93.0,13.77,1.3260711692084242,0.0,0,2.600000000000364,,
2026-05-23,20.14,logs/5-23 20.14/log0003.csv,44,post_partial,13045.88,2889.0,0.86,73.0,,,,,,,7.97,1.5600000000013097,3018.0,1.5600000000013097,,,20.0,29.0,30.0,72.16,74.12,76.0,8.97,0.8885172798216275,0.0,0,1.7600000000002185,,
2026-05-23,20.14,logs/5-23 20.14/log0003.csv,45,post_partial,13084.44,3206.0,-0.01,81.0,,,,,,,17.68,2.279999999998836,3478.0,2.279999999998836,,,20.0,27.0,29.0,58.04,70.59,88.0,12.7,1.3921259842519689,0.0,0,2.5199999999986176,,
2026-05-23,20.14,logs/5-23 20.14/log0003.csv,46,post_dfco,13758.48,3247.0,-2.04,82.0,,,,,,,8.11,2.280000000000655,3352.0,2.280000000000655,,,20.0,27.0,27.0,69.41,70.59,85.0,10.72,0.7565298507462686,0.0,0,2.360000000000582,,
2026-05-25,20.15,logs/5-25 20.15/log0001.csv,0,post_dfco,260.84,3582.0,-7.69,26.0,,,,,,,12.46,3.240000000000009,4750.0,3.240000000000009,,,6.0,7.0,7.0,69.41,75.29,47.0,15.26,0.81651376146789,0.0,0,3.2800000000000296,,
2026-05-25,20.15,logs/5-25 20.15/log0001.csv,1,post_dfco,264.56,4343.0,-9.43,48.0,,,,0.160000000000025,3987.0,6.52,19.42,0.8000000000000114,4420.0,0.8000000000000114,,0.6399999999999864,7.0,7.0,7.0,58.04,70.98,57.0,18.37,1.0571584104518237,0.0,0,1.2799999999999727,,
2026-05-25,20.15,logs/5-25 20.15/log0001.csv,2,post_dfco,266.24,4957.0,-9.87,58.0,,,,0.1999999999999886,3591.0,8.55,18.12,1.240000000000009,3972.0,1.240000000000009,,1.0400000000000205,7.0,6.0,8.0,64.31,74.51,66.0,17.89,1.0128563443264391,0.0,0,1.6399999999999864,,
2026-05-25,20.15,logs/5-25 20.15/log0001.csv,3,post_dfco,305.96,3125.0,-7.4,53.0,,,,,,,7.53,2.080000000000041,3678.0,2.080000000000041,,,6.0,7.0,7.0,73.33,75.69,60.0,14.15,0.5321554770318021,0.0,0,2.240000000000009,,
2026-05-25,20.15,logs/5-25 20.15/log0001.csv,4,post_dfco,603.6,4003.0,-10.16,28.0,,,,,,,6.23,1.6000000000000227,3726.0,1.6000000000000227,,,8.0,7.0,8.0,72.94,77.25,39.0,14.91,0.4178403755868545,0.0,0,2.0,,
2026-05-26,20.15,logs/5-26 20.15/log0001.csv,0,post_dfco,36969.04,2541.0,-0.8796999999999997,31.0686,,,,,,,6.805300000000003,3.040000000000873,3461.5,3.040000000000873,,,19.0,27.0,28.0,68.2353,74.902,42.2532,12.2934,0.5535734621829602,0.0,0,3.12000000000262,,
2026-05-28,20.15,logs/5-28 20.15/log0001.csv,0,post_dfco,328.96,3069.0,-1.17,37.0,,,,,,,12.61,2.480000000000018,3987.0,2.480000000000018,,,16.0,24.0,27.0,69.41,76.08,49.0,16.96,0.7435141509433961,0.0,0,2.640000000000043,,
2026-05-28,20.15,logs/5-28 20.15/log0001.csv,1,post_dfco,1016.64,3090.0,-6.1,80.0,,,,,,,5.36,1.5199999999999818,3259.0,1.5199999999999818,,,3.0,26.0,26.0,69.8,72.16,83.0,10.34,0.5183752417794971,0.0,0,1.5600000000000591,,
2026-05-28,20.15,logs/5-28 20.15/log0001.csv,2,post_dfco,1938.72,3012.0,-0.59,76.0,,,,,,,5.65,2.160000000000082,3088.0,2.160000000000082,,,20.0,27.0,28.0,71.37,72.94,79.0,9.55,0.5916230366492147,0.0,0,2.3599999999999,,
2026-05-28,20.15,logs/5-28 20.15/log0001.csv,3,post_partial,1941.48,3127.0,5.79,80.0,,,,,,,9.13,1.2000000000000457,3209.0,1.2000000000000457,,,28.0,29.0,29.0,70.2,71.37,82.0,10.12,0.9021739130434784,0.0,0,1.400000000000091,,
2026-05-28,20.15,logs/5-28 20.15/log0001.csv,4,post_dfco,2237.52,3469.0,-4.5,59.0,,,,,,,16.23,2.119999999999891,4119.0,2.119999999999891,,,17.0,21.0,27.0,66.27,74.12,78.0,16.75,0.9689552238805972,0.0,0,4.2800000000002,,
2026-05-28,20.15,logs/5-28 20.15/log0001.csv,5,post_dfco,2243.68,3236.0,-6.53,80.0,,,,,,,5.36,1.400000000000091,3242.0,1.400000000000091,,,3.0,26.0,26.0,69.8,74.9,82.0,10.27,0.52190847127556,0.0,0,1.4400000000000546,,
2026-05-28,20.15,logs/5-28 20.15/log0001.csv,6,post_partial,2348.64,2840.0,-0.15,72.0,,,,,,,12.17,3.2800000000002,3163.0,3.2800000000002,,,20.0,30.0,30.0,70.59,74.51,81.0,10.1,1.204950495049505,0.0,0,3.8400000000001455,,
2026-05-28,20.15,logs/5-28 20.15/log0001.csv,7,post_partial,2726.56,3168.0,5.21,80.0,,,,,,,7.53,0.6399999999998727,3226.0,0.6399999999998727,,,28.0,28.0,28.0,70.2,70.98,81.0,9.72,0.7746913580246914,0.0,0,0.7200000000002547,,
2026-05-28,20.15,logs/5-28 20.15/log0001.csv,8,post_partial,3064.04,3000.0,2.75,76.0,,,,,,,6.66,2.480000000000018,3131.0,2.480000000000018,,,26.0,29.0,29.0,71.37,72.94,79.0,9.03,0.7375415282392027,0.0,0,2.480000000000018,,
2026-05-28,20.15,logs/5-28 20.15/log0001.csv,9,post_partial,3415.84,4141.0,3.18,66.0,,,,,,,16.09,0.8399999999996908,4431.0,0.8399999999996908,,,18.0,14.0,20.0,63.53,69.02,76.0,16.48,0.9763349514563108,0.0,0,1.639999999999873,,
2026-05-28,20.15,logs/5-28 20.15/log0001.csv,10,post_dfco,3419.44,3449.0,-5.66,81.0,,,,,,,5.36,0.9600000000000364,3313.0,0.9600000000000364,,,4.0,26.0,26.0,69.41,75.69,84.0,10.61,0.5051837888784166,0.0,0,1.0399999999999636,,
2026-05-28,20.15,logs/5-28 20.15/log0001.csv,11,post_dfco,3501.8,2774.0,-1.02,70.0,,,,,,,6.37,4.480000000000018,3066.0,4.480000000000018,,,19.0,29.0,29.0,72.16,74.9,78.0,8.72,0.7305045871559632,0.0,0,4.679999999999836,,
2026-05-28,20.15,logs/5-28 20.15/log0001.csv,12,post_partial,3888.0,3006.0,1.3,76.0,,,,,,,6.66,1.7600000000002185,3118.0,1.7600000000002185,,,21.0,28.0,29.0,71.37,72.94,79.0,9.25,0.72,0.0,0,1.8400000000001453,,
2026-05-28,20.15,logs/5-28 20.15/log0001.csv,13,post_dfco,3989.96,3704.0,-8.71,60.0,,,,,,,8.26,1.0799999999999272,3918.0,1.0799999999999272,,,3.0,23.0,25.0,70.59,73.73,63.0,15.96,0.5175438596491228,0.0,0,1.1199999999998909,,
2026-05-28,20.15,logs/5-28 20.15/log0001.csv,14,post_partial,4444.84,2876.0,0.86,72.0,,,,,,,8.26,1.9200000000000728,3029.0,1.9200000000000728,,,21.0,30.0,30.0,72.55,74.51,76.0,9.28,0.8900862068965517,0.0,0,2.0,,
2026-05-28,20.15,logs/5-28 20.15/log0001.csv,15,post_partial,4447.44,3048.0,6.23,78.0,,,,,,,16.09,1.6000000000003638,3244.0,1.6000000000003638,,,29.0,29.0,29.0,70.2,72.16,81.0,11.4,1.4114035087719297,0.0,0,1.6400000000003274,,
2026-05-28,20.15,logs/5-28 20.15/log0001.csv,16,post_partial,4762.28,3267.0,1.88,82.0,,,,,,,14.06,2.600000000000364,3468.0,2.600000000000364,,,22.0,28.0,28.0,68.24,70.59,88.0,11.95,1.1765690376569038,0.0,0,2.800000000000182,,
2026-05-28,20.15,logs/5-28 20.15/log0001.csv,17,post_partial,5047.28,3224.0,3.33,81.0,,,,,,,16.67,3.0,3540.0,3.0,,,24.0,28.0,29.0,67.45,70.2,90.0,12.46,1.3378812199036918,0.0,0,3.1599999999998545,,
2026-05-28,20.15,logs/5-28 20.15/log0001.csv,18,post_dfco,5062.6,3339.0,-5.23,57.0,,,,,,,15.65,1.7999999999992724,3916.0,1.7999999999992724,,,24.0,25.0,28.0,67.45,75.69,64.0,16.4,0.9542682926829268,0.0,0,1.9200000000000728,,
2026-05-28,20.15,logs/5-28 20.15/log0001.csv,19,post_dfco,5068.72,3196.0,-6.1,76.0,,,,,,,6.37,1.5999999999994543,3095.0,1.5999999999994543,,,3.0,27.0,27.0,71.76,72.94,78.0,9.05,0.703867403314917,0.0,0,1.5999999999994543,,
2026-05-28,20.15,logs/5-28 20.15/log0001.csv,20,post_dfco,5461.4,2518.0,-1.02,41.0,,,,,,,5.07,2.5600000000004,2913.0,2.5600000000004,,,19.0,28.0,28.0,73.73,74.9,48.0,8.52,0.5950704225352114,0.0,0,2.7200000000002547,,
2026-05-28,20.15,logs/5-28 20.15/log0001.csv,21,post_partial,6989.2,2682.0,0.43,68.0,,,,,,,6.52,4.3200000000006185,2934.0,4.3200000000006185,,,20.0,29.0,29.0,73.73,74.9,75.0,8.26,0.7893462469733656,0.0,0,4.640000000000327,,
2026-05-28,20.15,logs/5-28 20.15/log0001.csv,22,post_dfco,7153.76,3127.0,-4.07,79.0,,,,,,,12.46,2.319999999999709,3356.0,2.319999999999709,,,17.0,28.0,28.0,69.02,71.76,85.0,12.05,1.0340248962655605,0.0,0,2.5599999999994907,,
2026-05-28,20.15,logs/5-28 20.15/log0001.csv,23,post_partial,7526.52,2616.0,1.3,66.0,,,,,,,18.7,9.55999999999949,3357.0,9.55999999999949,,,21.0,29.0,30.0,68.63,74.9,89.0,11.68,1.601027397260274,0.0,0,10.8799999999992,,
2026-05-28,20.15,logs/5-28 20.15/log0001.csv,24,post_partial,7718.84,3265.0,2.02,83.0,,,,,,,12.32,2.119999999999891,3417.0,2.119999999999891,,,23.0,28.0,28.0,68.63,70.2,87.0,11.71,1.0520922288642185,0.0,0,2.2799999999997453,,
2026-05-28,20.15,logs/5-28 20.15/log0001.csv,25,post_partial,8057.0,2654.0,-0.15,66.0,,,,,,,5.65,2.7600000000002183,2828.0,2.7600000000002183,,,19.0,29.0,29.0,74.9,74.9,72.0,7.84,0.7206632653061225,0.0,0,3.1599999999998545,,
2026-05-28,20.15,logs/5-28 20.15/log0001.csv,26,post_partial,8089.88,3291.0,0.86,83.0,,,,,,,9.56,2.119999999999891,3447.0,2.119999999999891,,,20.0,27.0,28.0,68.63,69.8,88.0,11.55,0.8277056277056277,0.0,0,2.199999999999818,,
2026-05-28,20.15,logs/5-28 20.15/log0001.csv,27,post_dfco,8108.2,3050.0,-0.73,77.0,,,,,,,6.37,2.119999999999891,3167.0,2.119999999999891,,,19.0,28.0,28.0,70.59,72.16,80.0,9.66,0.6594202898550725,0.0,0,2.1599999999998545,,
2026-05-28,20.15,logs/5-28 20.15/log0001.csv,28,post_partial,8149.88,3117.0,0.57,79.0,,,,,,,9.27,2.3599999999996726,3274.0,2.3599999999996726,,,20.0,28.0,28.0,69.8,71.37,83.0,10.36,0.8947876447876448,0.0,0,2.6400000000003274,,
2026-05-28,20.15,logs/5-28 20.15/log0001.csv,29,post_dfco,8246.2,3080.0,-1.89,78.0,,,,,,,17.39,3.279999999998836,3415.0,3.279999999998836,,,20.0,28.0,29.0,68.24,71.76,89.0,12.52,1.3889776357827477,0.0,0,3.9200000000000728,,
2026-05-28,20.15,logs/5-28 20.15/log0001.csv,30,post_dfco,8684.68,2644.0,-1.89,67.0,,,,,,,8.11,3.039999999999054,2877.0,3.039999999999054,,,18.0,30.0,30.0,74.12,74.9,73.0,8.51,0.9529964747356052,0.0,0,3.1599999999998545,,
2026-05-28,20.15,logs/5-28 20.15/log0001.csv,31,post_partial,9164.96,3472.0,0.72,42.0,,,,,,,8.98,1.1600000000016737,3912.0,1.1600000000016737,,,21.0,25.0,26.0,70.98,74.51,47.0,15.45,0.5812297734627833,0.0,0,1.1600000000016737,,
2026-05-28,20.15,logs/5-28 20.15/log0001.csv,32,post_dfco,9167.56,2984.0,-7.11,48.0,,,,,,,16.81,4.159999999999855,3982.0,4.159999999999855,,,2.0,23.0,28.0,60.0,73.33,72.0,16.52,1.0175544794188862,-1.4,1,5.600000000000364,,
2026-05-28,20.15,logs/5-28 20.15/log0001.csv,33,post_partial,9194.8,3157.0,3.62,80.0,,,,,,,7.39,1.0,3269.0,1.0,,,26.0,28.0,28.0,70.2,70.98,83.0,10.01,0.7382617382617382,0.0,0,1.0400000000008731,,
2026-05-30,20.16,logs/5-30 20.16/log0001.csv,0,post_dfco,1030.56,4696.0,-7.55,29.0,,,,0.1200000000001182,4190.0,4.05,12.46,0.9200000000000728,3800.0,0.9200000000000728,,0.7999999999999545,2.0,15.0,15.0,71.37,79.22,37.0,18.0,0.6922222222222223,0.0,0,0.9200000000000728,,
2026-05-30,20.16,logs/5-30 20.16/log0001.csv,1,post_dfco,1068.36,3436.0,-1.6,41.0,,,,,,,17.68,2.560000000000173,4923.0,2.560000000000173,,,20.0,4.0,26.0,65.88,76.08,61.0,17.9,0.987709497206704,0.0,0,2.759999999999991,,
2026-05-30,20.16,logs/5-30 20.16/log0001.csv,2,post_dfco,1071.44,5413.0,-9.58,62.0,,,,0.1599999999998544,4624.0,9.42,18.26,0.599999999999909,4019.0,0.599999999999909,,0.4400000000000545,2.0,12.0,19.0,63.53,73.73,80.0,18.28,0.99890590809628,0.0,0,3.119999999999891,,
2026-05-30,20.16,logs/5-30 20.16/log0001.csv,3,post_partial,1352.2,2981.0,2.46,75.0,,,,,,,7.97,1.1199999999998909,3048.0,1.1199999999998909,,,26.0,29.0,29.0,79.22,80.0,77.0,15.91,0.5009428032683847,0.0,0,1.2000000000000457,,
2026-05-30,20.16,logs/5-30 20.16/log0001.csv,4,post_partial,1362.8,3055.0,2.6,77.0,,,,,,,19.28,2.6400000000001,3356.0,2.6400000000001,,,25.0,28.0,29.0,65.88,79.61,94.0,17.7,1.0892655367231638,0.0,0,5.0,,
2026-05-30,20.16,logs/5-30 20.16/log0001.csv,5,post_dfco,2211.12,2772.0,-8.42,20.0,,,,,,,14.64,3.8400000000001455,4614.0,3.8400000000001455,,,3.0,11.0,29.0,64.71,80.0,45.0,15.48,0.9457364341085271,0.0,0,3.880000000000109,,
2026-05-30,20.16,logs/5-30 20.16/log0001.csv,6,post_dfco,2399.4,2385.0,-2.62,0.0,,,,,,,5.5,2.360000000000128,4575.0,2.360000000000128,,,3.0,16.0,29.0,69.41,80.0,25.0,15.72,0.3498727735368956,0.0,0,2.360000000000128,,
2026-05-30,20.16,logs/5-30 20.16/log0001.csv,7,post_dfco,2402.36,4112.0,-8.56,27.0,,,,0.1599999999998544,3697.0,4.49,13.04,1.2799999999997451,3895.0,1.2799999999997451,,1.1199999999998909,3.0,25.0,25.0,69.41,80.0,39.0,17.72,0.7358916478555305,0.0,0,1.319999999999709,,
2026-05-30,20.16,logs/5-30 20.16/log0001.csv,8,post_dfco,2404.2,3714.0,-9.0,40.0,,,,,,,9.13,0.8000000000001819,3702.0,0.8000000000001819,,,3.0,23.0,24.0,72.94,77.65,45.0,17.41,0.52441125789776,0.0,0,0.8800000000001091,,
2026-06-07,20.17a,logs/6-7 BIG 20.17a fixed/log0001.csv,0,post_dfco,3861.0,3845.0,-10.16,26.0,,,,,,,6.23,1.9600000000000364,3807.0,1.9600000000000364,,,3.0,25.0,26.0,68.24,80.0,38.0,17.21,0.3619988378849506,0.0,0,2.039999999999964,,
2026-06-07,20.17a,logs/6-7 BIG 20.17a fixed/log0001.csv,1,post_dfco,3863.92,3300.0,-6.82,40.0,,,,,,,5.07,1.2799999999997451,3717.0,1.2799999999997451,,,4.0,25.0,25.0,68.63,73.73,45.0,17.08,0.2968384074941452,0.0,0,1.319999999999709,,
2026-06-07,20.17a,logs/6-7 BIG 20.17a fixed/log0001.csv,2,post_dfco,4286.64,4515.0,-5.52,56.0,,,,,,,14.35,1.1199999999998909,5153.0,1.1199999999998909,,,3.0,4.0,8.0,68.63,71.37,66.0,15.92,0.9013819095477388,0.0,0,1.7199999999993452,,
2026-06-07,20.17a,logs/6-7 BIG 20.17a fixed/log0001.csv,3,post_dfco,4289.4,3887.0,-6.24,66.0,,,,,,,18.55,1.1200000000008004,4412.0,1.1200000000008004,,,5.0,15.0,20.0,61.96,75.69,75.0,18.06,1.0271317829457365,0.0,0,1.7600000000002185,,
2026-06-07,20.17a,logs/6-7 BIG 20.17a fixed/log0001.csv,4,post_dfco,4603.44,1907.0,-0.73,6.0,,,,,,,9.71,2.6400000000003274,5323.0,2.6400000000003274,,,12.0,4.0,24.0,70.2,80.0,27.0,16.08,0.6038557213930349,0.0,0,2.6400000000003274,,
2026-06-07,20.17a,logs/6-7 BIG 20.17a fixed/log0001.csv,5,post_dfco,4606.64,4269.0,-7.84,30.0,,,,0.1599999999998544,3344.0,5.5,18.99,1.4799999999995634,4305.0,1.4799999999995634,,1.319999999999709,2.0,19.0,25.0,60.0,80.0,50.0,18.46,1.0287107258938244,0.0,0,2.2399999999997817,,
2026-06-07,20.17a,logs/6-7 BIG 20.17a fixed/log0001.csv,6,post_dfco,4609.32,4894.0,-7.55,51.0,,,,0.1199999999998908,3959.0,6.52,19.71,0.7200000000002547,4687.0,0.7200000000002547,,0.6000000000003638,2.0,9.0,10.0,57.25,73.33,62.0,18.49,1.0659816116819905,0.0,0,1.480000000000473,,
2026-06-07,20.17a,logs/6-7 BIG 20.17a fixed/log0001.csv,7,post_dfco,4611.28,4511.0,-6.1,63.0,,,,0.1599999999998544,3823.0,6.81,17.68,1.0,4154.0,1.0,,0.8400000000001455,2.0,19.0,20.0,61.96,72.16,68.0,18.14,0.9746416758544652,0.0,0,1.1199999999998909,,
2026-06-07,20.17a,logs/6-7 BIG 20.17a fixed/log0001.csv,8,post_partial,10663.72,3092.0,0.14,50.0,,,,,,,10.29,2.360000000000582,3649.0,2.360000000000582,,,20.0,28.0,28.0,68.24,77.25,58.0,17.04,0.6038732394366197,0.0,0,2.400000000001455,,
2026-06-07,20.17a,logs/6-7 BIG 20.17a fixed/log0001.csv,9,post_partial,10799.64,3198.0,0.72,80.0,,,,,,,5.21,1.0799999999999272,3266.0,1.0799999999999272,,,20.0,27.0,28.0,74.51,76.08,83.0,16.73,0.3114166168559474,0.0,0,1.1599999999998545,,
2026-06-07,20.17a,logs/6-7 BIG 20.17a fixed/log0001.csv,10,post_partial,11023.08,3748.0,0.86,45.0,,,,,,,16.38,1.559999999999491,4537.0,1.559999999999491,,,17.0,12.0,24.0,63.14,69.8,60.0,16.37,1.0006108735491752,0.0,0,2.360000000000582,,
2026-06-07,20.17a,logs/6-7 BIG 20.17a fixed/log0001.csv,11,post_dfco,11026.88,4365.0,-7.26,66.0,,,,,,,16.96,1.2400000000016007,4368.0,1.2400000000016007,,,2.0,15.0,21.0,61.96,68.24,76.0,16.86,1.0059311981020167,0.0,0,2.400000000001455,,
2026-06-07,20.17a,logs/6-7 BIG 20.17a fixed/log0001.csv,12,post_partial,11099.56,2982.0,2.75,75.0,,,,,,,12.61,3.0,3269.0,3.0,,,25.0,29.0,30.0,73.73,78.82,82.0,17.11,0.7369959088252483,0.0,0,3.1200000000008004,,
2026-06-07,20.17a,logs/6-7 BIG 20.17a fixed/log0001.csv,13,post_partial,11514.0,2733.0,1.01,69.0,,,,,,,19.13,6.680000000000291,3200.0,6.680000000000291,,,21.0,29.0,31.0,63.92,80.0,82.0,17.88,1.069910514541387,0.0,0,7.1200000000008,,
2026-06-07,20.17a,logs/6-7 BIG 20.17a fixed/log0001.csv,14,post_partial,12011.04,2927.0,0.86,73.0,,,,,,,9.13,3.2399999999997817,3030.0,3.2399999999997817,,,20.0,29.0,29.0,78.04,80.0,76.0,14.6,0.6253424657534248,0.0,0,3.5199999999986176,,
2026-06-07,20.17a,logs/6-7 BIG 20.17a fixed/log0001.csv,15,post_partial,12384.52,2647.0,1.3,67.0,,,,,,,6.08,3.5599999999994907,2790.0,3.5599999999994907,,,21.0,29.0,29.0,74.9,74.9,71.0,12.24,0.4967320261437908,0.0,0,3.8799999999992,,
2026-06-07,20.17a,logs/6-7 BIG 20.17a fixed/log0001.csv,16,post_partial,14505.56,2809.0,-0.15,71.0,,,,,,,7.39,4.319999999999709,3067.0,4.319999999999709,,,19.0,29.0,29.0,77.25,80.0,78.0,15.0,0.4926666666666666,0.0,0,4.440000000000509,,
2026-06-07,20.17a,logs/6-7 BIG 20.17a fixed/log0001.csv,17,post_partial,14620.96,3235.0,3.33,81.0,,,,,,,7.24,1.1600000000016737,3315.0,1.1600000000016737,,,25.0,27.0,28.0,73.73,75.29,83.0,16.63,0.4353577871316897,0.0,0,1.2800000000006548,,
2026-06-07,20.17a,logs/6-7 BIG 20.17a fixed/log0001.csv,18,post_partial,15030.88,3194.0,2.6,80.0,,,,,,,9.85,1.5200000000004366,3299.0,1.5200000000004366,,,24.0,28.0,28.0,73.73,76.08,83.0,16.75,0.5880597014925373,0.0,0,1.5600000000013097,,
2026-06-07,20.17a,logs/6-7 BIG 20.17a fixed/log0001.csv,19,post_partial,15390.64,2886.0,-1.46,73.0,,,,,,,16.38,5.440000000000509,3368.0,5.440000000000509,,,20.0,28.0,29.0,68.63,80.0,88.0,17.18,0.9534342258440046,0.0,0,6.280000000000655,,
2026-06-07,20.17a,logs/6-7 BIG 20.17a fixed/log0001.csv,20,post_partial,15737.68,2897.0,0.72,73.0,,,,,,,12.03,4.239999999999782,3219.0,4.239999999999782,,,20.0,29.0,30.0,75.29,79.61,81.0,16.68,0.7212230215827338,0.0,0,4.360000000000582,,
2026-06-07,20.17a,logs/6-7 BIG 20.17a fixed/log0001.csv,21,post_dfco,15805.84,2780.0,-0.88,70.0,,,,,,,7.97,2.9200000000000728,2970.0,2.9200000000000728,,,19.0,29.0,30.0,78.82,80.0,75.0,14.98,0.5320427236315086,0.0,0,3.0799999999999272,,
2026-06-07,20.17a,logs/6-7 BIG 20.17a fixed/log0001.csv,22,post_partial,15809.88,3057.0,4.78,76.0,,,,,,,10.72,2.200000000000728,3251.0,2.200000000000728,,,28.0,29.0,30.0,74.9,78.04,82.0,16.66,0.6434573829531813,0.0,0,2.320000000001528,,
2026-06-07,20.17a,logs/6-7 BIG 20.17a fixed/log0001.csv,23,post_partial,16063.36,2998.0,0.28,76.0,,,,,,,6.66,1.680000000000291,3090.0,1.680000000000291,,,20.0,28.0,28.0,76.86,78.43,78.0,15.89,0.4191315292636878,0.0,0,1.7999999999992724,,
2026-06-07,20.17a,logs/6-7 BIG 20.17a fixed/log0001.csv,24,post_partial,16066.88,3141.0,3.62,80.0,,,,,,,5.21,0.6000000000003638,3182.0,0.6000000000003638,,,25.0,27.0,27.0,75.69,76.47,80.0,16.31,0.319435928877989,0.0,0,0.7200000000011642,,
2026-06-07,20.17a,logs/6-7 BIG 20.17a fixed/log0001.csv,25,post_dfco,16141.96,3233.0,-1.75,81.0,,,,,,,13.77,2.9200000000000728,3448.0,2.9200000000000728,,,20.0,28.0,28.0,70.59,76.86,88.0,16.97,0.8114319387153801,0.0,0,3.0800000000017462,,
2026-06-07,20.17a,logs/6-7 BIG 20.17a fixed/log0001.csv,26,post_dfco,16183.8,2829.0,-1.02,71.0,,,,,,,8.69,3.400000000001455,3046.0,3.400000000001455,,,18.0,30.0,30.0,77.65,80.0,77.0,15.59,0.5574085952533675,0.0,0,3.680000000000291,,
2026-06-07,20.17a,logs/6-7 BIG 20.17a fixed/log0001.csv,27,post_partial,16232.0,2567.0,1.59,65.0,,,,,,,10.58,5.959999999999127,2991.0,5.959999999999127,,,22.0,30.0,31.0,78.04,80.0,78.0,15.04,0.7034574468085106,0.0,0,7.200000000000728,,
2026-06-07,20.17a,logs/6-7 BIG 20.17a fixed/log0001.csv,28,post_partial,16920.08,2912.0,1.3,73.0,,,,,,,8.98,3.1999999999970896,3137.0,3.1999999999970896,,,23.0,29.0,30.0,76.08,80.0,80.0,15.73,0.5708836617927527,0.0,0,3.559999999997672,,
2026-06-07,20.17a,logs/6-7 BIG 20.17a fixed/log0001.csv,29,post_dfco,17064.92,3847.0,-3.34,64.0,,,,,,,7.82,1.2000000000007276,4128.0,1.2000000000007276,,,5.0,21.0,22.0,69.41,72.16,66.0,16.53,0.4730792498487598,0.0,0,1.2000000000007276,,
2026-06-07,20.17a,logs/6-7 BIG 20.17a fixed/log0001.csv,30,post_dfco,84331.56,4379.0,-5.81,53.0,,,,,,,11.45,0.8399999999965075,4818.0,0.8399999999965075,,,2.0,7.0,10.0,69.02,73.33,58.0,15.98,0.7165206508135168,0.0,0,0.8399999999965075,,
2026-06-07,20.17a,logs/6-7 BIG 20.17a fixed/log0001.csv,31,post_dfco,84458.88,2289.0,-0.88,58.0,,,,,,,5.94,5.319999999992433,2646.0,5.319999999992433,,,19.0,28.0,29.0,74.9,74.9,69.0,11.63,0.5107480653482374,0.0,0,6.239999999990687,,
2026-06-07,20.17a,logs/6-7 BIG 20.17a fixed/log0001.csv,32,post_partial,84999.76,2452.0,0.72,62.0,,,,,,,5.07,2.200000000011641,2561.0,2.200000000011641,,,22.0,28.0,28.0,74.9,74.9,65.0,9.7,0.522680412371134,0.0,0,2.320000000006985,,
2026-06-07,20.17a,logs/6-7 BIG 20.17a fixed/log0001.csv,33,post_dfco,85007.64,2573.0,-1.75,65.0,,,,,,,6.37,2.8399999999965075,2700.0,2.8399999999965075,,,16.0,28.0,28.0,74.9,74.9,68.0,12.49,0.5100080064051241,0.0,0,2.960000000006403,,
2026-06-07,20.17a,logs/6-7 BIG 20.17a fixed/log0001.csv,34,post_partial,85111.6,2971.0,1.73,75.0,,,,,,,5.36,1.5599999999976717,3038.0,1.5599999999976717,,,23.0,28.0,28.0,77.25,79.22,78.0,14.74,0.3636363636363636,0.0,0,1.7200000000011642,,
2026-06-07,20.17a,logs/6-7 BIG 20.17a fixed/log0001.csv,35,post_partial,85452.96,3185.0,6.37,80.0,,,,,,,11.74,1.7999999999883585,3263.0,1.7999999999883585,,,28.0,29.0,29.0,74.51,76.08,83.0,16.69,0.7034152186938286,0.0,0,1.8799999999901047,,
2026-06-07,20.17a,logs/6-7 BIG 20.17a fixed/log0001.csv,36,post_dfco,86351.92,3759.0,-5.37,60.0,,,,,,,9.71,1.1199999999953434,3917.0,1.1199999999953434,,,3.0,23.0,25.0,69.02,70.98,63.0,17.11,0.5675043834015197,0.0,0,1.1199999999953434,,
2026-06-07,20.17a,logs/6-7 BIG 20.17a fixed/log0001.csv,37,post_dfco,86367.72,2626.0,-1.02,66.0,,,,,,,6.66,2.3999999999941792,2765.0,2.3999999999941792,,,18.0,28.0,29.0,80.0,80.0,71.0,14.7,0.4530612244897959,-4.2,1,2.679999999993015,,
2026-06-07,20.17a,logs/6-7 BIG 20.17a fixed/log0001.csv,38,post_dfco,86758.72,3845.0,-1.17,38.0,,,,,,,14.35,1.7200000000011642,4926.0,1.7200000000011642,,,16.0,5.0,19.0,69.02,71.37,49.0,15.95,0.8996865203761756,0.0,0,1.7200000000011642,,
2026-06-07,20.17a,logs/6-7 BIG 20.17a fixed/log0001.csv,39,post_dfco,86761.52,4675.0,-5.52,53.0,,,,,,,18.99,0.8799999999901047,4906.0,0.8799999999901047,,,2.0,5.0,10.0,58.43,69.02,66.0,18.11,1.048591938155715,0.0,0,1.8000000000029104,,
2026-06-07,20.17a,logs/6-7 BIG 20.17a fixed/log0001.csv,40,post_dfco,86764.08,4253.0,-7.84,67.0,,,,,,,18.12,1.0,4399.0,1.0,,,2.0,14.0,19.0,60.0,68.63,80.0,18.1,1.0011049723756906,0.0,0,2.639999999999418,,
2026-06-07,20.17a,logs/6-7 BIG 20.17a fixed/log0001.csv,41,post_dfco,86887.04,2775.0,-1.31,70.0,,,,,,,5.21,2.400000000008731,2946.0,2.400000000008731,,,18.0,28.0,28.0,79.22,80.0,75.0,13.85,0.376173285198556,-1.4,1,2.5200000000040745,,
2026-06-07,20.17a,logs/6-7 BIG 20.17a fixed/log0001.csv,42,post_partial,86962.4,2664.0,1.73,67.0,,,,,,,8.84,3.720000000001164,2834.0,3.720000000001164,,,22.0,30.0,30.0,80.0,80.0,73.0,14.28,0.6190476190476191,-1.4,1,4.2000000000116415,,
2026-06-07,20.17a,logs/6-7 BIG 20.17a fixed/log0001.csv,43,post_partial,86967.36,2908.0,6.95,74.0,,,,,,,9.85,1.9600000000064028,3055.0,1.9600000000064028,,,29.0,30.0,30.0,77.65,79.61,78.0,14.95,0.6588628762541806,0.0,0,2.679999999993015,,
2026-06-07,20.17a,logs/6-7 BIG 20.17a fixed/log0001.csv,44,post_partial,86979.4,3224.0,5.94,81.0,,,,,,,7.68,0.6399999999994179,3240.0,0.6399999999994179,,,27.0,28.0,28.0,74.9,75.69,82.0,16.79,0.4574151280524121,0.0,0,0.7200000000011642,,
2026-06-07,20.17a,logs/6-7 BIG 20.17a fixed/log0001.csv,45,post_partial,87580.0,2705.0,0.28,68.0,,,,,,,7.24,2.8399999999965075,2868.0,2.8399999999965075,,,21.0,29.0,30.0,80.0,80.0,73.0,13.0,0.556923076923077,0.0,0,2.9199999999982538,,
2026-06-07,20.17a,logs/6-7 BIG 20.17a fixed/log0001.csv,46,post_partial,87623.88,2993.0,2.46,76.0,,,,,,,5.07,0.8399999999965075,3069.0,0.8399999999965075,,,23.0,27.0,27.0,76.86,78.82,78.0,15.49,0.3273079406068431,0.0,0,0.8799999999901047,,
2026-06-07,20.17a,logs/6-7 BIG 20.17a fixed/log0001.csv,47,post_dfco,87643.44,3133.0,-0.88,80.0,,,,,,,6.66,2.1199999999953434,3323.0,2.1199999999953434,,,19.0,27.0,28.0,72.94,76.86,85.0,16.85,0.3952522255192878,0.0,0,2.2399999999906868,,
2026-06-07,20.17a,logs/6-7 BIG 20.17a fixed/log0001.csv,48,post_dfco,87717.88,3384.0,-1.75,85.0,,,,,,,7.97,1.5999999999912689,3467.0,1.5999999999912689,,,20.0,26.0,27.0,70.98,74.51,88.0,16.94,0.4704840613931522,0.0,0,1.639999999999418,,
2026-06-07,20.17a,logs/6-7 BIG 20.17a fixed/log0001.csv,49,post_partial,87733.08,3283.0,0.14,83.0,,,,,,,16.23,4.1600000000034925,3666.0,4.1600000000034925,,,19.0,27.0,28.0,66.27,75.29,93.0,16.96,0.9569575471698112,0.0,0,4.319999999992433,,
2026-06-07,20.17a,logs/6-7 BIG 20.17a fixed/log0001.csv,50,post_dfco,87798.36,3044.0,-1.46,77.0,,,,,,,10.87,3.0,3281.0,3.0,,,20.0,29.0,29.0,74.51,77.25,83.0,16.81,0.6466389054134444,0.0,0,3.0800000000017462,,
2026-06-07,20.17a,logs/6-7 BIG 20.17a fixed/log0001.csv,51,post_partial,87936.88,3252.0,1.73,82.0,,,,,,,6.81,1.2399999999906868,3328.0,1.2399999999906868,,,22.0,27.0,27.0,72.94,75.29,85.0,16.9,0.4029585798816568,0.0,0,1.2799999999988358,,
2026-06-07,20.17a,logs/6-7 BIG 20.17a fixed/log0001.csv,52,post_partial,88135.4,3243.0,0.28,52.0,,,,,,,9.85,1.320000000006985,3481.0,1.320000000006985,,,20.0,27.0,28.0,69.8,76.08,57.0,17.71,0.5561829474872952,0.0,0,1.320000000006985,,
2026-06-07,20.17a,logs/6-7 BIG 20.17a fixed/log0001.csv,53,post_dfco,88162.2,3100.0,-2.33,78.0,,,,,,,5.79,1.8800000000046568,3187.0,1.8800000000046568,,,8.0,27.0,27.0,75.29,76.47,81.0,16.74,0.3458781362007169,-1.4,1,1.919999999998253,,
2026-06-07,20.17a,logs/6-7 BIG 20.17a fixed/log0001.csv,54,post_partial,88779.56,3512.0,3.18,89.0,,,,,,,17.1,1.7200000000011642,3640.0,1.7200000000011642,,,23.0,27.0,27.0,63.14,71.76,94.0,17.34,0.9861591695501732,0.0,0,2.360000000000582,,
2026-06-07,20.17a,logs/6-7 BIG 20.17a fixed/log0001.csv,55,post_partial,89140.96,3089.0,3.62,78.0,,,,,,,15.22,3.719999999986612,3404.0,3.719999999986612,,,26.0,29.0,29.0,71.76,78.04,87.0,16.71,0.9108318372232196,0.0,0,3.79999999998836,,
2026-06-07,20.17a,logs/6-7 BIG 20.17a fixed/log0001.csv,56,post_dfco,89347.48,3187.0,-1.6,81.0,,,,,,,6.66,1.7200000000011642,3268.0,1.7200000000011642,,,20.0,27.0,27.0,74.12,75.69,83.0,16.68,0.3992805755395683,0.0,0,1.7200000000011642,,
2026-06-07,20.17a,logs/6-7 BIG 20.17a fixed/log0001.csv,57,post_dfco,89755.8,3589.0,-2.91,57.0,,,,,,,15.65,2.1999999999970896,4001.0,2.1999999999970896,,,4.0,22.0,26.0,65.88,72.16,65.0,16.31,0.9595340282035562,0.0,0,2.2399999999906868,,
2026-06-07,20.17a,logs/6-7 BIG 20.17a fixed/log0001.csv,58,post_partial,89785.36,3542.0,3.76,89.0,,,,,,,14.49,1.5599999999976717,3689.0,1.5599999999976717,,,24.0,26.0,27.0,69.41,71.76,93.0,16.48,0.879247572815534,0.0,0,1.5599999999976717,,
2026-06-07,20.17a,logs/6-7 BIG 20.17a fixed/log0001.csv,59,post_dfco,186.76,4148.0,-8.56,28.0,,,,,,,7.53,2.0,4122.0,2.0,,,2.0,22.0,25.0,68.63,79.61,41.0,17.04,0.4419014084507042,0.0,0,2.1200000000000045,,
2026-06-07,20.17a,logs/6-7 BIG 20.17a fixed/log0001.csv,60,post_partial,3418.96,3294.0,0.43,39.0,,,,,,,5.07,1.9600000000000364,3899.0,1.9600000000000364,,,21.0,24.0,25.0,69.41,74.51,47.0,16.58,0.3057901085645356,0.0,0,2.0799999999999272,,
2026-06-07,20.17a,logs/6-7 BIG 20.17a fixed/log0001.csv,61,post_dfco,3424.44,3926.0,-8.27,62.0,,,,,,,13.19,2.0,4239.0,2.0,,,2.0,18.0,22.0,70.2,70.2,68.0,16.16,0.8162128712871287,0.0,0,2.0,,
2026-06-07,20.17a,logs/6-7 BIG 20.17a fixed/log0001.csv,62,post_dfco,3875.28,3182.0,-1.46,51.0,,,,,,,5.94,1.4800000000000182,3425.0,1.4800000000000182,,,19.0,26.0,27.0,70.98,76.47,56.0,17.32,0.3429561200923787,0.0,0,1.599999999999909,,
2026-06-07,20.17a,logs/6-7 BIG 20.17a fixed/log0001.csv,63,post_dfco,4080.28,2420.0,-1.02,61.0,,,,,,,11.16,7.0,2923.0,7.0,,,19.0,30.0,31.0,79.61,80.0,74.0,15.62,0.7144686299615878,-1.4,1,7.239999999999782,,
2026-06-07,20.17a,logs/6-7 BIG 20.17a fixed/log0001.csv,64,post_dfco,4174.24,2809.0,-5.52,38.0,,,,,,,10.29,1.6400000000003274,3629.0,1.6400000000003274,,,4.0,27.0,27.0,67.45,80.0,43.0,17.21,0.5979081929110981,-8.4,1,1.7200000000002549,,
2026-06-07,20.17a,logs/6-7 BIG 20.17a fixed/log0001.csv,65,post_dfco,4419.76,2470.0,-1.46,63.0,,,,,,,6.81,5.559999999999491,2812.0,5.559999999999491,,,19.0,29.0,29.0,80.0,80.0,72.0,13.23,0.5147392290249433,0.0,0,6.0,,
2026-06-07,20.17a,logs/6-7 BIG 20.17a fixed/log0001.csv,66,post_partial,4460.68,2655.0,0.72,66.0,,,,,,,5.07,2.519999999999527,2724.0,2.519999999999527,,,21.0,28.0,28.0,74.9,74.9,69.0,11.22,0.4518716577540106,0.0,0,2.5999999999994543,,
2026-06-07,20.17a,logs/6-7 BIG 20.17a fixed/log0001.csv,67,post_dfco,4473.12,3195.0,-4.36,58.0,,,,,,,9.13,1.4000000000005457,3796.0,1.4000000000005457,,,14.0,27.0,27.0,69.02,74.9,62.0,16.77,0.5444245676803817,0.0,0,1.4000000000005457,,
2026-06-07,20.17a,logs/6-7 BIG 20.17a fixed/log0001.csv,68,post_partial,4492.2,2599.0,-0.01,66.0,,,,,,,10.29,4.079999999999927,2961.0,4.079999999999927,,,19.0,30.0,31.0,78.43,80.0,76.0,15.83,0.6500315855969677,0.0,0,4.480000000000473,,
2026-06-07,20.17a,logs/6-7 BIG 20.17a fixed/log0001.csv,69,post_partial,4667.04,2905.0,3.18,73.0,,,,,,,6.37,0.7600000000002183,2975.0,0.7600000000002183,,,25.0,28.0,29.0,78.43,79.61,75.0,15.13,0.4210178453403833,0.0,0,0.8400000000001455,,
2026-06-07,20.17a,logs/6-7 BIG 20.17a fixed/log0001.csv,70,post_dfco,4740.28,2689.0,-5.23,68.0,,,,0.4800000000004729,2678.0,2.46,15.07,4.400000000000546,3078.0,4.400000000000546,,3.9200000000000728,6.0,30.0,31.0,76.08,80.0,78.0,17.08,0.8823185011709603,0.0,0,4.5600000000004,,
2026-06-07,20.17a,logs/6-7 BIG 20.17a fixed/log0001.csv,71,post_partial,4870.6,2727.0,1.88,69.0,,,,,,,6.52,1.4799999999995634,2839.0,1.4799999999995634,,,24.0,29.0,29.0,80.0,80.0,72.0,15.02,0.4340878828229028,0.0,0,1.7199999999993452,,
2026-06-07,20.17a,logs/6-7 BIG 20.17a fixed/log0001.csv,72,post_dfco,4902.48,2779.0,-1.17,70.0,,,,,,,14.35,5.360000000000582,3293.0,5.360000000000582,,,19.0,29.0,30.0,72.94,80.0,83.0,17.15,0.8367346938775511,0.0,0,5.480000000000473,,
2026-06-07,20.17a,logs/6-7 BIG 20.17a fixed/log0001.csv,73,post_partial,5197.24,2250.0,0.28,36.0,,,,,,,6.66,3.8400000000001455,3012.0,3.8400000000001455,,,21.0,29.0,29.0,78.04,80.0,50.0,15.74,0.423125794155019,0.0,0,4.039999999999964,,
2026-06-07,20.17a,logs/6-7 BIG 20.17a fixed/log0001.csv,74,post_partial,5477.88,2824.0,2.02,71.0,,,,,,,5.5,2.1599999999998545,2933.0,2.1599999999998545,,,24.0,29.0,29.0,79.61,79.61,76.0,12.88,0.4270186335403726,0.0,0,2.840000000000145,,
2026-06-07,20.17a,logs/6-7 BIG 20.17a fixed/log0001.csv,75,post_dfco,5886.08,2433.0,-2.91,60.0,,,,,,,5.65,3.600000000000364,2715.0,3.600000000000364,,,7.0,29.0,29.0,74.9,74.9,68.0,12.64,0.4469936708860759,0.0,0,3.680000000000291,,
2026-06-07,20.17a,logs/6-7 BIG 20.17a fixed/log0001.csv,76,post_dfco,6024.84,4403.0,-6.53,52.0,,,,,,,14.06,0.8400000000001455,4691.0,0.8400000000001455,,,5.0,8.0,12.0,67.45,70.59,57.0,16.5,0.8521212121212122,0.0,0,0.9600000000000364,,
2026-06-07,20.17a,logs/6-7 BIG 20.17a fixed/log0001.csv,77,post_partial,6028.76,3979.0,1.59,65.0,,,,,,,16.81,1.0799999999999272,4284.0,1.0799999999999272,,,14.0,17.0,21.0,62.35,70.59,75.0,17.13,0.9813193228254524,0.0,0,2.119999999999891,,
2026-06-07,20.17a,logs/6-7 BIG 20.17a fixed/log0001.csv,78,post_dfco,6034.08,3189.0,-6.1,83.0,,,,,,,8.55,1.440000000000509,3311.0,1.440000000000509,,,5.0,26.0,27.0,72.94,75.29,84.0,16.92,0.5053191489361702,-1.4,1,1.5600000000004002,,
2026-06-07,20.17a,logs/6-7 BIG 20.17a fixed/log0001.csv,79,post_partial,6036.96,3390.0,4.2,85.0,,,,,,,11.59,0.8000000000001819,3430.0,0.8000000000001819,,,23.0,27.0,28.0,70.2,74.9,87.0,17.52,0.6615296803652968,0.0,0,1.0399999999999636,,
2026-06-07,20.17a,logs/6-7 BIG 20.17a fixed/log0001.csv,80,post_dfco,6487.4,2784.0,-1.31,70.0,,,,,,,10.43,3.4400000000005093,2988.0,3.4400000000005093,,,18.0,30.0,31.0,78.43,80.0,77.0,15.89,0.6563876651982379,0.0,0,4.079999999999927,,
2026-06-07,20.17a,logs/6-7 BIG 20.17a fixed/log0001.csv,81,post_partial,6541.76,3042.0,2.17,76.0,,,,,,,10.0,2.519999999999527,3262.0,2.519999999999527,,,24.0,29.0,29.0,74.51,78.43,83.0,16.66,0.6002400960384153,0.0,0,2.639999999999418,,
2026-06-07,20.17a,logs/6-7 BIG 20.17a fixed/log0001.csv,82,post_partial,6593.72,3183.0,4.2,80.0,,,,,,,8.26,0.8400000000001455,3222.0,0.8400000000001455,,,26.0,28.0,28.0,74.12,76.47,81.0,16.93,0.4878913171884229,0.0,0,0.8800000000001091,,
2026-06-07,20.17a,logs/6-7 BIG 20.17a fixed/log0001.csv,83,post_partial,6619.28,3107.0,0.72,78.0,,,,,,,17.97,3.5600000000004,3452.0,3.5600000000004,,,21.0,28.0,29.0,62.35,77.65,90.0,17.46,1.029209621993127,0.0,0,4.480000000000473,,
2026-06-07,20.17a,logs/6-7 BIG 20.17a fixed/log0001.csv,84,post_partial,6739.0,2610.0,0.72,66.0,,,,,,,6.08,3.1599999999998545,2784.0,3.1599999999998545,,,21.0,29.0,29.0,74.9,74.9,71.0,12.48,0.4871794871794871,0.0,0,3.720000000000255,,
2026-06-07,20.17a,logs/6-7 BIG 20.17a fixed/log0001.csv,85,post_dfco,6759.8,2536.0,-1.6,65.0,,,,,,,9.27,5.0,3009.0,5.0,,,15.0,30.0,30.0,77.65,80.0,76.0,15.51,0.597678916827853,0.0,0,5.319999999999709,,
2026-06-07,20.17a,logs/6-7 BIG 20.17a fixed/log0001.csv,86,post_partial,6867.4,2879.0,0.43,73.0,,,,,,,13.77,3.720000000000255,3179.0,3.720000000000255,,,20.0,29.0,30.0,74.9,80.0,81.0,16.84,0.8176959619952494,0.0,0,4.160000000000764,,
2026-06-07,20.17a,logs/6-7 BIG 20.17a fixed/log0001.csv,87,post_partial,7263.16,3468.0,2.31,88.0,,,,,,,6.81,0.7600000000002183,3530.0,0.7600000000002183,,,23.0,27.0,27.0,69.8,72.55,89.0,16.75,0.4065671641791044,0.0,0,0.7600000000002183,,
2026-06-07,20.17a,logs/6-7 BIG 20.17a fixed/log0001.csv,88,post_dfco,7364.56,3330.0,-0.73,84.0,,,,,,,8.11,1.9600000000000364,3406.0,1.9600000000000364,,,20.0,27.0,27.0,72.55,74.51,86.0,16.51,0.4912174439733494,0.0,0,1.9600000000000364,,
2026-06-07,20.17a,logs/6-7 BIG 20.17a fixed/log0001.csv,89,post_partial,7440.28,3091.0,2.89,78.0,,,,,,,17.1,2.840000000000145,3342.0,2.840000000000145,,,24.0,28.0,29.0,67.06,77.65,89.0,17.37,0.9844559585492229,-1.4,1,4.079999999999927,,
2026-06-07,20.17a,logs/6-7 BIG 20.17a fixed/log0001.csv,90,post_partial,7652.96,2653.0,-0.15,66.0,,,,,,,14.35,6.8400000000001455,3155.0,6.8400000000001455,,,19.0,30.0,31.0,75.69,80.0,81.0,16.27,0.8819913952059004,0.0,0,7.600000000000364,,
2026-06-07,20.17a,logs/6-7 BIG 20.17a fixed/log0001.csv,91,post_partial,7833.72,3017.0,1.88,76.0,,,,,,,5.5,1.0399999999999636,3053.0,1.0399999999999636,,,22.0,28.0,28.0,78.04,78.43,77.0,14.74,0.3731343283582089,0.0,0,1.3599999999996726,,
2026-06-07,20.17a,logs/6-7 BIG 20.17a fixed/log0001.csv,92,post_partial,8004.2,3212.0,0.57,81.0,,,,,,,5.36,1.0799999999999272,3262.0,1.0799999999999272,,,20.0,27.0,27.0,74.12,76.86,83.0,16.69,0.3211503894547633,0.0,0,1.0799999999999272,,
2026-06-07,20.17a,logs/6-7 BIG 20.17a fixed/log0001.csv,93,post_partial,8060.44,3153.0,3.18,80.0,,,,,,,6.95,1.0,3218.0,1.0,,,25.0,28.0,28.0,74.9,76.86,81.0,16.66,0.4171668667466987,-1.4,1,1.0399999999999636,,
2026-06-07,20.17a,logs/6-7 BIG 20.17a fixed/log0001.csv,94,post_partial,8171.28,3084.0,0.14,78.0,,,,,,,17.39,3.7600000000002174,3292.0,3.7600000000002174,,,20.0,28.0,29.0,67.06,77.25,86.0,17.55,0.9908831908831908,0.0,0,4.400000000000546,,
2026-06-07,20.17a,logs/6-7 BIG 20.17a fixed/log0001.csv,95,post_partial,8732.12,2969.0,0.43,75.0,,,,,,,7.39,2.279999999998836,3087.0,2.279999999998836,,,20.0,28.0,28.0,76.86,79.22,78.0,15.37,0.4808067664281067,0.0,0,2.5199999999986176,,
2026-06-07,20.17a,logs/6-7 BIG 20.17a fixed/log0001.csv,96,post_partial,8987.68,2960.0,0.28,74.0,,,,,,,5.94,2.1599999999998545,3062.0,2.1599999999998545,,,19.0,28.0,28.0,77.65,79.61,78.0,14.87,0.3994620040349698,0.0,0,2.279999999998836,,
2026-06-07,20.17a,logs/6-7 BIG 20.17a fixed/log0001.csv,97,post_partial,9011.88,2962.0,0.72,75.0,,,,,,,15.8,5.0,3342.0,5.0,,,19.0,29.0,30.0,71.76,79.22,85.0,17.05,0.9266862170087976,0.0,0,5.280000000000655,,
2026-06-07,20.17a,logs/6-7 BIG 20.17a fixed/log0001.csv,98,post_dfco,9038.64,3203.0,-1.17,81.0,,,,,,,12.9,3.5600000000013097,3509.0,3.5600000000013097,,,20.0,28.0,28.0,68.63,75.69,89.0,16.94,0.7615112160566706,0.0,0,3.600000000000364,,
2026-06-07,20.17a,logs/6-7 BIG 20.17a fixed/log0001.csv,99,post_dfco,9173.8,3027.0,-1.75,76.0,,,,,,,11.45,2.360000000000582,3206.0,2.360000000000582,,,19.0,29.0,29.0,74.51,78.43,82.0,17.23,0.6645385954730121,0.0,0,2.720000000001164,,
2026-06-07,20.17a,logs/6-7 BIG 20.17a fixed/log0001.csv,100,post_partial,9326.24,2863.0,-0.73,72.0,,,,,,,13.48,5.920000000000073,3216.0,5.920000000000073,,,19.0,29.0,30.0,74.51,80.0,83.0,16.9,0.7976331360946747,0.0,0,6.800000000001091,,
2026-06-07,20.17a,logs/6-7 BIG 20.17a fixed/log0001.csv,101,post_partial,9387.2,3203.0,4.05,81.0,,,,,,,12.32,1.8799999999992,3357.0,1.8799999999992,,,26.0,28.0,29.0,71.76,76.08,85.0,17.2,0.7162790697674419,0.0,0,2.0799999999999272,,
2026-06-07,20.17a,logs/6-7 BIG 20.17a fixed/log0001.csv,102,post_partial,9392.64,3586.0,6.23,91.0,,,,,,,12.61,0.960000000000946,3666.0,0.960000000000946,,,26.0,26.0,27.0,67.06,70.98,93.0,16.97,0.7430760164997053,0.0,0,1.1200000000008004,,
2026-06-07,20.17a,logs/6-7 BIG 20.17a fixed/log0001.csv,103,post_dfco,9580.8,2998.0,-1.46,76.0,,,,,,,11.16,3.600000000000364,3293.0,3.600000000000364,,,19.0,29.0,29.0,74.51,78.43,83.0,16.81,0.6638905413444379,0.0,0,3.680000000000291,,
2026-06-03,20.17,logs/6-3 20.17/log0001.csv,0,post_dfco,31202.24,2597.0,-0.73,65.0,,,,,,,5.5,3.7599999999983993,2725.0,3.7599999999983993,,,17.0,27.0,28.0,74.9,74.9,70.0,12.34,0.4457050243111831,0.0,0,4.519999999996799,,
2026-06-03,20.17,logs/6-3 20.17/log0001.csv,1,post_partial,31291.2,3283.0,4.34,83.0,,,,,,,10.87,1.4399999999986903,3382.0,1.4399999999986903,,,26.0,28.0,28.0,71.76,74.9,86.0,16.98,0.6401648998822143,0.0,0,1.4399999999986903,,
2026-06-03,20.17,logs/6-3 20.17/log0001.csv,2,post_partial,31293.0,3408.0,9.56,86.0,,,,,,,13.48,0.680000000000291,3469.0,0.680000000000291,,,28.0,27.0,28.0,69.02,72.55,89.0,17.3,0.7791907514450866,0.0,0,1.2799999999988358,,
2026-06-03,20.17,logs/6-3 20.17/log0001.csv,3,post_dfco,31340.72,3655.0,-0.73,56.0,,,,,,,6.08,0.8799999999973807,3644.0,0.8799999999973807,,,8.0,24.0,25.0,68.24,69.41,59.0,17.09,0.3557636044470451,0.0,0,0.9199999999982538,,
2026-06-03,20.17,logs/6-3 20.17/log0001.csv,4,post_partial,31349.64,2835.0,-0.44,71.0,,,,,,,10.14,2.959999999999127,3051.0,2.959999999999127,,,19.0,29.0,29.0,76.86,80.0,78.0,16.35,0.6201834862385321,0.0,0,3.1599999999998545,,
2026-06-03,20.17,logs/6-3 20.17/log0001.csv,5,post_dfco,40347.12,4101.0,-2.33,40.0,,,,,,,14.35,1.5599999999976717,5005.0,1.5599999999976717,,,9.0,4.0,13.0,69.02,72.55,48.0,17.04,0.8421361502347418,0.0,0,1.5599999999976717,,
2026-06-05,20.17a,logs/6-5 20.17a/log0001.csv,0,post_dfco,29411.36,2689.0,-1.6,14.0,,,,,,,9.42,1.8800000000010184,5626.0,1.8800000000010184,,,0.0,0.0,0.0,69.8,80.0,36.0,16.36,0.5757946210268948,0.0,0,2.520000000000437,,
2026-06-05,20.17a,logs/6-5 20.17a/log0001.csv,1,post_dfco,29414.88,3893.0,-3.34,37.0,,,,,,,8.4,1.0799999999981085,4524.0,1.0799999999981085,,,0.0,0.0,0.0,68.24,70.59,44.0,18.11,0.4638321369409166,0.0,0,1.0799999999981085,,
2026-06-05,20.17a,logs/6-5 20.17a/log0001.csv,2,post_partial,29488.52,1578.0,-0.3,7.0,,,,,,,7.68,2.959999999999127,5536.0,2.959999999999127,,,19.0,3.0,22.0,71.37,80.0,30.0,15.37,0.4996746909564086,0.0,0,2.959999999999127,,
2026-06-05,20.17a,logs/6-5 20.17a/log0001.csv,3,post_dfco,29493.24,3262.0,-0.44,34.0,,,,,,,13.77,1.5999999999985448,4557.0,1.5999999999985448,,,9.0,12.0,24.0,67.06,74.12,49.0,17.81,0.7731611454239192,0.0,0,2.1599999999998545,,
2026-06-05,20.17a,logs/6-5 20.17a/log0001.csv,4,post_dfco,29720.2,2425.0,-1.17,24.0,,,,,,,6.95,2.719999999997526,3509.0,2.719999999997526,,,15.0,27.0,28.0,69.41,80.0,34.0,17.38,0.3998849252013809,0.0,0,2.7599999999984,,
2023-03-31,old_2023_base,logs/Older/3-31 black.csv,0,post_dfco,3566.7,4159.0,0.73,31.0,0.3000000000001819,3500.0,5.22,0.3000000000001819,3500.0,5.22,19.59,1.5,4681.0,1.5,1.199999999999818,1.199999999999818,2.0,8.0,20.0,67.45,69.02,54.0,19.0,1.0310526315789474,0.0,0,2.200000000000273,,
2023-03-31,old_2023_base,logs/Older/3-31 black.csv,1,post_dfco,3569.4,4621.0,-3.77,55.0,0.2999999999997271,3866.0,7.4,0.2999999999997271,3866.0,7.4,19.59,1.2999999999997272,4372.0,1.2999999999997272,1.0,1.0,2.0,13.0,14.0,61.96,66.27,66.0,18.98,1.0321390937829291,0.0,0,1.5,,
2023-03-31,old_2023_base,logs/Older/3-31 black.csv,2,post_dfco,47023.0,3080.0,-9.43,24.0,0.0,2676.0,2.32,0.0,2676.0,2.32,19.3,3.0,4697.0,3.0,3.0,3.0,3.0,7.0,30.0,65.88,87.06,56.0,19.42,0.9938208032955717,0.0,0,3.0,,
2023-03-31,old_2023_base,logs/Older/3-31 black.csv,3,post_partial,47027.0,5534.0,-9.43,55.0,0.0,3877.0,11.17,0.0,3877.0,11.17,20.17,1.0,4533.0,1.0,1.0,1.0,2.0,10.0,13.0,63.53,67.06,71.0,19.3,1.045077720207254,0.0,0,2.0,,
2023-03-31,old_2023_base,logs/Older/3-31 black.csv,4,post_dfco,47029.0,5100.0,-9.87,71.0,1.0,3684.0,11.17,1.0,3684.0,11.17,20.31,2.0,4060.0,2.0,1.0,1.0,2.0,20.0,20.0,62.75,67.06,80.0,19.21,1.0572618427902134,-1.41,1,2.0,,
2026-03-21,garn_base,logs/Older/3-21.csv,0,post_dfco,6515.0,2855.0,-4.94,46.0,0.0,2853.0,0.43,0.0,2888.0,0.57,14.49,3.0,3287.0,3.0,3.0,3.0,20.0,30.0,31.0,63.92,79.22,56.0,13.02,1.1129032258064515,-4.2,1,3.0,,
2026-03-21,garn_base,logs/Older/3-21.csv,1,post_dfco,6883.0,3262.0,-2.91,52.0,,,,,,,12.32,3.0,3687.0,3.0,,,2.0,25.0,28.0,67.06,73.73,62.0,13.3,0.9263157894736842,0.0,0,3.0,,
2026-04-01,garn_base,logs/Older/4-1.csv,0,post_dfco,183.76,3738.25,-5.9547,48.0,,,,,,,10.5753,1.0400000000000205,4477.5,1.0400000000000205,,,6.0,6.0,7.0,75.6863,78.0392,54.0,16.7288,0.6321613026636699,0.0,0,1.0800000000000125,,
2026-04-01,garn_base,logs/Older/4-1.csv,1,post_dfco,186.28,3477.25,-6.3897,60.0,,,,,,,8.5453,1.3199999999999932,3971.0,1.3199999999999932,,,6.0,6.0,6.0,77.6471,78.0392,64.0,16.5134,0.5174767158792253,0.0,0,1.3199999999999932,,
2026-04-01,garn_base,logs/Older/4-1.csv,2,post_partial,405.8,3012.5,0.5702,30.0,,,,,,,6.0802,1.6800000000000068,3867.75,1.6800000000000068,,,5.0,8.0,8.0,77.6471,78.0392,38.0,15.2754,0.3980386765649344,0.0,0,1.7199999999999704,,
2026-04-01,garn_base,logs/Older/4-1.csv,3,post_dfco,919.16,3344.0,-6.6798,45.0,,,,,,,18.9852,1.4800000000000182,4549.75,1.4800000000000182,,,2.0,13.0,22.0,63.1373,78.0392,62.0,17.9337,1.0586326301878584,0.0,0,2.2800000000000864,,
2026-04-01,garn_base,logs/Older/4-1.csv,4,post_dfco,922.16,3899.75,-9.7248,62.0,,,,,,,19.5652,1.080000000000041,4159.25,1.080000000000041,,,2.0,19.0,21.0,65.4902,78.0392,76.0,18.2324,1.0731006340361118,-1.4,1,2.2800000000000864,,
2026-04-11,20.7,logs/Older/4-11.csv,0,post_dfco,419.44,3777.75,-8.5649,29.2044,,,,,,,7.5301,1.3199999999999932,3861.5,1.3199999999999932,,,2.0,25.0,25.0,78.0392,80.0,38.525,15.7379,0.4784691731425413,0.0,0,1.4800000000000182,,
2026-04-11,20.7,logs/Older/4-11.csv,1,post_dfco,421.92,3628.0,-10.0149,42.2532,,,,,,,6.2251,0.7599999999999909,3755.25,0.7599999999999909,,,2.0,17.0,21.0,78.0392,80.0,45.9815,15.433,0.4033629236052615,0.0,0,0.9199999999999592,,
2026-04-11,20.7,logs/Older/4-11.csv,2,post_dfco,1015.88,3600.5,-7.2599,39.1464,,,,,,,5.5001,1.1200000000000043,3733.0,1.1200000000000043,,,3.0,25.0,25.0,77.2549,80.0,44.1174,13.5111,0.4070801045066649,0.0,0,1.1200000000000043,,
2026-04-11,20.7,logs/Older/4-11.csv,3,post_dfco,1698.12,3914.5,-3.9249,27.9617,,,,,,,7.5301,1.2000000000000457,3714.25,1.2000000000000457,,,2.0,25.0,26.0,78.0392,80.0,36.6609,14.6312,0.5146604516375963,0.0,0,1.2800000000002,,
2026-04-12,20.7,logs/Older/4-12 big.csv,0,post_dfco,2252.88,3884.5,-9.725,59.0303,,,,,,,9.125,1.2399999999997815,3964.25,1.2399999999997815,,,2.0,23.0,26.0,77.6471,78.4314,63.3799,15.7445,0.5795674680047,0.0,0,1.2399999999997815,,
2026-04-12,20.7,logs/Older/4-12 big.csv,1,post_partial,2294.16,2947.5,1.585,74.5645,,,,,,,6.08,1.7200000000002549,3053.25,1.7200000000002549,,,23.0,28.0,28.0,74.902,74.902,77.6714,8.57402,0.7091189430395544,0.0,0,1.800000000000182,,
2026-04-12,20.7,logs/Older/4-12 big.csv,2,post_dfco,2438.64,2432.5,-1.46,61.5158,,,,,,,7.675,6.200000000000273,2911.5,6.200000000000273,,,21.0,30.0,30.0,74.902,74.902,73.9432,7.8524,0.9774081809383118,0.0,0,6.320000000000164,,
2026-04-12,20.7,logs/Older/4-12 big.csv,3,post_partial,2809.44,3133.75,-0.155000000000001,50.3311,,,,,,,6.66,1.400000000000091,3418.5,1.400000000000091,,,20.0,27.0,28.0,70.5882,74.902,55.302,11.2104,0.5940912010276173,0.0,0,1.4400000000000546,,
2026-04-12,20.7,logs/Older/4-12 big.csv,4,post_partial,17125.2,3526.5,2.6001,89.4775,,,,,,,11.1551,1.2000000000007276,3636.5,1.2000000000007276,,,22.0,26.0,27.0,67.0588,68.6274,91.3416,12.6627,0.8809416633103524,-1.4,1,1.2000000000007276,,
2026-04-12,20.7,logs/Older/4-12 big.csv,5,post_partial,17204.12,3172.25,4.7751,80.1569,,,,,,,10.2851,1.0,3272.25,1.0,,,28.0,29.0,29.0,73.7255,74.902,82.6424,10.2587,1.002573425482761,0.0,0,1.0400000000008731,,
2026-04-12,20.7,logs/Older/4-12 big.csv,6,post_partial,18476.68,3162.5,2.3102,79.5355,,,,,,,15.6502,2.959999999999127,3465.75,2.959999999999127,,,24.0,28.0,28.0,70.1961,74.902,87.6133,11.824,1.3235960757780785,-1.4,1,3.0799999999981083,,
2026-06-15,20.17a,logs/6-15/log0001.csv,0,post_dfco,476.68,2561.0,-2.04,19.0,,,,,,,5.5,3.240000000000009,3721.0,3.240000000000009,,,8.0,27.0,28.0,68.63,80.0,37.0,17.16,0.3205128205128205,0.0,0,3.2799999999999727,,
2026-06-15,20.17a,logs/6-15/log0001.csv,1,post_dfco,515.92,3948.0,-2.04,44.0,,,,,,,9.27,1.32000000000005,4187.0,1.32000000000005,,,13.0,20.0,24.0,69.02,69.8,50.0,17.16,0.5402097902097902,0.0,0,1.3600000000000136,,
2026-06-15,20.17a,logs/6-15/log0001.csv,2,post_dfco,520.4,3820.0,-0.44,62.0,,,,,,,5.07,0.6000000000000227,3926.0,0.6000000000000227,,,9.0,23.0,23.0,69.02,72.55,63.0,17.06,0.2971864009378664,0.0,0,0.6000000000000227,,
2026-06-15,20.17a,logs/6-15/log0001.csv,3,post_dfco,38955.8,2593.0,-2.47,31.0,,,,0.5599999999976717,2725.0,1.59,16.52,2.959999999999127,3913.0,2.959999999999127,,2.400000000001455,7.0,26.0,29.0,68.24,80.0,52.0,18.34,0.900763358778626,0.0,0,3.599999999998545,,
2026-06-15,20.17a,logs/6-15/log0001.csv,4,post_dfco,38960.2,3591.0,-3.34,53.0,,,,,,,12.61,2.0800000000017462,3746.0,2.0800000000017462,,,2.0,26.0,26.0,66.67,74.9,61.0,17.28,0.7297453703703702,0.0,0,2.1600000000034925,,
2026-06-13,20.17a,logs/6-13 17a leak fix/log0001.csv,0,post_dfco,79.88,3992.0,-4.36,27.0,,,,,,,7.82,2.200000000000003,4167.0,2.200000000000003,,,2.0,21.0,25.0,70.2,80.0,40.0,16.36,0.4779951100244499,0.0,0,2.200000000000003,,
2026-06-13,20.17a,logs/6-13 17a leak fix/log0001.csv,1,post_dfco,83.4,4145.0,-7.11,47.0,,,,,,,11.74,1.2800000000000011,4508.0,1.2800000000000011,,,2.0,12.0,15.0,68.63,69.02,55.0,16.46,0.7132442284325637,0.0,0,1.3999999999999917,,
2026-06-13,20.17a,logs/6-13 17a leak fix/log0001.csv,2,post_dfco,86.0,3683.0,-5.81,59.0,,,,,,,8.11,1.2399999999999949,3924.0,1.2399999999999949,,,2.0,23.0,23.0,69.02,69.02,63.0,17.01,0.4767783656672544,0.0,0,1.2399999999999949,,
2026-06-13,20.17a,logs/6-13 17a leak fix/log0001.csv,3,post_dfco,126.4,4681.0,-2.47,56.0,,,,,,,5.94,0.6799999999999926,4891.0,0.6799999999999926,,,6.0,6.0,7.0,69.8,70.98,58.0,16.45,0.3610942249240122,0.0,0,0.6799999999999926,,
2026-06-13,20.17a,logs/6-13 17a leak fix/log0001.csv,4,post_dfco,127.88,3551.0,-4.36,59.0,,,,,,,14.2,1.6400000000000148,4045.0,1.6400000000000148,,,3.0,22.0,26.0,67.06,72.55,68.0,17.45,0.8137535816618912,0.0,0,2.1599999999999966,,
2026-06-13,20.17a,logs/6-13 17a leak fix/log0001.csv,5,post_dfco,205.44,2820.0,-1.89,14.0,0.7599999999999909,3886.0,3.76,0.7199999999999989,3843.0,3.33,16.52,1.4399999999999975,5586.0,1.4399999999999975,0.6800000000000068,0.7199999999999989,17.0,3.0,23.0,62.35,80.0,29.0,17.06,0.9683470105509964,0.0,0,1.4399999999999975,,
2026-06-13,20.17a,logs/6-13 17a leak fix/log0001.csv,6,post_dfco,207.32,4852.0,-7.98,31.0,0.0800000000000125,4764.0,5.21,0.1200000000000045,4296.0,6.23,20.58,1.1599999999999966,4250.0,1.1599999999999966,1.079999999999984,1.039999999999992,2.0,21.0,24.0,69.8,79.22,49.0,21.65,0.9505773672055428,0.0,0,1.920000000000016,,
2026-06-13,20.17a,logs/6-13 17a leak fix/log0001.csv,7,post_dfco,209.56,5302.0,-7.98,49.0,0.079999999999984,4697.0,7.82,0.1200000000000045,4133.0,8.11,17.39,0.8000000000000114,4535.0,0.8000000000000114,0.7200000000000273,0.6800000000000068,2.0,11.0,12.0,73.33,74.12,59.0,22.42,0.7756467439785905,0.0,0,1.2800000000000011,,
2026-06-13,20.17a,logs/6-13 17a leak fix/log0001.csv,8,post_dfco,211.12,5757.0,-9.29,59.0,0.1200000000000045,4476.0,8.26,0.1599999999999966,3989.0,9.85,15.8,1.1599999999999966,4007.0,1.1599999999999966,1.039999999999992,1.0,2.0,22.0,22.0,69.02,74.51,66.0,18.68,0.8458244111349037,0.0,0,1.4799999999999898,,
2026-06-13,20.17a,logs/6-13 17a leak fix/log0001.csv,9,post_dfco,293.08,2196.0,-1.02,21.0,,,,,,,6.52,3.6000000000000227,3724.0,3.6000000000000227,,,18.0,27.0,28.0,68.63,80.0,37.0,16.96,0.3844339622641509,-4.2,1,3.8000000000000114,,
2026-06-13,20.17a,logs/6-13 17a leak fix/log0001.csv,10,post_dfco,298.92,3556.0,-1.31,45.0,,,,,,,6.37,0.7199999999999704,3930.0,0.7199999999999704,,,4.0,20.0,20.0,69.02,69.8,47.0,16.9,0.3769230769230769,0.0,0,0.7599999999999909,,
2026-06-14,20.17a,logs/6-13 17a leak fix/log0002.csv,0,post_partial,88.72,3200.0,-0.59,17.0,,,,,,,7.1,1.1599999999999966,5197.0,1.1599999999999966,,,21.0,5.0,22.0,70.59,77.25,27.0,16.1,0.4409937888198757,-2.1,1,1.1599999999999966,,
2026-06-14,20.17a,logs/6-13 17a leak fix/log0002.csv,1,post_dfco,90.72,4601.0,-8.13,32.0,,,,,,,14.2,1.7600000000000051,4620.0,1.7600000000000051,,,2.0,10.0,23.0,68.24,73.73,50.0,17.92,0.7924107142857142,0.0,0,2.3200000000000074,,
2026-06-14,20.17a,logs/6-13 17a leak fix/log0002.csv,2,post_dfco,93.6,4576.0,-3.49,52.0,,,,,,,16.09,0.8800000000000097,4754.0,0.8800000000000097,,,1.0,7.0,10.0,68.63,75.29,61.0,18.13,0.8874793160507447,0.0,0,1.3599999999999994,,
2026-06-14,20.17a,logs/6-13 17a leak fix/log0002.csv,3,post_dfco,95.56,4251.0,-4.36,62.0,,,,,,,13.19,1.039999999999992,4061.0,1.039999999999992,,,2.0,21.0,21.0,66.67,69.41,66.0,18.04,0.7311529933481153,0.0,0,1.0799999999999983,,
2026-06-14,20.17a,logs/6-13 17a leak fix/log0002.csv,4,post_partial,260.44,3502.0,-0.01,34.0,0.8799999999999955,4004.0,10.43,0.839999999999975,3956.0,9.85,21.31,1.6800000000000068,4805.0,1.6800000000000068,0.8000000000000114,0.8400000000000318,19.0,7.0,26.0,71.37,73.73,49.0,22.43,0.9500668747213552,0.0,0,1.879999999999996,,
2026-06-14,20.17a,logs/6-13 17a leak fix/log0002.csv,5,post_dfco,262.76,5192.0,-7.69,49.0,,,,,,,18.12,0.9600000000000364,4611.0,0.9600000000000364,,,2.0,11.0,14.0,62.35,69.02,62.0,18.21,0.9950576606260296,0.0,0,1.879999999999996,,
2026-06-14,20.17a,logs/6-13 17a leak fix/log0002.csv,6,post_dfco,289.64,3444.0,-4.07,41.0,0.2400000000000091,3476.0,1.3,0.2400000000000091,3476.0,1.3,21.89,1.8000000000000114,4351.0,1.8000000000000114,1.5600000000000025,1.5600000000000025,19.0,16.0,27.0,69.8,78.43,55.0,22.44,0.9754901960784312,0.0,0,2.0,,
2026-06-14,20.17a,logs/6-13 17a leak fix/log0002.csv,7,post_partial,424.24,2857.0,-1.02,28.0,,,,,,,6.52,1.7199999999999704,3745.0,1.7199999999999704,,,20.0,27.0,28.0,70.2,79.61,37.0,16.44,0.3965936739659367,0.0,0,1.7199999999999704,,
2026-06-21,20.18,logs/6-21 pcv fix 20.18/6-21 6 logs combined.csv,0,post_partial,1161.08,3142.0,-1.17,17.0,,,,,,,9.27,1.2799999999999727,5446.0,1.2799999999999727,,,21.0,4.0,23.0,70.59,77.65,29.0,15.64,0.5927109974424551,0.0,0,1.3200000000001637,,
2026-06-21,20.18,logs/6-21 pcv fix 20.18/6-21 6 logs combined.csv,1,post_dfco,1163.12,5125.0,-7.55,33.0,,,,0.1600000000000818,4067.0,5.21,18.55,1.400000000000091,4556.0,1.400000000000091,,1.240000000000009,2.0,12.0,21.0,59.61,77.65,48.0,17.94,1.0340022296544036,0.0,0,1.800000000000182,,
2026-06-21,20.18,logs/6-21 pcv fix 20.18/6-21 6 logs combined.csv,2,post_dfco,1165.44,4476.0,-5.52,50.0,,,,0.1599999999998544,4292.0,6.37,19.28,1.0,4712.0,1.0,,0.8400000000001455,2.0,9.0,12.0,57.65,73.33,61.0,18.14,1.0628445424476296,0.0,0,1.5599999999999454,,
2026-06-21,20.18,logs/6-21 pcv fix 20.18/6-21 6 logs combined.csv,3,post_dfco,1279.32,2827.0,-6.39,21.0,,,,,,,12.61,3.200000000000045,4068.0,3.200000000000045,,,4.0,24.0,28.0,69.8,80.0,40.0,17.29,0.7293233082706767,0.0,0,3.200000000000045,,
2026-06-21,20.18,logs/6-21 pcv fix 20.18/6-21 6 logs combined.csv,4,post_dfco,1283.04,4041.0,-7.84,41.0,,,,0.1200000000001182,3188.0,5.07,17.97,1.400000000000091,4217.0,1.400000000000091,,1.2799999999999727,2.0,20.0,25.0,61.57,79.61,51.0,17.99,0.998888271261812,0.0,0,1.400000000000091,,
2026-06-21,20.18,logs/6-21 pcv fix 20.18/6-21 6 logs combined.csv,5,post_dfco,1303.88,2227.0,-1.46,22.0,,,,,,,18.55,3.7199999999998,4661.0,3.7199999999998,,,18.0,10.0,29.0,59.22,80.0,53.0,17.92,1.03515625,0.0,0,4.519999999999982,,
2026-06-21,20.18,logs/6-21 pcv fix 20.18/6-21 6 logs combined.csv,6,post_dfco,1308.76,4832.0,-9.43,55.0,,,,0.1600000000000818,4550.0,7.82,22.03,0.6800000000000637,4920.0,0.6800000000000637,,0.5199999999999818,2.0,5.0,7.0,53.73,73.73,63.0,18.7,1.1780748663101606,0.0,0,1.2000000000000457,,
2026-06-21,20.18,logs/6-21 pcv fix 20.18/6-21 6 logs combined.csv,7,post_dfco,1346.68,4269.0,-0.59,52.0,,,,,,,5.36,0.7599999999999909,4556.0,0.7599999999999909,,,12.0,11.0,13.0,70.98,70.98,55.0,15.99,0.3352095059412133,0.0,0,0.7599999999999909,,
2026-06-21,20.18,logs/6-21 pcv fix 20.18/6-21 6 logs combined.csv,8,post_dfco,1348.2,4172.0,-8.85,57.0,,,,,,,11.74,1.1199999999998909,3800.0,1.1199999999998909,,,2.0,25.0,25.0,71.37,73.33,62.0,17.28,0.6793981481481481,0.0,0,1.1199999999998909,,
2026-06-21,20.18,logs/6-21 pcv fix 20.18/6-21 6 logs combined.csv,9,post_dfco,572.04,4115.0,-4.07,50.0,,,,,,,20.0,1.080000000000041,4679.0,1.080000000000041,,,3.0,8.0,16.0,53.73,76.86,57.0,17.94,1.1148272017837235,0.0,0,1.2000000000000457,,
2026-06-21,20.18,logs/6-21 pcv fix 20.18/6-21 6 logs combined.csv,10,post_dfco,592.0,3556.0,-1.31,57.0,,,,,,,6.95,1.6399999999999864,3846.0,1.6399999999999864,,,18.0,26.0,26.0,70.98,73.73,62.0,16.66,0.4171668667466987,0.0,0,1.6399999999999864,,
2026-06-21,20.18,logs/6-21 pcv fix 20.18/6-21 6 logs combined.csv,11,post_dfco,642.48,3755.0,-3.49,45.0,,,,,,,20.15,1.67999999999995,4500.0,1.67999999999995,,,9.0,13.0,24.0,54.12,72.94,63.0,18.06,1.1157253599114063,0.0,0,2.759999999999991,,
2026-06-21,20.18,logs/6-21 pcv fix 20.18/6-21 6 logs combined.csv,12,post_dfco,645.56,5073.0,-9.0,63.0,,,,0.1600000000000818,4042.0,9.56,20.44,0.8400000000000318,4212.0,0.8400000000000318,,0.67999999999995,2.0,19.0,20.0,54.12,73.73,80.0,18.24,1.1206140350877194,0.0,0,2.7600000000001046,,
2026-06-21,20.18,logs/6-21 pcv fix 20.18/6-21 6 logs combined.csv,13,post_dfco,649.28,3343.0,-6.1,78.0,,,,,,,10.0,1.160000000000082,3184.0,1.160000000000082,,,2.0,27.0,28.0,76.08,80.0,81.0,16.85,0.5934718100890207,-4.2,1,1.5600000000000591,,
2026-06-21,20.18,logs/6-21 pcv fix 20.18/6-21 6 logs combined.csv,14,post_partial,659.56,3412.0,3.18,86.0,,,,,,,6.66,0.8000000000000682,3443.0,0.8000000000000682,,,24.0,26.0,27.0,74.12,74.51,87.0,16.36,0.4070904645476773,0.0,0,0.8000000000000682,,
2026-06-21,20.18,logs/6-21 pcv fix 20.18/6-21 6 logs combined.csv,15,post_dfco,692.96,2602.0,-1.89,66.0,,,,,,,12.32,7.399999999999977,3170.0,7.399999999999977,,,19.0,30.0,31.0,76.47,80.0,81.0,16.39,0.7516778523489933,0.0,0,7.799999999999954,,
2026-06-21,20.18,logs/6-21 pcv fix 20.18/6-21 6 logs combined.csv,16,post_dfco,765.8,4068.0,-6.68,26.0,,,,,,,11.88,2.160000000000082,4022.0,2.160000000000082,,,2.0,24.0,27.0,69.8,80.0,40.0,17.04,0.6971830985915494,0.0,0,2.200000000000045,,
2026-06-21,20.18,logs/6-21 pcv fix 20.18/6-21 6 logs combined.csv,17,post_dfco,768.68,3887.0,-6.97,42.0,,,,,,,12.75,1.240000000000009,3998.0,1.240000000000009,,,2.0,24.0,25.0,69.8,75.69,48.0,17.17,0.7425742574257425,0.0,0,1.240000000000009,,
2026-06-21,20.18,logs/6-21 pcv fix 20.18/6-21 6 logs combined.csv,18,post_dfco,1092.44,4211.0,-5.95,29.0,,,,0.1599999999998544,3100.0,3.76,8.98,1.5599999999999454,3963.0,1.5599999999999454,,1.400000000000091,2.0,24.0,25.0,70.2,80.0,40.0,17.24,0.5208816705336428,0.0,0,1.639999999999873,,
2026-06-21,20.18,logs/6-21 pcv fix 20.18/6-21 6 logs combined.csv,19,post_dfco,1177.68,2667.0,-1.6,26.0,,,,,,,12.32,2.6799999999998363,4210.0,2.6799999999998363,,,19.0,21.0,27.0,69.8,80.0,42.0,17.19,0.7166957533449679,0.0,0,2.7999999999999545,,
2026-06-21,20.18,logs/6-21 pcv fix 20.18/6-21 6 logs combined.csv,20,post_dfco,1182.56,4266.0,-10.45,52.0,,,,,,,9.85,0.6400000000001,4472.0,0.6400000000001,,,2.0,12.0,13.0,69.8,70.2,54.0,17.94,0.5490523968784837,0.0,0,0.6800000000000637,,
2026-06-21,20.18,logs/6-21 pcv fix 20.18/6-21 6 logs combined.csv,21,post_dfco,1196.96,3452.0,-2.91,34.0,,,,,,,7.53,1.5599999999999454,4353.0,1.5599999999999454,,,19.0,18.0,25.0,70.2,75.69,42.0,16.2,0.4648148148148148,0.0,0,1.5599999999999454,,
2026-06-21,20.18,logs/6-21 pcv fix 20.18/6-21 6 logs combined.csv,22,post_dfco,1200.12,4306.0,-10.45,50.0,,,,,,,17.25,1.040000000000191,4692.0,1.040000000000191,,,2.0,7.0,14.0,63.92,75.69,62.0,17.36,0.9936635944700462,0.0,0,1.7600000000002185,,
2026-06-21,20.18,logs/6-21 pcv fix 20.18/6-21 6 logs combined.csv,23,post_partial,1272.4,3061.0,1.15,77.0,,,,,,,11.16,2.439999999999827,3286.0,2.439999999999827,,,22.0,29.0,29.0,75.69,78.43,83.0,17.12,0.6518691588785046,0.0,0,2.559999999999945,,
2026-06-21,20.18,logs/6-21 pcv fix 20.18/6-21 6 logs combined.csv,24,post_partial,1331.96,3747.0,7.24,60.0,,,,,,,13.77,0.7599999999999909,3997.0,0.7599999999999909,,,26.0,23.0,27.0,69.8,72.55,65.0,16.97,0.8114319387153801,0.0,0,0.7599999999999909,,
2026-06-21,20.18,logs/6-21 pcv fix 20.18/6-21 6 logs combined.csv,25,post_partial,1370.24,3779.0,1.44,45.0,,,,,,,9.42,1.160000000000082,4246.0,1.160000000000082,,,21.0,19.0,25.0,70.59,72.16,51.0,16.14,0.5836431226765799,0.0,0,1.160000000000082,,
2026-06-21,20.18,logs/6-21 pcv fix 20.18/6-21 6 logs combined.csv,26,post_partial,1376.76,3858.0,-0.73,62.0,,,,,,,12.03,1.0799999999999272,4095.0,1.0799999999999272,,,14.0,21.0,24.0,69.8,72.94,66.0,17.0,0.7076470588235294,0.0,0,1.2000000000000457,,
2026-06-21,20.18,logs/6-21 pcv fix 20.18/6-21 6 logs combined.csv,27,post_dfco,1548.12,3936.0,-3.49,27.0,,,,,,,6.66,1.2800000000002,3489.0,1.2800000000002,,,3.0,24.0,26.0,74.12,80.0,36.0,17.67,0.3769100169779286,0.0,0,1.5600000000001728,,
2026-06-21,20.18,logs/6-21 pcv fix 20.18/6-21 6 logs combined.csv,28,post_dfco,89254.8,2306.0,-1.6,37.0,,,,,,,9.56,6.599999999991269,3487.0,6.599999999991269,,,17.0,28.0,29.0,73.73,80.0,57.0,16.72,0.5717703349282297,0.0,0,6.720000000001164,,
2026-06-21,20.18,logs/6-21 pcv fix 20.18/6-21 6 logs combined.csv,29,post_dfco,89268.12,3021.0,-3.05,74.0,,,,,,,6.52,2.200000000011641,3024.0,2.200000000011641,,,6.0,28.0,28.0,78.82,80.0,76.0,14.95,0.4361204013377926,-9.8,1,2.4400000000023283,,
2026-06-21,20.18,logs/6-21 pcv fix 20.18/6-21 6 logs combined.csv,30,post_partial,89317.2,3186.0,0.43,80.0,,,,,,,13.04,3.0800000000017462,3425.0,3.0800000000017462,,,20.0,28.0,29.0,74.12,76.47,86.0,16.78,0.7771156138259833,0.0,0,3.120000000009896,,
2026-06-21,20.18,logs/6-21 pcv fix 20.18/6-21 6 logs combined.csv,31,post_partial,90574.32,3724.0,2.31,60.0,,,,,,,7.97,1.0399999999935972,3966.0,1.0399999999935972,,,22.0,24.0,26.0,70.2,72.55,64.0,16.31,0.4886572654812998,0.0,0,1.0399999999935972,,
2026-06-21,20.18,logs/6-21 pcv fix 20.18/6-21 6 logs combined.csv,32,post_partial,90804.0,2860.0,2.75,72.0,,,,,,,5.36,1.2400000000052387,2929.0,1.2400000000052387,,,28.0,29.0,29.0,80.0,80.0,75.0,13.98,0.3834048640915594,0.0,0,1.6000000000058208,,
2026-06-21,20.18,logs/6-21 pcv fix 20.18/6-21 6 logs combined.csv,33,post_partial,91053.76,3027.0,0.28,76.0,,,,,,,5.79,2.400000000008731,3158.0,2.400000000008731,,,20.0,28.0,28.0,76.86,78.82,80.0,15.77,0.36715282181357,-1.4,1,2.6000000000058208,,
2026-06-21,20.18,logs/6-21 pcv fix 20.18/6-21 6 logs combined.csv,34,post_dfco,91169.64,2943.0,-0.88,75.0,,,,,,,5.94,2.639999999999418,3108.0,2.639999999999418,,,19.0,28.0,28.0,77.65,80.0,79.0,15.22,0.3902759526938239,0.0,0,2.8000000000029104,,
2026-06-21,20.18,logs/6-21 pcv fix 20.18/6-21 6 logs combined.csv,35,post_partial,91173.36,3177.0,5.36,81.0,,,,,,,13.48,2.039999999993597,3398.0,2.039999999993597,,,28.0,28.0,29.0,74.51,76.08,86.0,16.88,0.7985781990521328,0.0,0,2.2400000000052387,,
2026-06-21,20.18,logs/6-21 pcv fix 20.18/6-21 6 logs combined.csv,36,post_partial,91198.12,3249.0,0.14,82.0,,,,,,,5.36,1.360000000000582,3286.0,1.360000000000582,,,20.0,27.0,27.0,75.29,75.69,83.0,16.62,0.322503008423586,0.0,0,1.4000000000087311,,
2026-06-21,20.18,logs/6-21 pcv fix 20.18/6-21 6 logs combined.csv,37,post_partial,91923.36,3387.0,1.88,55.0,,,,,,,5.07,0.5599999999976717,3498.0,0.5599999999976717,,,24.0,27.0,27.0,73.73,74.9,57.0,16.82,0.3014268727705113,0.0,0,0.6000000000058208,,
2026-06-21,20.18,logs/6-21 pcv fix 20.18/6-21 6 logs combined.csv,38,post_partial,91939.08,3074.0,-0.3,50.0,,,,,,,6.37,1.8000000000029104,3426.0,1.8000000000029104,,,19.0,27.0,28.0,74.12,78.04,55.0,16.71,0.3812088569718731,0.0,0,1.8000000000029104,,
2026-06-21,20.18,logs/6-21 pcv fix 20.18/6-21 6 logs combined.csv,39,post_dfco,92332.52,2707.0,-1.46,68.0,,,,,,,9.71,4.639999999999418,3060.0,4.639999999999418,,,18.0,30.0,31.0,78.04,80.0,78.0,15.39,0.6309291747888239,0.0,0,4.639999999999418,,
2026-06-21,20.18,logs/6-21 pcv fix 20.18/6-21 6 logs combined.csv,40,post_partial,92380.76,3015.0,2.6,76.0,,,,,,,9.42,2.120000000009896,3155.0,2.120000000009896,,,28.0,29.0,30.0,76.86,79.22,80.0,16.09,0.5854568054692355,0.0,0,2.320000000006985,,
2026-06-21,20.18,logs/6-21 pcv fix 20.18/6-21 6 logs combined.csv,41,post_partial,92415.16,3204.0,4.34,81.0,,,,,,,6.37,0.5199999999895226,3241.0,0.5199999999895226,,,27.0,28.0,28.0,75.69,76.08,82.0,16.67,0.3821235752849429,0.0,0,0.6399999999994179,,
2026-06-21,20.18,logs/6-21 pcv fix 20.18/6-21 6 logs combined.csv,42,post_partial,92430.44,3302.0,1.15,83.0,,,,,,,5.5,1.5599999999976717,3375.0,1.5599999999976717,,,24.0,27.0,27.0,74.51,75.29,85.0,16.4,0.3353658536585366,0.0,0,1.5999999999912689,,
2026-06-21,20.18,logs/6-21 pcv fix 20.18/6-21 6 logs combined.csv,43,post_dfco,92464.8,3221.0,-1.02,81.0,,,,,,,5.5,2.0,3324.0,2.0,,,19.0,27.0,27.0,75.29,75.69,84.0,16.4,0.3353658536585366,0.0,0,2.0,,
2026-06-21,20.18,logs/6-21 pcv fix 20.18/6-21 6 logs combined.csv,44,post_dfco,92500.0,3125.0,-1.17,80.0,,,,,,,6.95,2.1999999999970896,3247.0,2.1999999999970896,,,20.0,28.0,29.0,75.69,77.25,82.0,16.67,0.4169166166766646,0.0,0,2.320000000006985,,
2026-06-21,20.18,logs/6-21 pcv fix 20.18/6-21 6 logs combined.csv,45,post_dfco,93045.0,3125.0,-0.73,78.0,,,,,,,16.38,3.8000000000029104,3498.0,3.8000000000029104,,,20.0,28.0,29.0,69.02,77.25,89.0,17.0,0.963529411764706,-1.4,1,4.119999999995343,,
2026-06-21,20.18,logs/6-21 pcv fix 20.18/6-21 6 logs combined.csv,46,post_partial,93444.2,2804.0,-0.15,70.0,,,,,,,9.71,3.6000000000058208,3072.0,3.6000000000058208,,,19.0,30.0,30.0,78.04,80.0,78.0,15.12,0.6421957671957673,0.0,0,4.040000000008149,,
2026-06-21,20.18,logs/6-21 pcv fix 20.18/6-21 6 logs combined.csv,47,post_dfco,93864.6,3838.0,-6.82,63.0,,,,,,,18.26,1.4799999999959257,4184.0,1.4799999999959257,,,21.0,20.0,25.0,60.39,71.37,70.0,17.73,1.029892836999436,0.0,0,1.8799999999901047,,
2026-06-21,20.18,logs/6-21 pcv fix 20.18/6-21 6 logs combined.csv,48,post_dfco,93869.48,3121.0,-5.37,76.0,,,,,,,11.3,2.680000000007567,3187.0,2.680000000007567,,,3.0,29.0,29.0,76.08,79.61,81.0,17.2,0.6569767441860466,0.0,0,3.1600000000034925,,
2026-06-21,20.18,logs/6-21 pcv fix 20.18/6-21 6 logs combined.csv,49,post_dfco,93876.16,3241.0,-1.6,82.0,,,,,,,6.95,1.7200000000011642,3343.0,1.7200000000011642,,,19.0,27.0,27.0,74.9,75.69,85.0,17.06,0.4073856975381009,0.0,0,1.7599999999947613,,
2026-06-21,20.18,logs/6-21 pcv fix 20.18/6-21 6 logs combined.csv,50,post_partial,94134.84,2769.0,-0.73,70.0,,,,,,,10.0,4.400000000008731,3081.0,4.400000000008731,,,20.0,30.0,30.0,78.04,80.0,79.0,15.7,0.6369426751592357,0.0,0,4.80000000000291,,
2026-06-21,20.18,logs/6-21 pcv fix 20.18/6-21 6 logs combined.csv,51,post_partial,94172.2,2792.0,2.02,70.0,,,,,,,6.95,2.1999999999970896,2928.0,2.1999999999970896,,,25.0,28.0,29.0,80.0,80.0,74.0,14.32,0.4853351955307262,0.0,0,2.4400000000023283,,
2026-06-21,20.18,logs/6-21 pcv fix 20.18/6-21 6 logs combined.csv,52,post_partial,94273.04,2896.0,1.15,73.0,,,,,,,5.94,1.8800000000046568,3004.0,1.8800000000046568,,,21.0,28.0,29.0,79.22,80.0,76.0,14.37,0.4133611691022965,0.0,0,1.9200000000128057,,
2026-06-21,20.18,logs/6-21 pcv fix 20.18/6-21 6 logs combined.csv,53,post_dfco,94614.6,2276.0,-1.31,58.0,,,,,,,5.07,7.19999999999709,2598.0,7.19999999999709,,,18.0,28.0,29.0,74.9,74.9,66.0,8.71,0.582089552238806,-4.2,1,7.519999999989523,,
2026-06-21,20.18,logs/6-21 pcv fix 20.18/6-21 6 logs combined.csv,54,post_partial,95043.76,2988.0,2.31,75.0,,,,,,,6.23,1.2799999999988358,3065.0,1.2799999999988358,,,27.0,28.0,28.0,78.43,79.61,77.0,14.74,0.4226594301221167,0.0,0,1.4000000000087311,,
2026-06-21,20.18,logs/6-21 pcv fix 20.18/6-21 6 logs combined.csv,55,post_partial,95759.2,2782.0,0.14,71.0,,,,,,,16.81,7.040000000008149,3551.0,7.040000000008149,,,21.0,28.0,30.0,67.84,80.0,94.0,17.01,0.9882422104644324,0.0,0,8.760000000009313,,
2026-06-21,20.18,logs/6-21 pcv fix 20.18/6-21 6 logs combined.csv,56,post_dfco,95777.4,3746.0,-2.04,95.0,,,,,,,10.0,1.7200000000011642,3861.0,1.7200000000011642,,,15.0,25.0,26.0,70.98,71.76,97.0,16.63,0.6013229104028864,0.0,0,1.7600000000093132,,
2026-06-21,20.18,logs/6-21 pcv fix 20.18/6-21 6 logs combined.csv,57,post_partial,96121.88,3045.0,0.57,76.0,,,,,,,16.38,4.0,3348.0,4.0,,,20.0,28.0,30.0,71.76,78.82,86.0,17.2,0.9523255813953488,0.0,0,4.919999999998254,,
2026-06-21,20.18,logs/6-21 pcv fix 20.18/6-21 6 logs combined.csv,58,post_dfco,96922.88,3782.0,-7.4,29.0,,,,,,,6.23,1.319999999992433,3712.0,1.319999999992433,,,3.0,26.0,26.0,72.55,78.43,37.0,17.04,0.3656103286384977,0.0,0,1.360000000000582,,
2026-06-21,20.18,logs/6-21 pcv fix 20.18/6-21 6 logs combined.csv,59,post_dfco,97226.04,3568.0,-5.52,44.0,,,,,,,7.53,1.1600000000034925,4139.0,1.1600000000034925,,,19.0,22.0,25.0,69.8,72.55,50.0,17.07,0.4411247803163444,0.0,0,1.1600000000034925,,
2026-06-21,20.18,logs/6-21 pcv fix 20.18/6-21 6 logs combined.csv,60,post_dfco,97229.08,3350.0,-1.75,55.0,,,,,,,6.37,1.0800000000017462,3589.0,1.0800000000017462,,,4.0,25.0,26.0,72.94,74.9,58.0,16.97,0.3753682969946965,0.0,0,1.0800000000017462,,
2026-07-12,20.18,logs/7-12 20.18/7-12 20.18.csv,0,post_dfco,944.0,4931.25,-1.169599999999999,59.0303,,,,,,,12.6054,0.8799999999999955,5219.75,0.8799999999999955,,,4.0,4.0,5.0,71.3726,72.1569,62.7585,15.6354,0.8062089872980543,0.0,0,0.8799999999999955,,
2026-07-12,20.18,logs/7-12 20.18/7-12 20.18.csv,1,post_dfco,946.92,3911.0,-6.9696,69.5936,,,,,,,13.7654,1.0,4501.75,1.0,,,3.0,12.0,16.0,70.1961,70.1961,72.7004,16.37,0.8408918753817959,0.0,0,1.0,,
2026-07-12,20.18,logs/7-12 20.18/7-12 20.18.csv,2,post_partial,4623.16,2673.5,-0.2996999999999996,67.1081,,,,,,,5.935300000000002,2.2399999999997817,2782.75,2.2399999999997817,,,20.0,29.0,29.0,80.0,80.0,70.8363,14.1062,0.4207582481462053,-1.4,1,2.6400000000003274,,
2026-07-12,20.18,logs/7-12 20.18/7-12 20.18.csv,3,post_dfco,8095.6,3372.25,1.1503000000000014,40.3891,,,,,,,7.240300000000001,1.3599999999996726,3679.75,1.3599999999996726,,,23.0,26.0,27.0,72.1569,74.902,44.1174,16.9128,0.4280958800435174,0.0,0,1.3599999999996726,,
2026-07-12,20.18,logs/7-12 20.18/7-12 20.18.csv,4,post_partial,166186.32,4025.25,-1.4597999999999995,21.1266,0.1199999999953433,4406.5,4.050199999999999,0.1600000000034924,4542.25,4.485200000000001,18.6952,0.7200000000011642,5872.0,0.7200000000011642,0.6000000000058208,0.5599999999976717,16.0,3.0,16.0,52.9412,76.4706,32.9327,16.7164,1.1183747696872532,0.0,0,0.8800000000046566,,
2026-07-12,20.18,logs/7-12 20.18/7-12 20.18.csv,5,post_dfco,167869.72,4099.0,-5.809699999999999,30.4472,,,,,,,11.880300000000002,1.7999999999883585,4314.75,1.7999999999883585,,,3.0,18.0,25.0,70.1961,76.4706,42.2532,16.2404,0.7315275485825473,0.0,0,1.7999999999883585,,
2026-07-12,20.18,logs/7-12 20.18/7-12 20.18.csv,6,post_dfco,167873.04,3747.5,-7.259699999999999,47.8456,,,,,,,7.240300000000001,0.8399999999965075,4233.75,0.8399999999965075,,,3.0,16.0,16.0,69.8039,71.3726,51.5738,16.9444,0.4272975142229882,0.0,0,0.919999999983702,,
2026-07-12,20.18,logs/7-12 20.18/7-12 20.18.csv,7,post_dfco,245708.68,3765.25,-3.6348,57.7875,,,,,,,11.7352,1.6000000000058208,3996.75,1.6000000000058208,,,3.0,22.0,24.0,70.5882,72.9412,64.0012,16.6876,0.7032287446966611,0.0,0,1.6000000000058208,,
2026-07-12,20.18,logs/7-12 20.18/7-12 20.18.csv,8,post_dfco,247219.32,3452.25,-3.9247,51.5738,,,,,,,19.2753,2.479999999981373,3898.25,2.479999999981373,,,5.0,24.0,27.0,57.6471,76.4706,70.2149,18.0643,1.0670383020653995,0.0,0,3.5199999999895226,,
2026-07-12,20.18,logs/7-12 20.18/7-12 20.18.csv,9,post_dfco,248349.36,2201.5,-1.1696999999999989,26.719,,,,,,,10.2853,4.800000000017462,3508.0,4.800000000017462,,,18.0,28.0,30.0,73.7255,80.0,42.8746,17.0439,0.6034593021550232,0.0,0,4.880000000004657,,
2026-07-12,20.18,logs/7-12 20.18/7-12 20.18.csv,10,post_dfco,248417.64,4216.5,-7.549699999999999,29.8258,,,,,,,13.3303,1.679999999993015,4244.0,1.679999999993015,,,2.0,20.0,25.0,69.8039,77.6471,41.6319,17.2502,0.7727620549326965,0.0,0,1.7199999999720603,,
2026-07-12,20.18,logs/7-12 20.18/7-12 20.18.csv,11,post_dfco,249247.52,3811.5,-4.9398,57.7875,,,,,,,6.805200000000001,1.0,3707.5,1.0,,,3.0,25.0,26.0,72.1569,75.2941,60.273,16.4755,0.4130496798276228,0.0,0,1.0,,
2026-07-12,20.18,logs/7-12 20.18/7-12 20.18.csv,12,post_partial,249253.36,4402.75,10.2852,70.8363,,,,,,,16.0852,0.5600000000267755,4551.5,0.5600000000267755,,,15.0,11.0,15.0,62.3529,71.3726,75.8073,16.2146,0.992019537947282,0.0,0,1.1200000000244472,,
