run_ts,baseline,rom_rev,thread,metric,value,n_events,n_samples,n_pulls,delta_vs_baseline,delta_vs_prior
2026-05-11T00:12:23+00:00,stock,old_2023_base,pedal_throttle,throttle_hunt_per_min,0.0,0.0,,,-inf,
2026-05-11T00:12:23+00:00,stock,old_2023_base,pedal_throttle,rpm_swing_per_min,inf,19.0,,,,
2026-05-11T00:12:23+00:00,stock,old_2023_base,avcs,avcs_osc_per_min,inf,6.0,,,,
2026-05-11T00:12:23+00:00,stock,old_2023_base,timing_sum,fbkc_events_per_min,inf,1.0,,,,
2026-05-11T00:12:23+00:00,stock,old_2023_base,timing_sum,flkc_events_per_min,inf,5.0,,,,
2026-05-11T00:12:23+00:00,stock,old_2023_base,timing_sum,total_knock_per_min,inf,,,,,
2026-05-11T00:12:23+00:00,stock,old_2023_base,timing_sum,min_fbkc_depth,-1.41,,,,2.79,
2026-05-11T00:12:23+00:00,stock,old_2023_base,timing_sum,timing_osc_per_min,inf,13.0,,,,
2026-05-11T00:12:23+00:00,stock,old_2023_base,ol_fueling,afr_osc_per_min,inf,7.0,,,,
2026-05-11T00:12:23+00:00,stock,old_2023_base,ol_fueling,ffb_wbo2_div_per_min,inf,36.0,,,,
2026-05-11T00:12:23+00:00,stock,old_2023_base,ol_fueling,maf_corr_mean_pct,4.622304948729381,,2243.0,,5.984134060822923,
2026-05-11T00:12:23+00:00,stock,old_2023_base,ol_fueling,maf_corr_mean_abs_pct,4.845934016941596,,2243.0,,2.988105648557512,
2026-05-11T00:12:23+00:00,stock,old_2023_base,cross_thread,stutter_signature_per_min,inf,13.0,,,,
2026-05-11T00:12:23+00:00,stock,garn_base,pedal_throttle,throttle_hunt_per_min,inf,33.0,,,,inf
2026-05-11T00:12:23+00:00,stock,garn_base,pedal_throttle,rpm_swing_per_min,inf,157.0,,,,
2026-05-11T00:12:23+00:00,stock,garn_base,avcs,avcs_osc_per_min,inf,91.0,,,,
2026-05-11T00:12:23+00:00,stock,garn_base,timing_sum,fbkc_events_per_min,inf,11.0,,,,
2026-05-11T00:12:23+00:00,stock,garn_base,timing_sum,flkc_events_per_min,inf,4.0,,,,
2026-05-11T00:12:23+00:00,stock,garn_base,timing_sum,total_knock_per_min,inf,,,,,
2026-05-11T00:12:23+00:00,stock,garn_base,timing_sum,min_fbkc_depth,-4.2,,,,0.0,-2.79
2026-05-11T00:12:23+00:00,stock,garn_base,timing_sum,timing_osc_per_min,inf,89.0,,,,
2026-05-11T00:12:23+00:00,stock,garn_base,ol_fueling,afr_osc_per_min,inf,59.0,,,,
2026-05-11T00:12:23+00:00,stock,garn_base,ol_fueling,ffb_wbo2_div_per_min,inf,206.0,,,,
2026-05-11T00:12:23+00:00,stock,garn_base,ol_fueling,maf_corr_mean_pct,-1.361829112093542,,48406.0,,0.0,-5.984134060822923
2026-05-11T00:12:23+00:00,stock,garn_base,ol_fueling,maf_corr_mean_abs_pct,1.8578283683840848,,48406.0,,0.0,-2.988105648557512
2026-05-11T00:12:23+00:00,stock,garn_base,cross_thread,stutter_signature_per_min,inf,142.0,,,,
2026-05-11T00:12:23+00:00,stock,20.7,pedal_throttle,throttle_hunt_per_min,inf,41.0,,,,
2026-05-11T00:12:23+00:00,stock,20.7,pedal_throttle,rpm_swing_per_min,inf,221.0,,,,
2026-05-11T00:12:23+00:00,stock,20.7,avcs,avcs_osc_per_min,inf,218.0,,,,
2026-05-11T00:12:23+00:00,stock,20.7,timing_sum,fbkc_events_per_min,inf,39.0,,,,
2026-05-11T00:12:23+00:00,stock,20.7,timing_sum,flkc_events_per_min,,0.0,,,,
2026-05-11T00:12:23+00:00,stock,20.7,timing_sum,total_knock_per_min,inf,,,,,
2026-05-11T00:12:23+00:00,stock,20.7,timing_sum,min_fbkc_depth,-9.45,,,,-5.249999999999999,-5.249999999999999
2026-05-11T00:12:23+00:00,stock,20.7,timing_sum,timing_osc_per_min,inf,203.0,,,,
2026-05-11T00:12:23+00:00,stock,20.7,ol_fueling,afr_osc_per_min,inf,133.0,,,,
2026-05-11T00:12:23+00:00,stock,20.7,ol_fueling,ffb_wbo2_div_per_min,inf,410.0,,,,
2026-05-11T00:12:23+00:00,stock,20.7,ol_fueling,maf_corr_mean_pct,2.261221591094371,,122664.0,,3.623050703187913,3.623050703187913
2026-05-11T00:12:23+00:00,stock,20.7,ol_fueling,maf_corr_mean_abs_pct,2.4359112539131287,,122664.0,,0.5780828855290439,0.5780828855290439
2026-05-11T00:12:23+00:00,stock,20.7,cross_thread,stutter_signature_per_min,inf,277.0,,,,
2026-05-11T00:12:23+00:00,stock,20.8,pedal_throttle,throttle_hunt_per_min,0.3596219787572133,43.0,,,-inf,-inf
2026-05-11T00:12:23+00:00,stock,20.8,pedal_throttle,rpm_swing_per_min,1.4468512168604166,173.0,,,-inf,-inf
2026-05-11T00:12:23+00:00,stock,20.8,avcs,avcs_osc_per_min,1.1792255582503974,141.0,,,-inf,-inf
2026-05-11T00:12:23+00:00,stock,20.8,timing_sum,fbkc_events_per_min,0.1421761311365727,17.0,,,-inf,-inf
2026-05-11T00:12:23+00:00,stock,20.8,timing_sum,flkc_events_per_min,0.0334532073262524,4.0,,,-inf,
2026-05-11T00:12:23+00:00,stock,20.8,timing_sum,total_knock_per_min,0.1756293384628251,,,,-inf,-inf
2026-05-11T00:12:23+00:00,stock,20.8,timing_sum,min_fbkc_depth,-4.2,,,,0.0,5.249999999999999
2026-05-11T00:12:23+00:00,stock,20.8,timing_sum,timing_osc_per_min,1.1123191435978923,133.0,,,-inf,-inf
2026-05-11T00:12:23+00:00,stock,20.8,ol_fueling,afr_osc_per_min,1.070502634440077,128.0,,,-inf,-inf
2026-05-11T00:12:23+00:00,stock,20.8,ol_fueling,ffb_wbo2_div_per_min,2.743163000752697,328.0,,,-inf,-inf
2026-05-11T00:12:23+00:00,stock,20.8,ol_fueling,maf_corr_mean_pct,-1.7333832306534345,,71744.0,,-0.3715541185598925,-3.9946048217478056
2026-05-11T00:12:23+00:00,stock,20.8,ol_fueling,maf_corr_mean_abs_pct,1.8462282518398752,,71744.0,,-0.0116001165442096,-0.5896830020732535
2026-05-11T00:12:23+00:00,stock,20.8,cross_thread,stutter_signature_per_min,1.982102534080455,237.0,,,-inf,-inf
2026-05-11T00:12:23+00:00,stock,20.9,pedal_throttle,throttle_hunt_per_min,0.2395145837768788,21.0,,,-inf,-0.1201073949803345
2026-05-11T00:12:23+00:00,stock,20.9,pedal_throttle,rpm_swing_per_min,0.9010310532558776,79.0,,,-inf,-0.545820163604539
2026-05-11T00:12:23+00:00,stock,20.9,avcs,avcs_osc_per_min,1.0493019860701358,92.0,,,-inf,-0.1299235721802616
2026-05-11T00:12:23+00:00,stock,20.9,timing_sum,fbkc_events_per_min,0.0570272818516378,5.0,,,-inf,-0.0851488492849349
2026-05-11T00:12:23+00:00,stock,20.9,timing_sum,flkc_events_per_min,0.0,0.0,,,-inf,-0.0334532073262524
2026-05-11T00:12:23+00:00,stock,20.9,timing_sum,total_knock_per_min,0.0570272818516378,,,,-inf,-0.1186020566111873
2026-05-11T00:12:23+00:00,stock,20.9,timing_sum,min_fbkc_depth,-2.8,,,,1.4000000000000004,1.4000000000000004
2026-05-11T00:12:23+00:00,stock,20.9,timing_sum,timing_osc_per_min,0.9466528787371878,83.0,,,-inf,-0.1656662648607046
2026-05-11T00:12:23+00:00,stock,20.9,ol_fueling,afr_osc_per_min,0.5360564494053955,47.0,,,-inf,-0.5344461850346814
2026-05-11T00:12:23+00:00,stock,20.9,ol_fueling,ffb_wbo2_div_per_min,1.6994129991788072,149.0,,,-inf,-1.0437500015738903
2026-05-11T00:12:23+00:00,stock,20.9,ol_fueling,maf_corr_mean_pct,-1.017067829789973,,46613.0,,0.3447612823035693,0.7163154008634618
2026-05-11T00:12:23+00:00,stock,20.9,ol_fueling,maf_corr_mean_abs_pct,1.3385986559543477,,46613.0,,-0.5192297124297374,-0.5076295958855277
2026-05-11T00:12:23+00:00,stock,20.9,cross_thread,stutter_signature_per_min,1.1291401806624288,99.0,,,-inf,-0.8529623534180262
2026-05-11T00:12:23+00:00,stock,20.10,pedal_throttle,throttle_hunt_per_min,0.3037199620957487,25.0,,,-inf,0.0642053783188698
2026-05-11T00:12:23+00:00,stock,20.10,pedal_throttle,rpm_swing_per_min,1.6036413998655532,132.0,,,-inf,0.7026103466096756
2026-05-11T00:12:23+00:00,stock,20.10,avcs,avcs_osc_per_min,0.935457483254906,77.0,,,-inf,-0.1138445028152297
2026-05-11T00:12:23+00:00,stock,20.10,timing_sum,fbkc_events_per_min,0.218678372708939,18.0,,,-inf,0.1616510908573012
2026-05-11T00:12:23+00:00,stock,20.10,timing_sum,flkc_events_per_min,0.0,0.0,,,-inf,0.0
2026-05-11T00:12:23+00:00,stock,20.10,timing_sum,total_knock_per_min,0.218678372708939,,,,-inf,0.1616510908573012
2026-05-11T00:12:23+00:00,stock,20.10,timing_sum,min_fbkc_depth,-7.0,,,,-2.8,-4.2
2026-05-11T00:12:23+00:00,stock,20.10,timing_sum,timing_osc_per_min,0.5709935287400075,47.0,,,-inf,-0.3756593499971803
2026-05-11T00:12:23+00:00,stock,20.10,ol_fueling,afr_osc_per_min,0.7532255059974567,62.0,,,-inf,0.2171690565920612
2026-05-11T00:12:23+00:00,stock,20.10,ol_fueling,ffb_wbo2_div_per_min,1.919510160445132,158.0,,,-inf,0.2200971612663247
2026-05-11T00:12:23+00:00,stock,20.10,ol_fueling,maf_corr_mean_pct,-1.9156069866694767,,37958.0,,-0.5537778745759347,-0.898539156879504
2026-05-11T00:12:23+00:00,stock,20.10,ol_fueling,maf_corr_mean_abs_pct,1.9409307655830128,,37958.0,,0.0831023971989277,0.6023321096286651
2026-05-11T00:12:23+00:00,stock,20.10,cross_thread,stutter_signature_per_min,1.3606654301889545,112.0,,,-inf,0.2315252495265254
2026-05-11T00:12:23+00:00,stock,20.11,pedal_throttle,throttle_hunt_per_min,0.6705169238471579,25.0,,,-inf,0.3667969617514092
2026-05-11T00:12:23+00:00,stock,20.11,pedal_throttle,rpm_swing_per_min,2.8429917571119496,106.0,,,-inf,1.2393503572463964
2026-05-11T00:12:23+00:00,stock,20.11,avcs,avcs_osc_per_min,1.4483165555098612,54.0,,,-inf,0.5128590722549551
2026-05-11T00:12:23+00:00,stock,20.11,timing_sum,fbkc_events_per_min,0.3218481234466357,12.0,,,-inf,0.1031697507376966
2026-05-11T00:12:23+00:00,stock,20.11,timing_sum,flkc_events_per_min,0.3754894773544084,14.0,,,-inf,0.3754894773544084
2026-05-11T00:12:23+00:00,stock,20.11,timing_sum,total_knock_per_min,0.6973376008010442,,,,-inf,0.4786592280921051
2026-05-11T00:12:23+00:00,stock,20.11,timing_sum,min_fbkc_depth,-4.2,,,,0.0,2.8
2026-05-11T00:12:23+00:00,stock,20.11,timing_sum,timing_osc_per_min,0.938723693386021,35.0,,,-inf,0.3677301646460135
2026-05-11T00:12:23+00:00,stock,20.11,ol_fueling,afr_osc_per_min,1.609240617233179,60.0,,,-inf,0.8560151112357223
2026-05-11T00:12:23+00:00,stock,20.11,ol_fueling,ffb_wbo2_div_per_min,3.459867327051335,129.0,,,-inf,1.540357166606203
2026-05-11T00:12:23+00:00,stock,20.11,ol_fueling,maf_corr_mean_pct,-0.7471493931805047,,20764.0,,0.6146797189130373,1.168457593488972
2026-05-11T00:12:23+00:00,stock,20.11,ol_fueling,maf_corr_mean_abs_pct,0.869427374301676,,20764.0,,-0.9884009940824088,-1.0715033912813363
2026-05-11T00:12:23+00:00,stock,20.11,cross_thread,stutter_signature_per_min,2.1992955102186778,82.0,,,-inf,0.8386300800297235
2026-05-11T00:12:23+00:00,stock,20.1,pedal_throttle,throttle_hunt_per_min,0.0,0.0,,,-inf,-0.6705169238471579
2026-05-11T00:12:23+00:00,stock,20.1,pedal_throttle,rpm_swing_per_min,0.0,0.0,,,-inf,-2.8429917571119496
2026-05-11T00:12:23+00:00,stock,20.1,avcs,avcs_osc_per_min,0.0,0.0,,,-inf,-1.4483165555098612
2026-05-11T00:12:23+00:00,stock,20.1,timing_sum,timing_osc_per_min,0.0,0.0,,,-inf,-0.938723693386021
2026-05-11T00:12:23+00:00,stock,20.1,wgdc,mean_target_attainment,0.7285170880655274,,,6.0,,
2026-05-11T00:12:23+00:00,stock,20.1,wgdc,mean_peak_mrp,11.253333333333336,,,6.0,,
2026-05-11T00:12:23+00:00,stock,20.1,wgdc,wgdc_pegged_pulls,0.0,,,6.0,,
2026-05-11T00:12:23+00:00,stock,20.1,ol_fueling,afr_osc_per_min,0.0,0.0,,,-inf,-1.609240617233179
2026-05-11T00:12:23+00:00,stock,20.1,ol_fueling,ffb_wbo2_div_per_min,0.0,0.0,,,-inf,-3.459867327051335
2026-05-11T00:12:23+00:00,stock,20.11,pedal_throttle,throttle_hunt_per_min,0.0,0.0,,,-inf,0.0
2026-05-11T00:12:23+00:00,stock,20.11,pedal_throttle,rpm_swing_per_min,0.0,0.0,,,-inf,0.0
2026-05-11T00:12:23+00:00,stock,20.11,avcs,avcs_osc_per_min,0.0,0.0,,,-inf,0.0
2026-05-11T00:12:23+00:00,stock,20.11,timing_sum,timing_osc_per_min,0.0,0.0,,,-inf,0.0
2026-05-11T00:12:23+00:00,stock,20.11,wgdc,mean_target_attainment,0.7871591503705861,,,11.0,,0.0586420623050587
2026-05-11T00:12:23+00:00,stock,20.11,wgdc,mean_peak_mrp,13.847272727272726,,,11.0,,2.59393939393939
2026-05-11T00:12:23+00:00,stock,20.11,wgdc,wgdc_pegged_pulls,0.0,,,11.0,,0.0
2026-05-11T00:12:23+00:00,stock,20.11,ol_fueling,afr_osc_per_min,0.0,0.0,,,-inf,0.0
2026-05-11T00:12:23+00:00,stock,20.11,ol_fueling,ffb_wbo2_div_per_min,0.0,0.0,,,-inf,0.0
2026-05-11T00:12:23+00:00,stock,20.8,pedal_throttle,throttle_hunt_per_min,0.0,0.0,,,-inf,0.0
2026-05-11T00:12:23+00:00,stock,20.8,pedal_throttle,rpm_swing_per_min,0.0,0.0,,,-inf,0.0
2026-05-11T00:12:23+00:00,stock,20.8,avcs,avcs_osc_per_min,0.0,0.0,,,-inf,0.0
2026-05-11T00:12:23+00:00,stock,20.8,timing_sum,timing_osc_per_min,0.0,0.0,,,-inf,0.0
2026-05-11T00:12:23+00:00,stock,20.8,wgdc,mean_target_attainment,0.831825968983463,,,12.0,,0.0446668186128768
2026-05-11T00:12:23+00:00,stock,20.8,wgdc,mean_peak_mrp,12.8,,,12.0,,-1.047272727272727
2026-05-11T00:12:23+00:00,stock,20.8,wgdc,wgdc_pegged_pulls,0.0,,,12.0,,0.0
2026-05-11T00:12:23+00:00,stock,20.8,ol_fueling,afr_osc_per_min,0.0,0.0,,,-inf,0.0
2026-05-11T00:12:23+00:00,stock,20.8,ol_fueling,ffb_wbo2_div_per_min,0.0,0.0,,,-inf,0.0
2026-05-11T00:12:23+00:00,stock,20.9,pedal_throttle,throttle_hunt_per_min,0.0,0.0,,,-inf,0.0
2026-05-11T00:12:23+00:00,stock,20.9,pedal_throttle,rpm_swing_per_min,0.0,0.0,,,-inf,0.0
2026-05-11T00:12:23+00:00,stock,20.9,avcs,avcs_osc_per_min,0.0,0.0,,,-inf,0.0
2026-05-11T00:12:23+00:00,stock,20.9,timing_sum,timing_osc_per_min,0.0,0.0,,,-inf,0.0
2026-05-11T00:12:23+00:00,stock,20.9,wgdc,mean_target_attainment,0.5896524232109547,,,11.0,,-0.2421735457725082
2026-05-11T00:12:23+00:00,stock,20.9,wgdc,mean_peak_mrp,8.940772727272728,,,11.0,,-3.859227272727271
2026-05-11T00:12:23+00:00,stock,20.9,wgdc,wgdc_pegged_pulls,0.0,,,11.0,,0.0
2026-05-11T00:12:23+00:00,stock,20.9,ol_fueling,afr_osc_per_min,0.0,0.0,,,-inf,0.0
2026-05-11T00:12:23+00:00,stock,20.9,ol_fueling,ffb_wbo2_div_per_min,0.0,0.0,,,-inf,0.0
2026-05-11T00:27:38+00:00,stock,old_2023_base,pedal_throttle,throttle_hunt_per_min,0.0,0.0,,,-0.3519574522546607,
2026-05-11T00:27:38+00:00,stock,old_2023_base,pedal_throttle,rpm_swing_per_min,7.706868577609519,19.0,,,6.032404335064618,
2026-05-11T00:27:38+00:00,stock,old_2023_base,avcs,avcs_osc_per_min,2.43374797187669,6.0,,,1.4631986338411105,
2026-05-11T00:27:38+00:00,stock,old_2023_base,timing_sum,fbkc_events_per_min,0.4056246619794483,1.0,,,0.2883055112278948,
2026-05-11T00:27:38+00:00,stock,old_2023_base,timing_sum,flkc_events_per_min,2.028123309897242,5.0,,,1.9854618005330409,
2026-05-11T00:27:38+00:00,stock,old_2023_base,timing_sum,total_knock_per_min,2.43374797187669,,,,2.273767311760935,
2026-05-11T00:27:38+00:00,stock,old_2023_base,timing_sum,min_fbkc_depth,-1.41,,,,2.79,
2026-05-11T00:27:38+00:00,stock,old_2023_base,timing_sum,timing_osc_per_min,5.273120605732829,13.0,,,4.32390202237935,
2026-05-11T00:27:38+00:00,stock,old_2023_base,ol_fueling,afr_osc_per_min,2.8393726338561387,7.0,,,2.2101153707341696,
2026-05-11T00:27:38+00:00,stock,old_2023_base,ol_fueling,ffb_wbo2_div_per_min,14.602487831260142,36.0,,,12.405420099003774,
2026-05-11T00:27:38+00:00,stock,old_2023_base,ol_fueling,maf_corr_mean_pct,4.622304948729381,,2243.0,,5.984134060822923,
2026-05-11T00:27:38+00:00,stock,old_2023_base,ol_fueling,maf_corr_mean_abs_pct,4.845934016941596,,2243.0,,2.988105648557512,
2026-05-11T00:27:38+00:00,stock,old_2023_base,cross_thread,stutter_signature_per_min,5.273120605732829,13.0,,,3.7586370233036814,
2026-05-11T00:27:38+00:00,stock,garn_base,pedal_throttle,throttle_hunt_per_min,0.3519574522546607,33.0,,,0.0,0.3519574522546607
2026-05-11T00:27:38+00:00,stock,garn_base,pedal_throttle,rpm_swing_per_min,1.6744642425449012,157.0,,,0.0,-6.032404335064618
2026-05-11T00:27:38+00:00,stock,garn_base,avcs,avcs_osc_per_min,0.9705493380355796,91.0,,,0.0,-1.4631986338411105
2026-05-11T00:27:38+00:00,stock,garn_base,timing_sum,fbkc_events_per_min,0.1173191507515535,11.0,,,0.0,-0.2883055112278948
2026-05-11T00:27:38+00:00,stock,garn_base,timing_sum,flkc_events_per_min,0.0426615093642013,4.0,,,0.0,-1.9854618005330409
2026-05-11T00:27:38+00:00,stock,garn_base,timing_sum,total_knock_per_min,0.1599806601157548,,,,0.0,-2.273767311760935
2026-05-11T00:27:38+00:00,stock,garn_base,timing_sum,min_fbkc_depth,-4.2,,,,0.0,-2.79
2026-05-11T00:27:38+00:00,stock,garn_base,timing_sum,timing_osc_per_min,0.949218583353479,89.0,,,0.0,-4.32390202237935
2026-05-11T00:27:38+00:00,stock,garn_base,ol_fueling,afr_osc_per_min,0.6292572631219692,59.0,,,0.0,-2.2101153707341696
2026-05-11T00:27:38+00:00,stock,garn_base,ol_fueling,ffb_wbo2_div_per_min,2.197067732256367,206.0,,,0.0,-12.405420099003774
2026-05-11T00:27:38+00:00,stock,garn_base,ol_fueling,maf_corr_mean_pct,-1.361829112093542,,48406.0,,0.0,-5.984134060822923
2026-05-11T00:27:38+00:00,stock,garn_base,ol_fueling,maf_corr_mean_abs_pct,1.8578283683840848,,48406.0,,0.0,-2.988105648557512
2026-05-11T00:27:38+00:00,stock,garn_base,cross_thread,stutter_signature_per_min,1.5144835824291465,142.0,,,0.0,-3.7586370233036814
2026-05-11T00:27:38+00:00,stock,20.7,pedal_throttle,throttle_hunt_per_min,0.2077667606966098,41.0,,,-0.1441906915580509,-0.1441906915580509
2026-05-11T00:27:38+00:00,stock,20.7,pedal_throttle,rpm_swing_per_min,1.1199135149744093,221.0,,,-0.554550727570492,-0.554550727570492
2026-05-11T00:27:38+00:00,stock,20.7,avcs,avcs_osc_per_min,1.1047110690697792,218.0,,,0.1341617310341996,0.1341617310341996
2026-05-11T00:27:38+00:00,stock,20.7,timing_sum,fbkc_events_per_min,0.1976317967601898,39.0,,,0.0803126460086362,0.0803126460086362
2026-05-11T00:27:38+00:00,stock,20.7,timing_sum,flkc_events_per_min,0.0,0.0,,,-0.0426615093642013,-0.0426615093642013
2026-05-11T00:27:38+00:00,stock,20.7,timing_sum,total_knock_per_min,0.1976317967601898,,,,0.0376511366444349,0.0376511366444349
2026-05-11T00:27:38+00:00,stock,20.7,timing_sum,min_fbkc_depth,-9.45,,,,-5.249999999999999,-5.249999999999999
2026-05-11T00:27:38+00:00,stock,20.7,timing_sum,timing_osc_per_min,1.0286988395466292,203.0,,,0.0794802561931502,0.0794802561931502
2026-05-11T00:27:38+00:00,stock,20.7,ol_fueling,afr_osc_per_min,0.6739751017719295,133.0,,,0.0447178386499603,0.0447178386499603
2026-05-11T00:27:38+00:00,stock,20.7,ol_fueling,ffb_wbo2_div_per_min,2.077667606966098,410.0,,,-0.1194001252902685,-0.1194001252902685
2026-05-11T00:27:38+00:00,stock,20.7,ol_fueling,maf_corr_mean_pct,2.261221591094371,,122664.0,,3.623050703187913,3.623050703187913
2026-05-11T00:27:38+00:00,stock,20.7,ol_fueling,maf_corr_mean_abs_pct,2.4359112539131287,,122664.0,,0.5780828855290439,0.5780828855290439
2026-05-11T00:27:38+00:00,stock,20.7,cross_thread,stutter_signature_per_min,1.4036925051941689,277.0,,,-0.1107910772349773,-0.1107910772349773
2026-05-11T00:27:38+00:00,stock,20.8,pedal_throttle,throttle_hunt_per_min,0.3596219787572133,43.0,,,0.0076645265025526,0.1518552180606035
2026-05-11T00:27:38+00:00,stock,20.8,pedal_throttle,rpm_swing_per_min,1.4468512168604166,173.0,,,-0.2276130256844846,0.3269377018860073
2026-05-11T00:27:38+00:00,stock,20.8,avcs,avcs_osc_per_min,1.1792255582503974,141.0,,,0.2086762202148178,0.0745144891806182
2026-05-11T00:27:38+00:00,stock,20.8,timing_sum,fbkc_events_per_min,0.1421761311365727,17.0,,,0.0248569803850191,-0.0554556656236171
2026-05-11T00:27:38+00:00,stock,20.8,timing_sum,flkc_events_per_min,0.0334532073262524,4.0,,,-0.0092083020379488,0.0334532073262524
2026-05-11T00:27:38+00:00,stock,20.8,timing_sum,total_knock_per_min,0.1756293384628251,,,,0.0156486783470702,-0.0220024582973647
2026-05-11T00:27:38+00:00,stock,20.8,timing_sum,min_fbkc_depth,-4.2,,,,0.0,5.249999999999999
2026-05-11T00:27:38+00:00,stock,20.8,timing_sum,timing_osc_per_min,1.1123191435978923,133.0,,,0.1631005602444135,0.0836203040512633
2026-05-11T00:27:38+00:00,stock,20.8,wgdc,mean_target_attainment,0.831825968983463,,,12.0,,
2026-05-11T00:27:38+00:00,stock,20.8,wgdc,mean_peak_mrp,12.8,,,12.0,,
2026-05-11T00:27:38+00:00,stock,20.8,wgdc,wgdc_pegged_pulls,0.0,,,12.0,,
2026-05-11T00:27:38+00:00,stock,20.8,ol_fueling,afr_osc_per_min,1.070502634440077,128.0,,,0.4412453713181078,0.3965275326681474
2026-05-11T00:27:38+00:00,stock,20.8,ol_fueling,ffb_wbo2_div_per_min,2.743163000752697,328.0,,,0.5460952684963303,0.6654953937865988
2026-05-11T00:27:38+00:00,stock,20.8,ol_fueling,maf_corr_mean_pct,-1.7333832306534345,,71744.0,,-0.3715541185598925,-3.9946048217478056
2026-05-11T00:27:38+00:00,stock,20.8,ol_fueling,maf_corr_mean_abs_pct,1.8462282518398752,,71744.0,,-0.0116001165442096,-0.5896830020732535
2026-05-11T00:27:38+00:00,stock,20.8,cross_thread,stutter_signature_per_min,1.982102534080455,237.0,,,0.4676189516513087,0.5784100288862861
2026-05-11T00:27:38+00:00,stock,20.9,pedal_throttle,throttle_hunt_per_min,0.2395145837768788,21.0,,,-0.1124428684777819,-0.1201073949803345
2026-05-11T00:27:38+00:00,stock,20.9,pedal_throttle,rpm_swing_per_min,0.9010310532558776,79.0,,,-0.7734331892890236,-0.545820163604539
2026-05-11T00:27:38+00:00,stock,20.9,avcs,avcs_osc_per_min,1.0493019860701358,92.0,,,0.0787526480345561,-0.1299235721802616
2026-05-11T00:27:38+00:00,stock,20.9,timing_sum,fbkc_events_per_min,0.0570272818516378,5.0,,,-0.0602918688999157,-0.0851488492849349
2026-05-11T00:27:38+00:00,stock,20.9,timing_sum,flkc_events_per_min,0.0,0.0,,,-0.0426615093642013,-0.0334532073262524
2026-05-11T00:27:38+00:00,stock,20.9,timing_sum,total_knock_per_min,0.0570272818516378,,,,-0.102953378264117,-0.1186020566111873
2026-05-11T00:27:38+00:00,stock,20.9,timing_sum,min_fbkc_depth,-2.8,,,,1.4000000000000004,1.4000000000000004
2026-05-11T00:27:38+00:00,stock,20.9,timing_sum,timing_osc_per_min,0.9466528787371878,83.0,,,-0.0025657046162911,-0.1656662648607046
2026-05-11T00:27:38+00:00,stock,20.9,wgdc,mean_target_attainment,0.5896524232109547,,,11.0,,-0.2421735457725082
2026-05-11T00:27:38+00:00,stock,20.9,wgdc,mean_peak_mrp,8.940772727272728,,,11.0,,-3.859227272727271
2026-05-11T00:27:38+00:00,stock,20.9,wgdc,wgdc_pegged_pulls,0.0,,,11.0,,0.0
2026-05-11T00:27:38+00:00,stock,20.9,ol_fueling,afr_osc_per_min,0.5360564494053955,47.0,,,-0.0932008137165736,-0.5344461850346814
2026-05-11T00:27:38+00:00,stock,20.9,ol_fueling,ffb_wbo2_div_per_min,1.6994129991788072,149.0,,,-0.49765473307756,-1.0437500015738903
2026-05-11T00:27:38+00:00,stock,20.9,ol_fueling,maf_corr_mean_pct,-1.017067829789973,,46613.0,,0.3447612823035693,0.7163154008634618
2026-05-11T00:27:38+00:00,stock,20.9,ol_fueling,maf_corr_mean_abs_pct,1.3385986559543477,,46613.0,,-0.5192297124297374,-0.5076295958855277
2026-05-11T00:27:38+00:00,stock,20.9,cross_thread,stutter_signature_per_min,1.1291401806624288,99.0,,,-0.3853434017667174,-0.8529623534180262
2026-05-11T00:27:38+00:00,stock,20.10,pedal_throttle,throttle_hunt_per_min,0.3037199620957487,25.0,,,-0.048237490158912,0.0642053783188698
2026-05-11T00:27:38+00:00,stock,20.10,pedal_throttle,rpm_swing_per_min,1.6036413998655532,132.0,,,-0.070822842679348,0.7026103466096756
2026-05-11T00:27:38+00:00,stock,20.10,avcs,avcs_osc_per_min,0.935457483254906,77.0,,,-0.0350918547806735,-0.1138445028152297
2026-05-11T00:27:38+00:00,stock,20.10,timing_sum,fbkc_events_per_min,0.218678372708939,18.0,,,0.1013592219573855,0.1616510908573012
2026-05-11T00:27:38+00:00,stock,20.10,timing_sum,flkc_events_per_min,0.0,0.0,,,-0.0426615093642013,0.0
2026-05-11T00:27:38+00:00,stock,20.10,timing_sum,total_knock_per_min,0.218678372708939,,,,0.0586977125931842,0.1616510908573012
2026-05-11T00:27:38+00:00,stock,20.10,timing_sum,min_fbkc_depth,-7.0,,,,-2.8,-4.2
2026-05-11T00:27:38+00:00,stock,20.10,timing_sum,timing_osc_per_min,0.5709935287400075,47.0,,,-0.3782250546134714,-0.3756593499971803
2026-05-11T00:27:38+00:00,stock,20.10,wgdc,mean_target_attainment,0.7285170880655274,,,6.0,,0.1388646648545727
2026-05-11T00:27:38+00:00,stock,20.10,wgdc,mean_peak_mrp,11.253333333333336,,,6.0,,2.3125606060606074
2026-05-11T00:27:38+00:00,stock,20.10,wgdc,wgdc_pegged_pulls,0.0,,,6.0,,0.0
2026-05-11T00:27:38+00:00,stock,20.10,ol_fueling,afr_osc_per_min,0.7532255059974567,62.0,,,0.1239682428754875,0.2171690565920612
2026-05-11T00:27:38+00:00,stock,20.10,ol_fueling,ffb_wbo2_div_per_min,1.919510160445132,158.0,,,-0.2775575718112353,0.2200971612663247
2026-05-11T00:27:38+00:00,stock,20.10,ol_fueling,maf_corr_mean_pct,-1.9156069866694767,,37958.0,,-0.5537778745759347,-0.898539156879504
2026-05-11T00:27:38+00:00,stock,20.10,ol_fueling,maf_corr_mean_abs_pct,1.9409307655830128,,37958.0,,0.0831023971989277,0.6023321096286651
2026-05-11T00:27:38+00:00,stock,20.10,cross_thread,stutter_signature_per_min,1.3606654301889545,112.0,,,-0.153818152240192,0.2315252495265254
2026-05-11T00:27:38+00:00,stock,20.11,pedal_throttle,throttle_hunt_per_min,0.6705169238471579,25.0,,,0.3185594715924971,0.3667969617514092
2026-05-11T00:27:38+00:00,stock,20.11,pedal_throttle,rpm_swing_per_min,2.8429917571119496,106.0,,,1.1685275145670484,1.2393503572463964
2026-05-11T00:27:38+00:00,stock,20.11,avcs,avcs_osc_per_min,1.4483165555098612,54.0,,,0.4777672174742815,0.5128590722549551
2026-05-11T00:27:38+00:00,stock,20.11,timing_sum,fbkc_events_per_min,0.3218481234466357,12.0,,,0.2045289726950822,0.1031697507376966
2026-05-11T00:27:38+00:00,stock,20.11,timing_sum,flkc_events_per_min,0.3754894773544084,14.0,,,0.3328279679902071,0.3754894773544084
2026-05-11T00:27:38+00:00,stock,20.11,timing_sum,total_knock_per_min,0.6973376008010442,,,,0.5373569406852894,0.4786592280921051
2026-05-11T00:27:38+00:00,stock,20.11,timing_sum,min_fbkc_depth,-4.2,,,,0.0,2.8
2026-05-11T00:27:38+00:00,stock,20.11,timing_sum,timing_osc_per_min,0.938723693386021,35.0,,,-0.0104948899674579,0.3677301646460135
2026-05-11T00:27:38+00:00,stock,20.11,wgdc,mean_target_attainment,0.7871591503705861,,,11.0,,0.0586420623050587
2026-05-11T00:27:38+00:00,stock,20.11,wgdc,mean_peak_mrp,13.847272727272726,,,11.0,,2.59393939393939
2026-05-11T00:27:38+00:00,stock,20.11,wgdc,wgdc_pegged_pulls,0.0,,,11.0,,0.0
2026-05-11T00:27:38+00:00,stock,20.11,ol_fueling,afr_osc_per_min,1.609240617233179,60.0,,,0.9799833541112098,0.8560151112357223
2026-05-11T00:27:38+00:00,stock,20.11,ol_fueling,ffb_wbo2_div_per_min,3.459867327051335,129.0,,,1.2627995947949675,1.540357166606203
2026-05-11T00:27:38+00:00,stock,20.11,ol_fueling,maf_corr_mean_pct,-0.7471493931805047,,20764.0,,0.6146797189130373,1.168457593488972
2026-05-11T00:27:38+00:00,stock,20.11,ol_fueling,maf_corr_mean_abs_pct,0.869427374301676,,20764.0,,-0.9884009940824088,-1.0715033912813363
2026-05-11T00:27:38+00:00,stock,20.11,cross_thread,stutter_signature_per_min,2.1992955102186778,82.0,,,0.6848119277895315,0.8386300800297235
2026-05-11T00:33:32+00:00,stock,old_2023_base,pedal_throttle,throttle_hunt_per_min,0.0,0.0,,,-0.3519574522546607,
2026-05-11T00:33:32+00:00,stock,old_2023_base,pedal_throttle,rpm_swing_per_min,7.706868577609519,19.0,,,6.032404335064618,
2026-05-11T00:33:32+00:00,stock,old_2023_base,avcs,avcs_osc_per_min,2.43374797187669,6.0,,,1.4631986338411105,
2026-05-11T00:33:32+00:00,stock,old_2023_base,timing_sum,fbkc_events_per_min,0.4056246619794483,1.0,,,0.2883055112278948,
2026-05-11T00:33:32+00:00,stock,old_2023_base,timing_sum,flkc_events_per_min,2.028123309897242,5.0,,,1.9854618005330409,
2026-05-11T00:33:32+00:00,stock,old_2023_base,timing_sum,total_knock_per_min,2.43374797187669,,,,2.273767311760935,
2026-05-11T00:33:32+00:00,stock,old_2023_base,timing_sum,min_fbkc_depth,-1.41,,,,2.79,
2026-05-11T00:33:32+00:00,stock,old_2023_base,timing_sum,timing_osc_per_min,5.273120605732829,13.0,,,4.32390202237935,
2026-05-11T00:33:32+00:00,stock,old_2023_base,ol_fueling,afr_osc_per_min,2.8393726338561387,7.0,,,2.2101153707341696,
2026-05-11T00:33:32+00:00,stock,old_2023_base,ol_fueling,ffb_wbo2_div_per_min,14.602487831260142,36.0,,,12.405420099003774,
2026-05-11T00:33:32+00:00,stock,old_2023_base,ol_fueling,maf_corr_mean_pct,4.622304948729381,,2243.0,,5.984134060822923,
2026-05-11T00:33:32+00:00,stock,old_2023_base,ol_fueling,maf_corr_mean_abs_pct,4.845934016941596,,2243.0,,2.988105648557512,
2026-05-11T00:33:32+00:00,stock,old_2023_base,cross_thread,stutter_signature_per_min,5.273120605732829,13.0,,,3.7586370233036814,
2026-05-11T00:33:32+00:00,stock,garn_base,pedal_throttle,throttle_hunt_per_min,0.3519574522546607,33.0,,,0.0,0.3519574522546607
2026-05-11T00:33:32+00:00,stock,garn_base,pedal_throttle,rpm_swing_per_min,1.6744642425449012,157.0,,,0.0,-6.032404335064618
2026-05-11T00:33:32+00:00,stock,garn_base,avcs,avcs_osc_per_min,0.9705493380355796,91.0,,,0.0,-1.4631986338411105
2026-05-11T00:33:32+00:00,stock,garn_base,timing_sum,fbkc_events_per_min,0.1173191507515535,11.0,,,0.0,-0.2883055112278948
2026-05-11T00:33:32+00:00,stock,garn_base,timing_sum,flkc_events_per_min,0.0426615093642013,4.0,,,0.0,-1.9854618005330409
2026-05-11T00:33:32+00:00,stock,garn_base,timing_sum,total_knock_per_min,0.1599806601157548,,,,0.0,-2.273767311760935
2026-05-11T00:33:32+00:00,stock,garn_base,timing_sum,min_fbkc_depth,-4.2,,,,0.0,-2.79
2026-05-11T00:33:32+00:00,stock,garn_base,timing_sum,timing_osc_per_min,0.949218583353479,89.0,,,0.0,-4.32390202237935
2026-05-11T00:33:32+00:00,stock,garn_base,ol_fueling,afr_osc_per_min,0.6292572631219692,59.0,,,0.0,-2.2101153707341696
2026-05-11T00:33:32+00:00,stock,garn_base,ol_fueling,ffb_wbo2_div_per_min,2.197067732256367,206.0,,,0.0,-12.405420099003774
2026-05-11T00:33:32+00:00,stock,garn_base,ol_fueling,maf_corr_mean_pct,-1.361829112093542,,48406.0,,0.0,-5.984134060822923
2026-05-11T00:33:32+00:00,stock,garn_base,ol_fueling,maf_corr_mean_abs_pct,1.8578283683840848,,48406.0,,0.0,-2.988105648557512
2026-05-11T00:33:32+00:00,stock,garn_base,cross_thread,stutter_signature_per_min,1.5144835824291465,142.0,,,0.0,-3.7586370233036814
2026-05-11T00:33:32+00:00,stock,20.7,pedal_throttle,throttle_hunt_per_min,0.2077667606966098,41.0,,,-0.1441906915580509,-0.1441906915580509
2026-05-11T00:33:32+00:00,stock,20.7,pedal_throttle,rpm_swing_per_min,1.1199135149744093,221.0,,,-0.554550727570492,-0.554550727570492
2026-05-11T00:33:32+00:00,stock,20.7,avcs,avcs_osc_per_min,1.1047110690697792,218.0,,,0.1341617310341996,0.1341617310341996
2026-05-11T00:33:32+00:00,stock,20.7,timing_sum,fbkc_events_per_min,0.1976317967601898,39.0,,,0.0803126460086362,0.0803126460086362
2026-05-11T00:33:32+00:00,stock,20.7,timing_sum,flkc_events_per_min,0.0,0.0,,,-0.0426615093642013,-0.0426615093642013
2026-05-11T00:33:32+00:00,stock,20.7,timing_sum,total_knock_per_min,0.1976317967601898,,,,0.0376511366444349,0.0376511366444349
2026-05-11T00:33:32+00:00,stock,20.7,timing_sum,min_fbkc_depth,-9.45,,,,-5.249999999999999,-5.249999999999999
2026-05-11T00:33:32+00:00,stock,20.7,timing_sum,timing_osc_per_min,1.0286988395466292,203.0,,,0.0794802561931502,0.0794802561931502
2026-05-11T00:33:32+00:00,stock,20.7,ol_fueling,afr_osc_per_min,0.6739751017719295,133.0,,,0.0447178386499603,0.0447178386499603
2026-05-11T00:33:32+00:00,stock,20.7,ol_fueling,ffb_wbo2_div_per_min,2.077667606966098,410.0,,,-0.1194001252902685,-0.1194001252902685
2026-05-11T00:33:32+00:00,stock,20.7,ol_fueling,maf_corr_mean_pct,2.261221591094371,,122664.0,,3.623050703187913,3.623050703187913
2026-05-11T00:33:32+00:00,stock,20.7,ol_fueling,maf_corr_mean_abs_pct,2.4359112539131287,,122664.0,,0.5780828855290439,0.5780828855290439
2026-05-11T00:33:32+00:00,stock,20.7,cross_thread,stutter_signature_per_min,1.4036925051941689,277.0,,,-0.1107910772349773,-0.1107910772349773
2026-05-11T00:33:32+00:00,stock,20.8,pedal_throttle,throttle_hunt_per_min,0.3596219787572133,43.0,,,0.0076645265025526,0.1518552180606035
2026-05-11T00:33:32+00:00,stock,20.8,pedal_throttle,rpm_swing_per_min,1.4468512168604166,173.0,,,-0.2276130256844846,0.3269377018860073
2026-05-11T00:33:32+00:00,stock,20.8,avcs,avcs_osc_per_min,1.1792255582503974,141.0,,,0.2086762202148178,0.0745144891806182
2026-05-11T00:33:32+00:00,stock,20.8,timing_sum,fbkc_events_per_min,0.1421761311365727,17.0,,,0.0248569803850191,-0.0554556656236171
2026-05-11T00:33:32+00:00,stock,20.8,timing_sum,flkc_events_per_min,0.0334532073262524,4.0,,,-0.0092083020379488,0.0334532073262524
2026-05-11T00:33:32+00:00,stock,20.8,timing_sum,total_knock_per_min,0.1756293384628251,,,,0.0156486783470702,-0.0220024582973647
2026-05-11T00:33:32+00:00,stock,20.8,timing_sum,min_fbkc_depth,-4.2,,,,0.0,5.249999999999999
2026-05-11T00:33:32+00:00,stock,20.8,timing_sum,timing_osc_per_min,1.1123191435978923,133.0,,,0.1631005602444135,0.0836203040512633
2026-05-11T00:33:32+00:00,stock,20.8,wgdc,mean_target_attainment,0.831825968983463,,,12.0,,
2026-05-11T00:33:32+00:00,stock,20.8,wgdc,mean_peak_mrp,12.8,,,12.0,,
2026-05-11T00:33:32+00:00,stock,20.8,wgdc,wgdc_pegged_pulls,0.0,,,12.0,,
2026-05-11T00:33:32+00:00,stock,20.8,ol_fueling,afr_osc_per_min,1.070502634440077,128.0,,,0.4412453713181078,0.3965275326681474
2026-05-11T00:33:32+00:00,stock,20.8,ol_fueling,ffb_wbo2_div_per_min,2.743163000752697,328.0,,,0.5460952684963303,0.6654953937865988
2026-05-11T00:33:32+00:00,stock,20.8,ol_fueling,maf_corr_mean_pct,-1.7333832306534345,,71744.0,,-0.3715541185598925,-3.9946048217478056
2026-05-11T00:33:32+00:00,stock,20.8,ol_fueling,maf_corr_mean_abs_pct,1.8462282518398752,,71744.0,,-0.0116001165442096,-0.5896830020732535
2026-05-11T00:33:32+00:00,stock,20.8,cross_thread,stutter_signature_per_min,1.982102534080455,237.0,,,0.4676189516513087,0.5784100288862861
2026-05-11T00:33:32+00:00,stock,20.9,pedal_throttle,throttle_hunt_per_min,0.2395145837768788,21.0,,,-0.1124428684777819,-0.1201073949803345
2026-05-11T00:33:32+00:00,stock,20.9,pedal_throttle,rpm_swing_per_min,0.9010310532558776,79.0,,,-0.7734331892890236,-0.545820163604539
2026-05-11T00:33:32+00:00,stock,20.9,avcs,avcs_osc_per_min,1.0493019860701358,92.0,,,0.0787526480345561,-0.1299235721802616
2026-05-11T00:33:32+00:00,stock,20.9,timing_sum,fbkc_events_per_min,0.0570272818516378,5.0,,,-0.0602918688999157,-0.0851488492849349
2026-05-11T00:33:32+00:00,stock,20.9,timing_sum,flkc_events_per_min,0.0,0.0,,,-0.0426615093642013,-0.0334532073262524
2026-05-11T00:33:32+00:00,stock,20.9,timing_sum,total_knock_per_min,0.0570272818516378,,,,-0.102953378264117,-0.1186020566111873
2026-05-11T00:33:32+00:00,stock,20.9,timing_sum,min_fbkc_depth,-2.8,,,,1.4000000000000004,1.4000000000000004
2026-05-11T00:33:32+00:00,stock,20.9,timing_sum,timing_osc_per_min,0.9466528787371878,83.0,,,-0.0025657046162911,-0.1656662648607046
2026-05-11T00:33:32+00:00,stock,20.9,wgdc,mean_target_attainment,0.5896524232109547,,,11.0,,-0.2421735457725082
2026-05-11T00:33:32+00:00,stock,20.9,wgdc,mean_peak_mrp,8.940772727272728,,,11.0,,-3.859227272727271
2026-05-11T00:33:32+00:00,stock,20.9,wgdc,wgdc_pegged_pulls,0.0,,,11.0,,0.0
2026-05-11T00:33:32+00:00,stock,20.9,ol_fueling,afr_osc_per_min,0.5360564494053955,47.0,,,-0.0932008137165736,-0.5344461850346814
2026-05-11T00:33:32+00:00,stock,20.9,ol_fueling,ffb_wbo2_div_per_min,1.6994129991788072,149.0,,,-0.49765473307756,-1.0437500015738903
2026-05-11T00:33:32+00:00,stock,20.9,ol_fueling,maf_corr_mean_pct,-1.017067829789973,,46613.0,,0.3447612823035693,0.7163154008634618
2026-05-11T00:33:32+00:00,stock,20.9,ol_fueling,maf_corr_mean_abs_pct,1.3385986559543477,,46613.0,,-0.5192297124297374,-0.5076295958855277
2026-05-11T00:33:32+00:00,stock,20.9,cross_thread,stutter_signature_per_min,1.1291401806624288,99.0,,,-0.3853434017667174,-0.8529623534180262
2026-05-11T00:33:32+00:00,stock,20.10,pedal_throttle,throttle_hunt_per_min,0.3037199620957487,25.0,,,-0.048237490158912,0.0642053783188698
2026-05-11T00:33:32+00:00,stock,20.10,pedal_throttle,rpm_swing_per_min,1.6036413998655532,132.0,,,-0.070822842679348,0.7026103466096756
2026-05-11T00:33:32+00:00,stock,20.10,avcs,avcs_osc_per_min,0.935457483254906,77.0,,,-0.0350918547806735,-0.1138445028152297
2026-05-11T00:33:32+00:00,stock,20.10,timing_sum,fbkc_events_per_min,0.218678372708939,18.0,,,0.1013592219573855,0.1616510908573012
2026-05-11T00:33:32+00:00,stock,20.10,timing_sum,flkc_events_per_min,0.0,0.0,,,-0.0426615093642013,0.0
2026-05-11T00:33:32+00:00,stock,20.10,timing_sum,total_knock_per_min,0.218678372708939,,,,0.0586977125931842,0.1616510908573012
2026-05-11T00:33:32+00:00,stock,20.10,timing_sum,min_fbkc_depth,-7.0,,,,-2.8,-4.2
2026-05-11T00:33:32+00:00,stock,20.10,timing_sum,timing_osc_per_min,0.5709935287400075,47.0,,,-0.3782250546134714,-0.3756593499971803
2026-05-11T00:33:32+00:00,stock,20.10,wgdc,mean_target_attainment,0.7285170880655274,,,6.0,,0.1388646648545727
2026-05-11T00:33:32+00:00,stock,20.10,wgdc,mean_peak_mrp,11.253333333333336,,,6.0,,2.3125606060606074
2026-05-11T00:33:32+00:00,stock,20.10,wgdc,wgdc_pegged_pulls,0.0,,,6.0,,0.0
2026-05-11T00:33:32+00:00,stock,20.10,ol_fueling,afr_osc_per_min,0.7532255059974567,62.0,,,0.1239682428754875,0.2171690565920612
2026-05-11T00:33:32+00:00,stock,20.10,ol_fueling,ffb_wbo2_div_per_min,1.919510160445132,158.0,,,-0.2775575718112353,0.2200971612663247
2026-05-11T00:33:32+00:00,stock,20.10,ol_fueling,maf_corr_mean_pct,-1.9156069866694767,,37958.0,,-0.5537778745759347,-0.898539156879504
2026-05-11T00:33:32+00:00,stock,20.10,ol_fueling,maf_corr_mean_abs_pct,1.9409307655830128,,37958.0,,0.0831023971989277,0.6023321096286651
2026-05-11T00:33:32+00:00,stock,20.10,cross_thread,stutter_signature_per_min,1.3606654301889545,112.0,,,-0.153818152240192,0.2315252495265254
2026-05-11T00:33:32+00:00,stock,20.11,pedal_throttle,throttle_hunt_per_min,0.6705169238471579,25.0,,,0.3185594715924971,0.3667969617514092
2026-05-11T00:33:32+00:00,stock,20.11,pedal_throttle,rpm_swing_per_min,2.8429917571119496,106.0,,,1.1685275145670484,1.2393503572463964
2026-05-11T00:33:32+00:00,stock,20.11,avcs,avcs_osc_per_min,1.4483165555098612,54.0,,,0.4777672174742815,0.5128590722549551
2026-05-11T00:33:32+00:00,stock,20.11,timing_sum,fbkc_events_per_min,0.3218481234466357,12.0,,,0.2045289726950822,0.1031697507376966
2026-05-11T00:33:32+00:00,stock,20.11,timing_sum,flkc_events_per_min,0.3754894773544084,14.0,,,0.3328279679902071,0.3754894773544084
2026-05-11T00:33:32+00:00,stock,20.11,timing_sum,total_knock_per_min,0.6973376008010442,,,,0.5373569406852894,0.4786592280921051
2026-05-11T00:33:32+00:00,stock,20.11,timing_sum,min_fbkc_depth,-4.2,,,,0.0,2.8
2026-05-11T00:33:32+00:00,stock,20.11,timing_sum,timing_osc_per_min,0.938723693386021,35.0,,,-0.0104948899674579,0.3677301646460135
2026-05-11T00:33:32+00:00,stock,20.11,wgdc,mean_target_attainment,0.7871591503705861,,,11.0,,0.0586420623050587
2026-05-11T00:33:32+00:00,stock,20.11,wgdc,mean_peak_mrp,13.847272727272726,,,11.0,,2.59393939393939
2026-05-11T00:33:32+00:00,stock,20.11,wgdc,wgdc_pegged_pulls,0.0,,,11.0,,0.0
2026-05-11T00:33:32+00:00,stock,20.11,ol_fueling,afr_osc_per_min,1.609240617233179,60.0,,,0.9799833541112098,0.8560151112357223
2026-05-11T00:33:32+00:00,stock,20.11,ol_fueling,ffb_wbo2_div_per_min,3.459867327051335,129.0,,,1.2627995947949675,1.540357166606203
2026-05-11T00:33:32+00:00,stock,20.11,ol_fueling,maf_corr_mean_pct,-0.7471493931805047,,20764.0,,0.6146797189130373,1.168457593488972
2026-05-11T00:33:32+00:00,stock,20.11,ol_fueling,maf_corr_mean_abs_pct,0.869427374301676,,20764.0,,-0.9884009940824088,-1.0715033912813363
2026-05-11T00:33:32+00:00,stock,20.11,cross_thread,stutter_signature_per_min,2.1992955102186778,82.0,,,0.6848119277895315,0.8386300800297235
2026-05-18T01:29:20+00:00,stock,old_2023_base,pedal_throttle,throttle_hunt_per_min,0.0,0.0,,,-0.3519574522546607,
2026-05-18T01:29:20+00:00,stock,old_2023_base,pedal_throttle,rpm_swing_per_min,7.706868577609519,19.0,,,6.032404335064618,
2026-05-18T01:29:20+00:00,stock,old_2023_base,avcs,avcs_osc_per_min,2.43374797187669,6.0,,,1.4631986338411105,
2026-05-18T01:29:20+00:00,stock,old_2023_base,timing_sum,fbkc_events_per_min,0.4056246619794483,1.0,,,0.2883055112278948,
2026-05-18T01:29:20+00:00,stock,old_2023_base,timing_sum,flkc_events_per_min,2.028123309897242,5.0,,,1.9854618005330409,
2026-05-18T01:29:20+00:00,stock,old_2023_base,timing_sum,total_knock_per_min,2.43374797187669,,,,2.273767311760935,
2026-05-18T01:29:20+00:00,stock,old_2023_base,timing_sum,min_fbkc_depth,-1.41,,,,2.79,
2026-05-18T01:29:20+00:00,stock,old_2023_base,timing_sum,timing_osc_per_min,5.273120605732829,13.0,,,4.32390202237935,
2026-05-18T01:29:20+00:00,stock,old_2023_base,ol_fueling,afr_osc_per_min,2.8393726338561387,7.0,,,2.2101153707341696,
2026-05-18T01:29:20+00:00,stock,old_2023_base,ol_fueling,ffb_wbo2_div_per_min,14.602487831260142,36.0,,,12.405420099003774,
2026-05-18T01:29:20+00:00,stock,old_2023_base,ol_fueling,maf_corr_mean_pct,4.622304948729381,,2243.0,,5.984134060822923,
2026-05-18T01:29:20+00:00,stock,old_2023_base,ol_fueling,maf_corr_mean_abs_pct,4.845934016941596,,2243.0,,2.988105648557512,
2026-05-18T01:29:20+00:00,stock,old_2023_base,cross_thread,stutter_signature_per_min,5.273120605732829,13.0,,,3.7586370233036814,
2026-05-18T01:29:20+00:00,stock,garn_base,pedal_throttle,throttle_hunt_per_min,0.3519574522546607,33.0,,,0.0,0.3519574522546607
2026-05-18T01:29:20+00:00,stock,garn_base,pedal_throttle,rpm_swing_per_min,1.6744642425449012,157.0,,,0.0,-6.032404335064618
2026-05-18T01:29:20+00:00,stock,garn_base,avcs,avcs_osc_per_min,0.9705493380355796,91.0,,,0.0,-1.4631986338411105
2026-05-18T01:29:20+00:00,stock,garn_base,timing_sum,fbkc_events_per_min,0.1173191507515535,11.0,,,0.0,-0.2883055112278948
2026-05-18T01:29:20+00:00,stock,garn_base,timing_sum,flkc_events_per_min,0.0426615093642013,4.0,,,0.0,-1.9854618005330409
2026-05-18T01:29:20+00:00,stock,garn_base,timing_sum,total_knock_per_min,0.1599806601157548,,,,0.0,-2.273767311760935
2026-05-18T01:29:20+00:00,stock,garn_base,timing_sum,min_fbkc_depth,-4.2,,,,0.0,-2.79
2026-05-18T01:29:20+00:00,stock,garn_base,timing_sum,timing_osc_per_min,0.949218583353479,89.0,,,0.0,-4.32390202237935
2026-05-18T01:29:20+00:00,stock,garn_base,ol_fueling,afr_osc_per_min,0.6292572631219692,59.0,,,0.0,-2.2101153707341696
2026-05-18T01:29:20+00:00,stock,garn_base,ol_fueling,ffb_wbo2_div_per_min,2.197067732256367,206.0,,,0.0,-12.405420099003774
2026-05-18T01:29:20+00:00,stock,garn_base,ol_fueling,maf_corr_mean_pct,-1.361829112093542,,48406.0,,0.0,-5.984134060822923
2026-05-18T01:29:20+00:00,stock,garn_base,ol_fueling,maf_corr_mean_abs_pct,1.8578283683840848,,48406.0,,0.0,-2.988105648557512
2026-05-18T01:29:20+00:00,stock,garn_base,cross_thread,stutter_signature_per_min,1.5144835824291465,142.0,,,0.0,-3.7586370233036814
2026-05-18T01:29:20+00:00,stock,20.7,pedal_throttle,throttle_hunt_per_min,0.2077667606966098,41.0,,,-0.1441906915580509,-0.1441906915580509
2026-05-18T01:29:20+00:00,stock,20.7,pedal_throttle,rpm_swing_per_min,1.1199135149744093,221.0,,,-0.554550727570492,-0.554550727570492
2026-05-18T01:29:20+00:00,stock,20.7,avcs,avcs_osc_per_min,1.1047110690697792,218.0,,,0.1341617310341996,0.1341617310341996
2026-05-18T01:29:20+00:00,stock,20.7,timing_sum,fbkc_events_per_min,0.1976317967601898,39.0,,,0.0803126460086362,0.0803126460086362
2026-05-18T01:29:20+00:00,stock,20.7,timing_sum,flkc_events_per_min,0.0,0.0,,,-0.0426615093642013,-0.0426615093642013
2026-05-18T01:29:20+00:00,stock,20.7,timing_sum,total_knock_per_min,0.1976317967601898,,,,0.0376511366444349,0.0376511366444349
2026-05-18T01:29:20+00:00,stock,20.7,timing_sum,min_fbkc_depth,-9.45,,,,-5.249999999999999,-5.249999999999999
2026-05-18T01:29:20+00:00,stock,20.7,timing_sum,timing_osc_per_min,1.0286988395466292,203.0,,,0.0794802561931502,0.0794802561931502
2026-05-18T01:29:20+00:00,stock,20.7,ol_fueling,afr_osc_per_min,0.6739751017719295,133.0,,,0.0447178386499603,0.0447178386499603
2026-05-18T01:29:20+00:00,stock,20.7,ol_fueling,ffb_wbo2_div_per_min,2.077667606966098,410.0,,,-0.1194001252902685,-0.1194001252902685
2026-05-18T01:29:20+00:00,stock,20.7,ol_fueling,maf_corr_mean_pct,2.261221591094371,,122664.0,,3.623050703187913,3.623050703187913
2026-05-18T01:29:20+00:00,stock,20.7,ol_fueling,maf_corr_mean_abs_pct,2.4359112539131287,,122664.0,,0.5780828855290439,0.5780828855290439
2026-05-18T01:29:20+00:00,stock,20.7,cross_thread,stutter_signature_per_min,1.4036925051941689,277.0,,,-0.1107910772349773,-0.1107910772349773
2026-05-18T01:29:20+00:00,stock,20.8,pedal_throttle,throttle_hunt_per_min,0.3596219787572133,43.0,,,0.0076645265025526,0.1518552180606035
2026-05-18T01:29:20+00:00,stock,20.8,pedal_throttle,rpm_swing_per_min,1.4468512168604166,173.0,,,-0.2276130256844846,0.3269377018860073
2026-05-18T01:29:20+00:00,stock,20.8,avcs,avcs_osc_per_min,1.1792255582503974,141.0,,,0.2086762202148178,0.0745144891806182
2026-05-18T01:29:20+00:00,stock,20.8,timing_sum,fbkc_events_per_min,0.1421761311365727,17.0,,,0.0248569803850191,-0.0554556656236171
2026-05-18T01:29:20+00:00,stock,20.8,timing_sum,flkc_events_per_min,0.0334532073262524,4.0,,,-0.0092083020379488,0.0334532073262524
2026-05-18T01:29:20+00:00,stock,20.8,timing_sum,total_knock_per_min,0.1756293384628251,,,,0.0156486783470702,-0.0220024582973647
2026-05-18T01:29:20+00:00,stock,20.8,timing_sum,min_fbkc_depth,-4.2,,,,0.0,5.249999999999999
2026-05-18T01:29:20+00:00,stock,20.8,timing_sum,timing_osc_per_min,1.1123191435978923,133.0,,,0.1631005602444135,0.0836203040512633
2026-05-18T01:29:20+00:00,stock,20.8,wgdc,mean_target_attainment,0.831825968983463,,,12.0,,
2026-05-18T01:29:20+00:00,stock,20.8,wgdc,mean_peak_mrp,12.8,,,12.0,,
2026-05-18T01:29:20+00:00,stock,20.8,wgdc,wgdc_pegged_pulls,0.0,,,12.0,,
2026-05-18T01:29:20+00:00,stock,20.8,ol_fueling,afr_osc_per_min,1.070502634440077,128.0,,,0.4412453713181078,0.3965275326681474
2026-05-18T01:29:20+00:00,stock,20.8,ol_fueling,ffb_wbo2_div_per_min,2.743163000752697,328.0,,,0.5460952684963303,0.6654953937865988
2026-05-18T01:29:20+00:00,stock,20.8,ol_fueling,maf_corr_mean_pct,-1.7333832306534345,,71744.0,,-0.3715541185598925,-3.9946048217478056
2026-05-18T01:29:20+00:00,stock,20.8,ol_fueling,maf_corr_mean_abs_pct,1.8462282518398752,,71744.0,,-0.0116001165442096,-0.5896830020732535
2026-05-18T01:29:20+00:00,stock,20.8,cross_thread,stutter_signature_per_min,1.982102534080455,237.0,,,0.4676189516513087,0.5784100288862861
2026-05-18T01:29:20+00:00,stock,20.9,pedal_throttle,throttle_hunt_per_min,0.2395145837768788,21.0,,,-0.1124428684777819,-0.1201073949803345
2026-05-18T01:29:20+00:00,stock,20.9,pedal_throttle,rpm_swing_per_min,0.9010310532558776,79.0,,,-0.7734331892890236,-0.545820163604539
2026-05-18T01:29:20+00:00,stock,20.9,avcs,avcs_osc_per_min,1.0493019860701358,92.0,,,0.0787526480345561,-0.1299235721802616
2026-05-18T01:29:20+00:00,stock,20.9,timing_sum,fbkc_events_per_min,0.0570272818516378,5.0,,,-0.0602918688999157,-0.0851488492849349
2026-05-18T01:29:20+00:00,stock,20.9,timing_sum,flkc_events_per_min,0.0,0.0,,,-0.0426615093642013,-0.0334532073262524
2026-05-18T01:29:20+00:00,stock,20.9,timing_sum,total_knock_per_min,0.0570272818516378,,,,-0.102953378264117,-0.1186020566111873
2026-05-18T01:29:20+00:00,stock,20.9,timing_sum,min_fbkc_depth,-2.8,,,,1.4000000000000004,1.4000000000000004
2026-05-18T01:29:20+00:00,stock,20.9,timing_sum,timing_osc_per_min,0.9466528787371878,83.0,,,-0.0025657046162911,-0.1656662648607046
2026-05-18T01:29:20+00:00,stock,20.9,wgdc,mean_target_attainment,0.5896524232109547,,,11.0,,-0.2421735457725082
2026-05-18T01:29:20+00:00,stock,20.9,wgdc,mean_peak_mrp,8.940772727272728,,,11.0,,-3.859227272727271
2026-05-18T01:29:20+00:00,stock,20.9,wgdc,wgdc_pegged_pulls,0.0,,,11.0,,0.0
2026-05-18T01:29:20+00:00,stock,20.9,ol_fueling,afr_osc_per_min,0.5360564494053955,47.0,,,-0.0932008137165736,-0.5344461850346814
2026-05-18T01:29:20+00:00,stock,20.9,ol_fueling,ffb_wbo2_div_per_min,1.6994129991788072,149.0,,,-0.49765473307756,-1.0437500015738903
2026-05-18T01:29:20+00:00,stock,20.9,ol_fueling,maf_corr_mean_pct,-1.017067829789973,,46613.0,,0.3447612823035693,0.7163154008634618
2026-05-18T01:29:20+00:00,stock,20.9,ol_fueling,maf_corr_mean_abs_pct,1.3385986559543477,,46613.0,,-0.5192297124297374,-0.5076295958855277
2026-05-18T01:29:20+00:00,stock,20.9,cross_thread,stutter_signature_per_min,1.1291401806624288,99.0,,,-0.3853434017667174,-0.8529623534180262
2026-05-18T01:29:20+00:00,stock,20.10,pedal_throttle,throttle_hunt_per_min,0.3037199620957487,25.0,,,-0.048237490158912,0.0642053783188698
2026-05-18T01:29:20+00:00,stock,20.10,pedal_throttle,rpm_swing_per_min,1.6036413998655532,132.0,,,-0.070822842679348,0.7026103466096756
2026-05-18T01:29:20+00:00,stock,20.10,avcs,avcs_osc_per_min,0.935457483254906,77.0,,,-0.0350918547806735,-0.1138445028152297
2026-05-18T01:29:20+00:00,stock,20.10,timing_sum,fbkc_events_per_min,0.218678372708939,18.0,,,0.1013592219573855,0.1616510908573012
2026-05-18T01:29:20+00:00,stock,20.10,timing_sum,flkc_events_per_min,0.0,0.0,,,-0.0426615093642013,0.0
2026-05-18T01:29:20+00:00,stock,20.10,timing_sum,total_knock_per_min,0.218678372708939,,,,0.0586977125931842,0.1616510908573012
2026-05-18T01:29:20+00:00,stock,20.10,timing_sum,min_fbkc_depth,-7.0,,,,-2.8,-4.2
2026-05-18T01:29:20+00:00,stock,20.10,timing_sum,timing_osc_per_min,0.5709935287400075,47.0,,,-0.3782250546134714,-0.3756593499971803
2026-05-18T01:29:20+00:00,stock,20.10,wgdc,mean_target_attainment,0.7285170880655274,,,6.0,,0.1388646648545727
2026-05-18T01:29:20+00:00,stock,20.10,wgdc,mean_peak_mrp,11.253333333333336,,,6.0,,2.3125606060606074
2026-05-18T01:29:20+00:00,stock,20.10,wgdc,wgdc_pegged_pulls,0.0,,,6.0,,0.0
2026-05-18T01:29:20+00:00,stock,20.10,ol_fueling,afr_osc_per_min,0.7532255059974567,62.0,,,0.1239682428754875,0.2171690565920612
2026-05-18T01:29:20+00:00,stock,20.10,ol_fueling,ffb_wbo2_div_per_min,1.919510160445132,158.0,,,-0.2775575718112353,0.2200971612663247
2026-05-18T01:29:20+00:00,stock,20.10,ol_fueling,maf_corr_mean_pct,-1.9156069866694767,,37958.0,,-0.5537778745759347,-0.898539156879504
2026-05-18T01:29:20+00:00,stock,20.10,ol_fueling,maf_corr_mean_abs_pct,1.9409307655830128,,37958.0,,0.0831023971989277,0.6023321096286651
2026-05-18T01:29:20+00:00,stock,20.10,cross_thread,stutter_signature_per_min,1.3606654301889545,112.0,,,-0.153818152240192,0.2315252495265254
2026-05-18T01:29:20+00:00,stock,20.11,pedal_throttle,throttle_hunt_per_min,0.4962131104727083,38.0,,,0.1442556582180475,0.1924931483769595
2026-05-18T01:29:20+00:00,stock,20.11,pedal_throttle,rpm_swing_per_min,2.376599634369287,182.0,,,0.7021353918243858,0.7729582345037338
2026-05-18T01:29:20+00:00,stock,20.11,avcs,avcs_osc_per_min,1.3188822146774617,101.0,,,0.3483328766418818,0.3834247314225554
2026-05-18T01:29:20+00:00,stock,20.11,timing_sum,fbkc_events_per_min,0.3003395142334813,23.0,,,0.1830203634819277,0.0816611415245422
2026-05-18T01:29:20+00:00,stock,20.11,timing_sum,flkc_events_per_min,0.3395142334813267,26.0,,,0.2968527241171254,0.3395142334813267
2026-05-18T01:29:20+00:00,stock,20.11,timing_sum,total_knock_per_min,0.6398537477148081,,,,0.4798730875990532,0.421175375005869
2026-05-18T01:29:20+00:00,stock,20.11,timing_sum,min_fbkc_depth,-4.2,,,,0.0,2.8
2026-05-18T01:29:20+00:00,stock,20.11,timing_sum,timing_osc_per_min,0.8749020632018804,67.0,,,-0.0743165201515986,0.3039085344618728
2026-05-18T01:29:20+00:00,stock,20.11,wgdc,mean_target_attainment,0.7676399339712541,,,20.0,,0.0391228459057266
2026-05-18T01:29:20+00:00,stock,20.11,wgdc,mean_peak_mrp,13.5645,,,20.0,,2.311166666666665
2026-05-18T01:29:20+00:00,stock,20.11,wgdc,wgdc_pegged_pulls,0.0,,,20.0,,0.0
2026-05-18T01:29:20+00:00,stock,20.11,ol_fueling,afr_osc_per_min,1.2013580569339253,92.0,,,0.5721007938119561,0.4481325509364685
2026-05-18T01:29:20+00:00,stock,20.11,ol_fueling,ffb_wbo2_div_per_min,2.8075215460955865,215.0,,,0.6104538138392193,0.8880113856504546
2026-05-18T01:29:20+00:00,stock,20.11,ol_fueling,maf_corr_mean_pct,-1.0785863660127748,,43993.0,,0.2832427460807671,0.8370206206567019
2026-05-18T01:29:20+00:00,stock,20.11,ol_fueling,maf_corr_mean_abs_pct,1.4322658150160257,,43993.0,,-0.4255625533680593,-0.5086649505669871
2026-05-18T01:29:20+00:00,stock,20.11,cross_thread,stutter_signature_per_min,1.893444763645861,145.0,,,0.3789611812167144,0.5327793334569064
2026-05-18T01:29:20+00:00,stock,20.12,pedal_throttle,throttle_hunt_per_min,0.0,0.0,,,-0.3519574522546607,-0.4962131104727083
2026-05-18T01:29:20+00:00,stock,20.12,pedal_throttle,rpm_swing_per_min,0.0,0.0,,,-1.6744642425449012,-2.376599634369287
2026-05-18T01:29:20+00:00,stock,20.12,avcs,avcs_osc_per_min,0.0,0.0,,,-0.9705493380355796,-1.3188822146774617
2026-05-18T01:29:20+00:00,stock,20.12,timing_sum,fbkc_events_per_min,,31.0,,,,
2026-05-18T01:29:20+00:00,stock,20.12,timing_sum,flkc_events_per_min,,57.0,,,,
2026-05-18T01:29:20+00:00,stock,20.12,timing_sum,total_knock_per_min,,,,,,
2026-05-18T01:29:20+00:00,stock,20.12,timing_sum,min_fbkc_depth,-7.0,,,,-2.8,-2.8
2026-05-18T01:29:20+00:00,stock,20.12,timing_sum,timing_osc_per_min,0.0,0.0,,,-0.949218583353479,-0.8749020632018804
2026-05-18T01:29:20+00:00,stock,20.12,wgdc,mean_target_attainment,0.8293115953918506,,,72.0,,0.0616716614205965
2026-05-18T01:29:20+00:00,stock,20.12,wgdc,mean_peak_mrp,9.870416666666666,,,72.0,,-3.694083333333335
2026-05-18T01:29:20+00:00,stock,20.12,wgdc,wgdc_pegged_pulls,0.0,,,72.0,,0.0
2026-05-18T01:29:20+00:00,stock,20.12,ol_fueling,afr_osc_per_min,0.0,0.0,,,-0.6292572631219692,-1.2013580569339253
2026-05-18T01:29:20+00:00,stock,20.12,ol_fueling,ffb_wbo2_div_per_min,0.0,0.0,,,-2.197067732256367,-2.8075215460955865
2026-05-18T01:29:20+00:00,stock,20.12,ol_fueling,maf_corr_mean_pct,1.8318566670646304,,242903.0,,3.1936857791581725,2.9104430330774056
2026-05-18T01:29:20+00:00,stock,20.12,ol_fueling,maf_corr_mean_abs_pct,2.3931842752045056,,242903.0,,0.5353559068204208,0.9609184601884802
2026-05-18T01:31:00+00:00,stock,old_2023_base,pedal_throttle,throttle_hunt_per_min,0.0,0.0,,,-0.3519574522546607,
2026-05-18T01:31:00+00:00,stock,old_2023_base,pedal_throttle,rpm_swing_per_min,inf,19.0,,,inf,
2026-05-18T01:31:00+00:00,stock,old_2023_base,avcs,avcs_osc_per_min,inf,6.0,,,inf,
2026-05-18T01:31:00+00:00,stock,old_2023_base,timing_sum,fbkc_events_per_min,inf,1.0,,,inf,
2026-05-18T01:31:00+00:00,stock,old_2023_base,timing_sum,flkc_events_per_min,inf,5.0,,,inf,
2026-05-18T01:31:00+00:00,stock,old_2023_base,timing_sum,total_knock_per_min,inf,,,,inf,
2026-05-18T01:31:00+00:00,stock,old_2023_base,timing_sum,min_fbkc_depth,-1.41,,,,2.79,
2026-05-18T01:31:00+00:00,stock,old_2023_base,timing_sum,timing_osc_per_min,inf,13.0,,,inf,
2026-05-18T01:31:00+00:00,stock,old_2023_base,ol_fueling,afr_osc_per_min,inf,7.0,,,inf,
2026-05-18T01:31:00+00:00,stock,old_2023_base,ol_fueling,ffb_wbo2_div_per_min,inf,36.0,,,inf,
2026-05-18T01:31:00+00:00,stock,old_2023_base,ol_fueling,maf_corr_mean_pct,4.622304948729381,,2243.0,,5.984134060822923,
2026-05-18T01:31:00+00:00,stock,old_2023_base,ol_fueling,maf_corr_mean_abs_pct,4.845934016941596,,2243.0,,2.988105648557512,
2026-05-18T01:31:00+00:00,stock,old_2023_base,cross_thread,stutter_signature_per_min,inf,13.0,,,inf,
2026-05-18T01:31:00+00:00,stock,garn_base,pedal_throttle,throttle_hunt_per_min,0.3519574522546607,33.0,,,0.0,0.3519574522546607
2026-05-18T01:31:00+00:00,stock,garn_base,pedal_throttle,rpm_swing_per_min,1.6744642425449012,157.0,,,0.0,-inf
2026-05-18T01:31:00+00:00,stock,garn_base,avcs,avcs_osc_per_min,0.9705493380355796,91.0,,,0.0,-inf
2026-05-18T01:31:00+00:00,stock,garn_base,timing_sum,fbkc_events_per_min,0.1173191507515535,11.0,,,0.0,-inf
2026-05-18T01:31:00+00:00,stock,garn_base,timing_sum,flkc_events_per_min,0.0426615093642013,4.0,,,0.0,-inf
2026-05-18T01:31:00+00:00,stock,garn_base,timing_sum,total_knock_per_min,0.1599806601157548,,,,0.0,-inf
2026-05-18T01:31:00+00:00,stock,garn_base,timing_sum,min_fbkc_depth,-4.2,,,,0.0,-2.79
2026-05-18T01:31:00+00:00,stock,garn_base,timing_sum,timing_osc_per_min,0.949218583353479,89.0,,,0.0,-inf
2026-05-18T01:31:00+00:00,stock,garn_base,ol_fueling,afr_osc_per_min,0.6292572631219692,59.0,,,0.0,-inf
2026-05-18T01:31:00+00:00,stock,garn_base,ol_fueling,ffb_wbo2_div_per_min,2.197067732256367,206.0,,,0.0,-inf
2026-05-18T01:31:00+00:00,stock,garn_base,ol_fueling,maf_corr_mean_pct,-1.361829112093542,,48406.0,,0.0,-5.984134060822923
2026-05-18T01:31:00+00:00,stock,garn_base,ol_fueling,maf_corr_mean_abs_pct,1.8578283683840848,,48406.0,,0.0,-2.988105648557512
2026-05-18T01:31:00+00:00,stock,garn_base,cross_thread,stutter_signature_per_min,1.5144835824291465,142.0,,,0.0,-inf
2026-05-18T01:31:00+00:00,stock,20.7,pedal_throttle,throttle_hunt_per_min,0.2077667606966098,41.0,,,-0.1441906915580509,-0.1441906915580509
2026-05-18T01:31:00+00:00,stock,20.7,pedal_throttle,rpm_swing_per_min,1.1199135149744093,221.0,,,-0.554550727570492,-0.554550727570492
2026-05-18T01:31:00+00:00,stock,20.7,avcs,avcs_osc_per_min,1.1047110690697792,218.0,,,0.1341617310341996,0.1341617310341996
2026-05-18T01:31:00+00:00,stock,20.7,timing_sum,fbkc_events_per_min,0.1976317967601898,39.0,,,0.0803126460086362,0.0803126460086362
2026-05-18T01:31:00+00:00,stock,20.7,timing_sum,flkc_events_per_min,0.0,0.0,,,-0.0426615093642013,-0.0426615093642013
2026-05-18T01:31:00+00:00,stock,20.7,timing_sum,total_knock_per_min,0.1976317967601898,,,,0.0376511366444349,0.0376511366444349
2026-05-18T01:31:00+00:00,stock,20.7,timing_sum,min_fbkc_depth,-9.45,,,,-5.249999999999999,-5.249999999999999
2026-05-18T01:31:00+00:00,stock,20.7,timing_sum,timing_osc_per_min,1.0286988395466292,203.0,,,0.0794802561931502,0.0794802561931502
2026-05-18T01:31:00+00:00,stock,20.7,ol_fueling,afr_osc_per_min,0.6739751017719295,133.0,,,0.0447178386499603,0.0447178386499603
2026-05-18T01:31:00+00:00,stock,20.7,ol_fueling,ffb_wbo2_div_per_min,2.077667606966098,410.0,,,-0.1194001252902685,-0.1194001252902685
2026-05-18T01:31:00+00:00,stock,20.7,ol_fueling,maf_corr_mean_pct,2.261221591094371,,122664.0,,3.623050703187913,3.623050703187913
2026-05-18T01:31:00+00:00,stock,20.7,ol_fueling,maf_corr_mean_abs_pct,2.4359112539131287,,122664.0,,0.5780828855290439,0.5780828855290439
2026-05-18T01:31:00+00:00,stock,20.7,cross_thread,stutter_signature_per_min,1.4036925051941689,277.0,,,-0.1107910772349773,-0.1107910772349773
2026-05-18T01:31:00+00:00,stock,20.8,pedal_throttle,throttle_hunt_per_min,0.3619609867786033,43.0,,,0.0100035345239425,0.1541942260819934
2026-05-18T01:31:00+00:00,stock,20.8,pedal_throttle,rpm_swing_per_min,1.4562616444813576,173.0,,,-0.2182025980635435,0.3363481295069483
2026-05-18T01:31:00+00:00,stock,20.8,avcs,avcs_osc_per_min,1.1868953287391413,141.0,,,0.2163459907035616,0.082184259669362
2026-05-18T01:31:00+00:00,stock,20.8,timing_sum,fbkc_events_per_min,0.1431008552380525,17.0,,,0.0257817044864989,-0.0545309415221373
2026-05-18T01:31:00+00:00,stock,20.8,timing_sum,flkc_events_per_min,0.033670789467777,4.0,,,-0.0089907198964242,0.033670789467777
2026-05-18T01:31:00+00:00,stock,20.8,timing_sum,total_knock_per_min,0.1767716447058295,,,,0.0167909845900746,-0.0208601520543603
2026-05-18T01:31:00+00:00,stock,20.8,timing_sum,min_fbkc_depth,-4.2,,,,0.0,5.249999999999999
2026-05-18T01:31:00+00:00,stock,20.8,timing_sum,timing_osc_per_min,1.119553749803587,133.0,,,0.170335166450108,0.0908549102569578
2026-05-18T01:31:00+00:00,stock,20.8,wgdc,mean_target_attainment,0.831825968983463,,,12.0,,
2026-05-18T01:31:00+00:00,stock,20.8,wgdc,mean_peak_mrp,12.8,,,12.0,,
2026-05-18T01:31:00+00:00,stock,20.8,wgdc,wgdc_pegged_pulls,0.0,,,12.0,,
2026-05-18T01:31:00+00:00,stock,20.8,ol_fueling,afr_osc_per_min,1.0774652629688657,128.0,,,0.4482079998468965,0.4034901611969361
2026-05-18T01:31:00+00:00,stock,20.8,ol_fueling,ffb_wbo2_div_per_min,2.7610047363577186,328.0,,,0.5639370041013514,0.68333712939162
2026-05-18T01:31:00+00:00,stock,20.8,ol_fueling,maf_corr_mean_pct,-1.7333832306534345,,71744.0,,-0.3715541185598925,-3.9946048217478056
2026-05-18T01:31:00+00:00,stock,20.8,ol_fueling,maf_corr_mean_abs_pct,1.8462282518398752,,71744.0,,-0.0116001165442096,-0.5896830020732535
2026-05-18T01:31:00+00:00,stock,20.8,cross_thread,stutter_signature_per_min,1.9949942759657904,237.0,,,0.4805106935366443,0.5913017707716217
2026-05-18T01:31:00+00:00,stock,20.9,pedal_throttle,throttle_hunt_per_min,0.2395145837768788,21.0,,,-0.1124428684777819,-0.1224464030017244
2026-05-18T01:31:00+00:00,stock,20.9,pedal_throttle,rpm_swing_per_min,0.9010310532558776,79.0,,,-0.7734331892890236,-0.55523059122548
2026-05-18T01:31:00+00:00,stock,20.9,avcs,avcs_osc_per_min,1.0493019860701358,92.0,,,0.0787526480345561,-0.1375933426690054
2026-05-18T01:31:00+00:00,stock,20.9,timing_sum,fbkc_events_per_min,0.0570272818516378,5.0,,,-0.0602918688999157,-0.0860735733864146
2026-05-18T01:31:00+00:00,stock,20.9,timing_sum,flkc_events_per_min,0.0,0.0,,,-0.0426615093642013,-0.033670789467777
2026-05-18T01:31:00+00:00,stock,20.9,timing_sum,total_knock_per_min,0.0570272818516378,,,,-0.102953378264117,-0.1197443628541917
2026-05-18T01:31:00+00:00,stock,20.9,timing_sum,min_fbkc_depth,-2.8,,,,1.4000000000000004,1.4000000000000004
2026-05-18T01:31:00+00:00,stock,20.9,timing_sum,timing_osc_per_min,0.9466528787371878,83.0,,,-0.0025657046162911,-0.1729008710663991
2026-05-18T01:31:00+00:00,stock,20.9,wgdc,mean_target_attainment,0.5896524232109547,,,11.0,,-0.2421735457725082
2026-05-18T01:31:00+00:00,stock,20.9,wgdc,mean_peak_mrp,8.940772727272728,,,11.0,,-3.859227272727271
2026-05-18T01:31:00+00:00,stock,20.9,wgdc,wgdc_pegged_pulls,0.0,,,11.0,,0.0
2026-05-18T01:31:00+00:00,stock,20.9,ol_fueling,afr_osc_per_min,0.5360564494053955,47.0,,,-0.0932008137165736,-0.5414088135634701
2026-05-18T01:31:00+00:00,stock,20.9,ol_fueling,ffb_wbo2_div_per_min,1.6994129991788072,149.0,,,-0.49765473307756,-1.0615917371789114
2026-05-18T01:31:00+00:00,stock,20.9,ol_fueling,maf_corr_mean_pct,-1.017067829789973,,46613.0,,0.3447612823035693,0.7163154008634618
2026-05-18T01:31:00+00:00,stock,20.9,ol_fueling,maf_corr_mean_abs_pct,1.3385986559543477,,46613.0,,-0.5192297124297374,-0.5076295958855277
2026-05-18T01:31:00+00:00,stock,20.9,cross_thread,stutter_signature_per_min,1.1291401806624288,99.0,,,-0.3853434017667174,-0.8658540953033618
2026-05-18T01:31:00+00:00,stock,20.10,pedal_throttle,throttle_hunt_per_min,0.3037199620957487,25.0,,,-0.048237490158912,0.0642053783188698
2026-05-18T01:31:00+00:00,stock,20.10,pedal_throttle,rpm_swing_per_min,1.6036413998655532,132.0,,,-0.070822842679348,0.7026103466096756
2026-05-18T01:31:00+00:00,stock,20.10,avcs,avcs_osc_per_min,0.935457483254906,77.0,,,-0.0350918547806735,-0.1138445028152297
2026-05-18T01:31:00+00:00,stock,20.10,timing_sum,fbkc_events_per_min,0.218678372708939,18.0,,,0.1013592219573855,0.1616510908573012
2026-05-18T01:31:00+00:00,stock,20.10,timing_sum,flkc_events_per_min,0.0,0.0,,,-0.0426615093642013,0.0
2026-05-18T01:31:00+00:00,stock,20.10,timing_sum,total_knock_per_min,0.218678372708939,,,,0.0586977125931842,0.1616510908573012
2026-05-18T01:31:00+00:00,stock,20.10,timing_sum,min_fbkc_depth,-7.0,,,,-2.8,-4.2
2026-05-18T01:31:00+00:00,stock,20.10,timing_sum,timing_osc_per_min,0.5709935287400075,47.0,,,-0.3782250546134714,-0.3756593499971803
2026-05-18T01:31:00+00:00,stock,20.10,wgdc,mean_target_attainment,0.7285170880655274,,,6.0,,0.1388646648545727
2026-05-18T01:31:00+00:00,stock,20.10,wgdc,mean_peak_mrp,11.253333333333336,,,6.0,,2.3125606060606074
2026-05-18T01:31:00+00:00,stock,20.10,wgdc,wgdc_pegged_pulls,0.0,,,6.0,,0.0
2026-05-18T01:31:00+00:00,stock,20.10,ol_fueling,afr_osc_per_min,0.7532255059974567,62.0,,,0.1239682428754875,0.2171690565920612
2026-05-18T01:31:00+00:00,stock,20.10,ol_fueling,ffb_wbo2_div_per_min,1.919510160445132,158.0,,,-0.2775575718112353,0.2200971612663247
2026-05-18T01:31:00+00:00,stock,20.10,ol_fueling,maf_corr_mean_pct,-1.9156069866694767,,37958.0,,-0.5537778745759347,-0.898539156879504
2026-05-18T01:31:00+00:00,stock,20.10,ol_fueling,maf_corr_mean_abs_pct,1.9409307655830128,,37958.0,,0.0831023971989277,0.6023321096286651
2026-05-18T01:31:00+00:00,stock,20.10,cross_thread,stutter_signature_per_min,1.3606654301889545,112.0,,,-0.153818152240192,0.2315252495265254
2026-05-18T01:31:00+00:00,stock,20.11,pedal_throttle,throttle_hunt_per_min,0.4962131104727083,38.0,,,0.1442556582180475,0.1924931483769595
2026-05-18T01:31:00+00:00,stock,20.11,pedal_throttle,rpm_swing_per_min,2.376599634369287,182.0,,,0.7021353918243858,0.7729582345037338
2026-05-18T01:31:00+00:00,stock,20.11,avcs,avcs_osc_per_min,1.3188822146774617,101.0,,,0.3483328766418818,0.3834247314225554
2026-05-18T01:31:00+00:00,stock,20.11,timing_sum,fbkc_events_per_min,0.3003395142334813,23.0,,,0.1830203634819277,0.0816611415245422
2026-05-18T01:31:00+00:00,stock,20.11,timing_sum,flkc_events_per_min,0.3395142334813267,26.0,,,0.2968527241171254,0.3395142334813267
2026-05-18T01:31:00+00:00,stock,20.11,timing_sum,total_knock_per_min,0.6398537477148081,,,,0.4798730875990532,0.421175375005869
2026-05-18T01:31:00+00:00,stock,20.11,timing_sum,min_fbkc_depth,-4.2,,,,0.0,2.8
2026-05-18T01:31:00+00:00,stock,20.11,timing_sum,timing_osc_per_min,0.8749020632018804,67.0,,,-0.0743165201515986,0.3039085344618728
2026-05-18T01:31:00+00:00,stock,20.11,wgdc,mean_target_attainment,0.7676399339712541,,,20.0,,0.0391228459057266
2026-05-18T01:31:00+00:00,stock,20.11,wgdc,mean_peak_mrp,13.5645,,,20.0,,2.311166666666665
2026-05-18T01:31:00+00:00,stock,20.11,wgdc,wgdc_pegged_pulls,0.0,,,20.0,,0.0
2026-05-18T01:31:00+00:00,stock,20.11,ol_fueling,afr_osc_per_min,1.2013580569339253,92.0,,,0.5721007938119561,0.4481325509364685
2026-05-18T01:31:00+00:00,stock,20.11,ol_fueling,ffb_wbo2_div_per_min,2.8075215460955865,215.0,,,0.6104538138392193,0.8880113856504546
2026-05-18T01:31:00+00:00,stock,20.11,ol_fueling,maf_corr_mean_pct,-1.0785863660127748,,43993.0,,0.2832427460807671,0.8370206206567019
2026-05-18T01:31:00+00:00,stock,20.11,ol_fueling,maf_corr_mean_abs_pct,1.4322658150160257,,43993.0,,-0.4255625533680593,-0.5086649505669871
2026-05-18T01:31:00+00:00,stock,20.11,cross_thread,stutter_signature_per_min,1.893444763645861,145.0,,,0.3789611812167144,0.5327793334569064
2026-05-18T01:31:00+00:00,stock,20.12,pedal_throttle,throttle_hunt_per_min,0.2266585302066079,78.0,,,-0.1252989220480527,-0.2695545802661003
2026-05-18T01:31:00+00:00,stock,20.12,pedal_throttle,rpm_swing_per_min,1.0693633220004068,368.0,,,-0.6051009205444944,-1.3072363123688802
2026-05-18T01:31:00+00:00,stock,20.12,avcs,avcs_osc_per_min,1.127480893848255,388.0,,,0.1569315558126753,-0.1914013208292064
2026-05-18T01:31:00+00:00,stock,20.12,timing_sum,fbkc_events_per_min,0.0900822363641647,31.0,,,-0.0272369143873888,-0.2102572778693166
2026-05-18T01:31:00+00:00,stock,20.12,timing_sum,flkc_events_per_min,0.1656350797663673,57.0,,,0.122973570402166,-0.1738791537149593
2026-05-18T01:31:00+00:00,stock,20.12,timing_sum,total_knock_per_min,0.255717316130532,,,,0.0957366560147771,-0.384136431584276
2026-05-18T01:31:00+00:00,stock,20.12,timing_sum,min_fbkc_depth,-7.0,,,,-2.8,-2.8
2026-05-18T01:31:00+00:00,stock,20.12,timing_sum,timing_osc_per_min,0.709034376543748,244.0,,,-0.2401842068097309,-0.1658676866581323
2026-05-18T01:31:00+00:00,stock,20.12,wgdc,mean_target_attainment,0.8293115953918506,,,72.0,,0.0616716614205965
2026-05-18T01:31:00+00:00,stock,20.12,wgdc,mean_peak_mrp,9.870416666666666,,,72.0,,-3.694083333333335
2026-05-18T01:31:00+00:00,stock,20.12,wgdc,wgdc_pegged_pulls,0.0,,,72.0,,0.0
2026-05-18T01:31:00+00:00,stock,20.12,ol_fueling,afr_osc_per_min,0.9037282422340396,311.0,,,0.2744709791120703,-0.2976298146998858
2026-05-18T01:31:00+00:00,stock,20.12,ol_fueling,ffb_wbo2_div_per_min,2.0515502862290416,706.0,,,-0.1455174460273256,-0.7559712598665449
2026-05-18T01:31:00+00:00,stock,20.12,ol_fueling,maf_corr_mean_pct,1.8318566670646304,,242903.0,,3.1936857791581725,2.9104430330774056
2026-05-18T01:31:00+00:00,stock,20.12,ol_fueling,maf_corr_mean_abs_pct,2.3931842752045056,,242903.0,,0.5353559068204208,0.9609184601884802
2026-05-18T01:31:00+00:00,stock,20.12,cross_thread,stutter_signature_per_min,1.3657629384244327,470.0,,,-0.1487206440047135,-0.5276818252214279
2026-05-22T11:52:16+00:00,stock,old_2023_base,pedal_throttle,throttle_hunt_per_min,0.0,0.0,,,-0.3519574522546607,
2026-05-22T11:52:16+00:00,stock,old_2023_base,pedal_throttle,rpm_swing_per_min,inf,19.0,,,inf,
2026-05-22T11:52:16+00:00,stock,old_2023_base,avcs,avcs_osc_per_min,inf,6.0,,,inf,
2026-05-22T11:52:16+00:00,stock,old_2023_base,timing_sum,fbkc_events_per_min,inf,1.0,,,inf,
2026-05-22T11:52:16+00:00,stock,old_2023_base,timing_sum,flkc_events_per_min,inf,5.0,,,inf,
2026-05-22T11:52:16+00:00,stock,old_2023_base,timing_sum,total_knock_per_min,inf,,,,inf,
2026-05-22T11:52:16+00:00,stock,old_2023_base,timing_sum,min_fbkc_depth,-1.41,,,,2.79,
2026-05-22T11:52:16+00:00,stock,old_2023_base,timing_sum,timing_osc_per_min,inf,13.0,,,inf,
2026-05-22T11:52:16+00:00,stock,old_2023_base,ol_fueling,afr_osc_per_min,inf,7.0,,,inf,
2026-05-22T11:52:16+00:00,stock,old_2023_base,ol_fueling,ffb_wbo2_div_per_min,inf,36.0,,,inf,
2026-05-22T11:52:16+00:00,stock,old_2023_base,ol_fueling,maf_corr_mean_pct,4.622304948729381,,2243.0,,5.984134060822923,
2026-05-22T11:52:16+00:00,stock,old_2023_base,ol_fueling,maf_corr_mean_abs_pct,4.845934016941596,,2243.0,,2.988105648557512,
2026-05-22T11:52:16+00:00,stock,old_2023_base,cross_thread,stutter_signature_per_min,inf,13.0,,,inf,
2026-05-22T11:52:16+00:00,stock,garn_base,pedal_throttle,throttle_hunt_per_min,0.3519574522546607,33.0,,,0.0,0.3519574522546607
2026-05-22T11:52:16+00:00,stock,garn_base,pedal_throttle,rpm_swing_per_min,1.6744642425449012,157.0,,,0.0,-inf
2026-05-22T11:52:16+00:00,stock,garn_base,avcs,avcs_osc_per_min,0.9705493380355796,91.0,,,0.0,-inf
2026-05-22T11:52:16+00:00,stock,garn_base,timing_sum,fbkc_events_per_min,0.1173191507515535,11.0,,,0.0,-inf
2026-05-22T11:52:16+00:00,stock,garn_base,timing_sum,flkc_events_per_min,0.0426615093642013,4.0,,,0.0,-inf
2026-05-22T11:52:16+00:00,stock,garn_base,timing_sum,total_knock_per_min,0.1599806601157548,,,,0.0,-inf
2026-05-22T11:52:16+00:00,stock,garn_base,timing_sum,min_fbkc_depth,-4.2,,,,0.0,-2.79
2026-05-22T11:52:16+00:00,stock,garn_base,timing_sum,timing_osc_per_min,0.949218583353479,89.0,,,0.0,-inf
2026-05-22T11:52:16+00:00,stock,garn_base,ol_fueling,afr_osc_per_min,0.6292572631219692,59.0,,,0.0,-inf
2026-05-22T11:52:16+00:00,stock,garn_base,ol_fueling,ffb_wbo2_div_per_min,2.197067732256367,206.0,,,0.0,-inf
2026-05-22T11:52:16+00:00,stock,garn_base,ol_fueling,maf_corr_mean_pct,-1.361829112093542,,48406.0,,0.0,-5.984134060822923
2026-05-22T11:52:16+00:00,stock,garn_base,ol_fueling,maf_corr_mean_abs_pct,1.8578283683840848,,48406.0,,0.0,-2.988105648557512
2026-05-22T11:52:16+00:00,stock,garn_base,cross_thread,stutter_signature_per_min,1.5144835824291465,142.0,,,0.0,-inf
2026-05-22T11:52:16+00:00,stock,20.7,pedal_throttle,throttle_hunt_per_min,0.2077667606966098,41.0,,,-0.1441906915580509,-0.1441906915580509
2026-05-22T11:52:16+00:00,stock,20.7,pedal_throttle,rpm_swing_per_min,1.1199135149744093,221.0,,,-0.554550727570492,-0.554550727570492
2026-05-22T11:52:16+00:00,stock,20.7,avcs,avcs_osc_per_min,1.1047110690697792,218.0,,,0.1341617310341996,0.1341617310341996
2026-05-22T11:52:16+00:00,stock,20.7,timing_sum,fbkc_events_per_min,0.1976317967601898,39.0,,,0.0803126460086362,0.0803126460086362
2026-05-22T11:52:16+00:00,stock,20.7,timing_sum,flkc_events_per_min,0.0,0.0,,,-0.0426615093642013,-0.0426615093642013
2026-05-22T11:52:16+00:00,stock,20.7,timing_sum,total_knock_per_min,0.1976317967601898,,,,0.0376511366444349,0.0376511366444349
2026-05-22T11:52:16+00:00,stock,20.7,timing_sum,min_fbkc_depth,-9.45,,,,-5.249999999999999,-5.249999999999999
2026-05-22T11:52:16+00:00,stock,20.7,timing_sum,timing_osc_per_min,1.0286988395466292,203.0,,,0.0794802561931502,0.0794802561931502
2026-05-22T11:52:16+00:00,stock,20.7,ol_fueling,afr_osc_per_min,0.6739751017719295,133.0,,,0.0447178386499603,0.0447178386499603
2026-05-22T11:52:16+00:00,stock,20.7,ol_fueling,ffb_wbo2_div_per_min,2.077667606966098,410.0,,,-0.1194001252902685,-0.1194001252902685
2026-05-22T11:52:16+00:00,stock,20.7,ol_fueling,maf_corr_mean_pct,2.261221591094371,,122664.0,,3.623050703187913,3.623050703187913
2026-05-22T11:52:16+00:00,stock,20.7,ol_fueling,maf_corr_mean_abs_pct,2.4359112539131287,,122664.0,,0.5780828855290439,0.5780828855290439
2026-05-22T11:52:16+00:00,stock,20.7,cross_thread,stutter_signature_per_min,1.4036925051941689,277.0,,,-0.1107910772349773,-0.1107910772349773
2026-05-22T11:52:16+00:00,stock,20.8,pedal_throttle,throttle_hunt_per_min,0.3619609867786033,43.0,,,0.0100035345239425,0.1541942260819934
2026-05-22T11:52:16+00:00,stock,20.8,pedal_throttle,rpm_swing_per_min,1.4562616444813576,173.0,,,-0.2182025980635435,0.3363481295069483
2026-05-22T11:52:16+00:00,stock,20.8,avcs,avcs_osc_per_min,1.1868953287391413,141.0,,,0.2163459907035616,0.082184259669362
2026-05-22T11:52:16+00:00,stock,20.8,timing_sum,fbkc_events_per_min,0.1431008552380525,17.0,,,0.0257817044864989,-0.0545309415221373
2026-05-22T11:52:16+00:00,stock,20.8,timing_sum,flkc_events_per_min,0.033670789467777,4.0,,,-0.0089907198964242,0.033670789467777
2026-05-22T11:52:16+00:00,stock,20.8,timing_sum,total_knock_per_min,0.1767716447058295,,,,0.0167909845900746,-0.0208601520543603
2026-05-22T11:52:16+00:00,stock,20.8,timing_sum,min_fbkc_depth,-4.2,,,,0.0,5.249999999999999
2026-05-22T11:52:16+00:00,stock,20.8,timing_sum,timing_osc_per_min,1.119553749803587,133.0,,,0.170335166450108,0.0908549102569578
2026-05-22T11:52:16+00:00,stock,20.8,wgdc,mean_target_attainment,0.831825968983463,,,12.0,,
2026-05-22T11:52:16+00:00,stock,20.8,wgdc,mean_peak_mrp,12.8,,,12.0,,
2026-05-22T11:52:16+00:00,stock,20.8,wgdc,wgdc_pegged_pulls,0.0,,,12.0,,
2026-05-22T11:52:16+00:00,stock,20.8,ol_fueling,afr_osc_per_min,1.0774652629688657,128.0,,,0.4482079998468965,0.4034901611969361
2026-05-22T11:52:16+00:00,stock,20.8,ol_fueling,ffb_wbo2_div_per_min,2.7610047363577186,328.0,,,0.5639370041013514,0.68333712939162
2026-05-22T11:52:16+00:00,stock,20.8,ol_fueling,maf_corr_mean_pct,-1.7333832306534345,,71744.0,,-0.3715541185598925,-3.9946048217478056
2026-05-22T11:52:16+00:00,stock,20.8,ol_fueling,maf_corr_mean_abs_pct,1.8462282518398752,,71744.0,,-0.0116001165442096,-0.5896830020732535
2026-05-22T11:52:16+00:00,stock,20.8,cross_thread,stutter_signature_per_min,1.9949942759657904,237.0,,,0.4805106935366443,0.5913017707716217
2026-05-22T11:52:16+00:00,stock,20.9,pedal_throttle,throttle_hunt_per_min,0.2395145837768788,21.0,,,-0.1124428684777819,-0.1224464030017244
2026-05-22T11:52:16+00:00,stock,20.9,pedal_throttle,rpm_swing_per_min,0.9010310532558776,79.0,,,-0.7734331892890236,-0.55523059122548
2026-05-22T11:52:16+00:00,stock,20.9,avcs,avcs_osc_per_min,1.0493019860701358,92.0,,,0.0787526480345561,-0.1375933426690054
2026-05-22T11:52:16+00:00,stock,20.9,timing_sum,fbkc_events_per_min,0.0570272818516378,5.0,,,-0.0602918688999157,-0.0860735733864146
2026-05-22T11:52:16+00:00,stock,20.9,timing_sum,flkc_events_per_min,0.0,0.0,,,-0.0426615093642013,-0.033670789467777
2026-05-22T11:52:16+00:00,stock,20.9,timing_sum,total_knock_per_min,0.0570272818516378,,,,-0.102953378264117,-0.1197443628541917
2026-05-22T11:52:16+00:00,stock,20.9,timing_sum,min_fbkc_depth,-2.8,,,,1.4000000000000004,1.4000000000000004
2026-05-22T11:52:16+00:00,stock,20.9,timing_sum,timing_osc_per_min,0.9466528787371878,83.0,,,-0.0025657046162911,-0.1729008710663991
2026-05-22T11:52:16+00:00,stock,20.9,wgdc,mean_target_attainment,0.5896524232109547,,,11.0,,-0.2421735457725082
2026-05-22T11:52:16+00:00,stock,20.9,wgdc,mean_peak_mrp,8.940772727272728,,,11.0,,-3.859227272727271
2026-05-22T11:52:16+00:00,stock,20.9,wgdc,wgdc_pegged_pulls,0.0,,,11.0,,0.0
2026-05-22T11:52:16+00:00,stock,20.9,ol_fueling,afr_osc_per_min,0.5360564494053955,47.0,,,-0.0932008137165736,-0.5414088135634701
2026-05-22T11:52:16+00:00,stock,20.9,ol_fueling,ffb_wbo2_div_per_min,1.6994129991788072,149.0,,,-0.49765473307756,-1.0615917371789114
2026-05-22T11:52:16+00:00,stock,20.9,ol_fueling,maf_corr_mean_pct,-1.017067829789973,,46613.0,,0.3447612823035693,0.7163154008634618
2026-05-22T11:52:16+00:00,stock,20.9,ol_fueling,maf_corr_mean_abs_pct,1.3385986559543477,,46613.0,,-0.5192297124297374,-0.5076295958855277
2026-05-22T11:52:16+00:00,stock,20.9,cross_thread,stutter_signature_per_min,1.1291401806624288,99.0,,,-0.3853434017667174,-0.8658540953033618
2026-05-22T11:52:16+00:00,stock,20.10,pedal_throttle,throttle_hunt_per_min,0.3037199620957487,25.0,,,-0.048237490158912,0.0642053783188698
2026-05-22T11:52:16+00:00,stock,20.10,pedal_throttle,rpm_swing_per_min,1.6036413998655532,132.0,,,-0.070822842679348,0.7026103466096756
2026-05-22T11:52:16+00:00,stock,20.10,avcs,avcs_osc_per_min,0.935457483254906,77.0,,,-0.0350918547806735,-0.1138445028152297
2026-05-22T11:52:16+00:00,stock,20.10,timing_sum,fbkc_events_per_min,0.218678372708939,18.0,,,0.1013592219573855,0.1616510908573012
2026-05-22T11:52:16+00:00,stock,20.10,timing_sum,flkc_events_per_min,0.0,0.0,,,-0.0426615093642013,0.0
2026-05-22T11:52:16+00:00,stock,20.10,timing_sum,total_knock_per_min,0.218678372708939,,,,0.0586977125931842,0.1616510908573012
2026-05-22T11:52:16+00:00,stock,20.10,timing_sum,min_fbkc_depth,-7.0,,,,-2.8,-4.2
2026-05-22T11:52:16+00:00,stock,20.10,timing_sum,timing_osc_per_min,0.5709935287400075,47.0,,,-0.3782250546134714,-0.3756593499971803
2026-05-22T11:52:16+00:00,stock,20.10,wgdc,mean_target_attainment,0.7285170880655274,,,6.0,,0.1388646648545727
2026-05-22T11:52:16+00:00,stock,20.10,wgdc,mean_peak_mrp,11.253333333333336,,,6.0,,2.3125606060606074
2026-05-22T11:52:16+00:00,stock,20.10,wgdc,wgdc_pegged_pulls,0.0,,,6.0,,0.0
2026-05-22T11:52:16+00:00,stock,20.10,ol_fueling,afr_osc_per_min,0.7532255059974567,62.0,,,0.1239682428754875,0.2171690565920612
2026-05-22T11:52:16+00:00,stock,20.10,ol_fueling,ffb_wbo2_div_per_min,1.919510160445132,158.0,,,-0.2775575718112353,0.2200971612663247
2026-05-22T11:52:16+00:00,stock,20.10,ol_fueling,maf_corr_mean_pct,-1.9156069866694767,,37958.0,,-0.5537778745759347,-0.898539156879504
2026-05-22T11:52:16+00:00,stock,20.10,ol_fueling,maf_corr_mean_abs_pct,1.9409307655830128,,37958.0,,0.0831023971989277,0.6023321096286651
2026-05-22T11:52:16+00:00,stock,20.10,cross_thread,stutter_signature_per_min,1.3606654301889545,112.0,,,-0.153818152240192,0.2315252495265254
2026-05-22T11:52:16+00:00,stock,20.11,pedal_throttle,throttle_hunt_per_min,0.4962131104727083,38.0,,,0.1442556582180475,0.1924931483769595
2026-05-22T11:52:16+00:00,stock,20.11,pedal_throttle,rpm_swing_per_min,2.376599634369287,182.0,,,0.7021353918243858,0.7729582345037338
2026-05-22T11:52:16+00:00,stock,20.11,avcs,avcs_osc_per_min,1.3188822146774617,101.0,,,0.3483328766418818,0.3834247314225554
2026-05-22T11:52:16+00:00,stock,20.11,timing_sum,fbkc_events_per_min,0.3003395142334813,23.0,,,0.1830203634819277,0.0816611415245422
2026-05-22T11:52:16+00:00,stock,20.11,timing_sum,flkc_events_per_min,0.3395142334813267,26.0,,,0.2968527241171254,0.3395142334813267
2026-05-22T11:52:16+00:00,stock,20.11,timing_sum,total_knock_per_min,0.6398537477148081,,,,0.4798730875990532,0.421175375005869
2026-05-22T11:52:16+00:00,stock,20.11,timing_sum,min_fbkc_depth,-4.2,,,,0.0,2.8
2026-05-22T11:52:16+00:00,stock,20.11,timing_sum,timing_osc_per_min,0.8749020632018804,67.0,,,-0.0743165201515986,0.3039085344618728
2026-05-22T11:52:16+00:00,stock,20.11,wgdc,mean_target_attainment,0.7676399339712541,,,20.0,,0.0391228459057266
2026-05-22T11:52:16+00:00,stock,20.11,wgdc,mean_peak_mrp,13.5645,,,20.0,,2.311166666666665
2026-05-22T11:52:16+00:00,stock,20.11,wgdc,wgdc_pegged_pulls,0.0,,,20.0,,0.0
2026-05-22T11:52:16+00:00,stock,20.11,ol_fueling,afr_osc_per_min,1.2013580569339253,92.0,,,0.5721007938119561,0.4481325509364685
2026-05-22T11:52:16+00:00,stock,20.11,ol_fueling,ffb_wbo2_div_per_min,2.8075215460955865,215.0,,,0.6104538138392193,0.8880113856504546
2026-05-22T11:52:16+00:00,stock,20.11,ol_fueling,maf_corr_mean_pct,-1.0785863660127748,,43993.0,,0.2832427460807671,0.8370206206567019
2026-05-22T11:52:16+00:00,stock,20.11,ol_fueling,maf_corr_mean_abs_pct,1.4322658150160257,,43993.0,,-0.4255625533680593,-0.5086649505669871
2026-05-22T11:52:16+00:00,stock,20.11,cross_thread,stutter_signature_per_min,1.893444763645861,145.0,,,0.3789611812167144,0.5327793334569064
2026-05-22T11:52:16+00:00,stock,20.12,pedal_throttle,throttle_hunt_per_min,0.2266585302066079,78.0,,,-0.1252989220480527,-0.2695545802661003
2026-05-22T11:52:16+00:00,stock,20.12,pedal_throttle,rpm_swing_per_min,1.0693633220004068,368.0,,,-0.6051009205444944,-1.3072363123688802
2026-05-22T11:52:16+00:00,stock,20.12,avcs,avcs_osc_per_min,1.127480893848255,388.0,,,0.1569315558126753,-0.1914013208292064
2026-05-22T11:52:16+00:00,stock,20.12,timing_sum,fbkc_events_per_min,0.0900822363641647,31.0,,,-0.0272369143873888,-0.2102572778693166
2026-05-22T11:52:16+00:00,stock,20.12,timing_sum,flkc_events_per_min,0.1656350797663673,57.0,,,0.122973570402166,-0.1738791537149593
2026-05-22T11:52:16+00:00,stock,20.12,timing_sum,total_knock_per_min,0.255717316130532,,,,0.0957366560147771,-0.384136431584276
2026-05-22T11:52:16+00:00,stock,20.12,timing_sum,min_fbkc_depth,-7.0,,,,-2.8,-2.8
2026-05-22T11:52:16+00:00,stock,20.12,timing_sum,timing_osc_per_min,0.709034376543748,244.0,,,-0.2401842068097309,-0.1658676866581323
2026-05-22T11:52:16+00:00,stock,20.12,wgdc,mean_target_attainment,0.8293115953918506,,,72.0,,0.0616716614205965
2026-05-22T11:52:16+00:00,stock,20.12,wgdc,mean_peak_mrp,9.870416666666666,,,72.0,,-3.694083333333335
2026-05-22T11:52:16+00:00,stock,20.12,wgdc,wgdc_pegged_pulls,0.0,,,72.0,,0.0
2026-05-22T11:52:16+00:00,stock,20.12,ol_fueling,afr_osc_per_min,0.9037282422340396,311.0,,,0.2744709791120703,-0.2976298146998858
2026-05-22T11:52:16+00:00,stock,20.12,ol_fueling,ffb_wbo2_div_per_min,2.0515502862290416,706.0,,,-0.1455174460273256,-0.7559712598665449
2026-05-22T11:52:16+00:00,stock,20.12,ol_fueling,maf_corr_mean_pct,1.8318566670646304,,242903.0,,3.1936857791581725,2.9104430330774056
2026-05-22T11:52:16+00:00,stock,20.12,ol_fueling,maf_corr_mean_abs_pct,2.3931842752045056,,242903.0,,0.5353559068204208,0.9609184601884802
2026-05-22T11:52:16+00:00,stock,20.12,cross_thread,stutter_signature_per_min,1.3657629384244327,470.0,,,-0.1487206440047135,-0.5276818252214279
2026-05-22T11:52:16+00:00,stock,20.13,pedal_throttle,throttle_hunt_per_min,0.2648793996066942,44.0,,,-0.0870780526479664,0.0382208694000862
2026-05-22T11:52:16+00:00,stock,20.13,pedal_throttle,rpm_swing_per_min,0.9210579122687322,153.0,,,-0.753406330276169,-0.1483054097316746
2026-05-22T11:52:16+00:00,stock,20.13,avcs,avcs_osc_per_min,1.1136974756190554,185.0,,,0.1431481375834757,-0.0137834182291995
2026-05-22T11:52:16+00:00,stock,20.13,timing_sum,fbkc_events_per_min,0.1444796725127423,24.0,,,0.0271605217611887,0.0543974361485776
2026-05-22T11:52:16+00:00,stock,20.13,timing_sum,flkc_events_per_min,0.0,0.0,,,-0.0426615093642013,-0.1656350797663673
2026-05-22T11:52:16+00:00,stock,20.13,timing_sum,total_knock_per_min,0.1444796725127423,,,,-0.0155009876030125,-0.1112376436177897
2026-05-22T11:52:16+00:00,stock,20.13,timing_sum,min_fbkc_depth,-2.8,,,,1.4000000000000004,4.2
2026-05-22T11:52:16+00:00,stock,20.13,timing_sum,timing_osc_per_min,0.7103583898543164,118.0,,,-0.2388601934991625,0.0013240133105684
2026-05-22T11:52:16+00:00,stock,20.13,wgdc,mean_target_attainment,0.954700570107872,,,37.0,,0.1253889747160212
2026-05-22T11:52:16+00:00,stock,20.13,wgdc,mean_peak_mrp,10.694864864864863,,,37.0,,0.8244481981981995
2026-05-22T11:52:16+00:00,stock,20.13,wgdc,wgdc_pegged_pulls,0.0,,,37.0,,0.0
2026-05-22T11:52:16+00:00,stock,20.13,ol_fueling,afr_osc_per_min,1.0113577075891962,168.0,,,0.382100444467227,0.1076294653551567
2026-05-22T11:52:16+00:00,stock,20.13,ol_fueling,ffb_wbo2_div_per_min,1.998635469759602,332.0,,,-0.1984322624967651,-0.0529148164694395
2026-05-22T11:52:16+00:00,stock,20.13,ol_fueling,maf_corr_mean_pct,1.100560202997514,,96947.0,,2.4623893150910563,-0.7312964640671165
2026-05-22T11:52:16+00:00,stock,20.13,ol_fueling,maf_corr_mean_abs_pct,1.120532765325384,,96947.0,,-0.7372956030587008,-1.2726515098791216
2026-05-22T11:52:16+00:00,stock,20.13,cross_thread,stutter_signature_per_min,1.4508167114821209,241.0,,,-0.0636668709470253,0.0850537730576881
2026-05-25T02:05:51+00:00,stock,old_2023_base,pedal_throttle,throttle_hunt_per_min,0.0,0.0,,,-0.3519574522546607,
2026-05-25T02:05:51+00:00,stock,old_2023_base,pedal_throttle,rpm_swing_per_min,inf,19.0,,,inf,
2026-05-25T02:05:51+00:00,stock,old_2023_base,avcs,avcs_osc_per_min,inf,6.0,,,inf,
2026-05-25T02:05:51+00:00,stock,old_2023_base,timing_sum,fbkc_events_per_min,inf,1.0,,,inf,
2026-05-25T02:05:51+00:00,stock,old_2023_base,timing_sum,flkc_events_per_min,inf,5.0,,,inf,
2026-05-25T02:05:51+00:00,stock,old_2023_base,timing_sum,total_knock_per_min,inf,,,,inf,
2026-05-25T02:05:51+00:00,stock,old_2023_base,timing_sum,min_fbkc_depth,-1.41,,,,2.79,
2026-05-25T02:05:51+00:00,stock,old_2023_base,timing_sum,timing_osc_per_min,inf,13.0,,,inf,
2026-05-25T02:05:51+00:00,stock,old_2023_base,ol_fueling,afr_osc_per_min,inf,7.0,,,inf,
2026-05-25T02:05:51+00:00,stock,old_2023_base,ol_fueling,ffb_wbo2_div_per_min,inf,36.0,,,inf,
2026-05-25T02:05:51+00:00,stock,old_2023_base,ol_fueling,maf_corr_mean_pct,4.622304948729381,,2243.0,,5.984134060822923,
2026-05-25T02:05:51+00:00,stock,old_2023_base,ol_fueling,maf_corr_mean_abs_pct,4.845934016941596,,2243.0,,2.988105648557512,
2026-05-25T02:05:51+00:00,stock,old_2023_base,cross_thread,stutter_signature_per_min,inf,13.0,,,inf,
2026-05-25T02:05:51+00:00,stock,garn_base,pedal_throttle,throttle_hunt_per_min,0.3519574522546607,33.0,,,0.0,0.3519574522546607
2026-05-25T02:05:51+00:00,stock,garn_base,pedal_throttle,rpm_swing_per_min,1.6744642425449012,157.0,,,0.0,-inf
2026-05-25T02:05:51+00:00,stock,garn_base,avcs,avcs_osc_per_min,0.9705493380355796,91.0,,,0.0,-inf
2026-05-25T02:05:51+00:00,stock,garn_base,timing_sum,fbkc_events_per_min,0.1173191507515535,11.0,,,0.0,-inf
2026-05-25T02:05:51+00:00,stock,garn_base,timing_sum,flkc_events_per_min,0.0426615093642013,4.0,,,0.0,-inf
2026-05-25T02:05:51+00:00,stock,garn_base,timing_sum,total_knock_per_min,0.1599806601157548,,,,0.0,-inf
2026-05-25T02:05:51+00:00,stock,garn_base,timing_sum,min_fbkc_depth,-4.2,,,,0.0,-2.79
2026-05-25T02:05:51+00:00,stock,garn_base,timing_sum,timing_osc_per_min,0.949218583353479,89.0,,,0.0,-inf
2026-05-25T02:05:51+00:00,stock,garn_base,ol_fueling,afr_osc_per_min,0.6292572631219692,59.0,,,0.0,-inf
2026-05-25T02:05:51+00:00,stock,garn_base,ol_fueling,ffb_wbo2_div_per_min,2.197067732256367,206.0,,,0.0,-inf
2026-05-25T02:05:51+00:00,stock,garn_base,ol_fueling,maf_corr_mean_pct,-1.361829112093542,,48406.0,,0.0,-5.984134060822923
2026-05-25T02:05:51+00:00,stock,garn_base,ol_fueling,maf_corr_mean_abs_pct,1.8578283683840848,,48406.0,,0.0,-2.988105648557512
2026-05-25T02:05:51+00:00,stock,garn_base,cross_thread,stutter_signature_per_min,1.5144835824291465,142.0,,,0.0,-inf
2026-05-25T02:05:51+00:00,stock,20.7,pedal_throttle,throttle_hunt_per_min,0.2077667606966098,41.0,,,-0.1441906915580509,-0.1441906915580509
2026-05-25T02:05:51+00:00,stock,20.7,pedal_throttle,rpm_swing_per_min,1.1199135149744093,221.0,,,-0.554550727570492,-0.554550727570492
2026-05-25T02:05:51+00:00,stock,20.7,avcs,avcs_osc_per_min,1.1047110690697792,218.0,,,0.1341617310341996,0.1341617310341996
2026-05-25T02:05:51+00:00,stock,20.7,timing_sum,fbkc_events_per_min,0.1976317967601898,39.0,,,0.0803126460086362,0.0803126460086362
2026-05-25T02:05:51+00:00,stock,20.7,timing_sum,flkc_events_per_min,0.0,0.0,,,-0.0426615093642013,-0.0426615093642013
2026-05-25T02:05:51+00:00,stock,20.7,timing_sum,total_knock_per_min,0.1976317967601898,,,,0.0376511366444349,0.0376511366444349
2026-05-25T02:05:51+00:00,stock,20.7,timing_sum,min_fbkc_depth,-9.45,,,,-5.249999999999999,-5.249999999999999
2026-05-25T02:05:51+00:00,stock,20.7,timing_sum,timing_osc_per_min,1.0286988395466292,203.0,,,0.0794802561931502,0.0794802561931502
2026-05-25T02:05:51+00:00,stock,20.7,ol_fueling,afr_osc_per_min,0.6739751017719295,133.0,,,0.0447178386499603,0.0447178386499603
2026-05-25T02:05:51+00:00,stock,20.7,ol_fueling,ffb_wbo2_div_per_min,2.077667606966098,410.0,,,-0.1194001252902685,-0.1194001252902685
2026-05-25T02:05:51+00:00,stock,20.7,ol_fueling,maf_corr_mean_pct,2.261221591094371,,122664.0,,3.623050703187913,3.623050703187913
2026-05-25T02:05:51+00:00,stock,20.7,ol_fueling,maf_corr_mean_abs_pct,2.4359112539131287,,122664.0,,0.5780828855290439,0.5780828855290439
2026-05-25T02:05:51+00:00,stock,20.7,cross_thread,stutter_signature_per_min,1.4036925051941689,277.0,,,-0.1107910772349773,-0.1107910772349773
2026-05-25T02:05:51+00:00,stock,20.8,pedal_throttle,throttle_hunt_per_min,0.3619609867786033,43.0,,,0.0100035345239425,0.1541942260819934
2026-05-25T02:05:51+00:00,stock,20.8,pedal_throttle,rpm_swing_per_min,1.4562616444813576,173.0,,,-0.2182025980635435,0.3363481295069483
2026-05-25T02:05:51+00:00,stock,20.8,avcs,avcs_osc_per_min,1.1868953287391413,141.0,,,0.2163459907035616,0.082184259669362
2026-05-25T02:05:51+00:00,stock,20.8,timing_sum,fbkc_events_per_min,0.1431008552380525,17.0,,,0.0257817044864989,-0.0545309415221373
2026-05-25T02:05:51+00:00,stock,20.8,timing_sum,flkc_events_per_min,0.033670789467777,4.0,,,-0.0089907198964242,0.033670789467777
2026-05-25T02:05:51+00:00,stock,20.8,timing_sum,total_knock_per_min,0.1767716447058295,,,,0.0167909845900746,-0.0208601520543603
2026-05-25T02:05:51+00:00,stock,20.8,timing_sum,min_fbkc_depth,-4.2,,,,0.0,5.249999999999999
2026-05-25T02:05:51+00:00,stock,20.8,timing_sum,timing_osc_per_min,1.119553749803587,133.0,,,0.170335166450108,0.0908549102569578
2026-05-25T02:05:51+00:00,stock,20.8,wgdc,mean_target_attainment,0.831825968983463,,,12.0,,
2026-05-25T02:05:51+00:00,stock,20.8,wgdc,mean_peak_mrp,12.8,,,12.0,,
2026-05-25T02:05:51+00:00,stock,20.8,wgdc,wgdc_pegged_pulls,0.0,,,12.0,,
2026-05-25T02:05:51+00:00,stock,20.8,ol_fueling,afr_osc_per_min,1.0774652629688657,128.0,,,0.4482079998468965,0.4034901611969361
2026-05-25T02:05:51+00:00,stock,20.8,ol_fueling,ffb_wbo2_div_per_min,2.7610047363577186,328.0,,,0.5639370041013514,0.68333712939162
2026-05-25T02:05:51+00:00,stock,20.8,ol_fueling,maf_corr_mean_pct,-1.7333832306534345,,71744.0,,-0.3715541185598925,-3.9946048217478056
2026-05-25T02:05:51+00:00,stock,20.8,ol_fueling,maf_corr_mean_abs_pct,1.8462282518398752,,71744.0,,-0.0116001165442096,-0.5896830020732535
2026-05-25T02:05:51+00:00,stock,20.8,cross_thread,stutter_signature_per_min,1.9949942759657904,237.0,,,0.4805106935366443,0.5913017707716217
2026-05-25T02:05:51+00:00,stock,20.9,pedal_throttle,throttle_hunt_per_min,0.2395145837768788,21.0,,,-0.1124428684777819,-0.1224464030017244
2026-05-25T02:05:51+00:00,stock,20.9,pedal_throttle,rpm_swing_per_min,0.9010310532558776,79.0,,,-0.7734331892890236,-0.55523059122548
2026-05-25T02:05:51+00:00,stock,20.9,avcs,avcs_osc_per_min,1.0493019860701358,92.0,,,0.0787526480345561,-0.1375933426690054
2026-05-25T02:05:51+00:00,stock,20.9,timing_sum,fbkc_events_per_min,0.0570272818516378,5.0,,,-0.0602918688999157,-0.0860735733864146
2026-05-25T02:05:51+00:00,stock,20.9,timing_sum,flkc_events_per_min,0.0,0.0,,,-0.0426615093642013,-0.033670789467777
2026-05-25T02:05:51+00:00,stock,20.9,timing_sum,total_knock_per_min,0.0570272818516378,,,,-0.102953378264117,-0.1197443628541917
2026-05-25T02:05:51+00:00,stock,20.9,timing_sum,min_fbkc_depth,-2.8,,,,1.4000000000000004,1.4000000000000004
2026-05-25T02:05:51+00:00,stock,20.9,timing_sum,timing_osc_per_min,0.9466528787371878,83.0,,,-0.0025657046162911,-0.1729008710663991
2026-05-25T02:05:51+00:00,stock,20.9,wgdc,mean_target_attainment,0.5896524232109547,,,11.0,,-0.2421735457725082
2026-05-25T02:05:51+00:00,stock,20.9,wgdc,mean_peak_mrp,8.940772727272728,,,11.0,,-3.859227272727271
2026-05-25T02:05:51+00:00,stock,20.9,wgdc,wgdc_pegged_pulls,0.0,,,11.0,,0.0
2026-05-25T02:05:51+00:00,stock,20.9,ol_fueling,afr_osc_per_min,0.5360564494053955,47.0,,,-0.0932008137165736,-0.5414088135634701
2026-05-25T02:05:51+00:00,stock,20.9,ol_fueling,ffb_wbo2_div_per_min,1.6994129991788072,149.0,,,-0.49765473307756,-1.0615917371789114
2026-05-25T02:05:51+00:00,stock,20.9,ol_fueling,maf_corr_mean_pct,-1.017067829789973,,46613.0,,0.3447612823035693,0.7163154008634618
2026-05-25T02:05:51+00:00,stock,20.9,ol_fueling,maf_corr_mean_abs_pct,1.3385986559543477,,46613.0,,-0.5192297124297374,-0.5076295958855277
2026-05-25T02:05:51+00:00,stock,20.9,cross_thread,stutter_signature_per_min,1.1291401806624288,99.0,,,-0.3853434017667174,-0.8658540953033618
2026-05-25T02:05:51+00:00,stock,20.10,pedal_throttle,throttle_hunt_per_min,0.3037199620957487,25.0,,,-0.048237490158912,0.0642053783188698
2026-05-25T02:05:51+00:00,stock,20.10,pedal_throttle,rpm_swing_per_min,1.6036413998655532,132.0,,,-0.070822842679348,0.7026103466096756
2026-05-25T02:05:51+00:00,stock,20.10,avcs,avcs_osc_per_min,0.935457483254906,77.0,,,-0.0350918547806735,-0.1138445028152297
2026-05-25T02:05:51+00:00,stock,20.10,timing_sum,fbkc_events_per_min,0.218678372708939,18.0,,,0.1013592219573855,0.1616510908573012
2026-05-25T02:05:51+00:00,stock,20.10,timing_sum,flkc_events_per_min,0.0,0.0,,,-0.0426615093642013,0.0
2026-05-25T02:05:51+00:00,stock,20.10,timing_sum,total_knock_per_min,0.218678372708939,,,,0.0586977125931842,0.1616510908573012
2026-05-25T02:05:51+00:00,stock,20.10,timing_sum,min_fbkc_depth,-7.0,,,,-2.8,-4.2
2026-05-25T02:05:51+00:00,stock,20.10,timing_sum,timing_osc_per_min,0.5709935287400075,47.0,,,-0.3782250546134714,-0.3756593499971803
2026-05-25T02:05:51+00:00,stock,20.10,wgdc,mean_target_attainment,0.7285170880655274,,,6.0,,0.1388646648545727
2026-05-25T02:05:51+00:00,stock,20.10,wgdc,mean_peak_mrp,11.253333333333336,,,6.0,,2.3125606060606074
2026-05-25T02:05:51+00:00,stock,20.10,wgdc,wgdc_pegged_pulls,0.0,,,6.0,,0.0
2026-05-25T02:05:51+00:00,stock,20.10,ol_fueling,afr_osc_per_min,0.7532255059974567,62.0,,,0.1239682428754875,0.2171690565920612
2026-05-25T02:05:51+00:00,stock,20.10,ol_fueling,ffb_wbo2_div_per_min,1.919510160445132,158.0,,,-0.2775575718112353,0.2200971612663247
2026-05-25T02:05:51+00:00,stock,20.10,ol_fueling,maf_corr_mean_pct,-1.9156069866694767,,37958.0,,-0.5537778745759347,-0.898539156879504
2026-05-25T02:05:51+00:00,stock,20.10,ol_fueling,maf_corr_mean_abs_pct,1.9409307655830128,,37958.0,,0.0831023971989277,0.6023321096286651
2026-05-25T02:05:51+00:00,stock,20.10,cross_thread,stutter_signature_per_min,1.3606654301889545,112.0,,,-0.153818152240192,0.2315252495265254
2026-05-25T02:05:51+00:00,stock,20.11,pedal_throttle,throttle_hunt_per_min,0.4962131104727083,38.0,,,0.1442556582180475,0.1924931483769595
2026-05-25T02:05:51+00:00,stock,20.11,pedal_throttle,rpm_swing_per_min,2.376599634369287,182.0,,,0.7021353918243858,0.7729582345037338
2026-05-25T02:05:51+00:00,stock,20.11,avcs,avcs_osc_per_min,1.3188822146774617,101.0,,,0.3483328766418818,0.3834247314225554
2026-05-25T02:05:51+00:00,stock,20.11,timing_sum,fbkc_events_per_min,0.3003395142334813,23.0,,,0.1830203634819277,0.0816611415245422
2026-05-25T02:05:51+00:00,stock,20.11,timing_sum,flkc_events_per_min,0.3395142334813267,26.0,,,0.2968527241171254,0.3395142334813267
2026-05-25T02:05:51+00:00,stock,20.11,timing_sum,total_knock_per_min,0.6398537477148081,,,,0.4798730875990532,0.421175375005869
2026-05-25T02:05:51+00:00,stock,20.11,timing_sum,min_fbkc_depth,-4.2,,,,0.0,2.8
2026-05-25T02:05:51+00:00,stock,20.11,timing_sum,timing_osc_per_min,0.8749020632018804,67.0,,,-0.0743165201515986,0.3039085344618728
2026-05-25T02:05:51+00:00,stock,20.11,wgdc,mean_target_attainment,0.7676399339712541,,,20.0,,0.0391228459057266
2026-05-25T02:05:51+00:00,stock,20.11,wgdc,mean_peak_mrp,13.5645,,,20.0,,2.311166666666665
2026-05-25T02:05:51+00:00,stock,20.11,wgdc,wgdc_pegged_pulls,0.0,,,20.0,,0.0
2026-05-25T02:05:51+00:00,stock,20.11,ol_fueling,afr_osc_per_min,1.2013580569339253,92.0,,,0.5721007938119561,0.4481325509364685
2026-05-25T02:05:51+00:00,stock,20.11,ol_fueling,ffb_wbo2_div_per_min,2.8075215460955865,215.0,,,0.6104538138392193,0.8880113856504546
2026-05-25T02:05:51+00:00,stock,20.11,ol_fueling,maf_corr_mean_pct,-1.0785863660127748,,43993.0,,0.2832427460807671,0.8370206206567019
2026-05-25T02:05:51+00:00,stock,20.11,ol_fueling,maf_corr_mean_abs_pct,1.4322658150160257,,43993.0,,-0.4255625533680593,-0.5086649505669871
2026-05-25T02:05:51+00:00,stock,20.11,cross_thread,stutter_signature_per_min,1.893444763645861,145.0,,,0.3789611812167144,0.5327793334569064
2026-05-25T02:05:51+00:00,stock,20.12,pedal_throttle,throttle_hunt_per_min,0.2266585302066079,78.0,,,-0.1252989220480527,-0.2695545802661003
2026-05-25T02:05:51+00:00,stock,20.12,pedal_throttle,rpm_swing_per_min,1.0693633220004068,368.0,,,-0.6051009205444944,-1.3072363123688802
2026-05-25T02:05:51+00:00,stock,20.12,avcs,avcs_osc_per_min,1.127480893848255,388.0,,,0.1569315558126753,-0.1914013208292064
2026-05-25T02:05:51+00:00,stock,20.12,timing_sum,fbkc_events_per_min,0.0900822363641647,31.0,,,-0.0272369143873888,-0.2102572778693166
2026-05-25T02:05:51+00:00,stock,20.12,timing_sum,flkc_events_per_min,0.1656350797663673,57.0,,,0.122973570402166,-0.1738791537149593
2026-05-25T02:05:51+00:00,stock,20.12,timing_sum,total_knock_per_min,0.255717316130532,,,,0.0957366560147771,-0.384136431584276
2026-05-25T02:05:51+00:00,stock,20.12,timing_sum,min_fbkc_depth,-7.0,,,,-2.8,-2.8
2026-05-25T02:05:51+00:00,stock,20.12,timing_sum,timing_osc_per_min,0.709034376543748,244.0,,,-0.2401842068097309,-0.1658676866581323
2026-05-25T02:05:51+00:00,stock,20.12,wgdc,mean_target_attainment,0.8293115953918506,,,72.0,,0.0616716614205965
2026-05-25T02:05:51+00:00,stock,20.12,wgdc,mean_peak_mrp,9.870416666666666,,,72.0,,-3.694083333333335
2026-05-25T02:05:51+00:00,stock,20.12,wgdc,wgdc_pegged_pulls,0.0,,,72.0,,0.0
2026-05-25T02:05:51+00:00,stock,20.12,ol_fueling,afr_osc_per_min,0.9037282422340396,311.0,,,0.2744709791120703,-0.2976298146998858
2026-05-25T02:05:51+00:00,stock,20.12,ol_fueling,ffb_wbo2_div_per_min,2.0515502862290416,706.0,,,-0.1455174460273256,-0.7559712598665449
2026-05-25T02:05:51+00:00,stock,20.12,ol_fueling,maf_corr_mean_pct,1.8318566670646304,,242903.0,,3.1936857791581725,2.9104430330774056
2026-05-25T02:05:51+00:00,stock,20.12,ol_fueling,maf_corr_mean_abs_pct,2.3931842752045056,,242903.0,,0.5353559068204208,0.9609184601884802
2026-05-25T02:05:51+00:00,stock,20.12,cross_thread,stutter_signature_per_min,1.3657629384244327,470.0,,,-0.1487206440047135,-0.5276818252214279
2026-05-25T02:05:51+00:00,stock,20.13,pedal_throttle,throttle_hunt_per_min,0.2648793996066942,44.0,,,-0.0870780526479664,0.0382208694000862
2026-05-25T02:05:51+00:00,stock,20.13,pedal_throttle,rpm_swing_per_min,0.9210579122687322,153.0,,,-0.753406330276169,-0.1483054097316746
2026-05-25T02:05:51+00:00,stock,20.13,avcs,avcs_osc_per_min,1.1136974756190554,185.0,,,0.1431481375834757,-0.0137834182291995
2026-05-25T02:05:51+00:00,stock,20.13,timing_sum,fbkc_events_per_min,0.1444796725127423,24.0,,,0.0271605217611887,0.0543974361485776
2026-05-25T02:05:51+00:00,stock,20.13,timing_sum,flkc_events_per_min,0.0,0.0,,,-0.0426615093642013,-0.1656350797663673
2026-05-25T02:05:51+00:00,stock,20.13,timing_sum,total_knock_per_min,0.1444796725127423,,,,-0.0155009876030125,-0.1112376436177897
2026-05-25T02:05:51+00:00,stock,20.13,timing_sum,min_fbkc_depth,-2.8,,,,1.4000000000000004,4.2
2026-05-25T02:05:51+00:00,stock,20.13,timing_sum,timing_osc_per_min,0.7103583898543164,118.0,,,-0.2388601934991625,0.0013240133105684
2026-05-25T02:05:51+00:00,stock,20.13,wgdc,mean_target_attainment,0.954700570107872,,,37.0,,0.1253889747160212
2026-05-25T02:05:51+00:00,stock,20.13,wgdc,mean_peak_mrp,10.694864864864863,,,37.0,,0.8244481981981995
2026-05-25T02:05:51+00:00,stock,20.13,wgdc,wgdc_pegged_pulls,0.0,,,37.0,,0.0
2026-05-25T02:05:51+00:00,stock,20.13,ol_fueling,afr_osc_per_min,1.0113577075891962,168.0,,,0.382100444467227,0.1076294653551567
2026-05-25T02:05:51+00:00,stock,20.13,ol_fueling,ffb_wbo2_div_per_min,1.998635469759602,332.0,,,-0.1984322624967651,-0.0529148164694395
2026-05-25T02:05:51+00:00,stock,20.13,ol_fueling,maf_corr_mean_pct,1.100560202997514,,96947.0,,2.4623893150910563,-0.7312964640671165
2026-05-25T02:05:51+00:00,stock,20.13,ol_fueling,maf_corr_mean_abs_pct,1.120532765325384,,96947.0,,-0.7372956030587008,-1.2726515098791216
2026-05-25T02:05:51+00:00,stock,20.13,cross_thread,stutter_signature_per_min,1.4508167114821209,241.0,,,-0.0636668709470253,0.0850537730576881
2026-05-25T02:05:51+00:00,stock,20.14,pedal_throttle,throttle_hunt_per_min,0.2602343904233745,58.0,,,-0.0917230618312862,-0.0046450091833197
2026-05-25T02:05:51+00:00,stock,20.14,pedal_throttle,rpm_swing_per_min,1.000556363179526,223.0,,,-0.6739078793653752,0.0794984509107937
2026-05-25T02:05:51+00:00,stock,20.14,avcs,avcs_osc_per_min,0.9691487643353256,216.0,,,-0.001400573700254,-0.1445487112837298
2026-05-25T02:05:51+00:00,stock,20.14,timing_sum,fbkc_events_per_min,0.1794719933954306,40.0,,,0.062152842643877,0.0349923208826883
2026-05-25T02:05:51+00:00,stock,20.14,timing_sum,flkc_events_per_min,0.3095891886071178,69.0,,,0.2669276792429165,0.3095891886071178
2026-05-25T02:05:51+00:00,stock,20.14,timing_sum,total_knock_per_min,0.4890611820025485,,,,0.3290805218867937,0.3445815094898062
2026-05-25T02:05:51+00:00,stock,20.14,timing_sum,min_fbkc_depth,-8.05,,,,-3.850000000000001,-5.250000000000001
2026-05-25T02:05:51+00:00,stock,20.14,timing_sum,timing_osc_per_min,0.6012311778746927,134.0,,,-0.3479874054787862,-0.1091272119796237
2026-05-25T02:05:51+00:00,stock,20.14,wgdc,mean_target_attainment,0.944667700613123,,,48.0,,-0.0100328694947489
2026-05-25T02:05:51+00:00,stock,20.14,wgdc,mean_peak_mrp,10.752291666666666,,,48.0,,0.0574268018018013
2026-05-25T02:05:51+00:00,stock,20.14,wgdc,wgdc_pegged_pulls,0.0,,,48.0,,0.0
2026-05-25T02:05:51+00:00,stock,20.14,ol_fueling,afr_osc_per_min,0.8390315691236383,187.0,,,0.2097743060016691,-0.1723261384655579
2026-05-25T02:05:51+00:00,stock,20.14,ol_fueling,ffb_wbo2_div_per_min,1.6825499380821625,375.0,,,-0.5145177941742047,-0.3160855316774396
2026-05-25T02:05:51+00:00,stock,20.14,ol_fueling,maf_corr_mean_pct,0.0337004610441018,,107365.0,,1.3955295731376438,-1.0668597419534125
2026-05-25T02:05:51+00:00,stock,20.14,ol_fueling,maf_corr_mean_abs_pct,0.676008289479812,,107365.0,,-1.181820078904273,-0.4445244758455721
2026-05-25T02:05:51+00:00,stock,20.14,cross_thread,stutter_signature_per_min,1.1396471580609846,254.0,,,-0.3748364243681616,-0.3111695534211363
2026-05-25T19:42:38+00:00,stock,old_2023_base,pedal_throttle,throttle_hunt_per_min,0.0,0.0,,,-0.3519574522546607,
2026-05-25T19:42:38+00:00,stock,old_2023_base,pedal_throttle,rpm_swing_per_min,inf,19.0,,,inf,
2026-05-25T19:42:38+00:00,stock,old_2023_base,avcs,avcs_osc_per_min,inf,6.0,,,inf,
2026-05-25T19:42:38+00:00,stock,old_2023_base,timing_sum,fbkc_events_per_min,inf,1.0,,,inf,
2026-05-25T19:42:38+00:00,stock,old_2023_base,timing_sum,flkc_events_per_min,inf,5.0,,,inf,
2026-05-25T19:42:38+00:00,stock,old_2023_base,timing_sum,total_knock_per_min,inf,,,,inf,
2026-05-25T19:42:38+00:00,stock,old_2023_base,timing_sum,min_fbkc_depth,-1.41,,,,2.79,
2026-05-25T19:42:38+00:00,stock,old_2023_base,timing_sum,timing_osc_per_min,inf,13.0,,,inf,
2026-05-25T19:42:38+00:00,stock,old_2023_base,ol_fueling,afr_osc_per_min,inf,7.0,,,inf,
2026-05-25T19:42:38+00:00,stock,old_2023_base,ol_fueling,ffb_wbo2_div_per_min,inf,36.0,,,inf,
2026-05-25T19:42:38+00:00,stock,old_2023_base,ol_fueling,maf_corr_mean_pct,4.622304948729381,,2243.0,,5.984134060822923,
2026-05-25T19:42:38+00:00,stock,old_2023_base,ol_fueling,maf_corr_mean_abs_pct,4.845934016941596,,2243.0,,2.988105648557512,
2026-05-25T19:42:38+00:00,stock,old_2023_base,cross_thread,stutter_signature_per_min,inf,13.0,,,inf,
2026-05-25T19:42:38+00:00,stock,garn_base,pedal_throttle,throttle_hunt_per_min,0.3519574522546607,33.0,,,0.0,0.3519574522546607
2026-05-25T19:42:38+00:00,stock,garn_base,pedal_throttle,rpm_swing_per_min,1.6744642425449012,157.0,,,0.0,-inf
2026-05-25T19:42:38+00:00,stock,garn_base,avcs,avcs_osc_per_min,0.9705493380355796,91.0,,,0.0,-inf
2026-05-25T19:42:38+00:00,stock,garn_base,timing_sum,fbkc_events_per_min,0.1173191507515535,11.0,,,0.0,-inf
2026-05-25T19:42:38+00:00,stock,garn_base,timing_sum,flkc_events_per_min,0.0426615093642013,4.0,,,0.0,-inf
2026-05-25T19:42:38+00:00,stock,garn_base,timing_sum,total_knock_per_min,0.1599806601157548,,,,0.0,-inf
2026-05-25T19:42:38+00:00,stock,garn_base,timing_sum,min_fbkc_depth,-4.2,,,,0.0,-2.79
2026-05-25T19:42:38+00:00,stock,garn_base,timing_sum,timing_osc_per_min,0.949218583353479,89.0,,,0.0,-inf
2026-05-25T19:42:38+00:00,stock,garn_base,ol_fueling,afr_osc_per_min,0.6292572631219692,59.0,,,0.0,-inf
2026-05-25T19:42:38+00:00,stock,garn_base,ol_fueling,ffb_wbo2_div_per_min,2.197067732256367,206.0,,,0.0,-inf
2026-05-25T19:42:38+00:00,stock,garn_base,ol_fueling,maf_corr_mean_pct,-1.361829112093542,,48406.0,,0.0,-5.984134060822923
2026-05-25T19:42:38+00:00,stock,garn_base,ol_fueling,maf_corr_mean_abs_pct,1.8578283683840848,,48406.0,,0.0,-2.988105648557512
2026-05-25T19:42:38+00:00,stock,garn_base,cross_thread,stutter_signature_per_min,1.5144835824291465,142.0,,,0.0,-inf
2026-05-25T19:42:38+00:00,stock,20.7,pedal_throttle,throttle_hunt_per_min,0.2077667606966098,41.0,,,-0.1441906915580509,-0.1441906915580509
2026-05-25T19:42:38+00:00,stock,20.7,pedal_throttle,rpm_swing_per_min,1.1199135149744093,221.0,,,-0.554550727570492,-0.554550727570492
2026-05-25T19:42:38+00:00,stock,20.7,avcs,avcs_osc_per_min,1.1047110690697792,218.0,,,0.1341617310341996,0.1341617310341996
2026-05-25T19:42:38+00:00,stock,20.7,timing_sum,fbkc_events_per_min,0.1976317967601898,39.0,,,0.0803126460086362,0.0803126460086362
2026-05-25T19:42:38+00:00,stock,20.7,timing_sum,flkc_events_per_min,0.0,0.0,,,-0.0426615093642013,-0.0426615093642013
2026-05-25T19:42:38+00:00,stock,20.7,timing_sum,total_knock_per_min,0.1976317967601898,,,,0.0376511366444349,0.0376511366444349
2026-05-25T19:42:38+00:00,stock,20.7,timing_sum,min_fbkc_depth,-9.45,,,,-5.249999999999999,-5.249999999999999
2026-05-25T19:42:38+00:00,stock,20.7,timing_sum,timing_osc_per_min,1.0286988395466292,203.0,,,0.0794802561931502,0.0794802561931502
2026-05-25T19:42:38+00:00,stock,20.7,ol_fueling,afr_osc_per_min,0.6739751017719295,133.0,,,0.0447178386499603,0.0447178386499603
2026-05-25T19:42:38+00:00,stock,20.7,ol_fueling,ffb_wbo2_div_per_min,2.077667606966098,410.0,,,-0.1194001252902685,-0.1194001252902685
2026-05-25T19:42:38+00:00,stock,20.7,ol_fueling,maf_corr_mean_pct,2.261221591094371,,122664.0,,3.623050703187913,3.623050703187913
2026-05-25T19:42:38+00:00,stock,20.7,ol_fueling,maf_corr_mean_abs_pct,2.4359112539131287,,122664.0,,0.5780828855290439,0.5780828855290439
2026-05-25T19:42:38+00:00,stock,20.7,cross_thread,stutter_signature_per_min,1.4036925051941689,277.0,,,-0.1107910772349773,-0.1107910772349773
2026-05-25T19:42:38+00:00,stock,20.8,pedal_throttle,throttle_hunt_per_min,0.3619609867786033,43.0,,,0.0100035345239425,0.1541942260819934
2026-05-25T19:42:38+00:00,stock,20.8,pedal_throttle,rpm_swing_per_min,1.4562616444813576,173.0,,,-0.2182025980635435,0.3363481295069483
2026-05-25T19:42:38+00:00,stock,20.8,avcs,avcs_osc_per_min,1.1868953287391413,141.0,,,0.2163459907035616,0.082184259669362
2026-05-25T19:42:38+00:00,stock,20.8,timing_sum,fbkc_events_per_min,0.1431008552380525,17.0,,,0.0257817044864989,-0.0545309415221373
2026-05-25T19:42:38+00:00,stock,20.8,timing_sum,flkc_events_per_min,0.033670789467777,4.0,,,-0.0089907198964242,0.033670789467777
2026-05-25T19:42:38+00:00,stock,20.8,timing_sum,total_knock_per_min,0.1767716447058295,,,,0.0167909845900746,-0.0208601520543603
2026-05-25T19:42:38+00:00,stock,20.8,timing_sum,min_fbkc_depth,-4.2,,,,0.0,5.249999999999999
2026-05-25T19:42:38+00:00,stock,20.8,timing_sum,timing_osc_per_min,1.119553749803587,133.0,,,0.170335166450108,0.0908549102569578
2026-05-25T19:42:38+00:00,stock,20.8,wgdc,mean_target_attainment,0.831825968983463,,,12.0,,
2026-05-25T19:42:38+00:00,stock,20.8,wgdc,mean_peak_mrp,12.8,,,12.0,,
2026-05-25T19:42:38+00:00,stock,20.8,wgdc,wgdc_pegged_pulls,0.0,,,12.0,,
2026-05-25T19:42:38+00:00,stock,20.8,ol_fueling,afr_osc_per_min,1.0774652629688657,128.0,,,0.4482079998468965,0.4034901611969361
2026-05-25T19:42:38+00:00,stock,20.8,ol_fueling,ffb_wbo2_div_per_min,2.7610047363577186,328.0,,,0.5639370041013514,0.68333712939162
2026-05-25T19:42:38+00:00,stock,20.8,ol_fueling,maf_corr_mean_pct,-1.7333832306534345,,71744.0,,-0.3715541185598925,-3.9946048217478056
2026-05-25T19:42:38+00:00,stock,20.8,ol_fueling,maf_corr_mean_abs_pct,1.8462282518398752,,71744.0,,-0.0116001165442096,-0.5896830020732535
2026-05-25T19:42:38+00:00,stock,20.8,cross_thread,stutter_signature_per_min,1.9949942759657904,237.0,,,0.4805106935366443,0.5913017707716217
2026-05-25T19:42:38+00:00,stock,20.9,pedal_throttle,throttle_hunt_per_min,0.2395145837768788,21.0,,,-0.1124428684777819,-0.1224464030017244
2026-05-25T19:42:38+00:00,stock,20.9,pedal_throttle,rpm_swing_per_min,0.9010310532558776,79.0,,,-0.7734331892890236,-0.55523059122548
2026-05-25T19:42:38+00:00,stock,20.9,avcs,avcs_osc_per_min,1.0493019860701358,92.0,,,0.0787526480345561,-0.1375933426690054
2026-05-25T19:42:38+00:00,stock,20.9,timing_sum,fbkc_events_per_min,0.0570272818516378,5.0,,,-0.0602918688999157,-0.0860735733864146
2026-05-25T19:42:38+00:00,stock,20.9,timing_sum,flkc_events_per_min,0.0,0.0,,,-0.0426615093642013,-0.033670789467777
2026-05-25T19:42:38+00:00,stock,20.9,timing_sum,total_knock_per_min,0.0570272818516378,,,,-0.102953378264117,-0.1197443628541917
2026-05-25T19:42:38+00:00,stock,20.9,timing_sum,min_fbkc_depth,-2.8,,,,1.4000000000000004,1.4000000000000004
2026-05-25T19:42:38+00:00,stock,20.9,timing_sum,timing_osc_per_min,0.9466528787371878,83.0,,,-0.0025657046162911,-0.1729008710663991
2026-05-25T19:42:38+00:00,stock,20.9,wgdc,mean_target_attainment,0.5896524232109547,,,11.0,,-0.2421735457725082
2026-05-25T19:42:38+00:00,stock,20.9,wgdc,mean_peak_mrp,8.940772727272728,,,11.0,,-3.859227272727271
2026-05-25T19:42:38+00:00,stock,20.9,wgdc,wgdc_pegged_pulls,0.0,,,11.0,,0.0
2026-05-25T19:42:38+00:00,stock,20.9,ol_fueling,afr_osc_per_min,0.5360564494053955,47.0,,,-0.0932008137165736,-0.5414088135634701
2026-05-25T19:42:38+00:00,stock,20.9,ol_fueling,ffb_wbo2_div_per_min,1.6994129991788072,149.0,,,-0.49765473307756,-1.0615917371789114
2026-05-25T19:42:38+00:00,stock,20.9,ol_fueling,maf_corr_mean_pct,-1.017067829789973,,46613.0,,0.3447612823035693,0.7163154008634618
2026-05-25T19:42:38+00:00,stock,20.9,ol_fueling,maf_corr_mean_abs_pct,1.3385986559543477,,46613.0,,-0.5192297124297374,-0.5076295958855277
2026-05-25T19:42:38+00:00,stock,20.9,cross_thread,stutter_signature_per_min,1.1291401806624288,99.0,,,-0.3853434017667174,-0.8658540953033618
2026-05-25T19:42:38+00:00,stock,20.10,pedal_throttle,throttle_hunt_per_min,0.3037199620957487,25.0,,,-0.048237490158912,0.0642053783188698
2026-05-25T19:42:38+00:00,stock,20.10,pedal_throttle,rpm_swing_per_min,1.6036413998655532,132.0,,,-0.070822842679348,0.7026103466096756
2026-05-25T19:42:38+00:00,stock,20.10,avcs,avcs_osc_per_min,0.935457483254906,77.0,,,-0.0350918547806735,-0.1138445028152297
2026-05-25T19:42:38+00:00,stock,20.10,timing_sum,fbkc_events_per_min,0.218678372708939,18.0,,,0.1013592219573855,0.1616510908573012
2026-05-25T19:42:38+00:00,stock,20.10,timing_sum,flkc_events_per_min,0.0,0.0,,,-0.0426615093642013,0.0
2026-05-25T19:42:38+00:00,stock,20.10,timing_sum,total_knock_per_min,0.218678372708939,,,,0.0586977125931842,0.1616510908573012
2026-05-25T19:42:38+00:00,stock,20.10,timing_sum,min_fbkc_depth,-7.0,,,,-2.8,-4.2
2026-05-25T19:42:38+00:00,stock,20.10,timing_sum,timing_osc_per_min,0.5709935287400075,47.0,,,-0.3782250546134714,-0.3756593499971803
2026-05-25T19:42:38+00:00,stock,20.10,wgdc,mean_target_attainment,0.7285170880655274,,,6.0,,0.1388646648545727
2026-05-25T19:42:38+00:00,stock,20.10,wgdc,mean_peak_mrp,11.253333333333336,,,6.0,,2.3125606060606074
2026-05-25T19:42:38+00:00,stock,20.10,wgdc,wgdc_pegged_pulls,0.0,,,6.0,,0.0
2026-05-25T19:42:38+00:00,stock,20.10,ol_fueling,afr_osc_per_min,0.7532255059974567,62.0,,,0.1239682428754875,0.2171690565920612
2026-05-25T19:42:38+00:00,stock,20.10,ol_fueling,ffb_wbo2_div_per_min,1.919510160445132,158.0,,,-0.2775575718112353,0.2200971612663247
2026-05-25T19:42:38+00:00,stock,20.10,ol_fueling,maf_corr_mean_pct,-1.9156069866694767,,37958.0,,-0.5537778745759347,-0.898539156879504
2026-05-25T19:42:38+00:00,stock,20.10,ol_fueling,maf_corr_mean_abs_pct,1.9409307655830128,,37958.0,,0.0831023971989277,0.6023321096286651
2026-05-25T19:42:38+00:00,stock,20.10,cross_thread,stutter_signature_per_min,1.3606654301889545,112.0,,,-0.153818152240192,0.2315252495265254
2026-05-25T19:42:38+00:00,stock,20.11,pedal_throttle,throttle_hunt_per_min,0.4962131104727083,38.0,,,0.1442556582180475,0.1924931483769595
2026-05-25T19:42:38+00:00,stock,20.11,pedal_throttle,rpm_swing_per_min,2.376599634369287,182.0,,,0.7021353918243858,0.7729582345037338
2026-05-25T19:42:38+00:00,stock,20.11,avcs,avcs_osc_per_min,1.3188822146774617,101.0,,,0.3483328766418818,0.3834247314225554
2026-05-25T19:42:38+00:00,stock,20.11,timing_sum,fbkc_events_per_min,0.3003395142334813,23.0,,,0.1830203634819277,0.0816611415245422
2026-05-25T19:42:38+00:00,stock,20.11,timing_sum,flkc_events_per_min,0.3395142334813267,26.0,,,0.2968527241171254,0.3395142334813267
2026-05-25T19:42:38+00:00,stock,20.11,timing_sum,total_knock_per_min,0.6398537477148081,,,,0.4798730875990532,0.421175375005869
2026-05-25T19:42:38+00:00,stock,20.11,timing_sum,min_fbkc_depth,-4.2,,,,0.0,2.8
2026-05-25T19:42:38+00:00,stock,20.11,timing_sum,timing_osc_per_min,0.8749020632018804,67.0,,,-0.0743165201515986,0.3039085344618728
2026-05-25T19:42:38+00:00,stock,20.11,wgdc,mean_target_attainment,0.7676399339712541,,,20.0,,0.0391228459057266
2026-05-25T19:42:38+00:00,stock,20.11,wgdc,mean_peak_mrp,13.5645,,,20.0,,2.311166666666665
2026-05-25T19:42:38+00:00,stock,20.11,wgdc,wgdc_pegged_pulls,0.0,,,20.0,,0.0
2026-05-25T19:42:38+00:00,stock,20.11,ol_fueling,afr_osc_per_min,1.2013580569339253,92.0,,,0.5721007938119561,0.4481325509364685
2026-05-25T19:42:38+00:00,stock,20.11,ol_fueling,ffb_wbo2_div_per_min,2.8075215460955865,215.0,,,0.6104538138392193,0.8880113856504546
2026-05-25T19:42:38+00:00,stock,20.11,ol_fueling,maf_corr_mean_pct,-1.0785863660127748,,43993.0,,0.2832427460807671,0.8370206206567019
2026-05-25T19:42:38+00:00,stock,20.11,ol_fueling,maf_corr_mean_abs_pct,1.4322658150160257,,43993.0,,-0.4255625533680593,-0.5086649505669871
2026-05-25T19:42:38+00:00,stock,20.11,cross_thread,stutter_signature_per_min,1.893444763645861,145.0,,,0.3789611812167144,0.5327793334569064
2026-05-25T19:42:38+00:00,stock,20.12,pedal_throttle,throttle_hunt_per_min,0.2266585302066079,78.0,,,-0.1252989220480527,-0.2695545802661003
2026-05-25T19:42:38+00:00,stock,20.12,pedal_throttle,rpm_swing_per_min,1.0693633220004068,368.0,,,-0.6051009205444944,-1.3072363123688802
2026-05-25T19:42:38+00:00,stock,20.12,avcs,avcs_osc_per_min,1.127480893848255,388.0,,,0.1569315558126753,-0.1914013208292064
2026-05-25T19:42:38+00:00,stock,20.12,timing_sum,fbkc_events_per_min,0.0900822363641647,31.0,,,-0.0272369143873888,-0.2102572778693166
2026-05-25T19:42:38+00:00,stock,20.12,timing_sum,flkc_events_per_min,0.1656350797663673,57.0,,,0.122973570402166,-0.1738791537149593
2026-05-25T19:42:38+00:00,stock,20.12,timing_sum,total_knock_per_min,0.255717316130532,,,,0.0957366560147771,-0.384136431584276
2026-05-25T19:42:38+00:00,stock,20.12,timing_sum,min_fbkc_depth,-7.0,,,,-2.8,-2.8
2026-05-25T19:42:38+00:00,stock,20.12,timing_sum,timing_osc_per_min,0.709034376543748,244.0,,,-0.2401842068097309,-0.1658676866581323
2026-05-25T19:42:38+00:00,stock,20.12,wgdc,mean_target_attainment,0.8293115953918506,,,72.0,,0.0616716614205965
2026-05-25T19:42:38+00:00,stock,20.12,wgdc,mean_peak_mrp,9.870416666666666,,,72.0,,-3.694083333333335
2026-05-25T19:42:38+00:00,stock,20.12,wgdc,wgdc_pegged_pulls,0.0,,,72.0,,0.0
2026-05-25T19:42:38+00:00,stock,20.12,ol_fueling,afr_osc_per_min,0.9037282422340396,311.0,,,0.2744709791120703,-0.2976298146998858
2026-05-25T19:42:38+00:00,stock,20.12,ol_fueling,ffb_wbo2_div_per_min,2.0515502862290416,706.0,,,-0.1455174460273256,-0.7559712598665449
2026-05-25T19:42:38+00:00,stock,20.12,ol_fueling,maf_corr_mean_pct,1.8318566670646304,,242903.0,,3.1936857791581725,2.9104430330774056
2026-05-25T19:42:38+00:00,stock,20.12,ol_fueling,maf_corr_mean_abs_pct,2.3931842752045056,,242903.0,,0.5353559068204208,0.9609184601884802
2026-05-25T19:42:38+00:00,stock,20.12,cross_thread,stutter_signature_per_min,1.3657629384244327,470.0,,,-0.1487206440047135,-0.5276818252214279
2026-05-25T19:42:38+00:00,stock,20.13,pedal_throttle,throttle_hunt_per_min,0.2648793996066942,44.0,,,-0.0870780526479664,0.0382208694000862
2026-05-25T19:42:38+00:00,stock,20.13,pedal_throttle,rpm_swing_per_min,0.9210579122687322,153.0,,,-0.753406330276169,-0.1483054097316746
2026-05-25T19:42:38+00:00,stock,20.13,avcs,avcs_osc_per_min,1.1136974756190554,185.0,,,0.1431481375834757,-0.0137834182291995
2026-05-25T19:42:38+00:00,stock,20.13,timing_sum,fbkc_events_per_min,0.1444796725127423,24.0,,,0.0271605217611887,0.0543974361485776
2026-05-25T19:42:38+00:00,stock,20.13,timing_sum,flkc_events_per_min,0.0,0.0,,,-0.0426615093642013,-0.1656350797663673
2026-05-25T19:42:38+00:00,stock,20.13,timing_sum,total_knock_per_min,0.1444796725127423,,,,-0.0155009876030125,-0.1112376436177897
2026-05-25T19:42:38+00:00,stock,20.13,timing_sum,min_fbkc_depth,-2.8,,,,1.4000000000000004,4.2
2026-05-25T19:42:38+00:00,stock,20.13,timing_sum,timing_osc_per_min,0.7103583898543164,118.0,,,-0.2388601934991625,0.0013240133105684
2026-05-25T19:42:38+00:00,stock,20.13,wgdc,mean_target_attainment,0.954700570107872,,,37.0,,0.1253889747160212
2026-05-25T19:42:38+00:00,stock,20.13,wgdc,mean_peak_mrp,10.694864864864863,,,37.0,,0.8244481981981995
2026-05-25T19:42:38+00:00,stock,20.13,wgdc,wgdc_pegged_pulls,0.0,,,37.0,,0.0
2026-05-25T19:42:38+00:00,stock,20.13,ol_fueling,afr_osc_per_min,1.0113577075891962,168.0,,,0.382100444467227,0.1076294653551567
2026-05-25T19:42:38+00:00,stock,20.13,ol_fueling,ffb_wbo2_div_per_min,1.998635469759602,332.0,,,-0.1984322624967651,-0.0529148164694395
2026-05-25T19:42:38+00:00,stock,20.13,ol_fueling,maf_corr_mean_pct,1.100560202997514,,96947.0,,2.4623893150910563,-0.7312964640671165
2026-05-25T19:42:38+00:00,stock,20.13,ol_fueling,maf_corr_mean_abs_pct,1.120532765325384,,96947.0,,-0.7372956030587008,-1.2726515098791216
2026-05-25T19:42:38+00:00,stock,20.13,cross_thread,stutter_signature_per_min,1.4508167114821209,241.0,,,-0.0636668709470253,0.0850537730576881
2026-05-25T19:42:38+00:00,stock,20.14,pedal_throttle,throttle_hunt_per_min,0.2602343904233745,58.0,,,-0.0917230618312862,-0.0046450091833197
2026-05-25T19:42:38+00:00,stock,20.14,pedal_throttle,rpm_swing_per_min,1.000556363179526,223.0,,,-0.6739078793653752,0.0794984509107937
2026-05-25T19:42:38+00:00,stock,20.14,avcs,avcs_osc_per_min,0.9691487643353256,216.0,,,-0.001400573700254,-0.1445487112837298
2026-05-25T19:42:38+00:00,stock,20.14,timing_sum,fbkc_events_per_min,0.1794719933954306,40.0,,,0.062152842643877,0.0349923208826883
2026-05-25T19:42:38+00:00,stock,20.14,timing_sum,flkc_events_per_min,0.3095891886071178,69.0,,,0.2669276792429165,0.3095891886071178
2026-05-25T19:42:38+00:00,stock,20.14,timing_sum,total_knock_per_min,0.4890611820025485,,,,0.3290805218867937,0.3445815094898062
2026-05-25T19:42:38+00:00,stock,20.14,timing_sum,min_fbkc_depth,-8.05,,,,-3.850000000000001,-5.250000000000001
2026-05-25T19:42:38+00:00,stock,20.14,timing_sum,timing_osc_per_min,0.6012311778746927,134.0,,,-0.3479874054787862,-0.1091272119796237
2026-05-25T19:42:38+00:00,stock,20.14,wgdc,mean_target_attainment,0.944667700613123,,,48.0,,-0.0100328694947489
2026-05-25T19:42:38+00:00,stock,20.14,wgdc,mean_peak_mrp,10.752291666666666,,,48.0,,0.0574268018018013
2026-05-25T19:42:38+00:00,stock,20.14,wgdc,wgdc_pegged_pulls,0.0,,,48.0,,0.0
2026-05-25T19:42:38+00:00,stock,20.14,ol_fueling,afr_osc_per_min,0.8390315691236383,187.0,,,0.2097743060016691,-0.1723261384655579
2026-05-25T19:42:38+00:00,stock,20.14,ol_fueling,ffb_wbo2_div_per_min,1.6825499380821625,375.0,,,-0.5145177941742047,-0.3160855316774396
2026-05-25T19:42:38+00:00,stock,20.14,ol_fueling,maf_corr_mean_pct,0.0337004610441018,,107365.0,,1.3955295731376438,-1.0668597419534125
2026-05-25T19:42:38+00:00,stock,20.14,ol_fueling,maf_corr_mean_abs_pct,0.676008289479812,,107365.0,,-1.181820078904273,-0.4445244758455721
2026-05-25T19:42:38+00:00,stock,20.14,cross_thread,stutter_signature_per_min,1.1396471580609846,254.0,,,-0.3748364243681616,-0.3111695534211363
2026-05-25T19:42:38+00:00,stock,20.15,pedal_throttle,throttle_hunt_per_min,1.6287908167222522,14.0,,,1.2768333644675915,1.368556426298878
2026-05-25T19:42:38+00:00,stock,20.15,pedal_throttle,rpm_swing_per_min,4.653688047777863,40.0,,,2.9792238052329623,3.653131684598337
2026-05-25T19:42:38+00:00,stock,20.15,avcs,avcs_osc_per_min,0.0,0.0,,,-0.9705493380355796,-0.9691487643353256
2026-05-25T19:42:38+00:00,stock,20.15,timing_sum,timing_osc_per_min,0.6980532071666795,6.0,,,-0.2511653761867994,0.0968220292919868
2026-05-25T19:42:38+00:00,stock,20.15,wgdc,mean_target_attainment,0.767304873772962,,,5.0,,-0.177362826840161
2026-05-25T19:42:38+00:00,stock,20.15,wgdc,mean_peak_mrp,12.752,,,5.0,,1.9997083333333343
2026-05-25T19:42:38+00:00,stock,20.15,wgdc,wgdc_pegged_pulls,0.0,,,5.0,,0.0
2026-05-25T19:42:38+00:00,stock,20.15,ol_fueling,afr_osc_per_min,0.6980532071666795,6.0,,,0.0687959440447103,-0.1409783619569588
2026-05-25T19:42:38+00:00,stock,20.15,ol_fueling,ffb_wbo2_div_per_min,3.2575816334445045,28.0,,,1.0605139011881373,1.575031695362342
2026-05-25T19:42:38+00:00,stock,20.15,ol_fueling,maf_corr_mean_pct,-2.886385632327264,,4009.0,,-1.5245565202337217,-2.9200860933713657
2026-05-25T19:42:38+00:00,stock,20.15,ol_fueling,maf_corr_mean_abs_pct,2.934731853330008,,4009.0,,1.0769034849459225,2.2587235638501952
2026-05-25T19:42:38+00:00,stock,20.15,cross_thread,stutter_signature_per_min,2.326844023888932,20.0,,,0.8123604414597854,1.187196865827947
2026-06-03T00:26:40+00:00,stock,old_2023_base,pedal_throttle,throttle_hunt_per_min,0.0,0.0,,,-0.3519574522546607,
2026-06-03T00:26:40+00:00,stock,old_2023_base,pedal_throttle,rpm_swing_per_min,7.706868577609519,19.0,,,6.032404335064618,
2026-06-03T00:26:40+00:00,stock,old_2023_base,avcs,avcs_osc_per_min,2.43374797187669,6.0,,,1.4631986338411105,
2026-06-03T00:26:40+00:00,stock,old_2023_base,timing_sum,fbkc_events_per_min,0.4056246619794483,1.0,,,0.2883055112278948,
2026-06-03T00:26:40+00:00,stock,old_2023_base,timing_sum,flkc_events_per_min,2.028123309897242,5.0,,,1.9854618005330409,
2026-06-03T00:26:40+00:00,stock,old_2023_base,timing_sum,total_knock_per_min,2.43374797187669,,,,2.273767311760935,
2026-06-03T00:26:40+00:00,stock,old_2023_base,timing_sum,min_fbkc_depth,-1.41,,,,2.79,
2026-06-03T00:26:40+00:00,stock,old_2023_base,timing_sum,timing_osc_per_min,5.273120605732829,13.0,,,4.32390202237935,
2026-06-03T00:26:40+00:00,stock,old_2023_base,ol_fueling,afr_osc_per_min,2.8393726338561387,7.0,,,2.2101153707341696,
2026-06-03T00:26:40+00:00,stock,old_2023_base,ol_fueling,ffb_wbo2_div_per_min,14.602487831260142,36.0,,,12.405420099003774,
2026-06-03T00:26:40+00:00,stock,old_2023_base,ol_fueling,maf_corr_mean_pct,4.622304948729381,,2243.0,,5.984134060822923,
2026-06-03T00:26:40+00:00,stock,old_2023_base,ol_fueling,maf_corr_mean_abs_pct,4.845934016941596,,2243.0,,2.988105648557512,
2026-06-03T00:26:40+00:00,stock,old_2023_base,cross_thread,stutter_signature_per_min,5.273120605732829,13.0,,,3.7586370233036814,
2026-06-03T00:26:40+00:00,stock,garn_base,pedal_throttle,throttle_hunt_per_min,0.3519574522546607,33.0,,,0.0,0.3519574522546607
2026-06-03T00:26:40+00:00,stock,garn_base,pedal_throttle,rpm_swing_per_min,1.6744642425449012,157.0,,,0.0,-6.032404335064618
2026-06-03T00:26:40+00:00,stock,garn_base,avcs,avcs_osc_per_min,0.9705493380355796,91.0,,,0.0,-1.4631986338411105
2026-06-03T00:26:40+00:00,stock,garn_base,timing_sum,fbkc_events_per_min,0.1173191507515535,11.0,,,0.0,-0.2883055112278948
2026-06-03T00:26:40+00:00,stock,garn_base,timing_sum,flkc_events_per_min,0.0426615093642013,4.0,,,0.0,-1.9854618005330409
2026-06-03T00:26:40+00:00,stock,garn_base,timing_sum,total_knock_per_min,0.1599806601157548,,,,0.0,-2.273767311760935
2026-06-03T00:26:40+00:00,stock,garn_base,timing_sum,min_fbkc_depth,-4.2,,,,0.0,-2.79
2026-06-03T00:26:40+00:00,stock,garn_base,timing_sum,timing_osc_per_min,0.949218583353479,89.0,,,0.0,-4.32390202237935
2026-06-03T00:26:40+00:00,stock,garn_base,ol_fueling,afr_osc_per_min,0.6292572631219692,59.0,,,0.0,-2.2101153707341696
2026-06-03T00:26:40+00:00,stock,garn_base,ol_fueling,ffb_wbo2_div_per_min,2.197067732256367,206.0,,,0.0,-12.405420099003774
2026-06-03T00:26:40+00:00,stock,garn_base,ol_fueling,maf_corr_mean_pct,-1.361829112093542,,48406.0,,0.0,-5.984134060822923
2026-06-03T00:26:40+00:00,stock,garn_base,ol_fueling,maf_corr_mean_abs_pct,1.8578283683840848,,48406.0,,0.0,-2.988105648557512
2026-06-03T00:26:40+00:00,stock,garn_base,cross_thread,stutter_signature_per_min,1.5144835824291465,142.0,,,0.0,-3.7586370233036814
2026-06-03T00:26:40+00:00,stock,20.7,pedal_throttle,throttle_hunt_per_min,0.2077667606966098,41.0,,,-0.1441906915580509,-0.1441906915580509
2026-06-03T00:26:40+00:00,stock,20.7,pedal_throttle,rpm_swing_per_min,1.1199135149744093,221.0,,,-0.554550727570492,-0.554550727570492
2026-06-03T00:26:40+00:00,stock,20.7,avcs,avcs_osc_per_min,1.1047110690697792,218.0,,,0.1341617310341996,0.1341617310341996
2026-06-03T00:26:40+00:00,stock,20.7,timing_sum,fbkc_events_per_min,0.1976317967601898,39.0,,,0.0803126460086362,0.0803126460086362
2026-06-03T00:26:40+00:00,stock,20.7,timing_sum,flkc_events_per_min,0.0,0.0,,,-0.0426615093642013,-0.0426615093642013
2026-06-03T00:26:40+00:00,stock,20.7,timing_sum,total_knock_per_min,0.1976317967601898,,,,0.0376511366444349,0.0376511366444349
2026-06-03T00:26:40+00:00,stock,20.7,timing_sum,min_fbkc_depth,-9.45,,,,-5.249999999999999,-5.249999999999999
2026-06-03T00:26:40+00:00,stock,20.7,timing_sum,timing_osc_per_min,1.0286988395466292,203.0,,,0.0794802561931502,0.0794802561931502
2026-06-03T00:26:40+00:00,stock,20.7,ol_fueling,afr_osc_per_min,0.6739751017719295,133.0,,,0.0447178386499603,0.0447178386499603
2026-06-03T00:26:40+00:00,stock,20.7,ol_fueling,ffb_wbo2_div_per_min,2.077667606966098,410.0,,,-0.1194001252902685,-0.1194001252902685
2026-06-03T00:26:40+00:00,stock,20.7,ol_fueling,maf_corr_mean_pct,2.261221591094371,,122664.0,,3.623050703187913,3.623050703187913
2026-06-03T00:26:40+00:00,stock,20.7,ol_fueling,maf_corr_mean_abs_pct,2.4359112539131287,,122664.0,,0.5780828855290439,0.5780828855290439
2026-06-03T00:26:40+00:00,stock,20.7,cross_thread,stutter_signature_per_min,1.4036925051941689,277.0,,,-0.1107910772349773,-0.1107910772349773
2026-06-03T00:26:40+00:00,stock,20.8,pedal_throttle,throttle_hunt_per_min,0.3619609867786033,43.0,,,0.0100035345239425,0.1541942260819934
2026-06-03T00:26:40+00:00,stock,20.8,pedal_throttle,rpm_swing_per_min,1.4562616444813576,173.0,,,-0.2182025980635435,0.3363481295069483
2026-06-03T00:26:40+00:00,stock,20.8,avcs,avcs_osc_per_min,1.1868953287391413,141.0,,,0.2163459907035616,0.082184259669362
2026-06-03T00:26:40+00:00,stock,20.8,timing_sum,fbkc_events_per_min,0.1431008552380525,17.0,,,0.0257817044864989,-0.0545309415221373
2026-06-03T00:26:40+00:00,stock,20.8,timing_sum,flkc_events_per_min,0.033670789467777,4.0,,,-0.0089907198964242,0.033670789467777
2026-06-03T00:26:40+00:00,stock,20.8,timing_sum,total_knock_per_min,0.1767716447058295,,,,0.0167909845900746,-0.0208601520543603
2026-06-03T00:26:40+00:00,stock,20.8,timing_sum,min_fbkc_depth,-4.2,,,,0.0,5.249999999999999
2026-06-03T00:26:40+00:00,stock,20.8,timing_sum,timing_osc_per_min,1.119553749803587,133.0,,,0.170335166450108,0.0908549102569578
2026-06-03T00:26:40+00:00,stock,20.8,wgdc,mean_target_attainment,0.831825968983463,,,12.0,,
2026-06-03T00:26:40+00:00,stock,20.8,wgdc,mean_peak_mrp,12.8,,,12.0,,
2026-06-03T00:26:40+00:00,stock,20.8,wgdc,wgdc_pegged_pulls,0.0,,,12.0,,
2026-06-03T00:26:40+00:00,stock,20.8,ol_fueling,afr_osc_per_min,1.0774652629688657,128.0,,,0.4482079998468965,0.4034901611969361
2026-06-03T00:26:40+00:00,stock,20.8,ol_fueling,ffb_wbo2_div_per_min,2.7610047363577186,328.0,,,0.5639370041013514,0.68333712939162
2026-06-03T00:26:40+00:00,stock,20.8,ol_fueling,maf_corr_mean_pct,-1.7333832306534345,,71744.0,,-0.3715541185598925,-3.9946048217478056
2026-06-03T00:26:40+00:00,stock,20.8,ol_fueling,maf_corr_mean_abs_pct,1.8462282518398752,,71744.0,,-0.0116001165442096,-0.5896830020732535
2026-06-03T00:26:40+00:00,stock,20.8,cross_thread,stutter_signature_per_min,1.9949942759657904,237.0,,,0.4805106935366443,0.5913017707716217
2026-06-03T00:26:40+00:00,stock,20.9,pedal_throttle,throttle_hunt_per_min,0.2395145837768788,21.0,,,-0.1124428684777819,-0.1224464030017244
2026-06-03T00:26:40+00:00,stock,20.9,pedal_throttle,rpm_swing_per_min,0.9010310532558776,79.0,,,-0.7734331892890236,-0.55523059122548
2026-06-03T00:26:40+00:00,stock,20.9,avcs,avcs_osc_per_min,1.0493019860701358,92.0,,,0.0787526480345561,-0.1375933426690054
2026-06-03T00:26:40+00:00,stock,20.9,timing_sum,fbkc_events_per_min,0.0570272818516378,5.0,,,-0.0602918688999157,-0.0860735733864146
2026-06-03T00:26:40+00:00,stock,20.9,timing_sum,flkc_events_per_min,0.0,0.0,,,-0.0426615093642013,-0.033670789467777
2026-06-03T00:26:40+00:00,stock,20.9,timing_sum,total_knock_per_min,0.0570272818516378,,,,-0.102953378264117,-0.1197443628541917
2026-06-03T00:26:40+00:00,stock,20.9,timing_sum,min_fbkc_depth,-2.8,,,,1.4000000000000004,1.4000000000000004
2026-06-03T00:26:40+00:00,stock,20.9,timing_sum,timing_osc_per_min,0.9466528787371878,83.0,,,-0.0025657046162911,-0.1729008710663991
2026-06-03T00:26:40+00:00,stock,20.9,wgdc,mean_target_attainment,0.5896524232109547,,,11.0,,-0.2421735457725082
2026-06-03T00:26:40+00:00,stock,20.9,wgdc,mean_peak_mrp,8.940772727272728,,,11.0,,-3.859227272727271
2026-06-03T00:26:40+00:00,stock,20.9,wgdc,wgdc_pegged_pulls,0.0,,,11.0,,0.0
2026-06-03T00:26:40+00:00,stock,20.9,ol_fueling,afr_osc_per_min,0.5360564494053955,47.0,,,-0.0932008137165736,-0.5414088135634701
2026-06-03T00:26:40+00:00,stock,20.9,ol_fueling,ffb_wbo2_div_per_min,1.6994129991788072,149.0,,,-0.49765473307756,-1.0615917371789114
2026-06-03T00:26:40+00:00,stock,20.9,ol_fueling,maf_corr_mean_pct,-1.017067829789973,,46613.0,,0.3447612823035693,0.7163154008634618
2026-06-03T00:26:40+00:00,stock,20.9,ol_fueling,maf_corr_mean_abs_pct,1.3385986559543477,,46613.0,,-0.5192297124297374,-0.5076295958855277
2026-06-03T00:26:40+00:00,stock,20.9,cross_thread,stutter_signature_per_min,1.1291401806624288,99.0,,,-0.3853434017667174,-0.8658540953033618
2026-06-03T00:26:40+00:00,stock,20.10,pedal_throttle,throttle_hunt_per_min,0.3037199620957487,25.0,,,-0.048237490158912,0.0642053783188698
2026-06-03T00:26:40+00:00,stock,20.10,pedal_throttle,rpm_swing_per_min,1.6036413998655532,132.0,,,-0.070822842679348,0.7026103466096756
2026-06-03T00:26:40+00:00,stock,20.10,avcs,avcs_osc_per_min,0.935457483254906,77.0,,,-0.0350918547806735,-0.1138445028152297
2026-06-03T00:26:40+00:00,stock,20.10,timing_sum,fbkc_events_per_min,0.218678372708939,18.0,,,0.1013592219573855,0.1616510908573012
2026-06-03T00:26:40+00:00,stock,20.10,timing_sum,flkc_events_per_min,0.0,0.0,,,-0.0426615093642013,0.0
2026-06-03T00:26:40+00:00,stock,20.10,timing_sum,total_knock_per_min,0.218678372708939,,,,0.0586977125931842,0.1616510908573012
2026-06-03T00:26:40+00:00,stock,20.10,timing_sum,min_fbkc_depth,-7.0,,,,-2.8,-4.2
2026-06-03T00:26:40+00:00,stock,20.10,timing_sum,timing_osc_per_min,0.5709935287400075,47.0,,,-0.3782250546134714,-0.3756593499971803
2026-06-03T00:26:40+00:00,stock,20.10,wgdc,mean_target_attainment,0.7285170880655274,,,6.0,,0.1388646648545727
2026-06-03T00:26:40+00:00,stock,20.10,wgdc,mean_peak_mrp,11.253333333333336,,,6.0,,2.3125606060606074
2026-06-03T00:26:40+00:00,stock,20.10,wgdc,wgdc_pegged_pulls,0.0,,,6.0,,0.0
2026-06-03T00:26:40+00:00,stock,20.10,ol_fueling,afr_osc_per_min,0.7532255059974567,62.0,,,0.1239682428754875,0.2171690565920612
2026-06-03T00:26:40+00:00,stock,20.10,ol_fueling,ffb_wbo2_div_per_min,1.919510160445132,158.0,,,-0.2775575718112353,0.2200971612663247
2026-06-03T00:26:40+00:00,stock,20.10,ol_fueling,maf_corr_mean_pct,-1.9156069866694767,,37958.0,,-0.5537778745759347,-0.898539156879504
2026-06-03T00:26:40+00:00,stock,20.10,ol_fueling,maf_corr_mean_abs_pct,1.9409307655830128,,37958.0,,0.0831023971989277,0.6023321096286651
2026-06-03T00:26:40+00:00,stock,20.10,cross_thread,stutter_signature_per_min,1.3606654301889545,112.0,,,-0.153818152240192,0.2315252495265254
2026-06-03T00:26:40+00:00,stock,20.11,pedal_throttle,throttle_hunt_per_min,0.4962131104727083,38.0,,,0.1442556582180475,0.1924931483769595
2026-06-03T00:26:40+00:00,stock,20.11,pedal_throttle,rpm_swing_per_min,2.376599634369287,182.0,,,0.7021353918243858,0.7729582345037338
2026-06-03T00:26:40+00:00,stock,20.11,avcs,avcs_osc_per_min,1.3188822146774617,101.0,,,0.3483328766418818,0.3834247314225554
2026-06-03T00:26:40+00:00,stock,20.11,timing_sum,fbkc_events_per_min,0.3003395142334813,23.0,,,0.1830203634819277,0.0816611415245422
2026-06-03T00:26:40+00:00,stock,20.11,timing_sum,flkc_events_per_min,0.3395142334813267,26.0,,,0.2968527241171254,0.3395142334813267
2026-06-03T00:26:40+00:00,stock,20.11,timing_sum,total_knock_per_min,0.6398537477148081,,,,0.4798730875990532,0.421175375005869
2026-06-03T00:26:40+00:00,stock,20.11,timing_sum,min_fbkc_depth,-4.2,,,,0.0,2.8
2026-06-03T00:26:40+00:00,stock,20.11,timing_sum,timing_osc_per_min,0.8749020632018804,67.0,,,-0.0743165201515986,0.3039085344618728
2026-06-03T00:26:40+00:00,stock,20.11,wgdc,mean_target_attainment,0.7676399339712541,,,20.0,,0.0391228459057266
2026-06-03T00:26:40+00:00,stock,20.11,wgdc,mean_peak_mrp,13.5645,,,20.0,,2.311166666666665
2026-06-03T00:26:40+00:00,stock,20.11,wgdc,wgdc_pegged_pulls,0.0,,,20.0,,0.0
2026-06-03T00:26:40+00:00,stock,20.11,ol_fueling,afr_osc_per_min,1.2013580569339253,92.0,,,0.5721007938119561,0.4481325509364685
2026-06-03T00:26:40+00:00,stock,20.11,ol_fueling,ffb_wbo2_div_per_min,2.8075215460955865,215.0,,,0.6104538138392193,0.8880113856504546
2026-06-03T00:26:40+00:00,stock,20.11,ol_fueling,maf_corr_mean_pct,-1.0785863660127748,,43993.0,,0.2832427460807671,0.8370206206567019
2026-06-03T00:26:40+00:00,stock,20.11,ol_fueling,maf_corr_mean_abs_pct,1.4322658150160257,,43993.0,,-0.4255625533680593,-0.5086649505669871
2026-06-03T00:26:40+00:00,stock,20.11,cross_thread,stutter_signature_per_min,1.893444763645861,145.0,,,0.3789611812167144,0.5327793334569064
2026-06-03T00:26:40+00:00,stock,20.12,pedal_throttle,throttle_hunt_per_min,0.2266585302066079,78.0,,,-0.1252989220480527,-0.2695545802661003
2026-06-03T00:26:40+00:00,stock,20.12,pedal_throttle,rpm_swing_per_min,1.0693633220004068,368.0,,,-0.6051009205444944,-1.3072363123688802
2026-06-03T00:26:40+00:00,stock,20.12,avcs,avcs_osc_per_min,1.127480893848255,388.0,,,0.1569315558126753,-0.1914013208292064
2026-06-03T00:26:40+00:00,stock,20.12,timing_sum,fbkc_events_per_min,0.0900822363641647,31.0,,,-0.0272369143873888,-0.2102572778693166
2026-06-03T00:26:40+00:00,stock,20.12,timing_sum,flkc_events_per_min,0.1656350797663673,57.0,,,0.122973570402166,-0.1738791537149593
2026-06-03T00:26:40+00:00,stock,20.12,timing_sum,total_knock_per_min,0.255717316130532,,,,0.0957366560147771,-0.384136431584276
2026-06-03T00:26:40+00:00,stock,20.12,timing_sum,min_fbkc_depth,-7.0,,,,-2.8,-2.8
2026-06-03T00:26:40+00:00,stock,20.12,timing_sum,timing_osc_per_min,0.709034376543748,244.0,,,-0.2401842068097309,-0.1658676866581323
2026-06-03T00:26:40+00:00,stock,20.12,wgdc,mean_target_attainment,0.8293115953918506,,,72.0,,0.0616716614205965
2026-06-03T00:26:40+00:00,stock,20.12,wgdc,mean_peak_mrp,9.870416666666666,,,72.0,,-3.694083333333335
2026-06-03T00:26:40+00:00,stock,20.12,wgdc,wgdc_pegged_pulls,0.0,,,72.0,,0.0
2026-06-03T00:26:40+00:00,stock,20.12,ol_fueling,afr_osc_per_min,0.9037282422340396,311.0,,,0.2744709791120703,-0.2976298146998858
2026-06-03T00:26:40+00:00,stock,20.12,ol_fueling,ffb_wbo2_div_per_min,2.0515502862290416,706.0,,,-0.1455174460273256,-0.7559712598665449
2026-06-03T00:26:40+00:00,stock,20.12,ol_fueling,maf_corr_mean_pct,1.8318566670646304,,242903.0,,3.1936857791581725,2.9104430330774056
2026-06-03T00:26:40+00:00,stock,20.12,ol_fueling,maf_corr_mean_abs_pct,2.3931842752045056,,242903.0,,0.5353559068204208,0.9609184601884802
2026-06-03T00:26:40+00:00,stock,20.12,cross_thread,stutter_signature_per_min,1.3657629384244327,470.0,,,-0.1487206440047135,-0.5276818252214279
2026-06-03T00:26:40+00:00,stock,20.13,pedal_throttle,throttle_hunt_per_min,0.2648793996066942,44.0,,,-0.0870780526479664,0.0382208694000862
2026-06-03T00:26:40+00:00,stock,20.13,pedal_throttle,rpm_swing_per_min,0.9210579122687322,153.0,,,-0.753406330276169,-0.1483054097316746
2026-06-03T00:26:40+00:00,stock,20.13,avcs,avcs_osc_per_min,1.1136974756190554,185.0,,,0.1431481375834757,-0.0137834182291995
2026-06-03T00:26:40+00:00,stock,20.13,timing_sum,fbkc_events_per_min,0.1444796725127423,24.0,,,0.0271605217611887,0.0543974361485776
2026-06-03T00:26:40+00:00,stock,20.13,timing_sum,flkc_events_per_min,0.0,0.0,,,-0.0426615093642013,-0.1656350797663673
2026-06-03T00:26:40+00:00,stock,20.13,timing_sum,total_knock_per_min,0.1444796725127423,,,,-0.0155009876030125,-0.1112376436177897
2026-06-03T00:26:40+00:00,stock,20.13,timing_sum,min_fbkc_depth,-2.8,,,,1.4000000000000004,4.2
2026-06-03T00:26:40+00:00,stock,20.13,timing_sum,timing_osc_per_min,0.7103583898543164,118.0,,,-0.2388601934991625,0.0013240133105684
2026-06-03T00:26:40+00:00,stock,20.13,wgdc,mean_target_attainment,0.954700570107872,,,37.0,,0.1253889747160212
2026-06-03T00:26:40+00:00,stock,20.13,wgdc,mean_peak_mrp,10.694864864864863,,,37.0,,0.8244481981981995
2026-06-03T00:26:40+00:00,stock,20.13,wgdc,wgdc_pegged_pulls,0.0,,,37.0,,0.0
2026-06-03T00:26:40+00:00,stock,20.13,ol_fueling,afr_osc_per_min,1.0113577075891962,168.0,,,0.382100444467227,0.1076294653551567
2026-06-03T00:26:40+00:00,stock,20.13,ol_fueling,ffb_wbo2_div_per_min,1.998635469759602,332.0,,,-0.1984322624967651,-0.0529148164694395
2026-06-03T00:26:40+00:00,stock,20.13,ol_fueling,maf_corr_mean_pct,1.100560202997514,,96947.0,,2.4623893150910563,-0.7312964640671165
2026-06-03T00:26:40+00:00,stock,20.13,ol_fueling,maf_corr_mean_abs_pct,1.120532765325384,,96947.0,,-0.7372956030587008,-1.2726515098791216
2026-06-03T00:26:40+00:00,stock,20.13,cross_thread,stutter_signature_per_min,1.4508167114821209,241.0,,,-0.0636668709470253,0.0850537730576881
2026-06-03T00:26:40+00:00,stock,20.14,pedal_throttle,throttle_hunt_per_min,0.2602343904233745,58.0,,,-0.0917230618312862,-0.0046450091833197
2026-06-03T00:26:40+00:00,stock,20.14,pedal_throttle,rpm_swing_per_min,1.000556363179526,223.0,,,-0.6739078793653752,0.0794984509107937
2026-06-03T00:26:40+00:00,stock,20.14,avcs,avcs_osc_per_min,0.9691487643353256,216.0,,,-0.001400573700254,-0.1445487112837298
2026-06-03T00:26:40+00:00,stock,20.14,timing_sum,fbkc_events_per_min,0.1794719933954306,40.0,,,0.062152842643877,0.0349923208826883
2026-06-03T00:26:40+00:00,stock,20.14,timing_sum,flkc_events_per_min,0.3095891886071178,69.0,,,0.2669276792429165,0.3095891886071178
2026-06-03T00:26:40+00:00,stock,20.14,timing_sum,total_knock_per_min,0.4890611820025485,,,,0.3290805218867937,0.3445815094898062
2026-06-03T00:26:40+00:00,stock,20.14,timing_sum,min_fbkc_depth,-8.05,,,,-3.850000000000001,-5.250000000000001
2026-06-03T00:26:40+00:00,stock,20.14,timing_sum,timing_osc_per_min,0.6012311778746927,134.0,,,-0.3479874054787862,-0.1091272119796237
2026-06-03T00:26:40+00:00,stock,20.14,wgdc,mean_target_attainment,0.944667700613123,,,48.0,,-0.0100328694947489
2026-06-03T00:26:40+00:00,stock,20.14,wgdc,mean_peak_mrp,10.752291666666666,,,48.0,,0.0574268018018013
2026-06-03T00:26:40+00:00,stock,20.14,wgdc,wgdc_pegged_pulls,0.0,,,48.0,,0.0
2026-06-03T00:26:40+00:00,stock,20.14,ol_fueling,afr_osc_per_min,0.8390315691236383,187.0,,,0.2097743060016691,-0.1723261384655579
2026-06-03T00:26:40+00:00,stock,20.14,ol_fueling,ffb_wbo2_div_per_min,1.6825499380821625,375.0,,,-0.5145177941742047,-0.3160855316774396
2026-06-03T00:26:40+00:00,stock,20.14,ol_fueling,maf_corr_mean_pct,0.0337004610441018,,107365.0,,1.3955295731376438,-1.0668597419534125
2026-06-03T00:26:40+00:00,stock,20.14,ol_fueling,maf_corr_mean_abs_pct,0.676008289479812,,107365.0,,-1.181820078904273,-0.4445244758455721
2026-06-03T00:26:40+00:00,stock,20.14,cross_thread,stutter_signature_per_min,1.1396471580609846,254.0,,,-0.3748364243681616,-0.3111695534211363
2026-06-03T00:26:40+00:00,stock,20.15,pedal_throttle,throttle_hunt_per_min,0.497039518825581,99.0,,,0.1450820665709202,0.2368051284022065
2026-06-03T00:26:40+00:00,stock,20.15,pedal_throttle,rpm_swing_per_min,1.2802533060658905,255.0,,,-0.3942109364790107,0.2796969428863645
2026-06-03T00:26:40+00:00,stock,20.15,avcs,avcs_osc_per_min,1.2953151096666655,258.0,,,0.3247657716310861,0.3261663453313401
2026-06-03T00:26:40+00:00,stock,20.15,timing_sum,fbkc_events_per_min,0.1757210420090438,35.0,,,0.0584018912574902,-0.0037509513863868
2026-06-03T00:26:40+00:00,stock,20.15,timing_sum,flkc_events_per_min,0.1054326252054262,21.0,,,0.0627711158412249,-0.2041565634016915
2026-06-03T00:26:40+00:00,stock,20.15,timing_sum,total_knock_per_min,0.28115366721447,,,,0.1211730070987151,-0.2079075147880785
2026-06-03T00:26:40+00:00,stock,20.15,timing_sum,min_fbkc_depth,-7.0,,,,-2.8,1.0500000000000007
2026-06-03T00:26:40+00:00,stock,20.15,timing_sum,timing_osc_per_min,0.7581107812390175,151.0,,,-0.1911078021144614,0.1568796033643248
2026-06-03T00:26:40+00:00,stock,20.15,wgdc,mean_target_attainment,0.8532658056878626,,,40.0,,-0.0914018949252604
2026-06-03T00:26:40+00:00,stock,20.15,wgdc,mean_peak_mrp,10.3926325,,,40.0,,-0.3596591666666651
2026-06-03T00:26:40+00:00,stock,20.15,wgdc,wgdc_pegged_pulls,0.0,,,40.0,,0.0
2026-06-03T00:26:40+00:00,stock,20.15,ol_fueling,afr_osc_per_min,1.0894704604560714,217.0,,,0.4602131973341022,0.2504388913324331
2026-06-03T00:26:40+00:00,stock,20.15,ol_fueling,ffb_wbo2_div_per_min,2.3396001593204114,466.0,,,0.1425324270640442,0.657050221238249
2026-06-03T00:26:40+00:00,stock,20.15,ol_fueling,maf_corr_mean_pct,-0.5468435112588055,,115554.0,,0.8149856008347365,-0.5805439723029073
2026-06-03T00:26:40+00:00,stock,20.15,ol_fueling,maf_corr_mean_abs_pct,0.8200676324488984,,115554.0,,-1.0377607359351866,0.1440593429690864
2026-06-03T00:26:40+00:00,stock,20.15,cross_thread,stutter_signature_per_min,1.7622310212906962,351.0,,,0.2477474388615499,0.6225838632297116
2026-06-03T00:26:40+00:00,stock,20.16,pedal_throttle,throttle_hunt_per_min,0.4420084865629419,20.0,,,0.0900510343082812,-0.055031032262639
2026-06-03T00:26:40+00:00,stock,20.16,pedal_throttle,rpm_swing_per_min,1.591230551626591,72.0,,,-0.0832336909183102,0.3109772455607005
2026-06-03T00:26:40+00:00,stock,20.16,avcs,avcs_osc_per_min,0.8619165487977368,39.0,,,-0.1086327892378428,-0.4333985608689289
2026-06-03T00:26:40+00:00,stock,20.16,timing_sum,fbkc_events_per_min,0.7956152758132955,36.0,,,0.6782961250617419,0.6198942338042517
2026-06-03T00:26:40+00:00,stock,20.16,timing_sum,flkc_events_per_min,0.0,0.0,,,-0.0426615093642013,-0.1054326252054262
2026-06-03T00:26:40+00:00,stock,20.16,timing_sum,total_knock_per_min,0.7956152758132955,,,,0.6356346156975407,0.5144616085988254
2026-06-03T00:26:40+00:00,stock,20.16,timing_sum,min_fbkc_depth,-11.8,,,,-7.6,-4.800000000000001
2026-06-03T00:26:40+00:00,stock,20.16,timing_sum,timing_osc_per_min,0.9503182461103252,43.0,,,0.0010996627568462,0.1922074648713077
2026-06-03T00:26:40+00:00,stock,20.16,wgdc,mean_target_attainment,0.7583286756572742,,,9.0,,-0.0949371300305883
2026-06-03T00:26:40+00:00,stock,20.16,wgdc,mean_peak_mrp,13.106666666666667,,,9.0,,2.714034166666666
2026-06-03T00:26:40+00:00,stock,20.16,wgdc,wgdc_pegged_pulls,0.0,,,9.0,,0.0
2026-06-03T00:26:40+00:00,stock,20.16,ol_fueling,afr_osc_per_min,0.7735148514851484,35.0,,,0.1442575883631792,-0.315955608970923
2026-06-03T00:26:40+00:00,stock,20.16,ol_fueling,ffb_wbo2_div_per_min,2.4310466760961806,110.0,,,0.2339789438398134,0.0914465167757692
2026-06-03T00:26:40+00:00,stock,20.16,ol_fueling,maf_corr_mean_pct,-1.831915357217683,,23865.0,,-0.470086245124141,-1.2850718459588777
2026-06-03T00:26:40+00:00,stock,20.16,ol_fueling,maf_corr_mean_abs_pct,1.8368916823800543,,23865.0,,-0.0209366860040305,1.0168240499311558
2026-06-03T00:26:40+00:00,stock,20.16,cross_thread,stutter_signature_per_min,1.5249292786421498,69.0,,,0.0104456962130035,-0.2373017426485464
2026-06-03T00:49:47+00:00,stock,garn_base,pedal_throttle,throttle_hunt_per_min,0.3519574522546607,33.0,,,0.0,
2026-06-03T00:49:47+00:00,stock,garn_base,pedal_throttle,rpm_swing_per_min,1.6744642425449012,157.0,,,0.0,
2026-06-03T00:49:47+00:00,stock,garn_base,avcs,avcs_osc_per_min,0.9705493380355796,91.0,,,0.0,
2026-06-03T00:49:47+00:00,stock,garn_base,timing_sum,fbkc_events_per_min,0.1173191507515535,11.0,,,0.0,
2026-06-03T00:49:47+00:00,stock,garn_base,timing_sum,flkc_events_per_min,0.0426615093642013,4.0,,,0.0,
2026-06-03T00:49:47+00:00,stock,garn_base,timing_sum,total_knock_per_min,0.1599806601157548,,,,0.0,
2026-06-03T00:49:47+00:00,stock,garn_base,timing_sum,min_fbkc_depth,-4.2,,,,0.0,
2026-06-03T00:49:47+00:00,stock,garn_base,timing_sum,timing_osc_per_min,0.949218583353479,89.0,,,0.0,
2026-06-03T00:49:47+00:00,stock,garn_base,ol_fueling,afr_osc_per_min,0.6292572631219692,59.0,,,0.0,
2026-06-03T00:49:47+00:00,stock,garn_base,ol_fueling,ffb_wbo2_div_per_min,2.197067732256367,206.0,,,0.0,
2026-06-03T00:49:47+00:00,stock,garn_base,ol_fueling,maf_corr_mean_pct,-1.361829112093542,,48406.0,,0.0,
2026-06-03T00:49:47+00:00,stock,garn_base,ol_fueling,maf_corr_mean_abs_pct,1.8578283683840848,,48406.0,,0.0,
2026-06-03T00:49:47+00:00,stock,garn_base,cross_thread,stutter_signature_per_min,1.5144835824291465,142.0,,,0.0,
2026-06-03T00:49:47+00:00,stock,20.7,pedal_throttle,throttle_hunt_per_min,0.2077667606966098,41.0,,,-0.1441906915580509,-0.1441906915580509
2026-06-03T00:49:47+00:00,stock,20.7,pedal_throttle,rpm_swing_per_min,1.1199135149744093,221.0,,,-0.554550727570492,-0.554550727570492
2026-06-03T00:49:47+00:00,stock,20.7,avcs,avcs_osc_per_min,1.1047110690697792,218.0,,,0.1341617310341996,0.1341617310341996
2026-06-03T00:49:47+00:00,stock,20.7,timing_sum,fbkc_events_per_min,0.1976317967601898,39.0,,,0.0803126460086362,0.0803126460086362
2026-06-03T00:49:47+00:00,stock,20.7,timing_sum,flkc_events_per_min,0.0,0.0,,,-0.0426615093642013,-0.0426615093642013
2026-06-03T00:49:47+00:00,stock,20.7,timing_sum,total_knock_per_min,0.1976317967601898,,,,0.0376511366444349,0.0376511366444349
2026-06-03T00:49:47+00:00,stock,20.7,timing_sum,min_fbkc_depth,-9.45,,,,-5.249999999999999,-5.249999999999999
2026-06-03T00:49:47+00:00,stock,20.7,timing_sum,timing_osc_per_min,1.0286988395466292,203.0,,,0.0794802561931502,0.0794802561931502
2026-06-03T00:49:47+00:00,stock,20.7,ol_fueling,afr_osc_per_min,0.6739751017719295,133.0,,,0.0447178386499603,0.0447178386499603
2026-06-03T00:49:47+00:00,stock,20.7,ol_fueling,ffb_wbo2_div_per_min,2.077667606966098,410.0,,,-0.1194001252902685,-0.1194001252902685
2026-06-03T00:49:47+00:00,stock,20.7,ol_fueling,maf_corr_mean_pct,2.261221591094371,,122664.0,,3.623050703187913,3.623050703187913
2026-06-03T00:49:47+00:00,stock,20.7,ol_fueling,maf_corr_mean_abs_pct,2.4359112539131287,,122664.0,,0.5780828855290439,0.5780828855290439
2026-06-03T00:49:47+00:00,stock,20.7,cross_thread,stutter_signature_per_min,1.4036925051941689,277.0,,,-0.1107910772349773,-0.1107910772349773
2026-06-03T00:49:47+00:00,stock,20.8,pedal_throttle,throttle_hunt_per_min,0.3619609867786033,43.0,,,0.0100035345239425,0.1541942260819934
2026-06-03T00:49:47+00:00,stock,20.8,pedal_throttle,rpm_swing_per_min,1.4562616444813576,173.0,,,-0.2182025980635435,0.3363481295069483
2026-06-03T00:49:47+00:00,stock,20.8,avcs,avcs_osc_per_min,1.1868953287391413,141.0,,,0.2163459907035616,0.082184259669362
2026-06-03T00:49:47+00:00,stock,20.8,timing_sum,fbkc_events_per_min,0.1431008552380525,17.0,,,0.0257817044864989,-0.0545309415221373
2026-06-03T00:49:47+00:00,stock,20.8,timing_sum,flkc_events_per_min,0.033670789467777,4.0,,,-0.0089907198964242,0.033670789467777
2026-06-03T00:49:47+00:00,stock,20.8,timing_sum,total_knock_per_min,0.1767716447058295,,,,0.0167909845900746,-0.0208601520543603
2026-06-03T00:49:47+00:00,stock,20.8,timing_sum,min_fbkc_depth,-4.2,,,,0.0,5.249999999999999
2026-06-03T00:49:47+00:00,stock,20.8,timing_sum,timing_osc_per_min,1.119553749803587,133.0,,,0.170335166450108,0.0908549102569578
2026-06-03T00:49:47+00:00,stock,20.8,wgdc,mean_target_attainment,0.831825968983463,,,12.0,,
2026-06-03T00:49:47+00:00,stock,20.8,wgdc,mean_peak_mrp,12.8,,,12.0,,
2026-06-03T00:49:47+00:00,stock,20.8,wgdc,wgdc_pegged_pulls,0.0,,,12.0,,
2026-06-03T00:49:47+00:00,stock,20.8,ol_fueling,afr_osc_per_min,1.0774652629688657,128.0,,,0.4482079998468965,0.4034901611969361
2026-06-03T00:49:47+00:00,stock,20.8,ol_fueling,ffb_wbo2_div_per_min,2.7610047363577186,328.0,,,0.5639370041013514,0.68333712939162
2026-06-03T00:49:47+00:00,stock,20.8,ol_fueling,maf_corr_mean_pct,-1.7333832306534345,,71744.0,,-0.3715541185598925,-3.9946048217478056
2026-06-03T00:49:47+00:00,stock,20.8,ol_fueling,maf_corr_mean_abs_pct,1.8462282518398752,,71744.0,,-0.0116001165442096,-0.5896830020732535
2026-06-03T00:49:47+00:00,stock,20.8,cross_thread,stutter_signature_per_min,1.9949942759657904,237.0,,,0.4805106935366443,0.5913017707716217
2026-06-03T00:49:47+00:00,stock,20.9,pedal_throttle,throttle_hunt_per_min,0.2395145837768788,21.0,,,-0.1124428684777819,-0.1224464030017244
2026-06-03T00:49:47+00:00,stock,20.9,pedal_throttle,rpm_swing_per_min,0.9010310532558776,79.0,,,-0.7734331892890236,-0.55523059122548
2026-06-03T00:49:47+00:00,stock,20.9,avcs,avcs_osc_per_min,1.0493019860701358,92.0,,,0.0787526480345561,-0.1375933426690054
2026-06-03T00:49:47+00:00,stock,20.9,timing_sum,fbkc_events_per_min,0.0570272818516378,5.0,,,-0.0602918688999157,-0.0860735733864146
2026-06-03T00:49:47+00:00,stock,20.9,timing_sum,flkc_events_per_min,0.0,0.0,,,-0.0426615093642013,-0.033670789467777
2026-06-03T00:49:47+00:00,stock,20.9,timing_sum,total_knock_per_min,0.0570272818516378,,,,-0.102953378264117,-0.1197443628541917
2026-06-03T00:49:47+00:00,stock,20.9,timing_sum,min_fbkc_depth,-2.8,,,,1.4000000000000004,1.4000000000000004
2026-06-03T00:49:47+00:00,stock,20.9,timing_sum,timing_osc_per_min,0.9466528787371878,83.0,,,-0.0025657046162911,-0.1729008710663991
2026-06-03T00:49:47+00:00,stock,20.9,wgdc,mean_target_attainment,0.5896524232109547,,,11.0,,-0.2421735457725082
2026-06-03T00:49:47+00:00,stock,20.9,wgdc,mean_peak_mrp,8.940772727272728,,,11.0,,-3.859227272727271
2026-06-03T00:49:47+00:00,stock,20.9,wgdc,wgdc_pegged_pulls,0.0,,,11.0,,0.0
2026-06-03T00:49:47+00:00,stock,20.9,ol_fueling,afr_osc_per_min,0.5360564494053955,47.0,,,-0.0932008137165736,-0.5414088135634701
2026-06-03T00:49:47+00:00,stock,20.9,ol_fueling,ffb_wbo2_div_per_min,1.6994129991788072,149.0,,,-0.49765473307756,-1.0615917371789114
2026-06-03T00:49:47+00:00,stock,20.9,ol_fueling,maf_corr_mean_pct,-1.017067829789973,,46613.0,,0.3447612823035693,0.7163154008634618
2026-06-03T00:49:47+00:00,stock,20.9,ol_fueling,maf_corr_mean_abs_pct,1.3385986559543477,,46613.0,,-0.5192297124297374,-0.5076295958855277
2026-06-03T00:49:47+00:00,stock,20.9,cross_thread,stutter_signature_per_min,1.1291401806624288,99.0,,,-0.3853434017667174,-0.8658540953033618
2026-06-03T00:49:47+00:00,stock,20.10,pedal_throttle,throttle_hunt_per_min,0.3037199620957487,25.0,,,-0.048237490158912,0.0642053783188698
2026-06-03T00:49:47+00:00,stock,20.10,pedal_throttle,rpm_swing_per_min,1.6036413998655532,132.0,,,-0.070822842679348,0.7026103466096756
2026-06-03T00:49:47+00:00,stock,20.10,avcs,avcs_osc_per_min,0.935457483254906,77.0,,,-0.0350918547806735,-0.1138445028152297
2026-06-03T00:49:47+00:00,stock,20.10,timing_sum,fbkc_events_per_min,0.218678372708939,18.0,,,0.1013592219573855,0.1616510908573012
2026-06-03T00:49:47+00:00,stock,20.10,timing_sum,flkc_events_per_min,0.0,0.0,,,-0.0426615093642013,0.0
2026-06-03T00:49:47+00:00,stock,20.10,timing_sum,total_knock_per_min,0.218678372708939,,,,0.0586977125931842,0.1616510908573012
2026-06-03T00:49:47+00:00,stock,20.10,timing_sum,min_fbkc_depth,-7.0,,,,-2.8,-4.2
2026-06-03T00:49:47+00:00,stock,20.10,timing_sum,timing_osc_per_min,0.5709935287400075,47.0,,,-0.3782250546134714,-0.3756593499971803
2026-06-03T00:49:47+00:00,stock,20.10,wgdc,mean_target_attainment,0.7285170880655274,,,6.0,,0.1388646648545727
2026-06-03T00:49:47+00:00,stock,20.10,wgdc,mean_peak_mrp,11.253333333333336,,,6.0,,2.3125606060606074
2026-06-03T00:49:47+00:00,stock,20.10,wgdc,wgdc_pegged_pulls,0.0,,,6.0,,0.0
2026-06-03T00:49:47+00:00,stock,20.10,ol_fueling,afr_osc_per_min,0.7532255059974567,62.0,,,0.1239682428754875,0.2171690565920612
2026-06-03T00:49:47+00:00,stock,20.10,ol_fueling,ffb_wbo2_div_per_min,1.919510160445132,158.0,,,-0.2775575718112353,0.2200971612663247
2026-06-03T00:49:47+00:00,stock,20.10,ol_fueling,maf_corr_mean_pct,-1.9156069866694767,,37958.0,,-0.5537778745759347,-0.898539156879504
2026-06-03T00:49:47+00:00,stock,20.10,ol_fueling,maf_corr_mean_abs_pct,1.9409307655830128,,37958.0,,0.0831023971989277,0.6023321096286651
2026-06-03T00:49:47+00:00,stock,20.10,cross_thread,stutter_signature_per_min,1.3606654301889545,112.0,,,-0.153818152240192,0.2315252495265254
2026-06-03T00:49:47+00:00,stock,20.11,pedal_throttle,throttle_hunt_per_min,0.4962131104727083,38.0,,,0.1442556582180475,0.1924931483769595
2026-06-03T00:49:47+00:00,stock,20.11,pedal_throttle,rpm_swing_per_min,2.376599634369287,182.0,,,0.7021353918243858,0.7729582345037338
2026-06-03T00:49:47+00:00,stock,20.11,avcs,avcs_osc_per_min,1.3188822146774617,101.0,,,0.3483328766418818,0.3834247314225554
2026-06-03T00:49:47+00:00,stock,20.11,timing_sum,fbkc_events_per_min,0.3003395142334813,23.0,,,0.1830203634819277,0.0816611415245422
2026-06-03T00:49:47+00:00,stock,20.11,timing_sum,flkc_events_per_min,0.3395142334813267,26.0,,,0.2968527241171254,0.3395142334813267
2026-06-03T00:49:47+00:00,stock,20.11,timing_sum,total_knock_per_min,0.6398537477148081,,,,0.4798730875990532,0.421175375005869
2026-06-03T00:49:47+00:00,stock,20.11,timing_sum,min_fbkc_depth,-4.2,,,,0.0,2.8
2026-06-03T00:49:47+00:00,stock,20.11,timing_sum,timing_osc_per_min,0.8749020632018804,67.0,,,-0.0743165201515986,0.3039085344618728
2026-06-03T00:49:47+00:00,stock,20.11,wgdc,mean_target_attainment,0.7676399339712541,,,20.0,,0.0391228459057266
2026-06-03T00:49:47+00:00,stock,20.11,wgdc,mean_peak_mrp,13.5645,,,20.0,,2.311166666666665
2026-06-03T00:49:47+00:00,stock,20.11,wgdc,wgdc_pegged_pulls,0.0,,,20.0,,0.0
2026-06-03T00:49:47+00:00,stock,20.11,ol_fueling,afr_osc_per_min,1.2013580569339253,92.0,,,0.5721007938119561,0.4481325509364685
2026-06-03T00:49:47+00:00,stock,20.11,ol_fueling,ffb_wbo2_div_per_min,2.8075215460955865,215.0,,,0.6104538138392193,0.8880113856504546
2026-06-03T00:49:47+00:00,stock,20.11,ol_fueling,maf_corr_mean_pct,-1.0785863660127748,,43993.0,,0.2832427460807671,0.8370206206567019
2026-06-03T00:49:47+00:00,stock,20.11,ol_fueling,maf_corr_mean_abs_pct,1.4322658150160257,,43993.0,,-0.4255625533680593,-0.5086649505669871
2026-06-03T00:49:47+00:00,stock,20.11,cross_thread,stutter_signature_per_min,1.893444763645861,145.0,,,0.3789611812167144,0.5327793334569064
2026-06-03T00:49:47+00:00,stock,20.12,pedal_throttle,throttle_hunt_per_min,0.2266585302066079,78.0,,,-0.1252989220480527,-0.2695545802661003
2026-06-03T00:49:47+00:00,stock,20.12,pedal_throttle,rpm_swing_per_min,1.0693633220004068,368.0,,,-0.6051009205444944,-1.3072363123688802
2026-06-03T00:49:47+00:00,stock,20.12,avcs,avcs_osc_per_min,1.127480893848255,388.0,,,0.1569315558126753,-0.1914013208292064
2026-06-03T00:49:47+00:00,stock,20.12,timing_sum,fbkc_events_per_min,0.0900822363641647,31.0,,,-0.0272369143873888,-0.2102572778693166
2026-06-03T00:49:47+00:00,stock,20.12,timing_sum,flkc_events_per_min,0.1656350797663673,57.0,,,0.122973570402166,-0.1738791537149593
2026-06-03T00:49:47+00:00,stock,20.12,timing_sum,total_knock_per_min,0.255717316130532,,,,0.0957366560147771,-0.384136431584276
2026-06-03T00:49:47+00:00,stock,20.12,timing_sum,min_fbkc_depth,-7.0,,,,-2.8,-2.8
2026-06-03T00:49:47+00:00,stock,20.12,timing_sum,timing_osc_per_min,0.709034376543748,244.0,,,-0.2401842068097309,-0.1658676866581323
2026-06-03T00:49:47+00:00,stock,20.12,wgdc,mean_target_attainment,0.8293115953918506,,,72.0,,0.0616716614205965
2026-06-03T00:49:47+00:00,stock,20.12,wgdc,mean_peak_mrp,9.870416666666666,,,72.0,,-3.694083333333335
2026-06-03T00:49:47+00:00,stock,20.12,wgdc,wgdc_pegged_pulls,0.0,,,72.0,,0.0
2026-06-03T00:49:47+00:00,stock,20.12,ol_fueling,afr_osc_per_min,0.9037282422340396,311.0,,,0.2744709791120703,-0.2976298146998858
2026-06-03T00:49:47+00:00,stock,20.12,ol_fueling,ffb_wbo2_div_per_min,2.0515502862290416,706.0,,,-0.1455174460273256,-0.7559712598665449
2026-06-03T00:49:47+00:00,stock,20.12,ol_fueling,maf_corr_mean_pct,1.8318566670646304,,242903.0,,3.1936857791581725,2.9104430330774056
2026-06-03T00:49:47+00:00,stock,20.12,ol_fueling,maf_corr_mean_abs_pct,2.3931842752045056,,242903.0,,0.5353559068204208,0.9609184601884802
2026-06-03T00:49:47+00:00,stock,20.12,cross_thread,stutter_signature_per_min,1.3657629384244327,470.0,,,-0.1487206440047135,-0.5276818252214279
2026-06-03T00:49:47+00:00,stock,20.13,pedal_throttle,throttle_hunt_per_min,0.2648793996066942,44.0,,,-0.0870780526479664,0.0382208694000862
2026-06-03T00:49:47+00:00,stock,20.13,pedal_throttle,rpm_swing_per_min,0.9210579122687322,153.0,,,-0.753406330276169,-0.1483054097316746
2026-06-03T00:49:47+00:00,stock,20.13,avcs,avcs_osc_per_min,1.1136974756190554,185.0,,,0.1431481375834757,-0.0137834182291995
2026-06-03T00:49:47+00:00,stock,20.13,timing_sum,fbkc_events_per_min,0.1444796725127423,24.0,,,0.0271605217611887,0.0543974361485776
2026-06-03T00:49:47+00:00,stock,20.13,timing_sum,flkc_events_per_min,0.0,0.0,,,-0.0426615093642013,-0.1656350797663673
2026-06-03T00:49:47+00:00,stock,20.13,timing_sum,total_knock_per_min,0.1444796725127423,,,,-0.0155009876030125,-0.1112376436177897
2026-06-03T00:49:47+00:00,stock,20.13,timing_sum,min_fbkc_depth,-2.8,,,,1.4000000000000004,4.2
2026-06-03T00:49:47+00:00,stock,20.13,timing_sum,timing_osc_per_min,0.7103583898543164,118.0,,,-0.2388601934991625,0.0013240133105684
2026-06-03T00:49:47+00:00,stock,20.13,wgdc,mean_target_attainment,0.954700570107872,,,37.0,,0.1253889747160212
2026-06-03T00:49:47+00:00,stock,20.13,wgdc,mean_peak_mrp,10.694864864864863,,,37.0,,0.8244481981981995
2026-06-03T00:49:47+00:00,stock,20.13,wgdc,wgdc_pegged_pulls,0.0,,,37.0,,0.0
2026-06-03T00:49:47+00:00,stock,20.13,ol_fueling,afr_osc_per_min,1.0113577075891962,168.0,,,0.382100444467227,0.1076294653551567
2026-06-03T00:49:47+00:00,stock,20.13,ol_fueling,ffb_wbo2_div_per_min,1.998635469759602,332.0,,,-0.1984322624967651,-0.0529148164694395
2026-06-03T00:49:47+00:00,stock,20.13,ol_fueling,maf_corr_mean_pct,1.100560202997514,,96947.0,,2.4623893150910563,-0.7312964640671165
2026-06-03T00:49:47+00:00,stock,20.13,ol_fueling,maf_corr_mean_abs_pct,1.120532765325384,,96947.0,,-0.7372956030587008,-1.2726515098791216
2026-06-03T00:49:47+00:00,stock,20.13,cross_thread,stutter_signature_per_min,1.4508167114821209,241.0,,,-0.0636668709470253,0.0850537730576881
2026-06-03T00:49:47+00:00,stock,20.14,pedal_throttle,throttle_hunt_per_min,0.2602343904233745,58.0,,,-0.0917230618312862,-0.0046450091833197
2026-06-03T00:49:47+00:00,stock,20.14,pedal_throttle,rpm_swing_per_min,1.000556363179526,223.0,,,-0.6739078793653752,0.0794984509107937
2026-06-03T00:49:47+00:00,stock,20.14,avcs,avcs_osc_per_min,0.9691487643353256,216.0,,,-0.001400573700254,-0.1445487112837298
2026-06-03T00:49:47+00:00,stock,20.14,timing_sum,fbkc_events_per_min,0.1794719933954306,40.0,,,0.062152842643877,0.0349923208826883
2026-06-03T00:49:47+00:00,stock,20.14,timing_sum,flkc_events_per_min,0.3095891886071178,69.0,,,0.2669276792429165,0.3095891886071178
2026-06-03T00:49:47+00:00,stock,20.14,timing_sum,total_knock_per_min,0.4890611820025485,,,,0.3290805218867937,0.3445815094898062
2026-06-03T00:49:47+00:00,stock,20.14,timing_sum,min_fbkc_depth,-8.05,,,,-3.850000000000001,-5.250000000000001
2026-06-03T00:49:47+00:00,stock,20.14,timing_sum,timing_osc_per_min,0.6012311778746927,134.0,,,-0.3479874054787862,-0.1091272119796237
2026-06-03T00:49:47+00:00,stock,20.14,wgdc,mean_target_attainment,0.944667700613123,,,48.0,,-0.0100328694947489
2026-06-03T00:49:47+00:00,stock,20.14,wgdc,mean_peak_mrp,10.752291666666666,,,48.0,,0.0574268018018013
2026-06-03T00:49:47+00:00,stock,20.14,wgdc,wgdc_pegged_pulls,0.0,,,48.0,,0.0
2026-06-03T00:49:47+00:00,stock,20.14,ol_fueling,afr_osc_per_min,0.8390315691236383,187.0,,,0.2097743060016691,-0.1723261384655579
2026-06-03T00:49:47+00:00,stock,20.14,ol_fueling,ffb_wbo2_div_per_min,1.6825499380821625,375.0,,,-0.5145177941742047,-0.3160855316774396
2026-06-03T00:49:47+00:00,stock,20.14,ol_fueling,maf_corr_mean_pct,0.0337004610441018,,107365.0,,1.3955295731376438,-1.0668597419534125
2026-06-03T00:49:47+00:00,stock,20.14,ol_fueling,maf_corr_mean_abs_pct,0.676008289479812,,107365.0,,-1.181820078904273,-0.4445244758455721
2026-06-03T00:49:47+00:00,stock,20.14,cross_thread,stutter_signature_per_min,1.1396471580609846,254.0,,,-0.3748364243681616,-0.3111695534211363
2026-06-03T00:49:47+00:00,stock,20.15,pedal_throttle,throttle_hunt_per_min,0.497039518825581,99.0,,,0.1450820665709202,0.2368051284022065
2026-06-03T00:49:47+00:00,stock,20.15,pedal_throttle,rpm_swing_per_min,1.2802533060658905,255.0,,,-0.3942109364790107,0.2796969428863645
2026-06-03T00:49:47+00:00,stock,20.15,avcs,avcs_osc_per_min,1.2953151096666655,258.0,,,0.3247657716310861,0.3261663453313401
2026-06-03T00:49:47+00:00,stock,20.15,timing_sum,fbkc_events_per_min,0.1757210420090438,35.0,,,0.0584018912574902,-0.0037509513863868
2026-06-03T00:49:47+00:00,stock,20.15,timing_sum,flkc_events_per_min,0.1054326252054262,21.0,,,0.0627711158412249,-0.2041565634016915
2026-06-03T00:49:47+00:00,stock,20.15,timing_sum,total_knock_per_min,0.28115366721447,,,,0.1211730070987151,-0.2079075147880785
2026-06-03T00:49:47+00:00,stock,20.15,timing_sum,min_fbkc_depth,-7.0,,,,-2.8,1.0500000000000007
2026-06-03T00:49:47+00:00,stock,20.15,timing_sum,timing_osc_per_min,0.7581107812390175,151.0,,,-0.1911078021144614,0.1568796033643248
2026-06-03T00:49:47+00:00,stock,20.15,wgdc,mean_target_attainment,0.8532658056878626,,,40.0,,-0.0914018949252604
2026-06-03T00:49:47+00:00,stock,20.15,wgdc,mean_peak_mrp,10.3926325,,,40.0,,-0.3596591666666651
2026-06-03T00:49:47+00:00,stock,20.15,wgdc,wgdc_pegged_pulls,0.0,,,40.0,,0.0
2026-06-03T00:49:47+00:00,stock,20.15,ol_fueling,afr_osc_per_min,1.0894704604560714,217.0,,,0.4602131973341022,0.2504388913324331
2026-06-03T00:49:47+00:00,stock,20.15,ol_fueling,ffb_wbo2_div_per_min,2.3396001593204114,466.0,,,0.1425324270640442,0.657050221238249
2026-06-03T00:49:47+00:00,stock,20.15,ol_fueling,maf_corr_mean_pct,-0.5468435112588055,,115554.0,,0.8149856008347365,-0.5805439723029073
2026-06-03T00:49:47+00:00,stock,20.15,ol_fueling,maf_corr_mean_abs_pct,0.8200676324488984,,115554.0,,-1.0377607359351866,0.1440593429690864
2026-06-03T00:49:47+00:00,stock,20.15,cross_thread,stutter_signature_per_min,1.7622310212906962,351.0,,,0.2477474388615499,0.6225838632297116
2026-06-03T00:49:47+00:00,stock,20.16,pedal_throttle,throttle_hunt_per_min,0.4420084865629419,20.0,,,0.0900510343082812,-0.055031032262639
2026-06-03T00:49:47+00:00,stock,20.16,pedal_throttle,rpm_swing_per_min,1.591230551626591,72.0,,,-0.0832336909183102,0.3109772455607005
2026-06-03T00:49:47+00:00,stock,20.16,avcs,avcs_osc_per_min,0.8619165487977368,39.0,,,-0.1086327892378428,-0.4333985608689289
2026-06-03T00:49:47+00:00,stock,20.16,timing_sum,fbkc_events_per_min,0.7956152758132955,36.0,,,0.6782961250617419,0.6198942338042517
2026-06-03T00:49:47+00:00,stock,20.16,timing_sum,flkc_events_per_min,0.0,0.0,,,-0.0426615093642013,-0.1054326252054262
2026-06-03T00:49:47+00:00,stock,20.16,timing_sum,total_knock_per_min,0.7956152758132955,,,,0.6356346156975407,0.5144616085988254
2026-06-03T00:49:47+00:00,stock,20.16,timing_sum,min_fbkc_depth,-11.8,,,,-7.6,-4.800000000000001
2026-06-03T00:49:47+00:00,stock,20.16,timing_sum,timing_osc_per_min,0.9503182461103252,43.0,,,0.0010996627568462,0.1922074648713077
2026-06-03T00:49:47+00:00,stock,20.16,wgdc,mean_target_attainment,0.7583286756572742,,,9.0,,-0.0949371300305883
2026-06-03T00:49:47+00:00,stock,20.16,wgdc,mean_peak_mrp,13.106666666666667,,,9.0,,2.714034166666666
2026-06-03T00:49:47+00:00,stock,20.16,wgdc,wgdc_pegged_pulls,0.0,,,9.0,,0.0
2026-06-03T00:49:47+00:00,stock,20.16,ol_fueling,afr_osc_per_min,0.7735148514851484,35.0,,,0.1442575883631792,-0.315955608970923
2026-06-03T00:49:47+00:00,stock,20.16,ol_fueling,ffb_wbo2_div_per_min,2.4310466760961806,110.0,,,0.2339789438398134,0.0914465167757692
2026-06-03T00:49:47+00:00,stock,20.16,ol_fueling,maf_corr_mean_pct,-1.831915357217683,,23865.0,,-0.470086245124141,-1.2850718459588777
2026-06-03T00:49:47+00:00,stock,20.16,ol_fueling,maf_corr_mean_abs_pct,1.8368916823800543,,23865.0,,-0.0209366860040305,1.0168240499311558
2026-06-03T00:49:47+00:00,stock,20.16,cross_thread,stutter_signature_per_min,1.5249292786421498,69.0,,,0.0104456962130035,-0.2373017426485464
2026-06-03T00:49:47+00:00,stock,old_2023_base,pedal_throttle,throttle_hunt_per_min,0.0,0.0,,,-0.3519574522546607,-0.4420084865629419
2026-06-03T00:49:47+00:00,stock,old_2023_base,pedal_throttle,rpm_swing_per_min,7.706868577609519,19.0,,,6.032404335064618,6.115638025982928
2026-06-03T00:49:47+00:00,stock,old_2023_base,avcs,avcs_osc_per_min,2.43374797187669,6.0,,,1.4631986338411105,1.5718314230789532
2026-06-03T00:49:47+00:00,stock,old_2023_base,timing_sum,fbkc_events_per_min,0.4056246619794483,1.0,,,0.2883055112278948,-0.3899906138338471
2026-06-03T00:49:47+00:00,stock,old_2023_base,timing_sum,flkc_events_per_min,2.028123309897242,5.0,,,1.9854618005330409,2.028123309897242
2026-06-03T00:49:47+00:00,stock,old_2023_base,timing_sum,total_knock_per_min,2.43374797187669,,,,2.273767311760935,1.6381326960633946
2026-06-03T00:49:47+00:00,stock,old_2023_base,timing_sum,min_fbkc_depth,-1.41,,,,2.79,10.39
2026-06-03T00:49:47+00:00,stock,old_2023_base,timing_sum,timing_osc_per_min,5.273120605732829,13.0,,,4.32390202237935,4.322802359622504
2026-06-03T00:49:47+00:00,stock,old_2023_base,ol_fueling,afr_osc_per_min,2.8393726338561387,7.0,,,2.2101153707341696,2.0658577823709905
2026-06-03T00:49:47+00:00,stock,old_2023_base,ol_fueling,ffb_wbo2_div_per_min,14.602487831260142,36.0,,,12.405420099003774,12.17144115516396
2026-06-03T00:49:47+00:00,stock,old_2023_base,ol_fueling,maf_corr_mean_pct,4.622304948729381,,2243.0,,5.984134060822923,6.454220305947064
2026-06-03T00:49:47+00:00,stock,old_2023_base,ol_fueling,maf_corr_mean_abs_pct,4.845934016941596,,2243.0,,2.988105648557512,3.009042334561542
2026-06-03T00:49:47+00:00,stock,old_2023_base,cross_thread,stutter_signature_per_min,5.273120605732829,13.0,,,3.7586370233036814,3.7481913270906793
2026-06-03T00:50:52+00:00,stock,garn_base,pedal_throttle,throttle_hunt_per_min,0.3519574522546607,33.0,,,0.0,
2026-06-03T00:50:52+00:00,stock,garn_base,pedal_throttle,rpm_swing_per_min,1.6744642425449012,157.0,,,0.0,
2026-06-03T00:50:52+00:00,stock,garn_base,avcs,avcs_osc_per_min,0.9705493380355796,91.0,,,0.0,
2026-06-03T00:50:52+00:00,stock,garn_base,timing_sum,fbkc_events_per_min,0.1173191507515535,11.0,,,0.0,
2026-06-03T00:50:52+00:00,stock,garn_base,timing_sum,flkc_events_per_min,0.0426615093642013,4.0,,,0.0,
2026-06-03T00:50:52+00:00,stock,garn_base,timing_sum,total_knock_per_min,0.1599806601157548,,,,0.0,
2026-06-03T00:50:52+00:00,stock,garn_base,timing_sum,min_fbkc_depth,-4.2,,,,0.0,
2026-06-03T00:50:52+00:00,stock,garn_base,timing_sum,timing_osc_per_min,0.949218583353479,89.0,,,0.0,
2026-06-03T00:50:52+00:00,stock,garn_base,ol_fueling,afr_osc_per_min,0.6292572631219692,59.0,,,0.0,
2026-06-03T00:50:52+00:00,stock,garn_base,ol_fueling,ffb_wbo2_div_per_min,2.197067732256367,206.0,,,0.0,
2026-06-03T00:50:52+00:00,stock,garn_base,ol_fueling,maf_corr_mean_pct,-1.361829112093542,,48406.0,,0.0,
2026-06-03T00:50:52+00:00,stock,garn_base,ol_fueling,maf_corr_mean_abs_pct,1.8578283683840848,,48406.0,,0.0,
2026-06-03T00:50:52+00:00,stock,garn_base,cross_thread,stutter_signature_per_min,1.5144835824291465,142.0,,,0.0,
2026-06-03T00:50:52+00:00,stock,20.7,pedal_throttle,throttle_hunt_per_min,0.2077667606966098,41.0,,,-0.1441906915580509,-0.1441906915580509
2026-06-03T00:50:52+00:00,stock,20.7,pedal_throttle,rpm_swing_per_min,1.1199135149744093,221.0,,,-0.554550727570492,-0.554550727570492
2026-06-03T00:50:52+00:00,stock,20.7,avcs,avcs_osc_per_min,1.1047110690697792,218.0,,,0.1341617310341996,0.1341617310341996
2026-06-03T00:50:52+00:00,stock,20.7,timing_sum,fbkc_events_per_min,0.1976317967601898,39.0,,,0.0803126460086362,0.0803126460086362
2026-06-03T00:50:52+00:00,stock,20.7,timing_sum,flkc_events_per_min,0.0,0.0,,,-0.0426615093642013,-0.0426615093642013
2026-06-03T00:50:52+00:00,stock,20.7,timing_sum,total_knock_per_min,0.1976317967601898,,,,0.0376511366444349,0.0376511366444349
2026-06-03T00:50:52+00:00,stock,20.7,timing_sum,min_fbkc_depth,-9.45,,,,-5.249999999999999,-5.249999999999999
2026-06-03T00:50:52+00:00,stock,20.7,timing_sum,timing_osc_per_min,1.0286988395466292,203.0,,,0.0794802561931502,0.0794802561931502
2026-06-03T00:50:52+00:00,stock,20.7,ol_fueling,afr_osc_per_min,0.6739751017719295,133.0,,,0.0447178386499603,0.0447178386499603
2026-06-03T00:50:52+00:00,stock,20.7,ol_fueling,ffb_wbo2_div_per_min,2.077667606966098,410.0,,,-0.1194001252902685,-0.1194001252902685
2026-06-03T00:50:52+00:00,stock,20.7,ol_fueling,maf_corr_mean_pct,2.261221591094371,,122664.0,,3.623050703187913,3.623050703187913
2026-06-03T00:50:52+00:00,stock,20.7,ol_fueling,maf_corr_mean_abs_pct,2.4359112539131287,,122664.0,,0.5780828855290439,0.5780828855290439
2026-06-03T00:50:52+00:00,stock,20.7,cross_thread,stutter_signature_per_min,1.4036925051941689,277.0,,,-0.1107910772349773,-0.1107910772349773
2026-06-03T00:50:52+00:00,stock,20.8,pedal_throttle,throttle_hunt_per_min,0.3619609867786033,43.0,,,0.0100035345239425,0.1541942260819934
2026-06-03T00:50:52+00:00,stock,20.8,pedal_throttle,rpm_swing_per_min,1.4562616444813576,173.0,,,-0.2182025980635435,0.3363481295069483
2026-06-03T00:50:52+00:00,stock,20.8,avcs,avcs_osc_per_min,1.1868953287391413,141.0,,,0.2163459907035616,0.082184259669362
2026-06-03T00:50:52+00:00,stock,20.8,timing_sum,fbkc_events_per_min,0.1431008552380525,17.0,,,0.0257817044864989,-0.0545309415221373
2026-06-03T00:50:52+00:00,stock,20.8,timing_sum,flkc_events_per_min,0.033670789467777,4.0,,,-0.0089907198964242,0.033670789467777
2026-06-03T00:50:52+00:00,stock,20.8,timing_sum,total_knock_per_min,0.1767716447058295,,,,0.0167909845900746,-0.0208601520543603
2026-06-03T00:50:52+00:00,stock,20.8,timing_sum,min_fbkc_depth,-4.2,,,,0.0,5.249999999999999
2026-06-03T00:50:52+00:00,stock,20.8,timing_sum,timing_osc_per_min,1.119553749803587,133.0,,,0.170335166450108,0.0908549102569578
2026-06-03T00:50:52+00:00,stock,20.8,wgdc,mean_target_attainment,0.831825968983463,,,12.0,,
2026-06-03T00:50:52+00:00,stock,20.8,wgdc,mean_peak_mrp,12.8,,,12.0,,
2026-06-03T00:50:52+00:00,stock,20.8,wgdc,wgdc_pegged_pulls,0.0,,,12.0,,
2026-06-03T00:50:52+00:00,stock,20.8,ol_fueling,afr_osc_per_min,1.0774652629688657,128.0,,,0.4482079998468965,0.4034901611969361
2026-06-03T00:50:52+00:00,stock,20.8,ol_fueling,ffb_wbo2_div_per_min,2.7610047363577186,328.0,,,0.5639370041013514,0.68333712939162
2026-06-03T00:50:52+00:00,stock,20.8,ol_fueling,maf_corr_mean_pct,-1.7333832306534345,,71744.0,,-0.3715541185598925,-3.9946048217478056
2026-06-03T00:50:52+00:00,stock,20.8,ol_fueling,maf_corr_mean_abs_pct,1.8462282518398752,,71744.0,,-0.0116001165442096,-0.5896830020732535
2026-06-03T00:50:52+00:00,stock,20.8,cross_thread,stutter_signature_per_min,1.9949942759657904,237.0,,,0.4805106935366443,0.5913017707716217
2026-06-03T00:50:52+00:00,stock,20.9,pedal_throttle,throttle_hunt_per_min,0.2395145837768788,21.0,,,-0.1124428684777819,-0.1224464030017244
2026-06-03T00:50:52+00:00,stock,20.9,pedal_throttle,rpm_swing_per_min,0.9010310532558776,79.0,,,-0.7734331892890236,-0.55523059122548
2026-06-03T00:50:52+00:00,stock,20.9,avcs,avcs_osc_per_min,1.0493019860701358,92.0,,,0.0787526480345561,-0.1375933426690054
2026-06-03T00:50:52+00:00,stock,20.9,timing_sum,fbkc_events_per_min,0.0570272818516378,5.0,,,-0.0602918688999157,-0.0860735733864146
2026-06-03T00:50:52+00:00,stock,20.9,timing_sum,flkc_events_per_min,0.0,0.0,,,-0.0426615093642013,-0.033670789467777
2026-06-03T00:50:52+00:00,stock,20.9,timing_sum,total_knock_per_min,0.0570272818516378,,,,-0.102953378264117,-0.1197443628541917
2026-06-03T00:50:52+00:00,stock,20.9,timing_sum,min_fbkc_depth,-2.8,,,,1.4000000000000004,1.4000000000000004
2026-06-03T00:50:52+00:00,stock,20.9,timing_sum,timing_osc_per_min,0.9466528787371878,83.0,,,-0.0025657046162911,-0.1729008710663991
2026-06-03T00:50:52+00:00,stock,20.9,wgdc,mean_target_attainment,0.5896524232109547,,,11.0,,-0.2421735457725082
2026-06-03T00:50:52+00:00,stock,20.9,wgdc,mean_peak_mrp,8.940772727272728,,,11.0,,-3.859227272727271
2026-06-03T00:50:52+00:00,stock,20.9,wgdc,wgdc_pegged_pulls,0.0,,,11.0,,0.0
2026-06-03T00:50:52+00:00,stock,20.9,ol_fueling,afr_osc_per_min,0.5360564494053955,47.0,,,-0.0932008137165736,-0.5414088135634701
2026-06-03T00:50:52+00:00,stock,20.9,ol_fueling,ffb_wbo2_div_per_min,1.6994129991788072,149.0,,,-0.49765473307756,-1.0615917371789114
2026-06-03T00:50:52+00:00,stock,20.9,ol_fueling,maf_corr_mean_pct,-1.017067829789973,,46613.0,,0.3447612823035693,0.7163154008634618
2026-06-03T00:50:52+00:00,stock,20.9,ol_fueling,maf_corr_mean_abs_pct,1.3385986559543477,,46613.0,,-0.5192297124297374,-0.5076295958855277
2026-06-03T00:50:52+00:00,stock,20.9,cross_thread,stutter_signature_per_min,1.1291401806624288,99.0,,,-0.3853434017667174,-0.8658540953033618
2026-06-03T00:50:52+00:00,stock,20.10,pedal_throttle,throttle_hunt_per_min,0.3037199620957487,25.0,,,-0.048237490158912,0.0642053783188698
2026-06-03T00:50:52+00:00,stock,20.10,pedal_throttle,rpm_swing_per_min,1.6036413998655532,132.0,,,-0.070822842679348,0.7026103466096756
2026-06-03T00:50:52+00:00,stock,20.10,avcs,avcs_osc_per_min,0.935457483254906,77.0,,,-0.0350918547806735,-0.1138445028152297
2026-06-03T00:50:52+00:00,stock,20.10,timing_sum,fbkc_events_per_min,0.218678372708939,18.0,,,0.1013592219573855,0.1616510908573012
2026-06-03T00:50:52+00:00,stock,20.10,timing_sum,flkc_events_per_min,0.0,0.0,,,-0.0426615093642013,0.0
2026-06-03T00:50:52+00:00,stock,20.10,timing_sum,total_knock_per_min,0.218678372708939,,,,0.0586977125931842,0.1616510908573012
2026-06-03T00:50:52+00:00,stock,20.10,timing_sum,min_fbkc_depth,-7.0,,,,-2.8,-4.2
2026-06-03T00:50:52+00:00,stock,20.10,timing_sum,timing_osc_per_min,0.5709935287400075,47.0,,,-0.3782250546134714,-0.3756593499971803
2026-06-03T00:50:52+00:00,stock,20.10,wgdc,mean_target_attainment,0.7285170880655274,,,6.0,,0.1388646648545727
2026-06-03T00:50:52+00:00,stock,20.10,wgdc,mean_peak_mrp,11.253333333333336,,,6.0,,2.3125606060606074
2026-06-03T00:50:52+00:00,stock,20.10,wgdc,wgdc_pegged_pulls,0.0,,,6.0,,0.0
2026-06-03T00:50:52+00:00,stock,20.10,ol_fueling,afr_osc_per_min,0.7532255059974567,62.0,,,0.1239682428754875,0.2171690565920612
2026-06-03T00:50:52+00:00,stock,20.10,ol_fueling,ffb_wbo2_div_per_min,1.919510160445132,158.0,,,-0.2775575718112353,0.2200971612663247
2026-06-03T00:50:52+00:00,stock,20.10,ol_fueling,maf_corr_mean_pct,-1.9156069866694767,,37958.0,,-0.5537778745759347,-0.898539156879504
2026-06-03T00:50:52+00:00,stock,20.10,ol_fueling,maf_corr_mean_abs_pct,1.9409307655830128,,37958.0,,0.0831023971989277,0.6023321096286651
2026-06-03T00:50:52+00:00,stock,20.10,cross_thread,stutter_signature_per_min,1.3606654301889545,112.0,,,-0.153818152240192,0.2315252495265254
2026-06-03T00:50:52+00:00,stock,20.11,pedal_throttle,throttle_hunt_per_min,0.4962131104727083,38.0,,,0.1442556582180475,0.1924931483769595
2026-06-03T00:50:52+00:00,stock,20.11,pedal_throttle,rpm_swing_per_min,2.376599634369287,182.0,,,0.7021353918243858,0.7729582345037338
2026-06-03T00:50:52+00:00,stock,20.11,avcs,avcs_osc_per_min,1.3188822146774617,101.0,,,0.3483328766418818,0.3834247314225554
2026-06-03T00:50:52+00:00,stock,20.11,timing_sum,fbkc_events_per_min,0.3003395142334813,23.0,,,0.1830203634819277,0.0816611415245422
2026-06-03T00:50:52+00:00,stock,20.11,timing_sum,flkc_events_per_min,0.3395142334813267,26.0,,,0.2968527241171254,0.3395142334813267
2026-06-03T00:50:52+00:00,stock,20.11,timing_sum,total_knock_per_min,0.6398537477148081,,,,0.4798730875990532,0.421175375005869
2026-06-03T00:50:52+00:00,stock,20.11,timing_sum,min_fbkc_depth,-4.2,,,,0.0,2.8
2026-06-03T00:50:52+00:00,stock,20.11,timing_sum,timing_osc_per_min,0.8749020632018804,67.0,,,-0.0743165201515986,0.3039085344618728
2026-06-03T00:50:52+00:00,stock,20.11,wgdc,mean_target_attainment,0.7676399339712541,,,20.0,,0.0391228459057266
2026-06-03T00:50:52+00:00,stock,20.11,wgdc,mean_peak_mrp,13.5645,,,20.0,,2.311166666666665
2026-06-03T00:50:52+00:00,stock,20.11,wgdc,wgdc_pegged_pulls,0.0,,,20.0,,0.0
2026-06-03T00:50:52+00:00,stock,20.11,ol_fueling,afr_osc_per_min,1.2013580569339253,92.0,,,0.5721007938119561,0.4481325509364685
2026-06-03T00:50:52+00:00,stock,20.11,ol_fueling,ffb_wbo2_div_per_min,2.8075215460955865,215.0,,,0.6104538138392193,0.8880113856504546
2026-06-03T00:50:52+00:00,stock,20.11,ol_fueling,maf_corr_mean_pct,-1.0785863660127748,,43993.0,,0.2832427460807671,0.8370206206567019
2026-06-03T00:50:52+00:00,stock,20.11,ol_fueling,maf_corr_mean_abs_pct,1.4322658150160257,,43993.0,,-0.4255625533680593,-0.5086649505669871
2026-06-03T00:50:52+00:00,stock,20.11,cross_thread,stutter_signature_per_min,1.893444763645861,145.0,,,0.3789611812167144,0.5327793334569064
2026-06-03T00:50:52+00:00,stock,20.12,pedal_throttle,throttle_hunt_per_min,0.2266585302066079,78.0,,,-0.1252989220480527,-0.2695545802661003
2026-06-03T00:50:52+00:00,stock,20.12,pedal_throttle,rpm_swing_per_min,1.0693633220004068,368.0,,,-0.6051009205444944,-1.3072363123688802
2026-06-03T00:50:52+00:00,stock,20.12,avcs,avcs_osc_per_min,1.127480893848255,388.0,,,0.1569315558126753,-0.1914013208292064
2026-06-03T00:50:52+00:00,stock,20.12,timing_sum,fbkc_events_per_min,0.0900822363641647,31.0,,,-0.0272369143873888,-0.2102572778693166
2026-06-03T00:50:52+00:00,stock,20.12,timing_sum,flkc_events_per_min,0.1656350797663673,57.0,,,0.122973570402166,-0.1738791537149593
2026-06-03T00:50:52+00:00,stock,20.12,timing_sum,total_knock_per_min,0.255717316130532,,,,0.0957366560147771,-0.384136431584276
2026-06-03T00:50:52+00:00,stock,20.12,timing_sum,min_fbkc_depth,-7.0,,,,-2.8,-2.8
2026-06-03T00:50:52+00:00,stock,20.12,timing_sum,timing_osc_per_min,0.709034376543748,244.0,,,-0.2401842068097309,-0.1658676866581323
2026-06-03T00:50:52+00:00,stock,20.12,wgdc,mean_target_attainment,0.8293115953918506,,,72.0,,0.0616716614205965
2026-06-03T00:50:52+00:00,stock,20.12,wgdc,mean_peak_mrp,9.870416666666666,,,72.0,,-3.694083333333335
2026-06-03T00:50:52+00:00,stock,20.12,wgdc,wgdc_pegged_pulls,0.0,,,72.0,,0.0
2026-06-03T00:50:52+00:00,stock,20.12,ol_fueling,afr_osc_per_min,0.9037282422340396,311.0,,,0.2744709791120703,-0.2976298146998858
2026-06-03T00:50:52+00:00,stock,20.12,ol_fueling,ffb_wbo2_div_per_min,2.0515502862290416,706.0,,,-0.1455174460273256,-0.7559712598665449
2026-06-03T00:50:52+00:00,stock,20.12,ol_fueling,maf_corr_mean_pct,1.8318566670646304,,242903.0,,3.1936857791581725,2.9104430330774056
2026-06-03T00:50:52+00:00,stock,20.12,ol_fueling,maf_corr_mean_abs_pct,2.3931842752045056,,242903.0,,0.5353559068204208,0.9609184601884802
2026-06-03T00:50:52+00:00,stock,20.12,cross_thread,stutter_signature_per_min,1.3657629384244327,470.0,,,-0.1487206440047135,-0.5276818252214279
2026-06-03T00:50:52+00:00,stock,20.13,pedal_throttle,throttle_hunt_per_min,0.2648793996066942,44.0,,,-0.0870780526479664,0.0382208694000862
2026-06-03T00:50:52+00:00,stock,20.13,pedal_throttle,rpm_swing_per_min,0.9210579122687322,153.0,,,-0.753406330276169,-0.1483054097316746
2026-06-03T00:50:52+00:00,stock,20.13,avcs,avcs_osc_per_min,1.1136974756190554,185.0,,,0.1431481375834757,-0.0137834182291995
2026-06-03T00:50:52+00:00,stock,20.13,timing_sum,fbkc_events_per_min,0.1444796725127423,24.0,,,0.0271605217611887,0.0543974361485776
2026-06-03T00:50:52+00:00,stock,20.13,timing_sum,flkc_events_per_min,0.0,0.0,,,-0.0426615093642013,-0.1656350797663673
2026-06-03T00:50:52+00:00,stock,20.13,timing_sum,total_knock_per_min,0.1444796725127423,,,,-0.0155009876030125,-0.1112376436177897
2026-06-03T00:50:52+00:00,stock,20.13,timing_sum,min_fbkc_depth,-2.8,,,,1.4000000000000004,4.2
2026-06-03T00:50:52+00:00,stock,20.13,timing_sum,timing_osc_per_min,0.7103583898543164,118.0,,,-0.2388601934991625,0.0013240133105684
2026-06-03T00:50:52+00:00,stock,20.13,wgdc,mean_target_attainment,0.954700570107872,,,37.0,,0.1253889747160212
2026-06-03T00:50:52+00:00,stock,20.13,wgdc,mean_peak_mrp,10.694864864864863,,,37.0,,0.8244481981981995
2026-06-03T00:50:52+00:00,stock,20.13,wgdc,wgdc_pegged_pulls,0.0,,,37.0,,0.0
2026-06-03T00:50:52+00:00,stock,20.13,ol_fueling,afr_osc_per_min,1.0113577075891962,168.0,,,0.382100444467227,0.1076294653551567
2026-06-03T00:50:52+00:00,stock,20.13,ol_fueling,ffb_wbo2_div_per_min,1.998635469759602,332.0,,,-0.1984322624967651,-0.0529148164694395
2026-06-03T00:50:52+00:00,stock,20.13,ol_fueling,maf_corr_mean_pct,1.100560202997514,,96947.0,,2.4623893150910563,-0.7312964640671165
2026-06-03T00:50:52+00:00,stock,20.13,ol_fueling,maf_corr_mean_abs_pct,1.120532765325384,,96947.0,,-0.7372956030587008,-1.2726515098791216
2026-06-03T00:50:52+00:00,stock,20.13,cross_thread,stutter_signature_per_min,1.4508167114821209,241.0,,,-0.0636668709470253,0.0850537730576881
2026-06-03T00:50:52+00:00,stock,20.14,pedal_throttle,throttle_hunt_per_min,0.2602343904233745,58.0,,,-0.0917230618312862,-0.0046450091833197
2026-06-03T00:50:52+00:00,stock,20.14,pedal_throttle,rpm_swing_per_min,1.000556363179526,223.0,,,-0.6739078793653752,0.0794984509107937
2026-06-03T00:50:52+00:00,stock,20.14,avcs,avcs_osc_per_min,0.9691487643353256,216.0,,,-0.001400573700254,-0.1445487112837298
2026-06-03T00:50:52+00:00,stock,20.14,timing_sum,fbkc_events_per_min,0.1794719933954306,40.0,,,0.062152842643877,0.0349923208826883
2026-06-03T00:50:52+00:00,stock,20.14,timing_sum,flkc_events_per_min,0.3095891886071178,69.0,,,0.2669276792429165,0.3095891886071178
2026-06-03T00:50:52+00:00,stock,20.14,timing_sum,total_knock_per_min,0.4890611820025485,,,,0.3290805218867937,0.3445815094898062
2026-06-03T00:50:52+00:00,stock,20.14,timing_sum,min_fbkc_depth,-8.05,,,,-3.850000000000001,-5.250000000000001
2026-06-03T00:50:52+00:00,stock,20.14,timing_sum,timing_osc_per_min,0.6012311778746927,134.0,,,-0.3479874054787862,-0.1091272119796237
2026-06-03T00:50:52+00:00,stock,20.14,wgdc,mean_target_attainment,0.944667700613123,,,48.0,,-0.0100328694947489
2026-06-03T00:50:52+00:00,stock,20.14,wgdc,mean_peak_mrp,10.752291666666666,,,48.0,,0.0574268018018013
2026-06-03T00:50:52+00:00,stock,20.14,wgdc,wgdc_pegged_pulls,0.0,,,48.0,,0.0
2026-06-03T00:50:52+00:00,stock,20.14,ol_fueling,afr_osc_per_min,0.8390315691236383,187.0,,,0.2097743060016691,-0.1723261384655579
2026-06-03T00:50:52+00:00,stock,20.14,ol_fueling,ffb_wbo2_div_per_min,1.6825499380821625,375.0,,,-0.5145177941742047,-0.3160855316774396
2026-06-03T00:50:52+00:00,stock,20.14,ol_fueling,maf_corr_mean_pct,0.0337004610441018,,107365.0,,1.3955295731376438,-1.0668597419534125
2026-06-03T00:50:52+00:00,stock,20.14,ol_fueling,maf_corr_mean_abs_pct,0.676008289479812,,107365.0,,-1.181820078904273,-0.4445244758455721
2026-06-03T00:50:52+00:00,stock,20.14,cross_thread,stutter_signature_per_min,1.1396471580609846,254.0,,,-0.3748364243681616,-0.3111695534211363
2026-06-03T00:50:52+00:00,stock,20.15,pedal_throttle,throttle_hunt_per_min,0.497039518825581,99.0,,,0.1450820665709202,0.2368051284022065
2026-06-03T00:50:52+00:00,stock,20.15,pedal_throttle,rpm_swing_per_min,1.2802533060658905,255.0,,,-0.3942109364790107,0.2796969428863645
2026-06-03T00:50:52+00:00,stock,20.15,avcs,avcs_osc_per_min,1.2953151096666655,258.0,,,0.3247657716310861,0.3261663453313401
2026-06-03T00:50:52+00:00,stock,20.15,timing_sum,fbkc_events_per_min,0.1757210420090438,35.0,,,0.0584018912574902,-0.0037509513863868
2026-06-03T00:50:52+00:00,stock,20.15,timing_sum,flkc_events_per_min,0.1054326252054262,21.0,,,0.0627711158412249,-0.2041565634016915
2026-06-03T00:50:52+00:00,stock,20.15,timing_sum,total_knock_per_min,0.28115366721447,,,,0.1211730070987151,-0.2079075147880785
2026-06-03T00:50:52+00:00,stock,20.15,timing_sum,min_fbkc_depth,-7.0,,,,-2.8,1.0500000000000007
2026-06-03T00:50:52+00:00,stock,20.15,timing_sum,timing_osc_per_min,0.7581107812390175,151.0,,,-0.1911078021144614,0.1568796033643248
2026-06-03T00:50:52+00:00,stock,20.15,wgdc,mean_target_attainment,0.8532658056878626,,,40.0,,-0.0914018949252604
2026-06-03T00:50:52+00:00,stock,20.15,wgdc,mean_peak_mrp,10.3926325,,,40.0,,-0.3596591666666651
2026-06-03T00:50:52+00:00,stock,20.15,wgdc,wgdc_pegged_pulls,0.0,,,40.0,,0.0
2026-06-03T00:50:52+00:00,stock,20.15,ol_fueling,afr_osc_per_min,1.0894704604560714,217.0,,,0.4602131973341022,0.2504388913324331
2026-06-03T00:50:52+00:00,stock,20.15,ol_fueling,ffb_wbo2_div_per_min,2.3396001593204114,466.0,,,0.1425324270640442,0.657050221238249
2026-06-03T00:50:52+00:00,stock,20.15,ol_fueling,maf_corr_mean_pct,-0.5468435112588055,,115554.0,,0.8149856008347365,-0.5805439723029073
2026-06-03T00:50:52+00:00,stock,20.15,ol_fueling,maf_corr_mean_abs_pct,0.8200676324488984,,115554.0,,-1.0377607359351866,0.1440593429690864
2026-06-03T00:50:52+00:00,stock,20.15,cross_thread,stutter_signature_per_min,1.7622310212906962,351.0,,,0.2477474388615499,0.6225838632297116
2026-06-03T00:50:52+00:00,stock,20.16,pedal_throttle,throttle_hunt_per_min,0.4420084865629419,20.0,,,0.0900510343082812,-0.055031032262639
2026-06-03T00:50:52+00:00,stock,20.16,pedal_throttle,rpm_swing_per_min,1.591230551626591,72.0,,,-0.0832336909183102,0.3109772455607005
2026-06-03T00:50:52+00:00,stock,20.16,avcs,avcs_osc_per_min,0.8619165487977368,39.0,,,-0.1086327892378428,-0.4333985608689289
2026-06-03T00:50:52+00:00,stock,20.16,timing_sum,fbkc_events_per_min,0.7956152758132955,36.0,,,0.6782961250617419,0.6198942338042517
2026-06-03T00:50:52+00:00,stock,20.16,timing_sum,flkc_events_per_min,0.0,0.0,,,-0.0426615093642013,-0.1054326252054262
2026-06-03T00:50:52+00:00,stock,20.16,timing_sum,total_knock_per_min,0.7956152758132955,,,,0.6356346156975407,0.5144616085988254
2026-06-03T00:50:52+00:00,stock,20.16,timing_sum,min_fbkc_depth,-11.8,,,,-7.6,-4.800000000000001
2026-06-03T00:50:52+00:00,stock,20.16,timing_sum,timing_osc_per_min,0.9503182461103252,43.0,,,0.0010996627568462,0.1922074648713077
2026-06-03T00:50:52+00:00,stock,20.16,wgdc,mean_target_attainment,0.7583286756572742,,,9.0,,-0.0949371300305883
2026-06-03T00:50:52+00:00,stock,20.16,wgdc,mean_peak_mrp,13.106666666666667,,,9.0,,2.714034166666666
2026-06-03T00:50:52+00:00,stock,20.16,wgdc,wgdc_pegged_pulls,0.0,,,9.0,,0.0
2026-06-03T00:50:52+00:00,stock,20.16,ol_fueling,afr_osc_per_min,0.7735148514851484,35.0,,,0.1442575883631792,-0.315955608970923
2026-06-03T00:50:52+00:00,stock,20.16,ol_fueling,ffb_wbo2_div_per_min,2.4310466760961806,110.0,,,0.2339789438398134,0.0914465167757692
2026-06-03T00:50:52+00:00,stock,20.16,ol_fueling,maf_corr_mean_pct,-1.831915357217683,,23865.0,,-0.470086245124141,-1.2850718459588777
2026-06-03T00:50:52+00:00,stock,20.16,ol_fueling,maf_corr_mean_abs_pct,1.8368916823800543,,23865.0,,-0.0209366860040305,1.0168240499311558
2026-06-03T00:50:52+00:00,stock,20.16,cross_thread,stutter_signature_per_min,1.5249292786421498,69.0,,,0.0104456962130035,-0.2373017426485464
2026-06-07T23:00:17+00:00,stock,garn_base,pedal_throttle,throttle_hunt_per_min,0.3519574522546607,33.0,,,0.0,
2026-06-07T23:00:17+00:00,stock,garn_base,pedal_throttle,rpm_swing_per_min,1.6744642425449012,157.0,,,0.0,
2026-06-07T23:00:17+00:00,stock,garn_base,avcs,avcs_osc_per_min,0.9705493380355796,91.0,,,0.0,
2026-06-07T23:00:17+00:00,stock,garn_base,timing_sum,fbkc_events_per_min,0.1173191507515535,11.0,,,0.0,
2026-06-07T23:00:17+00:00,stock,garn_base,timing_sum,flkc_events_per_min,0.0426615093642013,4.0,,,0.0,
2026-06-07T23:00:17+00:00,stock,garn_base,timing_sum,total_knock_per_min,0.1599806601157548,,,,0.0,
2026-06-07T23:00:17+00:00,stock,garn_base,timing_sum,min_fbkc_depth,-4.2,,,,0.0,
2026-06-07T23:00:17+00:00,stock,garn_base,timing_sum,timing_osc_per_min,0.949218583353479,89.0,,,0.0,
2026-06-07T23:00:17+00:00,stock,garn_base,ol_fueling,afr_osc_per_min,0.6292572631219692,59.0,,,0.0,
2026-06-07T23:00:17+00:00,stock,garn_base,ol_fueling,ffb_wbo2_div_per_min,2.197067732256367,206.0,,,0.0,
2026-06-07T23:00:17+00:00,stock,garn_base,ol_fueling,maf_corr_mean_pct,-1.361829112093542,,48406.0,,0.0,
2026-06-07T23:00:17+00:00,stock,garn_base,ol_fueling,maf_corr_mean_abs_pct,1.8578283683840848,,48406.0,,0.0,
2026-06-07T23:00:17+00:00,stock,garn_base,cross_thread,stutter_signature_per_min,1.5144835824291465,142.0,,,0.0,
2026-06-07T23:00:17+00:00,stock,20.7,pedal_throttle,throttle_hunt_per_min,0.2077667606966098,41.0,,,-0.1441906915580509,-0.1441906915580509
2026-06-07T23:00:17+00:00,stock,20.7,pedal_throttle,rpm_swing_per_min,1.1199135149744093,221.0,,,-0.554550727570492,-0.554550727570492
2026-06-07T23:00:17+00:00,stock,20.7,avcs,avcs_osc_per_min,1.1047110690697792,218.0,,,0.1341617310341996,0.1341617310341996
2026-06-07T23:00:17+00:00,stock,20.7,timing_sum,fbkc_events_per_min,0.1976317967601898,39.0,,,0.0803126460086362,0.0803126460086362
2026-06-07T23:00:17+00:00,stock,20.7,timing_sum,flkc_events_per_min,0.0,0.0,,,-0.0426615093642013,-0.0426615093642013
2026-06-07T23:00:17+00:00,stock,20.7,timing_sum,total_knock_per_min,0.1976317967601898,,,,0.0376511366444349,0.0376511366444349
2026-06-07T23:00:17+00:00,stock,20.7,timing_sum,min_fbkc_depth,-9.45,,,,-5.249999999999999,-5.249999999999999
2026-06-07T23:00:17+00:00,stock,20.7,timing_sum,timing_osc_per_min,1.0286988395466292,203.0,,,0.0794802561931502,0.0794802561931502
2026-06-07T23:00:17+00:00,stock,20.7,ol_fueling,afr_osc_per_min,0.6739751017719295,133.0,,,0.0447178386499603,0.0447178386499603
2026-06-07T23:00:17+00:00,stock,20.7,ol_fueling,ffb_wbo2_div_per_min,2.077667606966098,410.0,,,-0.1194001252902685,-0.1194001252902685
2026-06-07T23:00:17+00:00,stock,20.7,ol_fueling,maf_corr_mean_pct,2.261221591094371,,122664.0,,3.623050703187913,3.623050703187913
2026-06-07T23:00:17+00:00,stock,20.7,ol_fueling,maf_corr_mean_abs_pct,2.4359112539131287,,122664.0,,0.5780828855290439,0.5780828855290439
2026-06-07T23:00:17+00:00,stock,20.7,cross_thread,stutter_signature_per_min,1.4036925051941689,277.0,,,-0.1107910772349773,-0.1107910772349773
2026-06-07T23:00:17+00:00,stock,20.8,pedal_throttle,throttle_hunt_per_min,0.3619609867786033,43.0,,,0.0100035345239425,0.1541942260819934
2026-06-07T23:00:17+00:00,stock,20.8,pedal_throttle,rpm_swing_per_min,1.4562616444813576,173.0,,,-0.2182025980635435,0.3363481295069483
2026-06-07T23:00:17+00:00,stock,20.8,avcs,avcs_osc_per_min,1.1868953287391413,141.0,,,0.2163459907035616,0.082184259669362
2026-06-07T23:00:17+00:00,stock,20.8,timing_sum,fbkc_events_per_min,0.1431008552380525,17.0,,,0.0257817044864989,-0.0545309415221373
2026-06-07T23:00:17+00:00,stock,20.8,timing_sum,flkc_events_per_min,0.033670789467777,4.0,,,-0.0089907198964242,0.033670789467777
2026-06-07T23:00:17+00:00,stock,20.8,timing_sum,total_knock_per_min,0.1767716447058295,,,,0.0167909845900746,-0.0208601520543603
2026-06-07T23:00:17+00:00,stock,20.8,timing_sum,min_fbkc_depth,-4.2,,,,0.0,5.249999999999999
2026-06-07T23:00:17+00:00,stock,20.8,timing_sum,timing_osc_per_min,1.119553749803587,133.0,,,0.170335166450108,0.0908549102569578
2026-06-07T23:00:17+00:00,stock,20.8,wgdc,mean_target_attainment,0.831825968983463,,,12.0,,
2026-06-07T23:00:17+00:00,stock,20.8,wgdc,mean_peak_mrp,12.8,,,12.0,,
2026-06-07T23:00:17+00:00,stock,20.8,wgdc,wgdc_pegged_pulls,0.0,,,12.0,,
2026-06-07T23:00:17+00:00,stock,20.8,ol_fueling,afr_osc_per_min,1.0774652629688657,128.0,,,0.4482079998468965,0.4034901611969361
2026-06-07T23:00:17+00:00,stock,20.8,ol_fueling,ffb_wbo2_div_per_min,2.7610047363577186,328.0,,,0.5639370041013514,0.68333712939162
2026-06-07T23:00:17+00:00,stock,20.8,ol_fueling,maf_corr_mean_pct,-1.7333832306534345,,71744.0,,-0.3715541185598925,-3.9946048217478056
2026-06-07T23:00:17+00:00,stock,20.8,ol_fueling,maf_corr_mean_abs_pct,1.8462282518398752,,71744.0,,-0.0116001165442096,-0.5896830020732535
2026-06-07T23:00:17+00:00,stock,20.8,cross_thread,stutter_signature_per_min,1.9949942759657904,237.0,,,0.4805106935366443,0.5913017707716217
2026-06-07T23:00:17+00:00,stock,20.9,pedal_throttle,throttle_hunt_per_min,0.2395145837768788,21.0,,,-0.1124428684777819,-0.1224464030017244
2026-06-07T23:00:17+00:00,stock,20.9,pedal_throttle,rpm_swing_per_min,0.9010310532558776,79.0,,,-0.7734331892890236,-0.55523059122548
2026-06-07T23:00:17+00:00,stock,20.9,avcs,avcs_osc_per_min,1.0493019860701358,92.0,,,0.0787526480345561,-0.1375933426690054
2026-06-07T23:00:17+00:00,stock,20.9,timing_sum,fbkc_events_per_min,0.0570272818516378,5.0,,,-0.0602918688999157,-0.0860735733864146
2026-06-07T23:00:17+00:00,stock,20.9,timing_sum,flkc_events_per_min,0.0,0.0,,,-0.0426615093642013,-0.033670789467777
2026-06-07T23:00:17+00:00,stock,20.9,timing_sum,total_knock_per_min,0.0570272818516378,,,,-0.102953378264117,-0.1197443628541917
2026-06-07T23:00:17+00:00,stock,20.9,timing_sum,min_fbkc_depth,-2.8,,,,1.4000000000000004,1.4000000000000004
2026-06-07T23:00:17+00:00,stock,20.9,timing_sum,timing_osc_per_min,0.9466528787371878,83.0,,,-0.0025657046162911,-0.1729008710663991
2026-06-07T23:00:17+00:00,stock,20.9,wgdc,mean_target_attainment,0.5896524232109547,,,11.0,,-0.2421735457725082
2026-06-07T23:00:17+00:00,stock,20.9,wgdc,mean_peak_mrp,8.940772727272728,,,11.0,,-3.859227272727271
2026-06-07T23:00:17+00:00,stock,20.9,wgdc,wgdc_pegged_pulls,0.0,,,11.0,,0.0
2026-06-07T23:00:17+00:00,stock,20.9,ol_fueling,afr_osc_per_min,0.5360564494053955,47.0,,,-0.0932008137165736,-0.5414088135634701
2026-06-07T23:00:17+00:00,stock,20.9,ol_fueling,ffb_wbo2_div_per_min,1.6994129991788072,149.0,,,-0.49765473307756,-1.0615917371789114
2026-06-07T23:00:17+00:00,stock,20.9,ol_fueling,maf_corr_mean_pct,-1.017067829789973,,46613.0,,0.3447612823035693,0.7163154008634618
2026-06-07T23:00:17+00:00,stock,20.9,ol_fueling,maf_corr_mean_abs_pct,1.3385986559543477,,46613.0,,-0.5192297124297374,-0.5076295958855277
2026-06-07T23:00:17+00:00,stock,20.9,cross_thread,stutter_signature_per_min,1.1291401806624288,99.0,,,-0.3853434017667174,-0.8658540953033618
2026-06-07T23:00:17+00:00,stock,20.10,pedal_throttle,throttle_hunt_per_min,0.3037199620957487,25.0,,,-0.048237490158912,0.0642053783188698
2026-06-07T23:00:17+00:00,stock,20.10,pedal_throttle,rpm_swing_per_min,1.6036413998655532,132.0,,,-0.070822842679348,0.7026103466096756
2026-06-07T23:00:17+00:00,stock,20.10,avcs,avcs_osc_per_min,0.935457483254906,77.0,,,-0.0350918547806735,-0.1138445028152297
2026-06-07T23:00:17+00:00,stock,20.10,timing_sum,fbkc_events_per_min,0.218678372708939,18.0,,,0.1013592219573855,0.1616510908573012
2026-06-07T23:00:17+00:00,stock,20.10,timing_sum,flkc_events_per_min,0.0,0.0,,,-0.0426615093642013,0.0
2026-06-07T23:00:17+00:00,stock,20.10,timing_sum,total_knock_per_min,0.218678372708939,,,,0.0586977125931842,0.1616510908573012
2026-06-07T23:00:17+00:00,stock,20.10,timing_sum,min_fbkc_depth,-7.0,,,,-2.8,-4.2
2026-06-07T23:00:17+00:00,stock,20.10,timing_sum,timing_osc_per_min,0.5709935287400075,47.0,,,-0.3782250546134714,-0.3756593499971803
2026-06-07T23:00:17+00:00,stock,20.10,wgdc,mean_target_attainment,0.7285170880655274,,,6.0,,0.1388646648545727
2026-06-07T23:00:17+00:00,stock,20.10,wgdc,mean_peak_mrp,11.253333333333336,,,6.0,,2.3125606060606074
2026-06-07T23:00:17+00:00,stock,20.10,wgdc,wgdc_pegged_pulls,0.0,,,6.0,,0.0
2026-06-07T23:00:17+00:00,stock,20.10,ol_fueling,afr_osc_per_min,0.7532255059974567,62.0,,,0.1239682428754875,0.2171690565920612
2026-06-07T23:00:17+00:00,stock,20.10,ol_fueling,ffb_wbo2_div_per_min,1.919510160445132,158.0,,,-0.2775575718112353,0.2200971612663247
2026-06-07T23:00:17+00:00,stock,20.10,ol_fueling,maf_corr_mean_pct,-1.9156069866694767,,37958.0,,-0.5537778745759347,-0.898539156879504
2026-06-07T23:00:17+00:00,stock,20.10,ol_fueling,maf_corr_mean_abs_pct,1.9409307655830128,,37958.0,,0.0831023971989277,0.6023321096286651
2026-06-07T23:00:17+00:00,stock,20.10,cross_thread,stutter_signature_per_min,1.3606654301889545,112.0,,,-0.153818152240192,0.2315252495265254
2026-06-07T23:00:17+00:00,stock,20.11,pedal_throttle,throttle_hunt_per_min,0.4962131104727083,38.0,,,0.1442556582180475,0.1924931483769595
2026-06-07T23:00:17+00:00,stock,20.11,pedal_throttle,rpm_swing_per_min,2.376599634369287,182.0,,,0.7021353918243858,0.7729582345037338
2026-06-07T23:00:17+00:00,stock,20.11,avcs,avcs_osc_per_min,1.3188822146774617,101.0,,,0.3483328766418818,0.3834247314225554
2026-06-07T23:00:17+00:00,stock,20.11,timing_sum,fbkc_events_per_min,0.3003395142334813,23.0,,,0.1830203634819277,0.0816611415245422
2026-06-07T23:00:17+00:00,stock,20.11,timing_sum,flkc_events_per_min,0.3395142334813267,26.0,,,0.2968527241171254,0.3395142334813267
2026-06-07T23:00:17+00:00,stock,20.11,timing_sum,total_knock_per_min,0.6398537477148081,,,,0.4798730875990532,0.421175375005869
2026-06-07T23:00:17+00:00,stock,20.11,timing_sum,min_fbkc_depth,-4.2,,,,0.0,2.8
2026-06-07T23:00:17+00:00,stock,20.11,timing_sum,timing_osc_per_min,0.8749020632018804,67.0,,,-0.0743165201515986,0.3039085344618728
2026-06-07T23:00:17+00:00,stock,20.11,wgdc,mean_target_attainment,0.7676399339712541,,,20.0,,0.0391228459057266
2026-06-07T23:00:17+00:00,stock,20.11,wgdc,mean_peak_mrp,13.5645,,,20.0,,2.311166666666665
2026-06-07T23:00:17+00:00,stock,20.11,wgdc,wgdc_pegged_pulls,0.0,,,20.0,,0.0
2026-06-07T23:00:17+00:00,stock,20.11,ol_fueling,afr_osc_per_min,1.2013580569339253,92.0,,,0.5721007938119561,0.4481325509364685
2026-06-07T23:00:17+00:00,stock,20.11,ol_fueling,ffb_wbo2_div_per_min,2.8075215460955865,215.0,,,0.6104538138392193,0.8880113856504546
2026-06-07T23:00:17+00:00,stock,20.11,ol_fueling,maf_corr_mean_pct,-1.0785863660127748,,43993.0,,0.2832427460807671,0.8370206206567019
2026-06-07T23:00:17+00:00,stock,20.11,ol_fueling,maf_corr_mean_abs_pct,1.4322658150160257,,43993.0,,-0.4255625533680593,-0.5086649505669871
2026-06-07T23:00:17+00:00,stock,20.11,cross_thread,stutter_signature_per_min,1.893444763645861,145.0,,,0.3789611812167144,0.5327793334569064
2026-06-07T23:00:17+00:00,stock,20.12,pedal_throttle,throttle_hunt_per_min,0.2266585302066079,78.0,,,-0.1252989220480527,-0.2695545802661003
2026-06-07T23:00:17+00:00,stock,20.12,pedal_throttle,rpm_swing_per_min,1.0693633220004068,368.0,,,-0.6051009205444944,-1.3072363123688802
2026-06-07T23:00:17+00:00,stock,20.12,avcs,avcs_osc_per_min,1.127480893848255,388.0,,,0.1569315558126753,-0.1914013208292064
2026-06-07T23:00:17+00:00,stock,20.12,timing_sum,fbkc_events_per_min,0.0900822363641647,31.0,,,-0.0272369143873888,-0.2102572778693166
2026-06-07T23:00:17+00:00,stock,20.12,timing_sum,flkc_events_per_min,0.1656350797663673,57.0,,,0.122973570402166,-0.1738791537149593
2026-06-07T23:00:17+00:00,stock,20.12,timing_sum,total_knock_per_min,0.255717316130532,,,,0.0957366560147771,-0.384136431584276
2026-06-07T23:00:17+00:00,stock,20.12,timing_sum,min_fbkc_depth,-7.0,,,,-2.8,-2.8
2026-06-07T23:00:17+00:00,stock,20.12,timing_sum,timing_osc_per_min,0.709034376543748,244.0,,,-0.2401842068097309,-0.1658676866581323
2026-06-07T23:00:17+00:00,stock,20.12,wgdc,mean_target_attainment,0.8293115953918506,,,72.0,,0.0616716614205965
2026-06-07T23:00:17+00:00,stock,20.12,wgdc,mean_peak_mrp,9.870416666666666,,,72.0,,-3.694083333333335
2026-06-07T23:00:17+00:00,stock,20.12,wgdc,wgdc_pegged_pulls,0.0,,,72.0,,0.0
2026-06-07T23:00:17+00:00,stock,20.12,ol_fueling,afr_osc_per_min,0.9037282422340396,311.0,,,0.2744709791120703,-0.2976298146998858
2026-06-07T23:00:17+00:00,stock,20.12,ol_fueling,ffb_wbo2_div_per_min,2.0515502862290416,706.0,,,-0.1455174460273256,-0.7559712598665449
2026-06-07T23:00:17+00:00,stock,20.12,ol_fueling,maf_corr_mean_pct,1.8318566670646304,,242903.0,,3.1936857791581725,2.9104430330774056
2026-06-07T23:00:17+00:00,stock,20.12,ol_fueling,maf_corr_mean_abs_pct,2.3931842752045056,,242903.0,,0.5353559068204208,0.9609184601884802
2026-06-07T23:00:17+00:00,stock,20.12,cross_thread,stutter_signature_per_min,1.3657629384244327,470.0,,,-0.1487206440047135,-0.5276818252214279
2026-06-07T23:00:17+00:00,stock,20.13,pedal_throttle,throttle_hunt_per_min,0.2648793996066942,44.0,,,-0.0870780526479664,0.0382208694000862
2026-06-07T23:00:17+00:00,stock,20.13,pedal_throttle,rpm_swing_per_min,0.9210579122687322,153.0,,,-0.753406330276169,-0.1483054097316746
2026-06-07T23:00:17+00:00,stock,20.13,avcs,avcs_osc_per_min,1.1136974756190554,185.0,,,0.1431481375834757,-0.0137834182291995
2026-06-07T23:00:17+00:00,stock,20.13,timing_sum,fbkc_events_per_min,0.1444796725127423,24.0,,,0.0271605217611887,0.0543974361485776
2026-06-07T23:00:17+00:00,stock,20.13,timing_sum,flkc_events_per_min,0.0,0.0,,,-0.0426615093642013,-0.1656350797663673
2026-06-07T23:00:17+00:00,stock,20.13,timing_sum,total_knock_per_min,0.1444796725127423,,,,-0.0155009876030125,-0.1112376436177897
2026-06-07T23:00:17+00:00,stock,20.13,timing_sum,min_fbkc_depth,-2.8,,,,1.4000000000000004,4.2
2026-06-07T23:00:17+00:00,stock,20.13,timing_sum,timing_osc_per_min,0.7103583898543164,118.0,,,-0.2388601934991625,0.0013240133105684
2026-06-07T23:00:17+00:00,stock,20.13,wgdc,mean_target_attainment,0.954700570107872,,,37.0,,0.1253889747160212
2026-06-07T23:00:17+00:00,stock,20.13,wgdc,mean_peak_mrp,10.694864864864863,,,37.0,,0.8244481981981995
2026-06-07T23:00:17+00:00,stock,20.13,wgdc,wgdc_pegged_pulls,0.0,,,37.0,,0.0
2026-06-07T23:00:17+00:00,stock,20.13,ol_fueling,afr_osc_per_min,1.0113577075891962,168.0,,,0.382100444467227,0.1076294653551567
2026-06-07T23:00:17+00:00,stock,20.13,ol_fueling,ffb_wbo2_div_per_min,1.998635469759602,332.0,,,-0.1984322624967651,-0.0529148164694395
2026-06-07T23:00:17+00:00,stock,20.13,ol_fueling,maf_corr_mean_pct,1.100560202997514,,96947.0,,2.4623893150910563,-0.7312964640671165
2026-06-07T23:00:17+00:00,stock,20.13,ol_fueling,maf_corr_mean_abs_pct,1.120532765325384,,96947.0,,-0.7372956030587008,-1.2726515098791216
2026-06-07T23:00:17+00:00,stock,20.13,cross_thread,stutter_signature_per_min,1.4508167114821209,241.0,,,-0.0636668709470253,0.0850537730576881
2026-06-07T23:00:17+00:00,stock,20.14,pedal_throttle,throttle_hunt_per_min,0.2602343904233745,58.0,,,-0.0917230618312862,-0.0046450091833197
2026-06-07T23:00:17+00:00,stock,20.14,pedal_throttle,rpm_swing_per_min,1.000556363179526,223.0,,,-0.6739078793653752,0.0794984509107937
2026-06-07T23:00:17+00:00,stock,20.14,avcs,avcs_osc_per_min,0.9691487643353256,216.0,,,-0.001400573700254,-0.1445487112837298
2026-06-07T23:00:17+00:00,stock,20.14,timing_sum,fbkc_events_per_min,0.1794719933954306,40.0,,,0.062152842643877,0.0349923208826883
2026-06-07T23:00:17+00:00,stock,20.14,timing_sum,flkc_events_per_min,0.3095891886071178,69.0,,,0.2669276792429165,0.3095891886071178
2026-06-07T23:00:17+00:00,stock,20.14,timing_sum,total_knock_per_min,0.4890611820025485,,,,0.3290805218867937,0.3445815094898062
2026-06-07T23:00:17+00:00,stock,20.14,timing_sum,min_fbkc_depth,-8.05,,,,-3.850000000000001,-5.250000000000001
2026-06-07T23:00:17+00:00,stock,20.14,timing_sum,timing_osc_per_min,0.6012311778746927,134.0,,,-0.3479874054787862,-0.1091272119796237
2026-06-07T23:00:17+00:00,stock,20.14,wgdc,mean_target_attainment,0.944667700613123,,,48.0,,-0.0100328694947489
2026-06-07T23:00:17+00:00,stock,20.14,wgdc,mean_peak_mrp,10.752291666666666,,,48.0,,0.0574268018018013
2026-06-07T23:00:17+00:00,stock,20.14,wgdc,wgdc_pegged_pulls,0.0,,,48.0,,0.0
2026-06-07T23:00:17+00:00,stock,20.14,ol_fueling,afr_osc_per_min,0.8390315691236383,187.0,,,0.2097743060016691,-0.1723261384655579
2026-06-07T23:00:17+00:00,stock,20.14,ol_fueling,ffb_wbo2_div_per_min,1.6825499380821625,375.0,,,-0.5145177941742047,-0.3160855316774396
2026-06-07T23:00:17+00:00,stock,20.14,ol_fueling,maf_corr_mean_pct,0.0337004610441018,,107365.0,,1.3955295731376438,-1.0668597419534125
2026-06-07T23:00:17+00:00,stock,20.14,ol_fueling,maf_corr_mean_abs_pct,0.676008289479812,,107365.0,,-1.181820078904273,-0.4445244758455721
2026-06-07T23:00:17+00:00,stock,20.14,cross_thread,stutter_signature_per_min,1.1396471580609846,254.0,,,-0.3748364243681616,-0.3111695534211363
2026-06-07T23:00:17+00:00,stock,20.15,pedal_throttle,throttle_hunt_per_min,0.497039518825581,99.0,,,0.1450820665709202,0.2368051284022065
2026-06-07T23:00:17+00:00,stock,20.15,pedal_throttle,rpm_swing_per_min,1.2802533060658905,255.0,,,-0.3942109364790107,0.2796969428863645
2026-06-07T23:00:17+00:00,stock,20.15,avcs,avcs_osc_per_min,1.2953151096666655,258.0,,,0.3247657716310861,0.3261663453313401
2026-06-07T23:00:17+00:00,stock,20.15,timing_sum,fbkc_events_per_min,0.1757210420090438,35.0,,,0.0584018912574902,-0.0037509513863868
2026-06-07T23:00:17+00:00,stock,20.15,timing_sum,flkc_events_per_min,0.1054326252054262,21.0,,,0.0627711158412249,-0.2041565634016915
2026-06-07T23:00:17+00:00,stock,20.15,timing_sum,total_knock_per_min,0.28115366721447,,,,0.1211730070987151,-0.2079075147880785
2026-06-07T23:00:17+00:00,stock,20.15,timing_sum,min_fbkc_depth,-7.0,,,,-2.8,1.0500000000000007
2026-06-07T23:00:17+00:00,stock,20.15,timing_sum,timing_osc_per_min,0.7581107812390175,151.0,,,-0.1911078021144614,0.1568796033643248
2026-06-07T23:00:17+00:00,stock,20.15,wgdc,mean_target_attainment,0.8532658056878626,,,40.0,,-0.0914018949252604
2026-06-07T23:00:17+00:00,stock,20.15,wgdc,mean_peak_mrp,10.3926325,,,40.0,,-0.3596591666666651
2026-06-07T23:00:17+00:00,stock,20.15,wgdc,wgdc_pegged_pulls,0.0,,,40.0,,0.0
2026-06-07T23:00:17+00:00,stock,20.15,ol_fueling,afr_osc_per_min,1.0894704604560714,217.0,,,0.4602131973341022,0.2504388913324331
2026-06-07T23:00:17+00:00,stock,20.15,ol_fueling,ffb_wbo2_div_per_min,2.3396001593204114,466.0,,,0.1425324270640442,0.657050221238249
2026-06-07T23:00:17+00:00,stock,20.15,ol_fueling,maf_corr_mean_pct,-0.5468435112588055,,115554.0,,0.8149856008347365,-0.5805439723029073
2026-06-07T23:00:17+00:00,stock,20.15,ol_fueling,maf_corr_mean_abs_pct,0.8200676324488984,,115554.0,,-1.0377607359351866,0.1440593429690864
2026-06-07T23:00:17+00:00,stock,20.15,cross_thread,stutter_signature_per_min,1.7622310212906962,351.0,,,0.2477474388615499,0.6225838632297116
2026-06-07T23:00:17+00:00,stock,20.16,pedal_throttle,throttle_hunt_per_min,0.4420084865629419,20.0,,,0.0900510343082812,-0.055031032262639
2026-06-07T23:00:17+00:00,stock,20.16,pedal_throttle,rpm_swing_per_min,1.591230551626591,72.0,,,-0.0832336909183102,0.3109772455607005
2026-06-07T23:00:17+00:00,stock,20.16,avcs,avcs_osc_per_min,0.8619165487977368,39.0,,,-0.1086327892378428,-0.4333985608689289
2026-06-07T23:00:17+00:00,stock,20.16,timing_sum,fbkc_events_per_min,0.7956152758132955,36.0,,,0.6782961250617419,0.6198942338042517
2026-06-07T23:00:17+00:00,stock,20.16,timing_sum,flkc_events_per_min,0.0,0.0,,,-0.0426615093642013,-0.1054326252054262
2026-06-07T23:00:17+00:00,stock,20.16,timing_sum,total_knock_per_min,0.7956152758132955,,,,0.6356346156975407,0.5144616085988254
2026-06-07T23:00:17+00:00,stock,20.16,timing_sum,min_fbkc_depth,-11.8,,,,-7.6,-4.800000000000001
2026-06-07T23:00:17+00:00,stock,20.16,timing_sum,timing_osc_per_min,0.9503182461103252,43.0,,,0.0010996627568462,0.1922074648713077
2026-06-07T23:00:17+00:00,stock,20.16,wgdc,mean_target_attainment,0.7583286756572742,,,9.0,,-0.0949371300305883
2026-06-07T23:00:17+00:00,stock,20.16,wgdc,mean_peak_mrp,13.106666666666667,,,9.0,,2.714034166666666
2026-06-07T23:00:17+00:00,stock,20.16,wgdc,wgdc_pegged_pulls,0.0,,,9.0,,0.0
2026-06-07T23:00:17+00:00,stock,20.16,ol_fueling,afr_osc_per_min,0.7735148514851484,35.0,,,0.1442575883631792,-0.315955608970923
2026-06-07T23:00:17+00:00,stock,20.16,ol_fueling,ffb_wbo2_div_per_min,2.4310466760961806,110.0,,,0.2339789438398134,0.0914465167757692
2026-06-07T23:00:17+00:00,stock,20.16,ol_fueling,maf_corr_mean_pct,-1.831915357217683,,23865.0,,-0.470086245124141,-1.2850718459588777
2026-06-07T23:00:17+00:00,stock,20.16,ol_fueling,maf_corr_mean_abs_pct,1.8368916823800543,,23865.0,,-0.0209366860040305,1.0168240499311558
2026-06-07T23:00:17+00:00,stock,20.16,cross_thread,stutter_signature_per_min,1.5249292786421498,69.0,,,0.0104456962130035,-0.2373017426485464
2026-06-07T23:00:17+00:00,stock,20.17,pedal_throttle,throttle_hunt_per_min,0.4267121826328142,28.0,,,0.0747547303781534,-0.0152963039301277
2026-06-07T23:00:17+00:00,stock,20.17,pedal_throttle,rpm_swing_per_min,1.8897253802310343,124.0,,,0.215261137686133,0.2984948286044433
2026-06-07T23:00:17+00:00,stock,20.17,avcs,avcs_osc_per_min,1.036301014965406,68.0,,,0.0657516769298263,0.1743844661676691
2026-06-07T23:00:17+00:00,stock,20.17,timing_sum,fbkc_events_per_min,0.1523972080831479,10.0,,,0.0350780573315943,-0.6432180677301476
2026-06-07T23:00:17+00:00,stock,20.17,timing_sum,flkc_events_per_min,0.0,0.0,,,-0.0426615093642013,0.0
2026-06-07T23:00:17+00:00,stock,20.17,timing_sum,total_knock_per_min,0.1523972080831479,,,,-0.0075834520326069,-0.6432180677301476
2026-06-07T23:00:17+00:00,stock,20.17,timing_sum,min_fbkc_depth,-2.8,,,,1.4000000000000004,9.0
2026-06-07T23:00:17+00:00,stock,20.17,timing_sum,timing_osc_per_min,0.5791093907159621,38.0,,,-0.3701091926375168,-0.3712088553943631
2026-06-07T23:00:17+00:00,stock,20.17,wgdc,mean_target_attainment,0.6138573194264672,,,6.0,,-0.1444713562308071
2026-06-07T23:00:17+00:00,stock,20.17,wgdc,mean_peak_mrp,10.07,,,6.0,,-3.036666666666667
2026-06-07T23:00:17+00:00,stock,20.17,wgdc,wgdc_pegged_pulls,0.0,,,6.0,,0.0
2026-06-07T23:00:17+00:00,stock,20.17,ol_fueling,afr_osc_per_min,0.7010271571824804,46.0,,,0.0717698940605112,-0.072487694302668
2026-06-07T23:00:17+00:00,stock,20.17,ol_fueling,ffb_wbo2_div_per_min,1.981163705080923,130.0,,,-0.2159040271754442,-0.4498829710152576
2026-06-07T23:00:17+00:00,stock,20.17,ol_fueling,maf_corr_mean_pct,-1.0980585993330156,,20990.0,,0.2637705127605263,0.7338567578846673
2026-06-07T23:00:17+00:00,stock,20.17,ol_fueling,maf_corr_mean_abs_pct,1.1463978084802289,,20990.0,,-0.7114305599038562,-0.6904938738998256
2026-06-07T23:00:17+00:00,stock,20.17,cross_thread,stutter_signature_per_min,1.4325337559815905,94.0,,,-0.0819498264475557,-0.0923955226605592
2026-06-07T23:00:17+00:00,stock,20.17a,pedal_throttle,throttle_hunt_per_min,0.3181737078716175,170.0,,,-0.0337837443830432,-0.1085384747611966
2026-06-07T23:00:17+00:00,stock,20.17a,pedal_throttle,rpm_swing_per_min,0.8646838413922782,462.0,,,-0.8097804011526231,-1.025041538838756
2026-06-07T23:00:17+00:00,stock,20.17a,avcs,avcs_osc_per_min,1.023770695328087,547.0,,,0.0532213572925073,-0.0125303196373189
2026-06-07T23:00:17+00:00,stock,20.17a,timing_sum,fbkc_events_per_min,0.3499910786587792,187.0,,,0.2326719279072256,0.1975938705756313
2026-06-07T23:00:17+00:00,stock,20.17a,timing_sum,flkc_events_per_min,0.2601537964362049,139.0,,,0.2174922870720036,0.2601537964362049
2026-06-07T23:00:17+00:00,stock,20.17a,timing_sum,total_knock_per_min,0.6101448750949842,,,,0.4501642149792293,0.4577476670118362
2026-06-07T23:00:17+00:00,stock,20.17a,timing_sum,min_fbkc_depth,-10.85,,,,-6.65,-8.05
2026-06-07T23:00:17+00:00,stock,20.17a,timing_sum,timing_osc_per_min,0.6288609755580205,336.0,,,-0.3203576077954585,0.0497515848420583
2026-06-07T23:00:17+00:00,stock,20.17a,wgdc,mean_target_attainment,0.6348209934652035,,,109.0,,0.0209636740387363
2026-06-07T23:00:17+00:00,stock,20.17a,wgdc,mean_peak_mrp,10.390366972477064,,,109.0,,0.3203669724770641
2026-06-07T23:00:17+00:00,stock,20.17a,wgdc,wgdc_pegged_pulls,0.0,,,109.0,,0.0
2026-06-07T23:00:17+00:00,stock,20.17a,ol_fueling,afr_osc_per_min,0.8983728222257436,480.0,,,0.2691155591037744,0.1973456650432631
2026-06-07T23:00:17+00:00,stock,20.17a,ol_fueling,ffb_wbo2_div_per_min,1.9015558070444905,1016.0,,,-0.2955119252118767,-0.0796078980364325
2026-06-07T23:00:17+00:00,stock,20.17a,ol_fueling,maf_corr_mean_pct,-0.4709801436610697,,218570.0,,0.8908489684324723,0.627078455671946
2026-06-07T23:00:17+00:00,stock,20.17a,ol_fueling,maf_corr_mean_abs_pct,0.6466798279727318,,218570.0,,-1.2111485404113531,-0.4997179805074968
2026-06-07T23:00:17+00:00,stock,20.17a,cross_thread,stutter_signature_per_min,1.3475592333386153,720.0,,,-0.166924349090531,-0.0849745226429752
2026-06-07T23:07:51+00:00,stock,garn_base,pedal_throttle,throttle_hunt_per_min,0.3519574522546607,33.0,,,0.0,
2026-06-07T23:07:51+00:00,stock,garn_base,pedal_throttle,rpm_swing_per_min,1.6744642425449012,157.0,,,0.0,
2026-06-07T23:07:51+00:00,stock,garn_base,avcs,avcs_osc_per_min,0.9705493380355796,91.0,,,0.0,
2026-06-07T23:07:51+00:00,stock,garn_base,timing_sum,fbkc_events_per_min,0.1173191507515535,11.0,,,0.0,
2026-06-07T23:07:51+00:00,stock,garn_base,timing_sum,flkc_events_per_min,0.0426615093642013,4.0,,,0.0,
2026-06-07T23:07:51+00:00,stock,garn_base,timing_sum,total_knock_per_min,0.1599806601157548,,,,0.0,
2026-06-07T23:07:51+00:00,stock,garn_base,timing_sum,min_fbkc_depth,-4.2,,,,0.0,
2026-06-07T23:07:51+00:00,stock,garn_base,timing_sum,timing_osc_per_min,0.949218583353479,89.0,,,0.0,
2026-06-07T23:07:51+00:00,stock,garn_base,wgdc,mean_target_attainment,0.8169469963731336,,,7.0,0.0,
2026-06-07T23:07:51+00:00,stock,garn_base,wgdc,mean_peak_mrp,12.937314285714285,,,7.0,0.0,
2026-06-07T23:07:51+00:00,stock,garn_base,wgdc,wgdc_pegged_pulls,0.0,,,7.0,0.0,
2026-06-07T23:07:51+00:00,stock,garn_base,ol_fueling,afr_osc_per_min,0.6292572631219692,59.0,,,0.0,
2026-06-07T23:07:51+00:00,stock,garn_base,ol_fueling,ffb_wbo2_div_per_min,2.197067732256367,206.0,,,0.0,
2026-06-07T23:07:51+00:00,stock,garn_base,ol_fueling,maf_corr_mean_pct,-1.361829112093542,,48406.0,,0.0,
2026-06-07T23:07:51+00:00,stock,garn_base,ol_fueling,maf_corr_mean_abs_pct,1.8575693095897203,,48406.0,,0.0,
2026-06-07T23:07:51+00:00,stock,garn_base,cross_thread,stutter_signature_per_min,1.5144835824291465,142.0,,,0.0,
2026-06-07T23:07:51+00:00,stock,20.7,pedal_throttle,throttle_hunt_per_min,0.2077667606966098,41.0,,,-0.1441906915580509,-0.1441906915580509
2026-06-07T23:07:51+00:00,stock,20.7,pedal_throttle,rpm_swing_per_min,1.1199135149744093,221.0,,,-0.554550727570492,-0.554550727570492
2026-06-07T23:07:51+00:00,stock,20.7,avcs,avcs_osc_per_min,1.1047110690697792,218.0,,,0.1341617310341996,0.1341617310341996
2026-06-07T23:07:51+00:00,stock,20.7,timing_sum,fbkc_events_per_min,0.1976317967601898,39.0,,,0.0803126460086362,0.0803126460086362
2026-06-07T23:07:51+00:00,stock,20.7,timing_sum,flkc_events_per_min,0.0,0.0,,,-0.0426615093642013,-0.0426615093642013
2026-06-07T23:07:51+00:00,stock,20.7,timing_sum,total_knock_per_min,0.1976317967601898,,,,0.0376511366444349,0.0376511366444349
2026-06-07T23:07:51+00:00,stock,20.7,timing_sum,min_fbkc_depth,-9.45,,,,-5.249999999999999,-5.249999999999999
2026-06-07T23:07:51+00:00,stock,20.7,timing_sum,timing_osc_per_min,1.0286988395466292,203.0,,,0.0794802561931502,0.0794802561931502
2026-06-07T23:07:51+00:00,stock,20.7,wgdc,mean_target_attainment,0.7155336009521309,,,11.0,-0.1014133954210027,-0.1014133954210027
2026-06-07T23:07:51+00:00,stock,20.7,wgdc,mean_peak_mrp,8.492345454545456,,,11.0,-4.444968831168829,-4.444968831168829
2026-06-07T23:07:51+00:00,stock,20.7,wgdc,wgdc_pegged_pulls,0.0,,,11.0,0.0,0.0
2026-06-07T23:07:51+00:00,stock,20.7,ol_fueling,afr_osc_per_min,0.6739751017719295,133.0,,,0.0447178386499603,0.0447178386499603
2026-06-07T23:07:51+00:00,stock,20.7,ol_fueling,ffb_wbo2_div_per_min,2.077667606966098,410.0,,,-0.1194001252902685,-0.1194001252902685
2026-06-07T23:07:51+00:00,stock,20.7,ol_fueling,maf_corr_mean_pct,2.261221591094371,,122664.0,,3.623050703187913,3.623050703187913
2026-06-07T23:07:51+00:00,stock,20.7,ol_fueling,maf_corr_mean_abs_pct,2.435605541560686,,122664.0,,0.5780362319709655,0.5780362319709655
2026-06-07T23:07:51+00:00,stock,20.7,cross_thread,stutter_signature_per_min,1.4036925051941689,277.0,,,-0.1107910772349773,-0.1107910772349773
2026-06-07T23:07:51+00:00,stock,20.8,pedal_throttle,throttle_hunt_per_min,0.3619609867786033,43.0,,,0.0100035345239425,0.1541942260819934
2026-06-07T23:07:51+00:00,stock,20.8,pedal_throttle,rpm_swing_per_min,1.4562616444813576,173.0,,,-0.2182025980635435,0.3363481295069483
2026-06-07T23:07:51+00:00,stock,20.8,avcs,avcs_osc_per_min,1.1868953287391413,141.0,,,0.2163459907035616,0.082184259669362
2026-06-07T23:07:51+00:00,stock,20.8,timing_sum,fbkc_events_per_min,0.1431008552380525,17.0,,,0.0257817044864989,-0.0545309415221373
2026-06-07T23:07:51+00:00,stock,20.8,timing_sum,flkc_events_per_min,0.033670789467777,4.0,,,-0.0089907198964242,0.033670789467777
2026-06-07T23:07:51+00:00,stock,20.8,timing_sum,total_knock_per_min,0.1767716447058295,,,,0.0167909845900746,-0.0208601520543603
2026-06-07T23:07:51+00:00,stock,20.8,timing_sum,min_fbkc_depth,-4.2,,,,0.0,5.249999999999999
2026-06-07T23:07:51+00:00,stock,20.8,timing_sum,timing_osc_per_min,1.119553749803587,133.0,,,0.170335166450108,0.0908549102569578
2026-06-07T23:07:51+00:00,stock,20.8,wgdc,mean_target_attainment,0.831825968983463,,,12.0,0.0148789726103293,0.116292368031332
2026-06-07T23:07:51+00:00,stock,20.8,wgdc,mean_peak_mrp,12.8,,,12.0,-0.1373142857142859,4.307654545454543
2026-06-07T23:07:51+00:00,stock,20.8,wgdc,wgdc_pegged_pulls,0.0,,,12.0,0.0,0.0
2026-06-07T23:07:51+00:00,stock,20.8,ol_fueling,afr_osc_per_min,1.0774652629688657,128.0,,,0.4482079998468965,0.4034901611969361
2026-06-07T23:07:51+00:00,stock,20.8,ol_fueling,ffb_wbo2_div_per_min,2.7610047363577186,328.0,,,0.5639370041013514,0.68333712939162
2026-06-07T23:07:51+00:00,stock,20.8,ol_fueling,maf_corr_mean_pct,-1.7333832306534345,,71744.0,,-0.3715541185598925,-3.9946048217478056
2026-06-07T23:07:51+00:00,stock,20.8,ol_fueling,maf_corr_mean_abs_pct,1.8462282518398747,,71744.0,,-0.0113410577498456,-0.5893772897208112
2026-06-07T23:07:51+00:00,stock,20.8,cross_thread,stutter_signature_per_min,1.9949942759657904,237.0,,,0.4805106935366443,0.5913017707716217
2026-06-07T23:07:51+00:00,stock,20.9,pedal_throttle,throttle_hunt_per_min,0.2395145837768788,21.0,,,-0.1124428684777819,-0.1224464030017244
2026-06-07T23:07:51+00:00,stock,20.9,pedal_throttle,rpm_swing_per_min,0.9010310532558776,79.0,,,-0.7734331892890236,-0.55523059122548
2026-06-07T23:07:51+00:00,stock,20.9,avcs,avcs_osc_per_min,1.0493019860701358,92.0,,,0.0787526480345561,-0.1375933426690054
2026-06-07T23:07:51+00:00,stock,20.9,timing_sum,fbkc_events_per_min,0.0570272818516378,5.0,,,-0.0602918688999157,-0.0860735733864146
2026-06-07T23:07:51+00:00,stock,20.9,timing_sum,flkc_events_per_min,0.0,0.0,,,-0.0426615093642013,-0.033670789467777
2026-06-07T23:07:51+00:00,stock,20.9,timing_sum,total_knock_per_min,0.0570272818516378,,,,-0.102953378264117,-0.1197443628541917
2026-06-07T23:07:51+00:00,stock,20.9,timing_sum,min_fbkc_depth,-2.8,,,,1.4000000000000004,1.4000000000000004
2026-06-07T23:07:51+00:00,stock,20.9,timing_sum,timing_osc_per_min,0.9466528787371878,83.0,,,-0.0025657046162911,-0.1729008710663991
2026-06-07T23:07:51+00:00,stock,20.9,wgdc,mean_target_attainment,0.5896524232109547,,,11.0,-0.2272945731621789,-0.2421735457725082
2026-06-07T23:07:51+00:00,stock,20.9,wgdc,mean_peak_mrp,8.940772727272728,,,11.0,-3.9965415584415567,-3.859227272727271
2026-06-07T23:07:51+00:00,stock,20.9,wgdc,wgdc_pegged_pulls,0.0,,,11.0,0.0,0.0
2026-06-07T23:07:51+00:00,stock,20.9,ol_fueling,afr_osc_per_min,0.5360564494053955,47.0,,,-0.0932008137165736,-0.5414088135634701
2026-06-07T23:07:51+00:00,stock,20.9,ol_fueling,ffb_wbo2_div_per_min,1.6994129991788072,149.0,,,-0.49765473307756,-1.0615917371789114
2026-06-07T23:07:51+00:00,stock,20.9,ol_fueling,maf_corr_mean_pct,-1.017067829789973,,46613.0,,0.3447612823035693,0.7163154008634618
2026-06-07T23:07:51+00:00,stock,20.9,ol_fueling,maf_corr_mean_abs_pct,1.3385986559543477,,46613.0,,-0.5189706536353729,-0.5076295958855273
2026-06-07T23:07:51+00:00,stock,20.9,cross_thread,stutter_signature_per_min,1.1291401806624288,99.0,,,-0.3853434017667174,-0.8658540953033618
2026-06-07T23:07:51+00:00,stock,20.10,pedal_throttle,throttle_hunt_per_min,0.3037199620957487,25.0,,,-0.048237490158912,0.0642053783188698
2026-06-07T23:07:51+00:00,stock,20.10,pedal_throttle,rpm_swing_per_min,1.6036413998655532,132.0,,,-0.070822842679348,0.7026103466096756
2026-06-07T23:07:51+00:00,stock,20.10,avcs,avcs_osc_per_min,0.935457483254906,77.0,,,-0.0350918547806735,-0.1138445028152297
2026-06-07T23:07:51+00:00,stock,20.10,timing_sum,fbkc_events_per_min,0.218678372708939,18.0,,,0.1013592219573855,0.1616510908573012
2026-06-07T23:07:51+00:00,stock,20.10,timing_sum,flkc_events_per_min,0.0,0.0,,,-0.0426615093642013,0.0
2026-06-07T23:07:51+00:00,stock,20.10,timing_sum,total_knock_per_min,0.218678372708939,,,,0.0586977125931842,0.1616510908573012
2026-06-07T23:07:51+00:00,stock,20.10,timing_sum,min_fbkc_depth,-7.0,,,,-2.8,-4.2
2026-06-07T23:07:51+00:00,stock,20.10,timing_sum,timing_osc_per_min,0.5709935287400075,47.0,,,-0.3782250546134714,-0.3756593499971803
2026-06-07T23:07:51+00:00,stock,20.10,wgdc,mean_target_attainment,0.7285170880655274,,,6.0,-0.0884299083076062,0.1388646648545727
2026-06-07T23:07:51+00:00,stock,20.10,wgdc,mean_peak_mrp,11.253333333333336,,,6.0,-1.6839809523809492,2.3125606060606074
2026-06-07T23:07:51+00:00,stock,20.10,wgdc,wgdc_pegged_pulls,0.0,,,6.0,0.0,0.0
2026-06-07T23:07:51+00:00,stock,20.10,ol_fueling,afr_osc_per_min,0.7532255059974567,62.0,,,0.1239682428754875,0.2171690565920612
2026-06-07T23:07:51+00:00,stock,20.10,ol_fueling,ffb_wbo2_div_per_min,1.919510160445132,158.0,,,-0.2775575718112353,0.2200971612663247
2026-06-07T23:07:51+00:00,stock,20.10,ol_fueling,maf_corr_mean_pct,-1.9156069866694767,,37958.0,,-0.5537778745759347,-0.898539156879504
2026-06-07T23:07:51+00:00,stock,20.10,ol_fueling,maf_corr_mean_abs_pct,1.9409307655830128,,37958.0,,0.0833614559932922,0.6023321096286651
2026-06-07T23:07:51+00:00,stock,20.10,cross_thread,stutter_signature_per_min,1.3606654301889545,112.0,,,-0.153818152240192,0.2315252495265254
2026-06-07T23:07:51+00:00,stock,20.11,pedal_throttle,throttle_hunt_per_min,0.4962131104727083,38.0,,,0.1442556582180475,0.1924931483769595
2026-06-07T23:07:51+00:00,stock,20.11,pedal_throttle,rpm_swing_per_min,2.376599634369287,182.0,,,0.7021353918243858,0.7729582345037338
2026-06-07T23:07:51+00:00,stock,20.11,avcs,avcs_osc_per_min,1.3188822146774617,101.0,,,0.3483328766418818,0.3834247314225554
2026-06-07T23:07:51+00:00,stock,20.11,timing_sum,fbkc_events_per_min,0.3003395142334813,23.0,,,0.1830203634819277,0.0816611415245422
2026-06-07T23:07:51+00:00,stock,20.11,timing_sum,flkc_events_per_min,0.3395142334813267,26.0,,,0.2968527241171254,0.3395142334813267
2026-06-07T23:07:51+00:00,stock,20.11,timing_sum,total_knock_per_min,0.6398537477148081,,,,0.4798730875990532,0.421175375005869
2026-06-07T23:07:51+00:00,stock,20.11,timing_sum,min_fbkc_depth,-4.2,,,,0.0,2.8
2026-06-07T23:07:51+00:00,stock,20.11,timing_sum,timing_osc_per_min,0.8749020632018804,67.0,,,-0.0743165201515986,0.3039085344618728
2026-06-07T23:07:51+00:00,stock,20.11,wgdc,mean_target_attainment,0.7676399339712541,,,20.0,-0.0493070624018795,0.0391228459057266
2026-06-07T23:07:51+00:00,stock,20.11,wgdc,mean_peak_mrp,13.5645,,,20.0,0.6271857142857158,2.311166666666665
2026-06-07T23:07:51+00:00,stock,20.11,wgdc,wgdc_pegged_pulls,0.0,,,20.0,0.0,0.0
2026-06-07T23:07:51+00:00,stock,20.11,ol_fueling,afr_osc_per_min,1.2013580569339253,92.0,,,0.5721007938119561,0.4481325509364685
2026-06-07T23:07:51+00:00,stock,20.11,ol_fueling,ffb_wbo2_div_per_min,2.8075215460955865,215.0,,,0.6104538138392193,0.8880113856504546
2026-06-07T23:07:51+00:00,stock,20.11,ol_fueling,maf_corr_mean_pct,-1.0785863660127748,,43993.0,,0.2832427460807671,0.8370206206567019
2026-06-07T23:07:51+00:00,stock,20.11,ol_fueling,maf_corr_mean_abs_pct,1.4322658150160257,,43993.0,,-0.4253034945736949,-0.5086649505669871
2026-06-07T23:07:51+00:00,stock,20.11,cross_thread,stutter_signature_per_min,1.893444763645861,145.0,,,0.3789611812167144,0.5327793334569064
2026-06-07T23:07:51+00:00,stock,20.12,pedal_throttle,throttle_hunt_per_min,0.2266585302066079,78.0,,,-0.1252989220480527,-0.2695545802661003
2026-06-07T23:07:51+00:00,stock,20.12,pedal_throttle,rpm_swing_per_min,1.0693633220004068,368.0,,,-0.6051009205444944,-1.3072363123688802
2026-06-07T23:07:51+00:00,stock,20.12,avcs,avcs_osc_per_min,1.127480893848255,388.0,,,0.1569315558126753,-0.1914013208292064
2026-06-07T23:07:51+00:00,stock,20.12,timing_sum,fbkc_events_per_min,0.0900822363641647,31.0,,,-0.0272369143873888,-0.2102572778693166
2026-06-07T23:07:51+00:00,stock,20.12,timing_sum,flkc_events_per_min,0.1656350797663673,57.0,,,0.122973570402166,-0.1738791537149593
2026-06-07T23:07:51+00:00,stock,20.12,timing_sum,total_knock_per_min,0.255717316130532,,,,0.0957366560147771,-0.384136431584276
2026-06-07T23:07:51+00:00,stock,20.12,timing_sum,min_fbkc_depth,-7.0,,,,-2.8,-2.8
2026-06-07T23:07:51+00:00,stock,20.12,timing_sum,timing_osc_per_min,0.709034376543748,244.0,,,-0.2401842068097309,-0.1658676866581323
2026-06-07T23:07:51+00:00,stock,20.12,wgdc,mean_target_attainment,0.8293115953918506,,,72.0,0.012364599018717,0.0616716614205965
2026-06-07T23:07:51+00:00,stock,20.12,wgdc,mean_peak_mrp,9.870416666666666,,,72.0,-3.06689761904762,-3.694083333333335
2026-06-07T23:07:51+00:00,stock,20.12,wgdc,wgdc_pegged_pulls,0.0,,,72.0,0.0,0.0
2026-06-07T23:07:51+00:00,stock,20.12,ol_fueling,afr_osc_per_min,0.9037282422340396,311.0,,,0.2744709791120703,-0.2976298146998858
2026-06-07T23:07:51+00:00,stock,20.12,ol_fueling,ffb_wbo2_div_per_min,2.0515502862290416,706.0,,,-0.1455174460273256,-0.7559712598665449
2026-06-07T23:07:51+00:00,stock,20.12,ol_fueling,maf_corr_mean_pct,1.8318566670646304,,242903.0,,3.1936857791581725,2.9104430330774056
2026-06-07T23:07:51+00:00,stock,20.12,ol_fueling,maf_corr_mean_abs_pct,2.3931842752045056,,242903.0,,0.5356149656147853,0.9609184601884802
2026-06-07T23:07:51+00:00,stock,20.12,cross_thread,stutter_signature_per_min,1.3657629384244327,470.0,,,-0.1487206440047135,-0.5276818252214279
2026-06-07T23:07:51+00:00,stock,20.13,pedal_throttle,throttle_hunt_per_min,0.2648793996066942,44.0,,,-0.0870780526479664,0.0382208694000862
2026-06-07T23:07:51+00:00,stock,20.13,pedal_throttle,rpm_swing_per_min,0.9210579122687322,153.0,,,-0.753406330276169,-0.1483054097316746
2026-06-07T23:07:51+00:00,stock,20.13,avcs,avcs_osc_per_min,1.1136974756190554,185.0,,,0.1431481375834757,-0.0137834182291995
2026-06-07T23:07:51+00:00,stock,20.13,timing_sum,fbkc_events_per_min,0.1444796725127423,24.0,,,0.0271605217611887,0.0543974361485776
2026-06-07T23:07:51+00:00,stock,20.13,timing_sum,flkc_events_per_min,0.0,0.0,,,-0.0426615093642013,-0.1656350797663673
2026-06-07T23:07:51+00:00,stock,20.13,timing_sum,total_knock_per_min,0.1444796725127423,,,,-0.0155009876030125,-0.1112376436177897
2026-06-07T23:07:51+00:00,stock,20.13,timing_sum,min_fbkc_depth,-2.8,,,,1.4000000000000004,4.2
2026-06-07T23:07:51+00:00,stock,20.13,timing_sum,timing_osc_per_min,0.7103583898543164,118.0,,,-0.2388601934991625,0.0013240133105684
2026-06-07T23:07:51+00:00,stock,20.13,wgdc,mean_target_attainment,0.954700570107872,,,37.0,0.1377535737347383,0.1253889747160212
2026-06-07T23:07:51+00:00,stock,20.13,wgdc,mean_peak_mrp,10.694864864864863,,,37.0,-2.24244942084942,0.8244481981981995
2026-06-07T23:07:51+00:00,stock,20.13,wgdc,wgdc_pegged_pulls,0.0,,,37.0,0.0,0.0
2026-06-07T23:07:51+00:00,stock,20.13,ol_fueling,afr_osc_per_min,1.0113577075891962,168.0,,,0.382100444467227,0.1076294653551567
2026-06-07T23:07:51+00:00,stock,20.13,ol_fueling,ffb_wbo2_div_per_min,1.998635469759602,332.0,,,-0.1984322624967651,-0.0529148164694395
2026-06-07T23:07:51+00:00,stock,20.13,ol_fueling,maf_corr_mean_pct,1.100560202997514,,96947.0,,2.4623893150910563,-0.7312964640671165
2026-06-07T23:07:51+00:00,stock,20.13,ol_fueling,maf_corr_mean_abs_pct,1.120532765325384,,96947.0,,-0.7370365442643363,-1.2726515098791216
2026-06-07T23:07:51+00:00,stock,20.13,cross_thread,stutter_signature_per_min,1.4508167114821209,241.0,,,-0.0636668709470253,0.0850537730576881
2026-06-07T23:07:51+00:00,stock,20.14,pedal_throttle,throttle_hunt_per_min,0.2602343904233745,58.0,,,-0.0917230618312862,-0.0046450091833197
2026-06-07T23:07:51+00:00,stock,20.14,pedal_throttle,rpm_swing_per_min,1.000556363179526,223.0,,,-0.6739078793653752,0.0794984509107937
2026-06-07T23:07:51+00:00,stock,20.14,avcs,avcs_osc_per_min,0.9691487643353256,216.0,,,-0.001400573700254,-0.1445487112837298
2026-06-07T23:07:51+00:00,stock,20.14,timing_sum,fbkc_events_per_min,0.1794719933954306,40.0,,,0.062152842643877,0.0349923208826883
2026-06-07T23:07:51+00:00,stock,20.14,timing_sum,flkc_events_per_min,0.3095891886071178,69.0,,,0.2669276792429165,0.3095891886071178
2026-06-07T23:07:51+00:00,stock,20.14,timing_sum,total_knock_per_min,0.4890611820025485,,,,0.3290805218867937,0.3445815094898062
2026-06-07T23:07:51+00:00,stock,20.14,timing_sum,min_fbkc_depth,-8.05,,,,-3.850000000000001,-5.250000000000001
2026-06-07T23:07:51+00:00,stock,20.14,timing_sum,timing_osc_per_min,0.6012311778746927,134.0,,,-0.3479874054787862,-0.1091272119796237
2026-06-07T23:07:51+00:00,stock,20.14,wgdc,mean_target_attainment,0.944667700613123,,,48.0,0.1277207042399893,-0.0100328694947489
2026-06-07T23:07:51+00:00,stock,20.14,wgdc,mean_peak_mrp,10.752291666666666,,,48.0,-2.1850226190476185,0.0574268018018013
2026-06-07T23:07:51+00:00,stock,20.14,wgdc,wgdc_pegged_pulls,0.0,,,48.0,0.0,0.0
2026-06-07T23:07:51+00:00,stock,20.14,ol_fueling,afr_osc_per_min,0.8390315691236383,187.0,,,0.2097743060016691,-0.1723261384655579
2026-06-07T23:07:51+00:00,stock,20.14,ol_fueling,ffb_wbo2_div_per_min,1.6825499380821625,375.0,,,-0.5145177941742047,-0.3160855316774396
2026-06-07T23:07:51+00:00,stock,20.14,ol_fueling,maf_corr_mean_pct,0.0337004610441018,,107365.0,,1.3955295731376438,-1.0668597419534125
2026-06-07T23:07:51+00:00,stock,20.14,ol_fueling,maf_corr_mean_abs_pct,0.676008289479812,,107365.0,,-1.1815610201099085,-0.4445244758455721
2026-06-07T23:07:51+00:00,stock,20.14,cross_thread,stutter_signature_per_min,1.1396471580609846,254.0,,,-0.3748364243681616,-0.3111695534211363
2026-06-07T23:07:51+00:00,stock,20.15,pedal_throttle,throttle_hunt_per_min,0.497039518825581,99.0,,,0.1450820665709202,0.2368051284022065
2026-06-07T23:07:51+00:00,stock,20.15,pedal_throttle,rpm_swing_per_min,1.2802533060658905,255.0,,,-0.3942109364790107,0.2796969428863645
2026-06-07T23:07:51+00:00,stock,20.15,avcs,avcs_osc_per_min,1.2953151096666655,258.0,,,0.3247657716310861,0.3261663453313401
2026-06-07T23:07:51+00:00,stock,20.15,timing_sum,fbkc_events_per_min,0.1757210420090438,35.0,,,0.0584018912574902,-0.0037509513863868
2026-06-07T23:07:51+00:00,stock,20.15,timing_sum,flkc_events_per_min,0.1054326252054262,21.0,,,0.0627711158412249,-0.2041565634016915
2026-06-07T23:07:51+00:00,stock,20.15,timing_sum,total_knock_per_min,0.28115366721447,,,,0.1211730070987151,-0.2079075147880785
2026-06-07T23:07:51+00:00,stock,20.15,timing_sum,min_fbkc_depth,-7.0,,,,-2.8,1.0500000000000007
2026-06-07T23:07:51+00:00,stock,20.15,timing_sum,timing_osc_per_min,0.7581107812390175,151.0,,,-0.1911078021144614,0.1568796033643248
2026-06-07T23:07:51+00:00,stock,20.15,wgdc,mean_target_attainment,0.8532658056878626,,,40.0,0.0363188093147289,-0.0914018949252604
2026-06-07T23:07:51+00:00,stock,20.15,wgdc,mean_peak_mrp,10.3926325,,,40.0,-2.544681785714284,-0.3596591666666651
2026-06-07T23:07:51+00:00,stock,20.15,wgdc,wgdc_pegged_pulls,0.0,,,40.0,0.0,0.0
2026-06-07T23:07:51+00:00,stock,20.15,ol_fueling,afr_osc_per_min,1.0894704604560714,217.0,,,0.4602131973341022,0.2504388913324331
2026-06-07T23:07:51+00:00,stock,20.15,ol_fueling,ffb_wbo2_div_per_min,2.3396001593204114,466.0,,,0.1425324270640442,0.657050221238249
2026-06-07T23:07:51+00:00,stock,20.15,ol_fueling,maf_corr_mean_pct,-0.5468435112588055,,115554.0,,0.8149856008347365,-0.5805439723029073
2026-06-07T23:07:51+00:00,stock,20.15,ol_fueling,maf_corr_mean_abs_pct,0.8200676324488984,,115554.0,,-1.037501677140822,0.1440593429690864
2026-06-07T23:07:51+00:00,stock,20.15,cross_thread,stutter_signature_per_min,1.7622310212906962,351.0,,,0.2477474388615499,0.6225838632297116
2026-06-07T23:07:51+00:00,stock,20.16,pedal_throttle,throttle_hunt_per_min,0.4420084865629419,20.0,,,0.0900510343082812,-0.055031032262639
2026-06-07T23:07:51+00:00,stock,20.16,pedal_throttle,rpm_swing_per_min,1.591230551626591,72.0,,,-0.0832336909183102,0.3109772455607005
2026-06-07T23:07:51+00:00,stock,20.16,avcs,avcs_osc_per_min,0.8619165487977368,39.0,,,-0.1086327892378428,-0.4333985608689289
2026-06-07T23:07:51+00:00,stock,20.16,timing_sum,fbkc_events_per_min,0.7956152758132955,36.0,,,0.6782961250617419,0.6198942338042517
2026-06-07T23:07:51+00:00,stock,20.16,timing_sum,flkc_events_per_min,0.0,0.0,,,-0.0426615093642013,-0.1054326252054262
2026-06-07T23:07:51+00:00,stock,20.16,timing_sum,total_knock_per_min,0.7956152758132955,,,,0.6356346156975407,0.5144616085988254
2026-06-07T23:07:51+00:00,stock,20.16,timing_sum,min_fbkc_depth,-11.8,,,,-7.6,-4.800000000000001
2026-06-07T23:07:51+00:00,stock,20.16,timing_sum,timing_osc_per_min,0.9503182461103252,43.0,,,0.0010996627568462,0.1922074648713077
2026-06-07T23:07:51+00:00,stock,20.16,wgdc,mean_target_attainment,0.7583286756572742,,,9.0,-0.0586183207158593,-0.0949371300305883
2026-06-07T23:07:51+00:00,stock,20.16,wgdc,mean_peak_mrp,13.106666666666667,,,9.0,0.1693523809523824,2.714034166666666
2026-06-07T23:07:51+00:00,stock,20.16,wgdc,wgdc_pegged_pulls,0.0,,,9.0,0.0,0.0
2026-06-07T23:07:51+00:00,stock,20.16,ol_fueling,afr_osc_per_min,0.7735148514851484,35.0,,,0.1442575883631792,-0.315955608970923
2026-06-07T23:07:51+00:00,stock,20.16,ol_fueling,ffb_wbo2_div_per_min,2.4310466760961806,110.0,,,0.2339789438398134,0.0914465167757692
2026-06-07T23:07:51+00:00,stock,20.16,ol_fueling,maf_corr_mean_pct,-1.831915357217683,,23865.0,,-0.470086245124141,-1.2850718459588777
2026-06-07T23:07:51+00:00,stock,20.16,ol_fueling,maf_corr_mean_abs_pct,1.8368916823800543,,23865.0,,-0.020677627209666,1.0168240499311558
2026-06-07T23:07:51+00:00,stock,20.16,cross_thread,stutter_signature_per_min,1.5249292786421498,69.0,,,0.0104456962130035,-0.2373017426485464
2026-06-07T23:07:51+00:00,stock,20.17,pedal_throttle,throttle_hunt_per_min,0.4267121826328142,28.0,,,0.0747547303781534,-0.0152963039301277
2026-06-07T23:07:51+00:00,stock,20.17,pedal_throttle,rpm_swing_per_min,1.8897253802310343,124.0,,,0.215261137686133,0.2984948286044433
2026-06-07T23:07:51+00:00,stock,20.17,avcs,avcs_osc_per_min,1.036301014965406,68.0,,,0.0657516769298263,0.1743844661676691
2026-06-07T23:07:51+00:00,stock,20.17,timing_sum,fbkc_events_per_min,0.1523972080831479,10.0,,,0.0350780573315943,-0.6432180677301476
2026-06-07T23:07:51+00:00,stock,20.17,timing_sum,flkc_events_per_min,0.0,0.0,,,-0.0426615093642013,0.0
2026-06-07T23:07:51+00:00,stock,20.17,timing_sum,total_knock_per_min,0.1523972080831479,,,,-0.0075834520326069,-0.6432180677301476
2026-06-07T23:07:51+00:00,stock,20.17,timing_sum,min_fbkc_depth,-2.8,,,,1.4000000000000004,9.0
2026-06-07T23:07:51+00:00,stock,20.17,timing_sum,timing_osc_per_min,0.5791093907159621,38.0,,,-0.3701091926375168,-0.3712088553943631
2026-06-07T23:07:51+00:00,stock,20.17,wgdc,mean_target_attainment,0.6138573194264672,,,6.0,-0.2030896769466664,-0.1444713562308071
2026-06-07T23:07:51+00:00,stock,20.17,wgdc,mean_peak_mrp,10.07,,,6.0,-2.8673142857142846,-3.036666666666667
2026-06-07T23:07:51+00:00,stock,20.17,wgdc,wgdc_pegged_pulls,0.0,,,6.0,0.0,0.0
2026-06-07T23:07:51+00:00,stock,20.17,ol_fueling,afr_osc_per_min,0.7010271571824804,46.0,,,0.0717698940605112,-0.072487694302668
2026-06-07T23:07:51+00:00,stock,20.17,ol_fueling,ffb_wbo2_div_per_min,1.981163705080923,130.0,,,-0.2159040271754442,-0.4498829710152576
2026-06-07T23:07:51+00:00,stock,20.17,ol_fueling,maf_corr_mean_pct,-1.0980585993330156,,20990.0,,0.2637705127605263,0.7338567578846673
2026-06-07T23:07:51+00:00,stock,20.17,ol_fueling,maf_corr_mean_abs_pct,1.1463978084802289,,20990.0,,-0.7111715011094917,-0.6904938738998256
2026-06-07T23:07:51+00:00,stock,20.17,cross_thread,stutter_signature_per_min,1.4325337559815905,94.0,,,-0.0819498264475557,-0.0923955226605592
2026-06-07T23:07:51+00:00,stock,20.17a,pedal_throttle,throttle_hunt_per_min,0.3181737078716176,170.0,,,-0.0337837443830431,-0.1085384747611966
2026-06-07T23:07:51+00:00,stock,20.17a,pedal_throttle,rpm_swing_per_min,0.8646838413922784,462.0,,,-0.8097804011526228,-1.025041538838756
2026-06-07T23:07:51+00:00,stock,20.17a,avcs,avcs_osc_per_min,1.0237706953280872,547.0,,,0.0532213572925075,-0.0125303196373187
2026-06-07T23:07:51+00:00,stock,20.17a,timing_sum,fbkc_events_per_min,0.3499910786587793,187.0,,,0.2326719279072257,0.1975938705756313
2026-06-07T23:07:51+00:00,stock,20.17a,timing_sum,flkc_events_per_min,0.2601537964362049,139.0,,,0.2174922870720036,0.2601537964362049
2026-06-07T23:07:51+00:00,stock,20.17a,timing_sum,total_knock_per_min,0.6101448750949843,,,,0.4501642149792294,0.4577476670118363
2026-06-07T23:07:51+00:00,stock,20.17a,timing_sum,min_fbkc_depth,-10.85,,,,-6.65,-8.05
2026-06-07T23:07:51+00:00,stock,20.17a,timing_sum,timing_osc_per_min,0.6288609755580206,336.0,,,-0.3203576077954584,0.0497515848420584
2026-06-07T23:07:51+00:00,stock,20.17a,wgdc,mean_target_attainment,0.6348209934652035,,,109.0,-0.1821260029079301,0.0209636740387363
2026-06-07T23:07:51+00:00,stock,20.17a,wgdc,mean_peak_mrp,10.390366972477064,,,109.0,-2.5469473132372205,0.3203669724770641
2026-06-07T23:07:51+00:00,stock,20.17a,wgdc,wgdc_pegged_pulls,0.0,,,109.0,0.0,0.0
2026-06-07T23:07:51+00:00,stock,20.17a,ol_fueling,afr_osc_per_min,0.8983728222257438,480.0,,,0.2691155591037746,0.1973456650432633
2026-06-07T23:07:51+00:00,stock,20.17a,ol_fueling,ffb_wbo2_div_per_min,1.901555807044491,1016.0,,,-0.2955119252118763,-0.079607898036432
2026-06-07T23:07:51+00:00,stock,20.17a,ol_fueling,maf_corr_mean_pct,-0.4709801436610697,,218570.0,,0.8908489684324723,0.627078455671946
2026-06-07T23:07:51+00:00,stock,20.17a,ol_fueling,maf_corr_mean_abs_pct,0.6466798279727318,,218570.0,,-1.2108894816169884,-0.4997179805074968
2026-06-07T23:07:51+00:00,stock,20.17a,cross_thread,stutter_signature_per_min,1.3475592333386155,720.0,,,-0.1669243490905305,-0.0849745226429747
2026-07-12T21:42:44+00:00,stock,garn_base,pedal_throttle,throttle_hunt_per_min,0.3519574522546607,33.0,,,0.0,
2026-07-12T21:42:44+00:00,stock,garn_base,pedal_throttle,rpm_swing_per_min,1.6744642425449012,157.0,,,0.0,
2026-07-12T21:42:44+00:00,stock,garn_base,avcs,avcs_osc_per_min,0.9705493380355796,91.0,,,0.0,
2026-07-12T21:42:44+00:00,stock,garn_base,timing_sum,fbkc_events_per_min,0.1173191507515535,11.0,,,0.0,
2026-07-12T21:42:44+00:00,stock,garn_base,timing_sum,flkc_events_per_min,0.0426615093642013,4.0,,,0.0,
2026-07-12T21:42:44+00:00,stock,garn_base,timing_sum,total_knock_per_min,0.1599806601157548,,,,0.0,
2026-07-12T21:42:44+00:00,stock,garn_base,timing_sum,min_fbkc_depth,-4.2,,,,0.0,
2026-07-12T21:42:44+00:00,stock,garn_base,timing_sum,timing_osc_per_min,0.949218583353479,89.0,,,0.0,
2026-07-12T21:42:44+00:00,stock,garn_base,wgdc,mean_target_attainment,0.8169469963731336,,,7.0,0.0,
2026-07-12T21:42:44+00:00,stock,garn_base,wgdc,mean_peak_mrp,12.937314285714285,,,7.0,0.0,
2026-07-12T21:42:44+00:00,stock,garn_base,wgdc,wgdc_pegged_pulls,0.0,,,7.0,0.0,
2026-07-12T21:42:44+00:00,stock,garn_base,ol_fueling,afr_osc_per_min,0.6292572631219692,59.0,,,0.0,
2026-07-12T21:42:44+00:00,stock,garn_base,ol_fueling,ffb_wbo2_div_per_min,2.197067732256367,206.0,,,0.0,
2026-07-12T21:42:44+00:00,stock,garn_base,ol_fueling,maf_corr_mean_pct,-1.361829112093542,,48406.0,,0.0,
2026-07-12T21:42:44+00:00,stock,garn_base,ol_fueling,maf_corr_mean_abs_pct,1.8575693095897203,,48406.0,,0.0,
2026-07-12T21:42:44+00:00,stock,garn_base,cross_thread,stutter_signature_per_min,1.5144835824291465,142.0,,,0.0,
2026-07-12T21:42:44+00:00,stock,20.7,pedal_throttle,throttle_hunt_per_min,0.2077667606966098,41.0,,,-0.1441906915580509,-0.1441906915580509
2026-07-12T21:42:44+00:00,stock,20.7,pedal_throttle,rpm_swing_per_min,1.1199135149744093,221.0,,,-0.554550727570492,-0.554550727570492
2026-07-12T21:42:44+00:00,stock,20.7,avcs,avcs_osc_per_min,1.1047110690697792,218.0,,,0.1341617310341996,0.1341617310341996
2026-07-12T21:42:44+00:00,stock,20.7,timing_sum,fbkc_events_per_min,0.1976317967601898,39.0,,,0.0803126460086362,0.0803126460086362
2026-07-12T21:42:44+00:00,stock,20.7,timing_sum,flkc_events_per_min,0.0,0.0,,,-0.0426615093642013,-0.0426615093642013
2026-07-12T21:42:44+00:00,stock,20.7,timing_sum,total_knock_per_min,0.1976317967601898,,,,0.0376511366444349,0.0376511366444349
2026-07-12T21:42:44+00:00,stock,20.7,timing_sum,min_fbkc_depth,-9.45,,,,-5.249999999999999,-5.249999999999999
2026-07-12T21:42:44+00:00,stock,20.7,timing_sum,timing_osc_per_min,1.0286988395466292,203.0,,,0.0794802561931502,0.0794802561931502
2026-07-12T21:42:44+00:00,stock,20.7,wgdc,mean_target_attainment,0.7155336009521309,,,11.0,-0.1014133954210027,-0.1014133954210027
2026-07-12T21:42:44+00:00,stock,20.7,wgdc,mean_peak_mrp,8.492345454545456,,,11.0,-4.444968831168829,-4.444968831168829
2026-07-12T21:42:44+00:00,stock,20.7,wgdc,wgdc_pegged_pulls,0.0,,,11.0,0.0,0.0
2026-07-12T21:42:44+00:00,stock,20.7,ol_fueling,afr_osc_per_min,0.6739751017719295,133.0,,,0.0447178386499603,0.0447178386499603
2026-07-12T21:42:44+00:00,stock,20.7,ol_fueling,ffb_wbo2_div_per_min,2.077667606966098,410.0,,,-0.1194001252902685,-0.1194001252902685
2026-07-12T21:42:44+00:00,stock,20.7,ol_fueling,maf_corr_mean_pct,2.261221591094371,,122664.0,,3.623050703187913,3.623050703187913
2026-07-12T21:42:44+00:00,stock,20.7,ol_fueling,maf_corr_mean_abs_pct,2.435605541560686,,122664.0,,0.5780362319709655,0.5780362319709655
2026-07-12T21:42:44+00:00,stock,20.7,cross_thread,stutter_signature_per_min,1.4036925051941689,277.0,,,-0.1107910772349773,-0.1107910772349773
2026-07-12T21:42:44+00:00,stock,20.8,pedal_throttle,throttle_hunt_per_min,0.3619609867786033,43.0,,,0.0100035345239425,0.1541942260819934
2026-07-12T21:42:44+00:00,stock,20.8,pedal_throttle,rpm_swing_per_min,1.4562616444813576,173.0,,,-0.2182025980635435,0.3363481295069483
2026-07-12T21:42:44+00:00,stock,20.8,avcs,avcs_osc_per_min,1.1868953287391413,141.0,,,0.2163459907035616,0.082184259669362
2026-07-12T21:42:44+00:00,stock,20.8,timing_sum,fbkc_events_per_min,0.1431008552380525,17.0,,,0.0257817044864989,-0.0545309415221373
2026-07-12T21:42:44+00:00,stock,20.8,timing_sum,flkc_events_per_min,0.033670789467777,4.0,,,-0.0089907198964242,0.033670789467777
2026-07-12T21:42:44+00:00,stock,20.8,timing_sum,total_knock_per_min,0.1767716447058295,,,,0.0167909845900746,-0.0208601520543603
2026-07-12T21:42:44+00:00,stock,20.8,timing_sum,min_fbkc_depth,-4.2,,,,0.0,5.249999999999999
2026-07-12T21:42:44+00:00,stock,20.8,timing_sum,timing_osc_per_min,1.119553749803587,133.0,,,0.170335166450108,0.0908549102569578
2026-07-12T21:42:44+00:00,stock,20.8,wgdc,mean_target_attainment,0.831825968983463,,,12.0,0.0148789726103293,0.116292368031332
2026-07-12T21:42:44+00:00,stock,20.8,wgdc,mean_peak_mrp,12.8,,,12.0,-0.1373142857142859,4.307654545454543
2026-07-12T21:42:44+00:00,stock,20.8,wgdc,wgdc_pegged_pulls,0.0,,,12.0,0.0,0.0
2026-07-12T21:42:44+00:00,stock,20.8,ol_fueling,afr_osc_per_min,1.0774652629688657,128.0,,,0.4482079998468965,0.4034901611969361
2026-07-12T21:42:44+00:00,stock,20.8,ol_fueling,ffb_wbo2_div_per_min,2.7610047363577186,328.0,,,0.5639370041013514,0.68333712939162
2026-07-12T21:42:44+00:00,stock,20.8,ol_fueling,maf_corr_mean_pct,-1.7333832306534345,,71744.0,,-0.3715541185598925,-3.9946048217478056
2026-07-12T21:42:44+00:00,stock,20.8,ol_fueling,maf_corr_mean_abs_pct,1.8462282518398747,,71744.0,,-0.0113410577498456,-0.5893772897208112
2026-07-12T21:42:44+00:00,stock,20.8,cross_thread,stutter_signature_per_min,1.9949942759657904,237.0,,,0.4805106935366443,0.5913017707716217
2026-07-12T21:42:44+00:00,stock,20.9,pedal_throttle,throttle_hunt_per_min,0.2395145837768788,21.0,,,-0.1124428684777819,-0.1224464030017244
2026-07-12T21:42:44+00:00,stock,20.9,pedal_throttle,rpm_swing_per_min,0.9010310532558776,79.0,,,-0.7734331892890236,-0.55523059122548
2026-07-12T21:42:44+00:00,stock,20.9,avcs,avcs_osc_per_min,1.0493019860701358,92.0,,,0.0787526480345561,-0.1375933426690054
2026-07-12T21:42:44+00:00,stock,20.9,timing_sum,fbkc_events_per_min,0.0570272818516378,5.0,,,-0.0602918688999157,-0.0860735733864146
2026-07-12T21:42:44+00:00,stock,20.9,timing_sum,flkc_events_per_min,0.0,0.0,,,-0.0426615093642013,-0.033670789467777
2026-07-12T21:42:44+00:00,stock,20.9,timing_sum,total_knock_per_min,0.0570272818516378,,,,-0.102953378264117,-0.1197443628541917
2026-07-12T21:42:44+00:00,stock,20.9,timing_sum,min_fbkc_depth,-2.8,,,,1.4000000000000004,1.4000000000000004
2026-07-12T21:42:44+00:00,stock,20.9,timing_sum,timing_osc_per_min,0.9466528787371878,83.0,,,-0.0025657046162911,-0.1729008710663991
2026-07-12T21:42:44+00:00,stock,20.9,wgdc,mean_target_attainment,0.5896524232109547,,,11.0,-0.2272945731621789,-0.2421735457725082
2026-07-12T21:42:44+00:00,stock,20.9,wgdc,mean_peak_mrp,8.940772727272728,,,11.0,-3.9965415584415567,-3.859227272727271
2026-07-12T21:42:44+00:00,stock,20.9,wgdc,wgdc_pegged_pulls,0.0,,,11.0,0.0,0.0
2026-07-12T21:42:44+00:00,stock,20.9,ol_fueling,afr_osc_per_min,0.5360564494053955,47.0,,,-0.0932008137165736,-0.5414088135634701
2026-07-12T21:42:44+00:00,stock,20.9,ol_fueling,ffb_wbo2_div_per_min,1.6994129991788072,149.0,,,-0.49765473307756,-1.0615917371789114
2026-07-12T21:42:44+00:00,stock,20.9,ol_fueling,maf_corr_mean_pct,-1.017067829789973,,46613.0,,0.3447612823035693,0.7163154008634618
2026-07-12T21:42:44+00:00,stock,20.9,ol_fueling,maf_corr_mean_abs_pct,1.3385986559543477,,46613.0,,-0.5189706536353729,-0.5076295958855273
2026-07-12T21:42:44+00:00,stock,20.9,cross_thread,stutter_signature_per_min,1.1291401806624288,99.0,,,-0.3853434017667174,-0.8658540953033618
2026-07-12T21:42:44+00:00,stock,20.10,pedal_throttle,throttle_hunt_per_min,0.3037199620957487,25.0,,,-0.048237490158912,0.0642053783188698
2026-07-12T21:42:44+00:00,stock,20.10,pedal_throttle,rpm_swing_per_min,1.6036413998655532,132.0,,,-0.070822842679348,0.7026103466096756
2026-07-12T21:42:44+00:00,stock,20.10,avcs,avcs_osc_per_min,0.935457483254906,77.0,,,-0.0350918547806735,-0.1138445028152297
2026-07-12T21:42:44+00:00,stock,20.10,timing_sum,fbkc_events_per_min,0.218678372708939,18.0,,,0.1013592219573855,0.1616510908573012
2026-07-12T21:42:44+00:00,stock,20.10,timing_sum,flkc_events_per_min,0.0,0.0,,,-0.0426615093642013,0.0
2026-07-12T21:42:44+00:00,stock,20.10,timing_sum,total_knock_per_min,0.218678372708939,,,,0.0586977125931842,0.1616510908573012
2026-07-12T21:42:44+00:00,stock,20.10,timing_sum,min_fbkc_depth,-7.0,,,,-2.8,-4.2
2026-07-12T21:42:44+00:00,stock,20.10,timing_sum,timing_osc_per_min,0.5709935287400075,47.0,,,-0.3782250546134714,-0.3756593499971803
2026-07-12T21:42:44+00:00,stock,20.10,wgdc,mean_target_attainment,0.7285170880655274,,,6.0,-0.0884299083076062,0.1388646648545727
2026-07-12T21:42:44+00:00,stock,20.10,wgdc,mean_peak_mrp,11.253333333333336,,,6.0,-1.6839809523809492,2.3125606060606074
2026-07-12T21:42:44+00:00,stock,20.10,wgdc,wgdc_pegged_pulls,0.0,,,6.0,0.0,0.0
2026-07-12T21:42:44+00:00,stock,20.10,ol_fueling,afr_osc_per_min,0.7532255059974567,62.0,,,0.1239682428754875,0.2171690565920612
2026-07-12T21:42:44+00:00,stock,20.10,ol_fueling,ffb_wbo2_div_per_min,1.919510160445132,158.0,,,-0.2775575718112353,0.2200971612663247
2026-07-12T21:42:44+00:00,stock,20.10,ol_fueling,maf_corr_mean_pct,-1.9156069866694767,,37958.0,,-0.5537778745759347,-0.898539156879504
2026-07-12T21:42:44+00:00,stock,20.10,ol_fueling,maf_corr_mean_abs_pct,1.9409307655830128,,37958.0,,0.0833614559932922,0.6023321096286651
2026-07-12T21:42:44+00:00,stock,20.10,cross_thread,stutter_signature_per_min,1.3606654301889545,112.0,,,-0.153818152240192,0.2315252495265254
2026-07-12T21:42:44+00:00,stock,20.11,pedal_throttle,throttle_hunt_per_min,0.4962131104727083,38.0,,,0.1442556582180475,0.1924931483769595
2026-07-12T21:42:44+00:00,stock,20.11,pedal_throttle,rpm_swing_per_min,2.376599634369287,182.0,,,0.7021353918243858,0.7729582345037338
2026-07-12T21:42:44+00:00,stock,20.11,avcs,avcs_osc_per_min,1.3188822146774617,101.0,,,0.3483328766418818,0.3834247314225554
2026-07-12T21:42:44+00:00,stock,20.11,timing_sum,fbkc_events_per_min,0.3003395142334813,23.0,,,0.1830203634819277,0.0816611415245422
2026-07-12T21:42:44+00:00,stock,20.11,timing_sum,flkc_events_per_min,0.3395142334813267,26.0,,,0.2968527241171254,0.3395142334813267
2026-07-12T21:42:44+00:00,stock,20.11,timing_sum,total_knock_per_min,0.6398537477148081,,,,0.4798730875990532,0.421175375005869
2026-07-12T21:42:44+00:00,stock,20.11,timing_sum,min_fbkc_depth,-4.2,,,,0.0,2.8
2026-07-12T21:42:44+00:00,stock,20.11,timing_sum,timing_osc_per_min,0.8749020632018804,67.0,,,-0.0743165201515986,0.3039085344618728
2026-07-12T21:42:44+00:00,stock,20.11,wgdc,mean_target_attainment,0.7676399339712541,,,20.0,-0.0493070624018795,0.0391228459057266
2026-07-12T21:42:44+00:00,stock,20.11,wgdc,mean_peak_mrp,13.5645,,,20.0,0.6271857142857158,2.311166666666665
2026-07-12T21:42:44+00:00,stock,20.11,wgdc,wgdc_pegged_pulls,0.0,,,20.0,0.0,0.0
2026-07-12T21:42:44+00:00,stock,20.11,ol_fueling,afr_osc_per_min,1.2013580569339253,92.0,,,0.5721007938119561,0.4481325509364685
2026-07-12T21:42:44+00:00,stock,20.11,ol_fueling,ffb_wbo2_div_per_min,2.8075215460955865,215.0,,,0.6104538138392193,0.8880113856504546
2026-07-12T21:42:44+00:00,stock,20.11,ol_fueling,maf_corr_mean_pct,-1.0785863660127748,,43993.0,,0.2832427460807671,0.8370206206567019
2026-07-12T21:42:44+00:00,stock,20.11,ol_fueling,maf_corr_mean_abs_pct,1.4322658150160257,,43993.0,,-0.4253034945736949,-0.5086649505669871
2026-07-12T21:42:44+00:00,stock,20.11,cross_thread,stutter_signature_per_min,1.893444763645861,145.0,,,0.3789611812167144,0.5327793334569064
2026-07-12T21:42:44+00:00,stock,20.12,pedal_throttle,throttle_hunt_per_min,0.2266585302066079,78.0,,,-0.1252989220480527,-0.2695545802661003
2026-07-12T21:42:44+00:00,stock,20.12,pedal_throttle,rpm_swing_per_min,1.0693633220004068,368.0,,,-0.6051009205444944,-1.3072363123688802
2026-07-12T21:42:44+00:00,stock,20.12,avcs,avcs_osc_per_min,1.127480893848255,388.0,,,0.1569315558126753,-0.1914013208292064
2026-07-12T21:42:44+00:00,stock,20.12,timing_sum,fbkc_events_per_min,0.0900822363641647,31.0,,,-0.0272369143873888,-0.2102572778693166
2026-07-12T21:42:44+00:00,stock,20.12,timing_sum,flkc_events_per_min,0.1656350797663673,57.0,,,0.122973570402166,-0.1738791537149593
2026-07-12T21:42:44+00:00,stock,20.12,timing_sum,total_knock_per_min,0.255717316130532,,,,0.0957366560147771,-0.384136431584276
2026-07-12T21:42:44+00:00,stock,20.12,timing_sum,min_fbkc_depth,-7.0,,,,-2.8,-2.8
2026-07-12T21:42:44+00:00,stock,20.12,timing_sum,timing_osc_per_min,0.709034376543748,244.0,,,-0.2401842068097309,-0.1658676866581323
2026-07-12T21:42:44+00:00,stock,20.12,wgdc,mean_target_attainment,0.8293115953918506,,,72.0,0.012364599018717,0.0616716614205965
2026-07-12T21:42:44+00:00,stock,20.12,wgdc,mean_peak_mrp,9.870416666666666,,,72.0,-3.06689761904762,-3.694083333333335
2026-07-12T21:42:44+00:00,stock,20.12,wgdc,wgdc_pegged_pulls,0.0,,,72.0,0.0,0.0
2026-07-12T21:42:44+00:00,stock,20.12,ol_fueling,afr_osc_per_min,0.9037282422340396,311.0,,,0.2744709791120703,-0.2976298146998858
2026-07-12T21:42:44+00:00,stock,20.12,ol_fueling,ffb_wbo2_div_per_min,2.0515502862290416,706.0,,,-0.1455174460273256,-0.7559712598665449
2026-07-12T21:42:44+00:00,stock,20.12,ol_fueling,maf_corr_mean_pct,1.8318566670646304,,242903.0,,3.1936857791581725,2.9104430330774056
2026-07-12T21:42:44+00:00,stock,20.12,ol_fueling,maf_corr_mean_abs_pct,2.3931842752045056,,242903.0,,0.5356149656147853,0.9609184601884802
2026-07-12T21:42:44+00:00,stock,20.12,cross_thread,stutter_signature_per_min,1.3657629384244327,470.0,,,-0.1487206440047135,-0.5276818252214279
2026-07-12T21:42:44+00:00,stock,20.13,pedal_throttle,throttle_hunt_per_min,0.2648793996066942,44.0,,,-0.0870780526479664,0.0382208694000862
2026-07-12T21:42:44+00:00,stock,20.13,pedal_throttle,rpm_swing_per_min,0.9210579122687322,153.0,,,-0.753406330276169,-0.1483054097316746
2026-07-12T21:42:44+00:00,stock,20.13,avcs,avcs_osc_per_min,1.1136974756190554,185.0,,,0.1431481375834757,-0.0137834182291995
2026-07-12T21:42:44+00:00,stock,20.13,timing_sum,fbkc_events_per_min,0.1444796725127423,24.0,,,0.0271605217611887,0.0543974361485776
2026-07-12T21:42:44+00:00,stock,20.13,timing_sum,flkc_events_per_min,0.0,0.0,,,-0.0426615093642013,-0.1656350797663673
2026-07-12T21:42:44+00:00,stock,20.13,timing_sum,total_knock_per_min,0.1444796725127423,,,,-0.0155009876030125,-0.1112376436177897
2026-07-12T21:42:44+00:00,stock,20.13,timing_sum,min_fbkc_depth,-2.8,,,,1.4000000000000004,4.2
2026-07-12T21:42:44+00:00,stock,20.13,timing_sum,timing_osc_per_min,0.7103583898543164,118.0,,,-0.2388601934991625,0.0013240133105684
2026-07-12T21:42:44+00:00,stock,20.13,wgdc,mean_target_attainment,0.954700570107872,,,37.0,0.1377535737347383,0.1253889747160212
2026-07-12T21:42:44+00:00,stock,20.13,wgdc,mean_peak_mrp,10.694864864864863,,,37.0,-2.24244942084942,0.8244481981981995
2026-07-12T21:42:44+00:00,stock,20.13,wgdc,wgdc_pegged_pulls,0.0,,,37.0,0.0,0.0
2026-07-12T21:42:44+00:00,stock,20.13,ol_fueling,afr_osc_per_min,1.0113577075891962,168.0,,,0.382100444467227,0.1076294653551567
2026-07-12T21:42:44+00:00,stock,20.13,ol_fueling,ffb_wbo2_div_per_min,1.998635469759602,332.0,,,-0.1984322624967651,-0.0529148164694395
2026-07-12T21:42:44+00:00,stock,20.13,ol_fueling,maf_corr_mean_pct,1.100560202997514,,96947.0,,2.4623893150910563,-0.7312964640671165
2026-07-12T21:42:44+00:00,stock,20.13,ol_fueling,maf_corr_mean_abs_pct,1.120532765325384,,96947.0,,-0.7370365442643363,-1.2726515098791216
2026-07-12T21:42:44+00:00,stock,20.13,cross_thread,stutter_signature_per_min,1.4508167114821209,241.0,,,-0.0636668709470253,0.0850537730576881
2026-07-12T21:42:44+00:00,stock,20.14,pedal_throttle,throttle_hunt_per_min,0.2602343904233745,58.0,,,-0.0917230618312862,-0.0046450091833197
2026-07-12T21:42:44+00:00,stock,20.14,pedal_throttle,rpm_swing_per_min,1.000556363179526,223.0,,,-0.6739078793653752,0.0794984509107937
2026-07-12T21:42:44+00:00,stock,20.14,avcs,avcs_osc_per_min,0.9691487643353256,216.0,,,-0.001400573700254,-0.1445487112837298
2026-07-12T21:42:44+00:00,stock,20.14,timing_sum,fbkc_events_per_min,0.1794719933954306,40.0,,,0.062152842643877,0.0349923208826883
2026-07-12T21:42:44+00:00,stock,20.14,timing_sum,flkc_events_per_min,0.3095891886071178,69.0,,,0.2669276792429165,0.3095891886071178
2026-07-12T21:42:44+00:00,stock,20.14,timing_sum,total_knock_per_min,0.4890611820025485,,,,0.3290805218867937,0.3445815094898062
2026-07-12T21:42:44+00:00,stock,20.14,timing_sum,min_fbkc_depth,-8.05,,,,-3.850000000000001,-5.250000000000001
2026-07-12T21:42:44+00:00,stock,20.14,timing_sum,timing_osc_per_min,0.6012311778746927,134.0,,,-0.3479874054787862,-0.1091272119796237
2026-07-12T21:42:44+00:00,stock,20.14,wgdc,mean_target_attainment,0.944667700613123,,,48.0,0.1277207042399893,-0.0100328694947489
2026-07-12T21:42:44+00:00,stock,20.14,wgdc,mean_peak_mrp,10.752291666666666,,,48.0,-2.1850226190476185,0.0574268018018013
2026-07-12T21:42:44+00:00,stock,20.14,wgdc,wgdc_pegged_pulls,0.0,,,48.0,0.0,0.0
2026-07-12T21:42:44+00:00,stock,20.14,ol_fueling,afr_osc_per_min,0.8390315691236383,187.0,,,0.2097743060016691,-0.1723261384655579
2026-07-12T21:42:44+00:00,stock,20.14,ol_fueling,ffb_wbo2_div_per_min,1.6825499380821625,375.0,,,-0.5145177941742047,-0.3160855316774396
2026-07-12T21:42:44+00:00,stock,20.14,ol_fueling,maf_corr_mean_pct,0.0337004610441018,,107365.0,,1.3955295731376438,-1.0668597419534125
2026-07-12T21:42:44+00:00,stock,20.14,ol_fueling,maf_corr_mean_abs_pct,0.676008289479812,,107365.0,,-1.1815610201099085,-0.4445244758455721
2026-07-12T21:42:44+00:00,stock,20.14,cross_thread,stutter_signature_per_min,1.1396471580609846,254.0,,,-0.3748364243681616,-0.3111695534211363
2026-07-12T21:42:44+00:00,stock,20.15,pedal_throttle,throttle_hunt_per_min,0.497039518825581,99.0,,,0.1450820665709202,0.2368051284022065
2026-07-12T21:42:44+00:00,stock,20.15,pedal_throttle,rpm_swing_per_min,1.2802533060658905,255.0,,,-0.3942109364790107,0.2796969428863645
2026-07-12T21:42:44+00:00,stock,20.15,avcs,avcs_osc_per_min,1.2953151096666655,258.0,,,0.3247657716310861,0.3261663453313401
2026-07-12T21:42:44+00:00,stock,20.15,timing_sum,fbkc_events_per_min,0.1757210420090438,35.0,,,0.0584018912574902,-0.0037509513863868
2026-07-12T21:42:44+00:00,stock,20.15,timing_sum,flkc_events_per_min,0.1054326252054262,21.0,,,0.0627711158412249,-0.2041565634016915
2026-07-12T21:42:44+00:00,stock,20.15,timing_sum,total_knock_per_min,0.28115366721447,,,,0.1211730070987151,-0.2079075147880785
2026-07-12T21:42:44+00:00,stock,20.15,timing_sum,min_fbkc_depth,-7.0,,,,-2.8,1.0500000000000007
2026-07-12T21:42:44+00:00,stock,20.15,timing_sum,timing_osc_per_min,0.7581107812390175,151.0,,,-0.1911078021144614,0.1568796033643248
2026-07-12T21:42:44+00:00,stock,20.15,wgdc,mean_target_attainment,0.8532658056878626,,,40.0,0.0363188093147289,-0.0914018949252604
2026-07-12T21:42:44+00:00,stock,20.15,wgdc,mean_peak_mrp,10.3926325,,,40.0,-2.544681785714284,-0.3596591666666651
2026-07-12T21:42:44+00:00,stock,20.15,wgdc,wgdc_pegged_pulls,0.0,,,40.0,0.0,0.0
2026-07-12T21:42:44+00:00,stock,20.15,ol_fueling,afr_osc_per_min,1.0894704604560714,217.0,,,0.4602131973341022,0.2504388913324331
2026-07-12T21:42:44+00:00,stock,20.15,ol_fueling,ffb_wbo2_div_per_min,2.3396001593204114,466.0,,,0.1425324270640442,0.657050221238249
2026-07-12T21:42:44+00:00,stock,20.15,ol_fueling,maf_corr_mean_pct,-0.5468435112588055,,115554.0,,0.8149856008347365,-0.5805439723029073
2026-07-12T21:42:44+00:00,stock,20.15,ol_fueling,maf_corr_mean_abs_pct,0.8200676324488984,,115554.0,,-1.037501677140822,0.1440593429690864
2026-07-12T21:42:44+00:00,stock,20.15,cross_thread,stutter_signature_per_min,1.7622310212906962,351.0,,,0.2477474388615499,0.6225838632297116
2026-07-12T21:42:44+00:00,stock,20.16,pedal_throttle,throttle_hunt_per_min,0.4420084865629419,20.0,,,0.0900510343082812,-0.055031032262639
2026-07-12T21:42:44+00:00,stock,20.16,pedal_throttle,rpm_swing_per_min,1.591230551626591,72.0,,,-0.0832336909183102,0.3109772455607005
2026-07-12T21:42:44+00:00,stock,20.16,avcs,avcs_osc_per_min,0.8619165487977368,39.0,,,-0.1086327892378428,-0.4333985608689289
2026-07-12T21:42:44+00:00,stock,20.16,timing_sum,fbkc_events_per_min,0.7956152758132955,36.0,,,0.6782961250617419,0.6198942338042517
2026-07-12T21:42:44+00:00,stock,20.16,timing_sum,flkc_events_per_min,0.0,0.0,,,-0.0426615093642013,-0.1054326252054262
2026-07-12T21:42:44+00:00,stock,20.16,timing_sum,total_knock_per_min,0.7956152758132955,,,,0.6356346156975407,0.5144616085988254
2026-07-12T21:42:44+00:00,stock,20.16,timing_sum,min_fbkc_depth,-11.8,,,,-7.6,-4.800000000000001
2026-07-12T21:42:44+00:00,stock,20.16,timing_sum,timing_osc_per_min,0.9503182461103252,43.0,,,0.0010996627568462,0.1922074648713077
2026-07-12T21:42:44+00:00,stock,20.16,wgdc,mean_target_attainment,0.7583286756572742,,,9.0,-0.0586183207158593,-0.0949371300305883
2026-07-12T21:42:44+00:00,stock,20.16,wgdc,mean_peak_mrp,13.106666666666667,,,9.0,0.1693523809523824,2.714034166666666
2026-07-12T21:42:44+00:00,stock,20.16,wgdc,wgdc_pegged_pulls,0.0,,,9.0,0.0,0.0
2026-07-12T21:42:44+00:00,stock,20.16,ol_fueling,afr_osc_per_min,0.7735148514851484,35.0,,,0.1442575883631792,-0.315955608970923
2026-07-12T21:42:44+00:00,stock,20.16,ol_fueling,ffb_wbo2_div_per_min,2.4310466760961806,110.0,,,0.2339789438398134,0.0914465167757692
2026-07-12T21:42:44+00:00,stock,20.16,ol_fueling,maf_corr_mean_pct,-1.831915357217683,,23865.0,,-0.470086245124141,-1.2850718459588777
2026-07-12T21:42:44+00:00,stock,20.16,ol_fueling,maf_corr_mean_abs_pct,1.8368916823800543,,23865.0,,-0.020677627209666,1.0168240499311558
2026-07-12T21:42:44+00:00,stock,20.16,cross_thread,stutter_signature_per_min,1.5249292786421498,69.0,,,0.0104456962130035,-0.2373017426485464
2026-07-12T21:42:44+00:00,stock,20.17,pedal_throttle,throttle_hunt_per_min,0.4267121826328142,28.0,,,0.0747547303781534,-0.0152963039301277
2026-07-12T21:42:44+00:00,stock,20.17,pedal_throttle,rpm_swing_per_min,1.8897253802310343,124.0,,,0.215261137686133,0.2984948286044433
2026-07-12T21:42:44+00:00,stock,20.17,avcs,avcs_osc_per_min,1.036301014965406,68.0,,,0.0657516769298263,0.1743844661676691
2026-07-12T21:42:44+00:00,stock,20.17,timing_sum,fbkc_events_per_min,0.1523972080831479,10.0,,,0.0350780573315943,-0.6432180677301476
2026-07-12T21:42:44+00:00,stock,20.17,timing_sum,flkc_events_per_min,0.0,0.0,,,-0.0426615093642013,0.0
2026-07-12T21:42:44+00:00,stock,20.17,timing_sum,total_knock_per_min,0.1523972080831479,,,,-0.0075834520326069,-0.6432180677301476
2026-07-12T21:42:44+00:00,stock,20.17,timing_sum,min_fbkc_depth,-2.8,,,,1.4000000000000004,9.0
2026-07-12T21:42:44+00:00,stock,20.17,timing_sum,timing_osc_per_min,0.5791093907159621,38.0,,,-0.3701091926375168,-0.3712088553943631
2026-07-12T21:42:44+00:00,stock,20.17,wgdc,mean_target_attainment,0.6138573194264672,,,6.0,-0.2030896769466664,-0.1444713562308071
2026-07-12T21:42:44+00:00,stock,20.17,wgdc,mean_peak_mrp,10.07,,,6.0,-2.8673142857142846,-3.036666666666667
2026-07-12T21:42:44+00:00,stock,20.17,wgdc,wgdc_pegged_pulls,0.0,,,6.0,0.0,0.0
2026-07-12T21:42:44+00:00,stock,20.17,ol_fueling,afr_osc_per_min,0.7010271571824804,46.0,,,0.0717698940605112,-0.072487694302668
2026-07-12T21:42:44+00:00,stock,20.17,ol_fueling,ffb_wbo2_div_per_min,1.981163705080923,130.0,,,-0.2159040271754442,-0.4498829710152576
2026-07-12T21:42:44+00:00,stock,20.17,ol_fueling,maf_corr_mean_pct,-1.0980585993330156,,20990.0,,0.2637705127605263,0.7338567578846673
2026-07-12T21:42:44+00:00,stock,20.17,ol_fueling,maf_corr_mean_abs_pct,1.1463978084802289,,20990.0,,-0.7111715011094917,-0.6904938738998256
2026-07-12T21:42:44+00:00,stock,20.17,cross_thread,stutter_signature_per_min,1.4325337559815905,94.0,,,-0.0819498264475557,-0.0923955226605592
2026-07-12T21:42:44+00:00,stock,20.17a,pedal_throttle,throttle_hunt_per_min,0.3716063096582249,217.0,,,0.0196488574035642,-0.0551058729745892
2026-07-12T21:42:44+00:00,stock,20.17a,pedal_throttle,rpm_swing_per_min,0.9692588537629278,566.0,,,-0.7052053887819735,-0.9204665264681066
2026-07-12T21:42:44+00:00,stock,20.17a,avcs,avcs_osc_per_min,1.1028316286631192,644.0,,,0.1322822906275396,0.0665306136977132
2026-07-12T21:42:44+00:00,stock,20.17a,timing_sum,fbkc_events_per_min,0.3579065378735899,209.0,,,0.2405873871220363,0.205509329790442
2026-07-12T21:42:44+00:00,stock,20.17a,timing_sum,flkc_events_per_min,0.2380335347580335,139.0,,,0.1953720253938322,0.2380335347580335
2026-07-12T21:42:44+00:00,stock,20.17a,timing_sum,total_knock_per_min,0.5959400726316234,,,,0.4359594125158685,0.4435428645484754
2026-07-12T21:42:44+00:00,stock,20.17a,timing_sum,min_fbkc_depth,-11.8,,,,-7.6,-9.0
2026-07-12T21:42:44+00:00,stock,20.17a,timing_sum,timing_osc_per_min,0.6952634180702273,406.0,,,-0.2539551652832517,0.1161540273542651
2026-07-12T21:42:44+00:00,stock,20.17a,wgdc,mean_target_attainment,0.6413366114975961,,,133.0,-0.1756103848755374,0.0274792920711289
2026-07-12T21:42:44+00:00,stock,20.17a,wgdc,mean_peak_mrp,10.758872180451128,,,133.0,-2.178442105263157,0.6888721804511277
2026-07-12T21:42:44+00:00,stock,20.17a,wgdc,wgdc_pegged_pulls,0.0,,,133.0,0.0,0.0
2026-07-12T21:42:44+00:00,stock,20.17a,ol_fueling,afr_osc_per_min,0.919597181043626,537.0,,,0.2903399179216567,0.2185700238611454
2026-07-12T21:42:44+00:00,stock,20.17a,ol_fueling,ffb_wbo2_div_per_min,2.0464034103298565,1195.0,,,-0.1506643219265107,0.0652397052489335
2026-07-12T21:42:44+00:00,stock,20.17a,ol_fueling,maf_corr_mean_pct,-0.6862652880126549,,233271.0,,0.6755638240808871,0.4117933113203608
2026-07-12T21:42:44+00:00,stock,20.17a,ol_fueling,maf_corr_mean_abs_pct,0.8728036918433925,,233271.0,,-0.984765617746328,-0.2735941166368362
2026-07-12T21:42:44+00:00,stock,20.17a,cross_thread,stutter_signature_per_min,1.4590256950636298,852.0,,,-0.0554578873655164,0.0264919390820392
2026-07-12T21:42:44+00:00,stock,20.18,pedal_throttle,throttle_hunt_per_min,0.4165704413308037,190.0,,,0.0646129890761429,0.0449641316725787
2026-07-12T21:42:44+00:00,stock,20.18,pedal_throttle,rpm_swing_per_min,1.1685897117332544,533.0,,,-0.5058745308116468,0.1993308579703266
2026-07-12T21:42:44+00:00,stock,20.18,avcs,avcs_osc_per_min,1.6728591933442274,763.0,,,0.7023098553086478,0.5700275646811082
2026-07-12T21:42:44+00:00,stock,20.18,timing_sum,fbkc_events_per_min,0.3442187330996641,157.0,,,0.2268995823481105,-0.0136878047739258
2026-07-12T21:42:44+00:00,stock,20.18,timing_sum,flkc_events_per_min,1.1510499036772206,525.0,,,1.1083883943130193,0.9130163689191872
2026-07-12T21:42:44+00:00,stock,20.18,timing_sum,total_knock_per_min,1.4952686367768848,,,,1.33528797666113,0.8993285641452614
2026-07-12T21:42:44+00:00,stock,20.18,timing_sum,min_fbkc_depth,-11.8,,,,-7.6,0.0
2026-07-12T21:42:44+00:00,stock,20.18,timing_sum,timing_osc_per_min,0.9690743950958696,442.0,,,0.0198558117423905,0.2738109770256423
2026-07-12T21:42:44+00:00,stock,20.18,wgdc,mean_target_attainment,0.6510269688660338,,,74.0,-0.1659200275070997,0.0096903573684377
2026-07-12T21:42:44+00:00,stock,20.18,wgdc,mean_peak_mrp,10.924036486486486,,,74.0,-2.013277799227799,0.1651643060353578
2026-07-12T21:42:44+00:00,stock,20.18,wgdc,wgdc_pegged_pulls,0.0,,,74.0,0.0,0.0
2026-07-12T21:42:44+00:00,stock,20.18,ol_fueling,afr_osc_per_min,1.0896605754811022,497.0,,,0.460403312359133,0.1700633944374763
2026-07-12T21:42:44+00:00,stock,20.18,ol_fueling,ffb_wbo2_div_per_min,2.565196928194949,1170.0,,,0.3681291959385819,0.5187935178650926
2026-07-12T21:42:44+00:00,stock,20.18,ol_fueling,maf_corr_mean_pct,-1.5578152589319856,,235390.0,,-0.1959861468384436,-0.8715499709193307
2026-07-12T21:42:44+00:00,stock,20.18,ol_fueling,maf_corr_mean_abs_pct,1.627248685160797,,235390.0,,-0.2303206244289233,0.7544449933174046
2026-07-12T21:42:44+00:00,stock,20.18,cross_thread,stutter_signature_per_min,1.8351024178625404,837.0,,,0.3206188354333941,0.3760767227989106
2026-07-13T23:23:52+00:00,garn_base,garn_base,pedal_throttle,throttle_hunt_per_min,0.3519574522546607,33.0,,,0.0,
2026-07-13T23:23:52+00:00,garn_base,garn_base,pedal_throttle,rpm_swing_per_min,1.6744642425449012,157.0,,,0.0,
2026-07-13T23:23:52+00:00,garn_base,garn_base,avcs,avcs_osc_per_min,0.9705493380355796,91.0,,,0.0,
2026-07-13T23:23:52+00:00,garn_base,garn_base,timing_sum,fbkc_events_per_min,0.1173191507515535,11.0,,,0.0,
2026-07-13T23:23:52+00:00,garn_base,garn_base,timing_sum,flkc_events_per_min,0.0426615093642013,4.0,,,0.0,
2026-07-13T23:23:52+00:00,garn_base,garn_base,timing_sum,total_knock_per_min,0.1599806601157548,,,,0.0,
2026-07-13T23:23:52+00:00,garn_base,garn_base,timing_sum,min_fbkc_depth,-4.2,,,,0.0,
2026-07-13T23:23:52+00:00,garn_base,garn_base,timing_sum,timing_osc_per_min,0.949218583353479,89.0,,,0.0,
2026-07-13T23:23:52+00:00,garn_base,garn_base,wgdc,mean_target_attainment,0.8169469963731336,,,7.0,0.0,
2026-07-13T23:23:52+00:00,garn_base,garn_base,wgdc,mean_peak_mrp,12.937314285714285,,,7.0,0.0,
2026-07-13T23:23:52+00:00,garn_base,garn_base,wgdc,wgdc_pegged_pulls,0.0,,,7.0,0.0,
2026-07-13T23:23:52+00:00,garn_base,garn_base,ol_fueling,afr_osc_per_min,0.6292572631219692,59.0,,,0.0,
2026-07-13T23:23:52+00:00,garn_base,garn_base,ol_fueling,ffb_wbo2_div_per_min,2.197067732256367,206.0,,,0.0,
2026-07-13T23:23:52+00:00,garn_base,garn_base,ol_fueling,maf_corr_mean_pct,-1.361829112093542,,48406.0,,0.0,
2026-07-13T23:23:52+00:00,garn_base,garn_base,ol_fueling,maf_corr_mean_abs_pct,1.8575693095897203,,48406.0,,0.0,
2026-07-13T23:23:52+00:00,garn_base,garn_base,cross_thread,stutter_signature_per_min,1.5144835824291465,142.0,,,0.0,
2026-07-13T23:23:52+00:00,garn_base,20.7,pedal_throttle,throttle_hunt_per_min,0.2077667606966098,41.0,,,-0.1441906915580509,-0.1441906915580509
2026-07-13T23:23:52+00:00,garn_base,20.7,pedal_throttle,rpm_swing_per_min,1.1199135149744093,221.0,,,-0.554550727570492,-0.554550727570492
2026-07-13T23:23:52+00:00,garn_base,20.7,avcs,avcs_osc_per_min,1.1047110690697792,218.0,,,0.1341617310341996,0.1341617310341996
2026-07-13T23:23:52+00:00,garn_base,20.7,timing_sum,fbkc_events_per_min,0.1976317967601898,39.0,,,0.0803126460086362,0.0803126460086362
2026-07-13T23:23:52+00:00,garn_base,20.7,timing_sum,flkc_events_per_min,0.0,0.0,,,-0.0426615093642013,-0.0426615093642013
2026-07-13T23:23:52+00:00,garn_base,20.7,timing_sum,total_knock_per_min,0.1976317967601898,,,,0.0376511366444349,0.0376511366444349
2026-07-13T23:23:52+00:00,garn_base,20.7,timing_sum,min_fbkc_depth,-9.45,,,,-5.249999999999999,-5.249999999999999
2026-07-13T23:23:52+00:00,garn_base,20.7,timing_sum,timing_osc_per_min,1.0286988395466292,203.0,,,0.0794802561931502,0.0794802561931502
2026-07-13T23:23:52+00:00,garn_base,20.7,wgdc,mean_target_attainment,0.7155336009521309,,,11.0,-0.1014133954210027,-0.1014133954210027
2026-07-13T23:23:52+00:00,garn_base,20.7,wgdc,mean_peak_mrp,8.492345454545456,,,11.0,-4.444968831168829,-4.444968831168829
2026-07-13T23:23:52+00:00,garn_base,20.7,wgdc,wgdc_pegged_pulls,0.0,,,11.0,0.0,0.0
2026-07-13T23:23:52+00:00,garn_base,20.7,ol_fueling,afr_osc_per_min,0.6739751017719295,133.0,,,0.0447178386499603,0.0447178386499603
2026-07-13T23:23:52+00:00,garn_base,20.7,ol_fueling,ffb_wbo2_div_per_min,2.077667606966098,410.0,,,-0.1194001252902685,-0.1194001252902685
2026-07-13T23:23:52+00:00,garn_base,20.7,ol_fueling,maf_corr_mean_pct,2.261221591094371,,122664.0,,3.623050703187913,3.623050703187913
2026-07-13T23:23:52+00:00,garn_base,20.7,ol_fueling,maf_corr_mean_abs_pct,2.435605541560686,,122664.0,,0.5780362319709655,0.5780362319709655
2026-07-13T23:23:52+00:00,garn_base,20.7,cross_thread,stutter_signature_per_min,1.4036925051941689,277.0,,,-0.1107910772349773,-0.1107910772349773
2026-07-13T23:23:52+00:00,garn_base,20.8,pedal_throttle,throttle_hunt_per_min,0.3619609867786033,43.0,,,0.0100035345239425,0.1541942260819934
2026-07-13T23:23:52+00:00,garn_base,20.8,pedal_throttle,rpm_swing_per_min,1.4562616444813576,173.0,,,-0.2182025980635435,0.3363481295069483
2026-07-13T23:23:52+00:00,garn_base,20.8,avcs,avcs_osc_per_min,1.1868953287391413,141.0,,,0.2163459907035616,0.082184259669362
2026-07-13T23:23:52+00:00,garn_base,20.8,timing_sum,fbkc_events_per_min,0.1431008552380525,17.0,,,0.0257817044864989,-0.0545309415221373
2026-07-13T23:23:52+00:00,garn_base,20.8,timing_sum,flkc_events_per_min,0.033670789467777,4.0,,,-0.0089907198964242,0.033670789467777
2026-07-13T23:23:52+00:00,garn_base,20.8,timing_sum,total_knock_per_min,0.1767716447058295,,,,0.0167909845900746,-0.0208601520543603
2026-07-13T23:23:52+00:00,garn_base,20.8,timing_sum,min_fbkc_depth,-4.2,,,,0.0,5.249999999999999
2026-07-13T23:23:52+00:00,garn_base,20.8,timing_sum,timing_osc_per_min,1.119553749803587,133.0,,,0.170335166450108,0.0908549102569578
2026-07-13T23:23:52+00:00,garn_base,20.8,wgdc,mean_target_attainment,0.831825968983463,,,12.0,0.0148789726103293,0.116292368031332
2026-07-13T23:23:52+00:00,garn_base,20.8,wgdc,mean_peak_mrp,12.8,,,12.0,-0.1373142857142859,4.307654545454543
2026-07-13T23:23:52+00:00,garn_base,20.8,wgdc,wgdc_pegged_pulls,0.0,,,12.0,0.0,0.0
2026-07-13T23:23:52+00:00,garn_base,20.8,ol_fueling,afr_osc_per_min,1.0774652629688657,128.0,,,0.4482079998468965,0.4034901611969361
2026-07-13T23:23:52+00:00,garn_base,20.8,ol_fueling,ffb_wbo2_div_per_min,2.7610047363577186,328.0,,,0.5639370041013514,0.68333712939162
2026-07-13T23:23:52+00:00,garn_base,20.8,ol_fueling,maf_corr_mean_pct,-1.7333832306534345,,71744.0,,-0.3715541185598925,-3.9946048217478056
2026-07-13T23:23:52+00:00,garn_base,20.8,ol_fueling,maf_corr_mean_abs_pct,1.8462282518398747,,71744.0,,-0.0113410577498456,-0.5893772897208112
2026-07-13T23:23:52+00:00,garn_base,20.8,cross_thread,stutter_signature_per_min,1.9949942759657904,237.0,,,0.4805106935366443,0.5913017707716217
2026-07-13T23:23:52+00:00,garn_base,20.9,pedal_throttle,throttle_hunt_per_min,0.2395145837768788,21.0,,,-0.1124428684777819,-0.1224464030017244
2026-07-13T23:23:52+00:00,garn_base,20.9,pedal_throttle,rpm_swing_per_min,0.9010310532558776,79.0,,,-0.7734331892890236,-0.55523059122548
2026-07-13T23:23:52+00:00,garn_base,20.9,avcs,avcs_osc_per_min,1.0493019860701358,92.0,,,0.0787526480345561,-0.1375933426690054
2026-07-13T23:23:52+00:00,garn_base,20.9,timing_sum,fbkc_events_per_min,0.0570272818516378,5.0,,,-0.0602918688999157,-0.0860735733864146
2026-07-13T23:23:52+00:00,garn_base,20.9,timing_sum,flkc_events_per_min,0.0,0.0,,,-0.0426615093642013,-0.033670789467777
2026-07-13T23:23:52+00:00,garn_base,20.9,timing_sum,total_knock_per_min,0.0570272818516378,,,,-0.102953378264117,-0.1197443628541917
2026-07-13T23:23:52+00:00,garn_base,20.9,timing_sum,min_fbkc_depth,-2.8,,,,1.4000000000000004,1.4000000000000004
2026-07-13T23:23:52+00:00,garn_base,20.9,timing_sum,timing_osc_per_min,0.9466528787371878,83.0,,,-0.0025657046162911,-0.1729008710663991
2026-07-13T23:23:52+00:00,garn_base,20.9,wgdc,mean_target_attainment,0.5896524232109547,,,11.0,-0.2272945731621789,-0.2421735457725082
2026-07-13T23:23:52+00:00,garn_base,20.9,wgdc,mean_peak_mrp,8.940772727272728,,,11.0,-3.9965415584415567,-3.859227272727271
2026-07-13T23:23:52+00:00,garn_base,20.9,wgdc,wgdc_pegged_pulls,0.0,,,11.0,0.0,0.0
2026-07-13T23:23:52+00:00,garn_base,20.9,ol_fueling,afr_osc_per_min,0.5360564494053955,47.0,,,-0.0932008137165736,-0.5414088135634701
2026-07-13T23:23:52+00:00,garn_base,20.9,ol_fueling,ffb_wbo2_div_per_min,1.6994129991788072,149.0,,,-0.49765473307756,-1.0615917371789114
2026-07-13T23:23:52+00:00,garn_base,20.9,ol_fueling,maf_corr_mean_pct,-1.017067829789973,,46613.0,,0.3447612823035693,0.7163154008634618
2026-07-13T23:23:52+00:00,garn_base,20.9,ol_fueling,maf_corr_mean_abs_pct,1.3385986559543477,,46613.0,,-0.5189706536353729,-0.5076295958855273
2026-07-13T23:23:52+00:00,garn_base,20.9,cross_thread,stutter_signature_per_min,1.1291401806624288,99.0,,,-0.3853434017667174,-0.8658540953033618
2026-07-13T23:23:52+00:00,garn_base,20.10,pedal_throttle,throttle_hunt_per_min,0.3037199620957487,25.0,,,-0.048237490158912,0.0642053783188698
2026-07-13T23:23:52+00:00,garn_base,20.10,pedal_throttle,rpm_swing_per_min,1.6036413998655532,132.0,,,-0.070822842679348,0.7026103466096756
2026-07-13T23:23:52+00:00,garn_base,20.10,avcs,avcs_osc_per_min,0.935457483254906,77.0,,,-0.0350918547806735,-0.1138445028152297
2026-07-13T23:23:52+00:00,garn_base,20.10,timing_sum,fbkc_events_per_min,0.218678372708939,18.0,,,0.1013592219573855,0.1616510908573012
2026-07-13T23:23:52+00:00,garn_base,20.10,timing_sum,flkc_events_per_min,0.0,0.0,,,-0.0426615093642013,0.0
2026-07-13T23:23:52+00:00,garn_base,20.10,timing_sum,total_knock_per_min,0.218678372708939,,,,0.0586977125931842,0.1616510908573012
2026-07-13T23:23:52+00:00,garn_base,20.10,timing_sum,min_fbkc_depth,-7.0,,,,-2.8,-4.2
2026-07-13T23:23:52+00:00,garn_base,20.10,timing_sum,timing_osc_per_min,0.5709935287400075,47.0,,,-0.3782250546134714,-0.3756593499971803
2026-07-13T23:23:52+00:00,garn_base,20.10,wgdc,mean_target_attainment,0.7285170880655274,,,6.0,-0.0884299083076062,0.1388646648545727
2026-07-13T23:23:52+00:00,garn_base,20.10,wgdc,mean_peak_mrp,11.253333333333336,,,6.0,-1.6839809523809492,2.3125606060606074
2026-07-13T23:23:52+00:00,garn_base,20.10,wgdc,wgdc_pegged_pulls,0.0,,,6.0,0.0,0.0
2026-07-13T23:23:52+00:00,garn_base,20.10,ol_fueling,afr_osc_per_min,0.7532255059974567,62.0,,,0.1239682428754875,0.2171690565920612
2026-07-13T23:23:52+00:00,garn_base,20.10,ol_fueling,ffb_wbo2_div_per_min,1.919510160445132,158.0,,,-0.2775575718112353,0.2200971612663247
2026-07-13T23:23:52+00:00,garn_base,20.10,ol_fueling,maf_corr_mean_pct,-1.9156069866694767,,37958.0,,-0.5537778745759347,-0.898539156879504
2026-07-13T23:23:52+00:00,garn_base,20.10,ol_fueling,maf_corr_mean_abs_pct,1.9409307655830128,,37958.0,,0.0833614559932922,0.6023321096286651
2026-07-13T23:23:52+00:00,garn_base,20.10,cross_thread,stutter_signature_per_min,1.3606654301889545,112.0,,,-0.153818152240192,0.2315252495265254
2026-07-13T23:23:52+00:00,garn_base,20.11,pedal_throttle,throttle_hunt_per_min,0.4962131104727083,38.0,,,0.1442556582180475,0.1924931483769595
2026-07-13T23:23:52+00:00,garn_base,20.11,pedal_throttle,rpm_swing_per_min,2.376599634369287,182.0,,,0.7021353918243858,0.7729582345037338
2026-07-13T23:23:52+00:00,garn_base,20.11,avcs,avcs_osc_per_min,1.3188822146774617,101.0,,,0.3483328766418818,0.3834247314225554
2026-07-13T23:23:52+00:00,garn_base,20.11,timing_sum,fbkc_events_per_min,0.3003395142334813,23.0,,,0.1830203634819277,0.0816611415245422
2026-07-13T23:23:52+00:00,garn_base,20.11,timing_sum,flkc_events_per_min,0.3395142334813267,26.0,,,0.2968527241171254,0.3395142334813267
2026-07-13T23:23:52+00:00,garn_base,20.11,timing_sum,total_knock_per_min,0.6398537477148081,,,,0.4798730875990532,0.421175375005869
2026-07-13T23:23:52+00:00,garn_base,20.11,timing_sum,min_fbkc_depth,-4.2,,,,0.0,2.8
2026-07-13T23:23:52+00:00,garn_base,20.11,timing_sum,timing_osc_per_min,0.8749020632018804,67.0,,,-0.0743165201515986,0.3039085344618728
2026-07-13T23:23:52+00:00,garn_base,20.11,wgdc,mean_target_attainment,0.7676399339712541,,,20.0,-0.0493070624018795,0.0391228459057266
2026-07-13T23:23:52+00:00,garn_base,20.11,wgdc,mean_peak_mrp,13.5645,,,20.0,0.6271857142857158,2.311166666666665
2026-07-13T23:23:52+00:00,garn_base,20.11,wgdc,wgdc_pegged_pulls,0.0,,,20.0,0.0,0.0
2026-07-13T23:23:52+00:00,garn_base,20.11,ol_fueling,afr_osc_per_min,1.2013580569339253,92.0,,,0.5721007938119561,0.4481325509364685
2026-07-13T23:23:52+00:00,garn_base,20.11,ol_fueling,ffb_wbo2_div_per_min,2.8075215460955865,215.0,,,0.6104538138392193,0.8880113856504546
2026-07-13T23:23:52+00:00,garn_base,20.11,ol_fueling,maf_corr_mean_pct,-1.0785863660127748,,43993.0,,0.2832427460807671,0.8370206206567019
2026-07-13T23:23:52+00:00,garn_base,20.11,ol_fueling,maf_corr_mean_abs_pct,1.4322658150160257,,43993.0,,-0.4253034945736949,-0.5086649505669871
2026-07-13T23:23:52+00:00,garn_base,20.11,cross_thread,stutter_signature_per_min,1.893444763645861,145.0,,,0.3789611812167144,0.5327793334569064
2026-07-13T23:23:52+00:00,garn_base,20.12,pedal_throttle,throttle_hunt_per_min,0.2266585302066079,78.0,,,-0.1252989220480527,-0.2695545802661003
2026-07-13T23:23:52+00:00,garn_base,20.12,pedal_throttle,rpm_swing_per_min,1.0693633220004068,368.0,,,-0.6051009205444944,-1.3072363123688802
2026-07-13T23:23:52+00:00,garn_base,20.12,avcs,avcs_osc_per_min,1.127480893848255,388.0,,,0.1569315558126753,-0.1914013208292064
2026-07-13T23:23:52+00:00,garn_base,20.12,timing_sum,fbkc_events_per_min,0.0900822363641647,31.0,,,-0.0272369143873888,-0.2102572778693166
2026-07-13T23:23:52+00:00,garn_base,20.12,timing_sum,flkc_events_per_min,0.1656350797663673,57.0,,,0.122973570402166,-0.1738791537149593
2026-07-13T23:23:52+00:00,garn_base,20.12,timing_sum,total_knock_per_min,0.255717316130532,,,,0.0957366560147771,-0.384136431584276
2026-07-13T23:23:52+00:00,garn_base,20.12,timing_sum,min_fbkc_depth,-7.0,,,,-2.8,-2.8
2026-07-13T23:23:52+00:00,garn_base,20.12,timing_sum,timing_osc_per_min,0.709034376543748,244.0,,,-0.2401842068097309,-0.1658676866581323
2026-07-13T23:23:52+00:00,garn_base,20.12,wgdc,mean_target_attainment,0.8293115953918506,,,72.0,0.012364599018717,0.0616716614205965
2026-07-13T23:23:52+00:00,garn_base,20.12,wgdc,mean_peak_mrp,9.870416666666666,,,72.0,-3.06689761904762,-3.694083333333335
2026-07-13T23:23:52+00:00,garn_base,20.12,wgdc,wgdc_pegged_pulls,0.0,,,72.0,0.0,0.0
2026-07-13T23:23:52+00:00,garn_base,20.12,ol_fueling,afr_osc_per_min,0.9037282422340396,311.0,,,0.2744709791120703,-0.2976298146998858
2026-07-13T23:23:52+00:00,garn_base,20.12,ol_fueling,ffb_wbo2_div_per_min,2.0515502862290416,706.0,,,-0.1455174460273256,-0.7559712598665449
2026-07-13T23:23:52+00:00,garn_base,20.12,ol_fueling,maf_corr_mean_pct,1.8318566670646304,,242903.0,,3.1936857791581725,2.9104430330774056
2026-07-13T23:23:52+00:00,garn_base,20.12,ol_fueling,maf_corr_mean_abs_pct,2.3931842752045056,,242903.0,,0.5356149656147853,0.9609184601884802
2026-07-13T23:23:52+00:00,garn_base,20.12,cross_thread,stutter_signature_per_min,1.3657629384244327,470.0,,,-0.1487206440047135,-0.5276818252214279
2026-07-13T23:23:52+00:00,garn_base,20.13,pedal_throttle,throttle_hunt_per_min,0.2648793996066942,44.0,,,-0.0870780526479664,0.0382208694000862
2026-07-13T23:23:52+00:00,garn_base,20.13,pedal_throttle,rpm_swing_per_min,0.9210579122687322,153.0,,,-0.753406330276169,-0.1483054097316746
2026-07-13T23:23:52+00:00,garn_base,20.13,avcs,avcs_osc_per_min,1.1136974756190554,185.0,,,0.1431481375834757,-0.0137834182291995
2026-07-13T23:23:52+00:00,garn_base,20.13,timing_sum,fbkc_events_per_min,0.1444796725127423,24.0,,,0.0271605217611887,0.0543974361485776
2026-07-13T23:23:52+00:00,garn_base,20.13,timing_sum,flkc_events_per_min,0.0,0.0,,,-0.0426615093642013,-0.1656350797663673
2026-07-13T23:23:52+00:00,garn_base,20.13,timing_sum,total_knock_per_min,0.1444796725127423,,,,-0.0155009876030125,-0.1112376436177897
2026-07-13T23:23:52+00:00,garn_base,20.13,timing_sum,min_fbkc_depth,-2.8,,,,1.4000000000000004,4.2
2026-07-13T23:23:52+00:00,garn_base,20.13,timing_sum,timing_osc_per_min,0.7103583898543164,118.0,,,-0.2388601934991625,0.0013240133105684
2026-07-13T23:23:52+00:00,garn_base,20.13,wgdc,mean_target_attainment,0.954700570107872,,,37.0,0.1377535737347383,0.1253889747160212
2026-07-13T23:23:52+00:00,garn_base,20.13,wgdc,mean_peak_mrp,10.694864864864863,,,37.0,-2.24244942084942,0.8244481981981995
2026-07-13T23:23:52+00:00,garn_base,20.13,wgdc,wgdc_pegged_pulls,0.0,,,37.0,0.0,0.0
2026-07-13T23:23:52+00:00,garn_base,20.13,ol_fueling,afr_osc_per_min,1.0113577075891962,168.0,,,0.382100444467227,0.1076294653551567
2026-07-13T23:23:52+00:00,garn_base,20.13,ol_fueling,ffb_wbo2_div_per_min,1.998635469759602,332.0,,,-0.1984322624967651,-0.0529148164694395
2026-07-13T23:23:52+00:00,garn_base,20.13,ol_fueling,maf_corr_mean_pct,1.100560202997514,,96947.0,,2.4623893150910563,-0.7312964640671165
2026-07-13T23:23:52+00:00,garn_base,20.13,ol_fueling,maf_corr_mean_abs_pct,1.120532765325384,,96947.0,,-0.7370365442643363,-1.2726515098791216
2026-07-13T23:23:52+00:00,garn_base,20.13,cross_thread,stutter_signature_per_min,1.4508167114821209,241.0,,,-0.0636668709470253,0.0850537730576881
2026-07-13T23:23:52+00:00,garn_base,20.14,pedal_throttle,throttle_hunt_per_min,0.2602343904233745,58.0,,,-0.0917230618312862,-0.0046450091833197
2026-07-13T23:23:52+00:00,garn_base,20.14,pedal_throttle,rpm_swing_per_min,1.000556363179526,223.0,,,-0.6739078793653752,0.0794984509107937
2026-07-13T23:23:52+00:00,garn_base,20.14,avcs,avcs_osc_per_min,0.9691487643353256,216.0,,,-0.001400573700254,-0.1445487112837298
2026-07-13T23:23:52+00:00,garn_base,20.14,timing_sum,fbkc_events_per_min,0.1794719933954306,40.0,,,0.062152842643877,0.0349923208826883
2026-07-13T23:23:52+00:00,garn_base,20.14,timing_sum,flkc_events_per_min,0.3095891886071178,69.0,,,0.2669276792429165,0.3095891886071178
2026-07-13T23:23:52+00:00,garn_base,20.14,timing_sum,total_knock_per_min,0.4890611820025485,,,,0.3290805218867937,0.3445815094898062
2026-07-13T23:23:52+00:00,garn_base,20.14,timing_sum,min_fbkc_depth,-8.05,,,,-3.850000000000001,-5.250000000000001
2026-07-13T23:23:52+00:00,garn_base,20.14,timing_sum,timing_osc_per_min,0.6012311778746927,134.0,,,-0.3479874054787862,-0.1091272119796237
2026-07-13T23:23:52+00:00,garn_base,20.14,wgdc,mean_target_attainment,0.944667700613123,,,48.0,0.1277207042399893,-0.0100328694947489
2026-07-13T23:23:52+00:00,garn_base,20.14,wgdc,mean_peak_mrp,10.752291666666666,,,48.0,-2.1850226190476185,0.0574268018018013
2026-07-13T23:23:52+00:00,garn_base,20.14,wgdc,wgdc_pegged_pulls,0.0,,,48.0,0.0,0.0
2026-07-13T23:23:52+00:00,garn_base,20.14,ol_fueling,afr_osc_per_min,0.8390315691236383,187.0,,,0.2097743060016691,-0.1723261384655579
2026-07-13T23:23:52+00:00,garn_base,20.14,ol_fueling,ffb_wbo2_div_per_min,1.6825499380821625,375.0,,,-0.5145177941742047,-0.3160855316774396
2026-07-13T23:23:52+00:00,garn_base,20.14,ol_fueling,maf_corr_mean_pct,0.0337004610441018,,107365.0,,1.3955295731376438,-1.0668597419534125
2026-07-13T23:23:52+00:00,garn_base,20.14,ol_fueling,maf_corr_mean_abs_pct,0.676008289479812,,107365.0,,-1.1815610201099085,-0.4445244758455721
2026-07-13T23:23:52+00:00,garn_base,20.14,cross_thread,stutter_signature_per_min,1.1396471580609846,254.0,,,-0.3748364243681616,-0.3111695534211363
2026-07-13T23:23:52+00:00,garn_base,20.15,pedal_throttle,throttle_hunt_per_min,0.497039518825581,99.0,,,0.1450820665709202,0.2368051284022065
2026-07-13T23:23:52+00:00,garn_base,20.15,pedal_throttle,rpm_swing_per_min,1.2802533060658905,255.0,,,-0.3942109364790107,0.2796969428863645
2026-07-13T23:23:52+00:00,garn_base,20.15,avcs,avcs_osc_per_min,1.2953151096666655,258.0,,,0.3247657716310861,0.3261663453313401
2026-07-13T23:23:52+00:00,garn_base,20.15,timing_sum,fbkc_events_per_min,0.1757210420090438,35.0,,,0.0584018912574902,-0.0037509513863868
2026-07-13T23:23:52+00:00,garn_base,20.15,timing_sum,flkc_events_per_min,0.1054326252054262,21.0,,,0.0627711158412249,-0.2041565634016915
2026-07-13T23:23:52+00:00,garn_base,20.15,timing_sum,total_knock_per_min,0.28115366721447,,,,0.1211730070987151,-0.2079075147880785
2026-07-13T23:23:52+00:00,garn_base,20.15,timing_sum,min_fbkc_depth,-7.0,,,,-2.8,1.0500000000000007
2026-07-13T23:23:52+00:00,garn_base,20.15,timing_sum,timing_osc_per_min,0.7581107812390175,151.0,,,-0.1911078021144614,0.1568796033643248
2026-07-13T23:23:52+00:00,garn_base,20.15,wgdc,mean_target_attainment,0.8532658056878626,,,40.0,0.0363188093147289,-0.0914018949252604
2026-07-13T23:23:52+00:00,garn_base,20.15,wgdc,mean_peak_mrp,10.3926325,,,40.0,-2.544681785714284,-0.3596591666666651
2026-07-13T23:23:52+00:00,garn_base,20.15,wgdc,wgdc_pegged_pulls,0.0,,,40.0,0.0,0.0
2026-07-13T23:23:52+00:00,garn_base,20.15,ol_fueling,afr_osc_per_min,1.0894704604560714,217.0,,,0.4602131973341022,0.2504388913324331
2026-07-13T23:23:52+00:00,garn_base,20.15,ol_fueling,ffb_wbo2_div_per_min,2.3396001593204114,466.0,,,0.1425324270640442,0.657050221238249
2026-07-13T23:23:52+00:00,garn_base,20.15,ol_fueling,maf_corr_mean_pct,-0.5468435112588055,,115554.0,,0.8149856008347365,-0.5805439723029073
2026-07-13T23:23:52+00:00,garn_base,20.15,ol_fueling,maf_corr_mean_abs_pct,0.8200676324488984,,115554.0,,-1.037501677140822,0.1440593429690864
2026-07-13T23:23:52+00:00,garn_base,20.15,cross_thread,stutter_signature_per_min,1.7622310212906962,351.0,,,0.2477474388615499,0.6225838632297116
2026-07-13T23:23:52+00:00,garn_base,20.16,pedal_throttle,throttle_hunt_per_min,0.4420084865629419,20.0,,,0.0900510343082812,-0.055031032262639
2026-07-13T23:23:52+00:00,garn_base,20.16,pedal_throttle,rpm_swing_per_min,1.591230551626591,72.0,,,-0.0832336909183102,0.3109772455607005
2026-07-13T23:23:52+00:00,garn_base,20.16,avcs,avcs_osc_per_min,0.8619165487977368,39.0,,,-0.1086327892378428,-0.4333985608689289
2026-07-13T23:23:52+00:00,garn_base,20.16,timing_sum,fbkc_events_per_min,0.7956152758132955,36.0,,,0.6782961250617419,0.6198942338042517
2026-07-13T23:23:52+00:00,garn_base,20.16,timing_sum,flkc_events_per_min,0.0,0.0,,,-0.0426615093642013,-0.1054326252054262
2026-07-13T23:23:52+00:00,garn_base,20.16,timing_sum,total_knock_per_min,0.7956152758132955,,,,0.6356346156975407,0.5144616085988254
2026-07-13T23:23:52+00:00,garn_base,20.16,timing_sum,min_fbkc_depth,-11.8,,,,-7.6,-4.800000000000001
2026-07-13T23:23:52+00:00,garn_base,20.16,timing_sum,timing_osc_per_min,0.9503182461103252,43.0,,,0.0010996627568462,0.1922074648713077
2026-07-13T23:23:52+00:00,garn_base,20.16,wgdc,mean_target_attainment,0.7583286756572742,,,9.0,-0.0586183207158593,-0.0949371300305883
2026-07-13T23:23:52+00:00,garn_base,20.16,wgdc,mean_peak_mrp,13.106666666666667,,,9.0,0.1693523809523824,2.714034166666666
2026-07-13T23:23:52+00:00,garn_base,20.16,wgdc,wgdc_pegged_pulls,0.0,,,9.0,0.0,0.0
2026-07-13T23:23:52+00:00,garn_base,20.16,ol_fueling,afr_osc_per_min,0.7735148514851484,35.0,,,0.1442575883631792,-0.315955608970923
2026-07-13T23:23:52+00:00,garn_base,20.16,ol_fueling,ffb_wbo2_div_per_min,2.4310466760961806,110.0,,,0.2339789438398134,0.0914465167757692
2026-07-13T23:23:52+00:00,garn_base,20.16,ol_fueling,maf_corr_mean_pct,-1.831915357217683,,23865.0,,-0.470086245124141,-1.2850718459588777
2026-07-13T23:23:52+00:00,garn_base,20.16,ol_fueling,maf_corr_mean_abs_pct,1.8368916823800543,,23865.0,,-0.020677627209666,1.0168240499311558
2026-07-13T23:23:52+00:00,garn_base,20.16,cross_thread,stutter_signature_per_min,1.5249292786421498,69.0,,,0.0104456962130035,-0.2373017426485464
2026-07-13T23:23:52+00:00,garn_base,20.17,pedal_throttle,throttle_hunt_per_min,0.4267121826328142,28.0,,,0.0747547303781534,-0.0152963039301277
2026-07-13T23:23:52+00:00,garn_base,20.17,pedal_throttle,rpm_swing_per_min,1.8897253802310343,124.0,,,0.215261137686133,0.2984948286044433
2026-07-13T23:23:52+00:00,garn_base,20.17,avcs,avcs_osc_per_min,1.036301014965406,68.0,,,0.0657516769298263,0.1743844661676691
2026-07-13T23:23:52+00:00,garn_base,20.17,timing_sum,fbkc_events_per_min,0.1523972080831479,10.0,,,0.0350780573315943,-0.6432180677301476
2026-07-13T23:23:52+00:00,garn_base,20.17,timing_sum,flkc_events_per_min,0.0,0.0,,,-0.0426615093642013,0.0
2026-07-13T23:23:52+00:00,garn_base,20.17,timing_sum,total_knock_per_min,0.1523972080831479,,,,-0.0075834520326069,-0.6432180677301476
2026-07-13T23:23:52+00:00,garn_base,20.17,timing_sum,min_fbkc_depth,-2.8,,,,1.4000000000000004,9.0
2026-07-13T23:23:52+00:00,garn_base,20.17,timing_sum,timing_osc_per_min,0.5791093907159621,38.0,,,-0.3701091926375168,-0.3712088553943631
2026-07-13T23:23:52+00:00,garn_base,20.17,wgdc,mean_target_attainment,0.6138573194264672,,,6.0,-0.2030896769466664,-0.1444713562308071
2026-07-13T23:23:52+00:00,garn_base,20.17,wgdc,mean_peak_mrp,10.07,,,6.0,-2.8673142857142846,-3.036666666666667
2026-07-13T23:23:52+00:00,garn_base,20.17,wgdc,wgdc_pegged_pulls,0.0,,,6.0,0.0,0.0
2026-07-13T23:23:52+00:00,garn_base,20.17,ol_fueling,afr_osc_per_min,0.7010271571824804,46.0,,,0.0717698940605112,-0.072487694302668
2026-07-13T23:23:52+00:00,garn_base,20.17,ol_fueling,ffb_wbo2_div_per_min,1.981163705080923,130.0,,,-0.2159040271754442,-0.4498829710152576
2026-07-13T23:23:52+00:00,garn_base,20.17,ol_fueling,maf_corr_mean_pct,-1.0980585993330156,,20990.0,,0.2637705127605263,0.7338567578846673
2026-07-13T23:23:52+00:00,garn_base,20.17,ol_fueling,maf_corr_mean_abs_pct,1.1463978084802289,,20990.0,,-0.7111715011094917,-0.6904938738998256
2026-07-13T23:23:52+00:00,garn_base,20.17,cross_thread,stutter_signature_per_min,1.4325337559815905,94.0,,,-0.0819498264475557,-0.0923955226605592
2026-07-13T23:23:52+00:00,garn_base,20.17a,pedal_throttle,throttle_hunt_per_min,0.3716063096582249,217.0,,,0.0196488574035642,-0.0551058729745892
2026-07-13T23:23:52+00:00,garn_base,20.17a,pedal_throttle,rpm_swing_per_min,0.9692588537629278,566.0,,,-0.7052053887819735,-0.9204665264681066
2026-07-13T23:23:52+00:00,garn_base,20.17a,avcs,avcs_osc_per_min,1.1028316286631192,644.0,,,0.1322822906275396,0.0665306136977132
2026-07-13T23:23:52+00:00,garn_base,20.17a,timing_sum,fbkc_events_per_min,0.3579065378735899,209.0,,,0.2405873871220363,0.205509329790442
2026-07-13T23:23:52+00:00,garn_base,20.17a,timing_sum,flkc_events_per_min,0.2380335347580335,139.0,,,0.1953720253938322,0.2380335347580335
2026-07-13T23:23:52+00:00,garn_base,20.17a,timing_sum,total_knock_per_min,0.5959400726316234,,,,0.4359594125158685,0.4435428645484754
2026-07-13T23:23:52+00:00,garn_base,20.17a,timing_sum,min_fbkc_depth,-11.8,,,,-7.6,-9.0
2026-07-13T23:23:52+00:00,garn_base,20.17a,timing_sum,timing_osc_per_min,0.6952634180702273,406.0,,,-0.2539551652832517,0.1161540273542651
2026-07-13T23:23:52+00:00,garn_base,20.17a,wgdc,mean_target_attainment,0.6413366114975961,,,133.0,-0.1756103848755374,0.0274792920711289
2026-07-13T23:23:52+00:00,garn_base,20.17a,wgdc,mean_peak_mrp,10.758872180451128,,,133.0,-2.178442105263157,0.6888721804511277
2026-07-13T23:23:52+00:00,garn_base,20.17a,wgdc,wgdc_pegged_pulls,0.0,,,133.0,0.0,0.0
2026-07-13T23:23:52+00:00,garn_base,20.17a,ol_fueling,afr_osc_per_min,0.919597181043626,537.0,,,0.2903399179216567,0.2185700238611454
2026-07-13T23:23:52+00:00,garn_base,20.17a,ol_fueling,ffb_wbo2_div_per_min,2.0464034103298565,1195.0,,,-0.1506643219265107,0.0652397052489335
2026-07-13T23:23:52+00:00,garn_base,20.17a,ol_fueling,maf_corr_mean_pct,-0.6862652880126549,,233271.0,,0.6755638240808871,0.4117933113203608
2026-07-13T23:23:52+00:00,garn_base,20.17a,ol_fueling,maf_corr_mean_abs_pct,0.8728036918433925,,233271.0,,-0.984765617746328,-0.2735941166368362
2026-07-13T23:23:52+00:00,garn_base,20.17a,cross_thread,stutter_signature_per_min,1.4590256950636298,852.0,,,-0.0554578873655164,0.0264919390820392
2026-07-13T23:23:52+00:00,garn_base,20.18,pedal_throttle,throttle_hunt_per_min,0.4165704413308037,190.0,,,0.0646129890761429,0.0449641316725787
2026-07-13T23:23:52+00:00,garn_base,20.18,pedal_throttle,rpm_swing_per_min,1.1685897117332549,533.0,,,-0.5058745308116466,0.1993308579703269
2026-07-13T23:23:52+00:00,garn_base,20.18,avcs,avcs_osc_per_min,1.6728591933442276,763.0,,,0.702309855308648,0.5700275646811084
2026-07-13T23:23:52+00:00,garn_base,20.18,timing_sum,fbkc_events_per_min,0.3442187330996641,157.0,,,0.2268995823481105,-0.0136878047739258
2026-07-13T23:23:52+00:00,garn_base,20.18,timing_sum,flkc_events_per_min,1.1510499036772208,525.0,,,1.1083883943130195,0.9130163689191874
2026-07-13T23:23:52+00:00,garn_base,20.18,timing_sum,total_knock_per_min,1.495268636776885,,,,1.33528797666113,0.8993285641452616
2026-07-13T23:23:52+00:00,garn_base,20.18,timing_sum,min_fbkc_depth,-11.8,,,,-7.6,0.0
2026-07-13T23:23:52+00:00,garn_base,20.18,timing_sum,timing_osc_per_min,0.9690743950958696,442.0,,,0.0198558117423907,0.2738109770256424
2026-07-13T23:23:52+00:00,garn_base,20.18,wgdc,mean_target_attainment,0.6510269688660338,,,74.0,-0.1659200275070997,0.0096903573684377
2026-07-13T23:23:52+00:00,garn_base,20.18,wgdc,mean_peak_mrp,10.924036486486486,,,74.0,-2.013277799227799,0.1651643060353578
2026-07-13T23:23:52+00:00,garn_base,20.18,wgdc,wgdc_pegged_pulls,0.0,,,74.0,0.0,0.0
2026-07-13T23:23:52+00:00,garn_base,20.18,ol_fueling,afr_osc_per_min,1.0896605754811024,497.0,,,0.4604033123591332,0.1700633944374765
2026-07-13T23:23:52+00:00,garn_base,20.18,ol_fueling,ffb_wbo2_div_per_min,2.565196928194949,1170.0,,,0.3681291959385819,0.5187935178650926
2026-07-13T23:23:52+00:00,garn_base,20.18,ol_fueling,maf_corr_mean_pct,-1.5578152589319856,,235390.0,,-0.1959861468384436,-0.8715499709193307
2026-07-13T23:23:52+00:00,garn_base,20.18,ol_fueling,maf_corr_mean_abs_pct,1.627248685160797,,235390.0,,-0.2303206244289233,0.7544449933174046
2026-07-13T23:23:52+00:00,garn_base,20.18,cross_thread,stutter_signature_per_min,1.8351024178625408,837.0,,,0.3206188354333943,0.3760767227989108
2026-07-16T22:47:30+00:00,garn_base,garn_base,pedal_throttle,throttle_hunt_per_min,0.3519574522546607,33.0,,,0.0,
2026-07-16T22:47:30+00:00,garn_base,garn_base,pedal_throttle,rpm_swing_per_min,1.6744642425449012,157.0,,,0.0,
2026-07-16T22:47:30+00:00,garn_base,garn_base,avcs,avcs_osc_per_min,0.9705493380355796,91.0,,,0.0,
2026-07-16T22:47:30+00:00,garn_base,garn_base,timing_sum,fbkc_events_per_min,0.1173191507515535,11.0,,,0.0,
2026-07-16T22:47:30+00:00,garn_base,garn_base,timing_sum,flkc_events_per_min,0.0426615093642013,4.0,,,0.0,
2026-07-16T22:47:30+00:00,garn_base,garn_base,timing_sum,total_knock_per_min,0.1599806601157548,,,,0.0,
2026-07-16T22:47:30+00:00,garn_base,garn_base,timing_sum,min_fbkc_depth,-4.2,,,,0.0,
2026-07-16T22:47:30+00:00,garn_base,garn_base,timing_sum,timing_osc_per_min,0.949218583353479,89.0,,,0.0,
2026-07-16T22:47:30+00:00,garn_base,garn_base,wgdc,mean_target_attainment,0.8169469963731336,,,7.0,0.0,
2026-07-16T22:47:30+00:00,garn_base,garn_base,wgdc,mean_peak_mrp,12.937314285714285,,,7.0,0.0,
2026-07-16T22:47:30+00:00,garn_base,garn_base,wgdc,wgdc_pegged_pulls,0.0,,,7.0,0.0,
2026-07-16T22:47:30+00:00,garn_base,garn_base,ol_fueling,afr_osc_per_min,0.6292572631219692,59.0,,,0.0,
2026-07-16T22:47:30+00:00,garn_base,garn_base,ol_fueling,ffb_wbo2_div_per_min,2.197067732256367,206.0,,,0.0,
2026-07-16T22:47:30+00:00,garn_base,garn_base,ol_fueling,maf_corr_mean_pct,-1.361829112093542,,48406.0,,0.0,
2026-07-16T22:47:30+00:00,garn_base,garn_base,ol_fueling,maf_corr_mean_abs_pct,1.8575693095897203,,48406.0,,0.0,
2026-07-16T22:47:30+00:00,garn_base,garn_base,cross_thread,stutter_signature_per_min,1.5144835824291465,142.0,,,0.0,
2026-07-16T22:47:30+00:00,garn_base,20.7,pedal_throttle,throttle_hunt_per_min,0.2077667606966098,41.0,,,-0.1441906915580509,-0.1441906915580509
2026-07-16T22:47:30+00:00,garn_base,20.7,pedal_throttle,rpm_swing_per_min,1.1199135149744093,221.0,,,-0.554550727570492,-0.554550727570492
2026-07-16T22:47:30+00:00,garn_base,20.7,avcs,avcs_osc_per_min,1.1047110690697792,218.0,,,0.1341617310341996,0.1341617310341996
2026-07-16T22:47:30+00:00,garn_base,20.7,timing_sum,fbkc_events_per_min,0.1976317967601898,39.0,,,0.0803126460086362,0.0803126460086362
2026-07-16T22:47:30+00:00,garn_base,20.7,timing_sum,flkc_events_per_min,0.0,0.0,,,-0.0426615093642013,-0.0426615093642013
2026-07-16T22:47:30+00:00,garn_base,20.7,timing_sum,total_knock_per_min,0.1976317967601898,,,,0.0376511366444349,0.0376511366444349
2026-07-16T22:47:30+00:00,garn_base,20.7,timing_sum,min_fbkc_depth,-9.45,,,,-5.249999999999999,-5.249999999999999
2026-07-16T22:47:30+00:00,garn_base,20.7,timing_sum,timing_osc_per_min,1.0286988395466292,203.0,,,0.0794802561931502,0.0794802561931502
2026-07-16T22:47:30+00:00,garn_base,20.7,wgdc,mean_target_attainment,0.7155336009521309,,,11.0,-0.1014133954210027,-0.1014133954210027
2026-07-16T22:47:30+00:00,garn_base,20.7,wgdc,mean_peak_mrp,8.492345454545456,,,11.0,-4.444968831168829,-4.444968831168829
2026-07-16T22:47:30+00:00,garn_base,20.7,wgdc,wgdc_pegged_pulls,0.0,,,11.0,0.0,0.0
2026-07-16T22:47:30+00:00,garn_base,20.7,ol_fueling,afr_osc_per_min,0.6739751017719295,133.0,,,0.0447178386499603,0.0447178386499603
2026-07-16T22:47:30+00:00,garn_base,20.7,ol_fueling,ffb_wbo2_div_per_min,2.077667606966098,410.0,,,-0.1194001252902685,-0.1194001252902685
2026-07-16T22:47:30+00:00,garn_base,20.7,ol_fueling,maf_corr_mean_pct,2.261221591094371,,122664.0,,3.623050703187913,3.623050703187913
2026-07-16T22:47:30+00:00,garn_base,20.7,ol_fueling,maf_corr_mean_abs_pct,2.435605541560686,,122664.0,,0.5780362319709655,0.5780362319709655
2026-07-16T22:47:30+00:00,garn_base,20.7,cross_thread,stutter_signature_per_min,1.4036925051941689,277.0,,,-0.1107910772349773,-0.1107910772349773
2026-07-16T22:47:30+00:00,garn_base,20.8,pedal_throttle,throttle_hunt_per_min,0.3619609867786033,43.0,,,0.0100035345239425,0.1541942260819934
2026-07-16T22:47:30+00:00,garn_base,20.8,pedal_throttle,rpm_swing_per_min,1.4562616444813576,173.0,,,-0.2182025980635435,0.3363481295069483
2026-07-16T22:47:30+00:00,garn_base,20.8,avcs,avcs_osc_per_min,1.1868953287391413,141.0,,,0.2163459907035616,0.082184259669362
2026-07-16T22:47:30+00:00,garn_base,20.8,timing_sum,fbkc_events_per_min,0.1431008552380525,17.0,,,0.0257817044864989,-0.0545309415221373
2026-07-16T22:47:30+00:00,garn_base,20.8,timing_sum,flkc_events_per_min,0.033670789467777,4.0,,,-0.0089907198964242,0.033670789467777
2026-07-16T22:47:30+00:00,garn_base,20.8,timing_sum,total_knock_per_min,0.1767716447058295,,,,0.0167909845900746,-0.0208601520543603
2026-07-16T22:47:30+00:00,garn_base,20.8,timing_sum,min_fbkc_depth,-4.2,,,,0.0,5.249999999999999
2026-07-16T22:47:30+00:00,garn_base,20.8,timing_sum,timing_osc_per_min,1.119553749803587,133.0,,,0.170335166450108,0.0908549102569578
2026-07-16T22:47:30+00:00,garn_base,20.8,wgdc,mean_target_attainment,0.831825968983463,,,12.0,0.0148789726103293,0.116292368031332
2026-07-16T22:47:30+00:00,garn_base,20.8,wgdc,mean_peak_mrp,12.8,,,12.0,-0.1373142857142859,4.307654545454543
2026-07-16T22:47:30+00:00,garn_base,20.8,wgdc,wgdc_pegged_pulls,0.0,,,12.0,0.0,0.0
2026-07-16T22:47:30+00:00,garn_base,20.8,ol_fueling,afr_osc_per_min,1.0774652629688657,128.0,,,0.4482079998468965,0.4034901611969361
2026-07-16T22:47:30+00:00,garn_base,20.8,ol_fueling,ffb_wbo2_div_per_min,2.7610047363577186,328.0,,,0.5639370041013514,0.68333712939162
2026-07-16T22:47:30+00:00,garn_base,20.8,ol_fueling,maf_corr_mean_pct,-1.7333832306534345,,71744.0,,-0.3715541185598925,-3.9946048217478056
2026-07-16T22:47:30+00:00,garn_base,20.8,ol_fueling,maf_corr_mean_abs_pct,1.8462282518398747,,71744.0,,-0.0113410577498456,-0.5893772897208112
2026-07-16T22:47:30+00:00,garn_base,20.8,cross_thread,stutter_signature_per_min,1.9949942759657904,237.0,,,0.4805106935366443,0.5913017707716217
2026-07-16T22:47:30+00:00,garn_base,20.9,pedal_throttle,throttle_hunt_per_min,0.2395145837768788,21.0,,,-0.1124428684777819,-0.1224464030017244
2026-07-16T22:47:30+00:00,garn_base,20.9,pedal_throttle,rpm_swing_per_min,0.9010310532558776,79.0,,,-0.7734331892890236,-0.55523059122548
2026-07-16T22:47:30+00:00,garn_base,20.9,avcs,avcs_osc_per_min,1.0493019860701358,92.0,,,0.0787526480345561,-0.1375933426690054
2026-07-16T22:47:30+00:00,garn_base,20.9,timing_sum,fbkc_events_per_min,0.0570272818516378,5.0,,,-0.0602918688999157,-0.0860735733864146
2026-07-16T22:47:30+00:00,garn_base,20.9,timing_sum,flkc_events_per_min,0.0,0.0,,,-0.0426615093642013,-0.033670789467777
2026-07-16T22:47:30+00:00,garn_base,20.9,timing_sum,total_knock_per_min,0.0570272818516378,,,,-0.102953378264117,-0.1197443628541917
2026-07-16T22:47:30+00:00,garn_base,20.9,timing_sum,min_fbkc_depth,-2.8,,,,1.4000000000000004,1.4000000000000004
2026-07-16T22:47:30+00:00,garn_base,20.9,timing_sum,timing_osc_per_min,0.9466528787371878,83.0,,,-0.0025657046162911,-0.1729008710663991
2026-07-16T22:47:30+00:00,garn_base,20.9,wgdc,mean_target_attainment,0.5896524232109547,,,11.0,-0.2272945731621789,-0.2421735457725082
2026-07-16T22:47:30+00:00,garn_base,20.9,wgdc,mean_peak_mrp,8.940772727272728,,,11.0,-3.9965415584415567,-3.859227272727271
2026-07-16T22:47:30+00:00,garn_base,20.9,wgdc,wgdc_pegged_pulls,0.0,,,11.0,0.0,0.0
2026-07-16T22:47:30+00:00,garn_base,20.9,ol_fueling,afr_osc_per_min,0.5360564494053955,47.0,,,-0.0932008137165736,-0.5414088135634701
2026-07-16T22:47:30+00:00,garn_base,20.9,ol_fueling,ffb_wbo2_div_per_min,1.6994129991788072,149.0,,,-0.49765473307756,-1.0615917371789114
2026-07-16T22:47:30+00:00,garn_base,20.9,ol_fueling,maf_corr_mean_pct,-1.017067829789973,,46613.0,,0.3447612823035693,0.7163154008634618
2026-07-16T22:47:30+00:00,garn_base,20.9,ol_fueling,maf_corr_mean_abs_pct,1.3385986559543477,,46613.0,,-0.5189706536353729,-0.5076295958855273
2026-07-16T22:47:30+00:00,garn_base,20.9,cross_thread,stutter_signature_per_min,1.1291401806624288,99.0,,,-0.3853434017667174,-0.8658540953033618
2026-07-16T22:47:30+00:00,garn_base,20.10,pedal_throttle,throttle_hunt_per_min,0.3037199620957487,25.0,,,-0.048237490158912,0.0642053783188698
2026-07-16T22:47:30+00:00,garn_base,20.10,pedal_throttle,rpm_swing_per_min,1.6036413998655532,132.0,,,-0.070822842679348,0.7026103466096756
2026-07-16T22:47:30+00:00,garn_base,20.10,avcs,avcs_osc_per_min,0.935457483254906,77.0,,,-0.0350918547806735,-0.1138445028152297
2026-07-16T22:47:30+00:00,garn_base,20.10,timing_sum,fbkc_events_per_min,0.218678372708939,18.0,,,0.1013592219573855,0.1616510908573012
2026-07-16T22:47:30+00:00,garn_base,20.10,timing_sum,flkc_events_per_min,0.0,0.0,,,-0.0426615093642013,0.0
2026-07-16T22:47:30+00:00,garn_base,20.10,timing_sum,total_knock_per_min,0.218678372708939,,,,0.0586977125931842,0.1616510908573012
2026-07-16T22:47:30+00:00,garn_base,20.10,timing_sum,min_fbkc_depth,-7.0,,,,-2.8,-4.2
2026-07-16T22:47:30+00:00,garn_base,20.10,timing_sum,timing_osc_per_min,0.5709935287400075,47.0,,,-0.3782250546134714,-0.3756593499971803
2026-07-16T22:47:30+00:00,garn_base,20.10,wgdc,mean_target_attainment,0.7285170880655274,,,6.0,-0.0884299083076062,0.1388646648545727
2026-07-16T22:47:30+00:00,garn_base,20.10,wgdc,mean_peak_mrp,11.253333333333336,,,6.0,-1.6839809523809492,2.3125606060606074
2026-07-16T22:47:30+00:00,garn_base,20.10,wgdc,wgdc_pegged_pulls,0.0,,,6.0,0.0,0.0
2026-07-16T22:47:30+00:00,garn_base,20.10,ol_fueling,afr_osc_per_min,0.7532255059974567,62.0,,,0.1239682428754875,0.2171690565920612
2026-07-16T22:47:30+00:00,garn_base,20.10,ol_fueling,ffb_wbo2_div_per_min,1.919510160445132,158.0,,,-0.2775575718112353,0.2200971612663247
2026-07-16T22:47:30+00:00,garn_base,20.10,ol_fueling,maf_corr_mean_pct,-1.9156069866694767,,37958.0,,-0.5537778745759347,-0.898539156879504
2026-07-16T22:47:30+00:00,garn_base,20.10,ol_fueling,maf_corr_mean_abs_pct,1.9409307655830128,,37958.0,,0.0833614559932922,0.6023321096286651
2026-07-16T22:47:30+00:00,garn_base,20.10,cross_thread,stutter_signature_per_min,1.3606654301889545,112.0,,,-0.153818152240192,0.2315252495265254
2026-07-16T22:47:30+00:00,garn_base,20.11,pedal_throttle,throttle_hunt_per_min,0.4962131104727083,38.0,,,0.1442556582180475,0.1924931483769595
2026-07-16T22:47:30+00:00,garn_base,20.11,pedal_throttle,rpm_swing_per_min,2.376599634369287,182.0,,,0.7021353918243858,0.7729582345037338
2026-07-16T22:47:30+00:00,garn_base,20.11,avcs,avcs_osc_per_min,1.3188822146774617,101.0,,,0.3483328766418818,0.3834247314225554
2026-07-16T22:47:30+00:00,garn_base,20.11,timing_sum,fbkc_events_per_min,0.3003395142334813,23.0,,,0.1830203634819277,0.0816611415245422
2026-07-16T22:47:30+00:00,garn_base,20.11,timing_sum,flkc_events_per_min,0.3395142334813267,26.0,,,0.2968527241171254,0.3395142334813267
2026-07-16T22:47:30+00:00,garn_base,20.11,timing_sum,total_knock_per_min,0.6398537477148081,,,,0.4798730875990532,0.421175375005869
2026-07-16T22:47:30+00:00,garn_base,20.11,timing_sum,min_fbkc_depth,-4.2,,,,0.0,2.8
2026-07-16T22:47:30+00:00,garn_base,20.11,timing_sum,timing_osc_per_min,0.8749020632018804,67.0,,,-0.0743165201515986,0.3039085344618728
2026-07-16T22:47:30+00:00,garn_base,20.11,wgdc,mean_target_attainment,0.7676399339712541,,,20.0,-0.0493070624018795,0.0391228459057266
2026-07-16T22:47:30+00:00,garn_base,20.11,wgdc,mean_peak_mrp,13.5645,,,20.0,0.6271857142857158,2.311166666666665
2026-07-16T22:47:30+00:00,garn_base,20.11,wgdc,wgdc_pegged_pulls,0.0,,,20.0,0.0,0.0
2026-07-16T22:47:30+00:00,garn_base,20.11,ol_fueling,afr_osc_per_min,1.2013580569339253,92.0,,,0.5721007938119561,0.4481325509364685
2026-07-16T22:47:30+00:00,garn_base,20.11,ol_fueling,ffb_wbo2_div_per_min,2.8075215460955865,215.0,,,0.6104538138392193,0.8880113856504546
2026-07-16T22:47:30+00:00,garn_base,20.11,ol_fueling,maf_corr_mean_pct,-1.0785863660127748,,43993.0,,0.2832427460807671,0.8370206206567019
2026-07-16T22:47:30+00:00,garn_base,20.11,ol_fueling,maf_corr_mean_abs_pct,1.4322658150160257,,43993.0,,-0.4253034945736949,-0.5086649505669871
2026-07-16T22:47:30+00:00,garn_base,20.11,cross_thread,stutter_signature_per_min,1.893444763645861,145.0,,,0.3789611812167144,0.5327793334569064
2026-07-16T22:47:30+00:00,garn_base,20.12,pedal_throttle,throttle_hunt_per_min,0.2266585302066079,78.0,,,-0.1252989220480527,-0.2695545802661003
2026-07-16T22:47:30+00:00,garn_base,20.12,pedal_throttle,rpm_swing_per_min,1.0693633220004068,368.0,,,-0.6051009205444944,-1.3072363123688802
2026-07-16T22:47:30+00:00,garn_base,20.12,avcs,avcs_osc_per_min,1.127480893848255,388.0,,,0.1569315558126753,-0.1914013208292064
2026-07-16T22:47:30+00:00,garn_base,20.12,timing_sum,fbkc_events_per_min,0.0900822363641647,31.0,,,-0.0272369143873888,-0.2102572778693166
2026-07-16T22:47:30+00:00,garn_base,20.12,timing_sum,flkc_events_per_min,0.1656350797663673,57.0,,,0.122973570402166,-0.1738791537149593
2026-07-16T22:47:30+00:00,garn_base,20.12,timing_sum,total_knock_per_min,0.255717316130532,,,,0.0957366560147771,-0.384136431584276
2026-07-16T22:47:30+00:00,garn_base,20.12,timing_sum,min_fbkc_depth,-7.0,,,,-2.8,-2.8
2026-07-16T22:47:30+00:00,garn_base,20.12,timing_sum,timing_osc_per_min,0.709034376543748,244.0,,,-0.2401842068097309,-0.1658676866581323
2026-07-16T22:47:30+00:00,garn_base,20.12,wgdc,mean_target_attainment,0.8293115953918506,,,72.0,0.012364599018717,0.0616716614205965
2026-07-16T22:47:30+00:00,garn_base,20.12,wgdc,mean_peak_mrp,9.870416666666666,,,72.0,-3.06689761904762,-3.694083333333335
2026-07-16T22:47:30+00:00,garn_base,20.12,wgdc,wgdc_pegged_pulls,0.0,,,72.0,0.0,0.0
2026-07-16T22:47:30+00:00,garn_base,20.12,ol_fueling,afr_osc_per_min,0.9037282422340396,311.0,,,0.2744709791120703,-0.2976298146998858
2026-07-16T22:47:30+00:00,garn_base,20.12,ol_fueling,ffb_wbo2_div_per_min,2.0515502862290416,706.0,,,-0.1455174460273256,-0.7559712598665449
2026-07-16T22:47:30+00:00,garn_base,20.12,ol_fueling,maf_corr_mean_pct,1.8318566670646304,,242903.0,,3.1936857791581725,2.9104430330774056
2026-07-16T22:47:30+00:00,garn_base,20.12,ol_fueling,maf_corr_mean_abs_pct,2.3931842752045056,,242903.0,,0.5356149656147853,0.9609184601884802
2026-07-16T22:47:30+00:00,garn_base,20.12,cross_thread,stutter_signature_per_min,1.3657629384244327,470.0,,,-0.1487206440047135,-0.5276818252214279
2026-07-16T22:47:30+00:00,garn_base,20.13,pedal_throttle,throttle_hunt_per_min,0.2648793996066942,44.0,,,-0.0870780526479664,0.0382208694000862
2026-07-16T22:47:30+00:00,garn_base,20.13,pedal_throttle,rpm_swing_per_min,0.9210579122687322,153.0,,,-0.753406330276169,-0.1483054097316746
2026-07-16T22:47:30+00:00,garn_base,20.13,avcs,avcs_osc_per_min,1.1136974756190554,185.0,,,0.1431481375834757,-0.0137834182291995
2026-07-16T22:47:30+00:00,garn_base,20.13,timing_sum,fbkc_events_per_min,0.1444796725127423,24.0,,,0.0271605217611887,0.0543974361485776
2026-07-16T22:47:30+00:00,garn_base,20.13,timing_sum,flkc_events_per_min,0.0,0.0,,,-0.0426615093642013,-0.1656350797663673
2026-07-16T22:47:30+00:00,garn_base,20.13,timing_sum,total_knock_per_min,0.1444796725127423,,,,-0.0155009876030125,-0.1112376436177897
2026-07-16T22:47:30+00:00,garn_base,20.13,timing_sum,min_fbkc_depth,-2.8,,,,1.4000000000000004,4.2
2026-07-16T22:47:30+00:00,garn_base,20.13,timing_sum,timing_osc_per_min,0.7103583898543164,118.0,,,-0.2388601934991625,0.0013240133105684
2026-07-16T22:47:30+00:00,garn_base,20.13,wgdc,mean_target_attainment,0.954700570107872,,,37.0,0.1377535737347383,0.1253889747160212
2026-07-16T22:47:30+00:00,garn_base,20.13,wgdc,mean_peak_mrp,10.694864864864863,,,37.0,-2.24244942084942,0.8244481981981995
2026-07-16T22:47:30+00:00,garn_base,20.13,wgdc,wgdc_pegged_pulls,0.0,,,37.0,0.0,0.0
2026-07-16T22:47:30+00:00,garn_base,20.13,ol_fueling,afr_osc_per_min,1.0113577075891962,168.0,,,0.382100444467227,0.1076294653551567
2026-07-16T22:47:30+00:00,garn_base,20.13,ol_fueling,ffb_wbo2_div_per_min,1.998635469759602,332.0,,,-0.1984322624967651,-0.0529148164694395
2026-07-16T22:47:30+00:00,garn_base,20.13,ol_fueling,maf_corr_mean_pct,1.100560202997514,,96947.0,,2.4623893150910563,-0.7312964640671165
2026-07-16T22:47:30+00:00,garn_base,20.13,ol_fueling,maf_corr_mean_abs_pct,1.120532765325384,,96947.0,,-0.7370365442643363,-1.2726515098791216
2026-07-16T22:47:30+00:00,garn_base,20.13,cross_thread,stutter_signature_per_min,1.4508167114821209,241.0,,,-0.0636668709470253,0.0850537730576881
2026-07-16T22:47:30+00:00,garn_base,20.14,pedal_throttle,throttle_hunt_per_min,0.2602343904233745,58.0,,,-0.0917230618312862,-0.0046450091833197
2026-07-16T22:47:30+00:00,garn_base,20.14,pedal_throttle,rpm_swing_per_min,1.000556363179526,223.0,,,-0.6739078793653752,0.0794984509107937
2026-07-16T22:47:30+00:00,garn_base,20.14,avcs,avcs_osc_per_min,0.9691487643353256,216.0,,,-0.001400573700254,-0.1445487112837298
2026-07-16T22:47:30+00:00,garn_base,20.14,timing_sum,fbkc_events_per_min,0.1794719933954306,40.0,,,0.062152842643877,0.0349923208826883
2026-07-16T22:47:30+00:00,garn_base,20.14,timing_sum,flkc_events_per_min,0.3095891886071178,69.0,,,0.2669276792429165,0.3095891886071178
2026-07-16T22:47:30+00:00,garn_base,20.14,timing_sum,total_knock_per_min,0.4890611820025485,,,,0.3290805218867937,0.3445815094898062
2026-07-16T22:47:30+00:00,garn_base,20.14,timing_sum,min_fbkc_depth,-8.05,,,,-3.850000000000001,-5.250000000000001
2026-07-16T22:47:30+00:00,garn_base,20.14,timing_sum,timing_osc_per_min,0.6012311778746927,134.0,,,-0.3479874054787862,-0.1091272119796237
2026-07-16T22:47:30+00:00,garn_base,20.14,wgdc,mean_target_attainment,0.944667700613123,,,48.0,0.1277207042399893,-0.0100328694947489
2026-07-16T22:47:30+00:00,garn_base,20.14,wgdc,mean_peak_mrp,10.752291666666666,,,48.0,-2.1850226190476185,0.0574268018018013
2026-07-16T22:47:30+00:00,garn_base,20.14,wgdc,wgdc_pegged_pulls,0.0,,,48.0,0.0,0.0
2026-07-16T22:47:30+00:00,garn_base,20.14,ol_fueling,afr_osc_per_min,0.8390315691236383,187.0,,,0.2097743060016691,-0.1723261384655579
2026-07-16T22:47:30+00:00,garn_base,20.14,ol_fueling,ffb_wbo2_div_per_min,1.6825499380821625,375.0,,,-0.5145177941742047,-0.3160855316774396
2026-07-16T22:47:30+00:00,garn_base,20.14,ol_fueling,maf_corr_mean_pct,0.0337004610441018,,107365.0,,1.3955295731376438,-1.0668597419534125
2026-07-16T22:47:30+00:00,garn_base,20.14,ol_fueling,maf_corr_mean_abs_pct,0.676008289479812,,107365.0,,-1.1815610201099085,-0.4445244758455721
2026-07-16T22:47:30+00:00,garn_base,20.14,cross_thread,stutter_signature_per_min,1.1396471580609846,254.0,,,-0.3748364243681616,-0.3111695534211363
2026-07-16T22:47:30+00:00,garn_base,20.15,pedal_throttle,throttle_hunt_per_min,0.497039518825581,99.0,,,0.1450820665709202,0.2368051284022065
2026-07-16T22:47:30+00:00,garn_base,20.15,pedal_throttle,rpm_swing_per_min,1.2802533060658905,255.0,,,-0.3942109364790107,0.2796969428863645
2026-07-16T22:47:30+00:00,garn_base,20.15,avcs,avcs_osc_per_min,1.2953151096666655,258.0,,,0.3247657716310861,0.3261663453313401
2026-07-16T22:47:30+00:00,garn_base,20.15,timing_sum,fbkc_events_per_min,0.1757210420090438,35.0,,,0.0584018912574902,-0.0037509513863868
2026-07-16T22:47:30+00:00,garn_base,20.15,timing_sum,flkc_events_per_min,0.1054326252054262,21.0,,,0.0627711158412249,-0.2041565634016915
2026-07-16T22:47:30+00:00,garn_base,20.15,timing_sum,total_knock_per_min,0.28115366721447,,,,0.1211730070987151,-0.2079075147880785
2026-07-16T22:47:30+00:00,garn_base,20.15,timing_sum,min_fbkc_depth,-7.0,,,,-2.8,1.0500000000000007
2026-07-16T22:47:30+00:00,garn_base,20.15,timing_sum,timing_osc_per_min,0.7581107812390175,151.0,,,-0.1911078021144614,0.1568796033643248
2026-07-16T22:47:30+00:00,garn_base,20.15,wgdc,mean_target_attainment,0.8532658056878626,,,40.0,0.0363188093147289,-0.0914018949252604
2026-07-16T22:47:30+00:00,garn_base,20.15,wgdc,mean_peak_mrp,10.3926325,,,40.0,-2.544681785714284,-0.3596591666666651
2026-07-16T22:47:30+00:00,garn_base,20.15,wgdc,wgdc_pegged_pulls,0.0,,,40.0,0.0,0.0
2026-07-16T22:47:30+00:00,garn_base,20.15,ol_fueling,afr_osc_per_min,1.0894704604560714,217.0,,,0.4602131973341022,0.2504388913324331
2026-07-16T22:47:30+00:00,garn_base,20.15,ol_fueling,ffb_wbo2_div_per_min,2.3396001593204114,466.0,,,0.1425324270640442,0.657050221238249
2026-07-16T22:47:30+00:00,garn_base,20.15,ol_fueling,maf_corr_mean_pct,-0.5468435112588055,,115554.0,,0.8149856008347365,-0.5805439723029073
2026-07-16T22:47:30+00:00,garn_base,20.15,ol_fueling,maf_corr_mean_abs_pct,0.8200676324488984,,115554.0,,-1.037501677140822,0.1440593429690864
2026-07-16T22:47:30+00:00,garn_base,20.15,cross_thread,stutter_signature_per_min,1.7622310212906962,351.0,,,0.2477474388615499,0.6225838632297116
2026-07-16T22:47:30+00:00,garn_base,20.16,pedal_throttle,throttle_hunt_per_min,0.4420084865629419,20.0,,,0.0900510343082812,-0.055031032262639
2026-07-16T22:47:30+00:00,garn_base,20.16,pedal_throttle,rpm_swing_per_min,1.591230551626591,72.0,,,-0.0832336909183102,0.3109772455607005
2026-07-16T22:47:30+00:00,garn_base,20.16,avcs,avcs_osc_per_min,0.8619165487977368,39.0,,,-0.1086327892378428,-0.4333985608689289
2026-07-16T22:47:30+00:00,garn_base,20.16,timing_sum,fbkc_events_per_min,0.7956152758132955,36.0,,,0.6782961250617419,0.6198942338042517
2026-07-16T22:47:30+00:00,garn_base,20.16,timing_sum,flkc_events_per_min,0.0,0.0,,,-0.0426615093642013,-0.1054326252054262
2026-07-16T22:47:30+00:00,garn_base,20.16,timing_sum,total_knock_per_min,0.7956152758132955,,,,0.6356346156975407,0.5144616085988254
2026-07-16T22:47:30+00:00,garn_base,20.16,timing_sum,min_fbkc_depth,-11.8,,,,-7.6,-4.800000000000001
2026-07-16T22:47:30+00:00,garn_base,20.16,timing_sum,timing_osc_per_min,0.9503182461103252,43.0,,,0.0010996627568462,0.1922074648713077
2026-07-16T22:47:30+00:00,garn_base,20.16,wgdc,mean_target_attainment,0.7583286756572742,,,9.0,-0.0586183207158593,-0.0949371300305883
2026-07-16T22:47:30+00:00,garn_base,20.16,wgdc,mean_peak_mrp,13.106666666666667,,,9.0,0.1693523809523824,2.714034166666666
2026-07-16T22:47:30+00:00,garn_base,20.16,wgdc,wgdc_pegged_pulls,0.0,,,9.0,0.0,0.0
2026-07-16T22:47:30+00:00,garn_base,20.16,ol_fueling,afr_osc_per_min,0.7735148514851484,35.0,,,0.1442575883631792,-0.315955608970923
2026-07-16T22:47:30+00:00,garn_base,20.16,ol_fueling,ffb_wbo2_div_per_min,2.4310466760961806,110.0,,,0.2339789438398134,0.0914465167757692
2026-07-16T22:47:30+00:00,garn_base,20.16,ol_fueling,maf_corr_mean_pct,-1.831915357217683,,23865.0,,-0.470086245124141,-1.2850718459588777
2026-07-16T22:47:30+00:00,garn_base,20.16,ol_fueling,maf_corr_mean_abs_pct,1.8368916823800543,,23865.0,,-0.020677627209666,1.0168240499311558
2026-07-16T22:47:30+00:00,garn_base,20.16,cross_thread,stutter_signature_per_min,1.5249292786421498,69.0,,,0.0104456962130035,-0.2373017426485464
2026-07-16T22:47:30+00:00,garn_base,20.17,pedal_throttle,throttle_hunt_per_min,0.4267121826328142,28.0,,,0.0747547303781534,-0.0152963039301277
2026-07-16T22:47:30+00:00,garn_base,20.17,pedal_throttle,rpm_swing_per_min,1.8897253802310343,124.0,,,0.215261137686133,0.2984948286044433
2026-07-16T22:47:30+00:00,garn_base,20.17,avcs,avcs_osc_per_min,1.036301014965406,68.0,,,0.0657516769298263,0.1743844661676691
2026-07-16T22:47:30+00:00,garn_base,20.17,timing_sum,fbkc_events_per_min,0.1523972080831479,10.0,,,0.0350780573315943,-0.6432180677301476
2026-07-16T22:47:30+00:00,garn_base,20.17,timing_sum,flkc_events_per_min,0.0,0.0,,,-0.0426615093642013,0.0
2026-07-16T22:47:30+00:00,garn_base,20.17,timing_sum,total_knock_per_min,0.1523972080831479,,,,-0.0075834520326069,-0.6432180677301476
2026-07-16T22:47:30+00:00,garn_base,20.17,timing_sum,min_fbkc_depth,-2.8,,,,1.4000000000000004,9.0
2026-07-16T22:47:30+00:00,garn_base,20.17,timing_sum,timing_osc_per_min,0.5791093907159621,38.0,,,-0.3701091926375168,-0.3712088553943631
2026-07-16T22:47:30+00:00,garn_base,20.17,wgdc,mean_target_attainment,0.6138573194264672,,,6.0,-0.2030896769466664,-0.1444713562308071
2026-07-16T22:47:30+00:00,garn_base,20.17,wgdc,mean_peak_mrp,10.07,,,6.0,-2.8673142857142846,-3.036666666666667
2026-07-16T22:47:30+00:00,garn_base,20.17,wgdc,wgdc_pegged_pulls,0.0,,,6.0,0.0,0.0
2026-07-16T22:47:30+00:00,garn_base,20.17,ol_fueling,afr_osc_per_min,0.7010271571824804,46.0,,,0.0717698940605112,-0.072487694302668
2026-07-16T22:47:30+00:00,garn_base,20.17,ol_fueling,ffb_wbo2_div_per_min,1.981163705080923,130.0,,,-0.2159040271754442,-0.4498829710152576
2026-07-16T22:47:30+00:00,garn_base,20.17,ol_fueling,maf_corr_mean_pct,-1.0980585993330156,,20990.0,,0.2637705127605263,0.7338567578846673
2026-07-16T22:47:30+00:00,garn_base,20.17,ol_fueling,maf_corr_mean_abs_pct,1.1463978084802289,,20990.0,,-0.7111715011094917,-0.6904938738998256
2026-07-16T22:47:30+00:00,garn_base,20.17,cross_thread,stutter_signature_per_min,1.4325337559815905,94.0,,,-0.0819498264475557,-0.0923955226605592
2026-07-16T22:47:30+00:00,garn_base,20.17a,pedal_throttle,throttle_hunt_per_min,0.3716063096582249,217.0,,,0.0196488574035642,-0.0551058729745892
2026-07-16T22:47:30+00:00,garn_base,20.17a,pedal_throttle,rpm_swing_per_min,0.9692588537629278,566.0,,,-0.7052053887819735,-0.9204665264681066
2026-07-16T22:47:30+00:00,garn_base,20.17a,avcs,avcs_osc_per_min,1.1028316286631192,644.0,,,0.1322822906275396,0.0665306136977132
2026-07-16T22:47:30+00:00,garn_base,20.17a,timing_sum,fbkc_events_per_min,0.3579065378735899,209.0,,,0.2405873871220363,0.205509329790442
2026-07-16T22:47:30+00:00,garn_base,20.17a,timing_sum,flkc_events_per_min,0.2380335347580335,139.0,,,0.1953720253938322,0.2380335347580335
2026-07-16T22:47:30+00:00,garn_base,20.17a,timing_sum,total_knock_per_min,0.5959400726316234,,,,0.4359594125158685,0.4435428645484754
2026-07-16T22:47:30+00:00,garn_base,20.17a,timing_sum,min_fbkc_depth,-11.8,,,,-7.6,-9.0
2026-07-16T22:47:30+00:00,garn_base,20.17a,timing_sum,timing_osc_per_min,0.6952634180702273,406.0,,,-0.2539551652832517,0.1161540273542651
2026-07-16T22:47:30+00:00,garn_base,20.17a,wgdc,mean_target_attainment,0.6413366114975961,,,133.0,-0.1756103848755374,0.0274792920711289
2026-07-16T22:47:30+00:00,garn_base,20.17a,wgdc,mean_peak_mrp,10.758872180451128,,,133.0,-2.178442105263157,0.6888721804511277
2026-07-16T22:47:30+00:00,garn_base,20.17a,wgdc,wgdc_pegged_pulls,0.0,,,133.0,0.0,0.0
2026-07-16T22:47:30+00:00,garn_base,20.17a,ol_fueling,afr_osc_per_min,0.919597181043626,537.0,,,0.2903399179216567,0.2185700238611454
2026-07-16T22:47:30+00:00,garn_base,20.17a,ol_fueling,ffb_wbo2_div_per_min,2.0464034103298565,1195.0,,,-0.1506643219265107,0.0652397052489335
2026-07-16T22:47:30+00:00,garn_base,20.17a,ol_fueling,maf_corr_mean_pct,-0.6862652880126549,,233271.0,,0.6755638240808871,0.4117933113203608
2026-07-16T22:47:30+00:00,garn_base,20.17a,ol_fueling,maf_corr_mean_abs_pct,0.8728036918433925,,233271.0,,-0.984765617746328,-0.2735941166368362
2026-07-16T22:47:30+00:00,garn_base,20.17a,cross_thread,stutter_signature_per_min,1.4590256950636298,852.0,,,-0.0554578873655164,0.0264919390820392
2026-07-16T22:47:30+00:00,garn_base,20.18,pedal_throttle,throttle_hunt_per_min,0.4165704413308037,190.0,,,0.0646129890761429,0.0449641316725787
2026-07-16T22:47:30+00:00,garn_base,20.18,pedal_throttle,rpm_swing_per_min,1.1685897117332549,533.0,,,-0.5058745308116466,0.1993308579703269
2026-07-16T22:47:30+00:00,garn_base,20.18,avcs,avcs_osc_per_min,1.6728591933442276,763.0,,,0.702309855308648,0.5700275646811084
2026-07-16T22:47:30+00:00,garn_base,20.18,timing_sum,fbkc_events_per_min,0.3442187330996641,157.0,,,0.2268995823481105,-0.0136878047739258
2026-07-16T22:47:30+00:00,garn_base,20.18,timing_sum,flkc_events_per_min,1.1510499036772208,525.0,,,1.1083883943130195,0.9130163689191874
2026-07-16T22:47:30+00:00,garn_base,20.18,timing_sum,total_knock_per_min,1.495268636776885,,,,1.33528797666113,0.8993285641452616
2026-07-16T22:47:30+00:00,garn_base,20.18,timing_sum,min_fbkc_depth,-11.8,,,,-7.6,0.0
2026-07-16T22:47:30+00:00,garn_base,20.18,timing_sum,timing_osc_per_min,0.9690743950958696,442.0,,,0.0198558117423907,0.2738109770256424
2026-07-16T22:47:30+00:00,garn_base,20.18,wgdc,mean_target_attainment,0.6510269688660338,,,74.0,-0.1659200275070997,0.0096903573684377
2026-07-16T22:47:30+00:00,garn_base,20.18,wgdc,mean_peak_mrp,10.924036486486486,,,74.0,-2.013277799227799,0.1651643060353578
2026-07-16T22:47:30+00:00,garn_base,20.18,wgdc,wgdc_pegged_pulls,0.0,,,74.0,0.0,0.0
2026-07-16T22:47:30+00:00,garn_base,20.18,ol_fueling,afr_osc_per_min,1.0896605754811024,497.0,,,0.4604033123591332,0.1700633944374765
2026-07-16T22:47:30+00:00,garn_base,20.18,ol_fueling,ffb_wbo2_div_per_min,2.565196928194949,1170.0,,,0.3681291959385819,0.5187935178650926
2026-07-16T22:47:30+00:00,garn_base,20.18,ol_fueling,maf_corr_mean_pct,-1.5578152589319856,,235390.0,,-0.1959861468384436,-0.8715499709193307
2026-07-16T22:47:30+00:00,garn_base,20.18,ol_fueling,maf_corr_mean_abs_pct,1.627248685160797,,235390.0,,-0.2303206244289233,0.7544449933174046
2026-07-16T22:47:30+00:00,garn_base,20.18,cross_thread,stutter_signature_per_min,1.8351024178625408,837.0,,,0.3206188354333943,0.3760767227989108
2026-07-16T22:47:30+00:00,garn_base,20.18a,pedal_throttle,throttle_hunt_per_min,1.12924475035625,56.0,,,0.7772872981015893,0.7126743090254462
2026-07-16T22:47:30+00:00,garn_base,20.18a,pedal_throttle,rpm_swing_per_min,2.520635603473772,125.0,,,0.846171360928871,1.3520458917405176
2026-07-16T22:47:30+00:00,garn_base,20.18a,avcs,avcs_osc_per_min,0.7662732234560267,38.0,,,-0.2042761145795529,-0.906585969888201
2026-07-16T22:47:30+00:00,garn_base,20.18a,timing_sum,fbkc_events_per_min,0.0806603393111607,4.0,,,-0.0366588114403928,-0.2635583937885034
2026-07-16T22:47:30+00:00,garn_base,20.18a,timing_sum,flkc_events_per_min,0.0,0.0,,,-0.0426615093642013,-1.1510499036772208
2026-07-16T22:47:30+00:00,garn_base,20.18a,timing_sum,total_knock_per_min,0.0806603393111607,,,,-0.0793203208045941,-1.4146082974657244
2026-07-16T22:47:30+00:00,garn_base,20.18a,timing_sum,min_fbkc_depth,-1.4,,,,2.8000000000000003,10.4
2026-07-16T22:47:30+00:00,garn_base,20.18a,timing_sum,timing_osc_per_min,0.4839620358669642,24.0,,,-0.4652565474865147,-0.4851123592289054
2026-07-16T22:47:30+00:00,garn_base,20.18a,wgdc,mean_target_attainment,0.5768474128088169,,,12.0,-0.2400995835643167,-0.0741795560572169
2026-07-16T22:47:30+00:00,garn_base,20.18a,wgdc,mean_peak_mrp,10.079983333333333,,,12.0,-2.857330952380952,-0.844053153153153
2026-07-16T22:47:30+00:00,garn_base,20.18a,wgdc,wgdc_pegged_pulls,0.0,,,12.0,0.0,0.0
2026-07-16T22:47:30+00:00,garn_base,20.18a,ol_fueling,afr_osc_per_min,0.8469335627671875,42.0,,,0.2176762996452182,-0.2427270127139149
2026-07-16T22:47:30+00:00,garn_base,20.18a,ol_fueling,ffb_wbo2_div_per_min,2.359314924851451,117.0,,,0.1622471925950837,-0.2058820033434982
2026-07-16T22:47:30+00:00,garn_base,20.18a,ol_fueling,maf_corr_mean_pct,-2.2983412842712845,,17325.0,,-0.9365121721777424,-0.7405260253392989
2026-07-16T22:47:30+00:00,garn_base,20.18a,ol_fueling,maf_corr_mean_abs_pct,2.5914512005772004,,17325.0,,0.73388189098748,0.9642025154164032
2026-07-16T22:47:30+00:00,garn_base,20.18a,cross_thread,stutter_signature_per_min,1.7341972951899551,86.0,,,0.2197137127608088,-0.1009051226725854
2026-07-18T17:38:22+00:00,garn_base,garn_base,pedal_throttle,throttle_hunt_per_min,0.3519574522546607,33.0,,,0.0,
2026-07-18T17:38:22+00:00,garn_base,garn_base,pedal_throttle,rpm_swing_per_min,1.6744642425449012,157.0,,,0.0,
2026-07-18T17:38:22+00:00,garn_base,garn_base,avcs,avcs_osc_per_min,0.9705493380355796,91.0,,,0.0,
2026-07-18T17:38:22+00:00,garn_base,garn_base,timing_sum,fbkc_events_per_min,0.1173191507515535,11.0,,,0.0,
2026-07-18T17:38:22+00:00,garn_base,garn_base,timing_sum,flkc_events_per_min,0.0426615093642013,4.0,,,0.0,
2026-07-18T17:38:22+00:00,garn_base,garn_base,timing_sum,total_knock_per_min,0.1599806601157548,,,,0.0,
2026-07-18T17:38:22+00:00,garn_base,garn_base,timing_sum,min_fbkc_depth,-4.2,,,,0.0,
2026-07-18T17:38:22+00:00,garn_base,garn_base,timing_sum,timing_osc_per_min,0.949218583353479,89.0,,,0.0,
2026-07-18T17:38:22+00:00,garn_base,garn_base,wgdc,mean_target_attainment,0.8169469963731336,,,7.0,0.0,
2026-07-18T17:38:22+00:00,garn_base,garn_base,wgdc,mean_peak_mrp,12.937314285714285,,,7.0,0.0,
2026-07-18T17:38:22+00:00,garn_base,garn_base,wgdc,wgdc_pegged_pulls,0.0,,,7.0,0.0,
2026-07-18T17:38:22+00:00,garn_base,garn_base,ol_fueling,afr_osc_per_min,0.6292572631219692,59.0,,,0.0,
2026-07-18T17:38:22+00:00,garn_base,garn_base,ol_fueling,ffb_wbo2_div_per_min,2.197067732256367,206.0,,,0.0,
2026-07-18T17:38:22+00:00,garn_base,garn_base,ol_fueling,maf_corr_mean_pct,-1.361829112093542,,48406.0,,0.0,
2026-07-18T17:38:22+00:00,garn_base,garn_base,ol_fueling,maf_corr_mean_abs_pct,1.8575693095897203,,48406.0,,0.0,
2026-07-18T17:38:22+00:00,garn_base,garn_base,cross_thread,stutter_signature_per_min,1.5144835824291465,142.0,,,0.0,
2026-07-18T17:38:22+00:00,garn_base,20.7,pedal_throttle,throttle_hunt_per_min,0.2077667606966098,41.0,,,-0.1441906915580509,-0.1441906915580509
2026-07-18T17:38:22+00:00,garn_base,20.7,pedal_throttle,rpm_swing_per_min,1.1199135149744093,221.0,,,-0.554550727570492,-0.554550727570492
2026-07-18T17:38:22+00:00,garn_base,20.7,avcs,avcs_osc_per_min,1.1047110690697792,218.0,,,0.1341617310341996,0.1341617310341996
2026-07-18T17:38:22+00:00,garn_base,20.7,timing_sum,fbkc_events_per_min,0.1976317967601898,39.0,,,0.0803126460086362,0.0803126460086362
2026-07-18T17:38:22+00:00,garn_base,20.7,timing_sum,flkc_events_per_min,0.0,0.0,,,-0.0426615093642013,-0.0426615093642013
2026-07-18T17:38:22+00:00,garn_base,20.7,timing_sum,total_knock_per_min,0.1976317967601898,,,,0.0376511366444349,0.0376511366444349
2026-07-18T17:38:22+00:00,garn_base,20.7,timing_sum,min_fbkc_depth,-9.45,,,,-5.249999999999999,-5.249999999999999
2026-07-18T17:38:22+00:00,garn_base,20.7,timing_sum,timing_osc_per_min,1.0286988395466292,203.0,,,0.0794802561931502,0.0794802561931502
2026-07-18T17:38:22+00:00,garn_base,20.7,wgdc,mean_target_attainment,0.7155336009521309,,,11.0,-0.1014133954210027,-0.1014133954210027
2026-07-18T17:38:22+00:00,garn_base,20.7,wgdc,mean_peak_mrp,8.492345454545456,,,11.0,-4.444968831168829,-4.444968831168829
2026-07-18T17:38:22+00:00,garn_base,20.7,wgdc,wgdc_pegged_pulls,0.0,,,11.0,0.0,0.0
2026-07-18T17:38:22+00:00,garn_base,20.7,ol_fueling,afr_osc_per_min,0.6739751017719295,133.0,,,0.0447178386499603,0.0447178386499603
2026-07-18T17:38:22+00:00,garn_base,20.7,ol_fueling,ffb_wbo2_div_per_min,2.077667606966098,410.0,,,-0.1194001252902685,-0.1194001252902685
2026-07-18T17:38:22+00:00,garn_base,20.7,ol_fueling,maf_corr_mean_pct,2.261221591094371,,122664.0,,3.623050703187913,3.623050703187913
2026-07-18T17:38:22+00:00,garn_base,20.7,ol_fueling,maf_corr_mean_abs_pct,2.435605541560686,,122664.0,,0.5780362319709655,0.5780362319709655
2026-07-18T17:38:22+00:00,garn_base,20.7,cross_thread,stutter_signature_per_min,1.4036925051941689,277.0,,,-0.1107910772349773,-0.1107910772349773
2026-07-18T17:38:22+00:00,garn_base,20.8,pedal_throttle,throttle_hunt_per_min,0.3619609867786033,43.0,,,0.0100035345239425,0.1541942260819934
2026-07-18T17:38:22+00:00,garn_base,20.8,pedal_throttle,rpm_swing_per_min,1.4562616444813576,173.0,,,-0.2182025980635435,0.3363481295069483
2026-07-18T17:38:22+00:00,garn_base,20.8,avcs,avcs_osc_per_min,1.1868953287391413,141.0,,,0.2163459907035616,0.082184259669362
2026-07-18T17:38:22+00:00,garn_base,20.8,timing_sum,fbkc_events_per_min,0.1431008552380525,17.0,,,0.0257817044864989,-0.0545309415221373
2026-07-18T17:38:22+00:00,garn_base,20.8,timing_sum,flkc_events_per_min,0.033670789467777,4.0,,,-0.0089907198964242,0.033670789467777
2026-07-18T17:38:22+00:00,garn_base,20.8,timing_sum,total_knock_per_min,0.1767716447058295,,,,0.0167909845900746,-0.0208601520543603
2026-07-18T17:38:22+00:00,garn_base,20.8,timing_sum,min_fbkc_depth,-4.2,,,,0.0,5.249999999999999
2026-07-18T17:38:22+00:00,garn_base,20.8,timing_sum,timing_osc_per_min,1.119553749803587,133.0,,,0.170335166450108,0.0908549102569578
2026-07-18T17:38:22+00:00,garn_base,20.8,wgdc,mean_target_attainment,0.831825968983463,,,12.0,0.0148789726103293,0.116292368031332
2026-07-18T17:38:22+00:00,garn_base,20.8,wgdc,mean_peak_mrp,12.8,,,12.0,-0.1373142857142859,4.307654545454543
2026-07-18T17:38:22+00:00,garn_base,20.8,wgdc,wgdc_pegged_pulls,0.0,,,12.0,0.0,0.0
2026-07-18T17:38:22+00:00,garn_base,20.8,ol_fueling,afr_osc_per_min,1.0774652629688657,128.0,,,0.4482079998468965,0.4034901611969361
2026-07-18T17:38:22+00:00,garn_base,20.8,ol_fueling,ffb_wbo2_div_per_min,2.7610047363577186,328.0,,,0.5639370041013514,0.68333712939162
2026-07-18T17:38:22+00:00,garn_base,20.8,ol_fueling,maf_corr_mean_pct,-1.7333832306534345,,71744.0,,-0.3715541185598925,-3.9946048217478056
2026-07-18T17:38:22+00:00,garn_base,20.8,ol_fueling,maf_corr_mean_abs_pct,1.8462282518398747,,71744.0,,-0.0113410577498456,-0.5893772897208112
2026-07-18T17:38:22+00:00,garn_base,20.8,cross_thread,stutter_signature_per_min,1.9949942759657904,237.0,,,0.4805106935366443,0.5913017707716217
2026-07-18T17:38:22+00:00,garn_base,20.9,pedal_throttle,throttle_hunt_per_min,0.2395145837768788,21.0,,,-0.1124428684777819,-0.1224464030017244
2026-07-18T17:38:22+00:00,garn_base,20.9,pedal_throttle,rpm_swing_per_min,0.9010310532558776,79.0,,,-0.7734331892890236,-0.55523059122548
2026-07-18T17:38:22+00:00,garn_base,20.9,avcs,avcs_osc_per_min,1.0493019860701358,92.0,,,0.0787526480345561,-0.1375933426690054
2026-07-18T17:38:22+00:00,garn_base,20.9,timing_sum,fbkc_events_per_min,0.0570272818516378,5.0,,,-0.0602918688999157,-0.0860735733864146
2026-07-18T17:38:22+00:00,garn_base,20.9,timing_sum,flkc_events_per_min,0.0,0.0,,,-0.0426615093642013,-0.033670789467777
2026-07-18T17:38:22+00:00,garn_base,20.9,timing_sum,total_knock_per_min,0.0570272818516378,,,,-0.102953378264117,-0.1197443628541917
2026-07-18T17:38:22+00:00,garn_base,20.9,timing_sum,min_fbkc_depth,-2.8,,,,1.4000000000000004,1.4000000000000004
2026-07-18T17:38:22+00:00,garn_base,20.9,timing_sum,timing_osc_per_min,0.9466528787371878,83.0,,,-0.0025657046162911,-0.1729008710663991
2026-07-18T17:38:22+00:00,garn_base,20.9,wgdc,mean_target_attainment,0.5896524232109547,,,11.0,-0.2272945731621789,-0.2421735457725082
2026-07-18T17:38:22+00:00,garn_base,20.9,wgdc,mean_peak_mrp,8.940772727272728,,,11.0,-3.9965415584415567,-3.859227272727271
2026-07-18T17:38:22+00:00,garn_base,20.9,wgdc,wgdc_pegged_pulls,0.0,,,11.0,0.0,0.0
2026-07-18T17:38:22+00:00,garn_base,20.9,ol_fueling,afr_osc_per_min,0.5360564494053955,47.0,,,-0.0932008137165736,-0.5414088135634701
2026-07-18T17:38:22+00:00,garn_base,20.9,ol_fueling,ffb_wbo2_div_per_min,1.6994129991788072,149.0,,,-0.49765473307756,-1.0615917371789114
2026-07-18T17:38:22+00:00,garn_base,20.9,ol_fueling,maf_corr_mean_pct,-1.017067829789973,,46613.0,,0.3447612823035693,0.7163154008634618
2026-07-18T17:38:22+00:00,garn_base,20.9,ol_fueling,maf_corr_mean_abs_pct,1.3385986559543477,,46613.0,,-0.5189706536353729,-0.5076295958855273
2026-07-18T17:38:22+00:00,garn_base,20.9,cross_thread,stutter_signature_per_min,1.1291401806624288,99.0,,,-0.3853434017667174,-0.8658540953033618
2026-07-18T17:38:22+00:00,garn_base,20.10,pedal_throttle,throttle_hunt_per_min,0.3037199620957487,25.0,,,-0.048237490158912,0.0642053783188698
2026-07-18T17:38:22+00:00,garn_base,20.10,pedal_throttle,rpm_swing_per_min,1.6036413998655532,132.0,,,-0.070822842679348,0.7026103466096756
2026-07-18T17:38:22+00:00,garn_base,20.10,avcs,avcs_osc_per_min,0.935457483254906,77.0,,,-0.0350918547806735,-0.1138445028152297
2026-07-18T17:38:22+00:00,garn_base,20.10,timing_sum,fbkc_events_per_min,0.218678372708939,18.0,,,0.1013592219573855,0.1616510908573012
2026-07-18T17:38:22+00:00,garn_base,20.10,timing_sum,flkc_events_per_min,0.0,0.0,,,-0.0426615093642013,0.0
2026-07-18T17:38:22+00:00,garn_base,20.10,timing_sum,total_knock_per_min,0.218678372708939,,,,0.0586977125931842,0.1616510908573012
2026-07-18T17:38:22+00:00,garn_base,20.10,timing_sum,min_fbkc_depth,-7.0,,,,-2.8,-4.2
2026-07-18T17:38:22+00:00,garn_base,20.10,timing_sum,timing_osc_per_min,0.5709935287400075,47.0,,,-0.3782250546134714,-0.3756593499971803
2026-07-18T17:38:22+00:00,garn_base,20.10,wgdc,mean_target_attainment,0.7285170880655274,,,6.0,-0.0884299083076062,0.1388646648545727
2026-07-18T17:38:22+00:00,garn_base,20.10,wgdc,mean_peak_mrp,11.253333333333336,,,6.0,-1.6839809523809492,2.3125606060606074
2026-07-18T17:38:22+00:00,garn_base,20.10,wgdc,wgdc_pegged_pulls,0.0,,,6.0,0.0,0.0
2026-07-18T17:38:22+00:00,garn_base,20.10,ol_fueling,afr_osc_per_min,0.7532255059974567,62.0,,,0.1239682428754875,0.2171690565920612
2026-07-18T17:38:22+00:00,garn_base,20.10,ol_fueling,ffb_wbo2_div_per_min,1.919510160445132,158.0,,,-0.2775575718112353,0.2200971612663247
2026-07-18T17:38:22+00:00,garn_base,20.10,ol_fueling,maf_corr_mean_pct,-1.9156069866694767,,37958.0,,-0.5537778745759347,-0.898539156879504
2026-07-18T17:38:22+00:00,garn_base,20.10,ol_fueling,maf_corr_mean_abs_pct,1.9409307655830128,,37958.0,,0.0833614559932922,0.6023321096286651
2026-07-18T17:38:22+00:00,garn_base,20.10,cross_thread,stutter_signature_per_min,1.3606654301889545,112.0,,,-0.153818152240192,0.2315252495265254
2026-07-18T17:38:22+00:00,garn_base,20.11,pedal_throttle,throttle_hunt_per_min,0.4962131104727083,38.0,,,0.1442556582180475,0.1924931483769595
2026-07-18T17:38:22+00:00,garn_base,20.11,pedal_throttle,rpm_swing_per_min,2.376599634369287,182.0,,,0.7021353918243858,0.7729582345037338
2026-07-18T17:38:22+00:00,garn_base,20.11,avcs,avcs_osc_per_min,1.3188822146774617,101.0,,,0.3483328766418818,0.3834247314225554
2026-07-18T17:38:22+00:00,garn_base,20.11,timing_sum,fbkc_events_per_min,0.3003395142334813,23.0,,,0.1830203634819277,0.0816611415245422
2026-07-18T17:38:22+00:00,garn_base,20.11,timing_sum,flkc_events_per_min,0.3395142334813267,26.0,,,0.2968527241171254,0.3395142334813267
2026-07-18T17:38:22+00:00,garn_base,20.11,timing_sum,total_knock_per_min,0.6398537477148081,,,,0.4798730875990532,0.421175375005869
2026-07-18T17:38:22+00:00,garn_base,20.11,timing_sum,min_fbkc_depth,-4.2,,,,0.0,2.8
2026-07-18T17:38:22+00:00,garn_base,20.11,timing_sum,timing_osc_per_min,0.8749020632018804,67.0,,,-0.0743165201515986,0.3039085344618728
2026-07-18T17:38:22+00:00,garn_base,20.11,wgdc,mean_target_attainment,0.7676399339712541,,,20.0,-0.0493070624018795,0.0391228459057266
2026-07-18T17:38:22+00:00,garn_base,20.11,wgdc,mean_peak_mrp,13.5645,,,20.0,0.6271857142857158,2.311166666666665
2026-07-18T17:38:22+00:00,garn_base,20.11,wgdc,wgdc_pegged_pulls,0.0,,,20.0,0.0,0.0
2026-07-18T17:38:22+00:00,garn_base,20.11,ol_fueling,afr_osc_per_min,1.2013580569339253,92.0,,,0.5721007938119561,0.4481325509364685
2026-07-18T17:38:22+00:00,garn_base,20.11,ol_fueling,ffb_wbo2_div_per_min,2.8075215460955865,215.0,,,0.6104538138392193,0.8880113856504546
2026-07-18T17:38:22+00:00,garn_base,20.11,ol_fueling,maf_corr_mean_pct,-1.0785863660127748,,43993.0,,0.2832427460807671,0.8370206206567019
2026-07-18T17:38:22+00:00,garn_base,20.11,ol_fueling,maf_corr_mean_abs_pct,1.4322658150160257,,43993.0,,-0.4253034945736949,-0.5086649505669871
2026-07-18T17:38:22+00:00,garn_base,20.11,cross_thread,stutter_signature_per_min,1.893444763645861,145.0,,,0.3789611812167144,0.5327793334569064
2026-07-18T17:38:22+00:00,garn_base,20.12,pedal_throttle,throttle_hunt_per_min,0.2266585302066079,78.0,,,-0.1252989220480527,-0.2695545802661003
2026-07-18T17:38:22+00:00,garn_base,20.12,pedal_throttle,rpm_swing_per_min,1.0693633220004068,368.0,,,-0.6051009205444944,-1.3072363123688802
2026-07-18T17:38:22+00:00,garn_base,20.12,avcs,avcs_osc_per_min,1.127480893848255,388.0,,,0.1569315558126753,-0.1914013208292064
2026-07-18T17:38:22+00:00,garn_base,20.12,timing_sum,fbkc_events_per_min,0.0900822363641647,31.0,,,-0.0272369143873888,-0.2102572778693166
2026-07-18T17:38:22+00:00,garn_base,20.12,timing_sum,flkc_events_per_min,0.1656350797663673,57.0,,,0.122973570402166,-0.1738791537149593
2026-07-18T17:38:22+00:00,garn_base,20.12,timing_sum,total_knock_per_min,0.255717316130532,,,,0.0957366560147771,-0.384136431584276
2026-07-18T17:38:22+00:00,garn_base,20.12,timing_sum,min_fbkc_depth,-7.0,,,,-2.8,-2.8
2026-07-18T17:38:22+00:00,garn_base,20.12,timing_sum,timing_osc_per_min,0.709034376543748,244.0,,,-0.2401842068097309,-0.1658676866581323
2026-07-18T17:38:22+00:00,garn_base,20.12,wgdc,mean_target_attainment,0.8293115953918506,,,72.0,0.012364599018717,0.0616716614205965
2026-07-18T17:38:22+00:00,garn_base,20.12,wgdc,mean_peak_mrp,9.870416666666666,,,72.0,-3.06689761904762,-3.694083333333335
2026-07-18T17:38:22+00:00,garn_base,20.12,wgdc,wgdc_pegged_pulls,0.0,,,72.0,0.0,0.0
2026-07-18T17:38:22+00:00,garn_base,20.12,ol_fueling,afr_osc_per_min,0.9037282422340396,311.0,,,0.2744709791120703,-0.2976298146998858
2026-07-18T17:38:22+00:00,garn_base,20.12,ol_fueling,ffb_wbo2_div_per_min,2.0515502862290416,706.0,,,-0.1455174460273256,-0.7559712598665449
2026-07-18T17:38:22+00:00,garn_base,20.12,ol_fueling,maf_corr_mean_pct,1.8318566670646304,,242903.0,,3.1936857791581725,2.9104430330774056
2026-07-18T17:38:22+00:00,garn_base,20.12,ol_fueling,maf_corr_mean_abs_pct,2.3931842752045056,,242903.0,,0.5356149656147853,0.9609184601884802
2026-07-18T17:38:22+00:00,garn_base,20.12,cross_thread,stutter_signature_per_min,1.3657629384244327,470.0,,,-0.1487206440047135,-0.5276818252214279
2026-07-18T17:38:22+00:00,garn_base,20.13,pedal_throttle,throttle_hunt_per_min,0.2648793996066942,44.0,,,-0.0870780526479664,0.0382208694000862
2026-07-18T17:38:22+00:00,garn_base,20.13,pedal_throttle,rpm_swing_per_min,0.9210579122687322,153.0,,,-0.753406330276169,-0.1483054097316746
2026-07-18T17:38:22+00:00,garn_base,20.13,avcs,avcs_osc_per_min,1.1136974756190554,185.0,,,0.1431481375834757,-0.0137834182291995
2026-07-18T17:38:22+00:00,garn_base,20.13,timing_sum,fbkc_events_per_min,0.1444796725127423,24.0,,,0.0271605217611887,0.0543974361485776
2026-07-18T17:38:22+00:00,garn_base,20.13,timing_sum,flkc_events_per_min,0.0,0.0,,,-0.0426615093642013,-0.1656350797663673
2026-07-18T17:38:22+00:00,garn_base,20.13,timing_sum,total_knock_per_min,0.1444796725127423,,,,-0.0155009876030125,-0.1112376436177897
2026-07-18T17:38:22+00:00,garn_base,20.13,timing_sum,min_fbkc_depth,-2.8,,,,1.4000000000000004,4.2
2026-07-18T17:38:22+00:00,garn_base,20.13,timing_sum,timing_osc_per_min,0.7103583898543164,118.0,,,-0.2388601934991625,0.0013240133105684
2026-07-18T17:38:22+00:00,garn_base,20.13,wgdc,mean_target_attainment,0.954700570107872,,,37.0,0.1377535737347383,0.1253889747160212
2026-07-18T17:38:22+00:00,garn_base,20.13,wgdc,mean_peak_mrp,10.694864864864863,,,37.0,-2.24244942084942,0.8244481981981995
2026-07-18T17:38:22+00:00,garn_base,20.13,wgdc,wgdc_pegged_pulls,0.0,,,37.0,0.0,0.0
2026-07-18T17:38:22+00:00,garn_base,20.13,ol_fueling,afr_osc_per_min,1.0113577075891962,168.0,,,0.382100444467227,0.1076294653551567
2026-07-18T17:38:22+00:00,garn_base,20.13,ol_fueling,ffb_wbo2_div_per_min,1.998635469759602,332.0,,,-0.1984322624967651,-0.0529148164694395
2026-07-18T17:38:22+00:00,garn_base,20.13,ol_fueling,maf_corr_mean_pct,1.100560202997514,,96947.0,,2.4623893150910563,-0.7312964640671165
2026-07-18T17:38:22+00:00,garn_base,20.13,ol_fueling,maf_corr_mean_abs_pct,1.120532765325384,,96947.0,,-0.7370365442643363,-1.2726515098791216
2026-07-18T17:38:22+00:00,garn_base,20.13,cross_thread,stutter_signature_per_min,1.4508167114821209,241.0,,,-0.0636668709470253,0.0850537730576881
2026-07-18T17:38:22+00:00,garn_base,20.14,pedal_throttle,throttle_hunt_per_min,0.2602343904233745,58.0,,,-0.0917230618312862,-0.0046450091833197
2026-07-18T17:38:22+00:00,garn_base,20.14,pedal_throttle,rpm_swing_per_min,1.000556363179526,223.0,,,-0.6739078793653752,0.0794984509107937
2026-07-18T17:38:22+00:00,garn_base,20.14,avcs,avcs_osc_per_min,0.9691487643353256,216.0,,,-0.001400573700254,-0.1445487112837298
2026-07-18T17:38:22+00:00,garn_base,20.14,timing_sum,fbkc_events_per_min,0.1794719933954306,40.0,,,0.062152842643877,0.0349923208826883
2026-07-18T17:38:22+00:00,garn_base,20.14,timing_sum,flkc_events_per_min,0.3095891886071178,69.0,,,0.2669276792429165,0.3095891886071178
2026-07-18T17:38:22+00:00,garn_base,20.14,timing_sum,total_knock_per_min,0.4890611820025485,,,,0.3290805218867937,0.3445815094898062
2026-07-18T17:38:22+00:00,garn_base,20.14,timing_sum,min_fbkc_depth,-8.05,,,,-3.850000000000001,-5.250000000000001
2026-07-18T17:38:22+00:00,garn_base,20.14,timing_sum,timing_osc_per_min,0.6012311778746927,134.0,,,-0.3479874054787862,-0.1091272119796237
2026-07-18T17:38:22+00:00,garn_base,20.14,wgdc,mean_target_attainment,0.944667700613123,,,48.0,0.1277207042399893,-0.0100328694947489
2026-07-18T17:38:22+00:00,garn_base,20.14,wgdc,mean_peak_mrp,10.752291666666666,,,48.0,-2.1850226190476185,0.0574268018018013
2026-07-18T17:38:22+00:00,garn_base,20.14,wgdc,wgdc_pegged_pulls,0.0,,,48.0,0.0,0.0
2026-07-18T17:38:22+00:00,garn_base,20.14,ol_fueling,afr_osc_per_min,0.8390315691236383,187.0,,,0.2097743060016691,-0.1723261384655579
2026-07-18T17:38:22+00:00,garn_base,20.14,ol_fueling,ffb_wbo2_div_per_min,1.6825499380821625,375.0,,,-0.5145177941742047,-0.3160855316774396
2026-07-18T17:38:22+00:00,garn_base,20.14,ol_fueling,maf_corr_mean_pct,0.0337004610441018,,107365.0,,1.3955295731376438,-1.0668597419534125
2026-07-18T17:38:22+00:00,garn_base,20.14,ol_fueling,maf_corr_mean_abs_pct,0.676008289479812,,107365.0,,-1.1815610201099085,-0.4445244758455721
2026-07-18T17:38:22+00:00,garn_base,20.14,cross_thread,stutter_signature_per_min,1.1396471580609846,254.0,,,-0.3748364243681616,-0.3111695534211363
2026-07-18T17:38:22+00:00,garn_base,20.15,pedal_throttle,throttle_hunt_per_min,0.497039518825581,99.0,,,0.1450820665709202,0.2368051284022065
2026-07-18T17:38:22+00:00,garn_base,20.15,pedal_throttle,rpm_swing_per_min,1.2802533060658905,255.0,,,-0.3942109364790107,0.2796969428863645
2026-07-18T17:38:22+00:00,garn_base,20.15,avcs,avcs_osc_per_min,1.2953151096666655,258.0,,,0.3247657716310861,0.3261663453313401
2026-07-18T17:38:22+00:00,garn_base,20.15,timing_sum,fbkc_events_per_min,0.1757210420090438,35.0,,,0.0584018912574902,-0.0037509513863868
2026-07-18T17:38:22+00:00,garn_base,20.15,timing_sum,flkc_events_per_min,0.1054326252054262,21.0,,,0.0627711158412249,-0.2041565634016915
2026-07-18T17:38:22+00:00,garn_base,20.15,timing_sum,total_knock_per_min,0.28115366721447,,,,0.1211730070987151,-0.2079075147880785
2026-07-18T17:38:22+00:00,garn_base,20.15,timing_sum,min_fbkc_depth,-7.0,,,,-2.8,1.0500000000000007
2026-07-18T17:38:22+00:00,garn_base,20.15,timing_sum,timing_osc_per_min,0.7581107812390175,151.0,,,-0.1911078021144614,0.1568796033643248
2026-07-18T17:38:22+00:00,garn_base,20.15,wgdc,mean_target_attainment,0.8532658056878626,,,40.0,0.0363188093147289,-0.0914018949252604
2026-07-18T17:38:22+00:00,garn_base,20.15,wgdc,mean_peak_mrp,10.3926325,,,40.0,-2.544681785714284,-0.3596591666666651
2026-07-18T17:38:22+00:00,garn_base,20.15,wgdc,wgdc_pegged_pulls,0.0,,,40.0,0.0,0.0
2026-07-18T17:38:22+00:00,garn_base,20.15,ol_fueling,afr_osc_per_min,1.0894704604560714,217.0,,,0.4602131973341022,0.2504388913324331
2026-07-18T17:38:22+00:00,garn_base,20.15,ol_fueling,ffb_wbo2_div_per_min,2.3396001593204114,466.0,,,0.1425324270640442,0.657050221238249
2026-07-18T17:38:22+00:00,garn_base,20.15,ol_fueling,maf_corr_mean_pct,-0.5468435112588055,,115554.0,,0.8149856008347365,-0.5805439723029073
2026-07-18T17:38:22+00:00,garn_base,20.15,ol_fueling,maf_corr_mean_abs_pct,0.8200676324488984,,115554.0,,-1.037501677140822,0.1440593429690864
2026-07-18T17:38:22+00:00,garn_base,20.15,cross_thread,stutter_signature_per_min,1.7622310212906962,351.0,,,0.2477474388615499,0.6225838632297116
2026-07-18T17:38:22+00:00,garn_base,20.16,pedal_throttle,throttle_hunt_per_min,0.4420084865629419,20.0,,,0.0900510343082812,-0.055031032262639
2026-07-18T17:38:22+00:00,garn_base,20.16,pedal_throttle,rpm_swing_per_min,1.591230551626591,72.0,,,-0.0832336909183102,0.3109772455607005
2026-07-18T17:38:22+00:00,garn_base,20.16,avcs,avcs_osc_per_min,0.8619165487977368,39.0,,,-0.1086327892378428,-0.4333985608689289
2026-07-18T17:38:22+00:00,garn_base,20.16,timing_sum,fbkc_events_per_min,0.7956152758132955,36.0,,,0.6782961250617419,0.6198942338042517
2026-07-18T17:38:22+00:00,garn_base,20.16,timing_sum,flkc_events_per_min,0.0,0.0,,,-0.0426615093642013,-0.1054326252054262
2026-07-18T17:38:22+00:00,garn_base,20.16,timing_sum,total_knock_per_min,0.7956152758132955,,,,0.6356346156975407,0.5144616085988254
2026-07-18T17:38:22+00:00,garn_base,20.16,timing_sum,min_fbkc_depth,-11.8,,,,-7.6,-4.800000000000001
2026-07-18T17:38:22+00:00,garn_base,20.16,timing_sum,timing_osc_per_min,0.9503182461103252,43.0,,,0.0010996627568462,0.1922074648713077
2026-07-18T17:38:22+00:00,garn_base,20.16,wgdc,mean_target_attainment,0.7583286756572742,,,9.0,-0.0586183207158593,-0.0949371300305883
2026-07-18T17:38:22+00:00,garn_base,20.16,wgdc,mean_peak_mrp,13.106666666666667,,,9.0,0.1693523809523824,2.714034166666666
2026-07-18T17:38:22+00:00,garn_base,20.16,wgdc,wgdc_pegged_pulls,0.0,,,9.0,0.0,0.0
2026-07-18T17:38:22+00:00,garn_base,20.16,ol_fueling,afr_osc_per_min,0.7735148514851484,35.0,,,0.1442575883631792,-0.315955608970923
2026-07-18T17:38:22+00:00,garn_base,20.16,ol_fueling,ffb_wbo2_div_per_min,2.4310466760961806,110.0,,,0.2339789438398134,0.0914465167757692
2026-07-18T17:38:22+00:00,garn_base,20.16,ol_fueling,maf_corr_mean_pct,-1.831915357217683,,23865.0,,-0.470086245124141,-1.2850718459588777
2026-07-18T17:38:22+00:00,garn_base,20.16,ol_fueling,maf_corr_mean_abs_pct,1.8368916823800543,,23865.0,,-0.020677627209666,1.0168240499311558
2026-07-18T17:38:22+00:00,garn_base,20.16,cross_thread,stutter_signature_per_min,1.5249292786421498,69.0,,,0.0104456962130035,-0.2373017426485464
2026-07-18T17:38:22+00:00,garn_base,20.17,pedal_throttle,throttle_hunt_per_min,0.4267121826328142,28.0,,,0.0747547303781534,-0.0152963039301277
2026-07-18T17:38:22+00:00,garn_base,20.17,pedal_throttle,rpm_swing_per_min,1.8897253802310343,124.0,,,0.215261137686133,0.2984948286044433
2026-07-18T17:38:22+00:00,garn_base,20.17,avcs,avcs_osc_per_min,1.036301014965406,68.0,,,0.0657516769298263,0.1743844661676691
2026-07-18T17:38:22+00:00,garn_base,20.17,timing_sum,fbkc_events_per_min,0.1523972080831479,10.0,,,0.0350780573315943,-0.6432180677301476
2026-07-18T17:38:22+00:00,garn_base,20.17,timing_sum,flkc_events_per_min,0.0,0.0,,,-0.0426615093642013,0.0
2026-07-18T17:38:22+00:00,garn_base,20.17,timing_sum,total_knock_per_min,0.1523972080831479,,,,-0.0075834520326069,-0.6432180677301476
2026-07-18T17:38:22+00:00,garn_base,20.17,timing_sum,min_fbkc_depth,-2.8,,,,1.4000000000000004,9.0
2026-07-18T17:38:22+00:00,garn_base,20.17,timing_sum,timing_osc_per_min,0.5791093907159621,38.0,,,-0.3701091926375168,-0.3712088553943631
2026-07-18T17:38:22+00:00,garn_base,20.17,wgdc,mean_target_attainment,0.6138573194264672,,,6.0,-0.2030896769466664,-0.1444713562308071
2026-07-18T17:38:22+00:00,garn_base,20.17,wgdc,mean_peak_mrp,10.07,,,6.0,-2.8673142857142846,-3.036666666666667
2026-07-18T17:38:22+00:00,garn_base,20.17,wgdc,wgdc_pegged_pulls,0.0,,,6.0,0.0,0.0
2026-07-18T17:38:22+00:00,garn_base,20.17,ol_fueling,afr_osc_per_min,0.7010271571824804,46.0,,,0.0717698940605112,-0.072487694302668
2026-07-18T17:38:22+00:00,garn_base,20.17,ol_fueling,ffb_wbo2_div_per_min,1.981163705080923,130.0,,,-0.2159040271754442,-0.4498829710152576
2026-07-18T17:38:22+00:00,garn_base,20.17,ol_fueling,maf_corr_mean_pct,-1.0980585993330156,,20990.0,,0.2637705127605263,0.7338567578846673
2026-07-18T17:38:22+00:00,garn_base,20.17,ol_fueling,maf_corr_mean_abs_pct,1.1463978084802289,,20990.0,,-0.7111715011094917,-0.6904938738998256
2026-07-18T17:38:22+00:00,garn_base,20.17,cross_thread,stutter_signature_per_min,1.4325337559815905,94.0,,,-0.0819498264475557,-0.0923955226605592
2026-07-18T17:38:22+00:00,garn_base,20.17a,pedal_throttle,throttle_hunt_per_min,0.3716063096582249,217.0,,,0.0196488574035642,-0.0551058729745892
2026-07-18T17:38:22+00:00,garn_base,20.17a,pedal_throttle,rpm_swing_per_min,0.9692588537629278,566.0,,,-0.7052053887819735,-0.9204665264681066
2026-07-18T17:38:22+00:00,garn_base,20.17a,avcs,avcs_osc_per_min,1.1028316286631192,644.0,,,0.1322822906275396,0.0665306136977132
2026-07-18T17:38:22+00:00,garn_base,20.17a,timing_sum,fbkc_events_per_min,0.3579065378735899,209.0,,,0.2405873871220363,0.205509329790442
2026-07-18T17:38:22+00:00,garn_base,20.17a,timing_sum,flkc_events_per_min,0.2380335347580335,139.0,,,0.1953720253938322,0.2380335347580335
2026-07-18T17:38:22+00:00,garn_base,20.17a,timing_sum,total_knock_per_min,0.5959400726316234,,,,0.4359594125158685,0.4435428645484754
2026-07-18T17:38:22+00:00,garn_base,20.17a,timing_sum,min_fbkc_depth,-11.8,,,,-7.6,-9.0
2026-07-18T17:38:22+00:00,garn_base,20.17a,timing_sum,timing_osc_per_min,0.6952634180702273,406.0,,,-0.2539551652832517,0.1161540273542651
2026-07-18T17:38:22+00:00,garn_base,20.17a,wgdc,mean_target_attainment,0.6413366114975961,,,133.0,-0.1756103848755374,0.0274792920711289
2026-07-18T17:38:22+00:00,garn_base,20.17a,wgdc,mean_peak_mrp,10.758872180451128,,,133.0,-2.178442105263157,0.6888721804511277
2026-07-18T17:38:22+00:00,garn_base,20.17a,wgdc,wgdc_pegged_pulls,0.0,,,133.0,0.0,0.0
2026-07-18T17:38:22+00:00,garn_base,20.17a,ol_fueling,afr_osc_per_min,0.919597181043626,537.0,,,0.2903399179216567,0.2185700238611454
2026-07-18T17:38:22+00:00,garn_base,20.17a,ol_fueling,ffb_wbo2_div_per_min,2.0464034103298565,1195.0,,,-0.1506643219265107,0.0652397052489335
2026-07-18T17:38:22+00:00,garn_base,20.17a,ol_fueling,maf_corr_mean_pct,-0.6862652880126549,,233271.0,,0.6755638240808871,0.4117933113203608
2026-07-18T17:38:22+00:00,garn_base,20.17a,ol_fueling,maf_corr_mean_abs_pct,0.8728036918433925,,233271.0,,-0.984765617746328,-0.2735941166368362
2026-07-18T17:38:22+00:00,garn_base,20.17a,cross_thread,stutter_signature_per_min,1.4590256950636298,852.0,,,-0.0554578873655164,0.0264919390820392
2026-07-18T17:38:22+00:00,garn_base,20.18,pedal_throttle,throttle_hunt_per_min,0.4165704413308037,190.0,,,0.0646129890761429,0.0449641316725787
2026-07-18T17:38:22+00:00,garn_base,20.18,pedal_throttle,rpm_swing_per_min,1.1685897117332549,533.0,,,-0.5058745308116466,0.1993308579703269
2026-07-18T17:38:22+00:00,garn_base,20.18,avcs,avcs_osc_per_min,1.6728591933442276,763.0,,,0.702309855308648,0.5700275646811084
2026-07-18T17:38:22+00:00,garn_base,20.18,timing_sum,fbkc_events_per_min,0.3442187330996641,157.0,,,0.2268995823481105,-0.0136878047739258
2026-07-18T17:38:22+00:00,garn_base,20.18,timing_sum,flkc_events_per_min,1.1510499036772208,525.0,,,1.1083883943130195,0.9130163689191874
2026-07-18T17:38:22+00:00,garn_base,20.18,timing_sum,total_knock_per_min,1.495268636776885,,,,1.33528797666113,0.8993285641452616
2026-07-18T17:38:22+00:00,garn_base,20.18,timing_sum,min_fbkc_depth,-11.8,,,,-7.6,0.0
2026-07-18T17:38:22+00:00,garn_base,20.18,timing_sum,timing_osc_per_min,0.9690743950958696,442.0,,,0.0198558117423907,0.2738109770256424
2026-07-18T17:38:22+00:00,garn_base,20.18,wgdc,mean_target_attainment,0.6510269688660338,,,74.0,-0.1659200275070997,0.0096903573684377
2026-07-18T17:38:22+00:00,garn_base,20.18,wgdc,mean_peak_mrp,10.924036486486486,,,74.0,-2.013277799227799,0.1651643060353578
2026-07-18T17:38:22+00:00,garn_base,20.18,wgdc,wgdc_pegged_pulls,0.0,,,74.0,0.0,0.0
2026-07-18T17:38:22+00:00,garn_base,20.18,ol_fueling,afr_osc_per_min,1.0896605754811024,497.0,,,0.4604033123591332,0.1700633944374765
2026-07-18T17:38:22+00:00,garn_base,20.18,ol_fueling,ffb_wbo2_div_per_min,2.565196928194949,1170.0,,,0.3681291959385819,0.5187935178650926
2026-07-18T17:38:22+00:00,garn_base,20.18,ol_fueling,maf_corr_mean_pct,-1.5578152589319856,,235390.0,,-0.1959861468384436,-0.8715499709193307
2026-07-18T17:38:22+00:00,garn_base,20.18,ol_fueling,maf_corr_mean_abs_pct,1.627248685160797,,235390.0,,-0.2303206244289233,0.7544449933174046
2026-07-18T17:38:22+00:00,garn_base,20.18,cross_thread,stutter_signature_per_min,1.8351024178625408,837.0,,,0.3206188354333943,0.3760767227989108
2026-07-18T17:38:22+00:00,garn_base,20.18a,pedal_throttle,throttle_hunt_per_min,0.5631238718237499,219.0,,,0.2111664195690891,0.1465534304929461
2026-07-18T17:38:22+00:00,garn_base,20.18a,pedal_throttle,rpm_swing_per_min,1.3499544872487157,525.0,,,-0.3245097552961857,0.1813647755154608
2026-07-18T17:38:22+00:00,garn_base,20.18a,avcs,avcs_osc_per_min,1.3370977778463466,520.0,,,0.366548439810767,-0.3357614154978809
2026-07-18T17:38:22+00:00,garn_base,20.18a,timing_sum,fbkc_events_per_min,0.1259957521432134,49.0,,,0.0086766013916598,-0.2182229809564506
2026-07-18T17:38:22+00:00,garn_base,20.18a,timing_sum,flkc_events_per_min,0.0,0.0,,,-0.0426615093642013,-1.1510499036772208
2026-07-18T17:38:22+00:00,garn_base,20.18a,timing_sum,total_knock_per_min,0.1259957521432134,,,,-0.0339849079725414,-1.3692728846336717
2026-07-18T17:38:22+00:00,garn_base,20.18a,timing_sum,min_fbkc_depth,-4.2,,,,0.0,7.6
2026-07-18T17:38:22+00:00,garn_base,20.18a,timing_sum,timing_osc_per_min,0.7405464615764382,288.0,,,-0.2086721217770407,-0.2285279335194314
2026-07-18T17:38:22+00:00,garn_base,20.18a,wgdc,mean_target_attainment,0.6567814955139909,,,86.0,-0.1601655008591427,0.005754526647957
2026-07-18T17:38:22+00:00,garn_base,20.18a,wgdc,mean_peak_mrp,11.101327906976744,,,86.0,-1.835986378737541,0.177291420490258
2026-07-18T17:38:22+00:00,garn_base,20.18a,wgdc,wgdc_pegged_pulls,0.0,,,86.0,0.0,0.0
2026-07-18T17:38:22+00:00,garn_base,20.18a,ol_fueling,afr_osc_per_min,1.06453553851613,414.0,,,0.4352782753941607,-0.0251250369649724
2026-07-18T17:38:22+00:00,garn_base,20.18a,ol_fueling,ffb_wbo2_div_per_min,2.2859229317411582,889.0,,,0.088855199484791,-0.2792739964537909
2026-07-18T17:38:22+00:00,garn_base,20.18a,ol_fueling,maf_corr_mean_pct,-0.0242856527644441,,183328.0,,1.3375434593290978,1.5335296061675414
2026-07-18T17:38:22+00:00,garn_base,20.18a,ol_fueling,maf_corr_mean_abs_pct,1.1730302656986389,,183328.0,,-0.6845390438910817,-0.4542184194621583
2026-07-18T17:38:22+00:00,garn_base,20.18a,cross_thread,stutter_signature_per_min,1.7330844274393034,674.0,,,0.218600845010157,-0.1020179904232372
2026-07-18T17:57:18+00:00,garn_base,garn_base,pedal_throttle,throttle_hunt_per_min,0.3519574522546607,33.0,,,0.0,
2026-07-18T17:57:18+00:00,garn_base,garn_base,pedal_throttle,rpm_swing_per_min,1.6744642425449012,157.0,,,0.0,
2026-07-18T17:57:18+00:00,garn_base,garn_base,avcs,avcs_osc_per_min,0.9705493380355796,91.0,,,0.0,
2026-07-18T17:57:18+00:00,garn_base,garn_base,timing_sum,fbkc_events_per_min,0.1173191507515535,11.0,,,0.0,
2026-07-18T17:57:18+00:00,garn_base,garn_base,timing_sum,flkc_events_per_min,0.0426615093642013,4.0,,,0.0,
2026-07-18T17:57:18+00:00,garn_base,garn_base,timing_sum,total_knock_per_min,0.1599806601157548,,,,0.0,
2026-07-18T17:57:18+00:00,garn_base,garn_base,timing_sum,min_fbkc_depth,-4.2,,,,0.0,
2026-07-18T17:57:18+00:00,garn_base,garn_base,timing_sum,timing_osc_per_min,0.949218583353479,89.0,,,0.0,
2026-07-18T17:57:18+00:00,garn_base,garn_base,wgdc,mean_target_attainment,0.8169469963731336,,,7.0,0.0,
2026-07-18T17:57:18+00:00,garn_base,garn_base,wgdc,mean_peak_mrp,12.937314285714285,,,7.0,0.0,
2026-07-18T17:57:18+00:00,garn_base,garn_base,wgdc,wgdc_pegged_pulls,0.0,,,7.0,0.0,
2026-07-18T17:57:18+00:00,garn_base,garn_base,ol_fueling,afr_osc_per_min,0.6292572631219692,59.0,,,0.0,
2026-07-18T17:57:18+00:00,garn_base,garn_base,ol_fueling,ffb_wbo2_div_per_min,2.197067732256367,206.0,,,0.0,
2026-07-18T17:57:18+00:00,garn_base,garn_base,ol_fueling,maf_corr_mean_pct,-1.361829112093542,,48406.0,,0.0,
2026-07-18T17:57:18+00:00,garn_base,garn_base,ol_fueling,maf_corr_mean_abs_pct,1.8575693095897203,,48406.0,,0.0,
2026-07-18T17:57:18+00:00,garn_base,garn_base,cross_thread,stutter_signature_per_min,1.5144835824291465,142.0,,,0.0,
2026-07-18T17:57:18+00:00,garn_base,20.7,pedal_throttle,throttle_hunt_per_min,0.2077667606966098,41.0,,,-0.1441906915580509,-0.1441906915580509
2026-07-18T17:57:18+00:00,garn_base,20.7,pedal_throttle,rpm_swing_per_min,1.1199135149744093,221.0,,,-0.554550727570492,-0.554550727570492
2026-07-18T17:57:18+00:00,garn_base,20.7,avcs,avcs_osc_per_min,1.1047110690697792,218.0,,,0.1341617310341996,0.1341617310341996
2026-07-18T17:57:18+00:00,garn_base,20.7,timing_sum,fbkc_events_per_min,0.1976317967601898,39.0,,,0.0803126460086362,0.0803126460086362
2026-07-18T17:57:18+00:00,garn_base,20.7,timing_sum,flkc_events_per_min,0.0,0.0,,,-0.0426615093642013,-0.0426615093642013
2026-07-18T17:57:18+00:00,garn_base,20.7,timing_sum,total_knock_per_min,0.1976317967601898,,,,0.0376511366444349,0.0376511366444349
2026-07-18T17:57:18+00:00,garn_base,20.7,timing_sum,min_fbkc_depth,-9.45,,,,-5.249999999999999,-5.249999999999999
2026-07-18T17:57:18+00:00,garn_base,20.7,timing_sum,timing_osc_per_min,1.0286988395466292,203.0,,,0.0794802561931502,0.0794802561931502
2026-07-18T17:57:18+00:00,garn_base,20.7,wgdc,mean_target_attainment,0.7155336009521309,,,11.0,-0.1014133954210027,-0.1014133954210027
2026-07-18T17:57:18+00:00,garn_base,20.7,wgdc,mean_peak_mrp,8.492345454545456,,,11.0,-4.444968831168829,-4.444968831168829
2026-07-18T17:57:18+00:00,garn_base,20.7,wgdc,wgdc_pegged_pulls,0.0,,,11.0,0.0,0.0
2026-07-18T17:57:18+00:00,garn_base,20.7,ol_fueling,afr_osc_per_min,0.6739751017719295,133.0,,,0.0447178386499603,0.0447178386499603
2026-07-18T17:57:18+00:00,garn_base,20.7,ol_fueling,ffb_wbo2_div_per_min,2.077667606966098,410.0,,,-0.1194001252902685,-0.1194001252902685
2026-07-18T17:57:18+00:00,garn_base,20.7,ol_fueling,maf_corr_mean_pct,2.261221591094371,,122664.0,,3.623050703187913,3.623050703187913
2026-07-18T17:57:18+00:00,garn_base,20.7,ol_fueling,maf_corr_mean_abs_pct,2.435605541560686,,122664.0,,0.5780362319709655,0.5780362319709655
2026-07-18T17:57:18+00:00,garn_base,20.7,cross_thread,stutter_signature_per_min,1.4036925051941689,277.0,,,-0.1107910772349773,-0.1107910772349773
2026-07-18T17:57:18+00:00,garn_base,20.8,pedal_throttle,throttle_hunt_per_min,0.3619609867786033,43.0,,,0.0100035345239425,0.1541942260819934
2026-07-18T17:57:18+00:00,garn_base,20.8,pedal_throttle,rpm_swing_per_min,1.4562616444813576,173.0,,,-0.2182025980635435,0.3363481295069483
2026-07-18T17:57:18+00:00,garn_base,20.8,avcs,avcs_osc_per_min,1.1868953287391413,141.0,,,0.2163459907035616,0.082184259669362
2026-07-18T17:57:18+00:00,garn_base,20.8,timing_sum,fbkc_events_per_min,0.1431008552380525,17.0,,,0.0257817044864989,-0.0545309415221373
2026-07-18T17:57:18+00:00,garn_base,20.8,timing_sum,flkc_events_per_min,0.033670789467777,4.0,,,-0.0089907198964242,0.033670789467777
2026-07-18T17:57:18+00:00,garn_base,20.8,timing_sum,total_knock_per_min,0.1767716447058295,,,,0.0167909845900746,-0.0208601520543603
2026-07-18T17:57:18+00:00,garn_base,20.8,timing_sum,min_fbkc_depth,-4.2,,,,0.0,5.249999999999999
2026-07-18T17:57:18+00:00,garn_base,20.8,timing_sum,timing_osc_per_min,1.119553749803587,133.0,,,0.170335166450108,0.0908549102569578
2026-07-18T17:57:18+00:00,garn_base,20.8,wgdc,mean_target_attainment,0.831825968983463,,,12.0,0.0148789726103293,0.116292368031332
2026-07-18T17:57:18+00:00,garn_base,20.8,wgdc,mean_peak_mrp,12.8,,,12.0,-0.1373142857142859,4.307654545454543
2026-07-18T17:57:18+00:00,garn_base,20.8,wgdc,wgdc_pegged_pulls,0.0,,,12.0,0.0,0.0
2026-07-18T17:57:18+00:00,garn_base,20.8,ol_fueling,afr_osc_per_min,1.0774652629688657,128.0,,,0.4482079998468965,0.4034901611969361
2026-07-18T17:57:18+00:00,garn_base,20.8,ol_fueling,ffb_wbo2_div_per_min,2.7610047363577186,328.0,,,0.5639370041013514,0.68333712939162
2026-07-18T17:57:18+00:00,garn_base,20.8,ol_fueling,maf_corr_mean_pct,-1.7333832306534345,,71744.0,,-0.3715541185598925,-3.9946048217478056
2026-07-18T17:57:18+00:00,garn_base,20.8,ol_fueling,maf_corr_mean_abs_pct,1.8462282518398747,,71744.0,,-0.0113410577498456,-0.5893772897208112
2026-07-18T17:57:18+00:00,garn_base,20.8,cross_thread,stutter_signature_per_min,1.9949942759657904,237.0,,,0.4805106935366443,0.5913017707716217
2026-07-18T17:57:18+00:00,garn_base,20.9,pedal_throttle,throttle_hunt_per_min,0.2395145837768788,21.0,,,-0.1124428684777819,-0.1224464030017244
2026-07-18T17:57:18+00:00,garn_base,20.9,pedal_throttle,rpm_swing_per_min,0.9010310532558776,79.0,,,-0.7734331892890236,-0.55523059122548
2026-07-18T17:57:18+00:00,garn_base,20.9,avcs,avcs_osc_per_min,1.0493019860701358,92.0,,,0.0787526480345561,-0.1375933426690054
2026-07-18T17:57:18+00:00,garn_base,20.9,timing_sum,fbkc_events_per_min,0.0570272818516378,5.0,,,-0.0602918688999157,-0.0860735733864146
2026-07-18T17:57:18+00:00,garn_base,20.9,timing_sum,flkc_events_per_min,0.0,0.0,,,-0.0426615093642013,-0.033670789467777
2026-07-18T17:57:18+00:00,garn_base,20.9,timing_sum,total_knock_per_min,0.0570272818516378,,,,-0.102953378264117,-0.1197443628541917
2026-07-18T17:57:18+00:00,garn_base,20.9,timing_sum,min_fbkc_depth,-2.8,,,,1.4000000000000004,1.4000000000000004
2026-07-18T17:57:18+00:00,garn_base,20.9,timing_sum,timing_osc_per_min,0.9466528787371878,83.0,,,-0.0025657046162911,-0.1729008710663991
2026-07-18T17:57:18+00:00,garn_base,20.9,wgdc,mean_target_attainment,0.5896524232109547,,,11.0,-0.2272945731621789,-0.2421735457725082
2026-07-18T17:57:18+00:00,garn_base,20.9,wgdc,mean_peak_mrp,8.940772727272728,,,11.0,-3.9965415584415567,-3.859227272727271
2026-07-18T17:57:18+00:00,garn_base,20.9,wgdc,wgdc_pegged_pulls,0.0,,,11.0,0.0,0.0
2026-07-18T17:57:18+00:00,garn_base,20.9,ol_fueling,afr_osc_per_min,0.5360564494053955,47.0,,,-0.0932008137165736,-0.5414088135634701
2026-07-18T17:57:18+00:00,garn_base,20.9,ol_fueling,ffb_wbo2_div_per_min,1.6994129991788072,149.0,,,-0.49765473307756,-1.0615917371789114
2026-07-18T17:57:18+00:00,garn_base,20.9,ol_fueling,maf_corr_mean_pct,-1.017067829789973,,46613.0,,0.3447612823035693,0.7163154008634618
2026-07-18T17:57:18+00:00,garn_base,20.9,ol_fueling,maf_corr_mean_abs_pct,1.3385986559543477,,46613.0,,-0.5189706536353729,-0.5076295958855273
2026-07-18T17:57:18+00:00,garn_base,20.9,cross_thread,stutter_signature_per_min,1.1291401806624288,99.0,,,-0.3853434017667174,-0.8658540953033618
2026-07-18T17:57:18+00:00,garn_base,20.10,pedal_throttle,throttle_hunt_per_min,0.3037199620957487,25.0,,,-0.048237490158912,0.0642053783188698
2026-07-18T17:57:18+00:00,garn_base,20.10,pedal_throttle,rpm_swing_per_min,1.6036413998655532,132.0,,,-0.070822842679348,0.7026103466096756
2026-07-18T17:57:18+00:00,garn_base,20.10,avcs,avcs_osc_per_min,0.935457483254906,77.0,,,-0.0350918547806735,-0.1138445028152297
2026-07-18T17:57:18+00:00,garn_base,20.10,timing_sum,fbkc_events_per_min,0.218678372708939,18.0,,,0.1013592219573855,0.1616510908573012
2026-07-18T17:57:18+00:00,garn_base,20.10,timing_sum,flkc_events_per_min,0.0,0.0,,,-0.0426615093642013,0.0
2026-07-18T17:57:18+00:00,garn_base,20.10,timing_sum,total_knock_per_min,0.218678372708939,,,,0.0586977125931842,0.1616510908573012
2026-07-18T17:57:18+00:00,garn_base,20.10,timing_sum,min_fbkc_depth,-7.0,,,,-2.8,-4.2
2026-07-18T17:57:18+00:00,garn_base,20.10,timing_sum,timing_osc_per_min,0.5709935287400075,47.0,,,-0.3782250546134714,-0.3756593499971803
2026-07-18T17:57:18+00:00,garn_base,20.10,wgdc,mean_target_attainment,0.7285170880655274,,,6.0,-0.0884299083076062,0.1388646648545727
2026-07-18T17:57:18+00:00,garn_base,20.10,wgdc,mean_peak_mrp,11.253333333333336,,,6.0,-1.6839809523809492,2.3125606060606074
2026-07-18T17:57:18+00:00,garn_base,20.10,wgdc,wgdc_pegged_pulls,0.0,,,6.0,0.0,0.0
2026-07-18T17:57:18+00:00,garn_base,20.10,ol_fueling,afr_osc_per_min,0.7532255059974567,62.0,,,0.1239682428754875,0.2171690565920612
2026-07-18T17:57:18+00:00,garn_base,20.10,ol_fueling,ffb_wbo2_div_per_min,1.919510160445132,158.0,,,-0.2775575718112353,0.2200971612663247
2026-07-18T17:57:18+00:00,garn_base,20.10,ol_fueling,maf_corr_mean_pct,-1.9156069866694767,,37958.0,,-0.5537778745759347,-0.898539156879504
2026-07-18T17:57:18+00:00,garn_base,20.10,ol_fueling,maf_corr_mean_abs_pct,1.9409307655830128,,37958.0,,0.0833614559932922,0.6023321096286651
2026-07-18T17:57:18+00:00,garn_base,20.10,cross_thread,stutter_signature_per_min,1.3606654301889545,112.0,,,-0.153818152240192,0.2315252495265254
2026-07-18T17:57:18+00:00,garn_base,20.11,pedal_throttle,throttle_hunt_per_min,0.4962131104727083,38.0,,,0.1442556582180475,0.1924931483769595
2026-07-18T17:57:18+00:00,garn_base,20.11,pedal_throttle,rpm_swing_per_min,2.376599634369287,182.0,,,0.7021353918243858,0.7729582345037338
2026-07-18T17:57:18+00:00,garn_base,20.11,avcs,avcs_osc_per_min,1.3188822146774617,101.0,,,0.3483328766418818,0.3834247314225554
2026-07-18T17:57:18+00:00,garn_base,20.11,timing_sum,fbkc_events_per_min,0.3003395142334813,23.0,,,0.1830203634819277,0.0816611415245422
2026-07-18T17:57:18+00:00,garn_base,20.11,timing_sum,flkc_events_per_min,0.3395142334813267,26.0,,,0.2968527241171254,0.3395142334813267
2026-07-18T17:57:18+00:00,garn_base,20.11,timing_sum,total_knock_per_min,0.6398537477148081,,,,0.4798730875990532,0.421175375005869
2026-07-18T17:57:18+00:00,garn_base,20.11,timing_sum,min_fbkc_depth,-4.2,,,,0.0,2.8
2026-07-18T17:57:18+00:00,garn_base,20.11,timing_sum,timing_osc_per_min,0.8749020632018804,67.0,,,-0.0743165201515986,0.3039085344618728
2026-07-18T17:57:18+00:00,garn_base,20.11,wgdc,mean_target_attainment,0.7676399339712541,,,20.0,-0.0493070624018795,0.0391228459057266
2026-07-18T17:57:18+00:00,garn_base,20.11,wgdc,mean_peak_mrp,13.5645,,,20.0,0.6271857142857158,2.311166666666665
2026-07-18T17:57:18+00:00,garn_base,20.11,wgdc,wgdc_pegged_pulls,0.0,,,20.0,0.0,0.0
2026-07-18T17:57:18+00:00,garn_base,20.11,ol_fueling,afr_osc_per_min,1.2013580569339253,92.0,,,0.5721007938119561,0.4481325509364685
2026-07-18T17:57:18+00:00,garn_base,20.11,ol_fueling,ffb_wbo2_div_per_min,2.8075215460955865,215.0,,,0.6104538138392193,0.8880113856504546
2026-07-18T17:57:18+00:00,garn_base,20.11,ol_fueling,maf_corr_mean_pct,-1.0785863660127748,,43993.0,,0.2832427460807671,0.8370206206567019
2026-07-18T17:57:18+00:00,garn_base,20.11,ol_fueling,maf_corr_mean_abs_pct,1.4322658150160257,,43993.0,,-0.4253034945736949,-0.5086649505669871
2026-07-18T17:57:18+00:00,garn_base,20.11,cross_thread,stutter_signature_per_min,1.893444763645861,145.0,,,0.3789611812167144,0.5327793334569064
2026-07-18T17:57:18+00:00,garn_base,20.12,pedal_throttle,throttle_hunt_per_min,0.2266585302066079,78.0,,,-0.1252989220480527,-0.2695545802661003
2026-07-18T17:57:18+00:00,garn_base,20.12,pedal_throttle,rpm_swing_per_min,1.0693633220004068,368.0,,,-0.6051009205444944,-1.3072363123688802
2026-07-18T17:57:18+00:00,garn_base,20.12,avcs,avcs_osc_per_min,1.127480893848255,388.0,,,0.1569315558126753,-0.1914013208292064
2026-07-18T17:57:18+00:00,garn_base,20.12,timing_sum,fbkc_events_per_min,0.0900822363641647,31.0,,,-0.0272369143873888,-0.2102572778693166
2026-07-18T17:57:18+00:00,garn_base,20.12,timing_sum,flkc_events_per_min,0.1656350797663673,57.0,,,0.122973570402166,-0.1738791537149593
2026-07-18T17:57:18+00:00,garn_base,20.12,timing_sum,total_knock_per_min,0.255717316130532,,,,0.0957366560147771,-0.384136431584276
2026-07-18T17:57:18+00:00,garn_base,20.12,timing_sum,min_fbkc_depth,-7.0,,,,-2.8,-2.8
2026-07-18T17:57:18+00:00,garn_base,20.12,timing_sum,timing_osc_per_min,0.709034376543748,244.0,,,-0.2401842068097309,-0.1658676866581323
2026-07-18T17:57:18+00:00,garn_base,20.12,wgdc,mean_target_attainment,0.8293115953918506,,,72.0,0.012364599018717,0.0616716614205965
2026-07-18T17:57:18+00:00,garn_base,20.12,wgdc,mean_peak_mrp,9.870416666666666,,,72.0,-3.06689761904762,-3.694083333333335
2026-07-18T17:57:18+00:00,garn_base,20.12,wgdc,wgdc_pegged_pulls,0.0,,,72.0,0.0,0.0
2026-07-18T17:57:18+00:00,garn_base,20.12,ol_fueling,afr_osc_per_min,0.9037282422340396,311.0,,,0.2744709791120703,-0.2976298146998858
2026-07-18T17:57:18+00:00,garn_base,20.12,ol_fueling,ffb_wbo2_div_per_min,2.0515502862290416,706.0,,,-0.1455174460273256,-0.7559712598665449
2026-07-18T17:57:18+00:00,garn_base,20.12,ol_fueling,maf_corr_mean_pct,1.8318566670646304,,242903.0,,3.1936857791581725,2.9104430330774056
2026-07-18T17:57:18+00:00,garn_base,20.12,ol_fueling,maf_corr_mean_abs_pct,2.3931842752045056,,242903.0,,0.5356149656147853,0.9609184601884802
2026-07-18T17:57:18+00:00,garn_base,20.12,cross_thread,stutter_signature_per_min,1.3657629384244327,470.0,,,-0.1487206440047135,-0.5276818252214279
2026-07-18T17:57:18+00:00,garn_base,20.13,pedal_throttle,throttle_hunt_per_min,0.2648793996066942,44.0,,,-0.0870780526479664,0.0382208694000862
2026-07-18T17:57:18+00:00,garn_base,20.13,pedal_throttle,rpm_swing_per_min,0.9210579122687322,153.0,,,-0.753406330276169,-0.1483054097316746
2026-07-18T17:57:18+00:00,garn_base,20.13,avcs,avcs_osc_per_min,1.1136974756190554,185.0,,,0.1431481375834757,-0.0137834182291995
2026-07-18T17:57:18+00:00,garn_base,20.13,timing_sum,fbkc_events_per_min,0.1444796725127423,24.0,,,0.0271605217611887,0.0543974361485776
2026-07-18T17:57:18+00:00,garn_base,20.13,timing_sum,flkc_events_per_min,0.0,0.0,,,-0.0426615093642013,-0.1656350797663673
2026-07-18T17:57:18+00:00,garn_base,20.13,timing_sum,total_knock_per_min,0.1444796725127423,,,,-0.0155009876030125,-0.1112376436177897
2026-07-18T17:57:18+00:00,garn_base,20.13,timing_sum,min_fbkc_depth,-2.8,,,,1.4000000000000004,4.2
2026-07-18T17:57:18+00:00,garn_base,20.13,timing_sum,timing_osc_per_min,0.7103583898543164,118.0,,,-0.2388601934991625,0.0013240133105684
2026-07-18T17:57:18+00:00,garn_base,20.13,wgdc,mean_target_attainment,0.954700570107872,,,37.0,0.1377535737347383,0.1253889747160212
2026-07-18T17:57:18+00:00,garn_base,20.13,wgdc,mean_peak_mrp,10.694864864864863,,,37.0,-2.24244942084942,0.8244481981981995
2026-07-18T17:57:18+00:00,garn_base,20.13,wgdc,wgdc_pegged_pulls,0.0,,,37.0,0.0,0.0
2026-07-18T17:57:18+00:00,garn_base,20.13,ol_fueling,afr_osc_per_min,1.0113577075891962,168.0,,,0.382100444467227,0.1076294653551567
2026-07-18T17:57:18+00:00,garn_base,20.13,ol_fueling,ffb_wbo2_div_per_min,1.998635469759602,332.0,,,-0.1984322624967651,-0.0529148164694395
2026-07-18T17:57:18+00:00,garn_base,20.13,ol_fueling,maf_corr_mean_pct,1.100560202997514,,96947.0,,2.4623893150910563,-0.7312964640671165
2026-07-18T17:57:18+00:00,garn_base,20.13,ol_fueling,maf_corr_mean_abs_pct,1.120532765325384,,96947.0,,-0.7370365442643363,-1.2726515098791216
2026-07-18T17:57:18+00:00,garn_base,20.13,cross_thread,stutter_signature_per_min,1.4508167114821209,241.0,,,-0.0636668709470253,0.0850537730576881
2026-07-18T17:57:18+00:00,garn_base,20.14,pedal_throttle,throttle_hunt_per_min,0.2602343904233745,58.0,,,-0.0917230618312862,-0.0046450091833197
2026-07-18T17:57:18+00:00,garn_base,20.14,pedal_throttle,rpm_swing_per_min,1.000556363179526,223.0,,,-0.6739078793653752,0.0794984509107937
2026-07-18T17:57:18+00:00,garn_base,20.14,avcs,avcs_osc_per_min,0.9691487643353256,216.0,,,-0.001400573700254,-0.1445487112837298
2026-07-18T17:57:18+00:00,garn_base,20.14,timing_sum,fbkc_events_per_min,0.1794719933954306,40.0,,,0.062152842643877,0.0349923208826883
2026-07-18T17:57:18+00:00,garn_base,20.14,timing_sum,flkc_events_per_min,0.3095891886071178,69.0,,,0.2669276792429165,0.3095891886071178
2026-07-18T17:57:18+00:00,garn_base,20.14,timing_sum,total_knock_per_min,0.4890611820025485,,,,0.3290805218867937,0.3445815094898062
2026-07-18T17:57:18+00:00,garn_base,20.14,timing_sum,min_fbkc_depth,-8.05,,,,-3.850000000000001,-5.250000000000001
2026-07-18T17:57:18+00:00,garn_base,20.14,timing_sum,timing_osc_per_min,0.6012311778746927,134.0,,,-0.3479874054787862,-0.1091272119796237
2026-07-18T17:57:18+00:00,garn_base,20.14,wgdc,mean_target_attainment,0.944667700613123,,,48.0,0.1277207042399893,-0.0100328694947489
2026-07-18T17:57:18+00:00,garn_base,20.14,wgdc,mean_peak_mrp,10.752291666666666,,,48.0,-2.1850226190476185,0.0574268018018013
2026-07-18T17:57:18+00:00,garn_base,20.14,wgdc,wgdc_pegged_pulls,0.0,,,48.0,0.0,0.0
2026-07-18T17:57:18+00:00,garn_base,20.14,ol_fueling,afr_osc_per_min,0.8390315691236383,187.0,,,0.2097743060016691,-0.1723261384655579
2026-07-18T17:57:18+00:00,garn_base,20.14,ol_fueling,ffb_wbo2_div_per_min,1.6825499380821625,375.0,,,-0.5145177941742047,-0.3160855316774396
2026-07-18T17:57:18+00:00,garn_base,20.14,ol_fueling,maf_corr_mean_pct,0.0337004610441018,,107365.0,,1.3955295731376438,-1.0668597419534125
2026-07-18T17:57:18+00:00,garn_base,20.14,ol_fueling,maf_corr_mean_abs_pct,0.676008289479812,,107365.0,,-1.1815610201099085,-0.4445244758455721
2026-07-18T17:57:18+00:00,garn_base,20.14,cross_thread,stutter_signature_per_min,1.1396471580609846,254.0,,,-0.3748364243681616,-0.3111695534211363
2026-07-18T17:57:18+00:00,garn_base,20.15,pedal_throttle,throttle_hunt_per_min,0.497039518825581,99.0,,,0.1450820665709202,0.2368051284022065
2026-07-18T17:57:18+00:00,garn_base,20.15,pedal_throttle,rpm_swing_per_min,1.2802533060658905,255.0,,,-0.3942109364790107,0.2796969428863645
2026-07-18T17:57:18+00:00,garn_base,20.15,avcs,avcs_osc_per_min,1.2953151096666655,258.0,,,0.3247657716310861,0.3261663453313401
2026-07-18T17:57:18+00:00,garn_base,20.15,timing_sum,fbkc_events_per_min,0.1757210420090438,35.0,,,0.0584018912574902,-0.0037509513863868
2026-07-18T17:57:18+00:00,garn_base,20.15,timing_sum,flkc_events_per_min,0.1054326252054262,21.0,,,0.0627711158412249,-0.2041565634016915
2026-07-18T17:57:18+00:00,garn_base,20.15,timing_sum,total_knock_per_min,0.28115366721447,,,,0.1211730070987151,-0.2079075147880785
2026-07-18T17:57:18+00:00,garn_base,20.15,timing_sum,min_fbkc_depth,-7.0,,,,-2.8,1.0500000000000007
2026-07-18T17:57:18+00:00,garn_base,20.15,timing_sum,timing_osc_per_min,0.7581107812390175,151.0,,,-0.1911078021144614,0.1568796033643248
2026-07-18T17:57:18+00:00,garn_base,20.15,wgdc,mean_target_attainment,0.8532658056878626,,,40.0,0.0363188093147289,-0.0914018949252604
2026-07-18T17:57:18+00:00,garn_base,20.15,wgdc,mean_peak_mrp,10.3926325,,,40.0,-2.544681785714284,-0.3596591666666651
2026-07-18T17:57:18+00:00,garn_base,20.15,wgdc,wgdc_pegged_pulls,0.0,,,40.0,0.0,0.0
2026-07-18T17:57:18+00:00,garn_base,20.15,ol_fueling,afr_osc_per_min,1.0894704604560714,217.0,,,0.4602131973341022,0.2504388913324331
2026-07-18T17:57:18+00:00,garn_base,20.15,ol_fueling,ffb_wbo2_div_per_min,2.3396001593204114,466.0,,,0.1425324270640442,0.657050221238249
2026-07-18T17:57:18+00:00,garn_base,20.15,ol_fueling,maf_corr_mean_pct,-0.5468435112588055,,115554.0,,0.8149856008347365,-0.5805439723029073
2026-07-18T17:57:18+00:00,garn_base,20.15,ol_fueling,maf_corr_mean_abs_pct,0.8200676324488984,,115554.0,,-1.037501677140822,0.1440593429690864
2026-07-18T17:57:18+00:00,garn_base,20.15,cross_thread,stutter_signature_per_min,1.7622310212906962,351.0,,,0.2477474388615499,0.6225838632297116
2026-07-18T17:57:18+00:00,garn_base,20.16,pedal_throttle,throttle_hunt_per_min,0.4420084865629419,20.0,,,0.0900510343082812,-0.055031032262639
2026-07-18T17:57:18+00:00,garn_base,20.16,pedal_throttle,rpm_swing_per_min,1.591230551626591,72.0,,,-0.0832336909183102,0.3109772455607005
2026-07-18T17:57:18+00:00,garn_base,20.16,avcs,avcs_osc_per_min,0.8619165487977368,39.0,,,-0.1086327892378428,-0.4333985608689289
2026-07-18T17:57:18+00:00,garn_base,20.16,timing_sum,fbkc_events_per_min,0.7956152758132955,36.0,,,0.6782961250617419,0.6198942338042517
2026-07-18T17:57:18+00:00,garn_base,20.16,timing_sum,flkc_events_per_min,0.0,0.0,,,-0.0426615093642013,-0.1054326252054262
2026-07-18T17:57:18+00:00,garn_base,20.16,timing_sum,total_knock_per_min,0.7956152758132955,,,,0.6356346156975407,0.5144616085988254
2026-07-18T17:57:18+00:00,garn_base,20.16,timing_sum,min_fbkc_depth,-11.8,,,,-7.6,-4.800000000000001
2026-07-18T17:57:18+00:00,garn_base,20.16,timing_sum,timing_osc_per_min,0.9503182461103252,43.0,,,0.0010996627568462,0.1922074648713077
2026-07-18T17:57:18+00:00,garn_base,20.16,wgdc,mean_target_attainment,0.7583286756572742,,,9.0,-0.0586183207158593,-0.0949371300305883
2026-07-18T17:57:18+00:00,garn_base,20.16,wgdc,mean_peak_mrp,13.106666666666667,,,9.0,0.1693523809523824,2.714034166666666
2026-07-18T17:57:18+00:00,garn_base,20.16,wgdc,wgdc_pegged_pulls,0.0,,,9.0,0.0,0.0
2026-07-18T17:57:18+00:00,garn_base,20.16,ol_fueling,afr_osc_per_min,0.7735148514851484,35.0,,,0.1442575883631792,-0.315955608970923
2026-07-18T17:57:18+00:00,garn_base,20.16,ol_fueling,ffb_wbo2_div_per_min,2.4310466760961806,110.0,,,0.2339789438398134,0.0914465167757692
2026-07-18T17:57:18+00:00,garn_base,20.16,ol_fueling,maf_corr_mean_pct,-1.831915357217683,,23865.0,,-0.470086245124141,-1.2850718459588777
2026-07-18T17:57:18+00:00,garn_base,20.16,ol_fueling,maf_corr_mean_abs_pct,1.8368916823800543,,23865.0,,-0.020677627209666,1.0168240499311558
2026-07-18T17:57:18+00:00,garn_base,20.16,cross_thread,stutter_signature_per_min,1.5249292786421498,69.0,,,0.0104456962130035,-0.2373017426485464
2026-07-18T17:57:18+00:00,garn_base,20.17,pedal_throttle,throttle_hunt_per_min,0.4267121826328142,28.0,,,0.0747547303781534,-0.0152963039301277
2026-07-18T17:57:18+00:00,garn_base,20.17,pedal_throttle,rpm_swing_per_min,1.8897253802310343,124.0,,,0.215261137686133,0.2984948286044433
2026-07-18T17:57:18+00:00,garn_base,20.17,avcs,avcs_osc_per_min,1.036301014965406,68.0,,,0.0657516769298263,0.1743844661676691
2026-07-18T17:57:18+00:00,garn_base,20.17,timing_sum,fbkc_events_per_min,0.1523972080831479,10.0,,,0.0350780573315943,-0.6432180677301476
2026-07-18T17:57:18+00:00,garn_base,20.17,timing_sum,flkc_events_per_min,0.0,0.0,,,-0.0426615093642013,0.0
2026-07-18T17:57:18+00:00,garn_base,20.17,timing_sum,total_knock_per_min,0.1523972080831479,,,,-0.0075834520326069,-0.6432180677301476
2026-07-18T17:57:18+00:00,garn_base,20.17,timing_sum,min_fbkc_depth,-2.8,,,,1.4000000000000004,9.0
2026-07-18T17:57:18+00:00,garn_base,20.17,timing_sum,timing_osc_per_min,0.5791093907159621,38.0,,,-0.3701091926375168,-0.3712088553943631
2026-07-18T17:57:18+00:00,garn_base,20.17,wgdc,mean_target_attainment,0.6138573194264672,,,6.0,-0.2030896769466664,-0.1444713562308071
2026-07-18T17:57:18+00:00,garn_base,20.17,wgdc,mean_peak_mrp,10.07,,,6.0,-2.8673142857142846,-3.036666666666667
2026-07-18T17:57:18+00:00,garn_base,20.17,wgdc,wgdc_pegged_pulls,0.0,,,6.0,0.0,0.0
2026-07-18T17:57:18+00:00,garn_base,20.17,ol_fueling,afr_osc_per_min,0.7010271571824804,46.0,,,0.0717698940605112,-0.072487694302668
2026-07-18T17:57:18+00:00,garn_base,20.17,ol_fueling,ffb_wbo2_div_per_min,1.981163705080923,130.0,,,-0.2159040271754442,-0.4498829710152576
2026-07-18T17:57:18+00:00,garn_base,20.17,ol_fueling,maf_corr_mean_pct,-1.0980585993330156,,20990.0,,0.2637705127605263,0.7338567578846673
2026-07-18T17:57:18+00:00,garn_base,20.17,ol_fueling,maf_corr_mean_abs_pct,1.1463978084802289,,20990.0,,-0.7111715011094917,-0.6904938738998256
2026-07-18T17:57:18+00:00,garn_base,20.17,cross_thread,stutter_signature_per_min,1.4325337559815905,94.0,,,-0.0819498264475557,-0.0923955226605592
2026-07-18T17:57:18+00:00,garn_base,20.17a,pedal_throttle,throttle_hunt_per_min,0.3716063096582249,217.0,,,0.0196488574035642,-0.0551058729745892
2026-07-18T17:57:18+00:00,garn_base,20.17a,pedal_throttle,rpm_swing_per_min,0.9692588537629278,566.0,,,-0.7052053887819735,-0.9204665264681066
2026-07-18T17:57:18+00:00,garn_base,20.17a,avcs,avcs_osc_per_min,1.1028316286631192,644.0,,,0.1322822906275396,0.0665306136977132
2026-07-18T17:57:18+00:00,garn_base,20.17a,timing_sum,fbkc_events_per_min,0.3579065378735899,209.0,,,0.2405873871220363,0.205509329790442
2026-07-18T17:57:18+00:00,garn_base,20.17a,timing_sum,flkc_events_per_min,0.2380335347580335,139.0,,,0.1953720253938322,0.2380335347580335
2026-07-18T17:57:18+00:00,garn_base,20.17a,timing_sum,total_knock_per_min,0.5959400726316234,,,,0.4359594125158685,0.4435428645484754
2026-07-18T17:57:18+00:00,garn_base,20.17a,timing_sum,min_fbkc_depth,-11.8,,,,-7.6,-9.0
2026-07-18T17:57:18+00:00,garn_base,20.17a,timing_sum,timing_osc_per_min,0.6952634180702273,406.0,,,-0.2539551652832517,0.1161540273542651
2026-07-18T17:57:18+00:00,garn_base,20.17a,wgdc,mean_target_attainment,0.6413366114975961,,,133.0,-0.1756103848755374,0.0274792920711289
2026-07-18T17:57:18+00:00,garn_base,20.17a,wgdc,mean_peak_mrp,10.758872180451128,,,133.0,-2.178442105263157,0.6888721804511277
2026-07-18T17:57:18+00:00,garn_base,20.17a,wgdc,wgdc_pegged_pulls,0.0,,,133.0,0.0,0.0
2026-07-18T17:57:18+00:00,garn_base,20.17a,ol_fueling,afr_osc_per_min,0.919597181043626,537.0,,,0.2903399179216567,0.2185700238611454
2026-07-18T17:57:18+00:00,garn_base,20.17a,ol_fueling,ffb_wbo2_div_per_min,2.0464034103298565,1195.0,,,-0.1506643219265107,0.0652397052489335
2026-07-18T17:57:18+00:00,garn_base,20.17a,ol_fueling,maf_corr_mean_pct,-0.6862652880126549,,233271.0,,0.6755638240808871,0.4117933113203608
2026-07-18T17:57:18+00:00,garn_base,20.17a,ol_fueling,maf_corr_mean_abs_pct,0.8728036918433925,,233271.0,,-0.984765617746328,-0.2735941166368362
2026-07-18T17:57:18+00:00,garn_base,20.17a,cross_thread,stutter_signature_per_min,1.4590256950636298,852.0,,,-0.0554578873655164,0.0264919390820392
2026-07-18T17:57:18+00:00,garn_base,20.18,pedal_throttle,throttle_hunt_per_min,0.4165704413308037,190.0,,,0.0646129890761429,0.0449641316725787
2026-07-18T17:57:18+00:00,garn_base,20.18,pedal_throttle,rpm_swing_per_min,1.1685897117332549,533.0,,,-0.5058745308116466,0.1993308579703269
2026-07-18T17:57:18+00:00,garn_base,20.18,avcs,avcs_osc_per_min,1.6728591933442276,763.0,,,0.702309855308648,0.5700275646811084
2026-07-18T17:57:18+00:00,garn_base,20.18,timing_sum,fbkc_events_per_min,0.3442187330996641,157.0,,,0.2268995823481105,-0.0136878047739258
2026-07-18T17:57:18+00:00,garn_base,20.18,timing_sum,flkc_events_per_min,1.1510499036772208,525.0,,,1.1083883943130195,0.9130163689191874
2026-07-18T17:57:18+00:00,garn_base,20.18,timing_sum,total_knock_per_min,1.495268636776885,,,,1.33528797666113,0.8993285641452616
2026-07-18T17:57:18+00:00,garn_base,20.18,timing_sum,min_fbkc_depth,-11.8,,,,-7.6,0.0
2026-07-18T17:57:18+00:00,garn_base,20.18,timing_sum,timing_osc_per_min,0.9690743950958696,442.0,,,0.0198558117423907,0.2738109770256424
2026-07-18T17:57:18+00:00,garn_base,20.18,wgdc,mean_target_attainment,0.6510269688660338,,,74.0,-0.1659200275070997,0.0096903573684377
2026-07-18T17:57:18+00:00,garn_base,20.18,wgdc,mean_peak_mrp,10.924036486486486,,,74.0,-2.013277799227799,0.1651643060353578
2026-07-18T17:57:18+00:00,garn_base,20.18,wgdc,wgdc_pegged_pulls,0.0,,,74.0,0.0,0.0
2026-07-18T17:57:18+00:00,garn_base,20.18,ol_fueling,afr_osc_per_min,1.0896605754811024,497.0,,,0.4604033123591332,0.1700633944374765
2026-07-18T17:57:18+00:00,garn_base,20.18,ol_fueling,ffb_wbo2_div_per_min,2.565196928194949,1170.0,,,0.3681291959385819,0.5187935178650926
2026-07-18T17:57:18+00:00,garn_base,20.18,ol_fueling,maf_corr_mean_pct,-1.5578152589319856,,235390.0,,-0.1959861468384436,-0.8715499709193307
2026-07-18T17:57:18+00:00,garn_base,20.18,ol_fueling,maf_corr_mean_abs_pct,1.627248685160797,,235390.0,,-0.2303206244289233,0.7544449933174046
2026-07-18T17:57:18+00:00,garn_base,20.18,cross_thread,stutter_signature_per_min,1.8351024178625408,837.0,,,0.3206188354333943,0.3760767227989108
2026-07-18T17:57:18+00:00,garn_base,20.18a,pedal_throttle,throttle_hunt_per_min,0.5631238718237499,219.0,,,0.2111664195690891,0.1465534304929461
2026-07-18T17:57:18+00:00,garn_base,20.18a,pedal_throttle,rpm_swing_per_min,1.3499544872487157,525.0,,,-0.3245097552961857,0.1813647755154608
2026-07-18T17:57:18+00:00,garn_base,20.18a,avcs,avcs_osc_per_min,1.3370977778463466,520.0,,,0.366548439810767,-0.3357614154978809
2026-07-18T17:57:18+00:00,garn_base,20.18a,timing_sum,fbkc_events_per_min,0.1259957521432134,49.0,,,0.0086766013916598,-0.2182229809564506
2026-07-18T17:57:18+00:00,garn_base,20.18a,timing_sum,flkc_events_per_min,0.0,0.0,,,-0.0426615093642013,-1.1510499036772208
2026-07-18T17:57:18+00:00,garn_base,20.18a,timing_sum,total_knock_per_min,0.1259957521432134,,,,-0.0339849079725414,-1.3692728846336717
2026-07-18T17:57:18+00:00,garn_base,20.18a,timing_sum,min_fbkc_depth,-4.2,,,,0.0,7.6
2026-07-18T17:57:18+00:00,garn_base,20.18a,timing_sum,timing_osc_per_min,0.7405464615764382,288.0,,,-0.2086721217770407,-0.2285279335194314
2026-07-18T17:57:18+00:00,garn_base,20.18a,wgdc,mean_target_attainment,0.6567814955139909,,,86.0,-0.1601655008591427,0.005754526647957
2026-07-18T17:57:18+00:00,garn_base,20.18a,wgdc,mean_peak_mrp,11.101327906976744,,,86.0,-1.835986378737541,0.177291420490258
2026-07-18T17:57:18+00:00,garn_base,20.18a,wgdc,wgdc_pegged_pulls,0.0,,,86.0,0.0,0.0
2026-07-18T17:57:18+00:00,garn_base,20.18a,ol_fueling,afr_osc_per_min,1.06453553851613,414.0,,,0.4352782753941607,-0.0251250369649724
2026-07-18T17:57:18+00:00,garn_base,20.18a,ol_fueling,ffb_wbo2_div_per_min,2.2859229317411582,889.0,,,0.088855199484791,-0.2792739964537909
2026-07-18T17:57:18+00:00,garn_base,20.18a,ol_fueling,maf_corr_mean_pct,-0.0242856527644441,,183328.0,,1.3375434593290978,1.5335296061675414
2026-07-18T17:57:18+00:00,garn_base,20.18a,ol_fueling,maf_corr_mean_abs_pct,1.1730302656986389,,183328.0,,-0.6845390438910817,-0.4542184194621583
2026-07-18T17:57:18+00:00,garn_base,20.18a,cross_thread,stutter_signature_per_min,1.7330844274393034,674.0,,,0.218600845010157,-0.1020179904232372
2026-07-20T10:45:52+00:00,garn_base,garn_base,pedal_throttle,throttle_hunt_per_min,0.35195745225466074,33.0,,,0.0,
2026-07-20T10:45:52+00:00,garn_base,garn_base,pedal_throttle,rpm_swing_per_min,1.6744642425449012,157.0,,,0.0,
2026-07-20T10:45:52+00:00,garn_base,garn_base,avcs,avcs_osc_per_min,0.9705493380355796,91.0,,,0.0,
2026-07-20T10:45:52+00:00,garn_base,garn_base,timing_sum,fbkc_events_per_min,0.11731915075155358,11.0,,,0.0,
2026-07-20T10:45:52+00:00,garn_base,garn_base,timing_sum,flkc_events_per_min,0.0426615093642013,4.0,,,0.0,
2026-07-20T10:45:52+00:00,garn_base,garn_base,timing_sum,total_knock_per_min,0.15998066011575487,,,,0.0,
2026-07-20T10:45:52+00:00,garn_base,garn_base,timing_sum,min_fbkc_depth,-4.2,,,,0.0,
2026-07-20T10:45:52+00:00,garn_base,garn_base,timing_sum,timing_osc_per_min,0.949218583353479,89.0,,,0.0,
2026-07-20T10:45:52+00:00,garn_base,garn_base,wgdc,mean_target_attainment,0.8169469963731336,,,7.0,0.0,
2026-07-20T10:45:52+00:00,garn_base,garn_base,wgdc,mean_peak_mrp,12.937314285714285,,,7.0,0.0,
2026-07-20T10:45:52+00:00,garn_base,garn_base,wgdc,wgdc_pegged_pulls,0.0,,,7.0,0.0,
2026-07-20T10:45:52+00:00,garn_base,garn_base,ol_fueling,afr_osc_per_min,0.6292572631219692,59.0,,,0.0,
2026-07-20T10:45:52+00:00,garn_base,garn_base,ol_fueling,ffb_wbo2_div_per_min,2.197067732256367,206.0,,,0.0,
2026-07-20T10:45:52+00:00,garn_base,garn_base,ol_fueling,maf_corr_mean_pct,-1.361829112093542,,48406.0,,0.0,
2026-07-20T10:45:52+00:00,garn_base,garn_base,ol_fueling,maf_corr_mean_abs_pct,1.8575693095897203,,48406.0,,0.0,
2026-07-20T10:45:52+00:00,garn_base,garn_base,cross_thread,stutter_signature_per_min,1.5144835824291463,142.0,,,0.0,
2026-07-20T10:45:52+00:00,garn_base,20.7,pedal_throttle,throttle_hunt_per_min,0.20776676069660985,41.0,,,-0.1441906915580509,-0.1441906915580509
2026-07-20T10:45:52+00:00,garn_base,20.7,pedal_throttle,rpm_swing_per_min,1.1199135149744093,221.0,,,-0.554550727570492,-0.554550727570492
2026-07-20T10:45:52+00:00,garn_base,20.7,avcs,avcs_osc_per_min,1.1047110690697792,218.0,,,0.1341617310341996,0.1341617310341996
2026-07-20T10:45:52+00:00,garn_base,20.7,timing_sum,fbkc_events_per_min,0.19763179676018985,39.0,,,0.08031264600863627,0.08031264600863627
2026-07-20T10:45:52+00:00,garn_base,20.7,timing_sum,flkc_events_per_min,0.0,0.0,,,-0.0426615093642013,-0.0426615093642013
2026-07-20T10:45:52+00:00,garn_base,20.7,timing_sum,total_knock_per_min,0.19763179676018985,,,,0.03765113664443498,0.03765113664443498
2026-07-20T10:45:52+00:00,garn_base,20.7,timing_sum,min_fbkc_depth,-9.45,,,,-5.249999999999999,-5.249999999999999
2026-07-20T10:45:52+00:00,garn_base,20.7,timing_sum,timing_osc_per_min,1.0286988395466292,203.0,,,0.07948025619315024,0.07948025619315024
2026-07-20T10:45:52+00:00,garn_base,20.7,wgdc,mean_target_attainment,0.7155336009521309,,,11.0,-0.1014133954210027,-0.1014133954210027
2026-07-20T10:45:52+00:00,garn_base,20.7,wgdc,mean_peak_mrp,8.492345454545456,,,11.0,-4.444968831168829,-4.444968831168829
2026-07-20T10:45:52+00:00,garn_base,20.7,wgdc,wgdc_pegged_pulls,0.0,,,11.0,0.0,0.0
2026-07-20T10:45:52+00:00,garn_base,20.7,ol_fueling,afr_osc_per_min,0.6739751017719295,133.0,,,0.04471783864996037,0.04471783864996037
2026-07-20T10:45:52+00:00,garn_base,20.7,ol_fueling,ffb_wbo2_div_per_min,2.0776676069660986,410.0,,,-0.11940012529026856,-0.11940012529026856
2026-07-20T10:45:52+00:00,garn_base,20.7,ol_fueling,maf_corr_mean_pct,2.261221591094371,,122664.0,,3.6230507031879133,3.6230507031879133
2026-07-20T10:45:52+00:00,garn_base,20.7,ol_fueling,maf_corr_mean_abs_pct,2.435605541560686,,122664.0,,0.5780362319709655,0.5780362319709655
2026-07-20T10:45:52+00:00,garn_base,20.7,cross_thread,stutter_signature_per_min,1.4036925051941689,277.0,,,-0.11079107723497739,-0.11079107723497739
2026-07-20T10:45:52+00:00,garn_base,20.8,pedal_throttle,throttle_hunt_per_min,0.36196098677860333,43.0,,,0.010003534523942592,0.15419422608199349
2026-07-20T10:45:52+00:00,garn_base,20.8,pedal_throttle,rpm_swing_per_min,1.4562616444813576,173.0,,,-0.21820259806354358,0.33634812950694837
2026-07-20T10:45:52+00:00,garn_base,20.8,avcs,avcs_osc_per_min,1.1868953287391413,141.0,,,0.21634599070356164,0.08218425966936205
2026-07-20T10:45:52+00:00,garn_base,20.8,timing_sum,fbkc_events_per_min,0.1431008552380525,17.0,,,0.025781704486498913,-0.05453094152213736
2026-07-20T10:45:52+00:00,garn_base,20.8,timing_sum,flkc_events_per_min,0.03367078946777705,4.0,,,-0.008990719896424249,0.03367078946777705
2026-07-20T10:45:52+00:00,garn_base,20.8,timing_sum,total_knock_per_min,0.17677164470582954,,,,0.016790984590074665,-0.020860152054360315
2026-07-20T10:45:52+00:00,garn_base,20.8,timing_sum,min_fbkc_depth,-4.2,,,,0.0,5.249999999999999
2026-07-20T10:45:52+00:00,garn_base,20.8,timing_sum,timing_osc_per_min,1.119553749803587,133.0,,,0.17033516645010804,0.0908549102569578
2026-07-20T10:45:52+00:00,garn_base,20.8,wgdc,mean_target_attainment,0.831825968983463,,,12.0,0.014878972610329333,0.11629236803133203
2026-07-20T10:45:52+00:00,garn_base,20.8,wgdc,mean_peak_mrp,12.799999999999999,,,12.0,-0.13731428571428594,4.307654545454543
2026-07-20T10:45:52+00:00,garn_base,20.8,wgdc,wgdc_pegged_pulls,0.0,,,12.0,0.0,0.0
2026-07-20T10:45:52+00:00,garn_base,20.8,ol_fueling,afr_osc_per_min,1.0774652629688657,128.0,,,0.4482079998468965,0.40349016119693615
2026-07-20T10:45:52+00:00,garn_base,20.8,ol_fueling,ffb_wbo2_div_per_min,2.7610047363577186,328.0,,,0.5639370041013514,0.68333712939162
2026-07-20T10:45:52+00:00,garn_base,20.8,ol_fueling,maf_corr_mean_pct,-1.7333832306534345,,71744.0,,-0.3715541185598925,-3.9946048217478056
2026-07-20T10:45:52+00:00,garn_base,20.8,ol_fueling,maf_corr_mean_abs_pct,1.8462282518398747,,71744.0,,-0.011341057749845618,-0.5893772897208112
2026-07-20T10:45:52+00:00,garn_base,20.8,cross_thread,stutter_signature_per_min,1.9949942759657906,237.0,,,0.48051069353664433,0.5913017707716217
2026-07-20T10:45:52+00:00,garn_base,20.9,pedal_throttle,throttle_hunt_per_min,0.23951458377687884,21.0,,,-0.1124428684777819,-0.12244640300172449
2026-07-20T10:45:52+00:00,garn_base,20.9,pedal_throttle,rpm_swing_per_min,0.9010310532558776,79.0,,,-0.7734331892890236,-0.55523059122548
2026-07-20T10:45:52+00:00,garn_base,20.9,avcs,avcs_osc_per_min,1.0493019860701358,92.0,,,0.07875264803455617,-0.13759334266900547
2026-07-20T10:45:52+00:00,garn_base,20.9,timing_sum,fbkc_events_per_min,0.05702728185163782,5.0,,,-0.06029186889991576,-0.08607357338641466
2026-07-20T10:45:52+00:00,garn_base,20.9,timing_sum,flkc_events_per_min,0.0,0.0,,,-0.0426615093642013,-0.03367078946777705
2026-07-20T10:45:52+00:00,garn_base,20.9,timing_sum,total_knock_per_min,0.05702728185163782,,,,-0.10295337826411705,-0.11974436285419171
2026-07-20T10:45:52+00:00,garn_base,20.9,timing_sum,min_fbkc_depth,-2.8,,,,1.4000000000000004,1.4000000000000004
2026-07-20T10:45:52+00:00,garn_base,20.9,timing_sum,timing_osc_per_min,0.9466528787371878,83.0,,,-0.0025657046162911312,-0.17290087106639918
2026-07-20T10:45:52+00:00,garn_base,20.9,wgdc,mean_target_attainment,0.5896524232109547,,,11.0,-0.22729457316217894,-0.24217354577250827
2026-07-20T10:45:52+00:00,garn_base,20.9,wgdc,mean_peak_mrp,8.940772727272728,,,11.0,-3.9965415584415567,-3.8592272727272707
2026-07-20T10:45:52+00:00,garn_base,20.9,wgdc,wgdc_pegged_pulls,0.0,,,11.0,0.0,0.0
2026-07-20T10:45:52+00:00,garn_base,20.9,ol_fueling,afr_osc_per_min,0.5360564494053955,47.0,,,-0.09320081371657363,-0.5414088135634701
2026-07-20T10:45:52+00:00,garn_base,20.9,ol_fueling,ffb_wbo2_div_per_min,1.6994129991788072,149.0,,,-0.49765473307756003,-1.0615917371789114
2026-07-20T10:45:52+00:00,garn_base,20.9,ol_fueling,maf_corr_mean_pct,-1.0170678297899727,,46613.0,,0.3447612823035693,0.7163154008634618
2026-07-20T10:45:52+00:00,garn_base,20.9,ol_fueling,maf_corr_mean_abs_pct,1.3385986559543475,,46613.0,,-0.5189706536353729,-0.5076295958855273
2026-07-20T10:45:52+00:00,garn_base,20.9,cross_thread,stutter_signature_per_min,1.1291401806624288,99.0,,,-0.38534340176671744,-0.8658540953033618
2026-07-20T10:45:52+00:00,garn_base,20.10,pedal_throttle,throttle_hunt_per_min,0.3037199620957487,25.0,,,-0.048237490158912044,0.06420537831886985
2026-07-20T10:45:52+00:00,garn_base,20.10,pedal_throttle,rpm_swing_per_min,1.6036413998655532,132.0,,,-0.07082284267934802,0.7026103466096756
2026-07-20T10:45:52+00:00,garn_base,20.10,avcs,avcs_osc_per_min,0.9354574832549061,77.0,,,-0.03509185478067356,-0.11384450281522973
2026-07-20T10:45:52+00:00,garn_base,20.10,timing_sum,fbkc_events_per_min,0.21867837270893908,18.0,,,0.1013592219573855,0.16165109085730126
2026-07-20T10:45:52+00:00,garn_base,20.10,timing_sum,flkc_events_per_min,0.0,0.0,,,-0.0426615093642013,0.0
2026-07-20T10:45:52+00:00,garn_base,20.10,timing_sum,total_knock_per_min,0.21867837270893908,,,,0.05869771259318421,0.16165109085730126
2026-07-20T10:45:52+00:00,garn_base,20.10,timing_sum,min_fbkc_depth,-7.0,,,,-2.8,-4.2
2026-07-20T10:45:52+00:00,garn_base,20.10,timing_sum,timing_osc_per_min,0.5709935287400075,47.0,,,-0.37822505461347145,-0.3756593499971803
2026-07-20T10:45:52+00:00,garn_base,20.10,wgdc,mean_target_attainment,0.7285170880655274,,,6.0,-0.08842990830760622,0.13886466485457272
2026-07-20T10:45:52+00:00,garn_base,20.10,wgdc,mean_peak_mrp,11.253333333333336,,,6.0,-1.6839809523809492,2.3125606060606074
2026-07-20T10:45:52+00:00,garn_base,20.10,wgdc,wgdc_pegged_pulls,0.0,,,6.0,0.0,0.0
2026-07-20T10:45:52+00:00,garn_base,20.10,ol_fueling,afr_osc_per_min,0.7532255059974567,62.0,,,0.12396824287548758,0.2171690565920612
2026-07-20T10:45:52+00:00,garn_base,20.10,ol_fueling,ffb_wbo2_div_per_min,1.919510160445132,158.0,,,-0.2775575718112353,0.22009716126632473
2026-07-20T10:45:52+00:00,garn_base,20.10,ol_fueling,maf_corr_mean_pct,-1.9156069866694767,,37958.0,,-0.5537778745759347,-0.898539156879504
2026-07-20T10:45:52+00:00,garn_base,20.10,ol_fueling,maf_corr_mean_abs_pct,1.9409307655830126,,37958.0,,0.08336145599329225,0.6023321096286651
2026-07-20T10:45:52+00:00,garn_base,20.10,cross_thread,stutter_signature_per_min,1.3606654301889543,112.0,,,-0.15381815224019202,0.23152524952652542
2026-07-20T10:45:52+00:00,garn_base,20.11,pedal_throttle,throttle_hunt_per_min,0.4962131104727083,38.0,,,0.14425565821804753,0.19249314837695958
2026-07-20T10:45:52+00:00,garn_base,20.11,pedal_throttle,rpm_swing_per_min,2.376599634369287,182.0,,,0.7021353918243858,0.7729582345037338
2026-07-20T10:45:52+00:00,garn_base,20.11,avcs,avcs_osc_per_min,1.3188822146774615,101.0,,,0.34833287664188184,0.3834247314225554
2026-07-20T10:45:52+00:00,garn_base,20.11,timing_sum,fbkc_events_per_min,0.3003395142334813,23.0,,,0.18302036348192774,0.08166114152454224
2026-07-20T10:45:52+00:00,garn_base,20.11,timing_sum,flkc_events_per_min,0.3395142334813267,26.0,,,0.2968527241171254,0.3395142334813267
2026-07-20T10:45:52+00:00,garn_base,20.11,timing_sum,total_knock_per_min,0.6398537477148081,,,,0.4798730875990532,0.421175375005869
2026-07-20T10:45:52+00:00,garn_base,20.11,timing_sum,min_fbkc_depth,-4.2,,,,0.0,2.8
2026-07-20T10:45:52+00:00,garn_base,20.11,timing_sum,timing_osc_per_min,0.8749020632018804,67.0,,,-0.07431652015159862,0.3039085344618728
2026-07-20T10:45:52+00:00,garn_base,20.11,wgdc,mean_target_attainment,0.7676399339712541,,,20.0,-0.04930706240187954,0.03912284590572668
2026-07-20T10:45:52+00:00,garn_base,20.11,wgdc,mean_peak_mrp,13.5645,,,20.0,0.6271857142857158,2.311166666666665
2026-07-20T10:45:52+00:00,garn_base,20.11,wgdc,wgdc_pegged_pulls,0.0,,,20.0,0.0,0.0
2026-07-20T10:45:52+00:00,garn_base,20.11,ol_fueling,afr_osc_per_min,1.2013580569339253,92.0,,,0.5721007938119561,0.44813255093646853
2026-07-20T10:45:52+00:00,garn_base,20.11,ol_fueling,ffb_wbo2_div_per_min,2.8075215460955865,215.0,,,0.6104538138392193,0.8880113856504546
2026-07-20T10:45:52+00:00,garn_base,20.11,ol_fueling,maf_corr_mean_pct,-1.0785863660127748,,43993.0,,0.28324274608076716,0.8370206206567019
2026-07-20T10:45:52+00:00,garn_base,20.11,ol_fueling,maf_corr_mean_abs_pct,1.4322658150160255,,43993.0,,-0.4253034945736949,-0.5086649505669871
2026-07-20T10:45:52+00:00,garn_base,20.11,cross_thread,stutter_signature_per_min,1.8934447636458607,145.0,,,0.3789611812167144,0.5327793334569064
2026-07-20T10:45:52+00:00,garn_base,20.12,pedal_throttle,throttle_hunt_per_min,0.22665853020660798,78.0,,,-0.12529892204805276,-0.2695545802661003
2026-07-20T10:45:52+00:00,garn_base,20.12,pedal_throttle,rpm_swing_per_min,1.0693633220004068,368.0,,,-0.6051009205444944,-1.3072363123688802
2026-07-20T10:45:52+00:00,garn_base,20.12,avcs,avcs_osc_per_min,1.127480893848255,388.0,,,0.15693155581267537,-0.19140132082920647
2026-07-20T10:45:52+00:00,garn_base,20.12,timing_sum,fbkc_events_per_min,0.09008223636416471,31.0,,,-0.027236914387388872,-0.2102572778693166
2026-07-20T10:45:52+00:00,garn_base,20.12,timing_sum,flkc_events_per_min,0.16563507976636738,57.0,,,0.12297357040216608,-0.17387915371495932
2026-07-20T10:45:52+00:00,garn_base,20.12,timing_sum,total_knock_per_min,0.25571731613053206,,,,0.09573665601477718,-0.384136431584276
2026-07-20T10:45:52+00:00,garn_base,20.12,timing_sum,min_fbkc_depth,-7.0,,,,-2.8,-2.8
2026-07-20T10:45:52+00:00,garn_base,20.12,timing_sum,timing_osc_per_min,0.709034376543748,244.0,,,-0.24018420680973096,-0.16586768665813234
2026-07-20T10:45:52+00:00,garn_base,20.12,wgdc,mean_target_attainment,0.8293115953918506,,,72.0,0.012364599018717004,0.061671661420596546
2026-07-20T10:45:52+00:00,garn_base,20.12,wgdc,mean_peak_mrp,9.870416666666666,,,72.0,-3.0668976190476194,-3.694083333333335
2026-07-20T10:45:52+00:00,garn_base,20.12,wgdc,wgdc_pegged_pulls,0.0,,,72.0,0.0,0.0
2026-07-20T10:45:52+00:00,garn_base,20.12,ol_fueling,afr_osc_per_min,0.9037282422340395,311.0,,,0.2744709791120703,-0.2976298146998858
2026-07-20T10:45:52+00:00,garn_base,20.12,ol_fueling,ffb_wbo2_div_per_min,2.0515502862290416,706.0,,,-0.14551744602732564,-0.7559712598665449
2026-07-20T10:45:52+00:00,garn_base,20.12,ol_fueling,maf_corr_mean_pct,1.8318566670646306,,242903.0,,3.1936857791581725,2.9104430330774056
2026-07-20T10:45:52+00:00,garn_base,20.12,ol_fueling,maf_corr_mean_abs_pct,2.3931842752045056,,242903.0,,0.5356149656147853,0.9609184601884802
2026-07-20T10:45:52+00:00,garn_base,20.12,cross_thread,stutter_signature_per_min,1.3657629384244327,470.0,,,-0.14872064400471352,-0.5276818252214279
2026-07-20T10:45:52+00:00,garn_base,20.13,pedal_throttle,throttle_hunt_per_min,0.26487939960669427,44.0,,,-0.08707805264796648,0.03822086940008629
2026-07-20T10:45:52+00:00,garn_base,20.13,pedal_throttle,rpm_swing_per_min,0.9210579122687322,153.0,,,-0.753406330276169,-0.1483054097316746
2026-07-20T10:45:52+00:00,garn_base,20.13,avcs,avcs_osc_per_min,1.1136974756190554,185.0,,,0.14314813758347578,-0.013783418229199595
2026-07-20T10:45:52+00:00,garn_base,20.13,timing_sum,fbkc_events_per_min,0.14447967251274232,24.0,,,0.027160521761188744,0.054397436148577616
2026-07-20T10:45:52+00:00,garn_base,20.13,timing_sum,flkc_events_per_min,0.0,0.0,,,-0.0426615093642013,-0.16563507976636738
2026-07-20T10:45:52+00:00,garn_base,20.13,timing_sum,total_knock_per_min,0.14447967251274232,,,,-0.01550098760301255,-0.11123764361778973
2026-07-20T10:45:52+00:00,garn_base,20.13,timing_sum,min_fbkc_depth,-2.8,,,,1.4000000000000004,4.2
2026-07-20T10:45:52+00:00,garn_base,20.13,timing_sum,timing_osc_per_min,0.7103583898543164,118.0,,,-0.23886019349916254,0.001324013310568417
2026-07-20T10:45:52+00:00,garn_base,20.13,wgdc,mean_target_attainment,0.9547005701078719,,,37.0,0.1377535737347383,0.12538897471602128
2026-07-20T10:45:52+00:00,garn_base,20.13,wgdc,mean_peak_mrp,10.694864864864865,,,37.0,-2.24244942084942,0.8244481981981995
2026-07-20T10:45:52+00:00,garn_base,20.13,wgdc,wgdc_pegged_pulls,0.0,,,37.0,0.0,0.0
2026-07-20T10:45:52+00:00,garn_base,20.13,ol_fueling,afr_osc_per_min,1.0113577075891962,168.0,,,0.382100444467227,0.10762946535515672
2026-07-20T10:45:52+00:00,garn_base,20.13,ol_fueling,ffb_wbo2_div_per_min,1.998635469759602,332.0,,,-0.19843226249676515,-0.05291481646943952
2026-07-20T10:45:52+00:00,garn_base,20.13,ol_fueling,maf_corr_mean_pct,1.1005602029975141,,96947.0,,2.4623893150910563,-0.7312964640671165
2026-07-20T10:45:52+00:00,garn_base,20.13,ol_fueling,maf_corr_mean_abs_pct,1.120532765325384,,96947.0,,-0.7370365442643363,-1.2726515098791216
2026-07-20T10:45:52+00:00,garn_base,20.13,cross_thread,stutter_signature_per_min,1.4508167114821209,241.0,,,-0.06366687094702539,0.08505377305768813
2026-07-20T10:45:52+00:00,garn_base,20.14,pedal_throttle,throttle_hunt_per_min,0.2602343904233745,58.0,,,-0.09172306183128626,-0.0046450091833197815
2026-07-20T10:45:52+00:00,garn_base,20.14,pedal_throttle,rpm_swing_per_min,1.000556363179526,223.0,,,-0.6739078793653752,0.07949845091079377
2026-07-20T10:45:52+00:00,garn_base,20.14,avcs,avcs_osc_per_min,0.9691487643353256,216.0,,,-0.0014005737002540375,-0.1445487112837298
2026-07-20T10:45:52+00:00,garn_base,20.14,timing_sum,fbkc_events_per_min,0.17947199339543066,40.0,,,0.062152842643877076,0.03499232088268833
2026-07-20T10:45:52+00:00,garn_base,20.14,timing_sum,flkc_events_per_min,0.30958918860711787,69.0,,,0.26692767924291655,0.30958918860711787
2026-07-20T10:45:52+00:00,garn_base,20.14,timing_sum,total_knock_per_min,0.48906118200254856,,,,0.3290805218867937,0.34458150948980626
2026-07-20T10:45:52+00:00,garn_base,20.14,timing_sum,min_fbkc_depth,-8.05,,,,-3.8500000000000005,-5.250000000000001
2026-07-20T10:45:52+00:00,garn_base,20.14,timing_sum,timing_osc_per_min,0.6012311778746927,134.0,,,-0.34798740547878626,-0.10912721197962372
2026-07-20T10:45:52+00:00,garn_base,20.14,wgdc,mean_target_attainment,0.944667700613123,,,48.0,0.12772070423998938,-0.010032869494748908
2026-07-20T10:45:52+00:00,garn_base,20.14,wgdc,mean_peak_mrp,10.752291666666666,,,48.0,-2.1850226190476185,0.057426801801801375
2026-07-20T10:45:52+00:00,garn_base,20.14,wgdc,wgdc_pegged_pulls,0.0,,,48.0,0.0,0.0
2026-07-20T10:45:52+00:00,garn_base,20.14,ol_fueling,afr_osc_per_min,0.8390315691236383,187.0,,,0.20977430600166913,-0.1723261384655579
2026-07-20T10:45:52+00:00,garn_base,20.14,ol_fueling,ffb_wbo2_div_per_min,1.6825499380821625,375.0,,,-0.5145177941742047,-0.3160855316774396
2026-07-20T10:45:52+00:00,garn_base,20.14,ol_fueling,maf_corr_mean_pct,0.03370046104410186,,107365.0,,1.3955295731376438,-1.0668597419534123
2026-07-20T10:45:52+00:00,garn_base,20.14,ol_fueling,maf_corr_mean_abs_pct,0.676008289479812,,107365.0,,-1.1815610201099083,-0.4445244758455721
2026-07-20T10:45:52+00:00,garn_base,20.14,cross_thread,stutter_signature_per_min,1.1396471580609846,254.0,,,-0.37483642436816167,-0.3111695534211363
2026-07-20T10:45:52+00:00,garn_base,20.15,pedal_throttle,throttle_hunt_per_min,0.497039518825581,99.0,,,0.14508206657092027,0.23680512840220652
2026-07-20T10:45:52+00:00,garn_base,20.15,pedal_throttle,rpm_swing_per_min,1.2802533060658905,255.0,,,-0.39421093647901073,0.2796969428863645
2026-07-20T10:45:52+00:00,garn_base,20.15,avcs,avcs_osc_per_min,1.2953151096666657,258.0,,,0.3247657716310861,0.32616634533134015
2026-07-20T10:45:52+00:00,garn_base,20.15,timing_sum,fbkc_events_per_min,0.1757210420090438,35.0,,,0.05840189125749021,-0.0037509513863868693
2026-07-20T10:45:52+00:00,garn_base,20.15,timing_sum,flkc_events_per_min,0.10543262520542628,21.0,,,0.06277111584122497,-0.20415656340169158
2026-07-20T10:45:52+00:00,garn_base,20.15,timing_sum,total_knock_per_min,0.28115366721447005,,,,0.12117300709871517,-0.2079075147880785
2026-07-20T10:45:52+00:00,garn_base,20.15,timing_sum,min_fbkc_depth,-7.0,,,,-2.8,1.0500000000000007
2026-07-20T10:45:52+00:00,garn_base,20.15,timing_sum,timing_osc_per_min,0.7581107812390175,151.0,,,-0.19110780211446143,0.15687960336432483
2026-07-20T10:45:52+00:00,garn_base,20.15,wgdc,mean_target_attainment,0.8532658056878626,,,40.0,0.03631880931472897,-0.09140189492526041
2026-07-20T10:45:52+00:00,garn_base,20.15,wgdc,mean_peak_mrp,10.392632500000001,,,40.0,-2.5446817857142836,-0.3596591666666651
2026-07-20T10:45:52+00:00,garn_base,20.15,wgdc,wgdc_pegged_pulls,0.0,,,40.0,0.0,0.0
2026-07-20T10:45:52+00:00,garn_base,20.15,ol_fueling,afr_osc_per_min,1.0894704604560714,217.0,,,0.46021319733410226,0.25043889133243313
2026-07-20T10:45:52+00:00,garn_base,20.15,ol_fueling,ffb_wbo2_div_per_min,2.3396001593204114,466.0,,,0.14253242706404423,0.657050221238249
2026-07-20T10:45:52+00:00,garn_base,20.15,ol_fueling,maf_corr_mean_pct,-0.5468435112588055,,115554.0,,0.8149856008347365,-0.5805439723029073
2026-07-20T10:45:52+00:00,garn_base,20.15,ol_fueling,maf_corr_mean_abs_pct,0.8200676324488984,,115554.0,,-1.0375016771408219,0.1440593429690864
2026-07-20T10:45:52+00:00,garn_base,20.15,cross_thread,stutter_signature_per_min,1.7622310212906962,351.0,,,0.24774743886154993,0.6225838632297116
2026-07-20T10:45:52+00:00,garn_base,20.16,pedal_throttle,throttle_hunt_per_min,0.44200848656294195,20.0,,,0.09005103430828121,-0.05503103226263906
2026-07-20T10:45:52+00:00,garn_base,20.16,pedal_throttle,rpm_swing_per_min,1.591230551626591,72.0,,,-0.08323369091831023,0.3109772455607005
2026-07-20T10:45:52+00:00,garn_base,20.16,avcs,avcs_osc_per_min,0.8619165487977368,39.0,,,-0.10863278923784281,-0.4333985608689289
2026-07-20T10:45:52+00:00,garn_base,20.16,timing_sum,fbkc_events_per_min,0.7956152758132955,36.0,,,0.6782961250617419,0.6198942338042517
2026-07-20T10:45:52+00:00,garn_base,20.16,timing_sum,flkc_events_per_min,0.0,0.0,,,-0.0426615093642013,-0.10543262520542628
2026-07-20T10:45:52+00:00,garn_base,20.16,timing_sum,total_knock_per_min,0.7956152758132955,,,,0.6356346156975407,0.5144616085988254
2026-07-20T10:45:52+00:00,garn_base,20.16,timing_sum,min_fbkc_depth,-11.8,,,,-7.6000000000000005,-4.800000000000001
2026-07-20T10:45:52+00:00,garn_base,20.16,timing_sum,timing_osc_per_min,0.9503182461103252,43.0,,,0.0010996627568462536,0.1922074648713077
2026-07-20T10:45:52+00:00,garn_base,20.16,wgdc,mean_target_attainment,0.7583286756572742,,,9.0,-0.05861832071585937,-0.09493713003058835
2026-07-20T10:45:52+00:00,garn_base,20.16,wgdc,mean_peak_mrp,13.106666666666667,,,9.0,0.16935238095238248,2.714034166666666
2026-07-20T10:45:52+00:00,garn_base,20.16,wgdc,wgdc_pegged_pulls,0.0,,,9.0,0.0,0.0
2026-07-20T10:45:52+00:00,garn_base,20.16,ol_fueling,afr_osc_per_min,0.7735148514851484,35.0,,,0.14425758836317926,-0.315955608970923
2026-07-20T10:45:52+00:00,garn_base,20.16,ol_fueling,ffb_wbo2_div_per_min,2.4310466760961806,110.0,,,0.23397894383981344,0.0914465167757692
2026-07-20T10:45:52+00:00,garn_base,20.16,ol_fueling,maf_corr_mean_pct,-1.831915357217683,,23865.0,,-0.470086245124141,-1.2850718459588775
2026-07-20T10:45:52+00:00,garn_base,20.16,ol_fueling,maf_corr_mean_abs_pct,1.8368916823800543,,23865.0,,-0.02067762720966604,1.0168240499311558
2026-07-20T10:45:52+00:00,garn_base,20.16,cross_thread,stutter_signature_per_min,1.5249292786421498,69.0,,,0.010445696213003508,-0.23730174264854642
2026-07-20T10:45:52+00:00,garn_base,20.17,pedal_throttle,throttle_hunt_per_min,0.4267121826328142,28.0,,,0.07475473037815344,-0.015296303930127764
2026-07-20T10:45:52+00:00,garn_base,20.17,pedal_throttle,rpm_swing_per_min,1.8897253802310343,124.0,,,0.21526113768613309,0.2984948286044433
2026-07-20T10:45:52+00:00,garn_base,20.17,avcs,avcs_osc_per_min,1.036301014965406,68.0,,,0.06575167692982631,0.17438446616766912
2026-07-20T10:45:52+00:00,garn_base,20.17,timing_sum,fbkc_events_per_min,0.15239720808314794,10.0,,,0.03507805733159436,-0.6432180677301476
2026-07-20T10:45:52+00:00,garn_base,20.17,timing_sum,flkc_events_per_min,0.0,0.0,,,-0.0426615093642013,0.0
2026-07-20T10:45:52+00:00,garn_base,20.17,timing_sum,total_knock_per_min,0.15239720808314794,,,,-0.0075834520326069355,-0.6432180677301476
2026-07-20T10:45:52+00:00,garn_base,20.17,timing_sum,min_fbkc_depth,-2.8,,,,1.4000000000000004,9.0
2026-07-20T10:45:52+00:00,garn_base,20.17,timing_sum,timing_osc_per_min,0.5791093907159621,38.0,,,-0.37010919263751685,-0.3712088553943631
2026-07-20T10:45:52+00:00,garn_base,20.17,wgdc,mean_target_attainment,0.6138573194264672,,,6.0,-0.20308967694666646,-0.1444713562308071
2026-07-20T10:45:52+00:00,garn_base,20.17,wgdc,mean_peak_mrp,10.07,,,6.0,-2.8673142857142846,-3.036666666666667
2026-07-20T10:45:52+00:00,garn_base,20.17,wgdc,wgdc_pegged_pulls,0.0,,,6.0,0.0,0.0
2026-07-20T10:45:52+00:00,garn_base,20.17,ol_fueling,afr_osc_per_min,0.7010271571824804,46.0,,,0.07176989406051126,-0.072487694302668
2026-07-20T10:45:52+00:00,garn_base,20.17,ol_fueling,ffb_wbo2_div_per_min,1.981163705080923,130.0,,,-0.2159040271754442,-0.44988297101525765
2026-07-20T10:45:52+00:00,garn_base,20.17,ol_fueling,maf_corr_mean_pct,-1.0980585993330156,,20990.0,,0.2637705127605263,0.7338567578846673
2026-07-20T10:45:52+00:00,garn_base,20.17,ol_fueling,maf_corr_mean_abs_pct,1.1463978084802287,,20990.0,,-0.7111715011094917,-0.6904938738998256
2026-07-20T10:45:52+00:00,garn_base,20.17,cross_thread,stutter_signature_per_min,1.4325337559815905,94.0,,,-0.08194982644755577,-0.09239552266055928
2026-07-20T10:45:52+00:00,garn_base,20.17a,pedal_throttle,throttle_hunt_per_min,0.37160630965822494,217.0,,,0.0196488574035642,-0.05510587297458924
2026-07-20T10:45:52+00:00,garn_base,20.17a,pedal_throttle,rpm_swing_per_min,0.9692588537629278,566.0,,,-0.7052053887819735,-0.9204665264681066
2026-07-20T10:45:52+00:00,garn_base,20.17a,avcs,avcs_osc_per_min,1.1028316286631192,644.0,,,0.1322822906275396,0.06653061369771329
2026-07-20T10:45:52+00:00,garn_base,20.17a,timing_sum,fbkc_events_per_min,0.35790653787358995,209.0,,,0.24058738712203637,0.205509329790442
2026-07-20T10:45:52+00:00,garn_base,20.17a,timing_sum,flkc_events_per_min,0.2380335347580335,139.0,,,0.1953720253938322,0.2380335347580335
2026-07-20T10:45:52+00:00,garn_base,20.17a,timing_sum,total_knock_per_min,0.5959400726316234,,,,0.43595941251586856,0.44354286454847547
2026-07-20T10:45:52+00:00,garn_base,20.17a,timing_sum,min_fbkc_depth,-11.8,,,,-7.6000000000000005,-9.0
2026-07-20T10:45:52+00:00,garn_base,20.17a,timing_sum,timing_osc_per_min,0.6952634180702273,406.0,,,-0.2539551652832517,0.11615402735426517
2026-07-20T10:45:52+00:00,garn_base,20.17a,wgdc,mean_target_attainment,0.6413366114975961,,,133.0,-0.17561038487553748,0.02747929207112898
2026-07-20T10:45:52+00:00,garn_base,20.17a,wgdc,mean_peak_mrp,10.758872180451128,,,133.0,-2.178442105263157,0.6888721804511277
2026-07-20T10:45:52+00:00,garn_base,20.17a,wgdc,wgdc_pegged_pulls,0.0,,,133.0,0.0,0.0
2026-07-20T10:45:52+00:00,garn_base,20.17a,ol_fueling,afr_osc_per_min,0.9195971810436259,537.0,,,0.2903399179216567,0.21857002386114543
2026-07-20T10:45:52+00:00,garn_base,20.17a,ol_fueling,ffb_wbo2_div_per_min,2.0464034103298565,1195.0,,,-0.1506643219265107,0.06523970524893352
2026-07-20T10:45:52+00:00,garn_base,20.17a,ol_fueling,maf_corr_mean_pct,-0.6862652880126549,,233271.0,,0.6755638240808871,0.4117933113203608
2026-07-20T10:45:52+00:00,garn_base,20.17a,ol_fueling,maf_corr_mean_abs_pct,0.8728036918433925,,233271.0,,-0.9847656177463279,-0.2735941166368362
2026-07-20T10:45:52+00:00,garn_base,20.17a,cross_thread,stutter_signature_per_min,1.4590256950636298,852.0,,,-0.05545788736551649,0.026491939082039284
2026-07-20T10:45:52+00:00,garn_base,20.18,pedal_throttle,throttle_hunt_per_min,0.41657044133080373,190.0,,,0.06461298907614299,0.04496413167257879
2026-07-20T10:45:52+00:00,garn_base,20.18,pedal_throttle,rpm_swing_per_min,1.1685897117332547,533.0,,,-0.5058745308116466,0.1993308579703269
2026-07-20T10:45:52+00:00,garn_base,20.18,avcs,avcs_osc_per_min,1.6728591933442276,763.0,,,0.702309855308648,0.5700275646811084
2026-07-20T10:45:52+00:00,garn_base,20.18,timing_sum,fbkc_events_per_min,0.3442187330996641,157.0,,,0.22689958234811053,-0.013687804773925838
2026-07-20T10:45:52+00:00,garn_base,20.18,timing_sum,flkc_events_per_min,1.1510499036772208,525.0,,,1.1083883943130195,0.9130163689191874
2026-07-20T10:45:52+00:00,garn_base,20.18,timing_sum,total_knock_per_min,1.495268636776885,,,,1.33528797666113,0.8993285641452616
2026-07-20T10:45:52+00:00,garn_base,20.18,timing_sum,min_fbkc_depth,-11.8,,,,-7.6000000000000005,0.0
2026-07-20T10:45:52+00:00,garn_base,20.18,timing_sum,timing_osc_per_min,0.9690743950958697,442.0,,,0.019855811742390705,0.2738109770256424
2026-07-20T10:45:52+00:00,garn_base,20.18,wgdc,mean_target_attainment,0.6510269688660338,,,74.0,-0.16592002750709978,0.009690357368437708
2026-07-20T10:45:52+00:00,garn_base,20.18,wgdc,mean_peak_mrp,10.924036486486486,,,74.0,-2.013277799227799,0.1651643060353578
2026-07-20T10:45:52+00:00,garn_base,20.18,wgdc,wgdc_pegged_pulls,0.0,,,74.0,0.0,0.0
2026-07-20T10:45:52+00:00,garn_base,20.18,ol_fueling,afr_osc_per_min,1.0896605754811024,497.0,,,0.46040331235913323,0.17006339443747653
2026-07-20T10:45:52+00:00,garn_base,20.18,ol_fueling,ffb_wbo2_div_per_min,2.565196928194949,1170.0,,,0.36812919593858195,0.5187935178650926
2026-07-20T10:45:52+00:00,garn_base,20.18,ol_fueling,maf_corr_mean_pct,-1.5578152589319856,,235390.0,,-0.19598614683844362,-0.8715499709193307
2026-07-20T10:45:52+00:00,garn_base,20.18,ol_fueling,maf_corr_mean_abs_pct,1.627248685160797,,235390.0,,-0.23032062442892332,0.7544449933174046
2026-07-20T10:45:52+00:00,garn_base,20.18,cross_thread,stutter_signature_per_min,1.8351024178625406,837.0,,,0.3206188354333943,0.3760767227989108
2026-07-20T10:45:52+00:00,garn_base,20.18a,pedal_throttle,throttle_hunt_per_min,0.5631238718237499,219.0,,,0.21116641956908916,0.14655343049294617
2026-07-20T10:45:52+00:00,garn_base,20.18a,pedal_throttle,rpm_swing_per_min,1.3499544872487155,525.0,,,-0.32450975529618575,0.18136477551546082
2026-07-20T10:45:52+00:00,garn_base,20.18a,avcs,avcs_osc_per_min,1.3370977778463466,520.0,,,0.366548439810767,-0.33576141549788097
2026-07-20T10:45:52+00:00,garn_base,20.18a,timing_sum,fbkc_events_per_min,0.12599575214321343,49.0,,,0.00867660139165985,-0.21822298095645068
2026-07-20T10:45:52+00:00,garn_base,20.18a,timing_sum,flkc_events_per_min,0.0,0.0,,,-0.0426615093642013,-1.1510499036772208
2026-07-20T10:45:52+00:00,garn_base,20.18a,timing_sum,total_knock_per_min,0.12599575214321343,,,,-0.033984907972541445,-1.3692728846336717
2026-07-20T10:45:52+00:00,garn_base,20.18a,timing_sum,min_fbkc_depth,-4.2,,,,0.0,7.6000000000000005
2026-07-20T10:45:52+00:00,garn_base,20.18a,timing_sum,timing_osc_per_min,0.7405464615764382,288.0,,,-0.20867212177704075,-0.22852793351943146
2026-07-20T10:45:52+00:00,garn_base,20.18a,wgdc,mean_target_attainment,0.6567814955139909,,,86.0,-0.16016550085914272,0.005754526647957059
2026-07-20T10:45:52+00:00,garn_base,20.18a,wgdc,mean_peak_mrp,11.101327906976744,,,86.0,-1.835986378737541,0.17729142049025803
2026-07-20T10:45:52+00:00,garn_base,20.18a,wgdc,wgdc_pegged_pulls,0.0,,,86.0,0.0,0.0
2026-07-20T10:45:52+00:00,garn_base,20.18a,ol_fueling,afr_osc_per_min,1.06453553851613,414.0,,,0.43527827539416075,-0.02512503696497248
2026-07-20T10:45:52+00:00,garn_base,20.18a,ol_fueling,ffb_wbo2_div_per_min,2.2859229317411582,889.0,,,0.08885519948479104,-0.2792739964537909
2026-07-20T10:45:52+00:00,garn_base,20.18a,ol_fueling,maf_corr_mean_pct,-0.024285652764444124,,183328.0,,1.3375434593290978,1.5335296061675414
2026-07-20T10:45:52+00:00,garn_base,20.18a,ol_fueling,maf_corr_mean_abs_pct,1.1730302656986387,,183328.0,,-0.6845390438910817,-0.45421841946215835
2026-07-20T10:45:52+00:00,garn_base,20.18a,cross_thread,stutter_signature_per_min,1.7330844274393034,674.0,,,0.21860084501015709,-0.10201799042323723
2026-07-20T10:45:52+00:00,garn_base,20.19,pedal_throttle,throttle_hunt_per_min,0.3582181207195067,56.0,,,0.006260668464845964,-0.2049057511042432
2026-07-20T10:45:52+00:00,garn_base,20.19,pedal_throttle,rpm_swing_per_min,0.6972459849718969,109.0,,,-0.9772182575730043,-0.6527085022768185
2026-07-20T10:45:52+00:00,garn_base,20.19,avcs,avcs_osc_per_min,0.6652622241933696,104.0,,,-0.3052871138422101,-0.6718355536529771
2026-07-20T10:45:52+00:00,garn_base,20.19,timing_sum,fbkc_events_per_min,0.15352205173693145,24.0,,,0.03620290098537787,0.027526299593718023
2026-07-20T10:45:52+00:00,garn_base,20.19,timing_sum,flkc_events_per_min,0.2494733340725136,39.0,,,0.2068118247083123,0.2494733340725136
2026-07-20T10:45:52+00:00,garn_base,20.19,timing_sum,total_knock_per_min,0.40299538580944505,,,,0.24301472569369018,0.2769996336662316
2026-07-20T10:45:52+00:00,garn_base,20.19,timing_sum,min_fbkc_depth,-2.8,,,,1.4000000000000004,1.4000000000000004
2026-07-20T10:45:52+00:00,garn_base,20.19,timing_sum,timing_osc_per_min,0.40299538580944505,63.0,,,-0.5462231975440339,-0.33755107576699317
2026-07-20T10:45:52+00:00,garn_base,20.19,wgdc,mean_target_attainment,0.7252367415049247,,,32.0,-0.09171025486820894,0.06845524599093378
2026-07-20T10:45:52+00:00,garn_base,20.19,wgdc,mean_peak_mrp,12.328834375,,,32.0,-0.6084799107142853,1.2275064680232557
2026-07-20T10:45:52+00:00,garn_base,20.19,wgdc,wgdc_pegged_pulls,0.0,,,32.0,0.0,0.0
2026-07-20T10:45:52+00:00,garn_base,20.19,ol_fueling,afr_osc_per_min,0.6716589763490751,105.0,,,0.04240171322710595,-0.3928765621670548
2026-07-20T10:45:52+00:00,garn_base,20.19,ol_fueling,ffb_wbo2_div_per_min,1.2921439354525064,202.0,,,-0.9049237968038608,-0.9937789962886519
2026-07-20T10:45:52+00:00,garn_base,20.19,ol_fueling,maf_corr_mean_pct,1.2016520267751987,,67077.0,,2.563481138868741,1.2259376795396428
2026-07-20T10:45:52+00:00,garn_base,20.19,ol_fueling,maf_corr_mean_abs_pct,1.2097350925056278,,67077.0,,-0.6478342170840925,0.036704826806989166
2026-07-20T10:45:52+00:00,garn_base,20.19,cross_thread,stutter_signature_per_min,1.0106868406014653,158.0,,,-0.503796741827681,-0.7223975868378381
