{
  "20.9": {
    "load": [
      0.20000000298023224,
      0.30000001192092896,
      0.5,
      0.6000000238418579,
      0.699999988079071,
      0.800000011920929,
      0.8999999761581421,
      1.0,
      1.100000023841858,
      1.2000000476837158,
      1.2999999523162842,
      1.5,
      1.75,
      2.0,
      2.25,
      2.5,
      3.5,
      4.0
    ],
    "rpm": [
      1000.0,
      1100.0,
      1350.0,
      1600.0,
      1900.0,
      2200.0,
      2500.0,
      2800.0,
      3000.0,
      3400.0,
      3800.0,
      4150.0,
      4450.0,
      4750.0,
      5000.0,
      5500.0
    ],
    "table": [
      [
        0.0,
        0.0,
        0.0,
        0.0,
        0.0,
        0.0,
        1.99951171875,
        10.5029296875,
        19.0008544921875,
        19.0008544921875,
        19.830322265625,
        21.500244140625,
        21.500244140625,
        21.500244140625,
        21.500244140625,
        21.500244140625,
        21.500244140625,
        21.500244140625
      ],
      [
        0.0,
        0.0,
        0.0,
        0.0,
        0.0,
        0.0,
        5.99853515625,
        11.66748046875,
        19.0008544921875,
        20.0006103515625,
        21.1212158203125,
        22.3736572265625,
        22.686767578125,
        22.9998779296875,
        22.9998779296875,
        22.9998779296875,
        22.9998779296875,
        22.9998779296875
      ],
      [
        1.25244140625,
        1.25244140625,
        2.4993896484375,
        3.9990234375,
        5.99853515625,
        6.998291015625,
        9.99755859375,
        13.8372802734375,
        19.2535400390625,
        20.2532958984375,
        21.6650390625,
        23.5821533203125,
        24.0435791015625,
        24.49951171875,
        24.49951171875,
        24.49951171875,
        24.49951171875,
        24.49951171875
      ],
      [
        4.998779296875,
        4.998779296875,
        14.0020751953125,
        14.0020751953125,
        14.0020751953125,
        14.0020751953125,
        14.0020751953125,
        16.50146484375,
        19.500732421875,
        20.50048828125,
        22.2088623046875,
        24.290771484375,
        25.147705078125,
        25.499267578125,
        25.9991455078125,
        25.9991455078125,
        25.9991455078125,
        25.9991455078125
      ],
      [
        4.998779296875,
        13.0023193359375,
        20.0006103515625,
        20.0006103515625,
        20.0006103515625,
        20.0006103515625,
        20.0006103515625,
        20.0006103515625,
        20.0006103515625,
        21.500244140625,
        23.499755859375,
        26.9989013671875,
        27.2515869140625,
        27.9986572265625,
        28.49853515625,
        28.49853515625,
        28.49853515625,
        28.49853515625
      ],
      [
        2.4993896484375,
        19.9951171875,
        20.0006103515625,
        20.0006103515625,
        20.0006103515625,
        20.0006103515625,
        20.0006103515625,
        20.0006103515625,
        20.0006103515625,
        21.500244140625,
        23.499755859375,
        27.498779296875,
        28.2513427734375,
        29.498291015625,
        29.9981689453125,
        29.9981689453125,
        29.9981689453125,
        29.9981689453125
      ],
      [
        0.0,
        19.9951171875,
        20.0006103515625,
        20.0006103515625,
        20.0006103515625,
        20.0006103515625,
        20.0006103515625,
        20.0006103515625,
        20.0006103515625,
        21.500244140625,
        23.499755859375,
        27.498779296875,
        28.2513427734375,
        29.498291015625,
        29.9981689453125,
        29.9981689453125,
        29.9981689453125,
        29.9981689453125
      ],
      [
        0.0,
        14.996337890625,
        20.0006103515625,
        20.0006103515625,
        20.0006103515625,
        20.0006103515625,
        20.0006103515625,
        20.0006103515625,
        20.0006103515625,
        21.500244140625,
        23.499755859375,
        27.498779296875,
        28.2513427734375,
        29.498291015625,
        29.9981689453125,
        29.9981689453125,
        29.9981689453125,
        29.9981689453125
      ],
      [
        0.0,
        12.4969482421875,
        18.5009765625,
        20.0006103515625,
        20.0006103515625,
        20.0006103515625,
        20.0006103515625,
        20.0006103515625,
        20.0006103515625,
        21.500244140625,
        23.499755859375,
        27.498779296875,
        28.2513427734375,
        29.498291015625,
        29.9981689453125,
        29.9981689453125,
        29.9981689453125,
        29.9981689453125
      ],
      [
        0.0,
        8.997802734375,
        15.501708984375,
        18.5009765625,
        19.500732421875,
        20.0006103515625,
        20.0006103515625,
        20.0006103515625,
        20.0006103515625,
        21.500244140625,
        23.499755859375,
        24.9993896484375,
        26.9989013671875,
        26.9989013671875,
        27.9986572265625,
        27.9986572265625,
        27.9986572265625,
        27.9986572265625
      ],
      [
        0.0,
        4.998779296875,
        11.0028076171875,
        14.249267578125,
        14.501953125,
        15.0018310546875,
        15.2490234375,
        15.75439453125,
        16.0015869140625,
        17.0013427734375,
        18.5009765625,
        22.9998779296875,
        25.9991455078125,
        25.9991455078125,
        25.9991455078125,
        25.9991455078125,
        25.9991455078125,
        25.9991455078125
      ],
      [
        0.0,
        0.0,
        7.998046875,
        8.4979248046875,
        8.997802734375,
        9.99755859375,
        10.4974365234375,
        11.502685546875,
        12.0025634765625,
        12.50244140625,
        13.502197265625,
        17.7484130859375,
        20.0006103515625,
        20.0006103515625,
        20.0006103515625,
        20.0006103515625,
        20.0006103515625,
        20.0006103515625
      ],
      [
        0.0,
        0.0,
        4.998779296875,
        5.99853515625,
        6.998291015625,
        7.4981689453125,
        7.998046875,
        8.50341796875,
        8.7506103515625,
        9.0032958984375,
        9.7503662109375,
        11.1236572265625,
        12.249755859375,
        12.249755859375,
        12.249755859375,
        12.249755859375,
        12.249755859375,
        12.249755859375
      ],
      [
        0.0,
        0.0,
        1.8292236328125,
        4.2791748046875,
        5.0921630859375,
        5.361328125,
        5.44921875,
        5.4986572265625,
        5.4986572265625,
        5.4986572265625,
        5.99853515625,
        6.4984130859375,
        6.4984130859375,
        6.4984130859375,
        6.4984130859375,
        6.4984130859375,
        6.4984130859375,
        6.4984130859375
      ],
      [
        0.0,
        0.0,
        1.669921875,
        3.88916015625,
        4.6307373046875,
        4.8779296875,
        4.9603271484375,
        4.998779296875,
        4.998779296875,
        4.998779296875,
        4.998779296875,
        4.998779296875,
        4.998779296875,
        4.998779296875,
        4.998779296875,
        4.998779296875,
        4.998779296875,
        4.998779296875
      ],
      [
        0.0,
        0.0,
        1.669921875,
        3.88916015625,
        4.6307373046875,
        4.8779296875,
        4.9603271484375,
        4.998779296875,
        4.998779296875,
        4.998779296875,
        4.998779296875,
        4.998779296875,
        4.998779296875,
        4.998779296875,
        4.998779296875,
        4.998779296875,
        4.998779296875,
        4.998779296875
      ]
    ]
  },