sample,time,wbo2,AFR,FFB,EGT,AFC,AFL,RPM,MPH,Timing,IAT,MAF,MAF(V),Accelerator,Throttle,RQTQ,ATM(psi),MAP,Trgt_Boost,IAM,CL/OL,FLKC,FBKC,avcs,wgdc,tdi,Tdp,IPW,KNOCK_FLAG,ECT
0,46247.480,10.17,14.7,14.5157,255,0,-3.90625,187.25,0,27,104,2.69,1.2,0,9.01961,0,14.2196,13.92,-8.92721,1,7,0,0,0,0,0,0,1.28,0,181.4
1,46247.520,10.17,14.7,10.5708,255,0,-3.90625,187.25,0,27,104,2.69,1.2,0,9.01961,0,14.2196,13.92,-8.92721,1,7,0,0,0,0,0,0,1.28,0,181.4
2,46247.560,10.17,14.7,10.5708,255,0,-3.90625,187.25,0,27,104,2.69,1.1,0,9.01961,0,14.2196,13.92,-8.92721,1,7,0,0,0,0,0,0,1.28,0,181.4
3,46247.600,10.17,14.7,10.5708,255,0,-3.90625,187.25,0,27,91.4,2.69,1.14,0,9.01961,0,14.2196,13.92,-8.92721,1,7,0,0,0,0,0,0,1.28,0,181.4
4,46247.640,10.17,14.7,10.5708,255,0,-3.90625,197.25,0,27,91.4,2.83,1.24,0,9.01961,0,14.2196,13.92,-8.92721,1,7,0,0,0,0,0,0,12.544,0,105.8
5,46247.680,10.17,14.7,10.5708,255,0,-3.90625,197.25,0,27,91.4,2.83,1.22,0,9.01961,0,14.2196,13.92,-8.92721,1,7,0,0,0,0,0,0,12.544,0,105.8
6,46247.720,10.17,14.7,10.5708,255,0,-3.90625,434.75,0,27,91.4,3.48,1.26,0,9.01961,0,14.2196,13.775,-8.92721,1,7,0,0,0,0,0,0,9.728,0,105.8
7,46247.760,10.17,14.7,10.5745,255,0,-3.90625,1057.75,0,27,91.4,4.18,1.32,0,9.01961,0,14.2196,12.18,-8.92721,1,7,0,0,0,0,0,0,8.96,0,105.8
8,46247.800,10.17,14.7,10.5745,255,0,-3.90625,1248.25,0,27,91.4,4.97,1.42,0,9.01961,0,14.2196,11.455,-8.92721,1,7,0,0,0,0,0,0,7.168,0,105.8
9,46247.840,10.17,14.7,10.6155,255,0,-3.90625,1531.75,0,25,91.4,6.31,1.48,0,9.01961,0,14.2196,10.295,-8.55981,1,7,0,0,0,0,0,0,5.888,0,105.8
10,46247.880,10.17,14.7,10.6193,255,0,-3.90625,1810.5,0,22,91.4,7.92,1.54,0,9.01961,0,14.2196,8.99,-8.91329,1,7,0,0,0,0,0,0,4.608,0,105.8
11,46247.920,10.17,14.7,10.6193,255,0,-3.90625,1931,0,21.5,91.4,8.31,1.58,0,9.01961,0,14.2196,8.265,-8.91329,1,7,0,0,0,0,0,0,3.84,0,105.8
12,46247.960,21.5864,14.7,10.6305,255,0,-3.90625,2071,0,21,91.4,8.99,1.6,0,9.01961,0,14.2196,7.25,-9.54598,1,7,0,0,0,0,0,0,3.072,0,105.8
13,46248.000,21.4181,14.7,10.6305,255,0,-3.90625,2154.75,0,20.5,91.4,9.36,1.6,0,9.01961,0,14.2196,6.815,-9.54598,1,7,0,0,0,0,0,0,2.816,0,105.8
14,46248.040,21.335,14.7,10.6418,255,0,-3.90625,2227.25,0,20,91.4,9.39,1.6,0,9.41177,0,14.2196,6.235,-9.54598,1,7,0,0,0,0,0,0,2.816,0,105.8
15,46248.080,21.1648,14.7,10.6569,255,0,-3.90625,2250.75,0,18.5,91.4,9.6,1.62,0,9.41177,0,14.2196,5.8,-9.54598,1,7,0,0,0,0,0,0,2.56,0,105.8
16,46248.120,21.3756,14.7,10.6569,255,0,-3.90625,2274.75,0,17,91.4,9.67,1.62,0,9.41177,0,14.2196,5.365,-9.54598,1,7,0,0,0,0,0,0,2.56,0,105.8
17,46248.160,21.4181,14.7,10.672,255,0,-3.90625,2263.25,0,15.5,91.4,9.7,1.62,0,9.41177,0,14.2196,5.075,-9.54598,1,7,0,0,0,0,0,0,2.56,0,105.8
18,46248.200,21.5439,14.7,10.8216,255,0,-3.125,2256.5,0,14.5,91.4,9.81,1.64,0,9.80392,0,14.2196,4.93,-9.54598,1,7,0,0,0,0,0,0,2.56,0,105.8
19,46248.240,21.4181,14.7,10.8216,255,0,-3.125,2221,0,13,91.4,10.01,1.64,0,9.80392,0,14.2196,4.785,-9.54598,1,7,0,0,0,0,0,0,2.56,0,105.8
20,46248.280,21.2924,14.7,10.8333,255,0,-3.125,2203.5,0,12,91.4,10.01,1.64,0,9.80392,0,14.2196,4.64,-9.54598,1,7,0,0,0,0,0,0,2.56,0,105.8
21,46248.320,21.2499,14.7,10.8333,255,0,-3.125,2163.5,0,11,91.4,10.01,1.64,0,9.80392,0,14.2196,4.64,-9.54598,1,7,0,0,0,0,0,0,2.56,0,105.8
22,46248.360,21.2073,14.7,10.9794,255,0,-3.125,2121.25,0,10.5,91.4,9.91,1.64,0,9.80392,0,14.2196,4.64,-9.54598,1,7,0,0,0,0,0,0,2.56,0,105.8
23,46248.400,21.4181,14.7,10.9915,255,0,-3.125,2095.75,0,10.5,91.4,9.91,1.64,0,9.80392,0,14.2196,4.64,-9.54598,1,7,0,0,0,0,0,0,2.56,0,105.8
24,46248.440,21.3756,14.7,10.9915,255,0,-3.125,2034,0,10,91.4,10.15,1.66,0,9.80392,0,14.2196,4.64,-9.54598,1,7,0,0,0,0,0,0,2.56,0,105.8
25,46248.480,21.3756,14.7,11.1214,255,0,-3.125,1989.5,0,10,91.4,10.29,1.66,0,9.80392,0,14.2196,4.64,-9.54598,1,7,0,0,0,0,0,0,2.56,0,105.8
26,46248.520,21.4181,14.7,11.1337,255,0,-3.125,1968.25,0,10,91.4,10.29,1.66,0,9.80392,0,14.2196,4.64,-9.46745,1,7,0,0,0,0,0,0,2.56,0,105.8
27,46248.560,21.2499,14.7,11.1337,255,0,-3.125,1922,0,10,91.4,10.64,1.66,0,9.80392,0,14.2196,4.64,-9.46745,1,7,0,0,0,0,0,0,2.816,0,105.8
28,46248.600,21.3756,14.7,11.1461,255,0,-3.125,1876.5,0,10,91.4,10.5,1.64,0,9.80392,0,14.2196,4.64,-9.34035,1,7,0,0,0,0,0,0,2.816,0,105.8
29,46248.640,21.4181,14.7,11.1461,255,0,-3.125,1845.25,0,9.5,91.4,10.22,1.64,0,9.80392,0,14.2196,4.64,-9.34035,1,7,0,0,0,0,0,0,2.816,0,105.8
30,46248.680,21.3756,14.7,11.2713,255,0,-3.125,1817.25,0,9.5,91.4,10.36,1.66,0,9.80392,0,14.2196,4.785,-9.1643,1,7,0,0,0,0,0,0,2.816,0,105.8
31,46248.720,21.3756,14.7,11.284,255,0,-3.125,1757.5,0,9.5,91.4,10.08,1.64,0,9.80392,0,14.2196,4.785,-9.0024,1,7,0,0,0,0,0,0,2.816,0,105.8
32,46248.760,21.2924,14.7,11.284,255,0,-3.125,1732.25,0,9.5,91.4,10.01,1.64,0,9.80392,0,14.2196,4.785,-9.0024,1,7,0,0,0,0,0,0,2.816,0,105.8
33,46248.800,21.3756,14.7,11.3993,255,0,-2.34375,1705.75,0,17.5,91.4,10.15,1.66,0,9.80392,0,14.2196,4.785,-8.87854,1,7,0,0,0,0,0,0,2.816,0,105.8
34,46248.840,21.335,14.7,11.3264,255,0,-2.34375,1671.25,0,9.5,91.4,10.29,1.66,0,10.1961,0,14.2196,4.93,-8.76754,1,7,0,0,0,0,0,0,3.072,0,105.8
35,46248.880,21.335,14.7,11.3264,255,0,-2.34375,1634.75,0,10,91.4,10.43,1.66,0,9.80392,0,14.2196,5.075,-8.76754,1,7,0,0,0,0,0,0,3.072,0,105.8
36,46248.920,21.2924,14.7,11.2209,255,0,-2.34375,1617.5,0,10,91.4,10.64,1.66,0,9.80392,0,14.2196,5.075,-8.5936,1,7,0,0,0,0,0,0,3.072,0,105.8
37,46248.960,23.6519,14.7,11.2209,255,0,-2.34375,1608.5,0,10,91.4,10.57,1.66,0,9.80392,0,14.2196,5.22,-8.5936,1,7,0,0,0,0,0,0,3.072,0,105.8
38,46249.000,23.7351,14.7,11.2334,255,0,-2.34375,1596,0,10,91.4,10.43,1.66,0,9.80392,0,14.2196,5.22,-8.58053,1,7,0,0,0,0,0,0,3.072,0,105.8
39,46249.040,23.5243,14.7,11.1917,255,0,-2.34375,1592.25,0,10,91.4,10.29,1.66,0,9.80392,0,14.2196,5.365,-8.55981,1,7,0,0,0,0,0,0,3.328,0,105.8
40,46249.080,23.6945,14.7,11.1917,255,0,-2.34375,1583.75,0,10,91.4,10.43,1.66,0,9.80392,0,14.2196,5.365,-8.55981,1,7,0,0,0,0,0,0,3.328,0,105.8
41,46249.120,23.6945,14.7,11.1792,255,0,-2.34375,1565.5,0,10.5,91.4,10.22,1.64,0,9.80392,0,14.2196,5.365,-8.55981,1,7,0,0,0,0,0,0,3.328,0,105.8
42,46249.160,23.6945,14.7,11.246,255,0,-2.34375,1549.75,0,10.5,91.4,10.01,1.64,0,9.80392,0,14.2196,5.365,-8.55981,1,7,0,0,0,0,0,0,3.328,0,105.8
43,46249.200,23.7351,14.7,11.246,255,0,-.78125,1552,0,10.5,91.4,9.77,1.64,0,9.80392,0,14.2196,5.365,-8.55981,1,7,0,0,0,0,0,0,3.328,0,105.8
44,46249.240,23.7776,14.7,11.2544,255,0,-.78125,1556.75,0,10.5,91.4,9.81,1.64,0,9.80392,0,14.2196,5.51,-8.55981,1,7,0,0,0,0,0,0,3.328,0,105.8
45,46249.280,23.6094,14.7,11.2544,255,0,-.78125,1561.75,0,10,91.4,9.98,1.64,0,9.80392,0,14.2196,5.51,-8.55981,1,7,0,0,0,0,0,0,3.328,0,105.8
46,46249.320,23.7351,14.7,11.284,255,0,-.78125,1560.75,0,10,91.4,9.91,1.64,0,9.80392,0,14.2196,5.51,-8.55981,1,7,0,0,0,0,0,0,3.328,0,105.8
47,46249.360,23.6094,14.7,11.3778,255,0,-.78125,1562,0,10,91.4,9.91,1.64,0,9.80392,0,14.2196,5.51,-8.55981,1,7,0,0,0,0,0,0,3.328,0,105.8
48,46249.400,23.3986,14.7,11.3778,255,0,-.78125,1559.5,0,10,91.4,9.84,1.64,0,9.80392,0,14.2196,5.51,-8.55981,1,7,0,0,0,0,0,0,3.328,0,105.8
49,46249.440,23.4837,14.7,11.408,255,0,-.78125,1555.25,0,10,91.4,9.91,1.64,0,9.80392,0,14.2196,5.51,-8.55981,1,7,0,0,0,0,0,0,3.328,0,105.8
50,46249.480,23.9033,14.7,11.4383,255,0,-.78125,1548.5,0,10,91.4,9.88,1.64,0,9.80392,0,14.2196,5.51,-8.55981,1,7,0,0,0,0,0,0,3.328,0,105.8
51,46249.520,23.6094,14.7,11.4383,255,0,-.78125,1554.25,0,10,91.4,9.84,1.64,0,9.80392,0,14.2196,5.51,-8.55981,1,7,0,0,0,0,0,0,3.328,0,105.8
52,46249.560,23.7351,14.7,11.5259,255,0,-.78125,1553.75,0,9.5,91.4,9.91,1.64,0,9.80392,0,14.2196,5.51,-8.55981,1,7,0,0,0,0,0,0,3.328,0,105.8
53,46249.600,23.7776,14.7,11.5259,255,0,-.78125,1553,0,9.5,91.4,9.88,1.64,0,9.80392,0,14.2196,5.51,-8.55981,1,7,0,0,0,0,0,0,3.328,0,105.8
54,46249.640,23.7351,14.7,11.5524,255,0,-.78125,1553,0,9.5,91.4,9.88,1.64,0,9.80392,0,14.2196,5.51,-8.55981,1,7,0,0,0,0,0,0,3.328,0,105.8
55,46249.680,23.9033,14.7,11.5835,255,0,-.78125,1546.5,0,10,91.4,9.84,1.64,0,9.80392,0,14.2196,5.51,-8.55981,1,7,0,0,0,0,0,0,3.328,0,105.8
56,46249.720,23.8202,14.7,11.5835,255,0,-.78125,1548.5,0,9.5,91.4,9.81,1.64,0,9.80392,0,14.2196,5.51,-8.55981,1,7,0,0,0,0,0,0,3.328,0,105.8
57,46249.760,23.7776,14.7,11.6643,255,0,-.78125,1552.25,0,9.5,91.4,9.91,1.64,0,9.80392,0,14.2196,5.51,-8.55981,1,7,0,0,0,0,0,0,3.328,0,105.8
58,46249.800,23.7776,14.7,11.6915,255,0,-.78125,1550.25,0,9.5,91.4,10.22,1.64,0,9.80392,0,14.2196,5.51,-8.55981,1,7,0,0,0,0,0,0,3.328,0,105.8
59,46249.840,23.7351,14.7,11.6915,255,0,-.78125,1550.75,0,9,91.4,9.94,1.64,0,9.80392,0,14.2196,5.51,-8.55981,1,7,0,0,0,0,0,0,3.328,0,105.8
60,46249.880,23.6519,14.7,11.7234,255,0,-.78125,1554,0,9,91.4,9.84,1.64,0,9.80392,0,14.2196,5.51,-8.55981,1,7,0,0,0,0,0,0,3.328,0,105.8
61,46249.920,23.7351,14.7,11.7234,255,0,-.78125,1546.75,0,9,91.4,9.81,1.62,0,9.80392,0,14.2196,5.51,-8.55981,1,7,0,0,0,0,0,0,3.072,0,105.8
62,46249.960,23.7351,14.7,11.7969,255,0,-.78125,1543,0,9,91.4,9.84,1.64,0,9.80392,0,14.2196,5.365,-8.55981,1,7,0,0,0,0,0,0,3.072,0,105.8
63,46250.000,23.6094,14.7,11.8433,255,0,-.78125,1543,0,9,91.4,9.77,1.64,0,9.80392,0,14.2196,5.365,-8.55981,1,7,0,0,0,0,0,0,3.072,0,105.8
64,46250.040,23.6945,14.7,11.8433,255,0,-.78125,1530.25,0,9,91.4,9.74,1.64,0,9.80392,0,14.2196,5.365,-8.55981,1,7,0,0,0,0,0,0,3.328,0,105.8
65,46250.080,23.6519,14.7,11.8573,255,0,-.78125,1526.75,0,9.5,91.4,9.98,1.64,0,9.80392,0,14.2196,5.365,-8.55981,1,7,0,0,0,0,0,0,3.072,0,105.8
66,46250.120,23.6945,14.7,11.9372,255,0,-.78125,1526.5,0,9,91.4,10.01,1.64,0,9.80392,0,14.2196,5.365,-8.55981,1,7,0,0,0,0,0,0,3.072,0,105.8
67,46250.160,23.6094,14.7,11.9372,255,0,-.78125,1523.75,0,9,91.4,9.98,1.64,0,9.80392,0,14.2196,5.365,-8.55981,1,7,0,0,0,0,0,0,3.328,0,105.8
68,46250.200,23.6094,14.7,11.9609,255,0,-.78125,1520.5,0,9.5,91.4,10.01,1.64,0,9.80392,0,14.2196,5.365,-8.55981,1,7,0,0,0,0,0,0,3.328,0,105.8
69,46250.240,23.6094,14.7,11.9609,255,0,-.78125,1508.25,0,9.5,91.4,10.05,1.66,0,10.9804,0,14.2196,5.365,-8.55981,1,7,0,0,0,0,0,0,3.328,0,105.8
70,46250.280,23.6945,14.7,11.9752,255,0,-.78125,1495,0,10,91.4,11.08,1.7,0,10.9804,0,14.2196,5.365,-8.55981,1,7,0,0,0,0,0,0,3.328,0,105.8
71,46250.320,23.7351,14.7,12.0374,255,0,-.78125,1498,0,10,91.4,11.5,1.72,0,10.9804,0,14.2196,5.51,-8.55981,1,7,0,0,0,0,0,0,3.328,0,105.8
72,46250.360,23.6519,14.7,12.0374,255,0,-.78125,1508.25,0,9.5,91.4,11.59,1.72,0,10.9804,0,14.2196,5.51,-8.55981,1,7,0,0,0,0,0,0,3.328,0,105.8
73,46250.400,23.7351,14.7,12.0134,255,0,-.78125,1526.25,0,8.5,91.4,11.56,1.72,0,10.9804,0,14.2196,5.51,-8.55981,1,7,0,0,0,0,0,0,3.328,0,105.8
74,46250.440,23.8202,14.7,11.923,255,0,-.78125,1539.25,0,7.5,91.4,11.65,1.72,0,10.9804,0,14.2196,5.655,-8.55981,1,7,0,0,0,0,0,0,3.328,0,105.8
75,46250.480,23.8627,14.7,11.923,255,0,-.78125,1548.25,0,7.5,91.4,11.56,1.72,0,10.9804,0,14.2196,5.8,-8.55981,1,7,0,0,0,0,0,0,3.584,0,105.8
76,46250.520,24.7466,14.7,11.8666,255,0,-.78125,1548.5,0,9.5,91.4,11.62,1.72,0,10.9804,0,14.2196,5.8,-8.55981,1,7,0,0,0,0,0,0,3.584,0,105.8
77,46250.560,24.7466,14.7,11.8666,255,0,-.78125,1555,0,7,91.4,11.62,1.72,0,11.3725,0,14.2196,5.8,-8.55981,1,7,0,0,0,0,0,0,3.584,0,105.8
78,46250.600,24.6634,14.7,11.8433,255,0,-.78125,1525,0,7,91.4,11.53,1.74,0,10.9804,0,14.2196,5.8,-8.55981,1,7,0,0,0,0,0,0,3.584,0,105.8
79,46250.640,24.704,14.7,11.8573,255,0,-.78125,1502.5,0,7.5,91.4,11.62,1.72,0,10.9804,0,14.2196,5.945,-8.55981,1,7,0,0,0,0,0,0,3.584,0,105.8
80,46250.680,24.7891,14.7,11.8573,255,0,-.78125,1485.25,0,8.5,91.4,11.59,1.72,0,10.9804,0,14.2196,5.945,-8.55981,1,7,0,0,0,0,0,0,3.584,0,105.8
81,46250.720,24.704,14.7,11.89,255,0,-.78125,1486,0,9,91.4,11.53,1.72,0,10.9804,0,14.2196,5.945,-8.55981,1,7,0,0,0,0,0,0,3.584,0,105.8
82,46250.760,24.6634,14.7,11.8854,255,0,-.78125,1473.25,0,14.5,91.4,11.5,1.72,0,10.9804,0,14.2196,5.945,-8.55981,1,7,0,0,0,0,0,0,3.584,0,105.8
83,46250.800,24.7466,14.7,11.8854,255,0,-.78125,1474.25,0,14,91.4,11.53,1.72,0,10.9804,0,14.2196,5.945,-8.55981,1,7,0,0,0,0,0,0,3.584,0,105.8
84,46250.840,24.7891,14.7,11.8994,255,0,-.78125,1484.25,0,12.5,91.4,11.53,1.72,0,10.9804,0,14.2196,5.945,-8.55981,1,7,0,0,0,0,0,0,3.584,0,105.8
85,46250.880,24.6634,14.7,11.8994,255,0,-.78125,1482,0,12.5,91.4,11.56,1.7,0,10.9804,0,14.2196,6.09,-8.55981,1,7,0,0,0,0,0,0,3.584,0,105.8
86,46250.920,24.6634,14.7,11.8947,255,0,-.78125,1484.75,0,12,91.4,11.5,1.72,0,10.9804,0,14.2196,6.09,-8.55981,1,7,0,0,0,0,0,0,3.584,0,105.8
87,46250.960,24.704,14.7,11.9277,255,0,-.78125,1485.25,0,11.5,91.4,11.56,1.72,0,10.9804,0,14.2196,6.09,-8.55981,1,7,0,0,0,0,0,0,3.584,0,105.8
88,46251.000,24.704,14.7,11.9277,255,0,-.78125,1490.75,0,10.5,91.4,11.59,1.72,0,10.9804,0,14.2196,6.09,-8.55981,1,7,0,0,0,0,0,0,3.584,0,105.8
89,46251.040,24.7466,14.7,11.9514,255,0,-.78125,1485.75,0,11,91.4,11.59,1.72,0,10.9804,0,14.2196,6.09,-8.55981,1,7,0,0,0,0,0,0,3.584,0,105.8
90,46251.080,24.9148,14.7,11.9514,255,0,-.78125,1484.75,0,10.5,91.4,11.56,1.72,0,10.9804,0,14.2196,6.09,-8.55981,1,7,0,0,0,0,0,0,3.584,0,105.8
91,46251.120,24.7891,14.7,11.9514,255,0,-.78125,1487.75,0,10,91.4,11.56,1.72,0,10.9804,0,14.2196,6.09,-8.55981,1,7,0,0,0,0,0,0,3.584,0,105.8
92,46251.160,24.6634,14.7,12.0182,255,0,-.78125,1488.5,0,10,91.4,11.5,1.72,0,10.9804,0,14.2196,6.09,-8.55981,1,7,0,0,0,0,0,0,3.584,0,105.8
93,46251.200,24.6208,14.7,12.0182,255,0,-.78125,1477.25,0,10.5,91.4,11.53,1.72,0,10.9804,0,14.2196,6.09,-8.55981,1,7,0,0,0,0,0,0,3.584,0,105.8
94,46251.240,24.6634,14.7,12.0471,255,0,-.78125,1467,0,11.5,91.4,11.47,1.72,0,10.9804,0,14.2196,6.09,-8.55981,1,7,0,0,0,0,0,0,3.584,0,105.8
95,46251.280,24.6634,14.7,12.0809,255,0,-.78125,1469.25,0,11,91.4,11.53,1.7,0,10.9804,0,14.2196,6.09,-8.55981,1,7,0,0,0,0,0,0,3.584,0,105.8
96,46251.320,24.7891,14.7,12.0809,255,0,-.78125,1468.75,0,10.5,91.4,11.56,1.72,0,10.9804,0,14.2196,6.09,-8.55981,1,7,0,0,0,0,0,0,3.584,0,105.8
97,46251.360,24.8317,14.7,12.1345,255,0,-.78125,1456.75,0,11.5,91.4,11.53,1.72,0,10.9804,0,14.2196,6.09,-8.55981,1,7,0,0,0,0,0,0,3.584,0,105.8
98,46251.400,23.6945,14.7,12.1443,255,0,-.78125,1462.5,0,10.5,91.4,11.56,1.72,0,10.9804,0,14.2196,6.09,-8.55981,1,7,0,0,0,0,0,0,3.584,0,105.8
99,46251.440,23.8202,14.7,12.1443,255,0,-.78125,1466.5,0,10,91.4,11.69,1.72,0,10.9804,0,14.2196,6.235,-8.55981,1,7,0,0,0,0,0,0,3.584,0,105.8
100,46251.480,23.6945,14.7,12.1541,255,0,-.78125,1462.25,0,10,91.4,11.69,1.72,0,10.9804,0,14.2196,6.235,-8.55981,1,7,0,0,0,0,0,0,3.584,0,105.8
101,46251.520,23.7776,14.7,12.1541,255,0,-.78125,1458.5,0,10,91.4,11.5,1.72,0,10.9804,0,14.2196,6.235,-8.55981,1,7,0,0,0,0,0,0,3.584,0,105.8
102,46251.560,23.8202,14.7,12.1737,255,0,-.78125,1451.5,0,10.5,91.4,11.53,1.72,0,10.9804,0,14.2196,6.235,-8.55981,1,7,0,0,0,0,0,0,3.584,0,105.8
103,46251.600,23.7776,14.7,12.1885,255,0,-.78125,1447.75,0,10.5,91.4,11.59,1.72,0,10.9804,0,14.2196,6.235,-8.55981,1,7,0,0,0,0,0,0,3.584,0,105.8
104,46251.640,23.7776,14.7,12.1885,255,0,-.78125,1451,0,10.5,91.4,11.56,1.72,0,10.9804,0,14.2196,6.235,-8.55981,1,7,0,0,0,0,0,0,3.584,0,105.8
105,46251.680,23.7776,14.7,12.2033,255,0,-.78125,1449,0,10,91.4,11.56,1.72,0,10.9804,0,14.2196,6.235,-8.55981,1,7,0,0,0,0,0,0,3.584,0,105.8
106,46251.720,23.7351,14.7,12.253,255,0,-.78125,1451,0,9.5,91.4,11.62,1.72,0,10.9804,0,14.2196,6.235,-8.55981,1,7,0,0,0,0,0,0,3.584,0,105.8
107,46251.760,23.7351,14.7,12.253,255,0,-.78125,1445.5,0,10,91.4,11.69,1.72,0,10.9804,0,14.2196,6.235,-8.55981,1,7,0,0,0,0,0,0,3.584,0,105.8
108,46251.800,23.7776,14.7,12.278,255,0,-.78125,1439,0,10,91.4,11.69,1.74,0,10.9804,0,14.2196,6.235,-8.55981,1,7,0,0,0,0,0,0,3.584,0,105.8
109,46251.840,23.6945,14.7,12.278,255,0,-.78125,1441.75,0,10,91.4,11.69,1.72,0,10.9804,0,14.2196,6.235,-8.55981,1,7,0,0,0,0,0,0,3.584,0,105.8
110,46251.880,23.7351,14.7,12.3081,255,0,-.78125,1445.75,0,9,91.4,11.5,1.72,0,10.9804,0,14.2196,6.235,-8.55981,1,7,0,0,0,0,0,0,3.584,0,105.8
111,46251.920,23.7351,14.7,12.3131,255,0,-.78125,1447.25,0,9,91.4,11.59,1.72,0,10.9804,0,14.2196,6.235,-8.55981,1,7,0,0,0,0,0,0,3.584,0,105.8
112,46251.960,23.7351,14.7,12.3131,255,0,-.78125,1447,0,9,91.4,11.69,1.72,0,10.9804,0,14.2196,6.235,-8.55981,1,7,0,0,0,0,0,0,3.584,0,105.8
113,46252.000,23.7776,14.7,12.3688,255,0,-.78125,1445,0,9,91.4,11.62,1.72,0,10.9804,0,14.2196,6.235,-8.55981,1,7,0,0,0,0,0,0,3.584,0,105.8
114,46252.040,23.7351,14.7,12.384,255,0,-.78125,1441.75,0,9,91.4,11.72,1.72,0,10.9804,0,14.2196,6.38,-8.55981,1,7,0,0,0,0,0,0,3.584,0,105.8
115,46252.080,23.8202,14.7,12.384,255,0,-.78125,1439.75,0,9,91.4,11.65,1.72,0,10.9804,0,14.2196,6.38,-8.55981,1,7,0,0,0,0,0,0,3.584,0,105.8
116,46252.120,23.8202,14.7,12.4096,255,0,-.78125,1435,0,9,91.4,11.69,1.72,0,10.9804,0,14.2196,6.38,-8.55981,1,7,0,0,0,0,0,0,3.584,0,105.8
117,46252.160,23.7776,14.7,12.4096,255,0,-.78125,1442.5,0,8.5,91.4,11.65,1.72,0,10.9804,0,14.2196,6.38,-8.55981,1,7,0,0,0,0,0,0,3.584,0,105.8
118,46252.200,23.7776,14.7,12.4609,255,0,-.78125,1444.25,0,8,91.4,11.69,1.72,0,10.9804,0,14.2196,6.38,-8.55981,1,7,0,0,0,0,0,0,3.584,0,105.8
119,46252.240,23.8202,14.7,12.4816,255,0,-.78125,1446.25,0,7.5,91.4,11.56,1.72,0,10.9804,0,14.2196,6.38,-8.55981,1,7,0,0,0,0,0,0,3.584,0,105.8
120,46252.280,23.8202,14.5852,12.4816,255,0,-.78125,1452.5,0,7,91.4,11.53,1.72,0,11.3725,0,14.2196,6.38,-8.55981,1,7,0,0,0,0,0,0,3.584,0,105.8
121,46252.320,23.7776,14.5852,12.4868,255,0,-.78125,1457.25,0,6.5,91.4,11.62,1.72,0,11.3725,0,14.2196,6.38,-8.55981,1,7,0,0,0,0,0,0,3.584,0,105.8
122,46252.360,23.8627,14.5852,12.5179,255,0,-.78125,1455.5,0,6.5,91.4,11.59,1.72,0,11.3725,0,14.2196,6.38,-8.55981,1,7,0,0,0,0,0,0,3.584,0,105.8
123,46252.400,23.6945,14.5852,12.5179,255,0,-.78125,1453.5,0,7,91.4,11.75,1.72,0,11.3725,0,14.2196,6.38,-8.55981,1,7,0,0,0,0,0,0,3.584,0,105.8
124,46252.440,23.6519,14.5852,12.5492,255,0,-.78125,1456.25,0,6.5,91.4,11.59,1.72,0,11.3725,0,14.2196,6.38,-8.55981,1,7,0,0,0,0,0,0,3.584,0,105.8
125,46252.480,23.7351,14.5852,12.5492,255,0,-.78125,1458.75,0,6,91.4,11.59,1.72,0,11.3725,0,14.2196,6.38,-8.55981,1,7,0,0,0,0,0,0,3.584,0,105.8
126,46252.520,23.8202,14.5852,12.5754,255,0,-.78125,1456,0,6.5,91.4,11.72,1.74,0,11.3725,0,14.2196,6.38,-8.55981,1,7,0,0,0,0,0,0,3.584,0,105.8
127,46252.560,23.7351,14.5852,12.6229,255,0,-.78125,1460.75,0,6,91.4,11.75,1.72,0,10.9804,0,14.2196,6.38,-8.55981,1,7,0,0,0,0,0,0,3.584,0,105.8
128,46252.600,23.8202,14.5852,12.6229,255,0,-.78125,1461.25,0,6,91.4,11.72,1.72,0,10.9804,0,14.2196,6.38,-8.55981,1,7,0,0,0,0,0,0,3.584,0,105.8
129,46252.640,23.8627,14.5852,12.6335,255,0,-.78125,1455.75,0,6.5,91.4,11.5,1.72,0,10.9804,0,14.2196,6.38,-8.55981,1,7,0,0,0,0,0,0,3.584,0,105.8
130,46252.680,23.8202,14.5852,12.676,255,0,-.78125,1456.5,0,6,91.4,11.62,1.72,0,10.9804,0,14.2196,6.38,-8.55981,1,7,0,0,0,0,0,0,3.584,0,105.8
131,46252.720,23.8202,14.5852,12.676,255,0,-.78125,1455,0,6,91.4,11.62,1.72,0,10.9804,0,14.2196,6.38,-8.55981,1,7,0,0,0,0,0,0,3.584,0,105.8
132,46252.760,23.8202,14.5852,12.6974,255,0,-.78125,1445.25,0,7,91.4,11.62,1.72,0,10.9804,0,14.2196,6.38,-8.55981,1,7,0,0,0,0,0,0,3.584,0,105.8
133,46252.800,23.8202,14.5852,12.6974,255,0,-.78125,1446.75,0,6.5,91.4,11.62,1.72,0,10.9804,0,14.2196,6.38,-8.55981,1,7,0,0,0,0,0,0,3.584,0,105.8
134,46252.840,23.8202,14.5852,12.7458,255,0,-.78125,1450,0,7,91.4,11.62,1.72,0,10.9804,0,14.2196,6.38,-8.55981,1,7,0,0,0,0,0,0,3.584,0,105.8
135,46252.880,23.8627,14.5852,12.7728,255,0,-.78125,1445.25,0,6.5,91.4,11.56,1.74,0,11.3725,0,14.2196,6.38,-8.55981,1,7,0,0,0,0,0,0,3.584,0,105.8
136,46252.920,23.8627,14.5852,12.7728,255,0,-.78125,1435,0,7.5,91.4,11.65,1.74,0,11.3725,0,14.2196,6.38,-8.55981,1,7,0,0,0,0,0,0,3.584,0,105.8
137,46252.960,23.8627,14.4703,12.7946,255,0,-.78125,1442.5,0,6.5,91.4,11.81,1.74,0,11.3725,0,14.2196,6.38,-8.55981,1,7,0,0,0,0,0,0,3.584,0,105.8
138,46253.000,23.6945,14.4703,12.8327,255,0,-.78125,1441.75,0,6.5,91.4,11.78,1.72,0,11.3725,0,14.2196,6.38,-8.55981,1,7,0,0,0,0,0,0,3.584,0,105.8
139,46253.040,23.6519,14.4703,12.8327,255,0,-.78125,1447.75,0,6,91.4,11.62,1.72,0,11.3725,0,14.2196,6.38,-8.55981,1,7,0,0,0,0,0,0,3.584,0,105.8
140,46253.080,23.7776,14.4703,12.8492,255,0,-.78125,1451.5,0,5.5,91.4,11.75,1.72,0,11.3725,0,14.2196,6.38,-8.55981,1,7,0,0,0,0,0,0,3.584,0,105.8
141,46253.120,23.8202,14.4703,12.8492,255,0,-.78125,1436.75,0,7,91.4,11.69,1.72,0,11.3725,0,14.2196,6.38,-8.55981,1,7,0,0,0,0,0,0,3.584,0,105.8
142,46253.160,23.8627,14.4703,12.8766,255,0,-.78125,1440,0,6.5,91.4,11.69,1.74,0,11.3725,0,14.2196,6.38,-8.55981,1,7,0,0,0,0,0,0,3.584,0,105.8
143,46253.200,23.8202,14.4703,12.8877,255,0,-.78125,1439.5,0,6.5,91.4,11.65,1.72,0,11.3725,0,14.2196,6.38,-8.55981,1,7,0,0,0,0,0,0,3.584,0,105.8
144,46253.240,23.7776,14.4703,12.8877,255,0,-.78125,1432,0,7,91.4,11.59,1.72,0,11.3725,0,14.2196,6.38,-8.55981,1,7,0,0,0,0,0,0,3.584,0,105.8
145,46253.280,23.8202,14.4703,12.9042,255,0,-.78125,1430.75,0,7,91.4,11.72,1.72,0,11.3725,0,14.2196,6.38,-8.55981,1,7,0,0,0,0,0,0,3.584,0,105.8
146,46253.320,23.8202,14.3555,12.9098,255,0,-.78125,1444.75,0,5.5,91.4,11.81,1.74,0,11.3725,0,14.2196,6.38,-8.55981,1,7,0,0,0,0,0,0,3.584,0,105.8
147,46253.360,23.7776,14.3555,12.9098,255,0,-.78125,1454,0,4.5,91.4,11.75,1.72,0,11.3725,0,14.2196,6.38,-8.55981,1,7,0,0,0,0,0,0,3.584,0,105.8
148,46253.400,23.8627,14.3555,12.8932,255,0,-.78125,1465,0,4,91.4,11.62,1.72,0,11.3725,0,14.2196,6.525,-8.55981,1,7,0,0,0,0,0,0,3.584,0,105.8
149,46253.440,23.8627,14.3555,12.8932,255,0,-.78125,1461.5,0,4.5,91.4,11.59,1.72,0,11.3725,0,14.2196,6.525,-8.55981,1,7,0,0,0,0,0,0,3.584,0,105.8
150,46253.480,23.8202,14.3555,12.8492,255,0,-.78125,1458.25,0,4.5,91.4,11.72,1.74,0,11.3725,0,14.2196,6.525,-8.55981,1,7,0,0,0,0,0,0,3.584,0,105.8
151,46253.520,23.7776,14.3555,12.8327,255,0,-.78125,1458.75,0,4.5,91.4,11.72,1.74,0,11.3725,0,14.2196,6.67,-8.55981,1,7,0,0,0,0,0,0,3.584,0,105.8
152,46253.560,23.8202,14.3555,12.8327,255,0,-.78125,1468,0,3.5,91.4,11.75,1.72,0,11.3725,0,14.2196,6.67,-8.55981,1,7,0,0,0,0,0,0,3.584,0,105.8
153,46253.600,23.5668,14.2406,12.8547,255,0,-.78125,1463.75,0,4,91.4,11.75,1.74,0,11.3725,0,14.2196,6.67,-8.55981,1,7,0,0,0,0,0,0,3.584,0,105.8
154,46253.640,23.6945,14.2406,12.8822,255,0,-.78125,1459.5,0,4.5,91.4,11.72,1.72,0,11.3725,0,14.2196,6.67,-8.55981,1,7,0,0,0,0,0,0,3.584,0,105.8
155,46253.680,23.8202,14.2406,12.8822,255,0,-.78125,1455.5,0,5,91.4,11.75,1.74,0,11.3725,0,14.2196,6.67,-8.55981,1,7,0,0,0,0,0,0,3.584,0,105.8
156,46253.720,23.8202,14.2406,12.9042,255,0,-.78125,1381,0,11,91.4,11.75,1.74,0,11.3725,0,14.2196,6.67,-8.55981,1,7,0,0,0,0,0,0,3.584,0,105.8
157,46253.760,23.7776,14.2406,12.9042,255,0,-.78125,1395.5,0,9.5,91.4,11.69,1.72,0,11.3725,0,14.2196,6.67,-8.55981,1,7,0,0,0,0,0,0,3.584,0,105.8
158,46253.800,23.7776,14.1258,12.9098,255,0,-.78125,1419.25,0,7,91.4,11.72,1.72,0,11.3725,0,14.2196,6.67,-8.55981,1,7,0,0,0,0,0,0,3.584,0,105.8
159,46253.840,23.7776,14.1258,12.9098,255,0,-.78125,1437,0,5,91.4,11.69,1.72,0,11.3725,0,14.2196,6.67,-8.55981,1,7,0,0,0,0,0,0,3.584,0,105.8
160,46253.880,23.8202,14.1258,12.9098,255,0,-.78125,1435.75,0,5.5,91.4,11.69,1.74,0,11.3725,0,14.2196,6.67,-8.55981,1,7,0,0,0,0,0,0,3.584,0,105.8
161,46253.920,23.8202,14.1258,12.9042,255,0,-.78125,1438.75,0,5,91.4,11.81,1.74,0,11.3725,0,14.2196,6.67,-8.55981,1,7,0,0,0,0,0,0,3.584,0,105.8
162,46253.960,23.8202,14.1258,12.9375,255,0,-.78125,1421.75,0,6.5,91.4,11.84,1.74,0,11.3725,0,14.2196,6.67,-8.55981,1,7,0,0,0,0,0,0,3.584,0,105.8
163,46254.000,23.5668,14.1258,12.9375,255,0,-.78125,1433.25,0,5,91.4,11.84,1.74,0,11.3725,0,14.2196,6.67,-8.55981,1,7,0,0,0,0,0,0,3.584,0,105.8
164,46254.040,23.6094,14.0109,12.9821,255,0,-.78125,1432.5,0,5,91.4,11.81,1.74,0,11.7647,0,14.2196,6.67,-8.55981,1,7,0,0,0,0,0,0,3.584,0,105.8
165,46254.080,23.6945,14.0109,12.9821,255,0,-.78125,1437.25,0,4.5,91.4,11.94,1.74,0,11.7647,0,14.2196,6.67,-8.55981,1,7,0,0,0,0,0,0,3.584,0,105.8
166,46254.120,23.6945,14.0109,13.0046,255,0,-.78125,1431.25,0,5,91.4,11.94,1.74,0,11.7647,0,14.2196,6.67,-8.55981,1,7,0,0,0,0,0,0,3.584,0,105.8
167,46254.160,23.7351,14.0109,13.0327,255,0,-.78125,1425.75,0,5.5,91.4,11.78,1.74,0,11.7647,0,14.2196,6.67,-8.55981,1,7,0,0,0,0,0,0,3.584,0,105.8
168,46254.200,23.8202,13.8961,13.0327,255,0,-.78125,1433.5,0,5,91.4,11.9,1.74,0,11.7647,0,14.2196,6.67,-8.55981,1,7,0,0,0,0,0,0,3.584,0,105.8
169,46254.240,23.8202,13.8961,13.061,255,0,-.78125,1437.5,0,4.5,91.4,12.09,1.74,0,11.7647,0,14.2196,6.67,-8.55981,1,7,0,0,0,0,0,0,3.584,0,105.8
170,46254.280,23.7351,13.8961,13.0837,255,0,-.78125,1443.25,0,4,91.4,12.02,1.76,0,11.7647,0,14.2196,6.67,-8.55981,1,7,0,0,0,0,0,0,3.584,0,105.8
171,46254.320,23.6945,13.8961,13.0837,255,0,-.78125,1439.75,0,4,91.4,12.27,1.76,0,11.7647,0,14.2196,6.67,-8.55981,1,7,0,0,0,0,0,0,3.584,0,105.8
172,46254.360,23.7351,13.8961,13.1351,255,0,-.78125,1443.75,0,4,91.4,12.18,1.76,0,11.7647,0,14.2196,6.67,-8.55981,1,7,0,0,0,0,0,0,3.584,0,105.8
173,46254.400,23.7776,13.7813,13.1351,255,0,-.78125,1439.5,0,4,91.4,12.36,1.74,0,11.7647,0,14.2196,6.67,-8.55981,1,7,0,0,0,0,0,0,3.584,0,105.8
174,46254.440,23.8202,13.7813,13.1523,255,0,-.78125,1435,0,4.5,91.4,11.87,1.76,0,11.7647,0,14.2196,6.67,-8.55981,1,7,0,0,0,0,0,0,3.584,0,105.8
175,46254.480,23.6519,13.7813,13.158,255,0,-.78125,1438.25,0,4,91.4,12.09,1.74,0,11.7647,0,14.2196,6.67,-8.55981,1,7,0,0,0,0,0,0,3.584,0,105.8
176,46254.520,23.6094,13.6664,13.158,255,0,-.78125,1443,0,3.5,91.4,11.9,1.76,0,11.7647,0,14.2196,6.67,-8.55981,1,7,0,0,0,0,0,0,3.584,0,105.8
177,46254.560,23.6945,13.6664,13.1984,255,0,-.78125,1442.25,0,3.5,91.4,12.09,1.76,0,11.7647,0,14.2196,6.67,-8.55981,1,7,0,0,0,0,0,0,3.584,0,105.8
178,46254.600,23.7776,13.6664,13.2042,255,0,-.78125,1448,0,3,91.4,12.62,1.76,0,11.7647,0,14.2196,6.67,-8.55981,1,7,0,0,0,0,0,0,3.584,0,105.8
179,46254.640,23.7351,13.6664,13.2042,255,0,-.78125,1450.75,0,2.5,91.4,12.45,1.76,0,11.7647,0,14.2196,6.67,-8.55981,1,7,0,0,0,0,0,0,3.584,0,105.8
180,46254.680,23.7351,13.5516,13.2332,255,0,-.78125,1453.75,0,2.5,91.4,12.36,1.76,0,11.7647,0,14.2196,6.67,-8.55981,1,7,0,0,0,0,0,0,3.584,0,105.8
181,46254.720,23.8627,13.5516,13.2332,255,0,-.78125,1447.5,0,3,91.4,12.45,1.76,0,11.7647,0,14.2196,6.67,-8.55981,1,7,0,0,0,0,0,0,3.584,0,105.8
182,46254.760,23.7776,13.5516,13.2507,255,0,-.78125,1449,0,3,91.4,12.36,1.76,0,11.7647,0,14.2196,6.815,-8.55981,1,7,0,0,0,0,0,0,3.584,0,105.8
183,46254.800,23.7351,13.5516,13.2682,255,0,-.78125,1462,0,1.5,89.6,12.27,1.74,0,11.7647,0,14.2196,6.815,-8.55981,1,7,0,0,0,0,0,0,3.584,0,105.8
184,46254.840,23.7351,13.4367,13.2682,255,0,-.78125,1466.25,0,1.5,89.6,12.45,1.76,0,11.7647,0,14.2196,6.815,-8.55981,1,7,0,0,0,0,0,0,3.584,0,105.8
185,46254.880,23.6945,13.4367,13.2917,255,0,-.78125,1458.5,0,2.5,89.6,12.36,1.76,0,11.7647,0,14.2196,6.815,-8.55981,1,7,0,0,0,0,0,0,3.584,0,105.8
186,46254.920,23.7351,13.4367,13.2682,255,0,-.78125,1448.25,0,3,89.6,12.18,1.76,0,11.7647,0,14.2196,6.815,-8.55981,1,7,0,0,0,0,0,0,3.584,0,105.8
187,46254.960,24.1141,13.4367,13.2682,255,0,-.78125,1442.5,0,3.5,89.6,12.45,1.76,0,11.7647,0,14.2196,6.815,-8.55981,1,7,0,0,0,0,0,0,3.584,0,105.8
188,46255.000,24.6634,13.4367,13.2391,255,0,-.78125,1450,0,3,89.6,12.62,1.76,0,11.7647,0,14.2196,6.815,-8.55981,1,7,0,0,0,0,0,0,3.584,0,105.8
189,46255.040,24.8742,13.3219,13.2391,255,0,-.78125,1438.25,0,3.5,89.6,12.53,1.76,0,11.7647,0,14.2196,6.96,-8.55981,1,7,0,0,0,0,0,0,3.584,0,105.8
190,46255.080,24.5358,13.3219,13.2158,255,0,-.78125,1436.5,0,3.5,89.6,12.53,1.76,0,11.7647,0,14.2196,6.96,-8.55981,1,7,0,0,0,0,0,0,3.584,0,105.8
191,46255.120,24.4932,13.3219,13.2158,255,0,-.78125,1453,0,2.5,89.6,12.53,1.76,0,11.7647,0,14.2196,6.96,-8.55981,1,7,0,0,0,0,0,0,3.584,0,105.8
192,46255.160,24.5358,13.3219,13.2158,255,0,-.78125,1454.5,0,2,89.6,12.62,1.76,0,11.7647,0,14.2196,6.96,-8.55981,1,7,0,0,0,0,0,0,3.584,0,105.8
193,46255.200,24.6634,13.3219,13.2507,255,0,-.78125,1453.5,0,2.5,89.6,12.8,1.76,0,11.7647,0,14.2196,6.96,-8.55981,1,7,0,0,0,0,0,0,3.584,0,105.8
194,46255.240,24.6634,13.4367,13.2682,255,0,-.78125,1453.25,0,2.5,89.6,12.53,1.76,0,11.7647,0,14.2196,6.96,-8.55981,1,7,0,0,0,0,0,0,3.584,0,105.8
195,46255.280,24.6634,13.4367,13.2682,255,0,-.78125,1453.75,0,2.5,89.6,12.53,1.76,0,11.7647,0,14.2196,6.96,-8.55981,1,7,0,0,0,0,0,0,3.584,0,105.8
196,46255.320,24.5783,13.4367,13.2917,255,0,-.78125,1449.25,0,2.5,89.6,12.45,1.76,0,11.7647,0,14.2196,6.96,-8.55981,1,7,0,0,0,0,0,0,3.584,0,105.8
197,46255.360,24.5783,13.3219,13.2917,255,0,-.78125,1444.75,0,3,89.6,12.45,1.76,0,11.7647,0,14.2196,6.96,-8.55981,1,7,0,0,0,0,0,0,3.584,0,105.8
198,46255.400,24.5783,13.3219,13.3211,255,0,-.78125,1444.25,0,3,89.6,12.62,1.76,0,11.7647,0,14.2196,6.96,-8.55981,1,7,0,0,0,0,0,0,3.584,0,105.8
199,46255.440,24.6208,13.3219,13.3684,255,0,-.78125,1437.75,0,3.5,89.6,12.71,1.76,0,11.7647,0,14.2196,6.96,-8.55981,1,7,0,0,0,0,0,0,3.584,0,105.8
200,46255.480,24.6208,13.3219,13.3684,255,0,-.78125,1439.75,0,3,89.6,12.71,1.76,0,11.7647,0,14.2196,6.96,-8.55981,1,7,0,0,0,0,0,0,3.584,0,105.8
201,46255.520,24.6634,13.3219,13.3862,255,0,-.78125,1448,0,2.5,89.6,12.27,1.76,0,11.7647,0,14.2196,6.96,-8.55981,1,7,0,0,0,0,0,0,3.584,0,105.8
202,46255.560,24.6208,13.3219,13.4101,255,0,-.78125,1450.75,0,2,89.6,12.62,1.76,0,11.7647,0,14.2196,6.96,-8.55981,1,7,0,0,0,0,0,0,3.584,0,105.8
203,46255.600,24.6208,13.3219,13.4101,255,0,-.78125,1465,0,1,89.6,12.62,1.76,0,11.7647,0,14.2196,6.96,-8.55981,1,7,0,0,0,0,0,0,3.584,0,105.8
204,46255.640,24.5783,13.3219,13.434,255,0,-.78125,1463,0,1,89.6,12.62,1.76,0,11.7647,0,14.2196,6.96,-8.55981,1,7,0,0,0,0,0,0,3.584,0,105.8
205,46255.680,24.3675,13.3219,13.434,255,0,-.78125,1459,0,1.5,89.6,12.36,1.76,0,12.1569,0,14.2196,6.96,-8.55981,1,7,0,0,0,0,0,0,3.584,0,105.8
206,46255.720,24.4526,13.3219,13.458,255,0,-.78125,1457,0,1.5,89.6,12.62,1.76,0,12.1569,0,14.2196,6.96,-8.55981,1,7,0,0,0,0,0,0,3.584,0,105.8
207,46255.760,24.4932,13.207,13.4942,255,0,-.78125,1467.5,0,1,89.6,12.89,1.76,0,12.1569,0,14.2196,6.96,-8.55981,1,7,0,0,0,0,0,0,3.584,0,105.8
208,46255.800,24.4932,13.207,13.4942,255,0,-.78125,1473.5,0,.5,89.6,12.8,1.76,0,12.1569,0,14.2196,6.96,-8.55981,1,7,0,0,0,0,0,0,3.584,0,105.8
209,46255.840,24.4932,13.207,13.5124,255,0,-.78125,1463.5,0,1,89.6,12.71,1.78,0,12.1569,0,14.2196,6.96,-8.55981,1,7,0,0,0,0,0,0,3.584,0,105.8
210,46255.880,24.5358,13.207,13.5428,255,0,-.78125,1458.25,0,1.5,89.6,12.62,1.76,0,12.1569,0,14.2196,6.96,-8.55981,1,7,0,0,0,0,0,0,3.584,0,105.8
211,46255.920,24.6208,13.207,13.5428,255,0,-.78125,1458.5,0,1.5,89.6,12.8,1.78,0,12.1569,0,14.2196,6.96,-8.55981,1,7,0,0,0,0,0,0,3.584,0,105.8
212,46255.960,23.7351,13.207,13.5733,255,0,-.78125,1456.5,0,1.5,89.6,12.89,1.78,0,12.1569,0,14.2196,6.96,-8.55981,1,7,0,0,0,0,0,0,3.584,0,105.8
213,46256.000,23.6945,13.207,13.5733,255,0,-.78125,1462.5,0,1,89.6,12.98,1.78,0,12.1569,0,14.2196,6.96,-8.55981,1,7,0,0,0,0,0,0,3.584,0,105.8
214,46256.040,23.7776,13.0922,13.5856,255,0,-.78125,1460.5,0,1,89.6,12.89,1.78,0,12.1569,0,14.2196,6.96,-8.55981,1,7,0,0,0,0,0,0,3.584,0,105.8
215,46256.080,23.8202,13.0922,13.6163,255,0,-.78125,1466.5,0,.5,89.6,13.07,1.78,0,12.1569,0,14.2196,6.96,-8.55981,1,7,0,0,0,0,0,0,3.584,0,105.8
216,46256.120,23.7776,13.0922,13.6163,255,0,-.78125,1473.75,0,0,89.6,13.07,1.78,0,12.1569,0,14.2196,6.96,-8.55981,1,7,0,0,0,0,0,0,3.584,0,105.8
217,46256.160,23.7776,13.0922,13.6286,255,0,-.78125,1467.5,0,.5,89.6,13.16,1.78,0,12.1569,0,14.2196,6.96,-8.55981,1,7,0,0,0,0,0,0,3.584,0,105.8
218,46256.200,23.7351,13.0922,13.6533,255,0,-.78125,1467,0,1.5,89.6,13.07,1.78,0,12.1569,0,14.2196,6.96,-8.55981,1,7,0,0,0,0,0,0,3.584,0,105.8
219,46256.240,23.7776,12.9773,13.6533,255,0,-.78125,1473,0,1,89.6,13.16,1.76,0,12.1569,0,14.2196,6.96,-8.55981,1,7,0,0,0,0,0,0,3.584,0,105.8
220,46256.280,23.8202,12.9773,13.6719,255,0,-.78125,1469.25,0,.5,89.6,12.8,1.78,0,12.1569,0,14.2196,6.96,-8.55981,1,7,0,0,0,0,0,0,3.584,0,105.8
221,46256.320,23.8627,12.9773,13.6719,255,0,-.78125,1469.5,0,.5,89.6,12.98,1.76,0,12.1569,0,14.2196,6.96,-8.55981,1,7,0,0,0,0,0,0,3.584,0,105.8
222,46256.360,23.6945,12.8625,13.6781,255,0,-.78125,1473,0,.5,89.6,12.8,1.78,0,12.1569,0,14.2196,6.96,-8.55981,1,7,0,0,0,0,0,0,3.584,0,105.8
223,46256.400,23.7351,12.8625,13.7155,255,0,-.78125,1475,0,0,89.6,12.89,1.78,0,12.1569,0,14.2196,6.96,-8.55981,1,7,0,0,0,0,0,0,3.584,0,105.8
224,46256.440,23.7351,12.8625,13.7155,255,0,-.78125,1467.25,0,1,89.6,12.89,1.78,0,12.1569,0,14.2196,6.96,-8.55981,1,7,0,0,0,0,0,0,3.584,0,105.8
225,46256.480,23.7351,12.7477,13.7343,255,0,-.78125,1458.25,0,1.5,89.6,12.98,1.78,0,12.1569,0,14.2196,6.96,-8.55981,1,7,0,0,0,0,0,0,3.584,0,105.8
226,46256.520,23.7351,12.7477,13.7594,255,0,-.78125,1459.5,0,1.5,89.6,13.33,1.78,0,12.1569,0,14.2196,6.96,-8.55981,1,7,0,0,0,0,0,0,3.584,0,105.8
227,46256.560,23.6519,12.6328,13.7594,255,0,-.78125,1460.25,0,1.5,89.6,13.16,1.78,0,12.1569,0,14.2196,6.96,-8.55981,1,7,0,0,0,0,0,0,3.584,0,105.8
228,46256.600,23.6519,12.6328,13.772,255,0,-.78125,1458.75,0,1.5,89.6,13.33,1.78,0,12.1569,0,14.2196,6.96,-8.55981,1,7,0,0,0,0,0,0,3.584,0,105.8
229,46256.640,23.6945,12.518,13.772,255,0,-.78125,1460.75,0,1,89.6,13.16,1.78,0,12.1569,0,14.2196,6.96,-8.55981,1,7,0,0,0,0,0,0,3.584,0,105.8
230,46256.680,23.6945,12.518,13.7846,255,0,-.78125,1465.25,0,.5,89.6,12.98,1.78,0,12.1569,0,14.2196,6.96,-8.55981,1,7,0,0,0,0,0,0,3.584,0,105.8
231,46256.720,23.7351,12.4031,13.7909,255,0,-.78125,1460.75,0,1,89.6,13.07,1.78,0,12.1569,0,14.2196,6.96,-8.55981,1,7,0,0,0,0,0,0,3.584,0,105.8
232,46256.760,23.7351,12.4031,13.7909,255,0,-.78125,1459.5,0,1,89.6,13.33,1.78,0,12.1569,0,14.2196,6.96,-8.55981,1,7,0,0,0,0,0,0,3.584,0,105.8
233,46256.800,23.8202,12.2883,13.8099,255,0,-.78125,1460,0,1,89.6,13.25,1.78,0,12.1569,0,14.2196,7.105,-8.55981,1,7,0,0,0,0,0,0,3.584,0,105.8
234,46256.840,23.7776,12.1734,13.7973,255,0,-.78125,1463.25,0,.5,89.6,13.33,1.78,0,12.1569,0,14.2196,7.105,-8.55981,1,7,0,0,0,0,0,0,3.584,0,105.8
235,46256.880,23.7776,12.1734,13.7973,255,0,-.78125,1464.5,0,.5,89.6,13.07,1.78,0,12.1569,0,14.2196,7.105,-8.55981,1,7,0,0,0,0,0,0,3.584,0,105.8
236,46256.920,23.7351,12.0586,13.7909,255,0,-.78125,1463.5,0,.5,89.6,13.07,1.78,0,12.1569,0,14.2196,7.105,-8.55981,1,7,0,0,0,0,0,0,3.584,0,105.8
237,46256.960,23.7351,11.9437,13.7909,255,0,-.78125,1461,0,1,89.6,13.25,1.78,0,12.1569,0,14.2196,7.105,-8.55981,1,7,0,0,0,0,0,0,3.584,0,105.8
238,46257.000,23.7351,11.8289,13.8226,255,0,-.78125,1460.25,0,1,89.6,13.51,1.78,0,12.1569,0,14.2196,7.105,-8.55981,1,7,0,0,0,0,0,0,3.584,0,105.8
239,46257.040,23.8202,11.7141,13.8353,249,0,-.78125,1458.25,0,1,89.6,13.42,1.8,0,12.1569,0,14.2196,7.105,-8.55981,1,7,0,0,0,0,0,0,3.584,0,105.8
240,46257.080,23.8627,11.5992,13.8353,249,0,-.78125,1466.25,0,0,89.6,13.51,1.78,0,12.1569,0,14.2196,7.105,-8.55981,1,7,0,0,0,0,0,0,3.584,0,105.8
241,46257.120,23.8202,11.4844,13.8608,249,0,-.78125,1467.75,0,-.5,89.6,13.33,1.78,0,12.1569,0,14.2196,7.105,-8.55981,1,7,0,0,0,0,0,0,3.584,0,105.8
242,46257.160,23.7776,11.3695,13.8799,232,0,-.78125,1472,0,-.5,89.6,13.33,1.78,0,12.549,0,14.2196,7.105,-8.55981,1,7,0,0,0,0,0,0,3.584,0,105.8
243,46257.200,23.7351,11.1398,13.8799,232,0,-.78125,1469,0,0,89.6,13.42,1.78,0,12.549,0,14.2196,7.105,-8.55981,1,7,0,0,0,0,0,0,3.584,0,105.8
244,46257.240,23.6945,11.1398,13.912,232,0,-.78125,1475,0,-.5,89.6,13.42,1.8,0,12.549,0,14.2196,7.105,-8.55981,1,7,0,0,0,0,0,0,3.584,0,105.8
245,46257.280,23.7776,11.1398,13.912,216,0,-.78125,1465,0,0,89.6,13.16,1.78,0,12.1569,0,14.2196,7.105,-8.55981,1,7,0,0,0,0,0,0,3.584,0,105.8
246,46257.320,23.8202,11.1398,13.9249,216,0,-.78125,1459,0,.5,89.6,13.42,1.8,0,12.1569,0,14.2196,7.105,-8.55981,1,7,0,0,0,0,0,0,3.584,0,105.8
247,46257.360,23.8202,11.1398,13.9442,216,0,-.78125,1450,0,1,89.6,13.42,1.78,0,12.549,0,14.2196,7.105,-8.55981,1,7,0,0,0,0,0,0,3.584,0,105.8
248,46257.400,23.5243,11.1398,13.9442,201,0,-.78125,1458.5,0,.5,89.6,13.42,1.8,0,12.549,0,14.2196,7.105,-8.55981,1,7,0,0,0,0,0,0,3.584,0,105.8
249,46257.440,23.6094,11.1398,13.9313,201,0,-.78125,1455.5,0,.5,89.6,13.07,1.78,0,12.549,0,14.2196,7.105,-8.55981,1,7,0,0,0,0,0,0,3.584,0,105.8
250,46257.480,23.7351,11.1398,13.9378,201,0,-.78125,1453.5,0,.5,89.6,13.33,1.78,0,12.549,0,14.2196,7.105,-8.55981,1,7,0,0,0,0,0,0,3.584,0,105.8
251,46257.520,23.7351,11.1398,13.9378,201,0,-.78125,1464,0,-.5,89.6,13.16,1.78,0,12.549,0,14.2196,7.105,-8.55981,1,7,0,0,0,0,0,0,3.584,0,105.8
252,46257.560,23.7351,11.1398,13.9636,188,0,-.78125,1458.5,0,0,89.6,13.42,1.8,0,12.549,0,14.2196,7.105,-8.55981,1,7,0,0,0,0,0,0,3.584,0,105.8
253,46257.600,23.8627,11.1398,13.9636,188,0,-.78125,1452,0,.5,89.6,13.6,1.78,0,12.549,0,14.2196,7.25,-8.55981,1,7,0,0,0,0,0,0,3.584,0,105.8
254,46257.640,23.7776,11.1398,13.9507,188,0,-.78125,1457.75,0,0,89.6,13.33,1.78,0,12.549,0,14.2196,7.25,-8.55981,1,7,0,0,0,0,0,0,3.584,0,105.8
255,46257.680,23.6519,11.1398,13.9572,176,0,-.78125,1456,0,0,89.6,13.78,1.8,0,12.549,0,14.2196,7.25,-8.55981,1,7,0,0,0,0,0,0,3.584,0,105.8
256,46257.720,23.7351,11.1398,13.9572,176,0,-.78125,1456.75,0,0,89.6,13.6,1.8,0,12.549,0,14.2196,7.25,-8.55981,1,7,0,0,0,0,0,0,3.584,0,105.8
257,46257.760,23.7351,11.1398,13.9636,176,0,-.78125,1457,0,-.5,89.6,13.96,1.8,0,12.549,0,14.2196,7.25,-8.55981,1,7,0,0,0,0,0,0,3.584,0,105.8
258,46257.800,23.7776,11.1398,13.9572,165,0,-.78125,1457.5,0,0,89.6,13.87,1.8,0,12.549,0,14.2196,7.25,-8.55981,1,7,0,0,0,0,0,0,3.84,0,105.8
259,46257.840,23.8202,11.1398,13.9572,165,0,-.78125,1451.5,0,0,89.6,13.96,1.8,0,12.549,0,14.2196,7.25,-8.55981,1,7,0,0,0,0,0,0,3.84,0,105.8
260,46257.880,23.8202,11.1398,13.9636,165,0,-.78125,1456.75,0,-.5,89.6,13.78,1.8,0,12.549,0,14.2196,7.25,-8.55981,1,7,0,0,0,0,0,0,3.84,0,105.8
261,46257.920,23.8202,11.1398,13.9636,155,0,-.78125,1459.25,0,-1,89.6,13.78,1.8,0,12.549,0,14.2196,7.25,-8.55981,1,7,0,0,0,0,0,0,3.84,0,105.8
262,46257.960,23.7351,11.1398,13.9701,155,0,-.78125,1462.25,0,-1,89.6,13.87,1.78,0,12.549,0,14.2196,7.25,-8.55981,1,7,0,0,0,0,0,0,3.84,0,105.8
263,46258.000,23.7776,11.1398,14.0091,155,0,-.78125,1455.5,0,-.5,89.6,13.51,1.8,0,12.549,0,14.2196,7.25,-8.55981,1,7,0,0,0,0,0,0,3.84,0,105.8
264,46258.040,23.5668,11.1398,14.0091,145,0,-.78125,1444.75,0,0,89.6,13.6,1.8,0,12.549,0,14.2196,7.25,-8.55981,1,7,0,0,0,0,0,0,3.84,0,105.8
265,46258.080,23.4837,11.1398,14.0026,145,0,-.78125,1450.5,0,-.5,89.6,14.05,1.8,0,12.549,0,14.2196,7.25,-8.55981,1,7,0,0,0,0,0,0,3.84,0,105.8
266,46258.120,23.6945,11.1398,14.0287,145,0,-.78125,1443,0,0,89.6,13.87,1.8,0,12.549,0,14.2196,7.25,-8.55981,1,7,0,0,0,0,0,0,3.84,0,105.8
267,46258.160,23.7776,11.1398,14.0287,145,0,-.78125,1438.5,0,.5,89.6,14.05,1.8,0,12.549,0,14.2196,7.25,-8.55981,1,7,0,0,0,0,0,0,3.84,0,105.8
268,46258.200,23.6519,11.1398,14.0352,137,0,-.78125,1447.25,0,-.5,89.6,13.51,1.8,0,12.549,0,14.2196,7.395,-8.55981,1,7,0,0,0,0,0,0,3.84,0,105.8
269,46258.240,23.7351,11.1398,14.0352,137,0,-.78125,1457.25,0,-1.5,89.6,13.69,1.8,0,12.549,0,14.2196,7.395,-8.55981,1,7,0,0,0,0,0,0,3.84,0,105.8
270,46258.280,23.6945,11.1398,14.0549,137,0,-.78125,1450.5,0,-1,89.6,13.87,1.8,0,12.549,0,14.2196,7.395,-8.55981,1,7,0,0,0,0,0,0,3.84,0,105.8
271,46258.320,23.5668,11.1398,14.0746,129,0,-.78125,1450.75,0,-1,89.6,14.13,1.82,0,12.549,0,14.2196,7.395,-8.55981,1,7,0,0,0,0,0,0,3.84,0,105.8
272,46258.360,23.6519,11.1398,14.0746,129,0,-.78125,1455.5,0,-1.5,89.6,14.22,1.8,0,12.549,0,14.2196,7.395,-8.55981,1,7,0,0,0,0,0,0,3.84,0,105.8
273,46258.400,23.7351,11.1398,14.0812,129,0,-.78125,1447,0,-.5,89.6,13.96,1.8,0,12.549,0,14.2196,7.395,-8.55981,1,7,0,0,0,0,0,0,3.84,0,105.8
274,46258.440,23.7351,11.2547,14.0746,122,0,-.78125,1450.5,0,-1,89.6,14.4,1.82,0,12.549,0,14.2196,7.395,-8.55981,1,7,0,0,0,0,0,0,3.84,0,105.8
275,46258.480,23.6945,11.2547,14.0746,122,0,-.78125,1455.25,0,-2,89.6,14.4,1.82,0,12.549,0,14.2196,7.395,-8.55981,1,7,0,0,0,0,0,0,3.84,0,105.8
276,46258.520,23.6945,11.3695,14.0483,122,0,-.78125,1460,0,-2,89.6,14.13,1.8,0,12.549,0,14.2196,7.395,-8.55981,1,7,0,0,0,0,0,0,3.84,0,105.8
277,46258.560,23.7776,11.3695,14.0418,115,0,-.78125,1467,0,-2.5,89.6,14.22,1.82,0,12.549,0,14.2196,7.395,-8.55981,1,7,0,0,0,0,0,0,3.84,0,105.8
278,46258.600,23.7351,11.3695,14.0418,115,0,-.78125,1458.5,0,-2,89.6,14.13,1.82,0,12.549,0,14.2196,7.395,-8.55981,1,7,0,0,0,0,0,0,3.84,0,105.8
279,46258.640,23.7776,11.3695,14.0156,115,0,-.78125,1456,0,-2,89.6,14.4,1.8,0,12.549,0,14.2196,7.395,-8.55981,1,7,0,0,0,0,0,0,3.84,0,105.8
280,46258.680,23.6519,11.4844,14.0156,109,0,-.78125,1456.25,0,-2,89.6,13.96,1.8,0,12.549,0,14.2196,7.395,-8.55981,1,7,0,0,0,0,0,0,3.84,0,105.8
281,46258.720,23.6094,11.4844,14.0287,109,0,-.78125,1451.5,0,-1.5,89.6,13.6,1.8,0,12.549,0,14.2196,7.395,-8.55981,1,7,0,0,0,0,0,0,3.84,0,105.8
282,46258.760,23.7351,11.4844,14.0483,109,0,-.78125,1449,0,-1.5,89.6,14.22,1.82,0,12.549,0,14.2196,7.395,-8.55981,1,7,0,0,0,0,0,0,3.84,0,105.8
283,46258.800,23.7351,11.5992,14.0483,109,0,-.78125,1454,0,-2,89.6,14.22,1.8,0,12.549,0,14.2196,7.395,-8.55981,1,7,0,0,0,0,0,0,3.84,0,105.8
284,46258.840,23.6945,11.5992,14.0549,103,0,-.78125,1456,0,-2,89.6,14.13,1.8,0,12.549,0,14.2196,7.395,-8.55981,1,7,0,0,0,0,0,0,3.84,0,105.8
285,46258.880,23.8202,11.5992,14.0549,103,0,-.78125,1456,0,-2.5,89.6,14.22,1.8,0,12.549,0,14.2196,7.395,-8.55981,1,7,0,0,0,0,0,0,3.84,0,105.8
286,46258.920,23.8627,11.5992,14.0615,103,0,-.78125,1454.25,0,-2,89.6,14.31,1.82,0,12.549,0,14.2196,7.395,-8.55981,1,7,0,0,0,0,0,0,3.84,0,105.8
287,46258.960,23.7351,11.5992,14.0746,98,0,-.78125,1458.25,0,-2.5,89.6,14.13,1.8,0,12.549,0,14.2196,7.395,-8.55981,1,7,0,0,0,0,0,0,3.84,0,105.8
288,46259.000,23.7351,11.7141,14.0746,98,0,-.78125,1461,0,-2.5,89.6,14.13,1.8,0,12.549,0,14.2196,7.54,-8.55981,1,7,0,0,0,0,0,0,3.84,0,105.8
289,46259.040,23.7351,11.7141,14.0418,98,0,-.78125,1466.5,0,-3,89.6,14.13,1.8,0,12.549,0,14.2196,7.54,-8.55981,1,7,0,0,0,0,0,0,3.84,0,105.8
290,46259.080,23.7776,11.7141,14.0483,94,0,-.78125,1457,0,-2.5,89.6,14.31,1.82,0,12.9412,0,14.2196,7.54,-8.55981,1,7,0,0,0,0,0,0,3.84,0,105.8
291,46259.120,23.7776,11.7141,14.0483,94,0,-.78125,1457.5,0,-1.5,89.6,14.48,1.82,0,12.9412,0,14.2196,7.54,-8.55981,1,7,0,0,0,0,0,0,3.84,0,105.8
292,46259.160,23.8627,11.7141,14.0549,94,0,-.78125,1452,0,-2,89.6,14.4,1.82,0,12.549,0,14.2196,7.54,-8.55981,1,7,0,0,0,0,0,0,3.84,0,105.8
293,46259.200,23.8202,11.7141,14.0549,89,0,-.78125,1455.25,0,-2.5,89.6,14.22,1.8,0,12.9412,0,14.2196,7.54,-8.55981,1,7,0,0,0,0,0,0,3.84,0,105.8
294,46259.240,24.4526,11.7141,14.0615,89,0,-.78125,1448.5,0,-1.5,89.6,14.13,1.8,0,12.549,0,14.2196,7.54,-8.55981,1,7,0,0,0,0,0,0,3.84,0,105.8
295,46259.280,24.4526,11.8289,14.0549,89,0,-.78125,1445.25,0,-1.5,89.6,14.05,1.82,0,12.549,0,14.2196,7.54,-8.55981,1,7,0,0,0,0,0,0,3.84,0,105.8
296,46259.320,24.2843,11.8289,14.0549,85,0,-.78125,1445,0,-1.5,89.6,14.13,1.8,0,12.549,0,14.2196,7.54,-8.55981,1,7,0,0,0,0,0,0,3.84,0,105.8
297,46259.360,24.3249,11.8289,14.0418,85,0,-.78125,1447,0,-1.5,89.6,14.22,1.8,0,12.549,0,14.2196,7.54,-8.55981,1,7,0,0,0,0,0,0,3.84,0,105.8
298,46259.400,24.41,11.8289,14.0483,85,0,-.78125,1450.25,0,-2,89.6,14.56,1.82,0,12.549,0,14.2196,7.54,-8.55981,1,7,0,0,0,0,0,0,3.84,0,105.8
299,46259.440,24.4932,11.9437,14.0483,85,0,-.78125,1457.75,0,-2.5,89.6,14.22,1.82,0,12.549,0,14.2196,7.54,-8.55981,1,7,0,0,0,0,0,0,3.84,0,105.8
300,46259.480,24.4526,11.9437,14.0483,82,0,-.78125,1456.25,0,-2.5,89.6,14.05,1.82,0,12.549,0,14.2196,7.54,-8.55981,1,7,0,0,0,0,0,0,3.84,0,105.8
301,46259.520,24.5358,11.9437,14.0483,82,0,-.78125,1452.25,0,-2,89.6,13.96,1.8,0,12.549,0,14.2196,7.54,-8.55981,1,7,0,0,0,0,0,0,3.84,0,105.8
302,46259.560,24.41,11.9437,14.0746,82,0,-.78125,1456.5,0,-2.5,89.6,13.96,1.8,0,12.549,0,14.2196,7.54,-8.55981,1,7,0,0,0,0,0,0,3.84,0,105.8
303,46259.600,24.41,11.9437,14.0878,78,0,-.78125,1453.25,0,-2,89.6,14.05,1.8,0,12.549,0,14.2196,7.54,-8.55981,1,7,0,0,0,0,0,0,3.84,0,105.8
304,46259.640,24.41,11.9437,14.0878,78,0,-.78125,1446.25,0,-1.5,89.6,13.69,1.8,0,12.549,0,14.2196,7.54,-8.55981,1,7,0,0,0,0,0,0,3.84,0,105.8
305,46259.680,24.4526,11.9437,14.101,78,0,-.78125,1444.75,0,-1.5,89.6,14.39,1.82,0,12.549,0,14.2196,7.54,-8.55981,1,7,0,0,0,0,0,0,3.84,0,105.8
306,46259.720,24.41,11.9437,14.1076,75,0,-.78125,1445.25,0,-1.5,89.6,14.48,1.82,0,12.549,0,14.2196,7.54,-8.55981,1,7,0,0,0,0,0,0,3.84,0,105.8
307,46259.760,24.41,11.9437,14.1076,75,0,-.78125,1450.25,0,-2.5,89.6,14.48,1.8,0,12.549,0,14.2196,7.54,-8.55981,1,7,0,0,0,0,0,0,3.84,0,105.8
308,46259.800,24.4526,12.0586,14.1142,75,0,-.78125,1454,0,-2,89.6,14.22,1.82,0,12.9412,0,14.2196,7.54,-8.55981,1,7,0,0,0,0,0,0,3.84,0,105.8
309,46259.840,24.4526,12.0586,14.1142,73,0,-.78125,1457.5,0,-2.5,89.6,14.48,1.82,0,12.9412,0,14.2196,7.54,-8.55981,1,7,0,0,0,0,0,0,3.84,0,105.8
310,46259.880,24.41,12.0586,14.1076,73,0,-.78125,1459.5,0,-2.5,89.6,14.22,1.8,0,12.9412,0,14.2196,7.54,-8.55981,1,7,0,0,0,0,0,0,3.84,0,105.8
311,46259.920,24.4526,12.1734,14.1076,73,0,-.78125,1448.5,0,-2,89.6,14.13,1.8,0,12.9412,0,14.2196,7.54,-8.55981,1,7,0,0,0,0,0,0,3.84,0,105.8
312,46259.960,24.5358,12.1734,14.1076,70,0,-.78125,1452.25,0,-2,89.6,14.31,1.82,0,12.9412,0,14.2196,7.54,-8.55981,1,7,0,0,0,0,0,0,3.84,0,105.8
313,46260.000,24.3249,12.1734,14.1142,70,0,-.78125,1466,0,-3.5,89.6,14.48,1.82,0,12.9412,0,14.2196,7.54,-8.55981,1,7,0,0,0,0,0,0,3.84,0,105.8
314,46260.040,24.2843,12.1734,14.1208,70,0,-.78125,1467.5,0,-3.5,89.6,14.48,1.8,0,12.9412,0,14.2196,7.54,-8.55981,1,7,0,0,0,0,0,0,3.84,0,105.8
315,46260.080,24.2843,12.1734,14.1208,70,0,-.78125,1468,0,-3.5,89.6,14.4,1.8,0,12.9412,0,14.2196,7.54,-8.55981,1,7,0,0,0,0,0,0,3.84,0,105.8
316,46260.120,24.3675,12.1734,14.1275,68,0,-.78125,1457.5,0,-2.5,89.6,14.22,1.82,0,12.9412,0,14.2196,7.54,-8.55981,1,7,0,0,0,0,0,0,3.84,0,105.8
317,46260.160,24.41,12.1734,14.1341,68,0,-.78125,1452.5,0,-2,89.6,14.05,1.8,0,12.9412,0,14.2196,7.54,-8.55981,1,7,0,0,0,0,0,0,3.84,0,105.8
318,46260.200,23.7351,12.1734,14.1341,68,0,-.78125,1454.75,0,-2,89.6,14.13,1.8,0,12.9412,0,14.2196,7.54,-8.55981,1,7,0,0,0,0,0,0,3.84,0,105.8
319,46260.240,23.7351,12.1734,14.1474,66,0,-.78125,1449.25,0,-2,89.6,14.31,1.82,0,12.9412,0,14.2196,7.54,-8.55981,1,7,0,0,0,0,0,0,3.84,0,105.8
320,46260.280,23.9033,12.2883,14.1474,66,0,-.78125,1446,0,-1.5,89.6,14.05,1.8,0,12.9412,0,14.2196,7.54,-8.55981,1,7,0,0,0,0,0,0,3.84,0,105.8
321,46260.320,23.6094,12.2883,14.1275,66,0,-.78125,1442,0,-1.5,89.6,14.05,1.8,0,12.9412,0,14.2196,7.54,-8.55981,1,7,0,0,0,0,0,0,3.84,0,105.8
322,46260.360,23.8627,12.2883,14.1474,64,0,-.78125,1442.5,0,-1.5,89.6,14.48,1.82,0,12.9412,0,14.2196,7.54,-8.55981,1,7,0,0,0,0,0,0,3.84,0,105.8
323,46260.400,23.9884,12.2883,14.1474,64,0,-.78125,1449,0,-1,89.6,14.31,1.82,0,12.9412,0,14.2196,7.54,-8.55981,1,7,0,0,0,0,0,0,3.84,0,105.8
324,46260.440,23.6519,12.2883,14.1407,64,0,-.78125,1450.25,0,-2,89.6,14.31,1.82,0,12.9412,0,14.2196,7.54,-8.55981,1,7,0,0,0,0,0,0,3.84,0,105.8
325,46260.480,24.031,12.2883,14.1407,62,0,-.78125,1440,0,-1.5,89.6,14.13,1.82,0,12.9412,0,14.2196,7.54,-8.55981,1,7,0,0,0,0,0,0,3.84,0,105.8
326,46260.520,23.6945,12.2883,14.1208,62,0,-.78125,1435.75,0,-1,89.6,14.4,1.82,0,12.9412,0,14.2196,7.685,-8.55981,1,7,0,0,0,0,0,0,3.84,0,105.8
327,46260.560,23.6945,12.2883,14.1076,62,0,-.78125,1423.25,0,0,89.6,14.31,1.82,0,12.9412,0,14.2196,7.685,-8.55981,1,7,0,0,0,0,0,0,3.84,0,105.8
328,46260.600,23.8202,12.4031,14.1076,60,0,-.78125,1427.5,0,-.5,89.6,14.65,1.82,0,12.9412,0,14.2196,7.685,-8.55981,1,7,0,0,0,0,0,0,3.84,0,105.8
329,46260.640,23.8627,12.4031,14.0878,60,0,-.78125,1429.75,0,-1,89.6,14.48,1.82,0,12.9412,0,14.2196,7.685,-8.55981,1,7,0,0,0,0,0,0,3.84,0,105.8
330,46260.680,23.9033,12.4031,14.068,60,0,-.78125,1435,0,-1.5,89.6,14.65,1.82,0,12.9412,0,14.2196,7.685,-8.55981,1,7,0,0,0,0,0,0,3.84,0,105.8
331,46260.720,23.7351,12.4031,14.068,60,0,-.78125,1439.75,0,-2,89.6,14.82,1.82,0,12.9412,0,14.2196,7.685,-8.55981,1,7,0,0,0,0,0,0,3.84,0,105.8
332,46260.760,23.7776,12.4031,14.0352,59,0,-.78125,1442,0,-2,89.6,14.82,1.84,0,12.9412,0,14.2196,7.685,-8.55981,1,7,0,0,0,0,0,0,3.84,0,105.8
333,46260.800,23.8627,12.4031,14.0352,59,0,-.78125,1449.5,0,-2.5,89.6,14.91,1.82,0,12.9412,0,14.2196,7.685,-8.55981,1,7,0,0,0,0,0,0,3.84,0,105.8
334,46260.840,23.7351,12.518,14.0352,59,0,-.78125,1453.25,0,-3,89.6,14.48,1.82,0,12.9412,0,14.2196,7.685,-8.55981,1,7,0,0,0,0,0,0,3.84,0,105.8
335,46260.880,23.7351,12.518,14.0418,57,0,-.78125,1456,0,-3,89.6,14.74,1.82,0,12.9412,0,14.2196,7.685,-8.55981,1,7,0,0,0,0,0,0,3.84,0,105.8
336,46260.920,23.8627,12.518,14.0418,57,0,-.78125,1441.25,0,-3,89.6,14.74,1.82,0,12.9412,0,14.2196,7.685,-8.55981,1,7,0,0,0,0,0,0,3.84,0,105.8
337,46260.960,23.7776,12.4031,14.0549,57,0,-.78125,1449.75,0,-2.5,89.6,14.48,1.82,0,12.9412,0,14.2196,7.685,-8.55981,1,7,0,0,0,0,0,0,3.84,0,105.8
338,46261.000,23.8202,12.4031,14.068,56,0,-.78125,1454.75,0,-3,89.6,14.65,1.82,0,12.9412,0,14.2196,7.685,-8.55981,1,7,0,0,0,0,0,0,3.84,0,105.8
339,46261.040,23.8627,12.4031,14.068,56,0,-.78125,1462,0,-3.5,89.6,14.82,1.84,0,12.9412,0,14.2196,7.685,-8.55981,1,7,0,0,0,0,0,0,3.84,0,105.8
340,46261.080,23.8202,12.4031,14.0746,56,0,-.78125,1457,0,-3,89.6,14.82,1.82,0,12.9412,0,14.2196,7.685,-8.55981,1,7,0,0,0,0,0,0,3.84,0,105.8
341,46261.120,23.8202,12.2883,14.0812,55,0,-.78125,1455.5,0,-3,89.6,14.91,1.82,0,12.9412,0,14.2196,7.685,-8.55981,1,7,0,0,0,0,0,0,3.84,0,105.8
342,46261.160,23.6519,12.2883,14.0812,55,0,-.78125,1454.5,0,-3,89.6,14.65,1.82,0,12.9412,0,14.2196,7.685,-8.55981,1,7,0,0,0,0,0,0,3.84,0,105.8
343,46261.200,23.6945,12.2883,14.0944,55,0,-.78125,1453.75,0,-3,89.6,14.31,1.82,0,12.9412,0,14.2196,7.685,-8.55981,1,7,0,0,0,0,0,0,3.84,0,105.8
344,46261.240,23.6945,12.2883,14.0944,54,0,-.78125,1450,0,-2.5,89.6,14.22,1.82,0,12.9412,0,14.2196,7.685,-8.55981,1,7,0,0,0,0,0,0,3.84,0,105.8
345,46261.280,23.7351,12.2883,14.101,54,0,-.78125,1456.5,0,-3,89.6,14.48,1.82,0,12.9412,0,14.2196,7.685,-8.55981,1,7,0,0,0,0,0,0,3.84,0,105.8
346,46261.320,23.9033,12.2883,14.1142,54,0,-.78125,1465.25,0,-3.5,89.6,14.65,1.82,0,12.9412,0,14.2196,7.685,-8.55981,1,7,0,0,0,0,0,0,3.84,0,105.8
347,46261.360,23.7351,12.2883,14.1142,54,0,-.78125,1465,0,-3.5,89.6,14.82,1.82,0,12.9412,0,14.2196,7.685,-8.55981,1,7,0,0,0,0,0,0,3.84,0,105.8
348,46261.400,23.7776,12.2883,14.1208,53,0,-.78125,1460,0,-3,89.6,14.65,1.82,0,12.9412,0,14.2196,7.685,-8.55981,1,7,0,0,0,0,0,0,3.84,0,105.8
349,46261.440,23.7351,12.2883,14.1275,53,0,-.78125,1460.25,0,-3,89.6,14.74,1.82,0,12.9412,0,14.2196,7.685,-8.55981,1,7,0,0,0,0,0,0,3.84,0,105.8
350,46261.480,23.7351,12.2883,14.1275,53,0,-.78125,1460,0,-3,89.6,14.99,1.84,0,12.9412,0,14.2196,7.685,-8.55981,1,7,0,0,0,0,0,0,3.84,0,105.8
351,46261.520,23.7776,12.4031,14.1341,52,0,-.78125,1466.5,0,-3.5,89.6,14.65,1.82,0,12.9412,0,14.2196,7.685,-8.55981,1,7,0,0,0,0,0,0,3.84,0,105.8
352,46261.560,23.8202,12.4031,14.1341,52,0,-.78125,1465.75,0,-3.5,89.6,14.57,1.82,0,12.9412,0,14.2196,7.685,-8.55981,1,7,0,0,0,0,0,0,3.84,0,105.8
353,46261.600,23.7351,12.4031,14.1407,52,0,-.78125,1464,0,-3.5,89.6,14.57,1.82,0,12.9412,0,14.2196,7.685,-8.55981,1,7,0,0,0,0,0,0,3.84,0,105.8
354,46261.640,23.7776,12.4031,14.1474,51,0,-.78125,1448.5,0,-2,89.6,14.48,1.82,0,12.9412,0,14.2196,7.685,-8.55981,1,7,0,0,0,0,0,0,3.84,0,105.8
355,46261.680,23.8627,12.4031,14.1474,51,0,-.78125,1453,0,-2.5,89.6,14.74,1.82,0,12.9412,0,14.2196,7.685,-8.55981,1,7,0,0,0,0,0,0,3.84,0,105.8
356,46261.720,23.7776,12.4031,14.154,51,0,-.78125,1464.75,0,-3.5,89.6,14.99,1.82,0,12.9412,0,14.2196,7.685,-8.55981,1,7,0,0,0,0,0,0,3.84,0,105.8
357,46261.760,23.7776,12.4031,14.1341,50,0,-.78125,1465,0,-3.5,89.6,14.82,1.84,0,12.9412,0,14.2196,7.685,-8.55981,1,7,0,0,0,0,0,0,3.84,0,105.8
358,46261.800,23.8202,12.4031,14.1341,50,0,-.78125,1462,0,-3,89.6,14.82,1.82,0,12.9412,0,14.2196,7.685,-8.55981,1,7,0,0,0,0,0,0,3.84,0,105.8
359,46261.840,23.7776,12.4031,14.1673,50,0,-.78125,1463.75,0,-3,89.6,14.91,1.84,0,12.9412,0,14.2196,7.685,-8.55981,1,7,0,0,0,0,0,0,3.84,0,105.8
360,46261.880,23.5668,12.4031,14.1673,50,0,-.78125,1466.75,0,-3.5,89.6,14.91,1.82,0,12.9412,0,14.2196,7.685,-8.55981,1,7,0,0,0,0,0,0,3.84,0,105.8
361,46261.920,23.6094,12.4031,14.1607,50,0,-.78125,1456,0,-2.5,89.6,14.65,1.82,0,12.9412,0,14.2196,7.685,-8.55981,1,7,0,0,0,0,0,0,3.84,0,105.8
362,46261.960,23.6945,12.4031,14.1673,50,0,-.78125,1442.25,0,-1.5,89.6,14.65,1.82,0,12.9412,0,14.2196,7.685,-8.55981,1,7,0,0,0,0,0,0,3.84,0,105.8
363,46262.000,23.7351,12.4031,14.1673,50,0,-.78125,1454.25,0,-2.5,89.6,14.74,1.84,0,12.9412,0,14.2196,7.685,-8.55981,1,7,0,0,0,0,0,0,3.84,0,105.8
364,46262.040,23.7776,12.4031,14.1474,49,0,-.78125,1457.75,0,-2.5,89.6,14.82,1.82,0,12.9412,0,14.2196,7.83,-8.55981,1,7,0,0,0,0,0,0,3.84,0,105.8
365,46262.080,23.8627,12.4031,14.1407,49,0,-.78125,1462.5,0,-3,89.6,14.91,1.84,0,12.9412,0,14.2196,7.83,-8.55981,1,7,0,0,0,0,0,0,3.84,0,105.8
366,46262.120,23.7776,12.4031,14.1407,49,0,-.78125,1461.75,0,-3,89.6,14.65,1.82,0,12.9412,0,14.2196,7.83,-8.55981,1,7,0,0,0,0,0,0,3.84,0,105.8
367,46262.160,23.7351,12.4031,14.1474,48,0,-.78125,1464.5,0,-3,89.6,14.74,1.82,0,12.9412,0,14.2196,7.83,-8.55981,1,7,0,0,0,0,0,0,3.84,0,105.8
368,46262.200,23.7776,12.4031,14.1474,48,0,-.78125,1465.5,0,-3,89.6,15.08,1.84,0,12.9412,0,14.2196,7.83,-8.55981,1,7,0,0,0,0,0,0,3.84,0,105.8
369,46262.240,23.7776,12.4031,14.154,48,0,-.78125,1466.75,0,-3,89.6,14.99,1.84,0,12.9412,0,14.2196,7.83,-8.55981,1,7,0,0,0,0,0,0,3.84,0,105.8
370,46262.280,23.7351,12.4031,14.1607,47,0,-.78125,1466,0,-3,89.6,15.08,1.84,0,12.9412,0,14.2196,7.83,-8.55981,1,7,0,0,0,0,0,0,3.84,0,105.8
371,46262.320,23.8627,12.4031,14.1607,47,0,-.78125,1472.5,0,-3.5,89.6,14.99,1.84,0,12.9412,0,14.2196,7.83,-8.55981,1,7,0,0,0,0,0,0,3.84,0,105.8
372,46262.360,23.7776,12.4031,14.1673,47,0,-.78125,1465.75,0,-3,89.6,15.17,1.84,0,12.9412,0,14.2196,7.83,-8.55981,1,7,0,0,0,0,0,0,3.84,0,105.8
373,46262.400,23.7351,12.4031,14.1673,47,0,-.78125,1469.75,0,-3,89.6,14.91,1.82,0,12.9412,0,14.2196,7.83,-8.55981,1,7,0,0,0,0,0,0,3.84,0,105.8
374,46262.440,23.7351,12.4031,14.174,47,0,-.78125,1472.5,0,-3.5,89.6,14.65,1.82,0,12.9412,0,14.2196,7.83,-8.55981,1,7,0,0,0,0,0,0,3.84,0,105.8
375,46262.480,23.7776,12.4031,14.1807,47,0,-.78125,1471.5,0,-3,89.6,14.74,1.82,0,12.9412,0,14.2196,7.83,-8.55981,1,7,0,0,0,0,0,0,3.84,0,105.8
376,46262.520,23.7351,12.4031,14.1807,46,0,-.78125,1472.75,0,-3,89.6,14.31,1.82,0,12.9412,0,14.2196,7.83,-8.55981,1,7,0,0,0,0,0,0,3.84,0,105.8
377,46262.560,23.8627,12.4031,14.1874,46,0,-.78125,1474.75,0,-3.5,89.6,14.48,1.84,0,12.9412,0,14.2196,7.83,-8.55981,1,7,0,0,0,0,0,0,3.84,0,105.8
378,46262.600,23.8627,12.2883,14.1874,46,0,-.78125,1481.75,0,-4,89.6,14.91,1.84,0,12.9412,0,14.2196,7.83,-8.55981,1,7,0,0,0,0,0,0,3.84,0,105.8
379,46262.640,23.7351,12.2883,14.1874,46,0,-.78125,1478.75,0,-3.5,89.6,14.74,1.82,0,12.9412,0,14.2196,7.83,-8.55981,1,7,0,0,0,0,0,0,3.84,0,105.8
380,46262.680,23.7776,12.2883,14.1941,46,0,-.78125,1486.25,0,-4,89.6,14.91,1.84,0,12.9412,0,14.2196,7.83,-8.55981,1,7,0,0,0,0,0,0,3.84,0,105.8
381,46262.720,23.9884,12.2883,14.2952,46,0,-.78125,1489,0,-4.5,89.6,14.99,1.84,0,12.9412,0,14.2196,7.83,-8.55981,1,7,0,0,0,0,0,0,3.84,0,105.8
382,46262.760,24.4932,12.4031,14.2952,46,0,-.78125,1492,0,-4.5,89.6,14.99,1.84,0,12.9412,0,14.2196,7.83,-8.55981,1,7,0,0,0,0,0,0,3.84,0,105.8
383,46262.800,24.4526,12.4031,14.2952,45,0,-.78125,1485.25,0,-3.5,91.4,14.91,1.82,0,12.9412,0,14.2196,7.83,-8.55981,1,7,0,0,0,0,0,0,3.84,0,105.8
384,46262.840,24.5358,12.4031,14.2952,45,0,-.78125,1479.5,0,-3,91.4,14.82,1.84,0,12.9412,0,14.2196,7.83,-8.55981,1,7,0,0,0,0,0,0,3.84,0,105.8
385,46262.880,24.4932,12.4031,14.2952,45,0,-.78125,1474.5,0,-3,91.4,14.99,1.84,0,12.9412,0,14.2196,7.83,-8.55981,1,7,0,0,0,0,0,0,3.84,0,105.8
386,46262.920,24.4932,12.4031,14.2952,44,0,-.78125,1485.75,0,-3.5,91.4,15.08,1.84,0,12.9412,0,14.2196,7.83,-8.55981,1,7,0,0,0,0,0,0,3.84,0,105.8
387,46262.960,24.4932,12.4031,14.2952,44,0,-.78125,1484.75,0,-3.5,91.4,15.17,1.84,0,12.9412,0,14.2196,7.83,-8.55981,1,7,0,0,0,0,0,0,3.84,0,105.8
388,46263.000,24.6634,12.4031,14.2952,44,0,-.78125,1484.75,0,-3.5,91.4,15.17,1.84,0,12.9412,0,14.2196,7.83,-8.55981,1,7,0,0,0,0,0,0,3.84,0,105.8
389,46263.040,24.3249,12.4031,14.2952,44,0,-.78125,1477.25,0,-3,91.4,14.91,1.82,0,12.9412,0,14.2196,7.83,-8.55981,1,7,0,0,0,0,0,0,3.84,0,105.8
390,46263.080,24.4526,12.4031,14.2952,44,0,-.78125,1476.5,0,-3,91.4,15.17,1.82,0,12.9412,0,14.2196,7.83,-8.55981,1,7,0,0,0,0,0,0,3.84,0,105.8
391,46263.120,24.41,12.4031,14.2952,44,0,-.78125,1473,0,-2.5,91.4,15.08,1.82,0,12.9412,0,14.2196,7.83,-8.55981,1,7,0,0,0,0,0,0,3.84,0,105.8
392,46263.160,24.41,12.4031,14.2952,43,0,-.78125,1482.75,0,-3.5,91.4,14.82,1.82,0,12.9412,0,14.2196,7.83,-8.55981,1,7,0,0,0,0,0,0,3.84,0,105.8
393,46263.200,24.41,12.4031,14.2952,43,0,-.78125,1488,0,-3.5,91.4,14.82,1.82,0,12.9412,0,14.2196,7.83,-8.55981,1,7,0,0,0,0,0,0,3.84,0,105.8
394,46263.240,24.4526,12.4031,14.2952,43,0,-.78125,1502.5,0,-5,91.4,14.91,1.82,0,12.9412,0,14.2196,7.83,-8.55981,1,7,0,0,0,0,0,0,3.84,0,105.8
395,46263.280,24.4526,12.4031,14.2952,43,0,-.78125,1491,0,-4,91.4,14.99,1.82,0,12.9412,0,14.2196,7.83,-8.55981,1,7,0,0,0,0,0,0,3.84,0,105.8
396,46263.320,24.5358,12.4031,14.2952,43,0,-.78125,1486,0,-3.5,91.4,14.82,1.82,0,12.9412,0,14.2196,7.83,-8.55981,1,7,0,0,0,0,0,0,3.84,0,105.8
397,46263.360,24.5783,12.4031,14.2952,43,0,-.78125,1484.25,0,-3,91.4,14.82,1.82,0,12.9412,0,14.2196,7.83,-8.55981,1,7,0,0,0,0,0,0,3.84,0,105.8
398,46263.400,24.4526,12.4031,14.2952,43,0,-.78125,1495.75,0,-4,91.4,14.65,1.82,0,12.9412,0,14.2196,7.83,-8.55981,1,7,0,0,0,0,0,0,3.84,0,105.8
399,46263.440,24.4526,12.4031,14.2952,42,0,-.78125,1492.5,0,-3.5,91.4,14.65,1.82,0,12.9412,0,14.2196,7.83,-8.55981,1,7,0,0,0,0,0,0,3.84,0,105.8
400,46263.480,24.4932,12.4031,14.2952,42,0,-.78125,1489.5,0,-3.5,91.4,14.57,1.82,0,12.9412,0,14.2196,7.83,-8.55981,1,7,0,0,0,0,0,0,3.84,0,105.8
401,46263.520,24.4526,12.4031,14.3019,42,0,-.78125,1490.25,0,-3.5,91.4,14.65,1.82,0,12.9412,0,14.2196,7.83,-8.55981,1,7,0,0,0,0,0,0,3.84,0,105.8
402,46263.560,24.4932,12.4031,14.3019,42,0,-.78125,1493.75,0,-3.5,91.4,14.82,1.82,0,12.9412,0,14.2196,7.83,-8.55981,1,7,0,0,0,0,0,0,3.84,0,105.8
403,46263.600,24.5358,12.4031,14.3019,42,0,-.78125,1486.75,0,-3,91.4,14.82,1.82,0,12.9412,0,14.2196,7.83,-8.55981,1,7,0,0,0,0,0,0,3.84,0,105.8
404,46263.640,24.5358,12.4031,14.3019,42,0,-.78125,1487.5,0,-3,91.4,14.65,1.84,0,12.9412,0,14.2196,7.83,-8.55981,1,7,0,0,0,0,0,0,3.84,0,105.8
405,46263.680,24.5358,12.4031,14.3019,41,0,-.78125,1485.25,0,-3,91.4,15.17,1.82,0,12.9412,0,14.2196,7.83,-8.55981,1,7,0,0,0,0,0,0,3.84,0,105.8
406,46263.720,24.4932,12.4031,14.3019,41,0,-.78125,1495.75,0,-3.5,91.4,14.74,1.82,0,12.9412,0,14.2196,7.83,-8.55981,1,7,0,0,0,0,0,0,3.84,0,105.8
407,46263.760,24.4932,12.4031,14.3019,41,0,-.78125,1489,0,-3,91.4,14.82,1.82,0,12.9412,0,14.2196,7.83,-8.55981,1,7,0,0,0,0,0,0,3.84,0,105.8
408,46263.800,24.4932,12.4031,14.3019,41,0,-.78125,1492.5,0,-3.5,91.4,14.82,1.82,0,12.9412,0,14.2196,7.83,-8.55981,1,7,0,0,0,0,0,0,3.84,0,105.8
409,46263.840,24.4932,12.4031,14.3019,41,0,-.78125,1480.25,0,-2.5,91.4,14.82,1.82,0,12.9412,0,14.2196,7.83,-8.55981,1,7,0,0,0,0,0,0,3.84,0,105.8
410,46263.880,24.5358,12.4031,14.3019,41,0,-.78125,1486,0,-3,91.4,14.74,1.82,0,12.9412,0,14.2196,7.83,-8.55981,1,7,0,0,0,0,0,0,3.84,0,105.8
411,46263.920,24.4932,12.4031,14.3019,41,0,-.78125,1486.75,0,-3,91.4,14.91,1.82,0,12.9412,0,14.2196,7.83,-8.55981,1,7,0,0,0,0,0,0,3.84,0,105.8
412,46263.960,24.41,12.4031,14.3019,41,0,-.78125,1501.25,0,-4,91.4,14.82,1.82,0,12.9412,0,14.2196,7.83,-8.55981,1,7,0,0,0,0,0,0,3.84,0,105.8
413,46264.000,24.4932,12.4031,14.3019,41,0,-.78125,1500.5,0,-4,91.4,14.65,1.82,0,12.9412,0,14.2196,7.83,-8.55981,1,7,0,0,0,0,0,0,3.84,0,105.8
414,46264.040,24.4526,12.4031,14.3019,41,0,-.78125,1497.5,0,-3.5,91.4,14.74,1.82,0,12.9412,0,14.2196,7.83,-8.55981,1,7,0,0,0,0,0,0,3.84,0,105.8
415,46264.080,24.4932,12.4031,14.3087,40,0,-.78125,1492.5,0,-3,91.4,14.65,1.82,0,12.9412,0,14.2196,7.83,-8.55981,1,7,0,0,0,0,0,0,3.84,0,105.8
416,46264.120,24.5358,12.4031,14.3087,40,0,-.78125,1493,0,-3,91.4,14.82,1.82,0,12.9412,0,14.2196,7.83,-8.55981,1,7,0,0,0,0,0,0,3.84,0,105.8
417,46264.160,24.41,12.4031,14.3087,40,0,-.78125,1490.75,0,-3,91.4,14.57,1.82,0,12.9412,0,14.2196,7.83,-8.55981,1,7,0,0,0,0,0,0,3.84,0,105.8
418,46264.200,24.4526,12.4031,14.3087,40,0,-.78125,1499.75,0,-3.5,91.4,14.31,1.82,0,12.9412,0,14.2196,7.83,-8.55981,1,7,0,0,0,0,0,0,3.84,0,105.8
419,46264.240,24.4526,12.4031,14.3087,40,0,-.78125,1499.5,0,-3.5,91.4,14.91,1.84,0,12.9412,0,14.2196,7.83,-8.55981,1,7,0,0,0,0,0,0,3.84,0,105.8
420,46264.280,24.41,12.4031,14.3156,40,0,-.78125,1498.75,0,-3.5,91.4,14.99,1.84,0,12.9412,0,14.2196,7.685,-8.55981,1,7,0,0,0,0,0,0,3.84,0,105.8
421,46264.320,24.4526,12.4031,14.3087,40,0,-.78125,1492.75,0,-3,91.4,14.91,1.82,0,12.9412,0,14.2196,7.685,-8.55981,1,7,0,0,0,0,0,0,3.84,0,105.8
422,46264.360,24.4932,12.4031,14.3087,40,0,-.78125,1498,0,-3.5,91.4,14.65,1.82,0,12.9412,0,14.2196,7.685,-8.55981,1,7,0,0,0,0,0,0,3.84,0,105.8
423,46264.400,24.41,12.4031,14.3087,40,0,-.78125,1506.25,0,-4,91.4,14.65,1.82,0,12.9412,0,14.2196,7.685,-8.55981,1,7,0,0,0,0,0,0,3.84,0,105.8
424,46264.440,24.41,12.4031,14.3087,39,0,-.78125,1498,0,-3,91.4,14.48,1.82,0,12.9412,0,14.2196,7.685,-8.55981,1,7,0,0,0,0,0,0,3.84,0,105.8
425,46264.480,24.3675,12.4031,14.3156,39,0,-.78125,1497.25,0,-3,91.4,14.74,1.84,0,12.9412,0,14.2196,7.685,-8.55981,1,7,0,0,0,0,0,0,3.84,0,105.8
426,46264.520,24.4526,12.518,14.3156,39,0,-.78125,1504.25,0,-3.5,91.4,14.82,1.82,0,12.9412,0,14.2196,7.685,-8.55981,1,7,0,0,0,0,0,0,3.84,0,105.8
427,46264.560,24.41,12.518,14.3156,39,0,-.78125,1496.5,0,-3,91.4,14.82,1.82,0,12.9412,0,14.2196,7.685,-8.55981,1,7,0,0,0,0,0,0,3.84,0,105.8
428,46264.600,23.8202,12.518,14.3156,39,0,-.78125,1495,0,-3,91.4,14.82,1.82,0,12.9412,0,14.2196,7.685,-8.55981,1,7,0,0,0,0,0,0,3.84,0,105.8
429,46264.640,23.8627,12.518,14.3087,39,0,-.78125,1487,0,-2,91.4,14.91,1.84,0,12.9412,0,14.2196,7.685,-8.55981,1,7,0,0,0,0,0,0,3.84,0,105.8
430,46264.680,23.8202,12.518,14.3087,39,0,-.78125,1496,0,-3,91.4,15.25,1.84,0,12.9412,0,14.2196,7.685,-8.55981,1,7,0,0,0,0,0,0,3.84,0,105.8
431,46264.720,23.7776,12.518,14.3019,39,0,-.78125,1497.5,0,-3,91.4,14.74,1.82,0,12.9412,0,14.2196,7.685,-8.55981,1,7,0,0,0,0,0,0,3.84,0,105.8
432,46264.760,23.8202,12.518,14.3019,39,0,-.78125,1497,0,-3,91.4,14.48,1.82,0,12.9412,0,14.2196,7.685,-8.55981,1,7,0,0,0,0,0,0,3.84,0,105.8
433,46264.800,23.7351,12.4031,14.3019,39,0,-.78125,1501.75,0,-3.5,91.4,14.65,1.82,0,12.9412,0,14.2196,7.685,-8.55981,1,7,0,0,0,0,0,0,3.84,0,105.8
434,46264.840,23.8202,12.4031,14.3087,38,0,-.78125,1505,0,-3.5,91.4,14.31,1.8,0,12.9412,0,14.2196,7.685,-8.55981,1,7,0,0,0,0,0,0,3.84,0,105.8
435,46264.880,23.9033,12.4031,14.3087,38,0,-.78125,1496.5,0,-3,91.4,14.39,1.8,0,12.9412,0,14.2196,7.685,-8.55981,1,7,0,0,0,0,0,0,3.84,0,105.8
436,46264.920,23.8202,12.4031,14.3156,38,0,-.78125,1501.5,0,-3,91.4,14.57,1.82,0,12.9412,0,14.2196,7.685,-8.55981,1,7,0,0,0,0,0,0,3.84,0,105.8
437,46264.960,23.7776,12.4031,14.3224,38,0,-.78125,1498.25,0,-3,91.4,14.99,1.84,0,12.9412,0,14.2196,7.685,-8.55981,1,7,0,0,0,0,0,0,3.84,0,105.8
438,46265.000,23.8202,12.4031,14.3224,38,0,-.78125,1497.25,0,-3,91.4,14.99,1.84,0,12.9412,0,14.2196,7.685,-8.55981,1,7,0,0,0,0,0,0,3.84,0,105.8
439,46265.040,23.7776,12.4031,14.3156,38,0,-.78125,1492.75,0,-2.5,91.4,14.91,1.82,0,12.9412,0,14.2196,7.685,-8.55981,1,7,0,0,0,0,0,0,3.84,0,105.8
440,46265.080,23.7351,12.4031,14.3156,38,0,-.78125,1504.25,0,-3.5,91.4,14.57,1.82,0,12.9412,0,14.2196,7.685,-8.55981,1,7,0,0,0,0,0,0,3.84,0,105.8
441,46265.120,23.9033,12.4031,14.3156,38,0,-.78125,1495.25,0,-2.5,91.4,14.65,1.82,0,12.9412,0,14.2196,7.685,-8.55981,1,7,0,0,0,0,0,0,3.84,0,105.8
442,46265.160,23.9033,12.4031,14.3156,38,0,-.78125,1492.25,0,-2.5,91.4,14.91,1.82,0,12.9412,0,14.2196,7.685,-8.55981,1,7,0,0,0,0,0,0,3.84,0,105.8
443,46265.200,23.8202,12.4031,14.3156,38,0,-.78125,1486.25,0,-2,91.4,14.91,1.84,0,12.9412,0,14.2196,7.685,-8.55981,1,7,0,0,0,0,0,0,3.84,0,105.8
444,46265.240,23.7776,12.518,14.3156,37,0,-.78125,1482.5,0,-1.5,91.4,14.91,1.82,0,12.9412,0,14.2196,7.685,-8.55981,1,7,0,0,0,0,0,0,3.84,0,107.6
445,46265.280,23.8202,12.518,14.3087,37,0,-.78125,1483.25,0,-2,91.4,14.65,1.82,0,12.9412,0,14.2196,7.685,-8.55981,1,7,0,0,0,0,0,0,3.84,0,107.6
446,46265.320,23.7351,12.518,14.3087,37,0,-.78125,1480.25,0,-1.5,91.4,14.48,1.82,0,12.9412,0,14.2196,7.685,-8.55981,1,7,0,0,0,0,0,0,3.84,0,107.6
447,46265.360,23.8202,12.518,14.3087,37,0,-.78125,1472.5,0,-1,91.4,14.82,1.84,0,12.9412,0,14.2196,7.685,-8.55981,1,7,0,0,0,0,0,0,3.84,0,107.6
448,46265.400,23.8202,12.518,14.3087,37,0,-.78125,1486,0,-2,91.4,14.99,1.84,0,12.9412,0,14.2196,7.685,-8.55981,1,7,0,0,0,0,0,0,3.84,0,107.6
449,46265.440,23.8202,12.4031,14.3087,37,0,-.78125,1493.75,0,-3,91.4,14.99,1.82,0,12.9412,0,14.2196,7.685,-8.55981,1,7,0,0,0,0,0,0,3.84,0,107.6
450,46265.480,23.8627,12.4031,14.3087,37,0,-.78125,1482.75,0,-2,91.4,14.48,1.82,0,12.9412,0,14.2196,7.685,-8.55981,1,7,0,0,0,0,0,0,3.84,0,107.6
451,46265.520,23.8202,12.4031,14.3087,37,0,-.78125,1479.25,0,-1.5,91.4,14.57,1.82,0,12.9412,0,14.2196,7.685,-8.55981,1,7,0,0,0,0,0,0,3.84,0,107.6
452,46265.560,23.7351,12.518,14.3087,37,0,-.78125,1487,0,-2.5,91.4,14.65,1.82,0,12.9412,0,14.2196,7.685,-8.55981,1,7,0,0,0,0,0,0,3.84,0,107.6
453,46265.600,23.7776,12.518,14.3087,37,0,-.78125,1488.75,0,-2.5,91.4,14.82,1.84,0,12.9412,0,14.2196,7.685,-8.55981,1,7,0,0,0,0,0,0,3.84,0,107.6
454,46265.640,23.9033,12.518,14.3087,37,0,-.78125,1481.25,0,-2,91.4,14.99,1.82,0,12.9412,0,14.2196,7.685,-8.55981,1,7,0,0,0,0,0,0,3.84,0,107.6
455,46265.680,23.8202,12.518,14.3087,37,0,-.78125,1474.75,0,-1.5,91.4,14.57,1.82,0,12.9412,0,14.2196,7.685,-8.55981,1,7,0,0,0,0,0,0,3.84,0,107.6
456,46265.720,23.8202,12.518,14.3087,36,0,-.78125,1485.75,0,-2.5,91.4,14.74,1.82,0,12.9412,0,14.2196,7.685,-8.55981,1,7,0,0,0,0,0,0,3.84,0,107.6
457,46265.760,23.8627,12.518,14.3087,36,0,-.78125,1478,0,-1.5,91.4,14.48,1.82,0,12.9412,0,14.2196,7.685,-8.55981,1,7,0,0,0,0,0,0,3.84,0,107.6
458,46265.800,23.8202,12.518,14.3087,36,0,-.78125,1487.75,0,-2.5,91.4,14.57,1.82,0,12.9412,0,14.2196,7.685,-8.55981,1,7,0,0,0,0,0,0,3.84,0,107.6
459,46265.840,23.8202,12.4031,14.3087,36,0,-.78125,1493.25,0,-3,91.4,14.65,1.82,0,12.9412,0,14.2196,7.685,-8.55981,1,7,0,0,0,0,0,0,3.84,0,107.6
460,46265.880,23.6519,12.4031,14.3156,36,0,-.78125,1477,0,-1.5,91.4,14.57,1.82,0,12.9412,0,14.2196,7.685,-8.55981,1,7,0,0,0,0,0,0,3.84,0,107.6
461,46265.920,23.6094,12.4031,14.3156,36,0,-.78125,1475.5,0,-1.5,91.4,14.65,1.82,0,12.9412,0,14.2196,7.685,-8.55981,1,7,0,0,0,0,0,0,3.84,0,107.6
462,46265.960,23.6945,12.4031,14.3156,36,0,-.78125,1488.75,0,-2.5,91.4,14.57,1.82,0,12.9412,0,14.2196,7.685,-8.55981,1,7,0,0,0,0,0,0,3.84,0,107.6
463,46266.000,23.6519,12.4031,14.3156,36,0,-.78125,1494,0,-3,91.4,14.65,1.82,0,12.9412,0,14.2196,7.685,-8.55981,1,7,0,0,0,0,0,0,3.84,0,107.6
464,46266.040,23.9459,12.4031,14.3156,36,0,-.78125,1495.5,0,-3,91.4,14.31,1.82,0,12.9412,0,14.2196,7.685,-8.55981,1,7,0,0,0,0,0,0,3.84,0,107.6
465,46266.080,24.1992,12.4031,14.3156,36,0,-.78125,1490,0,-2.5,91.4,14.82,1.82,0,12.9412,0,14.2196,7.685,-8.55981,1,7,0,0,0,0,0,0,3.84,0,107.6
466,46266.120,24.2418,12.4031,14.3224,36,0,-.78125,1493.25,0,-2.5,91.4,14.99,1.82,0,12.9412,0,14.2196,7.685,-8.55981,1,7,0,0,0,0,0,0,3.84,0,107.6
467,46266.160,24.2843,12.4031,14.3224,36,0,-.78125,1485.75,0,-2,91.4,14.74,1.82,0,12.9412,0,14.2196,7.685,-8.55981,1,7,0,0,0,0,0,0,3.84,0,107.6
468,46266.200,24.3249,12.4031,14.3156,36,0,-.78125,1480,0,-1.5,91.4,14.82,1.82,0,12.9412,0,14.2196,7.685,-8.55981,1,7,0,0,0,0,0,0,3.84,0,107.6
469,46266.240,24.2843,12.4031,14.3156,36,0,-.78125,1483.75,0,-2,91.4,14.74,1.82,0,12.9412,0,14.2196,7.685,-8.55981,1,7,0,0,0,0,0,0,3.84,0,107.6
470,46266.280,24.41,12.4031,14.3156,36,0,-.78125,1495.5,0,-3,91.4,14.4,1.82,0,12.9412,0,14.2196,7.685,-8.55981,1,7,0,0,0,0,0,0,3.84,0,107.6
471,46266.320,24.2843,12.4031,14.3156,36,0,-.78125,1493,0,-2.5,91.4,14.65,1.82,0,12.9412,0,14.2196,7.685,-8.55981,1,7,0,0,0,0,0,0,3.84,0,107.6
472,46266.360,24.2843,12.4031,14.3156,35,0,-.78125,1487.5,0,-2,91.4,14.74,1.82,0,12.9412,0,14.2196,7.685,-8.55981,1,7,0,0,0,0,0,0,3.84,0,107.6
473,46266.400,24.41,12.4031,14.3156,35,0,-.78125,1482.5,0,-2,91.4,14.4,1.82,0,12.9412,0,14.2196,7.685,-8.55981,1,7,0,0,0,0,0,0,3.84,0,107.6
474,46266.440,24.41,12.4031,14.3224,35,0,-.78125,1479.5,0,-1.5,91.4,14.65,1.82,0,12.9412,0,14.2196,7.685,-8.55981,1,7,0,0,0,0,0,0,3.84,0,107.6
475,46266.480,24.41,12.4031,14.3224,35,0,-.78125,1481.5,0,-2,91.4,14.65,1.82,0,12.9412,0,14.2196,7.685,-8.55981,1,7,0,0,0,0,0,0,3.84,0,107.6
476,46266.520,24.3249,12.4031,14.3156,35,0,-.78125,1494.75,0,-3,91.4,14.4,1.82,0,12.9412,0,14.2196,7.685,-8.55981,1,7,0,0,0,0,0,0,3.84,0,107.6
477,46266.560,24.4526,12.4031,14.3224,35,0,-.78125,1484.25,0,-2,91.4,14.74,1.82,0,12.9412,0,14.2196,7.685,-8.55981,1,7,0,0,0,0,0,0,3.84,0,107.6
478,46266.600,24.41,12.4031,14.3224,35,0,-.78125,1478.5,0,-1.5,91.4,14.31,1.82,0,12.9412,0,14.2196,7.685,-8.55981,1,7,0,0,0,0,0,0,3.84,0,107.6
479,46266.640,24.41,12.4031,14.3224,35,0,-.78125,1473,0,-1,91.4,14.57,1.82,0,12.9412,0,14.2196,7.685,-8.55981,1,7,0,0,0,0,0,0,3.84,0,107.6
480,46266.680,24.5358,12.4031,14.3224,35,0,-.78125,1482.25,0,-2,91.4,14.48,1.82,0,12.9412,0,14.2196,7.685,-8.55981,1,7,0,0,0,0,0,0,3.84,0,107.6
481,46266.720,24.41,12.4031,14.3224,35,0,-.78125,1479.25,0,-1.5,91.4,14.31,1.8,0,12.9412,0,14.2196,7.685,-8.55981,1,7,0,0,0,0,0,0,3.84,0,107.6
482,46266.760,24.41,12.4031,14.3224,35,0,-.78125,1488.5,0,-2.5,91.4,14.31,1.82,0,12.9412,0,14.2196,7.685,-8.55981,1,7,0,0,0,0,0,0,3.84,0,107.6
483,46266.800,24.4932,12.4031,14.3224,35,0,-.78125,1484.75,0,-2,91.4,14.57,1.82,0,12.9412,0,14.2196,7.685,-8.55981,1,7,0,0,0,0,0,0,3.84,0,107.6
484,46266.840,24.3675,12.4031,14.3292,35,0,-.78125,1483.75,0,-2,91.4,14.57,1.82,0,12.9412,0,14.2196,7.685,-8.55981,1,7,0,0,0,0,0,0,3.84,0,107.6
485,46266.880,24.41,12.4031,14.3292,35,0,-.78125,1480.5,0,-1.5,91.4,14.4,1.82,0,12.9412,0,14.2196,7.685,-8.55981,1,7,0,0,0,0,0,0,3.84,0,107.6
486,46266.920,24.5358,12.4031,14.3292,35,0,-.78125,1476.75,0,-1.5,91.4,14.4,1.8,0,12.9412,0,14.2196,7.685,-8.55981,1,7,0,0,0,0,0,0,3.84,0,107.6
487,46266.960,24.4932,12.4031,14.3292,35,0,-.78125,1471,0,-1,91.4,14.57,1.82,0,12.9412,0,14.2196,7.685,-8.55981,1,7,0,0,0,0,0,0,3.84,0,107.6
488,46267.000,24.4526,12.4031,14.3292,35,0,-.78125,1478.75,0,-1.5,91.4,14.65,1.82,0,12.9412,0,14.2196,7.685,-8.55981,1,7,0,0,0,0,0,0,3.84,0,107.6
489,46267.040,24.4932,12.4031,14.3292,35,0,-.78125,1483.25,0,-2,91.4,14.39,1.8,0,12.9412,0,14.2196,7.685,-8.55981,1,7,0,0,0,0,0,0,3.84,0,107.6
490,46267.080,24.5358,12.518,14.3224,35,0,-.78125,1482.75,0,-2,91.4,14.31,1.8,0,12.9412,0,14.2196,7.685,-8.55981,1,7,0,0,0,0,0,0,3.84,0,107.6
491,46267.120,24.3249,12.518,14.3224,35,0,-.78125,1478.5,0,-1.5,91.4,14.39,1.82,0,12.9412,0,14.2196,7.685,-8.55981,1,7,0,0,0,0,0,0,3.84,0,107.6
492,46267.160,24.3249,12.518,14.3292,34,0,-.78125,1485.25,0,-2,91.4,14.31,1.8,0,12.549,0,14.2196,7.685,-8.55981,1,7,0,0,0,0,0,0,3.84,0,107.6
493,46267.200,24.41,12.518,14.336,34,0,-.78125,1485.75,0,-2,91.4,14.31,1.82,0,12.9412,0,14.2196,7.685,-8.55981,1,7,0,0,0,0,0,0,3.84,0,107.6
494,46267.240,24.2843,12.518,14.336,34,0,-.78125,1486,0,-2,91.4,14.57,1.82,0,12.9412,0,14.2196,7.685,-8.55981,1,7,0,0,0,0,0,0,3.84,0,107.6
495,46267.280,24.3675,12.518,14.3292,34,0,-.78125,1485.25,0,-2,91.4,14.48,1.82,0,12.549,0,14.2196,7.685,-8.55981,1,7,0,0,0,0,0,0,3.84,0,107.6
496,46267.320,24.41,12.4031,14.3292,34,0,-.78125,1490.5,0,-2.5,91.4,14.13,1.8,0,12.9412,0,14.2196,7.685,-8.55981,1,7,0,0,0,0,0,0,3.84,0,107.6
497,46267.360,24.2843,12.518,14.3292,34,0,-.78125,1490,0,-2,91.4,14.31,1.82,0,12.9412,0,14.2196,7.685,-8.55981,1,7,0,0,0,0,0,0,3.84,0,107.6
498,46267.400,24.41,12.518,14.336,34,0,-.78125,1489.75,0,-2,91.4,14.22,1.8,0,12.549,0,14.2196,7.685,-8.55981,1,7,0,0,0,0,0,0,3.84,0,107.6
499,46267.440,24.3675,12.518,14.336,34,0,-.78125,1476,0,-1,91.4,14.13,1.8,0,12.549,0,14.2196,7.685,-8.55981,1,7,0,0,0,0,0,0,3.84,0,107.6
500,46267.480,24.5358,12.4031,14.3428,34,0,-.78125,1481.25,0,-1.5,91.4,13.87,1.8,0,12.9412,0,14.2196,7.685,-8.55981,1,7,0,0,0,0,0,0,3.84,0,107.6
501,46267.520,24.5358,12.4031,14.3428,34,0,-.78125,1481.25,0,-1.5,91.4,14.22,1.82,0,12.549,0,14.2196,7.685,-8.55981,1,7,0,0,0,0,0,0,3.84,0,107.6
502,46267.560,24.4932,12.4031,14.3428,34,0,-.78125,1486.75,0,-1.5,91.4,14.22,1.8,0,12.549,0,14.2196,7.685,-8.55981,1,7,0,0,0,0,0,0,3.84,0,107.6
503,46267.600,24.4526,12.4031,14.3497,34,0,-.78125,1493.5,0,-2,91.4,13.87,1.8,0,12.549,0,14.2196,7.685,-8.55981,1,7,0,0,0,0,0,0,3.84,0,107.6
504,46267.640,24.4526,12.518,14.3497,34,0,-.78125,1498.25,0,-2.5,91.4,13.69,1.78,0,12.549,0,14.2196,7.685,-8.55981,1,7,0,0,0,0,0,0,3.584,0,107.6
505,46267.680,24.4526,12.518,14.3565,34,0,-.78125,1496.75,0,-2,91.4,13.6,1.8,0,12.549,0,14.2196,7.685,-8.55981,1,7,0,0,0,0,0,0,3.584,0,107.6
506,46267.720,24.5358,12.518,14.3634,34,0,-.78125,1495.75,0,-2,91.4,13.69,1.8,0,12.549,0,14.2196,7.685,-8.55981,1,7,0,0,0,0,0,0,3.584,0,107.6
507,46267.760,24.41,12.4031,14.3634,34,0,-.78125,1491.75,0,-1.5,91.4,13.25,1.8,0,12.549,0,14.2196,7.685,-8.55981,1,7,0,0,0,0,0,0,3.584,0,107.6
508,46267.800,24.4932,12.4031,14.3771,34,0,-.78125,1497.5,0,-2,91.4,13.96,1.8,0,12.549,0,14.2196,7.685,-8.55981,1,7,0,0,0,0,0,0,3.584,0,107.6
509,46267.840,24.5358,12.4031,14.3771,34,0,-.78125,1503.75,0,-2.5,91.4,13.6,1.8,0,12.549,0,14.2196,7.685,-8.55981,1,7,0,0,0,0,0,0,3.584,0,107.6
510,46267.880,24.4526,12.4031,14.3771,34,0,-.78125,1497.5,0,-1.5,91.4,13.78,1.8,0,12.549,0,14.2196,7.685,-8.55981,1,7,0,0,0,0,0,0,3.584,0,107.6
511,46267.920,24.4526,12.4031,14.3839,34,0,-.78125,1498,0,-2,91.4,13.96,1.8,0,12.549,0,14.2196,7.685,-8.55981,1,7,0,0,0,0,0,0,3.584,0,107.6
512,46267.960,24.4526,12.4031,14.3839,34,0,-.78125,1482.5,0,-.5,91.4,13.78,1.8,0,12.549,0,14.2196,7.685,-8.55981,1,7,0,0,0,0,0,0,3.584,0,107.6
513,46268.000,24.4932,12.518,14.3771,34,0,-.78125,1495.5,0,-1.5,91.4,13.87,1.8,0,12.549,0,14.2196,7.685,-8.55981,1,7,0,0,0,0,0,0,3.584,0,107.6
514,46268.040,24.5358,12.518,14.3771,33,0,-.78125,1494.75,0,-1.5,91.4,14.05,1.8,0,12.549,0,14.2196,7.685,-8.55981,1,7,0,0,0,0,0,0,3.584,0,107.6
515,46268.080,24.5358,12.518,14.3771,33,0,-.78125,1501,0,-2,91.4,13.6,1.8,0,12.549,0,14.2196,7.685,-8.55981,1,7,0,0,0,0,0,0,3.584,0,107.6
516,46268.120,24.4932,12.518,14.3839,33,0,-.78125,1491,0,-1,91.4,13.96,1.78,0,12.549,0,14.2196,7.685,-8.55981,1,7,0,0,0,0,0,0,3.584,0,107.6
517,46268.160,24.4526,12.518,14.3771,33,0,-.78125,1498,0,-1.5,91.4,13.51,1.8,0,12.549,0,14.2196,7.685,-8.55981,1,7,0,0,0,0,0,0,3.584,0,107.6
518,46268.200,24.4932,12.518,14.3771,33,0,-.78125,1503.5,0,-2,91.4,13.69,1.8,0,12.549,0,14.2196,7.54,-8.55981,1,7,0,0,0,0,0,0,3.584,0,107.6
519,46268.240,24.5358,12.518,14.3839,33,0,-.78125,1510.25,0,-2.5,91.4,13.78,1.8,0,12.549,0,14.2196,7.54,-8.55981,1,7,0,0,0,0,0,0,3.584,0,107.6
520,46268.280,24.5358,12.518,14.3839,33,0,-.78125,1499.75,0,-1.5,91.4,13.96,1.8,0,12.549,0,14.2196,7.54,-8.55981,1,7,0,0,0,0,0,0,3.584,0,107.6
521,46268.320,24.5783,12.518,14.3839,33,0,-.78125,1505.75,0,-2,91.4,14.05,1.8,0,12.549,0,14.2196,7.54,-8.55981,1,7,0,0,0,0,0,0,3.584,0,107.6
522,46268.360,24.5783,12.518,14.3839,33,0,-.78125,1500,0,-1.5,91.4,13.96,1.8,0,12.549,0,14.2196,7.54,-8.55981,1,7,0,0,0,0,0,0,3.584,0,107.6
523,46268.400,24.4526,12.518,14.3839,33,0,-.78125,1489.75,0,-.5,91.4,14.05,1.8,0,12.549,0,14.2196,7.54,-8.55981,1,7,0,0,0,0,0,0,3.584,0,107.6
524,46268.440,24.41,12.518,14.3771,33,0,-.78125,1492.5,0,-1,91.4,13.6,1.78,0,12.549,0,14.2196,7.54,-8.55981,1,7,0,0,0,0,0,0,3.584,0,107.6
525,46268.480,24.5358,12.518,14.3839,33,-.78125,-.78125,1497.5,0,-1,91.4,13.51,1.78,0,12.549,0,14.2196,7.54,-8.55981,1,7,0,0,0,0,0,0,3.584,0,107.6
526,46268.520,24.4932,12.518,14.3839,33,-.78125,-.78125,1496.75,0,-1,91.4,13.51,1.8,0,12.549,0,14.2196,7.54,-8.55981,1,7,0,0,0,0,0,0,3.584,0,107.6
527,46268.560,24.4526,12.518,14.3839,33,-1.5625,-.78125,1499.25,0,-1,91.4,13.6,1.8,0,12.549,0,14.2196,7.54,-8.55981,1,7,0,0,0,0,0,0,3.584,0,107.6
528,46268.600,24.4932,12.518,14.3839,33,-1.5625,-.78125,1499,0,-1,91.4,13.6,1.8,0,12.549,0,14.2196,7.54,-8.55981,1,7,0,0,0,0,0,0,3.584,0,107.6
529,46268.640,24.3675,12.518,14.3908,33,-2.34375,-.78125,1503.75,0,-1.5,91.4,13.69,1.78,0,12.549,0,14.2196,7.54,-8.55981,1,7,0,0,0,0,0,0,3.584,0,107.6
530,46268.680,23.8202,12.518,14.3908,33,-3.125,-.78125,1495.75,0,-.5,91.4,13.51,1.8,0,12.549,0,14.2196,7.54,-8.55981,1,7,0,0,0,0,0,0,3.584,0,107.6
531,46268.720,23.8627,12.518,14.3908,33,-3.125,-.78125,1508.5,0,-1.5,91.4,13.42,1.78,0,12.549,0,14.2196,7.54,-8.55981,1,7,0,0,0,0,0,0,3.584,0,107.6
532,46268.760,23.8202,12.518,14.3977,33,-3.90625,-.78125,1504.25,0,-1.5,91.4,13.51,1.8,0,12.549,0,14.2196,7.54,-8.55981,1,7,0,0,0,0,0,0,3.584,0,107.6
533,46268.800,23.8202,12.6328,14.3977,33,-4.6875,-.78125,1507.5,0,-1.5,91.4,13.87,1.8,0,12.549,0,14.2196,7.54,-8.55981,1,7,0,0,0,0,0,0,3.584,0,107.6
534,46268.840,23.8627,12.6328,14.3977,33,-4.6875,-.78125,1510.5,0,-1.5,91.4,13.69,1.78,0,12.1569,0,14.2196,7.54,-8.55981,1,7,0,0,0,0,0,0,3.328,0,107.6
535,46268.880,23.8202,12.6328,14.3977,33,-5.46875,-.78125,1502.5,0,-1,91.4,13.6,1.78,0,12.1569,0,14.2196,7.54,-8.55981,1,7,0,0,0,0,0,0,3.328,0,107.6
536,46268.920,23.8627,12.7477,14.3977,33,-6.25,-.78125,1498.75,0,-.5,91.4,13.42,1.78,0,12.1569,0,14.2196,7.54,-8.55981,1,7,0,0,0,0,0,0,3.328,0,107.6
537,46268.960,23.8202,12.7477,14.3977,33,-6.25,-.78125,1494.5,0,0,91.4,13.33,1.78,0,12.1569,0,14.2196,7.54,-8.55981,1,7,0,0,0,0,0,0,3.328,0,107.6
538,46269.000,23.8202,12.7477,14.4046,33,-7.03125,-.78125,1496.75,0,-.5,91.4,13.25,1.8,0,12.1569,0,14.2196,7.54,-8.55981,1,7,0,0,0,0,0,0,3.328,0,107.6
539,46269.040,23.9884,12.7477,14.4046,33,-7.03125,-.78125,1500.25,0,-.5,91.4,13.51,1.8,0,12.1569,0,14.2196,7.54,-8.55981,1,7,0,0,0,0,0,0,3.328,0,107.6
540,46269.080,24.41,12.8625,14.4046,32,-7.8125,-.78125,1488.25,0,.5,91.4,13.6,1.8,0,12.1569,0,14.2196,7.54,-8.55981,1,7,0,0,0,0,0,0,3.328,0,107.6
541,46269.120,24.4526,12.8625,14.4046,32,-7.8125,-.78125,1484.5,0,.5,91.4,13.69,1.8,0,12.1569,0,14.2196,7.54,-8.55981,1,7,0,0,0,0,0,0,3.328,0,107.6
542,46269.160,24.6208,12.8625,14.4046,32,-8.59375,-.78125,1489.5,0,0,91.4,13.42,1.78,0,12.1569,0,14.2196,7.54,-8.55981,1,7,0,0,0,0,0,0,3.328,0,107.6
543,46269.200,24.41,12.9773,14.3977,32,-9.375,-.78125,1489.5,0,0,91.4,13.33,1.78,0,12.1569,0,14.2196,7.54,-8.55981,1,7,0,0,0,0,0,0,3.328,0,107.6
544,46269.240,24.5358,12.9773,14.3977,32,-9.375,-.78125,1485.5,0,.5,91.4,13.51,1.8,0,12.1569,0,14.2196,7.54,-8.55981,1,7,0,0,0,0,0,0,3.328,0,107.6
545,46269.280,24.3249,13.0922,14.4046,32,-10.1563,-.78125,1471,0,1.5,91.4,13.6,1.8,0,12.1569,0,14.2196,7.54,-8.55981,1,7,0,0,0,0,0,0,3.328,0,107.6
546,46269.320,24.3249,13.207,14.3977,32,-10.1563,-.78125,1468,0,2,91.4,13.69,1.8,0,12.1569,0,14.2196,7.54,-8.55981,1,7,0,0,0,0,0,0,3.328,0,107.6
547,46269.360,24.3675,13.207,14.3977,32,-10.9375,-.78125,1479.25,0,.5,91.4,13.69,1.8,0,12.1569,0,14.2196,7.54,-8.55981,1,7,0,0,0,0,0,0,3.328,0,107.6
548,46269.400,24.3675,13.3219,14.3908,32,-10.9375,-.78125,1485.5,0,0,91.4,13.51,1.8,0,12.1569,0,14.2196,7.54,-8.55981,1,7,0,0,0,0,0,0,3.328,0,107.6
549,46269.440,24.41,13.3219,14.3908,32,-11.7188,-.78125,1485.75,0,0,91.4,13.33,1.78,0,12.1569,0,14.2196,7.54,-8.55981,1,7,0,0,0,0,0,0,3.328,0,107.6
550,46269.480,24.5358,13.4367,14.3908,32,-11.7188,-.78125,1474.5,0,1,91.4,13.16,1.78,0,12.1569,0,14.2196,7.54,-8.55981,1,7,0,0,0,0,0,0,3.328,0,107.6
551,46269.520,24.4526,13.4367,14.3977,32,-11.7188,-.78125,1482.25,0,.5,91.4,13.16,1.78,0,12.1569,0,14.2196,7.54,-8.55981,1,7,0,0,0,0,0,0,3.328,0,107.6
552,46269.560,24.4526,13.4367,14.3977,32,-12.5,-.78125,1472.25,0,1.5,91.4,13.07,1.78,0,12.1569,0,14.2196,7.54,-8.55981,1,7,0,0,0,0,0,0,3.072,0,107.6
553,46269.600,24.5358,13.5516,14.4046,32,-12.5,-.78125,1467.75,0,1.5,91.4,13.51,1.8,0,12.1569,0,14.2196,7.54,-8.55981,1,7,0,0,0,0,0,0,3.072,0,107.6
554,46269.640,24.5783,13.5516,14.4046,32,-12.5,-.78125,1453.5,0,3,91.4,13.25,1.8,0,12.1569,0,14.2196,7.54,-8.55981,1,7,0,0,0,0,0,0,3.072,0,107.6
555,46269.680,24.41,13.5516,14.4046,32,-13.2813,-.78125,1447.5,0,3,91.4,13.33,1.78,0,12.1569,0,14.2196,7.54,-8.55981,1,7,0,0,0,0,0,0,3.072,0,107.6
556,46269.720,24.4526,13.6664,14.3977,32,-13.2813,-.78125,1455.25,0,2,91.4,13.25,1.78,0,12.1569,0,14.2196,7.54,-8.55981,1,7,0,0,0,0,0,0,3.072,0,107.6
557,46269.760,24.4932,13.6664,14.3977,32,-13.2813,-.78125,1465,0,1.5,91.4,13.16,1.76,0,12.1569,0,14.2196,7.54,-8.55981,1,7,0,0,0,0,0,0,3.072,0,107.6
558,46269.800,24.4526,13.6664,14.3977,32,-14.0625,-.78125,1446.25,0,3,91.4,13.25,1.78,0,12.1569,0,14.2196,7.54,-8.55981,1,7,0,0,0,0,0,0,3.072,0,107.6
559,46269.840,24.4932,13.7813,14.3977,32,-14.0625,-.78125,1440.5,0,3.5,91.4,13.16,1.78,0,12.1569,0,14.2196,7.54,-8.55981,1,7,0,0,0,0,0,0,3.072,0,107.6
560,46269.880,24.5358,13.7813,14.3977,32,-14.0625,-.78125,1439.25,0,3.5,91.4,13.16,1.78,0,12.1569,0,14.2196,7.54,-8.55981,1,7,0,0,0,0,0,0,3.072,0,107.6
561,46269.920,24.4932,13.7813,14.3977,32,-14.0625,-.78125,1441.25,0,3,91.4,13.25,1.78,0,12.1569,0,14.2196,7.54,-8.55981,1,7,0,0,0,0,0,0,3.072,0,107.6
562,46269.960,24.4932,13.8961,14.3977,32,-14.8438,-.78125,1431.75,0,3.5,91.4,13.33,1.78,0,12.1569,0,14.2196,7.54,-8.55981,1,7,0,0,0,0,0,0,3.072,0,107.6
563,46270.000,24.41,13.8961,14.3977,32,-14.8438,-.78125,1420,0,4.5,91.4,13.07,1.78,0,12.1569,0,14.2196,7.54,-8.55981,1,7,0,0,0,0,0,0,3.072,0,107.6
564,46270.040,24.3675,14.0109,14.3977,32,-14.8438,-.78125,1418.25,0,4.5,91.4,13.16,1.78,0,12.1569,0,14.2196,7.54,-8.55981,1,7,0,0,0,0,0,0,3.072,0,109.4
565,46270.080,24.4526,14.0109,14.3908,32,-14.8438,-.78125,1416.5,0,4.5,91.4,13.07,1.78,0,12.1569,0,14.2196,7.54,-8.55981,1,8,0,0,0,0,0,0,3.072,0,109.4
566,46270.120,24.5358,14.1258,14.3908,32,-14.8438,-.78125,1396.5,0,6,91.4,13.16,1.78,0,12.1569,0,14.2196,7.54,-8.55981,1,8,0,0,0,0,0,0,3.072,0,109.4
567,46270.160,24.4932,14.1258,14.3908,32,-15.625,-.78125,1403.25,0,5,91.4,13.25,1.78,0,12.1569,0,14.2196,7.54,-8.55981,1,8,0,0,0,0,0,0,3.072,0,109.4
568,46270.200,24.4932,14.1258,14.3908,32,-15.625,-.78125,1418,0,3.5,91.4,13.07,1.78,0,12.1569,0,14.2196,7.54,-8.55981,1,8,0,0,0,0,0,0,3.072,0,109.4
569,46270.240,24.4526,14.1258,14.3839,32,-15.625,-.78125,1432.25,0,2,91.4,13.16,1.78,0,12.1569,0,14.2196,7.54,-8.55981,1,8,0,0,0,0,0,0,3.072,0,109.4
570,46270.280,24.4526,14.2406,14.3839,32,-15.625,-.78125,1423.5,0,3,91.4,12.98,1.78,0,12.1569,0,14.2196,7.54,-8.55981,1,8,0,0,0,0,0,0,3.072,0,109.4
571,46270.320,24.41,14.2406,14.3839,32,-15.625,-.78125,1419.75,0,3,91.4,12.98,1.78,0,12.1569,0,14.2196,7.54,-8.55981,1,8,0,0,0,0,0,0,3.072,0,109.4
572,46270.360,24.3675,14.2406,14.3908,32,-15.625,-.78125,1420.25,0,3,91.4,13.16,1.78,0,12.1569,0,14.2196,7.54,-8.55981,1,8,0,0,0,0,0,0,3.072,0,109.4
573,46270.400,24.5358,14.2406,14.3839,32,-15.625,-.78125,1419.75,0,2.5,91.4,13.16,1.78,0,12.1569,0,14.2196,7.54,-8.55981,1,8,0,0,0,0,0,0,3.072,0,109.4
574,46270.440,24.4526,14.3555,14.3839,32,-15.625,-.78125,1406.5,0,3.5,91.4,13.33,1.78,0,12.1569,0,14.2196,7.54,-8.55981,1,8,0,0,0,0,0,0,3.072,0,109.4
575,46270.480,24.41,14.3555,14.3839,31,-15.625,-.78125,1398.25,0,4,91.4,13.25,1.78,0,12.1569,0,14.2196,7.54,-8.55981,1,8,0,0,0,0,0,0,3.072,0,109.4
576,46270.520,24.4932,14.3555,14.3839,31,-16.4063,-.78125,1404.25,0,3.5,91.4,13.07,1.78,0,12.1569,0,14.2196,7.54,-8.55981,1,8,0,0,0,0,0,0,3.072,0,109.4
577,46270.560,24.41,14.3555,14.3771,31,-16.4063,-.78125,1394,0,4,91.4,13.25,1.78,0,12.1569,0,14.2196,7.54,-8.55981,1,8,0,0,0,0,0,0,3.072,0,109.4
578,46270.600,24.4932,14.3555,14.3771,31,-16.4063,-.78125,1402.75,0,3,91.4,12.98,1.78,0,12.1569,0,14.2196,7.54,-8.55981,1,8,0,0,0,0,0,0,3.072,0,109.4
579,46270.640,24.3675,14.4703,14.3771,31,-16.4063,-.78125,1375,0,5.5,91.4,12.98,1.78,0,12.1569,0,14.2196,7.54,-8.55981,1,8,0,0,0,0,0,0,3.072,0,109.4
580,46270.680,24.4932,14.4703,14.3702,31,-16.4063,-.78125,1377.25,0,5,91.4,13.07,1.78,0,12.1569,0,14.2196,7.54,-8.55981,1,8,0,0,0,0,0,0,3.072,0,109.4
581,46270.720,24.41,14.4703,14.3702,31,-16.4063,-.78125,1388,0,4,91.4,13.16,1.78,0,12.1569,0,14.2196,7.54,-8.55981,1,8,0,0,0,0,0,0,3.072,0,109.4
582,46270.760,24.4526,14.4703,14.3702,31,-16.4063,-.78125,1394.5,0,3,91.4,12.89,1.78,0,12.1569,0,14.2196,7.54,-8.55981,1,8,0,0,0,0,0,0,3.072,0,109.4
583,46270.800,24.41,14.4703,14.3702,31,-16.4063,-.78125,1382.75,0,4,91.4,12.98,1.78,0,12.1569,0,14.2196,7.54,-8.55981,1,8,0,0,0,0,0,0,3.072,0,109.4
584,46270.840,24.41,14.4703,14.3702,31,-16.4063,-.78125,1372.5,0,5,91.4,13.16,1.8,0,12.1569,0,14.2196,7.54,-8.55981,1,8,0,0,0,0,0,0,3.072,0,109.4
585,46270.880,24.3675,14.4703,14.2748,31,-16.4063,-.78125,1362.25,0,5.5,91.4,13.25,1.78,0,12.1569,0,14.2196,7.685,-8.55981,1,8,0,0,0,0,0,0,3.072,0,109.4
586,46270.920,24.4932,14.5852,14.2613,31,-16.4063,-.78125,1361.75,0,5,91.4,13.25,1.78,0,12.1569,0,14.2196,7.685,-8.55981,1,8,0,0,0,0,0,0,3.072,0,109.4
587,46270.960,24.4526,14.5852,14.2613,31,-16.4063,-.78125,1369,0,4,91.4,13.07,1.78,0,12.1569,0,14.2196,7.685,-8.55981,1,8,0,0,0,0,0,0,3.072,0,109.4
588,46271.000,24.4932,14.5852,14.2478,31,-16.4063,-.78125,1365.25,0,4,91.4,13.25,1.78,0,12.1569,0,14.2196,7.685,-8.55981,1,8,0,0,0,0,0,0,3.328,0,109.4
589,46271.040,24.4932,14.5852,14.2276,31,-16.4063,-.78125,1352,0,5,91.4,13.51,1.78,0,12.1569,0,14.2196,7.685,-8.55981,1,8,0,0,0,0,0,0,3.328,0,109.4
590,46271.080,24.41,14.5852,14.2276,31,-16.4063,-.78125,1353.5,0,5,91.4,13.16,1.78,0,12.1569,0,14.2196,7.685,-8.55981,1,8,0,0,0,0,0,0,3.328,0,109.4
591,46271.120,24.3675,14.7,14.2142,31,-16.4063,-.78125,1356,0,4.5,91.4,13.33,1.78,0,12.1569,0,14.2196,7.685,-8.55981,1,8,0,0,0,0,0,0,3.328,0,109.4
592,46271.160,24.4932,14.7,14.2142,31,-16.4063,-.78125,1354.75,0,4.5,91.4,13.16,1.78,0,12.549,0,14.2196,7.685,-8.55981,1,8,0,0,0,0,0,0,3.328,0,109.4
593,46271.200,24.4526,14.7,14.1941,31,-16.4063,-.78125,1370.5,0,2.5,91.4,13.6,1.8,0,12.549,0,14.2196,7.685,-8.55981,1,8,0,0,0,0,0,0,3.328,0,109.4
594,46271.240,24.4526,14.7,14.1807,31,-16.4063,-.78125,1356.75,0,4,91.4,13.51,1.8,0,12.549,0,14.2196,7.685,-8.55981,1,8,0,0,0,0,0,0,3.328,0,109.4
595,46271.280,24.4526,14.7,14.1807,31,-16.4063,-.78125,1349.75,0,4.5,91.4,13.69,1.8,0,12.549,0,14.2196,7.685,-8.55981,1,8,0,0,0,0,0,0,3.328,0,109.4
596,46271.320,24.2418,14.7,14.154,31,-16.4063,-.78125,1353,0,3.5,91.4,13.51,1.8,0,12.549,0,14.2196,7.83,-8.55981,1,8,0,0,0,0,0,0,3.328,0,109.4
597,46271.360,24.41,14.7,14.1341,31,-16.4063,-.78125,1370.75,0,2,91.4,13.51,1.78,0,12.549,0,14.2196,7.83,-8.55981,1,8,0,0,0,0,0,0,3.328,0,109.4
598,46271.400,24.4932,14.7,14.1341,31,-16.4063,-.78125,1378,0,1.5,91.4,13.42,1.78,0,12.549,0,14.2196,7.83,-8.55981,1,8,0,0,0,0,0,0,3.328,0,109.4
599,46271.440,24.4526,14.7,14.1474,31,-16.4063,-.78125,1380.5,0,1,91.4,13.42,1.78,0,12.549,0,14.2196,7.83,-8.55981,1,8,0,0,0,0,0,0,3.328,0,109.4
600,46271.480,24.4526,14.7,14.1474,31,-16.4063,-.78125,1361.25,0,2.5,91.4,13.33,1.78,0,12.549,0,14.2196,7.83,-8.55981,1,8,0,0,0,0,0,0,3.328,0,109.4
601,46271.520,24.4526,14.7,14.1341,31,-16.4063,-.78125,1345.75,0,4,91.4,13.25,1.78,0,12.549,0,14.2196,7.83,-8.55981,1,8,0,0,0,0,0,0,3.328,0,109.4
602,46271.560,24.4526,14.7,14.1275,31,-16.4063,-.78125,1352.75,0,3,91.4,13.51,1.78,0,12.549,0,14.2196,7.83,-8.55981,1,8,0,0,0,0,0,0,3.328,0,109.4
603,46271.600,24.3675,14.7,14.1275,31,-16.4063,-.78125,1355.75,0,3,91.4,13.42,1.78,0,12.549,0,14.2196,7.83,-8.55981,1,8,0,0,0,0,0,0,3.328,0,109.4
604,46271.640,24.4932,14.7,14.1275,31,-16.4063,-.78125,1321.25,0,5.5,91.4,13.51,1.8,0,12.549,0,14.2196,7.83,-8.55981,1,8,0,0,0,0,0,0,3.328,0,109.4
605,46271.680,24.5358,14.7,14.1275,31,-16.4063,-.78125,1324.75,0,5,91.4,13.69,1.78,0,12.549,0,14.2196,7.83,-8.55981,1,8,0,0,0,0,0,0,3.328,0,109.4
606,46271.720,24.3249,14.7,14.1275,31,-15.625,-.78125,1341.5,0,3.5,91.4,13.33,1.8,0,12.549,0,14.2196,7.83,-8.55981,1,8,0,0,0,0,0,0,3.328,0,109.4
607,46271.760,24.4526,14.7,14.0878,31,-15.625,-.78125,1355.5,0,2,91.4,13.69,1.78,0,12.549,0,14.2196,7.83,-8.55981,1,8,0,0,0,0,0,0,3.328,0,109.4
608,46271.800,24.4526,14.7,14.0878,31,-15.625,-.78125,1348.25,0,2.5,91.4,13.6,1.78,0,12.549,0,14.2196,7.975,-8.55981,1,8,0,0,0,0,0,0,3.328,0,109.4
609,46271.840,24.41,14.8148,14.0549,31,-15.625,-.78125,1341,0,3,91.4,13.51,1.8,0,12.549,0,14.2196,7.975,-8.55981,1,8,0,0,0,0,0,0,3.328,0,109.4
610,46271.880,24.41,14.8148,14.0287,31,-15.625,-.78125,1328.75,0,4,91.4,13.78,1.8,0,12.549,0,14.2196,7.975,-8.55981,1,8,0,0,0,0,0,0,3.328,0,109.4
611,46271.920,24.41,14.8148,14.0287,31,-15.625,-.78125,1338.75,0,3,91.4,13.6,1.8,0,12.549,0,14.2196,7.975,-8.55981,1,8,0,0,0,0,0,0,3.328,0,109.4
612,46271.960,24.4932,14.8148,14.0222,31,-15.625,-.78125,1361.75,0,1,91.4,13.78,1.78,0,12.549,0,14.2196,7.975,-8.55981,1,8,0,0,0,0,0,0,3.328,0,109.4
613,46272.000,24.4526,14.8148,14.0026,31,-15.625,-.78125,1334.5,0,3.5,91.4,13.6,1.78,0,12.549,0,14.2196,7.975,-8.55981,1,8,0,0,0,0,0,0,3.328,0,109.4
614,46272.040,24.4526,14.8148,14.0026,31,-15.625,-.78125,1325.75,0,4,91.4,13.51,1.8,0,12.549,0,14.2196,7.975,-8.55981,1,8,0,0,0,0,0,0,3.328,0,109.4
615,46272.080,24.41,14.8148,13.9831,31,-15.625,-.78125,1333.75,0,3,91.4,13.51,1.78,0,12.549,0,14.2196,8.12,-8.55981,1,8,0,0,0,0,0,0,3.328,0,109.4
616,46272.120,24.3249,14.8148,13.9831,31,-15.625,-.78125,1352,0,1.5,91.4,13.25,1.8,0,12.549,0,14.2196,8.12,-8.55981,1,8,0,0,0,0,0,0,3.328,0,109.4
617,46272.160,24.4932,14.8148,13.9831,31,-15.625,-.78125,1362.5,0,.5,91.4,13.87,1.8,0,12.549,0,14.2196,8.12,-8.55981,1,8,0,0,0,0,0,0,3.328,0,109.4
618,46272.200,24.5358,14.8148,13.9961,31,-15.625,-.78125,1340.75,0,2.5,91.4,13.6,1.8,0,12.549,0,14.2196,8.12,-8.55981,1,8,0,0,0,0,0,0,3.328,0,109.4
619,46272.240,24.41,14.8148,13.9961,31,-15.625,-.78125,1336.75,0,2.5,91.4,13.69,1.8,0,12.549,0,14.2196,8.12,-8.55981,1,8,0,0,0,0,0,0,3.328,0,109.4
620,46272.280,24.3249,14.8148,14.0091,31,-15.625,-.78125,1340.75,0,2.5,91.4,13.78,1.8,0,12.549,0,14.2196,8.12,-8.55981,1,8,0,0,0,0,0,0,3.328,0,109.4
621,46272.320,24.4932,14.8148,14.0026,31,-14.8438,-.78125,1337.75,0,2.5,91.4,13.78,1.8,0,12.549,0,14.2196,8.12,-8.55981,1,8,0,0,0,0,0,0,3.328,0,109.4
622,46272.360,10.5897,14.8148,14.0026,31,-14.8438,-.78125,1338.75,0,2.5,91.4,13.51,1.8,0,12.549,0,14.2196,8.12,-8.55981,1,8,0,0,0,0,0,0,3.328,0,109.4
623,46272.400,10.6322,14.8148,14.0026,30,-14.8438,-.78125,1346.25,0,1.5,91.4,14.05,1.8,0,12.549,0,14.2196,8.12,-8.55981,1,8,0,0,0,0,0,0,3.328,0,109.4
624,46272.440,10.7579,14.8148,14.0026,30,-14.8438,-.78125,1343.5,0,1.5,91.4,14.13,1.8,0,12.549,0,14.2196,8.12,-8.55981,1,8,0,0,0,0,0,0,3.584,0,109.4
625,46272.480,10.5897,14.8148,14.0091,30,-14.8438,-.78125,1343.5,0,2,91.4,13.87,1.8,0,12.549,0,14.2196,8.12,-8.55981,1,8,0,0,0,0,0,0,3.584,0,109.4
626,46272.520,15.562,14.8148,13.9961,30,-14.8438,-.78125,1342.25,0,2,91.4,13.51,1.8,0,12.549,0,14.2196,8.12,-8.55981,1,8,0,0,0,0,0,0,3.584,0,109.4
627,46272.560,15.6471,14.8148,13.9961,30,-14.8438,-.78125,1344.25,0,2,91.4,14.39,1.8,0,12.549,0,14.2196,8.12,-8.55981,1,8,0,0,0,0,0,0,3.584,0,109.4
628,46272.600,15.7728,14.8148,14.0091,30,-14.8438,-.78125,1342.5,0,2,91.4,14.22,1.8,0,12.549,0,14.2196,8.12,-8.55981,1,8,0,0,0,0,0,0,3.584,0,109.4
629,46272.640,15.856,14.8148,13.9961,30,-14.8438,-.78125,1337.5,0,2.5,91.4,13.96,1.8,0,12.549,0,14.2196,8.12,-8.55981,1,8,0,0,0,0,0,0,3.584,0,109.4
630,46272.680,15.7728,14.8148,13.9961,30,-14.8438,-.78125,1334.25,0,2.5,91.4,13.96,1.8,0,12.549,0,14.2196,8.12,-8.55981,1,8,0,0,0,0,0,0,3.584,0,109.4
631,46272.720,15.856,14.8148,14.0026,30,-14.8438,-.78125,1344,0,1.5,91.4,13.78,1.8,0,12.9412,0,14.2196,8.265,-8.55981,1,8,0,0,0,0,0,0,3.584,0,109.4
632,46272.760,15.8153,14.8148,14.0026,30,-14.8438,-.78125,1353.5,0,1,91.4,13.96,1.8,0,12.549,0,14.2196,8.265,-8.55981,1,8,0,0,0,0,0,0,3.584,0,109.4
633,46272.800,15.8153,14.8148,13.9831,30,-14.8438,-.78125,1375.5,0,-1,91.4,13.96,1.8,0,12.549,0,14.2196,8.265,-8.55981,1,8,0,0,0,0,0,0,3.584,0,109.4
634,46272.840,15.7303,14.8148,13.9961,30,-14.8438,-.78125,1386.5,0,-1.5,91.4,14.05,1.8,0,12.549,0,14.2196,8.265,-8.55981,1,8,0,0,0,0,0,0,3.584,0,109.4
635,46272.880,15.0147,14.7,13.9961,30,-14.8438,-.78125,1383.5,0,-1.5,91.4,14.13,1.8,0,12.549,0,14.2196,8.265,-8.55981,1,8,0,0,0,0,0,0,3.584,0,109.4
636,46272.920,14.887,14.7,14.0091,30,-14.8438,-.78125,1376.5,0,-.5,91.4,13.78,1.8,0,12.9412,0,14.2196,8.265,-8.55981,1,8,0,0,0,0,0,0,3.584,0,109.4
637,46272.960,15.1404,14.7,14.0418,30,-14.0625,-.78125,1374.75,0,0,91.4,13.69,1.8,0,12.9412,0,14.2196,8.12,-8.55981,1,8,0,0,0,0,0,0,3.584,0,109.4
638,46273.000,15.0572,14.7,14.0418,30,-14.0625,-.78125,1352.75,0,1.5,91.4,13.96,1.8,0,12.9412,0,14.2196,8.12,-8.55981,1,8,0,0,0,0,0,0,3.584,0,109.4
639,46273.040,14.9721,14.7,14.0549,30,-14.0625,-.78125,1358.5,0,1,91.4,14.05,1.82,0,12.9412,0,14.2196,8.12,-8.55981,1,8,0,0,0,0,0,0,3.584,0,109.4
640,46273.080,15.0978,14.7,14.0549,30,-14.0625,-.78125,1363,0,1,91.4,14.13,1.8,0,12.9412,0,14.2196,8.12,-8.55981,1,8,0,0,0,0,0,0,3.584,0,109.4
641,46273.120,14.6356,14.5852,14.068,30,-14.0625,-.78125,1368.75,0,.5,91.4,14.22,1.82,0,12.9412,0,14.2196,8.12,-8.55981,1,8,0,0,0,0,0,0,3.584,0,109.4
642,46273.160,14.887,14.5852,14.0615,30,-14.0625,-.78125,1363.5,0,1,91.4,14.4,1.8,0,12.9412,0,14.2196,8.265,-8.55981,1,8,0,0,0,0,0,0,3.584,0,109.4
643,46273.200,14.9296,14.5852,14.0615,30,-14.0625,-.78125,1372,0,.5,91.4,13.96,1.8,0,12.9412,0,14.2196,8.12,-8.55981,1,8,0,0,0,0,0,0,3.584,0,109.4
644,46273.240,14.8464,14.5852,14.0812,30,-14.0625,-.78125,1372.5,0,.5,91.4,14.13,1.8,0,12.9412,0,14.2196,8.12,-8.55981,1,8,0,0,0,0,0,0,3.584,0,109.4
645,46273.280,14.9296,14.5852,14.0812,30,-14.0625,-.78125,1363.75,0,1.5,91.4,14.13,1.8,0,12.9412,0,14.2196,8.265,-8.55981,1,8,0,0,0,0,0,0,3.584,0,109.4
646,46273.320,14.9721,14.7,14.0812,30,-14.0625,-.78125,1372,0,.5,91.4,14.22,1.8,0,12.9412,0,14.2196,8.265,-8.55981,1,8,0,0,0,0,0,0,3.584,0,109.4
647,46273.360,14.7613,14.5852,14.0878,30,-14.0625,-.78125,1378.75,0,0,91.4,14.13,1.8,0,12.9412,0,14.2196,8.12,-8.55981,1,8,0,0,0,0,0,0,3.584,0,109.4
648,46273.400,14.8464,14.7,14.0878,30,-14.0625,-.78125,1368,0,1,91.4,14.13,1.8,0,12.9412,0,14.2196,8.265,-8.55981,1,8,0,0,0,0,0,0,3.584,0,109.4
649,46273.440,14.887,14.7,14.0878,30,-14.0625,-.78125,1361.5,0,1.5,91.4,14.05,1.8,0,12.9412,0,14.2196,8.265,-8.55981,1,8,0,0,0,0,0,0,3.584,0,109.4
650,46273.480,14.9721,14.5852,14.1076,30,-14.0625,-.78125,1373.75,0,1,91.4,14.31,1.82,0,12.9412,0,14.2196,8.265,-8.55981,1,8,0,0,0,0,0,0,3.584,0,109.4
651,46273.520,14.9296,14.5852,14.1076,30,-14.0625,-.78125,1383,0,0,91.4,14.39,1.82,0,12.9412,0,14.2196,8.265,-8.55981,1,8,0,0,0,0,0,0,3.584,0,109.4
652,46273.560,14.9721,14.5852,14.1076,30,-14.0625,-.78125,1372.25,0,1,91.4,14.31,1.82,0,12.9412,0,14.2196,8.265,-8.55981,1,8,0,0,0,0,0,0,3.584,0,109.4
653,46273.600,14.8464,14.5852,14.1142,30,-14.0625,-.78125,1383.25,0,0,91.4,14.48,1.8,0,12.9412,0,14.2196,8.265,-8.55981,1,8,0,0,0,0,0,0,3.584,0,109.4
654,46273.640,14.8464,14.5852,14.1142,30,-14.0625,-.78125,1379.75,0,.5,91.4,14.22,1.82,0,12.9412,0,14.2196,8.265,-8.55981,1,8,0,0,0,0,0,0,3.584,0,109.4
655,46273.680,14.9721,14.7,14.1208,30,-14.0625,-.78125,1384.5,0,.5,91.4,14.22,1.82,0,12.9412,0,14.2196,8.265,-8.55981,1,8,0,0,0,0,0,0,3.584,0,109.4
656,46273.720,14.9721,14.7,14.1208,30,-14.0625,-.78125,1367,0,2,91.4,14.22,1.82,0,12.9412,0,14.2196,8.265,-8.55981,1,8,0,0,0,0,0,0,3.584,0,109.4
657,46273.760,14.9721,14.7,14.1275,30,-14.0625,-.78125,1380.25,0,1,91.4,14.48,1.82,0,12.9412,0,14.2196,8.265,-8.55981,1,8,0,0,0,0,0,0,3.584,0,109.4
658,46273.800,14.9296,14.7,14.1341,30,-14.0625,-.78125,1388.25,0,.5,91.4,14.48,1.82,0,12.9412,0,14.2196,8.265,-8.55981,1,8,0,0,0,0,0,0,3.584,0,109.4
659,46273.840,14.9296,14.5852,14.1341,30,-14.0625,-.78125,1388.75,0,.5,91.4,14.57,1.82,0,12.9412,0,14.2196,8.265,-8.55981,1,8,0,0,0,0,0,0,3.584,0,109.4
660,46273.880,14.7613,14.5852,14.1407,30,-14.0625,-.78125,1384,0,1,91.4,14.48,1.82,0,12.9412,0,14.2196,8.265,-8.55981,1,8,0,0,0,0,0,0,3.584,0,109.4
661,46273.920,14.8039,14.5852,14.1474,30,-14.0625,-.78125,1375,0,1.5,91.4,14.48,1.82,0,12.9412,0,14.2196,8.265,-8.55981,1,8,0,0,0,0,0,0,3.584,0,109.4
662,46273.960,14.8039,14.5852,14.1474,30,-14.0625,-.78125,1391.25,0,.5,91.4,14.13,1.8,0,12.9412,0,14.2196,8.265,-8.55981,1,8,0,0,0,0,0,0,3.584,0,109.4
663,46274.000,14.8039,14.5852,14.154,30,-14.0625,-.78125,1402,0,-.5,91.4,14.39,1.82,0,12.9412,0,14.2196,8.265,-8.55981,1,8,0,0,0,0,0,0,3.584,0,109.4
664,46274.040,14.887,14.5852,14.154,30,-14.0625,-.78125,1413.5,0,-1.5,91.4,14.65,1.82,0,12.9412,0,14.2196,8.265,-8.55981,1,8,0,0,0,0,0,0,3.584,0,111.2
665,46274.080,15.3086,14.5852,14.1607,30,-14.0625,-.78125,1399,0,0,91.4,14.57,1.82,0,12.9412,0,14.2196,8.265,-8.55981,1,8,0,0,0,0,0,0,3.584,0,111.2
666,46274.120,15.268,14.5852,14.1673,30,-14.0625,-.78125,1387.75,0,1,91.4,14.65,1.82,0,12.9412,0,14.2196,8.265,-8.55981,1,8,0,0,0,0,0,0,3.584,0,111.2
667,46274.160,15.1829,14.5852,14.1673,30,-14.0625,-.78125,1394.5,0,1,91.4,14.82,1.82,0,12.9412,0,14.2196,8.265,-8.55981,1,8,0,0,0,0,0,0,3.584,0,111.2
668,46274.200,15.3512,14.5852,14.174,30,-14.0625,-.78125,1409.5,0,-.5,91.4,14.65,1.82,0,12.9412,0,14.2196,8.265,-8.55981,1,8,0,0,0,0,0,0,3.584,0,111.2
669,46274.240,15.3086,14.5852,14.1807,30,-14.0625,-.78125,1407,0,0,91.4,14.48,1.82,0,12.9412,0,14.2196,8.265,-8.55981,1,8,0,0,0,0,0,0,3.584,0,111.2
670,46274.280,15.1829,14.5852,14.1807,30,-14.0625,-.78125,1410,0,0,91.4,14.65,1.82,0,12.9412,0,14.2196,8.265,-8.55981,1,8,0,0,0,0,0,0,3.584,0,111.2
671,46274.320,15.3512,14.5852,14.1874,30,-14.0625,-.78125,1413.5,0,0,91.4,14.57,1.82,0,12.9412,0,14.2196,8.265,-8.55981,1,8,0,0,0,0,0,0,3.584,0,111.2
672,46274.360,15.3512,14.5852,14.1874,30,-14.0625,-.78125,1416.25,0,0,91.4,14.65,1.82,0,12.9412,0,14.2196,8.265,-8.55981,1,8,0,0,0,0,0,0,3.584,0,111.2
673,46274.400,15.2255,14.4703,14.2008,30,-14.0625,-.78125,1420.75,0,-.5,91.4,14.48,1.82,0,12.9412,0,14.2196,8.265,-8.55981,1,8,0,0,0,0,0,0,3.584,0,111.2
674,46274.440,15.1404,14.4703,14.2142,30,-14.0625,-.78125,1420.5,0,-.5,91.4,14.65,1.82,0,12.9412,0,14.2196,8.12,-8.55981,1,8,0,0,0,0,0,0,3.584,0,111.2
675,46274.480,15.1829,14.4703,14.2142,30,-14.0625,-.78125,1431,0,-1,91.4,14.57,1.84,0,12.9412,0,14.2196,8.12,-8.55981,1,8,0,0,0,0,0,0,3.584,0,111.2
676,46274.520,15.0572,14.4703,14.2209,30,-14.0625,-.78125,1435.5,0,-1,91.4,14.74,1.82,0,12.9412,0,14.2196,8.12,-8.55981,1,8,0,0,0,0,0,0,3.584,0,111.2
677,46274.560,15.2255,14.4703,14.3087,30,-14.0625,-.78125,1431,0,-.5,91.4,14.65,1.82,0,12.9412,0,14.2196,8.12,-8.55981,1,8,0,0,0,0,0,0,3.584,0,111.2
678,46274.600,15.268,14.4703,14.3087,30,-14.0625,-.78125,1420.75,0,.5,91.4,14.48,1.82,0,12.9412,0,14.2196,8.12,-8.55981,1,8,0,0,0,0,0,0,3.584,0,111.2
679,46274.640,15.268,14.4703,14.3087,30,-14.0625,-.78125,1423.5,0,.5,91.4,14.74,1.82,0,12.9412,0,14.2196,8.12,-8.55981,1,8,0,0,0,0,0,0,3.584,0,111.2
680,46274.680,15.1404,14.4703,14.3087,30,-14.0625,-.78125,1428.75,0,0,91.4,14.82,1.82,0,12.9412,0,14.2196,8.12,-8.55981,1,8,0,0,0,0,0,0,3.584,0,111.2
681,46274.720,15.2255,14.5852,14.3087,30,-14.0625,-.78125,1440.75,0,-1,91.4,14.65,1.82,0,12.9412,0,14.2196,8.12,-8.55981,1,8,0,0,0,0,0,0,3.584,0,111.2
682,46274.760,15.1829,14.5852,14.3087,30,-14.0625,-.78125,1442.5,0,-.5,91.4,14.91,1.84,0,12.9412,0,14.2196,8.12,-8.55981,1,8,0,0,0,0,0,0,3.584,0,111.2
683,46274.800,15.1404,14.5852,14.3087,30,-14.0625,-.78125,1440.25,0,-.5,91.4,14.74,1.82,0,12.9412,0,14.2196,8.12,-8.55981,1,8,0,0,0,0,0,0,3.584,0,111.2
684,46274.840,15.268,14.4703,14.3087,30,-14.0625,-.78125,1432,0,.5,91.4,14.48,1.82,0,12.9412,0,14.2196,8.12,-8.55981,1,8,0,0,0,0,0,0,3.584,0,111.2
685,46274.880,15.268,14.4703,14.3087,30,-14.0625,-.78125,1442.5,0,0,91.4,14.48,1.82,0,12.9412,0,14.2196,8.12,-8.55981,1,8,0,0,0,0,0,0,3.584,0,111.2
686,46274.920,15.1404,14.4703,14.3087,30,-14.0625,-.78125,1449,0,-.5,91.4,14.74,1.82,0,12.9412,0,14.2196,8.12,-8.55981,1,8,0,0,0,0,0,0,3.584,0,111.2
687,46274.960,14.9721,14.4703,14.3087,30,-14.0625,-.78125,1442.5,0,0,91.4,14.65,1.82,0,12.9412,0,14.2196,8.12,-8.55981,1,8,0,0,0,0,0,0,3.584,0,111.2
688,46275.000,14.9296,14.4703,14.3087,30,-14.0625,-.78125,1441.25,0,.5,91.4,14.39,1.8,0,12.9412,0,14.2196,8.12,-8.55981,1,8,0,0,0,0,0,0,3.328,0,111.2
689,46275.040,15.0147,14.4703,14.3087,30,-14.0625,-.78125,1445,0,.5,91.4,14.4,1.82,0,12.9412,0,14.2196,8.12,-8.55981,1,8,0,0,0,0,0,0,3.328,0,111.2
690,46275.080,14.9296,14.3555,14.3087,30,-14.0625,-.78125,1435.75,0,1.5,91.4,14.22,1.8,0,12.9412,0,14.2196,8.12,-8.55981,1,8,0,0,0,0,0,0,3.328,0,111.2
691,46275.120,15.0978,14.3555,14.3087,30,-14.0625,-.78125,1446.75,0,.5,91.4,14.31,1.82,0,12.9412,0,14.2196,8.12,-8.55981,1,8,0,0,0,0,0,0,3.328,0,111.2
692,46275.160,15.1404,14.3555,14.3087,30,-14.0625,-.78125,1445.25,0,1,91.4,14.4,1.82,0,12.9412,0,14.2196,8.12,-8.55981,1,8,0,0,0,0,0,0,3.328,0,111.2
693,46275.200,15.1404,14.4703,14.3087,30,-14.0625,-.78125,1445.5,0,1,91.4,14.48,1.82,0,12.9412,0,14.2196,8.12,-8.55981,1,8,0,0,0,0,0,0,3.328,0,111.2
694,46275.240,15.1829,14.4703,14.3087,30,-14.0625,-.78125,1448.75,0,1,91.4,14.57,1.82,0,12.9412,0,14.2196,8.12,-8.55981,1,8,0,0,0,0,0,0,3.328,0,111.2
695,46275.280,15.1404,14.4703,14.3087,30,-14.0625,-.78125,1459.75,0,0,91.4,14.22,1.82,0,12.9412,0,14.2196,8.12,-8.55981,1,8,0,0,0,0,0,0,3.328,0,111.2
696,46275.320,15.2255,14.4703,14.3087,30,-14.0625,-.78125,1451.5,0,1,91.4,14.65,1.82,0,12.9412,0,14.2196,8.12,-8.55981,1,8,0,0,0,0,0,0,3.328,0,111.2
697,46275.360,15.3512,14.4703,14.3156,30,-14.0625,-.78125,1453.75,0,1,91.4,14.65,1.82,0,12.9412,0,14.2196,8.12,-8.55981,1,8,0,0,0,0,0,0,3.328,0,111.2
698,46275.400,15.3086,14.4703,14.3156,30,-14.0625,-.78125,1469.25,0,0,91.4,14.31,1.82,0,12.9412,0,14.2196,8.12,-8.55981,1,8,0,0,0,0,0,0,3.328,0,111.2
699,46275.440,14.7188,14.4703,14.3156,30,-14.0625,-.78125,1466.5,0,0,91.4,14.57,1.82,0,12.9412,0,14.2196,8.12,-8.55981,1,8,0,0,0,0,0,0,3.328,0,111.2
700,46275.480,14.6782,14.4703,14.3156,30,-14.0625,-.78125,1471.5,0,0,91.4,14.39,1.82,0,12.9412,0,14.2196,8.12,-8.55981,1,8,0,0,0,0,0,0,3.328,0,111.2
701,46275.520,14.6356,14.4703,14.3224,30,-14.0625,-.78125,1465.75,0,.5,91.4,14.4,1.8,0,12.9412,0,14.2196,8.12,-8.55981,1,8,0,0,0,0,0,0,3.328,0,111.2
702,46275.560,14.6356,14.4703,14.3224,30,-14.0625,-.78125,1470.75,0,.5,91.4,14.22,1.8,0,12.9412,0,14.2196,8.12,-8.55981,1,8,0,0,0,0,0,0,3.328,0,111.2
703,46275.600,14.6356,14.4703,14.3224,30,-14.0625,-.78125,1468.25,0,1,91.4,14.4,1.82,0,12.9412,0,14.2196,8.12,-8.55981,1,8,0,0,0,0,0,0,3.328,0,111.2
704,46275.640,14.6782,14.4703,14.3224,30,-14.8438,-.78125,1468.25,0,1,91.4,14.22,1.82,0,12.9412,0,14.2196,8.12,-8.55981,1,8,0,0,0,0,0,0,3.328,0,111.2
705,46275.680,14.508,14.4703,14.3292,30,-14.8438,-.78125,1462.5,0,2,91.4,14.4,1.8,0,12.9412,0,14.2196,8.12,-8.55981,1,8,0,0,0,0,0,0,3.328,0,111.2
706,46275.720,14.508,14.4703,14.3292,30,-14.8438,-.78125,1459.5,0,2,91.4,14.39,1.82,0,12.9412,0,14.2196,8.12,-8.55981,1,8,0,0,0,0,0,0,3.328,0,111.2
707,46275.760,14.6356,14.4703,14.3292,30,-14.8438,-.78125,1472.5,0,1,91.4,14.48,1.82,0,12.9412,0,14.2196,8.12,-8.55981,1,8,0,0,0,0,0,0,3.328,0,111.2
708,46275.800,14.6356,14.4703,14.3292,30,-14.8438,-.78125,1473,0,1,91.4,14.57,1.82,0,12.9412,0,14.2196,8.12,-8.55981,1,8,0,0,0,0,0,0,3.328,0,111.2
709,46275.840,14.6782,14.4703,14.3292,30,-14.8438,-.78125,1462.5,0,2,91.4,14.48,1.8,0,12.549,0,14.2196,7.975,-8.55981,1,8,0,0,0,0,0,0,3.328,0,111.2
710,46275.880,14.7613,14.4703,14.3292,30,-14.8438,-.78125,1470.25,0,1.5,91.4,13.96,1.82,0,12.549,0,14.2196,7.975,-8.55981,1,8,0,0,0,0,0,0,3.328,0,111.2
711,46275.920,14.6782,14.4703,14.3292,30,-14.8438,-.78125,1466.25,0,2,91.4,14.4,1.82,0,12.549,0,14.2196,7.975,-8.55981,1,8,0,0,0,0,0,0,3.328,0,111.2
712,46275.960,14.7613,14.4703,14.3292,30,-14.8438,-.78125,1458,0,3,91.4,14.22,1.8,0,12.549,0,14.2196,7.975,-8.55981,1,8,0,0,0,0,0,0,3.328,0,111.2
713,46276.000,14.6782,14.4703,14.3292,30,-14.8438,-.78125,1465,0,2.5,91.4,14.05,1.8,0,12.9412,0,14.2196,7.975,-8.55981,1,8,0,0,0,0,0,0,3.328,0,111.2
714,46276.040,14.6356,14.4703,14.336,30,-14.8438,-.78125,1468.5,0,2,91.4,14.22,1.8,0,12.9412,0,14.2196,7.975,-8.55981,1,8,0,0,0,0,0,0,3.328,0,111.2
715,46276.080,14.5931,14.4703,14.336,30,-14.8438,-.78125,1468.25,0,2.5,91.4,14.31,1.82,0,12.549,0,14.2196,7.975,-8.55981,1,8,0,0,0,0,0,0,3.328,0,111.2
716,46276.120,14.6356,14.4703,14.336,30,-14.8438,-.78125,1486.25,0,1,91.4,14.4,1.8,0,12.549,0,14.2196,7.975,-8.55981,1,8,0,0,0,0,0,0,3.328,0,111.2
717,46276.160,14.7613,14.4703,14.336,30,-14.8438,-.78125,1497,0,0,91.4,13.96,1.8,0,12.9412,0,14.2196,7.975,-8.55981,1,8,0,0,0,0,0,0,3.328,0,111.2
718,46276.200,14.6782,14.5852,14.336,30,-14.8438,-.78125,1506.5,0,-.5,91.4,14.4,1.82,0,12.549,0,14.2196,7.975,-8.55981,1,8,0,0,0,0,0,0,3.328,0,111.2
719,46276.240,14.8464,14.5852,14.3497,31,-14.8438,-.78125,1473.5,0,3,91.4,14.31,1.82,0,12.549,0,14.2196,7.975,-8.55981,1,8,0,0,0,0,0,0,3.328,0,111.2
720,46276.280,15.268,14.5852,14.3497,31,-14.8438,-.78125,1464.75,0,3.5,91.4,14.4,1.82,0,12.549,0,14.2196,7.975,-8.55981,1,8,0,0,0,0,0,0,3.328,0,111.2
721,46276.320,15.2255,14.5852,14.3428,31,-14.8438,-.78125,1460.25,0,4,91.4,14.31,1.82,0,12.549,0,14.2196,7.975,-8.55981,1,8,0,0,0,0,0,0,3.328,0,111.2
722,46276.360,15.268,14.5852,14.3428,31,-14.8438,-.78125,1477.5,0,2.5,91.4,14.48,1.82,0,12.549,0,14.2196,7.975,-8.55981,1,8,0,0,0,0,0,0,3.328,0,111.2
723,46276.400,15.268,14.5852,14.3428,31,-14.8438,-.78125,1467.75,0,3.5,91.4,14.57,1.82,0,12.549,0,14.2196,7.975,-8.55981,1,8,0,0,0,0,0,0,3.328,0,111.2
724,46276.440,15.268,14.5852,14.3428,31,-14.8438,-.78125,1480.75,0,2.5,91.4,14.4,1.82,0,12.549,0,14.2196,7.975,-8.55981,1,8,0,0,0,0,0,0,3.328,0,111.2
725,46276.480,15.268,14.5852,14.3428,31,-14.8438,-.78125,1480.5,0,2.5,91.4,14.4,1.8,0,12.549,0,14.2196,7.975,-8.55981,1,8,0,0,0,0,0,0,3.328,0,111.2
726,46276.520,15.3512,14.5852,14.3428,31,-14.8438,-.78125,1466,0,4,91.4,13.96,1.82,0,12.549,0,14.2196,7.975,-8.55981,1,8,0,0,0,0,0,0,3.328,0,111.2
727,46276.560,15.3512,14.5852,14.3428,31,-14.8438,-.78125,1473.25,0,3.5,91.4,14.48,1.82,0,12.549,0,14.2196,7.975,-8.55981,1,8,0,0,0,0,0,0,3.328,0,111.2
728,46276.600,15.3086,14.5852,14.3428,31,-14.8438,-.78125,1481.75,0,3,91.4,14.22,1.82,0,12.549,0,14.2196,7.975,-8.55981,1,8,0,0,0,0,0,0,3.328,0,111.2
729,46276.640,15.4363,14.5852,14.3428,31,-14.8438,-.78125,1478.5,0,3.5,91.4,14.13,1.82,0,12.549,0,14.2196,7.975,-8.55981,1,8,0,0,0,0,0,0,3.328,0,111.2
730,46276.680,15.3937,14.5852,14.3497,31,-14.8438,-.78125,1473.5,0,4,91.4,14.31,1.82,0,12.549,0,14.2196,7.975,-8.55981,1,8,0,0,0,0,0,0,3.328,0,111.2
731,46276.720,15.3086,14.5852,14.3497,31,-14.8438,-.78125,1473.75,0,4,91.4,14.31,1.82,0,12.549,0,14.2196,7.975,-8.55981,1,8,0,0,0,0,0,0,3.328,0,111.2
732,46276.760,15.3937,14.5852,14.3497,31,-14.8438,-.78125,1477.5,0,3.5,91.4,14.22,1.8,0,12.549,0,14.2196,7.975,-8.55981,1,8,0,0,0,0,0,0,3.328,0,111.2
733,46276.800,15.3512,14.5852,14.3497,31,-14.8438,-.78125,1478.5,0,3.5,91.4,14.22,1.8,0,12.549,0,14.2196,7.975,-8.55981,1,8,0,0,0,0,0,0,3.328,0,111.2
734,46276.840,15.268,14.5852,14.3497,31,-14.8438,-.78125,1491.25,0,2.5,91.4,14.22,1.8,0,12.549,0,14.2196,7.975,-8.55981,1,8,0,0,0,0,0,0,3.328,0,111.2
735,46276.880,15.3937,14.5852,14.3497,31,-14.8438,-.78125,1490.75,0,3,91.4,14.13,1.8,0,12.549,0,14.2196,7.83,-8.55981,1,8,0,0,0,0,0,0,3.328,0,111.2
736,46276.920,15.3512,14.5852,14.3497,31,-14.8438,-.78125,1500,0,2,91.4,14.13,1.8,0,12.549,0,14.2196,7.83,-8.55981,1,8,0,0,0,0,0,0,3.328,0,111.2
737,46276.960,15.3512,14.5852,14.3565,31,-14.8438,-.78125,1497.5,0,2.5,91.4,14.22,1.8,0,12.549,0,14.2196,7.83,-8.55981,1,8,0,0,0,0,0,0,3.328,0,111.2
738,46277.000,15.4363,14.5852,14.3634,31,-14.8438,-.78125,1496,0,3,91.4,13.78,1.8,0,12.549,0,14.2196,7.83,-8.55981,1,8,0,0,0,0,0,0,3.328,0,111.2
739,46277.040,15.3512,14.4703,14.3634,31,-14.8438,-.78125,1492.25,0,3.5,91.4,14.31,1.8,0,12.549,0,14.2196,7.83,-8.55981,1,8,0,0,0,0,0,0,3.328,0,111.2
740,46277.080,15.0572,14.4703,14.3634,31,-14.8438,-.78125,1482.25,0,4.5,91.4,14.31,1.8,0,12.549,0,14.2196,7.83,-8.55981,1,8,0,0,0,0,0,0,3.328,0,111.2
741,46277.120,15.268,14.4703,14.3634,31,-14.8438,-.78125,1499.5,0,3,91.4,14.13,1.8,0,12.549,0,14.2196,7.83,-8.55981,1,8,0,0,0,0,0,0,3.328,0,111.2
742,46277.160,15.3512,14.4703,14.3634,31,-14.8438,-.78125,1504.75,0,3,91.4,13.78,1.8,0,12.549,0,14.2196,7.83,-8.55981,1,8,0,0,0,0,0,0,3.328,0,111.2
743,46277.200,15.2255,14.4703,14.3702,31,-14.8438,-.78125,1499.75,0,3.5,91.4,13.96,1.82,0,12.549,0,14.2196,7.83,-8.55981,1,8,0,0,0,0,0,0,3.328,0,111.2
744,46277.240,15.3086,14.4703,14.3702,31,-14.8438,-.78125,1500.5,0,3.5,91.4,14.05,1.8,0,12.549,0,14.2196,7.83,-8.55981,1,8,0,0,0,0,0,0,3.328,0,111.2
745,46277.280,15.3086,14.4703,14.3702,31,-14.8438,-.78125,1485.25,0,5,91.4,14.05,1.82,0,12.549,0,14.2196,7.83,-8.55981,1,8,0,0,0,0,0,0,3.328,0,111.2
746,46277.320,15.268,14.4703,14.3771,31,-14.8438,-.78125,1503,0,3.5,91.4,14.05,1.8,0,12.549,0,14.2196,7.83,-8.55981,1,8,0,0,0,0,0,0,3.328,0,111.2
747,46277.360,14.6356,14.4703,14.3771,31,-14.8438,-.78125,1502,0,3.5,91.4,13.96,1.8,0,12.549,0,14.2196,7.83,-8.55981,1,8,0,0,0,0,0,0,3.328,0,111.2
748,46277.400,14.7613,14.4703,14.3771,31,-14.8438,-.78125,1485.5,0,5,91.4,13.96,1.8,0,12.549,0,14.2196,7.83,-8.55981,1,8,0,0,0,0,0,0,3.328,0,111.2
749,46277.440,14.8039,14.4703,14.3771,31,-14.8438,-.78125,1490.25,0,5,91.4,13.87,1.8,0,12.549,0,14.2196,7.83,-8.55981,1,8,0,0,0,0,0,0,3.328,0,111.2
750,46277.480,14.7613,14.4703,14.3771,31,-14.8438,-.78125,1488.5,0,5,91.4,14.05,1.8,0,12.549,0,14.2196,7.83,-8.55981,1,8,0,0,0,0,0,0,3.328,0,111.2
751,46277.520,14.7188,14.4703,14.3771,31,-14.8438,-.78125,1494,0,4.5,91.4,14.13,1.8,0,12.549,0,14.2196,7.83,-8.55981,1,8,0,0,0,0,0,0,3.328,0,111.2
752,46277.560,14.7188,14.5852,14.3771,31,-14.8438,-.78125,1503.5,0,4,91.4,14.05,1.8,0,12.549,0,14.2196,7.83,-8.55981,1,8,0,0,0,0,0,0,3.328,0,111.2
753,46277.600,14.6356,14.5852,14.3771,31,-14.8438,-.78125,1504.5,0,4,91.4,13.69,1.78,0,12.549,0,14.2196,7.83,-8.55981,1,8,0,0,0,0,0,0,3.328,0,111.2
754,46277.640,14.6356,14.5852,14.3839,31,-14.8438,-.78125,1504.5,0,4,91.4,13.87,1.8,0,12.549,0,14.2196,7.685,-8.55993,1,8,0,0,0,0,0,0,3.328,0,111.2
755,46277.680,14.8039,14.5852,14.3839,31,-14.8438,-.78125,1510.5,0,4,91.4,13.96,1.8,0,12.549,0,14.2196,7.685,-8.55993,1,8,0,0,0,0,0,0,3.328,0,111.2
756,46277.720,14.7188,14.5852,14.3839,31,-14.8438,-.78125,1520.25,0,3,91.4,14.05,1.8,0,12.549,0,14.2196,7.685,-8.55981,1,8,0,0,0,0,0,0,3.328,0,111.2
757,46277.760,14.8039,14.5852,14.3908,31,-14.8438,-.78125,1519.75,0,3.5,91.4,13.78,1.8,0,12.549,0,14.2196,7.685,-8.55981,1,8,0,0,0,0,0,0,3.072,0,111.2
758,46277.800,14.7613,14.5852,14.3908,31,-14.8438,-.78125,1519.5,0,3.5,91.4,13.69,1.8,0,12.549,0,14.2196,7.685,-8.55981,1,8,0,0,0,0,0,0,3.072,0,111.2
759,46277.840,14.6356,14.5852,14.3908,31,-14.8438,-.78125,1511.25,0,4.5,91.4,13.42,1.8,0,12.549,0,14.2196,7.685,-8.55981,1,8,0,0,0,0,0,0,3.072,0,111.2
760,46277.880,14.5931,14.5852,14.3908,31,-14.8438,-.78125,1508,0,5,91.4,13.69,1.8,0,12.549,0,14.2196,7.685,-8.55981,1,8,0,0,0,0,0,0,3.072,0,111.2
761,46277.920,14.6782,14.5852,14.4046,31,-14.8438,-.78125,1511.75,0,4.5,91.4,13.78,1.8,0,12.549,0,14.2196,7.685,-8.55981,1,8,0,0,0,0,0,0,3.072,0,111.2
762,46277.960,14.7613,14.5852,14.4046,31,-14.8438,-.78125,1499.25,0,6,91.4,13.87,1.8,0,12.549,0,14.2196,7.685,-8.55981,1,8,0,0,0,0,0,0,3.072,0,111.2
763,46278.000,14.5931,14.5852,14.4046,31,-14.8438,-.78125,1476.5,0,7.5,91.4,13.6,1.78,0,12.549,0,14.2196,7.685,-8.55981,1,8,0,0,0,0,0,0,3.072,0,111.2
764,46278.040,14.7188,14.5852,14.3977,31,-14.8438,-.78125,1484.5,0,7,91.4,13.6,1.8,0,12.549,0,14.2196,7.685,-8.55993,1,8,0,0,0,0,0,0,3.072,0,113
765,46278.080,14.7613,14.7,14.4046,31,-14.8438,-.78125,1481.75,0,7,91.4,13.51,1.8,0,12.549,0,14.2196,7.685,-8.56005,1,8,0,0,0,0,0,0,3.072,0,113
766,46278.120,14.7613,14.7,14.4046,31,-14.8438,-.78125,1467.75,0,8.5,91.4,13.96,1.8,0,12.549,0,14.2196,7.685,-8.56005,1,8,0,0,0,0,0,0,3.072,0,113
767,46278.160,14.8464,14.8148,14.3977,31,-14.8438,-.78125,1468.75,0,8,91.4,13.87,1.8,0,12.549,0,14.2196,7.685,-8.56011,1,8,0,0,0,0,0,0,3.072,0,113
768,46278.200,15.0978,14.9297,14.3977,31,-14.8438,-.78125,1478.75,0,7,91.4,13.78,1.78,0,12.549,0,14.2196,7.685,-8.56011,1,8,0,0,0,0,0,0,3.072,0,113
769,46278.240,15.2255,15.0445,14.3908,31,-14.8438,-.78125,1460.5,0,8.5,91.4,13.87,1.8,0,12.549,0,14.2196,7.685,-8.56023,1,8,0,0,0,0,0,0,3.072,0,113
770,46278.280,15.4769,15.1594,14.3908,31,-14.8438,-.78125,1452.75,0,9,91.4,13.96,1.8,0,12.549,0,14.2196,7.685,-8.56029,1,8,0,0,0,0,0,0,3.072,0,113
771,46278.320,15.6471,15.2742,14.3908,31,-14.8438,-.78125,1460.5,0,8,91.4,13.78,1.8,0,12.549,0,14.2196,7.685,-8.56029,1,8,0,0,0,0,0,0,3.328,0,113
772,46278.360,15.6471,15.2742,14.3839,31,-14.8438,-.78125,1463,0,8,91.4,13.33,1.78,0,12.549,0,14.2196,7.685,-8.56041,1,8,0,0,0,0,0,0,3.072,0,113
773,46278.400,15.8153,15.3891,14.3908,31,-14.8438,-.78125,1450,0,9,91.4,13.6,1.8,0,12.549,0,14.2196,7.685,-8.56046,1,8,0,0,0,0,0,0,3.072,0,113
774,46278.440,15.9836,15.3891,14.3908,31,-14.0625,-.78125,1450.25,0,8.5,91.4,13.78,1.8,0,12.549,0,14.2196,7.685,-8.56046,1,8,0,0,0,0,0,0,3.328,0,113
775,46278.480,16.0668,15.3891,14.3839,31,-14.0625,-.78125,1458.75,0,8,91.4,13.87,1.8,0,12.549,0,14.2196,7.685,-8.56052,1,8,0,0,0,0,0,0,3.328,0,113
776,46278.520,16.0262,15.5039,14.3839,31,-14.0625,-.78125,1477.25,0,6,91.4,13.87,1.8,0,12.549,0,14.2196,7.685,-8.56052,1,8,0,0,0,0,0,0,3.328,0,113
777,46278.560,16.1944,15.5039,14.3839,31,-14.0625,-.78125,1483.25,0,5.5,91.4,13.78,1.8,0,12.549,0,14.2196,7.685,-8.56057,1,8,0,0,0,0,0,0,3.328,0,113
778,46278.600,16.0262,15.5039,14.3839,31,-14.0625,-.78125,1476.25,0,6.5,91.4,13.87,1.8,0,12.549,0,14.2196,7.685,-8.56057,1,8,0,0,0,0,0,0,3.328,0,113
779,46278.640,15.9411,15.5039,14.3839,31,-13.2813,-.78125,1449.75,0,8.5,91.4,13.51,1.8,0,12.549,0,14.2196,7.685,-8.56057,1,8,0,0,0,0,0,0,3.328,0,113
780,46278.680,16.0262,15.5039,14.3839,31,-13.2813,-.78125,1433.25,0,10,91.4,13.78,1.8,0,12.1569,0,14.2196,7.685,-8.56068,1,8,0,0,0,0,0,0,3.328,0,113
781,46278.720,16.0262,15.5039,14.3839,31,-13.2813,-.78125,1446.5,0,8.5,91.4,13.78,1.8,0,12.1569,0,14.2196,7.685,-8.56068,1,8,0,0,0,0,0,0,3.328,0,113
782,46278.760,15.9836,15.5039,14.3839,31,-13.2813,-.78125,1462.75,0,7,91.4,13.78,1.8,0,12.1569,0,14.2196,7.685,-8.56068,1,8,0,0,0,0,0,0,3.328,0,113
783,46278.800,16.1093,15.5039,14.3771,31,-12.5,-.78125,1473.25,0,6,91.4,13.78,1.8,0,12.1569,0,14.2196,7.685,-8.56067,1,8,0,0,0,0,0,0,3.328,0,113
784,46278.840,15.9836,15.3891,14.3771,31,-12.5,-.78125,1473.25,0,6,91.4,13.69,1.8,0,12.1569,0,14.2196,7.685,-8.56067,1,8,0,0,0,0,0,0,3.328,0,113
785,46278.880,15.856,15.3891,14.3771,31,-12.5,-.78125,1481.75,0,5.5,91.4,13.6,1.8,0,12.1569,0,14.2196,7.685,-8.56072,1,8,0,0,0,0,0,0,3.328,0,113
786,46278.920,15.856,15.3891,14.3839,31,-12.5,-.78125,1471.75,0,6.5,91.4,13.87,1.78,0,12.1569,0,14.2196,7.685,-8.56084,1,8,0,0,0,0,0,0,3.328,0,113
787,46278.960,15.8985,15.3891,14.3839,31,-11.7188,-.78125,1456.5,0,7.5,91.4,13.25,1.8,0,12.1569,0,14.2196,7.685,-8.56084,1,8,0,0,0,0,0,0,3.328,0,113
788,46279.000,15.8985,15.3891,14.3839,31,-11.7188,-.78125,1445.5,0,8.5,91.4,13.25,1.78,0,12.1569,0,14.2196,7.685,-8.56096,1,8,0,0,0,0,0,0,3.328,0,113
789,46279.040,15.6877,15.3891,14.3839,31,-11.7188,-.78125,1465.75,0,6.5,91.4,13.42,1.78,0,12.1569,0,14.2196,7.685,-8.56107,1,8,0,0,0,0,0,0,3.328,0,113
790,46279.080,15.6471,15.2742,14.3839,31,-11.7188,-.78125,1466,0,6.5,91.4,13.6,1.78,0,12.1569,0,14.2196,7.685,-8.56107,1,8,0,0,0,0,0,0,3.328,0,113
791,46279.120,15.6045,15.2742,14.3908,31,-11.7188,-.78125,1471,0,6,91.4,13.07,1.76,0,12.1569,0,14.2196,7.685,-8.56118,1,8,0,0,0,0,0,0,3.328,0,113
792,46279.160,15.562,15.2742,14.3908,31,-10.9375,-.78125,1468.5,0,6.5,91.4,13.25,1.8,0,12.1569,0,14.2196,7.685,-8.56118,1,8,0,0,0,0,0,0,3.328,0,113
793,46279.200,15.8153,15.2742,14.3977,31,-10.9375,-.78125,1467,0,6.5,91.4,13.51,1.78,0,12.1569,0,14.2196,7.685,-8.56129,1,8,0,0,0,0,0,0,3.328,0,113
794,46279.240,16.3627,15.2742,14.3977,31,-10.9375,-.78125,1459.75,0,7,91.4,13.33,1.8,0,12.1569,0,14.2196,7.685,-8.56141,1,8,0,0,0,0,0,0,3.328,0,113
795,46279.280,16.3201,15.2742,14.3977,31,-10.9375,-.78125,1457.25,0,7.5,91.4,13.6,1.8,0,12.1569,0,14.2196,7.685,-8.56141,1,8,0,0,0,0,0,0,3.328,0,113
796,46279.320,16.2776,15.2742,14.3977,31,-10.9375,-.78125,1460.5,0,7,91.4,13.6,1.78,0,12.1569,0,14.2196,7.685,-8.56152,1,8,0,0,0,0,0,0,3.328,0,113
797,46279.360,16.237,15.1594,14.3908,31,-10.1563,-.78125,1471,0,6,91.4,13.25,1.78,0,12.1569,0,14.2196,7.685,-8.56163,1,8,0,0,0,0,0,0,3.328,0,113
798,46279.400,16.1519,15.1594,14.3908,31,-10.1563,-.78125,1472,0,6,91.4,13.33,1.78,0,12.1569,0,14.2196,7.685,-8.56163,1,8,0,0,0,0,0,0,3.328,0,113
799,46279.440,16.1944,15.1594,14.3977,31,-10.1563,-.78125,1458.75,0,7,91.4,12.98,1.78,0,12.1569,0,14.2196,7.685,-8.56167,1,8,0,0,0,0,0,0,3.328,0,113
800,46279.480,16.1944,15.1594,14.3977,31,-10.1563,-.78125,1463.75,0,7,91.4,13.33,1.78,0,12.1569,0,14.2196,7.685,-8.56167,1,8,0,0,0,0,0,0,3.328,0,113
801,46279.520,16.1944,15.1594,14.4046,31,-10.1563,-.78125,1481.25,0,5.5,91.4,13.25,1.78,0,12.1569,0,14.2196,7.685,-8.56172,1,8,0,0,0,0,0,0,3.328,0,113
802,46279.560,16.1519,15.1594,14.4046,31,-9.375,-.78125,1482,0,5.5,91.4,13.16,1.78,0,12.1569,0,14.2196,7.685,-8.5617,1,8,0,0,0,0,0,0,3.328,0,113
803,46279.600,16.237,15.1594,14.4046,31,-9.375,-.78125,1479.25,0,6,91.4,13.25,1.78,0,12.1569,0,14.2196,7.685,-8.5617,1,8,0,0,0,0,0,0,3.328,0,113
804,46279.640,16.1519,15.1594,14.4115,31,-9.375,-.78125,1464.75,0,7,91.4,13.33,1.78,0,12.1569,0,14.2196,7.685,-8.56175,1,8,0,0,0,0,0,0,3.328,0,113
805,46279.680,16.1093,15.1594,14.4115,31,-9.375,-.78125,1472.25,0,6.5,91.4,13.33,1.78,0,12.1569,0,14.2196,7.685,-8.56179,1,8,0,0,0,0,0,0,3.328,0,113
806,46279.720,16.1093,15.0445,14.4115,31,-9.375,-.78125,1451.25,0,8,91.4,13.07,1.78,0,12.1569,0,14.2196,7.685,-8.56179,1,8,0,0,0,0,0,0,3.328,0,113
807,46279.760,16.0668,15.0445,14.4115,31,-9.375,-.78125,1457.75,0,7.5,91.4,12.89,1.78,0,12.1569,0,14.2196,7.685,-8.5619,1,8,0,0,0,0,0,0,3.328,0,113
808,46279.800,16.0668,15.0445,14.4115,31,-9.375,-.78125,1461.75,0,7.5,91.4,12.89,1.78,0,12.1569,0,14.2196,7.685,-8.5619,1,8,0,0,0,0,0,0,3.328,0,113
809,46279.840,15.9836,15.0445,14.4184,31,-8.59375,-.78125,1466.75,0,7,91.4,13.07,1.78,0,12.1569,0,14.2196,7.685,-8.56201,1,8,0,0,0,0,0,0,3.328,0,113
810,46279.880,16.0262,15.0445,14.4184,31,-8.59375,-.78125,1460.5,0,7.5,91.4,13.07,1.78,0,12.1569,0,14.2196,7.685,-8.56205,1,8,0,0,0,0,0,0,3.328,0,113
811,46279.920,15.856,15.0445,14.4184,31,-8.59375,-.78125,1460.75,0,7.5,91.4,13.07,1.78,0,12.1569,0,14.2196,7.685,-8.56205,1,8,0,0,0,0,0,0,3.328,0,113
812,46279.960,15.8153,15.0445,14.4253,31,-8.59375,-.78125,1467.25,0,7,91.4,12.98,1.78,0,12.1569,0,14.2196,7.54,-8.56216,1,8,0,0,0,0,0,0,3.328,0,113
813,46280.000,15.8985,15.0445,14.4253,31,-8.59375,-.78125,1467,0,7,91.4,12.89,1.78,0,12.1569,0,14.2196,7.54,-8.56214,1,8,0,0,0,0,0,0,3.328,0,113
814,46280.040,15.8985,15.1594,14.4253,31,-8.59375,-.78125,1464,0,7.5,91.4,12.89,1.78,0,12.1569,0,14.2196,7.54,-8.56214,1,8,0,0,0,0,0,0,3.328,0,113
815,46280.080,16.0668,15.1594,14.4253,31,-8.59375,-.78125,1463.5,0,7.5,91.4,12.71,1.78,0,12.1569,0,14.2196,7.54,-8.56224,1,8,0,0,0,0,0,0,3.328,0,113
816,46280.120,16.1093,15.1594,14.4253,31,-7.8125,-.78125,1465,0,7.5,91.4,12.89,1.78,0,11.7647,0,14.2196,7.54,-8.56224,1,8,0,0,0,0,0,0,3.328,0,113
817,46280.160,16.0668,15.0445,14.4322,31,-7.8125,-.78125,1459.5,0,8,91.4,12.98,1.78,0,11.7647,0,14.2196,7.54,-8.56228,1,8,0,0,0,0,0,0,3.328,0,113
818,46280.200,15.9411,15.0445,14.4322,31,-7.8125,-.78125,1449.25,0,9,91.4,12.98,1.78,0,11.7647,0,14.2196,7.54,-8.56239,1,8,0,0,0,0,0,0,3.328,0,113
819,46280.240,16.1093,15.0445,14.4322,31,-7.8125,-.78125,1457.75,0,8,91.4,12.71,1.78,0,11.7647,0,14.2196,7.54,-8.56239,1,8,0,0,0,0,0,0,3.328,0,113
820,46280.280,16.0262,15.0445,14.4322,31,-7.8125,-.78125,1454.25,0,8.5,91.4,12.62,1.78,0,11.7647,0,14.2196,7.54,-8.56243,1,8,0,0,0,0,0,0,3.328,0,113
821,46280.320,15.9836,15.0445,14.4322,31,-7.8125,-.78125,1459.25,0,8,91.4,12.8,1.78,0,11.7647,0,14.2196,7.54,-8.56253,1,8,0,0,0,0,0,0,3.328,0,113
822,46280.360,16.0262,15.0445,14.4322,31,-7.8125,-.78125,1457.25,0,8,91.4,12.89,1.78,0,11.7647,0,14.2196,7.54,-8.56253,1,8,0,0,0,0,0,0,3.328,0,113
823,46280.400,15.8985,15.0445,14.4391,31,-7.03125,-.78125,1478.75,0,6.5,93.2,12.98,1.78,0,11.7647,0,14.2196,7.54,-8.56263,1,8,0,0,0,0,0,0,3.328,0,113
824,46280.440,15.9411,15.0445,14.4391,31,-7.03125,-.78125,1479.75,0,6.5,93.2,12.71,1.76,0,11.7647,0,14.2196,7.54,-8.56263,1,8,0,0,0,0,0,0,3.328,0,113
825,46280.480,15.9836,15.0445,14.4391,31,-7.03125,-.78125,1481.5,0,6.5,93.2,12.71,1.78,0,11.7647,0,14.2196,7.54,-8.56267,1,8,0,0,0,0,0,0,3.328,0,113
826,46280.520,16.0668,15.0445,14.4461,31,-7.03125,-.78125,1469.25,0,6.5,93.2,12.89,1.76,0,11.7647,0,14.2196,7.54,-8.56271,1,8,0,0,0,0,0,0,3.328,0,113
827,46280.560,15.9411,15.0445,14.4461,31,-7.03125,-.78125,1476.5,0,7,93.2,12.8,1.76,0,11.7647,0,14.2196,7.54,-8.56271,1,8,0,0,0,0,0,0,3.328,0,113
828,46280.600,15.8985,15.0445,14.4461,31,-7.03125,-.78125,1469,0,8,93.2,12.89,1.78,0,11.7647,0,14.2196,7.54,-8.56275,1,8,0,0,0,0,0,0,3.328,0,113
829,46280.640,16.0262,15.0445,14.4461,31,-7.03125,-.78125,1472.25,0,7.5,93.2,12.8,1.76,0,11.7647,0,14.2196,7.54,-8.56278,1,8,0,0,0,0,0,0,3.328,0,113
830,46280.680,15.856,15.0445,14.4461,31,-7.03125,-.78125,1475,0,7.5,93.2,12.8,1.76,0,11.7647,0,14.2196,7.54,-8.56278,1,8,0,0,0,0,0,0,3.328,0,113
831,46280.720,15.856,15.0445,14.4461,31,-6.25,-.78125,1474.75,0,7.5,93.2,12.62,1.76,0,11.7647,0,14.2196,7.54,-8.56282,1,8,0,0,0,0,0,0,3.328,0,113
832,46280.760,15.9411,15.0445,14.4461,31,-6.25,-.78125,1484.25,0,6.5,93.2,12.53,1.76,0,11.7647,0,14.2196,7.54,-8.56282,1,8,0,0,0,0,0,0,3.328,0,113
833,46280.800,15.2255,15.0445,14.4461,31,-6.25,-.78125,1486.5,0,6.5,93.2,12.62,1.76,0,11.7647,0,14.2196,7.54,-8.56292,1,8,0,0,0,0,0,0,3.328,0,113
834,46280.840,15.2255,15.0445,14.4599,31,-6.25,-.78125,1480.25,0,7.5,93.2,12.36,1.76,0,11.7647,0,14.2196,7.54,-8.56289,1,8,0,0,0,0,0,0,3.328,0,113
835,46280.880,15.3086,15.0445,14.4599,31,-6.25,-.78125,1470,0,8,93.2,12.71,1.76,0,11.7647,0,14.2196,7.54,-8.56289,1,8,0,0,0,0,0,0,3.328,0,113
836,46280.920,15.2255,14.9297,14.4599,31,-6.25,-.78125,1481.5,0,7,93.2,12.62,1.76,0,11.7647,0,14.2196,7.54,-8.56299,1,8,0,0,0,0,0,0,3.328,0,113
837,46280.960,15.2255,14.9297,14.4599,31,-6.25,-.78125,1495.75,0,6,93.2,12.62,1.78,0,11.7647,0,14.2196,7.395,-8.56303,1,8,0,0,0,0,0,0,3.328,0,113
838,46281.000,15.1829,14.9297,14.4599,31,-6.25,-.78125,1497.75,0,6,93.2,12.71,1.76,0,11.7647,0,14.2196,7.395,-8.56303,1,8,0,0,0,0,0,0,3.328,0,113
839,46281.040,15.0978,14.9297,14.4599,31,-5.46875,-.78125,1480,0,7.5,93.2,12.8,1.76,0,11.7647,0,14.2196,7.395,-8.563,1,8,0,0,0,0,0,0,3.328,0,113
840,46281.080,15.0572,14.9297,14.4599,31,-5.46875,-.78125,1490.75,0,7,93.2,12.53,1.76,0,11.7647,0,14.2196,7.395,-8.563,1,8,0,0,0,0,0,0,3.328,0,113
841,46281.120,15.1829,14.9297,14.4599,31,-5.46875,-.78125,1493.75,0,7,93.2,12.36,1.76,0,11.7647,0,14.2196,7.395,-8.5631,1,8,0,0,0,0,0,0,3.328,0,113
842,46281.160,15.1404,14.9297,14.4669,31,-5.46875,-.78125,1490.25,0,7,93.2,12.53,1.76,0,11.7647,0,14.2196,7.395,-8.5632,1,8,0,0,0,0,0,0,3.328,0,113
843,46281.200,15.0978,14.9297,14.4669,31,-5.46875,-.78125,1482.75,0,8,93.2,12.53,1.76,0,11.7647,0,14.2196,7.395,-8.5632,1,8,0,0,0,0,0,0,3.328,0,113
844,46281.240,15.0978,14.9297,14.4669,31,-5.46875,-.78125,1488.25,0,7.5,93.2,12.45,1.76,0,11.7647,0,14.2196,7.395,-8.56329,1,8,0,0,0,0,0,0,3.328,0,113
845,46281.280,15.6877,14.9297,14.4738,31,-5.46875,-.78125,1474.25,0,8.5,93.2,12.62,1.76,0,11.7647,0,14.2196,7.395,-8.56339,1,8,0,0,0,0,0,0,3.328,0,113
846,46281.320,15.7728,14.9297,14.4738,31,-5.46875,-.78125,1474.5,0,8.5,93.2,12.45,1.76,0,11.7647,0,14.2196,7.395,-8.56339,1,8,0,0,0,0,0,0,3.328,0,113
847,46281.360,15.8153,14.9297,14.4738,31,-5.46875,-.78125,1481.75,0,8,93.2,12.53,1.76,0,11.7647,0,14.2196,7.395,-8.56348,1,8,0,0,0,0,0,0,3.328,0,113
848,46281.400,15.8153,14.9297,14.4738,31,-4.6875,-.78125,1497.5,0,7,93.2,12.53,1.76,0,11.7647,0,14.2196,7.395,-8.56348,1,8,0,0,0,0,0,0,3.328,0,113
849,46281.440,15.7728,14.9297,14.4738,31,-4.6875,-.78125,1496.75,0,7,93.2,12.27,1.76,0,11.7647,0,14.2196,7.395,-8.56358,1,8,0,0,0,0,0,0,3.328,0,113
850,46281.480,15.7303,14.8148,14.4738,31,-4.6875,-.78125,1501.75,0,6.5,93.2,12.45,1.76,0,11.7647,0,14.2196,7.395,-8.56355,1,8,0,0,0,0,0,0,3.328,0,113
851,46281.520,15.7303,14.8148,14.4738,31,-4.6875,-.78125,1508.25,0,6.5,93.2,12.62,1.76,0,11.7647,0,14.2196,7.395,-8.56355,1,8,0,0,0,0,0,0,3.328,0,113
852,46281.560,15.6471,14.8148,14.4808,31,-4.6875,-.78125,1499,0,7.5,93.2,12.09,1.74,0,11.7647,0,14.2196,7.395,-8.56364,1,8,0,0,0,0,0,0,3.328,0,113
853,46281.600,15.6877,14.8148,14.4808,31,-4.6875,-.78125,1491.25,0,8,93.2,12.18,1.76,0,11.7647,0,14.2196,7.395,-8.56361,1,8,0,0,0,0,0,0,3.072,0,113
854,46281.640,15.7303,14.9297,14.4808,31,-4.6875,-.78125,1504.5,0,7,93.2,12.18,1.74,0,11.7647,0,14.2196,7.395,-8.56361,1,8,0,0,0,0,0,0,3.072,0,113
855,46281.680,15.1404,14.8148,14.4878,31,-4.6875,-.78125,1504,0,7.5,93.2,12.27,1.76,0,11.7647,0,14.2196,7.395,-8.56364,1,8,0,0,0,0,0,0,3.072,0,113
856,46281.720,15.0978,14.8148,14.4878,31,-4.6875,-.78125,1518,0,6,93.2,12.36,1.76,0,11.7647,0,14.2196,7.395,-8.56364,1,8,0,0,0,0,0,0,3.072,0,113
857,46281.760,15.0147,14.8148,14.4948,31,-4.6875,-.78125,1501.5,0,8,93.2,11.94,1.74,0,11.7647,0,14.2196,7.25,-8.56373,1,8,0,0,0,0,0,0,3.072,0,113
858,46281.800,14.9721,14.8148,14.4948,31,-4.6875,-.78125,1508,0,7.5,93.2,12.09,1.74,0,11.7647,0,14.2196,7.25,-8.56376,1,8,0,0,0,0,0,0,3.072,0,113
859,46281.840,14.9721,14.8148,14.4948,31,-4.6875,-.78125,1495.5,0,8.5,93.2,12.02,1.74,0,11.7647,0,14.2196,7.25,-8.56376,1,8,0,0,0,0,0,0,3.072,0,113
860,46281.880,15.0572,14.8148,14.5017,31,-4.6875,-.78125,1488.25,0,9,93.2,12.27,1.74,0,11.7647,0,14.2196,7.25,-8.56385,1,8,0,0,0,0,0,0,3.072,0,113
861,46281.920,15.0978,14.8148,14.5017,31,-3.90625,-.78125,1491.5,0,9,93.2,12.09,1.76,0,11.7647,0,14.2196,7.25,-8.56388,1,8,0,0,0,0,0,0,3.072,0,113
862,46281.960,14.9721,14.8148,14.5017,31,-3.90625,-.78125,1501.25,0,8,93.2,12.45,1.76,0,11.7647,0,14.2196,7.25,-8.56388,1,8,0,0,0,0,0,0,3.072,0,113
863,46282.000,15.0978,14.8148,14.5017,31,-3.90625,-.78125,1493.75,0,9,93.2,12.36,1.76,0,11.7647,0,14.2196,7.25,-8.56397,1,8,0,0,0,0,0,0,3.072,0,113
864,46282.040,15.0572,14.8148,14.5017,31,-3.90625,-.78125,1504,0,8,93.2,12.09,1.74,0,11.7647,0,14.2196,7.25,-8.56397,1,8,0,0,0,0,0,0,3.072,0,114.8
865,46282.080,15.0147,14.8148,14.4948,31,-3.90625,-.78125,1513.25,0,7.5,93.2,12.45,1.76,0,11.7647,0,14.2196,7.25,-8.56406,1,8,0,0,0,0,0,0,3.072,0,114.8
866,46282.120,15.0978,14.8148,14.5017,31,-3.90625,-.78125,1508,0,8,93.2,12.36,1.76,0,11.7647,0,14.2196,7.25,-8.56415,1,8,0,0,0,0,0,0,3.072,0,114.8
867,46282.160,15.6471,14.8148,14.5017,31,-3.90625,-.78125,1495,0,9,93.2,12.27,1.76,0,11.7647,0,14.2196,7.25,-8.56415,1,8,0,0,0,0,0,0,3.072,0,114.8
868,46282.200,15.6045,14.8148,14.4948,31,-3.90625,-.78125,1506.75,0,8,93.2,12.18,1.74,0,11.7647,0,14.2196,7.25,-8.56418,1,8,0,0,0,0,0,0,3.072,0,114.8
869,46282.240,15.6045,14.8148,14.5017,31,-3.90625,-.78125,1510.75,0,8,93.2,11.94,1.74,0,11.3725,0,14.2196,7.25,-8.56427,1,8,0,0,0,0,0,0,3.072,0,114.8
870,46282.280,15.6877,14.8148,14.5017,31,-3.90625,-.78125,1517.5,0,7.5,93.2,12.09,1.74,0,11.3725,0,14.2196,7.105,-8.56427,1,8,0,0,0,0,0,0,3.072,0,114.8
871,46282.320,15.562,14.8148,14.5087,31,-3.90625,-.78125,1515.5,0,8,93.2,11.87,1.74,0,11.3725,0,14.2196,7.105,-8.56423,1,8,0,0,0,0,0,0,3.072,0,114.8
872,46282.360,15.6045,14.7,14.5087,31,-3.90625,-.78125,1518.75,0,7.5,93.2,11.9,1.74,0,11.3725,0,14.2196,7.105,-8.56423,1,8,0,0,0,0,0,0,3.072,0,114.8
873,46282.400,15.562,14.7,14.5157,31,-3.90625,-.78125,1513.75,0,8.5,93.2,11.81,1.74,0,11.3725,0,14.2196,7.105,-8.56425,1,8,0,0,0,0,0,0,3.072,0,114.8
874,46282.440,15.6045,14.7,14.5157,31,-3.90625,-.78125,1515.5,0,8.5,93.2,11.87,1.74,0,11.3725,0,14.2196,7.105,-8.56434,1,8,0,0,0,0,0,0,3.072,0,114.8
875,46282.480,15.5194,14.7,14.5157,31,-3.90625,-.78125,1491.75,0,10.5,93.2,12.36,1.76,0,11.3725,0,14.2196,7.105,-8.56434,1,8,0,0,0,0,0,0,3.072,0,114.8
876,46282.520,15.562,14.7,14.5227,31,-3.90625,-.78125,1491,0,10.5,93.2,12.09,1.74,0,11.3725,0,14.2196,7.105,-8.56443,1,8,0,0,0,0,0,0,3.072,0,114.8
877,46282.560,15.5194,14.7,14.5157,31,-3.125,-.78125,1506,0,9,93.2,11.99,1.74,0,11.3725,0,14.2196,7.105,-8.56451,1,8,0,0,0,0,0,0,3.072,0,114.8
878,46282.600,15.4363,14.7,14.5157,31,-3.125,-.78125,1511.5,0,9,93.2,12.02,1.74,0,11.3725,0,14.2196,7.105,-8.56451,1,8,0,0,0,0,0,0,3.072,0,114.8
879,46282.640,15.562,14.7,14.5157,31,-3.125,-.78125,1487.75,0,10.5,93.2,12.09,1.74,0,11.3725,0,14.2196,7.105,-8.5646,1,8,0,0,0,0,0,0,3.072,0,114.8
880,46282.680,15.562,14.7,14.5157,31,-3.125,-.78125,1491.5,0,10.5,93.2,12.18,1.76,0,11.3725,0,14.2196,7.105,-8.5646,1,8,0,0,0,0,0,0,3.072,0,114.8
881,46282.720,15.562,14.7,14.5157,31,-3.125,-.78125,1505.5,0,9,93.2,12.02,1.74,0,11.3725,0,14.2196,7.105,-8.56462,1,8,0,0,0,0,0,0,3.072,0,114.8
882,46282.760,15.562,14.7,14.5157,31,-3.125,-.78125,1509.5,0,9,93.2,11.75,1.74,0,11.3725,0,14.2196,7.105,-8.5647,1,8,0,0,0,0,0,0,3.072,0,114.8
883,46282.800,15.6471,14.7,14.5157,31,-3.125,-.78125,1497.75,0,10,93.2,12.18,1.74,0,11.3725,0,14.2196,7.105,-8.5647,1,8,0,0,0,0,0,0,3.072,0,114.8
884,46282.840,15.562,14.8148,14.5157,31,-3.125,-.78125,1496.25,0,10,93.2,12.09,1.74,0,11.3725,0,14.2196,7.105,-8.56479,1,8,0,0,0,0,0,0,3.072,0,114.8
885,46282.880,14.9721,14.8148,14.5157,31,-3.125,-.78125,1506.5,0,9.5,93.2,11.84,1.74,0,11.3725,0,14.2196,7.105,-8.56487,1,8,0,0,0,0,0,0,3.072,0,114.8
886,46282.920,14.9721,14.8148,14.5157,31,-3.125,-.78125,1524.25,0,8,93.2,11.75,1.72,0,11.3725,0,14.2196,7.105,-8.56487,1,8,0,0,0,0,0,0,3.072,0,114.8
887,46282.960,14.887,14.7,14.5227,31,-3.125,-.78125,1512.5,0,9,93.2,11.78,1.74,0,11.3725,0,14.2196,7.105,-8.56489,1,8,0,0,0,0,0,0,3.072,0,114.8
888,46283.000,14.8464,14.7,14.5227,31,-3.125,-.78125,1518.5,0,8.5,93.2,11.84,1.74,0,11.3725,0,14.2196,7.105,-8.56489,1,8,0,0,0,0,0,0,3.072,0,114.8
889,46283.040,14.9721,14.7,14.5227,31,-3.125,-.78125,1524,0,8.5,93.2,11.94,1.74,0,11.3725,0,14.2196,7.105,-8.56498,1,8,0,0,0,0,0,0,3.072,0,114.8
890,46283.080,14.8039,14.7,14.5297,31,-3.125,-.78125,1530.25,0,8,93.2,11.9,1.74,0,11.3725,0,14.2196,7.105,-8.56506,1,8,0,0,0,0,0,0,3.072,0,114.8
891,46283.120,14.6782,14.7,14.5297,31,-3.125,-.78125,1535,0,7.5,93.2,11.69,1.74,0,11.3725,0,14.2196,6.96,-8.56506,1,8,0,0,0,0,0,0,3.072,0,114.8
892,46283.160,14.8464,14.7,14.5367,31,-3.125,-.78125,1510.5,0,10,93.2,11.81,1.72,0,11.3725,0,14.2196,6.96,-8.56514,1,8,0,0,0,0,0,0,3.072,0,114.8
893,46283.200,14.8464,14.7,14.5367,31,-3.125,-.78125,1495.75,0,11,93.2,11.75,1.72,0,11.3725,0,14.2196,6.96,-8.56509,1,8,0,0,0,0,0,0,3.072,0,114.8
894,46283.240,14.6782,14.7,14.5367,31,-3.125,-.78125,1509.75,0,10,93.2,11.62,1.72,0,11.3725,0,14.2196,6.96,-8.56509,1,8,0,0,0,0,0,0,3.072,0,114.8
895,46283.280,14.8039,14.7,14.5367,31,-3.125,-.78125,1517,0,9.5,93.2,11.62,1.74,0,11.3725,0,14.2196,6.96,-8.56511,1,8,0,0,0,0,0,0,3.072,0,114.8
896,46283.320,14.7613,14.7,14.5367,31,-3.125,-.78125,1505.75,0,10.5,93.2,11.75,1.74,0,11.3725,0,14.2196,7.105,-8.56511,1,8,0,0,0,0,0,0,3.072,0,114.8
897,46283.360,14.8039,14.8148,14.5367,31,-3.125,-.78125,1509,0,10.5,93.2,11.78,1.74,0,11.3725,0,14.2196,7.105,-8.56519,1,8,0,0,0,0,0,0,3.072,0,114.8
898,46283.400,15.1404,14.8148,14.5367,31,-3.125,-.78125,1522.75,0,9,93.2,11.81,1.74,0,11.3725,0,14.2196,7.105,-8.56521,1,8,0,0,0,0,0,0,3.072,0,114.8
899,46283.440,15.1829,14.8148,14.5367,31,-2.34375,-.78125,1521.5,0,9.5,93.2,11.72,1.72,0,11.3725,0,14.2196,7.105,-8.56521,1,8,0,0,0,0,0,0,3.072,0,114.8
900,46283.480,15.1404,14.9297,14.5367,31,-2.34375,-.78125,1514.5,0,10,93.2,11.72,1.72,0,11.3725,0,14.2196,6.96,-8.56523,1,8,0,0,0,0,0,0,3.072,0,114.8
901,46283.520,15.2255,14.9297,14.5367,31,-2.34375,-.78125,1487.5,0,12.5,93.2,11.62,1.72,0,11.3725,0,14.2196,7.105,-8.56531,1,8,0,0,0,0,0,0,3.072,0,114.8
902,46283.560,15.0978,14.9297,14.5367,31,-2.34375,-.78125,1494,0,11.5,93.2,11.72,1.72,0,11.3725,0,14.2196,7.105,-8.56531,1,8,0,0,0,0,0,0,3.072,0,114.8
903,46283.600,14.9721,14.9297,14.5367,31,-2.34375,-.78125,1494,0,11.5,93.2,11.65,1.72,0,11.3725,0,14.2196,7.105,-8.56533,1,8,0,0,0,0,0,0,3.072,0,114.8
904,46283.640,14.9721,14.9297,14.5367,31,-2.34375,-.78125,1513.5,0,10,93.2,11.59,1.72,0,11.3725,0,14.2196,7.105,-8.56533,1,8,0,0,0,0,0,0,3.072,0,114.8
905,46283.680,15.2255,14.9297,14.5367,31,-2.34375,-.78125,1512.75,0,10,93.2,11.69,1.74,0,11.3725,0,14.2196,7.105,-8.56541,1,8,0,0,0,0,0,0,3.072,0,114.8
906,46283.720,15.268,14.9297,14.5367,31,-2.34375,-.78125,1513.75,0,10,93.2,11.72,1.72,0,11.3725,0,14.2196,7.105,-8.56542,1,8,0,0,0,0,0,0,3.072,0,114.8
907,46283.760,15.2255,14.9297,14.5367,31,-2.34375,-.78125,1518.75,0,10,93.2,11.78,1.74,0,11.3725,0,14.2196,7.105,-8.56542,1,8,0,0,0,0,0,0,3.072,0,114.8
908,46283.800,15.268,15.0445,14.5438,31,-2.34375,-.78125,1504.75,0,11,93.2,11.78,1.74,0,10.9804,0,14.2196,7.105,-8.5655,1,8,0,0,0,0,0,0,3.072,0,114.8
909,46283.840,15.3086,15.0445,14.5367,31,-1.5625,-.78125,1494.5,0,11.5,93.2,11.65,1.72,0,10.9804,0,14.2196,7.105,-8.56558,1,8,0,0,0,0,0,0,3.072,0,114.8
910,46283.880,15.2255,14.9297,14.5367,31,-1.5625,-.78125,1505.25,0,11,93.2,11.65,1.72,0,10.9804,0,14.2196,7.105,-8.56558,1,8,0,0,0,0,0,0,3.072,0,114.8
911,46283.920,15.2255,14.9297,14.5367,31,-1.5625,-.78125,1503.5,0,11,93.2,11.53,1.72,0,10.9804,0,14.2196,6.96,-8.56559,1,8,0,0,0,0,0,0,3.072,0,114.8
912,46283.960,15.1829,14.9297,14.5367,31,-1.5625,-.78125,1501.25,0,11,93.2,11.65,1.72,0,10.9804,0,14.2196,6.96,-8.56559,1,8,0,0,0,0,0,0,3.072,0,114.8
913,46284.000,15.0978,14.9297,14.5438,31,-1.5625,-.78125,1496.5,0,11.5,93.2,11.69,1.72,0,10.9804,0,14.2196,6.96,-8.56561,1,8,0,0,0,0,0,0,3.072,0,114.8
914,46284.040,15.0978,14.9297,14.5438,31,-1.5625,-.78125,1504.5,0,11,93.2,11.62,1.74,0,10.9804,0,14.2196,6.96,-8.56569,1,8,0,0,0,0,0,0,3.072,0,114.8
915,46284.080,15.1404,14.8148,14.5438,31,-1.5625,-.78125,1517.75,0,10,93.2,11.65,1.72,0,10.9804,0,14.2196,6.96,-8.56569,1,8,0,0,0,0,0,0,3.072,0,114.8
916,46284.120,14.9721,14.8148,14.5438,31,-1.5625,-.78125,1525,0,9.5,93.2,11.69,1.72,0,10.9804,0,14.2196,6.96,-8.56576,1,8,0,0,0,0,0,0,3.072,0,114.8
917,46284.160,14.887,14.8148,14.5438,31,-1.5625,-.78125,1527.25,0,9.5,93.2,11.59,1.72,0,10.9804,0,14.2196,6.96,-8.56584,1,8,0,0,0,0,0,0,3.072,0,114.8
918,46284.200,14.887,14.7,14.5438,31,-1.5625,-.78125,1527.75,0,9.5,93.2,11.72,1.72,0,10.9804,0,14.2196,6.96,-8.56584,1,8,0,0,0,0,0,0,3.072,0,114.8
919,46284.240,15.5194,14.7,14.5438,31,-1.5625,-.78125,1527.75,0,9.5,93.2,11.72,1.74,0,10.9804,0,14.2196,6.815,-8.56591,1,8,0,0,0,0,0,0,3.072,0,114.8
920,46284.280,15.562,14.7,14.5438,31,-.78125,-.78125,1523,0,10,93.2,11.65,1.72,0,10.9804,0,14.2196,6.815,-8.56591,1,8,0,0,0,0,0,0,3.072,0,114.8
921,46284.320,15.562,14.5852,14.5438,31,-.78125,-.78125,1510.25,0,11,93.2,11.59,1.72,0,10.9804,0,14.2196,6.815,-8.56593,1,8,0,0,0,0,0,0,3.072,0,114.8
922,46284.360,15.5194,14.5852,14.5508,31,-.78125,-.78125,1517.75,0,10.5,93.2,11.62,1.74,0,10.9804,0,14.2196,6.815,-8.56594,1,8,0,0,0,0,0,0,3.072,0,114.8
923,46284.400,15.3937,14.5852,14.5508,31,-.78125,-.78125,1508.5,0,11.5,93.2,11.62,1.72,0,10.9804,0,14.2196,6.815,-8.56594,1,8,0,0,0,0,0,0,3.072,0,114.8
924,46284.440,15.4769,14.5852,14.5508,31,-.78125,-.78125,1529.75,0,9.5,93.2,11.56,1.72,0,10.9804,0,14.2196,6.815,-8.56601,1,8,0,0,0,0,0,0,3.072,0,114.8
925,46284.480,15.4769,14.5852,14.5508,31,-.78125,-.78125,1529,0,10,93.2,11.56,1.72,0,10.9804,0,14.2196,6.815,-8.56602,1,8,0,0,0,0,0,0,3.072,0,114.8
926,46284.520,15.3937,14.5852,14.5508,31,-.78125,-.78125,1523.5,0,10.5,93.2,11.59,1.72,0,10.9804,0,14.2196,6.815,-8.56602,1,8,0,0,0,0,0,0,3.072,0,114.8
927,46284.560,15.4363,14.5852,14.5508,31,-.78125,-.78125,1523,0,10.5,93.2,11.56,1.72,0,10.9804,0,14.2196,6.815,-8.56604,1,8,0,0,0,0,0,0,3.072,0,114.8
928,46284.600,15.3512,14.5852,14.5508,31,-.78125,-.78125,1522,0,11,93.2,11.53,1.72,0,10.9804,0,14.2196,6.815,-8.56604,1,8,0,0,0,0,0,0,3.072,0,114.8
929,46284.640,15.268,14.5852,14.5508,31,-.78125,-.78125,1513.5,0,11.5,93.2,11.62,1.72,0,10.9804,0,14.2196,6.815,-8.56611,1,8,0,0,0,0,0,0,3.072,0,114.8
930,46284.680,15.1829,14.5852,14.5508,31,-.78125,-.78125,1521.25,0,11,93.2,11.59,1.72,0,10.9804,0,14.2196,6.815,-8.56618,1,8,0,0,0,0,0,0,3.072,0,114.8
931,46284.720,15.2255,14.5852,14.5508,31,-.78125,-.78125,1511.5,0,12,93.2,11.72,1.72,0,10.9804,0,14.2196,6.815,-8.56618,1,8,0,0,0,0,0,0,3.072,0,114.8
932,46284.760,15.268,14.5852,14.5508,31,-.78125,-.78125,1516,0,11.5,93.2,11.65,1.72,0,10.9804,0,14.2196,6.815,-8.56613,1,8,0,0,0,0,0,0,3.072,0,114.8
933,46284.800,15.268,14.5852,14.5508,31,-.78125,-.78125,1538.75,0,9.5,93.2,11.65,1.74,0,10.9804,0,14.2196,6.815,-8.5662,1,8,0,0,0,0,0,0,3.072,0,114.8
934,46284.840,15.268,14.5852,14.5508,31,-.78125,-.78125,1532.25,0,10.5,93.2,11.56,1.72,0,10.9804,0,14.2196,6.815,-8.5662,1,8,0,0,0,0,0,0,3.072,0,114.8
935,46284.880,15.2255,14.5852,14.5578,31,-.78125,-.78125,1517.5,0,11.5,93.2,11.56,1.72,0,10.9804,0,14.2196,6.815,-8.56627,1,8,0,0,0,0,0,0,3.072,0,114.8
936,46284.920,15.2255,14.5852,14.5578,31,-.78125,-.78125,1529,0,11,93.2,11.47,1.72,0,10.9804,0,14.2196,6.815,-8.56627,1,8,0,0,0,0,0,0,3.072,0,114.8
937,46284.960,15.3086,14.5852,14.5578,31,-.78125,-.78125,1545,0,9.5,93.2,11.53,1.72,0,10.9804,0,14.2196,6.815,-8.56635,1,8,0,0,0,0,0,0,3.072,0,114.8
938,46285.000,15.3086,14.4703,14.5578,31,-.78125,-.78125,1535.75,0,10.5,93.2,11.5,1.72,0,10.9804,0,14.2196,6.67,-8.56635,1,8,0,0,0,0,0,0,3.072,0,114.8
939,46285.040,15.2255,14.4703,14.5578,31,-.78125,-.78125,1535.25,0,11,93.2,11.44,1.7,0,10.9804,0,14.2196,6.67,-8.56635,1,8,0,0,0,0,0,0,3.072,0,114.8
940,46285.080,15.1404,14.4703,14.5649,31,-.78125,-.78125,1534.75,0,11,93.2,11.41,1.7,0,10.9804,0,14.2196,6.67,-8.56643,1,8,0,0,0,0,0,0,3.072,0,114.8
941,46285.120,15.1404,14.4703,14.5649,31,-.78125,-.78125,1531.75,0,11.5,93.2,11.44,1.72,0,10.9804,0,14.2196,6.67,-8.56637,1,8,0,0,0,0,0,0,3.072,0,114.8
942,46285.160,14.9296,14.3555,14.5649,31,-1.5625,-.78125,1520,0,12.5,93.2,11.47,1.7,0,10.9804,0,14.2196,6.67,-8.56637,1,8,0,0,0,0,0,0,3.072,0,114.8
943,46285.200,14.9721,14.3555,14.5649,31,-1.5625,-.78125,1519.75,0,12.5,93.2,11.38,1.72,0,10.9804,0,14.2196,6.67,-8.56644,1,8,0,0,0,0,0,0,3.072,0,114.8
944,46285.240,15.1404,14.3555,14.5649,31,-1.5625,-.78125,1521.75,0,12.5,93.2,11.5,1.72,0,10.9804,0,14.2196,6.67,-8.56644,1,8,0,0,0,0,0,0,3.072,0,116.6
945,46285.280,15.0978,14.3555,14.5649,31,-1.5625,-.78125,1524.75,0,12,93.2,11.47,1.72,0,10.9804,0,14.2196,6.67,-8.56645,1,8,0,0,0,0,0,0,3.072,0,116.6
946,46285.320,15.268,14.4703,14.5649,31,-1.5625,-.78125,1518.75,0,12.5,93.2,11.56,1.72,0,10.9804,0,14.2196,6.67,-8.56652,1,8,0,0,0,0,0,0,3.072,0,116.6
947,46285.360,15.2255,14.4703,14.5649,31,-1.5625,-.78125,1525.75,0,12,93.2,11.53,1.72,0,10.9804,0,14.2196,6.67,-8.56652,1,8,0,0,0,0,0,0,3.072,0,116.6
948,46285.400,15.1404,14.4703,14.5649,31,-1.5625,-.78125,1516.75,0,13,93.2,11.53,1.72,0,10.9804,0,14.2196,6.67,-8.56653,1,8,0,0,0,0,0,0,3.072,0,116.6
949,46285.440,15.2255,14.4703,14.5649,31,-1.5625,-.78125,1513.5,0,13,93.2,11.59,1.72,0,10.9804,0,14.2196,6.815,-8.5666,1,8,0,0,0,0,0,0,3.072,0,116.6
950,46285.480,15.2255,14.4703,14.5649,31,-1.5625,-.78125,1497.25,0,14.5,93.2,11.47,1.72,0,10.9804,0,14.2196,6.815,-8.5666,1,8,0,0,0,0,0,0,3.072,0,116.6
951,46285.520,15.268,14.5852,14.5649,31,-1.5625,-.78125,1487.75,0,15,93.2,11.5,1.72,0,10.9804,0,14.2196,6.815,-8.56667,1,8,0,0,0,0,0,0,3.072,0,116.6
952,46285.560,15.4363,14.5852,14.5649,31,-1.5625,-.78125,1472.25,0,16.5,93.2,11.62,1.74,0,11.3725,0,14.2196,6.815,-8.56667,1,8,0,0,0,0,0,0,3.072,0,116.6
953,46285.600,15.6045,14.7,14.5578,31,-1.5625,-.78125,1473.25,0,16,93.2,11.62,1.74,0,11.3725,0,14.2196,6.815,-8.56674,1,8,0,0,0,0,0,0,3.072,0,116.6
954,46285.640,15.6471,14.7,14.5508,31,-1.5625,-.78125,1470,0,16,93.2,11.9,1.76,0,11.3725,0,14.2196,6.815,-8.5668,1,8,0,0,0,0,0,0,3.072,0,116.6
955,46285.680,15.6045,14.8148,14.5508,31,-1.5625,-.78125,1481.5,0,15,93.2,12.02,1.74,0,11.3725,0,14.2196,6.815,-8.5668,1,8,0,0,0,0,0,0,3.072,0,116.6
956,46285.720,15.4769,14.8148,14.453,31,-1.5625,-.78125,1480.75,0,15,93.2,11.75,1.74,0,11.3725,0,14.2196,6.815,-8.56687,1,8,0,0,0,0,0,0,3.072,0,116.6
957,46285.760,15.4769,14.9297,14.4184,31,-1.5625,-.78125,1480,0,14.5,93.2,11.84,1.74,0,11.3725,0,14.2196,6.96,-8.56694,1,8,0,0,0,0,0,0,3.072,0,116.6
958,46285.800,15.7303,14.9297,14.4184,31,-1.5625,-.78125,1488.5,0,14,93.2,11.81,1.74,0,11.3725,0,14.2196,6.96,-8.56694,1,8,0,0,0,0,0,0,3.072,0,116.6
959,46285.840,15.9836,15.0445,14.4046,31,-1.5625,-.78125,1491.5,0,13.5,93.2,12,1.76,0,11.3725,0,14.2196,6.96,-8.56688,1,8,0,0,0,0,0,0,3.072,0,116.6
960,46285.880,16.0262,15.1594,14.4046,31,-.78125,-.78125,1499.25,0,13,93.2,11.81,1.74,0,11.3725,0,14.2196,6.96,-8.56688,1,8,0,0,0,0,0,0,3.072,0,116.6
961,46285.920,16.0668,15.1594,14.3839,31,-.78125,-.78125,1509.75,0,12,93.2,11.9,1.74,0,11.3725,0,14.2196,6.96,-8.56694,1,8,0,0,0,0,0,0,3.072,0,116.6
962,46285.960,16.1093,15.1594,14.3908,31,-.78125,-.78125,1510.5,0,12,93.2,11.9,1.74,0,11.3725,0,14.2196,6.96,-8.56695,1,8,0,0,0,0,0,0,3.072,0,116.6
963,46286.000,15.8985,15.0445,14.3908,31,-.78125,-.78125,1509.75,0,12,93.2,11.78,1.74,0,10.9804,0,14.2196,6.96,-8.56695,1,8,0,0,0,0,0,0,3.072,0,116.6
964,46286.040,15.3086,15.0445,14.4046,31,-.78125,-.78125,1502,0,13,93.2,11.78,1.74,0,10.9804,0,14.2196,6.96,-8.56701,1,8,0,0,0,0,0,0,3.072,0,116.6
965,46286.080,15.268,15.0445,14.4115,31,-.78125,-.78125,1511.5,0,12,93.2,11.81,1.74,0,10.9804,0,14.2196,6.96,-8.56702,1,8,0,0,0,0,0,0,3.072,0,116.6
966,46286.120,15.268,15.0445,14.4115,31,-.78125,-.78125,1516.5,0,12,93.2,11.78,1.74,0,10.9804,0,14.2196,6.96,-8.56702,1,8,0,0,0,0,0,0,3.072,0,116.6
967,46286.160,15.0572,14.9297,14.4322,31,0,-.78125,1523.5,0,11.5,93.2,11.75,1.74,0,10.9804,0,14.2196,6.96,-8.56708,1,8,0,0,0,0,0,0,3.072,0,116.6
968,46286.200,15.0147,14.9297,14.4322,31,0,-.78125,1530,0,11,93.2,11.72,1.74,0,10.9804,0,14.2196,6.96,-8.56708,1,8,0,0,0,0,0,0,3.072,0,116.6
969,46286.240,14.9721,14.8148,14.4599,31,0,-.78125,1532.25,0,11,93.2,11.65,1.74,0,10.9804,0,14.2196,6.96,-8.56715,1,8,0,0,0,0,0,0,3.072,0,116.6
970,46286.280,14.8464,14.7,14.4669,31,0,-.78125,1527.75,0,11.5,93.2,11.69,1.72,0,10.9804,0,14.2196,6.96,-8.56721,1,8,0,0,0,0,0,0,3.072,0,116.6
971,46286.320,14.8039,14.7,14.4669,31,0,-.78125,1539.5,0,10.5,93.2,11.69,1.74,0,10.9804,0,14.2196,6.815,-8.56721,1,8,0,0,0,0,0,0,3.072,0,116.6
972,46286.360,14.7188,14.5852,14.5438,31,0,-.78125,1525.25,0,12,93.2,11.75,1.72,0,10.9804,0,14.2196,6.815,-8.56728,1,8,0,0,0,0,0,0,3.072,0,116.6
973,46286.400,14.508,14.5852,14.5508,31,0,-.78125,1536.5,0,11.5,93.2,11.62,1.72,0,10.9804,0,14.2196,6.815,-8.56728,1,8,0,0,0,0,0,0,3.072,0,116.6
974,46286.440,14.5505,14.5852,14.5508,31,0,-.78125,1529.75,0,12,93.2,11.65,1.72,0,10.9804,0,14.2196,6.815,-8.56728,1,8,0,0,0,0,0,0,3.072,0,116.6
975,46286.480,14.3823,14.5852,14.5508,31,0,-.78125,1531.75,0,12,93.2,11.59,1.72,0,10.1961,0,14.2196,6.815,-8.56734,1,8,0,0,0,0,0,0,3.072,0,116.6
976,46286.520,14.4248,14.5852,14.5508,31,0,-.78125,1539.25,0,11.5,93.2,11.29,1.68,0,10.1961,0,14.2196,6.815,-8.56734,1,8,0,0,0,0,0,0,3.072,0,116.6
977,46286.560,14.2972,14.4703,14.5508,31,0,-.78125,1543.75,0,11,93.2,11.23,1.68,0,10.5882,0,14.2196,6.815,-8.56741,1,8,0,0,0,0,0,0,3.072,0,116.6
978,46286.600,14.5505,14.4703,14.5649,31,0,-.78125,1547.75,0,11,93.2,10.93,1.68,0,10.5882,0,14.2196,6.815,-8.56747,1,8,0,0,0,0,0,0,3.072,0,116.6
979,46286.640,14.5931,14.4703,14.5649,31,0,-.78125,1563,0,10,93.2,11.23,1.7,0,10.5882,0,14.2196,6.815,-8.56747,1,8,0,0,0,0,0,0,3.072,0,116.6
980,46286.680,14.4248,14.3555,14.5649,31,0,-.78125,1542.5,0,12,93.2,11.1,1.68,0,10.5882,0,14.2196,6.67,-8.56753,1,8,0,0,0,0,0,0,3.072,0,116.6
981,46286.720,14.2565,14.3555,14.6571,31,0,-.78125,1540,0,12.5,93.2,11.12,1.68,0,10.5882,0,14.2196,6.67,-8.56759,1,8,0,0,0,0,0,0,3.072,0,116.6
982,46286.760,14.214,14.2406,14.6571,31,0,-.78125,1532.75,0,13,93.2,11.29,1.7,0,10.5882,0,14.2196,6.525,-8.56759,1,8,0,0,0,0,0,0,3.072,0,116.6
983,46286.800,14.0457,14.2406,14.6713,31,0,-.78125,1535.25,0,13,93.2,11.17,1.68,0,10.5882,0,14.2196,6.525,-8.56765,1,8,0,0,0,0,0,0,3.072,0,116.6
984,46286.840,14.0883,14.1258,14.6713,31,0,-.78125,1535,0,13,93.2,11.03,1.68,0,10.5882,0,14.2196,6.525,-8.56765,1,8,0,0,0,0,0,0,3.072,0,116.6
985,46286.880,14.6782,14.1258,14.6571,31,0,-.78125,1539,0,12.5,93.2,11.13,1.68,0,10.5882,0,14.2196,6.525,-8.56765,1,8,0,0,0,0,0,0,3.072,0,116.6
986,46286.920,14.0883,14.0109,14.6499,31,-.78125,-.78125,1520.25,0,14,93.2,11.17,1.68,0,10.5882,0,14.2196,6.525,-8.56771,1,8,0,0,0,0,0,0,3.072,0,116.6
987,46286.960,13.8775,14.0109,14.6499,31,-.78125,-.78125,1512,0,15,93.2,11.2,1.68,0,10.5882,0,14.2196,6.525,-8.56771,1,8,0,0,0,0,0,0,3.072,0,116.6
988,46287.000,13.8349,14.0109,14.5649,31,-.78125,-.78125,1499.25,0,16,93.2,11.03,1.72,0,11.7647,0,14.2196,6.525,-8.56777,1,8,0,0,0,0,0,0,3.072,0,116.6
989,46287.040,14.1289,14.1258,14.5649,31,-.78125,-.78125,1493,0,16,93.2,11.72,1.72,0,11.3725,0,14.2196,6.525,-8.56783,1,8,0,0,0,0,0,0,3.072,0,116.6
990,46287.080,13.8349,14.1258,14.5649,31,-.78125,-.78125,1491.75,0,16,93.2,11.81,1.74,.392157,11.3725,2.39844,14.2196,6.525,-8.56783,1,8,0,0,0,0,0,0,3.072,0,116.6
991,46287.120,14.5931,14.1258,14.5649,31,-.78125,-.78125,1494.75,0,16.5,93.2,11.84,1.74,.784314,11.3725,5.87018,14.2196,6.525,-8.49554,1,8,0,0,0,0,0,0,3.072,0,116.6
992,46287.160,14.5931,14.2406,14.5649,31,-.78125,-.78125,1488,0,19,93.2,12.09,1.74,1.17647,11.3725,14.2727,14.2196,6.525,-8.49554,1,8,0,0,0,0,0,0,3.072,0,116.6
993,46287.200,14.5505,14.3555,14.5578,31,-1.5625,-.78125,1501.5,0,19,93.2,11.84,1.76,2.7451,12.1569,28.2056,14.2196,6.67,-8.05287,1,8,0,0,0,18.4314,0,0,3.072,0,116.6
994,46287.240,14.8039,14.4703,14.5508,31,-.78125,-.78125,1518.25,0,18.5,93.2,12.89,1.8,3.92157,13.3333,42.0326,14.2196,6.67,-7.46504,1,8,0,0,0,39.2157,0,0,3.072,0,116.6
995,46287.280,14.887,14.4703,14.5508,31,-.78125,-.78125,1536.25,0,19.5,93.2,14.82,1.86,5.09804,13.7255,52.9725,14.2196,6.67,-7.46504,1,8,0,0,0,39.2157,0,0,3.328,0,116.6
996,46287.320,15.0147,14.5852,14.5367,31,-.78125,-.78125,1543.25,0,19.5,93.2,16.14,1.88,5.88235,14.1176,61.2015,14.2196,6.815,-6.88396,1,8,0,0,0,60,0,0,3.584,0,116.6
997,46287.360,15.1404,14.7,10.296,31,0,-.78125,1550.5,0,19.5,93.2,17.14,1.92,6.66667,14.902,72.1631,14.2196,7.25,-6.39118,1,8,0,0,0,74.902,0,0,4.608,0,116.6
998,46287.400,15.268,14.8148,10.296,31,0,-.78125,1564.25,0,19.5,93.2,18.63,1.98,7.84314,16.0784,82.9816,14.2196,7.685,-6.39118,1,8,0,0,0,74.902,0,0,4.608,0,116.6
999,46287.440,15.3086,14.9297,11.0196,31,.78125,-.78125,1656.25,0,19,93.2,20.39,2,8.23529,16.4706,84.0393,14.2196,8.265,-6.0749,1,8,0,0,0,74.902,0,0,4.864,0,116.6
1000,46287.480,15.4363,15.0445,11.0196,31,1.5625,-.78125,1733,0,19,93.2,20.65,2.02,8.62745,16.4706,87.3378,14.2196,8.555,-6.0749,1,8,0,0,0,74.902,0,0,4.864,0,116.6
1001,46287.520,15.5194,15.0445,11.923,31,2.34375,-.78125,1809.5,0,19.5,93.2,21.07,2.02,9.01961,16.8627,88.3673,14.2196,8.7,-5.97503,1,8,0,0,0,74.902,0,0,4.608,0,116.6
1002,46287.560,15.4769,14.8148,13.1294,31,1.5625,-.78125,1918.75,0,20.5,93.2,21.24,2.02,9.41177,17.2549,91.2084,14.2196,8.845,-5.85564,1,8,0,0,0,74.902,0,0,4.352,0,116.6
1003,46287.600,15.2255,14.4703,13.1294,31,1.5625,-.78125,1972.25,0,21,93.2,21.5,2.04,9.80392,17.2549,95.0167,14.2196,8.845,-5.85564,1,8,0,0,0,74.902,0,0,4.352,0,116.6
1004,46287.640,15.2255,14.4703,13.1466,31,.78125,-.78125,2056.5,0,21.5,93.2,22.43,2.08,10.5882,18.0392,100.528,14.2196,8.845,-5.6705,1,8,0,0,0,74.902,0,0,4.352,0,116.6
1005,46287.680,14.9721,14.4703,13.2216,31,.78125,-.78125,2150,0,21.5,93.2,23.75,2.1,11.7647,18.0392,108.59,14.2196,8.845,-4.97851,1,8,0,0,0,74.902,0,0,4.352,0,116.6
1006,46287.720,14.7188,14.4703,13.2216,31,1.5625,-.78125,2216.75,0,22,93.2,24,2.12,12.549,18.4314,115.055,14.2196,8.845,-4.97851,1,8,0,0,0,74.902,0,0,4.352,0,116.6
1007,46287.760,14.8039,14.5852,13.2917,31,2.34375,-.78125,2299.5,0,22,93.2,25.16,2.14,13.3333,19.2157,121.645,14.2196,8.845,-4.08594,1,8,0,0,0,74.902,0,0,4.352,0,116.6
1008,46287.800,14.7613,14.5852,13.2917,31,2.34375,0,2352.5,0,22,93.2,26.76,2.18,13.3333,19.6078,121.029,14.2196,8.845,-4.08594,1,8,0,0,0,74.902,0,0,4.352,0,116.6
1009,46287.840,15.0147,14.4703,13.3625,31,2.34375,0,2417.25,0,22,93.2,27.81,2.2,12.549,19.6078,112.187,14.2196,8.845,-3.75078,1,8,0,0,0,74.902,0,0,4.352,0,116.6
1010,46287.880,15.1404,14.4703,13.428,31,2.34375,0,2459.25,0,22,93.2,28.13,2.18,11.3725,19.2157,100.722,14.2196,8.845,-4.9972,1,8,0,0,0,74.902,0,0,4.352,0,116.6
1011,46287.920,15.2255,14.4703,13.428,31,2.34375,0,2468.5,0,22,93.2,26.49,2.14,9.41177,17.6471,81.8652,14.2196,8.845,-4.9972,1,8,0,0,0,74.902,0,0,4.352,0,116.6
1012,46287.960,15.0147,14.3555,13.5124,31,2.34375,0,2468.5,0,22.5,93.2,23.75,2.08,8.62745,16.4706,71.1923,14.2196,8.845,-6.39373,1,8,0,0,0,74.902,0,0,4.352,0,116.6
1013,46288.000,14.8464,14.2406,14.2613,31,1.5625,-.78125,2423.5,0,23,93.2,21.84,2.04,8.62745,15.6863,72.0812,14.2196,8.555,-6.66923,1,8,0,0,0,74.902,0,0,3.84,0,116.6
1014,46288.040,14.6356,13.8961,14.2613,31,0,-.78125,2354.25,0,23,93.2,20.56,2,8.23529,15.6863,68.604,14.2196,7.975,-6.66923,1,8,0,0,0,74.902,0,0,3.584,0,116.6
1015,46288.080,14.1714,13.5516,15.2433,31,-1.5625,-.78125,2298.25,0,23.5,93.2,20.06,1.98,6.66667,15.2941,59.1077,14.2196,7.685,-6.88512,1,8,0,0,0,74.902,0,0,3.584,0,116.6
1016,46288.120,13.2876,13.3219,15.2433,31,-3.90625,-.78125,2207.25,0,24,93.2,18.7,1.92,4.31373,13.7255,40.6059,14.2196,7.395,-6.88512,1,8,0,0,0,74.902,0,0,3.584,0,116.6
1017,46288.160,12.9492,13.207,14.6428,31,-5.46875,-.78125,2119,0,25,93.2,16.45,1.86,2.7451,12.549,27.4806,14.2196,7.105,-7.92921,1,8,0,0,0,74.902,0,0,3.328,0,116.6
1018,46288.200,12.9492,13.207,15.7621,31,-6.25,-.78125,2050,0,25.5,93.2,14.65,1.78,1.96078,10.9804,20.5719,14.2196,6.96,-8.63752,1,8,0,0,0,74.902,0,0,3.072,0,116.6
1019,46288.240,13.1174,13.0922,15.7621,31,-7.03125,-.78125,1927.25,0,26.5,93.2,11.87,1.74,1.56863,10.9804,15.9154,14.2196,6.67,-8.63752,1,8,0,0,0,74.902,0,0,2.816,0,116.6
1020,46288.280,12.9917,13.0922,16.1079,31,-7.8125,-.78125,1847.75,0,26.5,93.2,11.62,1.72,1.96078,11.3725,18.7069,14.2196,6.38,-8.7666,1,8,0,0,0,64.3137,0,0,2.816,0,116.6
1021,46288.320,12.9917,12.9773,15.0228,31,-9.375,-.78125,1726.25,0,26.5,93.2,12.08,1.76,1.56863,12.9412,16.4344,14.2196,6.38,-8.31342,1,8,0,0,0,41.9608,0,0,2.816,0,116.6
1022,46288.360,12.7809,12.9773,15.0228,31,-10.9375,-.78125,1647.5,0,26.5,93.2,14.39,1.82,1.56863,13.7255,16.6376,14.2196,6.38,-8.31342,1,8,0,0,0,41.9608,0,0,2.816,0,116.6
1023,46288.400,12.7809,12.8625,14.8377,31,-11.7188,-.78125,1577.75,0,26,93.2,15.74,1.88,1.56863,14.1176,16.8186,14.2196,6.38,-8.07475,1,8,0,0,0,18.8235,0,0,2.816,0,116.6
1024,46288.440,12.7384,12.9773,14.8377,31,-13.2813,-.78125,1511.75,0,25.5,93.2,17.06,1.9,1.17647,14.5098,14.2051,14.2196,6.67,-8.07475,1,8,0,0,0,18.8235,0,0,3.328,0,116.6
1025,46288.480,12.8234,13.0922,12.4198,31,-14.0625,-.78125,1454.5,0,24,93.2,17.97,1.94,1.17647,15.2941,11.5,14.2196,7.25,-8.14008,1,8,0,0,0,15.2941,0,0,4.608,0,116.6
1026,46288.520,13.0768,13.3219,11.9895,31,-14.0625,-.78125,1408.75,0,21.5,93.2,18.63,1.94,.784314,15.2941,8.71681,14.2196,7.83,-8.30597,1,8,0,0,0,9.41177,0,0,4.608,0,116.6
1027,46288.560,13.5816,13.5516,11.9895,31,-7.03125,-.78125,1413,0,20,93.2,18.48,1.94,.392157,14.902,3.25755,14.2196,8.265,-8.30597,1,8,0,0,0,9.41177,0,0,5.12,0,116.6
1028,46288.600,14.0032,13.8961,9.93912,31,-6.25,-.78125,1417.25,0,19.5,93.2,17.67,1.9,.392157,14.5098,2.39844,14.2196,8.555,-8.47042,1,8,0,0,0,3.52941,0,0,5.12,0,116.6
1029,46288.640,14.3397,14.0109,12.1052,31,-5.46875,-.78125,1457.75,1.24274,19,93.2,17.14,1.88,.392157,14.5098,2.39844,14.2196,8.7,-8.49632,1,8,0,0,0,2.7451,0,0,4.608,0,116.6
1030,46288.680,14.4248,14.1258,12.1052,31,-5.46875,-.78125,1508.5,1.24274,19,93.2,16.83,1.88,.392157,14.5098,2.39844,14.2196,8.845,-8.49632,1,8,0,0,0,2.7451,0,0,4.352,0,116.6
1031,46288.720,14.0883,14.0109,13.1008,31,-5.46875,-.78125,1565,1.24274,19.5,93.2,16.68,1.88,.392157,14.5098,2.39844,14.2196,8.845,-8.49638,1,8,0,0,0,2.7451,0,0,4.352,0,116.6
1032,46288.760,13.9181,13.8961,13.1008,31,-5.46875,-.78125,1619.5,1.24274,19.5,93.2,16.83,1.88,.392157,14.5098,3.25492,14.2196,8.845,-8.49638,1,8,0,0,0,2.7451,0,0,4.352,0,116.6
1033,46288.800,14.0032,13.7813,13.1638,31,-5.46875,-.78125,1677.75,1.24274,20,93.2,16.75,1.9,.784314,14.5098,5.80427,14.2196,8.7,-8.51705,1,8,0,0,0,7.05882,0,0,4.096,0,116.6
1034,46288.840,13.539,13.6664,13.2391,31,-5.46875,-.78125,1734.75,1.24274,20.5,93.2,16.98,1.9,.784314,14.902,8.44454,14.2196,8.7,-8.62403,1,8,0,0,0,23.1373,0,0,4.096,0,116.6
1035,46288.880,13.4559,13.6664,13.2391,31,-6.25,-.78125,1802.25,1.24274,21,93.2,18.11,1.92,.784314,15.2941,8.38916,14.2196,8.7,-8.62403,1,8,0,0,0,23.1373,0,0,4.096,0,116.6
1036,46288.920,13.6241,13.7813,13.3152,31,-6.25,-.78125,1851.5,1.24274,21.5,93.2,18.34,1.96,1.17647,15.2941,10.9329,14.2196,8.7,-8.68072,1,8,0,0,0,43.9216,0,0,3.84,0,116.6
1037,46288.960,13.6241,13.8961,13.3981,31,-7.03125,-.78125,1912.25,1.24274,22,93.2,19,1.96,1.17647,15.2941,10.8473,14.2196,8.7,-8.87069,1,8,0,0,0,57.2549,0,0,3.84,0,116.6
1038,46289.000,13.8775,14.0109,13.3981,31,-7.03125,-.78125,1945.5,1.24274,22,93.2,19.07,1.94,1.17647,15.2941,13.3288,14.2196,8.555,-8.87069,1,8,0,0,0,57.2549,0,0,3.84,0,116.6
1039,46289.040,14.2565,14.1258,13.4821,31,-6.25,-.78125,1983.75,1.24274,22.5,93.2,18.85,1.96,1.17647,15.2941,10.7459,14.2196,8.555,-8.92977,1,8,0,0,0,68.6274,0,0,3.84,0,116.6
1040,46289.080,14.3823,14.3555,13.4821,31,-6.25,-.78125,2027.5,1.24274,22.5,93.2,18.93,1.96,1.17647,15.2941,10.7347,14.2196,8.41,-8.92977,1,8,0,0,0,68.6274,0,0,3.84,0,116.6
1041,46289.120,14.508,14.4703,13.6533,31,-6.25,-.78125,2050,1.24274,23,93.2,19.29,1.96,1.17647,15.2941,10.7842,14.2196,8.265,-9.12553,1,8,0,0,0,74.902,0,0,3.584,0,116.6
1042,46289.160,14.5505,14.5852,13.8162,31,-6.25,-.78125,2077.5,1.24274,23.5,93.2,19.22,1.96,.784314,15.2941,5.98827,14.2196,8.12,-9.21957,1,8,0,0,0,74.902,0,0,3.584,0,116.6
1043,46289.200,14.7613,14.5852,13.8162,31,-6.25,-.78125,2112,1.24274,23.5,93.2,18.63,1.94,0,14.5098,0,14.2196,7.975,-9.21957,1,8,0,0,0,74.902,0,0,3.584,0,116.6
1044,46289.240,15.268,14.5852,14.0091,31,-6.25,-.78125,2139.75,1.24274,18,93.2,17.75,1.9,0,14.1176,0,14.2196,7.685,-9.55531,1,8,0,0,0,74.902,0,0,3.328,0,118.4
1045,46289.280,15.2255,14.5852,15.0603,31,-6.25,-.78125,2158,1.24274,17.5,93.2,15.81,1.84,0,12.549,0,14.2196,7.395,-9.55536,1,8,0,0,0,0,0,0,3.328,0,118.4
1046,46289.320,15.0978,14.4703,15.0603,31,-6.25,-.78125,2147.75,1.24274,17.5,93.2,14.48,1.78,0,10.9804,0,14.2196,7.105,-9.55536,1,8,0,0,0,0,0,0,3.072,0,118.4
1047,46289.360,14.887,14.3555,16.6421,31,-5.46875,-.78125,2125,1.24274,17.5,93.2,11.72,1.68,0,9.01961,0,14.2196,6.67,-9.5554,1,8,0,0,0,0,0,0,2.816,0,118.4
1048,46289.400,14.8039,14.1258,16.6421,31,-6.25,-.78125,2090.75,1.24274,17.5,93.2,10.01,1.64,0,9.01961,0,14.2196,6.09,-9.5554,1,8,0,0,0,0,0,0,2.304,0,118.4
1049,46289.440,14.6782,14.0109,17.995,31,-6.25,-.78125,2030.5,1.24274,19.5,93.2,9.17,1.58,0,8.62745,0,14.2196,5.655,-9.55545,1,8,0,0,0,0,0,0,2.304,0,118.4
1050,46289.480,14.508,13.8961,17.1249,31,-6.25,-.78125,1985.25,1.24274,23,93.2,8.8,1.58,0,8.62745,0,14.2196,5.51,-9.55544,1,8,0,0,0,0,0,0,2.304,0,118.4
1051,46289.520,14.508,13.6664,17.1249,31,-6.25,-.78125,1919.75,1.24274,27.5,93.2,8.43,1.56,0,8.23529,0,14.2196,5.22,-9.55544,1,8,0,0,0,0,0,0,2.304,0,118.4
1052,46289.560,14.3823,13.5516,15.3522,31,-7.03125,-.78125,1872,1.24274,28,93.2,8.18,1.54,0,8.23529,0,14.2196,5.075,-9.28496,1,8,0,0,0,0,0,0,2.304,0,118.4
1053,46289.600,14.2972,13.4367,15.2202,31,-7.03125,-.78125,1784.75,1.24274,26.5,93.2,8.31,1.56,0,8.23529,0,14.2196,5.075,-9.09975,1,8,0,0,0,0,0,0,2.048,0,118.4
1054,46289.640,14.1714,13.4367,15.2202,31,-7.8125,-.78125,1736,1.24274,26,93.2,8.1,1.54,0,8.23529,0,14.2196,4.93,-9.09975,1,8,0,0,0,0,0,0,2.048,0,118.4
1055,46289.680,14.0457,13.4367,15.0528,31,-7.8125,-.78125,1677.25,1.24274,25,93.2,8.05,1.54,0,8.23529,0,14.2196,4.93,-8.85267,1,8,0,0,0,0,0,0,2.048,0,118.4
1056,46289.720,14.0883,13.3219,15.0528,31,-8.59375,-.78125,1585.75,1.24274,24.5,93.2,8.05,1.54,0,8.23529,0,14.2196,4.93,-8.85267,1,8,0,0,0,0,0,0,2.048,0,118.4
1057,46289.760,13.9606,13.3219,14.889,31,-8.59375,-.78125,1518.5,1.24274,24,93.2,8.31,1.56,.392157,8.62745,2.39844,14.2196,5.075,-8.56932,1,8,0,0,0,0,0,0,2.048,0,118.4
1058,46289.800,14.0032,13.3219,14.7939,31,-9.375,-.78125,1445,1.24274,24,93.2,8.43,1.58,.392157,9.01961,2.39844,14.2196,5.075,-8.49696,1,8,0,0,0,0,0,0,2.048,0,118.4
1059,46289.840,14.0883,13.3219,14.7939,31,-9.375,-.78125,1405.5,1.24274,24,93.2,8.8,1.6,.392157,9.01961,2.39844,14.2196,5.075,-8.49696,1,8,0,0,0,0,0,0,2.304,0,118.4
1060,46289.880,13.8775,13.3219,14.736,31,-9.375,-.78125,1339.25,1.24274,24,93.2,9.22,1.6,.392157,9.01961,3.24023,14.2196,5.075,-8.49701,1,8,0,0,0,0,0,0,2.304,0,118.4
1061,46289.920,13.7498,13.4367,14.6499,31,-10.1563,-.78125,1267.75,1.24274,24.5,93.2,9.46,1.6,.784314,9.01961,5.87878,14.2196,5.075,-8.47167,1,8,0,0,0,3.52941,0,0,2.304,0,118.4
1062,46289.960,13.9181,13.5516,14.6499,31,-10.1563,-.78125,1232.5,1.24274,24.5,93.2,9.49,1.62,.784314,9.80392,8.83974,14.2196,5.22,-8.47167,1,8,0,0,0,3.52941,0,0,2.304,0,118.4
1063,46290.000,13.8775,13.6664,13.2624,31,-10.1563,-.78125,1168,1.24274,25.5,93.2,9.91,1.64,.784314,9.80392,8.88865,14.2196,5.51,-8.30494,1,8,0,0,0,9.41177,0,0,2.816,0,118.4
1064,46290.040,13.8349,13.7813,13.2624,31,-6.25,-.78125,1114,1.24274,19,93.2,10.29,1.66,.784314,9.80392,8.92678,14.2196,5.655,-8.30494,1,8,0,0,0,9.41177,0,0,3.328,0,118.4
1065,46290.080,14.0883,14.0109,10.6985,31,-5.46875,-.78125,1036.25,1.24274,19.5,93.2,10.29,1.64,1.17647,9.41177,12.0406,14.2196,6.09,-8.40109,1,8,0,0,0,9.41177,0,0,3.584,0,118.4
1066,46290.120,14.0883,14.1258,10.2296,31,-5.46875,-.78125,1019.5,1.24274,19.5,93.2,10.08,1.64,1.17647,9.41177,12.0607,14.2196,6.235,-8.3515,1,8,0,0,0,12.9412,0,0,3.584,0,118.4
1067,46290.160,13.9181,14.3555,10.2296,31,-4.6875,-.78125,1010.25,1.24274,20,93.2,9.98,1.62,1.17647,9.01961,12.07,14.2196,6.38,-8.3515,1,8,0,0,0,12.9412,0,0,3.584,0,118.4
1068,46290.200,14.2972,14.4703,11.6463,31,-4.6875,-.78125,1006,1.24274,20.5,93.2,9.67,1.62,1.17647,9.01961,15.1508,14.2196,6.67,-8.35861,1,8,0,0,0,12.9412,0,0,3.328,0,118.4
1069,46290.240,14.4248,14.5852,12.1737,31,-4.6875,-.78125,1004.25,1.24274,21,93.2,9.56,1.62,1.56863,9.01961,18.2291,14.2196,6.815,-8.16683,1,8,0,0,0,19.6078,0,0,3.328,0,118.4
1070,46290.280,14.5931,14.5852,12.1737,31,-4.6875,-.78125,1004.25,1.24274,21.5,93.2,9.53,1.62,1.56863,9.01961,18.2283,14.2196,6.96,-8.16683,1,8,0,0,0,19.6078,0,0,3.328,0,118.4
1071,46290.320,14.9296,14.5852,12.6441,31,-4.6875,-.78125,1008.5,1.24274,22,93.2,9.49,1.6,2.35294,9.41177,27.4386,14.2196,7.105,-8.06857,1,8,0,0,0,22.7451,0,0,3.328,0,118.4
1072,46290.360,15.0572,14.4703,12.6441,31,-4.6875,-.78125,1015.5,1.24274,22,93.2,9.53,1.64,4.31373,10.1961,48.8996,14.2196,7.105,-8.06857,1,8,0,0,0,22.7451,0,0,3.328,0,118.4
1073,46290.400,15.2255,14.3555,12.6654,31,-4.6875,-.78125,1031.25,1.24274,22.5,93.2,10.6,1.7,7.05882,12.1569,82.4572,14.2196,7.25,-7.18129,1,8,0,0,0,52.549,0,0,3.584,0,118.4
1074,46290.440,15.3937,14.2406,12.5492,31,-4.6875,-.78125,1039,1.24274,22,93.2,12.07,1.82,10.1961,14.5098,108.092,14.2196,7.395,-5.51236,1,8,0,0,0,74.902,0,0,3.84,0,118.4
1075,46290.480,15.562,14.1258,12.5492,31,-4.6875,-.78125,1061,1.24274,21.5,93.2,14.44,1.94,12.1569,16.4706,119.11,14.2196,8.265,-5.51236,1,8,0,0,0,74.902,0,0,5.376,0,118.4
1076,46290.520,14.887,13.8961,7.0406,31,-4.6875,-.78125,1121.25,1.24274,18.5,93.2,18.93,2,12.549,17.6471,123.188,14.2196,9.425,-3.75524,1,8,0,0,0,74.902,0,0,6.4,0,118.4
1077,46290.560,14.5931,13.7813,7.89966,31,-4.6875,-.78125,1227,1.24274,17,93.2,21.33,2.04,12.549,18.0392,124.534,14.2196,10.295,-3.5052,1,8,0,0,0,74.902,0,0,6.656,0,118.4
1078,46290.600,14.2972,13.6664,7.89966,31,-4.6875,-.78125,1282,1.24274,16.5,93.2,21.84,2.04,12.549,18.0392,124.783,14.2196,10.585,-3.5052,1,8,0,0,0,74.902,0,0,6.4,0,118.4
1079,46290.640,13.8349,13.3219,10.9157,31,-4.6875,-.78125,1408.25,1.24274,16,93.2,20.73,2,12.549,18.0392,125.356,14.2196,10.73,-3.40564,1,8,0,0,0,74.902,0,0,5.376,0,118.4
1080,46290.680,13.2451,12.8625,10.9157,31,-4.6875,-.78125,1544.25,1.24274,16.5,93.2,20.56,2.02,12.549,18.0392,123.746,14.2196,10.875,-3.40564,1,8,0,0,0,74.902,0,0,5.376,0,118.4
1081,46290.720,12.2336,12.518,11.7279,31,-4.6875,-.78125,1731.5,1.24274,17.5,93.2,21.24,2.02,12.549,18.0392,121.988,14.2196,10.73,-3.51989,1,8,0,0,0,74.902,0,0,5.376,0,118.4
1082,46290.760,12.1079,12.518,11.8994,31,-4.6875,-.78125,1834,1.24274,18,93.2,21.5,2.06,12.1569,18.0392,118.148,14.2196,10.73,-3.92513,1,8,0,0,0,74.902,0,0,5.12,0,118.4
1083,46290.800,12.3187,12.6328,11.8994,31,-4.6875,-.78125,1917.75,1.24274,18.5,93.2,21.84,2.06,11.7647,18.0392,114.832,14.2196,10.585,-3.92513,1,8,0,0,0,74.902,0,0,5.12,0,118.4
1084,46290.840,13.1174,12.9773,12.4249,31,-4.6875,-.78125,1961.25,1.24274,19,93.2,22.18,2.06,12.1569,18.0392,116.247,14.2196,10.295,-4.10652,1,8,0,0,0,74.902,0,0,4.864,0,118.4
1085,46290.880,13.4984,13.4367,12.3789,31,-3.90625,-.78125,1992.25,1.24274,19.5,93.2,22.59,2.06,12.1569,18.0392,115.784,14.2196,10.005,-4.18403,1,8,0,0,0,74.902,0,0,4.864,0,118.4
1086,46290.920,13.6241,13.6664,12.3789,31,-3.90625,-.78125,2000.25,1.24274,19.5,93.2,22.92,2.08,12.1569,18.0392,115.665,14.2196,9.86,-4.18403,1,8,0,0,0,74.902,0,0,4.608,0,118.4
1087,46290.960,13.8349,13.7813,12.6441,31,-3.90625,-.78125,1972,1.24274,19.5,93.2,23.17,2.08,11.7647,18.0392,111.395,14.2196,9.715,-4.39611,1,8,0,0,0,74.902,0,0,4.608,0,118.4
1088,46291.000,13.8775,13.8961,12.6441,31,-4.6875,0,1972.25,1.24274,19.5,93.2,22.84,2.08,11.3725,17.6471,109.045,14.2196,9.715,-4.39611,1,8,0,0,0,74.902,0,0,4.608,0,118.4
1089,46291.040,13.8349,13.8961,12.7891,31,-4.6875,0,1949.25,1.24274,20,93.2,22.26,2.06,10.9804,17.2549,104.715,14.2196,9.57,-4.77901,1,8,0,0,0,74.902,0,0,4.608,0,118.4
1090,46291.080,13.9606,14.0109,12.9431,31,-5.46875,0,1915.5,1.24274,20,93.2,21.75,2.04,10.5882,16.8627,102.905,14.2196,9.57,-5.33279,1,8,0,0,0,74.902,0,0,4.608,0,118.4
1091,46291.120,14.0457,14.0109,12.9431,31,-5.46875,0,1898.25,1.86411,20,93.2,21.5,2.02,9.41177,16.4706,93.8366,14.2196,9.425,-5.33279,1,8,0,0,0,74.902,0,0,4.352,0,118.4
1092,46291.160,14.0883,14.1258,13.1065,31,-5.46875,0,1865,1.86411,20,93.2,20.39,2,8.62745,15.6863,87.3906,14.2196,9.28,-5.87162,1,8,0,0,0,74.902,0,0,4.352,0,118.4
1093,46291.200,14.0457,14.1258,13.2682,31,-5.46875,-.78125,1839.5,1.86411,20,93.2,19.44,1.94,8.62745,15.2941,85.4883,14.2196,9.28,-6.07709,1,8,0,0,0,74.902,0,0,4.352,0,118.4
1094,46291.240,13.9606,14.1258,13.2682,31,-6.25,-.78125,1774.25,1.86411,20,93.2,18.48,1.94,8.62745,15.2941,86.5944,14.2196,8.99,-6.07709,1,8,0,0,0,74.902,0,0,4.096,0,118.4
1095,46291.280,14.1714,14.0109,13.4821,31,-6.25,-.78125,1736.75,1.86411,20,93.2,18.56,1.94,8.23529,15.2941,84.9157,14.2196,8.99,-6.08382,1,8,0,0,0,74.902,0,0,4.096,0,118.4
1096,46291.320,13.9606,14.0109,13.4821,31,-7.03125,-.78125,1702.5,1.86411,19.5,93.2,18.26,1.92,8.23529,15.2941,83.194,14.2196,8.845,-6.08382,1,8,0,0,0,74.902,0,0,4.096,0,118.4
1097,46291.360,14.0457,14.0109,13.6101,31,-7.8125,-.78125,1656.25,2.48548,19.5,93.2,18.48,1.94,8.23529,15.6863,83.8406,14.2196,8.845,-6.10313,1,8,0,0,0,74.902,0,0,4.096,0,118.4
1098,46291.400,13.9181,14.0109,13.6595,31,-7.8125,-.78125,1615,2.48548,19,93.2,19.37,1.98,8.23529,15.6863,84.7023,14.2196,8.845,-6.03316,1,8,0,0,0,74.902,0,0,4.096,0,118.4
1099,46291.440,13.9606,14.0109,13.6595,31,-8.59375,-.78125,1585.75,2.48548,18.5,93.2,19.66,1.98,8.23529,16.0784,85.2043,14.2196,8.845,-6.03316,1,8,0,0,0,74.902,0,0,4.096,0,118.4
1100,46291.480,13.9181,14.0109,13.6595,31,-8.59375,-.78125,1557,2.48548,18.5,93.2,19.52,1.98,8.23529,16.4706,85.7013,14.2196,8.99,-6.00003,1,8,0,0,0,74.902,0,0,4.352,0,118.4
1101,46291.520,14.0032,14.0109,13.5978,31,-8.59375,-.78125,1522,2.48548,18,93.2,19.98,1.98,8.23529,16.4706,86.303,14.2196,8.99,-5.97402,1,8,0,0,0,74.902,0,0,4.352,0,118.4
1102,46291.560,14.1289,14.1258,13.5978,31,-9.375,-.78125,1496.5,2.48548,17.5,93.2,19.74,2,8.23529,16.4706,86.7425,14.2196,9.28,-5.97402,1,8,0,0,0,74.902,0,0,4.608,0,118.4
1103,46291.600,14.3823,14.2406,12.1198,31,-8.59375,-.78125,1470.5,3.10686,17,93.2,19.97,1.98,8.23529,16.4706,89.3245,14.2196,9.57,-5.87876,1,8,0,0,0,74.902,0,0,4.864,0,118.4
1104,46291.640,14.508,14.3555,12.1198,31,-8.59375,-.78125,1450.25,3.10686,16.5,93.2,20.14,2,8.62745,17.2549,91.7604,14.2196,9.715,-5.87876,1,8,0,0,0,74.902,0,0,4.864,0,118.4
1105,46291.680,14.7188,14.4703,12.5702,31,-6.25,-.78125,1441.75,3.10686,16,93.2,20.65,2.02,8.62745,18.0392,91.8872,14.2196,10.005,-5.80238,1,8,0,0,0,74.902,0,0,5.12,0,118.4
1106,46291.720,14.6356,14.4703,11.8807,31,-6.25,-.78125,1434,3.10686,15.5,93.2,21.33,2.04,9.01961,18.0392,96.183,14.2196,10.295,-5.73124,1,8,0,0,0,74.902,0,0,5.376,0,118.4
1107,46291.760,14.7188,14.5852,11.8807,31,-6.25,-.78125,1438.25,3.10686,15,93.2,20.99,2.02,9.80392,18.0392,102.537,14.2196,10.585,-5.73124,1,8,0,0,0,74.902,0,0,5.376,0,118.4
1108,46291.800,14.6782,14.5852,11.8247,31,-6.25,-.78125,1438.5,3.10686,15,93.2,20.82,2.04,10.5882,18.0392,108.707,14.2196,10.585,-5.34672,1,8,0,0,0,74.902,0,0,5.376,0,118.4
1109,46291.840,14.7188,14.5852,12.8547,31,-5.46875,-.78125,1451,3.10686,14.5,93.2,21.75,2.04,10.1961,18.4314,106.53,14.2196,10.73,-4.9947,1,8,0,0,0,74.902,0,0,5.376,0,118.4
1110,46291.880,14.5931,14.4703,12.8547,31,-6.25,-.78125,1467.75,3.10686,14.5,93.2,22.09,2.06,10.5882,18.4314,108.555,14.2196,10.875,-4.9947,1,8,0,0,0,74.902,0,0,5.376,0,118.4
1111,46291.920,14.3397,14.3555,12.8218,31,-6.25,-.78125,1491.5,3.72823,14,93.2,21.92,2.04,10.1961,18.8235,106.271,14.2196,11.02,-4.8288,1,8,0,0,0,74.902,0,0,5.376,0,118.4
1112,46291.960,14.2565,14.3555,12.8218,31,-6.25,-.78125,1509.25,3.72823,14,93.2,21.67,2.04,10.1961,18.4314,103.976,14.2196,11.02,-4.8288,1,8,0,0,0,74.902,0,0,5.376,0,118.4
1113,46292.000,14.2565,14.2406,12.8273,31,-6.25,-.78125,1536.25,3.72823,14.5,93.2,21.5,2.02,9.41177,17.6471,97.1271,14.2196,11.02,-5.21357,1,8,0,0,0,74.902,0,0,5.376,0,118.4
1114,46292.040,14.1289,14.2406,12.9098,31,-6.25,-.78125,1577.75,3.72823,15,93.2,20.39,2,9.01961,16.8627,94.6474,14.2196,11.02,-5.71551,1,8,0,0,0,74.902,0,0,5.376,0,118.4
1115,46292.080,14.1289,14.2406,12.9098,31,-7.03125,-.78125,1595,3.72823,15,93.2,19.44,1.96,9.41177,16.8627,98.7518,14.2196,10.875,-5.71551,1,8,0,0,0,74.902,0,0,5.12,0,118.4
1116,46292.120,14.7188,14.1258,13.044,31,-7.03125,-.78125,1610.5,3.72823,15.5,93.2,19.82,1.98,9.41177,16.8627,96.2363,14.2196,10.73,-5.59175,1,8,0,0,0,74.902,0,0,4.864,0,118.4
1117,46292.160,14.5505,14.1258,13.6101,31,-7.8125,-.78125,1622.75,4.3496,16,93.2,19.9,2,8.62745,16.8627,91.4455,14.2196,10.585,-5.80763,1,8,0,0,0,74.902,0,0,4.864,0,118.4
1118,46292.200,14.5505,13.8961,13.6101,31,-8.59375,-.78125,1617.75,4.3496,16,93.2,20.05,2,8.23529,16.4706,84.642,14.2196,10.44,-5.80763,1,8,0,0,0,74.902,0,0,4.864,0,118.4
1119,46292.240,14.508,13.7813,13.428,31,-9.375,-.78125,1629,4.3496,16.5,93.2,19.89,1.98,7.84314,15.6863,81.8158,14.2196,10.295,-6.10338,1,8,0,0,0,74.902,0,0,4.608,0,118.4
1120,46292.280,14.3823,13.7813,13.428,31,-10.1563,-.78125,1634.25,4.3496,16.5,93.2,19.22,1.96,7.45098,15.6863,79.0148,14.2196,10.15,-6.10338,1,8,0,0,0,74.902,0,0,4.608,0,118.4
1121,46292.320,14.3397,13.7813,13.5611,31,-10.9375,-.78125,1625.75,4.3496,17,93.2,18.48,1.94,6.66667,15.2941,68.2775,14.2196,10.005,-6.20035,1,8,0,0,0,74.902,0,0,4.352,0,118.4
1122,46292.360,14.214,13.7813,13.7909,31,-10.9375,-.78125,1619.75,4.3496,17.5,93.2,17.74,1.9,5.09804,14.5098,52.0308,14.2196,9.86,-6.70445,1,8,0,0,0,67.8431,0,0,4.096,0,118.4
1123,46292.400,14.0883,13.6664,13.7909,31,-11.7188,-.78125,1602.25,4.97097,18,93.2,16.68,1.84,1.96078,12.549,22.1603,14.2196,9.57,-6.70445,1,8,0,0,0,67.8431,0,0,4.096,0,118.4
1124,46292.440,14.1714,13.6664,14.7576,31,-12.5,-.78125,1581,4.97097,18.5,93.2,14.04,1.76,.392157,10.5882,2.39844,14.2196,9.28,-8.07159,1,8,0,0,0,18.0392,0,0,3.584,0,120.2
1125,46292.480,14.2565,13.7813,18.6875,31,-12.5,-.78125,1554.5,4.97097,19.5,93.2,11.63,1.66,0,9.01961,0,14.2196,8.41,-8.57084,1,8,0,0,0,0,0,0,3.072,0,120.2
1126,46292.520,14.2972,13.6664,18.6875,31,-13.2813,-.78125,1518.25,4.97097,26.5,93.2,10.05,1.62,0,8.23529,0,14.2196,7.83,-8.57084,1,8,0,0,0,0,0,0,2.816,0,120.2
1127,46292.560,14.0883,13.6664,16.1079,31,-13.2813,-.78125,1464.25,4.97097,27.5,93.2,8.74,1.56,0,8.23529,0,14.2196,7.54,-8.57082,1,8,0,0,0,0,0,0,3.072,0,120.2
1128,46292.600,14.1714,13.5516,16.1079,31,-13.2813,-.78125,1393.5,4.97097,28,93.2,8.1,1.54,0,7.84314,0,14.2196,7.105,-8.57082,1,8,0,0,0,0,0,0,2.56,0,120.2
1129,46292.640,14.214,13.4367,18.7108,31,-14.0625,-.78125,1301.25,4.97097,28.5,93.2,8.08,1.54,0,7.84314,0,14.2196,6.815,-8.57079,1,8,0,0,0,0,0,0,2.56,0,120.2
1130,46292.680,14.1289,13.4367,16.7719,31,-14.0625,-.78125,1256.5,4.97097,28,93.2,7.98,1.52,0,7.45098,0,14.2196,6.67,-8.57076,1,8,0,0,0,0,0,0,2.56,0,120.2
1131,46292.720,13.9606,13.3219,16.7719,31,-14.8438,-.78125,1186.5,5.59234,27,93.2,7.88,1.5,0,7.45098,0,14.2196,6.525,-8.57076,1,8,0,0,0,0,0,0,2.56,0,120.2
1132,46292.760,13.8775,13.3219,15.2511,31,-14.8438,-.78125,1159.5,5.59234,26.5,93.2,7.86,1.5,0,7.45098,0,14.2196,6.525,-8.58317,1,8,0,0,0,0,0,0,2.56,0,120.2
1133,46292.800,14.0032,13.207,15.1666,31,-15.625,-.78125,1119.75,5.59234,25.5,93.2,7.71,1.48,0,7.45098,0,14.2196,6.525,-8.6445,1,8,0,0,0,0,0,0,2.56,0,120.2
1134,46292.840,13.6667,13.207,15.1666,31,-15.625,-.78125,1102.25,5.59234,25,93.2,7.65,1.48,0,7.45098,0,14.2196,6.525,-8.6445,1,8,0,0,0,0,0,0,2.56,0,120.2
1135,46292.880,13.8349,13.207,15.1057,31,-16.4063,-.78125,1056.25,5.59234,24.5,93.2,7.62,1.48,0,7.45098,0,14.2196,6.38,-8.68018,1,8,0,0,0,0,0,0,2.56,0,120.2
1136,46292.920,13.8349,13.207,15.1057,31,-16.4063,-.78125,1028.5,5.59234,24,93.2,7.64,1.48,0,7.45098,0,14.2196,6.38,-8.68018,1,8,0,0,0,0,0,0,2.56,0,120.2
1137,46292.960,13.9606,13.207,15.0453,31,-17.1875,-.78125,1009.5,5.59234,23.5,93.2,7.51,1.48,0,7.45098,0,14.2196,6.38,-8.72832,1,8,0,0,0,0,0,0,2.56,0,120.2
1138,46293.000,13.7498,13.207,14.9556,31,-17.9688,-.78125,1012.75,5.59234,23,93.2,7.67,1.5,0,7.45098,0,14.2196,6.525,-8.74582,1,8,0,0,0,0,0,0,2.56,0,120.2
1139,46293.040,13.7924,13.207,14.9556,31,-17.9688,-.78125,1005.5,5.59234,23,93.2,7.75,1.5,0,7.45098,0,14.2196,6.525,-8.74582,1,8,0,0,0,0,0,0,2.56,0,120.2
1140,46293.080,13.6241,13.207,14.889,31,-18.75,-.78125,1004.75,5.59234,23,93.2,7.71,1.5,0,7.45098,0,14.2196,6.525,-8.74339,1,8,0,0,0,0,0,0,2.56,0,120.2
1141,46293.120,13.7498,13.207,14.8012,31,-18.75,-.78125,1006.25,4.97097,23,93.2,7.73,1.5,0,7.45098,0,14.2196,6.525,-8.74893,1,8,0,0,0,0,0,0,2.56,0,120.2
1142,46293.160,13.7073,13.207,14.8012,31,-18.75,-.78125,987.75,4.97097,23,93.2,7.77,1.5,0,7.45098,0,14.2196,6.525,-8.74893,1,8,0,0,0,0,0,0,2.56,0,120.2
1143,46293.200,13.7498,13.3219,14.7576,31,-19.5313,-.78125,994.75,4.97097,23,93.2,7.77,1.5,0,7.45098,0,14.2196,6.525,-8.75863,1,8,0,0,0,0,0,0,2.56,0,120.2
1144,46293.240,13.8775,13.4367,14.7576,31,-19.5313,-.78125,998.5,4.97097,23,93.2,7.77,1.5,0,7.45098,0,14.2196,6.525,-8.75863,1,8,0,0,0,0,0,0,2.56,0,120.2
1145,46293.280,13.8349,13.4367,14.7144,31,-19.5313,-.78125,983.25,4.97097,23,93.2,7.77,1.5,0,7.45098,0,14.2196,6.525,-8.75596,1,8,0,0,0,0,0,0,2.56,0,120.2
1146,46293.320,13.2451,13.5516,14.6857,31,-19.5313,-.78125,998,4.97097,23,93.2,7.77,1.5,0,7.45098,0,14.2196,6.525,-8.75789,1,8,0,0,0,0,0,0,2.56,0,120.2
1147,46293.360,13.3708,13.6664,14.6857,31,-19.5313,-.78125,1010.75,4.97097,22.5,93.2,7.75,1.5,0,7.45098,0,14.2196,6.525,-8.75789,1,8,0,0,0,0,0,0,2.56,0,120.2
1148,46293.400,13.539,13.7813,14.6499,31,-20.3125,-.78125,994.5,4.97097,23,93.2,7.77,1.5,0,7.45098,0,14.2196,6.525,-8.74484,1,8,0,0,0,0,0,0,2.56,0,120.2
1149,46293.440,13.4984,13.8961,14.6357,31,-20.3125,-.78125,992.5,4.97097,23,93.2,7.77,1.5,0,7.45098,0,14.2196,6.525,-8.75889,1,8,0,0,0,0,0,0,2.56,0,120.2
1150,46293.480,13.7073,14.0109,14.6357,31,-20.3125,-.78125,1001.5,4.97097,22.5,93.2,7.79,1.5,0,7.45098,0,14.2196,6.525,-8.75889,1,8,0,0,0,0,0,0,2.56,0,120.2
1151,46293.520,13.8349,14.1258,14.6215,31,-20.3125,-.78125,983.25,4.3496,23,93.2,7.79,1.52,0,7.45098,0,14.2196,6.525,-8.75349,1,8,0,0,0,0,0,0,2.56,0,120.2
1152,46293.560,13.7073,14.1258,14.6215,31,-20.3125,-.78125,990,4.3496,23,93.2,7.8,1.5,0,7.45098,0,14.2196,6.525,-8.75349,1,8,0,0,0,0,0,0,2.56,0,120.2
1153,46293.600,14.0032,14.2406,14.6073,31,-20.3125,-.78125,985.75,4.3496,23,93.2,7.77,1.5,0,7.45098,0,14.2196,6.525,-8.76394,1,8,0,0,0,0,0,0,2.56,0,120.2
1154,46293.640,14.1714,14.3555,14.5508,31,-20.3125,-.78125,969.5,4.3496,22.5,93.2,7.71,1.5,0,7.45098,0,14.2196,6.525,-8.78287,1,8,0,0,0,0,0,0,2.56,0,120.2
1155,46293.680,14.3823,14.4703,14.5508,31,-19.5313,-.78125,968.5,4.3496,22.5,93.2,7.75,1.5,0,7.45098,0,14.2196,6.525,-8.78287,1,8,0,0,0,0,0,0,2.56,0,120.2
1156,46293.720,14.5505,14.5852,14.5508,31,-19.5313,-.78125,969,4.3496,22.5,93.2,7.75,1.5,0,7.45098,0,14.2196,6.525,-8.79146,1,8,0,0,0,0,0,0,2.56,0,120.2
1157,46293.760,14.6356,14.5852,14.5438,31,-19.5313,-.78125,956.25,4.3496,22.5,93.2,7.82,1.52,0,7.45098,0,14.2196,6.525,-8.79504,1,8,0,0,0,0,0,0,2.56,0,120.2
1158,46293.800,14.8039,14.7,14.5438,31,-19.5313,-.78125,959.25,4.3496,22.5,93.2,7.82,1.52,0,7.45098,0,14.2196,6.67,-8.79504,1,8,0,0,0,0,0,0,2.56,0,120.2
1159,46293.840,14.7188,14.8148,14.5367,31,-19.5313,-.78125,950,4.3496,22.5,93.2,7.82,1.5,0,7.45098,0,14.2196,6.67,-8.80099,1,8,0,0,0,0,0,0,2.56,0,120.2
1160,46293.880,14.7613,14.8148,14.5367,31,-19.5313,-.78125,933,4.3496,22.5,93.2,7.69,1.48,0,7.05882,0,14.2196,6.67,-8.80099,1,8,0,0,0,0,0,0,2.56,0,120.2
1161,46293.920,14.9296,14.9297,14.5367,31,-19.5313,-.78125,940.5,3.72823,22.5,93.2,7.53,1.48,0,7.05882,0,14.2196,6.67,-8.81661,1,8,0,0,0,0,0,0,2.56,0,120.2
1162,46293.960,14.9721,14.9297,14.5297,31,-19.5313,-.78125,939.75,3.72823,22.5,93.2,7.28,1.48,0,7.05882,0,14.2196,6.67,-8.8104,1,8,0,0,0,0,0,0,2.56,0,120.2
1163,46294.000,15.1829,15.0445,14.5297,31,-18.75,-.78125,954.5,3.72823,22.5,93.2,7.28,1.48,0,7.05882,0,14.2196,6.67,-8.8104,1,8,0,0,0,0,0,0,2.56,0,120.2
1164,46294.040,15.3086,15.1594,14.5367,31,-18.75,-.78125,948.75,3.72823,22.5,93.2,7.55,1.5,0,7.45098,0,14.2196,6.67,-8.81125,1,8,0,0,0,0,0,0,2.56,0,120.2
1165,46294.080,15.3937,15.1594,14.4599,31,-18.75,-.78125,926.5,3.72823,22.5,93.2,7.71,1.5,0,7.45098,0,14.2196,6.67,-8.82259,1,8,0,0,0,0,0,0,2.56,0,120.2
1166,46294.120,15.4363,15.2742,14.4599,31,-17.9688,-.78125,919.5,3.72823,22.5,93.2,7.71,1.5,0,7.45098,0,14.2196,6.67,-8.82259,1,8,0,0,0,0,0,0,2.56,0,120.2
1167,46294.160,15.562,15.2742,14.4322,31,-17.9688,-.78125,905.75,3.10686,22.5,93.2,7.75,1.5,0,7.45098,0,14.2196,6.815,-8.8415,1,8,0,0,0,0,0,0,2.56,0,120.2
1168,46294.200,15.4363,15.2742,14.4322,31,-17.9688,-.78125,901.25,3.10686,22.5,93.2,7.75,1.5,0,7.45098,0,14.2196,6.815,-8.8415,1,8,0,0,0,0,0,0,2.56,0,120.2
1169,46294.240,15.6471,15.3891,14.3839,31,-17.1875,-.78125,907,3.10686,22.5,93.2,7.79,1.5,0,7.45098,0,14.2196,6.815,-8.84568,1,8,0,0,0,0,0,0,2.816,0,120.2
1170,46294.280,15.6877,15.5039,14.3224,31,-17.1875,-.78125,891.75,3.10686,22.5,93.2,7.75,1.5,0,7.45098,0,14.2196,6.96,-8.85447,1,8,0,0,0,0,0,0,2.56,0,120.2
1171,46294.320,15.8153,15.5039,14.3224,31,-17.1875,-.78125,901.5,3.10686,22,93.2,7.71,1.5,0,7.45098,0,14.2196,6.96,-8.85447,1,8,0,0,0,0,0,0,2.816,0,120.2
1172,46294.360,15.8153,15.6187,13.6844,31,-17.1875,-.78125,904.75,3.10686,22,93.2,7.67,1.5,0,7.45098,0,14.2196,6.96,-8.8455,1,8,0,0,0,0,0,0,2.816,0,120.2
1173,46294.400,16.4458,15.7336,14.2142,31,-16.4063,-.78125,914.75,2.48548,22,93.2,7.67,1.48,0,7.45098,0,14.2196,7.105,-8.82857,1,8,0,0,0,0,0,0,2.816,0,120.2
1174,46294.440,16.616,15.7336,14.2142,31,-16.4063,-.78125,932.25,2.48548,22,93.2,7.71,1.5,0,7.45098,0,14.2196,7.105,-8.82857,1,8,0,0,0,0,0,0,2.816,0,120.2
1175,46294.480,16.6992,15.8484,14.2209,31,-15.625,-.78125,933.25,2.48548,22,93.2,7.69,1.5,0,7.45098,0,14.2196,7.105,-8.81732,1,8,0,0,0,0,0,0,2.816,0,120.2
1176,46294.520,16.7417,15.9633,14.2209,30,-15.625,-.78125,947.5,2.48548,22,93.2,7.67,1.5,0,7.45098,0,14.2196,7.105,-8.81732,1,8,0,0,0,0,0,0,2.816,0,120.2
1177,46294.560,16.91,15.9633,14.2209,30,-14.8438,-.78125,969.5,2.48548,22,93.2,7.69,1.5,0,7.45098,0,14.2196,7.105,-8.80343,1,8,0,0,0,0,0,0,2.816,0,120.2
1178,46294.600,16.91,15.9633,14.2276,30,-14.8438,-.78125,974.25,2.48548,21.5,93.2,7.73,1.5,0,7.45098,0,14.2196,7.105,-8.77884,1,8,0,0,0,0,0,0,2.816,0,120.2
1179,46294.640,16.91,15.9633,14.2276,30,-14.0625,-.78125,988,1.86411,20,93.2,7.71,1.48,0,7.05882,0,14.2196,7.105,-8.77884,1,8,0,0,0,0,0,0,2.816,0,120.2
1180,46294.680,17.0357,16.0781,14.2681,30,-14.0625,-.78125,990.75,1.86411,19.5,93.2,7.42,1.46,0,7.05882,0,14.2196,7.105,-8.77013,1,8,0,0,0,0,0,0,2.816,0,120.2
1181,46294.720,17.2059,16.0781,14.2884,30,-13.2813,-.78125,991.5,1.86411,19.5,93.2,7.28,1.46,0,6.66667,0,14.2196,6.96,-8.76312,1,8,0,0,0,0,0,0,2.816,0,120.2
1182,46294.760,17.0357,16.0781,14.2884,30,-13.2813,-.78125,1014.25,1.86411,17,93.2,6.81,1.46,0,6.66667,0,14.2196,6.96,-8.76312,1,8,0,0,0,0,0,0,2.816,0,120.2
1183,46294.800,17.0782,15.9633,14.336,30,-13.2813,-.78125,1001,1.86411,18.5,93.2,6.63,1.44,0,6.66667,0,14.2196,6.96,-8.75809,1,8,0,0,0,0,0,0,2.816,0,120.2
1184,46294.840,17.1208,15.9633,14.336,30,-12.5,-.78125,1002,1.86411,18.5,93.2,6.59,1.46,0,6.66667,0,14.2196,6.96,-8.75809,1,8,0,0,0,0,0,0,2.56,0,120.2
1185,46294.880,16.91,15.9633,14.3977,30,-12.5,-.78125,1000.5,1.86411,18.5,93.2,6.59,1.46,0,7.05882,0,14.2196,6.96,-8.75346,1,8,0,0,0,0,0,0,2.56,0,120.2
1186,46294.920,16.91,15.9633,14.4599,30,-12.5,-.78125,982.25,1.86411,20,93.2,6.91,1.46,0,7.05882,0,14.2196,6.815,-8.77203,1,8,0,0,0,0,0,0,2.56,0,120.2
1187,46294.960,16.9525,15.8484,14.4599,30,-11.7188,-.78125,980,1.86411,20.5,93.2,7.21,1.5,0,7.45098,0,14.2196,6.815,-8.77203,1,8,0,0,0,0,0,0,2.56,0,120.2
1188,46295.000,16.91,15.7336,14.579,30,-11.7188,-.78125,987.75,1.86411,19.5,93.2,7.66,1.52,0,7.45098,0,14.2196,6.815,-8.77368,1,8,0,0,0,0,0,0,2.56,0,120.2
1189,46295.040,16.7417,15.6187,14.579,30,-11.7188,-.78125,974.5,1.86411,20.5,93.2,7.8,1.5,0,7.45098,0,14.2196,6.815,-8.78007,1,8,0,0,0,0,0,0,2.56,0,120.2
1190,46295.080,16.8674,15.5039,14.579,30,-11.7188,-.78125,969,1.86411,20.5,93.2,7.82,1.52,0,7.45098,0,14.2196,6.815,-8.78007,1,8,0,0,0,0,0,0,2.56,0,120.2
1191,46295.120,16.616,15.5039,14.5719,30,-11.7188,-.78125,967.5,1.24274,20.5,93.2,7.88,1.52,0,7.45098,0,14.2196,6.815,-8.78394,1,8,0,0,0,0,0,0,2.56,0,120.2
1192,46295.160,16.5735,15.5039,14.5719,30,-10.9375,-.78125,933.25,1.24274,23,93.2,7.9,1.52,.392157,7.45098,2.39844,14.2196,6.815,-8.78394,1,8,0,0,0,0,0,0,2.816,0,120.2
1193,46295.200,16.3201,15.3891,14.5649,30,-10.9375,-.78125,917.75,1.24274,23,93.2,7.84,1.5,.784314,7.45098,6.00019,14.2196,6.815,-8.73853,1,8,0,0,0,0,0,0,2.816,0,120.2
1194,46295.240,16.4052,15.5039,14.5508,30,-10.9375,-.78125,927.75,1.24274,23.5,93.2,7.82,1.5,1.17647,7.45098,12.2289,14.2196,6.815,-8.53228,1,8,0,0,0,9.80392,0,0,2.816,0,120.2
1195,46295.280,16.3201,15.5039,14.5508,30,-10.9375,-.78125,927.75,1.24274,23.5,93.2,7.82,1.52,1.17647,7.45098,15.344,14.2196,6.815,-8.53228,1,8,0,0,0,9.80392,0,0,2.816,0,120.2
1196,46295.320,16.3201,15.5039,14.4669,30,-10.1563,-.78125,941.75,1.24274,22.5,93.2,7.84,1.52,1.17647,7.84314,15.3186,14.2196,6.815,-8.32068,1,8,0,0,0,16.4706,0,0,2.816,0,120.2
1197,46295.360,16.1093,15.5039,14.4322,30,-10.1563,-.78125,954.5,1.24274,22,93.2,7.96,1.54,1.56863,8.23529,18.397,14.2196,6.96,-8.20919,1,8,0,0,0,19.6078,0,0,2.816,0,120.2
1198,46295.400,16.1519,15.6187,14.4322,30,-10.1563,-.78125,919.25,1.24274,25,93.2,8.18,1.56,1.96078,8.62745,21.5968,14.2196,6.96,-8.20919,1,8,0,0,0,19.6078,0,0,2.816,0,120.2
1199,46295.440,16.237,15.6187,14.4115,30,-9.375,-.78125,924.75,1.24274,25,93.2,8.49,1.58,2.7451,9.01961,34.0497,14.2196,6.96,-8.02028,1,8,0,0,0,26.6667,0,0,2.816,0,120.2
1200,46295.480,16.237,15.7336,14.4115,30,-9.375,-.78125,931,1.24274,24.5,93.2,8.8,1.58,5.09804,10.1961,58.9293,14.2196,6.96,-8.02028,1,8,0,0,0,26.6667,0,0,2.816,0,120.2
1201,46295.520,15.6877,15.7336,14.3634,30,-7.03125,-.78125,942.5,1.24274,19.5,93.2,9.95,1.66,7.84314,11.7647,92.9506,14.2196,7.105,-6.89565,1,8,0,0,0,63.1373,0,0,3.072,0,120.2
1202,46295.560,15.8985,15.8484,13.5428,30,-6.25,-.78125,951.5,1.24274,19.5,93.2,11.34,1.78,10.5882,14.5098,109.477,14.2196,7.83,-5.21549,1,8,0,0,0,74.902,0,0,4.608,0,120.2
1203,46295.600,16.1093,15.8484,13.5428,30,-5.46875,-.78125,968.75,0,19,95,13.84,1.92,11.7647,16.4706,116.597,14.2196,8.41,-5.21549,1,8,0,0,0,74.902,0,0,5.632,0,120.2
1204,46295.640,16.1093,15.8484,7.4097,30,-3.90625,-.78125,1056.5,0,17.5,95,18.78,1.96,12.549,16.8627,120.012,14.2196,9.715,-4.01275,1,8,0,0,0,74.902,0,0,6.144,0,120.2
1205,46295.680,16.0668,15.6187,8.36499,30,-3.125,-.78125,1116,0,17,95,19.59,2,12.549,17.2549,121.472,14.2196,10.15,-3.71664,1,8,0,0,0,74.902,0,0,6.4,0,120.2
1206,46295.720,15.8985,15.2742,8.36499,30,-3.90625,-.78125,1240.75,0,16,95,19.82,1.98,12.549,17.2549,122.772,14.2196,10.44,-3.71664,1,8,0,0,0,74.902,0,0,6.144,0,120.2
1207,46295.760,14.7613,14.5852,11.4514,30,-4.6875,-.78125,1312.25,0,16,95,19.52,1.96,12.1569,17.2549,121.066,14.2196,10.585,-3.6054,1,8,0,0,0,74.902,0,0,5.12,0,120.2
1208,46295.800,12.7809,14.1258,11.4514,30,-4.6875,-.78125,1457.75,0,16,95,19.22,1.98,12.1569,17.2549,121.377,14.2196,10.73,-3.6054,1,8,0,0,0,74.902,0,0,5.12,0,120.2
1209,46295.840,12.3187,13.6664,12.3081,30,-4.6875,-.78125,1660.25,0,17,95,19.15,1.96,12.1569,17.2549,120.782,14.2196,10.585,-3.72486,1,8,0,0,0,74.902,0,0,5.12,0,120.2
1210,46295.880,12.3593,13.207,12.4764,30,-4.6875,-.78125,1775.75,0,18,95,19.44,1.98,12.1569,17.2549,119.058,14.2196,10.44,-3.84162,1,8,0,0,0,74.902,0,0,4.864,0,120.2
1211,46295.920,12.5701,13.0922,12.4764,30,-4.6875,-.78125,1874.25,0,19,95,19.98,2,12.1569,17.2549,117.586,14.2196,10.295,-3.84162,1,8,0,0,0,74.902,0,0,4.608,0,120.2
1212,46295.960,13.2451,13.3219,13.0553,30,-4.6875,-.78125,1976.5,0,19.5,95,21.07,2.04,12.549,17.6471,118.406,14.2196,10.005,-3.89503,1,8,0,0,0,74.902,0,0,4.352,0,120.2
1213,46296.000,13.7073,13.6664,13.3506,30,-3.90625,-.78125,2072,0,20,95,22.34,2.08,12.549,17.6471,117.064,14.2196,9.715,-4.05505,1,8,0,0,0,74.902,0,0,4.352,0,120.2
1214,46296.040,13.8775,13.8961,13.3506,30,-3.125,-.78125,2118.25,0,20.5,95,22.84,2.08,12.1569,17.6471,113.98,14.2196,9.57,-4.05505,1,8,0,0,0,74.902,0,0,4.352,0,120.2
1215,46296.080,14.214,14.1258,13.3152,30,-3.125,-.78125,2143.5,0,20.5,95,22.92,2.08,12.1569,17.2549,113.768,14.2196,9.28,-4.38147,1,8,0,0,0,74.902,0,0,4.352,0,120.2
1216,46296.120,14.3397,14.3555,13.3152,30,-3.125,-.78125,2115.25,0,21,95,22.26,2.04,11.7647,17.2549,109.15,14.2196,9.135,-4.38147,1,8,0,0,0,74.902,0,0,4.096,0,120.2
1217,46296.160,14.4248,14.3555,13.5794,30,-2.34375,-.78125,2018,0,20.5,95,22.34,2.04,11.7647,16.8627,110.718,14.2196,8.99,-4.77191,1,8,0,0,0,74.902,0,0,4.096,0,120.2
1218,46296.200,14.3823,14.3555,13.8162,30,-3.125,-.78125,1866.75,0,20,95,21.58,2.04,10.9804,17.2549,107.51,14.2196,8.845,-4.79397,1,8,0,0,0,74.902,0,0,4.096,0,120.2
1219,46296.240,14.214,14.3555,13.8162,30,-3.125,-.78125,1716,0,19,95,23.09,2.12,10.9804,19.2157,110.709,14.2196,8.845,-4.79397,1,8,0,0,0,74.902,0,0,4.352,0,120.2
1220,46296.280,14.214,14.3555,13.8289,30,-3.125,-.78125,1528.25,0,17,95,25.16,2.16,10.9804,20.7843,112.701,14.2196,9.135,-4.63837,1,8,0,0,0,74.902,0,0,4.864,0,120.2
1221,46296.320,14.3823,14.3555,8.63862,30,-3.125,-.78125,1346,0,14.5,95,28.13,2.2,11.3725,21.9608,115.179,14.2196,10.585,-4.44503,1,8,0,0,0,74.902,0,0,7.936,0,120.2
1222,46296.360,14.2972,14.3555,8.63862,30,-3.125,-.78125,1254.25,0,13,95,28.78,2.18,11.3725,22.7451,115.316,14.2196,11.31,-4.44503,1,8,0,0,0,74.902,0,0,7.68,0,120.2
1223,46296.400,14.3823,14.3555,8.82086,30,-3.125,0,1078,1.24274,9.5,95,25.83,2.1,10.9804,22.7451,112.93,14.2196,12.325,-4.25716,1,8,0,0,0,74.902,0,0,7.68,0,120.2
1224,46296.440,14.1714,14.3555,8.82086,31,-3.125,0,996.5,1.24274,9,95,23.21,2.02,10.9804,22.3529,112.489,14.2196,12.76,-4.25716,1,8,0,0,0,74.902,0,0,7.68,0,120.2
1225,46296.480,14.2565,14.0109,9.51204,31,-3.90625,0,900.75,1.86411,8.5,95,20.84,1.92,10.1961,21.5686,106.764,14.2196,13.05,-4.48604,1,8,0,0,0,74.902,0,0,7.68,0,120.2
1226,46296.520,13.6241,13.6664,10.062,31,-4.6875,0,818,1.86411,8,95,18.79,1.84,9.41177,21.1765,103.39,14.2196,13.34,-5.16564,1,8,0,0,0,74.902,0,0,7.68,0,120.2
1227,46296.560,13.2025,13.4367,10.062,31,-6.25,0,722,2.48548,8,95,16.33,1.76,9.41177,21.1765,103.505,14.2196,13.34,-5.16564,1,8,0,0,0,74.902,0,0,6.912,0,120.2
1228,46296.600,12.9492,13.207,11.5039,31,-4.6875,-.78125,620.25,2.48548,8,95,13.6,1.72,9.41177,20.7843,103.505,14.2196,13.485,-5.35222,1,8,0,0,2,74.902,0,0,7.168,0,120.2
1229,46296.640,13.0343,13.0922,11.6915,31,-4.6875,-.78125,520.75,3.10686,8,95,11.52,1.68,10.1961,21.1765,108.031,14.2196,13.63,-4.96466,1,8,0,0,2,74.902,0,0,7.168,0,120.2
1230,46296.680,12.6977,12.9773,11.6915,31,-4.6875,-.78125,520.75,3.10686,8,95,11.52,1.6,11.3725,22.3529,112.558,14.2196,13.63,-4.96466,1,8,0,0,2,74.902,0,0,7.68,0,120.2
1231,46296.720,12.4869,12.7477,10.9594,31,-4.6875,-.78125,510,3.10686,7.5,95,10.23,1.64,11.7647,23.5294,114.821,14.2196,13.775,-4.38329,1,8,0,0,0,74.902,0,0,7.68,0,120.2
1232,46296.760,12.2761,12.6328,11.4775,31,-4.6875,-.78125,600,3.10686,8,95,10.19,1.7,12.549,23.9216,117.083,14.2196,13.92,-4.38329,1,8,0,0,0,74.902,0,0,7.168,0,120.2
1233,46296.800,12.3593,12.6328,11.4775,31,-4.6875,-.78125,733.25,3.72823,8,95,10.69,1.76,12.549,24.3137,117.083,14.2196,13.92,-4.09264,1,8,0,0,0,74.902,0,0,6.912,0,120.2
1234,46296.840,12.2761,12.518,11.9277,31,-4.6875,-.78125,812.5,3.72823,8,95,11.84,1.78,12.1569,24.3137,116.105,14.2196,13.92,-4.18961,1,8,0,0,0,74.902,0,0,6.912,0,120.2
1235,46296.880,12.191,12.4031,11.9277,31,-4.6875,-.78125,845.25,3.72823,8,95,12.74,1.8,11.7647,23.9216,114.085,14.2196,13.92,-4.18961,1,8,0,0,0,74.902,0,0,6.656,0,120.2
1236,46296.920,12.2336,12.4031,12.0134,31,-4.6875,-.78125,835.5,3.72823,8,95,13.85,1.78,11.3725,23.1373,112.807,14.2196,13.775,-4.34949,1,8,0,0,0,74.902,0,0,6.656,0,120.2
1237,46296.960,12.3187,12.4031,12.0955,31,-4.6875,-.78125,837.75,4.3496,8,95,14.21,1.78,11.7647,22.7451,114.02,14.2196,13.775,-4.45747,1,8,0,0,0,74.902,0,0,6.656,0,120.2
1238,46297.000,12.3187,12.4031,12.0955,31,-4.6875,-.78125,843.25,4.3496,8,95,14.12,1.8,11.7647,22.7451,114.068,14.2196,13.775,-4.45747,1,8,0,0,0,74.902,0,0,6.656,0,120.2
1239,46297.040,12.1485,12.518,12.159,31,-4.6875,-.78125,893.5,4.97097,8.5,95,14.55,1.84,11.3725,22.7451,113.218,14.2196,13.775,-4.43767,1,8,0,0,0,74.902,0,0,6.656,0,120.2
1240,46297.080,12.4444,12.518,12.2281,31,-5.46875,-.78125,932.5,4.97097,9,95,14.82,1.86,10.9804,21.9608,110.783,14.2196,13.775,-4.43767,1,8,0,0,0,74.902,0,0,6.4,0,120.2
1241,46297.120,12.5275,12.6328,12.2281,31,-5.46875,-.78125,964,4.97097,9,95,14.99,1.84,10.5882,21.1765,109.491,14.2196,13.63,-4.63225,1,8,0,0,0,74.902,0,0,6.4,0,120.2
1242,46297.160,12.3187,12.7477,12.3131,31,-6.25,-.78125,1019,4.97097,9.5,95,15.71,1.86,11.7647,21.1765,115.492,14.2196,13.485,-4.48239,1,8,0,0,0,74.902,0,0,6.4,0,120.2
1243,46297.200,13.4133,12.7477,12.3131,31,-7.03125,-.78125,1038,5.59234,9.5,95,16.29,1.9,11.7647,21.5686,117.31,14.2196,13.485,-4.48239,1,8,0,0,0,74.902,0,0,5.888,0,120.2
1244,46297.240,13.4984,12.8625,12.6123,31,-7.8125,-.78125,1045,5.59234,9.5,95,16.75,1.9,11.7647,22.3529,115.837,14.2196,13.34,-4.07331,1,8,0,0,0,74.902,0,0,5.888,0,122
1245,46297.280,13.539,12.9773,12.4971,31,-8.59375,-.78125,1068.75,5.59234,9.5,95,17.74,1.94,11.3725,21.9608,114.458,14.2196,13.34,-4.32064,1,8,0,0,0,74.902,0,0,5.888,0,122
1246,46297.320,13.6241,12.9773,12.4971,31,-9.375,-.78125,1097.5,5.59234,9.5,95,17.81,1.92,10.9804,21.5686,113.028,14.2196,13.34,-4.32064,1,8,0,0,0,74.902,0,0,5.888,0,122
1247,46297.360,13.6241,13.0922,12.5754,31,-10.9375,-.78125,1169.5,6.21371,10,95,17.96,1.94,10.9804,21.5686,113.416,14.2196,13.34,-4.42384,1,8,0,0,0,74.902,0,0,5.632,0,122
1248,46297.400,13.7498,13.3219,12.6494,31,-10.9375,-.78125,1190,6.21371,10.5,95,18.41,1.96,10.9804,21.5686,111.735,14.2196,13.195,-4.42384,1,8,0,0,0,74.902,0,0,5.632,0,122
1249,46297.440,13.8349,13.4367,12.6494,31,-11.7188,-.78125,1221,6.21371,10.5,95,19.29,1.98,10.9804,21.5686,113.522,14.2196,13.05,-4.5507,1,8,0,0,0,74.902,0,0,5.632,0,122
1250,46297.480,14.0883,13.5516,12.7837,31,-11.7188,-.78125,1244,6.21371,10.5,95,19.59,1.98,10.9804,21.5686,111.599,14.2196,13.05,-4.40322,1,8,0,0,0,74.902,0,0,5.632,0,122
1251,46297.520,14.214,13.7813,12.7837,31,-11.7188,-.78125,1264.5,6.83508,10.5,95,20.08,2,9.41177,21.1765,102.088,14.2196,12.905,-4.40322,1,8,0,0,0,74.902,0,0,5.632,0,122
1252,46297.560,14.2972,13.8961,12.8987,31,-11.7188,-.78125,1292.5,6.83508,10.5,95,20.31,2,8.23529,20.3922,90.2862,14.2196,12.905,-5.60864,1,8,0,0,0,74.902,0,0,5.632,0,122
1253,46297.600,14.5931,14.1258,13.0046,31,-10.9375,-.78125,1321.5,6.83508,11,95,19.6,1.96,8.23529,19.6078,89.7868,14.2196,12.76,-5.93481,1,8,0,0,0,74.902,0,0,5.376,0,122
1254,46297.640,15.0978,14.3555,13.0046,31,-10.9375,-.78125,1354.5,6.83508,11,95,19.44,1.98,9.01961,19.2157,95.2031,14.2196,12.615,-5.93481,1,8,0,0,0,74.902,0,0,5.376,0,122
1255,46297.680,15.0572,14.4703,13.5245,31,-10.1563,-.78125,1396.75,7.45645,11.5,95,20.23,2,9.80392,20.3922,103.066,14.2196,12.47,-5.58007,1,8,0,0,0,74.902,0,0,5.12,0,122
1256,46297.720,15.268,14.5852,13.5428,31,-10.1563,-.78125,1406.25,7.45645,11.5,95,20.99,2.04,9.01961,20.7843,96.5554,14.2196,12.325,-5.58007,1,8,0,0,0,74.902,0,0,5.376,0,122
1257,46297.760,15.3512,14.5852,13.5428,31,-10.1563,-.78125,1435.25,7.45645,12,95,22,2.06,8.23529,20.3922,87.8242,14.2196,12.325,-5.65966,1,8,0,0,0,74.902,0,0,5.376,0,122
1258,46297.800,15.268,14.5852,13.3743,31,-9.375,-.78125,1462.25,7.45645,12,95,21.92,2.04,7.84314,19.6078,84.6883,14.2196,12.18,-6.01421,1,8,0,0,0,74.902,0,0,5.376,0,122
1259,46297.840,15.2255,14.5852,13.3743,31,-9.375,-.78125,1479.75,8.07783,12.5,95,21.33,2.04,8.23529,19.2157,87.0569,14.2196,12.18,-6.01421,1,8,0,0,0,74.902,0,0,5.376,0,122
1260,46297.880,15.3937,14.5852,13.4942,31,-9.375,-.78125,1487.5,8.07783,12.5,95,21.5,2.04,8.23529,19.2157,86.9233,14.2196,12.035,-5.95388,1,8,0,0,0,74.902,0,0,5.376,0,122
1261,46297.920,15.3937,14.5852,13.6471,31,-9.375,-.78125,1502.75,8.07783,13,95,21.5,2.06,8.23529,19.6078,86.6588,14.2196,11.89,-5.8926,1,8,0,0,0,74.902,0,0,5.12,0,122
1262,46297.960,15.2255,14.5852,13.6471,31,-9.375,-.78125,1528,8.07783,13,95,22.09,2.06,8.23529,19.6078,86.2247,14.2196,11.745,-5.8926,1,8,0,0,0,74.902,0,0,5.12,0,122
1263,46298.000,15.268,14.5852,13.7406,31,-9.375,-.78125,1554,8.6992,13,95,22.51,2.06,7.84314,19.6078,83.1237,14.2196,11.745,-6.06211,1,8,0,0,0,74.902,0,0,5.12,0,122
1264,46298.040,15.2255,14.4703,13.7406,31,-9.375,-.78125,1611,8.6992,13.5,95,22.84,2.08,8.23529,19.6078,87.5797,14.2196,11.745,-6.06211,1,8,0,0,0,74.902,0,0,5.12,0,122
1265,46298.080,15.1829,14.4703,13.8289,31,-9.375,-.78125,1639,8.6992,14,95,22.84,2.08,8.23529,19.6078,86.6068,14.2196,11.6,-5.9338,1,8,0,0,0,74.902,0,0,5.12,0,122
1266,46298.120,15.268,14.4703,13.912,31,-9.375,-.78125,1665.25,8.6992,14.5,95,23.34,2.08,8.23529,19.6078,86.1586,14.2196,11.6,-5.98211,1,8,0,0,0,74.902,0,0,5.12,0,122
1267,46298.160,15.1404,14.5852,13.912,31,-9.375,-.78125,1684.5,9.32057,14.5,95,23.75,2.08,7.84314,19.6078,80.9211,14.2196,11.455,-5.98211,1,8,0,0,0,74.902,0,0,4.864,0,122
1268,46298.200,15.1829,14.5852,14.0091,31,-8.59375,0,1707.25,9.32057,14.5,95,23.67,2.1,7.45098,19.2157,77.8675,14.2196,11.455,-6.26547,1,8,0,0,0,74.902,0,0,4.864,0,122
1269,46298.240,15.2255,14.7,14.0812,31,-8.59375,0,1707.75,9.32057,15,95,23.42,2.08,7.45098,19.2157,77.8579,14.2196,11.31,-6.28791,1,8,0,0,0,74.902,0,0,4.864,0,122
1270,46298.280,15.4769,14.7,14.0812,31,-7.8125,0,1726.75,9.32057,15,95,23.34,2.08,7.45098,19.2157,74.8909,14.2196,11.31,-6.28791,1,8,0,0,0,74.902,0,0,4.864,0,122
1271,46298.320,15.3086,14.8148,14.2008,31,-7.8125,0,1743,9.32057,15.5,95,23.59,2.08,5.4902,18.4314,56.0971,14.2196,11.165,-6.59479,1,8,0,0,0,74.5098,0,0,4.864,0,122
1272,46298.360,15.3937,14.8148,14.3428,31,-7.03125,0,1767.25,9.32057,16,95,22.34,2.04,3.13725,17.2549,32.1106,14.2196,11.02,-6.59479,1,8,0,0,0,74.5098,0,0,4.608,0,122
1273,46298.400,15.562,14.9297,14.3428,31,-7.03125,-.78125,1784.25,9.32057,16.5,95,19.94,1.94,1.17647,14.902,11.0126,14.2196,10.73,-7.88376,1,8,0,0,0,51.3725,0,0,4.352,0,122
1274,46298.440,15.6045,14.9297,16.3529,31,-7.03125,-.78125,1804.25,9.32057,17.5,95,17.96,1.88,.784314,13.7255,5.75911,14.2196,10.295,-8.78055,1,8,0,0,0,42.7451,0,0,4.096,0,122
1275,46298.480,15.8153,14.9297,16.3529,31,-6.25,-.78125,1786,9.94194,18.5,95,15.67,1.84,.392157,12.9412,2.39844,14.2196,9.57,-8.78055,1,8,0,0,0,42.7451,0,0,3.84,0,122
1276,46298.520,15.6471,14.8148,15.6068,31,-6.25,-.78125,1778.75,9.94194,19.5,95,14.91,1.82,.392157,12.9412,2.39844,14.2196,9.135,-8.9473,1,8,0,0,0,36.0784,0,0,3.328,0,122
1277,46298.560,15.2255,14.7,17.057,31,-7.03125,-.78125,1794.25,9.94194,20.5,95,14.31,1.82,.392157,12.9412,2.39844,14.2196,8.555,-8.94055,1,8,0,0,0,35.6863,0,0,3.328,0,122
1278,46298.600,14.5505,14.5852,17.057,31,-7.03125,-.78125,1801.75,9.94194,21,95,14.22,1.82,.392157,12.9412,2.39844,14.2196,8.41,-8.94055,1,8,0,0,0,35.6863,0,0,3.328,0,122
1279,46298.640,14.3823,14.4703,15.9796,31,-7.03125,-.78125,1823,9.94194,22,95,13.96,1.82,.392157,12.9412,3.23561,14.2196,8.12,-8.9875,1,8,0,0,0,39.2157,0,0,3.328,0,122
1280,46298.680,14.5505,14.4703,15.3131,31,-7.8125,-.78125,1854.75,9.94194,23.5,95,13.96,1.8,.392157,12.9412,3.23508,14.2196,7.83,-8.9875,1,8,0,0,0,39.2157,0,0,3.328,0,122
1281,46298.720,14.3823,14.3555,15.3131,31,-7.8125,-.78125,1873.25,9.94194,24,95,14.57,1.82,.392157,12.9412,3.23456,14.2196,7.685,-9.08247,1,8,0,0,0,49.0196,0,0,3.072,0,122
1282,46298.760,14.5505,14.4703,15.2511,31,-7.8125,-.78125,1895.5,9.94194,25,95,14.57,1.82,.392157,12.9412,3.23403,14.2196,7.54,-9.14796,1,8,0,0,0,54.1176,0,0,3.072,0,122
1283,46298.800,14.4673,14.4703,15.2511,31,-7.8125,-.78125,1871.5,9.94194,25.5,95,14.48,1.82,.392157,12.9412,2.39844,14.2196,7.54,-9.14796,1,8,0,0,0,54.1176,0,0,3.072,0,122
1284,46298.840,14.5931,14.4703,15.1589,31,-7.8125,-.78125,1853.25,9.94194,25.5,95,14.82,1.82,.392157,12.9412,2.39844,14.2196,7.395,-9.15359,1,8,0,0,0,51.7647,0,0,3.072,0,122
1285,46298.880,14.5931,14.5852,15.0228,31,-7.8125,-.78125,1846.5,9.94194,25.5,95,14.91,1.84,.392157,12.9412,2.39844,14.2196,7.395,-9.09332,1,8,0,0,0,47.0588,0,0,3.072,0,122
1286,46298.920,14.8039,14.5852,15.0228,31,-7.03125,-.78125,1856.75,9.94194,26,95,14.48,1.82,.392157,12.9412,2.39844,14.2196,7.25,-9.09332,1,8,0,0,0,47.0588,0,0,3.072,0,122
1287,46298.960,14.7188,14.7,14.8964,31,-7.03125,-.78125,1878,9.94194,26,95,14.4,1.82,.392157,12.9412,3.23141,14.2196,7.25,-9.11726,1,8,0,0,0,49.0196,0,0,3.072,0,122
1288,46299.000,14.887,14.8148,14.8377,31,-7.03125,-.78125,1897.75,9.94194,26,95,14.31,1.82,.784314,12.9412,8.28815,14.2196,7.25,-9.11726,1,8,0,0,0,49.0196,0,0,3.072,0,122
1289,46299.040,14.7613,14.9297,14.8377,31,-6.25,-.78125,1944,10.5633,26.5,95,14.99,1.84,1.17647,13.3333,13.3586,14.2196,7.25,-8.99592,1,8,0,0,0,58.0392,0,0,3.072,0,122
1290,46299.080,15.0572,14.9297,14.8157,31,-5.46875,-.78125,1968,10.5633,26.5,95,15.75,1.86,1.56863,13.7255,15.7769,14.2196,7.105,-8.80833,1,8,0,0,0,67.0588,0,0,3.072,0,122
1291,46299.120,15.2255,15.0445,14.8157,31,-5.46875,-.78125,1983.75,10.5633,26.5,95,16.29,1.88,1.17647,13.7255,13.2299,14.2196,7.105,-8.80833,1,8,0,0,0,67.0588,0,0,3.072,0,122
1292,46299.160,15.3086,15.1594,14.736,31,-4.6875,-.78125,1990,10.5633,26.5,95,16.68,1.88,1.17647,13.7255,10.7143,14.2196,7.105,-8.99411,1,8,0,0,0,72.549,0,0,3.072,0,122
1293,46299.200,15.4769,15.1594,14.6499,31,-3.90625,-.78125,1999.5,10.5633,26,95,16.68,1.88,1.17647,13.7255,10.7003,14.2196,7.105,-9.12865,1,8,0,0,0,74.902,0,0,3.072,0,122
1294,46299.240,15.562,15.2742,14.6499,31,-3.125,-.78125,1967.5,10.5633,26,95,17.06,1.9,.784314,13.3333,8.22873,14.2196,7.105,-9.12865,1,8,0,0,0,74.902,0,0,3.072,0,122
1295,46299.280,15.6471,15.2742,14.5931,31,-3.125,-.78125,1954.25,10.5633,26,95,16.29,1.86,.784314,12.9412,7.95725,14.2196,7.105,-9.16214,1,8,0,0,0,70.1961,0,0,3.072,0,122
1296,46299.320,15.562,15.2742,14.5719,31,-2.34375,-.78125,1968,10.5633,26,95,15.67,1.84,.784314,12.9412,7.09449,14.2196,7.105,-9.16214,1,8,0,0,0,70.1961,0,0,3.328,0,122
1297,46299.360,15.9836,15.2742,14.5719,31,-1.5625,-.78125,1966,10.5633,26,95,15.42,1.84,.784314,12.9412,8.2264,14.2196,7.105,-9.20131,1,8,0,0,0,69.8039,0,0,3.072,0,122
1298,46299.400,16.237,15.1594,14.6002,31,-1.5625,-.78125,1980.5,10.5633,26,95,15.25,1.84,.784314,12.9412,8.21615,14.2196,6.96,-9.19681,1,8,0,0,0,72.549,0,0,3.072,0,122
1299,46299.440,16.0668,15.0445,14.6002,31,-1.5625,-.78125,2017.75,10.5633,26.5,95,14.99,1.84,.784314,12.9412,8.24113,14.2196,6.96,-9.19681,1,8,0,0,0,72.549,0,0,3.072,0,122
1300,46299.480,15.8153,14.9297,14.6286,31,-1.5625,-.78125,2028.25,10.5633,26.5,95,15.34,1.84,.784314,12.9412,8.27395,14.2196,6.96,-9.22872,1,8,0,0,0,74.902,0,0,3.072,0,122
1301,46299.520,15.6471,14.9297,14.6713,31,-1.5625,-.78125,2038.25,10.5633,26.5,95,15.67,1.84,.784314,12.9412,8.28715,14.2196,6.815,-9.22683,1,8,0,0,0,74.902,0,0,3.072,0,122
1302,46299.560,15.5194,14.7,14.6713,31,-1.5625,-.78125,2040.25,10.5633,26.5,95,15.42,1.84,.784314,12.9412,6.70852,14.2196,6.815,-9.22683,1,8,0,0,0,74.902,0,0,3.072,0,122
1303,46299.600,15.3086,14.7,14.6857,31,-2.34375,-.78125,2018.5,11.1847,26.5,95,15.42,1.84,.784314,12.9412,5.76361,14.2196,6.815,-9.31512,1,8,0,0,0,74.902,0,0,3.072,0,122
1304,46299.640,15.0572,14.5852,14.6713,31,-2.34375,-.78125,2014,11.1847,26.5,95,15.51,1.84,.784314,12.9412,5.74802,14.2196,6.67,-9.31512,1,8,0,0,0,74.902,0,0,3.072,0,122
1305,46299.680,15.1404,14.5852,14.6713,31,-2.34375,-.78125,2021,11.1847,26.5,95,15.08,1.84,.784314,12.9412,5.77058,14.2196,6.67,-9.32852,1,8,0,0,0,74.902,0,0,3.072,0,122
1306,46299.720,15.0572,14.5852,14.6571,31,-2.34375,-.78125,2028.25,11.1847,27,95,14.82,1.82,.784314,12.9412,8.26166,14.2196,6.67,-9.24149,1,8,0,0,0,74.902,0,0,3.072,0,122
1307,46299.760,15.0147,14.4703,14.6571,31,-2.34375,-.78125,2063.5,11.1847,27,95,15.08,1.84,.784314,12.9412,7.66897,14.2196,6.67,-9.24149,1,8,0,0,0,74.902,0,0,3.072,0,122
1308,46299.800,14.9721,14.4703,14.6571,31,-2.34375,-.78125,2078.5,11.1847,27,95,15.17,1.84,.392157,12.9412,6.03176,14.2196,6.525,-9.26464,1,8,0,0,0,74.902,0,0,3.072,0,122
1309,46299.840,15.0572,14.4703,14.6785,31,-2.34375,-.78125,2076.5,11.1847,27,95,14.91,1.84,.392157,12.9412,4.37656,14.2196,6.525,-9.37013,1,8,0,0,0,74.902,0,0,3.072,0,122
1310,46299.880,15.1404,14.4703,14.6785,31,-2.34375,-.78125,2084.5,11.1847,27,95,15.25,1.84,.392157,12.9412,2.71258,14.2196,6.525,-9.37013,1,8,0,0,0,74.902,0,0,3.072,0,122
1311,46299.920,15.1829,14.4703,14.6785,31,-2.34375,-.78125,2063.25,11.1847,27,95,14.99,1.82,.392157,12.549,2.54535,14.2196,6.38,-9.45722,1,8,0,0,0,74.902,0,0,3.072,0,122
1312,46299.960,15.0572,14.4703,14.6785,31,-3.125,-.78125,2055.5,11.1847,27,95,14.57,1.82,.392157,12.549,2.50256,14.2196,6.38,-9.45722,1,8,0,0,0,74.902,0,0,2.816,0,122
1313,46300.000,15.0978,14.4703,14.6785,31,-3.125,-.78125,2061.25,11.1847,27,95,14.05,1.8,0,12.549,1.84786,14.2196,6.38,-9.45835,1,8,0,0,0,74.902,0,0,2.816,0,122
1314,46300.040,15.1404,14.4703,14.6928,31,-3.125,-.78125,2068.75,11.1847,27,95,13.87,1.8,0,11.7647,.215762,14.2196,6.235,-9.52354,1,8,0,0,0,0,0,0,2.816,0,122
1315,46300.080,15.1404,14.3555,14.6928,31,-3.125,-.78125,2095.25,11.1847,20,95,12.08,1.72,0,10.1961,0,14.2196,6.235,-9.52354,1,8,0,0,0,0,0,0,2.816,0,122
1316,46300.120,14.8464,14.3555,14.7288,31,-3.125,-.78125,2101.5,11.1847,20,95,10.88,1.64,0,9.01961,0,14.2196,6.09,-9.55851,1,8,0,0,0,0,0,0,2.56,0,122
1317,46300.160,14.3397,14.3555,17.1444,31,-3.125,-.78125,2090.25,11.1847,20.5,95,9.63,1.6,0,9.01961,0,14.2196,5.655,-9.55847,1,8,0,0,0,0,0,0,2.304,0,122
1318,46300.200,14.4673,14.2406,17.1444,31,-3.125,-.78125,2087,11.1847,20.5,95,9.42,1.6,.392157,9.01961,2.56148,14.2196,5.365,-9.55847,1,8,0,0,0,0,0,0,2.304,0,122
1319,46300.240,14.4248,14.1258,16.0307,31,-3.125,-.78125,2062.5,11.1847,22.5,95,9.17,1.58,.392157,9.01961,2.51561,14.2196,5.075,-9.45717,1,8,0,0,0,0,0,0,2.304,0,122
1320,46300.280,14.1714,13.8961,15.1284,31,-3.125,-.78125,2043,11.1847,23.5,95,8.93,1.58,0,9.01961,2.16192,14.2196,4.93,-9.45717,1,8,0,0,0,0,0,0,2.304,0,122
1321,46300.320,14.2972,13.7813,15.1284,31,-3.90625,-.78125,2028.75,11.1847,24,95,8.87,1.58,0,9.01961,.594343,14.2196,4.93,-9.47198,1,8,0,0,0,0,0,0,2.048,0,122
1322,46300.360,14.1714,13.6664,15.0078,31,-3.90625,-.78125,1991.25,11.1847,26.5,95,8.68,1.58,0,9.01961,0,14.2196,4.785,-9.55854,1,8,0,0,0,0,0,0,2.048,0,122
1323,46300.400,13.9606,13.6664,15.0078,31,-3.90625,-.78125,2020,11.1847,23,95,8.87,1.58,.392157,8.62745,2.39844,14.2196,4.785,-9.55854,1,8,0,0,0,0,0,0,2.048,0,122
1324,46300.440,13.7498,13.5516,14.9333,31,-4.6875,-.78125,2048.5,11.1847,20,95,8.62,1.58,.392157,8.62745,3.33408,14.2196,4.785,-9.46106,1,8,0,0,0,0,0,0,2.048,0,122
1325,46300.480,13.7073,13.5516,14.867,31,-4.6875,-.78125,2071.75,11.1847,19,95,8.8,1.58,1.17647,9.01961,10.7734,14.2196,4.64,-9.12748,1,8,0,0,0,74.902,0,0,2.048,0,122
1326,46300.520,13.7073,13.6664,14.867,31,-4.6875,-.78125,2103,11.1847,17.5,95,8.93,1.58,1.17647,9.01961,13.2003,14.2196,4.64,-9.12748,1,8,0,0,0,74.902,0,0,2.048,0,122
1327,46300.560,13.5816,13.6664,14.8377,31,-5.46875,-.78125,2085,11.1847,20,95,8.99,1.58,1.17647,9.41177,13.199,14.2196,4.495,-9.03032,1,8,0,0,0,74.902,0,0,2.048,0,122
1328,46300.600,13.4559,13.7813,14.8012,31,-5.46875,-.78125,2078,11.1847,21.5,95,9.31,1.6,1.17647,9.41177,12.8629,14.2196,4.495,-9.03032,1,8,0,0,0,74.902,0,0,2.048,0,122
1329,46300.640,13.4559,13.8961,14.8012,31,-5.46875,-.78125,2046,11.1847,25,95,9.46,1.6,1.17647,9.80392,11.2371,14.2196,4.495,-9.04377,1,8,0,0,0,74.902,0,0,2.048,0,122
1330,46300.680,13.4984,14.0109,14.7144,31,-5.46875,-.78125,1997.25,11.1847,29.5,95,9.77,1.64,.784314,9.80392,9.79421,14.2196,4.495,-9.14235,1,8,0,0,0,74.902,0,0,2.048,0,122
1331,46300.720,13.6667,14.1258,14.7144,31,-5.46875,-.78125,1990,11.1847,30.5,95,9.84,1.64,1.17647,9.80392,10.6934,14.2196,4.495,-9.14235,1,8,0,0,0,74.902,0,0,2.048,0,122
1332,46300.760,13.9181,14.2406,14.6571,31,-6.25,-.78125,2002.75,11.1847,29.5,95,9.91,1.64,1.17647,9.80392,13.1762,14.2196,4.495,-9.13117,1,8,0,0,0,74.902,0,0,2.048,0,122
1333,46300.800,14.0032,14.3555,14.6286,31,-6.25,-.78125,2008.25,10.5633,29.5,95,9.91,1.64,1.17647,9.80392,15.3578,14.2196,4.495,-8.93183,1,8,0,0,0,74.902,0,0,2.048,0,122
1334,46300.840,14.2565,14.4703,14.6286,31,-6.25,-.78125,2023.75,10.5633,29,95,9.84,1.64,1.17647,9.80392,13.8293,14.2196,4.495,-8.93183,1,8,0,0,0,74.902,0,0,2.048,0,122
1335,46300.880,14.2972,14.5852,14.5508,31,-6.25,-.78125,2015,10.5633,29.5,95,9.98,1.64,1.17647,9.80392,13.1771,14.2196,4.64,-9.02995,1,8,0,0,0,74.902,0,0,2.048,0,122
1336,46300.920,14.7188,14.7,14.5508,31,-6.25,-.78125,1997.25,10.5633,31,95,9.74,1.62,1.17647,9.80392,13.179,14.2196,4.64,-9.02995,1,8,0,0,0,74.902,0,0,2.048,0,122
1337,46300.960,14.6782,14.9297,14.5508,31,-6.25,-.78125,1985.75,10.5633,31.5,95,9.77,1.62,1.17647,9.80392,13.2067,14.2196,4.64,-9.02524,1,8,0,0,0,74.5098,0,0,2.048,0,122
1338,46301.000,14.8039,14.9297,14.5508,31,-5.46875,-.78125,1978.25,10.5633,32,95,9.84,1.64,1.56863,9.80392,15.7251,14.2196,4.64,-8.86522,1,8,0,0,0,70.5882,0,0,2.048,0,122
1339,46301.040,15.1404,15.0445,14.5508,31,-5.46875,-.78125,1959.25,10.5633,28,95,9.84,1.64,1.56863,9.80392,15.7735,14.2196,4.64,-8.86522,1,8,0,0,0,70.5882,0,0,2.048,0,122
1340,46301.080,15.268,15.1594,14.5578,31,-5.46875,-.78125,1956.25,10.5633,28,95,9.81,1.64,1.96078,9.80392,18.3032,14.2196,4.64,-8.84273,1,8,0,0,0,69.0196,0,0,2.048,0,122
1341,46301.120,15.562,15.1594,14.5578,31,-4.6875,-.78125,1948.5,10.5633,28,95,10.01,1.64,1.56863,9.80392,17.7644,14.2196,4.64,-8.73486,1,8,0,0,0,67.8431,0,0,2.048,0,122
1342,46301.160,15.3937,15.2742,14.5578,31,-3.90625,-.78125,1927.75,10.5633,28,95,10.15,1.66,1.56863,9.80392,16.3846,14.2196,4.64,-8.73486,1,8,0,0,0,67.8431,0,0,2.304,0,122
1343,46301.200,15.4769,15.2742,14.5578,31,-3.90625,-.78125,1927,10.5633,28,95,10.29,1.66,1.96078,9.80392,18.3939,14.2196,4.64,-8.79426,1,8,0,0,0,65.8824,0,0,2.304,0,122
1344,46301.240,15.6877,15.2742,14.5578,31,-3.125,-.78125,1933,10.5633,28,95,10.36,1.64,1.96078,9.80392,18.3748,14.2196,4.64,-8.79426,1,8,0,0,0,65.8824,0,0,2.304,0,123.8
1345,46301.280,15.6471,15.3891,14.5578,31,-3.125,-.78125,1948,10.5633,28,95,10.08,1.64,1.96078,9.80392,18.3265,14.2196,4.64,-8.68844,1,8,0,0,0,65.8824,0,0,2.304,0,123.8
1346,46301.320,15.7303,15.3891,14.5578,31,-2.34375,-.78125,1942.75,10.5633,28,95,9.91,1.64,1.17647,9.80392,17.2228,14.2196,4.64,-8.75833,1,8,0,0,0,69.0196,0,0,2.304,0,123.8
1347,46301.360,15.6877,15.5039,14.5578,31,-1.5625,-.78125,1932.25,10.5633,28,95,9.81,1.64,1.17647,9.80392,15.8421,14.2196,4.64,-8.75833,1,8,0,0,0,69.0196,0,0,2.304,0,123.8
1348,46301.400,15.8153,15.5039,14.4669,31,-1.5625,-.78125,1917.75,10.5633,28,95,9.81,1.64,1.17647,9.80392,14.4867,14.2196,4.785,-8.81307,1,8,0,0,0,66.2745,0,0,2.304,0,123.8
1349,46301.440,15.562,15.5039,14.4738,31,-.78125,-.78125,1893.5,9.94194,28,95,9.81,1.62,1.17647,9.80392,13.1732,14.2196,4.785,-8.82045,1,8,0,0,0,60.7843,0,0,2.304,0,123.8
1350,46301.480,15.7728,15.3891,14.4738,31,-.78125,-.78125,1885,9.94194,28,95,9.7,1.62,.784314,9.41177,11.8861,14.2196,4.785,-8.82045,1,8,0,0,0,60.7843,0,0,2.304,0,123.8
1351,46301.520,15.6471,15.3891,14.4808,31,0,-.78125,1883.5,9.94194,28,95,9.46,1.6,.784314,9.41177,10.615,14.2196,4.785,-8.86566,1,8,0,0,0,58.0392,0,0,2.304,0,123.8
1352,46301.560,15.7303,15.2742,14.4669,31,0,-.78125,1881.5,9.94194,28,95,9.53,1.6,.784314,9.01961,9.36063,14.2196,4.785,-8.86566,1,8,0,0,0,58.0392,0,0,2.304,0,123.8
1353,46301.600,15.6045,15.2742,14.4669,31,0,-.78125,1884.5,9.94194,28,95,9.39,1.6,.784314,9.01961,8.25744,14.2196,4.785,-8.91926,1,8,0,0,0,55.6863,0,0,2.304,0,123.8
1354,46301.640,15.6045,15.1594,14.4669,31,0,-.78125,1887.5,9.94194,28,95,9.31,1.6,.784314,9.01961,8.26063,14.2196,4.785,-8.98595,1,8,0,0,0,57.2549,0,0,2.304,0,123.8
1355,46301.680,15.4363,15.1594,14.4669,31,.78125,-.78125,1898.75,9.94194,28,95,9.36,1.6,.784314,9.01961,7.2305,14.2196,4.785,-8.98595,1,8,0,0,0,57.2549,0,0,2.304,0,123.8
1356,46301.720,15.3086,15.0445,14.4738,31,.78125,-.78125,1899,9.94194,28,95,9.28,1.6,.392157,9.01961,5.93866,14.2196,4.785,-9.0477,1,8,0,0,0,58.0392,0,0,2.304,0,123.8
1357,46301.760,15.3086,15.0445,14.5578,31,.78125,-.78125,1874.25,9.94194,28,95,8.99,1.58,.392157,9.01961,4.66982,14.2196,4.785,-9.10145,1,8,0,0,0,55.6863,0,0,2.304,0,123.8
1358,46301.800,15.1404,14.9297,14.5578,31,.78125,-.78125,1855.75,9.94194,27.5,95,8.8,1.58,.392157,9.01961,3.43631,14.2196,4.785,-9.10145,1,8,0,0,0,55.6863,0,0,2.304,0,123.8
1359,46301.840,15.0147,14.8148,14.5578,31,.78125,-.78125,1850,9.94194,27.5,95,9.05,1.58,.784314,8.62745,5.7036,14.2196,4.785,-9.09464,1,8,0,0,0,49.8039,0,0,2.304,0,123.8
1360,46301.880,15.0572,14.7,14.5578,31,0,-.78125,1858,9.94194,27.5,95,8.93,1.58,.784314,8.62745,5.7002,14.2196,4.785,-9.09464,1,8,0,0,0,49.8039,0,0,2.304,0,123.8
1361,46301.920,14.6356,14.7,14.5578,31,0,-.78125,1860,9.94194,28,95,8.68,1.58,.784314,8.62745,8.27422,14.2196,4.785,-9.00065,1,8,0,0,0,50.5882,0,0,2.304,0,123.8
1362,46301.960,14.8039,14.5852,14.5578,31,0,-.78125,1868.25,9.94194,28,95,8.87,1.58,1.17647,8.62745,10.8462,14.2196,4.64,-8.85057,1,8,0,0,0,55.2941,0,0,2.304,0,123.8
1363,46302.000,14.5505,14.5852,14.5578,31,0,-.78125,1871.25,9.94194,28,95,8.99,1.58,1.17647,9.01961,13.4206,14.2196,4.64,-8.85057,1,8,0,0,0,55.2941,0,0,2.304,0,123.8
1364,46302.040,14.6356,14.5852,14.5578,31,0,-.78125,1865.75,9.94194,28,95,9.05,1.58,1.17647,9.01961,13.4243,14.2196,4.64,-8.74707,1,8,0,0,0,55.6863,0,0,2.304,0,123.8
1365,46302.080,14.3823,14.4703,14.5578,31,0,-.78125,1842.75,9.94194,27.5,95,9.05,1.58,1.17647,9.01961,12.7129,14.2196,4.64,-8.74053,1,8,0,0,0,53.7255,0,0,2.304,0,123.8
1366,46302.120,14.4248,14.4703,14.5578,31,0,-.78125,1838.75,9.94194,27.5,95,9.22,1.6,1.17647,9.01961,11.5225,14.2196,4.64,-8.74053,1,8,0,0,0,53.7255,0,0,2.304,0,123.8
1367,46302.160,14.2972,14.4703,14.5578,31,0,-.78125,1838.25,9.94194,27.5,95,9.17,1.58,1.17647,9.01961,10.8849,14.2196,4.64,-8.77141,1,8,0,0,0,50.1961,0,0,2.304,0,123.8
1368,46302.200,14.508,14.4703,14.5578,31,0,-.78125,1856.5,9.94194,27.5,95,9.17,1.58,1.17647,9.01961,10.8592,14.2196,4.64,-8.77141,1,8,0,0,0,50.1961,0,0,2.304,0,123.8
1369,46302.240,14.5931,14.4703,14.5578,31,0,-.78125,1861.25,9.94194,28,95,8.93,1.58,1.17647,9.01961,10.8518,14.2196,4.64,-8.80902,1,8,0,0,0,52.1569,0,0,2.304,0,123.8
1370,46302.280,14.5931,14.4703,14.5578,31,0,-.78125,1848.25,9.94194,27.5,95,9.28,1.58,.784314,9.01961,10.3752,14.2196,4.64,-8.81069,1,8,0,0,0,52.549,0,0,2.304,0,123.8
1371,46302.320,14.5931,14.5852,14.5578,31,0,-.78125,1852.5,9.94194,27.5,95,9.17,1.6,.784314,9.01961,9.16617,14.2196,4.64,-8.81069,1,8,0,0,0,52.549,0,0,2.304,0,123.8
1372,46302.360,14.7188,14.5852,14.5578,31,0,-.78125,1860,9.94194,28,95,9.11,1.58,.392157,9.01961,7.94848,14.2196,4.64,-8.89794,1,8,0,0,0,52.9412,0,0,2.304,0,123.8
1373,46302.400,15.4363,14.5852,14.5578,31,0,-.78125,1863.25,9.94194,28,95,8.93,1.58,.392157,9.01961,6.73206,14.2196,4.64,-8.96646,1,8,0,0,0,51.7647,0,0,2.304,0,123.8
1374,46302.440,15.4363,14.7,14.5578,31,0,-.78125,1853.75,9.94194,27.5,95,8.99,1.6,.392157,9.01961,5.51329,14.2196,4.64,-8.96646,1,8,0,0,0,51.7647,0,0,2.304,0,123.8
1375,46302.480,15.4363,14.7,14.5578,31,.78125,-.78125,1854.75,9.94194,27.5,95,9.11,1.58,.392157,9.01961,4.29567,14.2196,4.64,-9.04277,1,8,0,0,0,51.7647,0,0,2.304,0,123.8
1376,46302.520,15.4363,14.7,14.5578,31,.78125,-.78125,1861,9.94194,28,95,8.93,1.58,.392157,8.62745,3.0805,14.2196,4.64,-9.04277,1,8,0,0,0,51.7647,0,0,2.304,0,123.8
1377,46302.560,15.3512,14.8148,14.5578,31,.78125,-.78125,1857,9.94194,27.5,95,8.8,1.56,.392157,8.23529,2.39844,14.2196,4.64,-9.10382,1,8,0,0,0,50.1961,0,0,2.304,0,123.8
1378,46302.600,15.4769,14.8148,14.5578,31,.78125,-.78125,1837,9.94194,27.5,95,8.25,1.54,.392157,8.23529,2.39844,14.2196,4.64,-9.08806,1,8,0,0,0,46.6667,0,0,2.304,0,123.8
1379,46302.640,15.4769,14.7,14.5578,31,.78125,-.78125,1850.25,9.94194,27.5,95,8.18,1.54,.392157,8.23529,2.39844,14.2196,4.64,-9.08806,1,8,0,0,0,46.6667,0,0,2.304,0,123.8
1380,46302.680,15.3086,14.7,14.5578,31,.78125,-.78125,1869.25,9.94194,28,95,8.08,1.54,.392157,8.23529,3.1826,14.2196,4.64,-9.10099,1,8,0,0,0,50.1961,0,0,2.048,0,123.8
1381,46302.720,15.3937,14.7,14.5578,31,.78125,-.78125,1867.25,9.94194,28,95,8,1.54,.392157,8.23529,3.18208,14.2196,4.64,-9.1148,1,8,0,0,0,51.3725,0,0,2.048,0,123.8
1382,46302.760,15.3512,14.7,14.5578,31,.78125,-.78125,1869.75,9.94194,28,95,8.05,1.54,.392157,8.23529,3.18155,14.2196,4.64,-9.1148,1,8,0,0,0,51.3725,0,0,2.048,0,123.8
1383,46302.800,15.3937,14.7,14.5578,31,.78125,-.78125,1865.5,9.94194,28,95,8.1,1.54,.392157,8.23529,3.18103,14.2196,4.64,-9.14416,1,8,0,0,0,53.3333,0,0,2.048,0,123.8
1384,46302.840,15.2255,14.5852,14.5578,31,.78125,-.78125,1869.5,9.94194,28,95,7.98,1.54,.392157,8.23529,3.1805,14.2196,4.64,-9.14416,1,8,0,0,0,53.3333,0,0,2.048,0,123.8
1385,46302.880,15.4363,14.5852,14.5578,31,.78125,-.78125,1873.25,9.94194,28,95,8.05,1.54,.392157,8.23529,3.17998,14.2196,4.495,-9.12045,1,8,0,0,0,51.7647,0,0,2.048,0,123.8
1386,46302.920,15.1404,14.5852,14.5578,31,.78125,-.78125,1863.5,9.94194,28,95,8.05,1.54,.392157,8.23529,3.17945,14.2196,4.495,-9.13269,1,8,0,0,0,52.549,0,0,2.048,0,123.8
1387,46302.960,15.268,14.5852,14.5578,30,.78125,-.78125,1855.25,9.94194,27.5,95,8.16,1.54,.392157,8.23529,3.17893,14.2196,4.495,-9.13269,1,8,0,0,0,52.549,0,0,2.048,0,123.8
1388,46303.000,15.1404,14.5852,14.6357,30,.78125,-.78125,1872,9.94194,28,95,8.18,1.54,.392157,8.23529,3.1784,14.2196,4.495,-9.10171,1,8,0,0,0,50.1961,0,0,2.048,0,123.8
1389,46303.040,15.2255,14.5852,14.6286,30,.78125,-.78125,1881.5,9.94194,28,95,8.16,1.54,.392157,8.23529,2.92538,14.2196,4.495,-9.14928,1,8,0,0,0,53.7255,0,0,2.048,0,123.8
1390,46303.080,15.0978,14.7,14.6286,30,.78125,-.78125,1885.75,9.94194,28,95,8.1,1.54,.392157,8.23529,2.39844,14.2196,4.495,-9.14928,1,8,0,0,0,53.7255,0,0,2.048,0,123.8
1391,46303.120,15.3512,14.7,14.5578,30,1.5625,-.78125,1888.25,9.94194,28,95,8.18,1.56,.392157,8.23529,3.17683,14.2196,4.35,-9.21919,1,8,0,0,0,56.4706,0,0,2.048,0,123.8
1392,46303.160,15.4363,14.7,14.5578,30,1.5625,-.78125,1900.5,9.94194,28,95,8.31,1.56,.392157,8.23529,3.1763,14.2196,4.35,-9.21919,1,8,0,0,0,56.4706,0,0,2.048,0,123.8
1393,46303.200,15.3086,14.8148,14.5578,30,1.5625,-.78125,1909.25,9.94194,28,95,8.31,1.56,.392157,8.23529,2.39844,14.2196,4.35,-9.19475,1,8,0,0,0,57.2549,0,0,2.048,0,123.8
1394,46303.240,15.3512,14.9297,14.5578,30,2.34375,-.78125,1899.5,9.94194,28,95,8.31,1.56,.392157,8.23529,2.39844,14.2196,4.35,-9.23045,1,8,0,0,0,57.6471,0,0,2.048,0,123.8
1395,46303.280,15.3937,14.9297,14.5578,30,2.34375,-.78125,1915.5,9.94194,28,95,8.31,1.56,.392157,8.23529,2.39844,14.2196,4.35,-9.23045,1,8,0,0,0,57.6471,0,0,2.048,0,123.8
1396,46303.320,15.4363,14.9297,14.5578,30,2.34375,-.78125,1928,9.94194,28,95,8.31,1.56,.392157,8.23529,2.39844,14.2196,4.35,-9.29261,1,8,0,0,0,62.3529,0,0,2.048,0,123.8
1397,46303.360,15.856,15.0445,14.5578,30,3.125,-.78125,1924.75,10.5633,28,95,8.18,1.54,.392157,8.23529,2.39844,14.2196,4.35,-9.2822,1,8,0,0,0,61.5686,0,0,2.048,0,123.8
1398,46303.400,15.6877,15.0445,14.5578,30,3.125,-.78125,1910.25,10.5633,28,95,8.02,1.54,.392157,8.23529,2.39844,14.2196,4.35,-9.2822,1,8,0,0,0,61.5686,0,0,2.048,0,123.8
1399,46303.440,15.6045,15.0445,14.5578,30,3.125,-.78125,1909.5,10.5633,28,95,8.18,1.54,.392157,8.23529,2.39844,14.2196,4.35,-9.27332,1,8,0,0,0,60.7843,0,0,2.048,0,123.8
1400,46303.480,15.7728,15.0445,14.5578,30,3.90625,-.78125,1920.5,10.5633,28,95,8.08,1.54,.392157,8.23529,2.39844,14.2196,4.35,-9.27332,1,8,0,0,0,60.7843,0,0,2.048,0,123.8
1401,46303.520,15.856,15.0445,14.5578,30,3.90625,-.78125,1940.5,10.5633,28,95,8.16,1.54,.392157,8.23529,2.39844,14.2196,4.35,-9.27208,1,8,0,0,0,60.7843,0,0,2.048,0,123.8
1402,46303.560,15.7728,15.0445,14.5578,30,3.90625,-.78125,1952,10.5633,28,95,8.1,1.54,.392157,8.23529,2.39844,14.2196,4.35,-9.36473,1,8,0,0,0,67.451,0,0,2.048,0,123.8
1403,46303.600,15.7728,15.0445,14.5578,30,3.90625,-.78125,1975.25,10.5633,28.5,95,8.18,1.56,.392157,8.62745,3.17053,14.2196,4.35,-9.36473,1,8,0,0,0,67.451,0,0,2.048,0,123.8
1404,46303.640,15.6877,14.9297,14.5508,30,3.90625,-.78125,1985.5,10.5633,28.5,95,8.18,1.54,.392157,8.62745,3.17001,14.2196,4.35,-9.37381,1,8,0,0,0,70.5882,0,0,2.048,0,125.6
1405,46303.680,15.7303,14.9297,14.5508,30,3.90625,-.78125,1967,10.5633,28,95,8.18,1.56,.392157,8.62745,3.16948,14.2196,4.35,-9.35399,1,8,0,0,0,69.0196,0,0,2.048,0,125.6
1406,46303.720,15.1404,14.9297,14.5508,30,4.6875,-.78125,1957,10.5633,28,95,8.37,1.56,.392157,8.62745,3.16896,14.2196,4.35,-9.35399,1,8,0,0,0,69.0196,0,0,2.048,0,125.6
1407,46303.760,15.1404,14.9297,14.5578,30,4.6875,-.78125,1946.75,10.5633,28,95,8.37,1.56,.392157,8.62745,3.16843,14.2196,4.35,-9.29063,1,8,0,0,0,64.3137,0,0,2.048,0,125.6
1408,46303.800,15.1404,14.9297,14.5578,30,4.6875,-.78125,1935,10.5633,28,95,8.43,1.56,.392157,8.62745,3.16791,14.2196,4.35,-9.29063,1,8,0,0,0,64.3137,0,0,2.048,0,125.6
1409,46303.840,14.887,14.9297,14.5578,30,4.6875,-.78125,1946.75,10.5633,28,95,8.43,1.56,.392157,8.62745,5.65547,14.2196,4.35,-9.27731,1,8,0,0,0,63.5294,0,0,2.048,0,125.6
1410,46303.880,15.0978,14.9297,14.5578,30,4.6875,-.78125,1974.75,10.5633,28.5,95,8.56,1.56,.392157,8.62745,5.64933,14.2196,4.35,-9.23374,1,8,0,0,0,67.8431,0,0,2.048,0,125.6
1411,46303.920,14.9721,14.9297,14.5578,30,5.46875,-.78125,1993.5,10.5633,28.5,95,8.56,1.56,.392157,8.62745,4.75987,14.2196,4.35,-9.23374,1,8,0,0,0,67.8431,0,0,2.048,0,125.6
1412,46303.960,14.7188,14.9297,14.5508,30,5.46875,-.78125,2009.25,10.5633,28.5,95,8.68,1.58,.392157,8.62745,3.24479,14.2196,4.35,-9.36554,1,8,0,0,0,73.7255,0,0,2.048,0,125.6
1413,46304.000,14.9721,14.9297,14.5508,30,5.46875,-.78125,2020.75,10.5633,28.5,95,8.8,1.58,.392157,8.62745,3.2167,14.2196,4.35,-9.43191,1,8,0,0,0,74.902,0,0,2.048,0,125.6
1414,46304.040,15.1404,14.9297,14.5508,30,5.46875,-.78125,2000.75,10.5633,28.5,95,8.93,1.58,.392157,8.62745,2.39988,14.2196,4.35,-9.43191,1,8,0,0,0,74.902,0,0,2.048,0,125.6
1415,46304.080,14.8464,14.9297,14.5508,30,6.25,-.78125,1994.75,10.5633,28.5,95,8.74,1.58,.392157,8.62745,2.39844,14.2196,4.35,-9.46305,1,8,0,0,0,74.902,0,0,2.048,0,125.6
1416,46304.120,15.0572,14.9297,14.5508,30,6.25,-.78125,1992.75,10.5633,28.5,95,8.87,1.58,.392157,8.62745,2.39844,14.2196,4.35,-9.46305,1,8,0,0,0,74.902,0,0,2.048,0,125.6
1417,46304.160,15.0978,14.8148,14.5508,30,6.25,-.78125,1970,10.5633,28,95,8.93,1.58,.392157,8.62745,3.16318,14.2196,4.35,-9.44596,1,8,0,0,0,73.7255,0,0,2.048,0,125.6
1418,46304.200,14.8039,14.8148,14.5508,30,6.25,-.78125,1977,10.5633,28.5,95,8.8,1.58,.392157,8.62745,5.64457,14.2196,4.35,-9.29759,1,8,0,0,0,72.1569,0,0,2.048,0,125.6
1419,46304.240,14.8464,14.7,14.5508,30,5.46875,-.78125,2013.75,10.5633,28.5,95,8.8,1.58,.784314,8.62745,8.16846,14.2196,4.35,-9.29759,1,8,0,0,0,72.1569,0,0,2.048,0,125.6
1420,46304.280,14.8039,14.5852,14.5508,30,5.46875,-.78125,2029.25,10.5633,28.5,95,8.8,1.58,.392157,9.01961,7.90369,14.2196,4.35,-9.23269,1,8,0,0,0,74.902,0,0,2.048,0,125.6
1421,46304.320,14.5505,14.5852,14.5508,30,5.46875,-.78125,2039,10.5633,28.5,95,8.93,1.6,.392157,9.01961,6.32436,14.2196,4.35,-9.29388,1,8,0,0,0,74.902,0,0,2.048,0,125.6
1422,46304.360,14.2565,14.4703,14.5508,30,5.46875,-.78125,2059.75,10.5633,28.5,95,9.17,1.58,.392157,9.01961,4.85464,14.2196,4.35,-9.29388,1,8,0,0,0,74.902,0,0,2.048,0,125.6
1423,46304.400,14.4673,14.4703,14.5508,30,4.6875,-.78125,2043.25,11.1847,28.5,95,8.74,1.58,.392157,9.01961,3.25441,14.2196,4.35,-9.39092,1,8,0,0,0,74.902,0,0,2.048,0,125.6
1424,46304.440,14.508,14.3555,14.5508,30,4.6875,-.78125,2031.25,11.1847,28.5,95,9.17,1.58,.392157,9.01961,2.4569,14.2196,4.35,-9.39092,1,8,0,0,0,74.902,0,0,2.048,0,125.6
1425,46304.480,14.2972,14.2406,14.5508,30,4.6875,-.78125,2025,11.1847,28.5,95,9.11,1.58,.392157,9.01961,2.44552,14.2196,4.35,-9.46135,1,8,0,0,0,74.902,0,0,2.048,0,125.6
1426,46304.520,14.887,14.2406,14.5508,30,3.90625,-.78125,2021.25,11.1847,28.5,95,9.05,1.58,.392157,9.01961,3.21103,14.2196,4.35,-9.46169,1,8,0,0,0,74.902,0,0,2.048,0,125.6
1427,46304.560,14.7188,14.2406,14.5508,30,3.90625,-.78125,2037.75,11.1847,28.5,95,9.05,1.58,.784314,9.01961,8.22019,14.2196,4.35,-9.46169,1,8,0,0,0,74.902,0,0,2.048,0,125.6
1428,46304.600,14.7188,14.1258,14.5508,30,3.125,-.78125,2049.25,11.1847,28.5,95,9.05,1.58,.784314,9.01961,8.26167,14.2196,4.35,-9.23069,1,8,0,0,0,74.902,0,0,2.048,0,125.6
1429,46304.640,14.6356,14.1258,14.5508,30,3.125,-.78125,2069,11.1847,28.5,95,8.87,1.58,.784314,9.01961,8.29236,14.2196,4.35,-9.22781,1,8,0,0,0,74.902,0,0,2.048,0,125.6
1430,46304.680,14.6782,14.1258,14.5508,30,3.125,-.78125,2099.75,11.1847,28.5,95,8.93,1.58,1.17647,9.01961,10.7552,14.2196,4.35,-9.22781,1,8,0,0,0,74.902,0,0,2.048,0,125.6
1431,46304.720,14.7188,14.1258,14.5508,30,3.125,-.78125,2090.75,11.1847,28.5,95,9.05,1.58,1.17647,9.01961,10.7432,14.2196,4.35,-9.12967,1,8,0,0,0,74.902,0,0,2.048,0,125.6
1432,46304.760,14.6782,14.1258,14.5508,30,3.125,-.78125,2094.5,11.1847,28.5,95,9.11,1.58,.392157,9.01961,9.05027,14.2196,4.35,-9.12967,1,8,0,0,0,74.902,0,0,2.048,0,125.6
1433,46304.800,14.8039,14.1258,14.5508,30,2.34375,-.78125,2086.5,11.1847,28.5,95,9.05,1.6,.392157,9.01961,7.38106,14.2196,4.35,-9.19751,1,8,0,0,0,74.902,0,0,2.048,0,125.6
1434,46304.840,14.508,14.1258,14.5508,30,2.34375,-.78125,2065,11.1847,28.5,95,9.28,1.58,.392157,9.01961,5.85274,14.2196,4.35,-9.30393,1,8,0,0,0,74.902,0,0,2.048,0,125.6
1435,46304.880,14.5505,14.1258,14.5508,30,1.5625,-.78125,2062,11.1847,28.5,95,9.39,1.6,1.17647,9.01961,10.704,14.2196,4.35,-9.30393,1,8,0,0,0,74.902,0,0,2.048,0,125.6
1436,46304.920,14.6356,14.1258,14.5508,30,1.5625,-.78125,2061,11.1847,28.5,95,9.39,1.6,1.17647,9.41177,12.8117,14.2196,4.35,-9.13134,1,8,0,0,0,74.902,0,0,2.048,0,125.6
1437,46304.960,14.6782,14.1258,14.5508,30,1.5625,-.78125,2067,11.1847,28.5,95,9.28,1.6,1.17647,9.41177,13.1355,14.2196,4.35,-9.03402,1,8,0,0,0,74.902,0,0,2.048,0,125.6
1438,46305.000,14.508,14.1258,14.5508,30,1.5625,-.78125,2102,11.1847,28.5,95,9.42,1.6,1.56863,9.80392,15.5321,14.2196,4.35,-9.03402,1,8,0,0,0,74.902,0,0,2.048,0,125.6
1439,46305.040,14.5505,14.2406,14.5508,31,1.5625,-.78125,2122.75,11.1847,28.5,95,9.46,1.62,1.96078,10.1961,17.882,14.2196,4.35,-8.84268,1,8,0,0,0,74.902,0,0,2.048,0,125.6
1440,46305.080,14.5931,14.2406,14.5508,31,1.5625,-.78125,2146.25,11.1847,28.5,95,9.84,1.64,1.56863,10.1961,17.1522,14.2196,4.35,-8.84268,1,8,0,0,0,74.902,0,0,2.048,0,125.6
1441,46305.120,14.5931,14.3555,14.5508,31,1.5625,-.78125,2140.25,11.1847,28.5,95,10.22,1.64,1.17647,10.1961,15.3647,14.2196,4.35,-8.87327,1,8,0,0,0,74.902,0,0,2.048,0,125.6
1442,46305.160,14.7188,14.3555,14.5508,31,1.5625,-.78125,2132,11.1847,28.5,95,10.29,1.66,.784314,10.1961,13.5908,14.2196,4.35,-8.98774,1,8,0,0,0,74.902,0,0,2.048,0,125.6
1443,46305.200,14.8039,14.4703,14.5508,31,1.5625,-.78125,2115.25,11.1847,28.5,95,10.43,1.66,.784314,9.80392,11.856,14.2196,4.35,-8.98774,1,8,0,0,0,74.902,0,0,2.048,0,125.6
1444,46305.240,14.6782,14.4703,14.5508,31,1.5625,-.78125,2088.75,11.1847,28.5,95,9.81,1.62,.784314,9.80392,10.1709,14.2196,4.35,-9.0988,1,8,0,0,0,74.902,0,0,2.304,0,125.6
1445,46305.280,14.7613,14.5852,14.5508,31,2.34375,-.78125,2092.5,11.1847,28.5,95,9.67,1.62,1.17647,9.41177,10.7384,14.2196,4.35,-9.20626,1,8,0,0,0,74.902,0,0,2.304,0,125.6
1446,46305.320,14.887,14.7,14.5508,31,2.34375,-.78125,2100.25,11.1847,28.5,95,9.49,1.62,1.56863,9.41177,15.5296,14.2196,4.35,-9.20626,1,8,0,0,0,74.902,0,0,2.304,0,125.6
1447,46305.360,14.9721,14.8148,14.5508,31,2.34375,-.78125,2141.75,11.1847,28.5,95,9.56,1.62,1.96078,9.80392,17.8803,14.2196,4.35,-8.93888,1,8,0,0,0,74.902,0,0,2.048,0,125.6
1448,46305.400,14.5505,14.8148,14.5508,31,3.125,-.78125,2162.25,11.1847,28.5,95,9.6,1.62,1.96078,10.1961,17.8046,14.2196,4.35,-8.93888,1,8,0,0,0,74.902,0,0,2.048,0,125.6
1449,46305.440,14.7188,14.9297,14.5508,31,3.125,-.78125,2179.25,11.1847,28.5,95,9.81,1.64,1.96078,10.1961,17.7708,14.2196,4.35,-8.84722,1,8,0,0,0,74.902,0,0,2.048,0,125.6
1450,46305.480,14.7613,14.8148,14.5508,31,3.125,-.78125,2193.75,11.1847,28.5,95,9.88,1.64,1.96078,10.1961,17.7433,14.2196,4.35,-8.84893,1,8,0,0,0,74.902,0,0,2.048,0,125.6
1451,46305.520,14.7188,14.7,14.5508,31,3.125,-.78125,2165.5,11.8061,28.5,95,10.5,1.66,1.96078,10.1961,17.7957,14.2196,4.35,-8.84893,1,8,0,0,0,74.902,0,0,2.048,0,125.6
1452,46305.560,14.7613,14.7,14.5508,31,3.125,-.78125,2153.25,11.8061,28.5,95,10.57,1.66,1.56863,10.1961,15.9755,14.2196,4.35,-8.86236,1,8,0,0,0,74.902,0,0,2.304,0,125.6
1453,46305.600,14.7613,14.5852,14.5508,31,2.34375,-.78125,2131,11.8061,28.5,95,10.71,1.66,1.56863,10.1961,15.5009,14.2196,4.35,-8.93986,1,8,0,0,0,74.902,0,0,2.304,0,125.6
1454,46305.640,14.5931,14.5852,14.5508,31,3.125,-.78125,2124,11.8061,28.5,95,10.5,1.66,1.96078,10.1961,17.872,14.2196,4.35,-8.93986,1,8,0,0,0,74.902,0,0,2.304,0,125.6
1455,46305.680,14.5505,14.5852,14.5508,31,3.125,-.78125,2137.5,11.8061,28.5,95,10.36,1.66,2.35294,10.1961,22.549,14.2196,4.35,-8.74932,1,8,0,0,0,74.902,0,0,2.304,0,125.6
1456,46305.720,14.6356,14.7,14.5508,31,3.125,-.78125,2182.25,11.8061,28.5,95,10.08,1.66,2.35294,10.1961,22.4393,14.2196,4.35,-8.74932,1,8,0,0,0,74.902,0,0,2.304,0,125.6
1457,46305.760,14.5931,14.7,14.5508,31,3.125,-.78125,2202.75,11.8061,28.5,95,10.64,1.66,2.35294,10.9804,22.3,14.2196,4.35,-8.66177,1,8,0,0,0,74.902,0,0,2.304,0,125.6
1458,46305.800,14.6782,14.8148,14.5508,31,3.90625,-.78125,2240.25,11.8061,28.5,95,11.17,1.68,2.35294,10.9804,22.1975,14.2196,4.35,-8.6715,1,8,0,0,0,74.902,0,0,2.304,0,125.6
1459,46305.840,14.8039,14.8148,14.5508,31,3.90625,-.78125,2243,11.8061,28.5,95,11.1,1.68,1.96078,10.9804,21.7304,14.2196,4.35,-8.6715,1,8,0,0,0,74.902,0,0,2.304,0,125.6
1460,46305.880,14.887,14.8148,14.5508,31,3.90625,-.78125,2222,11.8061,28.5,95,11.17,1.68,1.56863,10.9804,19.7773,14.2196,4.35,-8.70581,1,8,0,0,0,74.902,0,0,2.304,0,125.6
1461,46305.920,14.887,14.8148,14.5508,31,3.90625,-.78125,2216.75,11.8061,28.5,95,11.2,1.68,1.17647,10.9804,17.8376,14.2196,4.35,-8.83051,1,8,0,0,0,74.902,0,0,2.304,0,125.6
1462,46305.960,14.9296,14.8148,14.5508,31,3.90625,-.78125,2184.75,11.8061,28.5,95,11.23,1.68,1.17647,10.1961,15.9511,14.2196,4.495,-8.83051,1,8,0,0,0,74.902,0,0,2.304,0,125.6
1463,46306.000,14.7188,14.8148,14.4738,31,4.6875,-.78125,2194,11.8061,28.5,95,10.78,1.66,1.17647,10.1961,14.0683,14.2196,4.495,-8.95176,1,8,0,0,0,74.902,0,0,2.304,0,125.6
1464,46306.040,14.6356,14.8148,14.4738,31,4.6875,-.78125,2191.5,11.8061,28.5,95,10.01,1.64,1.96078,9.80392,17.7407,14.2196,4.495,-8.8499,1,8,0,0,0,74.902,0,0,2.304,0,125.6
1465,46306.080,14.7188,14.8148,14.4738,31,4.6875,-.78125,2229.75,11.8061,28.5,95,9.88,1.64,1.96078,10.1961,19.9232,14.2196,4.495,-8.8499,1,8,0,0,0,74.902,0,0,2.304,0,125.6
1466,46306.120,14.8039,14.7,14.4808,31,4.6875,-.78125,2249.5,11.8061,28.5,95,9.84,1.66,2.35294,10.9804,22.0984,14.2196,4.495,-8.67573,1,8,0,0,0,74.902,0,0,2.304,0,125.6
1467,46306.160,14.6356,14.5852,14.4808,31,3.90625,-.78125,2284,11.8061,28.5,95,11,1.68,2.35294,10.9804,23.8371,14.2196,4.495,-8.67573,1,8,0,0,0,74.902,0,0,2.304,0,125.6
1468,46306.200,14.7613,14.4703,14.5508,31,3.90625,-.78125,2286.5,11.8061,28.5,95,11.23,1.7,2.35294,11.3725,21.9496,14.2196,4.495,-8.62232,1,8,0,0,0,74.902,0,0,2.304,0,125.6
1469,46306.240,14.5505,14.3555,14.5508,31,3.125,-.78125,2301.25,12.4274,28.5,95,11.29,1.7,2.35294,11.3725,21.8906,14.2196,4.495,-8.68203,1,8,0,0,0,74.902,0,0,2.304,0,125.6
1470,46306.280,14.3823,14.3555,14.5508,31,3.125,-.78125,2286.25,12.4274,28.5,95,11.29,1.72,1.96078,10.9804,20.2545,14.2196,4.495,-8.68203,1,8,0,0,0,74.902,0,0,2.304,0,125.6
1471,46306.320,14.2565,14.3555,14.5508,31,3.125,-.78125,2290.5,12.4274,28.5,95,11.29,1.7,1.56863,10.9804,18.1762,14.2196,4.495,-8.78269,1,8,0,0,0,74.902,0,0,2.304,0,125.6
1472,46306.360,14.3397,14.3555,14.5508,31,3.125,-.78125,2280,12.4274,28.5,95,11.2,1.68,1.56863,10.5882,17.1594,14.2196,4.495,-8.87322,1,8,0,0,0,74.902,0,0,2.304,0,125.6
1473,46306.400,14.3397,14.4703,14.5508,31,3.90625,-.78125,2301.5,12.4274,28.5,95,10.93,1.68,1.96078,10.1961,19.6952,14.2196,4.495,-8.87322,1,8,0,0,0,74.902,0,0,2.304,0,125.6
1474,46306.440,14.5505,14.5852,14.5508,31,3.90625,-.78125,2319,12.4274,28.5,95,10.78,1.66,2.35294,10.5882,21.8635,14.2196,4.495,-8.68583,1,8,0,0,0,74.902,0,0,2.304,0,125.6
1475,46306.480,14.9296,14.5852,14.5508,31,3.90625,-.78125,2330,12.4274,28.5,95,10.64,1.68,2.7451,10.9804,23.8998,14.2196,4.495,-8.68583,1,8,0,0,0,74.902,0,0,2.304,0,125.6
1476,46306.520,14.8464,14.7,14.5508,31,3.90625,-.78125,2357.5,12.4274,28.5,95,11.23,1.7,2.35294,11.3725,21.7064,14.2196,4.495,-8.62074,1,8,0,0,0,74.902,0,0,2.304,0,125.6
1477,46306.560,14.6782,14.7,14.5508,31,3.90625,-.78125,2350,12.4274,28.5,95,11.41,1.7,2.35294,11.3725,21.6932,14.2196,4.495,-8.69396,1,8,0,0,0,74.902,0,0,2.304,0,125.6
1478,46306.600,14.6782,14.5852,14.5508,31,3.90625,-.78125,2369.5,12.4274,28.5,95,11.56,1.72,2.35294,10.9804,21.6147,14.2196,4.495,-8.69396,1,8,0,0,0,74.902,0,0,2.304,0,125.6
1479,46306.640,14.8039,14.5852,14.5508,31,3.90625,-.78125,2366.75,12.4274,28.5,95,11.53,1.7,1.56863,10.9804,19.8632,14.2196,4.495,-8.71117,1,8,0,0,0,74.902,0,0,2.304,0,125.6
1480,46306.680,14.6782,14.5852,14.5508,31,3.90625,-.78125,2373,12.4274,28.5,95,11.47,1.7,.392157,10.9804,17.602,14.2196,4.495,-8.85556,1,8,0,0,0,74.902,0,0,2.304,0,125.6
1481,46306.720,14.7613,14.7,14.5508,31,3.90625,-.78125,2390.25,13.0488,28.5,95,11.2,1.68,.392157,10.5882,15.3454,14.2196,4.495,-8.85556,1,8,0,0,0,74.902,0,0,2.304,0,125.6
1482,46306.760,14.7613,14.7,14.5508,31,4.6875,-.78125,2385,13.0488,28.5,95,10.93,1.66,.392157,10.1961,13.0749,14.2196,4.495,-9.00028,1,8,0,0,0,74.902,0,0,2.304,0,125.6
1483,46306.800,14.6782,14.7,14.5508,31,4.6875,-.78125,2395.5,13.0488,28.5,95,10.36,1.64,.392157,9.80392,10.7928,14.2196,4.495,-9.00028,1,8,0,0,0,74.902,0,0,2.304,0,125.6
1484,46306.840,14.9721,14.7,14.5508,31,4.6875,-.78125,2380.5,13.0488,28.5,95,9.88,1.64,0,9.80392,8.51514,14.2196,4.495,-9.14647,1,8,0,0,0,74.902,0,0,2.304,0,127.4
1485,46306.880,14.9296,14.7,14.5508,31,4.6875,-.78125,2397.5,13.0488,28.5,95,9.74,1.62,0,9.80392,6.23211,14.2196,4.495,-9.29232,1,8,0,0,0,0,0,0,2.048,0,127.4
1486,46306.920,14.7188,14.5852,14.5508,31,3.90625,-.78125,2409.5,13.0488,27.5,95,9.81,1.64,.392157,9.41177,3.94382,14.2196,4.35,-9.29232,1,8,0,0,0,0,0,0,2.048,0,127.4
1487,46306.960,14.5931,14.4703,14.5508,31,3.90625,-.78125,2411,13.0488,27,95,9.56,1.62,0,9.41177,2.68661,14.2196,4.35,-9.43411,1,8,0,0,0,0,0,0,2.048,0,127.4
1488,46307.000,14.4248,14.2406,14.6642,31,3.125,-.78125,2431.75,13.0488,26.5,95,9.42,1.6,0,9.01961,.344329,14.2196,4.205,-9.43411,1,8,0,0,0,0,0,0,2.048,0,127.4
1489,46307.040,14.3397,14.1258,14.6642,31,3.125,-.78125,2429.5,13.0488,25.5,95,9.22,1.58,0,9.01961,0,14.2196,4.205,-9.54638,1,8,0,0,0,0,0,0,2.048,0,127.4
1490,46307.080,14.1714,14.1258,14.7576,31,2.34375,-.78125,2436.25,13.0488,25,95,9.05,1.58,0,9.01961,0,14.2196,4.06,-9.56017,1,8,0,0,0,0,0,0,2.048,0,127.4
1491,46307.120,14.0032,14.0109,14.7576,31,2.34375,-.78125,2429.75,13.0488,24,95,9.05,1.58,0,9.01961,0,14.2196,4.06,-9.56017,1,8,0,0,0,0,0,0,2.048,0,127.4
1492,46307.160,13.8349,14.0109,14.7576,31,2.34375,-.78125,2415,13.0488,23.5,95,8.93,1.58,0,9.01961,0,14.2196,3.915,-9.56018,1,8,0,0,0,0,0,0,1.792,0,127.4
1493,46307.200,13.9606,14.0109,14.7216,31,2.34375,-.78125,2430.25,13.0488,23,95,8.68,1.56,0,9.01961,0,14.2196,3.915,-9.56019,1,8,0,0,0,0,0,0,1.792,0,127.4
1494,46307.240,13.9181,14.0109,14.7216,31,2.34375,-.78125,2420.75,13.0488,22.5,95,8.8,1.58,0,9.01961,0,14.2196,3.915,-9.56019,1,8,0,0,0,0,0,0,1.792,0,127.4
1495,46307.280,14.0457,14.1258,14.6928,31,2.34375,-.78125,2431.5,13.0488,21.5,95,8.93,1.58,0,9.01961,0,14.2196,3.915,-9.5602,1,8,0,0,0,0,0,0,1.792,0,127.4
1496,46307.320,14.0457,14.1258,14.6499,31,1.5625,-.78125,2442.5,13.0488,21,95,9.05,1.58,0,9.01961,0,14.2196,3.915,-9.56021,1,8,0,0,0,0,0,0,1.792,0,127.4
1497,46307.360,14.2972,14.2406,14.6499,31,1.5625,-.78125,2420.25,13.0488,20.5,95,9.05,1.58,0,9.01961,0,14.2196,3.915,-9.56021,1,8,0,0,0,0,0,0,1.792,0,127.4
1498,46307.400,14.3397,14.3555,14.6499,31,1.5625,-.78125,2433,13.0488,20,95,8.62,1.56,0,9.01961,0,14.2196,3.77,-9.56022,1,8,0,0,0,0,0,0,1.792,0,127.4
1499,46307.440,14.4673,14.4703,14.6499,31,1.5625,-.78125,2429.75,13.0488,20,95,8.87,1.58,0,9.01961,0,14.2196,3.77,-9.56022,1,8,0,0,0,0,0,0,1.792,0,127.4
1500,46307.480,14.5931,14.5852,14.5508,31,1.5625,-.78125,2416.75,13.0488,20,95,8.68,1.58,0,9.01961,0,14.2196,3.77,-9.56023,1,8,0,0,0,0,0,0,1.792,0,127.4
1501,46307.520,14.8039,14.5852,14.5508,31,1.5625,-.78125,2416,13.0488,20,95,8.93,1.56,0,9.01961,0,14.2196,3.77,-9.56024,1,8,0,0,0,0,0,0,1.792,0,127.4
1502,46307.560,14.887,14.7,14.5508,31,1.5625,-.78125,2405,13.0488,20,95,8.43,1.58,0,9.01961,0,14.2196,3.77,-9.56024,1,8,0,0,0,0,0,0,1.792,0,127.4
1503,46307.600,14.8039,14.7,14.5508,31,2.34375,-.78125,2393,13.0488,20,95,8.87,1.58,0,9.01961,0,14.2196,3.77,-9.56025,1,8,0,0,0,0,0,0,1.792,0,127.4
1504,46307.640,15.0978,14.8148,14.5508,31,2.34375,-.78125,2394.25,13.0488,20,95,8.8,1.58,0,9.01961,0,14.2196,3.77,-9.56026,1,8,0,0,0,0,0,0,1.792,0,127.4
1505,46307.680,15.562,15.0445,14.5508,31,2.34375,-.78125,2383.5,13.0488,20,95,8.74,1.56,0,9.01961,0,14.2196,3.77,-9.56026,1,8,0,0,0,0,0,0,1.792,0,127.4
1506,46307.720,15.7728,15.2742,14.5508,31,2.34375,-.78125,2389.75,13.0488,20,95,8.56,1.56,0,9.01961,0,14.2196,3.77,-9.56027,1,8,0,0,0,0,0,0,1.792,0,127.4
1507,46307.760,16.2776,15.2742,14.5508,31,2.34375,-.78125,2387,13.0488,20,95,8.8,1.58,0,9.01961,0,14.2196,3.77,-9.56027,1,8,0,0,0,0,0,0,1.792,0,127.4
1508,46307.800,16.4884,15.3891,14.5508,31,3.125,-.78125,2397,13.0488,20,95,8.87,1.58,0,9.01961,0,14.2196,3.77,-9.56028,1,8,0,0,0,0,0,0,1.792,0,127.4
1509,46307.840,16.5309,15.3891,14.5508,31,3.125,-.78125,2387.25,13.0488,20,95,9.05,1.58,0,9.01961,0,14.2196,3.77,-9.56028,1,8,0,0,0,0,0,0,1.792,0,127.4
1510,46307.880,16.4884,15.2742,14.5508,31,3.125,-.78125,2370,13.0488,20,95,8.93,1.58,0,9.01961,0,14.2196,3.77,-9.56028,1,8,0,0,0,0,0,0,1.792,0,127.4
1511,46307.920,16.3201,15.1594,14.5508,31,3.125,-.78125,2370.75,13.0488,20,95,8.93,1.58,0,9.01961,0,14.2196,3.77,-9.56029,1,8,0,0,0,0,0,0,1.792,0,127.4
1512,46307.960,16.1944,15.1594,14.5508,31,3.125,-.78125,2353,13.0488,20,95,8.8,1.58,0,9.01961,0,14.2196,3.77,-9.5603,1,8,0,0,0,0,0,0,1.792,0,127.4
1513,46308.000,16.237,15.2742,14.5508,31,3.90625,-.78125,2354.25,13.0488,20,95,8.68,1.56,0,9.01961,0,14.2196,3.77,-9.5603,1,8,0,0,0,0,0,0,1.792,0,127.4
1514,46308.040,16.1519,15.2742,14.5508,31,3.90625,-.78125,2334.5,13.0488,20,95,8.8,1.58,0,9.01961,0,14.2196,3.77,-9.56031,1,8,0,0,0,0,0,0,1.792,0,127.4
1515,46308.080,16.1519,15.1594,14.5508,31,3.90625,-.78125,2336.5,12.4274,20,95,8.56,1.56,0,9.01961,0,14.2196,3.77,-9.56031,1,8,0,0,0,0,0,0,1.792,0,127.4
1516,46308.120,16.1944,15.1594,14.5508,31,3.90625,-.78125,2338.75,12.4274,20,95,8.31,1.56,0,9.01961,0,14.2196,3.77,-9.56032,1,8,0,0,0,0,0,0,1.792,0,127.4
1517,46308.160,16.1944,15.0445,14.5508,31,3.90625,-.78125,2320,12.4274,20,95,8.43,1.56,0,9.01961,0,14.2196,3.77,-9.56033,1,8,0,0,0,0,0,0,1.792,0,127.4
1518,46308.200,16.0668,15.0445,14.5508,31,3.90625,-.78125,2331.5,12.4274,20,95,8.31,1.56,0,9.01961,0,14.2196,3.77,-9.56033,1,8,0,0,0,0,0,0,1.792,0,127.4
1519,46308.240,16.0262,15.0445,14.5508,31,4.6875,-.78125,2303,12.4274,20,95,8.43,1.56,0,9.01961,0,14.2196,3.77,-9.56034,1,8,0,0,0,0,0,0,1.792,0,127.4
1520,46308.280,15.9411,15.0445,14.5508,31,4.6875,-.78125,2304.5,12.4274,20,95,8.43,1.56,0,9.01961,0,14.2196,3.77,-9.56035,1,8,0,0,0,0,0,0,1.792,0,127.4
1521,46308.320,15.8985,15.0445,14.5508,31,4.6875,-.78125,2290.75,12.4274,20,95,8.37,1.54,0,9.01961,0,14.2196,3.77,-9.56035,1,8,0,0,0,0,0,0,1.792,0,127.4
1522,46308.360,15.8985,14.9297,14.5508,31,4.6875,-.78125,2292.75,12.4274,20,95,8.18,1.56,0,9.01961,0,14.2196,3.77,-9.56036,1,8,0,0,0,0,0,0,1.792,0,127.4
1523,46308.400,15.856,14.9297,14.5508,31,4.6875,-.78125,2264.5,12.4274,20,95,8.18,1.56,0,9.01961,0,14.2196,3.77,-9.56036,1,8,0,0,0,0,0,0,1.792,0,127.4
1524,46308.440,15.8153,14.9297,14.5508,31,4.6875,-.78125,2266.25,12.4274,20,95,8.37,1.54,0,9.01961,0,14.2196,3.77,-9.56037,1,8,0,0,0,0,0,0,1.792,0,127.4
1525,46308.480,15.6877,14.9297,14.5508,31,4.6875,-.78125,2249,12.4274,20,95,8.18,1.56,0,9.01961,0,14.2196,3.77,-9.56038,1,8,0,0,0,0,0,0,1.792,0,127.4
1526,46308.520,15.6045,14.9297,14.5508,31,4.6875,-.78125,2249.25,12.4274,20,95,8.18,1.56,0,8.62745,0,14.2196,3.77,-9.56038,1,8,0,0,0,0,0,0,1.792,0,127.4
1527,46308.560,15.5194,14.9297,14.5508,31,4.6875,-.78125,2244.25,12.4274,20,95,8.18,1.54,0,8.62745,0,14.2196,3.77,-9.56039,1,8,0,0,0,0,0,0,1.792,0,127.4
1528,46308.600,15.562,14.9297,14.5508,31,5.46875,-.78125,2255.25,12.4274,20,95,8.16,1.54,0,8.62745,0,14.2196,3.77,-9.56039,1,8,0,0,0,0,0,0,1.792,0,127.4
1529,46308.640,15.7303,15.0445,14.5508,31,5.46875,-.78125,2233.5,11.8061,20,95,8.16,1.54,0,8.62745,0,14.2196,3.77,-9.56039,1,8,0,0,0,0,0,0,1.792,0,127.4
1530,46308.680,15.8985,15.1594,14.5508,31,5.46875,-.78125,2231.75,11.8061,20,95,8.08,1.54,0,8.62745,0,14.2196,3.77,-9.5604,1,8,0,0,0,0,0,0,1.792,0,127.4
1531,46308.720,16.237,15.2742,14.5508,31,5.46875,-.78125,2202,11.8061,20,95,8.18,1.54,0,8.62745,0,14.2196,3.77,-9.5604,1,8,0,0,0,0,0,0,1.792,0,127.4
1532,46308.760,16.2776,15.1594,14.5508,31,6.25,-.78125,2194.5,11.8061,20,95,8.1,1.54,0,8.62745,0,14.2196,3.77,-9.56041,1,8,0,0,0,0,0,0,1.792,0,127.4
1533,46308.800,16.2776,15.1594,14.5508,31,6.25,-.78125,2179,11.8061,20,95,8.18,1.54,0,8.62745,0,14.2196,3.77,-9.56042,1,8,0,0,0,0,0,0,1.792,0,127.4
1534,46308.840,16.1093,15.0445,14.5508,31,6.25,-.78125,2185,11.8061,20,95,8.43,1.56,0,8.62745,0,14.2196,3.77,-9.56042,1,8,0,0,0,0,0,0,1.792,0,127.4
1535,46308.880,16.0668,15.0445,14.5508,31,6.25,-.78125,2185.75,11.8061,20,95,8.18,1.56,0,8.62745,0,14.2196,3.77,-9.56042,1,8,0,0,0,0,0,0,1.792,0,127.4
1536,46308.920,15.8153,15.0445,14.5508,31,6.25,-.78125,2193.75,11.8061,20,95,8.56,1.56,0,9.01961,0,14.2196,3.77,-9.56042,1,8,0,0,0,0,0,0,1.792,0,127.4
1537,46308.960,15.8153,15.0445,14.5508,31,6.25,-.78125,2176.25,11.8061,20,95,8.74,1.58,0,9.01961,0,14.2196,3.77,-9.56043,1,8,0,0,0,0,0,0,2.048,0,127.4
1538,46309.000,15.8985,15.0445,14.5508,31,6.25,-.78125,2173.25,11.8061,20,95,8.74,1.58,0,9.01961,0,14.2196,3.77,-9.56044,1,8,0,0,0,0,0,0,2.048,0,127.4
1539,46309.040,15.7303,15.0445,14.5508,31,6.25,-.78125,2163.25,11.8061,20,95,8.74,1.58,0,9.01961,0,14.2196,3.77,-9.56044,1,8,0,0,0,0,0,0,2.048,0,127.4
1540,46309.080,15.6877,14.9297,14.5508,31,7.03125,-.78125,2129,11.8061,20,95,8.8,1.58,0,9.01961,0,14.2196,3.77,-9.56044,1,8,0,0,0,0,0,0,2.048,0,127.4
1541,46309.120,15.1404,15.0445,14.5508,31,7.03125,-.78125,2126,11.8061,20,95,8.74,1.58,0,9.01961,0,14.2196,3.77,-9.56045,1,8,0,0,0,0,0,0,2.048,0,127.4
1542,46309.160,15.3086,15.0445,14.5508,31,7.03125,-.78125,2101.25,11.8061,20,95,8.99,1.58,0,9.01961,0,14.2196,3.77,-9.56045,1,8,0,0,0,0,0,0,2.048,0,127.4
1543,46309.200,15.268,14.9297,14.5508,31,7.03125,-.78125,2102.75,11.1847,20,95,9.05,1.58,0,9.01961,0,14.2196,3.77,-9.56046,1,8,0,0,0,0,0,0,2.048,0,127.4
1544,46309.240,15.2255,14.9297,14.5508,31,7.03125,-.78125,2118.25,11.1847,20,95,9.05,1.58,0,9.01961,0,14.2196,3.77,-9.56046,1,8,0,0,0,0,0,0,2.048,0,127.4
1545,46309.280,15.0978,14.8148,14.5508,31,7.03125,-.78125,2117.25,11.1847,20,95,8.99,1.58,0,9.01961,0,14.2196,3.77,-9.56046,1,8,0,0,0,0,0,0,2.048,0,127.4
1546,46309.320,14.9296,14.7,14.5508,31,7.03125,-.78125,2135.5,11.1847,20,95,9.05,1.58,0,9.01961,0,14.2196,3.77,-9.56047,1,8,0,0,0,0,0,0,2.048,0,127.4
1547,46309.360,14.9296,14.7,14.5508,31,7.03125,-.78125,2106.75,11.1847,20,95,8.99,1.58,0,9.01961,0,14.2196,3.915,-9.56047,1,8,0,0,0,0,0,0,2.048,0,127.4
1548,46309.400,14.8464,14.5852,14.5508,31,7.03125,-.78125,2093.5,11.1847,20,95,8.87,1.58,0,9.01961,0,14.2196,3.915,-9.56048,1,8,0,0,0,0,0,0,2.048,0,127.4
1549,46309.440,14.5505,14.5852,14.5508,31,7.03125,-.78125,2072.5,11.1847,20,95,8.8,1.58,0,9.01961,0,14.2196,3.915,-9.56049,1,8,0,0,0,0,0,0,2.048,0,127.4
1550,46309.480,14.3823,14.4703,14.5508,31,7.03125,-.78125,2043,11.1847,20,95,8.8,1.58,0,9.01961,0,14.2196,3.915,-9.56049,1,8,0,0,0,0,0,0,2.048,0,127.4
1551,46309.520,14.4248,14.3555,14.5508,31,7.03125,-.78125,2041,11.1847,20,95,8.8,1.58,0,9.01961,0,14.2196,3.915,-9.56049,1,8,0,0,0,0,0,0,2.048,0,127.4
1552,46309.560,14.4673,14.3555,14.5508,31,7.03125,-.78125,2032,11.1847,20,95,8.8,1.58,0,8.62745,0,14.2196,3.915,-9.5605,1,8,0,0,0,0,0,0,2.048,0,127.4
1553,46309.600,14.1714,14.2406,14.5508,31,7.03125,-.78125,2042,11.1847,20,95,8.74,1.56,0,8.62745,0,14.2196,3.915,-9.5605,1,8,0,0,0,0,0,0,2.048,0,127.4
1554,46309.640,14.3397,14.2406,14.5508,31,7.03125,-.78125,2073.25,11.1847,20,95,8.49,1.56,0,8.62745,0,14.2196,3.915,-9.56051,1,8,0,0,0,0,0,0,2.048,0,127.4
1555,46309.680,14.2972,14.2406,14.5508,31,7.03125,-.78125,2065.5,11.1847,20,95,8.56,1.56,0,8.62745,0,14.2196,3.915,-9.56051,1,8,0,0,0,0,0,0,2.048,0,127.4
1556,46309.720,14.1714,14.1258,14.5508,31,6.25,-.78125,2057.5,11.1847,20,95,8.62,1.56,0,8.62745,0,14.2196,3.915,-9.56051,1,8,0,0,0,0,0,0,2.048,0,127.4
1557,46309.760,14.6782,14.1258,14.5508,31,6.25,-.78125,2049.75,11.1847,20,95,8.68,1.56,0,8.62745,0,14.2196,3.915,-9.56052,1,8,0,0,0,0,0,0,2.048,0,127.4
1558,46309.800,14.6356,14.1258,14.5508,31,6.25,-.78125,2016.5,11.1847,20,95,8.56,1.56,0,8.62745,0,14.2196,3.915,-9.56052,1,8,0,0,0,0,0,0,2.048,0,127.4
1559,46309.840,14.6356,14.0109,14.5508,31,6.25,-.78125,2000.5,11.1847,20,95,8.68,1.58,0,8.62745,0,14.2196,3.915,-9.56053,1,8,0,0,0,0,0,0,2.048,0,127.4
1560,46309.880,14.6356,14.0109,14.5508,31,6.25,-.78125,1981.25,11.1847,20,95,8.8,1.58,0,8.62745,0,14.2196,3.915,-9.51405,1,8,0,0,0,0,0,0,2.048,0,127.4
1561,46309.920,14.5505,14.0109,14.5508,31,6.25,-.78125,1972.5,11.1847,20,95,8.62,1.58,0,8.62745,0,14.2196,3.915,-9.51405,1,8,0,0,0,0,0,0,2.048,0,127.4
1562,46309.960,14.5505,14.0109,14.5508,31,5.46875,-.78125,1984.25,11.1847,20,95,8.68,1.56,0,8.62745,0,14.2196,3.915,-9.51454,1,8,0,0,0,0,0,0,2.048,0,127.4
1563,46310.000,14.3823,14.0109,14.5508,31,5.46875,-.78125,1991.75,10.5633,20,95,8.68,1.58,0,8.62745,0,14.2196,3.915,-9.51454,1,8,0,0,0,0,0,0,2.048,0,127.4
1564,46310.040,14.508,14.0109,14.5508,31,5.46875,-.78125,2006,10.5633,20,95,8.62,1.56,0,8.62745,0,14.2196,3.915,-9.54033,1,8,0,0,0,0,0,0,2.048,0,127.4
1565,46310.080,14.4673,14.1258,14.5508,31,5.46875,-.78125,2004.5,10.5633,20,95,8.56,1.56,0,8.62745,0,14.2196,3.915,-9.56056,1,8,0,0,0,0,0,0,2.048,0,127.4
1566,46310.120,14.4673,14.1258,14.5508,31,5.46875,-.78125,1985.5,10.5633,20,95,8.56,1.56,0,8.62745,0,14.2196,3.915,-9.56056,1,8,0,0,0,0,0,0,2.048,0,127.4
1567,46310.160,14.6782,14.1258,14.4808,31,5.46875,-.78125,1949.5,10.5633,20,95,8.8,1.58,0,8.62745,0,14.2196,3.915,-9.47488,1,8,0,0,0,0,0,0,2.048,0,127.4
1568,46310.200,14.6782,14.1258,14.4738,31,5.46875,-.78125,1934.75,10.5633,20,95,8.93,1.58,0,8.62745,0,14.2196,3.915,-9.39982,1,8,0,0,0,0,0,0,2.048,0,127.4
1569,46310.240,14.1714,14.1258,14.4738,31,4.6875,-.78125,1919.5,10.5633,20,95,8.62,1.56,0,8.62745,0,14.2196,3.915,-9.39982,1,8,0,0,0,0,0,0,2.048,0,127.4
1570,46310.280,14.1289,14.1258,14.4738,31,4.6875,-.78125,1905,10.5633,20,95,8.49,1.56,0,8.62745,0,14.2196,3.915,-9.32518,1,8,0,0,0,0,0,0,2.048,0,127.4
1571,46310.320,14.214,14.1258,14.4738,31,4.6875,-.78125,1906.25,10.5633,20,95,8.56,1.56,0,8.23529,0,14.2196,4.06,-9.32518,1,8,0,0,0,0,0,0,2.048,0,127.4
1572,46310.360,14.0883,14.2406,14.4738,31,4.6875,-.78125,1921.25,10.5633,20,95,8.18,1.54,0,8.23529,0,14.2196,4.06,-9.35889,1,8,0,0,0,0,0,0,2.048,0,127.4
1573,46310.400,14.1289,14.2406,14.453,31,4.6875,-.78125,1923,10.5633,20,95,8.18,1.54,0,8.23529,0,14.2196,4.06,-9.37049,1,8,0,0,0,0,0,0,2.048,0,127.4
1574,46310.440,14.214,14.2406,14.453,31,4.6875,-.78125,1901.5,10.5633,20,95,8.18,1.54,0,8.23529,0,14.2196,4.06,-9.37049,1,8,0,0,0,0,0,0,2.048,0,127.4
1575,46310.480,14.214,14.2406,14.4599,31,4.6875,-.78125,1892.75,9.94194,20,95,8.25,1.56,0,8.23529,0,14.2196,4.06,-9.32833,1,8,0,0,0,0,0,0,2.048,0,127.4
1576,46310.520,14.2565,14.3555,14.4669,31,4.6875,-.78125,1873,9.94194,20,95,8.31,1.56,0,8.23529,0,14.2196,4.06,-9.24774,1,8,0,0,0,0,0,0,2.048,0,127.4
1577,46310.560,14.3397,14.3555,14.4669,31,4.6875,-.78125,1851.25,9.94194,20,95,8.18,1.54,0,8.23529,0,14.2196,4.06,-9.24774,1,8,0,0,0,0,0,0,2.048,0,127.4
1578,46310.600,14.3397,14.3555,14.4738,31,4.6875,-.78125,1839,9.94194,20,95,8.1,1.54,0,8.23529,0,14.2196,4.06,-9.17908,1,8,0,0,0,0,0,0,2.048,0,127.4
1579,46310.640,14.3397,14.3555,14.4738,31,4.6875,-.78125,1837,9.94194,20,95,8.07,1.54,0,8.23529,0,14.2196,4.06,-9.17908,1,8,0,0,0,0,0,0,2.048,0,127.4
1580,46310.680,14.4248,14.4703,14.453,31,4.6875,-.78125,1832.5,9.94194,20,95,8.1,1.54,0,8.23529,0,14.2196,4.06,-9.17587,1,8,0,0,0,0,0,0,2.048,0,127.4
1581,46310.720,15.0572,14.4703,14.4461,31,4.6875,-.78125,1836.25,9.94194,20,95,8.18,1.54,0,8.23529,0,14.2196,4.06,-9.12989,1,8,0,0,0,0,0,0,2.048,0,127.4
1582,46310.760,14.9721,14.4703,14.4461,31,4.6875,-.78125,1829.75,9.94194,20,95,8.1,1.54,0,8.23529,0,14.2196,4.06,-9.12989,1,8,0,0,0,0,0,0,2.048,0,127.4
1583,46310.800,15.1829,14.4703,14.4184,31,4.6875,-.78125,1818.5,9.94194,20,95,8.1,1.54,0,8.23529,0,14.2196,4.06,-9.14094,1,8,0,0,0,0,0,0,2.048,0,127.4
1584,46310.840,15.1404,14.4703,14.4184,31,4.6875,-.78125,1799.5,9.94194,20,95,8.07,1.54,0,8.23529,0,14.2196,4.205,-9.0662,1,8,0,0,0,0,0,0,2.048,0,129.2
1585,46310.880,15.0147,14.4703,14.4184,31,4.6875,-.78125,1785.5,9.94194,20,95,8.05,1.54,0,8.23529,0,14.2196,4.205,-9.0662,1,8,0,0,0,0,0,0,2.048,0,129.2
1586,46310.920,15.3512,14.4703,14.4046,31,4.6875,-.78125,1782.5,9.94194,19.5,95,8,1.52,0,8.23529,0,14.2196,4.205,-9.00467,1,8,0,0,0,0,0,0,2.048,0,129.2
1587,46310.960,15.268,14.4703,14.4046,31,4.6875,-.78125,1767.25,9.32057,19.5,95,7.94,1.52,0,8.23529,0,14.2196,4.205,-9.00467,1,8,0,0,0,0,0,0,2.048,0,129.2
1588,46311.000,15.1404,14.4703,14.4115,31,4.6875,-.78125,1746.25,9.32057,19,95,7.98,1.52,0,8.23529,0,14.2196,4.205,-8.96062,1,8,0,0,0,0,0,0,2.048,0,129.2
1589,46311.040,14.5931,14.4703,14.4046,31,4.6875,-.78125,1742.5,9.32057,19,95,7.92,1.52,0,8.23529,0,14.2196,4.205,-8.92554,1,8,0,0,0,0,0,0,2.048,0,129.2
1590,46311.080,14.5931,14.4703,14.4046,31,3.90625,-.78125,1740,9.32057,19,95,7.94,1.52,0,8.23529,0,14.2196,4.205,-8.92554,1,8,0,0,0,0,0,0,2.048,0,129.2
1591,46311.120,14.3397,14.4703,14.3977,31,3.90625,-.78125,1751.25,9.32057,19,95,7.92,1.52,0,8.23529,0,14.2196,4.205,-8.94201,1,8,0,0,0,0,0,0,2.048,0,129.2
1592,46311.160,14.508,14.4703,14.4046,31,3.90625,-.78125,1741,9.32057,19,95,7.9,1.52,0,8.23529,0,14.2196,4.205,-8.92231,1,8,0,0,0,0,0,0,2.304,0,129.2
1593,46311.200,14.5505,14.3555,14.4046,31,3.90625,-.78125,1728.5,9.32057,18.5,95,7.9,1.52,0,8.23529,0,14.2196,4.205,-8.92231,1,8,0,0,0,0,0,0,2.304,0,129.2
1594,46311.240,14.4248,14.3555,14.4115,31,3.90625,-.78125,1686.5,9.32057,18,95,7.96,1.52,0,8.23529,0,14.2196,4.205,-8.83997,1,8,0,0,0,0,0,0,2.304,0,129.2
1595,46311.280,14.4248,14.3555,14.4115,31,3.90625,-.78125,1679.75,9.32057,18,95,7.98,1.52,0,8.23529,0,14.2196,4.205,-8.83997,1,8,0,0,0,0,0,0,2.304,0,129.2
1596,46311.320,14.4248,14.3555,14.4115,31,3.90625,-.78125,1672,9.32057,17.5,95,7.98,1.52,0,7.84314,0,14.2196,4.205,-8.77132,1,8,0,0,0,0,0,0,2.304,0,129.2
1597,46311.360,14.3823,14.3555,14.3977,31,3.90625,-.78125,1660.25,9.32057,17.5,95,7.9,1.52,0,7.84314,0,14.2196,4.205,-8.72319,1,8,0,0,0,0,0,0,2.304,0,129.2
1598,46311.400,14.2972,14.2406,14.3977,31,3.90625,-.78125,1660.5,9.32057,17.5,95,7.88,1.52,0,7.84314,0,14.2196,4.205,-8.72319,1,8,0,0,0,0,0,0,2.304,0,129.2
1599,46311.440,14.2565,14.2406,14.4046,31,3.90625,-.78125,1660.25,8.6992,17.5,95,7.92,1.52,.392157,7.84314,2.39844,14.2196,4.205,-8.64789,1,8,0,0,0,0,0,0,2.304,0,129.2
1600,46311.480,14.4248,14.1258,14.4046,31,3.125,-.78125,1659.75,8.6992,17.5,95,7.92,1.52,.392157,7.84314,2.39844,14.2196,4.35,-8.64612,1,8,0,0,0,0,0,0,2.304,0,129.2
1601,46311.520,14.2565,14.1258,14.4046,31,3.125,-.78125,1655.75,8.6992,17.5,95,7.9,1.52,.392157,7.84314,3.26605,14.2196,4.35,-8.64612,1,8,0,0,0,0,0,0,2.304,0,129.2
1602,46311.560,14.214,14.1258,14.3908,31,3.125,-.78125,1638.25,8.6992,17.5,95,7.9,1.52,.392157,8.23529,5.35798,14.2196,4.35,-8.499,1,8,0,0,0,13.3333,0,0,2.304,0,129.2
1603,46311.600,14.0883,14.1258,14.3908,31,3.125,-.78125,1601,8.6992,18.5,95,8,1.54,.392157,8.23529,4.61836,14.2196,4.35,-8.499,1,8,0,0,0,13.3333,0,0,2.304,0,129.2
1604,46311.640,14.0032,14.1258,14.3977,31,3.125,-.78125,1597.25,8.6992,25.5,95,8.1,1.54,.784314,8.62745,5.83247,14.2196,4.35,-8.40111,1,8,0,0,0,6.27451,0,0,2.304,0,129.2
1605,46311.680,13.8775,14.1258,14.3771,31,3.125,-.78125,1614.75,8.6992,26,95,8.37,1.56,.784314,8.62745,8.5532,14.2196,4.35,-8.35037,1,8,0,0,0,11.7647,0,0,2.304,0,129.2
1606,46311.720,14.1289,14.1258,14.3771,31,2.34375,-.78125,1629,8.6992,27,95,8.56,1.56,1.17647,9.01961,13.9732,14.2196,4.35,-8.35037,1,8,0,0,0,11.7647,0,0,2.304,0,129.2
1607,46311.760,14.1289,14.0109,14.3565,31,2.34375,-.78125,1630.75,8.6992,27.5,95,8.74,1.58,1.96078,9.01961,19.3994,14.2196,4.495,-8.15171,1,8,0,0,0,23.5294,0,0,2.304,0,129.2
1608,46311.800,14.0883,14.0109,14.3156,31,2.34375,-.78125,1622.25,8.6992,21.5,95,8.99,1.6,1.96078,9.41177,19.4256,14.2196,4.495,-8.03278,1,8,0,0,0,23.9216,0,0,2.304,0,129.2
1609,46311.840,14.0032,14.0109,14.3156,31,2.34375,-.78125,1597.75,8.6992,22,95,9.31,1.6,1.96078,9.41177,19.5033,14.2196,4.64,-8.03278,1,8,0,0,0,23.9216,0,0,2.304,0,129.2
1610,46311.880,14.0032,14.1258,14.2209,31,1.5625,-.78125,1564.25,8.6992,23,95,9.53,1.62,1.96078,9.80392,22.3562,14.2196,4.785,-7.90245,1,8,0,0,0,23.9216,0,0,2.56,0,129.2
1611,46311.920,14.0032,14.1258,14.2209,31,1.5625,-.78125,1547,8.6992,24,95,9.67,1.62,1.96078,9.80392,22.4339,14.2196,4.93,-7.90245,1,8,0,0,0,23.9216,0,0,2.56,0,129.2
1612,46311.960,14.1289,14.1258,14.0944,31,1.5625,-.78125,1555.5,8.6992,24.5,95,9.81,1.64,1.96078,9.80392,22.4496,14.2196,4.93,-7.89793,1,8,0,0,0,23.9216,0,0,2.56,0,129.2
1613,46312.000,14.1714,14.2406,13.9896,31,1.5625,-.78125,1567.25,8.6992,25.5,95,9.74,1.62,1.96078,9.80392,22.3517,14.2196,5.075,-7.89826,1,8,0,0,0,23.9216,0,0,2.56,0,129.2
1614,46312.040,14.0457,14.2406,13.9896,31,1.5625,-.78125,1592.25,8.6992,26,95,9.7,1.62,2.35294,9.80392,24.9934,14.2196,5.22,-7.89826,1,8,0,0,0,23.9216,0,0,2.56,0,129.2
1615,46312.080,14.3823,14.3555,13.9184,31,1.5625,-.78125,1609,8.6992,26,95,9.81,1.64,2.35294,10.1961,24.9195,14.2196,5.22,-7.82064,1,8,0,0,0,26.6667,0,0,2.816,0,129.2
1616,46312.120,14.508,14.3555,13.8799,31,1.5625,-.78125,1626.5,8.6992,26,95,10.05,1.66,1.96078,10.1961,22.1254,14.2196,5.365,-7.95782,1,8,0,0,0,27.0588,0,0,2.816,0,129.2
1617,46312.160,14.4673,14.4703,13.8799,31,1.5625,-.78125,1630.25,8.6992,26,95,10.36,1.66,1.96078,10.1961,19.395,14.2196,5.365,-7.95782,1,8,0,0,0,27.0588,0,0,2.816,0,129.2
1618,46312.200,14.5505,14.4703,13.8544,31,1.5625,-.78125,1631.5,8.6992,26.5,95,10.36,1.66,1.96078,9.80392,19.3904,14.2196,5.365,-8.05132,1,8,0,0,0,25.098,0,0,2.816,0,129.2
1619,46312.240,14.5931,14.5852,13.8544,31,1.5625,-.78125,1614.5,8.6992,26,95,9.94,1.62,1.17647,9.41177,16.8641,14.2196,5.51,-8.05132,1,8,0,0,0,25.098,0,0,2.816,0,129.2
1620,46312.280,14.508,14.5852,13.8353,31,1.5625,-.78125,1610.25,8.6992,26,95,9.77,1.62,1.17647,9.41177,16.1347,14.2196,5.51,-8.09988,1,8,0,0,0,20,0,0,2.816,0,129.2
1621,46312.320,14.7188,14.5852,13.8608,31,1.5625,-.78125,1603,8.6992,26,95,9.56,1.62,.784314,9.41177,15.4133,14.2196,5.51,-8.13699,1,8,0,0,0,18.8235,0,0,2.816,0,129.2
1622,46312.360,14.7613,14.5852,13.8608,31,1.5625,-.78125,1586,8.6992,26,95,9.6,1.6,.392157,9.41177,14.7125,14.2196,5.51,-8.13699,1,8,0,0,0,18.8235,0,0,2.816,0,129.2
1623,46312.400,14.7188,14.5852,13.9249,31,1.5625,-.78125,1576,8.6992,26,95,9.39,1.62,.392157,9.41177,14.0457,14.2196,5.51,-8.13894,1,8,0,0,0,15.2941,0,0,2.816,0,129.2
1624,46312.440,14.5505,14.4703,13.9572,31,1.5625,-.78125,1569,8.6992,26,95,9.49,1.6,0,9.01961,13.3959,14.2196,5.51,-8.1705,1,8,0,0,0,0,0,0,2.816,0,129.2
1625,46312.480,14.508,14.3555,13.9572,31,1.5625,-.78125,1565,8.6992,25.5,95,9.22,1.58,0,9.01961,12.7582,14.2196,5.365,-8.1705,1,8,0,0,0,0,0,0,2.816,0,129.2
1626,46312.520,14.3397,14.2406,13.9961,31,.78125,-.78125,1560.75,8.6992,24.5,95,9.05,1.58,0,9.01961,12.1233,14.2196,5.365,-8.2014,1,8,0,0,0,0,0,0,2.56,0,129.2
1627,46312.560,14.1714,14.1258,13.9961,31,0,-.78125,1565.25,8.6992,23.5,95,9.05,1.58,.392157,9.01961,11.5004,14.2196,5.365,-8.2014,1,8,0,0,0,0,0,0,2.56,0,129.2
1628,46312.600,14.0883,14.0109,14.0418,31,-.78125,-.78125,1560.75,8.6992,23,95,8.8,1.58,.392157,9.01961,10.8829,14.2196,5.365,-8.2315,1,8,0,0,0,0,0,0,2.56,0,129.2
1629,46312.640,14.508,13.8961,14.0615,31,-1.5625,-.78125,1561,8.6992,22,95,8.8,1.58,.392157,9.01961,10.2699,14.2196,5.365,-8.26115,1,8,0,0,0,0,0,0,2.56,0,129.2
1630,46312.680,14.2565,13.7813,14.0615,31,-1.5625,-.78125,1579,8.6992,22,95,8.74,1.58,.784314,9.01961,9.64223,14.2196,5.365,-8.26115,1,8,0,0,0,0,0,0,2.56,0,129.2
1631,46312.720,14.0883,13.7813,14.101,31,-2.34375,-.78125,1597.5,8.6992,22.5,95,8.8,1.58,.784314,9.01961,8.97387,14.2196,5.365,-8.29169,1,8,0,0,0,10.1961,0,0,2.56,0,129.2
1632,46312.760,14.214,13.6664,14.1407,31,-2.34375,-.78125,1620.75,8.6992,23.5,95,8.68,1.56,1.17647,9.01961,11.2536,14.2196,5.365,-8.28074,1,8,0,0,0,15.2941,0,0,2.56,0,129.2
1633,46312.800,14.2565,13.6664,14.1407,31,-3.125,-.78125,1637.5,8.6992,24,95,8.68,1.58,.784314,9.01961,10.9457,14.2196,5.365,-8.28074,1,8,0,0,0,15.2941,0,0,2.56,0,129.2
1634,46312.840,14.214,13.7813,14.154,31,-3.125,-.78125,1644.5,8.6992,25,95,8.8,1.58,.784314,9.01961,10.1671,14.2196,5.365,-8.33553,1,8,0,0,0,16.8627,0,0,2.56,0,129.2
1635,46312.880,14.214,13.7813,14.154,31,-3.90625,-.78125,1625.25,8.6992,26,95,8.62,1.58,.784314,9.01961,9.38356,14.2196,5.365,-8.33553,1,8,0,0,0,16.8627,0,0,2.304,0,129.2
1636,46312.920,14.1289,13.7813,14.2075,31,-3.90625,-.78125,1615.75,8.6992,26,95,8.87,1.58,.784314,9.01961,8.63668,14.2196,5.22,-8.35235,1,8,0,0,0,14.1176,0,0,2.304,0,129.2
1637,46312.960,14.3823,13.8961,14.2681,31,-3.90625,-.78125,1603.75,8.6992,26,95,8.8,1.58,.784314,8.62745,7.90653,14.2196,5.22,-8.37716,1,8,0,0,0,11.7647,0,0,2.304,0,129.2
1638,46313.000,14.3397,13.8961,14.2681,31,-3.90625,-.78125,1589.5,8.6992,26,95,8.8,1.56,.392157,8.62745,7.20468,14.2196,5.22,-8.37716,1,8,0,0,0,11.7647,0,0,2.304,0,129.2
1639,46313.040,14.4248,14.0109,14.3087,31,-3.90625,-.78125,1570.75,8.6992,25.5,95,8.49,1.56,.392157,8.23529,6.53364,14.2196,5.22,-8.3655,1,8,0,0,0,7.45098,0,0,2.304,0,129.2
1640,46313.080,14.4248,14.0109,14.336,31,-3.90625,-.78125,1566,8.6992,25.5,95,8.16,1.54,.392157,8.23529,5.89374,14.2196,5.22,-8.39686,1,8,0,0,0,6.27451,0,0,2.304,0,129.2
1641,46313.120,14.508,14.1258,14.336,31,-4.6875,-.78125,1576.75,8.6992,25.5,95,8.08,1.54,.392157,8.23529,5.24303,14.2196,5.22,-8.39686,1,8,0,0,0,6.27451,0,0,2.304,0,129.2
1642,46313.160,14.5505,14.1258,14.3702,31,-4.6875,-.78125,1590.75,8.6992,25.5,95,8.07,1.54,.392157,8.23529,4.55956,14.2196,5.075,-8.42888,1,8,0,0,0,5.09804,0,0,2.304,0,129.2
1643,46313.200,14.5505,14.1258,14.3702,31,-4.6875,-.78125,1618.5,8.6992,26,95,8.05,1.54,0,8.23529,3.84567,14.2196,5.075,-8.42888,1,8,0,0,0,5.09804,0,0,2.304,0,129.2
1644,46313.240,14.5931,14.2406,14.4046,31,-4.6875,-.78125,1629.75,8.6992,26,95,8.02,1.54,0,8.23529,3.10411,14.2196,5.075,-8.50674,1,8,0,0,0,7.05882,0,0,2.304,0,129.2
1645,46313.280,14.7613,14.2406,14.4322,31,-4.6875,-.78125,1615.25,8.6992,25,95,8.04,1.54,0,8.23529,2.36121,14.2196,5.075,-8.53808,1,8,0,0,0,0,0,0,2.304,0,129.2
1646,46313.320,14.7613,14.2406,14.4322,31,-4.6875,-.78125,1600.75,8.6992,24,95,8.04,1.54,0,8.23529,1.65618,14.2196,5.075,-8.53808,1,8,0,0,0,0,0,0,2.304,0,129.2
1647,46313.360,14.9296,14.3555,14.4948,31,-4.6875,-.78125,1578,8.6992,23,95,7.98,1.52,0,7.84314,.989055,14.2196,4.93,-8.53292,1,8,0,0,0,0,0,0,2.304,0,129.2
1648,46313.400,14.9296,14.3555,14.5649,31,-4.6875,-.78125,1566.5,8.6992,22.5,95,7.82,1.5,0,7.84314,.348256,14.2196,4.93,-8.56416,1,8,0,0,0,0,0,0,2.304,0,129.2
1649,46313.440,14.9721,14.4703,14.5649,31,-4.6875,-.78125,1553.5,8.6992,22,95,7.79,1.5,0,7.84314,0,14.2196,4.93,-8.56416,1,8,0,0,0,0,0,0,2.304,0,129.2
1650,46313.480,14.9296,14.4703,14.5649,31,-4.6875,-.78125,1554,8.6992,25,95,7.79,1.5,.392157,7.45098,2.39844,14.2196,4.93,-8.57467,1,8,0,0,0,0,0,0,2.304,0,129.2
1651,46313.520,15.0572,14.4703,14.5649,31,-4.6875,-.78125,1571.5,8.6992,22.5,95,7.79,1.52,.392157,7.84314,2.39844,14.2196,4.93,-8.57467,1,8,0,0,0,0,0,0,2.304,0,129.2
1652,46313.560,15.0978,14.5852,14.5649,31,-4.6875,-.78125,1586.5,8.6992,21.5,95,7.86,1.52,.784314,7.84314,8.5439,14.2196,4.93,-8.47695,1,8,0,0,0,3.52941,0,0,2.304,0,129.2
1653,46313.600,15.1404,14.5852,14.5649,31,-4.6875,-.78125,1572.25,8.6992,23,95,7.88,1.52,.784314,8.23529,8.54544,14.2196,4.785,-8.3169,1,8,0,0,0,9.01961,0,0,2.304,0,129.2
1654,46313.640,15.2255,14.5852,14.5649,31,-4.6875,-.78125,1571.5,8.6992,24,95,7.96,1.54,.784314,8.62745,8.28947,14.2196,4.785,-8.3169,1,8,0,0,0,9.01961,0,0,2.304,0,129.2
1655,46313.680,15.268,14.7,14.5649,31,-3.90625,-.78125,1559.25,8.07783,25.5,95,8.1,1.54,.392157,8.62745,7.65079,14.2196,4.785,-8.33239,1,8,0,0,0,8.62745,0,0,2.304,0,129.2
1656,46313.720,15.3512,14.7,14.5649,31,-3.90625,-.78125,1539.5,8.07783,27.5,95,8.18,1.54,.392157,8.62745,7.04721,14.2196,4.785,-8.36211,1,8,0,0,0,7.45098,0,0,2.304,0,129.2
1657,46313.760,15.562,14.7,14.5649,31,-3.90625,-.78125,1542,8.07783,27.5,95,8.25,1.56,0,8.62745,6.45647,14.2196,4.785,-8.36211,1,8,0,0,0,7.45098,0,0,2.304,0,129.2
1658,46313.800,15.4363,14.8148,14.5649,31,-3.90625,-.78125,1538.5,8.07783,27,95,8.56,1.56,0,8.62745,5.86472,14.2196,4.785,-8.39069,1,8,0,0,0,0,0,0,2.304,0,129.2
1659,46313.840,15.4363,14.8148,14.5649,31,-3.90625,-.78125,1542,8.07783,26,95,8.37,1.56,0,8.23529,5.27614,14.2196,4.785,-8.39069,1,8,0,0,0,0,0,0,2.304,0,129.2
1660,46313.880,15.6045,14.9297,14.5649,31,-3.90625,-.78125,1527,8.07783,26.5,95,8.18,1.56,0,8.23529,4.70165,14.2196,4.93,-8.41907,1,8,0,0,0,0,0,0,2.304,0,129.2
1661,46313.920,15.6045,14.9297,14.5649,31,-3.90625,-.78125,1517,8.07783,26.5,95,8.18,1.54,0,8.23529,4.15842,14.2196,4.93,-8.44604,1,8,0,0,0,0,0,0,2.304,0,129.2
1662,46313.960,15.8153,15.0445,14.5649,31,-3.90625,-.78125,1512.25,8.07783,26,95,8.04,1.54,0,8.23529,3.62249,14.2196,4.93,-8.44604,1,8,0,0,0,0,0,0,2.304,0,129.2
1663,46314.000,16.0262,15.1594,14.5649,31,-3.125,-.78125,1512,8.07783,25,95,8,1.52,0,8.23529,3.09457,14.2196,4.93,-8.47182,1,8,0,0,0,0,0,0,2.304,0,129.2
1664,46314.040,16.1093,15.1594,14.5649,31,-3.125,-.78125,1524,8.07783,23,95,7.94,1.52,0,7.84314,2.55174,14.2196,4.93,-8.49774,1,8,0,0,0,0,0,0,2.304,0,129.2
1665,46314.080,16.1519,15.1594,14.5649,31,-3.125,-.78125,1519.25,8.07783,22.5,95,7.9,1.52,0,7.84314,2.00425,14.2196,4.93,-8.49774,1,8,0,0,0,0,0,0,2.304,0,129.2
1666,46314.120,16.2776,15.2742,14.5649,31,-3.125,-.78125,1509,8.07783,22.5,95,7.82,1.5,0,7.84314,1.47164,14.2196,4.93,-8.52408,1,8,0,0,0,0,0,0,2.304,0,129.2
1667,46314.160,16.237,15.2742,14.5649,31,-2.34375,-.78125,1509.5,8.07783,21.5,95,7.77,1.5,0,7.84314,.941086,14.2196,4.93,-8.52408,1,8,0,0,0,0,0,0,2.304,0,129.2
1668,46314.200,16.1519,15.2742,14.5649,31,-2.34375,-.78125,1506.25,8.07783,21,95,7.75,1.5,0,7.84314,.418034,14.2196,4.93,-8.54953,1,8,0,0,0,0,0,0,2.304,0,129.2
1669,46314.240,16.0668,15.1594,14.5649,31,-2.34375,-.78125,1483.5,8.07783,22.5,95,7.8,1.52,0,7.45098,0,14.2196,4.93,-8.57425,1,8,0,0,0,0,0,0,2.304,0,129.2
1670,46314.280,15.3512,15.1594,14.5649,31,-2.34375,-.78125,1468.5,8.07783,23.5,95,7.8,1.52,0,7.45098,0,14.2196,4.93,-8.57425,1,8,0,0,0,0,0,0,2.304,0,129.2
1671,46314.320,15.3086,15.1594,14.5649,31,-2.34375,-.78125,1477.75,8.07783,22.5,95,7.8,1.5,0,7.45098,0,14.2196,4.93,-8.57473,1,8,0,0,0,0,0,0,2.304,0,129.2
1672,46314.360,15.268,15.0445,14.5649,31,-2.34375,-.78125,1493,8.07783,21,95,7.77,1.5,0,7.45098,0,14.2196,4.93,-8.57474,1,8,0,0,0,0,0,0,2.304,0,129.2
1673,46314.400,15.2255,15.0445,14.5649,31,-2.34375,-.78125,1483.75,8.07783,21.5,95,7.75,1.5,0,7.45098,0,14.2196,4.93,-8.57474,1,8,0,0,0,0,0,0,2.304,0,129.2
1674,46314.440,15.1404,15.0445,14.5649,31,-2.34375,-.78125,1466.5,8.07783,22.5,95,7.67,1.5,0,7.45098,0,14.2196,4.93,-8.57474,1,8,0,0,0,0,0,0,2.304,0,129.2
1675,46314.480,15.1404,14.9297,14.5649,31,-1.5625,-.78125,1451.75,8.07783,23.5,95,7.69,1.48,0,7.45098,0,14.2196,4.93,-8.57474,1,8,0,0,0,0,0,0,2.304,0,129.2
1676,46314.520,15.0572,14.9297,14.5649,31,-1.5625,-.78125,1450.5,8.07783,23,95,7.67,1.48,0,7.45098,0,14.2196,4.785,-8.57475,1,8,0,0,0,0,0,0,2.304,0,129.2
1677,46314.560,14.8039,14.8148,14.5649,31,-1.5625,-.78125,1449,8.07783,23,95,7.69,1.5,0,7.45098,0,14.2196,4.785,-8.57475,1,8,0,0,0,0,0,0,2.304,0,129.2
1678,46314.600,14.7188,14.8148,14.5649,31,-1.5625,-.78125,1452.5,8.07783,22.5,95,7.71,1.48,0,7.45098,0,14.2196,4.785,-8.57475,1,8,0,0,0,0,0,0,2.304,0,129.2
1679,46314.640,14.7613,14.7,14.5649,31,-1.5625,-.78125,1444.5,8.07783,22.5,95,7.73,1.5,0,7.45098,0,14.2196,4.785,-8.57476,1,8,0,0,0,0,0,0,2.304,0,129.2
1680,46314.680,14.7613,14.7,14.5649,31,-1.5625,-.78125,1440,8.07783,22.5,95,7.75,1.5,0,7.45098,0,14.2196,4.785,-8.57476,1,8,0,0,0,0,0,0,2.304,0,129.2
1681,46314.720,14.6356,14.5852,14.5649,31,-1.5625,-.78125,1437,7.45645,22.5,95,7.79,1.5,0,7.45098,0,14.2196,4.785,-8.57476,1,8,0,0,0,0,0,0,2.304,0,129.2
1682,46314.760,15.2255,14.5852,14.5649,31,-1.5625,-.78125,1433.75,7.45645,22.5,95,7.86,1.52,0,7.45098,0,14.2196,4.785,-8.57477,1,8,0,0,0,0,0,0,2.304,0,129.2
1683,46314.800,15.268,14.5852,14.5649,31,-2.34375,-.78125,1426.5,7.45645,23,95,7.88,1.52,0,7.45098,0,14.2196,4.785,-8.57477,1,8,0,0,0,0,0,0,2.304,0,129.2
1684,46314.840,15.0572,14.4703,14.5649,31,-2.34375,-.78125,1430.25,7.45645,22.5,95,7.82,1.52,0,7.45098,0,14.2196,4.785,-8.57477,1,8,0,0,0,0,0,0,2.304,0,129.2
1685,46314.880,15.0147,14.4703,14.5649,31,-2.34375,-.78125,1418.5,7.45645,23,95,7.8,1.52,0,7.45098,0,14.2196,4.785,-8.57478,1,8,0,0,0,0,0,0,2.304,0,129.2
1686,46314.920,15.1404,14.4703,14.5649,31,-2.34375,-.78125,1422,7.45645,22.5,95,7.86,1.52,0,7.45098,0,14.2196,4.785,-8.57478,1,8,0,0,0,0,0,0,2.304,0,129.2
1687,46314.960,15.3086,14.4703,14.5649,31,-2.34375,-.78125,1409.75,7.45645,23,95,7.8,1.5,0,7.45098,0,14.2196,4.785,-8.57484,1,8,0,0,0,0,0,0,2.304,0,129.2
1688,46315.000,14.4248,14.3555,14.5649,31,-2.34375,-.78125,1368.5,7.45645,23.5,95,7.8,1.5,0,7.45098,0,14.2196,4.785,-8.57484,1,8,0,0,0,0,0,0,2.304,0,129.2
1689,46315.040,14.4248,14.3555,14.5649,31,-2.34375,-.78125,1333.5,7.45645,23.5,95,7.84,1.52,0,7.45098,0,14.2196,4.93,-8.57484,1,8,0,0,0,0,0,0,2.304,0,129.2
1690,46315.080,14.3397,14.3555,14.5649,31,-2.34375,-.78125,1313.5,7.45645,23.5,95,7.86,1.52,0,7.45098,0,14.2196,4.93,-8.57485,1,8,0,0,0,0,0,0,2.304,0,129.2
1691,46315.120,14.2565,14.3555,14.5649,31,-2.34375,-.78125,1279.25,7.45645,23.5,95,7.88,1.52,0,7.45098,0,14.2196,4.93,-8.57485,1,8,0,0,0,0,0,0,2.304,0,129.2
1692,46315.160,14.4673,14.3555,14.5649,31,-2.34375,-.78125,1241.75,7.45645,23.5,95,7.8,1.5,0,7.45098,0,14.2196,4.93,-8.57485,1,8,0,0,0,0,0,0,2.304,0,129.2
1693,46315.200,14.7188,14.3555,14.5649,31,-2.34375,-.78125,1230.5,7.45645,23.5,95,7.79,1.5,0,7.45098,0,14.2196,4.93,-8.57485,1,8,0,0,0,0,0,0,2.304,0,129.2
1694,46315.240,14.4248,14.3555,14.5649,31,-2.34375,-.78125,1198.25,7.45645,23.5,95,7.69,1.48,0,7.05882,0,14.2196,4.93,-8.57485,1,8,0,0,0,0,0,0,2.56,0,129.2
1695,46315.280,14.4248,14.3555,14.5578,31,-2.34375,-.78125,1167.25,7.45645,23.5,95,7.4,1.48,0,7.05882,0,14.2196,4.93,-8.59925,1,8,0,0,0,0,0,0,2.56,0,129.2
1696,46315.320,14.5505,14.3555,14.4808,31,-2.34375,-.78125,1148,7.45645,23.5,95,7.4,1.48,0,7.05882,0,14.2196,4.93,-8.62252,1,8,0,0,0,0,0,0,2.56,0,129.2
1697,46315.360,14.6782,14.4703,14.4808,31,-2.34375,-.78125,1117.25,7.45645,23.5,95,7.51,1.48,0,7.05882,0,14.2196,4.93,-8.62252,1,8,0,0,0,0,0,0,2.56,0,129.2
1698,46315.400,14.7613,14.4703,14.4461,31,-2.34375,-.78125,1108.75,7.45645,23.5,95,7.33,1.48,0,7.05882,0,14.2196,5.075,-8.65079,1,8,0,0,0,0,0,0,2.56,0,129.2
1699,46315.440,14.508,14.4703,14.4461,31,-2.34375,-.78125,1086.5,7.45645,23.5,95,7.4,1.46,0,7.05882,0,14.2196,5.075,-8.65079,1,8,0,0,0,0,0,0,2.56,0,129.2
1700,46315.480,14.8039,14.4703,13.5978,31,-2.34375,-.78125,1040.25,7.45645,23.5,95,7.23,1.48,0,7.05882,0,14.2196,5.22,-8.68895,1,8,0,0,0,0,0,0,2.56,0,129.2
1701,46315.520,14.8039,14.4703,13.5672,31,-2.34375,-.78125,1030,7.45645,23.5,95,7.53,1.48,0,7.05882,0,14.2196,5.365,-8.73111,1,8,0,0,0,0,0,0,2.816,0,129.2
1702,46315.560,14.7188,14.4703,13.5672,31,-2.34375,-.78125,999.5,7.45645,23.5,95,7.53,1.48,0,7.05882,0,14.2196,5.51,-8.73111,1,8,0,0,0,0,0,0,2.816,0,129.2
1703,46315.600,15.2255,14.4703,13.5003,31,-2.34375,-.78125,977.75,7.45645,23.5,95,7.42,1.48,0,7.05882,0,14.2196,5.51,-8.75893,1,8,0,0,0,0,0,0,2.816,0,129.2
1704,46315.640,15.268,14.4703,14.0944,31,-2.34375,-.78125,974,7.45645,23.5,95,7.4,1.48,0,7.05882,0,14.2196,5.655,-8.78236,1,8,0,0,0,0,0,0,2.816,0,129.2
1705,46315.680,15.2255,14.4703,14.0944,31,-3.125,-.78125,954.5,7.45645,23.5,95,7.4,1.46,0,7.05882,0,14.2196,5.655,-8.78236,1,8,0,0,0,0,0,0,2.816,1,129.2
1706,46315.720,15.3937,14.3555,14.0287,31,-3.125,-.78125,927,7.45645,23.5,95,7.31,1.46,0,7.05882,0,14.2196,5.8,-8.80822,1,8,0,0,0,0,0,0,2.816,0,129.2
1707,46315.760,15.268,14.3555,14.0287,31,-3.125,-.78125,923.5,7.45645,23.5,95,7.09,1.46,0,7.05882,0,14.2196,5.8,-8.80822,1,8,0,0,0,0,0,0,2.816,0,129.2
1708,46315.800,15.3086,14.2406,13.9766,31,-3.125,-.78125,905,7.45645,23,95,6.91,1.46,0,7.05882,0,14.2196,5.945,-8.82881,1,8,0,0,0,0,0,0,2.816,0,129.2
1709,46315.840,15.2255,14.2406,13.3388,31,-3.125,-.78125,900.25,6.83508,23,95,6.81,1.46,0,7.05882,0,14.2196,5.945,-8.85028,1,8,0,0,0,0,0,0,2.816,0,129.2
1710,46315.880,15.1404,14.2406,13.3388,31,-3.125,-.78125,885.75,6.83508,23,95,7,1.46,0,7.05882,0,14.2196,6.09,-8.85028,1,8,0,0,0,0,0,0,2.816,0,129.2
1711,46315.920,15.268,14.1258,13.2858,31,-3.90625,-.78125,881.5,6.83508,23,95,6.91,1.46,0,7.05882,0,14.2196,6.09,-8.85972,1,8,0,0,0,0,0,0,2.816,0,129.2
1712,46315.960,15.2255,14.1258,13.2858,31,-3.90625,-.78125,881.75,6.83508,23,95,6.91,1.46,0,7.05882,0,14.2196,6.235,-8.86716,1,8,0,0,0,0,0,0,2.816,0,129.2
1713,46316.000,15.1404,14.1258,13.2858,31,-3.90625,-.78125,880.5,6.83508,23,95,7.19,1.48,0,7.05882,0,14.2196,6.235,-8.86716,1,8,0,0,0,0,0,0,2.816,0,129.2
1714,46316.040,15.2255,14.1258,13.7343,31,-3.90625,-.78125,892,6.83508,23,95,7.28,1.48,0,7.05882,0,14.2196,6.38,-8.85779,1,8,0,0,0,0,0,0,2.816,0,129.2
1715,46316.080,15.0572,14.1258,13.7343,31,-3.90625,-.78125,892,6.83508,23,95,7.4,1.48,0,7.05882,0,14.2196,6.38,-8.85779,1,8,0,0,0,0,0,0,2.816,0,129.2
1716,46316.120,14.9721,14.1258,13.7031,31,-4.6875,-.78125,901.25,6.83508,22.5,95,7.42,1.48,0,7.05882,0,14.2196,6.38,-8.84787,1,8,0,0,0,0,0,0,3.072,0,129.2
1717,46316.160,14.4673,14.1258,13.6906,31,-4.6875,-.78125,915,6.21371,22.5,95,7.67,1.48,0,7.05882,0,14.2196,6.525,-8.83656,1,8,0,0,0,0,0,0,3.072,0,129.2
1718,46316.200,14.3823,14.1258,13.6906,31,-4.6875,-.78125,913,6.21371,22.5,95,7.65,1.5,0,7.45098,0,14.2196,6.525,-8.83656,1,8,0,0,0,0,0,0,3.072,0,129.2
1719,46316.240,14.214,14.1258,13.6719,31,-4.6875,-.78125,923,6.21371,22.5,95,7.67,1.5,0,7.45098,0,14.2196,6.525,-8.83838,1,8,0,0,0,0,0,0,3.072,0,129.2
1720,46316.280,14.0457,14.1258,13.6533,31,-4.6875,-.78125,917.5,6.21371,22.5,95,7.69,1.48,0,7.45098,0,14.2196,6.525,-8.83447,1,8,0,0,0,0,0,0,3.072,0,129.2
1721,46316.320,14.1714,14.1258,13.6533,31,-4.6875,-.78125,934.5,6.21371,22.5,95,7.67,1.5,0,7.45098,0,14.2196,6.67,-8.83447,1,8,0,0,0,0,0,0,3.072,0,129.2
1722,46316.360,14.0883,14.1258,13.641,31,-4.6875,-.78125,945.75,6.21371,22.5,95,7.73,1.5,0,7.45098,0,14.2196,6.67,-8.81872,1,8,0,0,0,0,0,0,3.072,0,129.2
1723,46316.400,14.0457,14.1258,13.641,31,-4.6875,-.78125,948.75,6.21371,22.5,95,7.71,1.5,0,7.45098,0,14.2196,6.67,-8.81872,1,8,0,0,0,0,0,0,3.072,0,129.2
1724,46316.440,14.214,14.1258,13.6471,31,-5.46875,-.78125,988.5,6.21371,22.5,95,7.75,1.5,0,7.45098,0,14.2196,6.67,-8.80562,1,8,0,0,0,0,0,0,3.072,0,131
1725,46316.480,14.1289,14.1258,13.6657,31,-5.46875,-.78125,1018.5,5.59234,21.5,95,7.79,1.52,0,7.45098,0,14.2196,6.67,-8.74159,1,8,0,0,0,0,0,0,3.072,0,131
1726,46316.520,13.9606,14.1258,13.6657,31,-5.46875,-.78125,1028.5,5.59234,20.5,95,7.8,1.5,0,7.05882,0,14.2196,6.67,-8.74159,1,8,0,0,0,0,0,0,3.072,0,131
1727,46316.560,14.0883,14.1258,13.6968,31,-5.46875,-.78125,1068.25,5.59234,17,95,7.71,1.48,0,7.05882,0,14.2196,6.67,-8.70817,1,8,0,0,0,0,0,0,3.072,0,131
1728,46316.600,14.0883,14.1258,13.728,31,-5.46875,-.78125,1087.25,5.59234,15.5,95,7.62,1.48,0,7.05882,0,14.2196,6.67,-8.67842,1,8,0,0,0,0,0,0,3.072,0,131
1729,46316.640,14.1289,14.1258,13.728,31,-5.46875,-.78125,1113.25,5.59234,13.5,95,7.44,1.48,0,7.05882,0,14.2196,6.525,-8.67842,1,8,0,0,0,0,0,0,2.816,0,131
1730,46316.680,14.1714,14.2406,13.8289,31,-5.46875,-.78125,1116.25,5.59234,13,95,7.62,1.48,0,7.05882,0,14.2196,6.525,-8.65192,1,8,0,0,0,0,0,0,2.816,0,131
1731,46316.720,14.2565,14.1258,13.8289,31,-6.25,-.78125,1126.5,4.97097,12.5,95,7.55,1.5,0,7.05882,0,14.2196,6.525,-8.65192,1,8,0,0,0,0,0,0,2.816,0,131
1732,46316.760,14.1289,14.1258,13.912,31,-6.25,-.78125,1136.25,4.97097,12,95,7.75,1.5,0,7.45098,0,14.2196,6.38,-8.64232,1,8,0,0,0,0,0,0,2.816,0,131
1733,46316.800,14.1289,14.1258,13.9896,31,-6.25,-.78125,1134.5,4.97097,12.5,95,7.71,1.48,0,7.45098,0,14.2196,6.38,-8.63822,1,8,0,0,0,0,0,0,2.816,0,131
1734,46316.840,14.0457,14.0109,13.9896,31,-6.25,-.78125,1115.5,4.97097,14.5,95,7.71,1.5,0,7.45098,0,14.2196,6.235,-8.63822,1,8,0,0,0,0,0,0,2.816,0,131
1735,46316.880,13.8775,13.8961,14.1076,31,-7.03125,-.78125,1103.75,4.97097,15.5,95,7.64,1.48,0,7.05882,0,14.2196,6.235,-8.65183,1,8,0,0,0,0,0,0,2.816,0,131
1736,46316.920,13.8349,13.8961,14.1607,31,-7.03125,-.78125,1110,4.97097,15,95,7.62,1.48,0,7.05882,0,14.2196,6.09,-8.65768,1,8,0,0,0,0,0,0,2.816,0,131
1737,46316.960,13.8775,13.8961,14.1607,31,-7.03125,-.78125,1119,4.97097,14.5,95,7.19,1.46,0,7.05882,0,14.2196,6.09,-8.65768,1,8,0,0,0,0,0,0,2.816,0,131
1738,46317.000,13.7073,13.8961,14.2276,31,-7.03125,-.78125,1110,4.97097,15.5,95,7,1.48,0,7.05882,0,14.2196,6.09,-8.64934,1,8,0,0,0,0,0,0,2.56,0,131
1739,46317.040,13.7498,13.7813,14.2276,31,-7.8125,-.78125,1090.75,4.3496,17,95,7.09,1.46,0,7.05882,0,14.2196,5.945,-8.64934,1,8,0,0,0,0,0,0,2.56,0,131
1740,46317.080,13.7498,13.7813,14.3019,31,-7.8125,-.78125,1089.25,4.3496,17.5,95,7.09,1.48,0,7.05882,0,14.2196,5.945,-8.67528,1,8,0,0,0,0,0,0,2.56,0,131
1741,46317.120,13.8349,13.7813,14.336,31,-7.8125,-.78125,1094,4.3496,17,95,7,1.46,0,7.05882,0,14.2196,5.945,-8.68057,1,8,0,0,0,0,0,0,2.56,0,131
1742,46317.160,13.6667,13.7813,14.336,31,-7.8125,-.78125,1085,4.3496,17.5,95,6.81,1.46,0,7.05882,0,14.2196,5.945,-8.68057,1,8,0,0,0,0,0,0,2.56,0,131
1743,46317.200,13.8349,13.7813,14.3565,31,-8.59375,-.78125,1094,4.3496,17,95,6.55,1.46,0,7.05882,0,14.2196,5.945,-8.68047,1,8,0,0,0,0,0,0,2.56,0,131
1744,46317.240,13.7924,13.7813,14.3634,31,-8.59375,-.78125,1094.75,4.3496,17,95,6.91,1.46,0,7.05882,0,14.2196,5.945,-8.67149,1,8,0,0,0,0,0,0,2.56,0,131
1745,46317.280,13.6667,13.7813,14.3634,31,-8.59375,-.78125,1084,4.3496,18,95,7.09,1.48,0,7.05882,0,14.2196,5.945,-8.67149,1,8,0,0,0,0,0,0,2.56,0,131
1746,46317.320,13.8349,13.8961,14.3634,31,-8.59375,-.78125,1071.5,4.3496,19,95,7.28,1.46,0,7.05882,0,14.2196,5.945,-8.67907,1,8,0,0,0,0,0,0,2.56,0,131
1747,46317.360,13.7924,13.8961,14.3634,31,-9.375,-.78125,1066.5,4.3496,19,95,7.09,1.48,0,7.05882,0,14.2196,5.945,-8.67907,1,8,0,0,0,0,0,0,2.56,0,131
1748,46317.400,13.7924,13.8961,14.3702,31,-9.375,-.78125,1039.5,4.3496,21.5,95,7.46,1.48,0,7.45098,0,14.2196,5.945,-8.69755,1,8,0,0,0,0,0,0,2.56,0,131
1749,46317.440,13.9606,14.0109,14.3702,31,-9.375,-.78125,1018.75,4.3496,23,95,7.77,1.52,0,7.45098,0,14.2196,5.945,-8.74136,1,8,0,0,0,0,0,0,2.56,0,131
1750,46317.480,13.9181,14.0109,14.3702,31,-9.375,-.78125,1014.75,4.3496,23,95,7.84,1.52,1.56863,7.84314,18.2639,14.2196,5.945,-8.74136,1,8,0,0,0,0,0,0,2.56,0,131
1751,46317.520,13.9606,14.1258,14.3634,31,-9.375,-.78125,994.5,4.3496,17.5,95,8.04,1.56,5.88235,9.01961,70.6766,14.2196,5.945,-7.38666,1,8,0,0,0,45.8824,0,0,2.56,0,131
1752,46317.560,14.0457,14.2406,14.3224,31,-9.375,-.78125,976,4.3496,17.5,95,8.9,1.66,7.45098,11.7647,89.4317,14.2196,6.09,-5.89895,1,8,0,0,0,74.902,0,0,2.56,0,131
1753,46317.600,14.214,14.3555,14.3224,31,-9.375,-.78125,947.25,4.3496,18,95,10.62,1.78,7.84314,13.7255,92.9467,14.2196,6.815,-5.89895,1,8,0,0,0,74.902,0,0,3.84,0,131
1754,46317.640,14.214,14.3555,7.2842,31,-9.375,-.78125,930.75,4.3496,18,95,12.94,1.84,8.23529,13.7255,97.2646,14.2196,7.54,-5.69183,1,8,0,0,0,74.902,0,0,4.864,0,131
1755,46317.680,14.9721,14.4703,7.2842,31,-5.46875,-.78125,964,4.3496,17,95,15.82,1.86,9.01961,14.1176,99.6421,14.2196,8.555,-5.69183,1,8,0,0,0,74.902,0,0,5.376,0,131
1756,46317.720,15.1829,14.5852,8.33258,31,-5.46875,-.78125,972.75,4.3496,16,95,16.14,1.88,8.62745,14.5098,98.1318,14.2196,8.99,-5.56998,1,8,0,0,0,74.902,0,0,5.376,0,131
1757,46317.760,15.4363,14.5852,8.93076,31,-4.6875,-.78125,956.5,4.3496,15,95,16.37,1.88,8.23529,14.5098,95.5284,14.2196,9.425,-5.7033,1,8,0,0,0,74.902,0,0,5.632,0,131
1758,46317.800,15.4363,14.2406,8.93076,31,-4.6875,-.78125,927.75,4.3496,14.5,95,16.29,1.84,8.23529,14.1176,95.9558,14.2196,9.86,-5.7033,1,8,0,0,0,74.902,0,0,5.632,0,131
1759,46317.840,15.4363,14.1258,9.50904,31,-4.6875,-.78125,836,4.3496,13.5,95,14.48,1.8,7.45098,13.7255,90.8058,14.2196,10.44,-5.75881,1,8,0,0,0,74.902,0,0,5.888,0,131
1760,46317.880,14.9296,13.7813,9.68026,31,-4.6875,-.78125,803,4.3496,12.5,95,13.51,1.76,7.84314,13.3333,94.595,14.2196,10.73,-5.74117,1,8,0,0,0,74.902,0,0,5.888,0,131
1761,46317.920,14.4673,13.4367,9.68026,31,-4.6875,-.78125,813.75,4.3496,12.5,95,12.62,1.76,8.23529,13.7255,98.8059,14.2196,10.73,-5.74117,1,8,0,0,0,74.902,0,0,6.144,0,131
1762,46317.960,14.1714,12.9773,11.1958,31,-4.6875,-.78125,843.5,4.3496,12,95,12.71,1.78,9.41177,14.1176,104.438,14.2196,10.875,-5.36405,1,8,0,0,0,74.902,0,0,5.376,0,131
1763,46318.000,13.8349,12.8625,11.1958,31,-4.6875,-.78125,903.75,4.97097,12.5,95,13.07,1.8,12.1569,15.6863,117.223,14.2196,11.02,-5.36405,1,8,0,0,0,74.902,0,0,5.632,0,131
1764,46318.040,13.2876,12.7477,11.0277,31,-4.6875,-.78125,964.25,4.97097,3,95,14.55,1.88,13.7255,17.6471,126.415,14.2196,11.165,-3.97158,1,8,0,0,0,74.902,0,0,5.632,0,131
1765,46318.080,13.2876,12.6328,11.2,31,-4.6875,-.78125,1034,4.97097,3,95,17.28,1.92,13.7255,18.4314,127.969,14.2196,11.455,-3.17747,1,8,0,0,0,74.902,0,0,5.888,0,131
1766,46318.120,13.2025,12.7477,11.2,31,-4.6875,-.78125,1031.5,4.97097,2,95,17.89,1.92,13.3333,18.4314,124.868,14.2196,11.745,-3.17747,1,8,0,0,0,74.902,0,0,6.144,0,131
1767,46318.160,12.9492,12.7477,10.4825,31,-4.6875,-.78125,1031.25,4.97097,1.5,95,17.36,1.88,12.9412,18.0392,123.29,14.2196,12.18,-3.43408,1,8,0,0,0,74.902,0,0,6.4,0,131
1768,46318.200,13.16,12.7477,11.2376,31,-4.6875,-.78125,1038,4.97097,10.5,95,17.06,1.9,13.3333,18.0392,124.993,14.2196,12.18,-3.41814,1,8,0,0,0,74.902,0,0,6.144,0,131
1769,46318.240,13.16,12.7477,11.2376,31,-4.6875,-.78125,1054,5.59234,10.5,95,16.68,1.88,13.3333,18.0392,126.857,14.2196,12.18,-3.41814,1,8,0,0,0,74.902,0,0,5.888,0,131
1770,46318.280,13.2025,12.7477,11.7508,31,-4.6875,-.78125,1109,5.59234,11,95,16.91,1.9,13.7255,18.4314,129.642,14.2196,12.18,-3.08219,1,8,0,0,0,74.902,0,0,5.888,0,131
1771,46318.320,13.0768,12.6328,11.7508,31,-4.6875,-.78125,1129.25,5.59234,11,95,16.98,1.9,13.7255,18.4314,130.097,14.2196,12.18,-3.08219,1,8,0,0,0,74.902,0,0,5.888,0,131
1772,46318.360,13.3282,12.6328,11.8526,31,-4.6875,-.78125,1171.5,5.59234,11,95,17.36,1.92,13.7255,18.4314,131.039,14.2196,12.18,-2.9811,1,8,0,0,0,74.902,0,0,5.888,0,131
1773,46318.400,13.2876,12.7477,11.923,31,-5.46875,-.78125,1174,6.21371,11,95,17.97,1.92,14.5098,18.4314,136.724,14.2196,12.18,-2.41361,1,8,0,0,0,74.902,0,0,5.888,0,131
1774,46318.440,13.2876,12.8625,11.923,31,-5.46875,-.78125,1173.25,6.21371,11,95,18.26,1.96,14.902,19.6078,139.892,14.2196,12.18,-2.41361,1,8,0,0,0,74.902,0,0,5.888,0,131
1775,46318.480,13.4133,12.9773,12.023,31,-6.25,-.78125,1169.75,6.21371,10.5,95,18.93,1.94,14.902,19.6078,139.453,14.2196,12.18,-2.14235,1,8,0,0,0,74.902,0,0,5.888,0,131
1776,46318.520,13.4133,13.0922,12.0519,31,-6.25,-.78125,1172.75,6.21371,10.5,95,18.93,1.96,14.902,20,139.869,14.2196,12.18,-2.14428,1,8,0,0,0,74.902,0,0,5.888,0,131
1777,46318.560,13.5816,13.207,12.0519,31,-6.25,-.78125,1207.25,6.83508,10.5,95,19.07,1.96,14.902,19.6078,140.822,14.2196,12.325,-2.14428,1,8,0,0,0,74.902,0,0,5.888,0,131
1778,46318.600,13.7498,13.3219,12.0906,31,-6.25,-.78125,1242.5,6.83508,11,95,19.07,1.96,15.2941,19.6078,143.227,14.2196,12.325,-2.01594,1,8,0,0,0,74.902,0,0,5.888,0,131
1779,46318.640,13.7073,13.4367,12.0906,31,-7.03125,-.78125,1294.5,6.83508,11,95,19.29,1.98,15.2941,19.6078,144.094,14.2196,12.325,-2.01594,1,8,0,0,0,74.902,0,0,5.888,0,131
1780,46318.680,13.9606,13.5516,12.1492,31,-7.03125,-.78125,1321.5,6.83508,11.5,95,19.59,1.98,15.2941,20,144.54,14.2196,12.18,-1.78251,1,8,0,0,0,74.902,0,0,5.888,0,131
1781,46318.720,14.1714,13.7813,12.248,31,-7.8125,-.78125,1327,6.83508,11.5,95,19.82,1.98,15.2941,20,144.416,14.2196,12.18,-1.75495,1,8,0,0,0,74.902,0,0,5.888,0,131
1782,46318.760,14.3823,13.7813,12.248,31,-7.8125,-.78125,1321.75,6.83508,11.5,95,20.31,2,15.2941,20,144.546,14.2196,12.18,-1.75495,1,8,0,0,0,74.902,0,0,5.632,0,131
1783,46318.800,14.4248,13.8961,12.3434,31,-8.59375,-.78125,1322.25,7.45645,11.5,95,20.56,2.02,15.2941,20,144.552,14.2196,12.18,-1.72769,1,8,0,0,0,74.902,0,0,5.632,0,131
1784,46318.840,14.3823,13.8961,12.4147,31,-9.375,-.78125,1337.75,7.45645,11.5,95,20.9,2.02,15.2941,20,144.808,14.2196,12.18,-1.72133,1,8,0,0,0,74.902,0,0,5.632,0,131
1785,46318.880,14.4248,13.8961,12.4147,31,-10.1563,-.78125,1372.5,7.45645,11.5,95,21.07,2.02,15.6863,20.3922,147.405,14.2196,12.18,-1.72133,1,8,0,0,0,74.902,0,0,5.632,0,131
1786,46318.920,14.4673,13.8961,12.4868,31,-10.1563,-.78125,1414.5,7.45645,12,95,21.41,2.04,16.0784,20.7843,152.288,14.2196,12.18,-1.27915,1,8,0,0,0,74.902,0,0,5.632,0,131
1787,46318.960,14.508,13.8961,12.4868,31,-10.9375,-.78125,1458.5,8.07783,12,95,22.34,2.06,16.4706,21.1765,157.079,14.2196,12.18,-1.27915,1,8,0,0,0,74.902,0,0,5.632,0,131
1788,46319.000,14.6356,14.0109,12.5649,31,-10.9375,-.78125,1483.25,8.07783,12,95,23.01,2.08,16.8627,21.9608,160.422,14.2196,12.18,-.545789,1,8,0,0,0,74.902,0,0,5.632,0,131
1789,46319.040,14.7188,14.0109,12.6335,31,-11.7188,-.78125,1495,8.07783,12,95,24.08,2.1,17.2549,22.3529,162.232,14.2196,12.18,-.229276,1,8,0,0,0,74.902,0,0,5.632,0,131
1790,46319.080,14.6356,14.0109,12.6335,31,-11.7188,-.78125,1499.25,8.07783,12,95,24,2.1,17.2549,22.7451,162.392,14.2196,12.18,-.229276,1,8,0,0,0,74.902,0,0,5.632,0,131
1791,46319.120,14.8039,14.1258,12.6814,31,-12.5,-.78125,1497.5,8.07783,11.5,95,24,2.1,18.4314,22.7451,169.192,14.2196,12.18,-.118432,1,8,0,0,0,74.902,0,0,5.632,0,131
1792,46319.160,14.9296,14.1258,12.6974,31,-12.5,-.78125,1502.75,8.07783,11.5,95,25.16,2.14,20.3922,23.9216,178.642,14.2196,12.325,1.01526,1,8,0,0,0,74.902,0,0,5.632,0,131
1793,46319.200,15.0572,14.3555,12.6974,31,-12.5,0,1522.25,8.6992,11.5,95,26.98,2.18,22.3529,25.8824,188.612,14.2196,12.47,1.01526,1,8,0,0,0,74.902,0,0,5.632,0,131
1794,46319.240,15.2255,14.4703,12.6814,31,-11.7188,0,1563.25,8.6992,12,95,28.99,2.24,23.9216,27.451,200.026,14.2196,12.615,2.17038,1,8,0,0,0,74.902,0,0,6.144,0,131
1795,46319.280,15.3512,14.5852,12.6814,31,-11.7188,0,1627.25,8.6992,12,95,30.54,2.26,25.098,29.8039,210.306,14.2196,12.905,2.17038,1,8,0,0,0,74.902,0,0,6.4,0,131
1796,46319.320,15.1404,14.4703,11.7554,31,-11.7188,0,1685,8.6992,12.5,95,31.46,2.28,25.098,30.9804,210.888,14.2196,13.195,2.37964,1,8,0,0,0,74.902,0,0,6.4,0,131
1797,46319.360,14.3823,14.1258,12.268,31,-6.25,0,1723.75,9.32057,13,95,31.19,2.24,24.7059,30.9804,208.158,14.2196,13.485,2.50046,1,8,0,0,0,74.902,0,0,6.656,0,131
1798,46319.400,14.2565,13.7813,12.268,31,-6.25,0,1726.5,9.32057,13,95,31.19,2.26,24.3137,30.5882,206.676,14.2196,13.485,2.50046,1,8,0,0,0,74.902,0,0,6.656,0,131
1799,46319.440,13.2876,13.5516,12.4198,31,-6.25,0,1690.75,9.32057,12.5,95,30.39,2.26,24.3137,30.1961,206.389,14.2196,13.485,2.47858,1,8,0,0,0,74.902,0,0,6.656,0,131
1800,46319.480,13.5816,13.6664,12.4713,31,-6.25,0,1675.25,9.32057,12.5,95,31.08,2.26,24.7059,30.5882,207.821,14.2196,13.485,2.45268,1,8,0,0,0,74.902,0,0,6.656,0,131
1801,46319.520,14.1289,13.8961,12.4713,31,-6.25,0,1682.25,9.32057,12.5,95,30.81,2.24,24.7059,30.9804,209.334,14.2196,13.485,2.45268,1,8,0,0,0,74.902,0,0,6.656,0,131
1802,46319.560,14.3823,14.1258,12.5388,31,-5.46875,0,1721.75,9.32057,12.5,95,31.46,2.26,24.7059,30.9804,209.813,14.2196,13.485,2.50205,1,8,0,0,0,74.902,0,0,6.656,0,131
1803,46319.600,14.3823,14.2406,12.5388,31,-6.25,0,1767.75,9.94194,13,95,31.79,2.28,24.7059,30.5882,210.245,14.2196,13.485,2.50205,1,8,0,0,0,74.902,0,0,6.656,0,131
1804,46319.640,14.508,14.3555,12.586,31,-6.25,0,1860.5,9.94194,13.5,95,32.83,2.28,24.7059,30.5882,210.881,14.2196,13.485,2.66855,1,8,0,0,0,74.902,0,0,6.656,0,131
1805,46319.680,15.0978,14.3555,12.6707,31,-6.25,0,1888.75,9.94194,13.5,95,32.76,2.3,24.7059,30.5882,211.382,14.2196,13.485,2.81488,1,8,0,0,0,74.902,0,0,6.4,0,131
1806,46319.720,15.0572,14.4703,12.6707,31,-6.25,0,1888.25,9.94194,13.5,95,33.6,2.3,24.7059,30.5882,211.466,14.2196,13.485,2.81488,1,8,0,0,0,74.902,0,0,6.4,0,131
1807,46319.760,15.1404,14.4703,12.762,31,-6.25,0,1899.5,10.5633,13.5,95,33.78,2.3,24.7059,30.9804,211.482,14.2196,13.485,2.85426,1,8,0,0,0,74.902,0,0,6.4,0,131
1808,46319.800,15.0978,14.4703,12.8547,31,-6.25,0,1900,10.5633,13.5,95,33.78,2.3,25.098,30.9804,212.933,14.2196,13.485,2.89541,1,8,0,0,0,74.902,0,0,6.4,0,131
1809,46319.840,14.2972,14.4703,12.8547,31,-6.25,0,1925.5,10.5633,14,95,34.14,2.32,25.8824,30.9804,214.976,14.2196,13.485,2.89541,1,8,0,0,0,74.902,0,0,6.4,0,131
1810,46319.880,14.4673,14.4703,12.9153,32,-6.25,0,1965,10.5633,14,95,34.5,2.34,27.8431,32.1569,218.484,14.2196,13.485,3.20008,1,8,0,0,0,74.902,0,0,6.4,0,131
1811,46319.920,14.4673,14.4703,12.9153,32,-7.03125,0,2021.75,11.1847,14,95,35.3,2.34,29.0196,32.9412,221.136,14.2196,13.485,3.20008,1,8,0,0,0,74.902,0,0,6.4,0,131
1812,46319.960,14.3397,14.4703,12.9654,32,-7.03125,0,2049,11.1847,14,95,35.57,2.38,29.0196,33.3333,227.376,14.2196,13.485,3.64005,1,8,0,0,0,74.902,0,0,6.144,0,131
1813,46320.000,14.4248,14.4703,13.0102,32,-7.03125,0,2044,11.1847,14,95,36.02,2.36,29.0196,33.7255,226.752,14.2196,13.485,3.81289,1,8,0,0,0,74.902,0,0,6.144,0,131
1814,46320.040,14.5505,14.4703,13.0102,32,-7.03125,0,2098,11.1847,14.5,95,36.2,2.36,29.0196,33.7255,229.868,14.2196,13.63,3.81289,1,8,0,0,0,74.902,0,0,6.144,0,131
1815,46320.080,14.5505,14.5852,13.0723,32,-6.25,0,2106.25,11.1847,14,95,37.07,2.38,29.0196,33.7255,234.437,14.2196,13.63,4.09056,1,8,0,0,0,74.902,0,0,6.144,0,131
1816,46320.120,14.5931,14.5852,13.1351,32,-6.25,0,2124.25,11.1847,14.5,95,37.25,2.4,28.6275,33.3333,234.085,14.2196,13.63,4.14409,1,8,0,0,0,74.902,0,0,6.144,0,131
1817,46320.160,14.3823,14.5852,13.1351,32,-6.25,0,2150.25,11.8061,14.5,95,37.47,2.4,28.6275,32.9412,238.62,14.2196,13.63,4.14409,1,8,0,0,0,74.902,0,0,6.144,0,131
1818,46320.200,14.4248,14.4703,13.2158,32,-6.25,0,2159.75,11.8061,14.5,95,37.47,2.4,28.6275,32.9412,239.763,14.2196,13.485,4.4367,1,8,0,0,0,74.902,0,0,6.144,0,131
1819,46320.240,14.508,14.4703,13.2158,32,0,0,2186.25,11.8061,14.5,95,39.62,2.42,29.0196,32.9412,243.758,14.2196,13.485,4.4367,1,8,0,0,0,74.902,0,0,6.4,0,131
1820,46320.280,14.508,14.5852,13.422,32,0,0,2203,11.8061,14.5,95,39.83,2.44,29.0196,32.9412,246.643,14.2196,13.485,4.52326,1,8,0,0,0,74.902,0,0,6.4,0,131
1821,46320.320,14.4673,14.5852,13.4882,32,0,0,2281.5,12.4274,14.5,95,40.69,2.44,29.4118,33.3333,257.388,14.2196,13.485,4.78749,1,8,0,0,0,74.902,0,0,6.656,0,131
1822,46320.360,14.5505,14.4703,13.4882,32,0,0,2306.5,12.4274,14.5,95,42.97,2.46,29.8039,33.7255,261.542,14.2196,13.485,4.78749,1,8,0,0,0,74.902,0,0,6.656,0,131
1823,46320.400,14.3823,14.3555,13.3743,32,0,0,2356,12.4274,14.5,95,43.09,2.48,29.4118,33.7255,266.825,14.2196,13.485,5.30364,1,8,0,0,0,74.902,0,0,6.656,0,131
1824,46320.440,14.4248,14.3555,13.2507,32,0,0,2399.25,12.4274,15,95,44.36,2.5,29.4118,33.7255,270.746,14.2196,13.485,5.6515,1,8,0,0,0,74.902,0,0,6.656,0,131
1825,46320.480,14.4673,14.2406,13.2507,32,0,0,2376.25,13.0488,14.5,95,44.61,2.48,29.4118,33.7255,271.639,14.2196,13.485,5.6515,1,10,0,0,0,74.902,0,0,6.912,0,131
1826,46320.520,15.0572,14.1258,13.1236,32,0,0,2374,13.0488,14.5,95,44.87,2.5,29.4118,33.7255,267.937,14.2196,13.485,5.63108,1,10,0,0,0,74.902,0,0,6.912,0,131
1827,46320.560,14.8464,13.8961,13.1236,32,0,0,2392.25,13.0488,14.5,95,44.61,2.48,29.8039,34.1176,272.548,14.2196,13.485,5.63108,1,10,0,0,0,74.902,0,0,6.912,0,131
1828,46320.600,14.8039,13.7813,12.9766,32,0,0,2449.75,13.0488,15,95,45.88,2.52,30.5882,34.5098,279.044,14.2196,13.485,5.78286,1,10,0,0,0,74.902,0,0,7.168,0,131
1829,46320.640,14.4248,13.5516,12.8054,32,0,0,2539.75,13.6702,15,95,47.26,2.56,31.7647,35.6863,283.008,14.2196,13.485,7.21988,1,10,0,0,0,74.902,0,0,7.168,0,131
1830,46320.680,14.2972,13.3219,12.8054,32,0,0,2587,13.6702,15.5,95,48.37,2.58,31.7647,36.8627,285.068,14.2196,13.63,7.21988,1,10,0,0,0,74.902,0,0,7.424,0,131
1831,46320.720,14.0457,13.0922,12.6441,32,0,0,2650.75,13.6702,15.5,95,48.9,2.58,31.7647,37.2549,286.458,14.2196,13.63,8.84287,1,10,0,0,0,74.902,0,0,7.424,0,131
1832,46320.760,13.8775,12.9773,12.4455,32,0,0,2689.5,13.6702,15.5,95,49.22,2.6,31.3725,36.8627,286.257,14.2196,13.775,9.70658,1,10,0,0,0,74.902,0,0,7.424,0,131
1833,46320.800,13.6241,12.8625,12.4455,32,0,0,2693.25,14.2915,15.5,95,49.54,2.58,30.9804,36.0784,285.501,14.2196,13.775,9.70658,1,10,0,0,0,74.902,0,0,7.424,0,131
1834,46320.840,13.5816,12.7477,12.4403,32,0,0,2678.25,14.2915,15.5,95,49.87,2.6,30.9804,35.6863,285.58,14.2196,13.775,9.54644,1,10,0,0,0,74.902,0,0,7.424,0,131
1835,46320.880,13.4984,12.6328,12.4403,32,0,0,2694.75,14.9129,15.5,95,49.01,2.6,30.9804,35.6863,286.043,14.2196,13.775,9.54644,1,10,0,0,0,74.902,0,0,7.424,0,131
1836,46320.920,13.4133,12.518,12.492,32,0,0,2736.5,14.9129,15.5,95,50.08,2.6,31.3725,35.6863,287.084,14.2196,13.775,9.69998,1,10,0,0,0,74.902,0,0,7.424,0,131
1837,46320.960,13.3282,12.4031,12.5545,32,0,0,2806.25,14.9129,15.5,95,49.97,2.6,31.7647,35.6863,289.372,14.2196,13.775,11.265,1,10,0,0,0,74.902,0,0,7.424,0,131
1838,46321.000,13.2876,12.4031,12.5545,32,0,0,2870.25,14.9129,15.5,95,50.57,2.62,32.549,36.0784,290.586,14.2196,13.775,11.265,1,10,0,0,0,74.902,0,0,7.168,0,131
1839,46321.040,13.2025,12.518,12.6388,32,0,0,2921.75,15.5343,15.5,95,51.84,2.64,32.9412,37.2549,290.975,14.2196,13.775,13.0595,1,10,0,0,0,80,0,15.4878,7.168,0,131
1840,46321.080,13.3282,12.518,12.6494,32,0,0,2975.5,15.5343,15.5,95,52.88,2.66,32.9412,37.2549,290.906,14.2196,13.775,14.2764,1,10,0,0,0,79.6078,0,15.4878,7.168,0,131
1841,46321.120,13.0768,12.6328,12.6494,32,0,0,3020.25,16.1557,16,95,53.62,2.66,32.549,37.2549,290.452,14.2196,13.92,14.2764,1,10,0,0,0,79.6078,0,15.4878,7.168,0,131
1842,46321.160,13.3282,12.6328,12.6229,32,0,0,3040,16.1557,16,95,53.47,2.68,32.549,37.2549,290.425,14.2196,13.92,14.907,1,10,0,0,0,78.8235,0,15.4886,7.168,0,131
1843,46321.200,13.2451,12.518,12.6229,32,0,0,3067.25,16.1557,16,95,54.36,2.7,32.549,37.2549,290.403,14.2196,13.92,14.907,1,10,0,0,0,78.8235,0,15.4886,7.168,0,131
1844,46321.240,13.2876,12.518,12.6018,32,0,0,3094.75,16.1557,16,95,54.36,2.68,32.549,37.2549,290.349,14.2196,14.065,15.1851,1,10,0,0,0,78.4314,0,15.4886,7.168,0,131
1845,46321.280,13.2025,12.6328,12.5702,33,0,0,3134.25,16.777,16,95,54.95,2.7,32.549,37.2549,290.308,14.2196,14.065,15.8208,1,10,0,0,0,77.2549,0,15.4891,7.168,0,131
1846,46321.320,13.4133,12.6328,12.5702,33,0,0,3165.25,16.777,16,95,56.58,2.72,32.549,37.2549,290.273,14.2196,14.065,15.8208,1,10,0,0,0,77.2549,0,15.4891,7.168,0,131
1847,46321.360,13.3708,12.6328,12.5023,33,0,0,3212.5,17.3984,16.5,95,56.43,2.72,32.9412,37.6471,290.603,14.2196,14.065,16.8303,1,10,0,0,0,76.0784,0,15.4891,7.168,0,131
1848,46321.400,13.2876,12.6328,12.4249,33,0,0,3263.25,17.3984,16.5,95,59.79,2.74,32.9412,37.6471,290.517,14.2196,14.065,16.977,1,10,0,0,0,75.2941,0,15.4885,7.168,0,131
1849,46321.440,13.4559,12.7477,12.4249,33,0,0,3333.25,17.3984,16.5,95,59.36,2.74,32.9412,37.6471,290.427,14.2196,14.21,16.977,1,10,0,0,0,75.2941,0,15.4885,7.168,0,131
1850,46321.480,13.2876,12.7477,12.384,33,0,0,3378.5,17.3984,16.5,95,61.07,2.74,32.9412,38.0392,290.359,14.2196,14.21,16.9985,1,10,0,0,0,74.902,0,15.4885,7.168,0,131
1851,46321.520,13.4984,12.7477,12.384,33,0,0,3407.75,18.0198,16.5,95,64.05,2.78,32.9412,38.0392,290.237,14.2196,14.21,16.9985,1,10,0,0,0,74.902,0,15.4885,7.424,0,131
1852,46321.560,13.6241,12.6328,12.3688,33,0,0,3431.5,18.0198,16.5,95,65.33,2.78,32.549,38.0392,289.825,14.2196,14.21,17.0097,1,10,0,0,0,74.5098,0,15.4891,7.424,0,131
1853,46321.600,13.4559,12.6328,12.3384,33,0,0,3471,18.6411,16.5,95,68.31,2.82,32.549,38.0392,289.801,14.2196,14.21,16.9938,1,10,0,0,0,74.1176,0,15.4891,7.68,0,131
1854,46321.640,13.3708,12.518,12.3384,33,0,0,3496.75,18.6411,16.5,95,69.59,2.8,32.549,37.6471,289.709,14.2196,14.21,16.9938,1,10,0,0,0,74.1176,0,15.4891,7.68,0,131
1855,46321.680,13.3708,12.4031,12.3333,33,0,0,3531.5,18.6411,16.5,95,72.14,2.82,32.9412,37.6471,290.013,14.2196,14.355,17.0088,1,10,0,0,0,73.7255,0,15.4896,7.936,0,131
1856,46321.720,13.0343,12.2883,12.3384,33,0,0,3603.75,18.6411,16.5,95,74.76,2.84,34.5098,38.0392,292.21,14.2196,14.355,17.1961,1,10,0,0,0,72.9412,0,15.4896,7.936,0,131
1857,46321.760,13.0768,12.1734,12.3384,33,0,0,3648.75,19.2625,17,95,76.71,2.88,36.0784,39.2157,294.281,14.2196,14.355,17.1961,1,10,0,0,0,72.9412,0,15.4896,7.936,0,131
1858,46321.800,12.0653,12.0586,12.3182,33,0,0,3722,19.2625,17,95,79.19,2.9,37.2549,40.3922,296.092,14.2196,14.5,17.428,1,10,0,0,0,72.1569,0,15.4899,8.192,0,131
1859,46321.840,12.1079,12.0586,12.3182,33,0,0,3765.25,19.8839,17.5,95,81.31,2.94,38.0392,41.5686,297.042,14.2196,14.645,17.428,1,10,0,0,0,72.1569,0,15.4899,8.192,0,131
1860,46321.880,12.4869,12.0586,12.2331,33,0,0,3822.5,19.8839,17.5,95,82.55,2.96,38.0392,42.3529,297.378,14.2196,14.935,17.5883,1,10,0,0,0,71.3726,0,15.4899,8.192,0,131
1861,46321.920,12.2761,11.9437,12.1492,33,0,0,3838,20.5052,17.5,95,84.11,2.98,38.4314,42.7451,297.636,14.2196,15.08,17.6394,1,10,0,0,0,70.9804,0,15.4902,8.448,0,131
1862,46321.960,12.2336,11.9437,12.1492,33,0,0,3889,20.5052,17.5,95,85.21,3,38.8235,42.7451,298.392,14.2196,15.08,17.6394,1,10,0,0,0,70.9804,0,15.4902,8.448,0,131
1863,46322.000,12.1079,11.8289,12.1149,33,0,0,3899.25,21.1266,17.5,95,86.54,3.02,40.3922,43.5294,300.25,14.2196,15.225,17.8082,1,10,0,0,0,70.5882,0,15.4902,8.448,0,131
1864,46322.040,12.0228,11.8289,12.0567,33,0,0,3967.75,21.1266,18,95,88.7,3.04,41.5686,44.7059,302.481,14.2196,15.515,17.9868,1,10,0,0,0,69.8039,0,15.4914,8.448,0,131
1865,46322.080,12.1485,11.8289,12.0567,33,0,0,4055.5,21.748,18,95,95.07,3.1,42.7451,46.2745,303.933,14.2196,15.66,17.9868,1,10,0,0,0,69.8039,0,15.4914,8.704,0,131
1866,46322.120,11.9802,11.8289,11.9609,33,0,0,4103.25,21.748,18.5,95,100.95,3.12,42.7451,47.451,303.534,14.2196,15.95,18.0372,1,10,0,0,0,69.8039,0,15.4914,8.96,0,131
1867,46322.160,12.3593,11.9437,11.9609,33,0,0,4186.25,21.748,18.5,95,109.76,3.16,42.3529,47.451,302.198,14.2196,16.095,18.0372,1,10,0,0,0,69.8039,0,15.4914,9.216,0,131
1868,46322.200,12.5275,11.9437,11.8386,33,0,0,4239.75,21.748,18,95,115.86,3.2,41.5686,47.0588,300.514,14.2196,16.24,17.9921,1,10,0,0,0,69.8039,0,15.4923,9.472,0,131
1869,46322.240,12.4018,11.9437,11.7508,33,0,0,4288.25,22.9907,17.5,95,117.53,3.2,41.1765,46.2745,299.549,14.2196,16.385,17.8927,1,10,0,0,0,69.8039,0,15.4923,9.984,0,131
1870,46322.280,12.0653,11.8289,11.7508,33,0,0,4322,22.9907,17.5,95,121.89,3.24,40.3922,46.2745,297.907,14.2196,16.385,17.8927,1,10,0,0,0,69.8039,0,15.4923,10.24,0,131
1871,46322.320,11.9802,11.5992,11.6734,33,0,0,4364.5,23.6121,17,95,126.04,3.26,40.3922,45.8824,297.607,14.2196,16.675,17.7734,1,10,0,0,0,69.8039,0,15.493,10.496,0,131
1872,46322.360,11.7694,11.3695,11.5925,33,0,0,4449.75,23.6121,17,95,130.49,3.32,40.3922,45.8824,297.056,14.2196,16.965,17.7164,1,10,0,0,0,69.8039,0,15.493,10.752,0,131
1873,46322.400,11.6863,11.1398,11.5925,33,0,0,4539.5,24.2335,17,95,132.82,3.34,40.7843,46.6667,297.436,14.2196,17.11,17.7164,1,10,0,0,0,69.8039,0,15.493,11.008,0,131
1874,46322.440,11.4329,11.1398,11.548,33,0,0,4580.75,24.2335,17,95,137.92,3.4,41.1765,47.0588,297.673,14.2196,17.4,17.7176,1,10,0,0,0,69.8039,0,15.4935,11.264,0,131
1875,46322.480,11.0964,11.1398,11.548,33,0,0,4649.75,24.8548,17,95,140.19,3.42,41.1765,47.451,297.276,14.2196,17.835,17.7176,1,10,0,0,0,69.8039,0,15.4935,11.52,0,131
1876,46322.520,11.2646,11.1398,11.4863,33,0,0,4711.75,24.8548,17,95,147.26,3.44,40.7843,47.451,296.331,14.2196,18.27,17.7158,1,10,0,0,0,69.8039,0,15.4935,11.776,0,131
1877,46322.560,11.6437,11.1398,11.3993,33,0,0,4778.5,25.4762,16.5,95,159.22,3.5,40.3922,47.451,294.991,14.2196,18.56,17.5789,1,10,0,0,0,69.8039,0,15.4939,12.288,0,131
1878,46322.600,12.7809,11.1398,11.3993,33,0,0,4850.75,25.4762,16.5,95,165.6,3.56,40,47.451,293.253,14.2196,18.995,17.5789,1,10,0,0,0,69.8039,0,15.4939,12.8,0,131
1879,46322.640,13.7073,11.1398,11.3264,33,0,0,4883.25,26.0976,16,95,167.23,3.56,38.8235,47.451,289.812,14.2196,19.43,17.3929,1,10,0,0,0,69.8039,0,15.4939,13.056,0,131
1880,46322.680,11.7288,11.1398,11.2713,34,0,0,4976.5,26.0976,16,95,169.33,3.58,36.0784,45.098,280.336,14.2196,19.72,16.4717,1,10,0,0,1,69.8039,0,15.4931,13.056,0,131
1881,46322.720,11.4755,11.1398,11.2713,34,0,0,5022.75,26.719,16.5,95,169.33,3.58,33.3333,42.7451,265.318,14.2196,19.865,16.4717,1,10,0,0,0,69.8039,0,15.4931,13.312,0,131
1882,46322.760,11.0538,11.1398,11.284,34,0,0,5062.75,26.719,16.5,95,170.96,3.6,31.3725,41.1765,254.851,14.2196,19.72,15.8948,1,10,0,0,0,70.9804,0,15.4931,13.056,0,131
1883,46322.800,11.0113,11.1398,11.284,34,0,0,5139.75,27.3403,16.5,95,172.04,3.6,30.5882,40,247.422,14.2196,19.575,15.8948,1,10,0,0,0,70.9804,0,15.4931,13.056,0,131
1884,46322.840,11.0538,11.1398,11.3264,34,0,0,5190.25,27.3403,17,95,171.9,3.6,29.8039,38.8235,240.246,14.2196,19.575,15.5703,1,10,0,0,0,71.7647,0,15.4925,13.056,0,132.8
1885,46322.880,11.0538,11.1398,11.3392,34,0,0,5292.25,27.9617,17,95,172.28,3.62,29.8039,38.0392,236.086,14.2196,19.575,15.4412,1,10,0,0,0,71.7647,0,15.4925,12.8,0,132.8
1886,46322.920,11.1389,11.1398,11.3392,34,0,0,5345.75,27.9617,17,95,173.36,3.66,29.0196,38.0392,226.336,14.2196,19.575,15.4412,1,10,0,0,0,71.7647,0,15.4925,12.8,0,132.8
1887,46322.960,11.1389,11.1398,11.3649,34,0,0,5437.75,28.5831,17.5,95,174.47,3.64,28.6275,37.6471,220.996,14.2196,19.575,15.4412,1,10,0,0,0,71.7647,0,15.4921,12.544,0,132.8
1888,46323.000,11.0964,11.1398,11.3778,34,0,0,5501,28.5831,17.5,95,175.31,3.66,26.6667,36.8627,203.913,14.2196,19.575,15.4412,1,10,0,0,0,71.7647,0,15.4921,12.544,0,132.8
1889,46323.040,11.1389,11.1398,11.3778,34,0,0,5529.25,29.8258,17.5,95,173.77,3.64,23.9216,35.2941,175.562,14.2196,19.43,15.4412,1,10,0,0,0,71.7647,0,15.4921,12.288,0,132.8
1890,46323.080,11.3904,11.1398,11.4557,34,0,0,5550.75,29.8258,17.5,95,168.63,3.56,19.6078,32.549,130.386,14.2196,18.85,9.95819,1,10,0,0,0,61.5686,0,0,11.776,0,132.8
1891,46323.120,11.3478,11.1398,11.4557,34,0,0,5568.25,30.4472,18,95,141.28,3.4,12.549,29.0196,65.7002,14.2196,16.675,9.95819,1,10,0,0,0,61.5686,0,0,8.96,0,132.8
1892,46323.160,11.518,11.1398,15.5184,34,0,0,5532,30.4472,19,95,115.52,3.14,1.17647,23.5294,7.19777,14.2196,13.92,-6.59028,1,10,0,0,0,61.5686,0,0,6.656,0,132.8
1893,46323.200,11.518,11.1398,25.2988,34,0,0,5504,30.4472,19.5,95,52.88,2.62,0,15.6863,0,14.2196,9.715,-8.57509,1,10,0,0,0,0,0,0,3.584,0,132.8
1894,46323.240,11.6012,11.1398,25.2988,34,0,0,5479.75,30.4472,21,95,32.77,2.22,0,13.7255,0,14.2196,6.96,-8.57509,1,10,0,0,0,0,0,0,1.792,0,132.8
1895,46323.280,11.8545,11.1398,25.9084,34,0,0,5408.5,30.4472,24.5,95,19.66,1.96,0,13.7255,0,14.2196,5.8,-8.57509,1,10,0,0,0,0,0,0,3.072,0,132.8
1896,46323.320,12.3593,11.1398,14.2142,35,0,0,5352.25,30.4472,28,95,17.45,1.88,0,13.3333,0,14.2196,4.93,-8.57509,1,10,0,0,0,0,0,0,0,0,132.8
1897,46323.360,12.8234,11.4844,14.2142,35,0,0,5293.25,30.4472,27,95,14.05,1.8,0,13.3333,0,14.2196,4.495,-8.57509,1,10,0,0,0,0,0,0,0,0,132.8
1898,46323.400,12.9085,11.8289,14.2748,35,0,-.78125,5177.5,30.4472,26,95,13.69,1.78,0,13.3333,0,14.2196,4.205,-8.57509,1,10,0,0,0,0,0,0,0,0,132.8
1899,46323.440,12.866,12.1734,14.2748,35,0,-.78125,5085.25,30.4472,25.5,95,14.82,1.84,0,13.3333,0,14.2196,4.06,-8.57509,1,10,0,0,0,0,0,0,0,0,132.8
1900,46323.480,13.16,12.518,14.2748,35,0,-.78125,4983,30.4472,24.5,95,14.57,1.82,0,13.3333,0,14.2196,4.06,-8.57509,1,10,0,0,0,0,0,0,0,0,132.8
1901,46323.520,12.9917,12.8625,14.2748,35,0,-.78125,4805.5,30.4472,23.5,95,14.99,1.84,0,12.9412,0,14.2196,3.915,-8.57509,1,10,0,0,0,0,0,0,0,0,132.8
1902,46323.560,13.4559,13.3219,14.2748,35,0,-.78125,4678.25,30.4472,23,95,15.17,1.84,0,12.9412,0,14.2196,3.915,-8.57509,1,10,0,0,0,0,0,0,0,0,132.8
1903,46323.600,14.3397,13.6664,14.2748,35,0,-.78125,4545.75,30.4472,22,95,14.91,1.84,0,12.9412,0,14.2196,3.77,-8.57509,1,10,0,0,0,0,0,0,0,0,132.8
1904,46323.640,15.562,14.1258,14.3224,35,0,-.78125,4403.25,30.4472,21,95,14.74,1.84,0,12.9412,0,14.2196,3.77,-8.57509,1,10,0,0,0,0,0,0,0,0,132.8
1905,46323.680,17.3741,14.7,14.3224,35,0,-.78125,4259.75,30.4472,20.5,95,15.08,1.84,0,12.549,0,14.2196,3.625,-8.57509,1,10,0,0,0,0,0,0,0,0,132.8
1906,46323.720,20.0701,15.3891,12.6123,35,0,-.78125,4154.5,30.4472,20.5,95,15.25,1.88,11.7647,15.2941,82.0773,14.2196,3.625,-7.31941,1,10,0,0,0,67.0588,0,0,2.048,0,132.8
1907,46323.760,20.4067,16.4227,12.6123,35,0,-.78125,4070.75,30.4472,21.5,95,33.29,2.38,23.9216,24.7059,224.173,14.2196,4.785,-7.31941,1,10,0,0,0,67.0588,0,0,3.328,0,132.8
1908,46323.800,20.3235,17.4562,7.78727,35,0,0,4046.5,30.4472,22,95,64.9,2.88,30.9804,32.9412,283.842,14.2196,8.845,15.5125,1,10,0,0,0,74.5098,0,15.4846,6.144,0,132.8
1909,46323.840,20.4067,17.9156,8.03673,35,0,0,4137.5,30.4472,17.5,95,89.62,3.08,35.6863,39.2157,290.961,14.2196,12.905,17.1944,1,10,0,0,0,69.8039,0,15.484,7.168,0,132.8
1910,46323.880,20.5343,16.882,8.03673,35,0,0,3970,30.4472,17.5,95,100.36,3.12,39.2157,43.5294,298.432,14.2196,14.5,17.1944,1,10,0,0,0,69.8039,0,15.484,8.192,0,132.8
1911,46323.920,19.5654,16.3078,10.6118,35,0,0,3493.75,31.0686,16.5,95,89.88,3.04,37.6471,44.7059,296.677,14.2196,15.515,17.6419,1,10,0,0,0,71.3726,0,15.484,9.728,0,132.8
1912,46323.960,17.1208,15.9633,10.6493,35,0,0,3028,31.0686,16,95,81.78,2.88,36.8627,43.9216,297.064,14.2196,16.095,15.7458,1,10,0,0,0,78.8235,0,15.4837,10.24,0,132.8
1913,46324.000,15.8985,15.0445,10.6493,35,0,0,2850.75,31.0686,15.5,95,71.71,2.8,40.7843,43.9216,303.214,14.2196,16.385,15.7458,1,10,0,0,0,78.8235,0,15.4837,10.24,0,132.8
1914,46324.040,14.2972,14.4703,11.1709,35,0,0,3120.75,31.0686,9.5,95,70.44,2.8,53.7255,47.0588,313.006,14.2196,16.53,16.1217,1,10,0,0,0,79.6078,0,15.4837,9.984,0,132.8
1915,46324.080,13.2451,14.0109,11.1709,36,0,0,3398.75,31.0686,10.5,95,77.95,2.92,77.6471,54.902,339.967,14.2196,16.675,16.1217,1,10,0,0,0,79.6078,0,15.4837,9.984,0,132.8
1916,46324.120,11.9377,13.5516,11.2083,36,0,0,3449,31.0686,10.5,95,85.12,2.98,92.9412,91.7647,369.689,14.2196,17.11,20.0892,1,10,0,0,0,76.8627,0,15.4834,10.24,0,132.8
1917,46324.160,11.0964,13.0922,11.2629,36,0,0,3252,32.3113,17,95,85.63,3.04,91.7647,100,368.819,14.2196,17.4,20.4301,1,10,0,0,0,79.2157,0,15.4834,10.24,0,132.8
1918,46324.200,11.0964,12.7477,11.2629,36,0,0,3123.75,32.3113,16,95,83.22,2.98,83.9216,100,356.525,14.2196,17.545,20.4301,1,10,0,0,0,79.2157,0,15.4834,10.496,0,132.8
1919,46324.240,11.3904,12.4031,11.2671,36,0,0,3178.75,32.3113,16,95,82.01,2.92,81.5686,100,352.433,14.2196,17.69,19.5956,1,10,0,0,0,79.2157,0,15.4832,10.496,0,132.8
1920,46324.280,11.9377,12.0586,11.2334,36,0,0,3338,32.3113,13,95,84.68,2.96,84.7059,100,357.524,14.2196,17.69,20.2953,1,10,0,0,0,78.4314,0,15.4832,10.496,0,132.8
1921,46324.320,12.0653,11.7141,11.2334,36,0,0,3415.5,32.3113,13.5,95,86.11,3.02,87.451,100,361.296,14.2196,17.835,20.2953,1,10,0,0,0,78.4314,0,15.4832,10.496,0,132.8
1922,46324.360,12.2336,11.3695,11.1875,35,0,0,3349.25,32.3113,17,95,87.9,3,86.6667,100,360.273,14.2196,17.98,20.4301,1,10,0,0,0,78.4314,0,15.4821,10.496,0,132.8
1923,46324.400,12.3593,11.1398,11.1875,35,0,0,3295.25,32.9327,16.5,95,85.94,2.94,85.098,100,358.015,14.2196,18.125,20.4301,1,10,0,0,0,78.4314,0,15.4821,10.752,0,132.8
1924,46324.440,12.4869,11.1398,11.2125,35,0,0,3338.25,32.9327,16.5,95,86.27,2.96,85.8824,100,359.507,14.2196,18.27,20.3151,1,10,0,0,0,78.8235,0,15.4821,10.496,0,132.8
1925,46324.480,12.2761,11.1398,11.3009,35,0,0,3447.75,33.554,17,95,89.72,3.08,87.8431,100,362.406,14.2196,18.27,20.4301,1,10,0,0,0,78.4314,0,15.4812,10.496,0,132.8
1926,46324.520,12.3187,11.1398,11.3009,35,0,0,3470.5,33.554,17,95,92.73,3.04,89.0196,100,363.755,14.2196,18.415,20.4301,1,10,0,0,0,78.4314,0,15.4812,10.496,0,132.8
1927,46324.560,12.191,11.1398,11.395,35,0,0,3427.75,33.554,16.5,95,92.4,3.02,87.8431,100,361.913,14.2196,18.56,20.4301,1,10,0,0,0,78.0392,0,15.4812,10.752,0,132.8
1928,46324.600,12.4869,11.2547,11.4775,35,0,0,3442.25,33.554,17,95,93.32,3.1,85.8824,100,358.901,14.2196,18.705,20.3778,1,10,0,0,0,78.0392,0,15.4795,10.752,0,132.8
1929,46324.640,12.3593,11.2547,11.4775,35,0,0,3468.25,34.1754,16,95,94.24,3.04,85.8824,100,358.902,14.2196,18.85,20.3778,1,10,0,0,0,78.0392,0,15.4795,10.752,0,132.8
1930,46324.680,12.4018,11.2547,11.5303,35,0,0,3507.25,34.1754,16,95,97.42,3.06,86.2745,100,359.623,14.2196,18.995,20.3998,1,10,0,0,0,77.6471,0,15.4795,11.008,0,132.8
1931,46324.720,12.5275,11.3695,11.5303,35,0,0,3569,34.7968,16.5,95,101.54,3.14,86.6667,100,359.94,14.2196,19.14,20.3998,1,10,0,0,0,77.6471,0,15.4795,11.008,0,132.8
1932,46324.760,12.3187,11.2547,11.5613,35,0,0,3567.25,34.7968,16.5,95,103.12,3.1,86.6667,100,359.867,14.2196,19.285,20.4273,1,10,0,0,0,76.8627,0,15.4782,11.264,0,132.8
1933,46324.800,11.5586,11.2547,11.5613,35,0,0,3544,34.7968,16,95,108.07,3.1,85.4902,100,358.282,14.2196,19.43,20.382,1,10,0,0,0,76.8627,0,15.4782,11.52,0,132.8
1934,46324.840,11.4329,11.1398,11.5613,35,0,0,3578.25,34.7968,15.5,95,108.4,3.12,84.7059,100,357.118,14.2196,19.575,20.382,1,10,0,0,0,76.8627,0,15.4782,11.776,0,132.8
1935,46324.880,11.5586,11.1398,11.5391,35,0,0,3606.25,35.4182,15,95,112.09,3.2,84.7059,100,357.079,14.2196,19.72,20.3287,1,10,0,0,0,76.0784,0,15.4773,11.776,0,132.8
1936,46324.920,11.5586,11.1398,11.5303,35,0,0,3664,35.4182,14.5,95,116.19,3.22,84.7059,100,357.026,14.2196,20.01,20.4685,1,10,0,0,0,75.6863,0,15.4773,12.032,0,132.8
1937,46324.960,11.3904,11.1398,11.5303,35,0,0,3668.5,36.0395,15,95,116.19,3.22,83.5294,100,355.135,14.2196,20.155,20.4685,1,10,0,0,0,75.6863,0,15.4773,12.032,0,132.8
1938,46325.000,11.518,11.1398,11.5127,35,0,0,3690,36.0395,15,95,118.87,3.22,81.9608,100,352.901,14.2196,20.3,20.419,1,10,0,0,0,74.902,0,15.4756,12.288,0,132.8
1939,46325.040,11.5586,11.1398,11.5127,35,0,0,3704.5,36.0395,14.5,95,119.88,3.2,80.3922,100,350.338,14.2196,20.59,20.419,1,10,0,0,0,74.902,0,15.4756,12.544,0,132.8
1940,46325.080,11.3904,11.1398,11.5039,35,0,0,3716.25,36.0395,14,95,123.49,3.22,79.6078,100,348.816,14.2196,20.735,20.1972,1,10,0,0,0,73.7255,0,15.4756,12.544,0,132.8
1941,46325.120,11.3904,11.1398,11.4732,35,0,0,3765.5,36.6609,14.5,95,126.56,3.24,79.6078,100,348.816,14.2196,21.025,20.0672,1,10,0,0,0,72.9412,0,15.4743,12.8,0,132.8
1942,46325.160,11.4329,11.1398,11.4732,35,0,0,3750.75,36.6609,14,95,128.16,3.26,79.6078,100,348.816,14.2196,21.315,20.0672,1,10,0,0,0,72.9412,0,15.4743,13.056,0,132.8
1943,46325.200,11.3072,11.1398,11.434,35,0,0,3789.75,37.2823,13.5,95,130.28,3.3,79.6078,100,347.709,14.2196,21.46,20.0774,1,10,0,0,0,72.9412,0,15.4743,13.056,0,132.8
1944,46325.240,11.1795,11.1398,11.395,34,0,0,3847.5,37.2823,14,95,131.34,3.34,79.2157,100,346.602,14.2196,21.75,19.9748,1,10,0,0,0,72.1569,0,15.4723,13.312,0,134.6
1945,46325.280,11.2646,11.1398,11.395,34,0,0,3866.5,37.9036,13.5,95,133.45,3.36,78.8235,100,345.495,14.2196,22.04,19.9748,1,10,0,0,0,72.1569,0,15.4723,13.568,0,134.6
1946,46325.320,11.1389,11.1398,11.3606,34,0,0,3882.75,37.9036,14,95,134.72,3.38,77.6471,100,339.96,14.2196,22.33,19.5483,1,10,0,0,0,71.3726,0,15.4723,13.568,0,134.6
1947,46325.360,11.1389,11.1398,11.3606,34,0,0,3883.5,38.525,13.5,95,135.78,3.38,76.4706,100,334.425,14.2196,22.62,19.5483,1,10,0,0,0,71.3726,0,15.4723,13.568,0,134.6
1948,46325.400,11.3904,11.1398,11.3392,34,0,0,3937,38.525,14,95,139.88,3.4,75.2941,100,329.997,14.2196,22.91,18.801,1,10,0,0,0,70.1961,0,15.4698,13.824,0,134.6
1949,46325.440,11.1389,11.1398,11.3094,34,0,0,3966.25,38.525,13,95,144.54,3.42,75.2941,100,328.89,14.2196,23.2,18.6618,1,10,0,0,0,69.8039,0,15.4698,14.08,0,134.6
1950,46325.480,11.3072,11.1398,11.3094,34,0,0,3977.5,38.525,13,95,149.98,3.48,74.5098,91.3726,327.749,14.2196,23.635,18.6618,1,10,0,0,0,69.8039,0,15.4698,14.336,0,134.6
1951,46325.520,11.3904,11.1398,11.2502,34,0,0,4038.25,39.1464,13,95,152.15,3.48,73.7255,81.9608,326.911,14.2196,23.78,18.6332,1,10,0,0,0,69.4118,0,15.4668,14.592,0,134.6
1952,46325.560,11.2646,11.1398,11.2209,34,0,0,4059.5,39.1464,13,95,161.59,3.52,71.7647,71.3726,325.233,14.2196,23.925,18.5805,1,10,0,0,0,69.4118,0,15.4668,15.104,0,134.6
1953,46325.600,11.9377,11.1398,11.2209,34,0,0,4039,39.7678,13,95,163.14,3.54,69.8039,65.4902,323.536,14.2196,24.215,18.5805,1,10,0,0,0,69.4118,0,15.4668,15.36,0,134.6
1954,46325.640,11.7288,11.1398,11.1958,34,0,0,4081.75,39.7678,13,95,164.9,3.52,67.8431,61.9608,321.828,14.2196,24.505,18.5058,1,10,0,0,0,69.4118,0,15.4636,15.616,0,134.6
1955,46325.680,11.6437,11.1398,11.1958,34,0,0,4141.25,40.3891,12.5,95,167.23,3.56,67.451,60.3922,321.604,14.2196,24.795,18.5058,1,10,0,0,0,69.4118,0,15.4636,15.872,0,134.6
1956,46325.720,11.5586,11.1398,11.1626,34,0,0,4202.5,40.3891,12,95,171.43,3.62,67.451,60.3922,321.591,14.2196,25.085,18.4787,1,10,0,0,0,69.4118,0,15.4266,16.128,0,134.6
1957,46325.760,11.5586,11.1398,11.1214,34,0,0,4191.5,41.0105,12.5,95,174.61,3.66,67.0588,60.3922,321.358,14.2196,25.52,18.4781,1,10,0,0,0,69.4118,0,14.8913,16.384,0,134.6
1958,46325.800,11.3904,11.1398,11.1214,34,0,0,4210.25,41.0105,12,95,175.45,3.66,66.2745,60.3922,320.48,14.2196,25.955,18.4781,1,10,0,0,0,69.4118,0,14.8913,16.384,0,134.6
1959,46325.840,11.6437,11.1398,11.0723,34,0,0,4251.5,41.6319,12,95,177.5,3.7,65.4902,59.6078,319.812,14.2196,26.245,18.4448,1,10,0,0,0,69.8039,0,14.1669,16.64,0,134.6
1960,46325.880,11.6012,11.1398,11.0317,34,0,0,4311.5,41.6319,12,95,181.5,3.74,65.4902,59.2157,319.793,14.2196,26.825,18.4333,1,10,0,0,0,69.8039,0,13.5052,16.896,0,134.6
1961,46325.920,11.6437,11.1398,11.0317,34,0,0,4355.25,42.2532,11,95,191.52,3.78,65.4902,59.2157,319.769,14.2196,27.26,18.4333,1,10,0,0,0,69.8039,0,13.5052,17.152,0,134.6
1962,46325.960,12.0228,11.1398,10.7558,34,0,0,4387.5,42.2532,11.5,95,203.2,3.82,64.7059,59.6078,319.309,14.2196,27.695,18.4324,1,10,0,0,0,69.8039,0,12.8232,18.176,0,134.6
1963,46326.000,11.8971,11.1398,10.7558,34,0,0,4410.75,42.8746,10.5,93.2,213.78,3.88,64.3137,59.2157,318.842,14.2196,28.42,18.4324,1,10,0,0,0,69.8039,0,12.8232,19.456,0,134.6
1964,46326.040,12.0228,11.1398,10.4788,34,0,0,4436.75,42.8746,11,93.2,218.03,3.92,63.9216,58.8235,318.401,14.2196,29,18.4093,1,10,0,0,0,69.8039,0,11.8627,19.968,0,134.6
1965,46326.080,12.1079,11.1398,10.2996,34,0,0,4467,43.496,10,93.2,225.12,3.94,63.9216,58.8235,318.347,14.2196,29.58,18.4027,1,10,0,0,0,69.8039,0,10.9908,20.736,0,134.6
1966,46326.120,12.1079,11.1398,10.2996,34,0,0,4508.5,43.496,10,93.2,238.51,4,63.9216,58.8235,318.218,14.2196,30.015,18.4027,1,10,0,0,0,69.8039,0,10.9908,20.736,0,134.6
1967,46326.160,11.6863,11.1398,10.1708,34,0,0,4530.25,44.7387,9.5,93.2,243.77,4.04,63.5294,59.6078,317.697,14.2196,30.885,18.3924,1,10,0,0,1,69.8039,0,10.0312,21.76,0,134.6
1968,46326.200,11.8545,11.1398,10.2296,34,0,0,4574.75,44.7387,9.5,93.2,247.45,4.06,63.1373,59.2157,317.406,14.2196,31.465,18.3732,1,10,0,0,1,66.6667,0,5.39428,21.76,0,134.6
1969,46326.240,11.3904,11.1398,10.2296,34,0,0,4609.75,45.3601,9,93.2,255.35,4.08,63.1373,59.2157,317.297,14.2196,32.19,18.3732,1,10,0,0,1,66.6667,0,5.39428,22.272,0,134.6
1970,46326.280,11.4755,11.1398,10.233,34,0,0,4690,45.3601,9,93.2,260.62,4.12,63.1373,59.2157,317.17,14.2196,32.77,18.3679,1,10,0,0,1,62.3529,.041705,1.04754,22.528,0,134.6
1971,46326.320,11.3904,11.1398,10.233,34,0,0,4735.25,45.9815,9,93.2,261.19,4.1,62.7451,59.6078,316.572,14.2196,33.205,18.3679,1,10,0,0,0,62.3529,.041705,1.04754,23.04,0,134.6
1972,46326.360,11.3072,11.1398,10.3848,34,0,0,4786.5,45.9815,9,93.2,264.44,4.16,61.9608,59.2157,315.793,14.2196,33.495,18.3522,1,10,0,0,1,59.6078,-.0342046,-1.67236,22.784,0,134.6
1973,46326.400,11.1389,11.1398,10.4208,34,0,0,4747.5,46.6028,9,93.2,267.25,4.14,60,58.8235,314.183,14.2196,33.64,18.3072,1,10,0,0,0,57.6471,-.17973,-3.40265,23.04,0,134.6
1974,46326.440,11.1389,11.1398,10.4208,34,0,0,4781,46.6028,9,93.2,269.53,4.12,58.4314,57.6471,312.649,14.2196,33.64,18.3072,1,10,0,0,0,57.6471,-.17973,-3.40265,22.784,0,134.6
1975,46326.480,11.0538,11.1398,10.5264,34,0,0,4823.75,47.8456,9.5,93.2,254.3,4.08,58.4314,57.6471,312.252,14.2196,33.35,18.252,1,10,0,0,0,58.0392,-.305723,-2.81418,22.272,0,134.6
1976,46326.520,11.4755,11.1398,10.623,34,0,0,4921.75,47.8456,9.5,93.2,258.51,4.12,58.4314,57.2549,312.132,14.2196,33.06,18.2438,1,10,0,0,0,59.2157,-.389613,-1.85118,22.016,0,134.6
1977,46326.560,10.9687,11.1398,10.623,34,0,0,4941.75,48.467,10,93.2,262.25,4.12,58.4314,57.6471,311.812,14.2196,32.77,18.2438,1,10,0,0,0,59.2157,-.389613,-1.85118,21.504,0,134.6
1978,46326.600,11.0964,11.1398,10.729,34,0,0,4975.75,48.467,10,93.2,265.01,4.14,57.2549,57.6471,310.512,14.2196,32.625,18.2313,1,10,0,0,0,60.3922,-.420429,-.500432,21.248,0,134.6
1979,46326.640,11.0113,11.1398,10.729,34,0,0,5025.75,49.0883,10,93.2,260.67,4.12,54.5098,56.4706,307.999,14.2196,32.48,18.2313,1,10,0,0,0,60.3922,-.420429,-.500432,21.248,0,134.6
1980,46326.680,11.0113,11.1398,10.7944,34,0,0,5009,49.0883,10,93.2,257.98,4.1,52.9412,55.2941,306.684,14.2196,32.19,18.1367,1,10,0,0,1,60.7843,-.443137,-.127535,20.992,0,134.6
1981,46326.720,11.0964,11.1398,10.8724,34,0,0,5071.75,49.7097,10,93.2,261.72,4.1,51.3725,54.5098,305.345,14.2196,31.9,18.0792,1,10,0,0,0,62.7451,-.382986,1.59846,20.736,0,134.6
1982,46326.760,11.1795,11.1398,10.8724,34,0,0,5141,49.7097,10.5,93.2,264.97,4.12,50.5882,54.1176,304.408,14.2196,31.755,18.0792,1,10,0,0,0,62.7451,-.382986,1.59846,20.736,0,134.6
1983,46326.800,11.2221,11.1398,10.9316,34,0,0,5166.5,50.3311,10.5,91.4,266.68,4.12,46.2745,53.7255,302.309,14.2196,31.61,18.0421,1,10,0,0,0,64.3137,-.270314,2.91593,20.224,0,134.6
1984,46326.840,11.3478,11.1398,10.9674,34,0,0,5194.25,50.3311,10.5,91.4,260.61,4.1,35.2941,50.9804,273.439,14.2196,31.465,16.7483,1,10,0,0,0,58.8235,-.336568,-1.45606,20.224,0,134.6
1985,46326.880,11.3478,11.1398,10.9674,34,0,0,5162.75,51.5738,11,91.4,245.35,3.98,19.2157,40.7843,143.01,14.2196,30.595,16.7483,1,10,0,0,0,58.8235,-.336568,-1.45606,18.688,0,134.6
1986,46326.920,11.3072,11.1398,14.0352,34,0,0,5196.5,51.5738,13.5,91.4,185.39,3.74,0,27.8431,0,14.2196,25.085,-6.17799,1,10,0,0,0,62.7451,0,0,10.496,0,134.6
1987,46326.960,11.3072,11.1398,14.0352,34,0,0,5133.75,51.5738,16,91.4,81.82,2.86,0,16.8627,0,14.2196,16.965,-6.17799,1,10,0,0,0,62.7451,0,0,4.096,0,134.6
1988,46327.000,11.1795,11.1398,75.264,34,0,0,5111.5,51.5738,19,91.4,49.05,2.42,0,14.1176,0,14.2196,12.035,-8.57504,1,10,0,0,0,0,0,0,1.28,0,134.6
1989,46327.040,11.518,11.1398,15.9796,34,0,0,4971,51.5738,18.5,91.4,23.67,2.1,0,13.7255,0,14.2196,8.7,-8.57504,1,10,0,0,0,0,0,0,0,0,134.6
1990,46327.080,12.1485,11.1398,15.9796,34,0,0,4977,51.5738,22,91.4,16.91,1.84,0,13.7255,0,14.2196,7.395,-8.57504,1,10,0,0,0,0,0,0,0,0,134.6
1991,46327.120,12.5275,11.2547,16.9896,34,0,0,4878.25,51.5738,26,91.4,12.65,1.72,0,13.3333,0,14.2196,6.235,-8.57504,1,10,0,0,0,0,0,0,0,0,134.6
1992,46327.160,12.7384,11.5992,14.2681,34,0,0,4854.5,51.5738,26,91.4,11.75,1.74,0,13.3333,0,14.2196,5.655,-8.57504,1,10,0,0,0,0,0,0,0,0,134.6
1993,46327.200,13.2025,11.9437,14.2681,34,0,-.78125,4771.25,51.5738,25,91.4,12.27,1.76,0,13.3333,0,14.2196,5.22,-8.57504,1,10,0,0,0,0,0,0,0,0,134.6
1994,46327.240,13.6667,12.2883,14.2748,34,0,-.78125,4633.25,51.5738,24.5,91.4,13.6,1.78,0,13.3333,0,14.2196,4.93,-8.57505,1,10,0,0,0,0,0,0,0,0,134.6
1995,46327.280,13.3282,12.6328,14.2748,34,0,-.78125,4472.75,51.5738,23.5,91.4,13.96,1.8,0,12.9412,0,14.2196,4.64,-8.57505,1,10,0,0,0,0,0,0,0,0,134.6
1996,46327.320,14.5505,12.9773,14.336,34,0,-.78125,4307.75,51.5738,22.5,91.4,14.31,1.8,0,12.9412,0,14.2196,4.64,-8.57505,1,10,0,0,0,0,0,0,0,0,134.6
1997,46327.360,15.856,13.3219,14.4808,34,0,-.78125,4141,51.5738,22,91.4,15.59,1.84,0,12.9412,0,14.2196,4.495,-8.57505,1,10,0,0,0,0,0,0,0,0,134.6
1998,46327.400,18.9755,13.7813,14.4808,34,0,-.78125,3979,51.5738,21,91.4,14.57,1.82,0,12.549,0,14.2196,4.495,-8.57505,1,10,0,0,0,0,0,0,0,0,134.6
1999,46327.440,20.6175,14.2406,14.4808,34,0,-.78125,3857,51.5738,20.5,91.4,14.48,1.82,0,12.549,0,14.2196,4.495,-8.57505,1,10,0,0,0,0,0,0,0,0,134.6
2000,46327.480,20.7026,14.7,14.4808,34,0,-.78125,3693,51.5738,20,91.4,14.91,1.84,5.88235,12.549,36.2801,14.2196,4.495,-7.12287,1,10,0,0,0,70.9804,0,0,0,0,134.6
2001,46327.520,20.66,15.6187,14.4808,34,0,-.78125,3624,51.5738,21,91.4,23.56,2.28,27.451,23.9216,262.442,14.2196,4.64,-7.12287,1,10,0,0,0,70.9804,0,0,2.304,0,134.6
2002,46327.560,20.4492,16.6523,5.8846,33,0,-.78125,3643,51.5738,21.5,91.4,68.21,2.98,40.7843,38.0392,301.53,14.2196,10.44,17.1274,1,10,0,0,0,72.549,0,15.3922,6.656,0,134.6
2003,46327.600,20.66,17.5711,5.8846,33,0,0,3780.75,50.9524,10,89.6,110.75,3.14,48.6275,47.451,308.522,14.2196,15.515,17.1274,1,10,0,0,0,72.549,0,15.3922,7.68,0,134.6
2004,46327.640,19.4803,18.7195,9.2804,33,0,0,4277.25,50.9524,10.5,89.6,105.65,3.14,56.0784,51.3725,312.345,14.2196,16.385,18.0708,1,10,0,0,0,71.3726,0,15.3922,8.192,0,136.4
2005,46327.680,16.9951,18.6047,11.3778,33,0,0,4644.5,50.3311,11.5,89.6,124.07,3.3,72.549,57.2549,325.864,14.2196,16.53,18.4324,1,10,0,0,0,69.8039,0,15.3914,8.96,0,136.4
2006,46327.720,16.616,17.4562,11.3778,33,0,0,4527.75,50.3311,11,89.6,139.65,3.44,78.0392,87.8431,342.182,14.2196,17.11,18.4324,1,10,0,0,0,69.8039,0,15.3914,10.24,0,136.4
2007,46327.760,13.9181,16.5375,10.752,33,0,0,4206.75,51.5738,17,89.6,141.83,3.4,67.8431,95.6863,321.756,14.2196,18.415,18.9125,1,10,0,0,0,69.8039,0,15.3914,11.52,0,136.4
2008,46327.800,11.8545,15.5039,11.9183,33,0,0,4174,51.5738,16,89.6,135.15,3.36,55.6863,68.2353,312.123,14.2196,18.995,18.2594,1,10,0,0,0,69.8039,0,15.3907,11.264,0,136.4
2009,46327.840,12.9492,14.7,11.9183,33,0,0,4328.75,51.5738,16,89.6,132.82,3.36,58.4314,57.6471,314.082,14.2196,19.14,18.2594,1,10,0,0,0,69.8039,0,15.3907,11.52,0,136.4
2010,46327.880,14.0883,14.2406,11.8947,33,0,0,4381,51.5738,12.5,89.6,140.84,3.44,67.451,57.6471,321.451,14.2196,19.14,18.3508,1,10,0,0,0,69.8039,0,15.3907,11.52,0,136.4
2011,46327.920,14.1714,13.7813,11.8947,33,0,0,4343.5,52.1952,15.5,89.6,159.22,3.5,70.5882,63.9216,324.14,14.2196,19.72,18.3508,1,10,0,0,0,69.8039,0,15.3907,12.544,0,136.4
2012,46327.960,12.2336,13.3219,11.4166,33,0,0,4293,52.1952,14.5,89.6,157.04,3.5,69.8039,65.8824,323.705,14.2196,20.735,18.5425,1,10,0,0,0,69.8039,0,15.3902,13.312,0,136.4
2013,46328.000,11.6012,12.9773,11.3692,33,0,0,4359.25,52.1952,14,89.6,162.68,3.52,70.1961,65.098,323.916,14.2196,21.315,18.5315,1,10,0,0,0,69.8039,0,15.3902,13.824,0,136.4
2014,46328.040,11.7694,12.6328,11.3692,33,0,0,4449.5,52.1952,14,89.6,170.03,3.58,71.7647,66.6667,325.235,14.2196,21.75,18.5315,1,10,0,0,0,69.8039,0,15.3902,14.08,0,136.4
2015,46328.080,12.0228,12.1734,11.3993,33,0,0,4413.75,52.8166,14,89.6,174.33,3.64,72.1569,69.4118,325.654,14.2196,22.33,18.5753,1,10,0,0,0,69.8039,0,15.3888,14.848,0,136.4
2016,46328.120,11.6863,11.8289,10.8294,33,0,0,4376.75,52.8166,13.5,89.6,174.75,3.64,71.7647,70.1961,325.235,14.2196,23.2,18.5753,1,10,0,0,0,69.8039,0,15.3888,15.616,0,136.4
2017,46328.160,11.3478,11.5992,10.8294,33,0,0,4405.75,53.4379,13.5,89.6,175.31,3.7,71.3726,69.0196,325.025,14.2196,23.925,18.5753,1,10,0,0,0,69.8039,0,15.3888,15.616,0,136.4
2018,46328.200,11.4329,11.2547,10.8606,33,0,0,4471.5,53.4379,13.5,89.6,184.84,3.74,71.7647,69.0196,325.444,14.2196,24.65,18.57,1,10,0,0,0,69.8039,0,15.3878,16.384,0,136.4
2019,46328.240,11.812,11.1398,10.8606,33,0,0,4505.75,53.4379,12.5,89.6,196.52,3.8,71.7647,70.1961,325.444,14.2196,25.23,18.57,1,10,0,0,0,69.8039,0,15.3878,16.896,0,136.4
2020,46328.280,11.8545,11.1398,10.6418,33,0,0,4467.75,53.4379,12,89.6,207.44,3.86,71.7647,70.5882,325.235,14.2196,26.1,18.5753,1,10,0,0,1,69.8039,0,14.9596,18.176,0,136.4
2021,46328.320,11.8545,11.1398,10.2925,32,0,0,4468.75,54.0593,11.5,89.6,212.84,3.86,70.5882,68.6274,324.123,14.2196,26.97,18.5535,1,10,0,0,1,69.8039,0,13.5696,18.944,0,136.4
2022,46328.360,11.8971,11.1398,10.2925,32,0,0,4530.75,54.0593,11.5,89.6,214.25,3.92,69.4118,66.2745,323.186,14.2196,27.695,18.5535,1,10,0,0,1,69.8039,0,13.5696,19.456,0,136.4
2023,46328.400,11.3904,11.1398,10.3243,32,0,0,4586.5,54.6807,11,89.6,230.39,3.96,69.0196,65.4902,322.689,14.2196,28.42,18.5181,1,10,0,0,0,69.8039,0,12.3868,20.224,0,136.4
2024,46328.440,11.6437,11.1398,9.93912,32,0,0,4605,54.6807,10.5,89.6,235.38,3.98,67.0588,64.7059,321.058,14.2196,29.29,18.476,1,10,0,0,1,69.8039,0,11.1731,21.248,0,136.4
2025,46328.480,11.4329,11.1398,9.93912,32,0,0,4590.25,55.302,10,89.6,238.51,4,62.7451,62.7451,316.95,14.2196,30.16,18.476,1,10,0,0,1,69.8039,0,11.1731,22.016,0,136.4
2026,46328.520,11.3072,11.1398,10.1297,32,0,0,4625,55.302,9.5,89.6,244.82,4.02,58.8235,58.8235,313.555,14.2196,30.885,18.3153,1,10,0,0,1,69.8039,0,9.82588,22.016,0,136.4
2027,46328.560,11.0113,11.1398,10.1297,32,0,0,4679.5,55.9234,9.5,89.6,243.24,4.04,57.2549,57.2549,311.891,14.2196,31.32,18.3153,1,10,0,0,1,69.8039,0,9.82588,22.528,0,136.4
2028,46328.600,10.9687,11.1398,9.98527,32,0,0,4704,55.9234,9.5,89.6,253.24,4.08,56.0784,56.4706,310.694,14.2196,31.9,18.2346,1,10,0,0,0,66.2745,0,5.28595,22.528,0,136.4
2029,46328.640,10.9687,11.1398,9.95885,32,0,0,4708,56.5448,9.5,89.6,257.98,4.12,52.9412,55.6863,307.813,14.2196,32.48,18.1654,1,10,0,0,1,61.5686,-.0199234,.405355,22.784,0,136.4
2030,46328.680,10.8856,11.1398,9.95885,32,0,0,4710.75,56.5448,9.5,89.6,262.2,4.08,48.6275,54.1176,305.563,14.2196,32.915,18.1654,1,10,0,0,1,61.5686,-.0199234,.405355,23.04,0,136.4
2031,46328.720,10.7579,11.1398,10.1674,32,0,0,4720.25,57.1662,9.5,89.6,260.61,4.08,45.4902,52.9412,304.029,14.2196,33.06,18.0613,1,10,0,0,0,59.2157,-.106868,-1.91973,22.784,0,136.4
2032,46328.760,10.9687,11.1398,10.2785,32,0,0,4764,57.1662,9.5,89.6,254.82,4.06,44.3137,52.1569,303.268,14.2196,32.915,18.0199,1,10,0,0,1,59.2157,-.191241,-1.86214,22.528,0,136.4
2033,46328.800,10.843,11.1398,10.2785,32,0,0,4819.75,57.7875,9.5,89.6,246.4,4.04,43.9216,51.7647,302.498,14.2196,32.77,18.0199,1,10,0,0,1,59.2157,-.191241,-1.86214,22.272,0,136.4
2034,46328.840,11.4329,11.1398,10.3992,32,0,0,4837.25,57.7875,9.5,89.6,252.19,4.04,41.1765,49.8039,296.404,14.2196,32.48,17.9514,1,10,0,0,1,59.6078,-.249022,-1.26631,21.76,0,136.4
2035,46328.880,10.9281,11.1398,10.3992,32,0,0,4811.25,58.4089,9.5,89.6,246.4,4,35.2941,47.451,279.286,14.2196,32.045,17.9514,1,10,0,0,0,59.6078,-.249022,-1.26631,21.504,0,136.4
2036,46328.920,10.7173,11.1398,10.6531,32,0,0,4828.25,58.4089,10,89.6,220.87,3.9,22.3529,40.7843,189.234,14.2196,30.885,16.429,1,10,0,0,0,56.0784,-.406109,-3.76043,19.712,0,136.4
2037,46328.960,10.9281,11.1398,11.4863,32,0,0,4844,58.4089,12,89.6,188.18,3.72,1.96078,29.8039,12.4052,14.2196,27.26,-5.84038,1,10,0,0,1,63.9216,0,0,16.384,0,136.4
2038,46329.000,10.843,11.1398,11.4863,32,0,0,4779.75,58.4089,14.5,89.6,82.22,2.82,0,17.6471,0,14.2196,19.43,-5.84038,1,10,0,0,1,63.9216,0,0,6.4,0,136.4
2039,46329.040,10.9687,11.1398,34.4064,32,0,0,4823,59.0303,18,89.6,49.73,2.44,0,14.1176,0,14.2196,13.485,-8.5748,1,10,0,0,0,0,0,0,9.216,0,136.4
2040,46329.080,10.8856,11.1398,15.2433,32,0,0,4677,59.0303,-3.5,89.6,29.1,2.08,0,13.7255,0,14.2196,9.86,-8.5748,1,10,0,0,0,0,0,0,0,0,136.4
2041,46329.120,11.1389,11.1398,15.2433,32,0,0,4550,58.4089,2.5,89.6,15.48,1.82,0,13.7255,0,14.2196,8.12,-8.5748,1,10,0,0,0,0,0,0,0,0,136.4
2042,46329.160,11.9802,11.1398,18.2569,32,0,0,4413,58.4089,6,89.6,11.96,1.74,0,12.9412,0,14.2196,6.815,-8.57481,1,10,0,0,0,0,0,0,0,0,136.4
2043,46329.200,12.7809,11.2547,18.2569,32,0,-.78125,4340.25,58.4089,7.5,87.8,11.87,1.76,0,12.9412,0,14.2196,6.235,-8.57481,1,10,0,0,0,0,0,0,0,0,136.4
2044,46329.240,13.9181,11.5992,15.6964,32,0,-.78125,4249.5,58.4089,6.5,87.8,12.71,1.76,0,12.9412,0,14.2196,5.655,-8.57481,1,10,0,0,0,0,0,0,0,0,138.2
2045,46329.280,14.4673,11.9437,14.4808,32,0,-.78125,4096,58.4089,5.5,87.8,12.8,1.78,0,12.9412,0,14.2196,5.365,-8.57469,1,10,0,0,0,0,0,0,0,0,138.2
2046,46329.320,15.3086,12.2883,14.4808,31,0,-.78125,3937,58.4089,5,87.8,13.69,1.8,0,12.9412,0,14.2196,5.22,-8.57469,1,10,0,0,0,0,0,0,0,0,138.2
2047,46329.360,15.7728,12.6328,14.4808,31,0,-.78125,3817,58.4089,4.5,87.8,14.13,1.82,0,12.9412,0,14.2196,5.22,-8.57469,1,10,0,0,0,0,0,0,0,0,138.2
2048,46329.400,17.1633,12.9773,14.4808,31,0,-.78125,3653.75,58.4089,3.5,87.8,15.08,1.84,0,12.9412,0,14.2196,5.22,-8.5747,1,10,0,0,0,0,0,0,0,0,138.2
2049,46329.440,20.3235,13.3219,14.4808,31,0,-.78125,3527.25,58.4089,2.5,87.8,14.57,1.82,0,12.549,0,14.2196,5.365,-8.5747,1,10,0,0,0,0,0,0,0,0,138.2
2050,46329.480,20.7451,13.7813,14.4808,31,0,-.78125,3408,58.4089,21,87.8,14.74,1.82,5.4902,12.549,36.6932,14.2196,5.365,-8.5747,1,10,0,0,0,0,0,0,0,0,138.2
2051,46329.520,20.7026,14.2406,14.4808,31,0,-.78125,3294.25,58.4089,21.5,87.8,18.98,2.06,19.2157,20,177.121,14.2196,5.365,-8.5747,1,10,0,0,0,0,0,0,2.048,0,138.2
2052,46329.560,20.5343,14.8148,14.5017,31,0,-.78125,3310.75,58.4089,22,87.8,42.43,2.62,32.549,29.8039,289.659,14.2196,8.265,1.89981,1,10,0,0,0,74.1176,0,0,5.888,0,138.2
2053,46329.600,20.5343,15.6187,6.55324,31,0,0,3456,58.4089,18,87.8,88.04,3.08,45.098,41.9608,307.352,14.2196,14.355,17.6234,1,10,0,0,0,74.5098,0,15.3635,8.448,0,138.2
2054,46329.640,20.5749,16.6523,6.55324,31,0,0,3622,58.4089,11.5,87.8,94.49,3.06,54.1176,49.4118,312.146,14.2196,16.675,17.6234,1,10,0,0,0,74.5098,0,15.3635,7.936,0,138.2
2055,46329.680,20.6175,17.1117,11.5702,31,0,0,3854.75,57.7875,11.5,87.8,91.13,3.08,59.6078,52.9412,315.631,14.2196,17.11,18.1946,1,10,0,0,0,72.1569,0,15.3635,7.936,0,138.2
2056,46329.720,19.3952,16.5375,11.6598,31,0,0,3747.25,57.7875,18,87.8,103.89,3.12,62.7451,55.2941,318.013,14.2196,17.4,18.3664,1,10,0,0,0,70.5882,0,15.3627,8.704,0,138.2
2057,46329.760,16.237,16.0781,11.6598,31,0,0,3460.75,59.0303,17.5,87.8,98.01,3.06,61.1765,56.4706,317.3,14.2196,17.835,18.3664,1,10,0,0,0,70.5882,0,15.3627,10.24,0,138.2
2058,46329.800,15.3512,15.1594,11.76,31,0,0,3555.75,59.0303,17.5,87.8,86.87,3.02,61.5686,55.2941,317.345,14.2196,18.125,18.3117,1,10,0,0,0,74.1176,0,15.3627,9.984,0,138.2
2059,46329.840,12.6552,14.4703,11.76,31,0,0,3758.5,58.4089,16.5,87.8,93.9,3.08,68.2353,56.4706,322.475,14.2196,18.125,18.3117,1,10,0,0,0,74.1176,0,15.3627,9.728,0,138.2
2060,46329.880,12.1485,14.0109,11.7371,31,0,0,3597,58.4089,17.5,87.8,105.65,3.14,72.9412,62.7451,326.283,14.2196,18.27,18.5011,1,10,0,0,0,71.3726,0,15.3621,10.24,0,138.2
2061,46329.920,12.0228,13.5516,11.5127,31,0,0,3528.75,58.4089,17,87.8,99.19,3.1,72.549,65.8824,326.074,14.2196,18.705,18.6027,1,10,0,0,0,73.3333,0,15.3621,10.752,0,138.2
2062,46329.960,11.4755,13.207,11.5127,30,0,0,3720,58.4089,17,87.8,102.12,3.12,73.3333,66.2745,326.702,14.2196,18.995,18.6027,1,10,0,0,0,73.3333,0,15.3621,10.496,0,138.2
2063,46330.000,11.5586,12.7477,11.7006,30,0,0,3711.5,59.0303,17,87.8,112.77,3.18,74.5098,75.2941,327.541,14.2196,19.14,18.6179,1,10,0,0,0,71.7647,0,15.3616,11.008,0,138.2
2064,46330.040,12.0653,12.4031,11.6418,30,0,0,3566,59.0303,16,87.8,111.68,3.14,73.3333,77.2549,326.702,14.2196,19.43,18.6136,1,10,0,0,0,72.549,0,15.3616,11.52,0,138.2
2065,46330.080,12.0228,12.0586,11.6418,30,0,0,3652.25,59.0303,16,87.8,107.57,3.14,73.3333,69.4118,326.493,14.2196,19.72,18.6136,1,10,0,0,0,72.549,0,15.3616,11.776,0,138.2
2066,46330.120,11.6863,11.7141,11.4819,30,0,0,3709.75,59.0303,16,87.8,114.11,3.18,73.3333,67.8431,326.702,14.2196,19.72,18.6074,1,10,0,0,0,71.7647,0,15.3613,11.776,0,138.2
2067,46330.160,11.6863,11.3695,11.4819,30,0,0,3647.75,59.6516,15.5,87.8,115.52,3.2,73.3333,67.451,326.493,14.2196,20.01,18.6074,1,10,0,0,0,71.7647,0,15.3613,12.032,0,138.2
2068,46330.200,11.6012,11.1398,11.3222,30,0,0,3638.25,59.6516,15,87.8,114.85,3.2,72.549,65.8824,325.864,14.2196,20.3,18.6022,1,10,0,0,0,72.1569,0,15.3613,12.288,0,138.2
2069,46330.240,11.6012,11.1398,11.2334,30,0,0,3708.5,59.6516,14.5,87.8,118.2,3.22,72.549,65.4902,326.073,14.2196,20.445,18.5917,1,10,0,0,0,71.7647,0,15.361,12.288,0,138.2
2070,46330.280,11.3904,11.1398,11.2334,30,0,0,3674,59.6516,15,87.8,121.89,3.22,72.549,65.8824,325.863,14.2196,20.59,18.5917,1,10,0,0,0,71.7647,0,15.361,12.544,0,138.2
2071,46330.320,11.3478,11.1398,11.2544,30,0,0,3656.25,59.6516,14.5,87.8,120.89,3.22,70.9804,64.7059,324.6,14.2196,20.88,18.5812,1,10,0,0,0,72.1569,0,15.361,12.8,0,138.2
2072,46330.360,11.1795,11.1398,11.2629,29,0,0,3721.75,59.6516,14,87.8,123.23,3.24,68.2353,61.9608,322.261,14.2196,21.025,18.5067,1,10,0,0,0,71.7647,0,15.3598,12.8,0,138.2
2073,46330.400,11.2221,11.1398,11.2629,29,0,0,3701.75,59.6516,14.5,87.8,124.96,3.24,65.4902,59.2157,319.923,14.2196,21.17,18.5067,1,10,0,0,0,71.7647,0,15.3598,13.056,0,138.2
2074,46330.440,11.2221,11.1398,11.284,29,0,0,3707.25,59.6516,14.5,87.8,125.08,3.24,60,56.4706,316.182,14.2196,21.46,18.3893,1,10,0,0,0,71.7647,0,15.3598,13.056,0,138.2
2075,46330.480,11.1389,11.1398,11.284,29,0,0,3709.25,60.273,14,87.8,126.26,3.24,49.4118,52.9412,309.165,14.2196,21.46,18.3893,1,10,0,0,0,71.7647,0,15.3598,13.056,0,138.2
2076,46330.520,11.2221,11.1398,11.3051,29,0,0,3739,60.273,14.5,87.8,124.24,3.26,32.1569,47.8431,288.507,14.2196,21.46,18.068,1,10,0,0,0,71.7647,0,15.3589,13.056,0,138.2
2077,46330.560,11.0113,11.1398,11.3778,29,0,0,3716.25,60.273,14.5,87.8,115.86,3.14,5.88235,33.7255,35.2619,14.2196,21.17,-.607468,1,10,0,0,0,70.9804,0,0,12.8,0,138.2
2078,46330.600,10.8005,11.1398,11.3778,29,0,0,3714.5,60.273,16,87.8,71.11,2.58,0,16.4706,0,14.2196,17.69,-.607468,1,10,0,0,0,70.9804,0,0,10.24,0,138.2
2079,46330.640,10.17,11.1398,14.9928,29,0,0,3646.25,60.273,18,87.8,63.79,2.72,0,11.3725,0,14.2196,12.325,-8.57412,1,10,0,0,0,0,0,0,4.352,0,138.2
2080,46330.680,10.2106,11.1398,35.84,29,0,0,3678.25,60.273,13,87.8,49.39,2.74,0,10.1961,0,14.2196,9.28,-8.57407,1,10,0,0,0,0,0,0,2.816,0,138.2
2081,46330.720,10.17,11.1398,35.84,29,0,0,3656.75,60.273,9,87.8,19.62,1.94,0,10.1961,0,14.2196,7.54,-8.57407,1,10,0,0,0,0,0,0,2.048,0,138.2
2082,46330.760,10.2532,11.1398,65.305,29,0,0,3663.25,60.273,12,87.8,12.19,1.7,0,10.1961,0,14.2196,6.525,-8.57408,1,10,0,0,0,0,0,0,2.56,0,138.2
2083,46330.800,10.2957,11.1398,65.305,29,0,-.78125,3588.75,60.273,14,87.8,9.53,1.6,0,10.1961,0,14.2196,5.8,-8.57408,1,10,0,0,0,0,0,0,2.048,0,138.2
2084,46330.840,10.2106,11.1398,28.2947,29,-1.5625,-.78125,3544.25,60.273,16,87.8,9.56,1.6,0,10.1961,0,14.2196,5.22,-8.57396,1,10,0,0,0,0,0,0,2.048,0,140
2085,46330.880,10.5065,11.1398,18.9701,29,-2.34375,-.78125,3499,60.273,15.5,87.8,8.87,1.6,0,10.1961,0,14.2196,4.93,-8.57391,1,10,0,0,0,0,0,0,2.048,0,140
2086,46330.920,10.4214,11.1398,18.9701,29,-3.125,-.78125,3391.75,60.273,14.5,87.8,9.22,1.6,0,10.1961,0,14.2196,4.785,-8.57391,1,10,0,0,0,0,0,0,1.792,0,140
2087,46330.960,10.3383,11.1398,17.0957,29,-4.6875,-.78125,3321,60.273,14,87.8,8.8,1.58,0,9.80392,0,14.2196,4.64,-8.57392,1,10,0,0,0,0,0,0,0,0,140
2088,46331.000,10.4214,11.1398,14.5087,29,-5.46875,-.78125,3239,60.273,13,87.8,9.42,1.6,0,9.80392,0,14.2196,4.64,-8.57387,1,10,0,0,0,0,0,0,0,0,140
2089,46331.040,10.5065,11.1398,14.5087,29,-6.25,-.78125,3136.25,59.6516,12.5,87.8,8.74,1.58,0,9.41177,0,14.2196,4.495,-8.57387,1,10,0,0,0,0,0,0,0,0,140
2090,46331.080,10.7173,11.1398,14.5227,29,-7.8125,-.78125,3036.25,59.6516,11.5,87.8,8.8,1.58,0,9.41177,0,14.2196,4.495,-8.8291,1,10,0,0,0,0,0,0,0,0,140
2091,46331.120,11.1795,11.1398,14.5227,29,-8.59375,-.78125,2933,59.6516,11,87.8,8.62,1.56,0,9.01961,0,14.2196,4.495,-8.8291,1,10,0,0,0,0,0,0,0,0,140
2092,46331.160,12.5701,11.3695,14.5438,29,-9.375,-.78125,2837.5,59.6516,11,87.8,8.68,1.58,0,9.01961,0,14.2196,4.495,-9.23191,1,10,0,0,0,0,0,0,0,0,140
2093,46331.200,12.7809,11.7141,14.5508,29,0,-.78125,2715.75,59.6516,11,87.8,8.68,1.58,0,9.01961,0,14.2196,4.495,-9.55996,1,10,0,0,0,0,0,0,0,0,140
2094,46331.240,13.1174,12.0586,14.5508,28,0,-.78125,2595,59.6516,11,87.8,8.74,1.58,0,9.01961,0,14.2196,4.495,-9.55996,1,10,0,0,0,0,0,0,0,0,140
2095,46331.280,13.4133,12.4031,14.5508,28,0,-.78125,2513,59.6516,11,87.8,8.87,1.58,0,8.62745,0,14.2196,4.495,-9.55997,1,10,0,0,0,0,0,0,0,0,140
2096,46331.320,13.6667,12.7477,14.5508,28,0,-.78125,2404,59.6516,11,87.8,8.8,1.56,0,8.62745,0,14.2196,4.495,-9.55998,1,10,0,0,0,0,0,0,1.792,0,140
2097,46331.360,14.0457,13.0922,14.5508,28,0,-.78125,2329.75,59.6516,11,87.8,8.87,1.58,0,8.62745,0,14.2196,4.495,-9.55998,1,10,0,0,0,0,0,0,1.792,0,140
2098,46331.400,14.7613,13.5516,14.5508,28,0,-.78125,2245,59.6516,11,87.8,8.68,1.56,2.7451,8.62745,24.4896,14.2196,4.495,-9.55999,1,10,0,0,0,0,0,0,1.792,0,140
2099,46331.440,15.7303,14.0109,14.5508,28,0,-.78125,2192.75,59.6516,20.5,87.8,9.04,1.64,10.1961,11.3725,92.9392,14.2196,4.495,-9.55999,1,10,0,0,0,0,0,0,1.792,0,140
2100,46331.480,15.8153,14.4703,14.5508,28,0,-.78125,2101,59.6516,21.5,87.8,13.42,1.94,17.2549,17.6471,159.599,14.2196,4.495,-5.83991,1,10,0,0,0,74.902,0,0,2.048,0,140
2101,46331.520,15.9836,14.2406,8.11253,28,0,-.78125,2044.25,59.6516,22,87.8,28.36,2.28,21.5686,22.7451,191.793,14.2196,7.105,1.27713,1,10,0,0,0,74.902,0,0,5.632,0,140
2102,46331.560,15.268,13.7813,8.11253,28,0,-.78125,2093.25,59.6516,22,87.8,39.73,2.52,23.5294,26.6667,209.129,14.2196,9.135,1.27713,1,10,0,0,0,74.902,0,0,6.656,0,140
2103,46331.600,14.0457,13.3219,6.32604,28,0,0,2198.75,59.0303,14.5,87.8,47.94,2.58,25.8824,29.0196,235.784,14.2196,11.745,3.19914,1,10,0,0,0,74.902,0,0,6.4,0,140
2104,46331.640,13.4559,12.9773,9.87393,28,0,0,2497.5,59.0303,13.5,87.8,49.76,2.6,29.8039,31.3725,276.508,14.2196,12.905,6.14085,1,10,0,0,0,74.902,0,0,6.4,0,141.8
2105,46331.680,13.1174,12.8625,9.87393,28,0,0,2324.25,59.6516,11.5,87.8,50.57,2.64,33.3333,35.2941,273.137,14.2196,13.63,6.14085,1,10,0,0,1,74.902,0,0,7.424,0,141.8
2106,46331.720,13.2025,13.207,9.83522,28,0,0,2302,59.6516,15,87.8,49.12,2.56,33.7255,36.0784,270.968,14.2196,14.5,5.02914,1,10,0,0,0,74.902,0,0,7.68,0,141.8
2107,46331.760,13.2876,12.9773,9.83522,28,0,0,2443.25,59.0303,13.5,87.8,48.04,2.6,37.2549,38.0392,292.067,14.2196,14.645,5.02914,1,10,0,0,0,74.902,0,0,7.68,0,141.8
2108,46331.800,13.3708,12.6328,11.4123,28,0,0,2282.75,59.0303,14.5,87.8,49.33,2.6,38.0392,40,275.509,14.2196,14.645,7.15231,1,10,0,0,1,74.902,0,0,7.936,0,141.8
2109,46331.840,13.3708,12.2883,11.3222,28,0,0,2366.25,59.0303,15,87.8,47.24,2.54,38.4314,40,288.22,14.2196,14.935,5.68026,1,10,0,0,1,74.902,0,0,8.192,0,141.8
2110,46331.880,13.3282,12.4031,11.3222,28,0,0,2351,59.0303,14.5,87.8,48.58,2.58,40.3922,40.7843,292.653,14.2196,14.935,5.68026,1,10,0,0,1,74.902,0,0,8.192,0,141.8
2111,46331.920,13.2025,12.518,11.4688,28,0,0,2326.25,59.6516,14.5,87.8,48.58,2.56,40.3922,41.5686,283.788,14.2196,15.08,6.194,1,10,0,0,1,74.902,0,0,8.448,0,141.8
2112,46331.960,13.0768,12.4031,11.4775,28,0,0,2387.25,59.6516,14.5,87.8,48.15,2.58,40.3922,41.5686,293.728,14.2196,15.08,6.36506,1,10,0,0,2,74.902,0,0,8.448,0,141.8
2113,46332.000,13.2025,12.2883,11.4775,28,0,0,2329,59.6516,14.5,87.8,48.69,2.58,39.6078,41.9608,284.499,14.2196,15.08,6.36506,1,10,0,0,2,74.902,0,0,8.448,0,141.8
2114,46332.040,13.16,12.1734,11.4775,28,0,0,2362.25,59.6516,14.5,87.8,48.15,2.56,39.6078,41.1765,289.034,14.2196,15.225,6.04113,1,10,0,0,2,74.902,0,0,8.448,0,141.8
2115,46332.080,12.866,12.0586,11.4775,28,0,0,2362.25,59.6516,14.5,87.8,48.69,2.58,39.2157,41.1765,288.668,14.2196,15.225,6.04113,1,10,0,0,2,74.902,0,0,8.704,0,141.8
2116,46332.120,12.8234,11.9437,11.4644,28,0,0,2327.5,59.6516,15,87.8,48.37,2.58,38.8235,41.1765,287.217,14.2196,15.225,6.24361,1,10,0,0,2,74.902,0,0,8.704,0,141.8
2117,46332.160,12.6552,11.8289,11.447,27,0,0,2385.75,59.6516,14,87.8,48.37,2.58,38.8235,40.7843,286.806,14.2196,15.225,6.20051,1,10,0,0,3,74.902,0,0,8.704,0,141.8
2118,46332.200,12.6126,11.7141,11.447,27,0,0,2330.75,59.6516,15,87.8,48.69,2.58,38.8235,40.7843,286.902,14.2196,15.225,6.20051,1,10,0,0,3,74.902,0,0,8.704,0,141.8
2119,46332.240,12.5275,11.5992,11.4209,27,0,0,2369.75,59.6516,14.5,87.8,48.58,2.56,38.8235,40.7843,286.671,14.2196,15.225,6.06499,1,10,0,0,3,74.902,0,0,8.704,0,141.8
2120,46332.280,11.812,11.5992,11.4557,27,0,0,2353.5,59.6516,14.5,87.8,49.12,2.58,38.8235,40.7843,286.961,14.2196,15.225,6.20505,1,10,0,0,3,74.902,0,0,8.704,0,141.8
2121,46332.320,11.6437,11.5992,11.4557,27,0,0,2357.75,59.6516,15,87.8,49.12,2.58,38.8235,40.7843,286.928,14.2196,15.225,6.20505,1,10,0,0,3,74.902,0,0,8.704,0,141.8
2122,46332.360,11.4329,11.5992,11.5657,27,0,0,2361.25,59.6516,14,87.8,48.9,2.6,38.8235,40.7843,287.174,14.2196,15.225,6.15471,1,10,0,0,4,74.902,0,0,8.704,0,141.8
2123,46332.400,11.1389,11.4844,11.5657,27,0,0,2362,59.6516,14.5,87.8,48.79,2.58,38.8235,40.7843,287.471,14.2196,15.225,6.15471,1,10,0,0,4,74.902,0,0,8.704,0,141.8
2124,46332.440,11.2221,11.4844,11.6463,27,0,0,2371.25,59.6516,14.5,87.8,49.76,2.58,38.8235,40.7843,287.384,14.2196,15.37,6.20047,1,10,0,0,4,74.902,0,0,8.704,0,141.8
2125,46332.480,11.4755,11.4844,11.7188,27,0,0,2355.75,59.6516,14.5,87.8,49.54,2.58,38.8235,40.7843,287.658,14.2196,15.37,6.23349,1,10,0,0,4,74.902,0,0,8.704,0,141.8
2126,46332.520,11.5586,11.5992,11.7188,27,0,0,2365.75,59.6516,14.5,87.8,49.12,2.6,38.8235,40.7843,287.813,14.2196,15.37,6.23349,1,10,0,0,4,74.902,0,0,8.448,0,141.8
2127,46332.560,11.6437,11.5992,11.8015,27,0,0,2362.5,59.6516,14.5,87.8,48.69,2.58,38.8235,40.7843,287.834,14.2196,15.37,6.17332,1,10,0,0,4,74.902,0,0,8.448,0,141.8
2128,46332.600,11.5586,11.7141,11.8666,27,0,0,2380.5,59.6516,14.5,87.8,49.22,2.58,38.8235,40.7843,288.099,14.2196,15.37,6.28515,1,10,0,0,4,74.902,0,0,8.448,0,141.8
2129,46332.640,11.8545,11.7141,11.8666,27,0,0,2345.5,59.6516,15,87.8,49.44,2.58,38.8235,40.7843,288.145,14.2196,15.37,6.28515,1,10,0,0,4,74.902,0,0,8.448,0,141.8
2130,46332.680,11.7288,11.7141,11.9562,27,0,0,2376.25,59.6516,14.5,87.8,49.01,2.6,38.8235,40.7843,288.109,14.2196,15.37,6.23041,1,10,0,0,4,74.902,0,0,8.448,0,141.8
2131,46332.720,11.8971,11.8289,11.9562,27,0,0,2373,59.6516,15,87.8,49.33,2.6,38.8235,40.7843,288.763,14.2196,15.37,6.23041,1,10,0,0,5,74.902,0,0,8.448,0,141.8
2132,46332.760,11.812,11.8289,12.0134,27,0,0,2362.25,59.6516,14.5,87.8,49.65,2.6,38.8235,40.7843,288.908,14.2196,15.515,6.28759,1,10,0,0,5,74.902,0,0,8.448,0,141.8
2133,46332.800,11.8971,11.8289,12.0712,27,0,0,2378,59.6516,14.5,87.8,49.44,2.6,38.8235,41.1765,289.162,14.2196,15.515,6.28907,1,10,0,0,5,74.902,0,0,8.448,0,141.8
2134,46332.840,11.7694,11.9437,12.0712,27,0,0,2356.25,59.6516,14.5,87.8,50.14,2.6,38.8235,41.1765,289.296,14.2196,15.515,6.28907,1,10,0,0,5,74.902,0,0,8.448,0,141.8
2135,46332.880,11.8971,11.9437,12.1247,27,0,0,2384.25,59.6516,14.5,87.8,49.44,2.62,38.8235,41.1765,289.383,14.2196,15.515,6.3056,1,10,0,0,5,74.902,0,0,8.448,0,141.8
2136,46332.920,12.1079,12.0586,12.1786,27,0,0,2371,59.6516,14.5,87.8,49.76,2.62,38.8235,41.1765,289.675,14.2196,15.515,6.3129,1,10,0,0,6,74.902,0,0,8.448,0,141.8
2137,46332.960,12.0228,12.0586,12.1786,27,0,0,2377,60.273,14.5,87.8,49.76,2.6,38.8235,40.7843,289.736,14.2196,15.515,6.3129,1,10,0,0,6,74.902,0,0,8.448,0,141.8
2138,46333.000,12.0228,12.0586,12.2132,27,0,0,2381.5,60.273,15,87.8,49.65,2.58,38.8235,40.7843,289.914,14.2196,15.515,6.3598,1,10,0,0,7,74.902,0,0,8.448,0,141.8
2139,46333.040,12.191,12.0586,12.2132,27,0,0,2377,60.273,14.5,87.8,50.42,2.6,38.8235,41.1765,290.133,14.2196,15.515,6.3598,1,10,0,0,7,74.902,0,0,8.192,0,141.8
2140,46333.080,12.1485,12.0586,12.273,27,0,0,2373.5,60.273,15,87.8,50.1,2.62,39.2157,41.1765,290.597,14.2196,15.515,6.3522,1,10,0,0,7,74.902,0,0,8.192,0,141.8
2141,46333.120,12.1485,12.1734,12.3031,27,0,0,2380.5,60.273,14,87.8,49.87,2.62,39.2157,41.1765,290.594,14.2196,15.515,6.3924,1,10,0,0,8,74.902,0,0,8.192,0,141.8
2142,46333.160,12.2761,12.1734,12.3031,27,0,0,2395,60.273,14.5,87.8,49.97,2.6,38.8235,41.1765,290.655,14.2196,15.515,6.3924,1,10,0,0,8,74.902,0,0,8.192,0,141.8
2143,46333.200,12.5275,12.1734,12.3586,27,0,0,2388.75,60.273,15,87.8,50.08,2.6,38.8235,41.1765,290.714,14.2196,15.66,6.35367,1,10,0,0,8,74.902,0,0,8.192,0,141.8
2144,46333.240,13.4559,12.2883,12.3789,27,0,0,2385.25,60.273,14.5,87.8,50.08,2.6,38.8235,41.1765,290.89,14.2196,15.66,6.41515,1,10,0,0,8,74.902,0,0,8.192,0,143.6
2145,46333.280,13.3708,12.2883,12.3789,27,0,0,2381.75,60.273,15,87.8,50.68,2.62,38.8235,41.1765,291.163,14.2196,15.66,6.41515,1,10,0,0,8,74.902,0,0,8.192,0,143.6
2146,46333.320,13.0768,12.2883,12.4455,27,0,0,2392.75,60.273,14.5,87.8,49.54,2.62,38.8235,41.1765,291.135,14.2196,15.66,6.32196,1,10,0,0,9,74.902,0,0,8.192,0,143.6
2147,46333.360,13.2451,12.2883,12.4403,27,0,0,2394.75,60.273,14.5,87.8,50.08,2.62,38.8235,41.1765,291.47,14.2196,15.66,6.32196,1,10,0,0,9,74.902,0,0,8.192,0,143.6
2148,46333.400,13.2451,12.2883,12.4403,27,0,0,2394.75,60.273,15,87.8,49.87,2.6,38.8235,41.1765,291.562,14.2196,15.66,6.46715,1,10,0,0,9,74.902,0,0,8.192,0,143.6
2149,46333.440,13.4559,12.4031,12.4764,27,0,0,2385,60.273,14.5,87.8,50.53,2.6,38.8235,41.1765,291.912,14.2196,15.66,6.54631,1,10,0,0,9,74.902,0,0,8.192,0,143.6
2150,46333.480,13.3708,12.4031,12.4764,27,0,0,2383.5,60.273,14.5,87.8,50.86,2.62,38.8235,41.1765,291.746,14.2196,15.66,6.54631,1,10,0,0,9,74.902,0,0,8.192,0,143.6
2151,46333.520,13.2876,12.4031,12.5336,27,0,0,2398.5,60.273,14.5,87.8,50.68,2.62,38.8235,40.7843,291.761,14.2196,15.66,6.39106,1,10,0,0,10,74.902,0,0,8.192,0,143.6
2152,46333.560,13.4559,12.4031,12.5231,27,0,0,2402.5,60.273,15,87.8,51.12,2.64,38.4314,40.7843,291.796,14.2196,15.66,6.53591,1,10,0,0,10,74.902,0,0,8.192,0,143.6
2153,46333.600,13.3708,12.4031,12.5231,27,0,0,2403.25,60.273,15,87.8,50.68,2.62,38.4314,40.7843,291.782,14.2196,15.66,6.53591,1,10,0,0,10,74.902,0,0,8.192,0,143.6
2154,46333.640,13.3708,12.4031,12.5492,27,0,0,2385.25,60.273,15,87.8,51.27,2.62,38.4314,40.7843,292.059,14.2196,15.66,6.553,1,10,0,0,10,74.902,0,0,8.192,0,143.6
2155,46333.680,13.4559,12.518,12.5754,27,0,0,2403,60.273,14.5,87.8,50.31,2.62,38.4314,40.7843,292.238,14.2196,15.66,6.553,1,10,0,0,10,74.902,0,0,8.192,0,143.6
2156,46333.720,13.4133,12.4031,12.5754,27,0,0,2395.75,60.273,14.5,87.8,50.31,2.64,38.4314,40.7843,292.45,14.2196,15.66,6.55789,1,10,0,0,10,74.902,0,0,8.192,0,143.6
2157,46333.760,13.2876,12.518,12.6176,27,0,0,2406.5,60.8944,15,87.8,50.86,2.62,38.4314,40.7843,292.631,14.2196,15.805,6.47347,1,10,0,0,10,74.902,0,0,8.192,0,143.6
2158,46333.800,13.3282,12.518,12.6176,27,0,0,2413.5,60.8944,15,87.8,50.82,2.62,38.4314,40.7843,292.864,14.2196,15.805,6.47347,1,10,0,0,10,74.902,0,0,8.192,0,143.6
2159,46333.840,13.4984,12.518,12.6018,27,0,0,2392.25,60.8944,15,87.8,51.12,2.62,38.4314,40.7843,293.045,14.2196,15.805,6.74842,1,10,0,0,10,74.902,0,0,8.192,0,143.6
2160,46333.880,13.539,12.6328,12.6335,27,0,0,2427.75,60.8944,14.5,87.8,51.24,2.64,38.8235,40.7843,293.477,14.2196,15.805,6.63486,1,10,0,0,10,74.902,0,0,8.192,0,143.6
2161,46333.920,13.2451,12.6328,12.6335,27,0,0,2403,60.8944,14.5,87.8,51.54,2.64,38.8235,41.1765,293.533,14.2196,15.805,6.63486,1,10,0,0,10,74.902,0,0,8.192,0,143.6
2162,46333.960,13.3282,12.6328,12.6601,27,0,0,2406,60.8944,15,87.8,50.82,2.64,38.8235,41.1765,293.518,14.2196,15.805,6.55531,1,10,0,0,10,74.902,0,0,8.192,0,143.6
2163,46334.000,13.6241,12.6328,12.6601,27,0,0,2425.5,60.8944,15,87.8,51.24,2.62,38.8235,41.1765,293.563,14.2196,15.805,6.55531,1,10,0,0,10,74.902,0,0,8.192,0,143.6
2164,46334.040,13.4133,12.6328,12.6441,27,0,0,2392,60.8944,15,87.8,51.54,2.62,38.8235,41.1765,293.591,14.2196,15.805,6.96279,1,10,0,0,10,74.902,0,0,8.192,0,143.6
2165,46334.080,13.4559,12.6328,12.6707,28,0,0,2433.75,60.8944,14.5,87.8,51.1,2.64,38.8235,41.1765,293.608,14.2196,15.805,6.76597,1,10,0,0,10,74.902,0,0,8.192,0,143.6
2166,46334.120,13.4133,12.6328,12.6707,28,0,0,2409.5,60.8944,15,87.8,50.86,2.64,38.8235,41.1765,293.644,14.2196,15.805,6.76597,1,10,0,0,10,74.902,0,0,8.192,0,143.6
2167,46334.160,13.539,12.6328,12.6867,28,0,0,2412.25,60.8944,15,87.8,51.54,2.64,38.8235,41.1765,293.649,14.2196,15.805,6.81993,1,10,0,0,11,74.902,0,0,8.192,0,143.6
2168,46334.200,13.7073,12.6328,12.6867,28,0,0,2435,60.8944,14.5,87.8,51.84,2.62,38.8235,41.1765,293.714,14.2196,15.805,6.97841,1,10,0,0,11,74.902,0,0,8.192,0,143.6
2169,46334.240,13.7924,12.6328,12.6867,28,0,0,2399.25,60.8944,15,87.8,51.84,2.64,38.8235,41.1765,293.72,14.2196,15.805,6.97841,1,10,0,0,10,74.902,0,0,8.192,0,143.6
2170,46334.280,13.5816,12.6328,12.7028,28,0,0,2439.75,60.8944,14.5,87.8,51.54,2.66,38.8235,41.1765,294.099,14.2196,15.805,6.88438,1,10,0,0,11,74.902,0,0,8.192,0,143.6
2171,46334.320,13.7073,12.6328,12.7243,28,0,0,2417.25,61.5158,15,87.8,51.69,2.64,38.8235,41.1765,294.13,14.2196,15.805,6.88438,1,10,0,0,11,74.902,0,0,8.192,0,143.6
2172,46334.360,13.7924,12.6328,12.7243,28,0,0,2422.5,61.5158,14.5,87.8,51.54,2.62,38.8235,41.1765,294.149,14.2196,15.805,6.8619,1,10,0,0,11,74.902,0,0,8.192,0,143.6
2173,46334.400,13.7073,12.6328,12.7135,28,0,0,2434.25,61.5158,15,87.8,52.43,2.62,38.8235,41.1765,293.831,14.2196,15.95,6.81013,1,10,0,0,11,74.902,0,0,8.192,0,143.6
2174,46334.440,13.539,12.6328,12.7135,28,0,0,2420,61.5158,14.5,87.8,51.99,2.64,38.8235,41.1765,293.855,14.2196,15.95,6.81013,1,10,0,0,11,74.902,0,0,8.192,0,143.6
2175,46334.480,13.6241,12.6328,12.7189,28,0,0,2436,61.5158,15,87.8,51.84,2.66,38.8235,41.1765,293.889,14.2196,15.95,7.16625,1,10,0,0,11,74.902,0,0,8.192,0,143.6
2176,46334.520,13.6667,12.6328,12.7512,28,0,0,2427.75,61.5158,15,87.8,52.13,2.66,38.8235,41.1765,293.908,14.2196,15.95,6.89586,1,10,0,0,11,74.902,0,0,8.192,0,143.6
2177,46334.560,13.4984,12.7477,12.7512,28,0,0,2440.75,61.5158,14,87.8,52.28,2.64,38.8235,41.1765,294.302,14.2196,15.95,6.89586,1,10,0,0,11,74.902,0,0,8.192,0,143.6
2178,46334.600,13.5816,12.7477,12.7296,28,0,0,2431.5,61.5158,15,87.8,52.13,2.66,38.8235,41.1765,293.978,14.2196,15.95,7.26729,1,10,0,0,11,74.902,0,0,8.192,0,143.6
2179,46334.640,13.7073,12.6328,12.7296,28,0,0,2430,61.5158,14.5,87.8,52.73,2.66,38.8235,41.1765,293.996,14.2196,15.95,7.26729,1,10,0,0,11,74.902,0,0,8.192,0,143.6
2180,46334.680,13.4984,12.7477,12.7566,28,0,0,2422.5,61.5158,15,87.8,52.28,2.66,38.8235,41.1765,294.022,14.2196,15.95,7.05591,1,10,0,0,11,74.902,0,0,8.192,0,143.6
2181,46334.720,13.5816,12.7477,12.7458,28,0,0,2443.75,61.5158,14.5,87.8,52.43,2.66,38.8235,41.1765,294.048,14.2196,15.95,7.34806,1,10,0,0,11,74.902,0,0,8.192,0,143.6
2182,46334.760,13.539,12.6328,12.7458,28,0,0,2436,61.5158,14.5,87.8,51.99,2.64,38.8235,41.1765,294.066,14.2196,15.95,7.34806,1,10,0,0,12,74.902,0,0,8.192,0,143.6
2183,46334.800,13.4984,12.6328,12.7512,28,0,0,2456,61.5158,15,87.8,52.58,2.66,38.4314,41.1765,293.754,14.2196,15.95,7.38551,1,10,0,0,12,74.902,0,0,8.192,0,143.6
2184,46334.840,13.6667,12.6328,12.7837,28,0,0,2455.25,61.5158,15,87.8,52.43,2.64,38.4314,41.1765,293.766,14.2196,15.95,6.99583,1,10,0,0,12,74.902,0,0,8.192,0,143.6
2185,46334.880,12.866,12.6328,12.7837,28,0,0,2439.75,61.5158,14.5,87.8,53.02,2.66,38.4314,41.1765,293.808,14.2196,15.95,6.99583,1,10,0,0,11,74.902,0,0,8.192,0,143.6
2186,46334.920,12.5701,12.6328,12.7566,28,0,0,2446,61.5158,15,87.8,52.28,2.66,38.4314,40.7843,293.838,14.2196,15.95,7.43516,1,10,0,0,11,74.902,0,0,8.192,0,143.6
2187,46334.960,12.7809,12.6328,12.7566,28,0,0,2447.25,62.1371,14.5,87.8,52.73,2.66,38.8235,40.7843,294.201,14.2196,15.95,7.43516,1,10,0,0,12,74.902,0,0,8.192,0,143.6
2188,46335.000,12.7809,12.6328,12.7783,28,0,0,2441.25,62.1371,15,87.8,53.02,2.66,38.8235,41.1765,294.27,14.2196,15.95,7.34535,1,10,0,0,12,74.902,0,0,8.192,0,143.6
2189,46335.040,12.8234,12.6328,12.7783,28,0,0,2456.5,62.1371,15.5,87.8,52.88,2.64,38.4314,41.1765,293.923,14.2196,15.95,6.99733,1,10,0,0,12,74.902,0,0,8.192,0,143.6
2190,46335.080,12.6977,12.6328,12.7783,29,0,0,2461.75,62.1371,14.5,87.8,53.02,2.68,38.4314,41.1765,293.963,14.2196,15.95,6.99733,1,10,0,0,12,74.902,0,0,8.192,0,143.6
2191,46335.120,12.6977,12.6328,12.762,29,0,0,2448.25,62.1371,15,87.8,53.17,2.66,38.4314,41.1765,293.998,14.2196,15.95,7.63447,1,10,0,0,12,74.902,0,0,8.192,0,143.6
2192,46335.160,12.866,12.6328,12.7783,29,0,0,2475.25,62.1371,14.5,87.8,53.47,2.66,38.0392,41.1765,293.644,14.2196,15.95,7.45176,1,10,0,0,12,74.902,0,0,8.192,0,143.6
2193,46335.200,12.7809,12.6328,12.7783,29,0,0,2448.5,62.1371,15,87.8,52.88,2.66,38.0392,40.7843,293.335,14.2196,15.95,7.45176,1,10,0,0,12,74.902,0,0,8.192,0,143.6
2194,46335.240,12.9085,12.6328,12.7946,29,0,0,2460.75,62.1371,15.5,87.8,53.02,2.66,38.0392,40.7843,293.315,14.2196,15.95,7.2744,1,10,0,0,12,74.902,0,0,8.192,0,143.6
2195,46335.280,12.866,12.6328,12.7783,29,0,0,2473.75,62.1371,15,87.8,53.02,2.66,38.0392,40.7843,293.367,14.2196,15.95,7.2744,1,10,0,0,12,74.902,0,0,8.192,0,143.6
2196,46335.320,12.7809,12.6328,12.7783,29,0,0,2444,62.1371,15,87.8,53.47,2.66,37.6471,40.7843,293.039,14.2196,15.95,7.70405,1,10,0,0,12,74.902,0,0,8.192,0,143.6
2197,46335.360,12.6126,12.6328,12.7891,29,0,0,2481,62.1371,14.5,87.8,53.17,2.66,37.6471,40.3922,292.704,14.2196,15.95,7.53425,1,10,0,0,12,74.902,0,0,8.192,0,143.6
2198,46335.400,12.7384,12.6328,12.7891,29,0,0,2464.5,62.1371,15,87.8,52.88,2.66,37.2549,40.3922,292.397,14.2196,15.95,7.53425,1,10,0,0,12,74.902,0,0,8.192,0,143.6
2199,46335.440,12.7384,12.6328,12.8,29,0,0,2466.25,62.1371,14.5,87.8,52.73,2.66,36.8627,40,292.028,14.2196,15.95,7.46449,1,10,0,0,12,74.902,0,0,8.192,0,143.6
2200,46335.480,12.6977,12.6328,12.7946,29,0,0,2481.75,62.1371,15,87.8,53.32,2.66,36.8627,40,291.598,14.2196,15.95,7.50971,1,10,0,0,12,74.902,0,0,8.192,0,143.6
2201,46335.520,12.866,12.6328,12.7946,29,0,0,2457.5,62.7585,15,87.8,53.17,2.66,36.8627,40,291.621,14.2196,15.95,7.50971,1,10,0,0,12,74.902,0,0,8.192,0,143.6
2202,46335.560,12.7384,12.6328,12.7946,29,0,0,2466.5,62.7585,15,87.8,53.62,2.66,36.8627,40,292.134,14.2196,15.95,7.58792,1,10,0,0,12,74.902,0,0,8.192,0,143.6
2203,46335.600,12.8234,12.6328,12.8,29,0,0,2474.25,62.7585,15,87.8,53.02,2.68,36.8627,40,291.696,14.2196,15.95,7.58792,1,10,0,0,12,74.902,0,0,8.192,0,143.6
2204,46335.640,12.6126,12.6328,12.8,29,0,0,2483.5,62.7585,14.5,87.8,52.73,2.66,36.8627,40,292.199,14.2196,15.95,7.58565,1,10,0,0,12,74.902,0,0,8.192,0,145.4
2205,46335.680,12.7384,12.6328,12.8218,29,0,0,2484,62.7585,15.5,87.8,53.17,2.66,36.8627,40,291.757,14.2196,15.95,7.4432,1,10,0,0,12,74.902,0,0,8.192,0,145.4
2206,46335.720,12.7384,12.6328,12.8218,29,0,0,2480.25,62.7585,15,87.8,53.32,2.66,36.0784,40,290.369,14.2196,16.095,7.4432,1,10,0,0,12,74.902,0,0,8.192,0,145.4
2207,46335.760,12.6552,12.6328,12.7946,29,0,0,2474,62.7585,15,87.8,53.91,2.68,34.1176,39.2157,287.085,14.2196,16.095,7.53285,1,10,0,0,12,74.902,0,0,8.192,0,145.4
2208,46335.800,12.866,12.6328,12.8,29,0,0,2486.75,62.7585,15,87.8,52.43,2.66,32.549,37.6471,283.825,14.2196,16.095,7.1563,1,10,0,0,12,74.902,0,0,8.192,0,145.4
2209,46335.840,12.9492,12.6328,12.8,29,0,0,2491.5,62.7585,15,87.8,51.99,2.64,32.1569,36.8627,283.377,14.2196,15.95,7.1563,1,10,0,0,12,74.902,0,0,8.192,0,145.4
2210,46335.880,12.7384,12.6328,12.8273,29,0,0,2485,62.7585,15,87.8,51.99,2.64,32.9412,36.4706,284.834,14.2196,15.95,7.09782,1,10,0,0,12,74.902,0,0,7.936,0,145.4
2211,46335.920,12.6977,12.6328,12.8547,29,0,0,2490.75,62.7585,15,87.8,52.43,2.66,34.1176,37.2549,286.726,14.2196,15.95,7.09782,1,10,0,0,12,74.902,0,0,7.936,0,145.4
2212,46335.960,12.6552,12.6328,12.8547,29,0,0,2508.75,62.7585,15,87.8,53.17,2.66,34.1176,38.0392,287.233,14.2196,15.95,7.40745,1,10,0,0,12,74.902,0,0,8.192,0,145.4
2213,46336.000,12.6977,12.6328,12.8492,29,0,0,2480.5,62.7585,15,87.8,53.32,2.66,34.1176,38.0392,287.297,14.2196,15.95,7.52498,1,10,0,0,12,74.902,0,0,8.192,0,145.4
2214,46336.040,12.7809,12.6328,12.8492,29,0,0,2502.5,62.7585,15,87.8,53.17,2.68,34.1176,38.0392,287.322,14.2196,15.95,7.52498,1,10,0,0,12,74.902,0,0,8.192,0,145.4
2215,46336.080,12.8234,12.6328,12.8492,29,0,0,2499.5,62.7585,15.5,87.8,53.17,2.66,33.7255,38.0392,286.429,14.2196,15.95,7.50902,1,10,0,0,12,74.902,0,0,8.192,0,145.4
2216,46336.120,12.8234,12.7477,12.8382,30,0,0,2489.25,62.7585,15,87.8,53.02,2.66,32.549,37.6471,284.575,14.2196,15.95,7.33583,1,10,0,0,12,74.902,0,0,8.192,0,145.4
2217,46336.160,12.8234,12.7477,12.8382,30,0,0,2511.25,63.3799,15,87.8,52.58,2.66,32.549,36.8627,284.611,14.2196,15.95,7.33583,1,10,0,0,12,74.902,0,0,8.192,0,145.4
2218,46336.200,12.7809,12.7477,12.8492,30,0,0,2507.25,63.3799,15,87.8,52.58,2.64,32.9412,36.8627,285.091,14.2196,15.95,7.31858,1,10,0,0,12,74.902,0,0,7.936,0,145.4
2219,46336.240,13.5816,12.6328,12.8437,30,0,0,2501.25,63.3799,15,87.8,52.88,2.66,32.1569,36.8627,283.73,14.2196,15.95,7.31858,1,10,0,0,12,74.902,0,0,8.192,0,145.4
2220,46336.280,13.5816,12.6328,12.8437,30,0,0,2507,63.3799,15.5,87.8,52.73,2.66,31.7647,36.8627,282.824,14.2196,15.95,7.26119,1,10,0,0,12,74.902,0,0,8.192,0,145.4
2221,46336.320,13.4133,12.6328,12.8163,30,0,0,2508,63.3799,15,87.8,52.73,2.66,31.3725,36.4706,282.402,14.2196,15.805,7.37936,1,10,0,0,12,74.902,0,0,7.936,0,145.4
2222,46336.360,13.3282,12.6328,12.8163,30,0,0,2500,63.3799,15,87.8,52.58,2.64,31.3725,36.0784,282.4,14.2196,15.805,7.37936,1,10,0,0,12,74.902,0,0,7.936,0,145.4
2223,46336.400,13.4984,12.6328,12.8163,30,0,0,2536.25,63.3799,15,87.8,52.88,2.66,31.3725,36.0784,282.474,14.2196,15.805,7.40227,1,10,0,0,12,74.902,0,0,8.192,0,145.4
2224,46336.440,13.5816,12.518,12.8711,30,0,0,2501.25,63.3799,15.5,87.8,52.58,2.66,29.8039,35.6863,276.656,14.2196,15.805,6.62138,1,10,0,0,12,74.902,0,0,7.936,0,145.4
2225,46336.480,13.3282,12.518,12.8711,30,0,0,2518,63.3799,14.5,87.8,51.99,2.64,29.4118,34.1176,274.268,14.2196,15.805,6.62138,1,10,0,0,12,74.902,0,0,7.936,0,145.4
2226,46336.520,13.3708,12.518,12.7946,30,0,0,2513.25,63.3799,15,87.8,51.84,2.62,29.4118,33.3333,274.326,14.2196,15.805,6.83856,1,10,0,0,11,74.902,0,0,7.936,0,145.4
2227,46336.560,13.4559,12.518,12.7946,30,0,0,2520.5,63.3799,15,87.8,50.95,2.62,28.6275,33.3333,270.731,14.2196,15.66,6.83856,1,10,0,0,11,74.902,0,0,7.936,0,145.4
2228,46336.600,13.0768,12.518,12.9654,30,0,0,2516.5,63.3799,15,87.8,50.46,2.62,27.451,32.549,265.958,14.2196,15.66,6.47435,1,10,0,0,12,74.902,0,0,7.68,0,145.4
2229,46336.640,13.4133,12.4031,13.0271,30,0,0,2523,63.3799,15.5,87.8,50.68,2.62,26.6667,31.7647,261.174,14.2196,15.515,5.86851,1,10,0,0,12,74.902,0,0,7.68,0,145.4
2230,46336.680,13.3282,12.4031,13.0271,30,0,0,2521.75,63.3799,15.5,87.8,50.08,2.6,25.4902,30.9804,256.379,14.2196,15.37,5.86851,1,10,0,0,12,74.902,0,0,7.68,0,145.4
2231,46336.720,13.3708,12.518,13.078,30,0,0,2521.25,64.0012,15,87.8,49.65,2.6,24.7059,30.1961,248.047,14.2196,15.225,5.50656,1,10,0,0,11,74.902,0,0,7.68,0,145.4
2232,46336.760,13.3708,12.518,13.1869,30,0,0,2501.5,64.0012,15.5,87.8,49.12,2.58,23.1373,29.0196,232.742,14.2196,15.08,4.23388,1,10,0,0,11,74.902,0,0,7.424,0,145.4
2233,46336.800,13.3282,12.4031,13.1869,30,0,0,2535.5,64.0012,15,87.8,48.04,2.56,22.3529,27.8431,223.552,14.2196,14.79,4.23388,1,10,0,0,11,74.902,0,0,7.424,0,145.4
2234,46336.840,13.2876,12.4031,13.728,30,0,0,2514.5,64.0012,15,87.8,47.02,2.54,21.9608,27.0588,217.425,14.2196,14.5,3.47136,1,10,0,0,12,74.902,0,0,6.912,0,145.4
2235,46336.880,13.3708,12.2883,13.728,30,0,0,2519.75,64.0012,15,87.8,46.64,2.54,20.7843,26.6667,205.169,14.2196,14.21,3.47136,1,10,0,0,12,74.902,0,0,6.912,0,145.4
2236,46336.920,13.1174,12.2883,13.6224,30,0,0,2531.75,64.0012,15.5,87.8,46.26,2.52,19.6078,25.8824,189.841,14.2196,14.065,2.70861,1,10,0,0,11,74.902,0,0,6.912,0,145.4
2237,46336.960,13.2451,12.2883,13.6844,30,0,0,2519.5,64.0012,15,87.8,45.76,2.5,18.8235,25.098,180.637,14.2196,13.775,1.35899,1,10,0,0,11,74.902,0,0,6.656,0,145.4
2238,46337.000,13.1174,12.2883,13.6844,30,0,0,2510.75,64.0012,15.5,87.8,43.85,2.46,18.0392,24.3137,171.434,14.2196,13.485,1.35899,1,10,0,0,11,74.902,0,0,6.4,0,145.4
2239,46337.040,13.0768,12.1734,14.3977,30,0,0,2540,64.0012,15.5,87.8,42.97,2.44,16.8627,23.5294,159.151,14.2196,13.195,.30065,1,10,0,0,11,74.902,0,0,6.144,0,145.4
2240,46337.080,13.2025,12.1734,14.8743,30,0,0,2514.5,64.0012,15.5,87.8,40.91,2.42,16.4706,22.7451,153.004,14.2196,12.905,-1.015,1,10,0,0,11,74.902,0,0,6.144,0,145.4
2241,46337.120,13.0343,12.0586,14.8743,30,0,0,2532.25,64.0012,15.5,87.8,38.33,2.4,16.4706,21.9608,152.667,14.2196,12.47,-1.015,1,10,0,0,11,74.902,0,0,5.632,0,145.4
2242,46337.160,12.9492,12.0586,15.4546,30,0,0,2532,64.0012,16,87.8,38.11,2.4,16.8627,22.3529,158.863,14.2196,12.18,-.795647,1,10,0,0,11,74.902,0,0,5.376,0,145.4
2243,46337.200,13.0768,12.1734,15.6312,30,-3.125,0,2537.25,64.0012,16,87.8,39.83,2.42,17.2549,22.7451,162.176,14.2196,12.035,-.795647,1,10,0,0,11,74.902,0,0,5.12,0,145.4
2244,46337.240,13.16,12.4031,15.6312,30,-6.25,0,2529,64.0012,16,87.8,40.69,2.44,17.6471,23.1373,165.11,14.2196,11.89,-.229477,1,10,0,0,11,74.902,0,0,5.12,0,147.2
2245,46337.280,13.4984,12.6328,15.2356,31,-7.03125,0,2527,64.0012,16,87.8,41.55,2.46,17.6471,23.1373,165.151,14.2196,11.89,.0270247,1,8,0,0,11,74.902,0,0,5.12,0,147.2
2246,46337.320,13.9606,12.9773,15.2356,31,-7.8125,0,2547.25,64.0012,15.5,87.8,41.12,2.44,17.6471,23.5294,165.335,14.2196,12.035,.0270247,1,8,0,0,11,74.902,0,0,5.12,0,147.2
2247,46337.360,14.2972,13.4367,14.9111,31,-7.8125,0,2517.5,64.0012,16,87.8,41.76,2.44,17.6471,23.5294,165.238,14.2196,12.035,.037989,1,8,0,0,12,74.902,0,0,5.12,0,147.2
2248,46337.400,15.0572,13.8961,14.8743,31,-7.8125,0,2550,64.0012,15.5,87.8,42.16,2.44,17.6471,23.5294,168.286,14.2196,12.035,.294032,1,8,0,0,12,74.902,0,0,5.12,0,147.2
2249,46337.440,15.3086,14.2406,14.8743,31,-7.03125,0,2528.75,64.0012,16.5,87.8,42.28,2.46,17.6471,23.5294,168.268,14.2196,12.035,.294032,1,8,0,0,12,74.902,0,0,5.376,0,147.2
2250,46337.480,14.8039,14.3555,14.5719,31,0,0,2516.25,64.0012,15.5,87.8,42.46,2.46,17.6471,23.5294,168.271,14.2196,12.035,.292623,1,8,0,0,12,74.902,0,0,5.632,0,147.2
2251,46337.520,14.7188,14.4703,14.5227,31,0,0,2526.75,64.0012,15.5,87.8,42.16,2.46,17.6471,23.5294,168.261,14.2196,12.035,.291925,1,8,0,0,12,74.902,0,0,5.632,0,147.2
2252,46337.560,14.5505,14.4703,14.5227,31,0,0,2532.75,64.0012,16,87.8,41.55,2.44,17.6471,23.5294,168.247,14.2196,12.035,.291925,1,8,0,0,12,74.902,0,0,5.888,0,147.2
2253,46337.600,14.2565,14.2406,14.3087,31,0,0,2536.5,64.0012,15.5,87.8,41.76,2.44,17.6471,23.5294,168.245,14.2196,12.035,.290868,1,8,0,0,13,74.902,0,0,5.888,0,147.2
2254,46337.640,14.0883,14.0109,14.3087,31,0,0,2526.25,64.0012,15.5,87.8,41.55,2.44,17.6471,23.5294,168.24,14.2196,12.035,.290868,1,8,0,0,13,74.902,0,0,5.632,0,147.2
2255,46337.680,13.7924,13.8961,14.6002,31,-.78125,0,2546.75,64.0012,16,87.8,41.12,2.44,17.6471,23.5294,165.153,14.2196,11.89,.29036,1,8,0,0,13,74.902,0,0,5.632,0,147.2
2256,46337.720,13.8349,13.7813,14.4046,31,-3.125,0,2548.75,64.0012,16,87.8,41.33,2.44,17.6471,23.5294,165.161,14.2196,11.89,.0265692,1,8,0,0,13,74.902,0,0,5.632,0,147.2
2257,46337.760,13.6667,13.7813,14.4046,31,-3.90625,0,2521.75,64.0012,15.5,87.8,41.33,2.44,17.6471,23.1373,165.143,14.2196,11.89,.0265692,1,8,0,0,12,74.902,0,0,5.632,0,147.2
2258,46337.800,13.8349,13.7813,14.4115,31,-3.90625,0,2542.25,64.0012,16,87.8,41.12,2.44,17.2549,23.1373,162.076,14.2196,11.89,.0252591,1,8,0,0,13,74.902,0,0,5.376,0,147.2
2259,46337.840,13.9181,13.7813,14.4115,31,-5.46875,0,2532.75,64.0012,16,87.8,40.48,2.44,17.2549,23.1373,162.069,14.2196,11.89,.0252591,1,8,0,0,13,74.902,0,0,5.376,0,147.2
2260,46337.880,13.8775,13.8961,14.4115,31,-5.46875,0,2531.75,64.0012,15.5,87.8,40.26,2.4,16.8627,22.7451,155.925,14.2196,11.745,-.238132,1,8,0,0,13,74.902,0,0,5.376,0,147.2
2261,46337.920,14.0883,13.8961,14.586,31,-6.25,0,2536.5,64.0012,16,87.8,38.97,2.4,16.4706,22.3529,150.191,14.2196,11.745,-.99631,1,8,0,0,13,74.902,0,0,5.12,0,147.2
2262,46337.960,14.0883,14.0109,14.586,31,-7.03125,0,2533,64.0012,16,87.8,37.9,2.4,16.0784,21.9608,147.543,14.2196,11.455,-.99631,1,8,0,0,13,74.902,0,0,5.12,0,147.2
2263,46338.000,14.1289,14.0109,14.7866,31,-7.03125,0,2531,64.0012,16,87.8,36.46,2.38,16.0784,21.9608,147.562,14.2196,11.455,-1.4819,1,8,0,0,13,74.902,0,0,4.864,0,147.2
2264,46338.040,14.2972,14.1258,14.8964,31,-7.8125,0,2532.25,64.0012,16.5,87.8,36.2,2.36,16.4706,21.9608,152.81,14.2196,11.165,-1.26513,1,8,0,0,13,74.902,0,0,4.864,0,147.2
2265,46338.080,14.3823,14.2406,14.8964,31,-7.8125,0,2552.5,64.0012,17,87.8,36.2,2.38,16.8627,21.9608,155.691,14.2196,11.165,-1.26513,1,8,0,0,13,74.902,0,0,4.864,0,147.2
2266,46338.120,14.4248,14.3555,14.8817,31,-7.8125,0,2524.25,64.0012,17,87.8,37.68,2.4,16.8627,22.7451,159.176,14.2196,11.165,-.747131,1,8,0,0,13,74.902,0,0,4.864,0,147.2
2267,46338.160,14.7188,14.4703,14.6642,31,-7.03125,0,2550,64.0012,17,87.8,39.19,2.42,16.8627,22.7451,158.615,14.2196,11.165,-.747131,1,8,0,0,14,74.902,0,0,4.864,0,147.2
2268,46338.200,14.7613,14.5852,14.6642,31,-6.25,0,2530,64.0012,16.5,87.8,39.62,2.42,16.8627,22.7451,156.005,14.2196,11.165,-.533556,1,8,0,0,14,74.902,0,0,4.864,0,147.2
2269,46338.240,14.9296,14.8148,14.4391,31,-5.46875,0,2555.25,64.0012,16.5,87.8,39.62,2.42,16.4706,22.7451,152.817,14.2196,11.165,-.774515,1,8,0,0,14,74.902,0,0,5.12,0,147.2
2270,46338.280,15.2255,14.9297,14.4391,31,-4.6875,0,2516.25,64.0012,16.5,87.8,38.33,2.4,16.0784,21.9608,147.737,14.2196,11.165,-.774515,1,8,0,0,14,74.902,0,0,5.12,0,147.2
2271,46338.320,15.268,14.9297,14.4322,31,-4.6875,0,2536.5,64.0012,16.5,87.8,36.86,2.36,15.6863,21.5686,142.039,14.2196,11.165,-1.46506,1,8,0,0,14,74.902,0,0,5.12,0,147.2
2272,46338.360,15.0978,14.8148,14.4391,31,-4.6875,0,2554,64.0012,17,87.8,35.84,2.34,14.902,21.1765,136.512,14.2196,11.165,-2.42627,1,8,0,0,15,74.902,0,0,5.12,0,147.2
2273,46338.400,14.6356,14.5852,14.4391,31,-4.6875,0,2506,64.0012,17.5,87.8,35.12,2.34,14.1176,20.7843,129.167,14.2196,11.02,-2.42627,1,8,0,0,15,74.902,0,0,4.864,0,147.2
2274,46338.440,15.2255,14.4703,14.7721,31,-5.46875,0,2565.5,64.0012,17.5,87.8,34.85,2.32,14.5098,20.3922,130.799,14.2196,10.73,-3.09482,1,8,0,0,15,74.902,0,0,4.864,0,147.2
2275,46338.480,15.3512,14.3555,15.0905,31,-6.25,0,2530.5,64.0012,18,87.8,34.05,2.32,14.902,20.3922,134.092,14.2196,10.44,-3.09482,1,8,0,0,15,74.902,0,0,4.608,0,147.2
2276,46338.520,15.2255,14.2406,15.0905,31,-6.25,0,2528.5,64.0012,18,87.8,34.41,2.32,14.902,20.7843,136.799,14.2196,10.295,-2.63345,1,8,0,0,15,74.902,0,0,4.608,0,147.2
2277,46338.560,15.268,14.2406,15.0603,31,-6.25,0,2540,64.0012,18.5,87.8,34.59,2.34,15.6863,21.1765,144.382,14.2196,10.295,-1.96746,1,8,0,0,15,74.902,0,0,4.608,0,147.2
2278,46338.600,15.1829,14.3555,15.0603,31,-6.25,0,2532.5,64.0012,18.5,87.8,35.39,2.36,16.4706,21.9608,150.127,14.2196,10.295,-1.96746,1,8,0,0,16,74.902,0,0,4.608,0,147.2
2279,46338.640,15.4769,14.4703,14.8523,31,-6.25,0,2534.25,64.0012,18,87.8,36.73,2.38,16.4706,22.3529,152.832,14.2196,10.295,-1.26016,1,8,0,0,16,74.902,0,0,4.608,0,147.2
2280,46338.680,15.6877,14.7,14.4599,31,-5.46875,0,2530.25,64.0012,18,87.8,38.11,2.4,16.4706,22.3529,152.609,14.2196,10.44,-1.04757,1,8,0,0,16,74.902,0,0,4.864,0,147.2
2281,46338.720,15.6045,14.8148,14.4599,31,-4.6875,0,2543,64.0012,17.5,87.8,38.33,2.4,15.6863,22.3529,144.589,14.2196,10.44,-1.04757,1,8,0,0,16,74.902,0,0,4.864,0,147.2
2282,46338.760,15.8153,14.9297,14.453,31,-3.90625,0,2522.5,64.0012,17.5,87.8,36.95,2.38,14.902,21.5686,136.889,14.2196,10.585,-1.9568,1,8,0,0,16,74.902,0,0,4.864,0,147.2
2283,46338.800,16.0668,15.0445,14.453,31,-2.34375,0,2520.75,64.0012,17.5,87.8,34.85,2.32,14.5098,20.3922,131.564,14.2196,10.585,-2.84966,1,8,0,0,16,74.902,0,0,4.864,0,147.2
2284,46338.840,16.1944,15.0445,14.453,31,-2.34375,0,2538.5,64.0012,18,87.8,33.96,2.3,14.5098,20.3922,131.254,14.2196,10.585,-2.84966,1,8,0,0,16,74.902,0,0,4.864,0,147.2
2285,46338.880,15.856,14.7,14.4599,31,-3.125,0,2533.25,64.0012,18.5,87.8,33.42,2.3,14.902,20.3922,134.347,14.2196,10.44,-2.85671,1,8,0,0,16,74.902,0,0,4.864,0,147.2
2286,46338.920,15.2255,14.4703,14.4599,31,-3.90625,0,2528.5,64.0012,18.5,87.8,34.23,2.32,14.902,20.7843,136.784,14.2196,10.44,-2.85671,1,8,0,0,17,74.902,0,0,4.608,0,147.2
2287,46338.960,14.9721,14.2406,14.4669,31,-4.6875,0,2528.75,64.0012,18.5,87.8,34.59,2.34,14.902,20.7843,136.778,14.2196,10.295,-2.40262,1,8,0,0,17,74.902,0,0,4.608,0,147.2
2288,46339.000,14.887,14.1258,14.6642,31,-5.46875,0,2539.75,64.0012,18.5,87.8,34.94,2.34,15.6863,21.1765,142.116,14.2196,10.295,-2.17544,1,8,0,0,17,74.902,0,0,4.608,0,147.2
2289,46339.040,14.6782,14.1258,14.6642,31,-5.46875,0,2525.25,64.0012,18.5,87.8,35.48,2.34,15.6863,21.1765,144.872,14.2196,10.295,-2.17544,1,8,0,0,16,74.902,0,0,4.608,0,147.2
2290,46339.080,14.887,14.3555,14.4669,31,-5.46875,0,2542.75,64.0012,18.5,87.8,35.66,2.36,15.6863,21.9608,144.584,14.2196,10.295,-1.71886,1,8,0,0,17,74.902,0,0,4.608,0,147.2
2291,46339.120,15.0978,14.4703,14.4669,31,-4.6875,0,2526.5,64.0012,18,87.8,35.91,2.36,14.902,21.5686,136.815,14.2196,10.295,-2.39988,1,8,0,0,17,74.902,0,0,4.864,0,147.2
2292,46339.160,15.268,14.7,14.4669,31,-3.90625,0,2535,64.0012,18,87.8,35.55,2.34,14.902,21.1765,133.988,14.2196,10.295,-2.39988,1,8,0,0,17,74.902,0,0,4.864,0,147.2
2293,46339.200,15.562,14.7,14.4669,31,-3.90625,0,2511.25,64.0012,18,87.8,34.92,2.34,14.902,20.7843,134.188,14.2196,10.295,-2.63381,1,8,0,0,17,74.902,0,0,4.864,0,147.2
2294,46339.240,15.562,14.8148,14.4669,31,-3.125,0,2542.25,64.0012,18.5,87.8,34.56,2.32,14.902,20.7843,133.86,14.2196,10.295,-2.63381,1,8,0,0,17,74.902,0,0,4.864,0,147.2
2295,46339.280,15.6045,14.7,14.4669,31,-3.125,0,2506,64.0012,18.5,87.8,34.38,2.32,14.902,20.7843,137.161,14.2196,10.295,-2.42318,1,8,0,0,17,74.902,0,0,4.864,0,147.2
2296,46339.320,15.6471,14.5852,14.4669,31,-3.125,0,2532.25,64.0012,18.5,87.8,34.47,2.32,14.902,20.7843,136.365,14.2196,10.295,-2.4383,1,8,0,0,17,74.902,0,0,4.608,0,147.2
2297,46339.360,15.4769,14.4703,14.4669,31,-3.90625,0,2528,64.0012,18.5,87.8,34.83,2.32,14.902,20.7843,136.784,14.2196,10.295,-2.4383,1,8,0,0,17,74.902,0,0,4.608,0,147.2
2298,46339.400,15.3937,14.3555,14.4669,31,-3.90625,0,2522.75,64.0012,18.5,87.8,34.47,2.32,14.902,20.7843,136.873,14.2196,10.295,-2.38701,1,8,0,0,17,74.902,0,0,4.608,0,147.2
2299,46339.440,15.4363,14.3555,14.4669,31,-3.90625,0,2522.75,64.0012,18.5,87.8,34.92,2.34,14.902,20.7843,136.871,14.2196,10.295,-2.38701,1,8,0,0,17,74.902,0,0,4.608,0,147.2
2300,46339.480,15.2255,14.4703,14.4669,31,-3.90625,0,2535.75,64.0012,18.5,87.8,34.47,2.32,14.902,20.7843,133.971,14.2196,10.295,-2.39484,1,8,0,0,17,74.902,0,0,4.608,0,147.2
2301,46339.520,15.3512,14.4703,14.4669,31,-3.90625,0,2526.25,64.0012,18.5,87.8,34.74,2.32,14.902,20.7843,134.276,14.2196,10.295,-2.64377,1,8,0,0,17,74.902,0,0,4.608,0,147.2
2302,46339.560,15.268,14.4703,14.4669,31,-3.90625,0,2524.75,64.0012,18.5,87.8,34.56,2.32,14.902,20.7843,134.158,14.2196,10.295,-2.64377,1,8,0,0,17,74.902,0,0,4.608,0,147.2
2303,46339.600,15.3937,14.4703,14.4669,31,-3.90625,0,2527.25,64.0012,18.5,87.8,34.74,2.32,14.902,20.7843,134.116,14.2196,10.295,-2.62717,1,8,0,0,17,74.902,0,0,4.608,0,147.2
2304,46339.640,15.4769,14.4703,14.4669,31,-3.90625,0,2531,64.0012,18.5,87.8,34.47,2.32,14.5098,20.7843,131.595,14.2196,10.15,-2.84657,1,8,0,0,17,74.902,0,0,4.608,0,149
2305,46339.680,15.268,14.4703,14.4669,31,-3.90625,0,2516.25,64.0012,18.5,87.8,34.38,2.32,14.5098,20.3922,131.626,14.2196,10.15,-2.84657,1,8,0,0,17,74.902,0,0,4.608,0,149
2306,46339.720,15.3512,14.4703,14.4738,31,-3.90625,0,2527.5,64.0012,18.5,87.8,34.03,2.3,14.1176,20.3922,128.749,14.2196,10.15,-2.86183,1,8,0,0,18,74.902,0,0,4.608,0,149
2307,46339.760,15.3512,14.4703,14.6286,31,-4.6875,0,2534.5,64.0012,18.5,87.8,33.49,2.3,14.5098,20.3922,131.588,14.2196,10.005,-2.86183,1,8,0,0,18,74.902,0,0,4.608,0,149
2308,46339.800,14.4248,14.4703,14.6286,31,-4.6875,0,2512.25,64.0012,18.5,87.8,33.76,2.3,14.5098,20.3922,131.694,14.2196,10.005,-2.84706,1,8,0,0,17,74.902,0,0,4.608,0,149
2309,46339.840,14.508,14.3555,14.6215,31,-4.6875,0,2530,64.0012,19,87.8,33.94,2.3,14.5098,20.3922,131.386,14.2196,10.005,-2.83013,1,8,0,0,17,74.902,0,0,4.608,0,149
2310,46339.880,14.508,14.3555,14.6215,31,-4.6875,0,2527,64.0012,19,87.8,34,2.3,14.5098,20.7843,131.434,14.2196,10.005,-2.83013,1,8,0,0,17,74.902,0,0,4.608,0,149
2311,46339.920,14.5931,14.4703,14.6357,31,-4.6875,0,2514.75,64.0012,18.5,87.8,34.45,2.32,14.5098,20.7843,131.648,14.2196,10.005,-2.86016,1,8,0,0,18,74.902,0,0,4.608,0,149
2312,46339.960,14.7188,14.4703,14.4738,31,-4.6875,0,2519.25,64.0012,18.5,87.8,34.45,2.32,14.5098,20.7843,131.443,14.2196,10.005,-2.8593,1,8,0,0,18,74.902,0,0,4.608,0,149
2313,46340.000,14.6356,14.4703,14.4738,31,-4.6875,0,2528.25,64.0012,18.5,87.8,34.18,2.3,14.5098,20.7843,131.412,14.2196,10.005,-2.8593,1,8,0,0,18,74.902,0,0,4.608,0,149
2314,46340.040,14.6782,14.4703,14.4738,31,-4.6875,0,2517.5,64.0012,18.5,87.8,34.45,2.32,14.5098,20.7843,131.599,14.2196,10.005,-2.82724,1,8,0,0,18,74.902,0,0,4.608,0,149
2315,46340.080,14.7613,14.5852,14.4738,31,-4.6875,0,2517.75,64.0012,18.5,87.8,34.36,2.32,14.5098,20.7843,131.349,14.2196,10.005,-2.82724,1,8,0,0,18,74.902,0,0,4.608,0,149
2316,46340.120,14.6782,14.5852,14.4738,31,-4.6875,0,2523.5,64.0012,18.5,87.8,34,2.3,14.5098,20.7843,131.494,14.2196,10.005,-2.86722,1,8,0,0,18,74.902,0,0,4.608,0,149
2317,46340.160,14.7188,14.5852,14.4738,31,-4.6875,0,2519,64.0012,18.5,87.8,34.18,2.32,14.5098,20.7843,131.572,14.2196,10.005,-2.85122,1,8,0,0,18,74.902,0,0,4.608,0,149
2318,46340.200,14.7613,14.5852,14.4738,31,-4.6875,0,2523.5,64.0012,18.5,87.8,34.09,2.32,14.902,20.7843,134.045,14.2196,10.005,-2.85122,1,8,0,0,18,74.902,0,0,4.608,0,149
2319,46340.240,14.508,14.4703,14.4738,31,-4.6875,0,2526,63.3799,18.5,87.8,34.27,2.32,14.5098,20.7843,131.447,14.2196,10.005,-2.62557,1,8,0,0,18,74.902,0,0,4.608,0,149
2320,46340.280,14.6782,14.4703,14.4738,31,-4.6875,0,2522,63.3799,18.5,87.8,34.27,2.32,14.5098,20.7843,131.519,14.2196,10.005,-2.83873,1,8,0,0,17,74.902,0,0,4.608,0,149
2321,46340.320,14.7613,14.5852,14.4738,31,-4.6875,0,2502.25,63.3799,18.5,87.8,34.36,2.3,14.5098,20.7843,131.861,14.2196,10.005,-2.83873,1,8,0,0,18,74.902,0,0,4.608,0,149
2322,46340.360,14.6782,14.5852,14.4738,31,-4.6875,0,2530.25,63.3799,18.5,87.8,33.91,2.3,14.5098,20.3922,131.373,14.2196,10.005,-2.84891,1,8,0,0,17,74.902,0,0,4.608,0,149
2323,46340.400,14.7188,14.4703,14.4738,31,-4.6875,0,2514,64.0012,18.5,87.8,33.73,2.3,14.902,20.7843,134.37,14.2196,10.005,-2.60836,1,8,0,0,17,74.902,0,0,4.608,0,149
2324,46340.440,14.4673,14.4703,14.4738,31,-4.6875,0,2522.25,64.0012,19,87.8,33.91,2.3,14.902,20.7843,136.867,14.2196,10.005,-2.60836,1,8,0,0,18,74.902,0,0,4.608,0,149
2325,46340.480,14.6356,14.4703,14.4738,31,-4.6875,0,2521.75,64.0012,19,87.8,34.36,2.3,14.902,20.7843,136.874,14.2196,10.005,-2.38536,1,8,0,0,18,74.902,0,0,4.608,0,149
2326,46340.520,14.6782,14.4703,14.4738,31,-4.6875,0,2534,64.0012,18.5,87.8,34.54,2.32,14.902,20.7843,136.903,14.2196,10.005,-2.38536,1,8,0,0,18,74.902,0,0,4.608,0,149
2327,46340.560,14.5931,14.5852,14.4738,31,-4.6875,0,2509.5,64.0012,18.5,87.8,34.45,2.32,14.902,20.7843,137.084,14.2196,10.005,-2.41189,1,8,0,0,17,74.902,0,0,4.608,0,149
2328,46340.600,14.6356,14.5852,14.4738,31,-4.6875,0,2525.25,64.0012,18.5,87.8,34.63,2.32,14.902,21.1765,134.136,14.2196,10.005,-2.60915,1,8,0,0,17,74.902,0,0,4.608,0,149
2329,46340.640,14.8039,14.5852,14.4738,31,-3.90625,0,2531.75,63.3799,18.5,87.8,34.34,2.32,14.902,20.7843,134.234,14.2196,10.005,-2.60915,1,8,0,0,17,74.902,0,0,4.608,0,149
2330,46340.680,14.5931,14.5852,14.4738,31,-3.90625,0,2503.75,63.3799,18.5,87.8,34.25,2.32,14.1176,20.7843,129.157,14.2196,10.005,-2.6147,1,8,0,0,18,74.902,0,0,4.608,0,149
2331,46340.720,14.8039,14.5852,14.4738,31,-3.90625,0,2502.75,63.3799,18.5,87.8,33.98,2.3,13.3333,20,121.149,14.2196,10.005,-3.74023,1,8,0,0,18,74.902,0,0,4.608,0,149
2332,46340.760,14.7188,14.5852,14.4738,31,-3.90625,0,2537.5,63.3799,19,87.8,32.61,2.28,13.7255,19.6078,123.562,14.2196,10.005,-3.74023,1,8,0,0,18,74.902,0,0,4.608,0,149
2333,46340.800,14.4248,14.5852,14.4808,31,-3.90625,0,2491.75,63.3799,19,87.8,32.77,2.28,14.1176,20,126.695,14.2196,10.005,-3.31826,1,8,0,0,17,74.902,0,0,4.608,0,149
2334,46340.840,14.2972,14.3555,14.4808,31,-4.6875,0,2520.25,63.3799,19,87.8,31.95,2.28,14.1176,20,128.864,14.2196,9.86,-3.31826,1,8,0,0,17,74.902,0,0,4.608,0,149
2335,46340.880,14.2565,14.2406,14.6571,31,-5.46875,0,2523.25,63.3799,19.5,87.8,33.02,2.3,14.5098,20.3922,131.487,14.2196,9.715,-3.06788,1,8,0,0,17,74.902,0,0,4.352,0,149
2336,46340.920,14.4673,14.2406,14.6428,31,-5.46875,0,2496.75,63.3799,19,87.8,33.89,2.3,14.5098,20.7843,131.949,14.2196,9.715,-2.83443,1,8,0,0,18,74.902,0,0,4.352,0,149
2337,46340.960,14.4248,14.3555,14.6428,31,-5.46875,0,2517,63.3799,19,87.8,34.43,2.32,14.902,20.7843,134.054,14.2196,9.715,-2.83443,1,8,0,0,18,74.902,0,0,4.608,0,149
2338,46341.000,14.7188,14.4703,14.4808,31,-4.6875,0,2507,63.3799,19,87.8,33.98,2.3,14.1176,20.7843,126.418,14.2196,9.86,-2.85593,1,8,0,0,18,74.902,0,0,4.608,0,149
2339,46341.040,14.8039,14.5852,14.4808,31,-4.6875,0,2506.5,63.3799,19,87.8,34.34,2.3,14.1176,20.7843,126.427,14.2196,9.86,-3.28816,1,8,0,0,17,74.902,0,0,4.608,0,149
2340,46341.080,14.7613,14.7,14.4808,31,-3.90625,0,2499.5,63.3799,19,87.8,33.8,2.3,14.1176,20.3922,128.966,14.2196,9.86,-3.28816,1,8,0,0,17,74.902,0,0,4.608,0,149
2341,46341.120,14.8039,14.8148,14.4808,31,-3.125,0,2517,63.3799,19,87.8,33.44,2.3,14.1176,20.3922,128.916,14.2196,9.86,-3.06734,1,8,0,0,18,74.902,0,0,4.608,0,149
2342,46341.160,14.8039,14.7,14.4808,31,-3.90625,0,2506,63.3799,19,87.8,33.44,2.28,14.1176,20,129.109,14.2196,9.86,-3.06734,1,8,0,0,18,74.902,0,0,4.608,0,149
2343,46341.200,14.5931,14.5852,14.4808,31,-3.90625,0,2497.75,63.3799,19,87.8,33.44,2.3,14.1176,20.3922,129.03,14.2196,9.86,-3.07156,1,8,0,0,18,74.902,0,0,4.608,0,149
2344,46341.240,14.5505,14.4703,14.4808,31,-3.90625,0,2519.5,63.3799,19,87.8,33.44,2.3,14.1176,20.3922,126.193,14.2196,9.86,-3.2747,1,8,0,0,18,74.902,0,0,4.608,0,150.8
2345,46341.280,14.4248,14.3555,14.4808,31,-4.6875,0,2493,63.3799,19,87.8,33.71,2.3,14.1176,20,126.666,14.2196,9.86,-3.2747,1,8,0,0,18,74.902,0,0,4.608,0,150.8
2346,46341.320,14.4248,14.3555,14.4808,31,-4.6875,0,2506.5,63.3799,19,87.8,33.28,2.3,14.1176,20,126.231,14.2196,9.86,-3.29003,1,8,0,0,18,74.902,0,0,4.608,0,150.8
2347,46341.360,14.3823,14.3555,14.4808,31,-5.46875,0,2508,63.3799,19,87.8,33.44,2.28,14.1176,20,126.395,14.2196,9.715,-3.29081,1,8,0,0,18,74.902,0,0,4.608,0,150.8
2348,46341.400,15.2255,14.3555,14.4808,31,-5.46875,0,2502.5,63.3799,19,87.8,33.5,2.3,14.1176,20.3922,126.494,14.2196,9.715,-3.29081,1,8,0,0,18,74.902,0,0,4.608,0,150.8
2349,46341.440,15.1404,14.3555,14.4808,31,-5.46875,0,2503.25,63.3799,19,87.8,33.59,2.3,14.1176,20.3922,128.936,14.2196,9.715,-3.04911,1,8,0,0,18,74.902,0,0,4.608,0,150.8
2350,46341.480,15.0572,14.3555,14.4808,31,-5.46875,0,2508.75,63.3799,19,87.8,33.68,2.3,14.1176,20.3922,129.056,14.2196,9.715,-3.04911,1,8,0,0,18,74.902,0,0,4.608,0,150.8
2351,46341.520,15.3086,14.3555,14.4808,31,-5.46875,0,2505.5,63.3799,19,87.8,33.59,2.3,13.7255,20.3922,123.763,14.2196,9.715,-3.29202,1,8,0,0,18,74.902,0,0,4.608,0,150.8
2352,46341.560,15.1829,14.4703,14.4808,31,-5.46875,0,2485.5,63.3799,19,87.8,33.59,2.3,13.7255,20,123.64,14.2196,9.715,-3.52661,1,8,0,0,18,74.902,0,0,4.608,0,150.8
2353,46341.600,15.1829,14.4703,14.4808,31,-5.46875,0,2513,63.3799,19,87.8,33.17,2.28,14.1176,20,126.305,14.2196,9.715,-3.52661,1,8,0,0,18,74.902,0,0,4.608,0,150.8
2354,46341.640,15.3937,14.4703,14.4808,31,-5.46875,0,2506.75,63.3799,19,87.8,32.68,2.28,14.1176,20,129.089,14.2196,9.715,-3.05348,1,8,0,0,18,74.902,0,0,4.608,0,150.8
2355,46341.680,15.4363,14.4703,14.4808,31,-5.46875,0,2492,63.3799,19,87.8,32.02,2.28,14.1176,20,129.314,14.2196,9.715,-3.04072,1,8,0,0,18,74.902,0,0,4.352,0,150.8
2356,46341.720,15.1829,14.4703,14.4808,31,-5.46875,0,2531.75,63.3799,19,87.8,33.41,2.28,14.5098,20.3922,131.327,14.2196,9.715,-3.04072,1,8,0,0,18,74.902,0,0,4.608,0,150.8
2357,46341.760,15.3086,14.4703,14.4878,31,-6.25,0,2479,63.3799,19,87.8,33.59,2.3,14.5098,20.7843,132.247,14.2196,9.715,-2.83362,1,8,0,0,18,74.902,0,0,4.608,0,150.8
2358,46341.800,15.3086,14.4703,14.4878,31,-5.46875,0,2488.75,63.3799,19,87.8,34.22,2.3,14.1176,20.7843,126.562,14.2196,9.715,-2.83362,1,8,0,0,18,74.902,0,0,4.608,0,150.8
2359,46341.840,15.2255,14.5852,14.4808,31,-5.46875,0,2514,62.7585,19,87.8,33.6,2.3,13.7255,20,123.607,14.2196,9.86,-3.26173,1,8,0,0,18,74.902,0,0,4.608,0,150.8
2360,46341.880,15.4769,14.5852,14.4808,31,-5.46875,0,2477,62.7585,19,87.8,33.09,2.28,13.7255,20,124.275,14.2196,9.86,-3.50705,1,8,0,0,18,74.902,0,0,4.608,0,150.8
2361,46341.920,15.3512,14.7,14.4808,31,-4.6875,0,2498.25,62.7585,19,87.8,32.51,2.28,14.1176,20,126.333,14.2196,9.86,-3.50705,1,8,0,0,18,74.902,0,0,4.608,0,150.8
2362,46341.960,15.3086,14.7,14.4878,31,-4.6875,0,2489,62.7585,19,87.8,31.85,2.28,14.1176,20,126.725,14.2196,9.715,-3.29272,1,8,0,0,18,74.902,0,0,4.608,0,150.8
2363,46342.000,15.3937,14.5852,14.4878,31,-4.6875,0,2489,63.3799,19,87.8,32.17,2.28,14.1176,20,129.4,14.2196,9.715,-3.03318,1,8,0,0,18,74.902,0,0,4.608,0,150.8
2364,46342.040,15.4363,14.4703,14.4878,31,-5.46875,0,2477.75,63.3799,19,87.8,33.08,2.3,14.902,20.7843,137.236,14.2196,9.715,-3.03318,1,8,0,0,18,74.902,0,0,4.352,0,150.8
2365,46342.080,15.3937,14.4703,14.4878,31,-5.46875,0,2510,62.7585,19,87.8,34.22,2.3,14.902,20.7843,137.052,14.2196,9.715,-2.3522,1,8,0,0,18,74.902,0,0,4.608,0,150.8
2366,46342.120,15.3086,14.4703,14.4878,31,-5.46875,0,2479,62.7585,19,87.8,34.32,2.32,15.6863,21.1765,142.926,14.2196,9.715,-2.3522,1,8,0,0,18,74.902,0,0,4.608,0,150.8
2367,46342.160,15.562,14.5852,14.4878,31,-4.6875,0,2498.25,62.7585,18.5,87.8,35.46,2.34,15.6863,21.5686,145.208,14.2196,9.715,-1.87485,1,8,0,0,18,74.902,0,0,4.608,0,150.8
2368,46342.200,15.3937,14.7,14.4808,31,-3.90625,0,2502.75,62.7585,18.5,87.8,35.82,2.34,16.8627,21.9608,156.319,14.2196,9.86,-.958084,1,8,0,0,18,74.902,0,0,4.608,0,150.8
2369,46342.240,15.6045,14.8148,14.4808,31,-3.90625,0,2477.5,62.7585,18,87.8,36.36,2.38,16.8627,22.7451,159.735,14.2196,9.86,-.958084,1,8,0,0,18,74.902,0,0,4.864,0,150.8
2370,46342.280,15.7728,14.9297,14.3839,31,-2.34375,0,2482.25,62.7585,17.5,87.8,37,2.38,17.2549,22.7451,162.431,14.2196,10.005,-.454244,1,8,0,0,18,74.902,0,0,4.864,0,150.8
2371,46342.320,15.9411,14.9297,13.6471,31,-2.34375,0,2507.5,62.7585,17.5,87.8,36.92,2.38,17.2549,23.1373,162.356,14.2196,10.44,-.210775,1,8,0,0,17,74.902,0,0,5.12,0,150.8
2372,46342.360,15.8985,15.0445,13.6471,31,-1.5625,0,2482,62.7585,17.5,87.8,37.09,2.38,17.2549,23.1373,162.705,14.2196,10.585,-.210775,1,8,0,0,17,74.902,0,0,5.12,0,150.8
2373,46342.400,16.0668,15.0445,14.0352,31,-.78125,0,2479,62.7585,17,87.8,36.91,2.38,16.8627,22.7451,156.573,14.2196,10.73,-.428012,1,8,0,0,17,74.902,0,0,5.12,0,150.8
2374,46342.440,15.856,14.9297,14.0352,31,0,0,2506.5,62.7585,17.5,87.8,36.55,2.36,16.8627,22.7451,156.258,14.2196,10.73,-.428012,1,8,0,0,17,74.902,0,0,5.376,0,150.8
2375,46342.480,14.9296,14.8148,14.0026,31,0,0,2470,62.7585,17,87.8,36.46,2.36,16.0784,22.3529,151.075,14.2196,10.73,-.733053,1,8,0,0,16,74.902,0,0,5.12,0,150.8
2376,46342.520,14.5931,14.7,14.0418,31,-.78125,0,2484.25,62.7585,17.5,87.8,35.57,2.34,16.0784,21.9608,150.655,14.2196,10.73,-1.4418,1,8,0,0,16,74.902,0,0,5.12,0,150.8
2377,46342.560,14.3397,14.5852,14.0418,31,-.78125,0,2492,62.7585,17.5,87.8,35.74,2.34,16.0784,21.9608,150.719,14.2196,10.73,-1.4418,1,8,0,0,16,74.902,0,0,5.12,0,150.8
2378,46342.600,14.3823,14.3555,14.101,31,-1.5625,0,2475,62.7585,17.5,87.8,35.47,2.34,16.4706,21.9608,153.703,14.2196,10.585,-.957931,1,8,0,0,16,74.902,0,0,5.12,0,150.8
2379,46342.640,14.1289,14.2406,14.1407,31,-2.34375,0,2499,62.7585,17.5,87.8,35.56,2.36,16.4706,21.9608,153.322,14.2196,10.585,-.984543,1,8,0,0,16,74.902,0,0,5.12,0,150.8
2380,46342.680,14.1714,14.1258,14.1407,31,-3.125,0,2495.25,62.7585,17.5,87.8,36.19,2.36,16.8627,22.7451,156.584,14.2196,10.585,-.984543,1,8,0,0,16,74.902,0,0,5.12,0,150.8
2381,46342.720,13.9606,14.1258,14.1807,31,-3.125,0,2465.75,62.7585,17.5,87.8,36.55,2.36,16.8627,22.7451,159.896,14.2196,10.585,-.694216,1,8,0,0,16,74.902,0,0,5.12,0,150.8
2382,46342.760,14.2565,14.2406,14.1807,31,-3.125,0,2499.5,62.7585,17.5,87.8,36.91,2.38,17.2549,22.7451,162.459,14.2196,10.585,-.694216,1,8,0,0,16,74.902,0,0,5.12,0,150.8
2383,46342.800,14.5505,14.3555,14.1874,31,-3.125,0,2475.75,62.7585,17,87.8,36.46,2.38,16.8627,22.7451,159.822,14.2196,10.585,-.444432,1,8,0,0,16,74.902,0,0,5.12,0,150.8
2384,46342.840,14.508,14.4703,14.1807,31,-3.125,0,2489,62.7585,17,87.8,36.82,2.38,16.8627,22.7451,159.558,14.2196,10.73,-.452875,1,8,0,0,16,74.902,0,0,5.12,0,150.8
2385,46342.880,14.7188,14.5852,14.1807,31,-2.34375,0,2489.5,62.7585,17,87.8,36.55,2.38,16.8627,22.7451,159.55,14.2196,10.73,-.452875,1,8,0,0,16,74.902,0,0,5.12,0,150.8
2386,46342.920,14.8464,14.7,14.1807,31,-2.34375,0,2494.5,62.7585,17,87.8,36.72,2.38,16.8627,22.7451,159.77,14.2196,10.73,-.432633,1,8,0,0,16,74.902,0,0,5.12,0,150.8
2387,46342.960,14.6782,14.5852,14.1874,31,-2.34375,0,2469,62.7585,17,87.8,37.07,2.38,16.8627,22.7451,159.845,14.2196,10.73,-.42586,1,8,0,0,15,74.902,0,0,5.12,0,150.8
2388,46343.000,14.6356,14.5852,14.1874,31,-1.5625,0,2489.5,62.7585,17,87.8,36.63,2.36,16.8627,22.7451,159.55,14.2196,10.73,-.42586,1,8,0,0,15,74.902,0,0,5.12,0,150.8
2389,46343.040,14.7188,14.5852,14.1941,31,-1.5625,0,2485,62.7585,17,87.8,36.53,2.36,16.8627,22.7451,156.79,14.2196,10.73,-.447401,1,8,0,0,15,74.902,0,0,5.12,0,150.8
2390,46343.080,14.508,14.4703,14.1941,31,-2.34375,0,2483.5,62.7585,17,87.8,36.44,2.38,16.8627,22.7451,159.636,14.2196,10.73,-.447401,1,8,0,0,15,74.902,0,0,5.12,0,150.8
2391,46343.120,14.3823,14.4703,14.2075,31,-2.34375,0,2478.5,62.7585,17,87.8,36.44,2.36,16.8627,22.7451,156.673,14.2196,10.73,-.443741,1,8,0,0,15,74.902,0,0,5.12,0,150.8
2392,46343.160,14.5505,14.4703,14.2343,31,-2.34375,0,2497,62.7585,17,87.8,36.44,2.36,16.8627,22.7451,159.803,14.2196,10.73,-.42928,1,8,0,0,15,74.902,0,0,5.12,0,150.8
2393,46343.200,14.6356,14.4703,14.2343,31,-2.34375,0,2459.25,62.7585,17,87.8,36.53,2.36,16.8627,22.7451,156.578,14.2196,10.73,-.42928,1,8,0,0,15,74.902,0,0,5.12,0,150.8
2394,46343.240,14.3397,14.4703,14.2478,31,-2.34375,0,2478.5,62.7585,17,87.8,36.35,2.36,16.8627,22.7451,156.67,14.2196,10.73,-.693563,1,8,0,0,15,74.902,0,0,5.12,0,150.8
2395,46343.280,14.6356,14.5852,14.2613,31,-2.34375,0,2486,62.7585,17,87.8,36.53,2.38,16.8627,22.7451,159.595,14.2196,10.73,-.447072,1,8,0,0,15,74.902,0,0,5.12,0,150.8
2396,46343.320,14.6782,14.5852,14.2613,31,-2.34375,0,2457,62.7585,17,87.8,36.62,2.36,16.8627,22.7451,159.726,14.2196,10.73,-.447072,1,8,0,0,15,74.902,0,0,5.12,0,150.8
2397,46343.360,14.508,14.5852,14.2681,31,-2.34375,0,2487.75,62.7585,17,87.8,36.53,2.36,17.2549,22.7451,162.61,14.2196,10.73,-.169246,1,8,0,0,15,74.902,0,0,5.12,0,150.8
2398,46343.400,14.6356,14.5852,14.2681,31,-1.5625,0,2466.5,62.7585,17,87.8,36.8,2.38,17.6471,23.1373,165.926,14.2196,10.73,-.169246,1,8,0,0,15,74.902,0,0,5.12,0,150.8
2399,46343.440,14.7188,14.5852,14.2884,31,-1.5625,0,2462.25,62.7585,17,87.8,37.69,2.38,17.6471,23.1373,165.771,14.2196,10.875,.0875348,1,8,0,0,15,74.902,0,0,5.12,0,150.8
2400,46343.480,14.7188,14.5852,14.2748,31,-1.5625,0,2484.25,62.7585,17,87.8,37.17,2.38,17.6471,23.1373,165.693,14.2196,10.875,.0853454,1,8,0,0,15,74.902,0,0,5.12,0,150.8
2401,46343.520,14.7613,14.5852,14.2748,31,-1.5625,0,2479.25,62.7585,17,87.8,37.38,2.4,17.6471,23.1373,165.757,14.2196,10.875,.0853454,1,8,0,0,15,74.902,0,0,5.12,0,150.8
2402,46343.560,15.4769,14.5852,14.2613,31,-1.5625,0,2472,62.7585,16.5,87.8,36.98,2.38,17.2549,23.1373,162.847,14.2196,10.875,.0856004,1,8,0,0,15,74.902,0,0,5.12,0,150.8
2403,46343.600,15.6045,14.5852,14.2478,31,-1.5625,0,2486.5,62.7585,16.5,87.8,37.47,2.38,17.6471,23.1373,165.828,14.2196,11.02,.086875,1,8,0,0,15,74.902,0,0,5.12,0,150.8
2404,46343.640,15.3937,14.5852,14.2478,31,-1.5625,0,2467.5,62.7585,16.5,87.8,37.47,2.4,17.6471,23.1373,165.908,14.2196,11.02,.086875,1,8,0,0,15,74.902,0,0,5.376,0,152.6
2405,46343.680,15.5194,14.5852,14.2276,31,-1.5625,0,2483.25,62.7585,16.5,87.8,37.29,2.38,17.6471,23.1373,165.702,14.2196,11.02,.0793405,1,8,0,0,15,74.902,0,0,5.376,0,152.6
2406,46343.720,15.4363,14.4703,14.2276,31,-1.5625,0,2464.5,62.7585,16.5,87.8,36.79,2.38,17.6471,23.1373,166.055,14.2196,11.02,.0793405,1,8,0,0,15,74.902,0,0,5.12,0,152.6
2407,46343.760,15.2255,14.4703,14.2411,31,-1.5625,0,2485,62.7585,16.5,87.8,36.7,2.38,17.6471,23.1373,165.678,14.2196,11.02,.0970296,1,8,0,0,15,74.902,0,0,5.12,0,152.6
2408,46343.800,15.3512,14.4703,14.2545,31,-1.5625,0,2486.25,62.7585,17,87.8,36.96,2.38,17.6471,23.1373,165.662,14.2196,11.02,.333723,1,8,0,0,15,74.902,0,0,5.12,0,152.6
2409,46343.840,15.3086,14.4703,14.2545,31,-1.5625,0,2462,62.7585,16.5,87.8,37.68,2.38,17.6471,23.1373,166.442,14.2196,11.02,.333723,1,8,0,0,15,74.902,0,0,5.12,0,152.6
2410,46343.880,15.3937,14.4703,14.2613,31,-1.5625,0,2485.25,62.7585,16.5,87.8,37.45,2.38,18.0392,23.1373,171.752,14.2196,11.02,.338002,1,8,0,0,14,74.902,0,0,5.12,0,152.6
2411,46343.920,15.562,14.4703,14.2613,31,-1.5625,0,2463.5,62.7585,16.5,87.8,37.76,2.4,17.6471,23.5294,168.977,14.2196,11.02,.35672,1,8,0,0,14,74.902,0,0,5.12,0,152.6
2412,46343.960,15.562,14.4703,14.2613,31,-1.5625,0,2472.75,62.7585,16.5,87.8,38.42,2.4,17.6471,23.5294,169.137,14.2196,11.165,.35672,1,8,0,0,14,74.902,0,0,5.376,0,152.6
2413,46344.000,15.4363,14.5852,14.2276,31,-1.5625,0,2486.75,62.7585,16.5,87.8,37.47,2.4,18.0392,23.5294,171.516,14.2196,11.165,.337184,1,8,0,0,14,74.902,0,0,5.376,0,152.6
2414,46344.040,15.3512,14.5852,14.2276,31,-1.5625,0,2445.75,62.7585,16,87.8,38.63,2.4,18.0392,23.5294,172.204,14.2196,11.31,.337184,1,8,0,0,14,74.902,0,0,5.376,0,152.6
2415,46344.080,15.6045,14.5852,14.2008,31,-1.5625,0,2483,62.7585,16,87.8,37.98,2.4,18.4314,23.5294,174.811,14.2196,11.31,.592107,1,8,0,0,14,74.902,0,0,5.376,0,152.6
2416,46344.120,15.4769,14.5852,14.2008,31,-1.5625,0,2449.5,62.7585,16,87.8,38.84,2.42,18.4314,23.9216,177.892,14.2196,11.31,.973425,1,8,0,0,14,74.902,0,0,5.376,0,152.6
2417,46344.160,15.4769,14.4703,14.2008,31,-1.5625,0,2466,62.7585,16,87.8,39.7,2.42,18.4314,23.9216,178.015,14.2196,11.31,.973425,1,8,0,0,14,74.902,0,0,5.376,0,152.6
2418,46344.200,15.4363,14.4703,14.2075,31,-1.5625,0,2493,62.7585,16,87.8,39.7,2.42,18.8235,24.3137,180.79,14.2196,11.31,1.18138,1,8,0,0,14,74.902,0,0,5.376,0,152.6
2419,46344.240,15.4363,14.4703,14.1673,31,-1.5625,0,2445.25,62.7585,15.5,87.8,39.69,2.42,19.2157,24.7059,184.079,14.2196,11.455,1.38828,1,8,0,0,14,74.902,0,0,5.376,0,152.6
2420,46344.280,15.4363,14.4703,14.1673,31,-1.5625,0,2482.5,62.7585,15,87.8,41.19,2.44,19.2157,24.7059,187.094,14.2196,11.455,1.38828,1,8,0,0,14,74.902,0,0,5.632,0,152.6
2421,46344.320,15.3512,14.4703,14.1076,31,-1.5625,0,2450.5,62.7585,15.5,87.8,41.83,2.44,19.6078,25.098,190.09,14.2196,11.6,1.79139,1,8,0,0,14,74.902,0,0,5.632,0,152.6
2422,46344.360,15.3937,14.4703,14.1076,31,-1.5625,0,2480.25,62.7585,15.5,87.8,42.95,2.46,20,25.4902,193.112,14.2196,11.745,1.79139,1,8,0,0,14,74.902,0,0,5.632,0,152.6
2423,46344.400,15.3512,14.4703,14.0418,31,-1.5625,0,2487.25,62.7585,15.5,87.8,43.44,2.48,20,25.4902,196.129,14.2196,11.89,1.99371,1,8,0,0,14,74.902,0,0,5.888,0,152.6
2424,46344.440,15.3937,14.4703,14.0944,31,0,0,2457.5,62.7585,15.5,87.8,43.17,2.46,20,25.4902,193.092,14.2196,12.035,1.99238,1,8,0,0,14,74.902,0,0,5.888,0,152.6
2425,46344.480,15.4769,14.4703,14.0944,31,0,0,2487.25,62.7585,15.5,87.8,42.74,2.46,20,25.4902,193.096,14.2196,12.035,1.99238,1,10,0,0,13,74.902,0,0,6.144,0,152.6
2426,46344.520,15.562,14.3555,13.8799,31,0,0,2478,62.7585,15.5,87.8,42.72,2.46,19.6078,25.4902,190.063,14.2196,12.035,1.99271,1,10,0,0,13,74.902,0,0,6.144,0,152.6
2427,46344.560,15.3086,14.2406,13.6533,31,0,0,2463.5,62.7585,15.5,87.8,42.17,2.44,19.2157,25.098,187.039,14.2196,12.035,1.58684,1,10,0,0,13,74.902,0,0,6.144,0,152.6
2428,46344.600,15.1829,14.0109,13.6533,31,0,0,2473.5,62.7585,15.5,87.8,41.12,2.42,19.2157,24.7059,187.05,14.2196,12.035,1.58684,1,10,0,0,13,74.902,0,0,6.144,0,152.6
2429,46344.640,14.9721,13.8961,13.5063,31,0,0,2472.25,62.7585,15.5,87.8,39.83,2.42,19.6078,24.7059,190.076,14.2196,12.035,1.79068,1,10,0,0,12,74.902,0,0,6.144,0,152.6
2430,46344.680,14.7613,13.6664,13.5063,31,0,0,2463.5,62.7585,15.5,87.8,40.69,2.44,19.6078,25.098,190.077,14.2196,12.035,1.79068,1,10,0,0,12,74.902,0,0,6.144,0,152.6
2431,46344.720,14.4248,13.4367,13.464,31,0,0,2480,62.7585,15.5,87.8,41.33,2.44,19.6078,25.098,190.077,14.2196,12.035,1.79074,1,10,0,0,12,74.902,0,0,6.144,0,152.6
2432,46344.760,14.3397,13.3219,14.1142,31,0,0,2467,62.7585,15.5,87.8,40.69,2.44,20,25.4902,196.131,14.2196,12.035,2.19643,1,10,0,0,12,74.902,0,0,5.888,0,152.6
2433,46344.800,14.0883,13.3219,14.1142,31,0,0,2449,62.1371,15.5,87.8,42.28,2.46,20,25.4902,196.132,14.2196,12.035,2.19643,1,10,0,0,12,74.902,0,0,5.888,0,152.6
2434,46344.840,13.9606,13.3219,14.2343,31,0,0,2489.5,62.1371,15.5,87.8,42.84,2.46,20.3922,25.4902,199.161,14.2196,12.035,2.19712,1,10,0,0,12,74.902,0,0,5.888,0,152.6
2435,46344.880,14.214,13.5516,14.0222,31,0,0,2468.75,62.1371,15.5,87.8,42.84,2.48,20.7843,25.4902,202.178,14.2196,12.035,2.56443,1,10,0,0,12,74.902,0,0,5.888,0,152.6
2436,46344.920,14.2972,13.7813,14.0222,31,0,0,2465.75,62.1371,15.5,87.8,43.22,2.48,20.7843,25.4902,205.208,14.2196,12.18,2.56443,1,10,0,0,12,74.902,0,0,6.144,0,152.6
2437,46344.960,14.5931,13.7813,13.8289,31,0,0,2478.25,62.7585,15.5,87.8,42.46,2.46,21.1765,25.4902,208.233,14.2196,12.18,2.71531,1,10,0,0,12,74.902,0,0,6.144,0,152.6
2438,46345.000,14.3823,13.7813,13.8289,31,0,0,2461,62.7585,15.5,87.8,42.58,2.46,21.5686,25.4902,211.26,14.2196,12.18,2.71531,1,10,0,0,11,74.902,0,0,6.144,0,152.6
2439,46345.040,14.2565,13.7813,13.604,31,0,0,2478.5,62.7585,15.5,87.8,43.09,2.46,21.5686,25.4902,214.288,14.2196,12.18,3.01674,1,10,0,0,11,74.902,0,0,6.4,0,152.6
2440,46345.080,13.5816,13.6664,13.416,31,0,0,2483.25,62.7585,15.5,87.8,42.28,2.46,21.9608,25.4902,217.316,14.2196,12.18,3.31831,1,10,0,0,11,74.902,0,0,6.4,0,152.6
2441,46345.120,13.4559,13.4367,13.416,31,0,0,2469.5,62.7585,15.5,87.8,42.84,2.46,21.9608,25.8824,217.314,14.2196,12.18,3.31831,1,10,0,0,12,74.902,0,0,6.4,0,152.6
2442,46345.160,13.4133,13.4367,13.3506,31,0,0,2474.75,62.7585,15.5,87.8,42.97,2.46,21.9608,25.8824,217.314,14.2196,12.325,3.31827,1,10,0,0,11,74.902,0,0,6.4,0,152.6
2443,46345.200,13.3708,13.3219,13.3506,31,0,0,2487.25,62.7585,15.5,87.8,42.84,2.46,21.9608,25.4902,217.313,14.2196,12.325,3.31827,1,10,0,0,11,74.902,0,0,6.4,0,152.6
2444,46345.240,13.1174,13.207,13.3506,31,0,0,2458.25,62.7585,15.5,87.8,42.46,2.44,21.9608,25.098,217.312,14.2196,12.325,3.31827,1,10,0,0,11,74.902,0,0,6.4,0,152.6
2445,46345.280,13.0343,13.207,13.4101,31,0,0,2478.25,62.7585,15.5,87.8,41.94,2.44,21.9608,25.098,217.312,14.2196,12.325,3.31826,1,10,0,0,11,74.902,0,0,6.4,0,152.6
2446,46345.320,13.0343,13.0922,13.4101,31,0,0,2477.25,62.7585,15.5,87.8,42.28,2.46,21.9608,25.098,217.311,14.2196,12.18,3.31826,1,10,0,0,11,74.902,0,0,6.144,0,152.6
2447,46345.360,13.0343,12.9773,13.458,31,0,0,2462.75,62.7585,15.5,87.8,42.07,2.44,21.5686,25.098,211.252,14.2196,12.18,3.31824,1,10,0,0,11,74.902,0,0,6.144,0,152.6
2448,46345.400,12.7384,12.9773,13.5124,31,0,0,2488.25,62.7585,15.5,87.8,41.98,2.44,21.5686,24.7059,211.252,14.2196,12.18,3.0167,1,10,0,0,11,74.902,0,0,6.144,0,152.6
2449,46345.440,12.866,12.9773,13.5124,31,0,0,2442.5,62.7585,15.5,87.8,41.55,2.44,21.5686,24.7059,211.252,14.2196,12.18,3.0167,1,10,0,0,11,74.902,0,0,6.144,0,152.6
2450,46345.480,13.1174,12.9773,13.5856,31,0,0,2493,62.7585,15,87.8,41.33,2.42,21.5686,24.7059,214.283,14.2196,12.18,3.01676,1,10,0,0,11,74.902,0,0,6.144,0,152.6
2451,46345.520,12.9917,13.0922,13.6286,31,0,0,2467.75,62.7585,16,87.8,41.55,2.44,21.5686,24.7059,214.277,14.2196,12.18,3.16733,1,10,0,0,11,74.902,0,0,6.144,0,152.6
2452,46345.560,13.1174,13.0922,13.6286,31,0,0,2463,62.7585,15.5,87.8,42.16,2.44,21.5686,25.098,214.279,14.2196,12.18,3.16733,1,10,0,0,11,74.902,0,0,6.144,0,152.6
2453,46345.600,13.0768,13.0922,13.6286,31,0,0,2493.5,62.7585,15.5,87.8,41.94,2.46,22.3529,25.098,223.365,14.2196,12.18,3.31828,1,10,0,0,11,74.902,0,0,6.144,0,152.6
2454,46345.640,13.1174,13.0922,13.6286,31,0,0,2466.75,62.7585,16,87.8,42.71,2.48,24.3137,26.2745,244.587,14.2196,12.18,3.31828,1,10,0,0,11,74.902,0,0,6.144,0,152.6
2455,46345.680,13.1174,13.0922,13.6163,31,0,0,2477,62.7585,15.5,87.8,44.87,2.5,23.9216,26.6667,238.518,14.2196,12.18,4.69924,1,10,0,0,11,74.902,0,0,6.144,0,152.6
2456,46345.720,13.4133,13.207,13.3743,31,0,0,2456.75,62.7585,15.5,87.8,45.12,2.5,23.9216,26.6667,238.529,14.2196,12.325,4.37504,1,10,0,0,11,74.902,0,0,6.4,0,152.6
2457,46345.760,13.4559,13.4367,13.3743,31,0,0,2479,62.7585,15.5,87.8,44.36,2.5,23.1373,26.6667,229.427,14.2196,12.615,4.37504,1,10,0,0,11,74.902,0,0,6.4,0,152.6
2458,46345.800,13.2451,13.4367,13.21,31,0,0,2476.5,62.7585,15.5,87.8,43.6,2.46,22.3529,25.8824,220.333,14.2196,12.615,3.61999,1,10,0,0,11,74.902,0,0,6.656,0,152.6
2459,46345.840,13.4133,13.4367,13.2741,31,0,0,2461,62.7585,15.5,87.8,42.41,2.44,21.1765,24.7059,208.21,14.2196,12.615,2.86546,1,10,0,0,11,74.902,0,0,6.4,0,152.6
2460,46345.880,13.16,13.207,13.2741,31,0,0,2485.5,62.7585,15.5,87.8,40.48,2.44,21.1765,24.7059,208.217,14.2196,12.47,2.86546,1,10,0,0,11,74.902,0,0,6.4,0,152.6
2461,46345.920,12.8234,13.0922,13.434,31,0,0,2460.75,62.7585,15.5,87.8,41.55,2.42,21.1765,24.7059,208.215,14.2196,12.47,2.86583,1,10,0,0,11,74.902,0,0,6.144,0,152.6
2462,46345.960,12.8234,12.8625,13.434,31,0,0,2480.25,62.7585,15.5,87.8,41.33,2.44,20.7843,24.3137,202.156,14.2196,12.325,2.86583,1,10,0,0,11,74.902,0,0,6.144,0,152.6
2463,46346.000,12.7809,12.7477,13.604,31,0,0,2467.25,62.7585,16,86,41.12,2.44,20.3922,23.9216,199.127,14.2196,12.325,2.39828,1,10,0,0,11,74.902,0,0,6.144,0,152.6
2464,46346.040,12.866,12.8625,13.7218,31,0,0,2479.25,62.7585,15,86,39.83,2.42,21.1765,23.9216,208.211,14.2196,12.18,2.71489,1,10,0,0,11,74.902,0,0,5.888,0,154.4
2465,46346.080,12.8234,12.8625,13.7218,31,0,0,2472.5,62.7585,16,86,40.26,2.44,21.5686,24.3137,211.238,14.2196,12.035,2.71489,1,10,0,0,11,74.902,0,0,5.632,0,154.4
2466,46346.120,12.9492,12.8625,14.4669,31,-3.90625,0,2493.5,62.7585,15.5,86,40.69,2.44,21.9608,24.7059,217.298,14.2196,12.035,3.01638,1,10,0,0,11,74.902,0,0,5.632,0,154.4
2467,46346.160,13.1174,12.9773,14.4669,31,-5.46875,0,2453.5,62.7585,15.5,86,42.97,2.46,22.3529,25.4902,223.359,14.2196,12.035,3.61994,1,10,0,0,11,74.902,0,0,5.376,0,154.4
2468,46346.200,13.16,13.3219,14.4669,31,0,0,2488.75,62.7585,15.5,86,43.09,2.48,22.7451,25.4902,226.389,14.2196,12.035,3.61994,1,10,0,0,11,74.902,0,0,5.888,0,154.4
2469,46346.240,13.8775,13.6664,14.4808,31,0,0,2472,62.7585,15.5,86,43.73,2.48,22.7451,25.8824,226.389,14.2196,12.18,3.77087,1,10,0,0,12,74.902,0,0,5.888,0,154.4
2470,46346.280,14.2972,14.0109,14.4808,31,0,0,2474,62.7585,15.5,86,43.98,2.48,22.3529,25.8824,223.357,14.2196,12.18,3.77087,1,10,0,0,12,74.902,0,0,5.888,0,154.4
2471,46346.320,14.1289,14.1258,14.1941,31,0,0,2468.5,62.7585,16,86,43.6,2.48,22.3529,25.8824,223.355,14.2196,12.325,3.77085,1,10,0,0,12,74.902,0,0,6.144,0,154.4
2472,46346.360,14.2565,14.1258,13.9636,31,0,0,2482.75,62.7585,15,86,43.85,2.48,22.3529,25.4902,223.355,14.2196,12.325,3.61984,1,10,0,0,11,74.902,0,0,6.144,0,154.4
2473,46346.400,14.0883,14.0109,13.9636,31,0,0,2451.75,62.7585,15.5,86,42.58,2.44,20.3922,25.098,199.098,14.2196,12.325,3.61984,1,10,0,0,12,74.902,0,0,6.144,0,154.4
2474,46346.440,13.8775,13.8961,13.7218,31,0,0,2471.75,62.7585,15,86,40.05,2.42,17.6471,23.5294,168.822,14.2196,12.325,1.58426,1,10,0,0,11,74.902,0,0,6.144,0,154.4
2475,46346.480,13.8349,13.6664,14.4115,31,0,0,2478.25,62.7585,15.5,86,35.66,2.34,14.902,20.7843,134.806,14.2196,12.18,-2.56777,1,10,0,0,12,74.902,0,0,5.632,0,154.4
2476,46346.520,14.1714,13.3219,14.4115,31,-3.125,0,2448.25,62.7585,16,86,33.2,2.24,11.7647,18.4314,103.043,14.2196,11.455,-2.56777,1,10,0,0,12,74.902,0,0,4.352,0,154.4
2477,46346.560,13.8349,12.9773,20.1106,31,-6.25,0,2487,62.7585,17.5,86,25.67,2.1,7.84314,15.6863,63.6113,14.2196,10.585,-6.27716,1,10,0,0,12,74.902,0,0,4.352,0,154.4
2478,46346.600,13.5816,12.8625,20.1106,31,-8.59375,-.78125,2449.5,62.7585,19,86,20.12,1.94,.392157,12.549,42.4991,14.2196,9.28,-6.27716,1,10,0,0,12,74.902,0,0,3.072,0,154.4
2479,46346.640,13.7924,13.0922,24.8601,31,-8.59375,-.78125,2461.75,62.7585,21,86,15.37,1.84,0,11.7647,40.0863,14.2196,8.265,-7.86908,1,10,0,0,12,74.902,0,0,2.56,0,154.4
2480,46346.680,13.7498,13.4367,19.1633,31,-7.03125,-.78125,2470.25,62.7585,22.5,86,13.33,1.82,0,11.3725,37.6598,14.2196,7.54,-8.02408,1,10,0,0,7,0,0,0,2.816,0,154.4
2481,46346.720,13.5816,13.7813,19.1633,31,-6.25,-.78125,2462,62.1371,24,86,13.69,1.78,0,10.9804,35.2442,14.2196,7.105,-8.02408,1,10,0,0,3,0,0,0,2.56,0,154.4
2482,46346.760,14.1289,14.2406,20.2868,31,-6.25,-.78125,2473.5,62.1371,24.5,86,13.09,1.76,0,10.9804,32.8069,14.2196,6.67,-8.17933,1,10,0,0,0,0,0,0,2.56,0,154.4
2483,46346.800,14.5931,14.4703,18.402,31,-5.46875,-.78125,2458.5,62.1371,25,86,12.05,1.74,0,10.5882,30.383,14.2196,6.38,-8.33479,1,10,0,0,0,0,0,0,2.304,0,154.4
2484,46346.840,15.0147,14.5852,18.402,31,-5.46875,-.78125,2442.25,62.1371,25,86,11.59,1.72,0,10.1961,27.9757,14.2196,6.09,-8.33479,1,10,0,0,0,0,0,0,2.304,0,154.4
2485,46346.880,15.1404,14.4703,16.3795,31,-5.46875,-.78125,2457,62.1371,24.5,86,11.34,1.7,0,10.1961,25.5731,14.2196,5.945,-8.48881,1,8,0,0,0,0,0,0,2.304,0,154.4
2486,46346.920,15.3086,14.3555,16.3795,31,-6.25,-.78125,2452.25,62.1371,23.5,86,10.88,1.66,0,9.41177,23.1588,14.2196,5.655,-8.48881,1,8,0,0,0,0,0,0,2.304,0,154.4
2487,46346.960,15.3086,14.1258,16.1165,31,-7.03125,-.78125,2442.5,62.1371,23,86,10,1.64,0,9.41177,20.7438,14.2196,5.365,-8.64327,1,8,0,0,0,0,0,0,2.048,0,154.4
2488,46347.000,15.0572,14.0109,14.5508,31,-7.8125,-.78125,2450.5,62.1371,22.5,86,9.62,1.6,0,9.01961,18.3479,14.2196,5.22,-8.79718,1,8,0,0,0,0,0,0,0,0,154.4
2489,46347.040,14.5931,13.8961,14.5508,31,-8.59375,-.78125,2407.25,62.1371,22,86,9.48,1.62,0,9.01961,15.9888,14.2196,5.075,-8.79718,1,8,0,0,0,0,0,0,0,0,154.4
2490,46347.080,14.5931,13.7813,14.5508,31,-9.375,-.78125,2437.25,62.1371,21,86,9.44,1.58,0,8.23529,13.645,14.2196,4.93,-8.9481,1,8,0,0,0,0,0,0,0,0,154.4
2491,46347.120,14.4248,14.0109,14.5508,31,-8.59375,-.78125,2465,62.1371,20.5,86,8.82,1.56,0,8.23529,11.2468,14.2196,4.785,-9.10056,1,8,0,0,0,0,0,0,0,0,154.4
2492,46347.160,14.5505,14.2406,14.5508,31,-7.8125,-.78125,2439.5,62.1371,20,86,8.2,1.54,0,7.84314,8.84579,14.2196,4.64,-9.10056,1,8,0,0,0,0,0,0,0,0,154.4
2493,46347.200,14.508,14.5852,14.5508,31,-7.03125,-.78125,2425,61.5158,20,86,7.88,1.5,0,7.45098,6.48601,14.2196,4.495,-9.25364,1,8,0,0,0,0,0,0,0,0,154.4
2494,46347.240,14.9296,14.9297,14.5508,31,-5.46875,-.78125,2426.25,61.5158,20,86,7.67,1.46,0,7.45098,4.13248,14.2196,4.35,-9.25364,1,8,0,0,0,0,0,0,0,0,154.4
2495,46347.280,15.4769,15.2742,14.5508,31,-3.90625,-.78125,2429,61.5158,20,86,7.62,1.48,0,7.05882,1.72638,14.2196,4.205,-9.40453,1,8,0,0,0,0,0,0,0,0,154.4
2496,46347.320,15.6877,15.2742,14.5508,31,-3.90625,-.78125,2420.75,61.5158,20,86,6.83,1.46,0,7.05882,0,14.2196,4.06,-9.55062,1,8,0,0,0,0,0,0,0,0,154.4
2497,46347.360,16.3627,15.3891,14.5508,31,-3.90625,-.78125,2429.25,61.5158,20,86,6.19,1.42,0,6.66667,0,14.2196,4.06,-9.55062,1,8,0,0,0,0,0,0,0,0,154.4
2498,46347.400,17.3316,15.8484,14.5508,31,-3.125,-.78125,2438.75,61.5158,20,86,5.71,1.38,0,6.66667,0,14.2196,3.915,-9.55058,1,8,0,0,0,0,0,0,0,0,154.4
2499,46347.440,17.8789,15.9633,14.5508,31,-2.34375,-.78125,2406,61.5158,20,86,5.09,1.36,0,6.66667,0,14.2196,3.915,-9.55054,1,8,0,0,0,0,0,0,0,0,154.4
2500,46347.480,18.2154,16.0781,14.5508,31,-2.34375,-.78125,2420.25,61.5158,20,86,5.5,1.38,0,6.66667,0,14.2196,3.77,-9.55054,1,8,0,0,0,0,0,0,0,0,154.4
2501,46347.520,18.4262,15.9633,12.6707,31,0,-.78125,2423.25,61.5158,20,86,5.74,1.42,0,6.66667,0,14.2196,3.77,-9.55051,1,8,0,0,0,0,0,0,0,0,154.4
2502,46347.560,17.964,15.9633,12.6707,31,0,-.78125,2409.75,61.5158,20,86,6.07,1.42,0,6.66667,0,14.2196,3.77,-9.55051,1,8,0,0,0,0,0,0,0,0,154.4
2503,46347.600,18.1323,16.7672,12.6707,31,0,-.78125,2419.5,60.8944,20,86,6.25,1.44,0,6.66667,0,14.2196,3.625,-9.55047,1,8,0,0,0,0,0,0,0,0,154.4
2504,46347.640,18.9755,17.3414,12.6707,31,0,-.78125,2415,60.8944,20,86,5.92,1.4,0,6.66667,0,14.2196,3.625,-9.55043,1,8,0,0,0,0,0,0,0,0,154.4
2505,46347.680,19.5228,17.5711,12.6707,31,0,-.78125,2392,60.8944,20,86,6.11,1.44,0,6.66667,0,14.2196,3.625,-9.55043,1,8,0,0,0,0,0,0,0,0,154.4
2506,46347.720,19.5654,18.1453,12.6707,31,0,-.78125,2417,60.8944,20,86,6.37,1.44,0,6.66667,0,14.2196,3.625,-9.55039,1,8,0,0,0,0,0,0,0,0,154.4
2507,46347.760,19.6911,18.7195,12.6707,31,0,-.78125,2395.5,60.8944,20,86,6.29,1.42,0,6.66667,0,14.2196,3.625,-9.55036,1,8,0,0,0,0,0,0,0,0,154.4
2508,46347.800,19.7762,19.5234,12.6707,31,0,-.78125,2401,60.8944,20,86,5.7,1.4,0,6.66667,0,14.2196,3.625,-9.55036,1,8,0,0,0,0,0,0,0,0,154.4
2509,46347.840,19.8593,20.3273,12.6707,31,0,-.78125,2400.5,60.8944,20,86,5.96,1.42,0,6.66667,0,14.2196,3.625,-9.55032,1,8,0,0,0,0,0,0,0,0,154.4
2510,46347.880,19.9444,20.3273,12.6707,31,0,-.78125,2389,60.8944,20,86,6.25,1.44,0,6.66667,0,14.2196,3.625,-9.55032,1,8,0,0,0,0,0,0,0,0,154.4
2511,46347.920,19.8593,20.3273,12.6707,31,0,-.78125,2391.25,60.273,20,86,6.11,1.42,0,6.66667,0,14.2196,3.625,-9.55029,1,8,0,0,0,0,0,0,0,0,154.4
2512,46347.960,20.366,20.3273,12.6707,31,0,-.78125,2381.75,60.273,20,86,5.67,1.4,0,6.66667,0,14.2196,3.625,-9.55025,1,8,0,0,0,0,0,0,0,0,154.4
2513,46348.000,19.8168,20.3273,12.6707,31,0,-.78125,2393.5,60.273,20,86,5.92,1.42,0,6.66667,0,14.2196,3.48,-9.55025,1,8,0,0,0,0,0,0,0,0,154.4
2514,46348.040,19.9444,20.3273,12.6707,31,0,-.78125,2377,60.273,20,86,5.85,1.4,0,6.66667,0,14.2196,3.48,-9.55021,1,8,0,0,0,0,0,0,0,0,154.4
2515,46348.080,19.9019,20.3273,12.6707,31,0,-.78125,2378,60.273,20,86,5.78,1.42,0,6.66667,0,14.2196,3.48,-9.55018,1,8,0,0,0,0,0,0,0,0,154.4
2516,46348.120,19.8593,20.3273,12.6707,31,0,-.78125,2377.25,60.273,20,86,6.07,1.44,0,6.66667,0,14.2196,3.48,-9.55018,1,8,0,0,0,0,0,0,0,0,154.4
2517,46348.160,19.9019,20.3273,12.6707,30,0,-.78125,2358,60.273,20,86,6.11,1.42,0,6.66667,0,14.2196,3.48,-9.55014,1,8,0,0,0,0,0,0,0,0,154.4
2518,46348.200,19.9444,20.3273,12.6707,30,0,-.78125,2385.25,60.273,20,86,6.11,1.42,0,6.66667,0,14.2196,3.48,-9.55014,1,8,0,0,0,0,0,0,0,0,154.4
2519,46348.240,19.8593,20.3273,12.6707,30,0,-.78125,2358.25,59.6516,20,86,5.74,1.4,0,6.66667,0,14.2196,3.48,-9.55011,1,8,0,0,0,0,0,0,0,0,154.4
2520,46348.280,20.0276,20.3273,12.6707,30,0,-.78125,2364.25,59.6516,20,86,5.96,1.44,0,6.66667,0,14.2196,3.48,-9.55008,1,8,0,0,0,0,0,0,0,0,154.4
2521,46348.320,19.9444,20.3273,12.6707,30,0,-.78125,2374.25,59.6516,20,86,5.78,1.4,0,6.66667,0,14.2196,3.48,-9.55008,1,8,0,0,0,0,0,0,0,0,154.4
2522,46348.360,19.8168,20.3273,12.6707,30,0,-.78125,2347.75,59.6516,20,86,5.38,1.36,0,6.66667,0,14.2196,3.48,-9.55004,1,8,0,0,0,0,0,0,0,0,154.4
2523,46348.400,19.9019,20.3273,12.6707,30,0,-.78125,2362.25,59.6516,20,87.8,5.44,1.38,0,6.66667,0,14.2196,3.48,-9.55001,1,8,0,0,0,0,0,0,0,0,154.4
2524,46348.440,19.8168,20.3273,12.6707,30,0,-.78125,2355,59.6516,20,87.8,5.74,1.42,0,6.66667,0,14.2196,3.48,-9.55001,1,8,0,0,0,0,0,0,0,0,156.2
2525,46348.480,19.8593,20.3273,12.6707,30,0,-.78125,2344.75,59.6516,20,87.8,6.22,1.44,0,6.66667,0,14.2196,3.48,-9.54998,1,8,0,0,0,0,0,0,0,0,156.2
2526,46348.520,19.9444,20.3273,12.6707,30,0,-.78125,2346.75,59.6516,20,87.8,6.33,1.44,0,6.66667,0,14.2196,3.48,-9.54998,1,8,0,0,0,0,0,0,0,0,156.2
2527,46348.560,19.9019,20.3273,12.6707,30,0,-.78125,2351,59.6516,20,87.8,6.4,1.46,0,6.66667,0,14.2196,3.48,-9.54994,1,8,0,0,0,0,0,0,0,0,156.2
2528,46348.600,19.9019,20.3273,12.6707,30,0,-.78125,2340.75,59.6516,20,87.8,6.11,1.42,0,6.66667,0,14.2196,3.48,-9.54991,1,8,0,0,0,0,0,0,0,0,156.2
2529,46348.640,19.9444,20.3273,12.6707,30,0,-.78125,2340.5,59.0303,20,87.8,5.85,1.42,0,6.66667,0,14.2196,3.48,-9.54991,1,8,0,0,0,0,0,0,0,0,156.2
2530,46348.680,19.9444,20.3273,12.6707,30,0,-.78125,2343,59.0303,20,87.8,6,1.42,0,6.66667,0,14.2196,3.48,-9.54988,1,8,0,0,0,0,0,0,0,0,156.2
2531,46348.720,19.9019,20.3273,12.6707,30,0,-.78125,2318.5,59.0303,20,87.8,5.89,1.42,0,6.66667,0,14.2196,3.48,-9.54984,1,8,0,0,0,0,0,0,0,0,156.2
2532,46348.760,19.6911,20.3273,12.6707,30,0,-.78125,2350.75,59.0303,20,87.8,5.62,1.38,0,6.66667,0,14.2196,3.335,-9.54984,1,8,0,0,0,0,0,0,0,0,156.2
2533,46348.800,19.8168,20.3273,12.6707,30,0,-.78125,2322.5,59.0303,20,87.8,5.48,1.4,0,6.66667,0,14.2196,3.335,-9.54981,1,8,0,0,0,0,0,0,0,0,156.2
2534,46348.840,19.9019,20.3273,12.6707,30,0,-.78125,2325.25,59.0303,20,87.8,5.64,1.4,0,6.66667,0,14.2196,3.335,-9.54981,1,8,0,0,0,0,0,0,0,0,156.2
2535,46348.880,19.9851,20.3273,12.6707,30,0,-.78125,2335,59.0303,20,87.8,5.6,1.38,0,6.66667,0,14.2196,3.335,-9.54978,1,8,0,0,0,0,0,0,0,0,156.2
2536,46348.920,20.7451,20.3273,12.6707,30,0,-.78125,2319.25,59.0303,20,87.8,5.54,1.4,0,6.66667,0,14.2196,3.335,-9.54975,1,8,0,0,0,0,0,0,0,0,156.2
2537,46348.960,20.66,20.3273,12.6707,30,0,-.78125,2330,58.4089,20,87.8,6.22,1.44,0,6.66667,0,14.2196,3.335,-9.54975,1,8,0,0,0,0,0,0,0,0,156.2
2538,46349.000,20.6175,20.3273,12.6707,30,0,-.78125,2308.25,58.4089,20,87.8,6.07,1.42,0,6.66667,0,14.2196,3.335,-9.54972,1,8,0,0,0,0,0,0,0,0,156.2
2539,46349.040,20.7026,20.3273,12.6707,30,0,-.78125,2305,58.4089,20,87.8,5.89,1.42,0,6.66667,0,14.2196,3.48,-9.54969,1,8,0,0,0,0,0,0,0,0,156.2
2540,46349.080,20.5749,20.3273,12.6707,30,0,-.78125,2311.75,58.4089,20,87.8,5.89,1.42,0,6.66667,0,14.2196,3.48,-9.54969,1,8,0,0,0,0,0,0,0,0,156.2
2541,46349.120,20.6175,20.3273,12.6707,30,0,-.78125,2307.75,58.4089,20,87.8,6.03,1.42,0,6.66667,0,14.2196,3.48,-9.54966,1,8,0,0,0,0,0,0,0,0,156.2
2542,46349.160,20.7026,20.3273,12.6707,30,0,-.78125,2297.25,58.4089,20,87.8,5.6,1.4,0,6.66667,0,14.2196,3.48,-9.54966,1,8,0,0,0,0,0,0,0,0,156.2
2543,46349.200,20.6175,20.3273,12.6707,30,0,-.78125,2314.5,58.4089,20,87.8,5.74,1.4,0,7.05882,0,14.2196,3.48,-9.54963,1,8,0,0,0,0,0,0,0,0,156.2
2544,46349.240,20.5343,20.3273,12.6707,30,0,-.78125,2296,58.4089,20,87.8,5.6,1.4,.784314,7.84314,6.75166,14.2196,3.48,-9.38644,1,8,0,0,0,74.902,0,0,1.536,0,156.2
2545,46349.280,20.5749,20.3273,12.6707,30,0,-.78125,2302.25,58.4089,20.5,87.8,6.22,1.48,1.56863,8.62745,15.4835,14.2196,3.48,-9.38644,1,10,0,0,0,74.902,0,0,1.536,0,156.2
2546,46349.320,20.5343,20.3273,12.6707,30,0,-.78125,2297.5,58.4089,21.5,87.8,7.84,1.54,2.7451,9.80392,24.2182,14.2196,3.48,-8.75477,1,10,0,0,0,74.902,0,0,1.536,0,156.2
2547,46349.360,20.66,20.3273,12.6707,30,0,-.78125,2294.25,57.7875,22,87.8,8.68,1.62,4.31373,10.9804,39.5379,14.2196,3.48,-7.96695,1,10,0,0,1,74.902,0,0,1.792,0,156.2
2548,46349.400,20.66,20.3273,12.6707,30,0,-.78125,2301.25,57.7875,22.5,87.8,10.98,1.74,5.88235,12.9412,50.345,14.2196,3.48,-7.96695,1,10,0,0,2,74.902,0,0,1.792,0,156.2
2549,46349.440,20.7857,20.3273,11.246,30,0,-.78125,2332.75,57.7875,16,87.8,13.25,1.82,5.88235,13.3333,49.787,14.2196,4.06,-7.55326,1,10,0,0,5,74.902,0,0,2.304,0,156.2
2550,46349.480,20.8283,20.3273,11.246,30,0,-.78125,2284.25,57.7875,24,87.8,15.08,1.84,5.88235,13.7255,50.6436,14.2196,4.64,-7.55326,1,10,0,0,6,74.902,0,0,2.56,0,156.2
2551,46349.520,20.7857,20.3273,11.4123,30,0,-.78125,2232.75,57.7875,24.5,87.8,15.66,1.86,5.88235,13.7255,51.5607,14.2196,5.075,-7.50412,1,10,0,0,8,74.902,0,0,2.816,0,156.2
2552,46349.560,20.7451,20.3273,11.6328,30,0,-.78125,2258.25,57.7875,25,87.8,15.59,1.86,5.88235,13.3333,53.3293,14.2196,5.22,-7.50385,1,10,0,0,10,74.902,0,0,2.816,0,156.2
2553,46349.600,20.66,20.3273,11.6328,30,0,-.78125,2316.75,57.7875,22,87.8,15.98,1.86,6.66667,13.7255,58.4567,14.2196,5.51,-7.50385,1,10,0,0,12,74.902,0,0,2.816,0,156.2
2554,46349.640,20.66,20.3273,11.8994,30,0,-.78125,2302.75,57.7875,23,87.8,16.68,1.88,7.05882,14.1176,61.0603,14.2196,5.655,-7.11258,1,10,0,0,15,74.902,0,0,3.072,0,156.2
2555,46349.680,20.8708,20.3273,11.8947,30,0,-.78125,2253.25,57.7875,27,87.8,17.74,1.92,7.45098,14.5098,64.116,14.2196,5.655,-6.98301,1,10,0,0,16,74.902,0,0,3.328,0,156.2
2556,46349.720,19.6911,20.3273,11.8947,30,0,-.78125,2268.75,57.7875,27.5,87.8,18.34,1.94,7.45098,14.5098,66.8385,14.2196,5.945,-6.98301,1,10,0,0,18,74.902,0,0,3.328,0,156.2
2557,46349.760,17.2465,20.3273,11.8108,30,0,-.78125,2288,57.7875,27.5,87.8,18.41,1.94,9.01961,14.902,78.0111,14.2196,6.09,-6.50497,1,10,0,0,18,74.902,0,0,3.584,0,156.2
2558,46349.800,16.1093,20.3273,11.8108,30,0,-.78125,2304.75,57.7875,27.5,87.8,20.08,2.02,10.1961,16.0784,90.7746,14.2196,6.235,-6.50497,1,10,0,0,19,74.902,0,0,3.584,0,156.2
2559,46349.840,15.5194,20.3273,11.7554,30,0,-.78125,2265.5,57.7875,27,87.8,21.75,2.04,10.1961,16.4706,91.4193,14.2196,6.525,-5.92281,1,10,0,0,19,74.902,0,0,3.84,0,156.2
2560,46349.880,14.6782,19.1789,11.0805,30,0,-.78125,2272.25,57.7875,26.5,87.8,22.26,2.06,10.1961,16.8627,91.2783,14.2196,6.96,-5.8804,1,10,0,0,19,74.902,0,0,4.096,0,156.2
2561,46349.920,14.2565,18.0305,11.0805,30,0,-.78125,2283.75,57.1662,25.5,87.8,23.01,2.08,10.1961,16.8627,91.0357,14.2196,7.105,-5.8804,1,10,0,0,19,74.902,0,0,4.096,0,156.2
2562,46349.960,14.1714,16.9969,11.5083,30,0,-.78125,2279,57.1662,24.5,87.8,23.09,2.08,9.80392,16.8627,88.5704,14.2196,7.395,-5.91256,1,10,0,0,19,74.902,0,0,4.096,0,156.2
2563,46350.000,13.9181,15.9633,11.4995,30,0,0,2254.5,57.1662,24,87.8,23.01,2.08,9.41177,16.4706,86.5551,14.2196,7.54,-6.0847,1,10,0,0,19,74.902,0,0,4.352,0,156.2
2564,46350.040,13.7498,15.0445,11.4995,30,0,0,2269.75,57.1662,23.5,87.8,23.09,2.08,9.80392,16.4706,88.7722,14.2196,7.54,-6.0847,1,10,0,0,19,74.902,0,0,3.84,0,156.2
2565,46350.080,13.4984,14.4703,13.061,30,-2.34375,0,2263,57.1662,23.5,87.8,22.59,2.06,9.41177,16.4706,86.3647,14.2196,7.685,-5.99056,1,10,0,0,20,74.902,0,0,3.84,0,156.2
2566,46350.120,13.3282,14.0109,13.061,30,-3.90625,0,2270.5,57.1662,23,87.8,22.43,2.06,9.41177,16.4706,86.1993,14.2196,7.685,-5.99056,1,10,0,0,20,74.902,0,0,3.84,0,156.2
2567,46350.160,13.0343,13.5516,13.1065,30,-6.25,0,2259.25,57.1662,23,87.8,22.43,2.06,9.41177,16.4706,86.449,14.2196,7.685,-6.09889,1,10,0,0,20,74.902,0,0,3.84,0,156.2
2568,46350.200,13.0343,13.0922,13.1811,30,-6.25,-.78125,2268.5,57.1662,23,87.8,22.01,2.04,9.80392,16.4706,88.7931,14.2196,7.685,-6.08699,1,10,0,0,20,74.902,0,0,3.84,0,156.2
2569,46350.240,13.539,12.9773,13.1811,30,-7.8125,-.78125,2260.75,57.1662,23,87.8,21.5,2.04,9.80392,16.4706,88.9598,14.2196,7.685,-6.08699,1,10,0,0,20,74.902,0,0,3.84,0,156.2
2570,46350.280,13.7498,13.207,13.2799,30,-7.8125,-.78125,2273.25,57.1662,23.5,87.8,21.75,2.06,10.1961,16.4706,91.2488,14.2196,7.685,-5.99619,1,10,0,0,20,74.902,0,0,3.584,0,156.2
2571,46350.320,13.2876,13.4367,13.3684,31,-7.8125,-.78125,2265.25,57.1662,23,87.8,22.51,2.06,9.80392,16.4706,88.8633,14.2196,7.685,-5.99218,1,10,0,0,20,74.902,0,0,3.584,0,156.2
2572,46350.360,13.5816,13.5516,13.3684,31,-8.59375,-.78125,2270,57.1662,23,87.8,22.51,2.06,9.80392,16.4706,88.7596,14.2196,7.685,-5.99218,1,10,0,0,20,74.902,0,0,3.584,0,156.2
2573,46350.400,13.4984,13.7813,13.434,31,-8.59375,-.78125,2258.75,57.1662,23,87.8,22.51,2.06,9.80392,16.4706,88.9997,14.2196,7.685,-5.99991,1,10,0,0,20,74.902,0,0,3.584,0,156.2
2574,46350.440,13.7498,13.8961,13.434,31,-8.59375,-.78125,2273.75,57.1662,23,87.8,22.67,2.08,9.80392,16.4706,88.679,14.2196,7.685,-5.99991,1,10,0,0,21,74.902,0,0,3.584,0,156.2
2575,46350.480,13.9606,14.0109,13.5003,31,-9.375,-.78125,2252.75,57.1662,23,87.8,22.51,2.06,9.41177,16.4706,86.5872,14.2196,7.685,-6.10192,1,10,0,0,20,74.902,0,0,3.584,0,156.2
2576,46350.520,14.0457,14.1258,13.5367,31,-9.375,-.78125,2267.25,57.1662,23,87.8,22.18,2.06,9.41177,16.4706,86.2626,14.2196,7.685,-6.08266,1,10,0,0,20,74.902,0,0,3.584,0,156.2
2577,46350.560,14.1289,14.2406,13.5367,31,-9.375,-.78125,2259.25,57.1662,23,87.8,21.84,2.04,9.41177,16.4706,86.4417,14.2196,7.685,-6.08266,1,10,0,0,21,74.902,0,0,3.584,0,156.2
2578,46350.600,14.6356,14.2406,13.6163,31,-9.375,-.78125,2261,57.1662,23,87.8,22.13,2.04,9.41177,16.4706,86.4004,14.2196,7.685,-6.09506,1,10,0,0,21,74.902,0,0,3.584,0,156.2
2579,46350.640,14.3823,14.3555,13.6844,31,-9.375,-.78125,2249,57.1662,23,87.8,21.71,2.06,9.41177,16.4706,84.127,14.2196,7.685,-6.18163,1,10,0,0,20,74.902,0,0,3.584,0,156.2
2580,46350.680,14.1714,14.3555,13.6844,31,-9.375,-.78125,2266,57.1662,23,87.8,22.13,2.04,9.41177,16.0784,83.7353,14.2196,7.685,-6.18163,1,10,0,0,20,74.902,0,0,3.584,0,156.2
2581,46350.720,14.3397,14.3555,13.7406,31,-9.375,-.78125,2245.75,57.1662,23,87.8,21.63,2.04,9.41177,16.0784,84.2025,14.2196,7.685,-6.19607,1,10,0,0,21,74.902,0,0,3.584,0,156.2
2582,46350.760,14.4248,14.3555,13.7406,31,-9.375,-.78125,2261,57.1662,23,87.8,21.71,2.04,9.41177,16.0784,83.8483,14.2196,7.685,-6.19607,1,10,0,0,21,74.902,0,0,3.584,0,156.2
2583,46350.800,14.3823,14.4703,13.8036,31,-9.375,-.78125,2253,57.1662,23.5,87.8,21.71,2.06,9.80392,16.0784,89.1219,14.2196,7.54,-6.08254,1,10,0,0,20,74.902,0,0,3.584,0,156.2
2584,46350.840,14.4248,14.4703,13.8544,31,-9.375,-.78125,2261.5,57.1662,23.5,87.8,22.05,2.06,10.1961,16.4706,91.4854,14.2196,7.54,-5.87639,1,10,0,0,20,74.902,0,0,3.584,0,158
2585,46350.880,14.4248,14.4703,13.8544,31,-9.375,-.78125,2248,57.1662,23,87.8,22.47,2.08,10.5882,16.8627,96.8423,14.2196,7.54,-5.87639,1,10,0,0,21,74.902,0,0,3.584,0,158
2586,46350.920,14.3823,14.4703,13.8992,31,-9.375,-.78125,2258.75,57.1662,23,87.8,23.3,2.1,11.7647,17.2549,106.827,14.2196,7.54,-5.58269,1,10,0,0,20,74.902,0,0,3.584,0,158
2587,46350.960,14.5505,14.5852,13.912,31,-9.375,-.78125,2256.5,57.1662,22.5,87.8,24.3,2.14,12.549,18.0392,114.499,14.2196,7.685,-4.30453,1,10,0,0,20,74.902,0,0,3.584,0,158
2588,46351.000,14.7188,14.5852,13.912,31,-9.375,0,2261.5,57.1662,22,87.8,26.28,2.16,12.549,18.4314,116.978,14.2196,7.83,-4.30453,1,10,0,0,20,74.902,0,0,3.84,0,158
2589,46351.040,14.7613,14.7,12.8877,31,-8.59375,0,2247.5,57.1662,21.5,87.8,27.43,2.16,12.549,18.4314,117.16,14.2196,8.265,-4.09171,1,10,0,0,21,74.902,0,0,4.096,0,158
2590,46351.080,14.9296,14.9297,12.8877,31,-6.25,0,2264,57.1662,21.5,87.8,27.32,2.18,12.549,18.8235,116.943,14.2196,8.41,-4.09171,1,10,0,0,21,74.902,0,0,4.096,0,158
2591,46351.120,15.2255,15.0445,13.555,31,-5.46875,0,2244,57.1662,21,87.8,27.4,2.18,12.549,18.8235,114.669,14.2196,8.555,-4.07444,1,10,0,0,20,74.902,0,0,4.096,0,158
2592,46351.160,15.0978,15.0445,13.5124,31,-4.6875,0,2264,57.1662,20.5,87.8,27.76,2.18,12.549,18.8235,114.391,14.2196,8.7,-4.07988,1,10,0,0,20,74.902,0,0,4.352,0,158
2593,46351.200,15.0978,15.0445,13.5124,31,-4.6875,0,2242,57.1662,20.5,87.8,27.32,2.16,12.549,18.4314,114.696,14.2196,8.845,-4.07988,1,10,0,0,20,74.902,0,0,4.352,0,158
2594,46351.240,14.5931,14.9297,13.5124,31,-4.6875,0,2258.5,57.1662,20.5,87.8,27.19,2.16,12.549,18.4314,114.467,14.2196,8.845,-4.29605,1,10,0,0,20,74.902,0,0,4.352,0,158
2595,46351.280,14.3397,14.7,13.5489,31,-5.46875,0,2250.25,57.1662,20,87.8,26.95,2.16,12.549,18.4314,114.58,14.2196,8.845,-4.2975,1,10,0,0,20,74.902,0,0,4.352,0,158
2596,46351.320,14.2972,14.4703,13.5489,31,-5.46875,0,2249.5,57.1662,20,87.8,26.55,2.16,12.549,18.4314,114.589,14.2196,8.845,-4.2975,1,10,0,0,20,74.902,0,0,4.352,0,158
2597,46351.360,14.214,14.3555,13.604,31,-6.25,0,2246.25,57.1662,20,87.8,26.55,2.14,10.9804,18.0392,101.946,14.2196,8.845,-4.95641,1,10,0,0,20,74.902,0,0,4.352,0,158
2598,46351.400,14.214,14.2406,13.604,31,-6.25,0,2253.5,57.1662,20.5,87.8,24.73,2.12,10.5882,17.2549,96.7298,14.2196,8.845,-4.95641,1,10,0,0,20,74.902,0,0,4.352,0,158
2599,46351.440,14.0032,14.1258,13.6844,31,-7.03125,0,2244.5,57.1662,20.5,87.8,24.09,2.08,10.5882,17.2549,96.9034,14.2196,8.845,-5.66516,1,10,0,0,20,74.902,0,0,4.096,0,158
2600,46351.480,14.0457,14.1258,13.7909,31,-7.8125,0,2253,57.1662,21,87.8,23.59,2.08,10.5882,16.8627,96.7402,14.2196,8.7,-5.6744,1,10,0,0,20,74.902,0,0,4.096,0,158
2601,46351.520,14.0883,14.0109,13.7909,31,-8.59375,0,2240.5,57.1662,21.5,87.8,23.26,2.08,10.1961,16.8627,94.4479,14.2196,8.7,-5.6744,1,10,0,0,20,74.902,0,0,3.84,0,158
2602,46351.560,13.7073,14.0109,13.9056,31,-9.375,0,2255.25,57.1662,21.5,87.8,23.34,2.08,10.9804,16.8627,99.242,14.2196,8.555,-5.77996,1,10,0,0,20,74.902,0,0,3.84,0,158
2603,46351.600,13.8349,14.0109,14.0483,32,-9.375,0,2242.5,57.1662,21.5,86,23.18,2.08,11.3725,17.2549,104.545,14.2196,8.41,-5.15672,1,10,0,0,20,74.902,0,0,3.84,0,158
2604,46351.640,13.9181,14.0109,14.0483,32,-10.1563,0,2251.25,57.1662,22,86,24.09,2.12,10.9804,17.6471,99.3127,14.2196,8.41,-5.15672,1,10,0,0,20,74.902,0,0,3.84,0,158
2605,46351.680,14.0457,14.1258,14.1208,32,-10.1563,0,2240.75,56.5448,21.5,86,24.6,2.12,10.9804,17.6471,99.5076,14.2196,8.265,-5.57883,1,8,0,0,20,74.902,0,0,3.84,0,158
2606,46351.720,13.9181,14.2406,14.1208,32,-10.1563,0,2248,56.5448,21.5,86,24.86,2.1,10.9804,17.6471,101.912,14.2196,8.41,-5.57883,1,8,0,0,20,74.902,0,0,3.84,0,158
2607,46351.760,14.4248,14.4703,14.1341,32,-9.375,0,2241.25,56.5448,21.5,86,24.01,2.12,10.9804,17.6471,99.4941,14.2196,8.41,-5.36547,1,8,0,0,20,74.902,0,0,3.84,0,158
2608,46351.800,15.4769,14.5852,14.1607,32,-8.59375,0,2251.75,56.5448,21.5,86,24.47,2.12,10.9804,17.2549,99.3012,14.2196,8.41,-5.5699,1,8,0,0,20,74.902,0,0,3.84,0,158
2609,46351.840,15.562,14.8148,14.1607,32,-8.59375,0,2234,56.5448,21.5,86,24.47,2.12,10.9804,17.2549,99.627,14.2196,8.41,-5.5699,1,8,0,0,20,74.902,0,0,3.84,0,158
2610,46351.880,15.6471,14.9297,14.1807,32,-7.8125,0,2260.25,56.5448,21.5,86,24.72,2.12,10.9804,17.2549,99.1413,14.2196,8.41,-5.56904,1,8,0,0,21,74.902,0,0,3.84,0,158
2611,46351.920,15.5194,14.9297,14.2008,32,-7.03125,0,2233.25,56.5448,21.5,86,24.86,2.1,10.9804,17.2549,102.168,14.2196,8.41,-5.36014,1,8,0,0,20,74.902,0,0,3.84,0,158
2612,46351.960,15.4769,14.9297,14.2008,32,-7.03125,0,2242.5,56.5448,21.5,86,24.18,2.1,11.7647,17.2549,107.074,14.2196,8.41,-5.36014,1,8,0,0,20,74.902,0,0,3.84,0,158
2613,46352.000,15.6045,14.9297,14.2209,32,-6.25,0,2245,56.5448,21.5,86,24.38,2.12,11.7647,18.0392,109.568,14.2196,8.41,-4.73918,1,8,0,0,21,74.902,0,0,3.84,0,158
2614,46352.040,15.6877,14.8148,14.2209,32,-6.25,0,2244.25,56.5448,21.5,86,25.52,2.14,12.549,18.0392,114.654,14.2196,8.41,-4.73918,1,8,0,0,20,74.902,0,0,3.84,0,158
2615,46352.080,15.7728,14.8148,14.2343,32,-6.25,0,2246.25,56.5448,21,86,26.73,2.16,14.1176,18.4314,129.85,14.2196,8.41,-4.28388,1,8,0,0,20,74.902,0,0,3.84,0,158
2616,46352.120,15.562,14.8148,14.2075,32,-6.25,0,2237.25,56.5448,21,86,28.24,2.22,16.0784,20.3922,150.18,14.2196,8.555,-1.67854,1,8,0,0,20,74.902,0,0,4.096,0,158
2617,46352.160,15.6877,14.8148,14.2075,32,-5.46875,0,2246,56.5448,20,86,31.46,2.28,16.8627,21.5686,160.252,14.2196,8.845,-1.67854,1,8,0,0,20,74.902,0,0,4.352,0,158
2618,46352.200,15.5194,14.9297,12.7404,32,-4.6875,0,2247.25,56.5448,19,86,34.24,2.32,17.6471,22.7451,167.813,14.2196,9.57,.0464536,1,8,0,0,20,74.902,0,0,5.12,0,158
2619,46352.240,15.6877,15.0445,12.762,32,-3.90625,0,2242.75,56.5448,18,86,35.68,2.34,17.6471,23.1373,167.751,14.2196,10.005,.256106,1,8,0,0,20,74.902,0,0,5.12,0,158
2620,46352.280,16.0262,15.1594,12.762,32,-3.125,0,2252.25,56.5448,17.5,86,35.24,2.34,18.4314,23.5294,172.946,14.2196,10.44,.256106,1,8,0,0,20,74.902,0,0,5.376,0,158
2621,46352.320,15.8985,15.0445,13.0158,32,-2.34375,0,2232,56.5448,17,86,35.51,2.34,18.8235,23.5294,177.492,14.2196,10.73,.801613,1,8,0,0,20,74.902,0,0,5.376,0,158
2622,46352.360,15.9411,14.9297,13.0158,32,-2.34375,0,2253.5,56.5448,16.5,86,35.51,2.36,19.2157,23.9216,183.119,14.2196,10.875,.801613,1,8,0,0,19,74.902,0,0,5.376,0,158
2623,46352.400,15.856,14.8148,13.1638,32,-2.34375,0,2234.5,56.5448,16,86,35.96,2.36,20,24.7059,189.957,14.2196,11.02,1.4982,1,8,0,0,18,74.902,0,0,5.632,0,158
2624,46352.440,15.8153,14.7,13.1466,32,-2.34375,0,2237,56.5448,15.5,86,36.67,2.38,20.7843,25.4902,197.525,14.2196,11.165,2.29915,1,8,0,0,17,74.902,0,0,5.632,0,158
2625,46352.480,15.6045,14.5852,13.1466,32,-2.34375,0,2257.25,56.5448,14.5,86,37.9,2.4,22.3529,25.8824,212.284,14.2196,11.455,2.29915,1,8,0,0,17,74.902,0,0,5.888,0,158
2626,46352.520,15.268,14.5852,13.1008,32,-2.34375,0,2245.5,56.5448,15.5,86,39.41,2.44,23.9216,27.8431,225.343,14.2196,11.745,3.58001,1,8,0,0,16,74.902,0,0,5.888,0,158
2627,46352.560,15.2255,14.4703,12.7404,32,-3.125,0,2237.5,56.5448,15,86,42.65,2.44,23.9216,28.2353,225.326,14.2196,12.035,3.72086,1,8,0,0,15,74.902,0,0,6.144,0,158
2628,46352.600,15.268,14.5852,12.7404,32,-3.125,0,2262.25,56.5448,15,86,41.97,2.46,23.9216,28.6275,228.106,14.2196,12.325,3.72086,1,8,0,0,14,74.902,0,0,6.4,0,158
2629,46352.640,15.1404,14.4703,13.0102,32,-3.125,0,2226.75,56.5448,15,86,41.58,2.44,23.9216,28.6275,225.481,14.2196,12.47,3.73288,1,8,0,0,14,74.902,0,0,6.4,0,158
2630,46352.680,15.1829,14.3555,13.0102,32,0,0,2264.25,56.5448,15,86,41.15,2.44,23.9216,28.6275,228.001,14.2196,12.615,3.73288,1,8,0,0,13,74.902,0,0,6.656,0,158
2631,46352.720,14.887,14.2406,13.0327,32,0,0,2228,56.5448,15,86,41.58,2.44,23.9216,28.6275,225.501,14.2196,12.76,3.85411,1,8,0,0,12,74.902,0,0,6.656,0,158
2632,46352.760,13.9181,14.0109,12.9375,32,0,0,2252.5,56.5448,15,86,39.64,2.42,23.9216,28.2353,225.39,14.2196,12.76,3.72451,1,8,0,0,11,74.902,0,0,6.656,0,158
2633,46352.800,13.6241,13.7813,12.9375,32,0,0,2250,56.5448,14.5,86,40.5,2.42,23.9216,28.2353,225.558,14.2196,12.76,3.72451,1,8,0,0,11,74.902,0,0,6.656,0,158
2634,46352.840,13.3708,13.6664,12.8547,32,0,0,2240.75,56.5448,15,86,40.93,2.44,23.5294,28.2353,222.979,14.2196,12.76,3.73468,1,8,0,0,11,74.902,0,0,6.912,0,158
2635,46352.880,13.3708,13.4367,12.762,32,0,0,2251.25,56.5448,14.5,86,39.83,2.42,23.9216,27.8431,225.553,14.2196,12.76,3.73228,1,8,0,0,10,74.902,0,0,6.912,0,158
2636,46352.920,13.1174,13.207,12.762,32,0,0,2246.25,56.5448,15,86,39.83,2.44,23.9216,28.2353,225.739,14.2196,12.76,3.73228,1,8,0,0,10,74.902,0,0,6.912,0,158
2637,46352.960,12.7384,13.0922,12.6814,32,0,0,2252.25,56.5448,14.5,86,39.4,2.42,23.9216,28.2353,225.647,14.2196,12.76,3.73714,1,8,0,0,10,74.902,0,0,6.912,0,158
2638,46353.000,12.7809,12.9773,12.6814,32,0,0,2263.5,56.5448,15,86,40.26,2.44,23.9216,28.2353,225.907,14.2196,12.76,3.73714,1,8,0,0,10,74.902,0,0,6.912,0,158
2639,46353.040,12.6552,12.8625,12.7512,32,0,0,2237.25,57.1662,15,86,41.33,2.44,23.9216,28.2353,225.901,14.2196,12.76,3.74993,1,8,0,0,10,74.902,0,0,6.912,0,158
2640,46353.080,12.5275,12.7477,12.7458,32,0,0,2263.5,57.1662,15,86,41.55,2.46,23.9216,28.6275,228.566,14.2196,12.76,3.87877,1,8,0,0,9,74.902,0,0,6.912,0,158
2641,46353.120,12.4444,12.7477,12.7458,32,0,0,2254.75,57.1662,15,86,41.12,2.44,24.3137,28.6275,231.199,14.2196,12.905,3.87877,1,8,0,0,9,74.902,0,0,6.912,0,158
2642,46353.160,12.5701,12.7477,12.7512,32,0,0,2263,57.1662,15,86,41.76,2.46,24.7059,29.0196,233.89,14.2196,12.905,4.01626,1,8,0,0,10,74.902,0,0,6.912,0,158
2643,46353.200,12.6126,12.7477,12.735,32,0,0,2251.75,57.1662,15,86,42.58,2.46,24.7059,29.4118,233.972,14.2196,13.05,4.15153,1,8,0,0,9,74.902,0,0,6.912,0,158
2644,46353.240,12.6126,12.7477,12.735,32,0,0,2264.5,57.1662,15,86,42.97,2.46,24.3137,29.4118,231.596,14.2196,13.05,4.15153,1,8,0,0,9,74.902,0,0,7.168,0,159.8
2645,46353.280,12.7384,12.7477,12.6867,32,0,0,2251.75,57.1662,14.5,86,42.07,2.44,24.7059,29.0196,234.141,14.2196,13.195,4.03373,1,8,0,0,9,74.902,0,0,7.168,0,159.8
2646,46353.320,12.6552,12.7477,12.6867,32,0,0,2275.5,57.1662,15,86,41.12,2.46,24.7059,29.0196,236.829,14.2196,13.195,4.03373,1,8,0,0,9,74.902,0,0,7.168,0,159.8
2647,46353.360,12.4869,12.6328,12.7404,32,0,0,2248,57.1662,15,86,43.22,2.46,24.7059,29.8039,236.891,14.2196,13.195,4.29381,1,8,0,0,9,74.902,0,0,7.168,0,159.8
2648,46353.400,12.4869,12.518,12.735,32,0,0,2259.75,57.1662,15,86,43.09,2.46,24.7059,29.8039,236.863,14.2196,13.195,4.29679,1,8,0,0,9,74.902,0,0,7.168,0,159.8
2649,46353.440,12.191,12.4031,12.735,32,0,0,2261.75,57.1662,14.5,86,43.09,2.48,25.098,30.1961,239.33,14.2196,13.34,4.29679,1,8,0,0,9,74.902,0,0,7.168,0,159.8
2650,46353.480,11.9377,12.2883,12.6921,32,0,0,2263.25,57.1662,15,86,42.97,2.48,25.098,30.1961,239.352,14.2196,13.34,4.42097,1,8,0,0,9,74.902,0,0,7.168,0,159.8
2651,46353.520,12.4444,12.0586,12.6654,32,0,0,2268.75,57.1662,14.5,86,43.6,2.48,25.098,30.1961,240.452,14.2196,13.485,4.46492,1,8,0,0,9,74.902,0,0,7.168,0,159.8
2652,46353.560,11.8971,12.0586,12.6654,32,0,0,2248,57.1662,15,86,43.6,2.48,25.098,30.1961,240.458,14.2196,13.485,4.46492,1,8,0,0,9,74.902,0,0,7.424,0,159.8
2653,46353.600,11.9802,11.9437,12.6335,32,0,0,2282,57.1662,14,86,43.6,2.46,25.098,30.5882,240.487,14.2196,13.485,4.46349,1,8,0,0,9,74.902,0,0,7.424,0,159.8
2654,46353.640,12.0228,11.9437,12.6335,32,0,0,2265,57.1662,15,86,43.6,2.48,25.4902,30.5882,241.698,14.2196,13.485,4.46349,1,8,0,0,9,74.902,0,0,7.424,0,159.8
2655,46353.680,11.8971,11.8289,12.7189,32,0,0,2261.5,57.1662,14.5,86,43.6,2.46,25.4902,30.5882,241.536,14.2196,13.63,4.49625,1,8,0,0,9,74.902,0,0,7.424,0,159.8
2656,46353.720,11.812,11.8289,12.6814,32,0,0,2279.75,57.1662,14.5,86,43.35,2.48,25.4902,30.5882,241.758,14.2196,13.63,4.50153,1,8,0,0,9,74.902,0,0,7.424,0,159.8
2657,46353.760,11.812,11.8289,12.6814,32,0,0,2256.25,57.1662,14.5,86,43.6,2.48,25.4902,30.5882,241.848,14.2196,13.63,4.50153,1,8,0,0,9,74.902,0,0,7.424,0,159.8
2658,46353.800,12.5275,11.8289,12.7189,32,0,0,2270,57.1662,14.5,86,43.47,2.48,25.8824,30.5882,242.813,14.2196,13.63,4.50598,1,8,0,0,9,74.902,0,0,7.424,0,159.8
2659,46353.840,12.5701,11.7141,12.762,32,0,0,2273,57.1662,15,86,43.98,2.48,25.8824,30.9804,243.804,14.2196,13.63,4.55852,1,8,0,0,9,74.902,0,0,7.424,0,159.8
2660,46353.880,12.5275,11.7141,12.762,32,0,0,2278,57.1662,14.5,86,44.49,2.48,26.2745,30.9804,244.737,14.2196,13.63,4.55852,1,8,0,0,9,74.902,0,0,7.424,0,159.8
2661,46353.920,12.7384,11.7141,12.7135,32,0,0,2263.75,57.1662,15,86,44.61,2.5,26.6667,30.9804,245.919,14.2196,13.775,4.63338,1,8,0,0,9,74.902,0,0,7.424,0,159.8
2662,46353.960,12.7384,11.8289,12.7135,32,0,0,2280.25,57.1662,14.5,86,44.74,2.5,27.0588,31.3725,247.692,14.2196,13.775,4.63338,1,8,0,0,9,74.902,0,0,7.424,0,159.8
2663,46354.000,12.6552,11.8289,12.7404,32,0,0,2276.25,57.1662,15,86,45.12,2.5,27.0588,31.7647,247.971,14.2196,13.775,4.68412,1,8,0,0,10,74.902,0,0,7.424,0,159.8
2664,46354.040,12.6126,11.8289,12.762,32,0,0,2263,57.1662,14.5,86,45,2.5,27.0588,31.7647,247.979,14.2196,13.92,4.68256,1,8,0,0,9,74.902,0,0,7.424,0,159.8
2665,46354.080,12.7809,11.8289,12.762,32,0,0,2285.5,57.1662,14.5,86,44.74,2.5,27.0588,31.7647,247.984,14.2196,13.92,4.68256,1,10,0,0,9,74.902,0,0,7.68,0,159.8
2666,46354.120,12.5701,11.8289,12.7728,32,0,0,2269,57.1662,14.5,86,44.87,2.5,27.451,31.7647,249.115,14.2196,13.92,4.71627,1,10,0,0,10,74.902,0,0,7.424,0,159.8
2667,46354.160,12.6552,11.7141,12.762,32,0,0,2284,57.7875,15,86,45,2.5,27.0588,31.7647,248.104,14.2196,13.92,4.69815,1,10,0,0,10,74.902,0,0,7.68,0,159.8
2668,46354.200,12.6126,11.7141,12.762,32,0,0,2280.25,57.7875,14,86,45.5,2.5,27.0588,31.7647,248.327,14.2196,13.92,4.69815,1,10,0,0,10,74.902,0,0,7.424,0,159.8
2669,46354.240,12.4444,11.7141,12.7891,32,0,0,2269.25,57.7875,15,86,45.25,2.5,27.0588,31.7647,248.474,14.2196,14.065,4.70725,1,10,0,0,10,74.902,0,0,7.424,0,159.8
2670,46354.280,12.5701,11.7141,12.7891,32,0,0,2296.75,57.7875,14.5,86,45.38,2.5,27.0588,31.7647,248.551,14.2196,14.065,4.70725,1,10,0,0,10,74.902,0,0,7.68,0,159.8
2671,46354.320,12.4018,11.7141,12.7837,32,0,0,2278.75,57.7875,15,86,45.12,2.5,27.0588,31.7647,248.891,14.2196,14.065,4.72132,1,10,0,0,10,74.902,0,0,7.68,0,159.8
2672,46354.360,12.6126,11.7141,12.8327,32,0,0,2278.25,57.7875,14.5,86,45.25,2.5,27.0588,31.7647,248.806,14.2196,14.065,4.71788,1,10,0,0,10,74.902,0,0,7.424,0,159.8
2673,46354.400,12.5701,11.8289,12.8327,32,0,0,2299,57.7875,14.5,86,45.63,2.5,27.0588,31.7647,249.089,14.2196,14.065,4.71788,1,10,0,0,10,74.902,0,0,7.68,0,159.8
2674,46354.440,12.5701,11.8289,12.8492,32,0,0,2269.5,57.7875,14.5,86,45.25,2.5,27.0588,31.7647,249.143,14.2196,14.065,4.726,1,10,0,0,10,74.902,0,0,7.424,0,159.8
2675,46354.480,12.5701,11.8289,12.8218,32,0,0,2311,57.7875,14.5,86,45.12,2.5,27.0588,31.7647,249.286,14.2196,14.065,4.75621,1,10,0,0,10,74.902,0,0,7.424,0,159.8
2676,46354.520,12.4444,11.8289,12.8218,32,0,0,2269,57.7875,15,86,45.76,2.5,27.0588,31.7647,249.533,14.2196,14.065,4.75621,1,10,0,0,10,74.902,0,0,7.424,0,159.8
2677,46354.560,12.3187,11.8289,12.8987,32,0,0,2297.5,57.7875,14.5,86,45.25,2.52,27.0588,31.7647,249.479,14.2196,14.065,4.73232,1,10,0,0,10,74.902,0,0,7.68,0,159.8
2678,46354.600,12.4869,11.8289,12.8987,32,0,0,2289.75,57.7875,14.5,86,45.38,2.52,27.0588,31.7647,249.82,14.2196,14.065,4.73232,1,10,0,0,10,74.902,0,0,7.424,0,159.8
2679,46354.640,12.4018,11.8289,12.8932,32,0,0,2294,57.7875,14.5,86,45.38,2.52,27.0588,31.7647,249.807,14.2196,14.065,4.75554,1,10,0,0,10,74.902,0,0,7.424,0,159.8
2680,46354.680,12.5275,11.8289,12.8932,32,0,0,2292.25,57.7875,14.5,86,46.14,2.5,27.451,31.7647,250.908,14.2196,14.21,4.78955,1,10,0,0,10,74.902,0,0,7.424,0,159.8
2681,46354.720,12.4444,11.8289,12.8932,32,0,0,2293.5,57.7875,15,86,46.39,2.52,27.0588,31.7647,250.125,14.2196,14.21,4.78955,1,10,0,0,10,74.902,0,0,7.424,0,159.8
2682,46354.760,12.5701,11.8289,12.9264,32,0,0,2301,57.7875,14.5,86,45.88,2.52,27.0588,31.7647,250.109,14.2196,14.21,4.75415,1,10,0,0,10,74.902,0,0,7.68,0,159.8
2683,46354.800,12.6977,11.8289,12.8822,32,0,0,2298.75,57.7875,14,86,45.5,2.52,27.451,31.7647,251.254,14.2196,14.21,4.82489,1,10,0,0,11,74.902,0,0,7.68,0,159.8
2684,46354.840,12.5701,11.8289,12.8822,32,0,0,2295.5,57.7875,15,86,46.01,2.52,27.0588,31.7647,250.55,14.2196,14.21,4.82489,1,10,0,0,11,74.902,0,0,7.68,0,159.8
2685,46354.880,12.6552,11.8289,12.9375,32,0,0,2292,58.4089,14.5,86,46.14,2.52,27.0588,31.7647,250.522,14.2196,14.21,4.7735,1,10,0,0,10,74.902,0,0,7.68,0,159.8
2686,46354.920,12.6552,11.9437,12.9375,32,0,0,2313.5,58.4089,14.5,86,46.39,2.52,27.451,31.7647,252.592,14.2196,14.21,4.7735,1,10,0,0,10,74.902,0,0,7.68,0,159.8
2687,46354.960,12.6977,11.9437,12.9042,32,0,0,2290,58.4089,14.5,86,45.63,2.52,27.451,31.7647,252.838,14.2196,14.21,4.87162,1,10,0,0,11,74.902,0,0,7.424,0,159.8
2688,46355.000,12.5701,11.9437,12.9542,32,0,0,2312.75,58.4089,14.5,86,45.88,2.52,27.451,31.7647,251.913,14.2196,14.21,4.82178,1,10,0,0,11,74.902,0,0,7.68,0,159.8
2689,46355.040,12.6126,11.9437,12.9542,32,0,0,2290.75,58.4089,14.5,86,46.64,2.52,27.451,31.7647,253.067,14.2196,14.21,4.82178,1,10,0,0,10,74.902,0,0,7.68,0,159.8
2690,46355.080,12.6552,11.9437,12.9542,32,0,0,2315.75,58.4089,14.5,86,45.88,2.52,27.8431,31.7647,254.053,14.2196,14.21,4.86796,1,10,0,0,10,74.902,0,0,7.68,0,159.8
2691,46355.120,12.5275,11.9437,12.9654,32,0,0,2296.25,58.4089,14.5,86,46.01,2.52,27.451,32.1569,253.287,14.2196,14.21,4.87012,1,10,0,0,11,74.902,0,0,7.424,0,159.8
2692,46355.160,12.4444,11.9437,12.9654,32,0,0,2317.75,58.4089,14.5,86,46.14,2.52,27.451,32.1569,252.373,14.2196,14.355,4.87012,1,10,0,0,11,74.902,0,0,7.424,0,159.8
2693,46355.200,12.0653,11.9437,12.9486,32,0,0,2292.75,58.4089,14.5,86,46.77,2.52,27.451,31.7647,252.455,14.2196,14.355,4.86241,1,10,0,0,10,74.902,0,0,7.424,0,159.8
2694,46355.240,12.0653,11.9437,12.9486,32,0,0,2312,58.4089,14.5,86,46.64,2.54,27.451,31.7647,252.472,14.2196,14.355,4.86241,1,10,0,0,10,74.902,0,0,7.68,0,159.8
2695,46355.280,12.1079,12.0586,12.9821,32,0,0,2313.75,58.4089,14.5,86,46.52,2.54,27.451,31.7647,252.568,14.2196,14.355,4.84445,1,10,0,0,11,74.902,0,0,7.68,0,159.8
2696,46355.320,12.0653,11.9437,12.9598,32,0,0,2304,58.4089,14.5,86,45.88,2.52,27.451,31.7647,252.735,14.2196,14.355,4.87525,1,10,0,0,11,74.902,0,0,7.68,0,159.8
2697,46355.360,12.191,11.9437,12.9598,32,0,0,2312,58.4089,15,86,46.64,2.54,27.451,31.7647,252.756,14.2196,14.355,4.87525,1,10,0,0,11,74.902,0,0,7.424,0,159.8
2698,46355.400,12.0653,11.9437,12.9766,32,0,0,2325,58.4089,14.5,86,46.9,2.54,27.8431,31.7647,254.897,14.2196,14.355,4.90602,1,10,0,0,10,74.902,0,0,7.68,0,159.8
2699,46355.440,12.0228,12.0586,13.0046,32,0,0,2300.5,58.4089,15,86,47.02,2.54,27.8431,32.1569,255.309,14.2196,14.355,4.93961,1,10,0,0,11,74.902,0,0,7.68,0,159.8
2700,46355.480,12.191,12.0586,13.0046,32,0,0,2316.25,58.4089,14,86,46.77,2.54,27.8431,32.1569,255.199,14.2196,14.355,4.93961,1,10,0,0,11,74.902,0,0,7.68,0,159.8
2701,46355.520,12.191,12.0586,12.9542,32,0,0,2333.75,58.4089,14.5,86,46.77,2.54,28.2353,32.1569,257.605,14.2196,14.355,5.00512,1,10,0,0,11,74.902,0,0,7.68,0,159.8
2702,46355.560,12.0228,12.0586,12.9542,32,0,0,2310.25,58.4089,14.5,86,47.49,2.54,29.0196,32.549,259.79,14.2196,14.355,5.00512,1,10,0,0,11,74.902,0,0,7.68,0,159.8
2703,46355.600,12.1079,12.0586,12.9934,32,0,0,2330.5,58.4089,14.5,86,47.51,2.56,29.0196,32.9412,259.947,14.2196,14.355,5.09931,1,10,0,0,10,74.902,0,0,7.68,0,159.8
2704,46355.640,12.191,12.0586,12.9431,32,0,0,2317.5,58.4089,14.5,86,47.72,2.56,29.0196,32.9412,261.153,14.2196,14.5,5.18165,1,10,0,0,11,74.902,0,0,7.68,0,159.8
2705,46355.680,12.1079,12.0586,12.9431,32,0,0,2337.5,59.0303,15,86,47.61,2.56,29.0196,32.9412,261.267,14.2196,14.5,5.18165,1,10,0,0,11,74.902,0,0,7.68,0,159.8
2706,46355.720,12.2336,12.0586,12.9375,32,0,0,2317.25,59.0303,14.5,86,47.83,2.56,29.0196,32.9412,260.417,14.2196,14.5,5.16803,1,10,0,0,11,74.902,0,0,7.68,0,159.8
2707,46355.760,12.2336,12.0586,12.9264,32,0,0,2319.5,59.0303,14.5,86,47.61,2.54,29.0196,32.9412,260.624,14.2196,14.5,5.16641,1,10,0,0,11,74.902,0,0,7.68,0,159.8
2708,46355.800,12.1485,12.0586,12.9264,32,0,0,2329.75,59.0303,15,86,47.38,2.54,29.0196,32.9412,261.735,14.2196,14.5,5.16641,1,10,0,0,11,74.902,0,0,7.68,0,159.8
2709,46355.840,12.2761,12.1734,12.971,32,0,0,2332.25,59.0303,14.5,86,47.58,2.56,29.0196,32.9412,260.764,14.2196,14.5,5.13617,1,10,0,0,11,74.902,0,0,7.68,0,159.8
2710,46355.880,12.191,12.0586,12.971,32,0,0,2333.25,59.0303,15,86,47.61,2.54,29.0196,32.9412,261.013,14.2196,14.5,5.13617,1,10,0,0,11,74.902,0,0,7.68,0,159.8
2711,46355.920,11.9802,12.0586,12.9542,32,0,0,2319,59.0303,14.5,86,47.83,2.56,29.0196,32.9412,262.106,14.2196,14.645,5.18431,1,10,0,0,11,74.902,0,0,7.68,0,159.8
2712,46355.960,12.0228,12.0586,12.9542,32,0,0,2340.25,59.0303,14.5,86,47.83,2.56,29.0196,32.9412,262.294,14.2196,14.645,5.22359,1,10,0,0,11,74.902,0,0,7.68,0,159.8
2713,46356.000,12.2336,12.0586,12.9542,32,0,0,2332.75,59.0303,14.5,86,47.72,2.56,29.4118,32.9412,263.522,14.2196,14.645,5.22359,1,10,0,0,11,74.902,0,0,7.68,0,159.8
2714,46356.040,12.191,12.1734,12.9486,32,0,0,2341.25,59.0303,14.5,86,47.94,2.56,29.8039,33.3333,264.737,14.2196,14.645,5.28326,1,10,0,0,11,74.902,0,0,7.68,0,159.8
2715,46356.080,12.191,12.0586,12.9654,32,0,0,2343.75,59.0303,15,86,48.37,2.56,29.8039,33.7255,265.967,14.2196,14.645,5.33996,1,10,0,0,11,74.902,0,0,7.68,0,159.8
2716,46356.120,12.3187,12.1734,12.9654,32,0,0,2334,59.0303,14.5,86,48.58,2.56,30.5882,34.1176,269.202,14.2196,14.645,5.33996,1,10,0,0,11,74.902,0,0,7.68,0,159.8
2717,46356.160,12.3187,12.1734,12.9098,32,0,0,2339.25,59.0303,15,86,49.01,2.6,31.7647,35.2941,272.039,14.2196,14.79,5.59128,1,10,0,0,11,74.902,0,0,7.68,0,159.8
2718,46356.200,12.3187,12.2883,12.9098,32,0,0,2342.5,59.0303,14.5,86,48.79,2.58,31.7647,35.6863,272.201,14.2196,14.79,5.59128,1,10,0,0,11,74.902,0,0,7.68,0,159.8
2719,46356.240,12.5275,12.2883,12.8987,32,0,0,2348.5,59.0303,15,86,48.79,2.58,30.9804,35.6863,271.632,14.2196,14.935,5.59921,1,10,0,0,11,74.902,0,0,7.936,0,159.8
2720,46356.280,12.3187,12.4031,12.8766,32,0,0,2340.25,59.0303,14.5,86,49.12,2.58,30.9804,35.6863,271.617,14.2196,14.935,5.57396,1,10,0,0,11,74.902,0,0,7.936,0,159.8
2721,46356.320,12.3593,12.4031,12.8766,32,0,0,2339.5,59.0303,14.5,86,48.9,2.58,30.9804,35.6863,271.83,14.2196,15.08,5.57396,1,10,0,0,11,74.902,0,0,7.936,0,159.8
2722,46356.360,12.4444,12.2883,12.8932,32,0,0,2344.75,59.0303,14.5,86,48.79,2.6,31.3725,35.6863,272.242,14.2196,15.08,5.52885,1,10,0,0,11,74.902,0,0,7.936,0,159.8
2723,46356.400,12.4869,12.4031,12.8601,32,0,0,2339.5,59.0303,14.5,86,48.58,2.58,31.3725,35.6863,272.59,14.2196,15.08,5.65451,1,10,0,0,11,74.902,0,0,7.936,0,159.8
2724,46356.440,12.4018,12.4031,12.8601,32,0,0,2351.25,59.0303,15,86,48.37,2.58,31.7647,35.6863,273.112,14.2196,15.08,5.65451,1,10,0,0,11,74.902,0,0,7.936,0,159.8
2725,46356.480,12.6126,12.4031,12.8877,32,0,0,2353.25,59.6516,14.5,86,49.33,2.6,31.7647,35.6863,273.731,14.2196,15.08,5.63811,1,10,0,0,11,74.902,0,0,7.936,0,159.8
2726,46356.520,12.6126,12.4031,12.8877,32,0,0,2355.5,59.6516,15,86,49.65,2.6,32.1569,36.0784,274.657,14.2196,15.08,5.63811,1,10,0,0,11,74.902,0,0,7.936,0,159.8
2727,46356.560,12.4869,12.4031,12.8711,32,0,0,2346.5,59.6516,14.5,86,49.44,2.6,32.1569,36.4706,274.747,14.2196,15.08,5.72834,1,10,0,0,11,74.902,0,0,7.936,0,159.8
2728,46356.600,12.3187,12.4031,12.8711,32,0,0,2372,59.6516,15,86,49.12,2.6,32.1569,36.4706,274.962,14.2196,15.225,5.71319,1,10,0,0,11,74.902,0,0,7.936,0,159.8
2729,46356.640,12.5701,12.4031,12.8711,32,0,0,2340.5,59.6516,15,86,49.97,2.58,32.1569,36.4706,275.087,14.2196,15.225,5.71319,1,10,0,0,11,74.902,0,0,7.936,0,159.8
2730,46356.680,12.4444,12.4031,12.8656,32,0,0,2357.5,59.6516,14.5,86,49.22,2.6,31.7647,36.4706,274.696,14.2196,15.225,5.75436,1,10,0,0,11,74.902,0,0,7.936,0,159.8
2731,46356.720,12.4444,12.4031,12.8711,32,0,0,2356,59.6516,14.5,86,49.54,2.6,31.7647,36.0784,274.751,14.2196,15.225,5.72945,1,10,0,0,11,74.902,0,0,7.936,0,159.8
2732,46356.760,12.7384,12.4031,12.8711,32,0,0,2359,59.6516,14.5,86,49.22,2.6,32.1569,36.0784,275.336,14.2196,15.225,5.72945,1,10,0,0,11,74.902,0,0,7.936,0,159.8
2733,46356.800,13.2025,12.4031,12.8656,32,0,0,2358.5,59.6516,15,86,48.9,2.58,32.1569,36.0784,275.572,14.2196,15.225,5.79875,1,10,0,0,11,74.902,0,0,7.936,0,159.8
2734,46356.840,13.2025,12.4031,12.8656,32,0,0,2350.75,59.6516,14.5,86,49.33,2.58,32.1569,36.0784,275.497,14.2196,15.225,5.79875,1,10,0,0,11,74.902,0,0,7.936,0,159.8
2735,46356.880,13.2025,12.4031,12.8987,32,0,0,2375.75,59.6516,14.5,86,49.54,2.6,32.549,36.0784,276.837,14.2196,15.225,5.73966,1,10,0,0,11,74.902,0,0,7.936,0,159.8
2736,46356.920,13.4133,12.4031,12.8877,32,0,0,2347.75,59.6516,14.5,86,49.76,2.6,33.3333,36.4706,277.964,14.2196,15.225,5.8738,1,10,0,0,11,74.902,0,0,7.936,0,159.8
2737,46356.960,13.2451,12.518,12.8877,32,0,0,2373.25,59.6516,14.5,86,49.76,2.6,33.3333,37.2549,277.96,14.2196,15.225,5.8738,1,10,0,0,11,74.902,0,0,7.936,0,159.8
2738,46357.000,13.4559,12.518,12.8711,32,0,0,2359,59.6516,15,86,49.87,2.6,32.549,36.8627,277.266,14.2196,15.37,5.89064,1,10,0,0,11,74.902,0,0,7.936,0,159.8
2739,46357.040,13.4133,12.518,12.8822,32,0,0,2358.25,59.6516,14.5,86,49.76,2.6,32.549,36.4706,277.158,14.2196,15.37,5.84061,1,10,0,0,11,74.902,0,0,7.936,0,159.8
2740,46357.080,13.3282,12.518,12.8822,32,0,0,2363.25,59.6516,15,86,49.54,2.6,33.3333,36.4706,278.149,14.2196,15.37,5.84061,1,10,0,0,11,74.902,0,0,7.936,0,159.8
2741,46357.120,13.3708,12.518,12.8987,32,0,0,2364,59.6516,14.5,86,49.65,2.6,32.9412,36.4706,277.824,14.2196,15.37,5.90921,1,10,0,0,11,74.902,0,0,7.936,0,159.8
2742,46357.160,13.4559,12.518,12.8987,32,0,0,2376,59.6516,15,86,49.65,2.6,33.3333,36.8627,278.529,14.2196,15.37,5.90921,1,10,0,0,11,74.902,0,0,7.936,0,159.8
2743,46357.200,13.4559,12.518,12.8877,32,0,0,2354.25,59.6516,14.5,86,50.31,2.62,33.3333,37.2549,278.69,14.2196,15.37,5.91886,1,10,0,0,11,74.902,0,0,7.936,0,159.8
2744,46357.240,13.5816,12.518,12.8711,32,0,0,2363,59.6516,14.5,86,50.31,2.6,33.3333,37.2549,279.286,14.2196,15.37,5.96709,1,10,0,0,11,74.902,0,0,7.936,0,159.8
2745,46357.280,13.539,12.6328,12.8711,32,0,0,2366.25,59.6516,15,86,50.57,2.62,34.1176,37.2549,280.436,14.2196,15.37,5.96709,1,10,0,0,11,74.902,0,0,7.936,0,159.8
2746,46357.320,13.4559,12.6328,12.9042,32,0,0,2367.75,59.6516,14.5,86,49.76,2.6,34.1176,37.6471,280.455,14.2196,15.515,5.95222,1,10,0,0,11,74.902,0,0,7.936,0,159.8
2747,46357.360,13.2876,12.6328,12.8711,32,0,0,2376.75,59.6516,14.5,86,50.31,2.62,33.7255,37.6471,280.158,14.2196,15.515,6.00046,1,10,0,0,11,74.902,0,0,7.936,0,159.8
2748,46357.400,13.4133,12.6328,12.8711,32,0,0,2356.75,59.6516,14.5,86,50.19,2.6,34.1176,37.2549,281.1,14.2196,15.515,6.00046,1,10,0,0,11,74.902,0,0,7.936,0,159.8
2749,46357.440,13.4559,12.6328,12.8766,32,0,0,2372.75,59.6516,14.5,86,50.57,2.64,34.902,37.6471,282.68,14.2196,15.515,6.08691,1,10,0,0,11,74.902,0,0,7.936,0,159.8
2750,46357.480,13.5816,12.6328,12.8766,32,0,0,2388,59.6516,14.5,86,51.1,2.64,35.2941,38.0392,283.309,14.2196,15.515,6.08691,1,10,0,0,11,74.902,0,0,7.936,0,159.8
2751,46357.520,13.539,12.6328,12.8601,32,0,0,2365,60.273,14.5,86,50.95,2.62,35.2941,38.4314,283.684,14.2196,15.515,6.16063,1,10,0,0,11,74.902,0,0,7.936,0,159.8
2752,46357.560,13.5816,12.7477,12.8822,32,0,0,2385.5,60.273,15,86,50.46,2.62,35.2941,38.4314,284.141,14.2196,15.66,6.06038,1,10,0,0,11,74.902,0,0,7.936,0,159.8
2753,46357.600,13.4133,12.7477,12.8822,32,0,0,2376.5,60.273,14.5,86,51.24,2.64,36.0784,38.4314,285.801,14.2196,15.66,6.06038,1,10,0,0,11,74.902,0,0,7.936,0,159.8
2754,46357.640,13.4984,12.7477,12.8492,32,0,0,2374.5,60.273,15,86,51.24,2.64,36.0784,39.2157,285.521,14.2196,15.66,6.24582,1,10,0,0,11,74.902,0,0,8.192,0,159.8
2755,46357.680,13.4984,12.7477,12.8601,32,0,0,2371.25,60.273,14.5,86,50.46,2.62,35.2941,39.2157,284.429,14.2196,15.66,6.13646,1,10,0,0,11,74.902,0,0,7.936,0,159.8
2756,46357.720,13.4559,12.6328,12.8601,32,0,0,2374,60.273,14.5,86,50.82,2.62,35.6863,38.8235,285.131,14.2196,15.66,6.13646,1,10,0,0,11,74.902,0,0,8.192,0,159.8
2757,46357.760,13.4984,12.6328,12.8656,32,0,0,2384,60.273,15,86,50.42,2.62,36.0784,38.8235,285.617,14.2196,15.66,6.19045,1,10,0,0,12,74.902,0,0,7.936,0,159.8
2758,46357.800,13.4984,12.6328,12.8656,32,0,0,2383,60.273,14.5,86,51.54,2.64,36.0784,38.8235,285.711,14.2196,15.66,6.19045,1,10,0,0,11,74.902,0,0,8.192,0,159.8
2759,46357.840,13.3708,12.6328,12.8547,32,0,0,2382,60.273,15,86,50.97,2.64,36.0784,39.2157,286.495,14.2196,15.66,6.22787,1,10,0,0,11,74.902,0,0,8.192,0,159.8
2760,46357.880,13.3708,12.6328,12.8492,32,0,0,2379.25,60.273,14.5,86,50.95,2.64,36.4706,39.2157,287.013,14.2196,15.805,6.29521,1,10,0,0,12,74.902,0,0,8.192,0,159.8
2761,46357.920,13.539,12.7477,12.8492,32,0,0,2389.25,60.273,15,86,50.82,2.64,36.8627,39.6078,287.656,14.2196,15.805,6.29521,1,10,0,0,12,74.902,0,0,8.192,0,159.8
2762,46357.960,13.539,12.6328,12.8601,32,0,0,2377.5,60.273,15,86,51.39,2.62,36.8627,39.6078,287.704,14.2196,15.805,6.28376,1,10,0,0,11,74.902,0,0,8.192,0,159.8
2763,46358.000,13.5816,12.6328,12.8437,32,0,0,2389.5,60.273,14.5,84.2,51.39,2.62,36.8627,39.6078,287.647,14.2196,15.805,6.33624,1,10,0,0,11,74.902,0,0,8.192,0,159.8
2764,46358.040,13.4984,12.7477,12.8437,32,0,0,2381.25,60.273,15,84.2,51.69,2.64,37.2549,40,288.812,14.2196,15.805,6.33624,1,10,0,0,12,74.902,0,0,8.192,0,161.6
2765,46358.080,13.4559,12.7477,12.8766,32,0,0,2381,60.273,14.5,84.2,51.54,2.64,37.6471,40,289.081,14.2196,15.805,6.33541,1,10,0,0,12,74.902,0,0,8.192,0,161.6
2766,46358.120,13.539,12.7477,12.8766,32,0,0,2395.25,60.273,15,84.2,52.13,2.66,38.4314,40,290.852,14.2196,15.805,6.33541,1,10,0,0,12,74.902,0,0,8.192,0,161.6
2767,46358.160,13.539,12.7477,12.8601,32,0,0,2400,60.273,14.5,84.2,52.13,2.64,39.6078,40.7843,292.597,14.2196,15.95,6.39154,1,10,0,0,12,74.902,0,0,8.192,0,161.6
2768,46358.200,12.866,12.7477,12.8109,32,0,0,2388.5,60.273,14,84.2,53.02,2.64,40.7843,41.9608,294.686,14.2196,15.95,6.80178,1,10,0,0,12,74.902,0,0,8.192,0,161.6
2769,46358.240,12.9492,12.7477,12.8109,32,0,0,2378,60.273,15,84.2,52.58,2.66,41.5686,42.7451,295.659,14.2196,16.095,6.80178,1,10,0,0,12,74.902,0,0,8.192,0,161.6
2770,46358.280,12.8234,12.7477,12.8437,32,0,0,2401,60.273,14.5,84.2,51.99,2.66,41.5686,42.7451,295.846,14.2196,16.095,6.52431,1,10,0,0,12,74.902,0,0,8.192,0,161.6
2771,46358.320,12.9492,12.7477,12.8109,32,0,0,2391.75,60.273,15,84.2,52.58,2.66,41.9608,43.1373,296.488,14.2196,16.095,6.65095,1,10,0,0,12,74.902,0,0,8.192,0,161.6
2772,46358.360,12.866,12.7477,12.8109,32,0,0,2384.25,60.273,14.5,84.2,53.47,2.66,42.3529,43.5294,296.752,14.2196,16.095,6.65095,1,10,0,0,12,74.902,0,0,8.192,0,161.6
2773,46358.400,12.9492,12.7477,12.7837,32,0,0,2373.25,60.273,14.5,84.2,53.17,2.66,42.3529,43.5294,297.163,14.2196,16.24,6.7416,1,10,0,0,12,74.902,0,0,8.448,0,161.6
2774,46358.440,12.9085,12.7477,12.7837,32,0,0,2391,60.273,14.5,84.2,52.88,2.66,42.3529,43.5294,296.991,14.2196,16.24,6.7416,1,10,0,0,13,74.902,0,0,8.448,0,161.6
2775,46358.480,12.7809,12.7477,12.8,32,0,0,2405.5,60.273,14,84.2,52.73,2.66,42.3529,43.5294,297.524,14.2196,16.24,6.66504,1,10,0,0,13,74.902,0,0,8.448,0,161.6
2776,46358.520,12.7384,12.7477,12.8218,32,0,0,2386,60.273,15,84.2,53.47,2.66,42.3529,43.5294,297.352,14.2196,16.24,6.63616,1,10,0,0,13,74.902,0,0,8.448,0,161.6
2777,46358.560,12.7809,12.7477,12.8218,32,0,0,2383.75,60.273,14.5,84.2,53.32,2.66,42.3529,43.5294,297.493,14.2196,16.24,6.63616,1,10,0,0,13,74.902,0,0,8.448,0,161.6
2778,46358.600,12.9085,12.7477,12.7783,32,0,0,2383.25,60.273,15,84.2,53.47,2.66,43.1373,43.5294,299.022,14.2196,16.24,7.04114,1,10,0,0,13,74.902,0,0,8.448,0,161.6
2779,46358.640,12.6552,12.7477,12.8218,32,0,0,2398.75,60.273,15,84.2,53.47,2.66,43.5294,44.3137,299.446,14.2196,16.24,6.72555,1,10,0,0,13,74.902,0,0,8.448,0,161.6
2780,46358.680,12.7809,12.7477,12.8218,32,0,0,2406.75,60.273,14.5,84.2,53.02,2.68,43.9216,44.7059,300.168,14.2196,16.385,6.72555,1,10,0,0,14,74.902,0,0,8.448,0,161.6
2781,46358.720,12.6552,12.7477,12.8054,32,0,0,2399.5,60.8944,15,84.2,54.06,2.68,44.3137,44.7059,300.792,14.2196,16.385,6.7878,1,10,0,0,14,74.902,0,0,8.448,0,161.6
2782,46358.760,12.866,12.7477,12.8054,32,0,0,2390,60.8944,14.5,84.2,54.36,2.68,44.3137,44.7059,300.676,14.2196,16.385,6.7878,1,10,0,0,13,74.902,0,0,8.448,0,161.6
2783,46358.800,12.9492,12.7477,12.7783,32,0,0,2381.5,60.8944,15,84.2,54.06,2.66,44.3137,44.7059,300.846,14.2196,16.385,7.13003,1,10,0,0,14,74.902,0,0,8.448,0,161.6
2784,46358.840,12.9492,12.7477,12.7946,32,0,0,2410.5,60.8944,14.5,84.2,53.76,2.66,44.3137,44.7059,300.796,14.2196,16.385,6.87489,1,10,0,0,14,74.902,0,0,8.448,0,161.6
2785,46358.880,13.3282,12.7477,12.7946,32,0,0,2396.5,60.8944,14.5,84.2,53.47,2.68,43.9216,44.7059,300.93,14.2196,16.385,6.87489,1,10,0,0,14,74.902,0,0,8.448,0,161.6
2786,46358.920,13.4133,12.6328,12.8054,32,0,0,2398.25,60.8944,15,84.2,54.21,2.68,43.9216,44.7059,300.854,14.2196,16.385,6.82368,1,10,0,0,14,74.902,0,0,8.448,0,161.6
2787,46358.960,13.6241,12.7477,12.8054,32,0,0,2397,60.8944,14.5,84.2,53.91,2.68,44.3137,44.7059,301.078,14.2196,16.53,6.81708,1,10,0,0,14,74.902,0,0,8.448,0,161.6
2788,46359.000,13.539,12.7477,12.8054,32,0,0,2389.75,60.8944,14.5,84.2,54.65,2.68,44.3137,45.098,301.176,14.2196,16.53,6.81708,1,10,0,0,14,74.902,0,0,8.448,0,161.6
2789,46359.040,13.4559,12.6328,12.8109,32,0,0,2416.75,60.8944,15,84.2,54.36,2.68,44.3137,44.7059,301.177,14.2196,16.53,6.89759,1,10,0,0,14,74.902,0,0,8.448,0,161.6
2790,46359.080,13.3708,12.7477,12.8109,32,0,0,2402.75,60.8944,14.5,84.2,53.76,2.68,44.3137,44.7059,301.204,14.2196,16.53,6.89759,1,10,0,0,14,74.902,0,0,8.448,0,161.6
2791,46359.120,13.4984,12.7477,12.8109,32,0,0,2410,60.8944,15,84.2,54.21,2.7,44.3137,44.7059,301.205,14.2196,16.53,6.88332,1,10,0,0,15,74.902,0,0,8.448,0,161.6
2792,46359.160,13.539,12.6328,12.7946,32,0,0,2411.25,60.8944,14.5,84.2,55.25,2.7,44.3137,45.098,301.229,14.2196,16.53,7.24181,1,10,0,0,14,74.902,0,0,8.704,0,161.6
2793,46359.200,13.4984,12.6328,12.7946,32,0,0,2391,60.8944,14.5,84.2,55.25,2.68,44.3137,44.7059,301.251,14.2196,16.53,7.24181,1,10,0,0,15,74.902,0,0,8.448,0,161.6
2794,46359.240,13.4984,12.7477,12.8054,32,0,0,2423,60.8944,14.5,84.2,53.91,2.7,44.3137,44.7059,301.239,14.2196,16.53,7.08793,1,10,0,0,15,74.902,0,0,8.704,0,161.6
2795,46359.280,13.4559,12.7477,12.8273,31,0,0,2400,60.8944,15,84.2,54.65,2.7,44.3137,44.7059,301.297,14.2196,16.53,6.83207,1,10,0,0,15,74.902,0,0,8.704,0,161.6
2796,46359.320,13.6241,12.6328,12.8273,31,0,0,2414.5,60.8944,15,84.2,54.51,2.68,44.3137,44.7059,301.28,14.2196,16.53,6.83207,1,10,0,0,15,74.902,0,0,8.704,0,161.6
2797,46359.360,13.4984,12.6328,12.8,31,0,0,2415.75,60.8944,14.5,84.2,54.65,2.7,44.7059,45.098,301.594,14.2196,16.53,7.41913,1,10,0,0,15,74.902,0,0,8.704,0,161.6
2798,46359.400,13.4133,12.6328,12.8,31,0,0,2401.5,60.8944,15,84.2,55.1,2.68,44.7059,45.098,301.625,14.2196,16.53,7.41913,1,10,0,0,15,74.902,0,0,8.704,0,161.6
2799,46359.440,13.3708,12.6328,12.8327,31,0,0,2422.25,60.8944,15,84.2,54.51,2.7,45.098,45.098,301.778,14.2196,16.53,6.86484,1,10,0,0,15,74.902,0,0,8.704,0,161.6
2800,46359.480,13.539,12.6328,12.8109,31,0,0,2416,60.8944,14.5,84.2,54.8,2.7,45.098,45.098,301.947,14.2196,16.675,7.32603,1,10,0,0,15,74.902,0,0,8.704,0,161.6
2801,46359.520,13.3708,12.7477,12.8109,31,0,0,2427,60.8944,15,84.2,54.95,2.7,45.098,45.098,301.83,14.2196,16.675,7.32603,1,10,0,0,15,74.902,0,0,8.704,0,161.6
2802,46359.560,13.4984,12.7477,12.8163,31,0,0,2419.25,60.8944,15,84.2,54.95,2.68,45.098,45.098,301.842,14.2196,16.675,7.16526,1,10,0,0,15,74.902,0,0,8.704,0,161.6
2803,46359.600,13.6241,12.6328,12.8163,31,0,0,2401.25,60.8944,14.5,84.2,54.95,2.7,44.7059,45.098,301.7,14.2196,16.675,6.86422,1,10,0,0,15,74.902,0,0,8.704,0,161.6
2804,46359.640,13.4984,12.7477,12.8163,31,0,0,2426.25,60.8944,14.5,84.2,54.8,2.7,44.7059,45.098,301.708,14.2196,16.675,6.86422,1,10,0,0,15,74.902,0,0,8.704,0,161.6
2805,46359.680,13.4984,12.6328,12.8109,31,0,0,2408.75,60.8944,14.5,84.2,54.95,2.7,44.7059,45.098,301.722,14.2196,16.675,7.38718,1,10,0,0,15,74.902,0,0,8.704,0,161.6
2806,46359.720,12.866,12.7477,12.8109,31,0,0,2430.25,60.8944,15,84.2,55.1,2.7,44.7059,45.098,301.73,14.2196,16.675,7.38718,1,10,0,0,15,74.902,0,0,8.704,0,161.6
2807,46359.760,12.866,12.6328,12.8218,31,0,0,2434.75,61.5158,15,84.2,55.1,2.7,44.7059,45.098,301.749,14.2196,16.675,7.19921,1,10,0,0,15,74.902,0,0,8.704,0,161.6
2808,46359.800,12.7384,12.6328,12.8163,31,0,0,2406.5,61.5158,15,84.2,55.25,2.7,45.098,45.098,301.923,14.2196,16.675,7.35884,1,10,0,0,15,74.902,0,0,8.704,0,161.6
2809,46359.840,12.7809,12.7477,12.8163,31,0,0,2429.75,61.5158,14.5,84.2,55.54,2.7,45.098,45.098,301.935,14.2196,16.675,7.35884,1,10,0,0,15,74.902,0,0,8.704,0,161.6
2810,46359.880,12.7384,12.7477,12.8273,31,0,0,2425.75,61.5158,14.5,84.2,54.95,2.72,45.098,45.098,301.96,14.2196,16.675,7.20457,1,10,0,0,16,74.902,0,0,8.704,0,161.6
2811,46359.920,12.7384,12.6328,12.8273,31,0,0,2413.5,61.5158,15,84.2,54.8,2.68,45.098,45.098,301.972,14.2196,16.675,7.24276,1,10,0,0,16,74.902,0,0,8.704,0,161.6
2812,46359.960,12.6126,12.6328,12.8273,31,0,0,2443.25,61.5158,15,84.2,55.25,2.68,45.098,45.098,301.958,14.2196,16.675,7.24276,1,10,0,0,16,74.902,0,0,8.704,0,161.6
2813,46360.000,12.5275,12.6328,12.8109,31,0,0,2417.75,61.5158,14.5,84.2,56.28,2.72,45.098,45.098,302.013,14.2196,16.82,7.63868,1,10,0,0,15,74.902,0,0,8.704,0,161.6
2814,46360.040,12.7384,12.6328,12.8109,31,0,0,2421.5,61.5158,15,84.2,55.84,2.72,45.098,45.098,302.003,14.2196,16.82,7.63868,1,10,0,0,15,74.902,0,0,8.704,0,161.6
2815,46360.080,12.866,12.6328,12.8327,31,0,0,2445.25,61.5158,14.5,84.2,55.69,2.7,45.098,45.098,302.012,14.2196,16.82,7.22261,1,10,0,0,16,74.902,0,0,8.704,0,161.6
2816,46360.120,12.7384,12.6328,12.8218,31,0,0,2426.75,61.5158,15,84.2,55.54,2.7,45.098,45.4902,302.187,14.2196,16.82,7.52123,1,10,0,0,16,74.902,0,0,8.704,0,161.6
2817,46360.160,12.7384,12.6328,12.8218,31,0,0,2440.5,61.5158,15,84.2,55.1,2.7,45.098,45.4902,302.204,14.2196,16.82,7.52123,1,10,0,0,16,74.902,0,0,8.704,0,161.6
2818,46360.200,13.4133,12.6328,12.8163,31,0,0,2420.25,61.5158,14.5,84.2,56.58,2.72,45.098,45.4902,302.231,14.2196,16.82,7.495,1,10,0,0,16,74.902,0,0,8.704,0,161.6
2819,46360.240,13.3708,12.6328,12.8218,31,0,0,2415.5,61.5158,14.5,84.2,56.28,2.7,45.098,45.4902,302.242,14.2196,16.82,7.49368,1,10,0,0,16,74.902,0,0,8.704,0,161.6
2820,46360.280,13.2876,12.6328,12.8218,31,0,0,2444,61.5158,14.5,84.2,56.43,2.72,45.098,45.4902,302.245,14.2196,16.82,7.49368,1,10,0,0,16,74.902,0,0,8.704,0,161.6
2821,46360.320,12.4444,12.6328,12.8437,31,0,0,2424,61.5158,15.5,84.2,55.69,2.7,45.098,45.4902,302.12,14.2196,16.82,7.24347,1,10,0,0,16,74.902,0,0,8.704,0,161.6
2822,46360.360,12.6977,12.6328,12.8437,31,0,0,2447.25,61.5158,15,84.2,55.99,2.7,45.098,45.4902,302.135,14.2196,16.82,7.24347,1,10,0,0,16,74.902,0,0,8.704,0,161.6
2823,46360.400,12.6977,12.6328,12.8327,31,0,0,2444,61.5158,15,84.2,55.39,2.68,45.098,45.4902,302.136,14.2196,16.82,7.37599,1,10,0,0,16,74.902,0,0,8.704,0,161.6
2824,46360.440,12.6126,12.6328,12.8218,31,0,0,2432,61.5158,14.5,84.2,55.84,2.7,44.7059,45.4902,302.008,14.2196,16.82,7.64115,1,10,0,0,16,74.902,0,0,8.704,0,161.6
2825,46360.480,12.5701,12.6328,12.8218,31,0,0,2443,61.5158,15,84.2,55.69,2.72,45.098,45.098,302.188,14.2196,16.82,7.64115,1,10,0,0,16,74.902,0,0,8.704,0,161.6
2826,46360.520,12.8234,12.6328,12.8382,31,0,0,2451.25,61.5158,14.5,84.2,55.39,2.72,45.098,45.4902,302.188,14.2196,16.82,7.36186,1,10,0,0,16,74.902,0,0,8.704,0,161.6
2827,46360.560,12.7809,12.6328,12.8109,31,0,0,2436.25,61.5158,14.5,84.2,56.28,2.7,45.098,45.4902,302.376,14.2196,16.82,7.9432,1,10,0,0,16,74.902,0,0,8.704,0,161.6
2828,46360.600,12.7809,12.6328,12.8109,31,0,0,2449.75,61.5158,15,84.2,56.14,2.72,45.098,45.4902,302.398,14.2196,16.82,7.9432,1,10,0,0,16,74.902,0,0,8.704,0,161.6
2829,46360.640,12.4869,12.6328,12.8327,31,0,0,2425.75,61.5158,15,84.2,56.28,2.7,45.098,45.4902,302.403,14.2196,16.965,7.55965,1,10,0,0,16,74.902,0,0,8.704,0,161.6
2830,46360.680,12.7809,12.7477,12.8327,31,0,0,2447.5,61.5158,15,84.2,56.28,2.7,45.098,45.4902,302.419,14.2196,16.965,7.55965,1,10,0,0,16,74.902,0,0,8.704,0,161.6
2831,46360.720,12.9917,12.6328,12.8218,31,0,0,2447,61.5158,15.5,84.2,55.99,2.72,45.098,45.4902,302.473,14.2196,16.965,7.76727,1,10,0,0,16,74.902,0,0,8.704,0,161.6
2832,46360.760,12.5701,12.6328,12.8273,31,0,0,2433.75,61.5158,14.5,84.2,55.99,2.7,45.098,45.4902,302.318,14.2196,16.965,7.72211,1,10,0,0,17,74.902,0,0,8.704,0,161.6
2833,46360.800,12.866,12.6328,12.8273,31,0,0,2461.75,61.5158,15,84.2,56.14,2.72,45.098,45.4902,302.47,14.2196,16.965,7.72211,1,10,0,0,17,74.902,0,0,8.704,0,161.6
2834,46360.840,12.7384,12.6328,12.8163,31,0,0,2448,61.5158,15,84.2,56.43,2.7,45.098,45.4902,302.356,14.2196,16.965,7.91072,1,10,0,0,16,74.902,0,0,8.704,0,161.6
2835,46360.880,12.6552,12.6328,12.8218,31,0,0,2437,62.1371,14.5,84.2,56.97,2.72,45.098,45.4902,302.352,14.2196,16.965,7.79981,1,10,0,0,16,74.902,0,0,8.704,0,161.6
2836,46360.920,12.6552,12.6328,12.8218,31,0,0,2458.75,62.1371,15,84.2,56.28,2.72,45.098,45.098,302.388,14.2196,16.965,7.79981,1,10,0,0,16,74.902,0,0,8.704,0,161.6
2837,46360.960,12.8234,12.6328,12.8327,31,0,0,2444.5,62.1371,15,84.2,56.58,2.72,45.098,45.4902,302.402,14.2196,16.965,7.86235,1,10,0,0,17,74.902,0,0,8.704,0,161.6
2838,46361.000,12.8234,12.6328,12.8327,31,0,0,2445.75,62.1371,14.5,84.2,55.84,2.7,45.098,45.4902,302.424,14.2196,16.965,7.86235,1,10,0,0,17,74.902,0,0,8.704,0,161.6
2839,46361.040,12.8234,12.6328,12.8327,31,0,0,2460,62.1371,15,84.2,56.14,2.7,45.098,45.4902,302.439,14.2196,16.965,7.73282,1,10,0,0,17,74.902,0,0,8.704,0,161.6
2840,46361.080,12.6126,12.6328,12.8109,31,0,0,2442.25,62.1371,14.5,84.2,56.82,2.74,45.098,45.4902,302.455,14.2196,16.965,8.06768,1,10,0,0,17,74.902,0,0,8.704,0,161.6
2841,46361.120,12.7384,12.6328,12.8109,31,0,0,2447.25,62.1371,15,84.2,56.43,2.72,45.098,45.4902,302.48,14.2196,16.965,8.06768,1,10,0,0,17,74.902,0,0,8.704,0,161.6
2842,46361.160,12.8234,12.7477,12.8327,31,0,0,2457,62.1371,15,84.2,56.58,2.72,45.098,45.4902,302.636,14.2196,16.965,7.76473,1,10,0,0,16,74.902,0,0,8.704,0,161.6
2843,46361.200,12.7809,12.7477,12.7946,31,0,0,2466.5,62.1371,14.5,84.2,56.58,2.72,45.098,45.4902,302.671,14.2196,16.965,8.13942,1,10,0,0,17,74.902,0,0,8.96,0,161.6
2844,46361.240,12.8234,12.6328,12.7946,31,0,0,2454.75,62.1371,15.5,84.2,56.28,2.72,45.098,45.4902,302.545,14.2196,16.965,8.13942,1,10,0,0,17,74.902,0,0,8.704,0,163.4
2845,46361.280,12.6977,12.6328,12.8054,31,0,0,2467.75,62.1371,14.5,84.2,57.12,2.7,45.098,45.4902,302.556,14.2196,17.11,8.18808,1,10,0,0,17,74.902,0,0,8.704,0,163.4
2846,46361.320,12.7384,12.6328,12.8054,31,0,0,2457.25,62.1371,15,84.2,57.4,2.74,45.098,45.4902,302.583,14.2196,17.11,8.18808,1,10,0,0,17,74.902,0,0,8.704,0,163.4
2847,46361.360,12.6126,12.6328,12.8218,31,0,0,2468,62.1371,15,84.2,56.97,2.72,45.098,45.4902,302.605,14.2196,17.11,7.9584,1,10,0,0,17,74.902,0,0,8.96,0,163.4
2848,46361.400,12.7384,12.6328,12.8054,31,0,0,2463.25,62.1371,14.5,84.2,56.97,2.72,44.7059,45.4902,302.47,14.2196,17.11,8.17179,1,10,0,0,17,74.902,0,0,8.96,0,163.4
2849,46361.440,12.8234,12.6328,12.8054,31,0,0,2458.25,62.1371,15,84.2,56.58,2.7,45.098,45.4902,302.638,14.2196,17.11,8.17179,1,10,0,0,17,74.902,0,0,8.96,0,163.4
2850,46361.480,12.6977,12.6328,12.8163,31,0,0,2482.25,62.1371,15,84.2,56.88,2.72,45.098,45.4902,302.668,14.2196,17.11,8.23041,1,10,0,0,17,74.902,0,0,8.96,0,163.4
2851,46361.520,12.7809,12.6328,12.8327,31,0,0,2447.5,62.1371,15,84.2,56.97,2.72,44.7059,45.4902,302.539,14.2196,17.11,7.76778,1,10,0,0,17,74.902,0,0,8.704,0,163.4
2852,46361.560,12.7384,12.6328,12.8327,31,0,0,2461,62.1371,15,84.2,57.55,2.72,45.098,45.4902,302.695,14.2196,17.11,7.76778,1,10,0,0,17,74.902,0,0,8.96,0,163.4
2853,46361.600,12.8234,12.6328,12.8109,31,0,0,2475.5,62.7585,15,84.2,56.58,2.74,45.098,45.4902,302.713,14.2196,17.11,8.24065,1,10,0,0,17,74.902,0,0,8.96,0,163.4
2854,46361.640,12.6552,12.6328,12.8109,31,0,0,2469.75,62.7585,15,84.2,56.97,2.74,45.098,45.4902,302.743,14.2196,17.11,8.24065,1,10,0,0,17,74.902,0,0,8.96,0,163.4
2855,46361.680,12.7384,12.6328,12.8109,31,0,0,2461.25,62.7585,15,84.2,58.69,2.74,45.098,45.4902,302.766,14.2196,17.11,8.20125,1,10,0,0,17,74.902,0,0,8.96,0,163.4
2856,46361.720,12.7384,12.6328,12.8218,31,0,0,2487.75,62.7585,15,84.2,56.97,2.72,45.098,45.4902,302.769,14.2196,17.11,8.03426,1,10,0,0,17,74.902,0,0,8.96,0,163.4
2857,46361.760,13.0768,12.6328,12.8218,31,0,0,2468,62.7585,15,84.2,58.55,2.74,45.098,45.4902,302.815,14.2196,17.11,8.03426,1,10,0,0,17,74.902,0,0,8.96,0,163.4
2858,46361.800,12.6126,12.6328,12.8054,31,0,0,2469.5,62.7585,15,84.2,57.4,2.72,45.098,45.4902,302.817,14.2196,17.11,8.3559,1,10,0,0,17,74.902,0,0,8.96,0,163.4
2859,46361.840,12.6977,12.518,12.8,31,0,0,2493.25,62.7585,15,84.2,58.55,2.72,44.7059,45.4902,302.676,14.2196,17.11,8.43081,1,10,0,0,17,74.902,0,0,8.96,0,163.4
2860,46361.880,13.2876,12.518,12.8,31,0,0,2463.5,62.7585,15,84.2,56.97,2.74,44.3137,45.4902,302.585,14.2196,17.11,8.43081,1,10,0,0,17,74.902,0,0,8.96,0,163.4
2861,46361.920,13.4133,12.6328,12.8163,31,0,0,2486.75,62.7585,14.5,84.2,57.55,2.72,44.3137,45.4902,302.579,14.2196,17.11,8.24698,1,10,0,0,17,74.902,0,0,8.96,0,163.4
2862,46361.960,13.3282,12.518,12.8163,31,0,0,2479.5,62.7585,15,84.2,59.36,2.72,44.3137,45.4902,302.486,14.2196,17.11,8.24698,1,10,0,0,17,74.902,0,0,8.96,0,163.4
2863,46362.000,13.4559,12.6328,12.8054,31,0,0,2466.5,62.7585,15,84.2,57.27,2.72,43.9216,45.098,302.324,14.2196,17.11,8.38592,1,10,0,0,17,74.902,0,0,8.96,0,163.4
2864,46362.040,13.1174,12.6328,12.7946,31,0,0,2497,62.7585,15,84.2,57.97,2.74,43.9216,45.098,302.37,14.2196,17.11,8.61036,1,10,0,0,17,74.902,0,0,8.96,0,163.4
2865,46362.080,13.3282,12.518,12.7946,30,0,0,2481.25,62.7585,15,84.2,57.69,2.74,43.9216,45.098,302.022,14.2196,17.11,8.61036,1,10,0,0,17,74.902,0,0,8.96,0,163.4
2866,46362.120,13.5816,12.518,12.8054,30,0,0,2484.25,62.7585,15,84.2,57.82,2.74,43.9216,45.098,302.398,14.2196,17.11,8.41111,1,10,0,0,17,74.902,0,0,8.96,0,163.4
2867,46362.160,13.2025,12.518,12.7946,30,0,0,2491.75,62.7585,15.5,84.2,57.69,2.74,43.9216,45.098,302.06,14.2196,17.255,8.6104,1,10,0,0,17,74.902,0,0,8.96,0,163.4
2868,46362.200,13.3708,12.518,12.7946,30,0,0,2466.75,62.7585,15,84.2,58.27,2.72,43.1373,44.7059,301.34,14.2196,17.255,8.6104,1,10,0,0,17,74.902,0,0,8.96,0,163.4
2869,46362.240,13.2876,12.518,12.8,30,0,0,2485.5,62.7585,15,84.2,57.84,2.72,43.1373,44.7059,301.01,14.2196,17.255,8.50856,1,10,0,0,17,74.902,0,0,8.96,0,163.4
2870,46362.280,13.2025,12.518,12.8,30,0,0,2480.5,62.7585,15.5,84.2,57.84,2.74,42.3529,44.3137,299.958,14.2196,17.11,8.50856,1,10,0,0,17,74.902,0,0,8.96,0,163.4
2871,46362.320,13.2451,12.518,12.8163,30,0,0,2483.75,62.7585,14.5,84.2,56.88,2.74,41.5686,43.9216,298.865,14.2196,17.255,8.34845,1,10,0,0,17,74.902,0,0,8.96,0,163.4
2872,46362.360,13.3282,12.518,12.8163,30,0,0,2487.75,62.7585,15,84.2,57.27,2.72,40.7843,43.5294,298.18,14.2196,17.11,8.66668,1,10,0,0,17,74.902,0,0,8.96,0,163.4
2873,46362.400,13.2876,12.518,12.8163,30,0,0,2491.75,62.7585,15.5,84.2,57.69,2.72,40.7843,42.7451,297.832,14.2196,17.11,8.66668,1,10,0,0,17,74.902,0,0,8.96,0,163.4
2874,46362.440,13.0768,12.4031,12.8163,30,0,0,2482.5,62.7585,15,84.2,56.88,2.72,40.7843,42.7451,297.839,14.2196,17.11,8.2495,1,10,0,0,17,74.902,0,0,8.96,0,163.4
2875,46362.480,13.3282,12.518,12.8273,30,0,0,2481.75,62.7585,15,84.2,58.12,2.74,40.7843,42.7451,297.867,14.2196,17.11,8.47222,1,10,0,0,17,74.902,0,0,8.96,0,163.4
2876,46362.520,13.2451,12.518,12.8273,30,0,0,2502,62.7585,15,84.2,57.84,2.74,40.7843,42.7451,297.899,14.2196,17.11,8.47222,1,10,0,0,17,74.902,0,0,8.96,0,163.4
2877,46362.560,13.2025,12.4031,12.8327,30,0,0,2486.25,62.7585,15,84.2,57.84,2.74,40.7843,42.7451,297.921,14.2196,17.11,8.32583,1,10,0,0,17,74.902,0,0,8.96,0,163.4
2878,46362.600,13.2451,12.518,12.8327,30,0,0,2492.75,62.7585,15,84.2,56.97,2.74,40,42.7451,296.858,14.2196,17.11,8.32583,1,10,0,0,17,74.902,0,0,8.96,0,163.4
2879,46362.640,13.1174,12.518,12.8273,30,0,0,2499.25,63.3799,15.5,84.2,58.12,2.74,39.2157,42.3529,295.791,14.2196,17.11,8.31401,1,10,0,0,17,74.902,0,0,8.96,0,163.4
2880,46362.680,13.0343,12.4031,12.8163,30,0,0,2483,63.3799,15,84.2,57.27,2.72,38.4314,41.5686,294.723,14.2196,17.11,8.36425,1,10,0,0,17,74.902,0,0,8.96,0,163.4
2881,46362.720,13.2451,12.518,12.8163,30,0,0,2491.75,63.3799,15,84.2,57.03,2.72,37.6471,41.1765,293.678,14.2196,17.11,8.36425,1,10,0,0,17,74.902,0,0,8.96,0,163.4
2882,46362.760,13.2025,12.518,12.8327,30,0,0,2492,63.3799,15,84.2,56.58,2.72,36.8627,40.3922,292.116,14.2196,17.11,7.99374,1,10,0,0,17,74.902,0,0,8.704,0,163.4
2883,46362.800,13.2451,12.518,12.8109,30,0,0,2512,63.3799,14.5,84.2,56.14,2.74,36.0784,40,290.714,14.2196,17.11,8.10125,1,10,0,0,17,74.902,0,0,8.704,0,163.4
2884,46362.840,13.2876,12.518,12.8109,30,0,0,2487.75,63.3799,15.5,84.2,56.58,2.7,35.6863,39.2157,290.283,14.2196,17.11,8.10125,1,10,0,0,17,74.902,0,0,8.704,0,163.4
2885,46362.880,13.16,12.518,12.8273,30,0,0,2509.25,63.3799,15.5,84.2,55.84,2.72,35.2941,38.8235,289.335,14.2196,17.11,7.71148,1,10,0,0,17,74.902,0,0,8.704,0,163.4
2886,46362.920,13.16,12.4031,12.8273,30,0,0,2497.5,63.3799,15,84.2,56.58,2.72,35.2941,38.8235,289.358,14.2196,16.965,7.71148,1,10,0,0,17,74.902,0,0,8.704,0,163.4
2887,46362.960,13.2451,12.4031,12.8218,30,0,0,2488.25,63.3799,15,84.2,56.58,2.72,34.902,38.8235,288.894,14.2196,16.965,7.73312,1,10,0,0,17,74.902,0,0,8.704,0,163.4
2888,46363.000,13.2025,12.4031,12.8163,30,0,0,2512.25,63.3799,15,84.2,56.88,2.72,34.902,38.8235,288.921,14.2196,16.965,7.81951,1,10,0,0,16,74.902,0,0,8.704,0,163.4
2889,46363.040,13.2451,12.518,12.8163,30,0,0,2500,63.3799,15.5,84.2,55.84,2.72,34.5098,38.8235,288.467,14.2196,16.965,7.81951,1,10,0,0,17,74.902,0,0,8.704,0,163.4
2890,46363.080,13.2451,12.518,12.8109,30,0,0,2497,63.3799,15,84.2,55.84,2.72,34.5098,38.4314,288.021,14.2196,16.965,7.77504,1,10,0,0,16,74.902,0,0,8.704,0,163.4
2891,46363.120,13.2876,12.518,12.8382,30,0,0,2513.75,63.3799,15.5,84.2,55.69,2.7,34.5098,38.4314,288.01,14.2196,16.965,7.44815,1,10,0,0,16,74.902,0,0,8.704,0,163.4
2892,46363.160,13.16,12.4031,12.8382,30,0,0,2515.5,63.3799,14.5,84.2,56.43,2.72,34.1176,38.0392,287.603,14.2196,16.965,7.44815,1,10,0,0,16,74.902,0,0,8.704,0,163.4
2893,46363.200,13.1174,12.4031,12.8218,30,0,0,2491.25,63.3799,15,84.2,56.58,2.7,33.7255,38.0392,286.697,14.2196,16.965,7.58228,1,10,0,0,16,74.902,0,0,8.704,0,163.4
2894,46363.240,13.0768,12.518,12.8218,30,0,0,2518,63.3799,15,84.2,55.84,2.72,33.3333,38.0392,285.752,14.2196,16.965,7.58228,1,10,0,0,15,74.902,0,0,8.704,0,163.4
2895,46363.280,13.2025,12.518,12.8,30,0,0,2510.25,63.3799,15,84.2,56.28,2.72,32.549,37.6471,284.852,14.2196,16.965,7.64976,1,10,0,0,16,74.902,0,0,8.704,0,163.4
2896,46363.320,13.2451,12.518,12.8327,30,0,0,2501.5,63.3799,15.5,84.2,55.39,2.7,31.3725,36.8627,282.509,14.2196,16.82,7.32357,1,10,0,0,15,74.902,0,0,8.448,0,163.4
2897,46363.360,12.9917,12.518,12.8327,30,0,0,2524.25,63.3799,15.5,84.2,55.39,2.7,30.5882,35.6863,278.978,14.2196,16.82,7.32357,1,10,0,0,15,74.902,0,0,8.704,0,163.4
2898,46363.400,13.0768,12.4031,12.8054,30,0,0,2502.5,63.3799,15.5,84.2,54.51,2.68,29.8039,34.5098,275.448,14.2196,16.82,6.89591,1,10,0,0,15,74.902,0,0,8.448,0,163.4
2899,46363.440,13.1174,12.4031,12.9598,30,0,0,2501.5,63.3799,15,84.2,53.91,2.68,29.0196,33.7255,273.038,14.2196,16.675,6.5506,1,10,0,0,15,74.902,0,0,8.192,0,163.4
2900,46363.480,12.866,12.2883,12.9598,30,0,0,2516.5,63.3799,15,84.2,53.47,2.68,29.0196,33.3333,271.863,14.2196,16.53,6.5506,1,10,0,0,15,74.902,0,0,8.192,0,163.4
2901,46363.520,12.9492,12.2883,13.044,30,0,0,2520.25,63.3799,15,84.2,53.62,2.68,28.6275,32.9412,270.665,14.2196,16.385,6.53579,1,10,0,0,15,74.902,0,0,8.192,0,163.4
2902,46363.560,12.9917,12.2883,13.044,30,0,0,2509.25,63.3799,15,84.2,53.47,2.68,27.451,32.549,265.892,14.2196,16.24,6.53579,1,10,0,0,15,74.902,0,0,8.192,0,163.4
2903,46363.600,12.9917,12.4031,13.0497,30,0,0,2516,63.3799,15.5,84.2,53.02,2.66,25.8824,31.7647,258.683,14.2196,16.24,6.1035,1,10,0,0,14,74.902,0,0,8.192,0,163.4
2904,46363.640,13.16,12.4031,13.0327,30,0,0,2525.75,63.3799,15,84.2,52.13,2.64,24.7059,30.5882,250.921,14.2196,16.095,5.38487,1,10,0,0,14,74.902,0,0,7.936,0,165.2
2905,46363.680,12.5701,12.4031,13.0327,30,0,0,2500.25,63.3799,15,84.2,51.24,2.62,24.3137,29.4118,247.862,14.2196,15.95,5.38487,1,10,0,0,14,74.902,0,0,7.936,0,165.2
2906,46363.720,12.4018,12.4031,13.1696,30,0,0,2528,63.3799,15,84.2,50.19,2.62,24.3137,29.0196,247.868,14.2196,15.66,4.97914,1,10,0,0,13,74.902,0,0,7.68,0,165.2
2907,46363.760,12.3593,12.2883,13.3034,30,0,0,2520,64.0012,15.5,84.2,50.3,2.62,24.3137,29.0196,244.816,14.2196,15.37,4.76288,1,10,0,0,13,74.902,0,0,7.68,0,165.2
2908,46363.800,12.4444,12.2883,13.3034,30,0,0,2511.5,64.0012,15,84.2,49.97,2.62,24.3137,29.0196,247.878,14.2196,15.37,4.76288,1,10,0,0,13,74.902,0,0,7.68,0,165.2
2909,46363.840,12.3593,12.4031,13.2216,30,0,0,2528,63.3799,15,84.2,50.08,2.62,24.3137,29.0196,244.823,14.2196,15.225,4.77511,1,10,0,0,12,74.902,0,0,7.68,0,165.2
2910,46363.880,12.4018,12.4031,13.2216,30,0,0,2525.75,63.3799,15.5,84.2,49.97,2.6,23.9216,29.0196,241.764,14.2196,15.225,4.77511,1,10,0,0,12,74.902,0,0,7.424,0,165.2
2911,46363.920,12.4444,12.4031,13.1236,30,0,0,2507,63.3799,15,84.2,50.42,2.6,23.1373,28.6275,229.52,14.2196,15.225,4.57268,1,10,0,0,12,74.902,0,0,7.424,0,165.2
2912,46363.960,12.4018,12.4031,13.0723,30,0,0,2525.5,63.3799,15.5,84.2,49.76,2.58,21.1765,27.451,208.088,14.2196,15.08,3.32254,1,10,0,0,11,74.902,0,0,7.424,0,165.2
2913,46364.000,12.5701,12.4031,13.0723,30,0,0,2518.5,63.3799,15.5,84.2,46.77,2.54,18.4314,25.4902,174.406,14.2196,14.79,3.32254,1,10,0,0,11,74.902,0,0,7.168,0,165.2
2914,46364.040,12.9492,12.2883,13.5185,30,0,0,2512.5,63.3799,15,84.2,45.12,2.48,15.2941,23.1373,139.547,14.2196,14.355,.30441,1,10,0,0,11,74.902,0,0,6.912,0,165.2
2915,46364.080,12.7384,12.0586,15.1057,30,0,0,2524.25,64.0012,15.5,84.2,40.48,2.4,13.3333,20.7843,118.134,14.2196,13.775,-3.76068,1,10,0,0,11,74.902,0,0,6.144,0,165.2
2916,46364.120,12.4869,11.9437,15.1057,30,0,0,2520,64.0012,15.5,84.2,34.05,2.3,10.5882,19.2157,91.2023,14.2196,12.76,-3.76068,1,10,0,0,11,74.902,0,0,5.376,0,165.2
2917,46364.160,12.2761,11.8289,17.4626,30,0,0,2497.25,64.0012,16,84.2,30.65,2.2,8.62745,17.2549,70.285,14.2196,11.89,-6.30892,1,10,0,0,11,74.902,0,0,4.352,0,165.2
2918,46364.200,12.4018,11.8289,17.4626,30,-5.46875,0,2500.75,64.0012,16.5,84.2,27.54,2.08,7.84314,15.6863,64.5277,14.2196,10.73,-6.30892,1,10,0,0,11,74.902,0,0,3.584,0,165.2
2919,46364.240,12.5275,12.0586,18.4358,30,-7.8125,0,2518.75,63.3799,19,84.2,23.48,2,7.84314,15.2941,64.4806,14.2196,10.005,-6.96245,1,10,0,0,11,74.902,0,0,3.328,0,165.2
2920,46364.280,12.4869,12.2883,19.7284,30,-8.59375,0,2503.25,63.3799,20.5,84.2,23.73,2.02,8.62745,15.6863,70.1838,14.2196,9.425,-6.85545,1,10,0,0,11,74.902,0,0,3.328,0,165.2
2921,46364.320,12.866,12.7477,19.7284,30,-8.59375,0,2505,63.3799,21.5,84.2,23.81,2.08,9.41177,16.0784,77.8255,14.2196,8.99,-6.85545,1,10,0,0,13,74.902,0,0,3.328,0,165.2
2922,46364.360,13.16,13.0922,17.9093,30,-9.375,0,2503,63.3799,22,84.2,24.5,2.12,9.41177,16.4706,80.9054,14.2196,8.7,-6.4157,1,10,0,0,14,74.902,0,0,3.328,0,165.2
2923,46364.400,13.7073,13.4367,16.1424,30,-9.375,0,2510.25,63.3799,22.5,84.2,25.03,2.12,10.5882,16.8627,91.4616,14.2196,8.555,-5.99583,1,10,0,0,15,74.902,0,0,3.328,0,165.2
2924,46364.440,14.1289,13.8961,16.1424,30,-8.59375,0,2496,63.3799,22.5,84.2,27.29,2.2,12.1569,18.0392,107.363,14.2196,8.555,-5.99583,1,10,0,0,17,74.902,0,0,3.328,0,165.2
2925,46364.480,14.3823,14.2406,15.5024,30,-7.8125,0,2500.75,63.3799,22,84.2,30.13,2.26,13.3333,18.8235,118.406,14.2196,8.7,-4.42591,1,10,0,0,18,74.902,0,0,3.584,0,165.2
2926,46364.520,14.5505,14.4703,15.5024,30,-7.8125,0,2498.5,63.3799,21.5,84.2,32.82,2.3,14.1176,20,129.145,14.2196,8.845,-4.42591,1,10,0,0,19,74.902,0,0,3.84,0,165.2
2927,46364.560,14.8464,14.5852,14.9556,30,-7.03125,0,2510.25,63.3799,21,84.2,34.83,2.36,15.6863,20.7843,144.997,14.2196,9.135,-3.04637,1,10,0,0,20,74.902,0,0,4.096,0,165.2
2928,46364.600,14.8039,14.9297,13.6595,30,-5.46875,0,2479,63.3799,20,84.2,36.09,2.38,16.4706,21.5686,153.563,14.2196,9.715,-1.22684,1,10,0,0,20,74.902,0,0,4.608,0,165.2
2929,46364.640,15.5194,15.1594,13.6595,30,-3.90625,0,2506.25,63.3799,19,84.2,37.97,2.42,17.2549,22.7451,162.291,14.2196,10.15,-1.22684,1,10,0,0,20,74.902,0,0,4.864,0,165.2
2930,46364.680,15.8985,15.3891,13.6595,30,-2.34375,0,2472.5,63.3799,18.5,84.2,40.77,2.46,17.6471,23.1373,165.214,14.2196,10.585,.0127771,1,10,0,0,20,74.902,0,0,5.12,0,165.2
2931,46364.720,15.8985,15.3891,13.416,30,-1.5625,0,2487.5,63.3799,17,84.2,42.24,2.46,18.0392,23.5294,171.666,14.2196,11.165,.337768,1,10,0,0,19,74.902,0,0,5.376,0,165.2
2932,46364.760,15.7303,15.3891,13.416,30,-.78125,0,2508.5,63.3799,16,84.2,42.54,2.46,19.2157,23.9216,186.829,14.2196,11.31,.337768,1,10,0,0,19,74.902,0,0,5.632,0,165.2
2933,46364.800,15.7303,15.1594,13.6719,30,0,0,2467.75,63.3799,16.5,84.2,43.56,2.5,20,25.098,195.937,14.2196,11.455,1.78364,1,10,0,0,18,74.902,0,0,5.888,0,165.2
2934,46364.840,15.5194,14.9297,13.6719,30,-.78125,0,2508.75,63.3799,15.5,84.2,45.59,2.52,21.1765,25.8824,208.138,14.2196,12.035,1.78364,1,10,0,0,17,74.902,0,0,6.144,0,165.2
2935,46364.880,16.1093,14.7,13.3329,30,0,0,2507,62.7585,15.5,84.2,46.73,2.54,22.3529,26.6667,223.363,14.2196,12.325,2.86891,1,10,0,0,16,74.902,0,0,6.144,0,165.2
2936,46364.920,15.8153,14.5852,13.446,30,0,0,2455.75,62.7585,16,84.2,47.12,2.54,22.3529,27.451,223.363,14.2196,12.47,3.62715,1,10,0,0,15,74.902,0,0,6.4,0,165.2
2937,46364.960,15.562,14.4703,13.446,30,0,0,2518.5,62.7585,15.5,84.2,47.6,2.54,22.7451,27.451,226.402,14.2196,12.905,3.62715,1,10,0,0,13,74.902,0,0,6.656,0,165.2
2938,46365.000,15.0978,14.3555,13.1466,30,0,0,2492,62.7585,15.5,84.2,47.37,2.54,23.1373,27.8431,229.45,14.2196,13.05,3.93006,1,10,0,0,13,74.902,0,0,6.912,0,165.2
2939,46365.040,14.9721,14.2406,12.9877,30,0,0,2488.25,62.7585,15.5,84.2,47.24,2.54,22.3529,27.8431,223.357,14.2196,13.195,3.62701,1,10,0,0,12,74.902,0,0,6.912,0,165.2
2940,46365.080,14.8464,14.0109,12.9877,30,0,0,2498.5,62.7585,15.5,84.2,46.48,2.54,22.3529,27.451,223.356,14.2196,13.34,3.62701,1,10,0,0,11,74.902,0,0,7.168,0,165.2
2941,46365.120,14.4673,13.6664,12.8492,30,0,0,2469,62.7585,16,84.2,46.01,2.52,22.7451,27.451,226.397,14.2196,13.34,3.77863,1,10,0,0,10,74.902,0,0,7.168,0,165.2
2942,46365.160,14.4673,13.3219,12.8492,30,0,0,2493.5,62.7585,15.5,84.2,45.76,2.52,22.7451,27.451,226.393,14.2196,13.34,3.77863,1,10,0,0,10,74.902,0,0,7.168,0,165.2
2943,46365.200,14.2565,12.9773,12.7243,30,0,0,2503.75,62.7585,15.5,84.2,46.39,2.52,22.7451,27.451,226.393,14.2196,13.34,3.7784,1,10,0,0,10,74.902,0,0,7.168,0,165.2
2944,46365.240,13.5816,12.518,12.6123,30,0,0,2471,62.7585,15.5,84.2,46.26,2.52,22.7451,27.451,226.392,14.2196,13.34,3.77852,1,10,0,0,10,74.902,0,0,7.168,0,165.2
2945,46365.280,13.3708,12.2883,12.6123,30,0,0,2499,62.7585,15.5,84.2,45.63,2.52,22.7451,27.451,226.389,14.2196,13.34,3.77852,1,10,0,0,9,74.902,0,0,7.168,0,165.2
2946,46365.320,13.2451,12.0586,12.492,30,0,0,2501,62.7585,15.5,84.2,46.01,2.52,22.7451,27.451,226.391,14.2196,13.34,3.77843,1,10,0,0,9,74.902,0,0,7.424,0,165.2
2947,46365.360,12.866,11.9437,12.4403,30,0,0,2474.5,62.7585,15.5,84.2,46.52,2.52,22.7451,27.451,226.39,14.2196,13.34,3.77862,1,10,0,0,9,74.902,0,0,7.168,0,165.2
2948,46365.400,12.6977,11.8289,12.4403,30,0,0,2499.5,62.7585,15.5,84.2,46.01,2.52,22.7451,27.451,226.388,14.2196,13.34,3.77862,1,10,0,0,9,74.902,0,0,7.424,0,165.2
2949,46365.440,12.7809,11.8289,12.4558,30,0,0,2491.75,62.7585,15.5,84.2,46.26,2.52,22.7451,27.451,226.389,14.2196,13.34,3.77863,1,10,0,0,9,74.902,0,0,7.168,0,165.2
2950,46365.480,12.6552,11.7141,12.4558,30,0,0,2481.75,62.7585,15.5,84.2,46.14,2.52,22.3529,27.451,220.305,14.2196,13.34,3.77863,1,10,0,0,9,74.902,0,0,7.168,0,165.2
2951,46365.520,11.8971,11.5992,12.5283,30,0,0,2498,62.7585,15,84.2,45.76,2.52,21.9608,27.0588,217.263,14.2196,13.34,3.47581,1,10,0,0,9,74.902,0,0,7.168,0,165.2
2952,46365.560,11.8971,11.5992,12.5545,30,0,0,2496,62.7585,15,84.2,45.25,2.5,21.9608,26.6667,217.262,14.2196,13.34,3.32438,1,10,0,0,9,74.902,0,0,7.168,0,165.2
2953,46365.600,11.6012,11.5992,12.5545,30,0,0,2477.5,62.7585,15.5,84.2,45.12,2.5,21.5686,26.6667,214.222,14.2196,13.34,3.32438,1,10,0,0,9,74.902,0,0,7.168,0,165.2
2954,46365.640,11.6863,11.5992,12.6441,30,0,0,2487.75,62.7585,15.5,84.2,44.74,2.5,21.5686,26.6667,211.18,14.2196,13.34,3.17298,1,10,0,0,9,74.902,0,0,7.168,0,165.2
2955,46365.680,11.7694,11.5992,12.7674,30,0,0,2495,62.7585,15.5,84.2,44.49,2.5,21.5686,26.2745,211.179,14.2196,13.195,3.02165,1,10,0,0,9,74.902,0,0,6.912,0,165.2
2956,46365.720,11.7288,11.5992,12.7674,30,0,0,2481.75,62.7585,15.5,84.2,45,2.5,21.5686,26.6667,214.22,14.2196,13.195,3.02165,1,10,0,0,9,74.902,0,0,6.912,0,165.2
2957,46365.760,11.6863,11.5992,12.8054,30,0,0,2502,62.7585,15.5,84.2,44.87,2.5,21.9608,26.6667,217.259,14.2196,13.195,3.32443,1,10,0,0,9,74.902,0,0,6.912,0,165.2
2958,46365.800,11.7694,11.5992,12.8054,30,0,0,2495.25,62.7585,15.5,84.2,45.63,2.52,22.3529,27.0588,220.3,14.2196,13.195,3.32443,1,10,0,0,9,74.902,0,0,6.912,0,165.2
2959,46365.840,11.8971,11.5992,12.8437,30,0,0,2488.5,62.7585,15,84.2,46.01,2.52,22.3529,27.0588,223.341,14.2196,13.195,3.47589,1,10,0,0,9,74.902,0,0,6.912,0,165.2
2960,46365.880,11.7694,11.7141,12.8437,30,0,0,2489.75,62.7585,15.5,84.2,46.01,2.54,22.3529,27.451,220.299,14.2196,13.195,3.62743,1,10,0,0,9,74.902,0,0,6.912,0,165.2
2961,46365.920,11.812,11.8289,12.8437,30,0,0,2497.25,62.7585,15,84.2,46.14,2.52,22.3529,27.451,220.298,14.2196,13.195,3.62743,1,10,0,0,9,74.902,0,0,7.168,0,165.2
2962,46365.960,12.0228,11.8289,12.8109,30,0,0,2489.25,62.7585,15.5,84.2,45.76,2.52,21.9608,27.451,217.255,14.2196,13.34,3.47601,1,10,0,0,9,74.902,0,0,7.168,0,165.2
2963,46366.000,11.7694,11.8289,12.8163,30,0,0,2500.25,62.7585,15.5,84.2,45.63,2.5,21.9608,26.6667,217.254,14.2196,13.34,3.32456,1,10,0,0,9,74.902,0,0,7.168,0,165.2
2964,46366.040,11.8545,11.8289,12.8163,30,0,0,2495.25,62.7585,15.5,84.2,45.38,2.5,21.5686,26.6667,211.168,14.2196,13.34,3.32456,1,10,0,0,9,74.902,0,0,7.168,0,167
2965,46366.080,11.9802,11.7141,12.8766,30,0,0,2482,62.7585,15.5,84.2,45.25,2.5,21.1765,26.2745,208.126,14.2196,13.34,2.87014,1,10,0,0,9,74.902,0,0,6.912,0,167
2966,46366.120,12.2761,11.8289,12.8766,30,0,0,2499.25,62.7585,15.5,84.2,44.87,2.5,21.1765,26.2745,208.123,14.2196,13.195,2.87014,1,10,0,0,9,74.902,0,0,6.912,0,167
2967,46366.160,11.8545,11.7141,12.9209,30,0,0,2474,62.7585,15.5,84.2,44.61,2.5,20.7843,25.8824,202.041,14.2196,13.195,2.8701,1,10,0,0,9,74.902,0,0,6.912,0,167
2968,46366.200,11.812,11.7141,13.0158,30,0,0,2495.75,62.7585,15,84.2,43.73,2.48,20.3922,25.8824,199.007,14.2196,13.195,2.39922,1,10,0,0,9,74.902,0,0,6.912,0,167
2969,46366.240,11.6437,11.5992,13.0158,30,0,0,2484.75,62.7585,16,84.2,43.6,2.48,20.7843,25.8824,202.043,14.2196,13.05,2.39922,1,10,0,0,9,74.902,0,0,6.656,0,167
2970,46366.280,11.6863,11.5992,13.1523,30,0,0,2482,62.7585,15.5,84.2,43.85,2.48,21.1765,25.8824,208.132,14.2196,13.05,2.71913,1,10,0,0,9,74.902,0,0,6.656,0,167
2971,46366.320,11.812,11.5992,13.1811,30,0,0,2488.25,62.7585,15.5,84.2,44.49,2.5,21.5686,26.2745,214.208,14.2196,13.05,3.17339,1,10,0,0,9,74.902,0,0,6.656,0,167
2972,46366.360,11.7694,11.7141,13.1811,30,0,0,2484,62.7585,16,84.2,45.88,2.52,21.5686,26.6667,214.207,14.2196,13.05,3.17339,1,10,0,0,9,74.902,0,0,6.656,0,167
2973,46366.400,11.8971,11.8289,13.1638,30,0,0,2496.5,62.7585,15,84.2,46.14,2.52,21.9608,26.6667,217.248,14.2196,13.05,3.32487,1,10,0,0,9,74.902,0,0,6.912,0,167
2974,46366.440,12.2336,11.9437,13.1638,30,0,0,2482.25,62.7585,15.5,84.2,45.5,2.52,21.9608,27.0588,217.247,14.2196,13.05,3.32487,1,10,0,0,9,74.902,0,0,6.912,0,167
2975,46366.480,12.1079,12.0586,13.0951,30,0,0,2497,62.7585,15.5,84.2,45.88,2.5,21.9608,27.0588,217.246,14.2196,13.195,3.32484,1,10,0,0,9,74.902,0,0,6.912,0,167
2976,46366.520,12.1079,12.0586,13.0271,30,0,0,2489.75,62.7585,15,84.2,46.14,2.52,21.9608,27.0588,217.246,14.2196,13.195,3.3249,1,10,0,0,9,74.902,0,0,6.912,0,167
2977,46366.560,12.1079,12.0586,13.0271,30,0,0,2477.75,62.7585,16,84.2,45.63,2.52,21.9608,27.0588,217.245,14.2196,13.195,3.3249,1,10,0,0,9,74.902,0,0,6.912,0,167
2978,46366.600,12.1079,12.0586,13.0497,30,0,0,2503.25,62.7585,15.5,84.2,45.25,2.5,21.5686,27.0588,214.201,14.2196,13.195,3.32493,1,10,0,0,9,74.902,0,0,6.912,0,167
2979,46366.640,12.1485,12.0586,13.044,30,0,0,2487,62.7585,15.5,84.2,45.63,2.5,21.5686,26.6667,211.154,14.2196,13.195,3.02176,1,10,0,0,10,74.902,0,0,6.912,0,167
2980,46366.680,12.1079,11.9437,13.044,30,0,0,2487.5,62.7585,15.5,84.2,45.12,2.5,20.7843,26.2745,205.067,14.2196,13.195,3.02176,1,10,0,0,10,74.902,0,0,6.912,0,167
2981,46366.720,12.0228,11.9437,13.0723,30,0,0,2506.75,62.7585,15.5,84.2,45.12,2.5,20.7843,26.2745,202.022,14.2196,13.195,2.7188,1,10,0,0,10,74.902,0,0,6.912,0,167
2982,46366.760,11.9802,11.9437,13.0723,30,0,0,2479.25,62.7585,15.5,84.2,44.23,2.5,20.3922,25.8824,198.98,14.2196,13.195,2.7188,1,10,0,0,9,74.902,0,0,6.912,0,167
2983,46366.800,12.0228,11.8289,13.158,30,0,0,2489.25,63.3799,15,84.2,44.36,2.5,20.7843,25.8824,202.02,14.2196,13.05,2.39819,1,10,0,0,9,74.902,0,0,6.656,0,167
2984,46366.840,11.9377,11.8289,13.2216,30,0,0,2492.75,63.3799,16,84.2,43.85,2.48,20.7843,25.8824,205.061,14.2196,13.05,2.56702,1,10,0,0,9,74.902,0,0,6.656,0,167
2985,46366.880,12.0653,11.8289,13.2216,30,0,0,2501.25,63.3799,15,84.2,44.23,2.5,20.7843,25.8824,202.012,14.2196,13.05,2.56702,1,10,0,0,10,74.902,0,0,6.656,0,167
2986,46366.920,12.7809,11.8289,13.2507,30,0,0,2489.75,63.3799,15.5,84.2,43.98,2.48,20.7843,25.8824,205.051,14.2196,13.05,2.71836,1,10,0,0,10,74.902,0,0,6.656,0,167
2987,46366.960,12.7809,11.8289,13.3093,30,0,0,2503.25,63.3799,16,84.2,44.87,2.5,20.7843,26.2745,202.004,14.2196,13.05,2.56656,1,10,0,0,10,74.902,0,0,6.656,0,167
2988,46367.000,12.866,11.9437,13.3093,30,0,0,2500.25,63.3799,15.5,84.2,45.25,2.5,20.7843,26.2745,201.999,14.2196,13.05,2.56656,1,10,0,0,9,74.902,0,0,6.656,0,167
2989,46367.040,12.7809,11.9437,13.2799,30,0,0,2484,63.3799,15.5,84.2,45.5,2.5,20.7843,26.2745,201.992,14.2196,13.05,2.5662,1,10,0,0,9,74.902,0,0,6.656,0,167
2990,46367.080,12.866,12.0586,13.2799,30,0,0,2506.75,63.3799,15.5,84.2,45,2.5,20.3922,25.8824,198.946,14.2196,13.05,2.5662,1,10,0,0,9,74.902,0,0,6.656,0,167
2991,46367.120,12.9085,12.0586,13.2565,30,0,0,2504,63.3799,15.5,84.2,44.23,2.5,20.7843,25.8824,201.99,14.2196,13.05,2.39629,1,10,0,0,10,74.902,0,0,6.656,0,167
2992,46367.160,12.9917,12.0586,13.3034,30,0,0,2489,63.3799,16,84.2,44.36,2.5,20.3922,25.8824,198.935,14.2196,13.05,2.56592,1,10,0,0,10,74.902,0,0,6.656,0,167
2993,46367.200,12.9085,11.9437,13.3034,30,0,0,2514.75,63.3799,15.5,84.2,44.61,2.5,20.7843,25.8824,201.986,14.2196,12.905,2.56592,1,10,0,0,10,74.902,0,0,6.656,0,167
2994,46367.240,12.9085,11.9437,13.327,30,0,0,2498.5,63.3799,15.5,84.2,44.61,2.5,20.7843,25.8824,201.977,14.2196,12.905,2.56599,1,10,0,0,10,74.902,0,0,6.656,0,167
2995,46367.280,12.866,11.9437,13.3506,30,0,0,2487,63.3799,15.5,84.2,43.98,2.5,20.7843,25.8824,201.978,14.2196,12.905,2.56554,1,10,0,0,10,74.902,0,0,6.656,0,167
2996,46367.320,12.866,12.0586,13.3506,30,0,0,2523.5,63.3799,15.5,84.2,44.74,2.5,20.7843,25.8824,201.973,14.2196,12.905,2.56554,1,10,0,0,10,74.902,0,0,6.656,0,167
2997,46367.360,12.9492,12.0586,13.3506,30,0,0,2495,63.3799,15.5,84.2,44.61,2.5,20.7843,25.8824,201.964,14.2196,12.905,2.56537,1,10,0,0,10,74.902,0,0,6.656,0,167
2998,46367.400,13.0768,12.0586,13.3506,30,0,0,2506.75,63.3799,15,84.2,44.23,2.5,20.3922,25.8824,198.915,14.2196,12.905,2.56537,1,10,0,0,10,74.902,0,0,6.656,0,167
2999,46367.440,12.866,12.0586,13.3625,30,0,0,2508,63.3799,16,84.2,44.49,2.5,20,25.8824,195.858,14.2196,12.905,2.39463,1,10,0,0,10,74.902,0,0,6.656,0,167
3000,46367.480,12.9492,12.0586,13.3743,30,0,0,2493,63.3799,15.5,84.2,44.61,2.5,20,25.4902,192.81,14.2196,12.905,1.98529,1,10,0,0,10,74.902,0,0,6.656,0,167
3001,46367.520,13.1174,12.0586,13.3743,30,0,0,2494,63.3799,15.5,84.2,43.85,2.48,20,25.4902,192.806,14.2196,12.905,1.98529,1,10,0,0,10,74.902,0,0,6.656,0,167
3002,46367.560,13.0343,12.1734,13.4041,30,0,0,2505.5,63.3799,15.5,84.2,43.09,2.46,20,25.098,192.806,14.2196,12.905,1.9853,1,10,0,0,10,74.902,0,0,6.4,0,167
3003,46367.600,12.866,12.0586,13.4701,30,0,0,2505.25,63.3799,15.5,84.2,42.84,2.48,20,25.4902,192.801,14.2196,12.76,1.98508,1,10,0,0,10,74.902,0,0,6.4,0,167
3004,46367.640,12.9492,12.0586,13.4701,30,0,0,2505,63.3799,16,84.2,43.47,2.48,20,25.4902,195.851,14.2196,12.76,1.98508,1,10,0,0,10,74.902,0,0,6.4,0,168.8
3005,46367.680,12.7384,12.0586,13.5672,30,0,0,2519,63.3799,16,84.2,43.73,2.48,20,25.4902,195.84,14.2196,12.76,2.18934,1,10,0,0,10,74.902,0,0,6.4,0,168.8
3006,46367.720,12.866,12.0586,13.5672,30,0,0,2492.25,63.3799,15.5,84.2,43.98,2.5,20,25.8824,195.838,14.2196,12.76,2.18934,1,10,0,0,10,74.902,0,0,6.4,0,168.8
3007,46367.760,12.866,12.1734,13.5124,30,0,0,2516.75,63.3799,15,84.2,45.12,2.5,20.3922,25.8824,198.885,14.2196,12.76,2.1888,1,10,0,0,10,74.902,0,0,6.4,0,168.8
3008,46367.800,12.7809,12.2883,13.446,30,0,0,2506.25,63.3799,16,84.2,44.74,2.5,20,25.8824,195.82,14.2196,12.76,2.18768,1,10,0,0,10,74.902,0,0,6.4,0,168.8
3009,46367.840,12.866,12.2883,13.446,30,0,0,2512.25,63.3799,15.5,84.2,45,2.5,20,25.4902,192.764,14.2196,12.76,2.18768,1,10,0,0,11,74.902,0,0,6.4,0,168.8
3010,46367.880,12.9917,12.2883,13.3981,30,0,0,2510.25,63.3799,15.5,84.2,43.47,2.48,20,25.098,192.758,14.2196,12.76,1.98257,1,10,0,0,11,74.902,0,0,6.4,0,168.8
3011,46367.920,12.8234,12.2883,13.452,30,0,0,2513.25,63.3799,16,84.2,43.35,2.46,20,25.098,192.749,14.2196,12.76,1.98203,1,10,0,0,11,74.902,0,0,6.4,0,168.8
3012,46367.960,12.9085,12.1734,13.452,30,0,0,2512.25,63.3799,15.5,84.2,44.49,2.48,19.6078,25.098,189.687,14.2196,12.76,1.98203,1,10,0,0,10,74.902,0,0,6.4,0,168.8
3013,46368.000,12.9085,12.1734,13.4821,30,0,0,2514,63.3799,15.5,84.2,44.11,2.48,20,24.7059,192.734,14.2196,12.76,1.77626,1,10,0,0,10,74.902,0,0,6.4,0,168.8
3014,46368.040,12.9492,12.1734,13.4821,30,0,0,2517.75,63.3799,16,84.2,43.47,2.48,19.6078,24.7059,189.666,14.2196,12.615,1.77626,1,10,0,0,11,74.902,0,0,6.4,0,168.8
3015,46368.080,12.866,12.1734,13.4882,30,0,0,2525,63.3799,15.5,84.2,43.22,2.46,19.2157,24.7059,186.606,14.2196,12.615,1.77541,1,10,0,0,11,74.902,0,0,6.4,0,168.8
3016,46368.120,12.7809,12.0586,13.641,30,0,0,2514.75,63.3799,15.5,84.2,42.58,2.46,19.2157,23.9216,183.534,14.2196,12.47,1.56999,1,10,0,0,11,74.902,0,0,6.144,0,168.8
3017,46368.160,12.6977,11.9437,13.641,30,0,0,2527.5,63.3799,16,84.2,41.55,2.44,19.2157,23.5294,183.527,14.2196,12.47,1.56999,1,10,0,0,11,74.902,0,0,6.144,0,168.8
3018,46368.200,12.6126,11.9437,13.848,30,0,0,2526.75,63.3799,16,84.2,39.4,2.42,19.2157,23.5294,183.523,14.2196,12.18,1.36393,1,10,0,0,11,74.902,0,0,5.888,0,168.8
3019,46368.240,12.5701,11.9437,14.0944,30,0,0,2511.25,64.0012,16,84.2,39.19,2.42,19.2157,23.1373,183.644,14.2196,12.035,1.36327,1,10,0,0,11,74.902,0,0,5.632,0,168.8
3020,46368.280,12.7384,12.0586,14.0944,30,-3.125,0,2530.75,64.0012,16,84.2,39.48,2.42,18.8235,22.7451,180.399,14.2196,12.035,1.36327,1,10,0,0,11,74.902,0,0,5.376,0,168.8
3021,46368.320,12.7384,12.1734,14.867,30,-7.8125,0,2522,64.0012,16,84.2,38.19,2.4,18.8235,22.3529,180.466,14.2196,11.89,1.15112,1,10,0,0,11,74.902,0,0,5.12,0,168.8
3022,46368.360,13.16,12.518,14.867,30,-8.59375,0,2517,64.0012,16,84.2,37.97,2.4,18.8235,22.3529,180.507,14.2196,11.745,1.15112,1,10,0,0,12,74.902,0,0,4.864,0,168.8
3023,46368.400,13.7924,12.8625,14.9038,30,-9.375,0,2530.25,64.0012,16,84.2,38.4,2.4,18.8235,22.3529,180.375,14.2196,11.6,1.16179,1,10,0,0,12,74.902,0,0,4.864,0,168.8
3024,46368.440,14.3397,13.207,14.9111,30,-10.1563,0,2535.25,64.0012,16.5,84.2,37.54,2.4,18.8235,22.7451,180.32,14.2196,11.455,1.14942,1,10,0,0,13,74.902,0,0,4.864,0,168.8
3025,46368.480,14.9721,13.6664,14.9111,30,-9.375,0,2507.5,64.0012,16.5,84.2,39.47,2.42,18.8235,22.7451,180.575,14.2196,11.455,1.14942,1,8,0,0,13,74.902,0,0,4.864,0,168.8
3026,46368.520,15.268,14.1258,14.7866,30,-8.59375,0,2511.25,64.0012,16.5,84.2,39.05,2.42,18.8235,22.7451,180.354,14.2196,11.455,1.15535,1,8,0,0,13,74.902,0,0,4.864,0,168.8
3027,46368.560,15.4363,14.4703,14.6713,30,-7.8125,0,2552.25,64.0012,16.5,84.2,39.26,2.42,19.2157,22.7451,183.233,14.2196,11.455,1.35271,1,8,0,0,14,74.902,0,0,4.864,0,168.8
3028,46368.600,15.562,14.7,14.6713,30,-7.03125,0,2525.25,64.0012,16.5,84.2,39.48,2.4,18.8235,22.7451,180.397,14.2196,11.455,1.35271,1,8,0,0,14,74.902,0,0,5.12,0,168.8
3029,46368.640,15.8985,14.8148,14.6215,30,-6.25,0,2531.25,64.0012,16.5,84.2,37.97,2.4,18.0392,22.7451,171.124,14.2196,11.455,.746192,1,8,0,0,14,74.902,0,0,5.12,0,168.8
3030,46368.680,15.6471,14.9297,14.6215,30,-5.46875,0,2550,64.0012,16.5,84.2,37.75,2.4,16.8627,21.9608,158.565,14.2196,11.455,.746192,1,8,0,0,15,74.902,0,0,5.12,0,168.8
3031,46368.720,15.5194,14.8148,14.6073,30,-5.46875,0,2509.5,64.0012,17,84.2,36.36,2.34,14.5098,20.7843,131.604,14.2196,11.31,-.521402,1,8,0,0,14,74.902,0,0,4.864,0,168.8
3032,46368.760,15.562,14.7,14.7432,30,-5.46875,0,2535.5,64.0012,17.5,84.2,33.17,2.26,11.7647,18.4314,104.339,14.2196,10.875,-4.23127,1,8,0,0,14,74.902,0,0,4.608,0,168.8
3033,46368.800,15.0978,14.5852,14.7432,30,-5.46875,0,2526.75,64.0012,18.5,84.2,28.74,2.18,10.1961,16.4706,88.4315,14.2196,10.295,-4.23127,1,8,0,0,15,74.902,0,0,4.096,0,168.8
3034,46368.840,14.1714,14.3555,17.322,30,-7.03125,0,2534,64.0012,19.5,84.2,24.79,2.08,10.1961,15.2941,86.0935,14.2196,9.57,-6.08975,1,8,0,0,15,74.902,0,0,3.584,0,168.8
3035,46368.880,14.0032,14.1258,17.8881,30,-7.8125,0,2540.25,64.0012,21,84.2,22.14,2.06,10.1961,15.2941,88.1481,14.2196,8.845,-6.13548,1,8,0,0,16,74.902,0,0,3.328,0,168.8
3036,46368.920,14.0457,14.0109,17.8881,30,-7.8125,0,2525.5,64.0012,22,84.2,21.71,2.04,10.5882,15.2941,91.1266,14.2196,8.41,-6.13548,1,8,0,0,16,74.902,0,0,3.328,0,168.8
3037,46368.960,14.0883,14.1258,16.6513,30,-7.8125,0,2537.5,64.0012,23,84.2,22.63,2.06,10.9804,15.6863,93.5601,14.2196,8.12,-5.87947,1,8,0,0,18,74.902,0,0,3.328,0,168.8
3038,46369.000,14.2565,14.3555,16.6513,30,-7.8125,-.78125,2539.5,64.0012,23.5,84.2,22.88,2.08,11.7647,16.0784,101.563,14.2196,7.975,-5.87947,1,8,0,0,18,74.902,0,0,3.328,0,168.8
3039,46369.040,14.5931,14.4703,15.6555,30,-7.03125,-.78125,2513.5,64.0012,23.5,84.2,23.51,2.1,12.549,16.8627,110.101,14.2196,7.975,-5.40236,1,8,0,0,20,74.902,0,0,3.328,0,168.8
3040,46369.080,14.6356,14.5852,15.2743,30,-7.03125,-.78125,2557.5,64.0012,24,84.2,26.19,2.16,13.3333,18.0392,120.005,14.2196,7.975,-4.23753,1,8,0,0,20,74.902,0,0,3.328,0,168.8
3041,46369.120,14.7613,14.7,15.2743,30,-6.25,-.78125,2520.75,64.0012,23,84.2,28.34,2.2,14.1176,18.4314,126.029,14.2196,8.12,-4.23753,1,8,0,0,21,74.902,0,0,3.584,0,168.8
3042,46369.160,14.9296,14.9297,14.8596,30,-5.46875,-.78125,2515,64.0012,23,84.2,29.54,2.22,14.1176,18.4314,126.133,14.2196,8.12,-3.30388,1,8,0,0,21,74.902,0,0,3.584,0,168.8
3043,46369.200,15.4769,15.1594,14.6144,30,-3.90625,0,2563.25,64.0012,22.5,84.2,29.43,2.22,14.5098,18.4314,130.64,14.2196,8.265,-2.86104,1,8,0,0,21,74.902,0,0,3.84,0,168.8
3044,46369.240,15.7728,15.3891,14.6144,30,-3.125,0,2557.75,64.0012,22,84.2,29.65,2.24,14.902,18.8235,133.421,14.2196,8.41,-2.86104,1,8,0,0,21,74.902,0,0,3.84,0,168.8
3045,46369.280,15.8153,15.5039,14.4461,30,-.78125,0,2497.25,64.0012,21.5,84.2,30.62,2.24,14.5098,19.2157,131.794,14.2196,8.7,-2.60122,1,8,0,0,20,74.902,0,0,4.096,0,168.8
3046,46369.320,15.4769,15.5039,14.4461,30,-.78125,0,2560,64.0012,21.5,84.2,30.84,2.26,14.902,19.2157,133.377,14.2196,8.845,-2.60122,1,8,0,0,20,74.902,0,0,4.352,0,168.8
3047,46369.360,15.3086,15.2742,14.3292,30,0,0,2544,64.0012,21.5,84.2,31.14,2.26,14.902,19.2157,133.653,14.2196,8.845,-2.67773,1,8,0,0,20,74.902,0,0,4.352,0,168.8
3048,46369.400,15.0147,15.0445,14.2884,30,0,0,2511.25,64.0012,21,84.2,30.84,2.26,14.902,19.2157,134.219,14.2196,8.99,-2.59936,1,8,0,0,21,74.902,0,0,4.352,0,168.8
3049,46369.440,14.7188,14.8148,14.2884,30,-.78125,0,2560.75,64.0012,21,84.2,31.39,2.26,14.902,19.2157,136.051,14.2196,8.99,-2.59936,1,8,0,0,21,74.902,0,0,4.352,0,168.8
3050,46369.480,14.1714,14.4703,14.2748,30,-1.5625,0,2528.75,64.0012,21,84.2,30.98,2.26,14.902,19.2157,136.614,14.2196,8.99,-2.4334,1,8,0,0,21,74.902,0,0,4.352,0,168.8
3051,46369.520,13.9606,14.2406,14.2816,30,-2.34375,0,2533,64.0012,20.5,84.2,31.25,2.26,14.902,19.2157,133.842,14.2196,8.99,-2.63509,1,8,0,0,20,74.902,0,0,4.352,0,168.8
3052,46369.560,13.9606,14.1258,14.2816,30,-3.125,0,2551.5,64.0012,20.5,84.2,30.84,2.26,14.902,19.2157,133.52,14.2196,8.99,-2.63509,1,8,0,0,20,74.902,0,0,4.352,0,168.8
3053,46369.600,13.9606,14.1258,14.2884,30,-3.90625,0,2529.75,64.0012,20.5,84.2,30.84,2.26,14.902,19.2157,133.897,14.2196,8.99,-2.64551,1,8,0,0,20,74.902,0,0,4.352,0,168.8
3054,46369.640,14.0883,14.1258,14.2884,30,-3.90625,0,2540.75,64.0012,20.5,84.2,30.51,2.24,14.902,19.2157,133.706,14.2196,8.99,-2.64551,1,8,0,0,20,74.902,0,0,4.352,0,168.8
3055,46369.680,14.1714,14.1258,14.3019,30,-4.6875,0,2515.75,64.0012,20.5,84.2,30.98,2.26,14.902,19.2157,136.305,14.2196,8.99,-2.64919,1,8,0,0,20,74.902,0,0,4.352,0,168.8
3056,46369.720,13.9606,14.1258,14.3156,30,-4.6875,0,2545,64.0012,20.5,84.2,31.31,2.26,14.902,19.2157,133.632,14.2196,8.99,-2.62434,1,8,0,0,20,74.902,0,0,4.352,0,168.8
3057,46369.760,14.0457,14.1258,14.3156,30,-4.6875,0,2548,64.0012,20.5,84.2,31.14,2.24,14.902,19.2157,136.263,14.2196,8.99,-2.62434,1,8,0,0,20,74.902,0,0,4.352,0,168.8
3058,46369.800,14.1289,14.2406,14.3292,30,-5.46875,0,2520.75,64.0012,20.5,84.2,30.9,2.26,14.902,19.2157,134.051,14.2196,8.99,-2.43988,1,8,0,0,20,74.902,0,0,4.352,0,168.8
3059,46369.840,14.3397,14.2406,14.3428,30,-5.46875,0,2553,64.0012,20.5,84.2,31.04,2.24,14.902,19.2157,133.493,14.2196,8.99,-2.63773,1,8,0,0,20,74.902,0,0,4.352,0,168.8
3060,46369.880,14.8039,14.3555,14.3428,30,-5.46875,0,2532.75,64.0012,20.5,84.2,31.31,2.24,14.902,19.2157,133.843,14.2196,8.99,-2.63773,1,8,0,0,20,74.902,0,0,4.352,0,168.8
3061,46369.920,14.9721,14.3555,14.3565,30,-5.46875,0,2538.5,64.0012,20.5,84.2,31.04,2.26,14.902,19.2157,133.739,14.2196,8.99,-2.6322,1,8,0,0,20,74.902,0,0,4.096,0,168.8
3062,46369.960,14.9721,14.3555,14.3565,30,-6.25,0,2556.5,64.0012,20.5,84.2,30.57,2.24,14.5098,19.2157,130.745,14.2196,8.99,-2.6322,1,8,0,0,20,74.902,0,0,4.096,0,168.8
3063,46370.000,15.0147,14.3555,14.3634,30,-6.25,0,2549.25,64.0012,21,84.2,30.46,2.24,14.5098,18.8235,131.253,14.2196,8.99,-2.90252,1,8,0,0,20,74.902,0,0,4.096,0,168.8
3064,46370.040,14.9296,14.4703,14.3771,31,-6.25,0,2545.25,64.0012,21,84.2,30.36,2.24,14.5098,18.8235,130.938,14.2196,8.99,-2.88346,1,8,0,0,20,74.902,0,0,4.096,0,170.6
3065,46370.080,15.0572,14.3555,14.3771,31,-6.25,0,2535.75,64.6226,21,84.2,30.36,2.24,14.5098,18.8235,131.104,14.2196,8.99,-2.88346,1,8,0,0,20,74.902,0,0,4.096,0,170.6
3066,46370.120,15.0572,14.3555,14.3977,31,-6.25,0,2554.75,64.6226,21,84.2,30.35,2.26,14.5098,18.8235,130.774,14.2196,8.99,-2.86322,1,8,0,0,19,74.902,0,0,4.096,0,170.6
3067,46370.160,15.1829,14.3555,14.4184,31,-6.25,0,2534,64.6226,21,84.2,30.47,2.24,14.5098,18.8235,131.136,14.2196,8.99,-2.8873,1,8,0,0,20,74.902,0,0,4.096,0,170.6
3068,46370.200,15.0978,14.3555,14.4184,31,-6.25,0,2543.5,64.6226,21,84.2,30.25,2.24,14.902,18.8235,133.447,14.2196,8.99,-2.8873,1,8,0,0,20,74.902,0,0,4.096,0,170.6
3069,46370.240,15.0147,14.4703,14.4253,31,-6.25,0,2535,64.6226,21,84.2,31.03,2.24,14.5098,18.8235,131.118,14.2196,8.99,-2.89656,1,8,0,0,20,74.902,0,0,4.096,0,170.6
3070,46370.280,15.2255,14.4703,14.4253,31,-6.25,0,2559,64.6226,21,84.2,30.46,2.24,14.902,18.8235,133.381,14.2196,8.99,-2.89656,1,8,0,0,20,74.902,0,0,4.096,0,170.6
3071,46370.320,15.1829,14.4703,14.4322,31,-6.25,0,2524.75,64.6226,21,84.2,30.46,2.24,14.902,19.2157,133.972,14.2196,8.99,-2.6765,1,8,0,0,20,74.902,0,0,4.096,0,170.6
3072,46370.360,15.2255,14.4703,14.4461,31,-6.25,0,2561.25,64.6226,21,84.2,30.36,2.24,14.902,19.2157,133.34,14.2196,8.99,-2.63224,1,8,0,0,20,74.902,0,0,4.096,0,170.6
3073,46370.400,15.2255,14.5852,14.4461,31,-6.25,0,2544.75,64.6226,21,84.2,30.57,2.24,14.902,19.2157,133.566,14.2196,8.99,-2.63224,1,8,0,0,20,74.902,0,0,4.096,0,170.6
3074,46370.440,15.0978,14.5852,14.453,31,-6.25,0,2532.75,64.6226,21,84.2,30.68,2.24,14.902,19.2157,136.513,14.2196,8.99,-2.65555,1,8,0,0,20,74.902,0,0,4.096,0,170.6
3075,46370.480,15.268,14.5852,14.4461,31,-6.25,0,2569.75,64.6226,21,84.2,30.47,2.24,15.2941,19.2157,138.567,14.2196,8.99,-2.21115,1,8,0,0,20,74.902,0,0,4.096,0,170.6
3076,46370.520,15.3512,14.5852,14.4461,31,-5.46875,0,2546.75,64.6226,21,84.2,31.61,2.26,15.2941,19.6078,138.954,14.2196,8.99,-2.21115,1,8,0,0,20,74.902,0,0,4.096,0,170.6
3077,46370.560,15.3512,14.7,14.4461,31,-5.46875,0,2547.5,64.6226,20.5,84.2,32.5,2.28,15.2941,19.6078,138.94,14.2196,8.99,-2.18641,1,8,0,0,20,74.902,0,0,4.096,0,170.6
3078,46370.600,15.3512,14.7,14.4391,31,-4.6875,0,2536.5,64.6226,20.5,84.2,32.17,2.28,15.2941,19.6078,138.767,14.2196,8.99,-2.21498,1,8,0,0,20,74.902,0,0,4.352,0,170.6
3079,46370.640,15.3512,14.7,14.4391,31,-4.6875,0,2553.75,64.6226,20.5,84.2,32.01,2.28,15.2941,19.6078,138.837,14.2196,8.99,-2.21498,1,8,0,0,20,74.902,0,0,4.352,0,170.6
3080,46370.680,15.4363,14.7,14.4322,30,-4.6875,0,2547.5,64.6226,20.5,84.2,32.17,2.28,15.2941,19.6078,138.942,14.2196,8.99,-2.22554,1,8,0,0,20,74.902,0,0,4.352,0,170.6
3081,46370.720,14.7188,14.7,14.4322,30,-4.6875,0,2540.25,64.6226,20,84.2,32.18,2.28,15.2941,19.6078,139.063,14.2196,8.99,-2.22554,1,8,0,0,20,74.902,0,0,4.352,0,170.6
3082,46370.760,14.6356,14.5852,14.4322,30,-4.6875,0,2560.5,64.6226,20,84.2,32.34,2.28,15.2941,19.6078,138.719,14.2196,8.99,-2.18951,1,8,0,0,20,74.902,0,0,4.352,0,170.6
3083,46370.800,14.5931,14.4703,14.4253,31,-4.6875,0,2556.75,64.6226,20,84.2,32.18,2.28,15.2941,19.6078,138.988,14.2196,9.135,-2.19585,1,8,0,0,20,74.902,0,0,4.352,0,170.6
3084,46370.840,14.2972,14.4703,14.4253,31,-5.46875,0,2542.75,64.6226,20,84.2,32.01,2.28,15.2941,19.6078,139.017,14.2196,9.135,-2.19585,1,8,0,0,19,74.902,0,0,4.352,0,170.6
3085,46370.880,14.2565,14.3555,14.4322,31,-5.46875,0,2556.25,64.6226,20.5,84.2,31.68,2.26,15.2941,19.6078,138.553,14.2196,9.135,-2.2172,1,8,0,0,19,74.902,0,0,4.352,0,170.6
3086,46370.920,14.3397,14.3555,14.4391,30,-6.25,0,2551.25,64.6226,20.5,84.2,31.68,2.26,15.2941,19.6078,138.874,14.2196,9.135,-2.20546,1,8,0,0,19,74.902,0,0,4.352,0,170.6
3087,46370.960,14.2972,14.2406,14.4391,30,-6.25,0,2548.25,64.6226,20.5,84.2,31.37,2.26,15.2941,19.6078,138.925,14.2196,9.135,-2.20546,1,8,0,0,19,74.902,0,0,4.352,0,170.6
3088,46371.000,14.3397,14.3555,14.4391,30,-6.25,0,2551,64.6226,20.5,84.2,31.84,2.28,15.2941,19.6078,141.229,14.2196,9.135,-1.98456,1,8,0,0,19,74.902,0,0,4.352,0,170.6
3089,46371.040,14.2565,14.3555,14.4391,31,-6.25,0,2552.5,64.6226,20.5,84.2,31.85,2.28,15.2941,19.6078,138.852,14.2196,9.135,-1.98456,1,8,0,0,19,74.902,0,0,4.352,0,170.6
3090,46371.080,14.6356,14.4703,14.4461,31,-6.25,0,2573,64.6226,20.5,84.2,31.85,2.26,15.2941,19.6078,138.846,14.2196,9.135,-1.97748,1,8,0,0,19,74.902,0,0,4.352,0,170.6
3091,46371.120,14.3823,14.4703,14.453,31,-6.25,0,2549.75,64.6226,20.5,84.2,31.84,2.26,15.2941,19.6078,138.897,14.2196,9.135,-2.22451,1,8,0,0,19,74.902,0,0,4.352,0,170.6
3092,46371.160,14.7613,14.4703,14.453,31,-6.25,0,2552.5,64.6226,20.5,84.2,31.68,2.26,15.2941,19.6078,138.849,14.2196,9.135,-2.22451,1,8,0,0,19,74.902,0,0,4.352,0,170.6
3093,46371.200,14.6356,14.4703,14.4461,31,-6.25,0,2565.25,64.6226,20.5,84.2,31.52,2.26,15.2941,19.6078,138.815,14.2196,9.135,-2.20556,1,8,0,0,19,74.902,0,0,4.352,0,170.6
3094,46371.240,14.5931,14.4703,14.4461,31,-6.25,0,2542.25,64.6226,20.5,84.2,32.34,2.28,15.2941,19.6078,139.02,14.2196,9.135,-2.20556,1,8,0,0,19,74.902,0,0,4.352,0,170.6
3095,46371.280,14.5931,14.5852,14.4461,31,-6.25,0,2567.5,64.6226,20.5,84.2,31.69,2.28,15.2941,19.6078,138.593,14.2196,9.135,-2.19273,1,8,0,0,19,74.902,0,0,4.352,0,170.6
3096,46371.320,14.6356,14.4703,14.453,31,-6.25,0,2565.5,64.6226,20.5,84.2,32.5,2.28,15.2941,19.6078,138.627,14.2196,9.135,-2.22641,1,8,0,0,19,74.902,0,0,4.352,0,170.6
3097,46371.360,14.508,14.4703,14.453,31,-6.25,0,2552.75,64.6226,20.5,84.2,31.75,2.26,15.2941,19.6078,138.84,14.2196,9.135,-2.22641,1,8,0,0,19,74.902,0,0,4.352,0,170.6
3098,46371.400,14.5931,14.4703,14.5087,31,-6.25,0,2552.25,64.6226,20.5,84.2,32.23,2.28,15.2941,19.6078,138.692,14.2196,9.135,-2.22127,1,8,0,0,19,74.902,0,0,4.352,0,170.6
3099,46371.440,14.4248,14.4703,14.5087,31,-6.25,0,2567,64.6226,20.5,84.2,32.08,2.26,15.2941,19.6078,138.598,14.2196,9.135,-2.21995,1,8,0,0,19,74.902,0,0,4.352,0,170.6
3100,46371.480,14.508,14.4703,14.5087,31,-6.25,0,2555.5,64.6226,20.5,84.2,31.91,2.26,15.2941,19.6078,138.795,14.2196,9.135,-2.21995,1,8,0,0,19,74.902,0,0,4.352,0,170.6
3101,46371.520,14.4673,14.4703,14.5087,31,-6.25,0,2553.75,64.6226,20.5,84.2,31.58,2.26,15.2941,19.6078,138.821,14.2196,9.135,-2.22109,1,8,0,0,19,74.902,0,0,4.352,0,170.6
3102,46371.560,14.6356,14.4703,14.5087,31,-6.25,0,2563,64.6226,20.5,84.2,31.9,2.26,15.2941,19.6078,141.351,14.2196,9.135,-2.22109,1,8,0,0,19,74.902,0,0,4.352,0,170.6
3103,46371.600,14.5931,14.4703,14.5087,31,-6.25,0,2573,64.6226,20.5,84.2,32.4,2.28,15.2941,20,138.496,14.2196,9.135,-1.99285,1,8,0,0,19,74.902,0,0,4.352,0,170.6
3104,46371.640,14.4248,14.4703,14.5087,31,-6.25,0,2552.25,64.6226,20,84.2,33.22,2.28,15.2941,20,138.846,14.2196,9.135,-2.22996,1,8,0,0,19,74.902,0,0,4.352,0,170.6
3105,46371.680,14.508,14.5852,14.5087,31,-6.25,0,2570,64.6226,20,84.2,32.99,2.28,14.902,19.6078,135.82,14.2196,9.135,-2.22996,1,8,0,0,19,74.902,0,0,4.352,0,170.6
3106,46371.720,14.5931,14.5852,14.4599,31,-6.25,0,2564,64.6226,20,84.2,31.58,2.26,15.2941,19.2157,138.647,14.2196,9.135,-2.2331,1,8,0,0,19,74.902,0,0,4.352,0,170.6
3107,46371.760,14.6782,14.5852,14.5087,31,-6.25,0,2545,64.6226,20,84.2,31.74,2.26,15.2941,19.2157,138.966,14.2196,9.135,-2.19694,1,8,0,0,19,74.902,0,0,4.352,0,170.6
3108,46371.800,14.508,14.5852,14.5087,31,-6.25,0,2572.25,64.6226,20.5,84.2,31.44,2.26,15.2941,19.2157,138.506,14.2196,9.135,-2.19694,1,8,0,0,19,74.902,0,0,4.352,0,170.6
3109,46371.840,14.4673,14.4703,14.5087,31,-6.25,0,2556.5,64.6226,20.5,84.2,31.58,2.26,15.2941,19.6078,138.772,14.2196,9.135,-2.22679,1,8,0,0,19,74.902,0,0,4.352,0,170.6
3110,46371.880,15.0147,14.3555,14.5087,31,-6.25,0,2586.25,64.6226,20.5,84.2,31.22,2.24,15.2941,19.6078,138.514,14.2196,9.135,-2.22679,1,8,0,0,19,74.902,0,0,4.096,0,170.6
3111,46371.920,14.8039,14.3555,14.5087,31,-7.03125,0,2546.25,65.244,20.5,84.2,31.9,2.26,15.2941,19.6078,138.943,14.2196,9.135,-2.23558,1,8,0,0,19,74.902,0,0,4.096,0,170.6
3112,46371.960,15.0978,14.3555,14.5087,31,-7.03125,0,2582,65.244,20.5,84.2,32.4,2.26,15.2941,19.6078,138.339,14.2196,9.135,-2.43721,1,8,0,0,19,74.902,0,0,4.352,0,170.6
3113,46372.000,15.0978,14.4703,14.5087,31,-7.03125,0,2564.25,64.6226,20.5,84.2,32.4,2.26,14.902,19.6078,135.952,14.2196,9.135,-2.43721,1,8,0,0,19,74.902,0,0,4.096,0,170.6
3114,46372.040,15.2255,14.4703,14.5087,31,-6.25,0,2551,64.6226,20.5,84.2,31.91,2.26,14.902,19.6078,136.178,14.2196,9.135,-2.45483,1,8,0,0,19,74.902,0,0,4.352,0,170.6
3115,46372.080,15.2255,14.5852,14.5087,31,-6.25,0,2563.5,64.6226,20.5,84.2,31.74,2.26,14.902,19.6078,135.965,14.2196,9.135,-2.46534,1,8,0,0,19,74.902,0,0,4.352,0,170.6
3116,46372.120,15.3937,14.5852,14.5087,31,-6.25,0,2577.25,64.6226,20.5,84.2,32.13,2.26,14.902,19.6078,135.728,14.2196,9.135,-2.46534,1,8,0,0,19,74.902,0,0,4.352,0,170.6
3117,46372.160,15.268,14.5852,14.5087,31,-6.25,0,2577.25,65.244,20.5,84.2,31.97,2.26,14.902,19.2157,136.191,14.2196,9.135,-2.45022,1,8,0,0,19,74.902,0,0,4.352,0,170.6
3118,46372.200,15.1404,14.5852,14.5227,31,-6.25,0,2567.5,65.244,20.5,84.2,31.66,2.26,15.2941,19.2157,138.582,14.2196,9.135,-2.22957,1,8,0,0,19,74.902,0,0,4.352,0,170.6
3119,46372.240,15.3937,14.4703,14.5227,31,-6.25,0,2552,65.244,20.5,84.2,31.96,2.26,15.2941,19.6078,138.582,14.2196,9.135,-2.22957,1,8,0,0,19,74.902,0,0,4.096,0,170.6
3120,46372.280,15.2255,14.4703,14.5367,31,-6.25,0,2589.5,65.244,20.5,84.2,31.64,2.28,15.2941,20,138.205,14.2196,9.135,-2.24167,1,8,0,0,19,74.902,0,0,4.096,0,170.6
3121,46372.320,15.2255,14.4703,14.5367,31,-6.25,0,2551.5,65.244,20.5,84.2,33.13,2.28,14.902,20,136.217,14.2196,9.135,-2.24167,1,8,0,0,19,74.902,0,0,4.352,0,170.6
3122,46372.360,15.3937,14.5852,14.5508,31,-6.25,0,2576.25,65.244,20,84.2,33.9,2.3,15.2941,20.3922,138.43,14.2196,9.135,-2.43647,1,8,0,0,19,74.902,0,0,4.352,0,170.6
3123,46372.400,15.4363,14.5852,14.5649,31,-6.25,0,2584.25,65.244,20,84.2,34.09,2.3,15.2941,20.7843,138.295,14.2196,9.135,-2.25182,1,8,0,0,19,74.902,0,0,4.352,0,170.6
3124,46372.440,15.3512,14.7,14.5649,31,-5.46875,0,2568,65.244,19.5,84.2,34.8,2.32,14.902,20.7843,136.24,14.2196,9.28,-2.25182,1,8,0,0,19,74.902,0,0,4.352,0,170.6
3125,46372.480,15.4363,14.8148,14.5017,31,-4.6875,0,2577.25,65.244,19.5,84.2,34.54,2.32,15.2941,20.7843,138.413,14.2196,9.28,-2.45257,1,8,0,0,19,74.902,0,0,4.608,0,170.6
3126,46372.520,15.4363,14.8148,14.4184,31,-4.6875,0,2540,65.244,19.5,84.2,34.99,2.34,15.2941,21.1765,138.381,14.2196,9.57,-2.24672,1,8,0,0,19,74.902,0,0,4.608,0,170.6
3127,46372.560,15.4363,14.8148,14.4184,31,-3.90625,0,2589,65.244,19.5,84.2,35.09,2.34,15.2941,21.1765,138.213,14.2196,9.57,-2.24672,1,8,0,0,18,74.902,0,0,4.608,0,170.6
3128,46372.600,15.6045,14.8148,14.3771,31,-3.90625,0,2573.5,65.244,19,84.2,35.17,2.34,15.2941,21.1765,138.493,14.2196,9.715,-2.26622,1,8,0,0,18,74.902,0,0,4.608,0,170.6
3129,46372.640,15.5194,14.7,14.3771,31,-3.90625,0,2564.75,65.244,19,84.2,35.53,2.34,15.2941,21.1765,138.622,14.2196,9.86,-2.26622,1,8,0,0,18,74.902,0,0,4.608,0,170.6
3130,46372.680,15.4769,14.7,14.3565,31,-3.90625,0,2593.75,65.244,19,84.2,35.36,2.34,15.2941,21.1765,138.13,14.2196,9.86,-2.22613,1,8,0,0,18,74.902,0,0,4.608,0,170.6
3131,46372.720,15.6045,14.5852,14.3634,31,-3.90625,0,2566.75,65.244,19,84.2,35.53,2.34,15.2941,21.1765,138.681,14.2196,9.86,-2.22112,1,8,0,0,18,74.902,0,0,4.608,0,170.6
3132,46372.760,15.268,14.5852,14.3634,31,-3.90625,0,2581.25,65.244,19,84.2,35.63,2.34,15.2941,21.1765,138.338,14.2196,9.86,-2.22112,1,8,0,0,17,74.902,0,0,4.864,0,170.6
3133,46372.800,15.4769,14.4703,14.3702,31,-3.90625,0,2555.25,65.244,19,84.2,35.17,2.34,15.2941,21.1765,138.354,14.2196,9.86,-2.28009,1,8,0,0,17,74.902,0,0,4.608,0,170.6
3134,46372.840,15.3512,14.4703,14.3839,31,-3.90625,0,2584.75,65.244,19,84.2,35.71,2.34,14.902,21.1765,135.589,14.2196,9.86,-2.48584,1,8,0,0,17,74.902,0,0,4.864,0,170.6
3135,46372.880,15.1829,14.4703,14.3839,31,-4.6875,0,2578.75,65.244,19,84.2,35.25,2.34,14.902,21.1765,135.692,14.2196,9.86,-2.48584,1,8,0,0,17,74.902,0,0,4.608,0,170.6
3136,46372.920,15.0147,14.3555,14.4046,31,-4.6875,0,2565.75,65.244,19,84.2,34.89,2.32,14.902,21.1765,135.913,14.2196,9.86,-2.44478,1,8,0,0,17,74.902,0,0,4.608,0,170.6
3137,46372.960,15.0572,14.3555,14.4046,31,-4.6875,0,2600,65.244,19,84.2,35.06,2.32,15.2941,21.1765,138.019,14.2196,9.86,-2.44478,1,8,0,0,17,74.902,0,0,4.608,0,170.6
3138,46373.000,15.0572,14.3555,14.4322,31,-4.6875,0,2578.75,65.244,19,84.2,34.88,2.32,15.2941,21.1765,138.624,14.2196,9.86,-2.25835,1,8,0,0,17,74.902,0,0,4.608,0,170.6
3139,46373.040,14.4673,14.3555,14.4669,31,-5.46875,0,2576.5,65.244,19,84.2,35.24,2.34,15.2941,21.1765,141.103,14.2196,9.86,-2.01319,1,8,0,0,17,74.902,0,0,4.608,0,170.6
3140,46373.080,14.3397,14.3555,14.4669,31,-5.46875,0,2576.75,65.244,19,84.2,35.96,2.34,15.6863,21.5686,143.646,14.2196,9.86,-2.01319,1,8,0,0,17,74.902,0,0,4.608,0,170.6
3141,46373.120,14.2972,14.3555,14.4738,31,-5.46875,0,2578.5,65.244,19,84.2,35.7,2.34,15.2941,21.5686,141.07,14.2196,9.86,-2.03648,1,8,0,0,17,74.902,0,0,4.608,0,170.6
3142,46373.160,14.508,14.4703,14.4669,31,-5.46875,0,2594.75,65.244,18.5,84.2,35.79,2.34,15.2941,21.5686,138.437,14.2196,10.005,-2.24204,1,8,0,0,17,74.902,0,0,4.608,0,170.6
3143,46373.200,14.3823,14.5852,14.4669,31,-5.46875,0,2575.5,65.244,18.5,84.2,35.43,2.34,14.902,21.1765,135.74,14.2196,10.005,-2.24204,1,8,0,0,17,74.902,0,0,4.608,0,170.6
3144,46373.240,14.7188,14.5852,14.4669,31,-4.6875,0,2569.25,65.244,18.5,84.2,35.24,2.32,14.902,21.1765,133.242,14.2196,10.005,-2.43503,1,8,0,0,17,74.902,0,0,4.608,0,172.4
3145,46373.280,14.6356,14.7,14.4669,31,-4.6875,0,2605.75,65.244,19,84.2,35.15,2.32,14.902,20.7843,135.221,14.2196,10.005,-2.43503,1,8,0,0,17,74.902,0,0,4.608,0,172.4
3146,46373.320,14.5931,14.5852,14.4878,31,-4.6875,0,2545,65.244,18.5,84.2,34.88,2.32,14.902,20.7843,136.26,14.2196,10.005,-2.51752,1,8,0,0,17,74.902,0,0,4.608,0,172.4
3147,46373.360,14.6356,14.5852,14.5017,31,-4.6875,0,2597,65.244,19,84.2,34.7,2.32,15.2941,20.7843,138.115,14.2196,10.005,-2.50024,1,8,0,0,17,74.902,0,0,4.608,0,172.4
3148,46373.400,14.4248,14.4703,14.5017,31,-4.6875,0,2584.75,65.244,19,84.2,35.06,2.32,15.2941,21.1765,138.272,14.2196,9.86,-2.50024,1,8,0,0,17,74.902,0,0,4.608,0,172.4
3149,46373.440,14.3397,14.3555,14.5297,31,-5.46875,0,2576.25,65.244,19,84.2,35.33,2.34,14.902,21.1765,136.137,14.2196,9.86,-2.45848,1,8,0,0,16,74.902,0,0,4.608,0,172.4
3150,46373.480,14.2972,14.3555,14.5438,31,-5.46875,0,2595,65.244,19,84.2,35.15,2.34,14.902,21.1765,135.402,14.2196,9.86,-2.45848,1,8,0,0,17,74.902,0,0,4.608,0,172.4
3151,46373.520,14.3397,14.3555,14.5438,31,-5.46875,0,2585.25,65.244,19,84.2,35.33,2.34,14.902,21.1765,132.882,14.2196,9.86,-2.50207,1,8,0,0,17,74.902,0,0,4.608,0,172.4
3152,46373.560,14.2565,14.3555,14.5508,31,-5.46875,0,2580.75,65.244,19,84.2,35.34,2.34,14.5098,21.1765,130.266,14.2196,9.86,-2.92865,1,8,0,0,17,74.902,0,0,4.608,0,172.4
3153,46373.600,14.5505,14.4703,14.5508,31,-5.46875,0,2585.75,65.244,19,84.2,35.24,2.32,14.5098,20.7843,130.243,14.2196,9.86,-2.92865,1,8,0,0,17,74.902,0,0,4.608,0,172.4
3154,46373.640,14.5931,14.4703,14.579,31,-5.46875,0,2565.5,65.244,19,84.2,34.56,2.32,14.5098,20.7843,130.533,14.2196,9.86,-2.9494,1,8,0,0,16,74.902,0,0,4.608,0,172.4
3155,46373.680,14.5505,14.5852,14.6144,31,-5.46875,0,2599.75,65.244,19,84.2,34.55,2.32,14.902,20.7843,132.628,14.2196,9.86,-2.73279,1,8,0,0,16,74.902,0,0,4.608,0,172.4
3156,46373.720,14.4248,14.4703,14.6144,31,-5.46875,0,2588,65.244,19,84.2,34.2,2.3,14.902,20.7843,135.821,14.2196,9.86,-2.73279,1,8,0,0,16,74.902,0,0,4.608,0,172.4
3157,46373.760,14.3823,14.4703,14.6642,31,-6.25,0,2580.25,65.244,19,84.2,34.73,2.32,14.902,21.1765,135.654,14.2196,9.86,-2.48057,1,8,0,0,17,74.902,0,0,4.608,0,172.4
3158,46373.800,14.2972,14.3555,14.6857,31,-6.25,0,2573.5,65.244,19,84.2,35.63,2.34,14.902,21.1765,135.369,14.2196,9.86,-2.48057,1,8,0,0,17,74.902,0,0,4.608,0,172.4
3159,46373.840,14.214,14.3555,14.6857,31,-6.25,0,2592.5,65.244,19,84.2,35.46,2.34,14.902,21.1765,135.441,14.2196,9.86,-2.50512,1,8,0,0,17,74.902,0,0,4.608,0,172.4
3160,46373.880,14.5931,14.4703,14.7144,31,-5.46875,0,2583.5,65.244,19,84.2,35.55,2.34,14.902,21.1765,135.594,14.2196,9.86,-2.51568,1,8,0,0,17,74.902,0,0,4.608,0,172.4
3161,46373.920,14.7188,14.5852,14.7144,31,-5.46875,0,2569.75,65.244,19,84.2,35.55,2.34,14.902,21.1765,135.829,14.2196,9.86,-2.51568,1,8,0,0,17,74.902,0,0,4.608,0,172.4
3162,46373.960,14.7613,14.7,14.7216,31,-4.6875,0,2605,65.244,19,84.2,35.19,2.34,14.902,21.1765,135.228,14.2196,9.86,-2.46588,1,8,0,0,17,74.902,0,0,4.608,0,172.4
3163,46374.000,14.7188,14.8148,14.7504,31,-3.90625,0,2580.75,65.244,19,84.2,35.37,2.34,14.5098,21.1765,130.26,14.2196,9.86,-2.92415,1,8,0,0,17,74.902,0,0,4.608,0,172.4
3164,46374.040,14.7613,14.8148,14.7504,31,-3.90625,0,2590.75,65.244,19,84.2,35.1,2.32,13.3333,20.7843,119.321,14.2196,9.86,-2.92415,1,8,0,0,17,74.902,0,0,4.608,0,172.4
3165,46374.080,14.5505,14.7,14.7794,31,-3.90625,0,2576.75,65.244,19,84.2,33.83,2.28,11.3725,19.6078,97.7673,14.2196,9.86,-4.58922,1,8,0,0,17,74.902,0,0,4.608,0,172.4
3166,46374.120,14.508,14.5852,14.867,31,-3.90625,0,2581.5,65.244,19.5,84.2,31.28,2.22,10.1961,18.4314,84.5244,14.2196,9.86,-4.58922,1,8,0,0,17,74.902,0,0,4.608,0,172.4
3167,46374.160,14.4248,14.4703,14.867,31,-4.6875,0,2601.5,65.244,20,84.2,28.36,2.18,8.23529,16.8627,65.496,14.2196,9.57,-6.15366,1,8,0,0,17,74.902,0,0,4.352,0,172.4
3168,46374.200,13.8775,14.2406,16.2909,31,-5.46875,0,2563.5,65.244,21,84.2,24.41,2.08,6.27451,15.2941,49.7003,14.2196,9.135,-7.32702,1,8,0,0,17,74.902,0,0,3.584,0,172.4
3169,46374.240,13.6667,13.8961,16.2909,31,-7.03125,0,2584.25,65.244,22,84.2,21.68,1.98,4.31373,14.1176,43.5,14.2196,8.555,-7.32702,1,8,0,0,17,74.902,0,0,3.328,0,172.4
3170,46374.280,13.539,13.7813,17.8456,31,-8.59375,0,2589.5,65.244,23.5,84.2,19.36,1.96,2.35294,13.7255,41,14.2196,7.83,-7.81584,1,8,0,0,18,74.902,0,0,3.072,0,172.4
3171,46374.320,13.7498,13.7813,17.1347,31,-8.59375,0,2569.25,65.244,24.5,84.2,18.54,1.92,0,13.7255,38.5,14.2196,7.54,-7.97602,1,8,0,0,18,74.902,0,0,3.072,0,172.4
3172,46374.360,13.9181,14.0109,17.1347,31,-7.8125,0,2576.25,65.244,25,84.2,18.24,1.92,0,13.3333,36,14.2196,7.105,-7.97602,1,8,0,0,17,74.902,0,0,2.816,0,172.4
3173,46374.400,14.3823,14.2406,16.1684,31,-7.8125,-.78125,2580,65.244,25.5,84.2,17.26,1.9,0,12.9412,33.5,14.2196,6.815,-8.1362,1,8,0,0,7,0,0,0,2.816,0,172.4
3174,46374.440,14.6356,14.4703,16.1684,31,-7.03125,-.78125,2586.5,65.244,25,84.2,17.02,1.9,0,12.9412,31,14.2196,6.67,-8.1362,1,8,0,0,1,0,0,0,2.816,0,172.4
3175,46374.480,14.7613,14.5852,15.9881,31,-7.03125,-.78125,2579.75,65.244,25,84.2,16.64,1.86,0,12.549,28.5,14.2196,6.525,-8.29637,1,8,0,0,0,0,0,0,2.56,0,172.4
3176,46374.520,14.7613,14.7,15.8201,31,-6.25,-.78125,2573.75,65.244,24.5,84.2,15.51,1.84,0,12.1569,26,14.2196,6.38,-8.45655,1,8,0,0,0,0,0,0,2.56,0,172.4
3177,46374.560,14.6356,14.7,15.8201,31,-6.25,-.78125,2571,65.244,24.5,84.2,14.54,1.8,0,11.7647,23.5,14.2196,6.235,-8.45655,1,8,0,0,0,0,0,0,2.56,0,172.4
3178,46374.600,14.6356,14.5852,15.7786,31,-7.03125,-.78125,2559.5,65.244,24,84.2,14.18,1.78,0,11.3725,21,14.2196,6.09,-8.61666,1,8,0,0,0,0,0,0,2.56,0,172.4
3179,46374.640,14.5931,14.5852,15.8035,31,-7.03125,-.78125,2562.5,65.244,23.5,84.2,12.56,1.74,0,10.5882,18.5,14.2196,5.8,-8.77684,1,8,0,0,0,0,0,0,2.304,0,172.4
3180,46374.680,14.5931,14.5852,15.8035,31,-7.03125,-.78125,2575.5,65.244,22.5,84.2,11.91,1.72,0,10.1961,16,14.2196,5.655,-8.77684,1,8,0,0,0,0,0,0,2.304,0,172.4
3181,46374.720,14.5505,14.4703,15.2049,31,-7.03125,-.78125,2574.5,65.244,22,84.2,11.59,1.7,0,10.1961,13.5,14.2196,5.51,-8.93702,1,8,0,0,0,0,0,0,0,0,172.4
3182,46374.760,15.2255,14.4703,15.2049,31,-7.03125,-.78125,2555.25,65.244,21.5,84.2,11.34,1.68,0,9.80392,11,14.2196,5.365,-8.93702,1,8,0,0,0,0,0,0,0,0,172.4
3183,46374.800,15.1404,14.5852,15.2049,31,-7.03125,-.78125,2568,65.244,20.5,84.2,10.39,1.64,0,9.80392,8.5,14.2196,5.075,-9.09719,1,8,0,0,0,0,0,0,0,0,172.4
3184,46374.840,15.3512,14.9297,15.2511,31,-5.46875,-.78125,2575.5,65.244,20,84.2,10.24,1.66,0,9.41177,6,14.2196,4.93,-9.25737,1,8,0,0,0,0,0,0,0,0,172.4
3185,46374.880,15.8985,15.6187,15.2511,31,-3.90625,-.78125,2563,65.244,20,84.2,10.04,1.64,0,9.41177,3.5,14.2196,4.785,-9.25737,1,8,0,0,0,0,0,0,0,0,172.4
3186,46374.920,16.7843,16.3078,15.2511,31,-.78125,-.78125,2569.5,65.244,20,84.2,10,1.62,0,9.01961,1,14.2196,4.64,-9.41754,1,8,0,0,0,0,0,0,0,0,172.4
3187,46374.960,17.585,16.882,15.2433,31,.78125,-.78125,2568,65.244,20,84.2,9.75,1.62,0,9.01961,0,14.2196,4.64,-9.53769,1,8,0,0,0,0,0,0,0,0,172.4
3188,46375.000,18.1748,17.3414,15.2433,31,1.5625,-.78125,2574.5,65.244,20,84.2,9.42,1.6,0,9.01961,0,14.2196,4.495,-9.53769,1,8,0,0,0,0,0,0,0,0,172.4
3189,46375.040,18.5964,17.4562,15.083,31,2.34375,-.78125,2551,64.6226,20,84.2,9.49,1.62,0,9.01961,0,14.2196,4.35,-9.53775,1,8,0,0,0,0,0,0,0,0,172.4
3190,46375.080,19.0587,17.5711,14.845,31,3.125,-.78125,2560.5,64.6226,20,84.2,9.31,1.6,0,9.01961,0,14.2196,4.35,-9.53775,1,8,0,0,0,0,0,0,0,0,172.4
3191,46375.120,19.4377,17.8008,14.845,31,3.90625,-.78125,2568,64.6226,20,84.2,8.74,1.58,0,9.01961,0,14.2196,4.35,-9.53782,1,8,0,0,0,0,0,0,0,0,172.4
3192,46375.160,19.7336,17.9156,14.7288,31,3.90625,-.78125,2546.25,64.6226,20,84.2,8.74,1.56,0,9.01961,0,14.2196,4.205,-9.53788,1,8,0,0,0,0,0,0,0,0,172.4
3193,46375.200,19.9444,18.0305,14.7288,31,0,-.78125,2555,64.6226,20,84.2,8.68,1.58,0,9.01961,0,14.2196,4.205,-9.53788,1,8,0,0,0,0,0,0,0,0,172.4
3194,46375.240,19.8168,18.2602,12.7458,31,0,-.78125,2570.25,64.6226,20,84.2,9.05,1.58,0,9.01961,0,14.2196,4.205,-9.53788,1,8,0,0,0,0,0,0,0,0,172.4
3195,46375.280,19.9851,18.375,12.7135,31,0,-.78125,2537.75,64.6226,20,84.2,8.93,1.58,0,9.01961,0,14.2196,4.205,-9.53795,1,8,0,0,0,0,0,0,0,0,172.4
3196,46375.320,20.0701,18.375,12.7135,31,0,-.78125,2542,64.6226,20,84.2,9.05,1.58,0,9.01961,0,14.2196,4.06,-9.53795,1,8,0,0,0,0,0,0,0,0,172.4
3197,46375.360,19.9851,18.1453,12.6921,31,0,-.78125,2556.75,64.6226,20,84.2,8.87,1.58,0,9.01961,0,14.2196,4.06,-9.53801,1,8,0,0,0,0,0,0,0,0,172.4
3198,46375.400,20.3235,18.1453,12.6921,31,0,-.78125,2549,64.6226,20,84.2,9.22,1.58,0,9.01961,0,14.2196,4.06,-9.53801,1,8,0,0,0,0,0,0,0,0,172.4
3199,46375.440,19.8593,18.6047,12.6707,31,0,-.78125,2535.75,64.6226,20,84.2,8.08,1.52,0,9.01961,0,14.2196,4.06,-9.53807,1,8,0,0,0,0,0,0,0,0,172.4
3200,46375.480,19.8168,19.2937,12.6707,31,0,-.78125,2554.25,64.6226,20,84.2,7.46,1.48,0,9.01961,0,14.2196,4.06,-9.53813,1,8,0,0,0,0,0,0,0,0,172.4
3201,46375.520,19.6485,20.0977,12.6707,31,0,-.78125,2542.75,64.0012,20,84.2,8.1,1.54,0,8.62745,0,14.2196,4.06,-9.53813,1,8,0,0,0,0,0,0,0,0,172.4
3202,46375.560,20.8708,20.3273,12.6707,31,0,-.78125,2528.75,64.0012,20,84.2,8.43,1.56,0,8.62745,0,14.2196,4.06,-9.5382,1,8,0,0,0,0,0,0,0,0,172.4
3203,46375.600,20.5749,20.3273,12.6707,31,0,-.78125,2534.5,64.0012,20,84.2,8.25,1.56,0,8.62745,0,14.2196,4.06,-9.53826,1,8,0,0,0,0,0,0,0,0,172.4
3204,46375.640,20.4067,20.3273,12.6707,30,0,-.78125,2537,64.0012,20,84.2,8.28,1.56,0,8.62745,0,14.2196,4.06,-9.53826,1,8,0,0,0,0,0,0,0,0,174.2
3205,46375.680,20.5749,20.3273,12.6707,30,0,-.78125,2529,64.0012,20,84.2,7.79,1.52,0,8.62745,0,14.2196,4.06,-9.53832,1,10,0,0,0,0,0,0,0,0,174.2
3206,46375.720,20.66,20.3273,12.6707,30,0,-.78125,2527.75,64.0012,20,84.2,8.31,1.56,0,8.62745,0,14.2196,4.06,-9.53832,1,10,0,0,0,0,0,0,0,0,174.2
3207,46375.760,20.6175,20.3273,12.6707,30,0,-.78125,2530.25,64.0012,20,84.2,8.31,1.54,0,8.62745,0,14.2196,4.06,-9.53832,1,10,0,0,0,0,0,0,0,0,174.2
3208,46375.800,20.5343,20.3273,12.6707,30,0,-.78125,2525,64.0012,20,84.2,8.1,1.54,0,8.62745,0,14.2196,4.06,-9.53838,1,10,0,0,0,0,0,0,0,0,174.2
3209,46375.840,20.4918,20.3273,12.6707,30,0,-.78125,2514,64.0012,20,84.2,8.93,1.58,0,8.62745,0,14.2196,4.06,-9.53838,1,10,0,0,0,0,0,0,0,0,174.2
3210,46375.880,20.5343,20.3273,12.6707,30,0,-.78125,2523.75,64.0012,20,84.2,8.43,1.54,0,9.01961,0,14.2196,4.06,-9.53843,1,10,0,0,0,0,0,0,0,0,174.2
3211,46375.920,20.6175,20.3273,12.6707,30,0,-.78125,2521.5,63.3799,20,84.2,8.08,1.54,0,9.01961,0,14.2196,4.06,-9.53849,1,10,0,0,0,0,0,0,0,0,174.2
3212,46375.960,20.5343,20.3273,12.6707,30,0,-.78125,2505.25,63.3799,20,84.2,8.2,1.56,0,8.62745,0,14.2196,4.06,-9.53849,1,10,0,0,0,0,0,0,0,0,174.2
3213,46376.000,20.4492,20.3273,12.6707,30,0,-.78125,2508.5,63.3799,20,84.2,8.43,1.56,0,9.01961,0,14.2196,4.06,-9.53855,1,10,0,0,0,0,0,0,0,0,174.2
3214,46376.040,19.9851,20.3273,12.6707,30,0,-.78125,2516.75,63.3799,20,84.2,8.74,1.58,0,9.01961,0,14.2196,3.915,-9.53855,1,10,0,0,0,0,0,0,0,0,174.2
3215,46376.080,19.8168,20.3273,12.6707,30,0,-.78125,2502.5,63.3799,20,84.2,8.25,1.54,0,9.01961,0,14.2196,3.915,-9.53861,1,10,0,0,0,0,0,0,0,0,174.2
3216,46376.120,19.9444,20.3273,12.6707,30,0,-.78125,2517.5,63.3799,20,84.2,8.07,1.56,0,9.01961,0,14.2196,3.915,-9.53867,1,10,0,0,0,0,0,0,0,0,174.2
3217,46376.160,19.9851,20.3273,12.6707,30,0,-.78125,2508.5,63.3799,20,84.2,8.68,1.56,0,9.01961,0,14.2196,3.915,-9.53867,1,10,0,0,0,0,0,0,0,0,174.2
3218,46376.200,19.8593,20.3273,12.6707,30,0,-.78125,2500.75,63.3799,20,84.2,8.04,1.54,0,9.01961,0,14.2196,3.915,-9.53873,1,10,0,0,0,0,0,0,0,0,174.2
3219,46376.240,19.9851,20.3273,12.6707,30,0,-.78125,2509.5,63.3799,20,84.2,8.04,1.54,0,9.01961,0,14.2196,3.915,-9.53878,1,10,0,0,0,0,0,0,0,0,174.2
3220,46376.280,19.9019,20.3273,12.6707,30,0,-.78125,2501,63.3799,20,84.2,8.74,1.58,0,9.01961,0,14.2196,3.915,-9.53878,1,10,0,0,0,0,0,0,0,0,174.2
3221,46376.320,19.7762,20.3273,12.6707,30,0,-.78125,2492,63.3799,20,84.2,8.49,1.56,0,9.01961,0,14.2196,3.915,-9.53884,1,10,0,0,0,0,0,0,0,0,174.2
3222,46376.360,19.8593,20.3273,12.6707,30,0,-.78125,2501,63.3799,20,84.2,8.43,1.56,0,9.01961,0,14.2196,3.915,-9.53884,1,10,0,0,0,0,0,0,0,0,174.2
3223,46376.400,19.9444,20.3273,12.6707,30,0,-.78125,2495.5,62.7585,20,84.2,8.28,1.54,0,8.62745,0,14.2196,3.915,-9.5389,1,10,0,0,0,0,0,0,0,0,174.2
3224,46376.440,19.9019,20.3273,12.6707,30,0,-.78125,2486.25,62.7585,20,84.2,8.56,1.58,0,8.62745,0,14.2196,3.915,-9.53895,1,10,0,0,0,0,0,0,0,0,174.2
3225,46376.480,19.9019,20.3273,12.6707,30,0,-.78125,2492,62.7585,20,84.2,8.68,1.58,0,9.01961,0,14.2196,3.915,-9.53895,1,10,0,0,0,0,0,0,0,0,174.2
3226,46376.520,19.8593,20.3273,12.6707,30,0,-.78125,2491.75,62.7585,20,84.2,8.37,1.56,0,9.01961,0,14.2196,3.915,-9.53901,1,10,0,0,0,0,0,0,0,0,174.2
3227,46376.560,19.9444,20.3273,12.6707,30,0,-.78125,2480.75,62.7585,20,84.2,8.8,1.58,0,8.62745,0,14.2196,3.915,-9.53906,1,10,0,0,0,0,0,0,0,0,174.2
3228,46376.600,19.8593,20.3273,12.6707,30,0,-.78125,2483.75,62.7585,20,84.2,8.87,1.58,0,9.01961,0,14.2196,3.915,-9.53906,1,10,0,0,0,0,0,0,0,0,174.2
3229,46376.640,19.9444,20.3273,12.6707,30,0,-.78125,2485.5,62.7585,20,84.2,8.99,1.58,0,9.01961,0,14.2196,3.915,-9.53911,1,10,0,0,0,0,0,0,0,0,174.2
3230,46376.680,19.9851,20.3273,12.6707,30,0,-.78125,2471.5,62.7585,20,84.2,8.37,1.56,.392157,8.62745,4.32317,14.2196,3.915,-9.53911,1,10,0,0,0,0,0,0,2.048,0,174.2
3231,46376.720,20.1552,20.3273,12.6707,30,0,-.78125,2476.5,62.7585,20.5,84.2,8.56,1.58,.784314,9.01961,9.11116,14.2196,3.915,-9.36612,1,10,0,0,0,74.902,0,0,2.048,0,174.2
3232,46376.760,19.9444,20.3273,12.6707,30,0,-.78125,2471,62.7585,21.5,84.2,8.68,1.58,.784314,9.01961,9.11522,14.2196,3.915,-9.17466,1,10,0,0,0,74.902,0,0,2.048,0,174.2
3233,46376.800,19.9851,20.3273,12.6707,30,0,-.78125,2478.75,62.7585,22,84.2,9.05,1.58,1.17647,9.01961,13.1363,14.2196,3.915,-9.17466,1,10,0,0,1,74.902,0,0,2.048,0,174.2
3234,46376.840,20.5343,20.3273,12.6707,30,0,-.78125,2470.25,62.7585,22.5,84.2,9.17,1.6,1.56863,9.41177,15.1765,14.2196,3.915,-9.01347,1,10,0,0,3,74.902,0,0,2.048,0,174.2
3235,46376.880,20.4918,20.3273,12.6707,30,0,-.78125,2450,62.1371,23,84.2,9.74,1.62,1.96078,9.80392,17.2754,14.2196,3.915,-8.84945,1,10,0,0,4,74.902,0,0,2.048,0,174.2
3236,46376.920,20.4492,20.3273,12.6707,30,0,-.78125,2469.5,62.1371,24,84.2,10.78,1.66,1.96078,10.5882,19.1775,14.2196,3.915,-8.84945,1,10,0,0,7,74.902,0,0,2.048,0,174.2
3237,46376.960,20.4492,20.3273,12.6707,30,0,-.78125,2473.75,62.1371,24.5,84.2,11.19,1.7,2.7451,10.9804,25.2527,14.2196,3.915,-8.69146,1,10,0,0,9,74.902,0,0,2.048,0,174.2
3238,46377.000,20.6175,20.3273,12.6707,30,0,-.78125,2450.75,62.1371,25,84.2,11.12,1.72,3.52941,11.7647,29.4838,14.2196,3.915,-8.69146,1,10,0,0,10,74.902,0,0,2.304,0,174.2
3239,46377.040,20.5343,20.3273,12.6707,30,0,-.78125,2468.5,62.1371,25.5,84.2,12.27,1.76,4.31373,12.549,35.3984,14.2196,4.06,-8.35928,1,10,0,0,12,74.902,0,0,2.304,0,174.2
3240,46377.080,20.4918,20.3273,12.6707,30,0,-.78125,2476,62.1371,26.5,84.2,14.48,1.82,5.09804,12.9412,41.363,14.2196,4.205,-8.04472,1,10,0,0,14,74.902,0,0,2.304,0,174.2
3241,46377.120,18.933,20.3273,12.6707,30,0,-.78125,2451.5,62.1371,27,84.2,15.34,1.86,5.88235,13.7255,47.7901,14.2196,4.64,-8.04472,1,10,0,0,15,74.902,0,0,2.56,0,174.2
3242,46377.160,17.2059,20.3273,12.0182,30,0,-.78125,2466.75,62.1371,27.5,84.2,16.52,1.9,6.27451,13.7255,51.6013,14.2196,4.93,-7.62664,1,10,0,0,16,74.902,0,0,2.816,0,174.2
3243,46377.200,15.9836,20.3273,12.3384,30,0,-.78125,2478.25,62.1371,28.5,84.2,17.89,1.92,7.05882,14.5098,57.7829,14.2196,5.22,-7.30786,1,10,0,0,17,74.902,0,0,2.816,0,174.2
3244,46377.240,15.562,20.3273,12.3384,30,0,-.78125,2471.25,62.1371,28.5,84.2,18.41,1.94,7.45098,14.902,59.6013,14.2196,5.365,-7.30786,1,10,0,0,17,74.902,0,0,3.072,0,174.2
3245,46377.280,15.3086,19.868,12.248,30,0,-.78125,2469,62.1371,28.5,84.2,19.07,1.96,7.45098,14.902,59.6489,14.2196,5.655,-7.16418,1,10,0,0,17,74.902,0,0,3.072,0,174.2
3246,46377.320,15.0978,18.4898,12.1836,30,0,-.78125,2432.75,62.1371,28,84.2,19.37,1.96,7.45098,15.2941,62.4264,14.2196,5.8,-7.16418,1,10,0,0,17,74.902,0,0,3.328,0,174.2
3247,46377.360,14.7188,17.4562,12.1836,30,0,-.78125,2447.75,62.1371,27.5,84.2,19.81,1.98,7.84314,15.2941,64.1489,14.2196,6.09,-7.04093,1,10,0,0,18,74.902,0,0,3.328,0,174.2
3248,46377.400,13.8775,16.4227,12.1345,30,0,-.78125,2472.75,62.1371,27.5,84.2,19.74,1.98,8.23529,15.2941,68.4421,14.2196,6.09,-6.89992,1,10,0,0,18,74.902,0,0,3.328,0,174.2
3249,46377.440,13.9606,15.3891,12.1345,30,0,-.78125,2444.75,62.1371,27.5,84.2,20.14,2.02,9.01961,15.6863,74.3831,14.2196,6.235,-6.89992,1,10,0,0,18,74.902,0,0,3.584,0,174.2
3250,46377.480,13.7924,14.7,13.8226,30,-.78125,-.78125,2441.25,62.1371,27,84.2,21.2,2.04,9.01961,16.4706,76.9873,14.2196,6.38,-6.56759,1,10,0,0,19,74.902,0,0,3.328,0,174.2
3251,46377.520,13.5816,14.1258,13.5428,30,-1.5625,-.78125,2470.25,62.1371,26.5,84.2,22.39,2.06,10.1961,16.4706,87.1731,14.2196,6.67,-6.14447,1,10,0,0,19,74.902,0,0,3.328,0,174.2
3252,46377.560,13.0768,13.6664,13.5428,30,-2.34375,-.78125,2449.75,62.1371,26.5,84.2,23.05,2.08,10.5882,17.2549,92.9272,14.2196,6.815,-6.14447,1,10,0,0,19,74.902,0,0,3.328,0,174.2
3253,46377.600,13.3708,13.4367,13.4882,30,-3.125,0,2438.25,62.1371,25.5,84.2,24.68,2.12,10.5882,17.6471,92.8402,14.2196,7.105,-5.82451,1,10,0,0,19,74.902,0,0,3.584,0,174.2
3254,46377.640,13.4559,13.6664,13.4882,30,-1.5625,0,2460.75,62.1371,25,84.2,25.48,2.14,10.9804,17.6471,95.66,14.2196,7.395,-5.82451,1,10,0,0,19,74.902,0,0,3.584,0,174.2
3255,46377.680,14.0032,14.0109,13.3862,30,-.78125,0,2452.5,62.1371,24,84.2,25.61,2.14,10.5882,17.6471,92.8665,14.2196,7.54,-5.71093,1,10,0,0,19,74.902,0,0,3.84,0,174.2
3256,46377.720,14.3397,14.2406,13.3625,31,.78125,0,2449,62.1371,23.5,84.2,25.34,2.12,10.5882,17.6471,92.9402,14.2196,7.685,-5.81327,1,10,0,0,20,74.902,0,0,3.84,0,174.2
3257,46377.760,14.6782,14.2406,13.3625,31,1.5625,0,2442.75,62.1371,23.5,84.2,25.21,2.12,10.9804,17.6471,95.7274,14.2196,7.685,-5.81327,1,10,0,0,20,74.902,0,0,4.096,0,174.2
3258,46377.800,14.7613,14.1258,13.3684,31,1.5625,0,2451.5,62.1371,23.5,84.2,24.69,2.14,11.7647,18.0392,103.302,14.2196,7.83,-5.61266,1,10,0,0,20,74.902,0,0,4.096,0,174.2
3259,46377.840,14.6356,13.8961,13.4041,31,.78125,0,2453.5,62.1371,23,84.2,26.54,2.16,11.7647,18.0392,103.505,14.2196,7.83,-5.22089,1,10,0,0,20,74.902,0,0,4.096,0,174.2
3260,46377.880,14.7613,13.7813,13.4041,31,0,0,2436.75,62.1371,22.5,84.2,27.32,2.16,11.7647,18.4314,103.831,14.2196,7.975,-5.22089,1,10,0,0,20,74.902,0,0,4.096,0,174.2
3261,46377.920,14.4673,13.6664,13.4041,31,0,0,2455.5,61.5158,22.5,84.2,27.08,2.18,11.7647,18.4314,106.129,14.2196,7.975,-5.23943,1,10,0,0,20,74.902,0,0,4.096,0,174.2
3262,46377.960,14.3397,13.5516,13.4041,31,0,0,2448.5,61.5158,22.5,84.2,27.43,2.18,11.7647,18.4314,106.267,14.2196,8.12,-5.23943,1,10,0,0,20,74.902,0,0,4.096,0,174.2
3263,46378.000,14.0457,13.4367,13.416,31,-.78125,0,2439,62.1371,22,84.2,27.43,2.18,12.1569,18.4314,109.11,14.2196,8.265,-5.00074,1,10,0,0,20,74.902,0,0,4.096,0,174.2
3264,46378.040,14.0883,13.4367,13.422,31,-.78125,0,2457.5,62.1371,22,84.2,27.54,2.18,12.549,18.8235,111.423,14.2196,8.265,-4.5409,1,10,0,0,20,74.902,0,0,4.352,0,174.2
3265,46378.080,14.1714,13.4367,13.422,31,-.78125,0,2451.25,62.1371,22,84.2,28.4,2.2,12.9412,19.2157,117.164,14.2196,8.41,-4.5409,1,8,0,0,20,74.902,0,0,4.352,0,174.2
3266,46378.120,13.539,13.4367,13.446,31,-.78125,0,2441.75,62.1371,21.5,84.2,29.26,2.2,13.7255,19.6078,125.037,14.2196,8.41,-3.86479,1,8,0,0,20,74.902,0,0,4.352,0,174.2
3267,46378.160,13.3708,13.4367,13.44,31,-1.5625,0,2452.75,62.1371,21.5,84.2,30.24,2.26,14.902,20.3922,135.496,14.2196,8.555,-2.71515,1,8,0,0,20,74.902,0,0,4.352,0,174.2
3268,46378.200,13.4133,13.4367,13.44,31,-1.5625,0,2438.25,62.1371,21,84.2,32.15,2.3,14.902,20.7843,138.412,14.2196,8.845,-2.71515,1,8,0,0,20,74.902,0,0,4.608,0,174.2
3269,46378.240,13.539,13.5516,13.3743,31,-.78125,0,2449.25,62.1371,20,84.2,33.03,2.28,15.2941,21.1765,140.712,14.2196,9.135,-2.03652,1,8,0,0,20,74.902,0,0,4.608,0,174.2
3270,46378.280,13.6241,13.6664,13.3506,31,-.78125,0,2448.5,62.1371,20,84.2,33.03,2.28,15.6863,21.1765,143.563,14.2196,9.28,-2.03652,1,8,0,0,20,74.902,0,0,4.864,0,174.2
3271,46378.320,13.539,13.7813,13.3506,31,0,0,2445.5,62.1371,19.5,84.2,33.55,2.3,15.6863,21.1765,146.276,14.2196,9.425,-1.80712,1,8,0,0,20,74.902,0,0,4.864,0,174.2
3272,46378.360,13.7073,13.7813,13.3743,31,0,0,2450.5,62.1371,19,84.2,34,2.3,16.4706,21.9608,151.52,14.2196,9.57,-1.34375,1,8,0,0,20,74.902,0,0,5.12,0,174.2
3273,46378.400,13.7924,13.6664,13.3743,31,0,0,2453.75,62.1371,19,84.2,34.72,2.32,16.4706,21.9608,151.717,14.2196,9.715,-1.34375,1,8,0,0,19,74.902,0,0,5.12,0,174.2
3274,46378.440,13.539,13.6664,13.2741,31,-.78125,0,2448.25,62.1371,18.5,84.2,34.63,2.32,16.8627,22.3529,157.29,14.2196,9.86,-1.13038,1,8,0,0,19,74.902,0,0,5.12,0,174.2
3275,46378.480,13.5816,13.6664,13.3152,31,0,0,2441.75,62.1371,18.5,84.2,35.08,2.34,17.2549,22.7451,163.4,14.2196,9.86,-.0972468,1,8,0,0,19,74.902,0,0,5.12,0,174.2
3276,46378.520,13.6667,13.7813,13.3152,31,0,0,2459,62.1371,18,84.2,35.8,2.38,17.6471,23.5294,169.203,14.2196,10.005,-.0972468,1,8,0,0,18,74.902,0,0,5.376,0,174.2
3277,46378.560,14.0032,13.7813,13.3388,31,.78125,0,2429.5,62.1371,17.5,84.2,36.6,2.38,18.0392,23.5294,172.346,14.2196,10.295,.619248,1,8,0,0,18,74.902,0,0,5.376,0,174.2
3278,46378.600,13.7924,13.8961,13.327,31,1.5625,0,2463.25,62.1371,17.5,84.2,36.52,2.38,18.0392,23.9216,172.172,14.2196,10.44,.619248,1,8,0,0,17,74.902,0,0,5.376,0,174.2
3279,46378.640,13.9181,13.8961,13.327,31,1.5625,0,2443.25,62.1371,17.5,84.2,36.87,2.38,18.4314,23.9216,175.409,14.2196,10.585,.602183,1,8,0,0,17,74.902,0,0,5.632,0,174.2
3280,46378.680,13.7073,13.8961,13.3625,31,1.5625,0,2457,62.1371,17,84.2,37.09,2.38,18.4314,23.9216,175.259,14.2196,10.585,.823182,1,8,0,0,17,74.902,0,0,5.632,0,174.2
3281,46378.720,13.8775,13.7813,13.3625,31,1.5625,0,2454.25,62.1371,17,84.2,37.83,2.4,18.4314,23.9216,175.288,14.2196,10.73,.823182,1,8,0,0,16,74.902,0,0,5.632,0,174.2
3282,46378.760,13.3708,13.6664,13.4041,31,1.5625,0,2445.25,62.1371,16.5,84.2,37.61,2.4,18.4314,23.9216,175.386,14.2196,10.73,.810981,1,8,0,0,16,74.902,0,0,5.632,0,174.2
3283,46378.800,13.5816,13.6664,13.4701,31,1.5625,0,2439,62.1371,16.5,84.2,37.4,2.38,18.0392,23.9216,172.182,14.2196,10.875,.605382,1,8,0,0,16,74.902,0,0,5.632,0,174.2
3284,46378.840,13.5816,13.5516,13.4701,32,1.5625,0,2448,62.1371,16.5,84.2,36.7,2.38,17.6471,23.5294,169.498,14.2196,10.875,.605382,1,8,0,0,15,74.902,0,0,5.632,0,176
3285,46378.880,13.539,13.5516,13.5367,32,.78125,0,2457.5,62.1371,16.5,84.2,36.43,2.38,18.0392,23.5294,172.232,14.2196,10.875,.618427,1,8,0,0,15,74.902,0,0,5.632,0,176
3286,46378.920,13.2451,13.4367,13.5978,32,.78125,0,2448.25,62.1371,16.5,84.2,36.43,2.38,17.6471,23.5294,169.327,14.2196,10.875,.398774,1,8,0,0,15,74.902,0,0,5.632,0,176
3287,46378.960,13.3708,13.4367,13.5978,32,0,0,2469.75,62.1371,17,84.2,36.43,2.36,17.6471,23.5294,169.246,14.2196,10.875,.398774,1,8,0,0,15,74.902,0,0,5.376,0,176
3288,46379.000,13.539,13.4367,13.6719,32,0,0,2435.75,62.1371,17,84.2,36.25,2.36,18.0392,23.5294,172.189,14.2196,10.875,.609882,1,8,0,0,15,74.902,0,0,5.376,0,176
3289,46379.040,13.3708,13.5516,13.6719,32,0,0,2464,62.1371,17,84.2,36.59,2.38,18.0392,23.5294,172.156,14.2196,10.875,.609882,1,8,0,0,14,74.902,0,0,5.376,0,176
3290,46379.080,13.4133,13.5516,13.7469,32,0,0,2452.25,62.1371,17,84.2,36.59,2.38,18.4314,23.9216,175.305,14.2196,10.875,.803466,1,8,0,0,15,74.902,0,0,5.376,0,176
3291,46379.120,13.7073,13.6664,13.8226,32,0,0,2448,62.1371,17,84.2,37.25,2.4,18.4314,23.9216,175.288,14.2196,10.875,.810755,1,8,0,0,15,74.902,0,0,5.376,0,176
3292,46379.160,13.8775,13.6664,13.8226,32,.78125,0,2471.5,62.1371,16.5,84.2,37.9,2.4,18.4314,23.9216,175.098,14.2196,10.875,.810755,1,8,0,0,14,74.902,0,0,5.376,0,176
3293,46379.200,13.4559,13.7813,13.848,32,.78125,0,2444,62.1371,16.5,84.2,38.55,2.4,18.4314,23.9216,175.391,14.2196,11.02,.810864,1,8,0,0,14,74.902,0,0,5.632,0,176
3294,46379.240,13.8775,13.8961,13.8735,32,1.5625,0,2441,62.1371,16.5,84.2,37.69,2.4,18.4314,23.9216,175.149,14.2196,11.02,.801317,1,8,0,0,14,74.902,0,0,5.632,0,176
3295,46379.280,13.9181,13.8961,13.8735,32,2.34375,0,2459,62.1371,16.5,84.2,37.47,2.4,18.4314,23.9216,175.413,14.2196,11.02,.801317,1,8,0,0,14,74.902,0,0,5.632,0,176
3296,46379.320,13.7498,13.8961,13.8992,32,2.34375,0,2452.25,62.1371,16.5,84.2,37.9,2.4,18.4314,23.9216,175.302,14.2196,11.02,.807425,1,8,0,0,14,74.902,0,0,5.632,0,176
3297,46379.360,13.7498,13.7813,13.8992,32,2.34375,0,2461.75,62.1371,16.5,84.2,37.47,2.4,18.4314,23.9216,175.199,14.2196,11.02,.807425,1,8,0,0,14,74.902,0,0,5.632,0,176
3298,46379.400,13.7073,13.6664,13.9507,32,2.34375,0,2468.25,62.1371,16.5,84.2,37.68,2.4,18.0392,23.9216,172.279,14.2196,11.165,.811082,1,8,0,0,14,74.902,0,0,5.632,0,176
3299,46379.440,13.5816,13.6664,13.9701,32,1.5625,0,2446.25,62.1371,16.5,84.2,37.9,2.4,18.0392,23.9216,172.238,14.2196,11.165,.606113,1,8,0,0,14,74.902,0,0,5.632,0,176
3300,46379.480,13.4559,13.6664,13.9701,32,2.34375,0,2467.5,62.1371,16.5,84.2,37.69,2.38,18.4314,23.9216,175.135,14.2196,11.165,.606113,1,8,0,0,14,74.902,0,0,5.632,0,176
3301,46379.520,13.6667,13.6664,14.0026,32,2.34375,0,2458.75,62.1371,16.5,84.2,37.16,2.38,18.4314,23.9216,175.335,14.2196,11.165,.815657,1,8,0,0,14,74.902,0,0,5.632,0,176
3302,46379.560,13.7498,13.6664,14.0287,32,2.34375,0,2462.75,62.1371,16.5,84.2,37.25,2.4,18.4314,23.9216,175.075,14.2196,11.165,.796205,1,8,0,0,14,74.902,0,0,5.632,0,176
3303,46379.600,13.7498,13.6664,14.0287,32,2.34375,0,2458,62.1371,16.5,84.2,37.17,2.4,18.4314,23.9216,175.234,14.2196,11.165,.796205,1,8,0,0,14,74.902,0,0,5.632,0,176
3304,46379.640,14.1714,13.6664,14.0615,32,2.34375,0,2463.75,62.1371,16.5,84.2,37.9,2.4,18.4314,23.9216,175.173,14.2196,11.165,.804099,1,8,0,0,13,74.902,0,0,5.632,0,176
3305,46379.680,14.4248,13.6664,14.0615,32,2.34375,0,2442,62.1371,16.5,84.2,38.12,2.4,18.4314,23.9216,175.223,14.2196,11.165,.804099,1,8,0,0,14,74.902,0,0,5.632,0,176
3306,46379.720,14.3397,13.7813,14.0878,32,3.125,0,2468.25,62.1371,16.5,84.2,38.33,2.4,18.4314,23.9216,175.247,14.2196,11.165,.818309,1,8,0,0,14,74.902,0,0,5.632,0,176
3307,46379.760,14.3397,13.7813,14.1076,32,3.125,0,2451.5,62.1371,16,84.2,38.33,2.4,18.4314,23.9216,175.303,14.2196,11.165,.798731,1,8,0,0,14,74.902,0,0,5.632,0,176
3308,46379.800,14.4248,13.7813,14.1076,32,3.125,0,2468,62.1371,16,84.2,37.76,2.4,18.4314,23.9216,175.123,14.2196,11.165,.798731,1,8,0,0,14,74.902,0,0,5.632,0,176
3309,46379.840,14.4248,13.7813,14.1474,32,3.90625,0,2469.75,62.1371,16,84.2,38.63,2.4,18.4314,23.9216,175.209,14.2196,11.165,.800743,1,8,0,0,14,74.902,0,0,5.632,0,176
3310,46379.880,14.508,13.7813,14.1874,32,3.90625,0,2437.75,62.1371,16,84.2,37.98,2.4,18.4314,23.9216,175.447,14.2196,11.31,.821016,1,8,0,0,13,74.902,0,0,5.632,0,176
3311,46379.920,14.3397,13.7813,14.1874,32,3.90625,0,2492.5,62.1371,16,84.2,38.62,2.4,18.4314,23.9216,174.858,14.2196,11.31,.821016,1,8,0,0,13,74.902,0,0,5.632,0,176
3312,46379.960,14.2972,13.6664,14.2142,32,3.90625,0,2446,62.1371,16,84.2,38.63,2.4,18.4314,23.9216,175.345,14.2196,11.31,.79077,1,8,0,0,14,74.902,0,0,5.632,0,176
3313,46380.000,14.3397,13.6664,14.2142,32,3.90625,0,2473.75,62.1371,16,84.2,38.84,2.42,18.4314,23.9216,175.148,14.2196,11.31,.79077,1,8,0,0,14,74.902,0,0,5.632,0,176
3314,46380.040,14.2972,13.6664,14.2478,32,3.90625,0,2480.5,62.1371,16,84.2,39.92,2.42,18.4314,23.9216,174.987,14.2196,11.31,.794862,1,8,0,0,14,74.902,0,0,5.632,0,176
3315,46380.080,14.2972,13.6664,14.2681,32,3.90625,0,2451.75,62.1371,16,84.2,38.63,2.4,18.4314,23.9216,175.293,14.2196,11.31,.804291,1,8,0,0,13,74.902,0,0,5.632,0,176
3316,46380.120,14.214,13.6664,14.2681,32,3.90625,0,2472,62.1371,16,84.2,38.2,2.42,18.4314,23.9216,175.076,14.2196,11.31,.804291,1,8,0,0,13,74.902,0,0,5.632,0,176
3317,46380.160,14.3823,13.6664,14.2884,32,3.90625,0,2472.5,62.7585,16,84.2,39.49,2.42,18.4314,23.9216,178.099,14.2196,11.31,.997534,1,8,0,0,13,74.902,0,0,5.632,0,176
3318,46380.200,14.1714,13.5516,14.2884,32,3.90625,0,2462.5,62.7585,16,84.2,39.71,2.42,18.4314,24.3137,175.176,14.2196,11.31,.997534,1,8,0,0,14,74.902,0,0,5.632,0,176
3319,46380.240,14.0883,13.5516,14.2884,32,3.125,0,2481.5,62.1371,16,84.2,40.35,2.42,18.4314,24.3137,174.972,14.2196,11.31,.802628,1,8,0,0,13,74.902,0,0,5.632,0,176
3320,46380.280,14.214,13.5516,14.2816,32,3.125,0,2473.5,62.1371,16,84.2,39.5,2.4,18.4314,24.3137,178.222,14.2196,11.455,.995029,1,8,0,0,13,74.902,0,0,5.888,0,176
3321,46380.320,14.214,13.5516,14.2816,32,3.125,0,2460.5,62.1371,16,84.2,39.49,2.42,18.4314,24.3137,175.197,14.2196,11.455,.995029,1,8,0,0,13,74.902,0,0,5.632,0,176
3322,46380.360,14.0457,13.5516,14.3019,32,3.125,0,2465,62.1371,16,84.2,39.71,2.42,18.4314,23.9216,178.01,14.2196,11.455,.803946,1,8,0,0,13,74.902,0,0,5.632,0,176
3323,46380.400,14.1289,13.5516,14.3087,32,3.125,0,2461,62.7585,16,84.2,39.49,2.42,18.4314,23.9216,178.262,14.2196,11.455,1.00938,1,8,0,0,13,74.902,0,0,5.632,0,176
3324,46380.440,14.1289,13.5516,14.3087,32,3.125,0,2471.25,62.7585,16,84.2,39.92,2.42,18.4314,23.9216,178.106,14.2196,11.455,1.00938,1,8,0,0,13,74.902,0,0,5.632,0,176
3325,46380.480,14.214,13.5516,14.3292,32,3.125,0,2482.25,62.7585,16,84.2,40.36,2.42,18.4314,23.9216,177.995,14.2196,11.455,.992894,1,8,0,0,13,74.902,0,0,5.888,0,176
3326,46380.520,14.3397,13.5516,14.3497,32,3.125,0,2479.75,62.7585,16,84.2,40.14,2.42,18.4314,24.3137,178.195,14.2196,11.455,1.00481,1,8,0,0,13,74.902,0,0,5.632,0,176
3327,46380.560,14.3397,13.5516,14.3497,32,3.125,0,2471.25,62.7585,16,84.2,40.44,2.42,18.4314,24.3137,177.983,14.2196,11.455,1.00481,1,8,0,0,13,74.902,0,0,5.888,0,176
3328,46380.600,14.214,13.5516,14.3702,32,2.34375,0,2474.25,62.7585,16,84.2,39.15,2.42,18.4314,24.3137,178.074,14.2196,11.455,.988171,1,8,0,0,13,74.902,0,0,5.632,0,176
3329,46380.640,14.1714,13.5516,14.3702,33,2.34375,0,2483,62.7585,16,84.2,40,2.42,18.4314,24.3137,178.074,14.2196,11.455,.988171,1,8,0,0,13,74.902,0,0,5.632,0,176
3330,46380.680,14.2565,13.5516,14.4046,33,2.34375,0,2469.5,62.7585,16,84.2,40,2.44,18.4314,24.3137,178.051,14.2196,11.455,.990762,1,8,0,0,13,74.902,0,0,5.632,0,176
3331,46380.720,14.0457,13.5516,14.4115,33,2.34375,0,2484,62.7585,16,84.2,41.09,2.44,18.4314,24.3137,175.149,14.2196,11.6,.803585,1,8,0,0,13,74.902,0,0,5.888,0,176
3332,46380.760,14.214,13.6664,14.4115,33,3.125,0,2475.25,62.7585,16,84.2,40.87,2.42,18.4314,23.9216,175.073,14.2196,11.6,.803585,1,8,0,0,13,74.902,0,0,5.888,0,176
3333,46380.800,14.3823,13.6664,14.4461,33,3.125,0,2490,62.7585,15.5,84.2,40.44,2.42,18.4314,23.9216,175.048,14.2196,11.6,.794773,1,8,0,0,12,74.902,0,0,5.888,0,176
3334,46380.840,14.3397,13.6664,14.4669,33,2.34375,0,2479,62.7585,16,84.2,39.14,2.42,18.0392,23.9216,171.968,14.2196,11.6,.587253,1,8,0,0,12,74.902,0,0,5.632,0,176
3335,46380.880,14.214,13.5516,14.4669,33,2.34375,0,2470.75,62.7585,16,84.2,38.28,2.4,18.0392,23.9216,172.065,14.2196,11.455,.587253,1,8,0,0,13,74.902,0,0,5.632,0,176
3336,46380.920,14.0883,13.4367,14.5017,33,1.5625,0,2477.75,62.7585,16,84.2,38.48,2.4,18.0392,23.5294,171.781,14.2196,11.455,.584392,1,8,0,0,12,74.902,0,0,5.632,0,176
3337,46380.960,14.1714,13.4367,14.5017,33,1.5625,0,2480.5,62.7585,16,84.2,38.7,2.4,18.0392,23.5294,171.947,14.2196,11.455,.584392,1,8,0,0,13,74.902,0,0,5.632,0,176
3338,46381.000,13.9606,13.5516,14.5087,33,1.5625,0,2469.75,62.7585,16,84.2,38.7,2.4,18.0392,23.5294,172.069,14.2196,11.455,.585795,1,8,0,0,12,74.902,0,0,5.632,0,176
3339,46381.040,14.2565,13.6664,14.5227,33,1.5625,0,2473.25,62.7585,16,84.2,38.92,2.4,18.0392,23.5294,171.798,14.2196,11.455,.582511,1,8,0,0,12,74.902,0,0,5.632,0,176
3340,46381.080,14.4248,13.7813,14.5227,33,2.34375,0,2484,62.7585,16,84.2,38.7,2.4,18.0392,23.5294,172.013,14.2196,11.455,.582511,1,8,0,0,13,74.902,0,0,5.632,0,176
3341,46381.120,14.2565,13.7813,14.5367,33,3.125,0,2480.5,62.7585,16,84.2,38.71,2.42,18.0392,23.5294,171.94,14.2196,11.455,.591111,1,8,0,0,13,74.902,0,0,5.632,0,176
3342,46381.160,13.8349,13.8961,14.5367,33,3.125,0,2479,62.7585,16,84.2,38.28,2.4,18.4314,23.5294,174.831,14.2196,11.455,.779046,1,8,0,0,13,74.902,0,0,5.632,0,176
3343,46381.200,13.7924,13.8961,14.5367,33,3.90625,0,2483,62.7585,16,84.2,38.7,2.42,18.0392,23.9216,171.968,14.2196,11.455,.779046,1,8,0,0,13,74.902,0,0,5.632,0,176
3344,46381.240,13.7073,13.7813,14.5508,33,3.90625,0,2465.5,62.7585,16,84.2,39.99,2.42,18.4314,23.9216,175.133,14.2196,11.455,.793019,1,8,0,0,13,74.902,0,0,5.632,0,176
3345,46381.280,13.7924,13.7813,14.5508,33,3.90625,0,2480.5,62.7585,16,84.2,40.43,2.42,18.4314,23.9216,174.787,14.2196,11.455,.793019,1,8,0,0,13,74.902,0,0,5.632,0,176
3346,46381.320,13.9181,13.7813,14.5508,33,4.6875,0,2487,62.7585,16,84.2,41.16,2.42,18.4314,23.9216,178.035,14.2196,11.455,.788213,1,8,0,0,13,74.902,0,0,5.632,0,176
3347,46381.360,13.7498,13.7813,14.5578,33,4.6875,0,2482.5,62.7585,15.5,84.2,41.16,2.42,18.4314,23.9216,177.984,14.2196,11.455,.990764,1,8,0,0,13,74.902,0,0,5.888,0,176
3348,46381.400,13.6241,13.7813,14.5578,33,4.6875,0,2492.75,62.7585,16,84.2,42.2,2.44,19.2157,24.3137,184.035,14.2196,11.455,.990764,1,8,0,0,13,74.902,0,0,5.888,0,176
3349,46381.440,13.6667,13.6664,14.579,33,4.6875,0,2497,62.7585,16,84.2,42.56,2.46,19.2157,24.7059,184.023,14.2196,11.6,1.39557,1,8,0,0,13,74.902,0,0,5.888,0,176
3350,46381.480,13.5816,13.6664,14.9259,33,4.6875,0,2478,62.7585,15.5,84.2,42.77,2.46,19.2157,25.098,187.05,14.2196,11.6,1.59798,1,8,0,0,13,74.902,0,0,5.888,0,176
3351,46381.520,13.5816,13.6664,14.9259,33,0,0,2494.75,62.7585,16,84.2,42.9,2.46,19.2157,25.098,187.043,14.2196,11.745,1.59798,1,8,0,0,13,74.902,0,0,5.632,0,176
3352,46381.560,13.6667,13.6664,14.6428,33,0,0,2505.25,62.7585,16,84.2,43.43,2.48,19.2157,25.098,187.047,14.2196,11.89,1.39387,1,8,0,0,13,74.902,0,0,5.888,0,176
3353,46381.600,13.7924,13.7813,14.6428,33,0,0,2481,62.7585,16,84.2,43.3,2.46,19.2157,25.098,187.034,14.2196,11.89,1.39387,1,8,0,0,13,74.902,0,0,5.888,0,176
3354,46381.640,13.8775,13.8961,14.3908,33,0,0,2503.25,62.7585,15.5,84.2,42.74,2.44,19.2157,24.7059,183.993,14.2196,12.035,1.59682,1,8,0,0,13,74.902,0,0,5.888,0,176
3355,46381.680,13.9606,13.8961,14.1407,33,0,0,2493.5,62.7585,16,84.2,42.43,2.44,19.2157,24.7059,183.976,14.2196,11.89,1.39179,1,8,0,0,13,74.902,0,0,5.888,0,176
3356,46381.720,13.7924,13.7813,14.1407,33,0,0,2472.5,62.7585,15.5,84.2,42.39,2.44,19.2157,24.7059,183.97,14.2196,11.89,1.39179,1,8,0,0,12,74.902,0,0,6.144,0,176
3357,46381.760,13.5816,13.7813,13.9572,33,0,0,2510.5,62.7585,15.5,84.2,40.91,2.44,19.2157,24.7059,183.968,14.2196,11.89,1.3918,1,8,0,0,12,74.902,0,0,6.144,0,176
3358,46381.800,13.539,13.6664,13.8036,32,0,0,2492.5,62.7585,16,84.2,41.94,2.44,19.2157,24.7059,186.995,14.2196,11.89,1.59414,1,8,0,0,12,74.902,0,0,6.144,0,176
3359,46381.840,13.5816,13.4367,13.8036,32,0,0,2496.5,63.3799,15.5,84.2,41.94,2.46,19.2157,24.7059,183.952,14.2196,11.89,1.59414,1,8,0,0,12,74.902,0,0,6.144,0,176
3360,46381.880,13.4559,13.4367,13.7218,32,0,0,2511,63.3799,16,84.2,42.46,2.46,19.2157,24.7059,183.939,14.2196,11.89,1.38976,1,8,0,0,12,74.902,0,0,6.144,0,176
3361,46381.920,13.3708,13.3219,13.7218,32,0,0,2492,63.3799,16,84.2,42.41,2.46,19.2157,24.7059,183.926,14.2196,11.89,1.38976,1,8,0,0,12,74.902,0,0,6.144,0,176
3362,46381.960,13.3282,13.3219,13.6595,32,0,0,2486.75,63.3799,15.5,84.2,42.46,2.44,19.2157,24.7059,183.932,14.2196,11.89,1.38839,1,8,0,0,12,74.902,0,0,6.144,0,176
3363,46382.000,13.3708,13.207,13.6224,32,0,0,2514,63.3799,15.5,84.2,42.16,2.44,19.2157,24.7059,183.92,14.2196,11.89,1.38848,1,8,0,0,12,74.902,0,0,6.144,0,176
3364,46382.040,13.1174,13.207,13.6224,32,0,0,2499.75,63.3799,16,84.2,42.33,2.44,19.2157,24.7059,183.907,14.2196,11.89,1.38848,1,8,0,0,12,74.902,0,0,6.144,0,176
3365,46382.080,13.16,13.0922,13.6595,32,0,0,2500.75,63.3799,15.5,84.2,42.16,2.44,19.2157,24.7059,183.909,14.2196,11.89,1.38687,1,8,0,0,12,74.902,0,0,6.144,0,176
3366,46382.120,13.1174,13.0922,13.6286,32,0,0,2511,63.3799,16,84.2,42.46,2.46,19.2157,24.7059,183.894,14.2196,11.89,1.38611,1,8,0,0,12,74.902,0,0,6.144,0,176
3367,46382.160,12.9917,13.0922,13.6286,32,0,0,2507.75,63.3799,16,84.2,41.76,2.44,19.2157,24.7059,183.89,14.2196,11.89,1.38611,1,8,0,0,12,74.902,0,0,6.144,0,176
3368,46382.200,13.1174,13.0922,13.6533,32,0,0,2496.75,63.3799,15.5,84.2,41.55,2.46,19.2157,24.7059,183.881,14.2196,11.89,1.3856,1,8,0,0,11,74.902,0,0,6.144,0,176
3369,46382.240,13.16,13.0922,13.6533,32,0,0,2503.25,63.3799,16,84.2,42.46,2.44,18.8235,24.7059,180.822,14.2196,11.89,1.3856,1,8,0,0,12,74.902,0,0,6.144,0,176
3370,46382.280,13.0768,13.0922,13.6719,32,0,0,2511.25,63.3799,16,84.2,42.16,2.44,18.8235,24.7059,180.817,14.2196,11.89,1.18011,1,8,0,0,12,74.902,0,0,6.144,0,176
3371,46382.320,13.1174,13.0922,13.6781,32,0,0,2491.5,63.3799,15.5,84.2,41.76,2.44,18.8235,24.7059,180.814,14.2196,11.89,1.17956,1,8,0,0,12,74.902,0,0,6.144,0,176
3372,46382.360,13.0768,13.0922,13.6781,32,0,0,2525.5,63.3799,15.5,84.2,40.91,2.44,18.8235,24.3137,180.81,14.2196,11.89,1.17956,1,8,0,0,12,74.902,0,0,6.144,0,176
3373,46382.400,13.0343,13.0922,13.728,32,0,0,2502.75,63.3799,16,84.2,41.33,2.44,18.8235,24.3137,180.793,14.2196,11.89,1.17878,1,8,0,0,12,74.902,0,0,5.888,0,176
3374,46382.440,13.7924,13.0922,14.5508,32,-.78125,0,2500.75,63.3799,15.5,84.2,42.16,2.46,18.8235,24.3137,180.806,14.2196,11.89,1.17894,1,8,0,0,12,74.902,0,0,5.632,0,176
3375,46382.480,13.8349,13.0922,14.5508,32,0,0,2520,63.3799,16,84.2,41.55,2.46,18.8235,24.3137,180.781,14.2196,11.89,1.17894,1,8,0,0,12,74.902,0,0,5.888,0,176
3376,46382.520,13.8349,13.207,14.336,32,0,0,2514.25,63.3799,16,84.2,41.94,2.44,18.8235,24.7059,180.781,14.2196,11.89,1.177,1,8,0,0,12,74.902,0,0,5.888,0,176
3377,46382.560,14.0032,13.4367,14.336,32,0,0,2515,63.3799,16,84.2,42.58,2.44,18.8235,24.7059,180.767,14.2196,11.89,1.177,1,8,0,0,12,74.902,0,0,5.888,0,176
3378,46382.600,14.1714,13.5516,14.1275,32,0,0,2504,63.3799,16,84.2,42.16,2.46,18.8235,24.7059,180.756,14.2196,11.89,1.17632,1,8,0,0,12,74.902,0,0,5.888,0,176
3379,46382.640,14.1714,13.5516,13.8863,32,0,0,2523,63.3799,16,84.2,42.16,2.44,18.8235,24.7059,180.765,14.2196,11.89,1.17614,1,8,0,0,12,74.902,0,0,6.144,0,176
3380,46382.680,14.214,13.5516,13.8863,32,0,0,2503.75,63.3799,15.5,84.2,42.28,2.46,18.8235,24.3137,180.743,14.2196,11.89,1.17614,1,8,0,0,12,74.902,0,0,6.144,0,176
3381,46382.720,14.3823,13.4367,13.7031,32,0,0,2510.5,63.3799,16,84.2,42.84,2.44,18.4314,24.3137,177.687,14.2196,11.89,1.17445,1,8,0,0,12,74.902,0,0,6.144,0,176
3382,46382.760,14.5505,13.4367,13.7031,32,0,0,2528,63.3799,15.5,84.2,41.94,2.46,18.4314,24.3137,177.684,14.2196,11.89,.969529,1,8,0,0,12,74.902,0,0,6.144,0,176
3383,46382.800,14.2972,13.3219,13.7031,32,0,0,2491.25,63.3799,16,84.2,41.94,2.44,18.4314,24.3137,177.667,14.2196,11.89,.969529,1,8,0,0,12,74.902,0,0,6.144,0,176
3384,46382.840,14.2565,13.207,13.7783,32,0,0,2518.25,63.3799,15.5,84.2,40.69,2.44,18.4314,23.9216,177.68,14.2196,11.89,.969166,1,8,0,0,12,74.902,0,0,6.144,0,177.8
3385,46382.880,14.1289,13.0922,13.7783,32,0,0,2524.25,63.3799,16,84.2,40.26,2.42,18.8235,23.9216,180.716,14.2196,11.89,.969166,1,10,0,0,12,74.902,0,0,5.888,0,177.8
3386,46382.920,13.8775,13.0922,13.8099,32,-.78125,0,2498,63.3799,16,84.2,40.26,2.44,18.8235,24.3137,180.716,14.2196,11.89,1.17215,1,10,0,0,12,74.902,0,0,5.632,0,177.8
3387,46382.960,13.9606,13.0922,14.6571,32,-2.34375,0,2509.5,63.3799,15.5,84.2,42.46,2.46,18.8235,24.7059,180.707,14.2196,11.89,1.1727,1,10,0,0,12,74.902,0,0,5.632,0,177.8
3388,46383.000,13.9606,13.3219,14.6571,32,-1.5625,0,2513.25,63.3799,16,84.2,42.84,2.46,18.8235,24.7059,180.696,14.2196,11.89,1.1727,1,10,0,0,12,74.902,0,0,5.632,0,177.8
3389,46383.040,13.9181,13.5516,14.5227,32,0,0,2516,63.3799,15.5,84.2,42.58,2.46,19.2157,24.7059,183.754,14.2196,11.89,1.37658,1,10,0,0,12,74.902,0,0,5.888,0,177.8
3390,46383.080,14.214,13.7813,14.3087,32,0,0,2519,63.3799,15.5,84.2,43.09,2.46,19.2157,24.7059,186.807,14.2196,11.89,1.58096,1,10,0,0,12,74.902,0,0,5.888,0,177.8
3391,46383.120,14.4248,13.8961,14.3087,32,0,0,2526,63.3799,16,84.2,43.09,2.46,19.2157,24.7059,183.736,14.2196,11.89,1.58096,1,10,0,0,12,74.902,0,0,5.888,0,177.8
3392,46383.160,14.5931,13.8961,14.0549,32,0,0,2505,63.3799,15.5,84.2,42.97,2.46,19.2157,24.7059,183.728,14.2196,11.89,1.37475,1,10,0,0,12,74.902,0,0,5.888,0,177.8
3393,46383.200,14.6356,13.8961,14.0549,32,0,0,2516.5,64.0012,16,84.2,42.71,2.46,19.2157,24.7059,183.719,14.2196,11.89,1.37475,1,10,0,0,12,74.902,0,0,6.144,0,177.8
3394,46383.240,14.5505,13.7813,13.8544,32,0,0,2530.25,64.0012,15.5,84.2,42.71,2.46,19.2157,24.7059,183.701,14.2196,11.89,1.37373,1,10,0,0,12,74.902,0,0,6.144,0,177.8
3395,46383.280,14.3823,13.5516,13.6906,32,0,0,2513,64.0012,16,84.2,42.71,2.46,19.2157,24.7059,183.701,14.2196,11.89,1.37259,1,10,0,0,12,74.902,0,0,6.144,0,177.8
3396,46383.320,14.214,13.4367,13.6906,32,0,0,2521.75,64.0012,15.5,84.2,42.41,2.44,19.2157,24.7059,183.697,14.2196,11.89,1.37259,1,10,0,0,12,74.902,0,0,6.144,0,177.8
3397,46383.360,14.0032,13.4367,13.7031,32,0,0,2531.75,64.0012,16,84.2,42.58,2.46,19.2157,24.7059,186.75,14.2196,11.89,1.37195,1,10,0,0,12,74.902,0,0,6.144,0,177.8
3398,46383.400,14.1289,13.3219,13.7155,32,0,0,2530.75,64.0012,16,84.2,43.22,2.46,19.2157,25.098,183.676,14.2196,11.89,1.37096,1,10,0,0,12,74.902,0,0,6.144,0,177.8
3399,46383.440,14.0883,13.207,13.7155,32,0,0,2522.25,64.0012,15.5,84.2,42.84,2.46,19.2157,25.098,186.734,14.2196,11.89,1.37096,1,10,0,0,12,74.902,0,0,6.144,0,177.8
3400,46383.480,14.0457,13.207,13.6533,32,0,0,2531.5,64.0012,16,84.2,43.09,2.48,19.2157,25.098,186.718,14.2196,11.89,1.57542,1,10,0,0,12,74.902,0,0,6.144,0,177.8
3401,46383.520,14.0883,13.207,13.6533,32,0,0,2548.25,64.0012,15.5,84.2,43.35,2.46,19.2157,25.098,186.719,14.2196,11.89,1.57542,1,10,0,0,12,74.902,0,0,6.144,0,177.8
3402,46383.560,13.8775,13.207,13.6101,32,0,0,2517.25,64.0012,16,84.2,43.35,2.48,19.2157,25.098,186.692,14.2196,11.89,1.5744,1,10,0,0,12,74.902,0,0,6.144,0,177.8
3403,46383.600,13.2451,13.207,13.6224,32,0,0,2540.5,64.0012,16,84.2,43.35,2.48,19.2157,25.098,186.697,14.2196,12.035,1.5735,1,10,0,0,12,74.902,0,0,6.144,0,177.8
3404,46383.640,13.3282,13.207,13.6224,32,0,0,2543.75,64.0012,16,84.2,43.35,2.46,19.2157,25.098,183.618,14.2196,12.035,1.5735,1,10,0,0,12,74.902,0,0,6.144,0,177.8
3405,46383.680,13.0768,13.207,13.5978,32,0,0,2516.75,64.0012,16,84.2,42.71,2.46,18.8235,24.7059,180.531,14.2196,12.035,1.36632,1,10,0,0,12,74.902,0,0,6.144,0,177.8
3406,46383.720,13.0768,13.0922,13.6163,32,0,0,2523.75,64.0012,15.5,84.2,42.28,2.44,18.4314,24.3137,177.467,14.2196,12.035,.954618,1,10,0,0,12,74.902,0,0,6.144,0,177.8
3407,46383.760,13.1174,13.0922,13.6163,32,0,0,2545.25,64.0012,15.5,84.2,41.12,2.44,18.4314,23.9216,174.385,14.2196,12.035,.954618,1,10,0,0,12,74.902,0,0,6.144,0,177.8
3408,46383.800,13.0768,13.0922,13.7657,32,0,0,2519.5,64.0012,16.5,84.2,41.12,2.44,18.0392,23.9216,171.307,14.2196,11.89,.541209,1,10,0,0,12,74.902,0,0,5.888,0,177.8
3409,46383.840,12.9492,12.9773,13.7657,32,0,0,2529.5,64.0012,16,84.2,40.91,2.42,17.6471,23.5294,168.233,14.2196,11.89,.541209,1,10,0,0,12,74.902,0,0,5.888,0,177.8
3410,46383.880,12.8234,12.9773,13.8036,32,0,0,2540.75,64.0012,16,84.2,41.12,2.44,17.6471,23.5294,168.217,14.2196,11.89,.302536,1,10,0,0,12,74.902,0,0,5.632,0,177.8
3411,46383.920,12.9917,12.9773,14.2748,32,-.78125,0,2525.25,64.0012,16,84.2,40.26,2.42,17.6471,23.5294,165.142,14.2196,11.745,.0378474,1,10,0,0,12,74.902,0,0,5.632,0,177.8
3412,46383.960,13.0768,13.0922,14.2748,32,-1.5625,0,2535.25,64.0012,16,84.2,38.33,2.4,17.6471,23.1373,165.233,14.2196,11.745,.0378474,1,10,0,0,12,74.902,0,0,5.632,0,177.8
3413,46384.000,13.1174,13.207,14.3565,32,-1.5625,0,2536.25,64.0012,16,84.2,38.76,2.42,17.6471,23.1373,168.27,14.2196,11.6,.296688,1,10,0,0,12,74.902,0,0,5.376,0,177.8
3414,46384.040,13.539,13.3219,14.3908,32,-1.5625,0,2546,64.0012,16,84.2,39.62,2.42,17.6471,23.5294,168.327,14.2196,11.6,.310716,1,10,0,0,12,74.902,0,0,5.376,0,177.8
3415,46384.080,13.539,13.5516,14.3908,32,-1.5625,0,2542.75,64.0012,16,84.2,39.83,2.42,18.0392,23.5294,171.119,14.2196,11.6,.310716,1,10,0,0,13,74.902,0,0,5.376,0,177.8
3416,46384.120,13.8775,13.7813,14.3702,31,0,0,2539.75,64.0012,16,84.2,41.55,2.44,18.0392,23.9216,171.26,14.2196,11.6,.52958,1,10,0,0,13,74.902,0,0,5.632,0,177.8
3417,46384.160,14.0457,13.8961,14.3702,31,.78125,0,2561,64.0012,16,84.2,42.07,2.44,18.0392,23.9216,171.222,14.2196,11.6,.52958,1,10,0,0,13,74.902,0,0,5.632,0,177.8
3418,46384.200,13.9181,14.0109,14.2748,31,1.5625,0,2524.25,64.0012,16.5,84.2,41.94,2.44,18.0392,23.9216,171.109,14.2196,11.6,.521367,1,10,0,0,13,74.902,0,0,5.632,0,177.8
3419,46384.240,14.0883,14.0109,14.2748,31,2.34375,0,2534,64.0012,16,84.2,41.55,2.44,18.0392,23.9216,171.169,14.2196,11.6,.531244,1,10,0,0,13,74.902,0,0,5.888,0,177.8
3420,46384.280,13.9181,13.8961,14.2748,31,2.34375,0,2567.5,64.0012,15.5,84.2,41.76,2.44,18.4314,23.9216,174.238,14.2196,11.6,.531244,1,10,0,0,13,74.902,0,0,5.888,0,177.8
3421,46384.320,13.6241,13.7813,14.2748,31,1.5625,0,2518,64.6226,16,84.2,41.73,2.46,18.4314,23.9216,174.233,14.2196,11.6,.737369,1,10,0,0,14,74.902,0,0,5.888,0,177.8
3422,46384.360,13.7924,13.6664,14.2748,31,1.5625,0,2563,64.6226,15.5,84.2,42.33,2.44,18.4314,23.9216,174.255,14.2196,11.6,.739097,1,10,0,0,14,74.902,0,0,5.888,0,177.8
3423,46384.400,13.4984,13.6664,14.2748,31,0,0,2554.5,64.6226,16.5,84.2,40.99,2.46,18.4314,24.3137,177.284,14.2196,11.6,.739097,1,10,0,0,14,74.902,0,0,5.632,0,177.8
3424,46384.440,13.5816,13.5516,14.2748,31,0,0,2557,64.6226,16,84.2,42.79,2.46,18.4314,24.3137,177.296,14.2196,11.6,.942345,1,10,0,0,14,74.902,0,0,5.632,0,177.8
3425,46384.480,14.4248,13.6664,14.2748,31,0,0,2552.5,64.6226,16,84.2,43.05,2.46,18.8235,24.3137,180.37,14.2196,11.6,.942345,1,10,0,0,13,74.902,0,0,5.632,0,177.8
3426,46384.520,14.5505,13.7813,14.5227,31,0,0,2537.75,64.6226,16.5,84.2,43.56,2.46,18.8235,24.7059,180.353,14.2196,11.745,1.14856,1,10,0,0,13,74.902,0,0,5.888,0,177.8
3427,46384.560,14.7188,13.8961,14.2613,31,0,0,2567,64.6226,15.5,84.2,43.68,2.48,18.4314,24.7059,174.196,14.2196,11.745,.941776,1,10,0,0,13,74.902,0,0,5.888,0,177.8
3428,46384.600,14.5931,13.8961,14.2613,31,0,0,2542.25,64.6226,16,84.2,42.15,2.46,18.4314,24.3137,177.252,14.2196,11.745,.941776,1,10,0,0,13,74.902,0,0,5.888,0,177.8
3429,46384.640,14.6782,13.8961,14.0091,31,0,0,2546.75,64.6226,16,84.2,42.62,2.44,18.4314,24.3137,174.176,14.2196,11.745,.939822,1,10,0,0,13,74.902,0,0,5.888,0,177.8
3430,46384.680,14.508,13.7813,13.772,31,0,0,2560.25,64.6226,16,84.2,42.36,2.44,18.4314,23.9216,174.178,14.2196,11.745,.733819,1,10,0,0,13,74.902,0,0,6.144,0,177.8
3431,46384.720,14.3397,13.6664,13.772,31,0,0,2538.25,64.6226,16,84.2,41.76,2.44,18.4314,23.9216,177.251,14.2196,11.745,.733819,1,10,0,0,13,74.902,0,0,5.888,0,177.8
3432,46384.760,14.214,13.4367,13.7594,31,0,0,2553.75,64.6226,16,84.2,41.98,2.44,18.4314,23.9216,177.243,14.2196,11.745,.939713,1,10,0,0,13,74.902,0,0,5.888,0,177.8
3433,46384.800,13.9606,13.3219,13.7594,31,0,0,2565,64.6226,16,84.2,42.71,2.46,18.8235,24.7059,180.297,14.2196,11.745,.939713,1,10,0,0,12,74.902,0,0,5.888,0,177.8
3434,46384.840,13.8775,13.207,13.7846,31,0,0,2558,64.6226,16,84.2,43.73,2.48,18.8235,24.7059,180.285,14.2196,11.745,1.144,1,10,0,0,12,74.902,0,0,5.888,0,177.8
3435,46384.880,13.9181,13.3219,13.7469,31,0,0,2560.5,64.6226,15.5,84.2,42.97,2.48,18.8235,24.7059,180.278,14.2196,11.745,1.14274,1,10,0,0,13,74.902,0,0,6.144,0,177.8
3436,46384.920,14.1289,13.3219,13.7469,31,0,0,2566.5,64.6226,16.5,84.2,42.97,2.46,18.8235,24.7059,180.269,14.2196,11.745,1.14274,1,10,0,0,13,74.902,0,0,6.144,0,177.8
3437,46384.960,13.9181,13.3219,13.6968,31,0,0,2562.25,64.6226,16,84.2,42.97,2.46,18.4314,24.7059,174.071,14.2196,11.745,1.14193,1,10,0,0,12,74.902,0,0,6.144,0,177.8
3438,46385.000,13.9606,13.207,13.6844,31,0,0,2554,64.6226,16,84.2,42.84,2.46,18.4314,24.3137,174.073,14.2196,11.89,.726702,1,10,0,0,12,74.902,0,0,6.144,0,177.8
3439,46385.040,13.8349,13.207,13.6844,31,0,0,2545.75,64.6226,16,84.2,42.16,2.44,18.4314,23.9216,177.147,14.2196,11.745,.726702,1,10,0,0,12,74.902,0,0,6.144,0,177.8
3440,46385.080,13.8349,13.207,13.7155,31,0,0,2569.5,64.6226,16,84.2,41.33,2.46,18.4314,23.9216,174.055,14.2196,11.745,.725329,1,10,0,0,12,74.902,0,0,6.144,0,177.8
3441,46385.120,13.7498,13.0922,13.7155,31,0,0,2571.5,64.6226,16,84.2,42.33,2.46,18.4314,23.9216,174.044,14.2196,11.745,.725329,1,10,0,0,12,74.902,0,0,5.888,0,177.8
3442,46385.160,13.16,12.9773,13.7783,31,0,0,2555,64.6226,16,84.2,42.58,2.46,18.4314,23.9216,177.128,14.2196,11.745,.724304,1,10,0,0,13,74.902,0,0,5.888,0,177.8
3443,46385.200,13.2025,12.9773,13.7846,31,0,0,2564.5,64.6226,16,84.2,41.94,2.46,18.4314,24.3137,177.118,14.2196,11.745,.931216,1,10,0,0,12,74.902,0,0,5.888,0,177.8
3444,46385.240,13.0768,13.0922,13.7846,31,0,0,2575,64.6226,16,84.2,42.84,2.46,18.4314,24.3137,177.099,14.2196,11.745,.931216,1,10,0,0,12,74.902,0,0,5.888,0,177.8
3445,46385.280,13.0768,13.0922,13.7846,31,0,0,2555.75,64.6226,16,84.2,42.97,2.46,18.4314,24.3137,177.096,14.2196,11.745,.929366,1,10,0,0,12,74.902,0,0,5.888,0,177.8
3446,46385.320,13.0768,13.0922,13.7531,31,0,0,2570.5,64.6226,15.5,84.2,42.84,2.46,18.4314,24.3137,177.081,14.2196,11.745,.928262,1,10,0,0,12,74.902,0,0,6.144,0,177.8
3447,46385.360,13.1174,13.207,13.7531,31,0,0,2574.5,65.244,16.5,84.2,42.97,2.46,18.8235,24.3137,180.153,14.2196,11.745,.928262,1,10,0,0,12,74.902,0,0,6.144,0,177.8
3448,46385.400,13.2025,13.207,13.7531,31,0,0,2558.25,65.244,16,84.2,43.47,2.48,18.8235,24.7059,180.147,14.2196,11.745,1.13366,1,10,0,0,12,74.902,0,0,6.144,0,177.8
3449,46385.440,13.2876,13.207,13.7531,31,0,0,2580.25,65.244,16,84.2,43.85,2.48,18.8235,24.7059,180.14,14.2196,11.745,1.13366,1,10,0,0,12,74.902,0,0,6.144,0,177.8
3450,46385.480,13.16,13.0922,13.7093,31,0,0,2570.25,65.244,16.5,84.2,43.22,2.48,18.8235,24.7059,180.119,14.2196,11.745,1.13281,1,10,0,0,12,74.902,0,0,6.144,0,177.8
3451,46385.520,13.4133,13.0922,13.7093,31,0,0,2586.75,65.244,16,84.2,43.09,2.46,18.4314,24.7059,177.02,14.2196,11.89,.923932,1,10,0,0,12,74.902,0,0,6.144,0,177.8
3452,46385.560,13.7498,13.0922,13.7093,31,0,0,2562.25,65.244,16,84.2,42.71,2.46,18.4314,24.3137,173.9,14.2196,11.89,.923932,1,10,0,0,12,74.902,0,0,6.144,0,177.8
3453,46385.600,13.8775,13.0922,13.6844,31,0,0,2567,65.244,16,84.2,42.16,2.44,18.4314,23.9216,173.9,14.2196,11.745,.506824,1,10,0,0,12,74.902,0,0,6.144,0,177.8
3454,46385.640,13.7498,13.0922,13.7594,31,0,0,2588.75,65.244,16,84.2,42.28,2.44,18.4314,23.9216,173.889,14.2196,11.745,.714217,1,10,0,0,12,74.902,0,0,6.144,0,177.8
3455,46385.680,13.3282,13.0922,13.7594,31,0,0,2584.5,65.244,16,84.2,42.19,2.44,18.4314,23.9216,173.872,14.2196,11.745,.714217,1,10,0,0,12,74.902,0,0,5.888,0,177.8
3456,46385.720,13.1174,12.9773,13.7909,31,0,0,2579.5,65.244,16,84.2,41.33,2.46,18.8235,24.3137,180.073,14.2196,11.745,.920888,1,10,0,0,12,74.902,0,0,5.888,0,177.8
3457,46385.760,13.1174,12.9773,13.7909,31,0,0,2595.5,65.244,16,84.2,42.71,2.46,18.8235,24.7059,180.045,14.2196,11.745,.920888,1,10,0,0,12,74.902,0,0,5.888,0,177.8
3458,46385.800,13.1174,12.9773,13.7973,31,0,0,2580,65.244,16.5,84.2,43.47,2.48,18.8235,24.7059,180.044,14.2196,11.745,1.12683,1,10,0,0,12,74.902,0,0,5.888,0,177.8
3459,46385.840,13.1174,13.0922,13.7406,31,0,0,2597.75,65.244,15.5,84.2,43.73,2.5,19.2157,24.7059,183.136,14.2196,11.745,1.3347,1,10,0,0,12,74.902,0,0,6.144,0,177.8
3460,46385.880,13.2451,13.207,13.7406,31,0,0,2567.5,65.244,16,84.2,43.98,2.48,19.2157,24.7059,183.104,14.2196,11.745,1.3347,1,10,0,0,12,74.902,0,0,6.144,0,177.8
3461,46385.920,13.1174,13.207,13.7031,31,0,0,2591.25,65.244,16,84.2,44.11,2.48,19.2157,24.7059,183.113,14.2196,11.89,1.33188,1,10,0,0,12,74.902,0,0,6.144,0,177.8
3462,46385.960,13.2876,13.207,13.6595,31,0,0,2602.25,65.244,16,84.2,43.47,2.48,19.2157,24.7059,183.095,14.2196,11.89,1.3312,1,10,0,0,12,74.902,0,0,6.144,0,177.8
3463,46386.000,13.1174,13.207,13.6595,31,0,0,2570.25,65.244,16.5,84.2,43.35,2.48,18.8235,24.7059,179.97,14.2196,11.89,1.3312,1,10,0,0,12,74.902,0,0,6.144,0,177.8
3464,46386.040,13.2451,13.207,13.6781,31,0,0,2600.5,65.244,16,84.2,43.47,2.48,18.8235,24.7059,179.98,14.2196,11.89,1.12264,1,10,0,0,12,74.902,0,0,6.144,0,177.8
3465,46386.080,13.16,13.0922,13.6781,31,0,0,2589.25,65.244,16.5,84.2,43.73,2.48,18.8235,24.7059,179.946,14.2196,11.89,1.12264,1,10,0,0,12,74.902,0,0,6.144,0,177.8
3466,46386.120,13.1174,13.0922,13.6471,31,0,0,2570.75,65.244,16,84.2,43.6,2.48,18.4314,24.3137,176.853,14.2196,11.89,1.1201,1,10,0,0,12,74.902,0,0,6.144,0,177.8
3467,46386.160,13.1174,13.0922,13.6657,31,0,0,2596.75,65.244,15.5,84.2,42.58,2.46,18.8235,24.3137,179.952,14.2196,11.89,1.12048,1,10,0,0,12,74.902,0,0,6.144,0,177.8
3468,46386.200,12.9917,12.9773,13.6657,31,0,0,2582.75,65.244,16.5,84.2,42.58,2.46,18.8235,24.3137,179.931,14.2196,11.89,1.12048,1,10,0,0,12,74.902,0,0,6.144,0,177.8
3469,46386.240,12.9492,12.9773,13.7531,31,0,0,2616.75,65.244,16,84.2,43.09,2.48,18.8235,24.3137,179.947,14.2196,11.89,1.11969,1,10,0,0,12,74.902,0,0,6.144,0,177.8
3470,46386.280,12.9917,12.9773,13.7343,31,0,0,2585.25,65.244,16,84.2,43.73,2.48,18.8235,24.7059,179.912,14.2196,11.745,1.11775,1,10,0,0,12,74.902,0,0,6.144,0,177.8
3471,46386.320,13.1174,12.9773,13.7343,31,0,0,2597.5,65.8653,16,84.2,43.98,2.48,18.8235,24.7059,179.919,14.2196,11.745,1.11775,1,10,0,0,12,74.902,0,0,6.144,0,177.8
3472,46386.360,12.9085,12.9773,13.6781,31,0,0,2605.5,65.8653,16,84.2,43.73,2.48,18.8235,24.7059,179.892,14.2196,11.89,1.1177,1,10,0,0,12,74.902,0,0,6.144,0,177.8
3473,46386.400,13.2451,13.0922,13.6781,31,0,0,2607.75,65.8653,16,84.2,43.47,2.48,18.8235,24.7059,179.882,14.2196,11.89,1.1177,1,10,0,0,12,74.902,0,0,6.144,0,177.8
3474,46386.440,13.2025,13.0922,13.6719,31,0,0,2588.75,65.8653,16,84.2,43.98,2.48,18.8235,24.7059,179.873,14.2196,11.89,1.11575,1,10,0,0,12,74.902,0,0,6.144,0,177.8
3475,46386.480,13.16,12.9773,13.6719,31,0,0,2597.75,65.8653,16,84.2,43.6,2.48,18.8235,24.7059,179.863,14.2196,11.89,1.11478,1,10,0,0,12,74.902,0,0,6.144,0,177.8
3476,46386.520,12.9085,12.9773,13.6719,31,0,0,2593,65.8653,16.5,84.2,43.73,2.48,18.8235,24.7059,179.852,14.2196,11.89,1.11478,1,10,0,0,12,74.902,0,0,6.144,0,177.8
3477,46386.560,13.0768,12.9773,13.6906,31,0,0,2622.25,65.8653,16,84.2,43.09,2.48,18.8235,24.7059,179.853,14.2196,11.89,1.11414,1,10,0,0,12,74.902,0,0,6.144,0,177.8
3478,46386.600,13.0768,12.9773,13.7031,31,0,0,2595.5,65.8653,16.5,84.2,43.47,2.48,18.4314,24.7059,176.705,14.2196,11.89,.9027,1,10,0,0,12,74.902,0,0,6.144,0,177.8
3479,46386.640,12.9917,12.9773,13.7031,31,0,0,2602.75,65.8653,16.5,84.2,43.47,2.46,18.0392,24.3137,170.458,14.2196,11.89,.9027,1,10,0,0,12,74.902,0,0,6.144,0,177.8
3480,46386.680,13.0343,12.9773,13.7093,31,0,0,2617.75,65.8653,16,84.2,41.94,2.46,18.4314,23.9216,176.695,14.2196,11.89,.693056,1,10,0,0,12,74.902,0,0,6.144,0,177.8
3481,46386.720,13.2025,12.9773,13.7093,31,0,0,2592,65.8653,16,84.2,42.58,2.46,18.0392,23.9216,170.431,14.2196,11.745,.693056,1,10,0,0,12,74.902,0,0,5.888,0,177.8
3482,46386.760,13.0768,12.9773,13.7594,31,0,0,2607,65.8653,16,84.2,42.41,2.46,18.0392,23.9216,170.409,14.2196,11.745,.482084,1,10,0,0,12,74.902,0,0,5.888,0,177.8
3483,46386.800,13.0768,12.9773,13.7846,31,0,0,2597.25,65.8653,16.5,84.2,42.58,2.46,18.0392,23.9216,170.395,14.2196,11.745,.479883,1,10,0,0,12,74.902,0,0,5.888,0,177.8
3484,46386.840,13.1174,12.9773,13.7846,31,0,0,2618.25,65.8653,16,84.2,42.71,2.46,18.0392,23.9216,170.393,14.2196,11.745,.479883,1,10,0,0,12,74.902,0,0,5.888,0,179.6
3485,46386.880,12.9917,12.9773,13.7846,31,0,0,2602.75,65.8653,16,84.2,42.97,2.46,17.6471,23.9216,167.246,14.2196,11.745,.218208,1,10,0,0,12,74.902,0,0,5.888,0,179.6
3486,46386.920,13.0343,12.9773,13.7846,31,0,0,2613.25,65.8653,16,84.2,41.94,2.44,17.6471,23.9216,167.24,14.2196,11.745,.216836,1,10,0,0,13,74.902,0,0,5.888,0,179.6
3487,46386.960,13.2451,12.9773,13.7846,31,0,0,2609.25,65.8653,16.5,84.2,41.94,2.46,17.6471,23.5294,167.223,14.2196,11.745,.216836,1,10,0,0,13,74.902,0,0,5.888,0,179.6
3488,46387.000,13.0768,12.9773,13.8036,31,0,0,2615.75,65.8653,16.5,84.2,41.94,2.46,17.6471,23.5294,167.211,14.2196,11.745,.214471,1,10,0,0,13,74.902,0,0,5.888,0,179.6
3489,46387.040,12.9917,12.9773,13.8036,31,0,0,2608.25,65.8653,16,84.2,41.94,2.44,17.6471,23.5294,167.203,14.2196,11.745,.214471,1,10,0,0,12,74.902,0,0,5.888,0,179.6
3490,46387.080,13.1174,12.9773,13.8226,31,-.78125,0,2610,65.8653,16,84.2,41.76,2.44,17.6471,23.5294,167.188,14.2196,11.6,.213612,1,10,0,0,13,74.902,0,0,5.632,0,179.6
3491,46387.120,13.0768,12.9773,14.2748,31,-1.5625,0,2627,65.8653,16.5,84.2,41.76,2.46,17.6471,23.5294,164.028,14.2196,11.6,.210833,1,10,0,0,13,74.902,0,0,5.632,0,179.6
3492,46387.160,13.4984,13.0922,14.2748,31,-2.34375,0,2608,65.8653,16.5,84.2,41.98,2.44,17.6471,23.5294,164.037,14.2196,11.6,.210833,1,10,0,0,13,74.902,0,0,5.632,0,179.6
3493,46387.200,14.4248,13.3219,14.2748,31,-2.34375,0,2631,65.8653,16.5,84.2,40.48,2.44,17.6471,23.1373,167.169,14.2196,11.6,.211548,1,10,0,0,13,74.902,0,0,5.632,0,179.6
3494,46387.240,13.5816,13.4367,14.2748,31,-1.5625,0,2596,65.8653,16,84.2,40.91,2.44,17.6471,23.1373,164.14,14.2196,11.6,-.0487491,1,10,0,0,13,74.902,0,0,5.632,0,179.6
3495,46387.280,14.214,13.5516,14.2748,31,-1.5625,0,2636.25,66.4867,16.5,84.2,39.83,2.42,17.6471,22.3529,167.04,14.2196,11.455,-.0487491,1,10,0,0,13,74.902,0,0,5.632,0,179.6
3496,46387.320,14.4673,13.5516,14.4046,31,-1.5625,0,2628.5,66.4867,16.5,84.2,39.83,2.42,18.0392,22.7451,170.348,14.2196,11.31,.460169,1,10,0,0,13,74.902,0,0,5.376,0,179.6
3497,46387.360,14.2565,13.5516,14.4046,31,-1.5625,0,2601,66.4867,16.5,84.2,40.05,2.42,17.6471,22.7451,167.424,14.2196,11.31,.460169,1,10,0,0,13,74.902,0,0,5.376,0,179.6
3498,46387.400,14.214,13.5516,14.4253,31,-2.34375,0,2628,66.4867,16.5,84.2,40.05,2.42,18.0392,22.7451,170.069,14.2196,11.31,.232441,1,10,0,0,13,74.902,0,0,5.376,0,179.6
3499,46387.440,14.2972,13.6664,14.3977,31,-1.5625,0,2615.25,66.4867,16.5,84.2,40.26,2.42,17.6471,22.7451,167.218,14.2196,11.165,.216305,1,10,0,0,13,74.902,0,0,5.376,0,179.6
3500,46387.480,14.3823,13.6664,14.3977,31,-1.5625,0,2634.25,66.4867,17,84.2,37.76,2.4,17.6471,22.3529,167.156,14.2196,11.165,.216305,1,10,0,0,14,74.902,0,0,5.376,0,179.6
3501,46387.520,14.3823,13.7813,14.3634,31,-.78125,0,2619,66.4867,17,84.2,37.75,2.4,18.0392,21.9608,170.283,14.2196,11.165,.193699,1,10,0,0,14,74.902,0,0,5.376,0,179.6
3502,46387.560,14.4673,13.7813,14.3839,31,-.78125,0,2622,66.4867,17.5,84.2,36.72,2.4,17.6471,21.9608,167.103,14.2196,11.165,.200436,1,10,0,0,14,74.902,0,0,5.12,0,179.6
3503,46387.600,14.4248,13.7813,14.3839,31,-.78125,0,2634,66.4867,17.5,84.2,37.11,2.4,18.0392,21.9608,170.097,14.2196,11.02,.200436,1,10,0,0,14,74.902,0,0,5.12,0,179.6
3504,46387.640,14.3823,13.7813,14.4184,31,-.78125,0,2631,66.4867,18,84.2,37.54,2.38,18.0392,21.9608,170.123,14.2196,10.875,.46248,1,10,0,0,15,74.902,0,0,5.12,0,179.6
3505,46387.680,14.2972,13.7813,14.4184,30,0,0,2632.25,66.4867,18,84.2,37.32,2.4,18.4314,22.3529,173.25,14.2196,10.875,.46248,1,8,0,0,14,74.902,0,0,5.12,0,179.6
3506,46387.720,14.4248,13.7813,14.4322,30,0,0,2609.5,66.4867,17.5,84.2,39.91,2.42,18.4314,22.7451,173.331,14.2196,10.875,.670891,1,8,0,0,15,74.902,0,0,5.12,0,179.6
3507,46387.760,14.4248,13.8961,14.3702,30,.78125,0,2643.5,66.4867,17.5,84.2,39.05,2.4,18.4314,22.7451,173.12,14.2196,10.875,.680503,1,8,0,0,15,74.902,0,0,5.376,0,179.6
3508,46387.800,14.508,14.0109,14.3702,30,2.34375,0,2628.75,66.4867,17.5,84.2,39.48,2.42,18.0392,22.7451,170.111,14.2196,10.875,.680503,1,8,0,0,15,74.902,0,0,5.376,0,179.6
3509,46387.840,14.5505,14.0109,14.2748,30,2.34375,0,2619.75,66.4867,17.5,84.2,39.69,2.42,17.6471,22.3529,167.098,14.2196,10.875,.461827,1,8,0,0,16,74.902,0,0,5.376,0,179.6
3510,46387.880,14.6782,14.0109,14.2748,30,2.34375,0,2636.75,66.4867,17.5,84.2,39.05,2.42,18.0392,21.9608,169.899,14.2196,10.875,.444329,1,8,0,0,16,74.902,0,0,5.376,0,179.6
3511,46387.920,14.5505,13.7813,14.2748,30,2.34375,0,2620.5,66.4867,17.5,84.2,37.76,2.4,17.6471,21.9608,167.082,14.2196,10.875,.444329,1,8,0,0,16,74.902,0,0,5.376,0,179.6
3512,46387.960,14.6782,13.6664,14.2748,30,1.5625,0,2655.75,66.4867,18,84.2,37.02,2.4,17.6471,21.9608,166.65,14.2196,10.875,.1828,1,8,0,0,16,74.902,0,0,5.376,0,179.6
3513,46388.000,14.4673,13.5516,14.2748,30,1.5625,0,2620,66.4867,18,84.2,36.8,2.38,17.2549,21.9608,160.813,14.2196,10.875,.1828,1,8,0,0,16,74.902,0,0,5.376,0,179.6
3514,46388.040,14.2565,13.4367,14.2748,30,.78125,0,2618.75,66.4867,18,84.2,36.62,2.38,16.4706,21.1765,151.419,14.2196,10.73,-.333815,1,8,0,0,15,74.902,0,0,5.12,0,179.6
3515,46388.080,14.214,13.4367,14.3497,30,.78125,0,2645,66.4867,18.5,84.2,35.37,2.34,15.6863,20.3922,142.844,14.2196,10.73,-1.62733,1,8,0,0,16,74.902,0,0,5.12,0,179.6
3516,46388.120,14.1714,13.4367,14.3497,30,.78125,0,2627.25,66.4867,18.5,84.2,34.3,2.32,14.902,20,132.343,14.2196,10.44,-1.62733,1,8,0,0,16,74.902,0,0,4.864,0,179.6
3517,46388.160,14.0883,13.4367,14.9111,30,0,0,2633,66.4867,19,84.2,33.58,2.3,13.3333,19.2157,116.048,14.2196,10.15,-2.9815,1,8,0,0,16,74.902,0,0,4.864,0,179.6
3518,46388.200,14.1714,13.3219,15.0453,30,-.78125,0,2627.75,66.4867,19.5,84.2,31.66,2.24,12.549,18.0392,108.046,14.2196,9.86,-4.87613,1,8,0,0,16,74.902,0,0,4.608,0,179.6
3519,46388.240,14.1289,13.3219,15.0453,30,-1.5625,0,2628.25,66.4867,20,84.2,29.33,2.2,12.1569,17.2549,105.166,14.2196,9.425,-4.87613,1,8,0,0,17,74.902,0,0,4.352,0,179.6
3520,46388.280,14.0457,13.207,15.5344,30,-2.34375,0,2638.25,66.4867,21,84.2,27.24,2.16,12.549,17.2549,107.845,14.2196,8.99,-4.87479,1,8,0,0,17,74.902,0,0,4.096,0,179.6
3521,46388.320,14.0457,13.0922,15.5344,30,-3.125,0,2645.75,66.4867,21.5,84.2,27.81,2.18,12.9412,17.6471,113.457,14.2196,8.7,-4.87479,1,8,0,0,17,74.902,0,0,4.096,0,179.6
3522,46388.360,13.7924,13.0922,15.1057,30,-3.125,0,2625.25,66.4867,22,84.2,28.45,2.2,13.3333,18.0392,118.884,14.2196,8.555,-4.38914,1,8,0,0,18,74.902,0,0,3.84,0,179.6
3523,46388.400,13.7498,13.3219,14.9333,30,-3.125,0,2622,66.4867,22,84.2,28.89,2.22,13.3333,18.4314,116.018,14.2196,8.555,-4.15325,1,8,0,0,19,74.902,0,0,3.84,0,179.6
3524,46388.440,13.8775,13.4367,14.9333,30,-3.125,0,2643.75,66.4867,22,84.2,29.32,2.22,13.7255,18.4314,121.244,14.2196,8.555,-4.15325,1,8,0,0,19,74.902,0,0,4.096,0,179.6
3525,46388.480,14.0883,13.6664,14.7072,30,-1.5625,0,2627.75,66.4867,22,84.2,29.86,2.24,14.1176,18.4314,124.36,14.2196,8.555,-3.6977,1,8,0,0,20,74.902,0,0,4.096,0,179.6
3526,46388.520,14.4248,13.8961,14.586,30,-1.5625,0,2626.75,66.4867,22,84.2,30.76,2.26,13.7255,18.8235,121.547,14.2196,8.7,-3.70699,1,8,0,0,20,74.902,0,0,4.096,0,179.6
3527,46388.560,14.5931,14.0109,14.586,30,0,0,2618.5,66.4867,22,84.2,31.39,2.26,13.7255,18.8235,121.389,14.2196,8.7,-3.70699,1,8,0,0,20,74.902,0,0,4.096,0,179.6
3528,46388.600,14.6782,14.1258,14.4808,30,.78125,0,2641.25,66.4867,21.5,84.2,31.72,2.26,13.7255,18.8235,121.287,14.2196,8.7,-3.46176,1,8,0,0,20,74.902,0,0,4.352,0,179.6
3529,46388.640,14.8039,14.1258,14.4808,30,.78125,0,2637.25,66.4867,21.5,84.2,30.87,2.24,13.3333,18.8235,116.265,14.2196,8.7,-3.46176,1,8,0,0,20,74.902,0,0,4.352,0,179.6
3530,46388.680,14.6356,14.0109,14.4115,30,1.5625,0,2619.25,66.4867,21.5,84.2,30.62,2.24,11.3725,18.0392,97.4105,14.2196,8.7,-4.14872,1,8,0,0,20,74.902,0,0,4.352,0,179.6
3531,46388.720,14.6356,13.8961,14.4184,30,1.5625,0,2631.75,66.4867,21.5,84.2,29.33,2.16,4.70588,15.2941,45,14.2196,8.7,-7.13536,1,8,0,0,20,74.902,0,0,4.352,0,179.6
3532,46388.760,14.3823,13.7813,14.4184,30,.78125,0,2630.5,66.4867,22.5,84.2,21.08,1.98,0,12.9412,42.5,14.2196,8.555,-7.13536,1,8,0,0,21,74.902,0,0,3.84,0,179.6
3533,46388.800,14.214,13.4367,17.9628,30,-.78125,-.78125,2624.5,66.4867,23.5,84.2,17.21,1.88,0,12.549,40,14.2196,7.395,-7.86319,1,8,0,0,21,0,0,0,3.328,0,179.6
3534,46388.840,13.7073,12.9773,16.9992,30,-2.34375,-.78125,2625.25,66.4867,24.5,84.2,15.49,1.84,0,12.1569,37.5,14.2196,6.815,-8.02331,1,8,0,0,11,0,0,0,3.072,0,179.6
3535,46388.880,13.3282,12.6328,16.9992,30,-4.6875,-.78125,2611.5,66.4867,25,84.2,14.97,1.8,0,11.7647,35,14.2196,6.525,-8.02331,1,8,0,0,2,0,0,0,2.816,0,179.6
3536,46388.920,13.0343,12.6328,16.0051,30,-5.46875,-.78125,2627,66.4867,25,84.2,14.19,1.8,0,11.7647,32.5,14.2196,6.235,-8.18343,1,8,0,0,0,0,0,0,2.816,0,179.6
3537,46388.960,13.4133,12.7477,16.0051,30,-4.6875,-.78125,2636.5,66.4867,25,84.2,13.48,1.78,0,10.9804,30,14.2196,5.945,-8.18343,1,8,0,0,0,0,0,0,2.56,0,179.6
3538,46389.000,13.539,12.8625,15.282,30,-4.6875,-.78125,2614.75,66.4867,24.5,84.2,12.79,1.76,0,10.9804,27.5,14.2196,5.8,-8.34355,1,8,0,0,0,0,0,0,2.56,0,179.6
3539,46389.040,12.9085,12.9773,15.1895,30,-4.6875,-.78125,2605.75,66.4867,24,84.2,12.25,1.72,0,10.1961,25,14.2196,5.655,-8.50367,1,8,0,0,0,0,0,0,2.304,0,179.6
3540,46389.080,12.9492,13.0922,15.1895,30,-5.46875,-.78125,2624.75,66.4867,23.5,84.2,11.66,1.72,0,10.1961,23,14.2196,5.51,-8.50367,1,8,0,0,0,0,0,0,2.304,0,179.6
3541,46389.120,13.2025,13.207,15.1057,30,-5.46875,-.78125,2604.5,66.4867,23,84.2,11.26,1.66,0,9.80392,20.5,14.2196,5.22,-8.66379,1,8,0,0,0,0,0,0,0,0,179.6
3542,46389.160,13.16,13.3219,14.5087,30,-5.46875,-.78125,2603,66.4867,22,84.2,10.07,1.64,0,9.01961,17.5,14.2196,5.075,-8.82391,1,8,0,0,0,0,0,0,0,0,179.6
3543,46389.200,13.2451,13.4367,14.5087,30,-4.6875,-.78125,2590.5,65.8653,21.5,84.2,9.62,1.6,0,9.01961,15,14.2196,4.785,-8.82391,1,8,0,0,0,0,0,0,0,0,179.6
3544,46389.240,13.539,13.7813,14.5017,30,-3.90625,-.78125,2634,65.8653,21,84.2,9.33,1.6,0,9.01961,12.5,14.2196,4.64,-8.98403,1,8,0,0,0,0,0,0,0,0,181.4
3545,46389.280,14.3397,14.1258,14.5017,30,-3.125,-.78125,2618,65.8653,20,84.2,9.44,1.58,0,8.62745,10.5,14.2196,4.495,-8.98403,1,8,0,0,0,0,0,0,0,0,181.4
3546,46389.320,14.9296,14.7,14.4878,30,-.78125,-.78125,2581.25,65.8653,20,84.2,8.67,1.58,0,8.23529,7.5,14.2196,4.35,-9.14415,1,8,0,0,0,0,0,0,0,0,181.4
3547,46389.360,15.7728,15.2742,14.5017,30,1.5625,-.78125,2612.25,65.8653,20,84.2,8.12,1.54,0,8.23529,5,14.2196,4.35,-9.30427,1,8,0,0,0,0,0,0,0,0,181.4
3548,46389.400,16.4052,15.9633,14.5017,30,4.6875,-.78125,2623.75,65.8653,20,84.2,8.01,1.54,0,7.45098,2.5,14.2196,4.205,-9.30427,1,8,0,0,0,0,0,0,0,0,181.4
3549,46389.440,16.7417,16.4227,14.4948,30,7.03125,-.78125,2599.5,65.8653,20,84.2,7.95,1.52,0,7.45098,0,14.2196,4.06,-9.46439,1,8,0,0,0,0,0,0,0,0,181.4
3550,46389.480,17.4999,16.6523,14.4948,30,8.59375,-.78125,2590.5,65.8653,20,84.2,7.89,1.5,0,7.05882,0,14.2196,3.915,-9.54446,1,8,0,0,0,0,0,0,0,0,181.4
3551,46389.520,17.4573,16.7672,14.4948,30,9.375,-.78125,2620.25,65.8653,20,84.2,6.55,1.44,0,7.05882,0,14.2196,3.915,-9.54446,1,8,0,0,0,0,0,0,0,0,181.4
3552,46389.560,17.9215,16.882,14.4738,30,10.1563,-.78125,2605.5,65.8653,20,84.2,6.11,1.42,0,7.05882,0,14.2196,3.77,-9.54447,1,8,0,0,0,0,0,0,0,0,181.4
3553,46389.600,17.964,17.1117,14.4738,30,10.9375,-.78125,2578.25,65.8653,20,84.2,5.89,1.42,0,7.05882,0,14.2196,3.77,-9.54447,1,8,0,0,0,0,0,0,0,0,181.4
3554,46389.640,18.1323,16.9969,14.3977,30,0,-.78125,2588.25,65.8653,20,84.2,5.96,1.42,0,7.05882,0,14.2196,3.625,-9.54448,1,8,0,0,0,0,0,0,0,0,181.4
3555,46389.680,17.8364,16.882,12.5075,30,0,-.78125,2600.75,65.8653,20,84.2,5.92,1.44,0,7.05882,0,14.2196,3.625,-9.54449,1,8,0,0,0,0,0,0,0,0,181.4
3556,46389.720,17.7532,16.5375,12.5075,30,0,-.78125,2580.25,65.8653,20,84.2,6.72,1.46,0,7.05882,0,14.2196,3.625,-9.54449,1,8,0,0,0,0,0,0,0,0,181.4
3557,46389.760,17.8364,16.7672,12.4816,30,0,-.78125,2584.25,65.244,20,84.2,7.09,1.48,0,7.05882,0,14.2196,3.625,-9.54451,1,8,0,0,0,0,0,0,0,0,181.4
3558,46389.800,17.8789,16.9969,12.4558,30,0,-.78125,2579.25,65.244,20,84.2,6.72,1.46,0,7.05882,0,14.2196,3.625,-9.54452,1,8,0,0,0,0,0,0,0,0,181.4
3559,46389.840,18.0472,17.1117,12.4558,30,0,-.78125,2586.75,65.244,20,84.2,7.28,1.48,0,7.05882,0,14.2196,3.625,-9.54452,1,8,0,0,0,0,0,0,0,0,181.4
3560,46389.880,18.4688,17.3414,12.5023,30,0,-.78125,2569.25,65.244,20,84.2,6.91,1.46,0,7.45098,0,14.2196,3.625,-9.54453,1,8,0,0,0,0,0,0,0,0,181.4
3561,46389.920,18.4688,17.9156,12.5023,30,0,-.78125,2573.75,65.244,20,84.2,7.4,1.48,0,7.05882,0,14.2196,3.625,-9.54453,1,8,0,0,0,0,0,0,0,0,181.4
3562,46389.960,18.3431,18.6047,12.6707,30,0,-.78125,2580.5,65.244,20,84.2,7.46,1.48,0,7.05882,0,14.2196,3.625,-9.54454,1,8,0,0,0,0,0,0,0,0,181.4
3563,46390.000,19.2695,19.7531,12.6707,30,0,-.78125,2576.5,65.244,20,84.2,6.81,1.46,0,7.05882,0,14.2196,3.48,-9.54455,1,8,0,0,0,0,0,0,0,0,181.4
3564,46390.040,19.6911,20.3273,12.6707,30,0,-.78125,2568.5,65.244,20,84.2,7,1.46,0,7.05882,0,14.2196,3.48,-9.54455,1,8,0,0,0,0,0,0,0,0,181.4
3565,46390.080,19.9019,20.3273,12.6707,30,0,-.78125,2559.75,65.244,20,84.2,7.19,1.48,0,7.05882,0,14.2196,3.48,-9.54455,1,10,0,0,0,0,0,0,0,0,181.4
3566,46390.120,19.9444,20.3273,12.6707,30,0,-.78125,2566.75,65.244,20,84.2,7.49,1.48,0,7.05882,0,14.2196,3.48,-9.54456,1,10,0,0,0,0,0,0,0,0,181.4
3567,46390.160,20.4918,20.3273,12.6707,30,0,-.78125,2560.25,64.6226,20,84.2,6.63,1.44,0,7.05882,0,14.2196,3.48,-9.54456,1,10,0,0,0,0,0,0,0,0,181.4
3568,46390.200,20.6175,20.3273,12.6707,30,0,-.78125,2553,64.6226,20,84.2,6.22,1.44,0,7.05882,0,14.2196,3.48,-9.54457,1,10,0,0,0,0,0,0,0,0,181.4
3569,46390.240,20.6175,20.3273,12.6707,30,0,-.78125,2563.5,64.6226,20,84.2,6.81,1.46,0,7.05882,0,14.2196,3.48,-9.54457,1,10,0,0,0,0,0,0,0,0,181.4
3570,46390.280,20.7451,20.3273,12.6707,30,0,-.78125,2550.25,64.6226,20,84.2,7.49,1.48,0,7.05882,0,14.2196,3.48,-9.54458,1,10,0,0,0,0,0,0,0,0,181.4
3571,46390.320,20.66,20.3273,12.6707,30,0,-.78125,2544.75,64.6226,20,84.2,6.81,1.46,0,7.05882,0,14.2196,3.48,-9.54459,1,10,0,0,0,0,0,0,0,0,181.4
3572,46390.360,20.6175,20.3273,12.6707,30,0,-.78125,2558.25,64.6226,20,84.2,7.09,1.48,0,7.05882,0,14.2196,3.48,-9.54459,1,10,0,0,0,0,0,0,0,0,181.4
3573,46390.400,20.5749,20.3273,12.6707,30,0,-.78125,2552.75,64.6226,20,84.2,7.56,1.48,0,7.05882,0,14.2196,3.48,-9.5446,1,10,0,0,0,0,0,0,0,0,181.4
3574,46390.440,20.6175,20.3273,12.6707,30,0,-.78125,2544.75,64.6226,20,84.2,6.72,1.46,0,7.05882,0,14.2196,3.48,-9.54461,1,10,0,0,0,0,0,0,0,0,181.4
3575,46390.480,20.5749,20.3273,12.6707,30,0,-.78125,2543,64.6226,20,84.2,6.91,1.44,0,7.05882,0,14.2196,3.48,-9.54461,1,10,0,0,0,0,0,0,0,0,181.4
3576,46390.520,20.4918,20.3273,12.6707,29,0,-.78125,2548.75,64.6226,20,84.2,6.54,1.46,0,7.05882,0,14.2196,3.48,-9.54462,1,10,0,0,0,0,0,0,0,0,181.4
3577,46390.560,20.7857,20.3273,12.6707,29,0,-.78125,2539,64.6226,20,84.2,6.72,1.46,0,7.05882,0,14.2196,3.48,-9.54462,1,10,0,0,0,0,0,0,0,0,181.4
3578,46390.600,20.6175,20.3273,12.6707,29,0,-.78125,2533.5,64.6226,20,84.2,6.81,1.44,0,7.05882,0,14.2196,3.48,-9.54463,1,10,0,0,0,0,0,0,0,0,181.4
3579,46390.640,20.5343,20.3273,12.6707,29,0,-.78125,2541.25,64.0012,20,84.2,7.19,1.48,0,7.05882,0,14.2196,3.48,-9.54464,1,10,0,0,0,0,0,0,0,0,181.4
3580,46390.680,20.6175,20.3273,12.6707,29,0,-.78125,2539.75,64.0012,20,84.2,7.37,1.46,0,7.05882,0,14.2196,3.48,-9.54464,1,10,0,0,0,0,0,0,0,0,181.4
3581,46390.720,20.5343,20.3273,12.6707,29,0,-.78125,2521.75,64.0012,20,84.2,7,1.46,0,7.05882,0,14.2196,3.335,-9.54465,1,10,0,0,0,0,0,0,0,0,181.4
3582,46390.760,20.4918,20.3273,12.6707,29,0,-.78125,2527.25,64.0012,20,84.2,6.91,1.46,0,7.05882,0,14.2196,3.335,-9.54466,1,10,0,0,0,0,0,0,0,0,181.4
3583,46390.800,20.66,20.3273,12.6707,29,0,-.78125,2535,64.0012,20,84.2,6.18,1.44,0,7.05882,0,14.2196,3.335,-9.54466,1,10,0,0,0,0,0,0,0,0,181.4
3584,46390.840,20.5749,20.3273,12.6707,29,0,-.78125,2515.25,64.0012,20,84.2,6.37,1.44,0,7.05882,0,14.2196,3.335,-9.54467,1,10,0,0,0,0,0,0,0,0,181.4
3585,46390.880,19.8168,20.3273,12.6707,29,0,-.78125,2528.5,64.0012,20,84.2,6.18,1.44,1.56863,7.05882,14.9965,14.2196,3.335,-9.54467,1,10,0,0,0,0,0,0,0,0,181.4
3586,46390.920,19.9019,20.3273,12.6707,29,0,-.78125,2528.5,64.0012,21,84.2,7.19,1.48,3.92157,8.23529,32.8501,14.2196,3.335,-8.94441,1,10,0,0,0,74.902,0,0,1.536,0,181.4
3587,46390.960,19.9019,20.3273,12.6707,29,0,-.78125,2521,64.0012,21.5,84.2,8.41,1.6,6.66667,10.5882,52.6629,14.2196,3.335,-7.67606,1,10,0,0,1,74.902,0,0,1.792,0,181.4
3588,46391.000,19.8168,20.3273,12.6707,29,0,-.78125,2550.25,64.0012,11,84.2,10.37,1.7,8.62745,12.9412,68.9403,14.2196,3.335,-7.67606,1,10,0,0,3,74.902,0,0,1.792,0,181.4
3589,46391.040,19.9019,20.3273,12.8163,29,0,-.78125,2516,64.0012,23,84.2,14.91,1.86,9.01961,14.1176,75.5275,14.2196,3.625,-6.65832,1,10,0,0,5,74.902,0,0,2.048,0,181.4
3590,46391.080,19.8168,20.3273,12.258,29,0,-.78125,2483.25,64.0012,23.5,84.2,17.14,1.92,9.41177,14.902,78.8981,14.2196,4.495,-6.49832,1,10,0,0,7,74.902,0,0,2.304,0,181.4
3591,46391.120,19.8168,20.3273,12.258,29,0,-.78125,2548.5,63.3799,24,84.2,18.78,1.96,10.1961,14.902,85.6229,14.2196,4.93,-6.49832,1,10,0,0,9,74.902,0,0,2.56,0,181.4
3592,46391.160,19.9019,20.3273,12.1885,29,0,-.78125,2560.75,63.3799,20,84.2,19.75,2,10.9804,16.0784,96.0477,14.2196,5.365,-5.92053,1,10,0,0,12,74.902,0,0,2.816,0,181.4
3593,46391.200,14.4673,20.3273,12.1885,29,0,-.78125,2489.75,63.3799,25.5,84.2,21.41,2.04,10.9804,16.4706,97.4643,14.2196,5.8,-5.92053,1,10,0,0,13,74.902,0,0,3.072,0,181.4
3594,46391.240,13.0343,20.3273,11.9799,29,0,-.78125,2509.75,63.3799,25.5,84.2,22.18,2.06,10.9804,16.4706,97.0651,14.2196,6.235,-5.64351,1,10,0,0,15,74.902,0,0,3.328,0,181.4
3595,46391.280,14.0032,20.3273,12.0422,29,0,-.78125,2543.75,63.3799,26,84.2,22.18,2.06,11.3725,16.4706,99.0691,14.2196,6.38,-5.56922,1,10,0,0,17,74.902,0,0,3.584,0,181.4
3596,46391.320,14.8464,20.3273,12.0422,29,0,-.78125,2498.5,63.3799,26,84.2,22.59,2.08,10.9804,16.4706,94.6173,14.2196,6.525,-5.56922,1,10,0,0,18,74.902,0,0,3.584,0,181.4
3597,46391.360,14.6356,20.3273,12.159,29,0,-.78125,2496.5,63.3799,26.5,84.2,22.76,2.06,10.9804,16.4706,94.6533,14.2196,6.815,-5.75732,1,10,0,0,20,74.902,0,0,3.84,0,181.4
3598,46391.400,14.3397,20.3273,12.1345,29,0,-.78125,2529.25,63.3799,26.5,84.2,22.67,2.08,10.9804,16.4706,93.9952,14.2196,6.815,-5.76972,1,10,0,0,20,74.902,0,0,3.84,0,181.4
3599,46391.440,14.0457,20.3273,12.1345,29,0,-.78125,2498.25,63.3799,26,84.2,22.76,2.06,10.9804,16.4706,94.6166,14.2196,6.96,-5.76972,1,10,0,0,20,74.902,0,0,3.84,0,181.4
3600,46391.480,13.16,18.9492,12.1443,29,0,-.78125,2499.5,63.3799,25.5,84.2,23.25,2.08,10.9804,17.2549,94.5909,14.2196,6.96,-5.75107,1,10,0,0,20,74.902,0,0,3.84,0,181.4
3601,46391.520,13.16,17.8008,12.1443,30,0,-.78125,2522,63.3799,25.5,84.2,23.59,2.12,11.3725,17.6471,99.4954,14.2196,7.105,-5.75107,1,10,0,0,20,74.902,0,0,3.84,0,181.4
3602,46391.560,12.9085,16.7672,12.1345,30,0,-.78125,2497.25,63.3799,25,84.2,25.83,2.16,11.7647,18.0392,102.655,14.2196,7.25,-5.56226,1,10,0,0,21,74.902,0,0,4.096,0,181.4
3603,46391.600,12.7809,15.8484,12.1003,30,0,0,2509,63.3799,24,84.2,27.48,2.18,11.7647,18.4314,102.426,14.2196,7.54,-5.31314,1,10,0,0,21,74.902,0,0,4.352,0,181.4
3604,46391.640,12.6552,14.9297,12.1003,30,-.78125,0,2517,63.3799,23.5,84.2,28.35,2.2,12.549,18.4314,110.302,14.2196,7.83,-5.31314,1,10,0,0,21,74.902,0,0,3.84,0,181.4
3605,46391.680,12.8234,14.3555,13.728,30,-1.5625,0,2499.25,63.3799,23,84.2,28.35,2.2,12.549,18.8235,110.638,14.2196,7.975,-4.63065,1,10,0,0,20,74.902,0,0,4.096,0,181.4
3606,46391.720,12.866,13.8961,13.4882,30,-2.34375,0,2490.5,63.3799,22.5,84.2,28.89,2.2,12.549,19.2157,110.802,14.2196,8.12,-4.63854,1,10,0,0,20,74.902,0,0,4.096,0,181.4
3607,46391.760,12.9917,13.4367,13.4882,30,-3.90625,0,2514.25,63.3799,22.5,84.2,28.99,2.22,12.1569,19.2157,107.677,14.2196,8.265,-4.63854,1,10,0,0,20,74.902,0,0,4.096,0,181.4
3608,46391.800,13.4984,13.4367,13.4761,30,-4.6875,0,2492,63.3799,22,84.2,28.67,2.2,11.7647,19.2157,105.427,14.2196,8.41,-4.86186,1,10,0,0,21,74.902,0,0,4.096,0,181.4
3609,46391.840,13.7924,13.6664,13.4761,30,-3.125,0,2498.5,63.3799,22,84.2,28.46,2.2,11.7647,18.4314,105.302,14.2196,8.41,-4.86186,1,10,0,0,21,74.902,0,0,4.352,0,181.4
3610,46391.880,13.7498,13.6664,13.4942,30,-2.34375,0,2513,63.3799,22,84.2,28.02,2.18,12.1569,18.4314,107.7,14.2196,8.41,-5.08809,1,10,0,0,21,74.902,0,0,4.352,0,181.4
3611,46391.920,13.7498,13.7813,13.5428,30,-2.34375,0,2491.5,63.3799,22,84.2,28.13,2.18,12.1569,18.4314,108.109,14.2196,8.41,-4.86006,1,10,0,0,20,74.902,0,0,4.352,0,181.4
3612,46391.960,13.6667,13.6664,13.5428,30,-3.125,0,2505.25,63.3799,22,84.2,28.13,2.18,12.549,18.4314,110.52,14.2196,8.41,-4.86006,1,10,0,0,20,74.902,0,0,4.096,0,181.4
3613,46392.000,13.3282,13.5516,13.5978,30,-3.90625,0,2503.25,63.3799,22,84.2,28.13,2.2,12.549,18.8235,113.233,14.2196,8.41,-4.64126,1,10,0,0,20,74.902,0,0,4.096,0,181.4
3614,46392.040,13.8775,13.4367,13.641,30,-3.90625,0,2515.25,63.3799,22,84.2,28.67,2.2,12.549,19.2157,113.176,14.2196,8.41,-4.41379,1,10,0,0,21,74.902,0,0,4.096,0,181.4
3615,46392.080,13.0768,13.4367,13.641,30,-4.6875,0,2491.25,63.3799,21.5,84.2,29.37,2.22,12.549,19.2157,110.785,14.2196,8.41,-4.41379,1,10,0,0,21,74.902,0,0,4.352,0,181.4
3616,46392.120,13.16,13.4367,13.6719,30,-4.6875,0,2515.5,63.3799,21.5,84.2,29.7,2.22,12.549,19.2157,110.321,14.2196,8.555,-4.62931,1,10,0,0,21,74.902,0,0,4.352,0,181.4
3617,46392.160,13.6241,13.5516,13.6719,30,-3.90625,0,2506,63.3799,21.5,84.2,29.59,2.22,12.549,19.2157,110.67,14.2196,8.555,-4.62931,1,10,0,0,21,74.902,0,0,4.352,0,181.4
3618,46392.200,14.3397,13.6664,13.6844,30,-3.125,0,2486.75,63.3799,21,84.2,29.91,2.22,12.549,19.2157,110.869,14.2196,8.7,-4.62846,1,10,0,0,21,74.902,0,0,4.352,0,181.4
3619,46392.240,14.2565,13.7813,13.7031,30,-3.125,0,2505,63.3799,21,84.2,28.84,2.2,12.549,19.2157,110.52,14.2196,8.7,-4.62475,1,10,0,0,20,74.902,0,0,4.352,0,181.4
3620,46392.280,14.3397,13.6664,13.7031,30,-3.125,0,2501,63.3799,21,84.2,28.94,2.2,12.549,18.8235,110.816,14.2196,8.7,-4.62475,1,10,0,0,21,74.902,0,0,4.352,0,181.4
3621,46392.320,14.2972,13.6664,13.7343,30,-3.125,0,2491.5,63.3799,21.5,84.2,28.94,2.22,12.549,19.2157,113.449,14.2196,8.7,-4.4058,1,10,0,0,21,74.902,0,0,4.352,0,181.4
3622,46392.360,14.214,13.5516,13.7846,30,-3.90625,0,2505.75,63.3799,21.5,84.2,29.37,2.22,12.9412,19.2157,115.856,14.2196,8.7,-4.15713,1,10,0,0,21,74.902,0,0,4.352,0,181.4
3623,46392.400,14.1289,13.5516,13.7846,30,-3.90625,0,2501.75,63.3799,21,84.2,29.59,2.22,12.9412,19.2157,116.256,14.2196,8.7,-4.15713,1,10,0,0,21,74.902,0,0,4.352,0,181.4
3624,46392.440,14.2972,13.5516,13.8162,30,-3.90625,0,2495.75,63.3799,21,84.2,30.24,2.24,13.3333,19.2157,118.712,14.2196,8.7,-4.16158,1,10,0,0,20,74.902,0,0,4.352,0,183.2
3625,46392.480,14.1289,13.5516,13.8162,30,-3.90625,0,2499.5,63.3799,21,84.2,29.48,2.22,13.3333,19.6078,118.644,14.2196,8.7,-4.16158,1,8,0,0,20,74.902,0,0,4.352,0,183.2
3626,46392.520,14.214,13.6664,13.8226,30,-3.90625,0,2484.75,63.3799,21,84.2,29.81,2.24,12.9412,19.6078,116.246,14.2196,8.845,-3.94558,1,8,0,0,21,74.902,0,0,4.352,0,183.2
3627,46392.560,14.2565,13.7813,13.8353,30,-3.125,0,2496.25,63.3799,21,84.2,30.45,2.24,12.549,19.6078,110.683,14.2196,8.845,-4.62526,1,8,0,0,21,74.902,0,0,4.352,0,183.2
3628,46392.600,14.2972,13.7813,13.8353,30,-3.125,0,2497,63.3799,21,84.2,29.7,2.22,11.3725,18.8235,99.9753,14.2196,8.845,-4.62526,1,8,0,0,20,74.902,0,0,4.352,0,183.2
3629,46392.640,14.4248,13.7813,13.8544,30,-2.34375,0,2491,62.7585,21,84.2,28.4,2.18,10.5882,18.0392,92.0744,14.2196,8.845,-5.63767,1,8,0,0,20,74.902,0,0,4.352,0,183.2
3630,46392.680,14.4673,13.7813,13.9056,31,-2.34375,0,2484.5,62.7585,21.5,84.2,26.55,2.14,10.5882,17.6471,92.2058,14.2196,8.845,-5.86705,1,8,0,0,20,74.902,0,0,4.352,0,183.2
3631,46392.720,14.3397,13.6664,13.9056,31,-3.125,0,2495,62.7585,21.5,84.2,26.14,2.14,10.5882,17.6471,91.9933,14.2196,8.7,-5.86705,1,8,0,0,20,74.902,0,0,4.096,0,183.2
3632,46392.760,14.3397,13.4367,13.9831,31,-3.90625,0,2493.5,62.7585,22,84.2,25.61,2.14,10.9804,17.6471,94.6971,14.2196,8.555,-5.85459,1,8,0,0,20,74.902,0,0,4.096,0,183.2
3633,46392.800,14.214,13.207,13.9831,31,-5.46875,0,2477,62.7585,22.5,84.2,25.34,2.12,10.9804,17.6471,95.0269,14.2196,8.41,-5.85459,1,8,0,0,20,74.902,0,0,3.84,0,183.2
3634,46392.840,13.9606,13.207,14.0746,31,-5.46875,0,2505,62.7585,22.5,84.2,25.66,2.14,10.9804,17.6471,94.4624,14.2196,8.265,-5.74127,1,8,0,0,21,74.902,0,0,3.84,0,183.2
3635,46392.880,13.9181,13.207,14.1673,31,-5.46875,0,2481.25,62.7585,22.5,84.2,26.06,2.14,10.1961,17.6471,89.5992,14.2196,8.265,-5.8668,1,8,0,0,20,74.902,0,0,3.84,0,183.2
3636,46392.920,13.8775,13.4367,14.1673,31,-5.46875,0,2483.25,62.7585,22.5,84.2,25.66,2.14,10.1961,17.6471,89.5597,14.2196,8.265,-5.8668,1,8,0,0,20,74.902,0,0,3.84,0,183.2
3637,46392.960,14.0457,13.6664,14.2343,31,-4.6875,0,2494.75,62.7585,22.5,84.2,25.53,2.14,10.9804,17.2549,97.3381,14.2196,8.265,-5.96012,1,8,0,0,20,74.902,0,0,3.84,0,183.2
3638,46393.000,14.1289,13.7813,14.2816,31,-3.90625,0,2481,62.7585,22.5,84.2,25.39,2.14,11.7647,18.0392,102.957,14.2196,8.12,-5.289,1,8,0,0,21,74.902,0,0,3.84,0,183.2
3639,46393.040,14.1714,13.8961,14.2816,31,-3.125,0,2486.75,62.7585,22.5,84.2,27.59,2.18,12.1569,18.4314,108.186,14.2196,8.12,-5.289,1,8,0,0,21,74.902,0,0,3.84,0,183.2
3640,46393.080,14.4673,14.0109,14.2952,31,-2.34375,0,2495.5,62.7585,22.5,84.2,28.24,2.18,12.1569,18.8235,108.017,14.2196,8.12,-4.85365,1,8,0,0,21,74.902,0,0,3.84,0,183.2
3641,46393.120,14.3397,14.1258,14.2952,31,-1.5625,0,2488.5,62.7585,22,84.2,28.78,2.2,12.549,18.8235,110.824,14.2196,8.265,-4.85365,1,8,0,0,20,74.902,0,0,4.096,0,183.2
3642,46393.160,14.5931,14.2406,14.2884,31,-.78125,0,2481.25,62.7585,22,84.2,29.32,2.22,12.1569,18.8235,108.287,14.2196,8.265,-4.61534,1,8,0,0,20,74.902,0,0,4.096,0,183.2
3643,46393.200,14.7613,14.2406,14.2681,31,0,0,2494.5,62.7585,21.5,84.2,29.11,2.2,11.7647,18.8235,105.361,14.2196,8.41,-5.07234,1,8,0,0,20,74.902,0,0,4.096,0,183.2
3644,46393.240,14.8464,14.2406,14.2681,31,.78125,0,2483.5,62.7585,21.5,84.2,28.89,2.2,11.7647,18.4314,102.903,14.2196,8.41,-5.07234,1,8,0,0,21,74.902,0,0,4.352,0,183.2
3645,46393.280,14.8464,14.2406,14.2545,31,1.5625,0,2477.25,62.7585,21.5,84.2,28.46,2.18,11.7647,18.4314,105.344,14.2196,8.555,-5.30867,1,8,0,0,20,74.902,0,0,4.352,0,183.2
3646,46393.320,14.9721,14.1258,14.2478,31,1.5625,0,2497.25,62.7585,21.5,84.2,27.81,2.18,11.7647,18.4314,105.307,14.2196,8.555,-5.06278,1,8,0,0,20,74.902,0,0,4.352,0,183.2
3647,46393.360,14.7188,13.8961,14.2478,31,.78125,0,2481.25,62.7585,21.5,84.2,28.13,2.2,12.1569,18.4314,108.286,14.2196,8.555,-5.06278,1,8,0,0,20,74.902,0,0,4.096,0,183.2
3648,46393.400,14.3397,13.6664,14.2545,31,.78125,0,2478.75,62.7585,21.5,84.2,28.24,2.2,12.1569,18.4314,108.165,14.2196,8.555,-4.8505,1,8,0,0,20,74.902,0,0,4.096,0,183.2
3649,46393.440,14.2972,13.5516,14.2545,31,0,0,2494.5,62.7585,21.5,84.2,27.92,2.2,12.1569,18.4314,108.029,14.2196,8.555,-4.8505,1,8,0,0,20,74.902,0,0,4.096,0,183.2
3650,46393.480,14.0883,13.5516,14.2748,31,0,0,2476.25,62.7585,21.5,84.2,28.24,2.2,12.549,19.2157,111.051,14.2196,8.555,-4.85476,1,8,0,0,21,74.902,0,0,4.096,0,183.2
3651,46393.520,13.4559,13.4367,14.2816,31,0,0,2494.5,62.7585,21.5,84.2,29,2.22,12.549,19.2157,110.7,14.2196,8.555,-4.60121,1,8,0,0,21,74.902,0,0,4.096,0,183.2
3652,46393.560,13.4559,13.5516,14.2816,31,0,0,2490.25,62.7585,21.5,84.2,29.65,2.22,12.549,19.2157,113.454,14.2196,8.555,-4.60121,1,8,0,0,21,74.902,0,0,4.352,0,183.2
3653,46393.600,13.4984,13.6664,14.2748,31,0,0,2481.25,62.7585,21,84.2,29.7,2.22,12.9412,19.2157,116.294,14.2196,8.7,-4.39021,1,8,0,0,20,74.902,0,0,4.352,0,183.2
3654,46393.640,13.6667,13.6664,14.2816,31,0,0,2485.5,62.7585,21,84.2,29.6,2.24,13.3333,19.6078,118.884,14.2196,8.7,-3.92514,1,8,0,0,20,74.902,0,0,4.352,0,183.2
3655,46393.680,13.6241,13.6664,14.2816,31,.78125,0,2489.75,62.7585,21,84.2,30.57,2.24,13.3333,19.6078,118.805,14.2196,8.7,-3.92514,1,8,0,0,20,74.902,0,0,4.352,0,183.2
3656,46393.720,13.7924,13.6664,14.2884,31,.78125,0,2480.75,62.7585,21,84.2,30.79,2.24,13.3333,19.6078,118.97,14.2196,8.845,-3.90945,1,8,0,0,20,74.902,0,0,4.352,0,183.2
3657,46393.760,13.4984,13.6664,14.2884,31,.78125,0,2493,62.7585,20.5,84.2,30.57,2.24,13.3333,19.6078,121.417,14.2196,8.845,-3.90945,1,8,0,0,20,74.902,0,0,4.352,0,183.2
3658,46393.800,13.6667,13.6664,14.2748,31,.78125,0,2494.5,62.7585,20.5,84.2,30.47,2.24,13.3333,20,121.39,14.2196,8.99,-3.70833,1,8,0,0,20,74.902,0,0,4.352,0,183.2
3659,46393.840,13.7924,13.6664,14.2545,31,.78125,0,2468.5,62.7585,20.5,84.2,30.79,2.24,13.7255,20,124.533,14.2196,8.99,-3.70558,1,8,0,0,20,74.902,0,0,4.352,0,183.2
3660,46393.880,13.5816,13.6664,14.2545,31,.78125,0,2490.75,62.7585,20.5,84.2,31.15,2.26,14.1176,20,126.802,14.2196,9.135,-3.70558,1,8,0,0,20,74.902,0,0,4.608,0,183.2
3661,46393.920,13.539,13.6664,14.2411,31,.78125,0,2485.5,62.7585,20.5,84.2,31.04,2.26,14.1176,20,127.002,14.2196,9.135,-3.23175,1,8,0,0,20,74.902,0,0,4.608,0,183.2
3662,46393.960,13.7073,13.6664,14.2478,32,.78125,0,2472,62.7585,20,84.2,31.48,2.26,14.1176,20,127.134,14.2196,9.28,-3.24213,1,8,0,0,20,74.902,0,0,4.608,0,183.2
3663,46394.000,13.4984,13.6664,14.2478,32,.78125,0,2491.75,62.7585,20,84.2,32.11,2.26,14.1176,20,126.781,14.2196,9.28,-3.24213,1,8,0,0,20,74.902,0,0,4.608,0,183.2
3664,46394.040,13.6667,13.6664,14.2411,32,.78125,0,2484,62.7585,20,84.2,31.15,2.26,14.1176,20,129.882,14.2196,9.28,-3.22988,1,8,0,0,19,74.902,0,0,4.608,0,183.2
3665,46394.080,13.7498,13.6664,14.2411,32,1.5625,0,2473.5,62.7585,20,84.2,32.11,2.28,14.5098,20.3922,132.446,14.2196,9.425,-3.22988,1,8,0,0,19,74.902,0,0,4.608,0,183.2
3666,46394.120,13.6241,13.6664,14.2411,32,1.5625,0,2488.75,62.7585,20,84.2,32.93,2.3,14.902,20.7843,134.848,14.2196,9.425,-2.76385,1,8,0,0,19,74.902,0,0,4.608,0,183.2
3667,46394.160,13.539,13.6664,14.2411,32,.78125,0,2475.5,62.7585,19.5,84.2,33.62,2.3,15.2941,20.7843,140.418,14.2196,9.425,-2.32445,1,8,0,0,19,74.902,0,0,4.608,0,183.2
3668,46394.200,13.4133,13.6664,14.2411,32,.78125,0,2476.75,62.7585,19.5,84.2,33.35,2.3,15.6863,21.1765,145.734,14.2196,9.57,-2.32445,1,8,0,0,19,74.902,0,0,4.864,0,183.2
3669,46394.240,13.6667,13.6664,14.2343,32,1.5625,0,2492,62.7585,19,84.2,34.07,2.32,15.6863,21.5686,145.481,14.2196,9.57,-1.626,1,8,0,0,19,74.902,0,0,4.864,0,183.2
3670,46394.280,13.6667,13.6664,14.1807,32,1.5625,0,2478.25,62.7585,19,84.2,34.43,2.32,15.6863,21.9608,145.708,14.2196,9.715,-1.62818,1,8,0,0,18,74.902,0,0,4.864,0,183.2
3671,46394.320,13.5816,13.6664,14.1807,32,1.5625,0,2472,62.7585,18.5,84.2,34.88,2.32,15.6863,21.5686,145.814,14.2196,9.86,-1.62818,1,8,0,0,18,74.902,0,0,4.864,0,183.2
3672,46394.360,13.7924,13.6664,14.0287,32,1.5625,0,2484,62.7585,18.5,84.2,34.85,2.32,15.6863,21.5686,145.611,14.2196,9.86,-1.63422,1,8,0,0,18,74.902,0,0,5.12,0,183.2
3673,46394.400,13.8349,13.7813,14.0287,32,2.34375,0,2484.25,62.7585,18.5,84.2,34.95,2.32,15.6863,21.5686,145.608,14.2196,10.005,-1.63422,1,8,0,0,18,74.902,0,0,5.12,0,183.2
3674,46394.440,13.9181,13.8961,14.0615,32,3.125,0,2468.75,62.7585,18.5,84.2,35.04,2.32,15.6863,21.5686,145.864,14.2196,10.005,-1.63678,1,8,0,0,18,74.902,0,0,5.12,0,183.2
3675,46394.480,14.1289,13.8961,14.1208,32,3.125,0,2495.5,62.7585,18.5,84.2,34.86,2.32,15.6863,21.5686,145.421,14.2196,10.005,-1.40676,1,8,0,0,17,74.902,0,0,5.12,0,183.2
3676,46394.520,13.7073,13.8961,14.1208,32,3.125,0,2470.75,62.7585,18,84.2,34.68,2.32,15.6863,21.5686,145.828,14.2196,10.005,-1.40676,1,8,0,0,17,74.902,0,0,5.12,0,183.2
3677,46394.560,13.7073,13.7813,14.1673,32,3.125,0,2477.25,62.7585,18,84.2,34.77,2.32,16.0784,21.5686,148.204,14.2196,10.005,-1.41419,1,8,0,0,17,74.902,0,0,5.12,0,183.2
3678,46394.600,13.6667,13.6664,14.2075,32,2.34375,0,2486.75,62.7585,18,84.2,34.68,2.32,15.6863,21.5686,145.563,14.2196,10.005,-1.62758,1,8,0,0,17,74.902,0,0,5.12,0,183.2
3679,46394.640,13.4984,13.5516,14.2075,32,2.34375,0,2467.75,62.7585,18,84.2,34.68,2.32,16.0784,21.5686,148.544,14.2196,10.005,-1.62758,1,8,0,0,17,74.902,0,0,5.12,0,183.2
3680,46394.680,13.4984,13.5516,14.2343,32,2.34375,0,2507.5,62.7585,18.5,84.2,34.86,2.32,16.4706,21.5686,150.57,14.2196,10.005,-1.41061,1,8,0,0,17,74.902,0,0,5.12,0,183.2
3681,46394.720,13.4984,13.5516,14.2343,32,1.5625,0,2472,62.7585,18,84.2,35.31,2.34,16.4706,21.9608,151.143,14.2196,10.005,-1.41061,1,8,0,0,17,74.902,0,0,5.12,0,183.2
3682,46394.760,13.4984,13.4367,14.2748,32,1.5625,0,2480.5,62.7585,18,84.2,35.58,2.36,16.4706,21.9608,151.006,14.2196,10.005,-1.1628,1,8,0,0,16,74.902,0,0,5.12,0,183.2
3683,46394.800,13.539,13.5516,14.2952,32,1.5625,0,2489.5,62.7585,18,84.2,35.58,2.36,16.8627,22.3529,156.632,14.2196,10.005,-.952264,1,8,0,0,16,74.902,0,0,5.12,0,183.2
3684,46394.840,13.6667,13.5516,14.2952,32,1.5625,0,2482.5,62.7585,18,84.2,36.03,2.36,16.8627,22.3529,156.736,14.2196,10.15,-.952264,1,8,0,0,16,74.902,0,0,5.12,0,183.2
3685,46394.880,13.8349,13.6664,14.3019,32,2.34375,0,2483.75,62.7585,18,84.2,35.58,2.36,16.8627,22.3529,156.718,14.2196,10.15,-.683924,1,8,0,0,16,74.902,0,0,5.12,0,183.2
3686,46394.920,13.6667,13.7813,14.2952,32,2.34375,0,2478.5,62.7585,17.5,84.2,36.03,2.36,16.8627,22.3529,156.794,14.2196,10.295,-.678896,1,8,0,0,16,74.902,0,0,5.12,0,183.2
3687,46394.960,13.7498,13.7813,14.2952,32,3.125,0,2492.5,62.7585,17.5,84.2,36.03,2.36,16.8627,22.3529,156.917,14.2196,10.295,-.678896,1,8,0,0,16,74.902,0,0,5.12,0,183.2
3688,46395.000,13.8775,13.7813,14.3087,32,3.125,0,2468.25,62.7585,17.5,84.2,35.94,2.36,16.8627,22.3529,156.949,14.2196,10.44,-.681182,1,8,0,0,16,74.902,0,0,5.12,0,183.2
3689,46395.040,14.5505,13.7813,14.3087,32,3.125,0,2478.75,62.7585,17.5,84.2,36.39,2.36,16.8627,22.7451,156.791,14.2196,10.44,-.681182,1,8,0,0,16,74.902,0,0,5.376,0,183.2
3690,46395.080,14.5505,13.7813,14.3019,32,3.125,0,2486.25,62.7585,17.5,84.2,36.39,2.36,16.8627,22.7451,159.817,14.2196,10.44,-.679147,1,8,0,0,16,74.902,0,0,5.376,0,183.2
3691,46395.120,14.4248,13.6664,14.3087,32,3.125,0,2476.25,62.7585,17.5,84.2,36.39,2.38,16.8627,22.7451,159.857,14.2196,10.44,-.409815,1,8,0,0,16,74.902,0,0,5.376,0,183.2
3692,46395.160,14.5505,13.6664,14.3087,32,3.125,0,2484.75,62.7585,17.5,84.2,36.37,2.38,16.8627,22.7451,159.734,14.2196,10.585,-.409815,1,8,0,0,16,74.902,0,0,5.376,0,183.2
3693,46395.200,14.4673,13.6664,14.336,32,3.125,0,2470.5,62.7585,17,84.2,36.82,2.36,16.8627,22.7451,159.94,14.2196,10.585,-.410097,1,8,0,0,16,74.902,0,0,5.376,0,183.2
3694,46395.240,14.4248,13.6664,14.3565,32,3.125,0,2468,62.7585,17,84.2,36.64,2.38,16.8627,22.7451,159.975,14.2196,10.585,-.426102,1,8,0,0,15,74.902,0,0,5.376,0,183.2
3695,46395.280,14.4673,13.6664,14.3565,32,3.125,0,2483.75,62.7585,17,84.2,37,2.38,16.8627,22.7451,159.749,14.2196,10.585,-.426102,1,8,0,0,15,74.902,0,0,5.376,0,183.2
3696,46395.320,14.3397,13.6664,14.3702,32,3.125,0,2474.5,62.7585,17,84.2,36.73,2.38,16.8627,22.7451,159.882,14.2196,10.73,-.417145,1,8,0,0,16,74.902,0,0,5.376,0,183.2
3697,46395.360,14.4248,13.7813,14.3702,32,3.90625,0,2469.5,62.7585,17,84.2,36.28,2.36,16.8627,22.7451,159.954,14.2196,10.73,-.417145,1,8,0,0,16,74.902,0,0,5.376,0,183.2
3698,46395.400,14.508,13.6664,14.3977,32,3.90625,0,2494,62.7585,17,84.2,36.19,2.36,16.8627,22.7451,159.599,14.2196,10.73,-.408369,1,8,0,0,15,74.902,0,0,5.376,0,183.2
3699,46395.440,14.3823,13.6664,14.4184,32,3.90625,0,2467.25,62.7585,17,84.2,36.64,2.38,16.8627,22.7451,159.984,14.2196,10.73,-.427524,1,8,0,0,15,74.902,0,0,5.376,0,183.2
3700,46395.480,14.4248,13.6664,14.4184,32,3.90625,0,2474,62.7585,17,84.2,36.73,2.38,16.8627,22.7451,159.728,14.2196,10.73,-.427524,1,8,0,0,15,74.902,0,0,5.376,0,183.2
3701,46395.520,14.4248,13.6664,14.4391,32,3.90625,0,2487.5,62.7585,17,84.2,37,2.4,16.8627,22.7451,159.691,14.2196,10.73,-.414401,1,8,0,0,15,74.902,0,0,5.376,0,183.2
3702,46395.560,14.2972,13.6664,14.4391,32,3.90625,0,2472,62.7585,17,84.2,36.91,2.38,17.2549,22.7451,162.942,14.2196,10.73,-.174972,1,8,0,0,15,74.902,0,0,5.376,0,183.2
3703,46395.600,14.3823,13.6664,14.4391,32,3.90625,0,2481.25,62.7585,17,84.2,36.64,2.38,16.8627,22.7451,159.706,14.2196,10.73,-.174972,1,8,0,0,15,74.902,0,0,5.376,0,183.2
3704,46395.640,14.4673,13.6664,14.453,32,3.90625,0,2486.75,62.7585,17,84.2,36.73,2.36,17.2549,22.7451,162.739,14.2196,10.73,-.173552,1,8,0,0,15,74.902,0,0,5.376,0,183.2
3705,46395.680,14.4673,13.6664,14.453,32,3.90625,0,2469.5,62.7585,17,84.2,37.21,2.4,17.6471,23.1373,166,14.2196,10.73,-.173552,1,8,0,0,15,74.902,0,0,5.376,0,183.2
3706,46395.720,14.3823,13.6664,14.453,32,3.90625,0,2489.75,62.7585,17,84.2,37.53,2.4,17.6471,23.5294,165.738,14.2196,10.73,.109348,1,8,0,0,15,74.902,0,0,5.376,0,183.2
3707,46395.760,14.4248,13.6664,14.4461,32,3.90625,0,2478.25,62.7585,16.5,84.2,39.12,2.4,17.6471,23.5294,168.92,14.2196,10.875,.346378,1,8,0,0,15,74.902,0,0,5.376,0,183.2
3708,46395.800,14.3397,13.6664,14.4461,32,4.6875,0,2480,62.7585,16.5,84.2,39.13,2.4,17.6471,23.5294,168.897,14.2196,10.875,.346378,1,8,0,0,15,74.902,0,0,5.632,0,183.2
3709,46395.840,14.3823,13.7813,14.4322,32,4.6875,0,2495.75,62.7585,16.5,84.2,38.49,2.4,17.6471,23.5294,168.704,14.2196,11.02,.351305,1,8,0,0,15,74.902,0,0,5.632,0,183.2
3710,46395.880,14.4248,13.7813,14.4391,32,4.6875,0,2490,62.7585,16.5,84.2,38.26,2.4,17.6471,23.5294,168.775,14.2196,11.02,.360283,1,8,0,0,15,74.902,0,0,5.632,0,183.2
3711,46395.920,14.6782,13.7813,14.4391,32,4.6875,0,2467.25,62.7585,16.5,84.2,38.34,2.4,17.6471,23.5294,166.027,14.2196,11.02,.360283,1,8,0,0,14,74.902,0,0,5.632,0,183.2
3712,46395.960,14.4673,13.6664,14.453,32,4.6875,0,2490.25,62.7585,16.5,84.2,38.13,2.4,17.6471,23.5294,165.727,14.2196,11.02,.0874462,1,8,0,0,14,74.902,0,0,5.632,0,183.2
3713,46396.000,14.4673,13.6664,14.453,32,4.6875,0,2471,62.7585,16.5,84.2,37.3,2.38,17.6471,23.1373,165.928,14.2196,11.02,.0874462,1,8,0,0,14,74.902,0,0,5.632,0,183.2
3714,46396.040,14.4248,13.5516,14.4878,32,4.6875,0,2477.25,62.7585,16.5,84.2,37.68,2.4,17.6471,23.1373,168.927,14.2196,11.02,.103176,1,8,0,0,14,74.902,0,0,5.376,0,183.2
3715,46396.080,14.2565,13.5516,14.5157,32,4.6875,0,2504.25,62.7585,16.5,84.2,37.48,2.4,17.6471,23.5294,165.545,14.2196,11.02,.345588,1,8,0,0,14,74.902,0,0,5.376,0,183.2
3716,46396.120,14.3397,13.5516,14.5157,32,3.90625,0,2472.5,62.7585,16.5,84.2,38.33,2.38,17.6471,23.5294,166.156,14.2196,11.02,.345588,1,8,0,0,14,74.902,0,0,5.632,0,183.2
3717,46396.160,14.3823,13.5516,14.5297,32,4.6875,0,2476,62.7585,16.5,84.2,38.55,2.4,17.6471,23.5294,165.907,14.2196,11.165,.105423,1,8,0,0,14,74.902,0,0,5.376,0,183.2
3718,46396.200,14.9296,13.6664,14.5367,32,4.6875,0,2490.75,62.7585,16.5,84.2,38.34,2.4,17.6471,23.5294,168.759,14.2196,11.165,.350963,1,8,0,0,14,74.902,0,0,5.632,0,183.2
3719,46396.240,14.6356,13.6664,14.5367,32,4.6875,0,2468.75,62.7585,16.5,84.2,38.12,2.4,18.0392,23.5294,172.056,14.2196,11.165,.350963,1,8,0,0,14,74.902,0,0,5.376,0,183.2
3720,46396.280,14.2565,13.6664,14.5578,32,4.6875,0,2482,62.7585,16.5,84.2,38.55,2.4,18.0392,23.5294,171.902,14.2196,11.165,.591417,1,8,0,0,14,74.902,0,0,5.632,0,183.2
3721,46396.320,14.4673,13.6664,14.5578,32,4.6875,0,2487.25,62.7585,16.5,84.2,39.21,2.4,18.0392,23.5294,171.839,14.2196,11.165,.591417,1,8,0,0,14,74.902,0,0,5.632,0,183.2
3722,46396.360,14.7188,13.6664,14.5438,32,4.6875,0,2464.5,62.7585,16,84.2,39.86,2.42,18.0392,23.9216,172.102,14.2196,11.165,.575167,1,8,0,0,14,74.902,0,0,5.632,0,183.2
3723,46396.400,14.5931,13.7813,14.5297,32,5.46875,0,2473.5,62.7585,16,84.2,40.73,2.42,18.4314,23.9216,175.028,14.2196,11.31,.587084,1,8,0,0,14,74.902,0,0,5.632,0,183.2
3724,46396.440,14.5931,13.7813,14.5297,32,5.46875,0,2490.75,62.7585,16,84.2,40.3,2.44,18.4314,23.9216,177.884,14.2196,11.31,.587084,1,8,0,0,14,74.902,0,0,5.632,0,183.2
3725,46396.480,14.4673,13.6664,14.5297,32,5.46875,0,2471.5,62.7585,16,84.2,41.6,2.44,18.4314,24.3137,177.938,14.2196,11.31,.980339,1,8,0,0,14,74.902,0,0,5.888,0,183.2
3726,46396.520,14.4248,13.5516,14.5087,32,4.6875,0,2483,62.7585,15.5,84.2,41.61,2.44,18.8235,24.3137,180.998,14.2196,11.455,1.18912,1,8,0,0,14,74.902,0,0,5.888,0,183.2
3727,46396.560,14.3397,13.5516,14.5087,32,4.6875,0,2479.75,62.7585,16.5,84.2,41.6,2.44,19.2157,24.7059,184.041,14.2196,11.455,1.18912,1,8,0,0,14,74.902,0,0,5.888,0,183.2
3728,46396.600,13.3282,13.4367,14.5017,32,3.90625,0,2475,62.7585,15.5,84.2,42.03,2.44,19.2157,24.7059,184.045,14.2196,11.6,1.39342,1,8,0,0,13,74.902,0,0,5.888,0,183.2
3729,46396.640,13.4133,13.4367,14.5017,32,3.90625,0,2477.5,62.7585,16,84.2,42.03,2.46,19.2157,24.7059,184.037,14.2196,11.6,1.39342,1,8,0,0,13,74.902,0,0,5.888,0,183.2
3730,46396.680,13.4984,13.4367,14.4738,32,0,0,2481.5,62.7585,16,84.2,41.6,2.44,19.2157,24.7059,184.034,14.2196,11.745,1.39282,1,8,0,0,13,74.902,0,0,5.632,0,183.2
3731,46396.720,13.3708,13.4367,14.6928,32,0,0,2471.5,62.7585,15.5,84.2,41.6,2.44,19.2157,24.7059,184.041,14.2196,11.745,1.39283,1,8,0,0,13,74.902,0,0,5.632,0,183.2
3732,46396.760,13.5816,13.5516,14.6928,32,0,0,2491,62.7585,16,84.2,41.59,2.44,19.2157,24.7059,184.046,14.2196,11.745,1.39283,1,8,0,0,13,74.902,0,0,5.888,0,183.2
3733,46396.800,13.8349,13.7813,14.4738,32,0,0,2491.75,62.7585,16,84.2,41.81,2.44,19.2157,24.7059,184.039,14.2196,11.745,1.39352,1,8,0,0,13,74.902,0,0,5.888,0,183.2
3734,46396.840,13.8349,13.8961,14.2545,32,0,0,2465,62.7585,16,84.2,42.23,2.44,19.2157,24.7059,184.047,14.2196,11.89,1.39306,1,8,0,0,12,74.902,0,0,5.888,0,183.2
3735,46396.880,13.8349,13.7813,14.2545,32,0,0,2493.5,62.7585,15.5,84.2,41.8,2.44,19.2157,24.7059,184.045,14.2196,11.89,1.39306,1,8,0,0,12,74.902,0,0,5.888,0,183.2
3736,46396.920,13.6667,13.7813,14.0156,32,0,0,2485,62.7585,15.5,84.2,41.73,2.44,19.2157,24.7059,184.04,14.2196,11.89,1.393,1,8,0,0,12,74.902,0,0,5.888,0,183.2
3737,46396.960,13.8775,13.6664,14.0156,32,0,0,2481.25,62.7585,15.5,84.2,41.76,2.44,19.2157,24.7059,184.045,14.2196,11.89,1.393,1,8,0,0,12,74.902,0,0,5.888,0,183.2
3738,46397.000,13.2876,13.5516,13.8226,32,0,0,2491.75,62.7585,16,84.2,41.73,2.46,19.2157,24.7059,184.031,14.2196,11.89,1.39329,1,8,0,0,12,74.902,0,0,6.144,0,183.2
3739,46397.040,13.2876,13.4367,13.7343,32,0,0,2486.75,62.7585,16,84.2,41.55,2.44,19.2157,24.7059,184.034,14.2196,11.89,1.39218,1,8,0,0,12,74.902,0,0,6.144,0,183.2
3740,46397.080,13.2876,13.3219,13.7343,32,0,0,2477.25,62.7585,15.5,84.2,42.16,2.44,19.2157,24.7059,184.032,14.2196,11.89,1.39218,1,8,0,0,12,74.902,0,0,6.144,0,183.2
3741,46397.120,13.0768,13.207,13.6906,32,0,0,2488.5,62.7585,16,84.2,42.07,2.46,19.2157,24.7059,187.065,14.2196,11.89,1.3924,1,8,0,0,12,74.902,0,0,6.144,0,183.2
3742,46397.160,13.2451,13.207,13.6471,32,0,0,2489.75,62.7585,16,84.2,42.46,2.46,19.2157,24.7059,184.025,14.2196,11.89,1.39199,1,8,0,0,12,74.902,0,0,6.144,0,183.2
3743,46397.200,14.1714,13.207,13.6471,32,0,0,2480.25,62.7585,15.5,84.2,42.16,2.44,19.2157,24.7059,184.023,14.2196,11.89,1.39199,1,8,0,0,12,74.902,0,0,6.144,0,183.2
3744,46397.240,13.9606,13.207,13.6224,32,0,0,2491.75,62.7585,16,84.2,41.76,2.44,19.2157,24.7059,187.058,14.2196,11.89,1.39167,1,8,0,0,12,74.902,0,0,6.144,0,183.2
3745,46397.280,14.0032,13.0922,13.6348,32,0,0,2465.75,62.7585,15.5,84.2,42.71,2.46,19.2157,25.098,184.021,14.2196,11.89,1.39167,1,10,0,0,12,74.902,0,0,6.144,0,183.2
3746,46397.320,13.9181,13.0922,13.6348,32,0,0,2482,62.7585,15.5,84.2,42.84,2.46,19.2157,25.098,187.058,14.2196,11.89,1.39167,1,10,0,0,12,74.902,0,0,6.144,0,183.2
3747,46397.360,14.0032,13.0922,13.5672,32,0,0,2487.75,62.7585,16,84.2,42.58,2.46,19.2157,25.098,187.05,14.2196,12.035,1.59486,1,10,0,0,11,74.902,0,0,6.144,0,183.2
3748,46397.400,13.8349,13.0922,13.5672,32,0,0,2483.75,62.7585,15.5,84.2,42.71,2.46,19.2157,24.7059,187.046,14.2196,12.035,1.59486,1,10,0,0,12,74.902,0,0,6.144,0,183.2
3749,46397.440,13.8775,13.0922,13.5367,32,0,0,2477.75,62.7585,15.5,84.2,42.28,2.46,19.2157,24.7059,187.043,14.2196,12.035,1.59426,1,10,0,0,12,74.902,0,0,6.144,0,183.2
3750,46397.480,13.7498,12.9773,13.5489,32,0,0,2496.25,62.7585,16,84.2,42.41,2.46,19.2157,24.7059,187.04,14.2196,12.035,1.59422,1,10,0,0,12,74.902,0,0,6.144,0,183.2
3751,46397.520,12.9085,12.9773,13.5489,32,0,0,2472.5,62.7585,16,84.2,42.28,2.46,19.2157,24.7059,187.039,14.2196,12.035,1.59422,1,10,0,0,11,74.902,0,0,6.144,0,183.2
3752,46397.560,13.16,12.9773,13.555,32,0,0,2484,62.7585,15.5,84.2,42.41,2.46,19.6078,24.7059,190.078,14.2196,12.035,1.59419,1,10,0,0,11,74.902,0,0,6.144,0,183.2
3753,46397.600,13.16,12.8625,13.555,32,0,0,2485.25,62.7585,16,84.2,42.84,2.48,19.6078,25.098,190.071,14.2196,12.035,1.59419,1,10,0,0,11,74.902,0,0,6.144,0,183.2
3754,46397.640,12.866,12.8625,13.5489,32,0,0,2487,62.7585,15.5,84.2,42.28,2.46,19.6078,25.098,190.076,14.2196,12.035,1.79721,1,10,0,0,11,74.902,0,0,6.144,0,183.2
3755,46397.680,13.2876,12.8625,13.5428,32,0,0,2480.25,62.7585,15.5,84.2,43.09,2.48,19.6078,25.4902,190.067,14.2196,12.035,1.79721,1,10,0,0,11,74.902,0,0,6.144,0,183.2
3756,46397.720,13.0343,12.9773,13.5428,32,0,0,2501,62.7585,16,84.2,43.35,2.48,20,25.4902,193.104,14.2196,12.18,1.79721,1,10,0,0,11,74.902,0,0,6.4,0,183.2
3757,46397.760,12.9917,12.9773,13.4942,32,0,0,2482.25,62.7585,15.5,84.2,43.47,2.48,20,25.4902,193.093,14.2196,12.18,2.00049,1,10,0,0,11,74.902,0,0,6.4,0,183.2
3758,46397.800,13.2025,12.9773,13.464,32,0,0,2480.5,62.7585,15.5,84.2,43.35,2.48,20,25.4902,193.09,14.2196,12.18,1.79577,1,10,0,0,11,74.902,0,0,6.4,0,183.2
3759,46397.840,13.2025,13.0922,13.464,32,0,0,2493.75,62.7585,15.5,84.2,43.22,2.48,20,25.4902,193.088,14.2196,12.18,1.79577,1,10,0,0,11,74.902,0,0,6.4,0,183.2
3760,46397.880,13.0343,13.0922,13.464,32,0,0,2489.75,62.7585,15.5,84.2,43.35,2.46,20,25.4902,196.126,14.2196,12.18,1.99949,1,10,0,0,11,74.902,0,0,6.4,0,183.2
3761,46397.920,13.0343,12.9773,13.464,32,0,0,2480.75,62.7585,15.5,84.2,43.47,2.48,20.3922,25.4902,199.158,14.2196,12.325,1.99949,1,10,0,0,11,74.902,0,0,6.4,0,183.2
3762,46397.960,13.2451,12.9773,13.458,32,0,0,2498.75,62.7585,16,84.2,44.11,2.48,20.7843,25.8824,205.243,14.2196,12.325,2.40636,1,10,0,0,11,74.902,0,0,6.4,0,183.2
3763,46398.000,13.4559,12.9773,13.4041,32,0,0,2489.5,62.7585,15.5,84.2,43.73,2.5,20.7843,26.2745,205.24,14.2196,12.325,2.72375,1,10,0,0,11,74.902,0,0,6.4,0,183.2
3764,46398.040,13.6667,12.9773,13.4041,32,0,0,2475.25,62.7585,16,84.2,44.49,2.5,20.7843,26.2745,205.233,14.2196,12.47,2.72375,1,10,0,0,11,74.902,0,0,6.4,0,183.2
3765,46398.080,13.7498,12.9773,13.3803,32,0,0,2505.75,62.7585,15.5,84.2,44.61,2.5,20.7843,26.2745,202.196,14.2196,12.47,2.72338,1,10,0,0,11,74.902,0,0,6.4,0,183.2
3766,46398.120,13.539,12.9773,13.2858,32,0,0,2492,62.7585,15.5,84.2,44.61,2.5,20.3922,26.2745,199.146,14.2196,12.47,2.57188,1,10,0,0,11,74.902,0,0,6.4,0,183.2
3767,46398.160,13.6667,12.9773,13.2858,32,0,0,2482.5,62.7585,16,84.2,44.36,2.5,20.3922,25.8824,199.15,14.2196,12.615,2.57188,1,10,0,0,11,74.902,0,0,6.4,0,183.2
3768,46398.200,13.7073,12.9773,13.2741,32,0,0,2505.75,62.7585,15.5,84.2,44.61,2.5,20.7843,25.8824,202.191,14.2196,12.615,2.57208,1,10,0,0,10,74.902,0,0,6.656,0,183.2
3769,46398.240,13.5816,12.8625,13.2741,32,0,0,2481,62.7585,15.5,84.2,44.11,2.5,20.3922,25.8824,199.146,14.2196,12.47,2.57208,1,10,0,0,10,74.902,0,0,6.4,0,183.2
3770,46398.280,13.4133,12.8625,13.3211,32,0,0,2495,62.7585,15.5,84.2,43.73,2.48,20.7843,25.8824,202.191,14.2196,12.47,2.40553,1,10,0,0,10,74.902,0,0,6.4,0,183.2
3771,46398.320,13.6667,12.8625,13.3329,32,0,0,2502.25,62.7585,15.5,84.2,44.49,2.48,20.7843,25.8824,202.188,14.2196,12.47,2.57182,1,10,0,0,10,74.902,0,0,6.656,0,183.2
3772,46398.360,13.5816,12.8625,13.3329,32,0,0,2490.25,62.7585,15.5,84.2,44.11,2.48,20.7843,25.8824,202.187,14.2196,12.47,2.57182,1,10,0,0,10,74.902,0,0,6.4,0,183.2
3773,46398.400,13.4559,12.7477,13.3388,32,0,0,2503,62.7585,15.5,84.2,43.98,2.5,20.7843,25.8824,202.182,14.2196,12.47,2.57155,1,10,0,0,10,74.902,0,0,6.4,0,183.2
3774,46398.440,13.4559,12.7477,13.3684,32,0,0,2502.5,62.7585,16,84.2,44.36,2.48,20.7843,25.8824,202.18,14.2196,12.47,2.57132,1,10,0,0,10,74.902,0,0,6.4,0,183.2
3775,46398.480,13.3282,12.7477,13.3684,32,0,0,2487,62.7585,15.5,84.2,44.11,2.5,20.7843,25.8824,202.178,14.2196,12.615,2.57132,1,10,0,0,10,74.902,0,0,6.4,0,183.2
3776,46398.520,13.3282,12.8625,13.3388,32,0,0,2499.75,62.7585,15.5,84.2,43.98,2.5,20.7843,25.8824,202.175,14.2196,12.615,2.5711,1,10,0,0,10,74.902,0,0,6.656,0,183.2
3777,46398.560,13.539,12.8625,13.3388,32,0,0,2501,62.7585,15.5,84.2,44.49,2.5,20.7843,25.8824,202.172,14.2196,12.615,2.5711,1,10,0,0,10,74.902,0,0,6.4,0,183.2
3778,46398.600,13.4133,12.8625,13.3388,32,0,0,2484,62.7585,15.5,84.2,43.98,2.5,20.7843,25.8824,202.169,14.2196,12.615,2.57089,1,10,0,0,10,74.902,0,0,6.4,0,183.2
3779,46398.640,13.4133,12.8625,13.3684,32,0,0,2498.75,62.7585,16,84.2,44.11,2.5,20.7843,25.8824,202.172,14.2196,12.615,2.57088,1,10,0,0,10,74.902,0,0,6.4,0,183.2
3780,46398.680,13.539,12.8625,13.3684,32,0,0,2497.5,62.7585,16,84.2,44.11,2.5,20.3922,25.8824,199.122,14.2196,12.615,2.57088,1,10,0,0,10,74.902,0,0,6.4,0,183.2
3781,46398.720,12.8234,12.8625,13.3506,32,0,0,2492.75,62.7585,15.5,84.2,44.36,2.5,19.6078,25.8824,189.985,14.2196,12.615,2.4039,1,10,0,0,10,74.902,0,0,6.4,0,183.2
3782,46398.760,12.9492,12.8625,13.3388,32,0,0,2498.5,62.7585,16,84.2,44.36,2.48,18.4314,25.098,177.794,14.2196,12.615,1.17841,1,10,0,0,10,74.902,0,0,6.4,0,183.2
3783,46398.800,12.9917,12.8625,13.3388,32,0,0,2504,62.7585,15.5,84.2,42.07,2.44,16.8627,23.9216,156.493,14.2196,12.615,1.17841,1,10,0,0,10,74.902,0,0,6.4,0,183.2
3784,46398.840,13.0768,12.7477,13.464,32,0,0,2486.5,62.7585,15.5,84.2,37.9,2.38,14.5098,21.9608,132.379,14.2196,12.47,-1.42801,1,10,0,0,10,74.902,0,0,6.144,0,183.2
3785,46398.880,12.5275,12.6328,13.464,32,0,0,2492.75,62.7585,16,84.2,35.39,2.32,12.549,20,110.869,14.2196,12.18,-1.42801,1,10,0,0,11,74.902,0,0,5.632,0,183.2
3786,46398.920,12.3187,12.4031,14.7432,32,-2.34375,0,2506.75,62.7585,16,84.2,32.5,2.26,11.3725,18.8235,99.8731,14.2196,11.165,-4.61191,1,10,0,0,11,74.902,0,0,4.864,0,183.2
3787,46398.960,12.3593,12.2883,16.0821,32,-4.6875,0,2468.25,62.7585,17,84.2,29.53,2.22,11.3725,18.0392,100.603,14.2196,10.585,-5.52257,1,10,0,0,11,74.902,0,0,4.608,0,183.2
3788,46399.000,12.6126,12.518,16.0821,32,-5.46875,0,2506.75,62.7585,18.5,84.2,28.84,2.22,11.7647,18.0392,102.498,14.2196,10.15,-5.52257,1,10,0,0,11,74.902,0,0,4.352,0,183.2
3789,46399.040,13.0343,12.7477,15.7538,32,-5.46875,0,2488,62.7585,19,84.2,29.27,2.22,12.1569,18.4314,108.125,14.2196,9.715,-5.08897,1,10,0,0,12,74.902,0,0,4.352,0,183.2
3790,46399.080,13.3708,13.0922,15.1133,31,-4.6875,0,2481.75,62.7585,19.5,84.2,29.27,2.22,12.549,18.4314,110.956,14.2196,9.57,-4.84658,1,10,0,0,13,74.902,0,0,4.352,0,183.2
3791,46399.120,13.6241,13.4367,15.1133,31,-3.90625,0,2515.25,62.7585,20,84.2,30.34,2.26,12.9412,19.2157,115.659,14.2196,9.425,-4.84658,1,10,0,0,15,74.902,0,0,4.352,0,183.2
3792,46399.160,14.1714,13.6664,14.845,31,-3.125,0,2481.75,62.7585,20,84.2,31.5,2.26,12.9412,19.2157,116.582,14.2196,9.425,-4.16837,1,10,0,0,16,74.902,0,0,4.352,0,183.2
3793,46399.200,13.539,13.8961,14.6286,31,-2.34375,0,2496.75,62.7585,20,84.2,31.99,2.28,13.3333,19.6078,121.324,14.2196,9.425,-4.16837,1,10,0,0,17,74.902,0,0,4.352,0,183.2
3794,46399.240,14.0457,14.0109,14.6286,31,-1.5625,0,2495.75,62.7585,19.5,84.2,33.4,2.3,13.7255,20.3922,124.005,14.2196,9.57,-3.71665,1,10,0,0,18,74.902,0,0,4.608,0,183.2
3795,46399.280,14.1289,14.1258,14.4599,31,-.78125,0,2496.5,62.7585,19.5,84.2,34.2,2.32,13.7255,20.3922,124.347,14.2196,9.57,-3.46877,1,10,0,0,18,74.902,0,0,4.608,0,183.2
3796,46399.320,14.0883,14.1258,14.4599,31,0,0,2499.25,62.7585,19,84.2,34.21,2.3,14.1176,20.3922,129.276,14.2196,9.715,-3.46877,1,10,0,0,18,74.902,0,0,4.608,0,183.2
3797,46399.360,14.1714,14.2406,14.2748,31,.78125,0,2481.25,62.7585,19,84.2,34.47,2.32,14.1176,20.3922,129.59,14.2196,9.715,-3.03569,1,10,0,0,19,74.902,0,0,4.864,0,183.2
3798,46399.400,14.2565,14.1258,14.2748,31,1.5625,0,2509.75,62.7585,19,84.2,34.38,2.32,14.1176,20.3922,129.363,14.2196,9.715,-3.02819,1,10,0,0,19,74.902,0,0,4.864,0,183.2
3799,46399.440,14.1289,14.1258,14.2748,31,1.5625,0,2463.75,62.7585,18.5,84.2,33.94,2.3,14.1176,20.3922,129.889,14.2196,9.86,-3.02819,1,10,0,0,18,74.902,0,0,4.864,0,183.2
3800,46399.480,13.8775,13.8961,14.2748,31,1.5625,0,2496.75,62.7585,18.5,84.2,34.03,2.3,14.5098,20.3922,131.978,14.2196,9.86,-3.00453,1,10,0,0,18,74.902,0,0,4.864,0,183.2
3801,46399.520,13.7924,13.7813,14.2748,31,1.5625,0,2491.25,62.7585,19,84.2,33.67,2.3,14.1176,20.3922,129.397,14.2196,9.86,-3.00453,1,10,0,0,18,74.902,0,0,4.864,0,183.2
3802,46399.560,13.7498,13.6664,14.2411,31,.78125,0,2472.5,62.7585,18.5,84.2,34.12,2.32,14.1176,20.3922,129.727,14.2196,9.86,-3.02533,1,10,0,0,18,74.902,0,0,4.864,0,183.2
3803,46399.600,13.539,13.6664,14.2748,31,.78125,0,2498.75,62.7585,18.5,84.2,34.03,2.3,14.1176,20.3922,129.261,14.2196,9.86,-3.00989,1,10,0,0,18,74.902,0,0,4.864,0,183.2
3804,46399.640,13.7498,13.5516,14.2748,31,.78125,0,2477.75,62.7585,18.5,84.2,33.76,2.3,14.1176,20.3922,129.628,14.2196,9.86,-3.00989,1,10,0,0,17,74.902,0,0,4.864,0,181.4
3805,46399.680,13.5816,13.5516,14.2411,31,.78125,0,2467.25,62.7585,18.5,84.2,34.29,2.32,14.1176,20.3922,129.813,14.2196,9.86,-3.01544,1,8,0,0,17,74.902,0,0,4.864,0,181.4
3806,46399.720,13.7073,13.5516,14.2343,31,.78125,0,2501,62.7585,18.5,84.2,34.21,2.32,13.3333,20.3922,121.195,14.2196,9.86,-3.47479,1,8,0,0,17,74.902,0,0,4.864,0,181.4
3807,46399.760,13.7073,13.5516,14.2343,31,.78125,0,2468,62.7585,18.5,84.2,33.92,2.3,10.9804,19.2157,95.1129,14.2196,9.86,-3.47479,1,8,0,0,18,74.902,0,0,4.864,0,181.4
3808,46399.800,13.6667,13.5516,14.2884,31,.78125,0,2479,62.7585,19,84.2,30.29,2.2,4.31373,16.4706,44.3172,14.2196,9.86,-6.69203,1,8,0,0,18,74.902,0,0,4.864,0,181.4
3809,46399.840,13.5816,13.4367,16.9133,31,0,0,2488.75,62.7585,20,84.2,22.26,2.02,0,14.1176,41.8427,14.2196,9.135,-6.69203,1,8,0,0,18,74.902,0,0,4.096,0,181.4
3810,46399.880,13.3282,13.207,16.9133,31,-.78125,0,2454.5,62.7585,21.5,84.2,18.93,1.92,0,13.3333,39.4068,14.2196,8.12,-7.8706,1,8,0,0,17,0,0,0,3.584,0,181.4
3811,46399.920,12.866,12.8625,15.8451,31,-3.125,0,2478,62.7585,22,84.2,17.51,1.9,0,12.9412,36.9495,14.2196,7.54,-8.0269,1,8,0,0,9,0,0,0,3.328,0,181.4
3812,46399.960,12.4444,12.518,15.8451,31,-5.46875,0,2473.75,62.7585,23,84.2,16.59,1.88,0,12.9412,34.49,14.2196,7.25,-8.0269,1,8,0,0,1,0,0,0,3.072,0,181.4
3813,46400.000,12.6126,12.6328,16.2207,31,-5.46875,-.78125,2461.5,62.7585,23.5,84.2,16.82,1.88,0,12.9412,32.0572,14.2196,6.96,-8.18451,1,8,0,0,0,0,0,0,3.072,0,181.4
3814,46400.040,13.539,12.7477,15.3365,31,-5.46875,-.78125,2482.5,62.7585,23.5,84.2,16.59,1.88,0,12.549,29.6092,14.2196,6.67,-8.34055,1,8,0,0,0,0,0,0,3.072,0,181.4
3815,46400.080,13.5816,12.8625,15.3365,31,-5.46875,-.78125,2475.5,62.7585,23.5,84.2,15.4,1.84,0,12.1569,27.1596,14.2196,6.38,-8.34055,1,8,0,0,0,0,0,0,2.816,0,181.4
3816,46400.120,13.6667,12.8625,15.1742,31,-6.25,-.78125,2453.75,62.7585,23,84.2,14.28,1.8,0,11.7647,24.7327,14.2196,6.235,-8.49728,1,8,0,0,0,0,0,0,2.816,0,181.4
3817,46400.160,14.6356,12.8625,15.1742,31,-7.03125,-.78125,2461.25,62.1371,23,84.2,13.92,1.78,0,11.3725,22.3179,14.2196,6.09,-8.49728,1,8,0,0,0,0,0,0,2.56,0,181.4
3818,46400.200,13.7498,12.9773,15.0754,31,-7.03125,-.78125,2466.25,62.1371,22.5,84.2,12.59,1.74,0,10.9804,19.9072,14.2196,5.8,-8.65214,1,8,0,0,0,0,0,0,0,0,181.4
3819,46400.240,13.9181,13.0922,14.4253,31,-7.03125,-.78125,2449.25,62.1371,22,84.2,11.73,1.74,0,10.5882,17.4945,14.2196,5.655,-8.80659,1,8,0,0,0,0,0,0,0,0,181.4
3820,46400.280,13.9181,13.207,14.4253,31,-7.03125,-.78125,2436,62.1371,21.5,84.2,11.33,1.68,0,10.1961,15.1323,14.2196,5.51,-8.80659,1,8,0,0,0,0,0,0,0,0,181.4
3821,46400.320,13.9181,13.4367,14.4184,31,-7.03125,-.78125,2438.25,62.1371,20.5,84.2,11.18,1.68,0,9.80392,12.7592,14.2196,5.365,-8.95868,1,8,0,0,0,0,0,0,0,0,181.4
3822,46400.360,14.2972,13.7813,14.4253,31,-5.46875,-.78125,2466.75,62.1371,20,84.2,10.9,1.66,0,9.80392,10.3113,14.2196,5.075,-9.11325,1,8,0,0,0,0,0,0,0,0,181.4
3823,46400.400,15.2255,14.2406,14.4253,31,-3.90625,-.78125,2445.25,62.1371,20,84.2,10.05,1.64,0,9.41177,7.88523,14.2196,4.93,-9.11325,1,8,0,0,0,0,0,0,0,0,181.4
3824,46400.440,15.562,14.7,14.4322,31,-2.34375,-.78125,2437,62.1371,20,84.2,9.88,1.62,0,9.41177,5.51304,14.2196,4.785,-9.26775,1,8,0,0,0,0,0,0,0,0,181.4
3825,46400.480,15.8153,15.3891,14.4322,31,0,-.78125,2467.5,62.1371,20,84.2,9.74,1.62,0,9.01961,3.10205,14.2196,4.785,-9.26775,1,8,0,0,0,0,0,0,0,0,181.4
3826,46400.520,16.237,15.9633,14.4184,31,3.125,-.78125,2442.5,62.1371,20,84.2,9.48,1.6,0,9.01961,.70606,14.2196,4.64,-9.4213,1,8,0,0,0,0,0,0,0,0,181.4
3827,46400.560,16.7843,16.4227,14.4391,31,4.6875,-.78125,2425,61.5158,20,84.2,9.27,1.6,0,9.01961,0,14.2196,4.495,-9.54547,1,8,0,0,0,0,0,0,0,0,181.4
3828,46400.600,17.3316,16.6523,14.4391,31,5.46875,-.78125,2444.5,61.5158,20,84.2,9.44,1.6,0,9.01961,0,14.2196,4.495,-9.54547,1,8,0,0,0,0,0,0,0,0,181.4
3829,46400.640,18.258,16.7672,14.4599,31,6.25,-.78125,2431.75,61.5158,20,84.2,9.42,1.6,0,9.01961,0,14.2196,4.35,-9.54548,1,8,0,0,0,0,0,0,0,0,181.4
3830,46400.680,18.4688,16.882,14.3839,31,7.03125,-.78125,2425.75,61.5158,20,84.2,8.8,1.58,0,9.01961,0,14.2196,4.35,-9.54548,1,8,0,0,0,0,0,0,0,0,181.4
3831,46400.720,18.5539,16.9969,14.3839,31,7.8125,-.78125,2436,61.5158,20,84.2,8.43,1.56,0,8.62745,0,14.2196,4.205,-9.54548,1,8,0,0,0,0,0,0,0,0,181.4
3832,46400.760,18.6371,16.9969,12.5075,31,0,-.78125,2415,61.5158,20,84.2,8.37,1.56,0,8.62745,0,14.2196,4.205,-9.54548,1,8,0,0,0,0,0,0,0,0,181.4
3833,46400.800,18.7647,16.7672,12.5075,31,0,-.78125,2425,61.5158,20,84.2,8.62,1.56,0,8.62745,0,14.2196,4.205,-9.54548,1,8,0,0,0,0,0,0,0,0,181.4
3834,46400.840,18.6371,16.882,12.4868,31,0,-.78125,2427,61.5158,20,84.2,9.11,1.6,0,8.62745,0,14.2196,4.06,-9.54548,1,8,0,0,0,0,0,0,0,0,181.4
3835,46400.880,18.7221,16.882,12.4713,31,0,-.78125,2405.75,61.5158,20,84.2,8.93,1.56,0,8.62745,0,14.2196,4.06,-9.54548,1,8,0,0,0,0,0,0,0,0,181.4
3836,46400.920,18.6371,16.6523,12.4713,31,0,-.78125,2424.25,61.5158,20,84.2,9.05,1.58,0,8.62745,0,14.2196,4.06,-9.54548,1,8,0,0,0,0,0,0,0,0,181.4
3837,46400.960,18.258,16.882,12.5023,31,0,-.78125,2414.5,60.8944,20,84.2,8.74,1.56,0,8.62745,0,14.2196,4.06,-9.54549,1,8,0,0,0,0,0,0,0,0,181.4
3838,46401.000,18.4688,17.5711,12.6707,30,0,-.78125,2405.5,60.8944,20,84.2,8.68,1.58,0,8.62745,0,14.2196,4.06,-9.54549,1,8,0,0,0,0,0,0,0,0,181.4
3839,46401.040,18.5113,18.375,12.6707,30,0,-.78125,2417.25,60.8944,20,84.2,8.74,1.56,0,8.62745,0,14.2196,4.06,-9.54549,1,8,0,0,0,0,0,0,0,0,181.4
3840,46401.080,19.1863,19.2937,12.6707,30,0,-.78125,2388,60.8944,20,84.2,8.18,1.56,0,8.62745,0,14.2196,4.06,-9.54549,1,8,0,0,0,0,0,0,0,0,181.4
3841,46401.120,20.4067,20.2125,12.6707,30,0,-.78125,2405.25,60.8944,20,84.2,8.16,1.54,0,8.62745,0,14.2196,4.06,-9.54549,1,8,0,0,0,0,0,0,0,0,181.4
3842,46401.160,20.5343,20.3273,12.6707,30,0,-.78125,2393,60.8944,20,84.2,8.02,1.52,0,8.62745,0,14.2196,3.915,-9.54549,1,8,0,0,0,0,0,0,0,0,181.4
3843,46401.200,20.5343,20.3273,12.6707,30,0,-.78125,2394.5,60.273,20,84.2,7.98,1.54,0,8.62745,0,14.2196,3.915,-9.5455,1,8,0,0,0,0,0,0,0,0,181.4
3844,46401.240,20.4918,20.3273,12.6707,30,0,-.78125,2399.25,60.273,20,84.2,8.04,1.54,0,8.62745,0,14.2196,3.915,-9.5455,1,8,0,0,0,0,0,0,0,0,181.4
3845,46401.280,20.6175,20.3273,12.6707,30,0,-.78125,2381.75,60.273,20,84.2,8.16,1.54,0,8.62745,0,14.2196,3.915,-9.5455,1,8,0,0,0,0,0,0,0,0,181.4
3846,46401.320,20.66,20.3273,12.6707,30,0,-.78125,2384.5,60.273,20,84.2,8.05,1.56,0,8.62745,0,14.2196,3.915,-9.5455,1,8,0,0,0,0,0,0,0,0,181.4
3847,46401.360,20.4067,20.3273,12.6707,30,0,-.78125,2379.25,60.273,20,84.2,8.1,1.54,0,8.62745,0,14.2196,3.915,-9.5455,1,8,0,0,0,0,0,0,0,0,181.4
3848,46401.400,20.6175,20.3273,12.6707,30,0,-.78125,2381.75,60.273,20,84.2,8.02,1.54,0,8.62745,0,14.2196,3.915,-9.5455,1,8,0,0,0,0,0,0,0,0,181.4
3849,46401.440,20.66,20.3273,12.6707,30,0,-.78125,2379,60.273,20,84.2,8.12,1.54,0,8.62745,0,14.2196,3.915,-9.5455,1,8,0,0,0,0,0,0,0,0,181.4
3850,46401.480,20.4918,20.3273,12.6707,30,0,-.78125,2368.75,60.273,20,84.2,8.37,1.56,0,8.62745,0,14.2196,3.915,-9.54551,1,8,0,0,0,0,0,0,0,0,181.4
3851,46401.520,20.5749,20.3273,12.6707,30,0,-.78125,2363.75,59.6516,20,84.2,8.74,1.58,0,8.62745,0,14.2196,3.915,-9.54551,1,8,0,0,0,0,0,0,0,0,181.4
3852,46401.560,20.5749,20.3273,12.6707,30,0,-.78125,2360.5,59.6516,20,84.2,8.62,1.56,0,8.62745,0,14.2196,3.915,-9.54551,1,8,0,0,0,0,0,0,0,0,181.4
3853,46401.600,19.9019,20.3273,12.6707,30,0,-.78125,2364.25,59.6516,20,84.2,8.62,1.56,0,8.62745,0,14.2196,3.915,-9.54551,1,8,0,0,0,0,0,0,0,0,181.4
3854,46401.640,19.8168,20.3273,12.6707,30,0,-.78125,2349.75,59.6516,20,84.2,8.43,1.56,0,8.62745,0,14.2196,3.915,-9.54551,1,8,0,0,0,0,0,0,0,0,181.4
3855,46401.680,19.9851,20.3273,12.6707,30,0,-.78125,2363.5,59.6516,20,84.2,8.43,1.56,0,8.62745,0,14.2196,3.915,-9.54551,1,8,0,0,0,0,0,0,0,0,181.4
3856,46401.720,19.8593,20.3273,12.6707,30,0,-.78125,2352.25,59.6516,20,84.2,8.43,1.56,0,8.62745,0,14.2196,3.915,-9.54552,1,8,0,0,0,0,0,0,0,0,181.4
3857,46401.760,19.9444,20.3273,12.6707,29,0,-.78125,2345,59.6516,20,84.2,8.26,1.54,0,8.62745,0,14.2196,3.915,-9.54552,1,8,0,0,0,0,0,0,0,0,181.4
3858,46401.800,19.9444,20.3273,12.6707,29,0,-.78125,2348.25,59.6516,20,84.2,8.31,1.56,0,8.62745,0,14.2196,3.915,-9.54552,1,8,0,0,0,0,0,0,0,0,181.4
3859,46401.840,19.8168,20.3273,12.6707,29,0,-.78125,2337.25,59.6516,20,84.2,8.18,1.56,0,8.62745,0,14.2196,3.915,-9.54552,1,8,0,0,0,0,0,0,0,0,181.4
3860,46401.880,19.9444,20.3273,12.6707,29,0,-.78125,2344,59.6516,20,84.2,8.43,1.54,0,8.62745,0,14.2196,3.915,-9.54552,1,8,0,0,0,0,0,0,0,0,181.4
3861,46401.920,19.9444,20.3273,12.6707,29,0,-.78125,2331.75,59.0303,20,84.2,8.49,1.56,0,8.62745,0,14.2196,3.915,-9.54552,1,8,0,0,0,0,0,0,0,0,181.4
3862,46401.960,19.8593,20.3273,12.6707,29,0,-.78125,2337.25,59.0303,20,84.2,8.68,1.56,0,8.62745,0,14.2196,3.915,-9.54552,1,8,0,0,0,0,0,0,0,0,181.4
3863,46402.000,19.9444,20.3273,12.6707,29,0,-.78125,2326.75,59.0303,20,84.2,8.25,1.54,0,8.62745,0,14.2196,3.915,-9.54552,1,8,0,0,0,0,0,0,0,0,181.4
3864,46402.040,19.9019,20.3273,12.6707,29,0,-.78125,2322,59.0303,20,84.2,8.37,1.56,0,8.62745,0,14.2196,3.915,-9.54553,1,8,0,0,0,0,0,0,0,0,181.4
3865,46402.080,19.9444,20.3273,12.6707,29,0,-.78125,2329.75,59.0303,20,84.2,8.37,1.56,0,8.62745,0,14.2196,3.915,-9.54553,1,10,0,0,0,0,0,0,0,0,181.4
3866,46402.120,19.9851,20.3273,12.6707,29,0,-.78125,2314.25,59.0303,20,84.2,8.43,1.56,0,8.62745,0,14.2196,3.915,-9.54553,1,10,0,0,0,0,0,0,0,0,181.4
3867,46402.160,19.9444,20.3273,12.6707,29,0,-.78125,2319.75,58.4089,20,84.2,8.37,1.56,0,8.62745,0,14.2196,3.915,-9.54553,1,10,0,0,0,0,0,0,0,0,181.4
3868,46402.200,19.8593,20.3273,12.6707,29,0,-.78125,2310.5,58.4089,20,84.2,8.05,1.54,0,8.62745,0,14.2196,3.915,-9.54553,1,10,0,0,0,0,0,0,0,0,181.4
3869,46402.240,19.9019,20.3273,12.6707,29,0,-.78125,2312.75,58.4089,20,84.2,8.08,1.56,0,8.62745,0,14.2196,3.915,-9.54553,1,10,0,0,0,0,0,0,0,0,181.4
3870,46402.280,19.9444,20.3273,12.6707,29,0,-.78125,2299.75,58.4089,20,84.2,8.37,1.54,0,8.62745,0,14.2196,3.915,-9.54554,1,10,0,0,0,0,0,0,0,0,181.4
3871,46402.320,19.7762,20.3273,12.6707,29,0,-.78125,2306.75,58.4089,20,84.2,8.1,1.54,0,8.62745,0,14.2196,3.915,-9.54554,1,10,0,0,0,0,0,0,0,0,181.4
3872,46402.360,19.8168,20.3273,12.6707,29,0,-.78125,2292.75,58.4089,20,84.2,8.05,1.54,0,8.62745,0,14.2196,3.915,-9.54554,1,10,0,0,0,0,0,0,0,0,181.4
3873,46402.400,19.8168,20.3273,12.6707,29,0,-.78125,2297.5,57.7875,20,84.2,8.16,1.56,0,8.62745,0,14.2196,3.915,-9.54554,1,10,0,0,0,0,0,0,0,0,181.4
3874,46402.440,19.9444,20.3273,12.6707,29,0,-.78125,2224,57.7875,20,84.2,8.18,1.54,0,8.62745,0,14.2196,3.915,-9.54554,1,10,0,0,0,0,0,0,0,0,181.4
3875,46402.480,19.9019,20.3273,12.6707,29,0,-.78125,2117,57.7875,20,84.2,8.31,1.56,0,8.62745,0,14.2196,3.915,-9.54554,1,10,0,0,0,0,0,0,0,0,181.4
3876,46402.520,19.7762,20.3273,12.6707,29,0,-.78125,1983.25,57.7875,20,84.2,8.31,1.56,0,8.23529,0,14.2196,3.915,-9.54554,1,10,0,0,0,0,0,0,2.048,0,181.4
3877,46402.560,19.9019,20.3273,12.6707,29,0,-.78125,1897,57.7875,20,84.2,8.16,1.54,0,8.23529,0,14.2196,3.915,-9.50431,1,10,0,0,0,0,0,0,2.048,0,181.4
3878,46402.600,19.8168,20.3273,12.676,29,0,-.78125,1898.5,57.7875,20,84.2,7.88,1.52,0,8.23529,0,14.2196,3.915,-9.2704,1,10,0,0,0,0,0,0,2.048,0,181.4
3879,46402.640,19.9444,20.3273,12.676,29,0,-.78125,1860.75,57.7875,20,84.2,7.92,1.52,0,8.23529,0,14.2196,4.06,-9.2704,1,10,0,0,0,0,0,0,2.048,0,181.4
3880,46402.680,19.8593,20.3273,12.676,29,0,-.78125,1799.25,57.7875,20,84.2,7.94,1.52,0,8.23529,0,14.2196,4.06,-9.14341,1,10,0,0,0,0,0,0,2.048,0,181.4
3881,46402.720,19.9444,20.3273,12.676,29,0,-.78125,1762.25,57.7875,19.5,84.2,8.05,1.54,0,7.84314,0,14.2196,4.06,-9.14341,1,10,0,0,0,0,0,0,2.048,0,181.4
3882,46402.760,19.9851,20.3273,12.6494,29,0,-.78125,1716.75,57.7875,18.5,84.2,8,1.52,0,7.84314,0,14.2196,4.06,-8.95925,1,10,0,0,0,0,0,0,2.304,0,181.4
3883,46402.800,19.9019,20.3273,12.6388,29,0,-.78125,1658.75,57.7875,17.5,84.2,7.8,1.5,0,7.45098,0,14.2196,4.205,-8.73845,1,10,0,0,0,0,0,0,2.304,0,181.4
3884,46402.840,19.8593,20.3273,12.6388,29,0,-.78125,1610.5,57.7875,16.5,84.2,7.75,1.5,0,7.45098,0,14.2196,4.205,-8.73845,1,10,0,0,0,0,0,0,2.304,0,181.4
3885,46402.880,19.9444,20.3273,12.6176,29,0,-.78125,1564.25,57.1662,16,84.2,7.09,1.46,0,7.05882,0,14.2196,4.35,-8.58503,1,10,0,0,0,0,0,0,2.304,0,181.4
3886,46402.920,20.6175,20.3273,12.6018,29,0,-.78125,1524.25,57.1662,15.5,84.2,6.78,1.46,0,7.05882,0,14.2196,4.35,-8.5592,1,10,0,0,0,0,0,0,2.304,0,181.4
3887,46402.960,20.5343,20.3273,12.6018,29,0,-.78125,1472,57.1662,15,84.2,7,1.46,0,7.05882,0,14.2196,4.35,-8.5592,1,10,0,0,0,0,0,0,2.304,0,181.4
3888,46403.000,18.5113,20.3273,12.5912,29,0,-.78125,1426.25,57.1662,14.5,84.2,6.5,1.44,0,6.66667,0,14.2196,4.35,-8.55921,1,10,0,0,0,0,0,0,2.304,0,181.4
3889,46403.040,17.2891,20.3273,12.5912,29,0,-.78125,1374.75,57.1662,14,84.2,6.81,1.46,0,6.27451,0,14.2196,4.35,-8.55921,1,10,0,0,0,0,0,0,2.304,0,181.4
3890,46403.080,16.91,20.3273,12.586,29,0,-.78125,1350.25,57.1662,13.5,84.2,6.42,1.44,0,6.27451,0,14.2196,4.35,-8.55921,1,10,0,0,0,0,0,0,2.304,0,181.4
3891,46403.120,16.6992,19.2937,12.586,29,0,-.78125,1286.75,57.1662,13,84.2,5.96,1.4,0,6.27451,0,14.2196,4.35,-8.55921,1,10,0,0,0,0,0,0,2.304,0,181.4
3892,46403.160,16.3627,18.0305,12.586,30,0,-.78125,1222,57.1662,12,84.2,5.74,1.4,0,6.27451,0,14.2196,4.35,-8.55921,1,10,0,0,0,0,0,0,2.304,0,181.4
3893,46403.200,15.8985,17.1117,12.586,30,0,-.78125,1198,56.5448,12,84.2,5.71,1.4,0,6.27451,0,14.2196,4.495,-8.55922,1,10,0,0,0,0,0,0,2.304,0,181.4
3894,46403.240,15.5194,16.0781,12.5545,30,0,-.78125,1142.75,56.5448,12,84.2,5.78,1.4,0,6.66667,0,14.2196,4.495,-8.59491,1,10,0,0,0,0,0,0,2.304,0,181.4
3895,46403.280,14.8039,15.1594,12.5545,30,0,-.78125,1112,56.5448,12,84.2,5.81,1.42,0,7.45098,0,14.2196,4.64,-8.59491,1,10,0,0,0,0,0,0,2.304,0,181.4
3896,46403.320,14.6356,14.4703,14.3019,30,-.78125,-.78125,1043.75,56.5448,12,84.2,6.76,1.46,0,7.45098,0,14.2196,4.785,-8.66393,1,10,0,0,0,0,0,0,2.048,0,181.4
3897,46403.360,14.3823,14.0109,14.3019,30,-.78125,-.78125,1021.25,56.5448,12,84.2,7.31,1.48,0,7.45098,0,14.2196,4.93,-8.66393,1,10,0,0,0,0,0,0,2.304,0,181.4
3898,46403.400,14.3397,13.5516,13.6781,30,-1.5625,-.78125,990.5,56.5448,12,84.2,7.44,1.5,0,7.45098,0,14.2196,5.075,-8.72331,1,10,0,0,0,0,0,0,2.304,0,181.4
3899,46403.440,14.3397,13.0922,13.1638,30,-2.34375,-.78125,935.75,56.5448,12,84.2,7.42,1.46,0,7.45098,0,14.2196,5.365,-8.76873,1,10,0,0,0,0,0,0,2.56,0,181.4
3900,46403.480,14.3397,13.0922,13.1638,30,-2.34375,-.78125,905.25,56.5448,12,84.2,6.91,1.46,0,7.05882,0,14.2196,5.655,-8.76873,1,10,0,0,0,0,0,0,2.56,0,181.4
3901,46403.520,14.1714,12.9773,13.1926,30,-3.125,-.78125,856.5,55.9234,12,84.2,6.91,1.46,0,7.05882,0,14.2196,5.8,-8.82991,1,10,0,0,0,0,0,0,2.56,0,181.4
3902,46403.560,14.214,13.0922,13.2332,30,-3.125,-.78125,832.25,55.9234,12,84.2,6.5,1.44,0,7.05882,0,14.2196,5.945,-8.89697,1,10,0,0,0,0,0,0,2.56,0,181.4
3903,46403.600,13.9606,13.207,13.2332,30,-3.125,-.78125,793,55.302,12,84.2,6,1.42,0,7.05882,0,14.2196,6.09,-8.89697,1,10,0,0,0,0,0,0,2.816,0,181.4
3904,46403.640,13.9181,13.207,13.1696,30,-3.125,-.78125,771.5,55.302,12,84.2,5.86,1.46,0,7.05882,0,14.2196,6.235,-8.92645,1,10,0,0,0,0,0,0,2.816,0,181.4
3905,46403.680,13.8775,13.207,13.1696,30,-3.125,-.78125,753.75,55.302,12,84.2,6.29,1.44,0,7.05882,0,14.2196,6.38,-8.92645,1,10,0,0,0,0,0,0,2.816,0,181.4
3906,46403.720,13.7924,13.4367,13.1122,30,-2.34375,-.78125,728.75,55.302,12,84.2,6.22,1.44,0,7.05882,0,14.2196,6.525,-8.92646,1,10,0,0,0,0,0,0,2.816,0,181.4
3907,46403.760,13.5816,13.5516,12.9934,30,-2.34375,-.78125,697.25,54.6807,12,84.2,6.18,1.42,0,7.05882,0,14.2196,6.67,-8.9264,1,10,0,0,0,0,0,0,2.816,0,181.4
3908,46403.800,13.6667,13.5516,12.9934,30,-2.34375,-.78125,688.75,54.6807,12,84.2,5.86,1.38,0,6.66667,0,14.2196,6.815,-8.9264,1,10,0,0,0,0,0,0,3.072,0,181.4
3909,46403.840,13.8775,13.6664,12.9654,30,-1.5625,-.78125,684.5,54.0593,11.5,84.2,5.52,1.4,0,6.66667,0,14.2196,7.105,-8.92641,1,10,0,0,0,0,0,0,3.072,0,181.4
3910,46403.880,13.9606,13.7813,12.9375,30,-1.5625,-.78125,690.75,54.0593,11.5,84.2,5.8,1.4,0,6.66667,0,14.2196,7.25,-8.92641,1,10,0,0,0,0,0,0,3.072,0,181.4
3911,46403.920,13.9606,13.8961,12.9375,30,-1.5625,-.78125,687.25,54.0593,11.5,84.2,5.79,1.4,0,6.66667,0,14.2196,7.395,-8.92641,1,10,0,0,0,0,0,0,3.072,0,181.4
3912,46403.960,14.1714,14.0109,12.9486,30,-1.5625,-.78125,687.25,54.0593,11.5,84.2,5.79,1.42,0,6.66667,0,14.2196,7.395,-8.92642,1,10,0,0,0,0,0,0,3.072,0,181.4
3913,46404.000,13.6241,14.0109,12.9486,30,-.78125,-.78125,699.75,53.4379,11.5,84.2,5.86,1.42,0,6.66667,0,14.2196,7.54,-8.92642,1,10,0,0,0,0,0,0,3.072,0,181.4
3914,46404.040,13.7073,14.1258,13.1122,30,-.78125,-.78125,707,53.4379,11.5,84.2,6.03,1.42,0,6.66667,0,14.2196,7.54,-8.92642,1,10,0,0,0,0,0,0,3.072,0,181.4
3915,46404.080,13.9606,14.2406,13.2042,30,-.78125,-.78125,717,52.8166,11.5,84.2,5.96,1.42,0,6.66667,0,14.2196,7.685,-8.92642,1,10,0,0,0,0,0,0,3.072,0,181.4
3916,46404.120,13.9606,14.2406,13.2042,30,0,-.78125,718.75,52.8166,11,84.2,5.96,1.44,0,6.66667,0,14.2196,7.685,-8.92642,1,10,0,0,0,0,0,0,3.072,0,181.4
3917,46404.160,14.1289,14.2406,13.2391,30,0,-.78125,729.5,52.8166,11,84.2,6.15,1.42,0,6.66667,0,14.2196,7.83,-8.92643,1,10,0,0,0,0,0,0,3.072,0,181.4
3918,46404.200,14.2972,14.3555,13.3447,30,0,-.78125,735.5,52.8166,11,84.2,5.89,1.42,0,6.66667,0,14.2196,7.83,-8.92637,1,10,0,0,0,0,0,0,3.072,0,181.4
3919,46404.240,14.2972,14.3555,13.3447,30,0,-.78125,746.5,52.1952,11,84.2,5.81,1.4,0,6.66667,0,14.2196,7.83,-8.92637,1,10,0,0,0,0,0,0,3.072,0,181.4
3920,46404.280,14.2565,14.3555,13.3506,30,.78125,-.78125,750.25,52.1952,11,84.2,5.75,1.4,0,6.66667,0,14.2196,7.83,-8.92638,1,10,0,0,0,0,0,0,3.072,0,181.4
3921,46404.320,14.4248,14.3555,13.3506,31,.78125,-.78125,776,52.1952,11,84.2,5.69,1.4,0,7.05882,0,14.2196,7.83,-8.92638,1,10,0,0,0,0,0,0,3.072,0,181.4
3922,46404.360,14.3823,14.3555,13.3625,31,.78125,-.78125,799.5,52.1952,11,84.2,5.56,1.4,0,7.05882,0,14.2196,7.83,-8.92638,1,10,0,0,0,0,0,0,3.072,0,181.4
3923,46404.400,14.2565,14.3555,13.3862,31,.78125,-.78125,830,51.5738,11.5,84.2,5.78,1.42,0,7.05882,0,14.2196,7.83,-8.90369,1,10,0,0,0,0,0,0,3.072,0,181.4
3924,46404.440,14.214,14.3555,13.3862,31,1.5625,-.78125,851.25,51.5738,11.5,84.2,6.07,1.42,0,7.05882,0,14.2196,7.83,-8.90369,1,10,0,0,0,0,0,0,3.072,0,179.6
3925,46404.480,14.4248,14.3555,13.416,31,1.5625,-.78125,875,50.9524,11.5,84.2,5.96,1.42,0,7.05882,0,14.2196,7.83,-8.87924,1,8,0,0,0,0,0,0,3.072,0,179.6
3926,46404.520,14.4673,14.3555,13.446,31,1.5625,-.78125,899,50.9524,11.5,84.2,5.73,1.4,0,7.05882,0,14.2196,7.83,-8.83532,1,8,0,0,0,0,0,0,3.072,0,179.6
3927,46404.560,14.3823,14.3555,13.446,31,1.5625,-.78125,913,50.9524,11.5,84.2,5.67,1.44,0,7.05882,0,14.2196,7.83,-8.83532,1,8,0,0,0,0,0,0,3.072,0,179.6
3928,46404.600,14.2565,14.3555,13.4821,31,1.5625,-.78125,943.5,50.9524,11.5,84.2,6.39,1.44,0,7.05882,0,14.2196,7.685,-8.80147,1,8,0,0,0,0,0,0,3.072,0,179.6
3929,46404.640,14.3397,14.3555,13.4821,31,2.34375,-.78125,966.25,50.3311,11.5,84.2,6.78,1.46,0,7.05882,0,14.2196,7.685,-8.80147,1,8,0,0,0,0,0,0,3.072,0,179.6
3930,46404.680,14.2972,14.3555,13.5306,31,2.34375,-.78125,961,50.3311,11.5,84.2,6.63,1.46,0,7.05882,0,14.2196,7.54,-8.7736,1,8,0,0,0,0,0,0,3.072,0,179.6
3931,46404.720,14.2565,14.3555,13.5794,31,2.34375,-.78125,976.5,49.7097,12,84.2,6.55,1.46,0,7.05882,0,14.2196,7.54,-8.76403,1,8,0,0,0,0,0,0,3.072,0,179.6
3932,46404.760,14.4248,14.3555,13.5794,31,2.34375,-.78125,992.25,49.7097,12,84.2,7,1.46,0,7.05882,0,14.2196,7.395,-8.76403,1,8,0,0,0,0,0,0,3.072,0,179.6
3933,46404.800,14.3823,14.3555,13.6286,31,3.125,-.78125,997,49.7097,12,84.2,7,1.48,0,7.05882,0,14.2196,7.395,-8.74932,1,8,0,0,0,0,0,0,3.072,0,179.6
3934,46404.840,14.2565,14.3555,13.6719,31,3.125,-.78125,1024.75,49.7097,11.5,84.2,7.42,1.48,0,7.05882,0,14.2196,7.25,-8.7228,1,8,0,0,0,0,0,0,3.072,0,179.6
3935,46404.880,14.4248,14.3555,13.6719,31,3.125,-.78125,1039,49.0883,11.5,84.2,7.28,1.46,0,7.05882,0,14.2196,7.25,-8.7228,1,8,0,0,0,0,0,0,2.816,0,179.6
3936,46404.920,14.9721,14.3555,14.1941,31,3.125,-.78125,1036.5,49.0883,11.5,84.2,6.81,1.44,0,7.05882,0,14.2196,7.105,-8.70648,1,8,0,0,0,0,0,0,2.816,0,179.6
3937,46404.960,15.0978,14.3555,14.2884,31,3.90625,-.78125,1058.75,48.467,12,84.2,6.22,1.42,0,7.05882,0,14.2196,6.96,-8.70648,1,8,0,0,0,0,0,0,2.816,0,179.6
3938,46405.000,15.1404,14.3555,14.2884,31,3.90625,-.78125,1082.75,48.467,12,84.2,6.14,1.46,0,7.05882,0,14.2196,6.96,-8.68819,1,8,0,0,0,0,0,0,2.816,0,179.6
3939,46405.040,15.0572,14.3555,13.8544,31,3.90625,-.78125,1099,48.467,12,84.2,6.65,1.46,0,7.05882,0,14.2196,6.815,-8.6664,1,8,0,0,0,0,0,0,2.816,0,179.6
3940,46405.080,15.0147,14.2406,13.8544,31,3.90625,-.78125,1104,48.467,12,84.2,7,1.48,0,7.05882,0,14.2196,6.815,-8.6664,1,8,0,0,0,0,0,0,2.816,0,179.6
3941,46405.120,14.9721,14.1258,13.8928,31,3.90625,-.78125,1108.25,47.8456,12,84.2,7.31,1.48,0,7.45098,0,14.2196,6.67,-8.64654,1,8,0,0,0,0,0,0,2.816,0,179.6
3942,46405.160,14.8464,14.0109,13.9636,31,3.90625,-.78125,1117.25,47.8456,12,84.2,7.66,1.5,0,7.45098,0,14.2196,6.67,-8.63435,1,8,0,0,0,0,0,0,2.816,0,179.6
3943,46405.200,14.6782,14.0109,13.9636,31,3.90625,-.78125,1131.5,47.2242,12,84.2,7.75,1.5,0,7.45098,0,14.2196,6.525,-8.63435,1,8,0,0,0,0,0,0,2.816,0,179.6
3944,46405.240,14.7613,14.0109,13.9896,31,3.90625,-.78125,1121.5,47.2242,12,84.2,7.65,1.48,0,7.45098,0,14.2196,6.525,-8.62123,1,8,0,0,0,0,0,0,2.816,0,179.6
3945,46405.280,14.7188,14.0109,13.9896,31,3.90625,-.78125,1130.25,46.6028,12,84.2,7.53,1.48,0,7.45098,0,14.2196,6.38,-8.62123,1,8,0,0,0,0,0,0,2.816,0,179.6
3946,46405.320,14.5931,14.0109,14.0352,31,3.90625,-.78125,1146.25,46.6028,12,84.2,7.62,1.48,0,7.45098,0,14.2196,6.38,-8.62239,1,8,0,0,0,0,0,0,2.816,0,179.6
3947,46405.360,14.5931,14.0109,14.0615,31,3.90625,-.78125,1146.5,45.9815,12,84.2,7.28,1.46,0,7.45098,0,14.2196,6.38,-8.61506,1,8,0,0,0,0,0,0,2.816,0,179.6
3948,46405.400,14.5505,13.8961,14.0615,31,3.90625,-.78125,1146.5,45.9815,12,84.2,7.31,1.48,0,7.45098,0,14.2196,6.38,-8.61506,1,8,0,0,0,0,0,0,2.816,0,179.6
3949,46405.440,14.508,13.8961,14.0878,31,3.90625,-.78125,1140.5,45.9815,12,84.2,7.62,1.48,0,7.45098,0,14.2196,6.235,-8.60741,1,8,0,0,0,0,0,0,2.816,0,179.6
3950,46405.480,14.5505,13.7813,14.1208,31,3.90625,-.78125,1148.5,45.9815,12,84.2,7.65,1.5,0,7.45098,0,14.2196,6.235,-8.60563,1,8,0,0,0,0,0,0,2.816,0,179.6
3951,46405.520,14.4248,13.7813,14.1208,31,3.90625,-.78125,1149.75,45.9815,12,84.2,7.53,1.48,0,7.45098,0,14.2196,6.235,-8.60563,1,8,0,0,0,0,0,0,2.816,0,179.6
3952,46405.560,13.8775,13.6664,14.1341,31,3.90625,-.78125,1142.5,45.9815,12,84.2,7.62,1.5,0,7.45098,0,14.2196,6.235,-8.60438,1,8,0,0,0,0,0,0,2.816,0,179.6
3953,46405.600,13.8775,13.5516,14.154,31,3.90625,-.78125,1151.75,45.3601,12,84.2,7.69,1.48,0,7.45098,0,14.2196,6.235,-8.60438,1,8,0,0,0,0,0,0,2.816,0,179.6
3954,46405.640,13.6667,13.5516,14.154,31,3.90625,-.78125,1160,45.3601,12,84.2,7.69,1.5,0,7.45098,0,14.2196,6.235,-8.60271,1,8,0,0,0,0,0,0,2.816,0,179.6
3955,46405.680,13.6241,13.4367,14.1607,31,3.90625,-.78125,1161,44.7387,12,84.2,7.73,1.48,0,7.45098,0,14.2196,6.235,-8.60178,1,8,0,0,0,0,0,0,2.816,0,179.6
3956,46405.720,13.4984,13.4367,14.1607,31,3.125,-.78125,1155.5,44.7387,12,84.2,7.67,1.48,0,7.05882,0,14.2196,6.09,-8.60178,1,8,0,0,0,0,0,0,2.816,0,179.6
3957,46405.760,13.6667,13.4367,14.174,31,3.125,-.78125,1151.5,44.1174,12,84.2,7.37,1.48,0,7.45098,0,14.2196,6.09,-8.59505,1,8,0,0,0,0,0,0,2.816,0,179.6
3958,46405.800,13.539,13.3219,14.1807,31,3.125,-.78125,1141.75,44.1174,12,84.2,7.51,1.48,0,7.45098,0,14.2196,6.09,-8.60094,1,8,0,0,0,0,0,0,2.816,0,179.6
3959,46405.840,13.4559,13.3219,14.1807,31,3.125,-.78125,1147.5,44.1174,12,84.2,7.51,1.48,0,7.05882,0,14.2196,6.09,-8.60094,1,8,0,0,0,0,0,0,2.816,0,179.6
3960,46405.880,13.4984,13.3219,14.1874,31,3.125,-.78125,1137.5,44.1174,12,84.2,7.65,1.48,0,7.05882,0,14.2196,6.09,-8.61931,1,8,0,0,0,0,0,0,2.816,0,179.6
3961,46405.920,13.4559,13.207,14.1874,31,3.125,-.78125,1134.5,43.496,12,84.2,7.65,1.5,0,7.05882,0,14.2196,6.09,-8.61931,1,8,0,0,0,0,0,0,2.816,0,179.6
3962,46405.960,13.8775,13.207,14.1874,31,2.34375,-.78125,1132.5,43.496,12,84.2,7.62,1.48,0,7.05882,0,14.2196,6.09,-8.61803,1,8,0,0,0,0,0,0,2.816,0,179.6
3963,46406.000,13.4559,13.207,14.1874,31,2.34375,-.78125,1138.25,42.8746,12,86,7.51,1.48,0,7.05882,0,14.2196,6.09,-8.61992,1,8,0,0,0,0,0,0,2.816,0,179.6
3964,46406.040,13.3708,13.207,14.1874,31,2.34375,-.78125,1146.75,42.8746,12,86,7.51,1.48,0,7.05882,0,14.2196,6.09,-8.61992,1,8,0,0,0,0,0,0,2.816,0,179.6
3965,46406.080,13.2025,13.207,14.1941,31,2.34375,-.78125,1142.25,42.8746,12,86,7.4,1.48,0,7.05882,0,14.2196,6.09,-8.60655,1,8,0,0,0,0,0,0,2.816,0,179.6
3966,46406.120,13.3282,13.207,14.1941,31,1.5625,-.78125,1165.25,42.8746,12,86,7.53,1.48,0,7.05882,0,14.2196,6.09,-8.5954,1,8,0,0,0,0,0,0,2.816,0,179.6
3967,46406.160,13.1174,13.207,14.1941,31,1.5625,-.78125,1184.5,42.2532,12,86,7.49,1.48,0,7.05882,0,14.2196,6.09,-8.5954,1,8,0,0,0,0,0,0,2.816,0,179.6
3968,46406.200,13.0768,13.207,14.2008,31,1.5625,-.78125,1203.25,42.2532,12,86,7.6,1.48,0,7.05882,0,14.2196,6.09,-8.57415,1,8,0,0,0,0,0,0,2.816,0,179.6
3969,46406.240,13.2451,13.207,14.2075,31,1.5625,-.78125,1230.25,41.6319,12.5,86,7.44,1.5,0,7.05882,0,14.2196,6.09,-8.57415,1,8,0,0,0,0,0,0,2.816,0,179.6
3970,46406.280,13.3708,13.207,14.2075,31,1.5625,-.78125,1226,41.6319,12.5,86,7.69,1.48,0,7.05882,0,14.2196,6.09,-8.55749,1,8,0,0,0,0,0,0,2.816,0,179.6
3971,46406.320,13.2876,13.207,14.2343,31,1.5625,-.78125,1238.25,41.6319,12.5,86,7.65,1.48,0,7.05882,0,14.2196,5.945,-8.55744,1,8,0,0,0,0,0,0,2.816,0,179.6
3972,46406.360,13.2025,13.207,14.2343,31,.78125,-.78125,1259,41.6319,12.5,86,7.6,1.5,0,7.05882,0,14.2196,5.945,-8.55744,1,8,0,0,0,0,0,0,2.816,0,179.6
3973,46406.400,13.2451,13.207,14.2748,31,.78125,-.78125,1280.75,41.0105,13,86,7.69,1.5,0,7.05882,0,14.2196,5.945,-8.55746,1,8,0,0,0,0,0,0,2.56,0,179.6
3974,46406.440,13.2876,13.3219,14.2748,31,.78125,-.78125,1287.25,41.0105,13,86,7.69,1.5,0,7.45098,0,14.2196,5.945,-8.55736,1,8,0,0,0,0,0,0,2.56,0,179.6
3975,46406.480,13.2025,13.3219,14.2748,31,.78125,-.78125,1307.25,41.0105,13,86,7.69,1.48,0,7.45098,0,14.2196,5.8,-8.55736,1,8,0,0,0,0,0,0,2.56,0,179.6
3976,46406.520,13.4133,13.3219,14.2748,31,.78125,-.78125,1315.25,41.0105,13,86,7.69,1.48,0,7.45098,0,14.2196,5.8,-8.55731,1,8,0,0,0,0,0,0,2.56,0,179.6
3977,46406.560,13.4133,13.4367,14.2952,31,.78125,-.78125,1363.25,40.3891,13.5,86,7.65,1.5,0,7.45098,0,14.2196,5.8,-8.55731,1,8,0,0,0,0,0,0,2.56,0,179.6
3978,46406.600,13.539,13.4367,14.2952,31,.78125,-.78125,1421,40.3891,14.5,86,7.67,1.5,0,7.45098,0,14.2196,5.655,-8.55721,1,8,0,0,0,0,0,0,2.56,0,179.6
3979,46406.640,13.4984,13.4367,14.3156,31,.78125,-.78125,1498,39.7678,15,86,7.73,1.5,0,7.45098,0,14.2196,5.655,-8.55716,1,8,0,0,0,0,0,0,2.56,0,179.6
3980,46406.680,13.5816,13.4367,14.3156,31,.78125,-.78125,1597,39.7678,16,86,7.75,1.5,0,7.45098,0,14.2196,5.51,-8.55716,1,8,0,0,0,0,0,0,2.56,0,179.6
3981,46406.720,13.2876,13.4367,14.336,31,.78125,-.78125,1777.25,39.1464,19.5,86,7.8,1.5,0,7.45098,0,14.2196,5.365,-8.71829,1,8,0,0,0,0,0,0,2.304,0,179.6
3982,46406.760,13.4559,13.4367,14.3702,31,.78125,-.78125,1890,39.1464,20,86,7.84,1.52,0,7.84314,0,14.2196,5.365,-9.27164,1,8,0,0,0,0,0,0,2.304,0,179.6
3983,46406.800,13.3708,13.4367,14.3702,31,0,-.78125,2049.75,38.525,20,86,7.9,1.52,0,8.23529,0,14.2196,5.075,-9.27164,1,8,0,0,0,0,0,0,2.304,0,179.6
3984,46406.840,13.4133,13.4367,14.4115,31,0,-.78125,2219.25,38.525,20,86,7.9,1.52,0,8.23529,0,14.2196,4.93,-9.54303,1,8,0,0,0,0,0,0,2.048,0,179.6
3985,46406.880,13.4984,13.5516,14.4738,32,0,-.78125,2375.75,38.525,20,86,7.96,1.52,0,8.62745,0,14.2196,4.785,-9.54303,1,8,0,0,0,0,0,0,2.048,0,179.6
3986,46406.920,13.6241,13.6664,14.4738,32,.78125,-.78125,2557.5,38.525,20,86,7.92,1.52,0,8.62745,0,14.2196,4.495,-9.54293,1,8,0,0,0,0,0,0,2.048,0,179.6
3987,46406.960,13.6667,13.6664,14.5297,32,.78125,-.78125,2800.75,37.2823,20,86,8.31,1.56,0,9.01961,0,14.2196,4.35,-9.54289,1,8,0,0,0,0,0,0,1.792,0,179.6
3988,46407.000,13.5816,13.7813,14.5297,32,.78125,-.78125,3029.75,37.2823,20,86,8.68,1.56,0,9.01961,0,14.2196,4.06,-9.54289,1,8,0,0,0,0,0,0,1.792,0,179.6
3989,46407.040,13.8349,13.8961,14.5438,32,.78125,-.78125,3190.75,37.2823,20,86,8.56,1.56,0,9.01961,0,14.2196,3.915,-8.8719,1,8,0,0,0,0,0,0,1.792,0,179.6
3990,46407.080,14.0457,14.0109,14.5508,32,.78125,-.78125,3164.75,37.2823,20,86,8.62,1.58,0,9.01961,0,14.2196,3.625,-8.64369,1,8,0,0,0,0,0,0,1.792,0,179.6
3991,46407.120,14.214,14.2406,14.5508,32,.78125,-.78125,3070.5,36.6609,20,86,8.93,1.58,0,9.41177,0,14.2196,3.625,-8.64369,1,8,0,0,1,0,0,0,1.792,0,179.6
3992,46407.160,14.4673,14.3555,14.5017,32,.78125,-.78125,2955.75,36.6609,20,86,9.24,1.6,0,9.80392,0,14.2196,3.48,-9.0314,1,8,0,0,1,0,0,0,1.792,0,179.6
3993,46407.200,14.7188,14.5852,14.4115,32,1.5625,-.78125,2885.25,36.0395,20,86,9.49,1.62,0,9.41177,0,14.2196,3.48,-9.0314,1,8,0,0,0,0,0,0,1.792,0,179.6
3994,46407.240,14.6356,14.5852,14.4115,32,1.5625,-.78125,2960,36.0395,20,86,9.6,1.62,0,9.41177,0,14.2196,3.48,-9.33223,1,8,0,0,0,0,0,0,1.792,0,179.6
3995,46407.280,14.7188,14.7,14.3565,32,1.5625,-.78125,3068,36.0395,20,86,9.56,1.62,0,9.41177,0,14.2196,3.48,-8.96445,1,8,0,0,0,0,0,0,1.792,0,179.6
3996,46407.320,14.887,14.7,14.3565,32,2.34375,-.78125,3035.25,36.0395,20,86,9.42,1.6,0,9.41177,0,14.2196,3.48,-8.96445,1,8,0,0,0,0,0,0,1.792,0,179.6
3997,46407.360,14.8464,14.7,14.3224,32,2.34375,-.78125,2950.5,35.4182,20,86,9.42,1.6,0,9.41177,0,14.2196,3.48,-9.05481,1,8,0,0,0,0,0,0,1.792,0,179.6
3998,46407.400,14.9296,14.7,14.2748,32,2.34375,-.78125,2872.5,35.4182,20,86,9.36,1.6,0,9.41177,0,14.2196,3.48,-9.35427,1,8,0,0,0,0,0,0,1.792,0,179.6
3999,46407.440,14.6782,14.7,14.2748,32,3.125,-.78125,2810.5,35.4182,20,86,9.49,1.6,0,9.41177,0,14.2196,3.48,-9.35427,1,8,0,0,0,0,0,0,1.792,0,179.6
4000,46407.480,14.6782,14.5852,14.2748,32,3.125,-.78125,2816.75,35.4182,20,86,9.46,1.6,0,9.41177,0,14.2196,3.48,-9.54222,1,8,0,0,0,0,0,0,1.792,0,179.6
4001,46407.520,14.5931,14.4703,14.2748,32,3.125,-.78125,2910.75,34.7968,20,86,9.39,1.6,0,9.41177,0,14.2196,3.48,-9.54222,1,8,0,0,0,0,0,0,1.792,0,179.6
4002,46407.560,14.4673,14.3555,14.2748,32,3.125,-.78125,2904.25,34.7968,20,86,9.36,1.6,0,9.41177,0,14.2196,3.48,-9.26888,1,8,0,0,0,0,0,0,1.792,0,179.6
4003,46407.600,14.4673,14.2406,14.2748,32,3.90625,-.78125,2831.75,34.1754,20,86,9.31,1.6,0,9.41177,0,14.2196,3.48,-9.38558,1,8,0,0,0,0,0,0,1.792,0,179.6
4004,46407.640,14.214,14.2406,14.2748,32,3.90625,-.78125,2756.25,34.1754,20,86,9.39,1.6,0,9.41177,0,14.2196,3.48,-9.38558,1,8,0,0,0,0,0,0,1.792,0,177.8
4005,46407.680,15.0572,14.1258,14.2748,32,3.90625,-.78125,2738.25,34.1754,20,86,9.22,1.6,0,9.41177,0,14.2196,3.48,-9.542,1,8,0,0,0,0,0,0,1.792,0,177.8
4006,46407.720,15.0147,14.0109,14.2748,32,3.90625,-.78125,2790.75,34.1754,20,86,9.17,1.6,0,9.41177,0,14.2196,3.48,-9.54191,1,8,0,0,0,0,0,0,1.792,0,177.8
4007,46407.760,15.0147,14.0109,14.2748,32,3.90625,-.78125,2837.75,33.554,20,86,9.11,1.58,0,9.41177,0,14.2196,3.48,-9.54191,1,8,0,0,0,0,0,0,1.792,0,177.8
4008,46407.800,14.5931,14.0109,14.2748,32,3.90625,-.78125,2789.75,33.554,20,86,9.11,1.58,0,9.41177,0,14.2196,3.48,-9.49547,1,8,0,0,0,0,0,0,1.792,0,177.8
4009,46407.840,14.8039,14.0109,14.2748,32,3.90625,-.78125,2726,33.554,20,86,9.17,1.58,0,9.41177,0,14.2196,3.48,-9.49547,1,8,0,0,0,0,0,0,1.792,0,177.8
4010,46407.880,14.6782,14.0109,14.2748,32,3.90625,-.78125,2678,33.554,20,86,9.05,1.58,0,9.01961,0,14.2196,3.48,-9.54178,1,8,0,0,0,0,0,0,1.792,0,177.8
4011,46407.920,14.887,14.0109,14.2748,32,4.6875,-.78125,2702,32.9327,20,86,9.17,1.6,0,9.01961,0,14.2196,3.48,-9.54169,1,8,0,0,0,0,0,0,1.792,0,177.8
4012,46407.960,14.9721,14.0109,14.2748,32,4.6875,-.78125,2749.5,32.9327,20,86,9.31,1.6,0,9.01961,0,14.2196,3.48,-9.54169,1,8,0,0,0,0,0,0,1.792,0,177.8
4013,46408.000,14.8464,14.0109,14.2748,32,4.6875,-.78125,2736.5,32.3113,20,86,9.17,1.58,0,9.01961,0,14.2196,3.625,-9.54166,1,8,0,0,0,0,0,0,1.792,0,177.8
4014,46408.040,14.7613,14.1258,14.2748,32,4.6875,-.78125,2678.75,32.3113,20,86,9.24,1.6,0,9.01961,0,14.2196,3.625,-9.54157,1,8,0,0,0,0,0,0,1.792,0,177.8
4015,46408.080,14.8039,14.1258,14.2748,32,4.6875,-.78125,2620.75,32.3113,20,86,9.17,1.58,0,9.01961,0,14.2196,3.625,-9.54157,1,8,0,0,0,0,0,0,1.792,0,177.8
4016,46408.120,14.9296,14.1258,14.2748,32,4.6875,-.78125,2628,32.3113,20,86,9.17,1.58,0,9.01961,0,14.2196,3.625,-9.54148,1,8,0,0,0,0,0,0,1.792,0,177.8
4017,46408.160,14.7613,14.1258,14.2748,32,4.6875,-.78125,2682.25,31.6899,20,86,8.93,1.58,0,9.01961,0,14.2196,3.625,-9.54148,1,8,0,0,0,0,0,0,1.792,0,177.8
4018,46408.200,14.9721,14.1258,14.2748,32,5.46875,-.78125,2665.5,31.6899,20,86,9.05,1.58,0,9.01961,0,14.2196,3.625,-9.54139,1,8,0,0,0,0,0,0,1.792,0,177.8
4019,46408.240,14.9296,14.2406,14.2748,32,5.46875,-.78125,2596.75,31.6899,20,86,8.8,1.58,0,9.01961,0,14.2196,3.625,-9.54136,1,8,0,0,0,0,0,0,1.792,0,177.8
4020,46408.280,14.9296,14.2406,14.2748,32,5.46875,-.78125,2574.5,31.6899,20,86,8.8,1.58,0,9.01961,0,14.2196,3.625,-9.54136,1,8,0,0,0,0,0,0,1.792,0,177.8
4021,46408.320,14.9296,14.2406,14.2748,32,5.46875,-.78125,2585.25,31.0686,20,86,8.68,1.58,0,9.01961,0,14.2196,3.625,-9.54128,1,8,0,0,0,0,0,0,1.792,0,177.8
4022,46408.360,15.0572,14.1258,14.2748,32,5.46875,-.78125,2592,31.0686,20,86,8.68,1.56,0,9.01961,0,14.2196,3.625,-9.54119,1,8,0,0,0,0,0,0,1.792,0,177.8
4023,46408.400,14.9296,14.1258,14.2748,32,5.46875,-.78125,2570,31.0686,20,86,8.43,1.56,0,9.01961,0,14.2196,3.625,-9.54119,1,8,0,0,0,0,0,0,1.792,0,177.8
4024,46408.440,14.8464,14.0109,14.2748,32,5.46875,-.78125,2539.75,31.0686,20,86,8.8,1.58,0,9.01961,0,14.2196,3.625,-9.5411,1,8,0,0,0,0,0,0,1.792,0,177.8
4025,46408.480,15.0572,14.0109,14.2748,32,6.25,-.78125,2502.25,30.4472,20,86,8.93,1.58,0,9.01961,0,14.2196,3.625,-9.5411,1,8,0,0,0,0,0,0,1.792,0,177.8
4026,46408.520,14.8039,14.0109,14.2748,32,6.25,-.78125,2506.75,30.4472,20,86,8.68,1.58,0,9.01961,0,14.2196,3.625,-9.54101,1,8,0,0,0,0,0,0,1.792,0,177.8
4027,46408.560,14.7613,14.0109,14.2748,32,6.25,-.78125,2536.75,30.4472,20,86,8.68,1.56,0,9.01961,0,14.2196,3.625,-9.54093,1,8,0,0,0,0,0,0,1.792,0,177.8
4028,46408.600,14.7613,14.0109,14.2748,32,6.25,-.78125,2503.5,30.4472,20,86,8.68,1.58,0,8.62745,0,14.2196,3.625,-9.54093,1,8,0,0,0,0,0,0,1.792,0,177.8
4029,46408.640,14.6782,13.8961,14.2748,32,6.25,-.78125,2448.25,29.8258,20,86,8.68,1.56,0,8.62745,0,14.2196,3.625,-9.54084,1,8,0,0,0,0,0,0,1.792,0,177.8
4030,46408.680,14.6782,13.8961,14.2748,32,6.25,-.78125,2445.25,29.8258,20,86,8.68,1.58,0,8.62745,0,14.2196,3.625,-9.54076,1,8,0,0,0,0,0,0,1.792,0,177.8
4031,46408.720,14.7188,13.8961,14.2748,32,6.25,-.78125,2444,29.8258,20,86,8.74,1.56,0,8.62745,0,14.2196,3.625,-9.54076,1,8,0,0,0,0,0,0,1.792,0,177.8
4032,46408.760,14.6782,13.8961,14.2748,32,6.25,-.78125,2449,29.8258,20,86,8.31,1.56,0,8.62745,0,14.2196,3.625,-9.54067,1,8,0,0,0,0,0,0,1.792,0,177.8
4033,46408.800,14.6356,13.8961,14.2748,32,6.25,-.78125,2425.5,29.2044,20,86,8.43,1.56,0,8.62745,0,14.2196,3.625,-9.54067,1,8,0,0,0,0,0,0,1.792,0,177.8
4034,46408.840,14.5505,13.7813,14.2748,32,6.25,-.78125,2387.75,29.2044,20,86,8.31,1.56,0,8.62745,0,14.2196,3.625,-9.54059,1,8,0,0,0,0,0,0,1.792,0,177.8
4035,46408.880,14.508,13.7813,14.2748,32,6.25,-.78125,2392.25,29.2044,20,86,8.18,1.54,0,8.62745,0,14.2196,3.625,-9.54051,1,8,0,0,0,0,0,0,1.792,0,177.8
4036,46408.920,14.5931,13.6664,14.2748,32,6.25,-.78125,2388.75,29.2044,20,86,8.16,1.56,0,8.62745,0,14.2196,3.625,-9.54051,1,8,0,0,0,0,0,0,1.792,0,177.8
4037,46408.960,14.508,13.6664,14.2748,32,6.25,-.78125,2378,28.5831,20,86,8.12,1.54,0,8.62745,0,14.2196,3.625,-9.54043,1,8,0,0,0,0,0,0,1.792,0,177.8
4038,46409.000,14.5505,13.7813,14.2748,32,6.25,-.78125,2374.75,28.5831,20,86,8.18,1.56,0,8.62745,0,14.2196,3.625,-9.54035,1,8,0,0,0,0,0,0,1.792,0,177.8
4039,46409.040,14.3823,13.7813,14.2748,32,6.25,-.78125,2346.25,28.5831,20,86,8.16,1.54,0,8.62745,0,14.2196,3.625,-9.54035,1,8,0,0,0,0,0,0,1.792,0,177.8
4040,46409.080,14.3823,13.8961,14.2748,32,6.25,-.78125,2349.5,28.5831,20,86,8.05,1.54,0,8.62745,0,14.2196,3.625,-9.54027,1,8,0,0,0,0,0,0,1.792,0,177.8
4041,46409.120,14.3823,13.8961,14.2748,32,7.03125,-.78125,2344.5,28.5831,20,86,8.18,1.54,0,8.62745,0,14.2196,3.625,-9.54027,1,8,0,0,0,0,0,0,1.792,0,177.8
4042,46409.160,14.5505,14.0109,14.2748,32,7.03125,-.78125,2367.5,28.5831,20,86,8.18,1.56,0,8.62745,0,14.2196,3.625,-9.54018,1,8,0,0,0,0,0,0,1.792,0,177.8
4043,46409.200,14.7613,14.1258,14.2748,32,7.03125,-.78125,2333,27.9617,20,86,8.25,1.54,0,8.62745,0,14.2196,3.625,-9.54017,1,8,0,0,0,0,0,0,1.792,0,177.8
4044,46409.240,14.8464,14.1258,14.2748,32,7.03125,-.78125,2302,27.9617,20,86,8.31,1.56,0,8.62745,0,14.2196,3.625,-9.54017,1,8,0,0,0,0,0,0,1.792,0,177.8
4045,46409.280,14.887,14.1258,14.2748,32,7.03125,-.78125,2322.5,27.9617,20,86,8.16,1.56,0,8.62745,0,14.2196,3.625,-9.54009,1,8,0,0,0,0,0,0,1.792,0,177.8
4046,46409.320,14.9721,14.2406,14.2748,32,7.8125,-.78125,2319,27.9617,20,86,8.16,1.56,0,8.23529,0,14.2196,3.625,-9.54001,1,8,0,0,0,0,0,0,1.792,0,177.8
4047,46409.360,14.9296,14.2406,14.2748,32,7.8125,-.78125,2327.75,27.9617,20,86,8.16,1.54,0,8.23529,0,14.2196,3.625,-9.54001,1,8,0,0,0,0,0,0,1.792,0,177.8
4048,46409.400,14.3823,14.3555,14.2748,32,7.8125,-.78125,2285.25,27.9617,20,86,8.1,1.54,0,8.62745,0,14.2196,3.625,-9.53993,1,8,0,0,0,0,0,0,1.792,0,177.8
4049,46409.440,14.3397,14.3555,14.2748,32,7.8125,-.78125,2278,27.9617,20,86,8.1,1.54,0,8.62745,0,14.2196,3.625,-9.53986,1,8,0,0,0,0,0,0,1.792,0,177.8
4050,46409.480,14.4248,14.3555,14.2748,32,8.59375,-.78125,2289.5,27.9617,20,86,8.05,1.54,0,8.23529,0,14.2196,3.625,-9.53986,1,8,0,0,0,0,0,0,1.792,0,177.8
4051,46409.520,14.4248,14.2406,14.2748,32,8.59375,-.78125,2313.75,27.3403,20,86,7.98,1.52,0,8.23529,0,14.2196,3.625,-9.53978,1,8,0,0,0,0,0,0,1.792,0,177.8
4052,46409.560,14.3397,14.2406,14.2748,32,8.59375,-.78125,2272.25,27.3403,20,86,7.94,1.52,0,8.23529,0,14.2196,3.625,-9.53978,1,8,0,0,0,0,0,0,1.792,0,177.8
4053,46409.600,14.3823,14.2406,14.2748,32,8.59375,-.78125,2240.5,27.3403,20,86,8.02,1.54,0,8.23529,0,14.2196,3.625,-9.5397,1,8,0,0,0,0,0,0,1.792,0,177.8
4054,46409.640,14.3397,14.2406,14.2748,32,8.59375,-.78125,2237,27.3403,20,86,8.05,1.54,0,8.23529,0,14.2196,3.625,-9.53963,1,8,0,0,0,0,0,0,1.792,0,177.8
4055,46409.680,14.2972,14.2406,14.2748,32,8.59375,-.78125,2295.75,27.3403,20,86,7.98,1.54,0,8.23529,0,14.2196,3.625,-9.53963,1,8,0,0,0,0,0,0,1.792,0,177.8
4056,46409.720,14.3397,14.2406,14.2748,32,9.375,-.78125,2272.75,27.3403,20,86,8.08,1.54,0,8.23529,0,14.2196,3.625,-9.53955,1,8,0,0,0,0,0,0,1.792,0,177.8
4057,46409.760,14.3397,14.1258,14.2748,32,9.375,-.78125,2237.25,27.3403,20,86,8.18,1.54,0,8.23529,0,14.2196,3.625,-9.53948,1,8,0,0,0,0,0,0,1.792,0,177.8
4058,46409.800,14.2565,14.1258,14.2748,32,9.375,-.78125,2187.25,27.3403,20,86,8.1,1.54,0,8.23529,0,14.2196,3.625,-9.53948,1,8,0,0,0,0,0,0,1.792,0,177.8
4059,46409.840,14.2565,14.1258,14.2748,32,9.375,-.78125,2228.75,26.719,20,86,8.18,1.54,4.70588,9.01961,42.611,14.2196,3.625,-9.00751,1,8,0,0,0,74.902,0,0,2.048,0,177.8
4060,46409.880,14.1714,14.1258,14.2748,32,9.375,-.78125,2264.5,26.719,4,86,9.47,1.68,12.9412,12.9412,119.512,14.2196,3.625,-9.00751,1,8,0,0,0,74.902,0,0,2.048,0,177.8
4061,46409.920,14.1714,14.1258,14.2748,32,10.1563,-.78125,2236.75,26.719,21.5,86,17.78,2.06,16.8627,19.6078,157.759,14.2196,4.495,-2.77318,1,8,0,0,1,74.902,0,0,2.56,0,177.8
4062,46409.960,14.2565,14.1258,10.9955,32,10.1563,-.78125,2165.25,26.719,22,86,29.73,2.28,18.4314,21.9608,171.267,14.2196,6.67,.386203,1,8,0,0,3,74.902,0,0,3.584,0,177.8
4063,46410.000,14.3823,14.0109,10.9955,32,10.9375,0,2286.25,26.719,14,86,36.11,2.4,23.1373,24.3137,223.717,14.2196,8.41,.386203,1,8,0,0,5,74.902,0,0,4.352,0,177.8
4064,46410.040,13.2451,13.6664,11.5436,32,9.375,0,2348.5,26.719,11.5,86,43.6,2.52,28.2353,29.4118,260.637,14.2196,9.86,4.64562,1,8,0,0,6,74.902,0,0,5.12,0,177.8
4065,46410.080,12.7809,13.207,11.4426,32,7.03125,0,2309.5,26.719,10.5,86,48.9,2.6,29.4118,32.549,260.948,14.2196,11.455,4.64562,1,8,0,0,8,74.902,0,0,6.144,0,177.8
4066,46410.120,14.0457,13.5516,11.4426,32,7.8125,0,2170.75,26.719,15.5,86,47.92,2.52,29.0196,32.9412,241.867,14.2196,12.615,5.14404,1,8,0,0,10,74.902,0,0,6.912,0,177.8
4067,46410.160,14.0032,13.7813,12.1247,32,10.9375,0,2190.5,26.719,15,86,43.6,2.48,29.4118,32.9412,245.858,14.2196,12.76,4.4694,1,8,0,0,11,74.902,0,0,7.424,0,177.8
4068,46410.200,12.9917,13.3219,12.1247,32,7.8125,0,2272.5,26.719,15,86,43.22,2.48,32.549,33.7255,264.565,14.2196,12.905,4.4694,1,8,0,0,12,74.902,0,0,7.424,0,177.8
4069,46410.240,12.6552,12.9773,12.5231,32,0,0,2293.75,26.719,15,86,44.61,2.5,34.902,36.4706,272.128,14.2196,12.905,5.30115,1,8,0,0,13,74.902,0,0,6.912,0,177.8
4070,46410.280,12.3187,12.6328,12.4096,32,0,0,2199.75,26.719,14.5,86,44.74,2.48,34.5098,37.6471,258.439,14.2196,13.195,5.1479,1,8,0,0,14,74.902,0,0,7.168,0,177.8
4071,46410.320,11.6012,12.1734,12.4096,32,0,0,2204,26.719,14.5,86,42.28,2.46,34.5098,37.6471,259.024,14.2196,13.485,5.1479,1,8,0,0,13,74.902,0,0,7.168,0,177.8
4072,46410.360,11.5586,11.9437,12.3891,32,0,0,2294.25,26.719,14.5,86,43.35,2.46,35.6863,37.2549,273.582,14.2196,13.485,5.03081,1,8,0,0,13,74.902,0,0,7.424,0,177.8
4073,46410.400,11.8545,11.7141,12.3485,32,0,0,2315.25,27.3403,15,86,44.36,2.5,36.4706,38.4314,277.911,14.2196,13.485,5.71665,1,8,0,0,12,74.902,0,0,7.424,0,177.8
4074,46410.440,12.1079,11.8289,12.3485,32,0,0,2231,27.3403,14.5,86,44.74,2.5,36.0784,38.8235,265.523,14.2196,13.485,5.71665,1,8,0,0,12,74.902,0,0,7.424,0,177.8
4075,46410.480,12.0653,11.9437,12.268,31,0,0,2232.75,27.3403,14.5,86,43.73,2.48,36.4706,38.8235,266.212,14.2196,13.63,5.01492,1,8,0,0,11,74.902,0,0,7.68,0,177.8
4076,46410.520,11.9802,11.9437,12.268,31,0,0,2302.5,27.3403,14.5,86,44.74,2.5,36.8627,38.8235,277.042,14.2196,13.63,5.01492,1,8,0,0,11,74.902,0,0,7.68,0,177.8
4077,46410.560,12.4869,11.8289,12.2033,31,0,0,2338.25,27.3403,15,86,44.87,2.52,37.6471,39.2157,275.59,14.2196,13.63,5.7277,1,8,0,0,10,74.902,0,0,7.68,0,177.8
4078,46410.600,12.3593,11.5992,12.1345,32,0,0,2289.25,27.3403,15,86,45.76,2.52,37.2549,39.6078,275.727,14.2196,13.775,5.55866,1,8,0,0,11,74.902,0,0,7.936,0,177.8
4079,46410.640,12.2761,11.4844,12.1345,32,0,0,2269.25,27.9617,15,86,44.74,2.52,37.6471,39.6078,275.581,14.2196,13.775,5.55866,1,8,0,0,11,74.902,0,0,7.936,0,177.8
4080,46410.680,12.3593,11.4844,12.0712,32,0,0,2303.5,27.9617,14,86,45.25,2.5,38.0392,40,275.798,14.2196,13.92,5.4663,1,8,0,0,10,74.902,0,0,7.936,0,177.8
4081,46410.720,12.2336,11.3695,11.9895,31,0,0,2331.75,27.9617,14.5,86,46.01,2.52,39.2157,40,278.727,14.2196,13.92,5.84745,1,8,0,0,10,74.902,0,0,7.936,0,177.8
4082,46410.760,12.1485,11.2547,11.9895,31,0,0,2325.25,27.9617,15,86,46.9,2.54,39.6078,40.7843,280.78,14.2196,13.92,5.84745,1,8,0,0,10,74.902,0,0,7.936,0,177.8
4083,46410.800,12.2336,11.1398,12.1003,31,0,0,2299.75,27.9617,14.5,86,46.52,2.54,40,41.1765,282.285,14.2196,14.065,5.80889,1,8,0,0,11,74.902,0,0,7.936,0,177.8
4084,46410.840,11.9802,11.1398,12.1003,31,0,0,2345.5,27.9617,14,86,46.64,2.54,41.5686,41.5686,284.903,14.2196,14.21,5.80889,1,8,0,0,11,74.902,0,0,8.192,0,177.8
4085,46410.880,12.0653,11.1398,12.0809,31,0,0,2359.5,27.9617,14.5,86,47.94,2.56,44.3137,42.7451,289.386,14.2196,14.21,6.09241,1,8,0,0,10,74.902,0,0,8.192,0,177.8
4086,46410.920,11.9377,11.1398,12.1149,31,0,0,2362.25,27.9617,15,86,48.26,2.58,46.6667,44.3137,292.242,14.2196,14.21,6.3424,1,8,0,0,10,74.902,0,0,8.192,0,177.8
4087,46410.960,11.812,11.2547,12.1149,31,0,0,2342.5,28.5831,14.5,86,48.47,2.58,48.6275,44.7059,294.141,14.2196,14.355,6.3424,1,8,0,0,11,74.902,0,0,8.192,0,177.8
4088,46411.000,12.1079,11.2547,12.1345,31,0,0,2375.75,28.5831,14.5,86,47.83,2.56,50.1961,45.098,295.75,14.2196,14.5,6.49034,1,8,0,0,11,74.902,0,0,8.192,0,177.8
4089,46411.040,12.0228,11.3695,12.1541,31,0,0,2406.5,28.5831,14.5,86,48.47,2.56,51.3725,45.4902,297.603,14.2196,14.5,6.84764,1,8,0,0,11,74.902,0,0,8.192,0,177.8
4090,46411.080,12.0228,11.3695,12.1541,31,0,0,2386.75,28.5831,14.5,86,49.54,2.58,52.1569,45.4902,300.396,14.2196,14.5,6.84764,1,8,0,0,10,74.902,0,0,8.192,0,177.8
4091,46411.120,12.1079,11.3695,12.2132,31,0,0,2379.25,28.5831,15,86,49.44,2.58,52.9412,45.8824,301.474,14.2196,14.645,6.73334,1,8,0,0,11,74.902,0,0,8.192,0,177.8
4092,46411.160,11.9802,11.4844,12.2132,31,0,0,2389.25,28.5831,14.5,86,48.9,2.6,53.7255,45.8824,301.855,14.2196,14.645,6.73334,1,8,0,0,11,74.902,0,0,8.192,0,177.8
4093,46411.200,12.2336,11.4844,12.2083,31,0,0,2431.75,29.2044,15,86,48.79,2.6,54.902,45.8824,302.961,14.2196,14.79,7.01376,1,8,0,0,11,74.902,0,0,8.192,0,177.8
4094,46411.240,12.191,11.5992,12.2132,31,0,0,2441.75,29.2044,15,86,49.44,2.58,55.2941,45.4902,304.884,14.2196,14.79,7.59837,1,8,0,0,11,74.902,0,0,8.192,0,177.8
4095,46411.280,12.3187,11.5992,12.2132,31,0,0,2411,29.2044,15,86,49.87,2.58,54.902,45.4902,305.686,14.2196,14.79,7.59837,1,8,0,0,11,74.902,0,0,8.192,0,177.8
4096,46411.320,12.2761,11.5992,12.263,31,0,0,2433.75,29.2044,15,86,49.92,2.62,54.902,45.4902,305.783,14.2196,14.935,7.38743,1,8,0,0,11,74.902,0,0,8.192,0,177.8
4097,46411.360,12.4018,11.7141,12.268,32,0,0,2446.75,29.2044,14.5,86,49.65,2.62,54.5098,45.4902,305.898,14.2196,14.935,7.83064,1,8,0,0,11,74.902,0,0,8.192,0,177.8
4098,46411.400,12.5275,11.7141,12.268,32,0,0,2473.5,29.2044,14.5,86,50.76,2.62,53.7255,45.4902,306.088,14.2196,14.935,7.83064,1,8,0,0,11,74.902,0,0,8.192,0,177.8
4099,46411.440,12.4018,11.7141,12.258,32,0,0,2479.75,29.8258,15,86,50.86,2.62,52.9412,45.4902,306.341,14.2196,15.08,8.20144,1,8,0,0,11,74.902,0,0,8.192,0,177.8
4100,46411.480,12.6126,11.7141,12.258,32,0,0,2457,29.8258,14.5,86,51.24,2.62,51.3725,45.8824,306.033,14.2196,15.08,8.20144,1,8,0,0,11,74.902,0,0,8.192,0,177.8
4101,46411.520,12.5275,11.8289,12.293,32,0,0,2489,29.8258,14.5,86,51.39,2.64,50.1961,45.4902,305.567,14.2196,15.08,8.40157,1,8,0,0,11,74.902,0,0,8.192,0,177.8
4102,46411.560,12.6552,11.8289,12.283,32,0,0,2525.5,29.8258,15,86,52.13,2.64,49.8039,45.4902,305.522,14.2196,15.225,8.99018,1,8,0,0,11,74.902,0,0,8.192,0,177.8
4103,46411.600,12.6126,11.9437,12.283,32,0,0,2502.25,29.8258,15,86,51.99,2.66,47.8431,45.098,304.723,14.2196,15.225,8.99018,1,8,0,0,11,74.902,0,0,8.192,0,177.8
4104,46411.640,12.6126,11.8289,12.3031,32,0,0,2505,29.8258,15,86,51.99,2.64,43.9216,44.3137,302.243,14.2196,15.225,8.83587,1,8,0,0,11,74.902,0,0,8.192,0,177.8
4105,46411.680,12.5701,11.9437,12.3031,32,0,0,2539.5,30.4472,15,86,51.99,2.64,38.4314,42.3529,294.859,14.2196,15.225,8.9162,1,10,0,0,11,74.902,0,0,8.192,0,177.8
4106,46411.720,12.0228,11.9437,12.3031,32,0,0,2540,30.4472,15,86,51.99,2.64,33.7255,38.8235,286.785,14.2196,15.225,8.9162,1,10,0,0,11,74.902,0,0,8.192,0,177.8
4107,46411.760,12.0653,11.8289,12.3485,32,0,0,2536.25,30.4472,15.5,86,50.57,2.62,30.1961,35.2941,278.097,14.2196,15.08,7.51604,1,10,0,0,11,74.902,0,0,8.192,0,177.8
4108,46411.800,11.6863,11.7141,12.3485,32,0,0,2553.5,30.4472,15.5,86,49.54,2.58,29.4118,32.549,274.67,14.2196,14.935,7.51604,1,10,0,0,11,74.902,0,0,7.936,0,177.8
4109,46411.840,11.8545,11.5992,12.4249,32,0,0,2565.75,31.0686,15.5,86,49.54,2.6,30.1961,32.1569,278.413,14.2196,14.645,7.05749,1,10,0,0,11,74.902,0,0,7.68,0,177.8
4110,46411.880,11.5586,11.4844,12.4661,32,0,0,2570,31.0686,15,86,49.87,2.6,30.5882,32.549,280.991,14.2196,14.5,7.75595,1,10,0,0,11,74.902,0,0,7.936,0,177.8
4111,46411.920,11.518,11.4844,12.4661,32,0,0,2597.5,31.0686,15.5,86,50.95,2.64,30.9804,33.7255,282.373,14.2196,14.5,7.75595,1,10,0,0,11,74.902,0,0,7.936,0,177.8
4112,46411.960,11.6437,11.5992,12.4558,32,0,0,2611.25,31.0686,15.5,86,51.84,2.66,30.9804,34.5098,283.344,14.2196,14.5,8.31766,1,10,0,0,11,74.902,0,0,7.936,0,177.8
4113,46412.000,11.8971,11.7141,12.4558,32,0,0,2605.5,31.0686,15.5,86,52.73,2.66,31.7647,34.5098,284.464,14.2196,14.645,8.47752,1,10,0,0,10,74.902,0,0,7.936,0,177.8
4114,46412.040,12.0653,11.8289,12.4558,32,0,0,2597,31.0686,16,86,53.02,2.66,32.549,35.2941,286.045,14.2196,14.645,8.47752,1,10,0,0,11,74.902,0,0,7.936,0,177.8
4115,46412.080,12.5701,12.0586,12.4558,32,0,0,2626.25,31.6899,15.5,86,53.02,2.68,32.9412,35.6863,287.082,14.2196,14.79,8.92236,1,10,0,0,10,74.902,0,0,7.936,0,177.8
4116,46412.120,13.7924,12.0586,12.4558,32,0,0,2656.75,31.6899,15.5,86,53.76,2.68,33.3333,36.0784,287.782,14.2196,14.935,8.92236,1,10,0,0,10,74.902,0,0,7.936,0,177.8
4117,46412.160,12.2336,12.0586,12.4403,32,0,0,2649,31.6899,15.5,86,53.91,2.7,33.3333,36.0784,288.008,14.2196,14.935,9.6089,1,10,0,0,10,74.902,0,0,7.936,0,177.8
4118,46412.200,12.1079,12.1734,12.4403,32,0,0,2640.5,31.6899,15.5,86,54.95,2.7,32.9412,36.4706,287.772,14.2196,15.08,9.55835,1,10,0,0,10,74.902,0,0,8.192,0,177.8
4119,46412.240,12.2761,12.1734,12.4403,32,0,0,2667,32.3113,15.5,86,54.36,2.7,32.9412,36.0784,287.884,14.2196,15.08,9.55835,1,10,0,0,10,74.902,0,0,8.192,0,177.8
4120,46412.280,12.3593,12.1734,12.4352,32,0,0,2694.5,32.3113,15.5,86,55.1,2.68,33.3333,36.0784,288.563,14.2196,15.08,10.0631,1,10,0,0,10,74.902,0,0,8.192,0,177.8
4121,46412.320,12.3187,12.1734,12.4506,32,0,0,2684.5,32.3113,16,86,54.8,2.7,33.3333,36.0784,288.751,14.2196,15.08,10.0631,1,10,0,0,11,74.902,0,0,8.192,0,177.8
4122,46412.360,12.191,12.1734,12.4506,32,0,0,2674.5,32.3113,15.5,86,55.54,2.7,33.3333,36.0784,288.906,14.2196,15.225,10.1386,1,10,0,0,10,74.902,0,0,8.192,0,177.8
4123,46412.400,12.191,12.0586,12.4506,32,0,0,2714,32.3113,15,87.8,55.69,2.7,33.3333,36.4706,289.568,14.2196,15.225,10.4949,1,10,0,0,10,74.902,0,0,8.192,0,177.8
4124,46412.440,13.0343,12.1734,12.4506,32,0,0,2734,32.3113,16,87.8,56.14,2.72,33.3333,36.4706,289.787,14.2196,15.225,10.4949,1,10,0,0,11,74.902,0,0,8.192,0,177.8
4125,46412.480,12.9917,12.1734,12.4558,32,0,0,2733.25,32.9327,15.5,87.8,57.27,2.72,33.3333,36.4706,289.599,14.2196,15.37,10.8397,1,10,0,0,11,74.902,0,0,8.192,0,177.8
4126,46412.520,12.9085,12.1734,12.4609,32,0,0,2733,32.9327,16,87.8,56.88,2.72,33.3333,36.4706,290.169,14.2196,15.37,10.8793,1,10,0,0,11,74.902,0,0,8.192,0,177.8
4127,46412.560,12.9917,12.1734,12.4609,32,0,0,2747.5,32.9327,15,87.8,57.12,2.72,34.1176,36.4706,291.222,14.2196,15.37,10.8793,1,10,0,0,11,74.902,0,0,8.448,0,177.8
4128,46412.600,13.0768,12.2883,12.4558,32,0,0,2754.5,32.9327,15.5,87.8,58.27,2.74,34.1176,37.2549,291.487,14.2196,15.515,11.7319,1,10,0,0,11,74.902,0,0,8.448,0,177.8
4129,46412.640,12.9492,12.2883,12.4609,32,0,0,2757.25,33.554,15.5,87.8,58.94,2.74,33.7255,37.2549,291.218,14.2196,15.515,11.6535,1,10,0,0,11,74.902,0,0,8.448,0,177.8
4130,46412.680,13.1174,12.1734,12.4609,32,0,0,2783.5,33.554,15.5,87.8,60.22,2.74,34.1176,37.2549,291.84,14.2196,15.66,11.6535,1,10,0,0,11,74.902,0,0,8.448,0,177.8
4131,46412.720,12.9492,12.1734,12.4506,32,0,0,2813.25,33.554,15.5,87.8,61.92,2.76,33.7255,37.2549,291.669,14.2196,15.66,12.3932,1,10,0,0,11,74.902,0,0,8.704,0,177.8
4132,46412.760,12.9492,12.1734,12.4506,33,0,0,2811,33.554,16,87.8,62.77,2.76,33.7255,37.2549,291.916,14.2196,15.66,12.3932,1,10,0,0,11,74.902,0,0,8.704,0,177.8
4133,46412.800,12.9085,12.0586,12.4506,33,0,0,2813.75,33.554,16,87.8,61.49,2.74,34.1176,37.2549,292.493,14.2196,15.805,12.414,1,10,0,0,12,74.902,0,0,8.704,0,177.8
4134,46412.840,12.7809,11.9437,12.4558,33,0,0,2842,33.554,15.5,87.8,64.05,2.76,34.1176,37.2549,292.66,14.2196,15.805,12.7836,1,10,0,0,12,74.902,0,0,8.96,0,177.8
4135,46412.880,12.6977,11.9437,12.4558,33,0,0,2847.5,34.1754,15.5,87.8,63.62,2.78,33.7255,37.2549,292.364,14.2196,15.805,12.7836,1,10,0,0,12,74.902,0,0,8.96,0,177.8
4136,46412.920,12.6977,11.8289,12.4455,33,0,0,2833,34.1754,16,87.8,64.9,2.78,33.7255,37.2549,292.344,14.2196,15.95,13.0819,1,10,0,0,13,80,0,15.3381,8.96,0,177.8
4137,46412.960,12.4444,11.7141,12.4455,33,0,0,2822.25,34.1754,16,87.8,65.33,2.78,34.1176,37.2549,292.761,14.2196,15.95,12.9004,1,10,0,0,14,80,0,15.3381,8.96,0,177.8
4138,46413.000,12.3593,11.5992,12.4455,33,0,0,2867.25,34.1754,15.5,87.8,67.03,2.8,34.1176,37.2549,292.753,14.2196,16.095,12.9004,1,10,0,0,14,80,0,15.3381,9.216,0,177.8
4139,46413.040,12.4018,11.4844,12.4198,33,0,0,2897.5,34.7968,16,87.8,67.88,2.8,34.1176,37.2549,292.731,14.2196,16.095,13.6825,1,10,0,0,15,80,0,15.3386,9.216,0,177.8
4140,46413.080,12.4444,11.4844,12.4198,33,0,0,2906.75,34.7968,16.5,87.8,69.59,2.82,34.1176,37.2549,292.705,14.2196,16.095,13.6825,1,10,0,0,16,80,0,15.3386,9.216,0,177.8
4141,46413.120,12.3593,11.3695,12.4198,33,0,0,2893.25,34.7968,16.5,87.8,68.31,2.8,34.1176,37.2549,292.69,14.2196,16.24,13.4985,1,10,0,0,16,80,0,15.3386,9.472,0,177.8
4142,46413.160,12.2761,11.2547,12.4147,33,0,0,2914.5,34.7968,16,87.8,68.73,2.8,34.1176,37.2549,292.68,14.2196,16.24,13.6683,1,10,0,0,17,80,0,15.3379,9.472,0,177.8
4143,46413.200,12.2761,11.1398,12.4147,33,0,0,2959.5,35.4182,15.5,87.8,71.71,2.82,34.1176,37.2549,292.66,14.2196,16.24,13.6683,1,10,0,0,18,80,0,15.3379,9.472,0,177.8
4144,46413.240,12.1485,11.1398,12.3891,33,0,0,2952.25,35.4182,16,87.8,73.61,2.84,33.7255,37.2549,292.216,14.2196,16.385,14.4004,1,10,0,0,18,80,0,15.3379,9.472,0,177.8
4145,46413.280,12.1079,11.1398,12.384,33,0,0,2946.25,35.4182,16,87.8,73.18,2.84,34.1176,37.2549,292.618,14.2196,16.385,14.2518,1,10,0,0,19,80,0,15.3374,9.728,0,177.8
4146,46413.320,12.0228,11.1398,12.384,33,0,0,2964.25,35.4182,15.5,87.8,74.21,2.84,34.1176,37.2549,293.027,14.2196,16.385,14.2518,1,10,0,0,19,80,0,15.3374,9.728,0,177.8
4147,46413.360,11.9802,11.1398,12.3586,33,0,0,2999.5,35.4182,15.5,87.8,74.76,2.86,34.1176,37.6471,293.011,14.2196,16.53,14.7205,1,10,0,0,20,79.6078,0,15.3374,9.728,0,177.8
4148,46413.400,11.9377,11.1398,12.3586,33,0,0,3003.75,35.4182,16,87.8,75.64,2.86,34.1176,37.6471,292.571,14.2196,16.53,14.7205,1,10,0,0,20,79.6078,0,15.3374,9.728,0,177.8
4149,46413.440,11.8545,11.1398,12.3384,33,0,0,2992,36.0395,16,87.8,76,2.86,33.7255,37.6471,292.139,14.2196,16.675,14.8251,1,10,0,0,21,79.2157,0,15.336,9.728,0,177.8
4150,46413.480,11.8545,11.1398,12.3384,33,0,0,3025,36.0395,15.5,87.8,76.35,2.86,34.1176,37.2549,292.539,14.2196,16.675,14.8658,1,10,0,0,21,79.2157,0,15.336,9.984,0,177.8
4151,46413.520,11.1795,11.1398,12.3384,33,0,0,3048,36.6609,15.5,87.8,77.06,2.88,34.1176,37.2549,292.931,14.2196,16.675,14.8658,1,10,0,0,22,79.2157,0,15.336,9.984,0,177.8
4152,46413.560,11.1795,11.1398,12.3182,33,0,0,3054,36.6609,15.5,87.8,77.59,2.9,34.1176,37.2549,292.49,14.2196,16.82,15.3346,1,10,0,0,22,78.4314,0,15.3349,9.984,0,177.8
4153,46413.600,11.1795,11.1398,12.3131,33,0,0,3050.75,36.6609,16,87.8,77.06,2.88,33.7255,37.2549,292.063,14.2196,16.82,15.3497,1,10,0,0,22,78.4314,0,15.3349,9.984,0,177.8
4154,46413.640,10.9687,11.1398,12.3131,33,0,0,3071.5,36.6609,15.5,87.8,78.13,2.9,33.3333,37.2549,291.642,14.2196,16.965,15.3497,1,10,0,0,23,78.4314,0,15.3349,9.984,0,177.8
4155,46413.680,11.0113,11.1398,12.288,33,0,0,3095,37.2823,15.5,87.8,78.13,2.9,33.3333,37.2549,291.624,14.2196,16.965,15.7458,1,10,0,0,23,77.6471,0,15.3331,9.984,0,177.8
4156,46413.720,11.0113,11.1398,12.288,33,0,0,3098.5,37.2823,16,87.8,79.01,2.9,33.3333,37.2549,291.606,14.2196,16.965,15.7458,1,10,0,0,23,77.6471,0,15.3331,9.984,0,177.8
4157,46413.760,10.9281,11.1398,12.293,33,0,0,3105.25,37.2823,16,87.8,79.54,2.92,33.3333,36.8627,291.186,14.2196,16.965,15.7277,1,10,0,0,23,77.6471,0,15.3331,9.984,0,177.8
4158,46413.800,10.8856,11.1398,12.273,32,0,0,3122,37.2823,15.5,87.8,80.02,2.92,32.549,36.8627,289.959,14.2196,17.11,16.1053,1,10,0,0,23,77.2549,0,15.3317,9.984,0,177.8
4159,46413.840,10.9281,11.1398,12.273,32,0,0,3132.25,37.9036,15.5,87.8,80.06,2.92,31.7647,36.0784,288.737,14.2196,17.11,16.1053,1,10,0,0,23,77.2549,0,15.3317,9.984,0,177.8
4160,46413.880,10.9687,11.1398,12.273,32,0,0,3133,37.9036,15.5,87.8,79.89,2.92,31.7647,35.6863,288.725,14.2196,17.11,16.1461,1,10,0,0,23,76.8627,0,15.3317,9.984,0,177.8
4161,46413.920,11.0538,11.1398,12.293,32,0,0,3142.75,37.9036,15.5,87.8,79.89,2.92,31.7647,35.6863,288.718,14.2196,17.11,16.1397,1,10,0,0,23,76.8627,0,15.3297,9.984,0,177.8
4162,46413.960,11.0113,11.1398,12.293,32,0,0,3164.25,37.9036,16,87.8,80.69,2.94,30.9804,35.6863,287.911,14.2196,17.11,16.1397,1,10,0,0,23,76.8627,0,15.3297,9.984,0,177.8
4163,46414.000,11.0113,11.1398,12.278,32,0,0,3199,37.9036,16,86,81.16,2.92,30.5882,35.2941,285.895,14.2196,17.11,16.7533,1,10,0,0,23,76.0784,0,15.3297,9.984,0,177.8
4164,46414.040,11.0113,11.1398,12.278,32,0,0,3208.25,37.9036,16.5,86,80.85,2.92,30.1961,34.1176,283.241,14.2196,17.11,16.7533,1,10,0,0,23,76.0784,0,15.3297,9.984,0,177.8
4165,46414.080,11.0964,11.1398,12.293,32,0,0,3210.25,38.525,16.5,86,80.54,2.92,29.8039,33.3333,281.9,14.2196,17.11,16.4542,1,10,0,0,23,76.0784,0,15.3271,9.984,0,177.8
4166,46414.120,10.8856,11.1398,12.3131,32,0,0,3230.75,38.525,16.5,86,79.54,2.9,29.8039,32.9412,281.895,14.2196,16.965,16.5491,1,10,0,0,23,75.6863,0,15.3271,9.984,0,177.8
4167,46414.160,11.0538,11.1398,12.3131,32,0,0,3224,39.1464,16.5,86,80.69,2.92,29.4118,32.9412,279.184,14.2196,16.965,16.5491,1,10,0,0,22,75.6863,0,15.3271,9.728,0,177.8
4168,46414.200,10.9281,11.1398,12.3333,32,0,0,3232.25,39.1464,16.5,86,80.69,2.92,28.2353,32.549,272.266,14.2196,16.82,16.152,1,10,0,0,22,75.6863,0,15.3252,9.728,0,177.8
4169,46414.240,10.8005,11.1398,12.3485,32,0,0,3252.5,39.1464,16.5,86,79.01,2.9,26.6667,30.9804,265.206,14.2196,16.82,14.4786,1,10,0,0,22,76.8627,0,15.3252,9.728,0,177.8
4170,46414.280,10.8856,11.1398,12.3485,32,0,0,3286.5,39.1464,17,86,77.59,2.88,26.2745,30.1961,262.124,14.2196,16.675,14.4786,1,10,0,0,22,76.8627,0,15.3252,9.472,0,177.8
4171,46414.320,10.5897,11.1398,12.4045,32,0,0,3285,39.7678,17.5,86,77.06,2.86,25.4902,29.0196,257.505,14.2196,16.385,13.8931,1,10,0,0,21,77.2549,0,15.3227,9.472,0,177.8
4172,46414.360,10.5897,11.1398,12.4045,32,0,0,3276,39.7678,17,86,76.35,2.86,25.098,29.0196,255.849,14.2196,15.95,13.8931,1,10,0,0,21,77.2549,0,15.3227,9.216,0,177.8
4173,46414.400,10.5491,11.1398,12.6867,32,0,0,3302.75,39.7678,17,86,75.82,2.84,25.4902,29.0196,257.036,14.2196,15.805,13.4022,1,10,0,0,21,77.6471,0,15.3227,8.96,0,177.8
4174,46414.440,10.5065,11.1398,12.7189,33,0,0,3322.75,39.7678,17,86,76.17,2.86,25.8824,29.0196,258.066,14.2196,15.66,14.0708,1,10,0,0,20,76.8627,0,15.3209,8.96,0,177.8
4175,46414.480,10.8856,11.1398,12.7189,33,0,0,3335.75,39.7678,18,86,76.53,2.88,25.8824,29.0196,257.693,14.2196,15.66,14.0708,1,10,0,0,20,76.8627,0,15.3209,8.96,0,177.8
4176,46414.520,10.8856,11.1398,12.6601,33,0,0,3341.5,39.7678,17.5,86,77.06,2.86,25.8824,29.0196,257.359,14.2196,15.66,13.943,1,10,0,0,19,76.8627,0,15.3209,8.96,0,177.8
4177,46414.560,11.0538,11.1398,12.5597,33,0,0,3347.25,40.3891,17.5,86,76.35,2.86,25.8824,29.0196,257.11,14.2196,15.66,14.079,1,10,0,0,18,76.8627,0,15.3185,8.96,0,177.8
4178,46414.600,10.843,11.1398,12.5597,33,0,0,3360.5,40.3891,17.5,86,76.88,2.88,25.4902,29.0196,255.237,14.2196,15.66,14.079,1,10,0,0,18,76.8627,0,15.3185,8.96,0,177.8
4179,46414.640,10.9687,11.1398,12.5388,33,0,0,3377,40.3891,17.5,86,76.88,2.88,23.9216,29.0196,238.767,14.2196,15.515,13.7981,1,10,0,0,17,77.2549,0,15.3185,8.96,0,177.8
4180,46414.680,10.8856,11.1398,12.5388,33,0,0,3400.75,40.3891,17.5,86,74.93,2.84,19.2157,26.6667,178.448,14.2196,15.515,13.7981,1,10,0,0,17,77.2549,0,15.3185,8.96,0,177.8
4181,46414.720,10.8856,11.1398,12.5807,33,0,0,3381.25,41.0105,17.5,86,57.66,2.68,13.3333,22.7451,109.292,14.2196,14.355,.738216,1,10,0,0,17,73.3333,0,0,7.424,0,177.8
4182,46414.760,10.4214,11.1398,15.0679,33,0,0,3352.5,41.0105,16.5,86,47.29,2.46,8.23529,18.4314,57.3348,14.2196,12.905,-5.9835,1,10,0,0,17,73.7255,0,0,6.656,0,177.8
4183,46414.800,10.17,11.1398,15.0679,33,0,0,3373.25,41.0105,17,86,33.03,2.26,5.09804,15.6863,53.061,14.2196,10.73,-5.9835,1,10,0,0,16,73.7255,0,0,5.12,0,177.8
4184,46414.840,10.17,11.1398,17.7092,33,0,0,3391.75,41.0105,19,86,28.78,2.18,3.52941,14.902,48.6876,14.2196,9.425,-6.49436,1,10,0,0,15,73.7255,0,0,4.096,0,177.8
4185,46414.880,10.17,11.1398,17.2327,33,-2.34375,0,3408.5,41.0105,22,86,25.17,2.1,3.52941,14.5098,44.1759,14.2196,8.41,-6.7807,1,10,0,0,14,73.3333,0,0,3.584,0,177.8
4186,46414.920,10.17,11.1398,17.2327,33,-5.46875,0,3417,41.0105,24,86,22.17,2.04,3.52941,14.1176,39.552,14.2196,7.685,-6.7807,1,10,0,0,14,73.3333,0,0,3.072,0,177.8
4187,46414.960,10.2106,11.1398,18.0273,33,-9.375,0,3395.5,41.0105,26.5,86,20.56,2,2.7451,13.7255,35.0415,14.2196,6.96,-7.07571,1,10,0,0,15,73.3333,0,0,2.816,0,177.8
4188,46415.000,10.7173,11.1398,18.0273,33,-11.7188,-.78125,3384.75,41.0105,28,86,19.15,1.94,1.96078,12.9412,30.6503,14.2196,6.525,-7.07571,1,10,0,0,16,73.3333,0,0,2.56,0,177.8
4189,46415.040,10.9687,11.1398,16.9514,33,-14.0625,-.78125,3398.75,41.0105,29,86,16.91,1.88,2.35294,12.549,26.1927,14.2196,6.09,-7.35678,1,10,0,0,16,73.7255,0,0,2.304,0,177.8
4190,46415.080,12.0228,11.1398,16.4422,33,-16.4063,-.78125,3420,41.0105,29,86,15.75,1.84,3.13725,11.3725,22.5808,14.2196,5.655,-7.64776,1,10,0,0,16,72.9412,0,0,2.304,0,177.8
4191,46415.120,12.6126,11.2547,16.4422,33,-17.9688,-.78125,3408.5,41.0105,29,86,13.1,1.78,2.7451,10.9804,21.7881,14.2196,5.22,-7.64776,1,10,0,0,16,72.9412,0,0,2.048,0,177.8
4192,46415.160,13.1174,11.5992,15.4864,33,-17.9688,-.78125,3362.75,41.0105,29.5,86,11.86,1.74,3.13725,10.9804,22.8116,14.2196,4.93,-7.63565,1,10,0,0,16,73.3333,0,0,2.048,0,177.8
4193,46415.200,13.4559,11.9437,15.1513,33,-17.9688,-.78125,3353.25,41.0105,29.5,86,11.93,1.74,3.92157,11.3725,27.7329,14.2196,4.64,-7.43868,1,10,0,0,15,73.7255,0,0,1.792,0,177.8
4194,46415.240,14.0032,12.2883,15.1513,33,-17.9688,-.78125,3331.25,41.0105,29,86,12.4,1.8,5.4902,13.3333,37.5265,14.2196,4.64,-7.43868,1,10,0,0,15,73.7255,0,0,1.792,0,177.8
4195,46415.280,14.0883,12.6328,14.7721,33,-17.1875,-.78125,3370.5,41.0105,29.5,86,17.62,1.92,5.88235,14.5098,40.6006,14.2196,4.64,-6.92481,1,10,0,0,13,73.7255,0,0,1.792,0,177.8
4196,46415.320,14.4673,12.9773,14.7721,33,-17.1875,-.78125,3447.5,41.0105,29.5,86,18.96,1.98,6.27451,14.902,40.8119,14.2196,4.785,-6.92481,1,10,0,0,13,73.7255,0,0,2.048,0,177.8
4197,46415.360,14.4248,13.3219,14.4391,33,-16.4063,-.78125,3417.25,41.0105,29.5,86,21.03,2.04,6.27451,15.2941,41.2057,14.2196,5.075,-6.91371,1,10,0,0,13,72.9412,0,0,2.048,0,177.8
4198,46415.400,14.3397,13.207,14.2075,33,-5.46875,-.78125,3369,41.0105,29,86,22.72,2.06,5.88235,15.6863,38.7468,14.2196,5.22,-7.01268,1,10,0,0,13,73.7255,0,0,2.56,0,177.8
4199,46415.440,14.2972,13.5516,14.2075,33,-4.6875,-.78125,3353,41.0105,29,86,22.72,2.08,5.88235,15.2941,40.4512,14.2196,5.51,-7.01268,1,10,0,0,12,73.7255,0,0,2.56,0,177.8
4200,46415.480,14.7613,14.0109,14.0812,32,-2.34375,-.78125,3351.5,41.0105,29,86,22.64,2.06,5.88235,15.2941,40.2607,14.2196,5.655,-6.92006,1,10,0,0,12,73.7255,0,0,2.816,0,177.8
4201,46415.520,15.268,14.4703,14.068,32,0,-.78125,3358,41.0105,29,86,22.72,2.06,6.27451,15.2941,41.9745,14.2196,5.655,-6.86844,1,10,0,0,13,73.7255,0,0,2.816,0,177.8
4202,46415.560,15.4769,15.1594,14.068,32,3.125,-.78125,3391.25,41.0105,29,86,22.47,2.06,6.66667,15.2941,45.052,14.2196,5.655,-6.86844,1,10,0,0,13,73.7255,0,0,2.816,0,177.8
4203,46415.600,16.4458,16.0781,14.0878,32,7.03125,0,3400,40.3891,29,86,23.05,2.08,6.66667,15.6863,44.5459,14.2196,5.655,-6.76013,1,10,0,0,13,73.3333,0,0,3.072,0,177.8
4204,46415.640,16.4458,15.9633,14.0878,32,8.59375,0,3390.75,40.3891,29,86,22.88,2.08,6.66667,15.6863,44.4609,14.2196,5.655,-6.76013,1,10,0,0,13,73.3333,0,0,3.072,0,177.8
4205,46415.680,16.2776,15.3891,14.0878,32,8.59375,0,3400,40.3891,29,86,22.72,2.06,6.66667,15.6863,44.5445,14.2196,5.655,-6.76009,1,10,0,0,14,73.3333,0,0,3.072,0,177.8
4206,46415.720,16.0668,14.7,14.1076,32,7.8125,0,3399.5,40.3891,29,86,23.3,2.08,6.66667,15.6863,44.6678,14.2196,5.655,-6.77659,1,10,0,0,14,73.3333,0,0,3.072,0,177.8
4207,46415.760,15.562,14.3555,14.1076,32,7.8125,0,3347.75,40.3891,29,86,22.55,2.06,6.66667,15.6863,45.2946,14.2196,5.655,-6.77659,1,10,0,0,14,73.3333,0,0,3.072,0,177.8
4208,46415.800,14.887,14.0109,14.1142,32,7.03125,-.78125,3307.75,40.3891,29,86,22.88,2.08,6.66667,15.6863,45.5918,14.2196,5.655,-6.75124,1,10,0,0,14,74.1176,0,0,3.072,0,177.8
4209,46415.840,14.508,13.7813,14.1208,32,7.03125,-.78125,3320.5,40.3891,29,86,22.8,2.08,7.45098,15.6863,50.2558,14.2196,5.8,-6.53679,1,10,0,0,14,74.1176,0,0,3.072,0,177.8
4210,46415.880,13.4984,13.6664,14.1208,32,7.03125,-.78125,3341.5,40.3891,29,86,22.76,2.08,8.23529,16.0784,56.2638,14.2196,5.8,-6.53679,1,10,0,0,14,74.1176,0,0,3.072,0,177.8
4211,46415.920,13.8775,13.5516,14.1807,32,6.25,-.78125,3383.5,40.3891,29,86,24.09,2.1,8.23529,16.4706,55.9704,14.2196,5.8,-6.32011,1,10,0,0,14,73.7255,0,0,3.072,0,177.8
4212,46415.960,14.0883,13.4367,14.1807,32,6.25,-.78125,3397,40.3891,29,86,24.86,2.14,8.62745,16.8627,57.932,14.2196,5.8,-6.32011,1,10,0,0,14,73.7255,0,0,3.072,0,177.8
4213,46416.000,14.1289,13.5516,14.2008,32,6.25,0,3364,40.3891,28.5,86,25.66,2.14,8.62745,17.2549,60.712,14.2196,5.945,-6.21558,1,10,0,0,14,73.7255,0,0,3.328,0,177.8
4214,46416.040,14.2565,13.6664,14.1807,32,7.03125,0,3331.5,40.3891,28.5,86,26.95,2.2,9.80392,18.0392,72.5686,14.2196,6.09,-5.77512,1,10,0,0,14,73.7255,0,0,3.328,0,177.8
4215,46416.080,14.214,13.8961,14.1807,32,7.8125,0,3339.25,40.3891,28,86,29.43,2.24,12.1569,18.4314,97.0443,14.2196,6.235,-5.77512,1,10,0,0,14,73.7255,0,0,3.584,0,177.8
4216,46416.120,14.4673,14.1258,14.068,32,9.375,0,3361.5,40.3891,27.5,86,32.97,2.32,16.8627,21.1765,144.921,14.2196,6.67,-3.4223,1,10,0,0,15,74.1176,0,0,3.84,0,177.8
4217,46416.160,14.8464,14.2406,12.586,32,10.1563,0,3375.25,40.3891,25.5,86,41.13,2.46,22.7451,24.7059,220.567,14.2196,7.54,8.18797,1,10,0,0,15,72.1569,0,0,4.608,0,177.8
4218,46416.200,14.5505,13.8961,12.586,32,9.375,0,3367.25,40.3891,23.5,86,49.71,2.64,27.451,29.0196,266.733,14.2196,9.28,8.18797,1,10,0,0,15,72.1569,0,0,5.376,0,177.8
4219,46416.240,13.2451,13.4367,11.8293,32,7.8125,0,3379.75,40.3891,20.5,86,63.82,2.78,30.5882,32.9412,283.758,14.2196,11.31,16.2221,1,10,0,0,15,74.902,0,15.3137,6.144,0,177.8
4220,46416.280,12.9085,13.0922,11.8293,32,0,0,3365,40.3891,17.5,86,71.13,2.82,32.549,36.4706,289.544,14.2196,12.325,16.2221,1,10,0,0,16,74.902,0,15.3137,6.4,0,177.8
4221,46416.320,15.0572,13.207,12.3333,32,0,0,3365,40.3891,16.5,86,74.87,2.84,34.902,38.4314,293.426,14.2196,13.195,17.0179,1,10,0,0,16,74.902,0,15.3137,7.168,0,177.8
4222,46416.360,15.6877,13.6664,12.4764,31,0,0,3420.25,40.3891,16,86,75.49,2.84,37.6471,40.7843,297.611,14.2196,13.63,17.4247,1,10,0,0,16,74.1176,0,15.3137,7.68,0,177.8
4223,46416.400,15.0978,14.0109,12.4764,31,0,0,3430.25,41.0105,17.5,86,76.99,2.88,38.8235,42.7451,299.045,14.2196,14.065,17.4247,1,10,0,0,14,74.1176,0,15.3137,8.192,0,177.8
4224,46416.440,13.0768,13.8961,12.3739,31,0,0,3390,41.0105,17.5,86,76.71,2.86,38.4314,42.7451,298.655,14.2196,14.355,17.5355,1,10,0,0,13,74.1176,0,15.3137,8.448,0,177.8
4225,46416.480,12.6977,13.4367,12.1984,31,0,0,3373.75,41.0105,17,86,76.17,2.86,38.8235,42.7451,299.032,14.2196,14.645,17.5151,1,10,0,0,12,74.5098,0,15.3137,8.704,0,177.8
4226,46416.520,12.3593,13.0922,12.1984,31,0,0,3411.25,41.0105,17,86,76.17,2.86,40.3922,43.1373,301.609,14.2196,14.79,17.5151,1,10,0,0,11,74.5098,0,15.3137,8.704,0,177.8
4227,46416.560,12.0653,12.7477,12.0615,31,0,0,3457.75,41.0105,17,86,78.48,2.9,42.3529,44.7059,304.165,14.2196,14.935,17.7639,1,10,0,0,12,74.1176,0,15.3137,8.96,0,177.8
4228,46416.600,11.7288,12.4031,12.0615,31,0,0,3426.5,41.0105,17.5,86,80.04,2.92,43.1373,46.2745,305.623,14.2196,15.225,17.7639,1,10,0,0,12,74.1176,0,15.3137,9.216,0,177.8
4229,46416.640,11.0113,12.0586,11.9183,31,0,0,3426.25,41.6319,17.5,86,80.37,2.92,43.5294,47.0588,305.983,14.2196,15.37,17.8449,1,10,0,0,12,74.1176,0,15.3137,9.472,0,177.8
4230,46416.680,11.0964,11.7141,11.7554,31,0,0,3470,41.6319,17.5,86,81.16,2.94,44.3137,47.451,306.984,14.2196,15.66,17.9057,1,10,0,0,13,74.1176,0,15.3137,9.472,0,177.8
4231,46416.720,11.0538,11.3695,11.7554,31,0,0,3485.25,41.6319,17.5,86,82.71,2.96,46.2745,47.8431,307.906,14.2196,15.805,17.9057,1,10,0,0,14,74.1176,0,15.3137,9.728,0,177.8
4232,46416.760,10.9281,11.1398,11.6148,31,0,0,3472.75,41.6319,18,86,84.26,2.98,47.0588,48.2353,308.285,14.2196,15.95,17.979,1,10,0,0,14,73.7255,0,15.3137,9.984,0,177.8
4233,46416.800,10.9281,11.1398,11.5569,31,0,0,3496,41.6319,18,86,85.07,3,47.451,48.6275,308.404,14.2196,16.24,17.9904,1,10,0,0,15,73.7255,0,15.3137,9.984,0,177.8
4234,46416.840,10.843,11.1398,11.5569,31,0,0,3511.25,41.6319,17.5,86,86.87,3.02,47.451,48.6275,308.387,14.2196,16.385,17.9904,1,10,0,0,16,73.7255,0,15.3137,9.984,0,177.8
4235,46416.880,10.8856,11.1398,11.588,31,0,0,3517.5,42.2532,17.5,86,87.2,3.02,47.8431,48.6275,308.632,14.2196,16.53,17.9979,1,10,0,0,16,73.3333,0,15.3137,10.24,0,177.8
4236,46416.920,11.1795,11.1398,11.588,31,0,0,3543.5,42.2532,18,86,89.2,3.06,48.2353,49.0196,308.877,14.2196,16.82,17.9979,1,10,0,0,17,73.3333,0,15.3137,10.24,0,177.8
4237,46416.960,11.1795,11.1398,11.6059,31,0,0,3524.75,42.8746,17.5,86,90.96,3.08,48.2353,49.0196,308.853,14.2196,17.11,18.02,1,10,0,0,17,73.3333,0,15.3137,10.24,0,177.8
4238,46417.000,11.3478,11.1398,11.6328,31,0,0,3553.5,42.8746,17,86,92.72,3.08,48.2353,49.0196,308.833,14.2196,17.255,18.0312,1,10,0,0,18,72.9412,0,15.3137,10.24,0,177.8
4239,46417.040,11.4755,11.1398,11.6328,31,0,0,3584.25,42.8746,17.5,86,99.77,3.1,48.2353,49.0196,308.805,14.2196,17.4,18.0312,1,10,0,0,18,72.9412,0,15.3137,10.496,0,177.8
4240,46417.080,12.0653,11.1398,11.6328,31,0,0,3588.75,42.8746,17,86,102.71,3.12,48.2353,49.0196,308.783,14.2196,17.69,18.045,1,10,0,0,19,72.9412,0,15.3137,10.752,0,177.8
4241,46417.120,12.3187,11.1398,11.6103,30,0,0,3610.5,43.496,16.5,86,108.99,3.14,48.2353,49.0196,308.755,14.2196,17.98,18.0394,1,10,0,0,20,72.9412,0,15.3137,11.008,0,177.8
4242,46417.160,12.3593,11.1398,11.6103,30,0,0,3620.25,43.496,16.5,86,111.09,3.16,47.8431,49.0196,308.601,14.2196,18.125,18.0394,1,10,0,0,21,72.9412,0,15.3137,11.264,0,177.8
4243,46417.200,12.0653,11.1398,11.548,30,0,0,3614.25,43.496,15.5,86,113.84,3.18,47.8431,49.0196,308.578,14.2196,18.415,18.0414,1,10,0,0,22,72.549,0,15.3137,11.776,0,177.8
4244,46417.240,11.8545,11.1398,11.548,30,0,0,3664.25,43.496,15.5,86,115.86,3.2,47.8431,49.0196,308.424,14.2196,18.705,18.0414,1,10,0,0,23,72.549,0,15.3137,11.776,0,177.8
4245,46417.280,11.8971,11.1398,11.5259,30,0,0,3660.5,44.1174,15,86,119.88,3.22,47.8431,49.0196,308.401,14.2196,18.85,18.049,1,10,0,0,24,72.1569,0,15.3137,12.032,0,177.8
4246,46417.320,11.8545,11.1398,11.5215,30,0,0,3682.5,44.1174,15,86,124.24,3.26,47.451,49.0196,308.247,14.2196,19.285,18.0493,1,10,0,0,26,72.1569,0,15.3137,12.288,0,177.8
4247,46417.360,11.7288,11.1398,11.5215,30,0,0,3668.75,44.1174,14.5,86,124.87,3.26,47.451,49.0196,308.098,14.2196,19.575,18.0493,1,10,0,0,26,72.1569,0,15.3137,12.544,0,177.8
4248,46417.400,11.6437,11.1398,11.4819,30,0,0,3724.75,44.1174,14.5,86,127.31,3.3,47.451,49.0196,308.078,14.2196,19.865,18.0499,1,10,0,0,26,72.1569,0,15.3137,12.8,0,177.8
4249,46417.440,11.1389,11.1398,11.4209,30,0,0,3741,44.7387,14,86,129.85,3.32,47.0588,49.0196,307.921,14.2196,20.155,18.064,1,10,0,0,26,71.7647,0,15.3137,13.056,0,177.8
4250,46417.480,10.843,11.1398,11.4209,30,0,0,3757.75,44.7387,14.5,86,130.91,3.34,46.6667,49.0196,307.637,14.2196,20.445,18.064,1,10,0,0,27,71.7647,0,15.3137,13.312,0,177.8
4251,46417.520,10.9281,11.1398,11.3778,30,0,0,3737.5,45.3601,13.5,86,133.03,3.36,45.8824,49.0196,307.361,14.2196,20.88,18.0503,1,10,0,0,27,71.7647,0,15.3137,13.568,0,177.8
4252,46417.560,11.0113,11.1398,11.3778,30,0,0,3788.5,45.3601,13.5,86,135.15,3.38,45.8824,49.0196,307.344,14.2196,21.17,18.0503,1,10,0,0,26,71.7647,0,15.3137,13.824,0,177.8
4253,46417.600,11.0113,11.1398,11.3264,30,0,0,3800.75,45.3601,13,86,139,3.42,46.2745,49.0196,307.444,14.2196,21.605,18.065,1,10,0,0,26,71.3726,0,15.3137,13.824,0,177.8
4254,46417.640,11.1389,11.1398,11.2967,30,0,0,3829.5,45.3601,14,86,143.46,3.44,46.6667,49.4118,307.542,14.2196,21.895,18.0782,1,10,0,0,27,70.9804,0,15.3137,14.08,0,177.8
4255,46417.680,11.3904,11.1398,11.2967,30,0,0,3813.75,45.9815,13,86,146.17,3.46,46.2745,49.4118,307.391,14.2196,22.33,18.0782,1,10,0,0,27,70.9804,0,15.3137,14.336,0,177.8
4256,46417.720,11.2646,11.1398,11.246,30,0,0,3865,45.9815,13,86,149.98,3.48,46.2745,49.4118,307.362,14.2196,22.62,18.0821,1,10,0,0,26,70.9804,0,15.3137,14.848,0,177.8
4257,46417.760,11.1795,11.1398,11.1875,30,0,0,3866.5,46.6028,12.5,86,156.5,3.5,45.8824,49.4118,307.212,14.2196,23.055,18.0909,1,10,0,0,26,70.5882,0,15.3137,15.36,0,177.8
4258,46417.800,11.0964,11.1398,11.1875,30,0,0,3882.25,46.6028,12.5,86,162.44,3.52,45.098,49.4118,306.813,14.2196,23.635,18.0909,1,10,0,0,26,70.5882,0,15.3137,15.872,0,177.8
4259,46417.840,10.8856,11.1398,11.1337,30,0,0,3911.5,47.2242,12.5,86,165.13,3.54,43.5294,49.4118,305.396,14.2196,23.925,18.0747,1,10,0,0,26,70.5882,0,15.3137,16.128,0,177.8
4260,46417.880,11.5586,11.1398,11.1337,31,0,0,3923.75,47.2242,12,86,167.7,3.56,41.5686,48.2353,302.644,14.2196,24.36,18.0747,1,10,0,0,25,70.5882,0,15.3137,16.64,0,177.8
4261,46417.920,11.5586,11.1398,11.0845,31,0,0,3949.5,47.2242,11.5,86,169.8,3.6,40.7843,46.6667,301.047,14.2196,24.505,17.9844,1,10,0,0,25,70.1961,0,15.1854,16.896,0,177.8
4262,46417.960,11.3904,11.1398,11.0682,31,0,0,3933.25,47.2242,11.5,86,171.2,3.6,39.6078,45.4902,299.456,14.2196,24.94,17.921,1,10,0,0,25,70.1961,0,14.691,16.896,0,177.8
4263,46418.000,11.0538,11.1398,11.0682,31,0,0,4025,47.8456,11,84.2,172.42,3.62,38.4314,44.7059,297.455,14.2196,25.085,17.921,1,10,0,0,24,70.1961,0,14.691,17.152,0,177.8
4264,46418.040,11.3904,11.1398,11.056,31,0,0,4048.75,47.8456,12,84.2,174.19,3.64,36.8627,43.9216,295.018,14.2196,25.375,17.7105,1,10,0,0,24,69.8039,0,14.138,17.152,0,177.8
4265,46418.080,11.2221,11.1398,11.0439,31,0,0,4031.25,48.467,12,84.2,174.05,3.64,35.2941,42.7451,292.32,14.2196,25.52,17.3845,1,10,0,0,23,69.8039,0,13.4762,17.408,0,177.8
4266,46418.120,11.1795,11.1398,11.0439,31,0,0,4022,48.467,11.5,84.2,175.31,3.66,33.7255,41.5686,290.029,14.2196,25.81,17.3845,1,10,0,0,23,69.8039,0,13.4762,17.152,0,177.8
4267,46418.160,11.1795,11.1398,11.0682,31,0,0,4090,49.0883,11,84.2,175.17,3.66,33.7255,40.7843,289.749,14.2196,25.81,17.2021,1,10,0,0,23,69.8039,0,13.0526,17.152,0,177.8
4268,46418.200,11.3478,11.1398,11.0682,31,0,0,4122,49.0883,12,84.2,177.08,3.72,34.1176,40.7843,289.665,14.2196,25.955,17.2021,1,10,0,0,22,69.8039,0,13.0526,17.152,0,177.8
4269,46418.240,11.4329,11.1398,11.0845,31,0,0,4115.25,49.7097,12,84.2,180.94,3.74,33.3333,40.7843,288.3,14.2196,26.245,17.1487,1,10,0,0,22,69.8039,0,12.8649,17.408,0,177.8
4270,46418.280,11.4329,11.1398,11.0196,31,0,0,4121.25,49.7097,11.5,84.2,182.61,3.74,32.549,40,286.142,14.2196,26.535,16.9304,1,10,0,0,22,69.8039,0,12.133,17.664,0,177.8
4271,46418.320,11.4755,11.1398,11.0196,31,0,0,4174.5,49.7097,12,84.2,184.84,3.74,31.7647,39.2157,284.786,14.2196,26.68,16.9304,1,10,0,0,21,69.8039,0,12.133,17.664,0,177.8
4272,46418.360,11.6012,11.1398,11.0156,31,0,0,4207.75,49.7097,11.5,84.2,188.73,3.76,32.1569,39.2157,284.768,14.2196,26.68,16.8089,1,10,0,0,20,69.8039,0,11.9041,17.664,0,177.8
4273,46418.400,11.518,11.1398,10.9634,31,0,0,4236.5,50.3311,11.5,84.2,197.08,3.8,32.1569,39.2157,284.127,14.2196,26.825,16.7746,1,10,0,0,20,69.8039,0,11.7002,18.176,0,177.8
4274,46418.440,11.6863,11.1398,10.9634,31,0,0,4228,50.3311,11.5,84.2,200.98,3.82,32.1569,39.2157,283.505,14.2196,27.115,16.7746,1,10,0,0,20,69.8039,0,11.7002,18.432,0,177.8
4275,46418.480,11.6863,11.1398,10.8216,31,0,0,4238,50.9524,10.5,84.2,203.76,3.84,31.3725,39.2157,281.589,14.2196,27.55,16.635,1,10,0,0,19,69.8039,0,11.1569,18.944,0,177.8
4276,46418.520,11.5586,11.1398,10.8216,31,0,0,4279.75,50.9524,10,84.2,212.37,3.88,30.9804,39.2157,279.583,14.2196,27.84,16.635,1,10,0,0,18,69.8039,0,11.1569,19.456,0,177.8
4277,46418.560,11.6012,11.1398,10.6757,31,0,0,4331.75,51.5738,10.5,84.2,210.01,3.88,30.9804,38.8235,278.859,14.2196,27.985,16.456,1,10,0,0,18,69.8039,0,10.4848,19.712,0,177.8
4278,46418.600,11.5586,11.1398,10.6909,31,0,0,4344.25,51.5738,11,84.2,212.84,3.88,29.0196,38.4314,264.247,14.2196,28.13,16.2307,1,10,0,0,17,70.5882,0,10.0209,19.968,0,177.8
4279,46418.640,11.518,11.1398,10.6909,31,0,0,4340.5,52.1952,10.5,84.2,207.52,3.86,24.3137,36.0784,225.494,14.2196,27.985,16.2307,1,10,0,0,17,70.5882,0,10.0209,19.968,0,177.8
4280,46418.680,11.4755,11.1398,10.8099,31,0,0,4338.5,52.1952,11,84.2,190.4,3.74,18.4314,31.7647,153.069,14.2196,26.535,14.4865,1,10,0,0,16,70.5882,.165127,4.2351,18.688,0,177.8
4281,46418.720,11.0964,11.1398,12.1688,31,0,0,4351.5,52.8166,11.5,84.2,171.58,3.6,12.549,27.0588,93.2977,14.2196,23.635,-4.8124,1,10,0,0,15,66.2745,0,0,16.384,0,177.8
4282,46418.760,10.7173,11.1398,12.1688,31,0,0,4349.5,52.8166,12.5,84.2,138.67,3.4,4.70588,24.3137,25.4904,14.2196,20.59,-4.8124,1,10,0,0,15,66.2745,0,0,12.8,0,177.8
4283,46418.800,10.843,11.1398,15.1284,31,0,0,4356.75,52.8166,15,84.2,84.96,2.9,0,16.0784,0,14.2196,15.805,-8.54682,1,10,0,0,15,65.8824,0,0,8.704,0,177.8
4284,46418.840,10.843,11.1398,15.1284,31,0,0,4296.25,52.8166,18,84.2,36.7,2.32,0,13.3333,0,14.2196,11.31,-8.54682,1,10,0,0,15,65.8824,0,0,5.632,0,177.8
4285,46418.880,10.843,11.1398,21.7369,31,0,0,4314.75,52.8166,8,84.2,21.58,2.04,0,12.549,0,14.2196,8.7,-8.5468,1,10,0,0,11,0,0,0,3.84,0,177.8
4286,46418.920,10.7579,11.1398,16.2294,31,0,0,4340.5,52.8166,12.5,84.2,14.3,1.8,0,12.549,0,14.2196,7.25,-8.54678,1,10,0,0,7,0,0,0,0,0,177.8
4287,46418.960,10.8005,11.1398,16.2294,31,-.78125,0,4327.75,52.8166,16.5,84.2,11.35,1.68,0,12.549,0,14.2196,6.38,-8.54678,1,10,0,0,4,0,0,0,0,0,177.8
4288,46419.000,10.843,11.1398,15.1589,31,-1.5625,-.78125,4310.25,52.8166,17.5,84.2,9.84,1.64,0,12.549,0,14.2196,5.655,-8.54675,1,10,0,0,3,0,0,0,0,0,177.8
4289,46419.040,10.7579,11.1398,14.2748,31,-2.34375,-.78125,4275.75,52.8166,16.5,84.2,10.29,1.66,0,12.549,0,14.2196,5.365,-8.54673,1,10,0,0,2,0,0,0,0,0,177.8
4290,46419.080,10.8856,11.1398,14.2748,31,-2.34375,-.78125,4209.75,52.8166,16,84.2,11.03,1.68,0,12.549,0,14.2196,5.075,-8.54673,1,10,0,0,2,0,0,0,0,0,177.8
4291,46419.120,11.6437,11.1398,14.2748,31,-3.125,-.78125,4119,52.8166,15,84.2,11.84,1.76,0,12.549,0,14.2196,4.93,-8.54671,1,10,0,0,2,0,0,0,0,0,177.8
4292,46419.160,12.5275,11.3695,14.2748,31,-3.90625,-.78125,4035,52.8166,14.5,84.2,12.62,1.78,0,12.549,0,14.2196,4.785,-8.54671,1,10,0,0,1,0,0,0,0,0,177.8
4293,46419.200,13.9181,11.5992,14.2748,31,-5.46875,-.78125,3888.5,52.8166,13.5,84.2,12.62,1.76,0,12.1569,0,14.2196,4.785,-8.54669,1,10,0,0,1,0,0,0,0,0,177.8
4294,46419.240,15.3937,11.9437,14.2748,31,-6.25,-.78125,3741.5,52.8166,13,84.2,12.36,1.76,0,12.1569,0,14.2196,4.785,-8.54667,1,10,0,0,1,0,0,0,0,0,177.8
4295,46419.280,16.9951,12.2883,14.2748,31,-7.03125,-.78125,3634.5,52.8166,12,84.2,14.13,1.8,0,12.1569,0,14.2196,4.785,-8.54667,1,10,0,0,1,0,0,0,0,0,177.8
4296,46419.320,19.606,12.6328,14.2748,31,0,-.78125,3530.5,52.8166,11.5,84.2,13.51,1.8,0,11.7647,0,14.2196,4.785,-8.54665,1,10,0,0,1,0,0,0,0,0,177.8
4297,46419.360,20.6175,13.0922,14.2748,31,0,-.78125,3377.75,52.8166,11.5,84.2,13.16,1.78,0,11.7647,0,14.2196,4.785,-8.54663,1,10,0,0,1,0,0,0,0,0,177.8
4298,46419.400,20.4492,13.4367,14.2748,31,0,-.78125,3269.25,52.8166,11.5,84.2,13.16,1.8,0,11.3725,0,14.2196,4.785,-8.54663,1,10,0,0,1,0,0,0,0,0,177.8
4299,46419.440,20.4492,13.8961,14.2748,31,0,-.78125,3158.5,52.8166,11.5,84.2,12.11,1.74,0,11.3725,0,14.2196,4.93,-8.54661,1,10,0,0,1,0,0,0,0,0,177.8
4300,46419.480,20.4918,14.3555,14.2748,31,0,-.78125,3046.5,52.8166,11.5,84.2,12.02,1.76,0,10.9804,0,14.2196,4.93,-8.54661,1,10,0,0,1,0,0,0,0,0,177.8
4301,46419.520,20.4492,14.9297,14.2748,31,0,-.78125,2930,52.8166,20,84.2,11.75,1.72,.784314,10.9804,7.07097,14.2196,4.93,-8.92532,1,10,0,0,1,0,0,0,0,0,177.8
4302,46419.560,20.5343,15.8484,12.4971,31,0,-.78125,2845,52.8166,20.5,84.2,11.93,1.78,9.01961,13.3333,66.445,14.2196,4.93,-7.39342,1,10,0,0,1,74.902,0,0,2.048,0,177.8
4303,46419.600,19.9444,16.7672,12.4971,31,0,-.78125,2845,52.8166,21.5,84.2,20.87,2.16,18.4314,20,171.446,14.2196,5.075,-7.39342,1,10,0,0,0,74.902,0,0,2.304,0,177.8
4304,46419.640,19.8593,17.8008,10.3598,31,0,-.78125,2794.25,52.8166,22,84.2,42.5,2.58,26.6667,27.0588,264.471,14.2196,8.41,3.69365,1,10,0,0,2,74.902,0,0,3.84,0,177.8
4305,46419.680,15.5194,18.7195,9.65852,31,0,-.78125,3104.5,52.1952,7.5,84.2,70.56,2.86,31.3725,33.3333,287.982,14.2196,12.18,15.5708,1,10,0,0,3,77.6471,0,15.3137,6.144,0,177.8
4306,46419.720,12.2336,17.5711,9.65852,31,0,-.78125,3408.25,52.1952,6,84.2,80.15,2.92,38.8235,38.4314,299.009,14.2196,14.065,15.5708,1,10,0,0,5,77.6471,0,15.3137,6.4,0,177.8
4307,46419.760,15.4363,16.6523,11.9419,31,0,-.78125,3375.75,52.1952,5.5,84.2,83.95,2.96,44.7059,44.7059,307.022,14.2196,15.225,17.8685,1,10,0,0,9,74.1176,0,15.3137,7.424,0,177.8
4308,46419.800,17.1208,17.2266,11.9419,31,0,0,3180,52.1952,16.5,84.2,81.78,2.92,42.3529,46.6667,304.547,14.2196,16.095,17.8685,1,10,0,0,10,74.1176,0,15.3137,8.448,0,177.8
4309,46419.840,15.6045,16.9969,12.1296,31,0,0,3285.25,52.1952,13.5,84.2,79.86,2.92,41.5686,46.2745,303.275,14.2196,16.24,17.5366,1,10,0,0,10,76.0784,0,15.3137,8.704,0,177.8
4310,46419.880,12.6126,16.0781,12.2182,31,0,0,3251.25,52.1952,13.5,84.2,80.2,2.92,42.3529,45.4902,304.362,14.2196,16.24,17.7232,1,10,0,0,10,75.2941,0,15.3137,8.96,0,177.8
4311,46419.920,12.6977,15.0445,12.2182,30,0,0,3216.25,52.8166,17.5,84.2,80.37,2.92,42.3529,45.4902,304.832,14.2196,16.385,17.7232,1,10,0,0,11,75.2941,0,15.3137,9.472,0,177.8
4312,46419.960,12.4869,14.4703,12.1296,30,0,0,3299.25,52.8166,17.5,84.2,80.66,2.94,42.3529,45.8824,304.746,14.2196,16.675,17.7209,1,10,0,0,12,75.6863,0,15.3137,9.472,0,177.8
4313,46420.000,12.1079,14.0109,12.0326,30,0,0,3295,52.8166,17.5,84.2,84.11,2.96,43.1373,46.2745,305.452,14.2196,16.675,17.7791,1,10,0,0,13,75.2941,0,15.3137,9.728,0,177.8
4314,46420.040,11.8545,13.5516,12.0326,30,0,0,3255.5,52.8166,17,84.2,82.55,2.96,43.1373,46.6667,305.857,14.2196,16.965,17.7791,1,10,0,0,14,75.2941,0,15.3137,9.984,0,177.8
4315,46420.080,11.6012,13.0922,11.923,30,0,0,3287.75,52.8166,17,84.2,83.48,2.98,43.9216,46.6667,306.9,14.2196,17.11,17.8151,1,10,0,0,15,75.6863,0,15.3137,9.984,0,177.8
4316,46420.120,11.6863,12.7477,11.923,30,0,0,3308,52.8166,17,84.2,85.08,2.98,44.7059,47.451,307.267,14.2196,17.255,17.8151,1,10,0,0,16,75.6863,0,15.3137,9.984,0,177.8
4317,46420.160,11.3072,12.4031,11.8061,30,0,0,3277.5,53.4379,17,84.2,85.71,3,44.7059,47.451,307.326,14.2196,17.4,17.8743,1,10,0,0,17,74.902,0,15.3137,10.24,0,177.8
4318,46420.200,11.6437,12.0586,11.6824,30,0,0,3299.75,53.4379,17,84.2,85.22,3,44.3137,47.451,307.052,14.2196,17.69,17.8458,1,10,0,0,18,75.2941,0,15.3137,10.496,0,177.8
4319,46420.240,11.518,11.7141,11.6824,30,0,0,3342.25,53.4379,17,84.2,86.2,3.02,43.9216,47.451,306.871,14.2196,17.69,17.8458,1,10,0,0,18,75.2941,0,15.3137,10.496,0,177.8
4320,46420.280,11.5586,11.3695,11.5613,30,0,0,3297.25,53.4379,17,84.2,87.37,3.02,43.1373,47.0588,305.792,14.2196,17.98,17.8447,1,10,0,0,19,74.902,0,15.3137,10.496,0,177.8
4321,46420.320,11.518,11.1398,11.5835,30,0,0,3299,53.4379,16.5,84.2,87.2,3.02,42.3529,46.2745,304.699,14.2196,18.125,17.7454,1,10,0,0,19,75.2941,0,15.3137,10.496,0,177.8
4322,46420.360,11.5586,11.1398,11.5835,30,0,0,3344.25,53.4379,16.5,84.2,88.87,3.06,42.3529,46.2745,304.694,14.2196,18.27,17.7454,1,10,0,0,20,75.2941,0,15.3137,10.496,0,177.8
4323,46420.400,11.4755,11.1398,11.6193,30,0,0,3351,54.0593,16.5,84.2,89.45,3.06,41.9608,45.8824,303.952,14.2196,18.27,17.754,1,10,0,0,20,74.902,0,15.3137,10.496,0,177.8
4324,46420.440,11.6012,11.1398,11.6193,30,0,0,3332.25,54.0593,16.5,84.2,91.88,3.08,40.7843,45.098,302.111,14.2196,18.56,17.754,1,10,0,0,20,74.902,0,15.3137,10.752,0,177.8
4325,46420.480,11.6863,11.1398,11.6598,30,0,0,3339.75,54.0593,16,84.2,89.62,3.06,39.6078,43.9216,300.642,14.2196,18.56,17.6252,1,10,0,0,20,74.902,0,15.3137,10.752,0,177.8
4326,46420.520,12.4444,11.1398,11.7006,30,0,0,3371.25,54.0593,16,84.2,91.88,3.08,39.6078,43.5294,300.626,14.2196,18.705,17.5986,1,10,0,0,21,74.5098,0,15.3137,10.752,0,177.8
4327,46420.560,12.1485,11.1398,11.7006,30,0,0,3371.25,54.6807,16,84.2,98.6,3.1,39.6078,43.5294,300.24,14.2196,18.85,17.5986,1,10,0,0,21,74.5098,0,15.3137,11.008,0,177.8
4328,46420.600,12.2336,11.1398,11.7051,30,0,0,3370.5,54.6807,16,84.2,96.84,3.1,38.8235,43.5294,299.126,14.2196,18.995,17.5531,1,10,0,0,22,74.5098,0,15.3137,11.008,0,177.8
4329,46420.640,12.3187,11.1398,11.6915,30,0,0,3386.5,54.6807,15.5,84.2,98.01,3.1,38.0392,42.7451,298.013,14.2196,19.14,17.4674,1,10,0,0,22,74.5098,0,15.3137,11.264,0,177.8
4330,46420.680,12.1485,11.1398,11.6915,30,0,0,3380,54.6807,15.5,84.2,102.12,3.12,37.2549,42.3529,296.886,14.2196,19.14,17.4674,1,10,0,0,22,74.5098,0,15.3137,11.52,0,177.8
4331,46420.720,12.2761,11.1398,11.687,30,0,0,3402.75,54.6807,15.5,84.2,103.3,3.12,36.0784,41.5686,294.956,14.2196,19.285,17.3424,1,10,0,0,23,74.5098,0,15.3137,11.52,0,177.8
4332,46420.760,12.0653,11.1398,11.687,30,0,0,3411.25,54.6807,15,84.2,105.65,3.14,34.902,40.7843,293.392,14.2196,19.285,17.3424,1,10,0,0,24,74.5098,0,15.3137,11.776,0,177.8
4333,46420.800,11.9802,11.1398,11.687,30,0,0,3407.5,55.302,15,84.2,107.41,3.14,33.7255,40,291.444,14.2196,19.43,17.1962,1,10,0,0,24,74.1176,0,15.3137,12.032,0,177.8
4334,46420.840,11.7694,11.1398,11.696,30,0,0,3417.25,55.302,15,84.2,105.06,3.12,32.549,39.2157,289.889,14.2196,19.43,17.0411,1,10,0,0,25,74.1176,0,15.3137,12.032,0,177.8
4335,46420.880,11.812,11.1398,11.696,30,0,0,3446,55.302,14.5,84.2,108.59,3.14,32.549,38.4314,289.49,14.2196,19.43,17.0411,1,10,0,0,25,74.1176,0,15.3137,12.032,0,177.8
4336,46420.920,11.6863,11.1398,11.7188,30,0,0,3435.25,55.302,14.5,84.2,110.84,3.16,32.549,38.0392,289.472,14.2196,19.43,17.0322,1,10,0,0,26,74.1176,0,15.3137,12.288,0,177.8
4337,46420.960,11.7288,11.1398,11.7325,30,0,0,3421.5,55.9234,14.5,84.2,113.51,3.18,32.549,38.0392,289.458,14.2196,19.575,16.9977,1,10,0,0,26,74.1176,0,15.3137,12.288,0,177.8
4338,46421.000,11.7288,11.1398,11.7325,30,0,0,3466.5,55.9234,14,84.2,113.17,3.16,32.549,38.0392,289.451,14.2196,19.72,16.9977,1,10,0,0,26,74.1176,0,15.3137,12.544,0,177.8
4339,46421.040,11.4329,11.1398,11.7097,30,0,0,3474,55.9234,14,84.2,116.19,3.2,32.549,38.4314,289.433,14.2196,19.865,17.0348,1,10,0,0,26,73.7255,0,15.3137,12.544,0,177.8
4340,46421.080,11.3904,11.1398,11.7097,30,0,0,3459.5,55.9234,14.5,84.2,117.53,3.2,32.1569,38.4314,289.029,14.2196,19.865,17.0348,1,10,0,0,26,73.7255,0,15.3137,12.8,0,177.8
4341,46421.120,11.6012,11.1398,11.687,30,0,0,3481,55.9234,14,84.2,117.2,3.2,31.3725,38.0392,287.872,14.2196,20.155,16.9857,1,10,0,0,26,73.7255,0,15.3137,12.8,0,177.8
4342,46421.160,11.6437,11.1398,11.6734,30,0,0,3487.25,55.9234,13.5,84.2,117.87,3.22,30.9804,37.6471,286.72,14.2196,20.155,16.8994,1,10,0,0,26,73.7255,0,15.3137,12.8,0,177.8
4343,46421.200,11.5586,11.1398,11.6734,30,0,0,3478.25,56.5448,14,84.2,117.2,3.18,30.5882,36.4706,285.055,14.2196,20.155,16.8994,1,10,0,0,26,73.7255,0,15.3137,13.056,0,177.8
4344,46421.240,11.4329,11.1398,11.696,30,0,0,3500.25,56.5448,14,84.2,114.18,3.18,29.4118,34.902,276.666,14.2196,20.155,16.5592,1,10,0,0,26,73.7255,0,15.3137,12.8,0,177.8
4345,46421.280,11.5586,11.1398,11.7554,30,0,0,3514.5,56.5448,13.5,84.2,112.84,3.16,25.098,33.3333,249.348,14.2196,20.01,14.9836,1,10,0,0,26,76.4706,0,15.3137,12.544,0,177.8
4346,46421.320,10.7173,11.1398,11.7554,30,0,0,3503.75,56.5448,14.5,84.2,102.12,3.08,10.1961,27.8431,74.5076,14.2196,19.575,14.9836,1,10,0,0,26,76.4706,0,15.3137,12.032,0,177.8
4347,46421.360,10.8856,11.1398,12.7458,30,0,0,3490,57.1662,16.5,84.2,52.15,2.46,0,16.4706,0,14.2196,16.095,-8.54601,1,10,0,0,26,72.549,0,0,9.472,0,177.8
4348,46421.400,10.7579,11.1398,12.7458,30,0,0,3394.25,57.1662,18,84.2,62.01,2.44,0,10.9804,0,14.2196,12.18,-8.54601,1,10,0,0,27,72.549,0,0,6.4,0,177.8
4349,46421.440,10.5491,11.1398,18.9343,30,0,0,3370.5,57.1662,13.5,84.2,23.22,1.98,0,10.1961,0,14.2196,9.28,-8.54599,1,10,0,0,23,0,0,0,4.864,0,177.8
4350,46421.480,10.4214,11.1398,22.7728,30,0,0,3335.25,57.1662,18.5,84.2,11.37,1.62,0,9.80392,0,14.2196,7.83,-8.54597,1,10,0,0,17,0,0,0,3.328,0,177.8
4351,46421.520,10.5897,11.1398,22.7728,30,-.78125,0,3313.25,56.5448,21.5,84.2,9.42,1.6,0,9.80392,0,14.2196,6.96,-8.54597,1,10,0,0,10,0,0,0,2.816,0,177.8
4352,46421.560,10.4214,11.1398,21.0382,30,-1.5625,0,3279,56.5448,24.5,84.2,8.62,1.56,0,9.80392,0,14.2196,6.235,-8.54596,1,10,0,0,7,0,0,0,2.56,0,177.8
4353,46421.600,10.5491,11.1398,18.0381,30,-2.34375,-.78125,3235.5,56.5448,25,84.2,8.68,1.58,0,9.80392,0,14.2196,5.655,-8.54595,1,10,0,0,5,0,0,0,2.304,0,177.8
4354,46421.640,10.4214,11.1398,18.0381,30,-3.125,-.78125,3209.75,56.5448,24,84.2,8.12,1.56,0,9.41177,0,14.2196,5.365,-8.54595,1,10,0,0,3,0,0,0,2.048,0,177.8
4355,46421.680,10.2106,11.1398,16.1165,30,-3.90625,-.78125,3188,56.5448,23.5,84.2,8.16,1.54,0,9.41177,0,14.2196,5.22,-8.56336,1,10,0,0,2,0,0,0,1.792,0,177.8
4356,46421.720,10.843,11.1398,16.1165,30,-4.6875,-.78125,3167.25,56.5448,23,84.2,8.1,1.54,0,9.01961,0,14.2196,4.93,-8.56336,1,10,0,0,1,0,0,0,0,0,177.8
4357,46421.760,10.7579,11.1398,14.2748,30,-5.46875,-.78125,3118.25,56.5448,22,84.2,8.18,1.56,0,9.01961,0,14.2196,4.785,-8.60377,1,10,0,0,1,0,0,0,0,0,177.8
4358,46421.800,10.5897,11.1398,14.2748,30,-7.03125,-.78125,3046.25,56.5448,21.5,84.2,7.94,1.54,0,9.01961,0,14.2196,4.64,-8.9303,1,10,0,0,0,0,0,0,0,0,177.8
4359,46421.840,10.7173,11.1398,14.2748,30,-7.8125,-.78125,2961.25,56.5448,20.5,84.2,8.56,1.58,0,9.01961,0,14.2196,4.495,-8.9303,1,10,0,0,1,0,0,0,0,0,177.8
4360,46421.880,11.4755,11.1398,14.2748,30,-8.59375,-.78125,2870.5,56.5448,20,84.2,8.05,1.54,0,8.62745,0,14.2196,4.495,-9.23038,1,10,0,0,0,0,0,0,0,0,177.8
4361,46421.920,12.1485,11.3695,14.2748,30,-9.375,-.78125,2773,56.5448,20,84.2,8.02,1.54,0,8.62745,0,14.2196,4.495,-9.53199,1,10,0,0,0,0,0,0,0,0,177.8
4362,46421.960,13.0768,11.5992,14.2748,30,0,-.78125,2661.75,56.5448,20,84.2,7.86,1.52,0,8.23529,0,14.2196,4.35,-9.53199,1,10,0,0,0,0,0,0,0,0,177.8
4363,46422.000,13.9181,11.9437,14.2748,30,0,-.78125,2581.25,56.5448,20,84.2,7.84,1.5,0,7.84314,0,14.2196,4.35,-9.53197,1,10,0,0,0,0,0,0,0,0,177.8
4364,46422.040,14.1289,12.2883,14.2748,30,0,-.78125,2466.5,56.5448,20,84.2,7.65,1.48,0,7.84314,0,14.2196,4.35,-9.53197,1,10,0,0,0,0,0,0,0,0,176
4365,46422.080,14.9721,12.6328,14.2748,30,0,-.78125,2358.5,56.5448,20,84.2,7.28,1.48,0,7.45098,0,14.2196,4.205,-9.5319,1,10,0,0,0,0,0,0,0,0,176
4366,46422.120,16.8268,13.0922,14.3292,30,0,-.78125,2263,56.5448,20,84.2,7.51,1.48,0,7.45098,0,14.2196,4.205,-9.53188,1,10,0,0,0,0,0,0,0,0,176
4367,46422.160,19.5228,13.4367,14.3292,30,0,-.78125,2141,56.5448,20,84.2,7.4,1.48,0,7.84314,0,14.2196,4.205,-9.53188,1,10,0,0,0,0,0,0,0,0,176
4368,46422.200,19.7762,13.8961,14.5508,30,0,-.78125,2062,56.5448,20,84.2,7.37,1.5,.392157,8.23529,3.44726,14.2196,4.205,-9.53187,1,10,0,0,0,0,0,0,1.792,0,176
4369,46422.240,19.9851,14.3555,14.5578,29,0,-.78125,1946.5,56.5448,20.5,84.2,8,1.54,6.27451,9.01961,61.3828,14.2196,4.205,-7.02401,1,10,0,0,0,73.7255,0,0,1.792,0,176
4370,46422.280,19.9019,14.9297,14.5578,29,0,-.78125,1887.25,56.5448,21.5,84.2,10.79,1.74,13.3333,14.1176,128.975,14.2196,4.35,-7.02401,1,10,0,0,0,73.7255,0,0,1.792,0,176
4371,46422.320,19.9851,15.8484,10.8177,29,0,-.78125,1889.5,55.9234,22,84.2,19.51,2.16,20,20.7843,179.06,14.2196,6.09,-.0800014,1,10,0,0,2,74.902,0,0,3.072,0,176
4372,46422.360,19.8593,16.7672,10.8177,29,0,-.78125,1881.75,55.9234,22.5,84.2,39.46,2.48,24.7059,26.2745,211.047,14.2196,9.425,-.0800014,1,10,0,0,5,74.902,0,0,4.352,0,176
4373,46422.400,19.9444,17.8008,8.49961,29,0,0,1998.25,55.9234,11.5,84.2,49.71,2.66,27.8431,30.5882,218.991,14.2196,11.89,2.91308,1,10,0,0,5,74.902,0,0,5.888,0,176
4374,46422.440,15.8153,18.2602,10.0755,29,0,0,2300.5,55.9234,9.5,84.2,51.39,2.64,31.3725,32.9412,266.236,14.2196,13.63,4.79897,1,10,0,0,6,74.902,0,0,6.656,0,176
4375,46422.480,14.7613,17.2266,10.0755,29,0,0,2345.25,55.9234,8,84.2,50.42,2.64,35.2941,36.4706,279.892,14.2196,14.065,4.79897,1,10,0,0,9,74.902,0,0,7.168,0,176
4376,46422.520,16.4052,16.3078,10.7252,29,0,0,2133.75,55.9234,14.5,84.2,50.8,2.56,34.5098,37.2549,248.776,14.2196,14.645,5.17345,1,10,0,0,10,74.902,0,0,7.936,0,176
4377,46422.560,15.0978,15.6187,12.4045,29,0,0,2271.25,55.9234,11,84.2,47.02,2.56,34.5098,37.2549,268.537,14.2196,14.935,5.3026,1,10,0,0,11,74.902,0,0,7.168,0,176
4378,46422.600,13.4133,14.7,12.4045,29,0,0,2194.25,55.9234,10.5,84.2,47.83,2.56,34.902,37.2549,258.133,14.2196,14.935,5.3026,1,10,0,0,12,74.902,0,0,7.424,0,176
4379,46422.640,12.3187,14.2406,12.3688,29,0,0,2229.25,55.9234,14.5,84.2,46.39,2.54,34.902,37.2549,263.086,14.2196,14.935,4.76443,1,10,0,0,12,74.902,0,0,7.68,0,176
4380,46422.680,13.1174,13.7813,12.3688,29,0,0,2248.5,55.9234,14.5,84.2,47.49,2.54,35.2941,37.6471,266.669,14.2196,15.08,4.76443,1,10,0,0,12,74.902,0,0,7.936,0,176
4381,46422.720,13.16,13.3219,12.3283,29,0,0,2186.75,56.5448,14.5,84.2,47.26,2.54,35.2941,37.6471,257.519,14.2196,15.08,5.19444,1,10,0,0,11,74.902,0,0,7.936,0,176
4382,46422.760,13.0768,12.9773,12.268,29,0,0,2262,56.5448,14.5,84.2,46.9,2.56,35.2941,37.6471,268.564,14.2196,15.225,5.17218,1,10,0,0,11,74.902,0,0,8.192,0,176
4383,46422.800,12.866,12.8625,12.268,29,0,0,2217.75,56.5448,14.5,86,47.02,2.56,35.2941,37.6471,262.31,14.2196,15.08,5.17218,1,10,0,0,12,74.902,0,0,8.192,0,176
4384,46422.840,12.6126,12.518,12.2132,29,0,0,2208.75,56.5448,14.5,86,47.02,2.54,35.6863,37.6471,261.492,14.2196,15.225,4.86601,1,10,0,0,11,74.902,0,0,8.192,0,176
4385,46422.880,12.3593,12.4031,12.1443,29,0,0,2268.25,56.5448,14.5,86,47.6,2.56,35.6863,38.0392,269.886,14.2196,15.225,5.33396,1,10,0,0,11,74.902,0,0,8.192,0,176
4386,46422.920,12.191,12.1734,12.1443,29,0,0,2194.75,56.5448,15,86,47.38,2.54,35.2941,38.0392,263.442,14.2196,15.225,5.33396,1,10,0,0,11,74.902,0,0,8.448,0,176
4387,46422.960,12.0653,12.0586,12.0906,29,0,0,2266.25,56.5448,14,86,47.02,2.54,35.6863,38.0392,263.716,14.2196,15.37,5.02906,1,10,0,0,11,74.902,0,0,8.448,0,176
4388,46423.000,12.1079,11.9437,12.0906,29,0,0,2221.75,56.5448,14.5,86,47.61,2.54,35.6863,38.0392,264.559,14.2196,15.37,5.02906,1,10,0,0,11,74.902,0,0,8.448,0,176
4389,46423.040,11.8971,11.8289,12.0182,29,0,0,2224,56.5448,14.5,86,47.61,2.54,35.6863,38.0392,264.597,14.2196,15.37,5.0831,1,10,0,0,11,74.902,0,0,8.448,0,176
4390,46423.080,11.8545,11.8289,12.0134,29,0,0,2258,56.5448,14,86,47.71,2.56,35.6863,38.0392,264.758,14.2196,15.37,5.20518,1,10,0,0,11,74.902,0,0,8.448,0,176
4391,46423.120,11.812,11.7141,12.0134,29,0,0,2219.75,56.5448,15,86,47.38,2.54,35.6863,38.0392,265.456,14.2196,15.37,5.20518,1,10,0,0,11,74.902,0,0,8.448,0,176
4392,46423.160,11.9377,11.5992,12.1492,29,0,0,2255,56.5448,14,86,47.72,2.56,35.6863,38.0392,265.228,14.2196,15.515,5.07922,1,10,0,0,11,74.902,0,0,8.448,0,176
4393,46423.200,11.8545,11.5992,12.1786,29,0,0,2241,56.5448,14.5,86,48.47,2.58,35.6863,38.0392,265.785,14.2196,15.515,5.15335,1,10,0,0,11,74.902,0,0,8.448,0,176
4394,46423.240,11.6012,11.5992,12.1786,29,0,0,2243.75,56.5448,14,86,47.94,2.56,35.2941,38.0392,265.309,14.2196,15.515,5.15335,1,10,0,0,11,74.902,0,0,8.448,0,176
4395,46423.280,11.8545,11.5992,12.1934,29,0,0,2260.5,56.5448,14,86,47.94,2.58,35.2941,38.0392,265.158,14.2196,15.515,5.18398,1,10,0,0,11,74.902,0,0,8.448,0,176
4396,46423.320,11.812,11.5992,12.1934,29,0,0,2228.75,56.5448,14,86,48.37,2.56,35.2941,38.0392,265.428,14.2196,15.515,5.18398,1,10,0,0,11,74.902,0,0,8.448,0,176
4397,46423.360,11.8545,11.5992,12.288,29,0,0,2267,56.5448,14,86,48.47,2.58,35.2941,37.6471,265.445,14.2196,15.515,5.10263,1,10,0,0,11,74.902,0,0,8.448,0,176
4398,46423.400,11.8971,11.5992,12.3131,29,0,0,2228.25,56.5448,14.5,86,48.47,2.56,34.902,37.6471,265.396,14.2196,15.66,5.16613,1,10,0,0,11,74.902,0,0,8.448,0,176
4399,46423.440,11.7694,11.5992,12.3131,29,0,0,2270.75,56.5448,14.5,86,47.94,2.56,34.902,37.6471,265.315,14.2196,15.66,5.16613,1,10,0,0,11,74.902,0,0,8.448,0,176
4400,46423.480,11.8545,11.5992,12.3434,29,0,0,2249.75,56.5448,14.5,86,49.01,2.58,34.902,37.6471,265.844,14.2196,15.66,5.20336,1,10,0,0,11,74.902,0,0,8.448,0,176
4401,46423.520,11.8971,11.7141,12.4147,29,0,0,2245.5,57.1662,14.5,86,48.37,2.58,34.902,37.6471,266.075,14.2196,15.66,5.17133,1,10,0,0,11,74.902,0,0,8.448,0,176
4402,46423.560,11.9377,11.7141,12.4147,29,0,0,2267,57.1662,14,86,48.04,2.56,35.2941,37.6471,266.529,14.2196,15.66,5.17133,1,10,0,0,11,74.902,0,0,8.448,0,176
4403,46423.600,11.812,11.7141,12.4096,29,0,0,2259.25,57.1662,14.5,86,48.37,2.58,35.2941,37.6471,267.061,14.2196,15.66,5.2713,1,10,0,0,12,74.902,0,0,8.448,0,176
4404,46423.640,11.9802,11.7141,12.4096,29,0,0,2254.5,57.1662,14,86,48.79,2.58,35.2941,38.0392,267.583,14.2196,15.805,5.2713,1,10,0,0,11,74.902,0,0,8.448,0,176
4405,46423.680,12.0228,11.8289,12.4764,29,0,0,2277.5,57.1662,14.5,86,49.22,2.6,35.2941,38.0392,267.871,14.2196,15.805,5.2336,1,10,0,0,11,74.902,0,0,8.448,0,176
4406,46423.720,12.0228,11.8289,12.4971,29,0,0,2254.5,57.1662,14.5,86,49.01,2.58,35.2941,38.0392,268.333,14.2196,15.805,5.29083,1,10,0,0,12,74.902,0,0,8.448,0,176
4407,46423.760,12.0228,11.9437,12.4971,29,0,0,2282.5,57.1662,14.5,86,49.01,2.58,35.2941,38.0392,268.445,14.2196,15.805,5.29083,1,10,0,0,12,74.902,0,0,8.448,0,176
4408,46423.800,12.866,11.9437,12.5179,29,0,0,2264.75,57.1662,14,86,49.33,2.58,35.2941,38.0392,268.98,14.2196,15.805,5.30605,1,10,0,0,12,74.902,0,0,8.448,0,176
4409,46423.840,12.7809,11.9437,12.5545,29,0,0,2271.5,57.1662,14.5,86,48.9,2.58,35.2941,38.0392,268.706,14.2196,15.805,5.30853,1,10,0,0,12,74.902,0,0,8.448,0,176
4410,46423.880,12.866,11.9437,12.5545,29,0,0,2273.75,57.1662,14,86,49.01,2.6,34.902,38.0392,268.38,14.2196,15.95,5.30853,1,10,0,0,12,74.902,0,0,8.192,0,176
4411,46423.920,12.9085,11.9437,12.5912,29,0,0,2281,57.1662,14.5,86,48.9,2.6,34.902,37.6471,268.697,14.2196,15.95,5.29292,1,10,0,0,12,74.902,0,0,8.448,0,176
4412,46423.960,12.7384,12.0586,12.5912,29,0,0,2269.25,57.1662,14,86,49.44,2.6,34.5098,37.6471,268.05,14.2196,15.95,5.29292,1,10,0,0,12,74.902,0,0,8.192,0,176
4413,46424.000,12.7384,12.0586,12.6176,29,0,0,2272.25,57.7875,14.5,86,49.22,2.6,34.1176,37.6471,267.774,14.2196,15.95,5.28404,1,10,0,0,12,74.902,0,0,8.192,0,176
4414,46424.040,12.7384,12.0586,12.6123,29,0,0,2281.5,57.7875,14,86,49.01,2.6,34.1176,37.2549,268.019,14.2196,15.95,5.34231,1,10,0,0,12,74.902,0,0,8.192,0,176
4415,46424.080,12.8234,12.0586,12.6123,29,0,0,2277.75,57.7875,15,86,49.22,2.62,34.1176,37.2549,267.691,14.2196,15.95,5.34231,1,10,0,0,12,74.902,0,0,8.192,0,176
4416,46424.120,12.866,12.0586,12.676,29,0,0,2274.5,57.7875,14,86,49.44,2.6,34.1176,37.2549,267.766,14.2196,15.95,5.27303,1,10,0,0,12,74.902,0,0,8.192,0,176
4417,46424.160,12.866,12.1734,12.6921,29,0,0,2278.5,57.7875,14.5,86,49.54,2.6,34.1176,37.2549,267.968,14.2196,15.95,5.30446,1,10,0,0,12,74.902,0,0,8.192,0,176
4418,46424.200,12.8234,12.1734,12.6921,29,0,0,2284.75,57.7875,14,86,49.54,2.62,34.1176,37.2549,268.715,14.2196,15.95,5.30446,1,10,0,0,12,74.902,0,0,8.192,0,176
4419,46424.240,12.7809,12.1734,12.7243,29,0,0,2283.5,57.7875,15,86,49.54,2.6,34.1176,37.2549,268.436,14.2196,15.95,5.29902,1,10,0,0,12,74.902,0,0,8.192,0,176
4420,46424.280,13.0343,12.1734,12.7243,29,0,0,2275.25,57.7875,14.5,86,49.76,2.6,34.1176,37.2549,268.836,14.2196,15.95,5.29902,1,10,0,0,12,74.902,0,0,8.192,0,176
4421,46424.320,13.0343,12.1734,12.7081,29,0,0,2273,57.7875,14.5,86,49.76,2.6,34.5098,37.2549,269.675,14.2196,15.95,5.38718,1,10,0,0,12,74.902,0,0,8.192,0,176
4422,46424.360,13.16,12.2883,12.7512,29,0,0,2295.5,57.7875,14.5,86,50.46,2.62,34.5098,37.2549,269.774,14.2196,15.95,5.36647,1,10,0,0,12,74.902,0,0,8.192,0,176
4423,46424.400,13.0768,12.2883,12.7512,29,0,0,2285,57.7875,14,84.2,49.87,2.6,34.1176,37.6471,269.612,14.2196,16.095,5.36647,1,10,0,0,12,74.902,0,0,8.192,0,176
4424,46424.440,13.0768,12.1734,12.7566,29,0,0,2293.5,57.7875,14.5,84.2,49.76,2.6,34.1176,37.2549,269.73,14.2196,16.095,5.3816,1,10,0,0,12,74.902,0,0,8.192,0,176
4425,46424.480,13.0768,12.2883,12.7512,29,0,0,2290.25,57.7875,14,84.2,50.42,2.6,34.1176,37.2549,269.848,14.2196,16.095,5.42496,1,10,0,0,12,74.902,0,0,8.192,0,176
4426,46424.520,12.9917,12.2883,12.7512,29,0,0,2288.25,57.7875,15,84.2,50.19,2.6,34.5098,37.2549,270.5,14.2196,16.095,5.42496,1,10,0,0,12,74.902,0,0,8.192,0,176
4427,46424.560,13.0768,12.2883,12.7891,29,0,0,2295.5,57.7875,14,84.2,50.42,2.6,34.5098,37.6471,270.59,14.2196,16.095,5.38172,1,10,0,0,13,74.902,0,0,8.192,0,176
4428,46424.600,13.0768,12.2883,12.7891,29,0,0,2293.25,57.7875,14.5,84.2,50.31,2.62,34.5098,37.6471,270.826,14.2196,16.095,5.38172,1,10,0,0,13,74.902,0,0,8.192,0,176
4429,46424.640,13.1174,12.4031,12.7891,29,0,0,2294.5,57.7875,14,84.2,50.57,2.6,34.5098,37.6471,271.323,14.2196,16.095,5.43074,1,10,0,0,12,74.902,0,0,8.192,0,176
4430,46424.680,13.3708,12.4031,12.8,29,0,0,2300.75,57.7875,14.5,84.2,50.86,2.64,34.5098,37.6471,271.704,14.2196,16.24,5.46148,1,10,0,0,12,74.902,0,0,8.192,0,176
4431,46424.720,13.2025,12.4031,12.8,29,0,0,2297.25,57.7875,14.5,84.2,50.42,2.62,34.5098,38.0392,271.751,14.2196,16.24,5.46148,1,10,0,0,13,74.902,0,0,8.192,0,176
4432,46424.760,13.0768,12.4031,12.7946,29,0,0,2316,57.7875,14.5,84.2,50.31,2.64,35.2941,38.0392,273.025,14.2196,16.24,5.52431,1,10,0,0,13,74.902,0,0,8.192,0,176
4433,46424.800,13.2451,12.4031,12.8218,29,0,0,2293.5,58.4089,14.5,84.2,51.24,2.62,34.902,38.0392,272.836,14.2196,16.24,5.49384,1,10,0,0,13,74.902,0,0,8.192,0,176
4434,46424.840,13.2025,12.4031,12.8218,29,0,0,2310.25,58.4089,14.5,84.2,50.31,2.64,34.902,38.0392,272.914,14.2196,16.24,5.49384,1,10,0,0,13,74.902,0,0,8.192,0,176
4435,46424.880,13.0768,12.4031,12.8,29,0,0,2300.5,58.4089,14,84.2,50.68,2.64,34.902,38.0392,273.279,14.2196,16.24,5.5919,1,10,0,0,13,74.902,0,0,8.192,0,176
4436,46424.920,13.2876,12.518,12.8,29,0,0,2306.5,58.4089,14.5,84.2,50.42,2.62,34.5098,38.0392,272.288,14.2196,16.24,5.5919,1,10,0,0,13,74.902,0,0,8.192,0,176
4437,46424.960,13.4133,12.518,12.8382,29,0,0,2316.75,58.4089,14.5,84.2,51.39,2.62,34.1176,37.6471,271.873,14.2196,16.24,5.48725,1,10,0,0,13,74.902,0,0,8.448,0,176
4438,46425.000,13.2451,12.518,12.8492,29,0,0,2279,58.4089,14.5,84.2,51.39,2.62,34.1176,37.2549,271.592,14.2196,16.24,5.48993,1,10,0,0,13,74.902,0,0,8.192,0,176
4439,46425.040,13.4559,12.518,12.8492,29,0,0,2325.75,58.4089,14.5,84.2,50.61,2.62,34.1176,37.2549,271.901,14.2196,16.24,5.48993,1,10,0,0,13,74.902,0,0,8.192,0,176
4440,46425.080,13.3282,12.518,12.8492,29,0,0,2293,58.4089,14.5,84.2,51.24,2.62,34.1176,37.2549,271.892,14.2196,16.24,5.51807,1,10,0,0,14,74.902,0,0,8.448,0,176
4441,46425.120,13.3708,12.518,12.8932,29,0,0,2315,58.4089,14.5,84.2,50.86,2.6,34.1176,37.2549,272.14,14.2196,16.24,5.42722,1,10,0,0,13,74.902,0,0,8.448,0,176
4442,46425.160,13.16,12.518,12.8932,29,0,0,2317.25,58.4089,14,84.2,52.13,2.64,34.1176,37.2549,272.351,14.2196,16.385,5.42722,1,10,0,0,13,74.902,0,0,8.448,0,176
4443,46425.200,12.7809,12.518,12.8547,29,0,0,2298.25,58.4089,15,84.2,51.24,2.62,34.1176,37.6471,272.609,14.2196,16.385,5.55058,1,10,0,0,13,74.902,0,0,8.448,0,176
4444,46425.240,12.7384,12.518,12.8547,29,0,0,2318.75,58.4089,14,84.2,50.72,2.64,34.1176,37.6471,272.6,14.2196,16.385,5.55058,1,10,0,0,13,74.902,0,0,8.448,0,176
4445,46425.280,12.6552,12.518,12.8601,29,0,0,2317.25,58.4089,14.5,84.2,51.54,2.64,34.1176,37.2549,272.424,14.2196,16.385,5.55927,1,10,0,0,14,74.902,0,0,8.448,0,176
4446,46425.320,12.5701,12.518,12.8822,30,0,0,2300.25,58.4089,14.5,84.2,51.54,2.62,34.1176,37.2549,272.37,14.2196,16.385,5.52478,1,10,0,0,13,74.902,0,0,8.448,0,176
4447,46425.360,12.5275,12.518,12.8822,30,0,0,2320.75,58.4089,14,84.2,51.1,2.64,34.1176,37.2549,272.572,14.2196,16.385,5.52478,1,10,0,0,13,74.902,0,0,8.448,0,176
4448,46425.400,12.4869,12.518,12.8932,30,0,0,2305.5,58.4089,14.5,84.2,50.82,2.64,34.1176,37.2549,272.69,14.2196,16.385,5.5206,1,10,0,0,14,74.902,0,0,8.448,0,176
4449,46425.440,12.6126,12.518,12.8822,30,0,0,2320.75,58.4089,14.5,84.2,51.39,2.64,34.1176,37.2549,272.874,14.2196,16.385,5.57454,1,10,0,0,14,74.902,0,0,8.448,0,176
4450,46425.480,12.6977,12.518,12.8822,30,0,0,2328.75,58.4089,14.5,84.2,51.69,2.64,34.1176,37.6471,273.38,14.2196,16.385,5.57454,1,10,0,0,14,74.902,0,0,8.448,0,176
4451,46425.520,12.6552,12.518,12.8932,30,0,0,2309.5,58.4089,14.5,84.2,51.84,2.62,34.1176,37.6471,273.542,14.2196,16.385,5.56894,1,10,0,0,13,74.902,0,0,8.448,0,176
4452,46425.560,12.5701,12.6328,12.8932,30,0,0,2325.5,58.4089,14.5,84.2,51.39,2.64,34.1176,37.6471,273.684,14.2196,16.385,5.56894,1,10,0,0,13,74.902,0,0,8.448,0,176
4453,46425.600,12.6126,12.6328,12.8877,30,0,0,2312.75,58.4089,14.5,84.2,50.97,2.64,34.1176,37.6471,273.396,14.2196,16.385,5.61916,1,10,0,0,14,74.902,0,0,8.448,0,176
4454,46425.640,12.7809,12.6328,12.9153,30,0,0,2324.25,58.4089,14.5,84.2,51.99,2.64,34.1176,37.2549,273.369,14.2196,16.385,5.5455,1,10,0,0,14,74.902,0,0,8.448,0,176
4455,46425.680,12.6552,12.6328,12.9153,30,0,0,2316.25,58.4089,14,84.2,52.28,2.64,34.1176,37.2549,273.357,14.2196,16.53,5.5455,1,10,0,0,13,74.902,0,0,8.448,0,176
4456,46425.720,12.6126,12.6328,12.8877,30,0,0,2317.75,58.4089,14.5,84.2,52.58,2.66,34.1176,37.2549,273.501,14.2196,16.53,5.61842,1,10,0,0,13,74.902,0,0,8.448,0,176
4457,46425.760,12.5701,12.6328,12.9098,30,0,0,2319.75,58.4089,14,84.2,51.24,2.66,34.1176,37.2549,273.524,14.2196,16.53,5.59384,1,10,0,0,14,74.902,0,0,8.448,0,176
4458,46425.800,12.4869,12.6328,12.9098,30,0,0,2329.25,58.4089,15,84.2,51.84,2.64,34.1176,37.2549,273.612,14.2196,16.53,5.59384,1,10,0,0,14,74.902,0,0,8.448,0,176
4459,46425.840,12.4018,12.518,12.9042,30,0,0,2315.75,58.4089,14,84.2,52.28,2.64,34.1176,37.2549,273.773,14.2196,16.53,5.62527,1,10,0,0,14,74.902,0,0,8.448,0,176
4460,46425.880,12.6126,12.518,12.9042,30,0,0,2319.5,58.4089,14.5,84.2,51.84,2.66,34.1176,37.2549,273.936,14.2196,16.53,5.62527,1,10,0,0,14,74.902,0,0,8.448,0,176
4461,46425.920,12.6552,12.6328,12.9209,30,0,0,2321.75,58.4089,14.5,84.2,51.99,2.64,34.1176,37.2549,274.104,14.2196,16.53,5.59521,1,10,0,0,14,74.902,0,0,8.448,0,176
4462,46425.960,12.7384,12.6328,12.9153,30,0,0,2328.75,58.4089,14.5,84.2,51.54,2.64,34.1176,37.2549,274.071,14.2196,16.53,5.63473,1,10,0,0,14,74.902,0,0,8.448,0,176
4463,46426.000,12.8234,12.6328,12.9153,30,0,0,2337.75,59.0303,14.5,84.2,52.43,2.64,34.1176,37.2549,274.417,14.2196,16.53,5.63473,1,10,0,0,14,74.902,0,0,8.448,0,176
4464,46426.040,12.6126,12.518,12.9431,30,0,0,2314.25,59.0303,14.5,84.2,52.43,2.64,33.7255,37.2549,273.796,14.2196,16.53,5.58644,1,10,0,0,14,74.902,0,0,8.448,0,176
4465,46426.080,12.6552,12.6328,12.9153,30,0,0,2338.25,58.4089,14.5,84.2,51.69,2.66,33.7255,37.2549,273.934,14.2196,16.53,5.66365,1,10,0,0,14,74.902,0,0,8.448,0,176
4466,46426.120,12.6552,12.6328,12.9153,30,0,0,2306,58.4089,15,84.2,51.54,2.64,33.7255,37.2549,274.161,14.2196,16.53,5.66365,1,10,0,0,14,74.902,0,0,8.448,0,176
4467,46426.160,12.6126,12.6328,12.9375,30,0,0,2348.75,59.0303,14.5,84.2,51.39,2.64,33.7255,37.2549,274.054,14.2196,16.53,5.60565,1,10,0,0,14,74.902,0,0,8.448,0,176
4468,46426.200,12.4869,12.6328,12.9375,30,0,0,2323.75,59.0303,14.5,84.2,53.17,2.66,33.7255,37.2549,274.518,14.2196,16.53,5.60565,1,10,0,0,14,74.902,0,0,8.448,0,176
4469,46426.240,12.6977,12.6328,12.9431,30,0,0,2319.5,59.0303,14.5,84.2,52.73,2.66,33.7255,37.2549,274.165,14.2196,16.53,5.6013,1,10,0,0,14,74.902,0,0,8.448,0,176
4470,46426.280,12.866,12.6328,12.9042,30,0,0,2338.75,59.0303,14,84.2,52.88,2.66,34.1176,37.2549,274.844,14.2196,16.53,5.69656,1,10,0,0,14,74.902,0,0,8.448,0,176
4471,46426.320,12.9917,12.7477,12.9042,30,0,0,2315.75,59.0303,14.5,84.2,52.28,2.66,34.1176,37.2549,275.026,14.2196,16.53,5.69656,1,10,0,0,14,74.902,0,0,8.448,0,176
4472,46426.360,12.866,12.7477,12.9486,30,0,0,2349.75,59.0303,14.5,84.2,52.58,2.66,34.1176,37.6471,275.017,14.2196,16.53,5.70397,1,10,0,0,14,74.902,0,0,8.448,0,176
4473,46426.400,12.866,12.6328,12.9375,30,0,0,2318.5,59.0303,14.5,84.2,53.17,2.66,34.1176,37.6471,275.712,14.2196,16.53,5.68411,1,10,0,0,14,74.902,0,0,8.448,0,176
4474,46426.440,12.6552,12.6328,12.9375,30,0,0,2340.25,59.0303,14.5,84.2,53.02,2.68,34.1176,37.6471,275.795,14.2196,16.53,5.68411,1,10,0,0,14,74.902,0,0,8.448,0,176
4475,46426.480,12.6977,12.6328,12.9431,30,0,0,2334.25,59.0303,14.5,84.2,52.73,2.66,34.1176,37.6471,276.102,14.2196,16.675,5.70076,1,10,0,0,14,74.902,0,0,8.448,0,176
4476,46426.520,12.866,12.6328,12.9431,30,0,0,2329.5,59.0303,14.5,84.2,52.43,2.66,34.1176,37.6471,275.553,14.2196,16.675,5.70076,1,10,0,0,15,74.902,0,0,8.448,0,176
4477,46426.560,12.6552,12.6328,12.9431,30,0,0,2338.5,59.0303,14.5,84.2,53.02,2.66,34.1176,37.6471,275.494,14.2196,16.675,5.69334,1,10,0,0,14,74.902,0,0,8.448,0,176
4478,46426.600,13.2451,12.6328,12.9486,30,0,0,2322.25,59.0303,15,84.2,52.58,2.66,34.1176,37.6471,275.691,14.2196,16.675,5.71051,1,10,0,0,14,74.902,0,0,8.448,0,176
4479,46426.640,13.3708,12.6328,12.9486,30,0,0,2343.5,59.0303,14.5,84.2,53.17,2.66,34.1176,37.6471,275.748,14.2196,16.675,5.71051,1,10,0,0,14,74.902,0,0,8.448,0,176
4480,46426.680,13.2876,12.6328,12.932,30,0,0,2325,59.0303,14.5,84.2,52.43,2.66,34.1176,37.6471,275.877,14.2196,16.675,5.74832,1,10,0,0,15,74.902,0,0,8.448,0,176
4481,46426.720,13.3708,12.6328,12.9431,30,0,0,2348.5,59.0303,14.5,84.2,52.13,2.64,34.1176,37.2549,275.863,14.2196,16.675,5.72501,1,10,0,0,15,74.902,0,0,8.448,0,176
4482,46426.760,13.4559,12.6328,12.9431,30,0,0,2311.5,59.0303,14.5,84.2,53.32,2.64,33.7255,37.2549,275.486,14.2196,16.675,5.72501,1,10,0,0,15,74.902,0,0,8.448,0,176
4483,46426.800,13.4133,12.6328,12.9431,30,0,0,2344,59.0303,14.5,84.2,52.73,2.66,33.3333,37.2549,274.46,14.2196,16.675,5.69518,1,10,0,0,15,74.902,0,0,8.448,0,176
4484,46426.840,13.4984,12.6328,12.9431,30,0,0,2324,59.0303,14.5,84.2,52.73,2.66,32.9412,37.2549,274.049,14.2196,16.675,5.69518,1,10,0,0,15,74.902,0,0,8.448,0,176
4485,46426.880,13.2451,12.6328,12.9598,30,0,0,2335.75,59.0303,14.5,84.2,52.73,2.66,32.549,36.4706,273.421,14.2196,16.675,5.62606,1,10,0,0,15,74.902,0,0,8.448,0,176
4486,46426.920,13.2451,12.6328,12.9486,30,0,0,2332.25,59.0303,14.5,84.2,52.88,2.66,32.549,36.4706,273.394,14.2196,16.675,5.65037,1,10,0,0,15,74.902,0,0,8.448,0,176
4487,46426.960,14.0032,12.6328,12.9486,30,0,0,2337,59.0303,14.5,84.2,53.02,2.66,32.549,36.4706,273.119,14.2196,16.675,5.65037,1,10,0,0,15,74.902,0,0,8.448,0,176
4488,46427.000,13.2876,12.6328,12.9821,30,0,0,2360.75,59.0303,14.5,84.2,52.43,2.64,32.549,36.4706,272.969,14.2196,16.675,5.5608,1,10,0,0,15,74.902,0,0,8.448,0,176
4489,46427.040,13.3708,12.6328,12.9431,30,0,0,2323.25,59.0303,14.5,84.2,52.13,2.64,32.549,36.4706,273.928,14.2196,16.675,5.706,1,10,0,0,15,74.902,0,0,8.448,0,176
4490,46427.080,13.2451,12.518,12.9431,30,0,0,2351.5,59.0303,15,84.2,51.84,2.64,32.549,36.4706,273.73,14.2196,16.675,5.706,1,10,0,0,15,74.902,0,0,8.448,0,176
4491,46427.120,13.2876,12.6328,12.9598,30,0,0,2350.75,59.0303,14.5,84.2,52.88,2.66,32.9412,36.8627,274.374,14.2196,16.675,5.67891,1,10,0,0,15,74.902,0,0,8.448,0,176
4492,46427.160,13.4559,12.6328,12.9598,30,0,0,2326,59.0303,15,84.2,53.32,2.66,32.549,36.8627,273.869,14.2196,16.675,5.67891,1,10,0,0,15,74.902,0,0,8.448,0,176
4493,46427.200,13.3282,12.6328,12.9766,30,0,0,2336.25,59.0303,14,84.2,51.99,2.64,32.1569,36.4706,272.989,14.2196,16.675,5.62501,1,10,0,0,15,74.902,0,0,8.448,0,176
4494,46427.240,13.2451,12.7477,12.9654,31,0,0,2344.25,59.0303,14.5,84.2,52.28,2.64,32.1569,36.0784,273.155,14.2196,16.675,5.64008,1,10,0,0,15,74.902,0,0,8.448,0,176
4495,46427.280,13.3282,12.6328,12.9654,31,0,0,2320,59.0303,14.5,84.2,52.88,2.64,32.549,36.0784,273.426,14.2196,16.675,5.64008,1,10,0,0,15,74.902,0,0,8.448,0,176
4496,46427.320,13.4133,12.6328,12.9598,31,0,0,2356.25,59.0303,14.5,84.2,52.73,2.66,32.1569,36.0784,273.107,14.2196,16.675,5.65711,1,10,0,0,15,74.902,0,0,8.448,0,176
4497,46427.360,13.3708,12.7477,12.9934,31,0,0,2323,59.0303,15,84.2,53.17,2.66,32.549,36.0784,274.188,14.2196,16.675,5.62686,1,10,0,0,15,74.902,0,0,8.448,0,176
4498,46427.400,13.4559,12.7477,12.9934,31,0,0,2350.75,59.0303,14,84.2,52.58,2.66,32.9412,36.4706,274.561,14.2196,16.675,5.62686,1,10,0,0,15,74.902,0,0,8.448,0,176
4499,46427.440,13.3282,12.7477,12.9598,31,0,0,2349.75,59.0303,14.5,84.2,52.73,2.66,32.9412,37.2549,274.744,14.2196,16.675,5.74854,1,10,0,0,15,74.902,0,0,8.448,0,176
4500,46427.480,13.4133,12.7477,12.9598,31,0,0,2321.75,59.0303,14.5,84.2,53.47,2.66,32.9412,37.2549,274.827,14.2196,16.675,5.74854,1,10,0,0,15,74.902,0,0,8.448,0,176
4501,46427.520,13.539,12.7477,12.9877,31,0,0,2351,59.0303,14.5,84.2,52.58,2.66,32.549,36.8627,274.171,14.2196,16.675,5.64268,1,10,0,0,15,74.902,0,0,8.448,0,176
4502,46427.560,13.3708,12.7477,12.9542,31,0,0,2327.75,59.0303,14.5,84.2,52.73,2.66,32.549,36.4706,273.879,14.2196,16.675,5.70497,1,10,0,0,15,74.902,0,0,8.448,0,176
4503,46427.600,13.2451,12.7477,12.9542,31,0,0,2348.5,59.0303,15,84.2,52.43,2.64,31.7647,36.0784,272.132,14.2196,16.675,5.70497,1,10,0,0,15,74.902,0,0,8.448,0,176
4504,46427.640,13.4559,12.7477,12.9598,31,0,0,2339.5,59.0303,14.5,84.2,52.43,2.64,31.7647,35.6863,272.88,14.2196,16.675,5.63957,1,10,0,0,15,74.902,0,0,8.448,0,176
4505,46427.680,13.3708,12.6328,12.999,31,0,0,2322.5,59.0303,14.5,84.2,52.43,2.64,31.7647,35.2941,272.721,14.2196,16.675,5.57862,1,10,0,0,15,74.902,0,0,8.448,0,176
4506,46427.720,13.3282,12.6328,12.999,31,0,0,2368.25,59.0303,14,84.2,52.28,2.64,31.7647,35.2941,272.639,14.2196,16.675,5.57862,1,10,0,0,15,74.902,0,0,8.448,0,176
4507,46427.760,13.3282,12.6328,13.0046,31,0,0,2311.5,59.0303,14.5,84.2,52.58,2.66,32.1569,35.2941,273.485,14.2196,16.675,5.62776,1,10,0,0,15,74.902,0,0,8.448,0,176
4508,46427.800,13.3708,12.6328,13.0046,31,0,0,2376.75,59.0303,14,84.2,51.84,2.64,32.549,35.2941,273.695,14.2196,16.675,5.62776,1,10,0,0,15,74.902,0,0,8.448,0,176
4509,46427.840,13.3282,12.6328,12.9598,31,0,0,2326.25,59.0303,15,84.2,53.02,2.66,32.549,35.2941,274.638,14.2196,16.53,5.77212,1,10,0,0,15,74.902,0,0,8.448,0,176
4510,46427.880,13.2876,12.6328,13.0215,31,0,0,2344,59.0303,15,84.2,51.84,2.64,32.549,35.2941,274.013,14.2196,16.53,5.62266,1,10,0,0,15,74.902,0,0,8.448,0,176
4511,46427.920,13.2876,12.7477,13.0215,31,0,0,2353.5,59.0303,14,84.2,52.28,2.66,32.549,35.2941,274.425,14.2196,16.53,5.62266,1,10,0,0,15,74.902,0,0,8.448,0,176
4512,46427.960,13.3282,12.7477,12.999,31,0,0,2329,59.0303,14.5,84.2,52.73,2.64,32.1569,34.5098,273.924,14.2196,16.53,5.69873,1,10,0,0,15,74.902,0,0,8.448,0,176
4513,46428.000,12.8234,12.6328,12.999,31,0,0,2363,59.0303,14.5,84.2,51.99,2.64,32.1569,34.5098,273.659,14.2196,16.53,5.66094,1,10,0,0,15,74.902,0,0,8.448,0,176
4514,46428.040,12.7384,12.7477,12.999,31,0,0,2320.25,59.0303,14.5,84.2,51.69,2.64,32.1569,34.5098,273.807,14.2196,16.53,5.66094,1,10,0,0,15,74.902,0,0,8.448,0,176
4515,46428.080,12.6977,12.6328,12.999,31,0,0,2358.25,59.0303,14.5,84.2,51.69,2.64,32.1569,34.5098,273.702,14.2196,16.53,5.6587,1,10,0,0,15,74.902,0,0,8.192,0,176
4516,46428.120,12.866,12.6328,12.999,31,0,0,2333.5,59.0303,14.5,84.2,52.13,2.64,32.1569,34.5098,273.899,14.2196,16.53,5.6587,1,10,0,0,15,74.902,0,0,8.192,0,176
4517,46428.160,12.7809,12.6328,13.0102,31,0,0,2355.25,59.0303,15,84.2,51.69,2.64,32.549,34.5098,274.212,14.2196,16.53,5.65238,1,10,0,0,15,74.902,0,0,8.192,0,176
4518,46428.200,12.7809,12.6328,12.9821,31,0,0,2342.75,59.0303,14.5,84.2,52.43,2.66,32.549,34.902,274.913,14.2196,16.53,5.75437,1,10,0,0,14,74.902,0,0,8.192,0,176
4519,46428.240,12.7384,12.6328,12.9821,31,0,0,2345.75,59.0303,15,84.2,52.43,2.66,32.549,34.902,274.632,14.2196,16.53,5.75437,1,10,0,0,14,74.902,0,0,8.448,0,176
4520,46428.280,12.9085,12.7477,13.0046,31,0,0,2354.75,59.0303,14.5,84.2,51.39,2.64,32.549,34.902,274.62,14.2196,16.53,5.65688,1,10,0,0,15,74.902,0,0,8.192,0,176
4521,46428.320,12.8234,12.7477,12.9877,31,0,0,2332.25,59.0303,14.5,84.2,52.13,2.64,32.549,34.902,274.658,14.2196,16.53,5.72704,1,10,0,0,14,74.902,0,0,8.192,0,176
4522,46428.360,12.8234,12.7477,12.9877,31,0,0,2357.75,59.0303,14.5,84.2,51.39,2.62,32.1569,34.5098,274.05,14.2196,16.53,5.72704,1,10,0,0,14,74.902,0,0,8.448,0,176
4523,46428.400,12.6977,12.7477,12.999,31,0,0,2332.5,59.0303,14.5,84.2,51.99,2.62,32.1569,34.5098,274.031,14.2196,16.53,5.68991,1,10,0,0,14,74.902,0,0,8.192,0,176
4524,46428.440,12.7384,12.6328,12.999,31,0,0,2349,59.0303,14.5,84.2,51.84,2.64,32.549,34.5098,274.908,14.2196,16.53,5.68991,1,10,0,0,14,74.902,0,0,8.192,0,176
4525,46428.480,12.7809,12.7477,12.999,31,0,0,2348,59.0303,14,84.2,52.28,2.64,32.9412,34.902,275.473,14.2196,16.53,5.73443,1,10,0,0,14,74.902,0,0,8.192,0,176
4526,46428.520,12.8234,12.7477,13.0215,31,0,0,2344.5,59.0303,15,84.2,52.13,2.66,33.3333,35.2941,275.926,14.2196,16.53,5.68153,1,10,0,0,14,74.902,0,0,8.192,0,176
4527,46428.560,12.7809,12.7477,13.0215,31,0,0,2336,59.6516,14.5,84.2,51.99,2.64,33.7255,35.2941,276.705,14.2196,16.53,5.68153,1,10,0,0,14,74.902,0,0,8.192,0,176
4528,46428.600,12.9085,12.7477,12.9654,31,0,0,2335,59.6516,14.5,84.2,52.43,2.66,34.1176,35.6863,277.676,14.2196,16.53,5.89658,1,10,0,0,14,74.902,0,0,8.192,0,176
4529,46428.640,13.4559,12.7477,12.999,31,0,0,2344,59.6516,15,84.2,52.43,2.64,34.1176,35.6863,277.773,14.2196,16.53,5.80352,1,10,0,0,14,74.902,0,0,8.448,0,176
4530,46428.680,13.539,12.7477,12.999,31,0,0,2357.75,59.6516,14,84.2,51.99,2.66,34.1176,35.6863,278.193,14.2196,16.53,5.80352,1,10,0,0,14,74.902,0,0,8.448,0,176
4531,46428.720,13.5816,12.8625,12.9654,31,0,0,2357,59.6516,14.5,84.2,53.17,2.66,34.1176,35.6863,278.591,14.2196,16.53,5.94951,1,10,0,0,14,74.902,0,0,8.448,0,176
4532,46428.760,13.539,12.7477,12.9654,31,0,0,2330.5,59.6516,14.5,84.2,53.32,2.66,34.1176,36.0784,278.397,14.2196,16.53,5.94951,1,10,0,0,14,74.902,0,0,8.448,0,176
4533,46428.800,13.539,12.8625,13.0102,31,0,0,2360.75,59.6516,14.5,84.2,53.02,2.68,34.1176,36.0784,278.512,14.2196,16.53,5.79809,1,10,0,0,14,74.902,0,0,8.448,0,176
4534,46428.840,13.4984,12.8625,12.9877,31,0,0,2340.25,59.6516,14.5,84.2,52.43,2.66,34.1176,36.0784,278.491,14.2196,16.53,5.87478,1,10,0,0,14,74.902,0,0,8.448,0,176
4535,46428.880,13.2451,12.7477,12.9877,31,0,0,2348.25,59.0303,14.5,84.2,52.28,2.66,34.5098,36.0784,278.935,14.2196,16.53,5.87478,1,10,0,0,14,74.902,0,0,8.448,0,176
4536,46428.920,13.539,12.7477,12.9877,31,0,0,2351,59.0303,14.5,84.2,53.17,2.66,34.5098,36.0784,279.3,14.2196,16.53,5.8964,1,10,0,0,14,74.902,0,0,8.448,0,176
4537,46428.960,13.4133,12.7477,12.9766,31,0,0,2348.5,59.6516,14,84.2,53.17,2.66,35.6863,36.4706,281.244,14.2196,16.53,5.99159,1,10,0,0,14,74.902,0,0,8.448,0,176
4538,46429.000,13.3282,12.7477,12.9766,31,0,0,2349.25,59.6516,14.5,84.2,53.02,2.68,36.8627,37.2549,283.81,14.2196,16.675,5.99159,1,10,0,0,14,74.902,0,0,8.448,0,176
4539,46429.040,13.539,12.7477,13.0102,31,0,0,2342.75,59.6516,14.5,84.2,53.17,2.68,37.6471,38.0392,284.265,14.2196,16.675,5.98866,1,10,0,0,15,74.902,0,0,8.448,0,176
4540,46429.080,13.539,12.8625,13.0102,31,0,0,2371.75,59.6516,14.5,84.2,53.32,2.66,37.6471,38.0392,284.779,14.2196,16.675,5.98866,1,10,0,0,14,74.902,0,0,8.448,0,176
4541,46429.120,13.4559,12.8625,12.9375,31,0,0,2329.5,59.6516,15,84.2,53.76,2.68,38.0392,38.4314,285.183,14.2196,16.675,6.17256,1,10,0,0,14,74.902,0,0,8.448,0,176
4542,46429.160,12.7809,12.7477,12.9654,31,0,0,2362,59.6516,14.5,84.2,53.62,2.68,38.0392,38.4314,285.077,14.2196,16.675,6.0769,1,10,0,0,14,74.902,0,0,8.448,0,176
4543,46429.200,13.0768,12.8625,12.9654,31,0,0,2342.25,59.6516,14.5,84.2,53.17,2.66,38.0392,38.4314,285.237,14.2196,16.82,6.0769,1,10,0,0,15,74.902,0,0,8.448,0,176
4544,46429.240,12.9492,12.8625,12.9598,31,0,0,2357,59.6516,14,84.2,53.17,2.66,38.0392,38.4314,285.458,14.2196,16.82,6.08173,1,10,0,0,15,74.902,0,0,8.448,0,176
4545,46429.280,12.9492,12.8625,12.9654,31,0,0,2356.25,59.6516,15,84.2,53.62,2.66,38.0392,38.4314,285.532,14.2196,16.82,6.06938,1,10,0,0,15,74.902,0,0,8.448,0,176
4546,46429.320,12.9492,12.7477,12.9654,31,0,0,2340.25,59.6516,14.5,84.2,53.91,2.68,38.0392,38.4314,285.42,14.2196,16.82,6.06938,1,10,0,0,15,74.902,0,0,8.448,0,176
4547,46429.360,12.9492,12.8625,12.932,31,0,0,2363.25,59.6516,14.5,84.2,53.76,2.7,38.4314,38.8235,285.976,14.2196,16.82,6.17955,1,10,0,0,15,74.902,0,0,8.704,0,176
4548,46429.400,12.9917,12.8625,12.932,31,0,0,2339.5,59.6516,14.5,84.2,54.06,2.68,38.4314,38.8235,285.847,14.2196,16.82,6.17955,1,10,0,0,15,74.902,0,0,8.704,0,176
4549,46429.440,12.7809,12.7477,12.9542,31,0,0,2367,59.6516,14.5,84.2,53.62,2.68,38.8235,38.8235,286.184,14.2196,16.82,6.09492,1,10,0,0,15,74.902,0,0,8.704,0,176
4550,46429.480,13.2451,12.7477,12.9431,31,0,0,2359.25,59.6516,15,84.2,54.21,2.66,38.8235,38.8235,286.25,14.2196,16.82,6.14414,1,10,0,0,15,74.902,0,0,8.704,0,176
4551,46429.520,12.9917,12.7477,12.9431,31,0,0,2348.5,59.6516,14.5,84.2,54.06,2.66,38.8235,39.2157,286.321,14.2196,16.82,6.14414,1,10,0,0,15,74.902,0,0,8.704,0,176
4552,46429.560,13.5816,12.7477,12.9431,31,0,0,2353.75,59.6516,14.5,84.2,54.21,2.68,38.8235,39.2157,286.804,14.2196,16.965,6.14514,1,10,0,0,15,74.902,0,0,8.704,0,176
4553,46429.600,13.6667,12.7477,12.9264,31,0,0,2349.25,59.6516,14.5,84.2,54.36,2.68,38.8235,39.2157,286.79,14.2196,16.965,6.20319,1,10,0,0,16,74.902,0,0,8.704,0,176
4554,46429.640,13.539,12.7477,12.9264,31,0,0,2363.5,59.6516,15,84.2,53.91,2.68,38.8235,39.2157,286.81,14.2196,16.965,6.20319,1,10,0,0,16,74.902,0,0,8.704,0,176
4555,46429.680,13.4984,12.7477,12.932,31,0,0,2339.75,59.6516,14.5,84.2,54.65,2.68,39.6078,39.2157,287.922,14.2196,16.965,6.20719,1,10,0,0,15,74.902,0,0,8.704,0,176
4556,46429.720,13.539,12.7477,12.932,31,0,0,2366.5,59.6516,14.5,84.2,54.8,2.7,40.3922,40,288.66,14.2196,16.965,6.20719,1,10,0,0,15,74.902,0,0,8.704,0,176
4557,46429.760,13.3708,12.7477,12.9209,31,0,0,2353.75,59.6516,14.5,84.2,54.8,2.7,40.3922,40,289.325,14.2196,16.965,6.29531,1,10,0,0,16,74.902,0,0,8.704,0,176
4558,46429.800,13.6241,12.7477,12.9486,31,0,0,2348,59.6516,15,84.2,54.51,2.68,40.7843,40.3922,289.838,14.2196,16.965,6.21247,1,10,0,0,16,74.902,0,0,8.704,0,176
4559,46429.840,13.5816,12.7477,12.9486,31,0,0,2371.25,59.6516,14.5,84.2,54.95,2.68,42.3529,40.7843,291.79,14.2196,16.965,6.21247,1,10,0,0,16,74.902,0,0,8.704,0,176
4560,46429.880,13.4984,12.7477,12.9098,31,0,0,2335.75,59.6516,14.5,84.2,55.39,2.68,43.1373,41.5686,293.107,14.2196,17.11,6.43894,1,10,0,0,16,74.902,0,0,8.704,0,176
4561,46429.920,13.539,12.7477,12.9042,31,0,0,2376.75,59.6516,14.5,84.2,55.39,2.7,44.3137,42.3529,294.53,14.2196,17.11,6.53532,1,10,0,0,16,74.902,0,0,8.704,0,176
4562,46429.960,13.6241,12.8625,12.9042,31,0,0,2343.25,59.6516,15,84.2,55.1,2.7,44.3137,42.7451,294.675,14.2196,17.11,6.53532,1,10,0,0,16,74.902,0,0,8.704,0,176
4563,46430.000,13.4559,12.8625,12.9153,31,0,0,2373.25,59.6516,14.5,84.2,55.39,2.7,44.3137,42.7451,294.682,14.2196,17.255,6.43436,1,10,0,0,16,74.902,0,0,8.704,0,176
4564,46430.040,13.3708,12.7477,12.9153,31,0,0,2346.75,59.6516,14.5,84.2,55.99,2.7,44.7059,42.7451,294.906,14.2196,17.255,6.43436,1,10,0,0,16,74.902,0,0,8.96,0,176
4565,46430.080,13.539,12.7477,12.8932,31,0,0,2351,59.6516,14.5,84.2,55.25,2.7,45.098,42.7451,295.113,14.2196,17.255,6.51919,1,10,0,0,16,74.902,0,0,8.96,0,176
4566,46430.120,13.4984,12.7477,12.8822,31,0,0,2374,59.6516,14,84.2,56.14,2.7,45.098,42.7451,295.556,14.2196,17.255,6.54984,1,10,0,0,17,74.902,0,0,8.96,0,176
4567,46430.160,13.4559,12.7477,12.8822,31,0,0,2345.75,59.6516,14.5,84.2,55.69,2.7,45.098,42.7451,295.526,14.2196,17.255,6.54984,1,10,0,0,17,74.902,0,0,8.96,0,176
4568,46430.200,12.8234,12.7477,12.8987,31,0,0,2376.75,59.6516,14.5,84.2,55.39,2.7,45.098,42.7451,295.479,14.2196,17.255,6.52215,1,10,0,0,17,74.902,0,0,8.96,0,176
4569,46430.240,12.8234,12.7477,12.9153,31,0,0,2348.75,59.6516,14.5,84.2,55.84,2.7,45.098,43.1373,295.759,14.2196,17.255,6.48455,1,10,0,0,17,74.902,0,0,8.96,0,176
4570,46430.280,12.7384,12.6328,12.9153,31,0,0,2360.75,59.6516,14.5,84.2,55.54,2.7,45.098,43.1373,295.525,14.2196,17.4,6.48455,1,10,0,0,17,74.902,0,0,8.96,0,176
4571,46430.320,12.8234,12.7477,12.8711,31,0,0,2370.5,59.6516,14,84.2,55.25,2.72,45.098,42.7451,295.761,14.2196,17.4,6.62995,1,10,0,0,17,74.902,0,0,8.96,0,176
4572,46430.360,12.9492,12.7477,12.8711,31,0,0,2354.25,59.6516,14.5,84.2,55.39,2.7,44.7059,42.7451,295.837,14.2196,17.4,6.62995,1,10,0,0,18,74.902,0,0,8.96,0,176
4573,46430.400,12.7809,12.7477,12.9153,31,0,0,2379,59.6516,14.5,84.2,55.84,2.7,44.7059,42.7451,295.701,14.2196,17.4,6.51257,1,10,0,0,18,74.902,0,0,8.96,0,176
4574,46430.440,12.8234,12.7477,12.8822,31,0,0,2372,59.6516,14,84.2,56.82,2.72,44.7059,42.7451,296.073,14.2196,17.4,6.61718,1,10,0,0,17,74.902,0,0,8.96,0,176
4575,46430.480,12.8234,12.7477,12.8822,31,0,0,2362.25,59.6516,15,84.2,56.28,2.72,44.3137,42.7451,296.153,14.2196,17.4,6.61718,1,10,0,0,18,74.902,0,0,8.96,0,176
4576,46430.520,12.7384,12.7477,12.9153,31,0,0,2372.5,59.6516,14,84.2,56.43,2.72,44.3137,42.7451,296.14,14.2196,17.4,6.50843,1,10,0,0,18,74.902,0,0,8.96,0,176
4577,46430.560,12.6977,12.7477,12.8987,31,0,0,2373,59.6516,14.5,84.2,55.54,2.7,44.3137,42.7451,296.41,14.2196,17.4,6.60091,1,10,0,0,18,74.902,0,0,8.96,0,176
4578,46430.600,12.7384,12.7477,12.8987,31,0,0,2391,59.6516,14.5,84.2,55.84,2.7,44.3137,42.7451,296.486,14.2196,17.4,6.60091,1,10,0,0,18,74.902,0,0,8.96,0,176
4579,46430.640,12.6977,12.6328,12.8877,31,0,0,2361.5,60.273,14.5,84.2,56.73,2.7,44.3137,42.7451,296.828,14.2196,17.4,6.62924,1,10,0,0,18,74.902,0,0,8.96,0,176
4580,46430.680,12.866,12.6328,12.8877,31,0,0,2375.25,60.273,14.5,84.2,55.99,2.72,44.3137,42.7451,296.74,14.2196,17.4,6.62924,1,10,0,0,18,74.902,0,0,8.96,0,176
4581,46430.720,12.9492,12.7477,12.8987,31,0,0,2381.5,60.273,14,84.2,56.68,2.72,44.3137,42.7451,296.964,14.2196,17.4,6.62166,1,10,0,0,18,74.902,0,0,8.96,0,176
4582,46430.760,12.7809,12.7477,12.9098,31,0,0,2373.75,60.273,15,84.2,56.28,2.72,43.9216,42.7451,296.996,14.2196,17.545,6.59826,1,10,0,0,18,74.902,0,0,8.96,0,176
4583,46430.800,13.8775,12.6328,12.9098,31,0,0,2373.25,60.273,14.5,82.4,57.4,2.7,44.3137,42.7451,296.912,14.2196,17.545,6.59826,1,10,0,0,18,74.902,0,0,8.96,0,176
4584,46430.840,12.5701,12.7477,12.8656,31,0,0,2362.5,60.273,14.5,82.4,57.82,2.72,44.3137,42.7451,297.351,14.2196,17.545,6.78488,1,10,0,0,18,74.902,0,0,8.96,0,177.8
4585,46430.880,12.6977,12.7477,12.8987,31,0,0,2377,60.273,14.5,82.4,56.73,2.72,43.9216,42.7451,297.317,14.2196,17.545,6.63674,1,10,0,0,18,74.902,0,0,8.96,0,177.8
4586,46430.920,12.7809,12.7477,12.8987,31,0,0,2382.5,60.273,14,82.4,56.58,2.72,43.9216,42.7451,297.391,14.2196,17.545,6.63674,1,10,0,0,18,74.902,0,0,8.96,0,177.8
4587,46430.960,12.7384,12.6328,12.8877,31,0,0,2397.25,60.273,14.5,82.4,56.97,2.72,43.9216,42.7451,297.692,14.2196,17.545,6.69486,1,10,0,0,18,74.902,0,0,8.96,0,177.8
4588,46431.000,12.5701,12.6328,12.8877,31,0,0,2368,60.273,14.5,82.4,56.97,2.72,43.9216,42.7451,297.404,14.2196,17.545,6.69486,1,10,0,0,18,74.902,0,0,8.96,0,177.8
4589,46431.040,12.7384,12.6328,12.9098,31,0,0,2379.25,60.273,14.5,82.4,57.4,2.72,43.9216,42.7451,297.566,14.2196,17.545,6.61915,1,10,0,0,18,74.902,0,0,8.96,0,177.8
4590,46431.080,12.866,12.6328,12.8822,31,0,0,2371.75,60.273,14.5,82.4,57.55,2.72,43.9216,42.7451,297.818,14.2196,17.545,6.67621,1,10,0,0,18,74.902,0,0,8.96,0,177.8
4591,46431.120,12.866,12.6328,12.8822,31,0,0,2397,60.273,14,82.4,56.58,2.7,43.9216,42.7451,297.877,14.2196,17.545,6.67621,1,10,0,0,19,74.902,0,0,8.96,0,177.8
4592,46431.160,12.7384,12.6328,12.8766,31,0,0,2391.5,60.273,14.5,82.4,56.73,2.72,43.9216,42.7451,298.303,14.2196,17.545,6.8141,1,10,0,0,19,74.902,0,0,8.96,0,177.8
4593,46431.200,12.7809,12.6328,12.9153,31,0,0,2370,60.273,14.5,82.4,56.88,2.72,43.9216,42.7451,298.117,14.2196,17.545,6.65638,1,10,0,0,18,74.902,0,0,8.96,0,177.8
4594,46431.240,12.6977,12.6328,12.9153,31,0,0,2400.25,60.273,14,82.4,58.12,2.74,43.9216,42.7451,298.394,14.2196,17.545,6.65638,1,10,0,0,18,74.902,0,0,8.96,0,177.8
4595,46431.280,12.6977,12.6328,12.8822,31,0,0,2383,60.273,14.5,82.4,56.43,2.72,43.5294,42.3529,298.269,14.2196,17.545,6.77193,1,10,0,0,19,74.902,0,0,8.96,0,177.8
4596,46431.320,12.7384,12.6328,12.8822,31,0,0,2391.25,60.273,14,82.4,57.12,2.72,43.5294,42.3529,298.174,14.2196,17.545,6.77193,1,10,0,0,19,74.902,0,0,8.96,0,177.8
4597,46431.360,12.9085,12.7477,12.8932,31,0,0,2407.25,60.273,14.5,82.4,57.12,2.72,43.9216,42.3529,298.876,14.2196,17.545,6.7369,1,10,0,0,19,74.902,0,0,9.216,0,177.8
4598,46431.400,12.7384,12.6328,12.8987,31,0,0,2377,60.273,14.5,82.4,58.69,2.72,43.5294,42.7451,298.619,14.2196,17.69,6.73817,1,10,0,0,19,74.902,0,0,9.216,0,177.8
4599,46431.440,13.2451,12.6328,12.8987,31,0,0,2405.75,60.273,14,82.4,57.55,2.74,43.5294,42.7451,298.761,14.2196,17.69,6.73817,1,10,0,0,18,74.902,0,0,9.216,0,177.8
4600,46431.480,13.4559,12.6328,12.9042,31,0,0,2395.25,60.273,14,82.4,56.73,2.72,43.9216,42.7451,299.216,14.2196,17.69,6.72312,1,10,0,0,19,74.902,0,0,8.96,0,177.8
4601,46431.520,13.5816,12.6328,12.8766,31,0,0,2396.75,60.273,14,82.4,58.27,2.74,43.5294,42.7451,299.06,14.2196,17.69,6.95612,1,10,0,0,19,74.902,0,0,9.216,0,177.8
4602,46431.560,13.4984,12.6328,12.8766,31,0,0,2402.5,60.273,14.5,82.4,57.27,2.74,43.5294,42.7451,299.348,14.2196,17.69,6.95612,1,10,0,0,19,74.902,0,0,9.216,0,177.8
4603,46431.600,13.4984,12.6328,12.9042,31,0,0,2382.5,60.8944,14.5,82.4,59.36,2.74,43.5294,42.7451,299.336,14.2196,17.69,6.77674,1,10,0,0,19,74.902,0,0,9.216,0,177.8
4604,46431.640,13.3708,12.6328,12.9042,31,0,0,2398.75,60.8944,14.5,82.4,58.55,2.74,43.5294,42.7451,299.418,14.2196,17.69,6.77674,1,10,0,0,19,74.902,0,0,9.216,0,177.8
4605,46431.680,13.5816,12.6328,12.8877,31,0,0,2398,60.8944,14,82.4,57.97,2.74,43.9216,42.7451,300.115,14.2196,17.69,6.81157,1,10,0,0,19,74.902,0,0,9.216,0,177.8
4606,46431.720,13.4559,12.6328,12.9042,31,0,0,2394.5,60.8944,14.5,82.4,58.12,2.74,43.5294,42.7451,299.8,14.2196,17.69,6.81718,1,10,0,0,19,74.902,0,0,9.216,0,177.8
4607,46431.760,13.4133,12.6328,12.9042,31,0,0,2415.25,60.8944,14.5,82.4,58.51,2.74,43.5294,42.7451,300.028,14.2196,17.69,6.81718,1,10,0,0,19,74.902,0,0,9.216,0,177.8
4608,46431.800,13.4559,12.6328,12.8877,31,0,0,2383.5,60.8944,14.5,82.4,61.07,2.74,43.5294,42.7451,300.132,14.2196,17.69,6.86852,1,10,0,0,19,74.902,0,0,9.216,0,177.8
4609,46431.840,13.3708,12.518,12.8822,31,0,0,2409.5,60.8944,14,82.4,58.51,2.74,43.5294,42.7451,300.28,14.2196,17.69,7.02285,1,10,0,0,19,74.902,0,0,9.216,0,177.8
4610,46431.880,13.539,12.518,12.8822,31,0,0,2404.75,60.8944,14,82.4,58.55,2.74,43.9216,43.1373,300.645,14.2196,17.69,7.02285,1,10,0,0,20,74.902,0,0,9.216,0,177.8
4611,46431.920,13.3708,12.518,12.8822,31,0,0,2413,60.8944,14,82.4,58.94,2.74,43.5294,43.5294,300.339,14.2196,17.835,6.96591,1,10,0,0,20,74.902,0,0,9.216,0,177.8
4612,46431.960,13.4984,12.518,12.8822,31,0,0,2403.75,60.8944,14.5,82.4,62.35,2.76,43.5294,43.9216,300.349,14.2196,17.835,6.96591,1,10,0,0,20,74.902,0,0,9.472,0,177.8
4613,46432.000,13.3282,12.518,12.8711,31,0,0,2400,60.8944,13.5,82.4,61.07,2.76,43.9216,43.9216,300.73,14.2196,17.835,6.91718,1,10,0,0,19,74.902,0,0,9.472,0,177.8
4614,46432.040,13.4559,12.518,12.8492,31,0,0,2416.5,60.8944,14,82.4,61.49,2.76,43.9216,44.3137,300.761,14.2196,17.835,7.06248,1,10,0,0,20,74.902,0,0,9.472,0,177.8
4615,46432.080,13.4984,12.4031,12.8492,31,0,0,2410.25,60.8944,14,82.4,60.22,2.76,43.9216,44.7059,300.777,14.2196,17.835,7.06248,1,10,0,0,20,74.902,0,0,9.472,0,177.8
4616,46432.120,13.539,12.4031,12.8382,31,0,0,2421.5,60.8944,13.5,82.4,61.07,2.74,43.9216,44.7059,300.794,14.2196,17.98,7.04734,1,10,0,0,20,74.902,0,0,9.728,0,177.8
4617,46432.160,13.4984,12.4031,12.8327,31,0,0,2414.25,60.8944,14,82.4,61.07,2.76,43.9216,44.7059,300.824,14.2196,17.98,6.91304,1,10,0,0,21,74.902,0,0,9.728,0,177.8
4618,46432.200,13.2451,12.2883,12.8327,31,0,0,2409.5,60.8944,13.5,82.4,62.35,2.76,43.9216,44.7059,300.833,14.2196,17.98,6.91304,1,10,0,0,21,74.902,0,0,9.728,0,177.8
4619,46432.240,13.2451,12.1734,12.8382,31,0,0,2413.25,60.8944,14,82.4,59.36,2.74,43.9216,44.7059,300.838,14.2196,17.98,6.86928,1,10,0,0,21,74.902,0,0,9.728,0,177.8
4620,46432.280,13.2451,12.1734,12.8382,31,0,0,2432.25,60.8944,14,82.4,60.22,2.74,43.9216,44.7059,300.842,14.2196,17.98,6.86928,1,10,0,0,21,74.902,0,0,9.472,0,177.8
4621,46432.320,13.1174,12.2883,12.8109,31,0,0,2415.25,60.8944,14,82.4,61.49,2.76,43.9216,44.7059,300.901,14.2196,17.98,7.47041,1,10,0,0,22,74.902,0,0,9.472,0,177.8
4622,46432.360,13.0768,12.2883,12.8437,31,0,0,2414,60.8944,14.5,82.4,61.07,2.74,43.9216,44.7059,300.899,14.2196,17.98,6.85005,1,10,0,0,22,74.902,0,0,9.728,0,177.8
4623,46432.400,12.9917,12.2883,12.8437,31,0,0,2425.75,60.8944,13.5,82.4,61.49,2.76,43.9216,44.7059,301.281,14.2196,17.98,6.85005,1,10,0,0,21,74.902,0,0,9.472,0,177.8
4624,46432.440,13.0768,12.2883,12.8054,31,0,0,2400.75,60.8944,14,82.4,62.77,2.74,43.9216,44.7059,300.962,14.2196,17.98,7.56896,1,10,0,0,22,74.902,0,0,9.728,0,177.8
4625,46432.480,13.16,12.2883,12.8327,31,0,0,2430.5,60.8944,14,82.4,61.07,2.76,43.9216,44.7059,300.955,14.2196,17.98,7.17007,1,10,0,0,22,74.902,0,0,9.728,0,177.8
4626,46432.520,13.2025,12.2883,12.8327,31,0,0,2419.25,60.8944,13.5,82.4,61.92,2.76,43.9216,45.098,301.345,14.2196,17.98,7.17007,1,10,0,0,22,74.902,0,0,9.728,0,177.8
4627,46432.560,12.9085,12.2883,12.8218,31,0,0,2420.75,60.8944,14.5,82.4,61.92,2.76,43.9216,44.7059,301.343,14.2196,18.125,7.23268,1,10,0,0,22,74.902,0,0,9.728,0,177.8
4628,46432.600,13.0768,12.2883,12.8218,31,0,0,2443.5,60.8944,13.5,82.4,63.62,2.76,43.9216,44.7059,301.353,14.2196,18.125,7.23268,1,10,0,0,22,74.902,0,0,9.728,0,177.8
4629,46432.640,13.1174,12.2883,12.7837,31,0,0,2403.25,61.5158,14,82.4,64.05,2.76,43.9216,45.098,301.394,14.2196,18.125,7.69532,1,10,0,0,22,74.902,0,0,9.728,0,177.8
4630,46432.680,13.16,12.2883,12.8054,31,0,0,2435,61.5158,13.5,82.4,62.35,2.78,43.9216,45.098,301.394,14.2196,18.125,7.23981,1,10,0,0,22,74.902,0,0,9.728,0,177.8
4631,46432.720,12.9085,12.1734,12.8054,31,0,0,2426.5,61.5158,13.5,82.4,61.07,2.78,43.9216,44.7059,301.426,14.2196,18.125,7.23981,1,10,0,0,22,74.902,0,0,9.728,0,177.8
4632,46432.760,12.9917,12.1734,12.7946,31,0,0,2430.5,61.5158,14,82.4,62.35,2.76,44.3137,45.098,301.581,14.2196,18.125,7.45277,1,10,0,0,22,74.902,0,0,9.728,0,177.8
4633,46432.800,13.0343,12.1734,12.7946,31,0,0,2448.75,61.5158,14,82.4,63.2,2.74,44.3137,44.7059,301.632,14.2196,18.125,7.41941,1,10,0,0,22,74.902,0,0,9.728,0,177.8
4634,46432.840,12.8234,12.1734,12.7946,31,0,0,2416,61.5158,14,82.4,64.9,2.76,43.9216,45.098,301.503,14.2196,18.125,7.41941,1,10,0,0,22,74.902,0,0,9.728,0,177.8
4635,46432.880,12.866,12.1734,12.7837,31,0,0,2437.5,61.5158,13.5,82.4,63.2,2.78,43.9216,44.7059,301.51,14.2196,18.125,7.57487,1,10,0,0,22,74.902,0,0,9.728,0,177.8
4636,46432.920,12.8234,12.0586,12.7837,31,0,0,2433.75,61.5158,13.5,82.4,62.35,2.76,43.9216,44.7059,301.543,14.2196,18.125,7.57487,1,10,0,0,23,74.902,0,0,9.728,0,177.8
4637,46432.960,12.1485,12.0586,12.7891,31,0,0,2437,61.5158,13.5,82.4,62.77,2.76,43.9216,45.098,301.54,14.2196,18.125,7.32959,1,10,0,0,23,74.902,0,0,9.728,0,177.8
4638,46433.000,12.3187,12.0586,12.7837,31,0,0,2450.25,61.5158,14,82.4,65.75,2.76,43.9216,45.098,301.594,14.2196,18.125,7.5879,1,10,0,0,23,74.902,0,0,9.984,0,177.8
4639,46433.040,12.0653,12.0586,12.7837,31,0,0,2416.5,61.5158,14,82.4,64.47,2.78,43.9216,45.098,301.593,14.2196,18.125,7.5879,1,10,0,0,22,74.902,0,0,9.984,0,177.8
4640,46433.080,12.1485,12.0586,12.7566,31,0,0,2461.25,61.5158,13.5,82.4,64.05,2.78,44.3137,45.098,301.772,14.2196,18.27,7.78544,1,10,0,0,22,74.902,0,0,9.984,0,177.8
4641,46433.120,12.0653,12.0586,12.7728,31,0,0,2434.5,61.5158,14,82.4,65.33,2.78,43.9216,45.098,301.662,14.2196,18.125,7.49856,1,10,0,0,23,74.902,0,0,9.984,0,177.8
4642,46433.160,12.191,11.9437,12.7728,31,0,0,2442.5,61.5158,13,82.4,62.77,2.76,43.9216,45.098,301.674,14.2196,18.27,7.49856,1,10,0,0,23,74.902,0,0,9.984,0,177.8
4643,46433.200,12.0228,11.9437,12.762,31,0,0,2452.25,61.5158,14,82.4,64.05,2.78,43.9216,45.098,301.706,14.2196,18.27,7.85489,1,10,0,0,23,74.902,0,0,9.984,0,177.8
4644,46433.240,12.0653,11.9437,12.762,31,0,0,2425.75,61.5158,13.5,82.4,64.9,2.78,43.9216,45.098,301.695,14.2196,18.27,7.85489,1,10,0,0,23,74.902,0,0,9.984,0,177.8
4645,46433.280,12.0228,11.9437,12.7837,31,0,0,2439.5,61.5158,13.5,82.4,66.18,2.78,43.9216,45.098,301.729,14.2196,18.27,7.93532,1,10,0,0,23,74.902,0,0,9.984,0,177.8
4646,46433.320,11.8971,11.9437,12.7512,31,0,0,2449.25,61.5158,13.5,82.4,66.6,2.8,43.9216,45.098,301.398,14.2196,18.27,7.7314,1,10,0,0,23,74.902,0,0,9.984,0,177.8
4647,46433.360,11.8545,11.8289,12.7512,31,0,0,2456.5,62.1371,13.5,82.4,64.47,2.8,43.9216,45.098,301.415,14.2196,18.27,7.7314,1,10,0,0,24,74.902,0,0,9.984,0,177.8
4648,46433.400,12.0653,11.8289,12.7296,31,0,0,2441.5,62.1371,13.5,82.4,66.18,2.78,43.9216,45.098,301.815,14.2196,18.27,7.98009,1,10,0,0,24,74.902,0,0,10.24,0,177.8
4649,46433.440,11.9377,11.8289,12.7458,31,0,0,2460.75,62.1371,13.5,82.4,64.9,2.76,43.9216,45.098,301.462,14.2196,18.27,7.53534,1,10,0,0,24,74.902,0,0,10.24,0,177.8
4650,46433.480,11.8971,11.8289,12.7458,31,0,0,2443.25,62.1371,13.5,82.4,64.47,2.78,43.9216,45.098,301.49,14.2196,18.27,7.53534,1,10,0,0,23,74.902,0,0,9.984,0,177.8
4651,46433.520,11.7288,11.7141,12.735,31,0,0,2440,62.1371,14,82.4,65.75,2.8,43.9216,45.098,301.849,14.2196,18.27,7.95022,1,10,0,0,23,74.902,0,0,9.984,0,177.8
4652,46433.560,11.8971,11.7141,12.735,31,0,0,2483.5,62.1371,13,82.4,64.47,2.78,43.9216,45.098,301.901,14.2196,18.27,7.95022,1,10,0,0,24,74.902,0,0,9.984,0,177.8
4653,46433.600,11.8971,11.7141,12.7081,31,0,0,2437,62.1371,14,82.4,64.47,2.78,43.9216,45.098,301.568,14.2196,18.27,8.4775,1,10,0,0,24,74.902,0,0,9.984,0,177.8
4654,46433.640,11.812,11.7141,12.735,31,0,0,2472.75,62.1371,13.5,82.4,67.03,2.78,43.9216,45.098,301.581,14.2196,18.415,7.90652,1,10,0,0,24,74.902,0,0,10.24,0,177.8
4655,46433.680,11.8971,11.7141,12.735,31,0,0,2450.5,62.1371,13.5,82.4,67.46,2.8,43.9216,45.098,301.614,14.2196,18.415,7.90652,1,10,0,0,24,74.902,0,0,10.24,0,177.8
4656,46433.720,11.9377,11.7141,12.7243,31,0,0,2452.25,62.1371,13.5,82.4,67.88,2.78,43.5294,45.098,301.25,14.2196,18.415,8.02385,1,10,0,0,24,74.902,0,0,10.24,0,177.8
4657,46433.760,11.8545,11.7141,12.7081,31,0,0,2467.5,62.1371,13.5,82.4,67.03,2.8,43.5294,44.7059,301.297,14.2196,18.415,8.27015,1,10,0,0,24,74.902,0,0,10.24,0,177.8
4658,46433.800,11.8971,11.7141,12.7081,31,0,0,2454,62.1371,13.5,82.4,65.33,2.8,43.1373,44.7059,300.933,14.2196,18.415,8.27015,1,10,0,0,24,74.902,0,0,10.24,0,177.8
4659,46433.840,11.7694,11.7141,12.7243,31,0,0,2476.5,62.1371,13.5,82.4,66.6,2.78,43.1373,44.3137,300.591,14.2196,18.415,7.96474,1,10,0,0,24,74.902,0,0,10.24,0,177.8
4660,46433.880,11.8545,11.7141,12.7243,31,0,0,2470.25,62.1371,14,82.4,67.03,2.78,43.1373,44.3137,300.654,14.2196,18.415,7.96474,1,10,0,0,25,74.902,0,0,10.24,0,177.8
4661,46433.920,12.0228,11.5992,12.7135,31,0,0,2459.5,62.1371,13.5,82.4,68.31,2.8,43.5294,44.7059,301.392,14.2196,18.415,8.19728,1,10,0,0,24,74.902,0,0,10.24,0,177.8
4662,46433.960,11.6437,11.5992,12.7081,31,0,0,2484,62.1371,13.5,82.4,67.46,2.8,43.5294,44.7059,301.437,14.2196,18.415,8.27258,1,10,0,0,24,74.902,0,0,10.24,0,177.8
4663,46434.000,11.8545,11.5992,12.7081,31,0,0,2472.25,62.7585,13.5,82.4,68.31,2.8,43.9216,45.098,301.853,14.2196,18.415,8.27258,1,10,0,0,24,74.902,0,0,10.24,0,177.8
4664,46434.040,11.7694,11.5992,12.7028,31,0,0,2475.75,62.7585,13,82.4,67.88,2.8,43.9216,45.098,301.878,14.2196,18.415,8.26261,1,10,0,0,25,74.902,0,0,10.24,0,177.8
4665,46434.080,11.812,11.5992,12.6867,31,0,0,2484.5,62.7585,13.5,82.4,67.88,2.8,43.5294,45.098,301.553,14.2196,18.415,8.49049,1,10,0,0,25,74.902,0,0,10.24,0,177.8
4666,46434.120,11.812,11.5992,12.6867,31,0,0,2481,62.7585,13.5,82.4,67.46,2.78,43.1373,44.7059,300.857,14.2196,18.415,8.49049,1,10,0,0,25,74.902,0,0,10.24,0,177.8
4667,46434.160,11.8971,11.5992,12.6974,31,0,0,2468.25,62.7585,13.5,82.4,67.46,2.8,43.1373,44.7059,300.846,14.2196,18.415,8.17777,1,10,0,0,25,74.902,0,0,10.24,0,177.8
4668,46434.200,12.4018,11.5992,12.6974,31,0,0,2486,62.7585,13.5,82.4,67.03,2.8,42.7451,44.3137,300.512,14.2196,18.415,8.17777,1,10,0,0,25,74.902,0,0,10.24,0,177.8
4669,46434.240,12.3593,11.5992,12.6921,31,0,0,2479.5,62.7585,13.5,82.4,67.03,2.8,42.3529,44.3137,300.17,14.2196,18.415,8.49556,1,10,0,0,25,74.902,0,0,10.24,0,177.8
4670,46434.280,12.5275,11.4844,12.6974,31,0,0,2476,62.7585,13.5,82.4,65.75,2.78,42.7451,44.3137,300.517,14.2196,18.415,8.40912,1,10,0,0,25,74.902,0,0,10.24,0,177.8
4671,46434.320,12.3187,11.4844,12.6974,31,0,0,2491.25,62.7585,13.5,82.4,67.88,2.8,42.7451,44.3137,300.553,14.2196,18.415,8.40912,1,10,0,0,25,74.902,0,0,10.24,0,177.8
4672,46434.360,12.4018,11.4844,12.7028,31,0,0,2493.5,62.7585,13.5,82.4,69.16,2.8,43.1373,44.3137,300.94,14.2196,18.415,8.34663,1,10,0,0,25,74.902,0,0,10.24,0,177.8
4673,46434.400,12.6126,11.5992,12.6921,31,0,0,2477.5,62.7585,13.5,82.4,67.88,2.78,43.1373,44.7059,300.966,14.2196,18.56,8.45898,1,10,0,0,25,74.902,0,0,10.24,0,177.8
4674,46434.440,12.4444,11.5992,12.6921,31,0,0,2502,62.7585,13.5,82.4,70.01,2.82,43.1373,44.7059,301.01,14.2196,18.56,8.45898,1,10,0,0,25,74.902,0,0,10.24,0,177.8
4675,46434.480,12.5275,11.5992,12.6867,31,0,0,2479,62.7585,13.5,82.4,68.31,2.8,43.1373,44.7059,301.046,14.2196,18.56,8.69728,1,10,0,0,25,74.902,0,0,10.24,0,177.8
4676,46434.520,12.5701,11.4844,12.6867,31,0,0,2501.5,62.7585,13,82.4,68.73,2.78,43.1373,44.3137,301.076,14.2196,18.56,8.69728,1,10,0,0,25,74.902,0,0,10.496,0,177.8
4677,46434.560,12.3187,11.4844,12.6707,31,0,0,2485,63.3799,14,82.4,69.16,2.8,43.1373,44.7059,301.115,14.2196,18.56,8.80945,1,10,0,0,26,74.902,0,0,10.496,0,177.8
4678,46434.600,12.4444,11.4844,12.6707,31,0,0,2506,63.3799,13,82.4,70.44,2.82,43.5294,44.7059,301.845,14.2196,18.56,8.81321,1,10,0,0,25,74.902,0,0,10.496,0,177.8
4679,46434.640,12.3593,11.4844,12.6707,31,0,0,2481,63.3799,13.5,82.4,70.01,2.8,43.5294,44.7059,301.917,14.2196,18.56,8.81321,1,10,0,0,25,74.902,0,0,10.496,0,177.8
4680,46434.680,12.3593,11.4844,12.676,31,0,0,2510,63.3799,13,82.4,70.86,2.82,43.5294,45.098,301.911,14.2196,18.56,8.58133,1,10,0,0,25,74.902,0,0,10.496,0,177.8
4681,46434.720,12.2336,11.3695,12.6441,31,0,0,2508.75,63.3799,13,82.4,70.86,2.82,43.9216,45.098,302.344,14.2196,18.56,8.98096,1,10,0,0,26,74.902,0,0,10.496,0,177.8
4682,46434.760,12.2761,11.3695,12.6441,31,0,0,2491,63.3799,13.5,82.4,70.01,2.8,43.9216,45.098,302.333,14.2196,18.56,8.98096,1,10,0,0,26,74.902,0,0,10.496,0,177.8
4683,46434.800,12.1485,11.2547,12.6282,31,0,0,2538.25,63.3799,13,82.4,71.71,2.82,43.5294,45.098,302.037,14.2196,18.705,9.20559,1,10,0,0,26,74.902,0,0,10.752,0,177.8
4684,46434.840,12.4018,11.2547,12.6282,31,0,0,2473.75,63.3799,13.5,82.4,71.71,2.8,43.1373,45.098,301.699,14.2196,18.705,9.20559,1,10,0,0,26,74.902,0,0,10.752,0,177.8
4685,46434.880,12.2336,11.1398,12.6601,31,0,0,2526,63.3799,13,82.4,70.01,2.8,43.1373,44.7059,301.698,14.2196,18.705,8.61145,1,10,0,0,26,74.902,0,0,10.496,0,177.8
4686,46434.920,12.191,11.1398,12.6547,31,0,0,2496.25,63.3799,14,82.4,71.29,2.82,43.1373,44.7059,301.755,14.2196,18.705,8.79649,1,10,0,0,26,74.902,0,0,10.496,0,177.8
4687,46434.960,12.0653,11.1398,12.6547,31,0,0,2503,63.3799,13.5,82.4,69.59,2.82,43.1373,44.7059,301.732,14.2196,18.705,8.79649,1,10,0,0,26,74.902,0,0,10.496,0,177.8
4688,46435.000,12.1079,11.1398,12.6335,31,0,0,2521.75,63.3799,13,82.4,71.29,2.82,43.1373,44.7059,301.781,14.2196,18.705,9.14161,1,10,0,0,26,74.902,0,0,10.496,0,177.8
4689,46435.040,11.9802,11.1398,12.6282,31,0,0,2515.5,63.3799,13.5,82.4,72.76,2.82,43.1373,44.7059,301.822,14.2196,18.705,9.09689,1,10,0,0,26,74.902,0,0,10.752,0,177.8
4690,46435.080,12.0228,11.1398,12.6282,31,0,0,2529.5,63.3799,13,82.4,72.76,2.82,43.1373,44.7059,301.847,14.2196,18.705,9.09689,1,10,0,0,26,74.902,0,0,10.752,0,177.8
4691,46435.120,12.0653,11.1398,12.6335,31,0,0,2506.25,63.3799,13,82.4,70.86,2.8,43.1373,44.7059,301.877,14.2196,18.705,8.96174,1,10,0,0,26,74.902,0,0,10.752,0,177.8
4692,46435.160,11.9802,11.1398,12.6335,31,0,0,2522.75,63.3799,13,82.4,71.71,2.84,43.5294,44.7059,302.271,14.2196,18.705,8.96174,1,10,0,0,26,74.902,0,0,10.496,0,177.8
4693,46435.200,12.0228,11.1398,12.6229,31,0,0,2526.25,64.0012,13.5,82.4,72.57,2.82,43.5294,45.4902,302.296,14.2196,18.705,9.24965,1,10,0,0,26,74.902,0,0,10.752,0,177.8
4694,46435.240,12.1485,11.1398,12.607,31,0,0,2505,64.0012,13,82.4,70.44,2.82,43.5294,45.098,302.335,14.2196,18.705,9.42037,1,10,0,0,27,74.902,0,0,10.752,0,177.8
4695,46435.280,12.191,11.1398,12.607,31,0,0,2538.75,64.0012,13.5,82.4,71.29,2.82,43.5294,45.098,302.342,14.2196,18.705,9.42037,1,10,0,0,27,74.902,0,0,10.752,0,177.8
4696,46435.320,12.0653,11.1398,12.607,31,0,0,2535.5,64.0012,13.5,82.4,72.76,2.82,43.1373,45.098,302.057,14.2196,18.705,9.45938,1,10,0,0,27,74.902,0,0,10.752,0,177.8
4697,46435.360,11.9377,11.1398,12.6018,31,0,0,2515.75,64.0012,13,82.4,73.36,2.82,43.5294,45.098,302.441,14.2196,18.85,9.3714,1,10,0,0,27,74.902,0,0,10.752,0,177.8
4698,46435.400,12.2761,11.1398,12.6018,31,0,0,2530.25,64.0012,13,82.4,73.96,2.82,43.1373,45.098,302.096,14.2196,18.85,9.3714,1,10,0,0,27,74.902,0,0,10.752,0,177.8
4699,46435.440,12.0653,11.1398,12.586,31,0,0,2540.75,64.0012,13,82.4,72.93,2.82,43.1373,45.098,302.139,14.2196,18.85,9.69463,1,10,0,0,27,74.902,0,0,10.752,0,177.8
4700,46435.480,12.0228,11.1398,12.586,31,0,0,2529,64.0012,13,82.4,72.76,2.84,42.3529,44.7059,301.097,14.2196,18.85,9.69463,1,10,0,0,27,74.902,0,0,10.752,0,177.8
4701,46435.520,12.0228,11.1398,12.6018,31,0,0,2542.25,64.0012,13,82.4,72.57,2.82,40.3922,43.9216,297.879,14.2196,18.85,9.33787,1,10,0,0,27,74.902,0,0,10.752,0,177.8
4702,46435.560,12.1079,11.1398,12.6018,31,0,0,2539.75,64.0012,13.5,82.4,72.14,2.8,34.902,41.9608,289.536,14.2196,18.85,8.75913,1,10,0,0,28,74.902,0,0,10.752,0,177.8
4703,46435.600,12.0653,11.1398,12.6018,31,0,0,2525.25,64.0012,13.5,82.4,69.16,2.78,28.2353,37.6471,268.619,14.2196,18.705,8.75913,1,10,0,0,27,74.902,0,0,10.752,0,177.8
4704,46435.640,11.3904,11.1398,12.6229,31,0,0,2540.25,64.0012,13.5,82.4,59.79,2.72,20.7843,30.9804,201.907,14.2196,18.56,6.01819,1,10,0,0,27,74.902,0,0,10.24,0,177.8
4705,46435.680,11.1795,11.1398,13.1869,31,0,0,2535.75,64.0012,15,82.4,53.91,2.58,12.9412,24.7059,115.101,14.2196,17.545,-2.61003,1,10,0,0,28,74.902,0,0,8.96,0,177.8
4706,46435.720,11.0113,11.1398,13.1869,31,0,0,2542,64.0012,15,82.4,41.12,2.42,.784314,18.0392,44.5,14.2196,15.805,-2.61003,1,10,0,0,28,74.902,0,0,7.68,0,177.8
4707,46435.760,10.8856,11.1398,16.0221,31,0,0,2523.75,64.0012,15.5,82.4,31.61,2.54,0,14.5098,42,14.2196,13.05,-7.77154,1,10,0,0,28,74.902,0,0,5.888,0,177.8
4708,46435.800,10.2532,11.1398,16.0221,31,0,0,2530,64.0012,15,82.4,26.68,2.46,0,13.7255,39.5,14.2196,11.455,-7.77154,1,10,0,0,22,74.902,0,0,5.376,0,177.8
4709,46435.840,10.17,11.1398,18.2237,31,0,0,2549.75,64.0012,15.5,82.4,28.93,2.4,0,13.3333,37,14.2196,10.005,-7.93154,1,10,0,0,9,0,0,0,4.864,0,177.8
4710,46435.880,10.17,11.1398,17.3519,31,0,0,2530,64.0012,15.5,82.4,25.22,2.06,0,12.9412,34.5,14.2196,9.57,-8.09154,1,10,0,0,3,0,0,0,4.608,0,177.8
4711,46435.920,10.2106,11.1398,17.3519,31,-3.90625,0,2535.25,64.0012,17,82.4,21.08,1.96,0,12.9412,32,14.2196,8.99,-8.09154,1,10,0,0,0,0,0,0,4.096,0,177.8
4712,46435.960,10.2957,11.1398,18.3795,31,-7.8125,0,2548.25,64.0012,19,82.4,17.89,1.9,0,12.549,29.5,14.2196,8.555,-8.25154,1,10,0,0,0,0,0,0,3.584,0,177.8
4713,46436.000,10.17,11.1398,17.0281,31,-10.1563,-.78125,2533.5,64.0012,20,82.4,16.91,1.84,0,9.41177,0,14.2196,8.12,-9.51229,1,10,0,0,0,0,0,0,3.328,0,177.8
4714,46436.040,10.2106,11.1398,17.0281,31,-12.5,-.78125,2520.25,64.0012,20.5,82.4,10.95,1.68,0,9.01961,0,14.2196,7.54,-9.51229,1,10,0,0,0,0,0,0,2.816,0,177.8
4715,46436.080,10.5491,11.1398,19.0783,31,-13.2813,-.78125,2537.5,64.0012,21.5,82.4,10.19,1.64,0,9.01961,0,14.2196,6.67,-9.51218,1,10,0,0,0,0,0,0,2.304,0,177.8
4716,46436.120,10.8856,11.1398,19.0783,31,-14.0625,-.78125,2526,64.0012,22,82.4,9.38,1.62,0,9.01961,0,14.2196,6.235,-9.51218,1,10,0,0,0,0,0,0,0,0,177.8
4717,46436.160,11.0964,11.1398,15.3287,31,-14.8438,-.78125,2494.75,64.0012,21.5,82.4,9.29,1.6,0,9.01961,0,14.2196,5.8,-9.51207,1,10,0,0,0,0,0,0,0,0,177.8
4718,46436.200,11.6437,11.1398,14.8085,31,-15.625,-.78125,2493.25,64.0012,21,82.4,8.8,1.6,0,9.01961,0,14.2196,5.655,-9.51197,1,10,0,0,0,0,0,0,0,0,177.8
4719,46436.240,12.6977,11.2547,14.8085,31,-16.4063,-.78125,2537,64.0012,13,82.4,9.15,1.62,0,9.01961,0,14.2196,5.365,-9.51197,1,10,0,0,0,0,0,0,0,0,177.8
4720,46436.280,13.7073,11.5992,14.2748,31,-17.1875,-.78125,2507,64.0012,12.5,82.4,8.74,1.58,0,9.01961,0,14.2196,5.22,-9.51187,1,10,0,0,0,0,0,0,0,0,177.8
4721,46436.320,14.1714,11.9437,14.2748,31,-17.1875,-.78125,2511.75,63.3799,12.5,82.4,8.56,1.58,0,9.01961,0,14.2196,5.075,-9.51177,1,10,0,0,0,0,0,0,0,0,177.8
4722,46436.360,14.7188,12.2883,14.2748,31,-17.9688,-.78125,2516,63.3799,12.5,82.4,8.8,1.58,0,9.01961,0,14.2196,4.93,-9.51177,1,10,0,0,0,0,0,0,0,0,177.8
4723,46436.400,15.4363,12.6328,14.2748,31,-17.9688,-.78125,2488,63.3799,12.5,82.4,8.93,1.58,0,9.01961,0,14.2196,4.785,-9.51167,1,10,0,0,0,0,0,0,0,0,177.8
4724,46436.440,15.856,12.9773,14.2748,31,-17.9688,-.78125,2517.5,63.3799,12.5,82.4,9.15,1.6,0,9.01961,0,14.2196,4.785,-9.51167,1,10,0,0,0,0,0,0,0,0,179.6
4725,46436.480,16.9951,13.4367,14.2748,31,-17.9688,-.78125,2495,63.3799,12.5,82.4,9,1.56,0,9.01961,0,14.2196,4.785,-9.51157,1,10,0,0,0,0,0,0,0,0,179.6
4726,46436.520,18.3856,13.8961,14.2748,31,-17.9688,-.78125,2493.75,63.3799,12.5,82.4,8.56,1.56,0,9.01961,0,14.2196,4.64,-9.51147,1,10,0,0,0,0,0,0,0,0,179.6
4727,46436.560,19.2269,14.3555,14.2748,31,-17.1875,-.78125,2509.5,63.3799,12.5,82.4,8.49,1.56,0,9.01961,0,14.2196,4.64,-9.51147,1,10,0,0,0,0,0,0,0,0,179.6
4728,46436.600,20.1552,14.9297,14.2748,31,-17.1875,-.78125,2487.5,63.3799,12.5,82.4,8.87,1.58,0,8.62745,0,14.2196,4.64,-9.51137,1,10,0,0,0,0,0,0,0,0,179.6
4729,46436.640,20.4918,15.7336,12.4558,31,0,-.78125,2494.25,63.3799,12.5,82.4,9.15,1.58,0,8.62745,0,14.2196,4.64,-9.51127,1,10,0,0,0,0,0,0,0,0,179.6
4730,46436.680,19.8593,16.7672,12.4558,31,0,-.78125,2501.25,63.3799,12.5,82.4,8.99,1.56,0,8.62745,0,14.2196,4.495,-9.51127,1,10,0,0,0,0,0,0,0,0,179.6
4731,46436.720,20.0276,17.6859,12.4558,31,0,-.78125,2498.75,63.3799,12.5,82.4,8.31,1.56,0,8.62745,0,14.2196,4.495,-9.51117,1,10,0,0,0,0,0,0,0,0,179.6
4732,46436.760,19.9444,18.9492,12.4558,31,0,-.78125,2473.75,63.3799,12.5,82.4,8.68,1.56,0,8.62745,0,14.2196,4.495,-9.51117,1,10,0,0,0,0,0,0,0,0,179.6
4733,46436.800,19.8168,20.3273,12.4558,31,0,-.78125,2496.25,62.7585,12.5,82.4,8.68,1.58,0,8.62745,0,14.2196,4.35,-9.51108,1,10,0,0,0,0,0,0,0,0,179.6
4734,46436.840,19.9444,20.3273,12.5023,31,0,-.78125,2483.25,62.7585,20,82.4,8.99,1.6,0,8.62745,0,14.2196,4.35,-9.51098,1,10,0,0,0,0,0,0,0,0,179.6
4735,46436.880,19.9444,20.3273,12.5023,31,0,-.78125,2469.75,62.7585,20,82.4,8.49,1.54,0,8.62745,0,14.2196,4.35,-9.51098,1,10,0,0,0,0,0,0,0,0,179.6
4736,46436.920,19.9444,20.3273,12.6707,31,0,-.78125,2487.75,62.7585,20,82.4,8.68,1.58,0,8.62745,0,14.2196,4.35,-9.51089,1,10,0,0,0,0,0,0,0,0,179.6
4737,46436.960,20.0276,20.3273,12.6707,30,0,-.78125,2462.75,62.7585,20,82.4,8.43,1.56,0,8.62745,0,14.2196,4.35,-9.51079,1,10,0,0,0,0,0,0,0,0,179.6
4738,46437.000,19.9851,20.3273,12.6707,30,0,-.78125,2467.5,62.7585,20,82.4,8.8,1.6,0,8.62745,0,14.2196,4.205,-9.51079,1,10,0,0,0,0,0,0,0,0,179.6
4739,46437.040,20.4918,20.3273,12.6707,30,0,-.78125,2479.75,62.7585,20,82.4,9.15,1.58,0,8.62745,0,14.2196,4.205,-9.5107,1,10,0,0,0,0,0,0,0,0,179.6
4740,46437.080,20.4918,20.3273,12.6707,30,0,-.78125,2453.75,62.7585,20,82.4,8.62,1.56,0,8.62745,0,14.2196,4.205,-9.5107,1,10,0,0,0,0,0,0,0,0,179.6
4741,46437.120,20.4918,20.3273,12.6707,30,0,-.78125,2472.75,62.1371,20,82.4,8.62,1.58,0,8.62745,0,14.2196,4.205,-9.51061,1,10,0,0,0,0,0,0,0,0,179.6
4742,46437.160,20.4492,20.3273,12.6707,30,0,-.78125,2466.5,62.1371,20,82.4,8.87,1.58,0,8.62745,0,14.2196,4.205,-9.51051,1,10,0,0,0,0,0,0,0,0,179.6
4743,46437.200,20.5343,20.3273,12.6707,30,0,-.78125,2451.5,62.1371,20,82.4,8.87,1.58,0,8.62745,0,14.2196,4.205,-9.51051,1,10,0,0,0,0,0,0,0,0,179.6
4744,46437.240,20.66,20.3273,12.6707,30,0,-.78125,2471.5,62.1371,20,82.4,9.09,1.58,0,8.62745,0,14.2196,4.205,-9.51042,1,10,0,0,0,0,0,0,0,0,179.6
4745,46437.280,20.5343,20.3273,12.6707,30,0,-.78125,2456.75,62.1371,20,82.4,8.93,1.58,0,8.62745,0,14.2196,4.205,-9.51033,1,10,0,0,0,0,0,0,0,0,179.6
4746,46437.320,20.6175,20.3273,12.6707,30,0,-.78125,2449.5,62.1371,20,82.4,8.74,1.58,0,8.62745,0,14.2196,4.205,-9.51033,1,10,0,0,0,0,0,0,0,0,179.6
4747,46437.360,20.4918,20.3273,12.6707,30,0,-.78125,2462,62.1371,20,82.4,8.8,1.58,0,8.62745,0,14.2196,4.205,-9.51024,1,10,0,0,0,0,0,0,0,0,179.6
4748,46437.400,20.5749,20.3273,12.6707,30,0,-.78125,2439.5,62.1371,20,82.4,9.17,1.58,0,8.62745,0,14.2196,4.205,-9.51024,1,10,0,0,0,0,0,0,0,0,179.6
4749,46437.440,20.4492,20.3273,12.6707,30,0,-.78125,2443.25,62.1371,20,82.4,8.8,1.58,0,8.62745,0,14.2196,4.205,-9.51015,1,10,0,0,0,0,0,0,0,0,179.6
4750,46437.480,20.0276,20.3273,12.6707,30,0,-.78125,2450.25,62.1371,20,82.4,8.8,1.58,0,8.62745,0,14.2196,4.06,-9.51007,1,10,0,0,0,0,0,0,0,0,179.6
4751,46437.520,19.9851,20.3273,12.6707,30,0,-.78125,2408.75,61.5158,20,82.4,9.11,1.58,0,8.62745,0,14.2196,4.06,-9.51007,1,10,0,0,0,0,0,0,0,0,179.6
4752,46437.560,19.8593,20.3273,12.6707,30,0,-.78125,2327.75,61.5158,20,82.4,8.62,1.56,0,8.62745,0,14.2196,4.06,-9.50998,1,10,0,0,0,0,0,0,0,0,179.6
4753,46437.600,20.0276,20.3273,12.6707,30,0,-.78125,2205,61.5158,20,82.4,8.8,1.58,0,8.23529,0,14.2196,4.06,-9.50989,1,10,0,0,0,0,0,0,0,0,179.6
4754,46437.640,19.8593,20.3273,12.6707,30,0,-.78125,2097.25,61.5158,20,82.4,8.56,1.56,0,8.23529,0,14.2196,4.06,-9.50989,1,10,0,0,0,0,0,0,0,0,179.6
4755,46437.680,19.6485,20.3273,12.6707,30,0,-.78125,1964.25,61.5158,20,82.4,8.87,1.58,0,8.23529,0,14.2196,4.06,-9.5098,1,10,0,0,0,0,0,0,2.048,0,179.6
4756,46437.720,19.9851,20.3273,12.6707,30,0,-.78125,1912.5,61.5158,20,82.4,8.74,1.56,0,8.23529,0,14.2196,4.205,-9.5098,1,10,0,0,0,0,0,0,2.048,0,179.6
4757,46437.760,19.9444,20.3273,12.676,30,0,-.78125,1918.75,61.5158,20,82.4,8.25,1.54,0,8.23529,0,14.2196,4.205,-9.2943,1,10,0,0,0,0,0,0,2.048,0,179.6
4758,46437.800,19.9851,20.3273,12.676,30,0,-.78125,1890,61.5158,20,82.4,8.08,1.54,0,8.23529,0,14.2196,4.205,-9.25383,1,10,0,0,0,0,0,0,2.304,0,179.6
4759,46437.840,19.7762,20.3273,12.676,30,0,-.78125,1802.75,61.5158,20,82.4,8.1,1.54,0,7.84314,0,14.2196,4.205,-9.25383,1,10,0,0,0,0,0,0,2.304,0,179.6
4760,46437.880,19.8593,20.3273,12.6494,30,0,-.78125,1754.75,61.5158,19,82.4,8.06,1.54,0,7.45098,0,14.2196,4.205,-9.02324,1,10,0,0,0,0,0,0,2.304,0,179.6
4761,46437.920,19.9019,20.3273,12.6388,30,0,-.78125,1712.5,61.5158,18.5,82.4,8.08,1.52,0,7.45098,0,14.2196,4.35,-8.80059,1,10,0,0,0,0,0,0,2.304,0,179.6
4762,46437.960,19.9019,20.3273,12.6388,30,0,-.78125,1655,61.5158,17.5,82.4,7.86,1.5,0,7.45098,0,14.2196,4.35,-8.80059,1,10,0,0,0,0,0,0,2.304,0,179.6
4763,46438.000,19.9851,20.3273,12.6335,29,0,-.78125,1604.25,61.5158,16.5,82.4,7.6,1.48,0,7.05882,0,14.2196,4.35,-8.65867,1,10,0,0,0,0,0,0,2.304,0,179.6
4764,46438.040,17.8789,20.3273,12.6335,29,0,-.78125,1555.5,61.5158,15.5,82.4,7.58,1.46,0,7.05882,0,14.2196,4.35,-8.65867,1,10,0,0,0,0,0,0,2.304,0,179.6
4765,46438.080,16.2776,20.3273,12.6229,29,0,-.78125,1510.25,60.8944,15.5,82.4,6.81,1.46,0,6.66667,0,14.2196,4.35,-8.52313,1,10,0,0,0,0,0,0,2.304,0,179.6
4766,46438.120,15.4363,20.3273,12.6282,30,0,-.78125,1456,60.8944,14.5,82.4,6.63,1.46,0,6.27451,0,14.2196,4.35,-8.52304,1,10,0,0,0,0,0,0,2.304,0,179.6
4767,46438.160,14.7188,20.3273,12.6282,30,0,-.78125,1408,60.8944,14,82.4,6.18,1.44,0,6.27451,0,14.2196,4.35,-8.52304,1,10,0,0,0,0,0,0,2.304,0,179.6
4768,46438.200,14.1289,20.3273,12.6282,30,0,-.78125,1375.75,60.8944,14,82.4,6,1.4,0,6.27451,0,14.2196,4.35,-8.52296,1,10,0,0,0,0,0,0,2.304,0,179.6
4769,46438.240,14.0457,19.2937,12.6282,30,0,-.78125,1306,60.8944,13,82.4,5.7,1.4,0,6.27451,0,14.2196,4.35,-8.52288,1,10,0,0,0,0,0,0,2.304,0,179.6
4770,46438.280,13.7924,18.0305,12.6282,30,0,-.78125,1239,60.8944,12.5,82.4,5.92,1.42,0,6.27451,0,14.2196,4.35,-8.52288,1,10,0,0,0,0,0,0,2.304,0,179.6
4771,46438.320,13.2451,17.1117,12.6229,30,0,-.78125,1210.75,60.8944,12,82.4,6.11,1.44,0,6.27451,0,14.2196,4.35,-8.5228,1,10,0,0,0,0,0,0,2.304,0,179.6
4772,46438.360,13.2025,16.0781,12.6229,30,0,-.78125,1141.25,60.8944,12,82.4,6.29,1.44,0,6.66667,0,14.2196,4.495,-8.5228,1,10,0,0,0,0,0,0,2.304,0,179.6
4773,46438.400,13.0768,15.1594,12.5649,30,0,-.78125,1109.5,60.8944,12,82.4,6.22,1.46,0,6.66667,0,14.2196,4.64,-8.57665,1,10,0,0,0,0,0,0,2.304,0,179.6
4774,46438.440,12.9085,14.4703,14.1076,30,-.78125,-.78125,1030.5,60.8944,12,82.4,6.68,1.44,0,6.27451,0,14.2196,4.785,-8.63676,1,10,0,0,0,0,0,0,2.304,0,179.6
4775,46438.480,12.9085,14.0109,14.1076,30,-.78125,-.78125,1008.5,60.8944,12,82.4,6.22,1.44,0,5.88235,0,14.2196,4.93,-8.63676,1,10,0,0,0,0,0,0,2.304,0,179.6
4776,46438.520,12.866,13.5516,13.6781,30,-1.5625,-.78125,979.25,60.8944,12,82.4,6,1.42,0,5.88235,0,14.2196,5.075,-8.69852,1,10,0,0,0,0,0,0,2.304,0,179.6
4777,46438.560,12.8234,13.0922,13.7594,30,-3.125,-.78125,904,60.8944,12,82.4,5.68,1.38,0,5.88235,0,14.2196,5.22,-8.75208,1,10,0,0,0,0,0,0,2.304,0,179.6
4778,46438.600,12.4444,12.8625,13.7594,30,-3.90625,-.78125,880,60.8944,12,82.4,5.5,1.38,0,5.88235,0,14.2196,5.22,-8.75208,1,10,0,0,0,0,0,0,2.304,0,179.6
4779,46438.640,12.6552,12.8625,13.7657,30,-3.90625,-.78125,841,60.273,12,82.4,5.56,1.4,0,7.05882,0,14.2196,5.365,-8.81626,1,10,0,0,0,0,0,0,2.304,0,179.6
4780,46438.680,12.5701,12.8625,13.7657,30,-3.90625,-.78125,795.5,60.273,12,82.4,5.8,1.42,0,7.05882,0,14.2196,5.51,-8.81626,1,10,0,0,0,0,0,0,2.304,0,179.6
4781,46438.720,12.6126,12.8625,13.6163,30,-3.90625,-.78125,752,60.273,12,82.4,5.89,1.42,0,7.05882,0,14.2196,5.655,-8.88974,1,10,0,0,0,0,0,0,2.56,0,179.6
4782,46438.760,12.5275,12.8625,13.1638,30,-3.90625,-.78125,722,60.273,12,82.4,6.22,1.44,0,7.05882,0,14.2196,5.945,-8.88966,1,10,0,0,0,0,0,0,2.816,0,179.6
4783,46438.800,12.6977,12.8625,13.1638,30,-4.6875,-.78125,684.75,59.6516,12,84.2,6.31,1.44,0,7.05882,0,14.2196,6.525,-8.88966,1,10,0,0,0,0,0,0,2.816,0,179.6
4784,46438.840,12.7384,12.9773,11.7279,30,-4.6875,-.78125,651.75,59.6516,12,84.2,6.18,1.42,0,6.66667,0,14.2196,6.815,-8.88959,1,10,0,0,1,0,0,0,2.816,0,179.6
4785,46438.880,12.7809,13.0922,11.7417,30,-4.6875,-.78125,651.75,59.6516,12,84.2,6.18,1.4,0,6.66667,0,14.2196,6.815,-8.88952,1,10,0,0,1,0,0,0,3.072,0,179.6
4786,46438.920,12.7384,13.207,11.7417,30,-4.6875,-.78125,619.75,59.6516,12,84.2,5.85,1.4,0,6.66667,0,14.2196,6.815,-8.88952,1,10,0,0,1,0,0,0,2.816,0,179.6
4787,46438.960,12.8234,13.207,13.044,30,-3.90625,-.78125,615.75,59.0303,12,84.2,5.62,1.4,0,6.66667,0,14.2196,6.96,-8.88944,1,10,0,0,1,0,0,0,3.072,0,179.6
4788,46439.000,12.866,13.207,13.044,30,-4.6875,-.78125,612.25,59.0303,11.5,84.2,5.63,1.42,0,6.27451,0,14.2196,7.25,-8.88944,1,10,0,0,1,0,0,0,3.072,0,179.6
4789,46439.040,13.7498,13.3219,12.3031,30,-3.90625,-.78125,608,59.0303,11.5,84.2,5.75,1.38,0,6.66667,0,14.2196,7.54,-8.88937,1,10,0,0,1,0,0,0,3.072,0,179.6
4790,46439.080,13.6667,13.4367,12.3789,30,-3.90625,-.78125,608,59.0303,11.5,84.2,5.75,1.36,0,6.66667,0,14.2196,7.54,-8.8893,1,10,0,0,1,0,0,0,3.328,0,179.6
4791,46439.120,13.8349,13.5516,12.3789,30,-3.90625,-.78125,599.25,58.4089,11.5,84.2,5.44,1.36,0,6.66667,0,14.2196,7.685,-8.8893,1,10,0,0,1,0,0,0,3.328,0,179.6
4792,46439.160,14.0032,13.6664,12.6335,30,-3.125,-.78125,612.75,58.4089,11.5,84.2,5.19,1.36,0,6.66667,0,14.2196,7.83,-8.88923,1,10,0,0,0,0,0,0,3.328,0,179.6
4793,46439.200,14.0883,13.6664,12.7189,30,-3.125,-.78125,625,57.7875,11,84.2,5.07,1.38,0,6.66667,0,14.2196,7.975,-8.88915,1,10,0,0,0,0,0,0,3.328,0,179.6
4794,46439.240,14.2565,13.7813,12.7189,30,-3.125,-.78125,632.25,57.7875,11,84.2,5.13,1.38,0,6.66667,0,14.2196,8.12,-8.88915,1,10,0,0,0,0,0,0,3.328,0,179.6
4795,46439.280,14.3823,13.8961,12.8656,30,-2.34375,-.78125,642.25,57.1662,11,84.2,5.51,1.4,0,6.66667,0,14.2196,8.12,-8.88908,1,10,0,0,0,0,0,0,3.328,0,179.6
4796,46439.320,14.508,14.0109,12.8656,30,-2.34375,-.78125,673.5,57.1662,11,84.2,5.73,1.38,0,6.66667,0,14.2196,8.265,-8.88908,1,10,0,0,0,0,0,0,3.328,0,179.6
4797,46439.360,14.6356,14.0109,13.0667,30,-2.34375,-.78125,673.5,57.1662,11,84.2,5.73,1.38,0,6.66667,0,14.2196,8.265,-8.88901,1,10,0,0,0,0,0,0,3.328,0,179.6
4798,46439.400,14.7613,14.0109,13.0837,30,-2.34375,-1.5625,686.5,57.1662,11,84.2,5.69,1.4,0,6.66667,0,14.2196,8.265,-8.88894,1,10,0,0,0,0,0,0,3.328,0,179.6
4799,46439.440,14.887,14.1258,13.0837,30,-2.34375,-1.5625,713,56.5448,11,84.2,5.67,1.38,0,6.66667,0,14.2196,8.265,-8.88894,1,10,0,0,0,0,0,0,3.072,0,179.6
4800,46439.480,14.8039,14.1258,13.21,30,-1.5625,-1.5625,731.25,56.5448,11,84.2,5.69,1.38,0,6.66667,0,14.2196,8.265,-8.88888,1,10,0,0,0,0,0,0,3.072,0,179.6
4801,46439.520,14.8464,14.2406,13.2216,30,-1.5625,-1.5625,744,55.9234,11,84.2,5.66,1.4,0,6.66667,0,14.2196,8.265,-8.88881,1,10,0,0,0,0,0,0,3.072,0,179.6
4802,46439.560,14.9721,14.2406,13.2216,30,-1.5625,-1.5625,756.5,55.9234,11,84.2,5.8,1.42,0,6.66667,0,14.2196,8.265,-8.88881,1,10,0,0,0,0,0,0,3.072,0,179.6
4803,46439.600,15.0147,14.3555,13.2565,30,-1.5625,-1.5625,765.5,55.9234,11,84.2,5.85,1.42,0,6.66667,0,14.2196,8.265,-8.88874,1,10,0,0,0,0,0,0,3.072,0,179.6
4804,46439.640,15.0572,14.3555,13.2565,30,-.78125,-1.5625,772.5,55.9234,11,84.2,6.03,1.4,0,7.05882,0,14.2196,8.265,-8.88874,1,10,0,0,0,0,0,0,3.072,0,179.6
4805,46439.680,15.0978,14.3555,13.2975,30,-.78125,-1.5625,806.5,55.302,11,84.2,5.71,1.4,0,7.05882,0,14.2196,8.265,-8.88867,1,10,0,0,0,0,0,0,3.072,0,179.6
4806,46439.720,14.9296,14.4703,13.3211,30,-.78125,-1.5625,821.75,55.302,11,84.2,5.77,1.38,0,7.05882,0,14.2196,8.265,-8.88253,1,10,0,0,0,0,0,0,3.072,0,179.6
4807,46439.760,15.0572,14.4703,13.3211,30,0,-1.5625,831.75,54.6807,11,84.2,5.64,1.4,0,7.05882,0,14.2196,8.12,-8.88253,1,10,0,0,0,0,0,0,3.072,0,179.6
4808,46439.800,15.2255,14.4703,13.3565,30,0,-.78125,853.5,54.6807,11.5,84.2,5.89,1.44,0,7.05882,0,14.2196,8.12,-8.85944,1,10,0,0,0,0,0,0,3.072,0,179.6
4809,46439.840,15.1829,14.4703,13.3981,30,0,-.78125,861.5,54.6807,11.5,84.2,6.18,1.46,0,7.05882,0,14.2196,8.12,-8.832,1,10,0,0,0,0,0,0,3.072,0,179.6
4810,46439.880,15.2255,14.4703,13.3981,30,0,-.78125,878.25,54.6807,11.5,84.2,6.39,1.46,0,7.05882,0,14.2196,8.12,-8.832,1,10,0,0,0,0,0,0,3.072,0,179.6
4811,46439.920,15.268,14.4703,13.7783,30,.78125,-.78125,893.75,54.0593,11.5,84.2,6.52,1.44,0,7.05882,0,14.2196,7.975,-8.80239,1,10,0,0,0,0,0,0,2.816,0,179.6
4812,46439.960,15.3512,14.4703,13.7783,30,.78125,-.78125,914.75,54.0593,11.5,84.2,6.29,1.44,0,7.05882,0,14.2196,7.83,-8.80239,1,10,0,0,0,0,0,0,3.072,0,179.6
4813,46440.000,15.2255,14.4703,13.8799,30,.78125,-.78125,938,54.0593,11.5,84.2,6.39,1.44,0,7.05882,0,14.2196,7.83,-8.78291,1,10,0,0,0,0,0,0,3.072,0,179.6
4814,46440.040,15.268,14.4703,13.5856,30,.78125,-.78125,942,54.0593,11.5,84.2,6.29,1.46,0,7.05882,0,14.2196,7.685,-8.75788,1,10,0,0,0,0,0,0,3.072,0,179.6
4815,46440.080,15.268,14.3555,13.5856,30,1.5625,-.78125,961.75,54.0593,11.5,84.2,6.33,1.46,0,7.05882,0,14.2196,7.685,-8.75788,1,10,0,0,0,0,0,0,2.816,0,179.6
4816,46440.120,15.2255,14.3555,13.9831,30,1.5625,-.78125,980.25,54.0593,11.5,84.2,6.78,1.46,0,7.05882,0,14.2196,7.54,-8.73958,1,10,0,0,0,0,0,0,3.072,0,179.6
4817,46440.160,15.2255,14.3555,13.6906,31,1.5625,-.78125,979.5,53.4379,11.5,84.2,6.72,1.46,0,7.05882,0,14.2196,7.54,-8.72339,1,10,0,0,0,0,0,0,3.072,0,179.6
4818,46440.200,15.0978,14.3555,13.6906,31,1.5625,-.78125,998.25,53.4379,12,84.2,6.78,1.46,0,7.05882,0,14.2196,7.395,-8.72339,1,10,0,0,0,0,0,0,2.816,0,179.6
4819,46440.240,15.0147,14.4703,14.101,31,2.34375,-.78125,1004.5,52.8166,11.5,84.2,6.68,1.46,0,7.05882,0,14.2196,7.25,-8.70285,1,10,0,0,0,0,0,0,2.816,0,179.6
4820,46440.280,15.1404,14.4703,14.101,31,2.34375,-.78125,1004.75,52.8166,11.5,84.2,7.09,1.48,0,7.05882,0,14.2196,7.25,-8.70285,1,10,0,0,0,0,0,0,2.816,0,179.6
4821,46440.320,15.0572,14.4703,13.7973,31,2.34375,-.78125,1019,52.1952,11.5,84.2,7,1.44,0,7.05882,0,14.2196,7.25,-8.69985,1,10,0,0,0,0,0,0,2.816,0,179.6
4822,46440.360,14.5931,14.4703,13.8417,31,2.34375,-.78125,1027,52.1952,11.5,84.2,6.33,1.46,0,7.05882,0,14.2196,7.105,-8.68684,1,10,0,0,0,0,0,0,2.816,0,179.6
4823,46440.400,14.6356,14.3555,13.8417,31,3.125,-.78125,1023.5,51.5738,12,84.2,6.7,1.48,0,7.05882,0,14.2196,7.105,-8.68684,1,10,0,0,0,0,0,0,2.816,0,179.6
4824,46440.440,14.6356,14.3555,13.8863,31,3.125,-.78125,1037.25,51.5738,12,84.2,6.81,1.46,0,7.05882,0,14.2196,6.96,-8.66873,1,10,0,0,0,0,0,0,2.816,0,179.6
4825,46440.480,14.6356,14.2406,13.9184,31,3.125,-.78125,1046.75,51.5738,12,84.2,7.21,1.48,0,7.05882,0,14.2196,6.96,-8.66115,1,8,0,0,0,0,0,0,2.816,0,179.6
4826,46440.520,14.214,14.1258,13.9184,31,3.125,-.78125,1045.5,51.5738,12,84.2,7.19,1.48,0,7.05882,0,14.2196,6.96,-8.66115,1,8,0,0,0,0,0,0,2.816,0,179.6
4827,46440.560,14.2565,14.1258,13.9442,31,3.125,-.78125,1062.25,50.9524,12,84.2,7.44,1.48,0,7.05882,0,14.2196,6.96,-8.6472,1,8,0,0,0,0,0,0,2.816,0,179.6
4828,46440.600,14.1714,14.0109,13.9442,31,3.125,-.78125,1068.5,50.9524,12,84.2,7.53,1.48,0,7.05882,0,14.2196,6.815,-8.6472,1,8,0,0,0,0,0,0,2.816,0,179.6
4829,46440.640,14.0883,14.0109,13.9766,31,3.125,-.78125,1076,50.3311,12,84.2,7.37,1.46,0,7.05882,0,14.2196,6.815,-8.64121,1,8,0,0,0,0,0,0,2.816,0,179.6
4830,46440.680,14.0883,13.8961,14.0091,31,3.125,-.78125,1082,50.3311,12,84.2,7.09,1.48,0,7.05882,0,14.2196,6.815,-8.62861,1,8,0,0,0,0,0,0,2.816,0,179.6
4831,46440.720,14.0032,13.8961,14.0091,31,3.125,-.78125,1086,50.3311,12,84.2,7.21,1.48,0,7.05882,0,14.2196,6.67,-8.62861,1,8,0,0,0,0,0,0,2.816,0,179.6
4832,46440.760,13.8775,13.8961,14.1341,31,3.125,-.78125,1100.5,50.3311,12,84.2,7.4,1.48,0,7.05882,0,14.2196,6.67,-8.62494,1,8,0,0,0,0,0,0,2.816,0,179.6
4833,46440.800,13.8775,13.7813,14.1607,31,3.125,-.78125,1109.75,49.7097,12,84.2,7.53,1.46,0,7.05882,0,14.2196,6.67,-8.61245,1,8,0,0,0,0,0,0,2.816,0,179.6
4834,46440.840,13.9181,13.7813,14.1607,31,3.125,-.78125,1103.75,49.7097,12,84.2,7.19,1.48,0,7.05882,0,14.2196,6.67,-8.61245,1,8,0,0,0,0,0,0,2.816,0,179.6
4835,46440.880,13.7924,13.6664,14.1807,31,3.125,-.78125,1120.5,49.0883,12,84.2,7.42,1.46,0,7.05882,0,14.2196,6.525,-8.59643,1,8,0,0,0,0,0,0,2.816,0,179.6
4836,46440.920,13.7924,13.6664,14.1807,31,3.125,-.78125,1134.75,49.0883,12,84.2,7.28,1.48,0,7.05882,0,14.2196,6.525,-8.59643,1,8,0,0,0,0,0,0,2.816,0,179.6
4837,46440.960,13.7073,13.6664,14.1941,31,3.125,-.78125,1139.75,48.467,12,84.2,7.4,1.46,0,7.05882,0,14.2196,6.525,-8.57994,1,8,0,0,0,0,0,0,2.816,0,179.6
4838,46441.000,13.6241,13.6664,14.2142,31,3.125,-.78125,1133.75,48.467,12,84.2,7.19,1.48,0,7.05882,0,14.2196,6.525,-8.57531,1,8,0,0,0,0,0,0,2.816,0,179.6
4839,46441.040,13.6667,13.6664,14.2142,31,2.34375,-.78125,1131.25,47.8456,12,84.2,7.28,1.46,0,7.05882,0,14.2196,6.38,-8.57531,1,8,0,0,0,0,0,0,2.816,0,179.6
4840,46441.080,13.539,13.5516,14.2343,31,2.34375,-.78125,1144,47.8456,12,84.2,7,1.46,0,7.05882,0,14.2196,6.38,-8.58306,1,8,0,0,0,0,0,0,2.816,0,179.6
4841,46441.120,13.6241,13.5516,14.2478,31,2.34375,-.78125,1153.75,47.8456,12,84.2,7.42,1.48,0,7.05882,0,14.2196,6.38,-8.56876,1,8,0,0,0,0,0,0,2.816,0,179.6
4842,46441.160,13.5816,13.5516,14.2478,31,2.34375,-.78125,1148.75,47.8456,12,84.2,7.51,1.48,0,7.05882,0,14.2196,6.38,-8.56876,1,8,0,0,0,0,0,0,2.816,0,179.6
4843,46441.200,14.214,13.5516,14.2545,31,2.34375,-.78125,1152.75,47.2242,12,84.2,7.4,1.46,0,7.05882,0,14.2196,6.235,-8.55879,1,8,0,0,0,0,0,0,2.816,0,179.6
4844,46441.240,13.539,13.5516,14.2545,31,2.34375,-.78125,1161.5,47.2242,12,84.2,7.37,1.48,0,7.05882,0,14.2196,6.235,-8.55879,1,8,0,0,0,0,0,0,2.816,0,179.6
4845,46441.280,13.4559,13.5516,14.2613,31,2.34375,-.78125,1173.25,46.6028,12,84.2,7.51,1.48,0,7.05882,0,14.2196,6.235,-8.55511,1,8,0,0,0,0,0,0,2.816,0,179.6
4846,46441.320,13.3708,13.4367,14.3087,31,2.34375,-.78125,1172.75,46.6028,12,84.2,7.67,1.48,0,7.05882,0,14.2196,6.235,-8.54484,1,8,0,0,0,0,0,0,2.816,0,179.6
4847,46441.360,13.5816,13.5516,14.3087,31,2.34375,-.78125,1182.75,45.9815,12,84.2,7.67,1.5,0,7.05882,0,14.2196,6.235,-8.54484,1,8,0,0,0,0,0,0,2.816,0,179.6
4848,46441.400,13.539,13.4367,14.3019,31,2.34375,-.78125,1201.5,45.9815,12,84.2,7.62,1.48,0,7.05882,0,14.2196,6.235,-8.53539,1,8,0,0,0,0,0,0,2.816,0,179.6
4849,46441.440,13.4559,13.5516,14.2884,31,2.34375,-.78125,1221.25,45.3601,12,84.2,7.49,1.48,0,7.05882,0,14.2196,6.09,-8.51959,1,8,0,0,0,0,0,0,2.816,0,179.6
4850,46441.480,13.4559,13.5516,14.2884,31,2.34375,-.78125,1239,45.3601,12.5,84.2,7.53,1.48,0,7.45098,0,14.2196,6.09,-8.51959,1,8,0,0,0,0,0,0,2.816,0,179.6
4851,46441.520,13.4984,13.5516,14.2816,31,2.34375,-.78125,1249.25,44.7387,12.5,84.2,7.69,1.5,0,7.45098,0,14.2196,6.09,-8.51954,1,8,0,0,0,0,0,0,2.816,0,179.6
4852,46441.560,13.5816,13.5516,14.2816,31,2.34375,-.78125,1240.75,44.7387,12.5,84.2,7.67,1.5,0,7.45098,0,14.2196,6.09,-8.51954,1,8,0,0,0,0,0,0,2.816,0,179.6
4853,46441.600,13.4984,13.4367,14.2748,31,1.5625,-.78125,1256.5,44.1174,12.5,84.2,7.77,1.5,0,7.45098,0,14.2196,5.945,-8.51949,1,8,0,0,0,0,0,0,2.56,0,179.6
4854,46441.640,13.6241,13.4367,14.2952,31,1.5625,-.78125,1269,44.1174,12.5,84.2,7.77,1.5,0,7.45098,0,14.2196,5.945,-8.51944,1,8,0,0,0,0,0,0,2.56,0,179.6
4855,46441.680,13.4559,13.4367,14.2952,31,1.5625,-.78125,1291.25,43.496,13,84.2,7.69,1.48,0,7.45098,0,14.2196,5.945,-8.51944,1,8,0,0,0,0,0,0,2.56,0,179.6
4856,46441.720,13.5816,13.4367,14.3019,31,1.5625,-.78125,1315,43.496,13,84.2,7.65,1.5,0,7.45098,0,14.2196,5.945,-8.51938,1,8,0,0,0,0,0,0,2.56,0,179.6
4857,46441.760,13.539,13.4367,14.3019,31,1.5625,-.78125,1336.75,42.8746,13.5,84.2,7.77,1.5,0,7.45098,0,14.2196,5.945,-8.51933,1,8,0,0,0,0,0,0,2.56,0,179.6
4858,46441.800,13.539,13.4367,14.3019,31,1.5625,-.78125,1384,42.8746,14,84.2,7.77,1.5,0,7.45098,0,14.2196,5.8,-8.51933,1,8,0,0,0,0,0,0,2.56,0,179.6
4859,46441.840,13.4133,13.4367,14.3156,31,1.5625,-.78125,1430.25,42.2532,14,84.2,7.77,1.5,0,7.45098,0,14.2196,5.8,-8.51928,1,8,0,0,0,0,0,0,2.56,0,179.6
4860,46441.880,13.4559,13.4367,14.3156,31,1.5625,-.78125,1439.25,42.2532,14.5,84.2,7.84,1.52,0,7.45098,0,14.2196,5.8,-8.51928,1,8,0,0,0,0,0,0,2.56,0,179.6
4861,46441.920,13.4133,13.4367,14.3224,31,1.5625,-.78125,1479.25,41.6319,15,84.2,7.88,1.52,0,7.45098,0,14.2196,5.655,-8.51923,1,8,0,0,0,0,0,0,2.56,0,179.6
4862,46441.960,13.3708,13.3219,14.3428,31,.78125,-.78125,1527.5,41.6319,15.5,84.2,7.9,1.52,0,7.45098,0,14.2196,5.51,-8.51918,1,8,0,0,0,0,0,0,2.56,0,179.6
4863,46442.000,13.3282,13.3219,14.3428,31,.78125,-.78125,1593.25,41.0105,16,84.2,7.77,1.5,0,7.45098,0,14.2196,5.51,-8.51918,1,8,0,0,0,0,0,0,2.56,0,179.6
4864,46442.040,13.0768,13.207,14.3565,31,.78125,-.78125,1631.75,41.0105,17,84.2,7.88,1.52,0,7.84314,0,14.2196,5.365,-8.51913,1,8,0,0,0,0,0,0,2.56,0,179.6
4865,46442.080,13.16,13.207,14.3634,31,.78125,-.78125,1671,40.3891,17.5,84.2,7.94,1.52,0,7.84314,0,14.2196,5.365,-8.69437,1,8,0,0,0,0,0,0,2.304,0,179.6
4866,46442.120,13.2025,13.207,14.3634,31,.78125,-.78125,1710.75,40.3891,18.5,84.2,7.92,1.52,0,7.84314,0,14.2196,5.22,-8.69437,1,8,0,0,0,0,0,0,2.304,0,179.6
4867,46442.160,13.2451,13.207,14.3634,31,0,-.78125,1752.75,39.7678,19,84.2,7.9,1.52,0,7.84314,0,14.2196,5.22,-8.80339,1,8,0,0,0,0,0,0,2.304,0,179.6
4868,46442.200,13.3282,13.3219,14.3634,31,0,-.78125,1790,39.7678,20,84.2,7.88,1.52,0,7.84314,0,14.2196,5.075,-8.80339,1,8,0,0,0,0,0,0,2.304,0,179.6
4869,46442.240,13.3708,13.4367,14.3702,31,0,-.78125,1828.25,39.1464,20,84.2,7.94,1.52,0,7.84314,0,14.2196,5.075,-8.98768,1,8,0,0,0,0,0,0,2.304,0,179.6
4870,46442.280,13.8775,13.4367,14.3702,31,0,-.78125,1887.75,39.1464,20,84.2,7.92,1.52,0,7.84314,0,14.2196,4.93,-9.16273,1,8,0,0,0,0,0,0,2.304,0,179.6
4871,46442.320,14.2565,13.5516,14.3702,31,0,-.78125,1916.25,38.525,20,84.2,7.98,1.52,0,8.23529,0,14.2196,4.785,-9.16273,1,8,0,0,0,0,0,0,2.048,0,179.6
4872,46442.360,14.214,13.6664,14.3771,31,0,-.78125,1950,38.525,20,84.2,8,1.54,0,8.23529,0,14.2196,4.785,-9.3073,1,8,0,0,0,0,0,0,2.048,0,179.6
4873,46442.400,14.3823,13.7813,14.3702,31,.78125,-.78125,1999,37.9036,20,84.2,8.1,1.54,0,8.23529,0,14.2196,4.64,-9.4339,1,8,0,0,0,0,0,0,2.048,0,179.6
4874,46442.440,14.2565,13.8961,14.3702,31,.78125,-.78125,2039.5,37.9036,20,84.2,8.02,1.54,0,8.23529,0,14.2196,4.64,-9.4339,1,8,0,0,0,0,0,0,2.048,0,179.6
4875,46442.480,14.5931,13.8961,14.3771,31,.78125,-.78125,2069.75,36.6609,20,84.2,8.04,1.54,0,8.23529,0,14.2196,4.495,-9.50497,1,8,0,0,0,0,0,0,2.048,0,179.6
4876,46442.520,14.5505,14.0109,14.3771,31,.78125,-.78125,2130.75,36.6609,20,84.2,8.1,1.54,0,8.23529,0,14.2196,4.495,-9.50497,1,8,0,0,0,0,0,0,2.048,0,179.6
4877,46442.560,14.5505,14.1258,14.3771,31,.78125,-.78125,2157.75,36.0395,20,84.2,8.05,1.54,0,8.23529,0,14.2196,4.35,-9.50492,1,8,0,0,0,0,0,0,2.048,0,179.6
4878,46442.600,14.6356,14.2406,14.3771,31,1.5625,-.78125,2223.5,36.0395,20,84.2,8.05,1.54,0,8.23529,0,14.2196,4.35,-9.50487,1,8,0,0,0,0,0,0,2.048,0,179.6
4879,46442.640,14.6356,14.2406,14.3771,31,1.5625,-.78125,2264.5,35.4182,20,84.2,8.02,1.54,0,8.23529,0,14.2196,4.205,-9.50487,1,8,0,0,0,0,0,0,1.792,0,179.6
4880,46442.680,14.6356,14.2406,14.3702,31,1.5625,-.78125,2338.5,35.4182,20,84.2,8.05,1.54,0,8.23529,0,14.2196,4.205,-9.50483,1,8,0,0,0,0,0,0,1.792,0,179.6
4881,46442.720,14.7188,14.2406,14.3702,31,1.5625,-.78125,2390,34.7968,20,84.2,8.04,1.54,0,8.62745,0,14.2196,4.06,-9.50478,1,8,0,0,0,0,0,0,1.792,0,179.6
4882,46442.760,14.8039,14.3555,14.3702,31,1.5625,-.78125,2468.5,34.7968,20,84.2,8.02,1.54,0,8.62745,0,14.2196,4.06,-9.50478,1,8,0,0,0,0,0,0,1.792,0,179.6
4883,46442.800,14.8039,14.3555,14.3634,31,2.34375,-.78125,2560.75,33.554,20,84.2,8.37,1.56,0,8.62745,0,14.2196,4.06,-9.50474,1,8,0,0,0,0,0,0,1.792,0,179.6
4884,46442.840,14.9296,14.4703,14.3634,31,2.34375,-.78125,2616.75,33.554,20,84.2,8.68,1.56,0,8.62745,0,14.2196,3.915,-9.50474,1,8,0,0,0,0,0,0,1.792,0,179.6
4885,46442.880,14.887,14.4703,14.3565,31,2.34375,-.78125,2733.25,32.9327,20,84.2,8.49,1.58,0,9.01961,0,14.2196,3.915,-9.50469,1,8,0,0,0,0,0,0,1.792,0,179.6
4886,46442.920,14.8039,14.5852,14.3634,31,3.125,-.78125,2846.75,32.9327,20,84.2,8.93,1.58,0,9.01961,0,14.2196,3.77,-9.50465,1,8,0,0,0,0,0,0,1.792,0,179.6
4887,46442.960,15.1404,14.7,14.3634,31,3.125,-.78125,2979.75,32.3113,20,84.2,8.56,1.58,0,9.01961,0,14.2196,3.77,-9.50465,1,8,0,0,0,0,0,0,1.792,0,179.6
4888,46443.000,15.4769,14.7,14.3634,31,3.125,-.78125,3125.5,32.3113,20,84.2,8.8,1.58,0,9.41177,0,14.2196,3.625,-9.06129,1,8,0,0,0,0,0,0,1.792,0,179.6
4889,46443.040,15.3086,14.5852,14.3771,31,3.90625,-.78125,3242.25,31.0686,20,84.2,9.17,1.6,0,9.01961,0,14.2196,3.625,-8.51838,1,8,0,0,1,0,0,0,1.792,0,179.6
4890,46443.080,15.3512,14.5852,14.3771,31,3.90625,-.78125,3227,31.0686,20,84.2,9.36,1.6,0,9.41177,0,14.2196,3.48,-8.51838,1,8,0,0,1,0,0,0,1.792,0,179.6
4891,46443.120,15.3086,14.4703,14.3839,31,3.90625,-.78125,3142.5,30.4472,20,84.2,9.36,1.6,0,9.80392,0,14.2196,3.335,-8.54455,1,8,0,0,1,0,0,0,1.792,0,179.6
4892,46443.160,15.2255,14.3555,14.3839,31,3.90625,-.78125,3032.75,30.4472,20,84.2,9.53,1.62,0,9.80392,0,14.2196,3.335,-8.54455,1,8,0,0,2,0,0,0,1.792,0,179.6
4893,46443.200,15.0978,14.2406,14.3565,31,4.6875,-.78125,2947,29.8258,20,84.2,9.67,1.62,0,9.80392,0,14.2196,3.335,-8.93063,1,8,0,0,1,0,0,0,0,0,179.6
4894,46443.240,15.0572,14.2406,14.2748,31,4.6875,-.78125,2868.5,29.8258,20,84.2,9.77,1.64,0,9.80392,0,14.2196,3.335,-9.24953,1,8,0,0,1,0,0,0,0,0,179.6
4895,46443.280,14.9296,14.2406,14.2748,31,4.6875,-.78125,2891.25,29.2044,20,84.2,9.77,1.64,0,9.41177,0,14.2196,3.335,-9.24953,1,8,0,0,0,0,0,0,0,0,179.6
4896,46443.320,14.887,14.4703,14.2748,31,4.6875,-.78125,2986.5,29.2044,20,84.2,9.67,1.62,0,9.41177,0,14.2196,3.335,-9.17405,1,8,0,0,0,0,0,0,0,0,179.6
4897,46443.360,15.2255,14.7,14.2748,31,4.6875,-.78125,3003.75,28.5831,20,84.2,9.49,1.6,0,9.41177,0,14.2196,3.335,-9.00218,1,8,0,0,1,0,0,0,0,0,179.6
4898,46443.400,15.6045,15.1594,14.2748,31,5.46875,-.78125,2928.25,28.5831,20,84.2,9.42,1.6,0,9.41177,0,14.2196,3.335,-9.00218,1,8,0,0,1,0,0,0,0,0,179.6
4899,46443.440,16.5735,15.6187,14.2748,31,5.46875,-.78125,2842.5,28.5831,20,84.2,9.46,1.6,0,9.41177,0,14.2196,3.335,-9.28095,1,8,0,0,1,0,0,0,0,0,179.6
4900,46443.480,17.6256,15.8484,14.2748,31,6.25,-.78125,2764.75,28.5831,20,84.2,9.56,1.62,0,9.41177,0,14.2196,3.335,-9.28095,1,8,0,0,1,0,0,0,0,0,179.6
4901,46443.520,17.964,16.0781,14.2748,31,0,-.78125,2718,27.9617,20,84.2,9.49,1.62,0,9.41177,0,14.2196,3.48,-9.50426,1,8,0,0,1,0,0,0,0,0,179.6
4902,46443.560,17.9215,16.3078,12.4558,31,0,-.78125,2687.5,27.9617,20,84.2,9.46,1.6,0,9.41177,0,14.2196,3.48,-9.50422,1,8,0,0,0,0,0,0,0,0,179.6
4903,46443.600,18.1323,16.4227,12.4558,31,0,-.78125,2767.75,27.3403,20,84.2,9.39,1.6,0,9.01961,0,14.2196,3.48,-9.50422,1,8,0,0,0,0,0,0,0,0,179.6
4904,46443.640,18.1323,16.882,12.4558,31,0,-.78125,2784.25,27.3403,20,84.2,9.28,1.58,0,9.01961,0,14.2196,3.48,-9.50418,1,8,0,0,0,0,0,0,0,0,179.6
4905,46443.680,18.4688,17.4562,12.4558,31,0,-.78125,2725,26.719,20,84.2,9.17,1.6,0,9.01961,0,14.2196,3.48,-9.50414,1,8,0,0,0,0,0,0,0,0,179.6
4906,46443.720,19.2269,18.0305,12.4558,31,0,-.78125,2630.25,26.719,20,84.2,9.17,1.58,0,9.01961,0,14.2196,3.48,-9.50414,1,8,0,0,1,0,0,0,0,0,179.6
4907,46443.760,19.8593,18.8344,12.5023,31,0,-.78125,2567.75,26.0976,20,84.2,9.11,1.58,0,9.01961,0,14.2196,3.48,-9.5041,1,8,0,0,1,0,0,0,0,0,179.6
4908,46443.800,20.5343,19.6383,12.5023,31,0,-.78125,2514.25,26.0976,20,84.2,8.93,1.58,0,9.01961,0,14.2196,3.48,-9.5041,1,8,0,0,0,0,0,0,0,0,179.6
4909,46443.840,20.4492,20.3273,12.6707,31,0,-.78125,2562.5,25.4762,20,84.2,9.05,1.58,0,9.01961,0,14.2196,3.48,-9.50406,1,8,0,0,0,0,0,0,0,0,179.6
4910,46443.880,20.5343,20.3273,12.6707,31,0,-.78125,2592.25,25.4762,20,84.2,8.93,1.58,0,9.01961,0,14.2196,3.48,-9.50402,1,8,0,0,0,0,0,0,0,0,179.6
4911,46443.920,19.9019,20.3273,12.6707,31,0,-.78125,2538.25,24.8548,20,84.2,8.93,1.58,0,9.01961,0,14.2196,3.48,-9.50402,1,8,0,0,0,0,0,0,0,0,179.6
4912,46443.960,19.7762,20.3273,12.6707,31,0,-.78125,2454.75,24.8548,20,84.2,8.74,1.58,0,9.01961,0,14.2196,3.48,-9.50398,1,8,0,0,0,0,0,0,0,0,179.6
4913,46444.000,19.8168,20.3273,12.6707,31,0,-.78125,2412.75,24.2335,20,84.2,8.8,1.56,0,9.01961,0,14.2196,3.625,-9.50394,1,8,0,0,0,0,0,0,0,0,179.6
4914,46444.040,19.8593,20.3273,12.6707,31,0,-.78125,2397.5,24.2335,20,84.2,8.56,1.58,0,8.62745,0,14.2196,3.625,-9.50394,1,8,0,0,0,0,0,0,0,0,179.6
4915,46444.080,19.8593,20.3273,12.6707,31,0,-.78125,2421.25,23.6121,20,84.2,8.68,1.58,0,8.62745,0,14.2196,3.625,-9.5039,1,8,0,0,0,0,0,0,0,0,179.6
4916,46444.120,19.8593,20.3273,12.6707,31,0,-.78125,2411.25,23.6121,20,84.2,8.43,1.56,0,8.62745,0,14.2196,3.625,-9.5039,1,8,0,0,0,0,0,0,0,0,179.6
4917,46444.160,19.8593,20.3273,12.6707,31,0,-.78125,2341,22.9907,20,84.2,8.31,1.56,0,8.62745,0,14.2196,3.625,-9.50386,1,8,0,0,0,0,0,0,0,0,179.6
4918,46444.200,19.8168,20.3273,12.6707,31,0,-.78125,2292.25,22.9907,20,84.2,8.37,1.56,0,8.23529,0,14.2196,3.625,-9.50383,1,8,0,0,0,0,0,0,0,0,179.6
4919,46444.240,20.1552,20.3273,12.6707,31,0,-.78125,2258.25,22.9907,20,84.2,8.1,1.54,0,8.23529,0,14.2196,3.625,-9.50383,1,8,0,0,0,0,0,0,0,0,179.6
4920,46444.280,19.9444,20.3273,12.6707,31,0,-.78125,2277.75,22.9907,20,84.2,8.05,1.54,0,8.23529,0,14.2196,3.625,-9.50379,1,8,0,0,0,0,0,0,0,0,179.6
4921,46444.320,19.9851,20.3273,12.6707,31,0,-.78125,2271.25,22.3694,20,84.2,8,1.54,0,8.23529,0,14.2196,3.625,-9.50375,1,8,0,0,0,0,0,0,0,0,179.6
4922,46444.360,19.8168,20.3273,12.6707,31,0,-.78125,2255.75,22.3694,20,84.2,8.02,1.54,0,8.23529,0,14.2196,3.625,-9.50375,1,8,0,0,0,0,0,0,0,0,179.6
4923,46444.400,19.9851,20.3273,12.6707,31,0,-.78125,2211,22.3694,20,86,8.05,1.54,0,8.23529,0,14.2196,3.625,-9.50371,1,8,0,0,0,0,0,0,0,0,179.6
4924,46444.440,19.9019,20.3273,12.6707,31,0,-.78125,2206.5,22.3694,20,86,8.1,1.54,0,8.23529,0,14.2196,3.625,-9.50371,1,8,0,0,0,0,0,0,0,0,179.6
4925,46444.480,19.9851,20.3273,12.6707,31,0,-.78125,2206,21.748,20,86,8.16,1.54,0,8.23529,0,14.2196,3.77,-9.50367,1,8,0,0,0,0,0,0,0,0,179.6
4926,46444.520,19.9851,20.3273,12.6707,31,0,-.78125,2224.25,21.748,20,86,8.1,1.54,0,8.23529,0,14.2196,3.77,-9.50364,1,8,0,0,0,0,0,0,0,0,179.6
4927,46444.560,20.0701,20.3273,12.6707,31,0,-.78125,2199,21.748,20,86,8.16,1.54,0,8.23529,0,14.2196,3.77,-9.50364,1,8,0,0,0,0,0,0,0,0,179.6
4928,46444.600,19.9019,20.3273,12.6707,31,0,-.78125,2178.75,21.748,20,86,8.18,1.54,0,8.23529,0,14.2196,3.77,-9.5036,1,8,0,0,0,0,0,0,0,0,179.6
4929,46444.640,20.1127,20.3273,12.6707,31,0,-.78125,2149.25,21.748,20,86,8.37,1.56,0,8.23529,0,14.2196,3.77,-9.50357,1,8,0,0,0,0,0,0,0,0,179.6
4930,46444.680,20.0276,20.3273,12.6707,31,0,-.78125,2149.75,21.748,20,86,8.18,1.54,0,8.23529,0,14.2196,3.77,-9.50357,1,8,0,0,0,0,0,0,0,0,179.6
4931,46444.720,19.7336,20.3273,12.6707,31,0,-.78125,2165.75,21.1266,20,86,8.1,1.54,0,8.23529,0,14.2196,3.77,-9.50353,1,8,0,0,0,0,0,0,0,0,179.6
4932,46444.760,19.8593,20.3273,12.6707,31,0,-.78125,2148.5,21.1266,20,86,8.18,1.56,0,8.23529,0,14.2196,3.915,-9.50353,1,8,0,0,0,0,0,0,0,0,179.6
4933,46444.800,20.0276,20.3273,12.6707,31,0,-.78125,2134.25,21.1266,20,86,8.31,1.56,0,8.23529,0,14.2196,3.915,-9.5035,1,8,0,0,0,0,0,0,0,0,179.6
4934,46444.840,20.0276,20.3273,12.6707,31,0,-.78125,2107,21.1266,20,86,8.18,1.54,0,8.23529,0,14.2196,3.915,-9.50346,1,8,0,0,0,0,0,0,0,0,179.6
4935,46444.880,19.9851,20.3273,12.6707,31,0,-.78125,2121.75,21.1266,20,86,8.1,1.54,0,8.23529,0,14.2196,3.915,-9.50346,1,8,0,0,0,0,0,0,0,0,179.6
4936,46444.920,19.9444,20.3273,12.6707,31,0,-.78125,2126.5,21.1266,20,86,8.25,1.56,0,8.23529,0,14.2196,3.915,-9.50342,1,8,0,0,0,0,0,0,0,0,179.6
4937,46444.960,19.7336,20.3273,12.6707,31,0,-.78125,2129,21.1266,20,86,8.1,1.56,0,8.23529,0,14.2196,3.915,-9.50339,1,8,0,0,0,0,0,0,0,0,179.6
4938,46445.000,19.8593,20.3273,12.6707,31,0,-.78125,2124.25,21.1266,20,86,8.25,1.54,0,8.23529,0,14.2196,3.915,-9.50339,1,8,0,0,0,0,0,0,0,0,179.6
4939,46445.040,19.9444,20.3273,12.6707,31,0,-.78125,2082.25,20.5052,-5,86,8.1,1.54,0,8.23529,0,14.2196,3.915,-9.50336,1,8,0,0,0,0,0,0,2.048,0,179.6
4940,46445.080,20.0701,20.3273,12.6707,31,0,-.78125,2073.25,20.5052,-3.5,86,8.1,1.54,0,8.23529,0,14.2196,3.915,-9.50336,1,8,0,0,0,0,0,0,2.048,0,179.6
4941,46445.120,20.366,20.3273,12.6707,31,0,-.78125,2059.5,20.5052,-2,86,8.1,1.56,5.09804,9.01961,47.1754,14.2196,3.915,-9.50332,1,8,0,0,0,0,0,0,2.048,0,179.6
4942,46445.160,20.3235,20.3273,12.6707,31,0,-.78125,2056.75,20.5052,21,86,9.24,1.66,10.1961,12.549,98.1471,14.2196,3.915,-6.35407,1,8,0,0,0,74.902,0,0,2.048,0,179.6
4943,46445.200,20.4918,20.3273,12.6707,31,0,-.78125,2130.25,19.8839,21.5,86,14.91,1.94,12.549,16.8627,116.269,14.2196,4.64,-6.35407,1,8,0,0,2,74.902,0,0,2.56,0,179.6
4944,46445.240,20.4492,20.3273,10.5968,31,0,-.78125,2074.5,19.8839,7,86,22.75,2.12,12.1569,18.4314,114.635,14.2196,5.945,-4.0996,1,8,0,0,4,74.902,0,0,3.072,0,179.6
4945,46445.280,20.5749,20.3273,10.7597,31,0,-.78125,2086.5,19.8839,22.5,86,26.49,2.16,12.549,18.4314,116.875,14.2196,7.105,-4.02511,1,10,0,0,7,74.902,0,0,3.584,0,179.6
4946,46445.320,20.7026,20.3273,10.7597,31,0,-.78125,2108.75,19.8839,22,86,27.14,2.18,13.3333,18.4314,123.864,14.2196,7.25,-4.02511,1,10,0,0,10,74.902,0,0,3.84,0,179.6
4947,46445.360,20.4067,20.3273,11.2755,31,0,-.78125,2098.5,19.8839,20.5,86,27.59,2.18,13.3333,18.8235,123.982,14.2196,7.83,-3.45092,1,10,0,0,11,74.902,0,0,4.352,0,179.6
4948,46445.400,19.1863,20.3273,11.2755,31,0,0,2058,19.8839,19.5,86,28.35,2.18,13.3333,19.2157,124.448,14.2196,8.41,-3.45092,1,10,0,0,15,74.902,0,0,4.864,0,179.6
4949,46445.440,16.1093,20.3273,11.4036,31,0,0,2022.25,20.5052,19,86,28.02,2.18,13.3333,19.2157,124.862,14.2196,8.845,-3.40688,1,10,0,0,17,74.902,0,0,5.12,0,179.6
4950,46445.480,13.7498,20.3273,11.4426,31,0,0,2044,20.5052,19,86,27.59,2.18,13.7255,19.2157,129.376,14.2196,8.99,-3.18457,1,10,0,0,18,74.902,0,0,5.12,0,179.6
4951,46445.520,13.6241,20.3273,11.4426,31,0,0,2108,20.5052,11.5,86,27.7,2.18,14.1176,19.6078,133.597,14.2196,9.28,-3.18457,1,10,0,0,20,74.902,0,0,5.376,0,179.6
4952,46445.560,13.7924,20.3273,11.5969,31,0,0,2089.25,20.5052,11.5,86,28.35,2.2,14.902,20,138.592,14.2196,9.425,-2.61988,1,10,0,0,21,74.902,0,0,5.376,0,179.6
4953,46445.600,13.7924,20.3273,11.5969,31,0,0,2078.25,20.5052,19,86,28.67,2.22,15.2941,20.3922,143.486,14.2196,9.57,-1.77178,1,10,0,0,21,74.902,0,0,5.632,1,179.6
4954,46445.640,13.6241,20.3273,11.5969,31,0,0,2079,20.5052,18.5,86,29.75,2.24,16.8627,21.1765,157.48,14.2196,9.86,-1.77178,1,10,0,0,20,74.902,0,0,5.632,0,179.6
4955,46445.680,13.2451,19.2937,11.5835,31,0,0,2088.75,20.5052,18,86,30.64,2.26,19.2157,22.7451,175.884,14.2196,10.005,-.043457,1,10,0,0,20,74.902,0,0,5.632,0,179.6
4956,46445.720,13.0343,18.0305,11.5835,31,0,0,2109,20.5052,17.5,86,34.05,2.32,20.7843,24.3137,191.193,14.2196,10.44,-.043457,1,10,0,0,20,74.902,0,0,5.888,0,179.6
4957,46445.760,12.8234,16.9969,11.3821,31,0,0,2101.75,20.5052,16.5,86,36.02,2.38,22.3529,25.8824,203.322,14.2196,10.875,1.91478,1,10,0,0,19,74.902,0,0,6.4,0,179.6
4958,46445.800,12.8234,16.0781,11.1917,31,0,0,2120.25,20.5052,15.5,86,37.9,2.4,23.5294,27.451,213.132,14.2196,11.6,2.99808,1,10,0,0,18,74.902,0,0,6.656,0,179.6
4959,46445.840,13.0768,15.0445,11.1917,31,0,0,2112,21.1266,15,86,39.19,2.42,23.5294,28.2353,212.399,14.2196,12.035,2.99808,1,10,0,0,18,74.902,0,0,6.656,0,179.6
4960,46445.880,13.0343,14.4703,12.6921,31,0,0,2121.25,21.1266,14.5,86,38.54,2.42,23.5294,28.2353,212.393,14.2196,12.325,3.12255,1,10,0,0,17,74.902,0,0,6.4,0,179.6
4961,46445.920,12.9492,14.0109,12.7028,32,-.78125,0,2149.5,21.1266,15,86,38.33,2.4,23.5294,28.2353,212.905,14.2196,12.47,3.14778,1,10,0,0,16,74.902,0,0,6.4,0,179.6
4962,46445.960,13.3282,13.5516,12.7028,32,-2.34375,0,2146.75,21.1266,14.5,86,38.76,2.4,24.7059,28.6275,222.257,14.2196,12.47,3.14778,1,10,0,0,16,74.902,0,0,6.4,0,179.6
4963,46446.000,13.8775,13.0922,12.7458,32,-4.6875,0,2138.5,21.1266,15,86,39.83,2.44,26.6667,30.5882,231.645,14.2196,12.615,3.89886,1,10,0,0,15,74.902,0,0,6.4,0,179.6
4964,46446.040,14.1289,13.3219,12.7458,32,-4.6875,0,2132.25,21.1266,14.5,86,42.41,2.44,30.1961,32.1569,240.493,14.2196,12.905,3.89886,1,10,0,0,14,74.902,0,0,6.656,0,179.6
4965,46446.080,14.0883,13.3219,12.7243,32,0,0,2188.75,21.1266,14,86,43.09,2.46,34.1176,34.902,248.722,14.2196,13.195,4.50534,1,10,0,0,13,74.902,0,0,6.912,0,179.6
4966,46446.120,13.16,13.207,12.9098,32,0,0,2204.75,21.1266,14,86,44.49,2.48,35.6863,36.4706,253.788,14.2196,13.485,4.77945,1,10,0,0,13,74.902,0,0,7.168,0,179.6
4967,46446.160,12.191,12.8625,12.9098,32,0,0,2223,21.748,14.5,86,43.85,2.48,35.2941,37.6471,255.207,14.2196,13.63,4.77945,1,10,0,0,12,74.902,0,0,7.168,0,179.6
4968,46446.200,11.7288,12.4031,12.8711,32,0,0,2225,21.748,14,86,44.61,2.48,33.3333,37.2549,254.45,14.2196,13.775,4.8555,1,10,0,0,12,74.902,0,0,7.424,0,179.6
4969,46446.240,12.1485,12.0586,12.7728,32,0,0,2237.25,21.748,15,86,44.49,2.5,34.1176,36.4706,257.479,14.2196,13.775,4.93423,1,10,0,0,11,74.902,0,0,7.424,0,179.6
4970,46446.280,12.3187,12.1734,12.7728,32,0,0,2235,21.748,14,86,44.74,2.5,34.902,36.8627,260.374,14.2196,13.775,4.93423,1,10,0,0,11,74.902,0,0,7.68,0,179.6
4971,46446.320,12.4444,12.2883,12.6867,32,0,0,2246,21.748,14.5,86,44.23,2.5,35.2941,37.6471,262.608,14.2196,13.92,5.09258,1,10,0,0,11,74.902,0,0,7.68,0,179.6
4972,46446.360,12.0653,12.0586,12.6867,32,0,0,2231.5,21.748,14.5,86,45.38,2.5,35.6863,37.6471,264.02,14.2196,13.92,5.09258,1,10,0,0,11,74.902,0,0,7.68,0,179.6
4973,46446.400,11.8971,11.9437,12.586,32,0,0,2236,22.3694,14.5,86,45.63,2.5,36.4706,38.0392,265.94,14.2196,13.92,5.11538,1,10,0,0,11,74.902,0,0,7.68,0,179.6
4974,46446.440,11.8545,11.8289,12.5023,32,0,0,2241.5,22.3694,14,86,45.5,2.5,37.6471,38.8235,267.972,14.2196,14.065,5.17471,1,10,0,0,12,74.902,0,0,7.936,0,179.6
4975,46446.480,11.7694,11.7141,12.5023,32,0,0,2273,22.3694,14.5,86,45.88,2.52,37.6471,39.6078,268.175,14.2196,14.21,5.17471,1,10,0,0,12,74.902,0,0,7.936,0,179.6
4976,46446.520,11.812,11.5992,12.3942,32,0,0,2289.75,22.3694,14,86,46.39,2.52,37.2549,39.2157,269.225,14.2196,14.21,5.32649,1,10,0,0,11,74.902,0,0,7.936,0,179.6
4977,46446.560,11.6863,11.5992,12.293,32,0,0,2291.25,22.3694,15,86,46.9,2.54,37.2549,39.2157,271.671,14.2196,14.21,5.45616,1,10,0,0,11,74.902,0,0,8.192,0,179.6
4978,46446.600,11.6437,11.4844,12.293,32,0,0,2281.75,22.3694,14.5,86,46.88,2.54,37.6471,39.2157,273.236,14.2196,14.21,5.45616,1,10,0,0,12,74.902,0,0,8.192,0,179.6
4979,46446.640,11.6863,11.4844,12.3384,32,0,0,2308,22.9907,14.5,86,46.77,2.54,38.8235,39.6078,276.094,14.2196,14.355,5.55985,1,10,0,0,12,74.902,0,0,8.192,0,179.6
4980,46446.680,11.6863,11.4844,12.3384,32,0,0,2303.5,22.9907,14.5,86,48.15,2.54,45.098,41.1765,284.088,14.2196,14.355,5.55985,1,10,0,0,12,74.902,0,0,8.192,0,179.6
4981,46446.720,11.6012,11.4844,12.3586,32,0,0,2333,22.9907,14.5,86,48.69,2.58,51.7647,43.9216,288.801,14.2196,14.5,5.92446,1,10,0,0,12,74.902,0,0,8.192,0,179.6
4982,46446.760,11.3478,11.3695,12.3182,32,0,0,2338.5,22.9907,14.5,86,49.01,2.6,54.5098,45.098,290.652,14.2196,14.645,6.27492,1,10,0,0,12,74.902,0,0,8.192,0,179.6
4983,46446.800,10.4214,11.1398,12.3182,32,0,0,2361.5,22.9907,14.5,86,48.9,2.6,54.1176,45.4902,292.49,14.2196,14.79,6.27492,1,10,0,0,12,74.902,0,0,8.192,0,179.6
4984,46446.840,10.7173,11.1398,12.3131,32,0,0,2364.5,22.9907,14.5,86,50.08,2.6,54.5098,45.8824,294.53,14.2196,14.79,6.46534,1,10,0,0,11,74.902,0,0,8.192,0,179.6
4985,46446.880,11.1795,11.1398,12.3031,32,0,0,2390.5,23.6121,14.5,86,50.46,2.6,57.2549,46.2745,296.821,14.2196,14.935,6.7154,1,10,0,0,12,74.902,0,0,8.192,0,179.6
4986,46446.920,11.4329,11.1398,12.3031,32,0,0,2418.25,23.6121,14.5,86,50.57,2.62,58.8235,46.2745,300.297,14.2196,14.935,6.7154,1,10,0,0,12,74.902,0,0,8.448,0,179.6
4987,46446.960,11.5586,11.1398,12.3081,32,0,0,2417.25,23.6121,14.5,86,50.61,2.64,58.8235,46.6667,302.644,14.2196,15.08,7.08311,1,10,0,0,12,74.902,0,0,8.448,0,179.6
4988,46447.000,12.5275,11.4844,12.3081,32,0,0,2450,23.6121,15,86,50.97,2.64,58.4314,47.0588,304.909,14.2196,15.08,7.08311,1,10,0,0,12,74.902,0,0,8.448,0,179.6
4989,46447.040,12.4444,11.7141,12.288,32,0,0,2461.75,24.2335,15,86,51.24,2.62,58.0392,47.0588,305.731,14.2196,15.225,7.90813,1,10,0,0,12,74.902,0,0,8.448,0,179.6
4990,46447.080,12.4869,11.7141,12.3131,32,0,0,2451.75,24.2335,14.5,86,51.84,2.62,57.2549,47.0588,306.072,14.2196,15.225,8.15144,1,10,0,0,12,74.902,0,0,8.448,0,179.6
4991,46447.120,12.9492,11.8289,12.3131,32,0,0,2475.75,24.2335,15,86,52.43,2.66,57.6471,47.451,306.352,14.2196,15.225,8.15144,1,10,0,0,12,74.902,0,0,8.448,0,179.6
4992,46447.160,12.5275,11.8289,12.3232,32,0,0,2472.75,24.2335,15,86,52.28,2.66,58.0392,47.451,306.611,14.2196,15.37,8.26725,1,10,0,0,12,74.902,0,0,8.448,0,179.6
4993,46447.200,12.6977,11.8289,12.3283,33,0,0,2470.5,24.2335,15,86,52.58,2.66,58.0392,47.451,306.874,14.2196,15.37,8.58778,1,10,0,0,12,74.902,0,0,8.448,0,179.6
4994,46447.240,12.4444,11.8289,12.3283,33,0,0,2486.5,24.2335,15,86,53.02,2.66,58.4314,47.451,307.255,14.2196,15.515,8.58778,1,10,0,0,12,74.902,0,0,8.448,0,179.6
4995,46447.280,12.5701,11.8289,12.3637,33,0,0,2478.5,24.8548,15,86,53.47,2.66,59.2157,47.8431,307.663,14.2196,15.515,8.38974,1,10,0,0,12,74.902,0,0,8.448,0,179.6
4996,46447.320,12.7384,11.9437,12.3637,33,0,0,2533.5,24.8548,14.5,86,54.36,2.68,60.3922,48.2353,308.396,14.2196,15.515,8.38974,1,10,0,0,12,74.902,0,0,8.448,0,179.6
4997,46447.360,12.8234,11.9437,12.3131,33,0,0,2569.25,24.8548,15,86,54.36,2.7,60,48.2353,308.714,14.2196,15.66,9.63248,1,10,0,0,12,74.902,0,0,8.704,0,179.6
4998,46447.400,12.6977,11.9437,12.273,33,0,0,2604,24.8548,15,86,55.39,2.7,60,48.6275,309.179,14.2196,15.66,10.7367,1,10,0,0,12,74.902,0,0,8.704,0,179.6
4999,46447.440,12.6977,11.9437,12.273,33,0,0,2592.5,25.4762,15,86,55.69,2.72,59.6078,48.6275,309.604,14.2196,15.805,10.7367,1,10,0,0,12,74.902,0,0,8.704,0,179.6
5000,46447.480,12.7809,11.9437,12.278,33,0,0,2577.25,25.4762,15.5,86,56.68,2.72,60,48.6275,310.081,14.2196,15.805,11.1174,1,10,0,0,12,74.902,0,0,8.704,0,179.6
5001,46447.520,12.4869,11.9437,12.3232,33,0,0,2597.25,25.4762,15.5,86,56.14,2.7,61.1765,49.0196,310.958,14.2196,15.805,10.5213,1,10,0,0,12,74.902,0,0,8.704,0,179.6
5002,46447.560,12.6552,11.8289,12.3232,33,0,0,2613.5,25.4762,15,86,56.58,2.72,66.6667,49.8039,314.532,14.2196,15.95,10.5213,1,10,0,0,12,74.902,0,0,8.704,0,179.6
5003,46447.600,12.0653,11.9437,12.3031,33,0,0,2651.25,26.0976,15.5,87.8,61.07,2.76,69.0196,52.549,317.113,14.2196,15.95,11.9794,1,10,0,0,12,74.902,0,0,8.96,0,179.6
5004,46447.640,12.3593,11.9437,12.3031,33,0,0,2641.5,26.0976,15.5,87.8,62.35,2.76,68.6274,54.1176,317.288,14.2196,16.095,11.9794,1,10,0,0,12,74.902,0,0,8.96,0,179.6
5005,46447.680,11.9802,11.5992,12.3081,33,0,0,2657.25,26.0976,15.5,87.8,63.62,2.78,67.8431,54.1176,316.71,14.2196,16.24,12.0986,1,10,0,0,12,74.902,0,0,9.216,0,179.6
5006,46447.720,11.812,11.2547,12.3031,33,0,0,2675.25,26.0976,15.5,87.8,64.05,2.76,67.0588,53.3333,316.222,14.2196,16.385,12.7152,1,10,0,0,13,74.902,0,0,9.216,0,179.6
5007,46447.760,11.8545,11.3695,12.3031,33,0,0,2673.5,26.0976,15,87.8,64.9,2.78,66.2745,52.9412,316.067,14.2196,16.385,12.7152,1,10,0,0,14,74.902,0,0,9.472,0,179.6
5008,46447.800,11.518,11.4844,12.3131,33,0,0,2689,26.0976,15,87.8,65.75,2.78,66.2745,52.549,316.395,14.2196,16.53,13.0228,1,10,0,0,15,80,0,15.3706,9.472,0,179.6
5009,46447.840,11.6012,11.4844,12.3182,33,0,0,2702.5,26.719,15.5,87.8,67.46,2.8,66.2745,52.549,316.375,14.2196,16.53,13.3161,1,10,0,0,16,80,0,15.3772,9.472,0,179.6
5010,46447.880,11.6863,11.4844,12.3182,33,0,0,2717.75,26.719,15,87.8,68.73,2.78,65.8824,52.549,316.405,14.2196,16.675,13.3161,1,10,0,0,17,80,0,15.3772,9.728,0,179.6
5011,46447.920,11.7288,11.4844,12.3232,33,0,0,2739.75,26.719,15,87.8,70.44,2.78,65.4902,52.549,316.394,14.2196,16.675,13.922,1,10,0,0,18,80,0,15.3772,9.728,0,179.6
5012,46447.960,11.7694,11.3695,12.3232,33,0,0,2758.25,26.719,14.5,87.8,71.66,2.84,65.4902,52.549,316.785,14.2196,16.82,13.922,1,10,0,0,19,80,0,15.3772,9.984,0,179.6
5013,46448.000,11.8545,11.3695,12.293,33,0,0,2776.75,27.3403,14.5,87.8,74.32,2.84,65.4902,52.549,317.32,14.2196,16.82,14.4791,1,10,0,0,20,80,0,15.3832,9.984,0,179.6
5014,46448.040,12.191,11.2547,12.268,33,0,0,2791.5,27.3403,15,87.8,74.57,2.84,65.4902,52.9412,317.802,14.2196,16.965,14.949,1,10,0,0,21,80,0,15.3832,10.24,0,179.6
5015,46448.080,12.3187,11.1398,12.268,33,0,0,2827.75,27.9617,14,87.8,75.47,2.86,65.8824,52.9412,318.429,14.2196,17.11,14.949,1,10,0,0,22,80,0,15.3832,10.24,0,179.6
5016,46448.120,12.3593,11.1398,12.2331,33,0,0,2828.5,27.9617,14.5,87.8,76.88,2.88,66.2745,53.7255,319.194,14.2196,17.11,15.5838,1,10,0,0,23,80,0,15.3888,10.496,0,179.6
5017,46448.160,12.191,11.1398,12.2231,33,0,0,2837.5,27.9617,14.5,87.8,77.42,2.86,66.2745,54.1176,319.585,14.2196,17.255,15.6419,1,10,0,0,24,80,0,15.3888,10.496,0,179.6
5018,46448.200,12.0228,11.1398,12.2231,33,0,0,2861,27.9617,14,87.8,77.95,2.88,66.2745,54.1176,319.628,14.2196,17.4,15.6419,1,10,0,0,24,80,0,15.3888,10.752,0,179.6
5019,46448.240,11.9377,11.1398,12.2033,33,0,0,2885.5,27.9617,14.5,87.8,78.82,2.88,66.2745,54.1176,319.657,14.2196,17.545,15.8941,1,10,0,0,25,80,0,15.3949,10.752,0,179.6
5020,46448.280,11.9802,11.1398,12.2033,33,0,0,2879.25,27.9617,14,87.8,79,2.92,65.4902,54.1176,318.938,14.2196,17.545,15.8941,1,10,0,0,25,80,0,15.3949,10.752,0,179.6
5021,46448.320,12.0653,11.1398,12.1885,33,0,0,2885,28.5831,14,87.8,79.33,2.92,64.3137,53.3333,317.971,14.2196,17.69,16.1113,1,10,0,0,26,80,0,15.3949,10.752,0,179.6
5022,46448.360,12.0228,11.1398,12.1836,33,0,0,2893.5,28.5831,14,87.8,79.69,2.92,62.7451,52.1569,317.194,14.2196,17.835,16.1509,1,10,0,0,26,80,0,15.3996,10.752,0,179.6
5023,46448.400,11.3072,11.1398,12.1836,33,0,0,2911.25,28.5831,14,89.6,80.53,2.92,61.9608,52.1569,316.901,14.2196,17.98,16.1509,1,10,0,0,26,80,0,15.3996,10.752,0,179.6
5024,46448.440,11.3072,11.1398,12.1786,33,0,0,2940.75,28.5831,14,89.6,81.31,2.92,61.1765,51.7647,316.724,14.2196,17.98,16.331,1,10,0,0,27,80,0,15.3996,10.752,0,179.6
5025,46448.480,11.2221,11.1398,12.1639,33,0,0,2973,29.2044,14.5,89.6,82.24,2.94,60.7843,51.7647,316.444,14.2196,18.125,16.6485,1,10,0,0,27,79.6078,0,15.404,10.752,0,179.6
5026,46448.520,11.3478,11.1398,12.1639,33,0,0,2994.5,29.2044,14,89.6,83.17,2.94,60,51.7647,316.17,14.2196,18.27,16.6485,1,10,0,0,27,79.6078,0,15.404,11.008,0,179.6
5027,46448.560,11.4329,11.1398,12.159,33,0,0,2991.25,29.2044,14,89.6,83.8,2.96,59.2157,51.7647,315.886,14.2196,18.415,16.7703,1,10,0,0,27,79.2157,0,15.404,11.008,0,179.6
5028,46448.600,11.3478,11.1398,12.159,33,0,0,3005,29.2044,14,89.6,83.8,2.96,58.4314,51.3725,315.586,14.2196,18.56,16.7703,1,10,0,0,27,79.2157,0,15.404,11.008,0,179.6
5029,46448.640,11.518,11.1398,12.1492,33,0,0,3037,29.8258,14,89.6,85.23,2.98,58.0392,51.3725,315.51,14.2196,18.705,16.8156,1,10,0,0,27,79.2157,0,15.4084,11.008,0,179.6
5030,46448.680,11.4755,11.1398,12.1149,33,0,0,3068,29.8258,14,89.6,86.37,3.02,58.0392,51.3725,315.563,14.2196,18.705,17.3742,1,10,0,0,27,78.0392,0,15.4084,11.008,0,179.6
5031,46448.720,11.6437,11.1398,12.1149,33,0,0,3064.75,29.8258,14.5,89.6,88.2,3.04,56.8627,51.3725,314.864,14.2196,18.85,17.3742,1,10,0,0,27,78.0392,0,15.4084,11.008,0,179.6
5032,46448.760,11.3904,11.1398,12.0955,33,0,0,3065.25,29.8258,14.5,89.6,87.54,3.04,54.5098,50.9804,313.484,14.2196,18.995,17.3159,1,10,0,0,27,78.0392,0,15.4128,11.008,0,179.6
5033,46448.800,11.4755,11.1398,12.0857,33,0,0,3085.25,30.4472,14,89.6,87.7,3.04,52.9412,50.1961,312.375,14.2196,19.14,17.2627,1,10,0,0,27,77.6471,0,15.4128,11.264,0,179.6
5034,46448.840,11.5586,11.1398,12.0857,33,0,0,3141,30.4472,14,89.6,88.54,3.04,52.1569,49.8039,312.025,14.2196,19.285,17.2627,1,10,0,0,28,77.6471,0,15.4128,11.264,0,179.6
5035,46448.880,11.8545,11.1398,12.0615,33,0,0,3153.75,31.0686,14.5,89.6,90.21,3.06,51.3725,49.4118,311.375,14.2196,19.43,17.5972,1,10,0,0,28,76.8627,0,15.417,11.264,0,179.6
5036,46448.920,11.6437,11.2547,12.0134,33,0,0,3179.25,31.0686,14.5,89.6,95.07,3.1,47.8431,49.0196,309.345,14.2196,19.575,17.5972,1,10,0,0,28,76.8627,0,15.417,11.264,0,179.6
5037,46448.960,11.6437,11.2547,12.0134,33,0,0,3178.75,31.0686,15,89.6,95.07,3.08,43.9216,48.2353,306.821,14.2196,19.72,17.8066,1,10,0,0,28,76.0784,0,15.417,11.52,0,179.6
5038,46449.000,11.812,11.1398,11.9847,33,0,0,3192.5,31.0686,14,89.6,94.49,3.08,41.9608,46.6667,304.267,14.2196,19.72,17.5936,1,10,0,0,28,76.0784,0,15.4202,11.776,0,179.6
5039,46449.040,11.6863,11.1398,11.9847,33,0,0,3218,31.6899,14.5,89.6,98.01,3.1,41.1765,45.098,302.778,14.2196,19.865,17.5936,1,10,0,0,28,76.0784,0,15.4202,11.776,0,179.6
5040,46449.080,11.3478,11.1398,11.9467,33,0,0,3241.5,31.6899,13.5,89.6,100.36,3.12,40.3922,44.7059,302.011,14.2196,19.865,17.6509,1,10,0,0,29,75.6863,0,15.4202,11.776,0,179.6
5041,46449.120,11.518,11.1398,11.9183,33,0,0,3248.75,31.6899,14,89.6,105.06,3.12,39.6078,43.9216,300.889,14.2196,20.01,17.5845,1,10,0,0,29,75.6863,0,15.4226,12.032,0,179.6
5042,46449.160,11.3904,11.1398,11.9183,33,0,0,3280,31.6899,14,89.6,104.47,3.12,38.8235,43.5294,299.403,14.2196,20.01,17.5845,1,10,0,0,29,75.6863,0,15.4226,12.288,0,179.6
5043,46449.200,11.1389,11.1398,11.89,33,0,0,3290.25,32.3113,13.5,91.4,105.06,3.12,37.6471,42.7451,297.925,14.2196,20.155,17.4715,1,10,0,0,29,75.2941,0,15.4226,12.544,0,179.6
5044,46449.240,11.0538,11.1398,11.89,33,0,0,3306.25,32.3113,13.5,91.4,102.71,3.12,37.2549,41.9608,297.165,14.2196,20.155,17.4715,1,10,0,0,28,75.2941,0,15.4226,12.288,0,179.6
5045,46449.280,10.9687,11.1398,11.8713,33,0,0,3333.25,32.9327,13.5,91.4,109.58,3.14,36.0784,41.5686,295.57,14.2196,20.3,17.4073,1,10,0,0,28,74.902,0,15.4244,12.544,0,179.6
5046,46449.320,11.0538,11.1398,11.8526,33,0,0,3371.5,32.9327,13.5,91.4,112.84,3.16,33.7255,40.3922,291.621,14.2196,20.3,17.2211,1,10,0,0,28,74.5098,0,15.4244,12.544,0,179.6
5047,46449.360,10.8856,11.1398,11.8526,34,0,0,3363.5,32.9327,14,91.4,109.33,3.14,30.5882,38.4314,285.496,14.2196,20.3,17.2211,1,10,0,0,28,74.5098,0,15.4244,12.8,0,179.6
5048,46449.400,10.8856,11.1398,11.8526,34,0,0,3375.25,32.9327,13.5,91.4,104.47,3.12,29.4118,35.2941,277.952,14.2196,20.155,16.6274,1,10,0,0,28,74.902,0,15.4257,12.544,0,179.6
5049,46449.440,10.7173,11.1398,11.9325,34,0,0,3397.25,33.554,14,91.4,100.36,3.1,29.8039,34.5098,279.33,14.2196,19.865,16.4309,1,10,0,0,28,74.5098,0,15.4257,12.288,0,179.6
5050,46449.480,10.6748,11.1398,11.9325,34,0,0,3428.5,33.554,14.5,91.4,103.89,3.12,29.8039,34.5098,279.209,14.2196,19.575,16.4309,1,10,0,0,28,74.5098,0,15.4257,12.032,0,179.6
5051,46449.520,10.6748,11.1398,12.0038,34,0,0,3457.75,34.1754,14,91.4,106.24,3.12,29.8039,34.5098,279.038,14.2196,19.575,16.4183,1,10,0,0,28,74.5098,0,15.4267,11.776,0,179.6
5052,46449.560,11.0538,11.1398,12.0038,34,0,0,3492.5,34.1754,14.5,91.4,110.84,3.16,29.8039,34.5098,278.819,14.2196,19.575,16.4183,1,10,0,0,28,74.5098,0,15.4267,12.032,0,179.6
5053,46449.600,10.9687,11.1398,11.9895,34,0,0,3503.5,34.1754,14.5,91.4,113.17,3.18,28.6275,34.5098,272.038,14.2196,19.575,16.4182,1,10,0,0,28,73.7255,0,15.4267,12.032,0,179.6
5054,46449.640,10.9687,11.1398,11.9752,34,0,0,3497.25,34.1754,14.5,91.4,111.83,3.14,25.8824,32.9412,255.043,14.2196,19.575,15.4957,1,10,0,0,28,75.2941,0,15.4264,12.032,0,179.6
5055,46449.680,11.1795,11.1398,11.9752,34,0,0,3494.75,34.7968,14.5,91.4,100.36,3.12,24.7059,30.9804,244.796,14.2196,19.285,15.4957,1,10,0,0,27,75.2941,0,15.4264,12.032,0,179.6
5056,46449.720,10.9281,11.1398,12.1149,34,0,0,3532,34.7968,14.5,91.4,96.25,3.1,24.7059,30.1961,244.539,14.2196,18.995,14.5778,1,10,0,0,27,77.2549,0,15.4264,11.52,0,179.6
5057,46449.760,11.4329,11.1398,12.3283,34,0,0,3563,34.7968,15,91.4,98.01,3.1,25.098,30.1961,247.228,14.2196,18.56,15.0798,1,10,0,0,27,76.8627,0,15.4262,11.008,0,179.6
5058,46449.800,11.4329,11.1398,12.3283,34,0,0,3588.25,34.7968,15.5,91.4,98.01,3.1,24.7059,30.1961,239.984,14.2196,18.27,15.0798,1,10,0,0,27,76.8627,0,15.4262,10.496,0,179.6
5059,46449.840,11.7694,11.1398,12.3942,34,0,0,3606.5,35.4182,16.5,91.4,102.71,3.12,23.1373,30.1961,222.514,14.2196,18.125,14.3781,1,10,0,0,27,78.0392,0,15.4262,10.752,0,179.6
5060,46449.880,11.9377,11.1398,12.3942,34,0,0,3597,35.4182,16,91.4,95.07,3.08,22.3529,28.6275,208.67,14.2196,17.98,14.3781,1,10,0,0,27,78.0392,0,15.4262,10.496,0,179.6
5061,46449.920,11.9802,11.1398,12.4352,34,0,0,3596.25,36.0395,16.5,91.4,88.54,3.04,22.7451,28.2353,214.916,14.2196,17.69,6.08771,1,10,0,0,27,71.7647,0,0,9.984,0,179.6
5062,46449.960,12.0228,11.1398,12.7081,34,0,0,3631.5,36.0395,17,91.4,87.37,3.04,23.9216,28.2353,227.985,14.2196,17.255,10.1272,1,10,0,0,26,70.1961,0,0,9.728,0,179.6
5063,46450.000,11.8971,11.1398,12.7081,34,0,0,3659.5,36.0395,17,91.4,90.54,3.06,23.9216,29.4118,227.564,14.2196,17.11,10.1272,1,10,0,0,26,70.1961,0,0,9.472,0,179.6
5064,46450.040,12.1079,11.1398,12.5965,34,0,0,3726.25,36.0395,17.5,91.4,97.42,3.1,22.7451,29.8039,213.806,14.2196,17.255,11.789,1,10,0,0,24,69.0196,0,0,9.728,0,179.6
5065,46450.080,12.191,11.1398,12.3536,34,0,0,3715.5,36.6609,17.5,91.4,95.07,3.08,21.5686,28.6275,196.68,14.2196,17.255,7.58052,1,10,0,0,23,70.9804,0,0,9.728,0,179.6
5066,46450.120,12.1485,11.1398,12.3536,34,0,0,3687,36.6609,18,91.4,88.2,3.02,19.2157,27.451,169.72,14.2196,17.11,7.58052,1,10,0,0,21,70.9804,0,0,9.472,0,179.6
5067,46450.160,12.3187,11.1398,12.7081,34,0,0,3649.75,36.6609,17.5,91.4,83.95,2.98,18.4314,25.8824,159.722,14.2196,16.385,.884936,1,10,0,0,20,71.3726,0,0,8.96,0,179.6
5068,46450.200,12.2761,11.1398,12.7081,34,0,0,3714,36.6609,17.5,91.4,81.31,2.92,18.4314,25.4902,159.741,14.2196,15.66,.884936,1,10,0,0,19,71.3726,0,0,8.448,0,179.6
5069,46450.240,12.191,11.1398,13.327,34,0,0,3746.75,36.6609,17.5,91.4,80.06,2.92,18.4314,25.4902,156.247,14.2196,15.08,.603552,1,10,0,0,19,70.9804,0,0,8.192,0,179.6
5070,46450.280,12.191,11.1398,13.1523,33,0,0,3772,36.6609,18,91.4,79.01,2.9,16.8627,25.098,139.273,14.2196,14.79,-.281631,1,10,0,0,18,70.5882,0,0,8.192,0,179.6
5071,46450.320,12.1079,11.1398,13.1523,33,0,0,3742.75,37.2823,17.5,91.4,75.64,2.84,10.9804,23.5294,75.9088,14.2196,14.355,-.281631,1,10,0,0,17,70.5882,0,0,7.936,0,179.6
5072,46450.360,12.0228,11.1398,13.3981,33,0,0,3748.25,37.2823,17,91.4,53.02,2.62,0,20.3922,66.0049,14.2196,12.905,-5.67332,1,10,0,0,15,70.5882,0,0,6.656,0,179.6
5073,46450.400,11.9377,11.1398,15.7456,33,0,0,3704.75,37.2823,17,91.4,46.75,2.52,0,19.2157,59.8518,14.2196,11.745,-6.0701,1,10,0,0,14,0,0,0,5.632,0,179.6
5074,46450.440,12.0653,11.1398,15.7456,33,0,0,3740,37.2823,17.5,91.4,44.23,2.48,0,18.4314,53.7806,14.2196,10.73,-6.0701,1,10,0,0,12,0,0,0,5.376,0,179.6
5075,46450.480,11.9377,11.1398,15.8118,33,0,0,3761.25,37.2823,19,91.4,37.41,2.36,0,17.6471,47.5373,14.2196,10.005,-6.46098,1,10,0,0,9,0,0,0,4.608,0,179.6
5076,46450.520,11.812,11.1398,15.8118,33,0,0,3801.75,37.2823,20,91.4,35.93,2.36,0,17.2549,41.1318,14.2196,9.135,-6.46098,1,10,0,0,5,0,0,0,4.096,0,179.6
5077,46450.560,11.812,11.4844,14.9854,33,-1.5625,0,3767.75,37.2823,20.5,91.4,32.92,2.28,0,16.4706,34.7053,14.2196,8.41,-6.86849,1,10,0,0,3,0,0,0,0,0,179.6
5078,46450.600,11.9802,11.8289,14.8085,33,-3.125,0,3729,37.2823,20.5,91.4,29.32,2.22,0,16.0784,28.4816,14.2196,7.975,-7.27805,1,10,0,0,2,0,0,0,0,0,179.6
5079,46450.640,12.3593,12.1734,14.8085,33,-3.90625,0,3706.75,37.2823,21,91.4,24.52,2.1,0,14.5098,22.4229,14.2196,7.395,-7.27805,1,10,0,0,1,0,0,0,0,0,179.6
5080,46450.680,12.8234,12.518,14.9854,33,-3.125,0,3722,37.2823,22,91.4,20.42,1.98,0,12.9412,16.3611,14.2196,6.815,-7.66563,1,10,0,0,1,0,0,0,0,0,179.6
5081,46450.720,13.2451,12.8625,15.4626,33,-3.125,0,3699.25,37.2823,22.5,91.4,16.45,1.86,0,11.7647,10.2737,14.2196,6.09,-8.05458,1,10,0,0,1,0,0,0,0,0,179.6
5082,46450.760,13.7498,13.3219,15.4626,33,-2.34375,0,3727.25,37.2823,22.5,91.4,14.13,1.8,0,11.3725,4.21967,14.2196,5.365,-8.05458,1,10,0,0,1,0,0,0,0,0,179.6
5083,46450.800,14.2972,13.6664,14.9705,33,-.78125,-.78125,3730.25,36.6609,21.5,91.4,12.02,1.74,0,10.5882,0,14.2196,4.93,-8.44368,1,10,0,0,1,0,0,0,0,0,179.6
5084,46450.840,14.6782,13.7813,14.2748,33,-.78125,-.78125,3740.5,36.6609,21,91.4,11.13,1.68,0,10.1961,0,14.2196,4.495,-8.44368,1,10,0,0,1,0,0,0,0,0,179.6
5085,46450.880,14.9721,13.8961,14.2748,33,0,-.78125,3712.75,36.6609,20.5,91.4,11.13,1.7,0,10.1961,0,14.2196,4.205,-8.51474,1,10,0,0,1,0,0,0,0,0,179.6
5086,46450.920,15.2255,14.0109,14.2748,33,0,-.78125,3650.5,36.6609,20,91.4,11.2,1.68,0,10.1961,0,14.2196,4.06,-8.51473,1,10,0,0,1,0,0,0,0,0,179.6
5087,46450.960,15.4363,14.2406,14.2748,33,0,-.78125,3672,36.6609,20,91.4,10.86,1.66,0,10.1961,0,14.2196,4.06,-8.51473,1,10,0,0,1,0,0,0,0,0,179.6
5088,46451.000,15.5194,14.7,14.2748,33,0,-.78125,3674.75,36.6609,20,91.4,10.29,1.66,0,10.1961,0,14.2196,3.915,-8.51471,1,10,0,0,1,0,0,0,0,0,179.6
5089,46451.040,16.1519,15.5039,12.4558,33,0,-.78125,3711,36.6609,20,91.4,10.29,1.66,0,10.1961,0,14.2196,3.77,-8.5147,1,10,0,0,1,0,0,0,0,0,179.6
5090,46451.080,18.0472,16.5375,12.4558,33,0,-.78125,3666.75,36.6609,20,91.4,10.5,1.66,0,10.1961,0,14.2196,3.77,-8.5147,1,10,0,0,1,0,0,0,0,0,179.6
5091,46451.120,20.4067,17.5711,12.6176,33,0,-.78125,3649.75,36.0395,20,91.4,10.57,1.66,0,10.1961,0,14.2196,3.625,-8.51468,1,10,0,0,1,0,0,0,0,0,179.6
5092,46451.160,20.3235,18.7195,12.6176,33,0,-.78125,3607.75,36.0395,20,91.4,10.78,1.68,0,10.1961,0,14.2196,3.625,-8.51468,1,10,0,0,1,0,0,0,0,0,179.6
5093,46451.200,20.4918,19.7531,12.6176,33,0,-.78125,3628,36.0395,20,91.4,10.71,1.66,0,10.1961,0,14.2196,3.625,-8.51461,1,10,0,0,1,0,0,0,0,0,179.6
5094,46451.240,20.366,20.3273,12.6176,33,0,-.78125,3632.75,36.0395,20,91.4,11.13,1.68,0,10.1961,0,14.2196,3.625,-8.51459,1,10,0,0,1,0,0,0,0,0,179.6
5095,46451.280,20.4918,20.3273,12.6176,32,0,-.78125,3607,35.4182,20,91.4,10.64,1.66,0,9.80392,0,14.2196,3.625,-8.51459,1,10,0,0,1,0,0,0,0,0,179.6
5096,46451.320,20.5343,20.3273,12.6176,32,0,-.78125,3602.75,35.4182,20,91.4,10.5,1.66,0,9.80392,0,14.2196,3.48,-8.51458,1,10,0,0,1,0,0,0,0,0,179.6
5097,46451.360,20.4067,20.3273,12.6176,32,0,-.78125,3554.75,35.4182,20,91.4,10.57,1.66,0,9.80392,0,14.2196,3.48,-8.51456,1,10,0,0,1,0,0,0,0,0,179.6
5098,46451.400,20.4492,20.3273,12.6176,32,0,-.78125,3543.25,35.4182,20,91.4,10.36,1.66,0,9.80392,0,14.2196,3.48,-8.51456,1,10,0,0,1,0,0,0,0,0,179.6
5099,46451.440,20.5749,20.3273,12.6176,32,0,-.78125,3559.5,34.7968,20,91.4,10.43,1.66,0,9.80392,0,14.2196,3.48,-8.51455,1,10,0,0,1,0,0,0,0,0,179.6
5100,46451.480,20.3235,20.3273,12.6176,32,0,-.78125,3529.75,34.7968,20,91.4,10.08,1.66,0,9.80392,0,14.2196,3.48,-8.51455,1,10,0,0,1,0,0,0,0,0,179.6
5101,46451.520,20.366,20.3273,12.6176,32,0,-.78125,3526,34.7968,20,91.4,10.86,1.66,0,9.80392,0,14.2196,3.48,-8.51454,1,10,0,0,1,0,0,0,0,0,179.6
5102,46451.560,20.3235,20.3273,12.6176,32,0,-.78125,3510.75,34.7968,20,91.4,10.29,1.66,0,9.80392,0,14.2196,3.48,-8.51453,1,10,0,0,1,0,0,0,0,0,179.6
5103,46451.600,20.366,20.3273,12.6176,32,0,-.78125,3486,34.7968,20,91.4,10.29,1.64,0,9.80392,0,14.2196,3.48,-8.51453,1,10,0,0,1,0,0,0,0,0,179.6
5104,46451.640,20.366,20.3273,12.6176,32,0,-.78125,3509,34.7968,20,91.4,10.29,1.66,0,9.80392,0,14.2196,3.48,-8.51445,1,10,0,0,1,0,0,0,0,0,179.6
5105,46451.680,20.366,20.3273,12.6176,31,0,-.78125,3505.75,34.7968,20,91.4,10.86,1.66,0,9.80392,0,14.2196,3.48,-8.51444,1,10,0,0,1,0,0,0,0,0,179.6
5106,46451.720,19.7336,20.3273,12.6176,31,0,-.78125,3463.5,34.7968,20,91.4,10.57,1.66,0,9.80392,0,14.2196,3.48,-8.51444,1,10,0,0,1,0,0,0,0,0,179.6
5107,46451.760,19.8168,20.3273,12.6176,31,0,-.78125,3453.25,34.1754,20,91.4,10.71,1.66,0,9.80392,0,14.2196,3.48,-8.51443,1,10,0,0,1,0,0,0,0,0,179.6
5108,46451.800,19.7336,20.3273,12.6176,31,0,-.78125,3436.25,34.1754,20,91.4,10.78,1.66,0,9.80392,0,14.2196,3.48,-8.51443,1,10,0,0,1,0,0,0,0,0,179.6
5109,46451.840,19.8593,20.3273,12.6176,31,0,-.78125,3410.75,34.1754,20,91.4,10.57,1.66,0,9.80392,0,14.2196,3.48,-8.51442,1,10,0,0,1,0,0,0,0,0,179.6
5110,46451.880,20.0276,20.3273,12.6176,31,0,-.78125,3403,34.1754,20,91.4,10.5,1.66,0,9.80392,0,14.2196,3.48,-8.5144,1,10,0,0,1,0,0,0,0,0,179.6
5111,46451.920,19.9444,20.3273,12.6176,31,0,-.78125,3410.5,33.554,20,91.4,10.5,1.66,0,9.80392,0,14.2196,3.48,-8.5144,1,10,0,0,1,0,0,0,0,0,179.6
5112,46451.960,19.8168,20.3273,12.6176,31,0,-.78125,3392.25,33.554,20,91.4,10.57,1.66,0,9.80392,0,14.2196,3.48,-8.51439,1,10,0,0,1,0,0,0,0,0,179.6
5113,46452.000,19.9444,20.3273,12.6176,31,0,-.78125,3356.75,33.554,20,91.4,10.57,1.66,0,9.80392,0,14.2196,3.48,-8.51438,1,10,0,0,1,0,0,0,0,0,179.6
5114,46452.040,19.8168,20.3273,12.6176,31,0,-.78125,3349.5,33.554,20,91.4,10.43,1.66,0,9.80392,0,14.2196,3.48,-8.51438,1,10,0,0,1,0,0,0,0,0,179.6
5115,46452.080,19.7762,20.3273,12.6229,31,0,-.78125,3357.5,32.9327,20,91.4,10.29,1.66,0,9.80392,0,14.2196,3.48,-8.51437,1,10,0,0,1,0,0,0,0,0,179.6
5116,46452.120,19.8168,20.3273,12.6229,31,0,-.78125,3343.25,32.9327,20,91.4,10.29,1.66,0,9.80392,0,14.2196,3.48,-8.51437,1,10,0,0,1,0,0,0,0,0,179.6
5117,46452.160,19.9019,20.3273,12.6229,31,0,-.78125,3312.25,32.9327,20,91.4,10.29,1.66,0,9.80392,0,14.2196,3.48,-8.51436,1,10,0,0,1,0,0,0,0,0,179.6
5118,46452.200,19.9019,20.3273,12.6282,30,0,-.78125,3308.25,32.9327,20,91.4,10.29,1.66,0,9.80392,0,14.2196,3.48,-8.51435,1,10,0,0,1,0,0,0,0,0,179.6
5119,46452.240,19.9851,20.3273,12.6282,30,0,-.78125,3305.25,32.9327,20,91.4,10.01,1.66,0,9.80392,0,14.2196,3.48,-8.51435,1,10,0,0,1,0,0,0,0,0,179.6
5120,46452.280,19.9444,20.3273,12.6282,30,0,-.78125,3321,32.9327,20,91.4,10.5,1.66,0,9.80392,0,14.2196,3.48,-8.51433,1,10,0,0,1,0,0,0,0,0,179.6
5121,46452.320,20.1127,20.3273,12.6282,30,0,-.78125,3320,32.9327,20,91.4,10.36,1.66,0,9.80392,0,14.2196,3.48,-8.51432,1,10,0,0,1,0,0,0,0,0,179.6
5122,46452.360,19.9851,20.3273,12.6282,30,0,-.78125,3292.25,32.9327,20,91.4,10.01,1.64,0,9.80392,0,14.2196,3.48,-8.51432,1,10,0,0,1,0,0,0,0,0,179.6
5123,46452.400,19.8593,20.3273,12.6282,30,0,-.78125,3276.75,32.3113,20,91.4,10.36,1.66,0,9.80392,0,14.2196,3.48,-8.51431,1,10,0,0,1,0,0,0,0,0,179.6
5124,46452.440,19.9019,20.3273,12.6335,30,0,-.78125,3259.25,32.3113,20,91.4,10.22,1.64,0,9.80392,0,14.2196,3.48,-8.51431,1,10,0,0,1,0,0,0,0,0,179.6
5125,46452.480,19.9444,20.3273,12.6335,30,0,-.78125,3261.5,32.3113,20,91.4,10.29,1.64,0,9.80392,0,14.2196,3.48,-8.5143,1,10,0,0,1,0,0,0,0,0,179.6
5126,46452.520,19.6911,20.3273,12.6335,30,0,-.78125,3260.25,32.3113,20,91.4,10.29,1.66,0,9.80392,0,14.2196,3.48,-8.51429,1,10,0,0,1,0,0,0,0,0,179.6
5127,46452.560,19.8168,20.3273,12.6335,30,0,-.78125,3238.5,31.6899,20,91.4,10.15,1.66,0,9.41177,0,14.2196,3.48,-8.51429,1,10,0,0,1,0,0,0,0,0,179.6
5128,46452.600,19.8593,20.3273,12.6441,30,0,-.78125,3186,31.6899,20,91.4,9.84,1.64,0,9.01961,0,14.2196,3.48,-8.51421,1,10,0,0,1,0,0,0,0,0,179.6
5129,46452.640,19.9444,20.3273,12.6441,30,0,-.78125,3175.5,31.6899,20,91.4,9.7,1.62,0,9.01961,0,14.2196,3.48,-8.53226,1,10,0,0,1,0,0,0,0,0,179.6
5130,46452.680,19.8168,20.3273,12.6441,30,0,-.78125,3184.5,31.6899,20,91.4,9.6,1.62,0,9.01961,0,14.2196,3.48,-8.53226,1,10,0,0,1,0,0,0,0,0,179.6
5131,46452.720,20.0276,20.3273,12.6441,30,0,-.78125,3196,31.6899,20,91.4,9.49,1.6,0,9.01961,0,14.2196,3.48,-8.53308,1,10,0,0,1,0,0,0,0,0,179.6
5132,46452.760,19.9444,20.3273,12.6441,30,0,-.78125,3205.5,31.6899,20,91.4,9.39,1.6,0,9.01961,0,14.2196,3.48,-8.53308,1,10,0,0,1,0,0,0,0,0,179.6
5133,46452.800,19.7762,20.3273,12.6441,30,0,-.78125,3175.25,31.0686,20,91.4,8.99,1.6,0,8.62745,0,14.2196,3.48,-8.51418,1,10,0,0,1,0,0,0,0,0,179.6
5134,46452.840,19.7762,20.3273,12.6441,29,0,-.78125,3151,31.0686,20,91.4,9.28,1.6,0,8.23529,0,14.2196,3.48,-8.66401,1,10,0,0,1,0,0,0,0,0,179.6
5135,46452.880,19.6911,20.3273,12.6441,29,0,-.78125,3141.25,31.0686,20,91.4,8.93,1.58,0,8.23529,0,14.2196,3.48,-8.66401,1,10,0,0,1,0,0,0,0,0,179.6
5136,46452.920,20.5343,20.3273,12.6494,29,0,-.78125,3127.5,31.0686,20,91.4,8.68,1.58,0,7.84314,0,14.2196,3.48,-8.70082,1,10,0,0,1,0,0,0,0,0,179.6
5137,46452.960,20.5343,20.3273,12.6494,29,0,-.78125,3121.25,31.0686,20,91.4,8.37,1.56,0,7.84314,0,14.2196,3.335,-8.66272,1,10,0,0,1,0,0,0,0,0,179.6
5138,46453.000,20.4492,20.3273,12.6494,29,0,-.78125,3106.5,31.0686,20,91.4,8.1,1.56,0,7.84314,0,14.2196,3.335,-8.66272,1,10,0,0,1,0,0,0,0,0,179.6
5139,46453.040,20.4492,20.3273,12.6494,29,0,-.78125,3087.25,30.4472,20,91.4,8.04,1.54,0,7.84314,0,14.2196,3.335,-8.76799,1,10,0,0,1,0,0,0,0,0,179.6
5140,46453.080,20.366,20.3273,12.6547,29,0,-.78125,3075.75,30.4472,20,91.4,8.05,1.54,0,7.84314,0,14.2196,3.19,-8.76799,1,10,0,0,1,0,0,0,0,0,179.6
5141,46453.120,20.4067,20.3273,12.6547,29,0,-.78125,3075,30.4472,20,91.4,8.02,1.52,0,7.84314,0,14.2196,3.19,-8.82024,1,10,0,0,1,0,0,0,0,0,179.6
5142,46453.160,20.281,20.3273,12.6494,29,0,-.78125,3079.25,30.4472,20,91.4,7.96,1.52,0,7.84314,0,14.2196,3.19,-8.77309,1,10,0,0,1,0,0,0,0,0,179.6
5143,46453.200,20.2384,20.3273,12.6494,29,0,-.78125,3073.5,30.4472,20,91.4,7.98,1.54,0,7.84314,0,14.2196,3.19,-8.77309,1,10,0,0,1,0,0,0,0,0,179.6
5144,46453.240,20.4918,20.3273,12.6494,29,0,-.78125,3070.5,30.4472,20,91.4,8.05,1.54,0,7.84314,0,14.2196,3.19,-8.79519,1,10,0,0,1,0,0,0,0,0,179.6
5145,46453.280,20.4492,20.3273,12.6547,29,0,-.78125,3061.5,30.4472,20,91.4,7.98,1.54,0,7.84314,0,14.2196,3.19,-8.8912,1,10,0,0,1,0,0,0,0,0,179.6
5146,46453.320,20.4492,20.3273,12.6547,29,0,-.78125,3060.25,30.4472,20,91.4,7.98,1.54,0,7.84314,0,14.2196,3.19,-8.8912,1,10,0,0,1,0,0,0,0,0,179.6
5147,46453.360,20.4492,20.3273,12.6547,29,0,-.78125,3058.25,29.8258,20,91.4,8.05,1.54,0,7.84314,0,14.2196,3.19,-8.8969,1,10,0,0,1,0,0,0,0,0,179.6
5148,46453.400,20.4918,20.3273,12.6547,29,0,-.78125,3047,29.8258,20,91.4,8.02,1.54,0,7.84314,0,14.2196,3.19,-8.8969,1,10,0,0,1,0,0,0,0,0,179.6
5149,46453.440,20.4492,20.3273,12.6547,29,0,-.78125,3026.75,29.8258,20,91.4,8.04,1.54,0,7.84314,0,14.2196,3.19,-8.89118,1,10,0,0,1,0,0,0,0,0,179.6
5150,46453.480,20.4918,20.3273,12.6547,29,0,-.78125,3006.75,29.8258,20,91.4,8.05,1.54,0,7.84314,0,14.2196,3.19,-8.96533,1,10,0,0,1,0,0,0,0,0,179.6
5151,46453.520,20.4492,20.3273,12.6547,29,0,-.78125,2990.75,29.8258,20,91.4,7.98,1.52,0,7.84314,0,14.2196,3.19,-8.96533,1,10,0,0,1,0,0,0,0,0,179.6
5152,46453.560,20.4918,20.3273,12.6601,29,0,-.78125,2982.75,29.8258,20,91.4,7.94,1.52,0,7.84314,0,14.2196,3.19,-9.07259,1,10,0,0,1,0,0,0,0,0,179.6
5153,46453.600,20.4918,20.3273,12.6601,29,0,-.78125,2977.75,29.2044,20,91.4,8.02,1.54,0,7.84314,0,14.2196,3.19,-9.09594,1,10,0,0,1,0,0,0,0,0,179.6
5154,46453.640,20.5343,20.3273,12.6601,29,0,-.78125,2972.75,29.2044,20,91.4,8,1.52,0,7.84314,0,14.2196,3.19,-9.09594,1,10,0,0,1,0,0,0,0,0,179.6
5155,46453.680,20.5749,20.3273,12.6601,29,0,-.78125,2964.25,29.2044,20,91.4,8,1.54,0,7.84314,0,14.2196,3.19,-9.11447,1,10,0,0,1,0,0,0,0,0,179.6
5156,46453.720,20.5343,20.3273,12.6601,29,0,-.78125,2954.75,29.2044,20,91.4,8.02,1.54,0,7.84314,0,14.2196,3.19,-9.11447,1,10,0,0,1,0,0,0,0,0,179.6
5157,46453.760,20.3235,20.3273,12.6601,29,0,-.78125,2947,29.2044,20,91.4,7.92,1.52,0,7.84314,0,14.2196,3.19,-9.11877,1,10,0,0,1,0,0,0,0,0,179.6
5158,46453.800,20.4067,20.3273,12.6601,29,0,-.78125,2927.5,29.2044,20,91.4,7.94,1.52,0,7.45098,0,14.2196,3.19,-9.14539,1,10,0,0,1,0,0,0,0,0,179.6
5159,46453.840,20.4918,20.3273,12.6601,29,0,-.78125,2922.5,29.2044,20,91.4,7.92,1.52,0,7.45098,0,14.2196,3.19,-9.14539,1,10,0,0,1,0,0,0,0,0,179.6
5160,46453.880,20.6175,20.3273,12.6601,29,0,-.78125,2917.5,29.2044,20,91.4,7.98,1.52,0,7.45098,0,14.2196,3.19,-9.1622,1,10,0,0,1,0,0,0,0,0,179.6
5161,46453.920,20.7451,20.3273,12.6601,29,0,-.78125,2914,29.2044,20,91.4,7.98,1.52,0,7.45098,0,14.2196,3.19,-9.18163,1,10,0,0,1,0,0,0,0,0,179.6
5162,46453.960,19.7336,20.3273,12.6601,29,0,-.78125,2913.75,29.2044,20,91.4,7.94,1.52,.392157,7.45098,3.19922,14.2196,3.19,-9.18163,1,10,0,0,1,0,0,0,0,0,179.6
5163,46454.000,19.9444,20.3273,12.6654,29,0,-.78125,2916.75,29.2044,20.5,91.4,7.9,1.52,1.17647,7.84314,12.2981,14.2196,3.19,-8.93262,1,10,0,0,1,74.902,0,0,1.792,0,179.6
5164,46454.040,19.9019,20.3273,12.6654,29,0,-.78125,2919.25,29.2044,21,91.4,8.02,1.54,2.35294,8.62745,19.2622,14.2196,3.19,-8.93262,1,10,0,0,1,74.902,0,0,1.792,0,177.8
5165,46454.080,19.8593,20.3273,12.6654,29,0,-.78125,2927.5,28.5831,22,91.4,8.8,1.58,2.7451,9.01961,22.7289,14.2196,3.19,-8.43473,1,10,0,0,2,74.902,0,0,1.792,0,177.8
5166,46454.120,19.8593,20.3273,12.6601,29,0,-.78125,2925.5,28.5831,22.5,91.4,9.56,1.62,2.7451,9.41177,22.1902,14.2196,3.19,-8.25456,1,10,0,0,4,74.902,0,0,1.792,0,177.8
5167,46454.160,19.7336,20.3273,12.6601,29,0,-.78125,2876.75,28.5831,23.5,91.4,9.84,1.64,1.96078,9.80392,19.6902,14.2196,3.19,-8.25456,1,10,0,0,5,74.902,0,0,1.792,0,177.8
5168,46454.200,19.8168,20.3273,12.6654,29,0,-.78125,2848,28.5831,24,91.4,9.95,1.64,3.52941,9.80392,26.3937,14.2196,3.19,-8.54216,1,10,0,0,6,74.902,0,0,1.792,0,177.8
5169,46454.240,19.9444,20.3273,12.6707,29,0,-.78125,2817,27.9617,24.5,91.4,10.5,1.7,7.05882,11.7647,51.1423,14.2196,3.335,-7.72265,1,10,0,0,7,74.902,0,0,2.048,0,177.8
5170,46454.280,19.9851,20.3273,12.6707,29,0,-.78125,2854.5,27.9617,25,91.4,13.51,1.84,11.7647,14.902,99.1803,14.2196,3.335,-7.72265,1,10,0,0,9,74.902,0,0,2.048,0,177.8
5171,46454.320,19.9019,20.3273,12.3688,29,0,-.78125,2867,27.9617,26,91.4,21.15,2.06,14.1176,18.0392,123.781,14.2196,4.785,-4.51187,1,10,0,0,10,74.902,0,0,2.56,0,177.8
5172,46454.360,19.7762,20.3273,10.8489,29,0,-.78125,2906.75,27.9617,26.5,91.4,28.02,2.2,14.1176,19.2157,123.723,14.2196,5.51,-4.51187,1,10,0,0,11,74.902,0,0,3.072,0,177.8
5173,46454.400,16.7417,20.3273,10.8489,29,0,0,2962.5,28.5831,8.5,91.4,29.53,2.22,14.1176,19.2157,123.28,14.2196,6.38,-3.20251,1,10,0,0,12,74.902,0,0,3.584,0,177.8
5174,46454.440,12.6552,20.3273,11.5524,29,0,0,2943,28.5831,8.5,91.4,30.29,2.24,12.549,19.2157,106.913,14.2196,6.815,-3.80915,1,10,0,0,13,74.902,0,0,3.84,0,177.8
5175,46454.480,13.2876,20.3273,11.5524,29,0,0,2919,28.5831,26.5,91.4,30.5,2.22,12.549,18.8235,104.303,14.2196,7.105,-3.80915,1,10,0,0,14,74.902,0,0,4.096,0,177.8
5176,46454.520,13.9181,20.3273,11.783,29,0,0,2880,28.5831,25.5,91.4,28.67,2.2,12.549,18.0392,107.242,14.2196,7.25,-4.81837,1,10,0,0,15,74.902,0,0,4.096,0,177.8
5177,46454.560,13.7498,20.3273,11.8247,29,0,0,2844.25,28.5831,25,91.4,27.38,2.18,14.1176,18.4314,123.824,14.2196,7.25,-3.54399,1,10,0,0,16,74.902,0,0,4.352,0,177.8
5178,46454.600,13.2025,19.0641,11.8247,29,0,0,2856.5,28.5831,24.5,91.4,28.67,2.2,14.1176,19.2157,121.03,14.2196,7.395,-3.54399,1,10,0,0,17,74.902,0,0,4.352,0,177.8
5179,46454.640,12.6126,17.8008,11.8713,29,0,0,2900.75,28.5831,15,91.4,29.64,2.22,13.3333,19.2157,115.314,14.2196,7.54,-3.51418,1,10,0,0,17,74.902,0,0,4.352,0,177.8
5180,46454.680,11.9802,16.7672,11.876,29,0,0,2891.25,28.5831,24,91.4,29.42,2.22,13.3333,19.2157,115.254,14.2196,7.685,-3.51418,1,10,0,0,18,74.902,0,0,4.608,0,177.8
5181,46454.720,11.8971,15.8484,11.876,29,0,0,2890,28.5831,23.5,91.4,29.64,2.22,13.7255,18.8235,118.125,14.2196,7.685,-3.96548,1,10,0,0,18,74.902,0,0,4.608,0,177.8
5182,46454.760,11.9802,14.9297,13.5794,29,0,0,2871.5,28.5831,23.5,91.4,28.78,2.22,14.1176,18.8235,120.951,14.2196,7.685,-3.55382,1,10,0,0,18,74.902,0,0,4.096,0,177.8
5183,46454.800,11.8971,14.3555,13.5794,29,-.78125,0,2874.75,28.5831,23.5,91.4,28.78,2.22,13.3333,18.8235,115.467,14.2196,7.685,-3.55382,1,10,0,0,19,74.902,0,0,4.096,0,177.8
5184,46454.840,11.7288,13.8961,13.434,29,-1.5625,0,2895,28.5831,23.5,91.4,29.32,2.22,13.7255,18.8235,118.097,14.2196,7.685,-4.00433,1,10,0,0,19,74.902,0,0,4.096,0,177.8
5185,46454.880,12.2761,13.4367,13.4942,29,-3.125,0,2906.25,28.5831,23.5,91.4,28.99,2.22,14.1176,18.8235,120.857,14.2196,7.685,-3.48906,1,8,0,0,19,74.902,0,0,4.096,0,177.8
5186,46454.920,12.6977,13.0922,13.4942,29,-5.46875,0,2903,28.5831,23.5,91.4,29.53,2.22,14.5098,19.2157,126.325,14.2196,7.685,-3.48906,1,8,0,0,19,74.902,0,0,3.84,0,177.8
5187,46454.960,13.5816,12.9773,13.555,29,-6.25,0,2901.5,28.5831,23.5,91.4,29.96,2.24,14.1176,19.6078,123.596,14.2196,7.685,-3.0218,1,8,0,0,19,74.902,0,0,3.84,0,177.8
5188,46455.000,13.8775,13.207,13.5794,30,-5.46875,0,2892.75,28.5831,23,91.4,30.29,2.26,14.1176,19.6078,123.575,14.2196,7.83,-3.0218,1,8,0,0,19,74.902,0,0,3.84,0,177.8
5189,46455.040,14.2972,13.5516,13.5794,30,-4.6875,0,2905.75,28.5831,23,91.4,30.78,2.26,14.1176,19.6078,123.51,14.2196,7.83,-3.24909,1,8,0,0,19,74.902,0,0,4.096,0,177.8
5190,46455.080,14.4248,13.7813,13.5978,30,-3.125,0,2909,28.5831,23,91.4,30.92,2.26,14.5098,19.6078,126.229,14.2196,7.975,-2.94649,1,8,0,0,19,74.902,0,0,4.096,0,177.8
5191,46455.120,14.7613,13.8961,13.5978,30,-3.125,0,2908,28.5831,23,91.4,30.81,2.24,14.1176,19.6078,123.498,14.2196,7.975,-2.94649,1,8,0,0,19,74.902,0,0,4.096,0,177.8
5192,46455.160,14.6356,13.8961,13.641,30,-3.125,0,2911.75,28.5831,23,91.4,30.45,2.24,14.1176,19.6078,123.479,14.2196,7.975,-3.17552,1,8,0,0,19,74.902,0,0,4.096,0,177.8
5193,46455.200,14.3397,13.7813,13.6781,30,-3.125,0,2904.75,28.5831,23,91.4,30.56,2.24,14.1176,19.2157,123.513,14.2196,7.975,-3.19443,1,8,0,0,19,74.902,0,0,4.096,0,177.8
5194,46455.240,14.2565,13.6664,13.6781,30,-3.90625,0,2910.75,28.5831,23,91.4,30.56,2.26,14.1176,19.2157,120.648,14.2196,7.975,-3.19443,1,8,0,0,19,74.902,0,0,4.096,0,177.8
5195,46455.280,14.0457,13.5516,13.728,30,-3.90625,0,2919.75,28.5831,23,91.4,30.81,2.26,13.3333,19.2157,112.438,14.2196,7.975,-3.64206,1,8,0,0,19,74.902,0,0,4.096,0,177.8
5196,46455.320,14.214,13.5516,13.772,30,-3.90625,0,2916.25,28.5831,23,91.4,30.35,2.22,12.549,18.8235,104.203,14.2196,7.975,-4.80257,1,8,0,0,19,74.902,0,0,4.096,0,177.8
5197,46455.360,14.1714,13.5516,13.772,30,-3.90625,0,2927.5,29.2044,23,91.4,28.51,2.18,13.3333,18.0392,112.453,14.2196,7.975,-4.80257,1,8,0,0,19,74.902,0,0,4.096,0,177.8
5198,46455.400,14.1289,13.4367,13.848,30,-3.90625,0,2920.5,29.2044,23.5,91.4,28.19,2.2,13.3333,18.4314,112.488,14.2196,7.83,-4.15416,1,8,0,0,19,74.902,0,0,3.84,0,177.8
5199,46455.440,14.0457,13.3219,13.848,30,-4.6875,0,2919.75,28.5831,23.5,91.4,28.51,2.2,13.3333,18.4314,115.227,14.2196,7.83,-4.15416,1,8,0,0,19,74.902,0,0,3.84,0,177.8
5200,46455.480,13.8775,13.3219,13.912,30,-5.46875,0,2938,28.5831,23.5,91.4,29.27,2.22,13.7255,18.8235,117.87,14.2196,7.83,-3.91607,1,8,0,0,19,74.902,0,0,3.84,0,177.8
5201,46455.520,14.0457,13.3219,13.9507,30,-5.46875,0,2950.25,29.2044,23.5,91.4,29.91,2.24,13.7255,19.2157,117.806,14.2196,7.83,-3.63437,1,8,0,0,19,74.902,0,0,3.84,0,177.8
5202,46455.560,14.0883,13.5516,13.9507,30,-4.6875,0,2941.5,29.2044,23.5,91.4,30.56,2.24,13.7255,19.2157,117.851,14.2196,7.83,-3.63437,1,8,0,0,19,74.902,0,0,3.84,0,177.8
5203,46455.600,14.2565,13.7813,13.9766,30,-3.90625,0,2927.25,29.2044,23.5,91.4,30.67,2.24,13.7255,19.2157,117.994,14.2196,7.83,-3.65695,1,8,0,0,19,74.902,0,0,3.84,0,177.8
5204,46455.640,14.3397,13.8961,13.9896,30,-3.125,0,2947,29.2044,23,91.4,30.67,2.24,13.3333,19.2157,115.182,14.2196,7.83,-3.65695,1,8,0,0,19,74.902,0,0,4.096,0,177.8
5205,46455.680,13.8349,14.0109,13.9896,30,-2.34375,0,2965,29.2044,23,91.4,30.78,2.26,13.3333,19.2157,112.359,14.2196,7.83,-3.83431,1,8,0,0,19,74.902,0,0,4.096,0,177.8
5206,46455.720,13.9606,14.0109,14.0026,30,-2.34375,0,2969.75,29.2044,23,91.4,30.35,2.24,13.7255,18.8235,117.778,14.2196,7.83,-3.80286,1,8,0,0,19,74.902,0,0,4.096,0,177.8
5207,46455.760,13.7924,13.8961,14.0026,30,-2.34375,0,2960.75,29.2044,23.5,91.4,29.91,2.22,14.1176,18.8235,123.278,14.2196,7.83,-3.80286,1,8,0,0,19,74.902,0,0,4.096,0,177.8
5208,46455.800,13.8349,13.6664,14.0287,30,-3.125,0,2937.25,29.2044,23,91.4,30.4,2.24,14.1176,19.2157,120.605,14.2196,7.83,-3.11118,1,8,0,0,19,74.902,0,0,3.84,0,177.8
5209,46455.840,13.7498,13.5516,14.101,30,-3.125,0,2926.5,29.2044,23,91.4,31.03,2.26,12.549,19.2157,106.978,14.2196,7.83,-4.59361,1,8,0,0,19,74.902,0,0,3.84,0,177.8
5210,46455.880,13.539,13.5516,14.101,30,-3.90625,0,2941,29.2044,23,91.4,30.84,2.24,12.549,18.4314,104.166,14.2196,7.83,-4.59361,1,8,0,0,19,74.902,0,0,3.84,0,177.8
5211,46455.920,13.6667,13.5516,14.1407,30,-3.125,0,2952.25,29.2044,23,91.4,29.32,2.2,14.1176,18.4314,123.265,14.2196,7.83,-4.07183,1,8,0,0,19,74.902,0,0,3.84,0,177.8
5212,46455.960,13.539,13.6664,14.2075,30,-3.125,0,2949.75,29.2044,23.5,91.4,29.32,2.22,14.902,19.2157,131.489,14.2196,7.83,-4.07183,1,8,0,0,19,74.902,0,0,3.84,0,177.8
5213,46456.000,13.539,13.5516,14.2075,30,-3.125,0,2938,29.2044,23,91.4,32.04,2.28,14.1176,19.6078,120.599,14.2196,7.83,-2.43105,1,8,0,0,20,74.902,0,0,3.84,0,177.8
5214,46456.040,13.6241,13.5516,14.2209,30,-3.90625,0,2941.5,29.2044,23,91.4,31.72,2.26,12.1569,19.2157,101.424,14.2196,7.83,-4.32448,1,8,0,0,20,74.902,0,0,4.096,0,177.8
5215,46456.080,14.1289,13.6664,14.2209,30,-3.125,0,2951.75,29.2044,23,91.4,30.51,2.22,12.549,18.0392,104.106,14.2196,7.83,-4.32448,1,8,0,0,20,74.902,0,0,4.096,0,177.8
5216,46456.120,14.214,13.8961,14.2343,30,-2.34375,0,2950.5,29.2044,23.5,91.4,28.25,2.2,14.5098,18.4314,126.008,14.2196,7.83,-4.49959,1,8,0,0,19,74.902,0,0,3.84,0,177.8
5217,46456.160,14.1714,13.7813,14.2748,31,-2.34375,0,2926.5,29.2044,23.5,91.4,30.4,2.26,16.0784,20,142.542,14.2196,7.83,-1.50065,1,8,0,0,20,74.902,0,0,3.84,0,177.8
5218,46456.200,13.7498,13.5516,14.2748,31,-3.125,0,2918.75,29.2044,23,91.4,33.72,2.3,15.6863,20.3922,137.032,14.2196,7.83,-1.50065,1,8,0,0,19,74.902,0,0,3.84,0,177.8
5219,46456.240,13.539,13.5516,14.2478,31,-3.125,0,2938.25,29.2044,22.5,91.4,33.82,2.3,15.6863,20.3922,139.716,14.2196,7.975,-1.99175,1,8,0,0,19,74.902,0,0,4.096,0,177.8
5220,46456.280,13.7073,13.7813,14.154,31,-1.5625,0,2973.5,29.2044,22.5,91.4,34.27,2.32,17.2549,20.7843,157.731,14.2196,8.265,-1.99175,1,8,0,0,19,74.902,0,0,4.352,0,177.8
5221,46456.320,13.9606,14.1258,14.154,31,0,0,2974,29.2044,22,91.4,35.35,2.36,18.4314,21.9608,174.172,14.2196,8.41,-.124755,1,8,0,0,20,74.902,0,0,4.352,0,177.8
5222,46456.360,14.2972,14.2406,14.0615,31,1.5625,0,2972.5,29.2044,21.5,91.4,37.4,2.4,18.8235,22.7451,177.467,14.2196,8.845,1.20576,1,8,0,0,20,74.902,0,0,4.608,0,177.8
5223,46456.400,14.2972,14.2406,14.0615,31,2.34375,0,2976.25,29.2044,21,89.6,39.77,2.42,17.6471,23.1373,160.983,14.2196,9.135,1.20576,1,8,0,0,20,74.902,0,0,4.864,0,177.8
5224,46456.440,14.2972,14.2406,13.8735,31,3.125,0,2991,29.2044,20.5,89.6,38.27,2.4,18.8235,22.7451,177.413,14.2196,9.425,.447065,1,8,0,0,19,74.902,0,0,5.12,0,177.8
5225,46456.480,14.2565,14.2406,13.8417,31,3.90625,0,2988,29.2044,20.5,89.6,38.47,2.42,19.6078,23.1373,187.298,14.2196,9.425,1.93733,1,8,0,0,19,74.902,0,0,5.12,0,177.8
5226,46456.520,13.8775,14.0109,13.8417,31,3.90625,0,2975.75,29.2044,20,89.6,40.2,2.42,18.8235,23.5294,177.441,14.2196,9.57,1.93733,1,8,0,0,19,74.902,0,0,5.12,0,177.8
5227,46456.560,13.6241,13.7813,13.8353,31,3.125,0,2966.75,29.2044,20,89.6,40.71,2.44,18.8235,23.5294,177.478,14.2196,9.715,1.45343,1,8,0,0,19,74.902,0,0,5.12,0,177.8
5228,46456.600,13.539,13.6664,13.848,31,2.34375,0,2976.75,29.2044,19.5,89.6,40.71,2.42,19.6078,23.1373,187.372,14.2196,9.715,2.09801,1,8,0,0,19,74.902,0,0,5.376,0,177.8
5229,46456.640,13.2451,13.5516,13.848,31,2.34375,0,2992.75,29.2044,19.5,89.6,41.14,2.44,20.7843,23.5294,203.793,14.2196,9.86,2.09801,1,8,0,0,18,74.902,0,0,5.376,0,177.8
5230,46456.680,13.2876,13.3219,13.8799,31,1.5625,0,3001.25,29.2044,19,89.6,42.95,2.46,21.5686,24.7059,213.658,14.2196,10.005,4.07077,1,8,0,0,18,74.902,0,0,5.376,0,177.8
5231,46456.720,13.2451,13.3219,13.8799,31,.78125,0,3012.25,29.8258,18.5,89.6,45.5,2.5,23.1373,25.4902,230.118,14.2196,10.15,4.07077,1,8,0,0,18,74.902,0,0,5.376,0,177.8
5232,46456.760,13.2876,13.4367,13.8226,31,.78125,0,3033.5,29.8258,18,89.6,46.02,2.52,23.1373,26.2745,230.088,14.2196,10.585,6.38127,1,8,0,0,17,73.3333,0,0,5.632,0,177.8
5233,46456.800,13.6667,13.6664,13.728,31,1.5625,0,3054.25,29.8258,17.5,89.6,47.65,2.56,23.5294,26.6667,236.651,14.2196,10.875,8.02447,1,8,0,0,17,72.1569,0,0,5.888,0,177.8
5234,46456.840,13.8349,13.7813,13.728,31,0,0,3044.5,29.8258,17,89.6,48.43,2.56,23.1373,26.6667,233.349,14.2196,11.165,8.02447,1,8,0,0,17,72.1569,0,0,5.888,0,177.8
5235,46456.880,13.7498,13.7813,13.9701,31,0,0,3026.75,29.8258,17,89.6,48.22,2.56,23.1373,26.6667,230.064,14.2196,11.31,7.44546,1,8,0,0,16,72.9412,0,0,5.888,0,177.8
5236,46456.920,13.8775,13.8961,13.7093,31,0,0,3024.75,29.8258,16.5,89.6,48.11,2.56,23.9216,26.6667,239.979,14.2196,11.455,7.44546,1,8,0,0,16,72.9412,0,0,6.144,0,177.8
5237,46456.960,13.9606,13.8961,13.7093,31,0,0,3042.25,29.8258,16.5,89.6,48,2.56,25.098,27.451,257.61,14.2196,11.455,7.86503,1,8,0,0,15,72.549,0,0,6.144,0,177.8
5238,46457.000,13.539,13.7813,13.5124,31,0,0,3065.25,29.8258,16.5,89.6,50.36,2.62,26.6667,29.0196,265.717,14.2196,11.6,11.7597,1,8,0,0,15,70.9804,0,0,6.144,0,177.8
5239,46457.040,13.7073,13.7813,13.5124,31,0,0,3076.75,30.4472,16.5,89.6,52.59,2.66,26.2745,29.8039,263.017,14.2196,12.035,11.7597,1,8,0,0,14,70.9804,0,0,6.4,0,177.8
5240,46457.080,13.8775,13.7813,13.0158,31,0,0,3072.75,30.4472,16.5,89.6,51.69,2.64,25.4902,29.4118,258.957,14.2196,12.325,11.9038,1,8,0,0,14,70.5882,0,0,6.656,0,177.8
5241,46457.120,13.7498,13.8961,12.8987,31,0,0,3074.25,30.4472,16.5,89.6,50.8,2.62,25.4902,29.0196,258.955,14.2196,12.47,11.5464,1,8,0,0,14,70.5882,0,0,6.656,0,177.8
5242,46457.160,13.4984,13.7813,12.8987,31,0,0,3092,30.4472,16,89.6,50.95,2.64,26.2745,29.0196,263.012,14.2196,12.47,11.5464,1,8,0,0,13,70.5882,0,0,6.656,0,177.8
5243,46457.200,12.9917,13.3219,12.6974,31,0,0,3103.5,30.4472,16.5,89.6,51.54,2.64,25.098,29.0196,257.595,14.2196,12.47,12.1296,1,8,0,0,13,70.5882,0,0,6.656,0,177.8
5244,46457.240,12.6977,12.9773,12.6867,31,0,0,3117.5,30.4472,17,89.6,51.24,2.64,24.7059,28.6275,249.84,14.2196,12.47,12.1296,1,8,0,0,12,70.5882,0,0,6.656,0,177.8
5245,46457.280,12.4869,12.6328,12.6867,31,0,0,3135.5,31.0686,16.5,89.6,51.69,2.64,25.4902,28.6275,258.941,14.2196,12.47,10.6834,1,10,0,0,12,70.9804,0,0,6.656,0,177.8
5246,46457.320,12.5701,12.518,12.6282,31,0,0,3144.25,31.0686,16.5,89.6,52.58,2.68,26.2745,29.8039,262.995,14.2196,12.47,12.8229,1,10,0,0,12,69.8039,0,0,6.656,0,177.8
5247,46457.360,12.3593,12.518,12.6282,31,0,0,3159.5,31.0686,16.5,89.6,54.65,2.7,26.6667,30.5882,264.344,14.2196,12.615,12.8229,1,10,0,0,12,69.8039,0,0,6.912,0,177.8
5248,46457.400,12.4444,12.518,12.5179,31,0,0,3188,31.0686,16.5,89.6,55.84,2.7,25.098,30.9804,257.574,14.2196,12.905,13.1486,1,10,0,0,11,78.0392,0,15.3708,6.912,0,177.8
5249,46457.440,13.0343,12.6328,12.3081,31,0,0,3191.5,31.0686,16.5,89.6,55.84,2.7,24.7059,30.5882,253.114,14.2196,13.195,12.4949,1,10,0,0,11,78.0392,0,15.3672,7.168,0,177.8
5250,46457.480,12.866,12.7477,12.3081,31,0,0,3194,31.0686,16.5,89.6,55.25,2.68,25.4902,30.5882,258.912,14.2196,13.195,12.4949,1,10,0,0,11,78.0392,0,15.3672,7.168,0,177.8
5251,46457.520,12.5275,12.6328,12.3182,31,0,0,3176.75,31.6899,16.5,89.6,55.69,2.7,25.4902,30.1961,258.909,14.2196,13.195,13.052,1,10,0,0,11,78.0392,0,15.3672,7.168,0,177.8
5252,46457.560,12.4018,12.518,12.3739,31,0,0,3168.25,31.6899,16.5,89.6,55.99,2.7,25.4902,30.5882,258.907,14.2196,13.195,12.818,1,10,0,0,11,78.0392,0,15.3634,7.168,0,177.8
5253,46457.600,12.6126,12.4031,12.3739,31,0,0,3206.75,31.6899,16.5,89.6,55.99,2.7,25.8824,30.9804,261.612,14.2196,13.34,12.818,1,10,0,0,10,78.0392,0,15.3634,7.168,0,177.8
5254,46457.640,12.4018,12.4031,12.298,31,0,0,3246.25,31.6899,16,89.6,57.12,2.72,26.2745,31.3725,262.961,14.2196,13.485,14.0729,1,10,0,0,10,77.2549,0,15.3634,7.168,0,177.8
5255,46457.680,12.4018,12.4031,12.298,31,0,0,3251.5,31.6899,16.5,89.6,59.36,2.74,27.0588,31.7647,266.947,14.2196,13.63,14.0729,1,10,0,0,10,77.2549,0,15.3634,7.424,0,177.8
5256,46457.720,12.6977,12.518,12.238,31,0,0,3246.5,31.6899,16.5,89.6,60.64,2.76,27.0588,32.1569,266.691,14.2196,13.775,14.6823,1,10,0,0,10,76.8627,0,15.3596,7.424,0,177.8
5257,46457.760,13.2451,12.518,12.1492,31,0,0,3253,32.3113,16.5,89.6,61.92,2.76,26.2745,32.1569,262.234,14.2196,13.92,14.4126,1,10,0,0,10,76.8627,0,15.3596,7.68,0,177.8
5258,46457.800,12.5701,12.4031,12.1492,31,0,0,3264.25,32.3113,16.5,89.6,62.35,2.74,25.4902,31.3725,257.772,14.2196,13.92,14.4126,1,10,0,0,10,76.8627,0,15.3596,7.68,0,177.8
5259,46457.840,13.0343,12.1734,12.1296,31,0,0,3292.5,32.3113,16.5,89.6,60.64,2.74,25.8824,30.9804,258.884,14.2196,13.92,13.824,1,10,0,0,10,77.2549,0,15.3547,7.68,0,177.8
5260,46457.880,12.6126,11.9437,12.1786,31,0,0,3308,32.3113,16.5,89.6,59.79,2.74,25.8824,30.9804,259.948,14.2196,13.92,14.1645,1,10,0,0,9,76.8627,0,15.3547,7.68,0,177.8
5261,46457.920,12.4018,11.7141,12.1786,31,0,0,3303.25,32.3113,17,89.6,61.49,2.76,25.8824,30.9804,259.704,14.2196,13.92,14.1645,1,10,0,0,9,76.8627,0,15.3547,7.68,0,177.8
5262,46457.960,12.4444,11.5992,12.2033,32,0,0,3308.5,32.3113,16,89.6,62.35,2.76,26.2745,30.9804,260.885,14.2196,13.92,13.9293,1,10,0,0,9,77.2549,0,15.35,7.68,0,177.8
5263,46458.000,12.4444,11.5992,12.2033,32,0,0,3331,32.9327,16.5,87.8,66.18,2.78,26.6667,31.3725,262.109,14.2196,13.92,13.9293,1,10,0,0,9,77.2549,0,15.35,7.68,0,177.8
5264,46458.040,12.4444,11.5992,12.2132,32,0,0,3362.5,32.9327,17,87.8,66.6,2.8,26.2745,31.7647,260.358,14.2196,14.065,14.6065,1,10,0,0,10,76.4706,0,15.35,7.936,0,176
5265,46458.080,12.5275,11.5992,12.2132,31,0,0,3371.75,32.9327,16.5,87.8,69.59,2.8,25.8824,31.3725,258.448,14.2196,14.21,14.3329,1,10,0,0,10,76.8627,0,15.3454,7.936,0,176
5266,46458.120,12.3593,11.5992,12.2132,31,0,0,3375.75,32.9327,16.5,87.8,68.73,2.8,25.8824,30.9804,258.122,14.2196,14.21,14.3329,1,10,0,0,10,76.8627,0,15.3454,8.192,0,176
5267,46458.160,12.4869,11.4844,12.2281,31,0,0,3381.25,33.554,16.5,87.8,67.88,2.8,25.8824,30.9804,257.718,14.2196,14.21,14.4483,1,10,0,0,10,76.4706,0,15.3454,8.192,0,176
5268,46458.200,12.2761,11.2547,12.258,31,0,0,3412.25,33.554,17,87.8,68.73,2.8,25.8824,30.5882,257.414,14.2196,14.21,14.6072,1,10,0,0,10,76.4706,0,15.3419,8.192,0,176
5269,46458.240,12.3593,11.1398,12.258,31,0,0,3416.75,33.554,16.5,87.8,72.57,2.82,26.2745,30.9804,258.618,14.2196,14.21,14.6072,1,10,0,0,10,76.4706,0,15.3419,8.192,0,176
5270,46458.280,11.9377,11.1398,12.278,31,0,0,3419.25,33.554,17.5,87.8,74.21,2.82,26.2745,30.9804,258.278,14.2196,14.21,14.5881,1,10,0,0,10,76.4706,0,15.3419,8.448,0,176
5271,46458.320,11.9377,11.1398,12.278,31,0,0,3449.75,34.1754,17,87.8,72.57,2.82,25.098,30.9804,251.613,14.2196,14.355,14.5881,1,10,0,0,11,76.4706,0,15.3419,8.448,0,176
5272,46458.360,12.0228,11.1398,12.278,31,0,0,3453.75,34.1754,17.5,87.8,74.4,2.84,25.098,30.5882,249.625,14.2196,14.355,14.3371,1,10,0,0,11,76.8627,0,15.3384,8.448,0,176
5273,46458.400,11.8545,11.1398,12.288,31,0,0,3459.25,34.1754,17,87.8,73.61,2.82,24.7059,30.1961,242.844,14.2196,14.355,14.0788,1,10,0,0,11,77.6471,0,15.3384,8.448,0,176
5274,46458.440,11.8545,11.1398,12.288,31,0,0,3486.75,34.1754,17.5,87.8,72.14,2.82,23.1373,29.4118,222.408,14.2196,14.355,14.0788,1,10,0,0,11,77.6471,0,15.3384,8.448,0,176
5275,46458.480,11.6437,11.1398,12.3232,31,0,0,3486,34.1754,17.5,87.8,68.73,2.78,17.6471,27.451,151.981,14.2196,14.21,3.42358,1,10,0,0,12,72.9412,0,0,8.448,0,176
5276,46458.520,11.6437,11.1398,12.8547,31,0,0,3486.25,34.1754,16.5,87.8,54.36,2.66,9.01961,22.7451,62.4954,14.2196,13.485,-6.00867,1,10,0,0,12,72.9412,0,0,7.424,0,176
5277,46458.560,11.518,11.1398,12.8547,31,0,0,3472,34.7968,17,87.8,44.11,2.34,0,18.4314,57.565,14.2196,11.6,-6.00867,1,10,0,0,12,72.9412,0,0,6.144,0,176
5278,46458.600,11.1795,11.1398,16.247,31,0,0,3460.5,34.7968,17.5,87.8,33.68,2.24,0,17.2549,52.7786,14.2196,9.86,-6.32122,1,10,0,0,12,0,0,0,4.864,0,176
5279,46458.640,11.0538,11.1398,16.247,31,0,0,3469.75,34.7968,20,87.8,30.91,2.24,0,16.4706,47.9671,14.2196,8.99,-6.32122,1,10,0,0,11,0,0,0,4.096,0,176
5280,46458.680,10.843,11.1398,18.0814,31,-2.34375,0,3505,34.7968,21,87.8,28.99,2.2,0,16.0784,42.9828,14.2196,8.265,-6.62881,1,10,0,0,8,0,0,0,3.584,0,176
5281,46458.720,10.6322,11.1398,17.1249,32,-7.03125,0,3541.25,34.7968,21.5,87.8,26.36,2.14,0,15.6863,37.8235,14.2196,7.685,-6.95424,1,10,0,0,5,0,0,0,0,0,176
5282,46458.760,10.7579,11.1398,17.1249,32,-10.9375,0,3456.5,34.7968,22.5,87.8,24.08,2.1,0,15.2941,32.7367,14.2196,7.105,-6.95424,1,10,0,0,4,0,0,0,0,0,176
5283,46458.800,11.0113,11.1398,14.7939,32,-13.2813,-.78125,3428.25,34.7968,23.5,86,22.18,2.04,0,14.5098,27.9776,14.2196,6.815,-7.27662,1,10,0,0,3,0,0,0,0,0,176
5284,46458.840,11.518,11.1398,14.2748,32,-16.4063,-.78125,3450,34.7968,23.5,86,20.9,2,0,13.7255,23.2621,14.2196,6.38,-7.57863,1,10,0,0,1,0,0,0,0,0,176
5285,46458.880,12.4444,11.4844,14.2748,32,-16.4063,-.78125,3474.25,35.4182,23.5,86,17.63,1.9,0,12.549,18.5168,14.2196,5.945,-7.57863,1,10,0,0,1,0,0,0,0,0,176
5286,46458.920,13.16,11.8289,15.0679,32,-16.4063,-.78125,3536,35.4182,23,86,16.17,1.84,0,11.7647,13.4699,14.2196,5.51,-7.88749,1,10,0,0,1,0,0,0,0,0,176
5287,46458.960,14.2972,12.1734,15.0679,32,-16.4063,-.78125,3597.25,34.7968,22.5,86,13.45,1.78,0,10.9804,8.10595,14.2196,5.075,-7.88749,1,10,0,0,1,0,0,0,0,0,176
5288,46459.000,15.5194,12.518,14.2748,32,-16.4063,-.78125,3530,34.7968,21.5,86,11.93,1.74,0,10.5882,2.71257,14.2196,4.64,-8.229,1,10,0,0,1,0,0,0,0,0,176
5289,46459.040,15.9836,12.8625,14.2748,32,-15.625,-.78125,3468.75,34.1754,21,86,11.59,1.72,0,10.1961,0,14.2196,4.35,-8.50944,1,10,0,0,1,0,0,0,0,0,176
5290,46459.080,16.91,13.207,14.2748,32,0,-.78125,3395.5,34.1754,20,86,11.22,1.68,0,9.80392,0,14.2196,4.205,-8.50944,1,10,0,0,2,0,0,0,0,0,176
5291,46459.120,18.0472,13.6664,14.2748,32,0,-.78125,3345.25,34.1754,20,86,10.57,1.66,0,9.80392,0,14.2196,4.06,-8.50935,1,10,0,0,1,0,0,0,0,0,176
5292,46459.160,18.6371,14.1258,14.2748,32,0,-.78125,3383,34.1754,20,86,10.43,1.66,0,9.80392,0,14.2196,3.915,-8.50935,1,10,0,0,1,0,0,0,0,0,176
5293,46459.200,19.7336,14.7,14.2748,32,0,-.78125,3442.5,33.554,20,86,10.15,1.64,0,9.80392,0,14.2196,3.915,-8.50925,1,10,0,0,1,0,0,0,0,0,176
5294,46459.240,20.281,15.3891,12.4558,32,0,-.78125,3464.5,33.554,20,86,10.36,1.66,0,9.80392,0,14.2196,3.77,-8.50916,1,10,0,0,1,0,0,0,0,0,176
5295,46459.280,20.4492,16.4227,12.4558,32,0,-.78125,3403,33.554,20,86,10.29,1.66,0,9.80392,0,14.2196,3.77,-8.50916,1,10,0,0,1,0,0,0,0,0,176
5296,46459.320,20.281,17.3414,12.6176,32,0,-.78125,3383.5,33.554,20,86,10.5,1.66,0,9.80392,0,14.2196,3.77,-8.50906,1,10,0,0,1,0,0,0,0,0,176
5297,46459.360,20.4067,18.375,12.6176,32,0,-.78125,3431.75,34.1754,20,86,10.36,1.66,0,9.80392,0,14.2196,3.625,-8.50897,1,10,0,0,1,0,0,0,0,0,176
5298,46459.400,20.4067,19.7531,12.6176,32,0,-.78125,3464,34.1754,20,86,10.01,1.64,0,9.80392,0,14.2196,3.625,-8.50897,1,10,0,0,1,0,0,0,0,0,176
5299,46459.440,20.3235,20.3273,12.6176,32,0,-.78125,3462,34.1754,20,86,10.43,1.66,0,9.80392,0,14.2196,3.625,-8.50887,1,10,0,0,1,0,0,0,0,0,176
5300,46459.480,20.4918,20.3273,12.6176,32,0,-.78125,3439,34.1754,20,86,10.22,1.66,0,9.80392,0,14.2196,3.625,-8.50878,1,10,0,0,1,0,0,0,0,0,176
5301,46459.520,19.7336,20.3273,12.6176,32,0,-.78125,3401.75,33.554,20,86,10.5,1.66,0,9.80392,0,14.2196,3.625,-8.50878,1,10,0,0,1,0,0,0,0,0,176
5302,46459.560,19.8593,20.3273,12.6229,32,0,-.78125,3369,33.554,20,86,10.29,1.66,0,9.80392,0,14.2196,3.625,-8.50869,1,10,0,0,1,0,0,0,0,0,176
5303,46459.600,19.8593,20.3273,12.6229,32,0,-.78125,3340.75,32.9327,20,86,10.29,1.66,0,9.80392,0,14.2196,3.625,-8.50869,1,10,0,0,1,0,0,0,0,0,176
5304,46459.640,19.9019,20.3273,12.6229,32,0,-.78125,3362.5,32.9327,20,86,10.64,1.66,0,9.80392,0,14.2196,3.625,-8.5086,1,10,0,0,1,0,0,0,0,0,176
5305,46459.680,19.9019,20.3273,12.6229,32,0,-.78125,3348.75,32.9327,20,86,10.5,1.66,0,9.80392,0,14.2196,3.625,-8.50851,1,10,0,0,1,0,0,0,0,0,176
5306,46459.720,19.606,20.3273,12.6229,32,0,-.78125,3324.75,32.9327,20,86,10.57,1.66,2.7451,9.80392,21.5553,14.2196,3.625,-8.50851,1,10,0,0,1,0,0,0,0,0,176
5307,46459.760,19.8593,20.3273,12.6282,31,0,-.78125,3289.75,32.9327,21,86,12.32,1.78,9.80392,14.1176,72.454,14.2196,3.625,-6.93291,1,10,0,0,1,74.1176,0,0,2.048,0,176
5308,46459.800,19.8168,20.3273,12.5807,31,0,-.78125,3336.75,32.9327,21.5,86,20.68,2.08,14.5098,19.2157,120.897,14.2196,3.77,-2.71615,1,10,0,0,2,74.1176,0,0,2.304,0,176
5309,46459.840,19.8168,20.3273,12.5807,31,0,-.78125,3404.5,32.9327,22.5,86,33.19,2.32,15.6863,21.5686,133.32,14.2196,5.945,-2.71615,1,10,0,0,3,74.1176,0,0,3.328,0,176
5310,46459.880,19.8593,20.3273,10.7176,31,0,-.78125,3406.75,32.9327,23,86,37.38,2.42,15.2941,22.7451,126.854,14.2196,6.815,-2.0196,1,10,0,0,5,73.3333,0,0,3.584,0,176
5311,46459.920,14.8039,20.3273,10.7176,31,0,-.78125,3364,32.9327,21.5,86,40.91,2.44,14.902,22.7451,124.828,14.2196,7.83,-2.0196,1,10,0,0,6,73.3333,0,0,4.608,0,176
5312,46459.960,17.0357,20.3273,11.1544,31,0,-.78125,3396.5,32.9327,20.5,86,40.26,2.42,14.902,22.3529,124.5,14.2196,8.265,-2.32519,1,10,0,0,8,73.3333,0,0,4.608,0,176
5313,46460.000,16.9951,20.3273,11.5613,31,0,0,3426,32.9327,20.5,86,39.4,2.42,15.2941,21.9608,126.774,14.2196,8.41,-2.48459,1,10,0,0,10,73.3333,0,0,4.864,0,176
5314,46460.040,15.856,20.3273,11.5613,31,0,0,3396,32.9327,21,86,39.4,2.42,14.902,21.9608,121.857,14.2196,8.41,-2.48459,1,10,0,0,11,73.3333,0,0,5.12,0,176
5315,46460.080,13.9181,20.3273,11.6238,31,0,0,3320.5,32.9327,21,86,38.54,2.4,14.1176,21.9608,117.921,14.2196,8.555,-2.79974,1,10,0,0,12,73.7255,0,0,5.12,0,176
5316,46460.120,13.6241,20.3273,11.696,31,0,0,3320.5,32.9327,21.5,86,36.86,2.4,14.5098,21.5686,121.356,14.2196,8.555,-2.67643,1,10,0,0,13,74.1176,0,0,5.12,0,176
5317,46460.160,12.9492,20.3273,11.696,31,0,0,3383.25,32.9327,22,86,36.64,2.38,14.902,21.5686,125.688,14.2196,8.555,-2.67643,1,10,0,0,15,74.1176,0,0,5.12,0,176
5318,46460.200,12.4444,20.3273,11.7876,31,0,0,3401,32.9327,23,86,37.47,2.4,14.902,21.9608,124.363,14.2196,8.555,-2.17282,1,10,0,0,16,73.3333,0,0,5.12,0,176
5319,46460.240,12.5275,19.2937,11.7876,31,0,0,3367,33.554,22.5,86,38.97,2.42,14.902,22.3529,121.962,14.2196,8.555,-2.17282,1,10,0,0,17,73.3333,0,0,5.12,0,176
5320,46460.280,12.7384,18.0305,11.8619,31,0,0,3345.5,33.554,22.5,86,39.4,2.42,14.1176,22.3529,115.275,14.2196,8.555,-2.56163,1,10,0,0,18,73.7255,0,0,5.12,0,176
5321,46460.320,12.9085,17.1117,11.9136,31,0,0,3381.25,33.554,22.5,86,38.11,2.4,14.1176,21.5686,115.016,14.2196,8.555,-3.24008,1,10,0,0,18,73.7255,0,0,5.12,0,176
5322,46460.360,12.7384,16.0781,11.9136,31,0,0,3413.75,33.554,22.5,86,36.86,2.38,13.3333,21.1765,108.082,14.2196,8.555,-3.24008,1,10,0,0,19,73.7255,0,0,5.12,0,176
5323,46460.400,12.5701,15.0445,11.9847,31,-.78125,0,3408.25,33.554,23,86,36.45,2.38,13.3333,21.1765,105.035,14.2196,8.555,-3.84099,1,10,0,0,19,73.3333,0,0,4.352,0,176
5324,46460.440,12.5701,14.4703,13.7783,31,-2.34375,0,3391,33.554,23,86,36.27,2.36,12.549,20.7843,98.0427,14.2196,8.41,-4.58318,1,10,0,0,19,73.3333,0,0,4.352,0,176
5325,46460.480,12.6126,14.0109,13.7783,31,-2.34375,0,3386.5,33.554,23,86,36.09,2.36,12.549,20.3922,98.613,14.2196,8.265,-4.58318,1,10,0,0,19,73.3333,0,0,4.352,0,176
5326,46460.520,13.3282,13.5516,13.7031,31,-3.90625,0,3391.25,33.554,23.5,86,35.28,2.34,13.3333,20.3922,108.383,14.2196,8.265,-4.21344,1,10,0,0,19,73.3333,0,0,4.352,0,176
5327,46460.560,13.539,13.6664,13.7031,31,-3.90625,0,3415.5,33.554,23.5,86,35.55,2.36,14.1176,21.1765,112.92,14.2196,8.12,-4.21344,1,10,0,0,19,73.3333,0,0,4.096,0,176
5328,46460.600,13.9606,13.8961,13.8226,31,-1.5625,0,3436,33.554,23.5,86,37.11,2.38,14.1176,21.5686,113.225,14.2196,8.12,-3.36333,1,10,0,0,19,73.3333,0,0,4.096,0,176
5329,46460.640,14.508,14.2406,13.8417,31,0,0,3433,33.554,23.5,86,37.54,2.4,14.1176,21.5686,112.843,14.2196,8.12,-3.35757,1,10,0,0,19,73.3333,0,0,4.352,0,176
5330,46460.680,14.7613,14.5852,13.8417,31,2.34375,0,3424.5,33.554,23,86,38.4,2.4,13.7255,21.5686,109.993,14.2196,8.265,-3.35757,1,10,0,0,19,73.3333,0,0,4.352,0,176
5331,46460.720,14.8464,14.9297,13.8544,31,5.46875,0,3430.75,34.1754,23,86,38.4,2.4,13.3333,21.5686,107.617,14.2196,8.265,-3.88185,1,10,0,0,19,72.9412,0,0,4.608,0,176
5332,46460.760,14.9296,15.1594,13.8735,31,7.8125,0,3461.5,34.1754,23,86,37.11,2.4,13.3333,21.1765,107.419,14.2196,8.265,-3.86917,1,10,0,0,18,72.9412,0,0,4.608,0,176
5333,46460.800,15.7728,15.0445,13.8735,31,9.375,0,3441.25,34.1754,23,86,37.02,2.4,13.3333,21.1765,106.896,14.2196,8.265,-3.86917,1,10,0,0,18,72.9412,0,0,4.608,0,176
5334,46460.840,15.6045,14.8148,13.9184,31,9.375,0,3448.5,34.1754,23,86,37.02,2.4,13.3333,21.1765,104.507,14.2196,8.265,-3.87845,1,10,0,0,18,72.9412,0,0,4.608,0,176
5335,46460.880,14.7188,14.4703,13.9184,31,9.375,0,3472.75,34.1754,23.5,86,36.71,2.38,12.549,20.7843,96.4434,14.2196,8.265,-3.87845,1,10,0,0,19,72.9412,0,0,4.608,0,176
5336,46460.920,14.7188,14.2406,13.9572,31,10.1563,0,3468.5,34.1754,23.5,86,35.91,2.34,12.549,20.3922,96.0985,14.2196,8.12,-4.6648,1,10,0,0,19,72.9412,0,0,4.608,0,176
5337,46460.960,14.3397,14.0109,14.0352,31,10.1563,0,3444,34.1754,23.5,86,35.37,2.34,12.549,20.3922,96.2505,14.2196,8.12,-4.63476,1,10,0,0,18,72.9412,0,0,4.608,0,176
5338,46461.000,14.4673,13.8961,14.0352,31,9.375,0,3475.75,34.1754,23.5,86,35.37,2.34,12.549,20.3922,99.1529,14.2196,7.975,-4.63476,1,10,0,0,18,72.9412,0,0,4.352,0,176
5339,46461.040,14.2972,13.6664,14.1208,31,9.375,0,3496.75,34.1754,23.5,86,35.64,2.36,12.9412,20.7843,100.617,14.2196,7.975,-4.37458,1,10,0,0,18,72.9412,0,0,4.352,0,176
5340,46461.080,14.3823,13.6664,14.1474,31,9.375,0,3488,34.1754,23.5,86,36.09,2.36,13.3333,21.1765,102.945,14.2196,7.975,-4.2519,1,10,0,0,18,72.9412,0,0,4.352,0,176
5341,46461.120,14.3823,13.8961,14.1474,31,10.9375,0,3487.75,34.1754,23.5,86,36.62,2.38,13.3333,21.1765,103.75,14.2196,7.975,-4.2519,1,10,0,0,18,72.9412,0,0,4.352,0,176
5342,46461.160,14.2972,14.0109,14.1407,31,11.7188,0,3489.5,34.1754,23.5,86,36.8,2.38,13.3333,21.1765,106.042,14.2196,7.975,-3.98131,1,10,0,0,18,72.9412,0,0,4.608,0,176
5343,46461.200,14.508,14.1258,14.1407,31,13.2813,0,3497.5,34.7968,23.5,86,37.09,2.38,14.1176,21.1765,113.278,14.2196,7.975,-3.98131,1,10,0,0,18,72.9412,0,0,4.608,0,176
5344,46461.240,14.5505,14.2406,14.1941,31,14.0625,0,3529,34.7968,23.5,86,38.25,2.4,14.1176,21.9608,113.474,14.2196,7.975,-3.33416,1,10,0,0,18,72.549,0,0,4.608,0,176
5345,46461.280,14.6782,14.2406,14.2142,31,14.8438,0,3525.25,34.7968,23,86,39.98,2.42,14.1176,21.9608,110.279,14.2196,8.12,-3.58804,1,10,0,0,18,72.549,0,0,4.608,0,176
5346,46461.320,14.5931,14.2406,14.2142,31,15.625,0,3507.5,34.7968,23,86,39.77,2.42,14.1176,21.9608,112.789,14.2196,8.12,-3.58804,1,10,0,0,18,72.549,0,0,4.864,0,176
5347,46461.360,14.8039,14.1258,14.2142,31,16.4063,0,3541.5,34.7968,22.5,86,39.77,2.42,14.1176,21.9608,113.001,14.2196,8.265,-3.408,1,10,0,0,18,72.549,0,0,4.864,0,176
5348,46461.400,14.6782,14.1258,14.2142,31,16.4063,0,3542,34.7968,22.5,86,40.63,2.42,14.1176,21.9608,109.819,14.2196,8.265,-3.66297,1,10,0,0,18,72.1569,0,0,4.864,0,176
5349,46461.440,14.508,13.8961,14.2142,31,15.625,0,3522,34.7968,22.5,86,40.41,2.42,14.1176,21.5686,109.807,14.2196,8.265,-3.66297,1,10,0,0,18,72.1569,0,0,4.864,0,176
5350,46461.480,14.3823,13.6664,14.2343,31,15.625,0,3542.5,34.7968,22.5,86,40.42,2.42,14.1176,21.5686,110.39,14.2196,8.265,-3.61736,1,10,0,0,17,72.1569,0,0,4.864,0,176
5351,46461.520,14.2565,13.5516,14.2343,31,14.8438,0,3548.25,34.7968,22.5,86,39.12,2.4,13.7255,21.5686,107.05,14.2196,8.265,-3.61736,1,10,0,0,17,72.1569,0,0,4.864,0,176
5352,46461.560,14.1289,13.3219,14.2681,31,13.2813,0,3541.25,34.7968,22.5,86,39.34,2.4,13.7255,21.5686,107.243,14.2196,8.265,-3.8647,1,10,0,0,17,72.549,0,0,4.864,0,176
5353,46461.600,13.7498,13.207,14.2952,31,12.5,0,3565.5,34.7968,22.5,86,39.98,2.42,14.1176,21.5686,112.333,14.2196,8.265,-3.49826,1,10,0,0,18,72.1569,0,0,4.864,0,176
5354,46461.640,13.6241,13.0922,14.2952,31,11.7188,0,3549,34.7968,22.5,86,38.91,2.42,14.1176,21.5686,111.641,14.2196,8.12,-3.49826,1,10,0,0,18,72.1569,0,0,4.864,0,176
5355,46461.680,13.7073,13.207,14.3156,31,11.7188,0,3548,34.7968,22.5,86,40.2,2.42,14.1176,21.9608,109.647,14.2196,8.12,-3.50541,1,10,0,0,18,72.1569,0,0,4.864,0,176
5356,46461.720,13.8349,13.3219,14.3156,31,11.7188,0,3584,34.7968,22,86,41.07,2.44,14.902,21.9608,116.376,14.2196,8.265,-3.10118,1,10,0,0,17,72.1569,0,0,4.864,0,176
5357,46461.760,13.7924,13.4367,14.3156,31,11.7188,0,3578.25,35.4182,22,86,41.49,2.44,15.6863,21.9608,123.819,14.2196,8.265,-3.10118,1,10,0,0,17,72.1569,0,0,4.864,0,176
5358,46461.800,14.0883,13.5516,14.3224,31,12.5,0,3604,35.4182,22,86,43.51,2.48,14.902,22.7451,119.019,14.2196,8.265,-2.65227,1,10,0,0,18,71.7647,0,0,4.864,0,176
5359,46461.840,14.1714,13.5516,14.3224,31,12.5,0,3585,35.4182,21.5,86,43.64,2.48,14.902,22.7451,115.819,14.2196,8.265,-2.65227,1,10,0,0,17,71.7647,0,0,4.864,0,176
5360,46461.880,14.1289,13.6664,14.3019,31,12.5,0,3583.5,35.4182,21.5,86,43.77,2.48,14.5098,22.3529,113.811,14.2196,8.41,-3.10418,1,10,0,0,17,72.1569,0,0,5.12,0,176
5361,46461.920,14.1289,13.6664,14.2952,31,12.5,0,3610.5,35.4182,21,86,43.14,2.48,14.902,22.3529,115.776,14.2196,8.41,-3.10631,1,10,0,0,17,72.1569,0,0,5.12,0,176
5362,46461.960,13.8775,13.4367,14.2952,31,11.7188,0,3592.25,35.4182,21,86,43.01,2.44,14.5098,21.9608,113.198,14.2196,8.41,-3.10631,1,10,0,0,17,72.1569,0,0,5.12,0,176
5363,46462.000,13.6667,13.3219,14.2952,31,10.1563,0,3610,35.4182,21.5,86,41.89,2.44,14.5098,21.9608,113.613,14.2196,8.41,-3.36923,1,10,0,0,17,72.1569,0,0,4.864,0,176
5364,46462.040,13.6667,13.0922,14.3224,31,9.375,0,3599.25,35.4182,21.5,86,41.92,2.44,14.5098,21.9608,113.114,14.2196,8.41,-3.38018,1,10,0,0,16,71.7647,0,0,4.864,0,176
5365,46462.080,12.9085,12.9773,14.3224,31,7.8125,0,3602.5,35.4182,21.5,86,41.06,2.44,14.902,21.9608,115.874,14.2196,8.41,-3.38018,1,8,0,0,16,71.7647,0,0,4.864,0,176
5366,46462.120,12.9917,13.0922,14.3292,31,7.8125,0,3627.25,35.4182,21.5,86,41.5,2.46,14.902,21.9608,115.567,14.2196,8.41,-3.16985,1,8,0,0,16,71.7647,0,0,4.864,0,176
5367,46462.160,13.0768,13.207,14.3292,31,7.8125,0,3612.5,36.0395,21.5,86,43,2.46,14.902,22.3529,118.078,14.2196,8.265,-3.16985,1,8,0,0,16,71.7647,0,0,4.864,0,176
5368,46462.200,13.2451,13.3219,14.3428,31,7.8125,0,3649,36.0395,21.5,86,43.77,2.48,14.902,22.7451,118.153,14.2196,8.41,-3.15463,1,8,0,0,16,71.7647,0,0,4.864,0,176
5369,46462.240,13.4133,13.4367,14.3428,31,7.8125,0,3637,36.0395,21.5,86,44.02,2.48,15.2941,22.7451,120.33,14.2196,8.41,-2.74246,1,8,0,0,16,71.7647,0,0,4.864,0,176
5370,46462.280,13.5816,13.6664,14.3428,31,8.59375,0,3663.75,36.0395,21,86,44.28,2.48,14.902,22.7451,117.995,14.2196,8.41,-2.74246,1,8,0,0,16,71.7647,0,0,4.864,0,176
5371,46462.320,13.7498,13.7813,14.336,31,9.375,0,3667.75,36.0395,21,86,44.02,2.48,14.902,22.7451,117.632,14.2196,8.41,-3.18978,1,8,0,0,16,71.3726,0,0,4.864,0,176
5372,46462.360,13.6667,13.7813,14.3428,31,9.375,0,3639,36.0395,21,86,44.41,2.48,14.902,22.7451,115.421,14.2196,8.41,-3.18233,1,8,0,0,16,71.7647,0,0,5.12,0,176
5373,46462.400,13.3708,13.6664,14.3428,31,9.375,0,3661.5,36.0395,21,86,44.15,2.48,14.902,22.7451,115.142,14.2196,8.41,-3.18233,1,8,0,0,16,71.7647,0,0,4.864,0,176
5374,46462.440,13.4559,13.5516,14.336,31,8.59375,0,3664.25,36.0395,21,86,43.64,2.48,18.8235,23.1373,163.062,14.2196,8.41,-.827353,1,8,0,0,16,71.3726,0,0,4.864,0,176
5375,46462.480,13.2876,13.5516,14.336,31,8.59375,0,3706.25,36.0395,21,86,47.67,2.56,17.2549,24.7059,143.023,14.2196,8.555,-.827353,1,8,0,0,16,71.3726,0,0,4.864,0,176
5376,46462.520,12.7384,13.207,14.2952,31,7.03125,0,3706.5,36.0395,20.5,86,48.66,2.56,13.7255,23.9216,104.128,14.2196,8.845,-1.70672,1,8,0,0,15,70.9804,0,0,5.12,0,176
5377,46462.560,12.191,12.8625,14.3977,31,0,0,3706.5,36.6609,20.5,86,45.05,2.48,10.1961,21.1765,71.179,14.2196,8.99,-5.46391,1,8,0,0,16,70.9804,0,0,4.864,0,176
5378,46462.600,13.0768,12.9773,14.3977,31,-1.5625,0,3648.25,36.6609,21.5,86,36.63,2.38,10.9804,20,79.1016,14.2196,8.845,-5.46391,1,8,0,0,15,70.9804,0,0,4.608,0,176
5379,46462.640,13.4133,13.3219,14.3156,31,0,0,3659.75,36.0395,22,86,35.35,2.34,10.1961,19.6078,71.8178,14.2196,8.12,-5.23354,1,8,0,0,15,71.3726,0,0,4.096,0,176
5380,46462.680,13.2451,13.3219,14.8523,31,0,0,3651.75,36.0395,23,86,34.37,2.3,9.41177,18.8235,63.8427,14.2196,7.685,-5.95,1,8,0,0,15,71.3726,0,0,4.096,0,176
5381,46462.720,13.4133,13.4367,14.8523,31,-.78125,0,3689,36.0395,23.5,86,33.62,2.26,7.45098,18.4314,58.0159,14.2196,7.395,-5.95,1,8,0,0,15,71.3726,0,0,3.84,0,176
5382,46462.760,13.8775,13.6664,15.0228,31,.78125,0,3694.25,36.0395,24,86,31.46,2.24,6.66667,18.0392,52.1016,14.2196,7.105,-6.32516,1,8,0,0,16,70.9804,0,0,3.84,0,176
5383,46462.800,14.4673,13.8961,15.0228,31,1.5625,0,3660.25,36.0395,25,86,29.27,2.2,2.35294,17.2549,46.2133,14.2196,6.815,-6.32516,1,8,0,0,16,70.9804,0,0,3.584,0,176
5384,46462.840,14.3823,13.8961,15.1361,31,1.5625,0,3681.25,36.0395,26,86,28.08,2.16,0,16.4706,40.3686,14.2196,6.525,-6.70267,1,8,0,0,15,71.3726,0,0,3.584,0,176
5385,46462.880,14.2972,13.8961,15.1437,31,1.5625,0,3680.5,36.6609,26.5,86,26.38,2.12,0,16.0784,34.5061,14.2196,6.235,-7.07628,1,8,0,0,15,0,0,0,3.328,0,176
5386,46462.920,14.214,13.7813,15.1437,31,1.5625,0,3726.5,36.6609,26.5,86,23.07,2.08,0,15.2941,28.5079,14.2196,5.8,-7.07628,1,8,0,0,11,0,0,0,3.072,0,176
5387,46462.960,14.214,13.7813,15.2125,31,1.5625,0,3704.75,36.6609,26.5,86,21.03,2,0,14.1176,22.4121,14.2196,5.51,-7.46142,1,8,0,0,8,0,0,0,2.816,0,176
5388,46463.000,14.0457,13.6664,14.5578,31,1.5625,-.78125,3712,36.6609,26.5,86,18.89,1.92,0,12.9412,16.3701,14.2196,5.075,-7.84987,1,8,0,0,5,0,0,0,0,0,176
5389,46463.040,13.9181,13.5516,14.5578,31,.78125,-.78125,3646.75,36.6609,25.5,86,16.7,1.88,0,11.7647,10.4186,14.2196,4.785,-7.84987,1,8,0,0,3,0,0,0,0,0,176
5390,46463.080,13.8349,13.3219,14.5649,31,0,-.78125,3626,36.6609,25,86,14.22,1.8,0,11.3725,4.72108,14.2196,4.495,-8.226,1,8,0,0,2,0,0,0,0,0,176
5391,46463.120,14.0032,13.207,14.5649,31,0,-.78125,3605,36.6609,24.5,86,12.61,1.74,0,10.5882,0,14.2196,4.205,-8.226,1,8,0,0,1,0,0,0,0,0,176
5392,46463.160,14.214,13.207,14.6002,31,-.78125,-.78125,3650.5,36.6609,23.5,86,11.6,1.72,0,10.1961,0,14.2196,4.06,-8.50512,1,8,0,0,1,0,0,0,0,0,176
5393,46463.200,14.4673,13.207,14.586,31,-.78125,-.78125,3741,36.0395,23,86,11.2,1.68,0,10.1961,0,14.2196,3.77,-8.50506,1,8,0,0,1,0,0,0,0,0,176
5394,46463.240,14.5505,13.3219,14.586,31,-.78125,-.78125,3705.5,36.0395,22,86,11.1,1.68,0,10.1961,0,14.2196,3.625,-8.50506,1,8,0,0,1,0,0,0,0,0,176
5395,46463.280,13.8775,13.6664,14.453,31,-.78125,-.78125,3652,36.0395,21.5,86,11.1,1.68,0,10.1961,0,14.2196,3.48,-8.505,1,8,0,0,2,0,0,0,0,0,176
5396,46463.320,14.1289,13.8961,14.3771,31,0,-.78125,3578,36.0395,20.5,86,11.17,1.68,0,10.1961,0,14.2196,3.48,-8.50494,1,8,0,0,2,0,0,0,0,0,176
5397,46463.360,14.4673,14.2406,14.3771,31,0,-.78125,3625.75,36.0395,20,86,11.13,1.68,0,10.1961,0,14.2196,3.48,-8.50494,1,8,0,0,1,0,0,0,0,0,176
5398,46463.400,14.8464,14.8148,14.3292,31,0,-.78125,3669.5,36.0395,20,86,11,1.68,0,9.80392,0,14.2196,3.48,-8.50488,1,8,0,0,1,0,0,0,0,0,176
5399,46463.440,15.3937,15.6187,14.3292,31,0,-.78125,3689.75,36.0395,20,86,10.99,1.66,0,9.80392,0,14.2196,3.335,-8.50488,1,8,0,0,1,0,0,0,0,0,176
5400,46463.480,16.616,16.6523,12.4816,31,0,-.78125,3668.5,36.0395,20,86,10.86,1.68,0,10.1961,0,14.2196,3.335,-8.50488,1,8,0,0,2,0,0,0,0,0,176
5401,46463.520,17.8364,17.5711,12.4713,31,0,-.78125,3579.75,36.0395,20,86,11.17,1.68,0,10.1961,0,14.2196,3.335,-8.50488,1,8,0,0,2,0,0,0,0,0,176
5402,46463.560,19.1438,18.7195,12.4713,31,0,-.78125,3576.75,36.0395,20,86,11.07,1.68,0,10.1961,0,14.2196,3.335,-8.50488,1,8,0,0,1,0,0,0,0,0,176
5403,46463.600,19.7762,20.0977,12.6176,31,0,-.78125,3592.5,35.4182,20,86,11.06,1.68,1.96078,10.1961,15.7935,14.2196,3.335,-8.50488,1,8,0,0,1,0,0,0,1.792,0,176
5404,46463.640,20.0276,20.3273,12.6176,31,0,-.78125,3642,35.4182,21,86,12.23,1.78,9.41177,13.7255,59.6299,14.2196,3.335,-6.11807,1,8,0,0,2,71.7647,0,0,1.792,0,176
5405,46463.680,20.3235,20.3273,12.6176,31,0,-.78125,3598,35.4182,21.5,86,21.91,2.08,14.1176,19.2157,110.437,14.2196,3.48,-6.11807,1,8,0,0,2,71.7647,0,0,2.048,0,176
5406,46463.720,20.4918,20.3273,10.4352,31,0,-.78125,3600,35.4182,22.5,86,32.02,2.32,14.1176,21.5686,110.801,14.2196,5.365,-3.31411,1,8,0,0,3,72.1569,0,0,3.072,0,176
5407,46463.760,20.4918,20.3273,10.4352,31,0,-.78125,3638.5,35.4182,23,86,36.64,2.38,13.7255,21.9608,105.435,14.2196,6.235,-3.31411,1,8,0,0,5,72.1569,0,0,3.584,0,176
5408,46463.800,20.281,19.0641,11.2544,31,0,0,3584.75,35.4182,22,86,37.47,2.42,12.549,21.5686,95.2876,14.2196,6.96,-4.27669,1,8,0,0,6,71.7647,0,0,4.096,0,176
5409,46463.840,18.6371,17.9156,11.687,31,0,0,3633,35.4182,21.5,86,37.16,2.38,12.549,21.1765,95.3644,14.2196,7.25,-4.69447,1,8,0,0,8,71.7647,0,0,4.352,0,176
5410,46463.880,17.2059,16.882,11.687,31,0,0,3644.25,35.4182,21,86,36.02,2.36,12.9412,20.7843,97.2217,14.2196,7.25,-4.69447,1,8,0,0,9,71.7647,0,0,4.608,0,176
5411,46463.920,16.3201,15.9633,11.7554,31,0,0,3645.5,35.4182,21.5,86,35.84,2.36,13.3333,21.1765,100.09,14.2196,7.25,-4.51605,1,8,0,0,11,71.3726,0,0,4.608,0,176
5412,46463.960,15.2255,15.0445,13.4701,31,0,0,3573.75,35.4182,22,86,35.93,2.36,12.1569,21.1765,90.903,14.2196,7.25,-4.86606,1,8,0,0,12,72.1569,0,0,4.096,0,176
5413,46464.000,14.2972,14.3555,13.4701,31,0,0,3506.75,35.4182,22.5,86,36.02,2.36,12.549,20.7843,95.1521,14.2196,7.395,-4.86606,1,8,0,0,13,72.1569,0,0,4.352,0,176
5414,46464.040,12.866,13.8961,13.3506,31,-1.5625,0,3559.75,35.4182,23,86,35.66,2.36,13.7255,20.7843,107.524,14.2196,7.395,-4.25741,1,8,0,0,14,72.549,0,0,4.096,0,176
5415,46464.080,13.2876,13.8961,13.3506,31,-.78125,0,3593.25,35.4182,23.5,86,35.84,2.36,15.2941,21.1765,120.951,14.2196,7.395,-4.25741,1,8,0,0,15,72.549,0,0,4.096,0,176
5416,46464.120,14.0032,14.1258,13.428,31,.78125,0,3622.5,35.4182,23.5,86,37.9,2.42,15.2941,23.1373,120.784,14.2196,7.54,-2.68076,1,8,0,0,16,71.7647,0,0,4.352,0,176
5417,46464.160,14.3397,14.3555,13.434,31,3.125,0,3624,35.4182,23,86,42.16,2.46,15.2941,23.1373,120.926,14.2196,7.685,-2.73893,1,8,0,0,16,71.7647,0,0,4.608,0,176
5418,46464.200,14.5931,14.7,13.434,31,4.6875,0,3553,35.4182,22.5,86,42.07,2.44,14.902,22.7451,116.547,14.2196,7.975,-2.73893,1,8,0,0,16,71.7647,0,0,4.864,0,176
5419,46464.240,14.8464,14.8148,13.3743,31,7.03125,0,3579.75,35.4182,22,86,40.55,2.42,14.902,22.3529,117.166,14.2196,8.12,-2.83742,1,8,0,0,16,72.1569,0,0,4.864,0,176
5420,46464.280,14.5931,14.5852,13.446,31,7.8125,0,3605.5,35.4182,22,86,40.55,2.44,14.902,21.9608,118.283,14.2196,8.12,-2.93622,1,8,0,0,16,71.7647,0,0,4.864,0,176
5421,46464.320,13.9181,14.2406,13.446,31,7.03125,0,3621,35.4182,22,86,40.55,2.42,14.902,21.9608,118.235,14.2196,8.12,-2.93622,1,8,0,0,17,71.7647,0,0,4.864,0,176
5422,46464.360,13.7924,13.7813,13.5489,31,5.46875,0,3610,35.4182,22,86,40.98,2.44,14.902,22.3529,116.037,14.2196,8.12,-3.15212,1,8,0,0,17,71.7647,0,0,4.864,0,176
5423,46464.400,13.1174,13.3219,13.5489,31,3.90625,0,3547.25,35.4182,22,86,41.42,2.44,14.902,22.7451,120.048,14.2196,8.12,-3.15212,1,8,0,0,17,71.7647,0,0,4.864,0,176
5424,46464.440,13.1174,13.3219,13.6101,31,3.125,0,3563.25,35.4182,22,86,41.63,2.46,14.902,22.7451,119.578,14.2196,8.12,-2.785,1,8,0,0,17,72.1569,0,0,4.864,0,176
5425,46464.480,13.3708,13.3219,13.6348,31,3.90625,0,3588.25,35.4182,21.5,86,41.2,2.44,15.6863,22.7451,123.674,14.2196,8.265,-2.61952,1,8,0,0,17,72.1569,0,0,4.864,0,176
5426,46464.520,13.6667,13.5516,13.6348,31,3.90625,0,3598.5,35.4182,21.5,86,41.84,2.44,15.2941,22.7451,120.823,14.2196,8.265,-2.61952,1,8,0,0,17,72.1569,0,0,4.864,0,176
5427,46464.560,13.4984,13.6664,13.6781,31,4.6875,0,3607.5,35.4182,21.5,86,42.24,2.46,17.6471,22.7451,146.331,14.2196,8.265,-2.27975,1,8,0,0,17,71.7647,0,0,4.864,0,176
5428,46464.600,13.6241,13.6664,13.7093,31,4.6875,0,3550.75,35.4182,21.5,86,44.7,2.52,22.3529,25.098,208.831,14.2196,8.41,6.08882,1,8,0,0,16,72.1569,0,0,4.864,0,176
5429,46464.640,13.7498,13.6664,13.7093,31,5.46875,0,3600,35.4182,20.5,86,52.67,2.68,25.8824,29.0196,252.315,14.2196,9.715,6.08882,1,8,0,0,16,72.1569,0,0,5.888,0,176
5430,46464.680,12.1079,13.3219,13.158,31,0,0,3668.25,35.4182,19,86,60.32,2.76,27.0588,30.9804,258.262,14.2196,10.585,15.8802,1,8,0,0,16,75.2941,0,15.3297,5.632,0,176
5431,46464.720,13.8775,12.9773,13.158,31,0,0,3708.5,36.0395,18,86,65.45,2.78,27.0588,31.7647,258.591,14.2196,11.31,15.8802,1,8,0,0,16,75.2941,0,15.3297,6.144,0,176
5432,46464.760,14.0883,12.7477,12.8218,31,0,0,3687.25,36.0395,18,86,68.44,2.8,27.8431,32.549,264.093,14.2196,11.745,16.0157,1,8,0,0,16,74.1176,0,15.3303,6.4,0,176
5433,46464.800,14.2972,13.0922,12.6547,31,0,0,3655.75,36.0395,17.5,86,72.47,2.82,25.4902,32.549,247.166,14.2196,12.18,15.7811,1,8,0,0,15,75.6863,0,15.3303,7.168,0,176
5434,46464.840,13.7073,13.5516,12.6547,31,0,0,3661.25,36.0395,17,86,65.46,2.78,25.4902,31.3725,247.178,14.2196,12.325,15.7811,1,8,0,0,13,75.6863,0,15.3303,7.168,0,176
5435,46464.880,12.9492,13.5516,12.4868,31,0,0,3650.75,36.0395,17,86,64.05,2.78,27.0588,31.3725,258.407,14.2196,12.325,15.7351,1,8,0,0,12,75.6863,0,15.3306,7.168,0,176
5436,46464.920,12.2336,13.207,12.3434,31,0,0,3662.5,36.0395,17.5,86,66.18,2.8,28.6275,32.1569,269.62,14.2196,12.325,16.2421,1,8,0,0,10,73.7255,0,15.3306,7.168,0,176
5437,46464.960,12.0228,12.8625,12.3434,31,0,0,3622.5,36.0395,17,86,74.76,2.84,29.8039,33.7255,278.99,14.2196,12.615,16.2421,1,8,0,0,10,73.7255,0,15.3306,7.424,0,176
5438,46465.000,12.2336,12.518,11.9514,31,0,0,3632.5,36.0395,16.5,86,76.71,2.88,31.3725,35.6863,287.146,14.2196,13.05,16.7848,1,8,0,0,10,72.549,0,15.331,7.936,0,176
5439,46465.040,12.191,12.0586,11.9514,31,0,0,3668.5,36.0395,17,86,79.54,2.92,33.7255,38.0392,290.924,14.2196,13.63,16.7848,1,8,0,0,10,72.549,0,15.331,8.448,0,176
5440,46465.080,10.9281,11.8289,11.7097,31,0,0,3669.5,36.0395,17,86,81.31,2.94,35.2941,40,293.555,14.2196,14.21,17.2519,1,8,0,0,10,72.549,0,15.331,8.704,0,176
5441,46465.120,10.7173,11.4844,11.5657,31,0,0,3717.25,36.0395,17.5,86,83.33,2.96,35.2941,40.7843,293.526,14.2196,14.645,17.3891,1,8,0,0,10,72.1569,0,15.3312,8.96,0,176
5442,46465.160,10.7173,11.1398,11.5657,31,0,0,3720.75,36.0395,17.5,86,84.26,2.98,35.2941,40.7843,293.108,14.2196,14.79,17.3891,1,8,0,0,11,72.1569,0,15.3312,9.216,0,176
5443,46465.200,11.0113,11.1398,11.5835,31,0,0,3738.75,36.6609,18,86,84.89,3,36.0784,41.1765,294.568,14.2196,15.08,17.4215,1,8,0,0,12,71.7647,0,15.3312,9.216,0,176
5444,46465.240,11.0964,11.1398,11.6014,31,0,0,3730.75,36.6609,18,86,86.87,3.02,37.2549,41.9608,296.056,14.2196,15.37,17.5732,1,8,0,0,12,71.7647,0,15.3314,9.216,0,176
5445,46465.280,11.0964,11.1398,11.6014,31,0,0,3775.5,36.6609,18.5,86,88.04,3.04,38.0392,42.7451,297.556,14.2196,15.66,17.5732,1,8,0,0,13,71.7647,0,15.3314,9.472,0,176
5446,46465.320,11.3904,11.1398,11.6103,31,0,0,3789,36.6609,18,86,90.54,3.08,39.6078,43.5294,299.436,14.2196,15.805,17.8004,1,8,0,0,13,71.3726,0,15.3314,9.472,0,176
5447,46465.360,11.4329,11.1398,11.6103,31,0,0,3821.5,37.2823,18.5,86,97.42,3.1,39.6078,44.7059,299.395,14.2196,16.24,17.8004,1,8,0,0,14,71.3726,0,15.3314,9.728,0,176
5448,46465.400,11.7694,11.1398,11.588,31,0,0,3800.75,37.2823,18,86,101.54,3.12,38.0392,44.3137,297.423,14.2196,16.53,17.8139,1,8,0,0,15,71.3726,0,15.3305,9.984,0,176
5449,46465.440,11.812,11.1398,11.5657,31,0,0,3822.25,37.9036,18,86,102.71,3.12,38.0392,43.5294,297.011,14.2196,16.675,17.6757,1,8,0,0,15,71.3726,0,15.3305,10.24,0,176
5450,46465.480,12.0228,11.1398,11.5657,30,0,0,3843.5,37.9036,17.5,86,107.41,3.14,38.0392,43.1373,296.99,14.2196,16.965,17.6757,1,8,0,0,16,71.3726,0,15.3305,10.496,0,176
5451,46465.520,11.8545,11.1398,11.5613,30,0,0,3846,37.9036,17,86,111.09,3.16,38.0392,43.5294,297.349,14.2196,17.11,17.7151,1,8,0,0,17,70.9804,0,15.3308,10.496,0,176
5452,46465.560,11.8545,11.1398,11.5391,30,0,0,3877,37.9036,17.5,86,114.18,3.18,38.0392,43.5294,297.318,14.2196,17.4,17.7234,1,8,0,0,18,70.9804,0,15.3308,11.008,0,176
5453,46465.600,11.8971,11.1398,11.5391,30,0,0,3883.5,37.9036,16.5,86,119.88,3.22,38.0392,43.9216,297.276,14.2196,17.69,17.7234,1,8,0,0,19,70.9804,0,15.3308,11.264,0,176
5454,46465.640,11.9377,11.1398,11.4732,30,0,0,3912.75,37.9036,16.5,86,122.23,3.22,38.0392,43.9216,297.245,14.2196,17.98,17.7506,1,8,0,0,21,70.1961,0,15.3311,11.52,0,176
5455,46465.680,11.812,11.1398,11.4732,30,0,0,3906.75,38.525,16,86,123.57,3.26,38.0392,43.9216,296.813,14.2196,18.27,17.7506,1,8,0,0,21,70.1961,0,15.3311,11.776,0,176
5456,46465.720,11.4755,11.1398,11.447,30,0,0,3959.5,38.525,15.5,86,127.1,3.28,38.0392,43.9216,296.771,14.2196,18.56,17.7324,1,8,0,0,23,70.1961,0,15.3311,12.032,0,176
5457,46465.760,11.518,11.1398,11.4383,30,0,0,4001.25,39.1464,15.5,86,129.85,3.32,37.6471,43.5294,296.324,14.2196,18.85,17.7287,1,8,0,0,24,69.8039,0,15.3323,12.288,0,176
5458,46465.800,11.5586,11.1398,11.4383,30,0,0,3975.75,39.1464,15.5,86,134.09,3.34,38.0392,43.9216,296.662,14.2196,19.14,17.7287,1,8,0,0,24,69.8039,0,15.3323,12.544,0,176
5459,46465.840,11.3904,11.1398,11.3907,30,0,0,3987.5,39.7678,15,86,134.3,3.36,37.6471,43.9216,296.228,14.2196,19.575,17.7402,1,8,0,0,23,69.8039,0,15.3323,12.8,0,176
5460,46465.880,11.518,11.1398,11.3907,31,0,0,4043.5,39.7678,14.5,86,135.57,3.36,37.6471,43.9216,296.196,14.2196,19.865,17.7202,1,8,0,0,23,69.8039,0,15.3332,13.056,0,176
5461,46465.920,11.5586,11.1398,11.3907,31,0,0,4043.5,39.7678,14.5,86,139.43,3.42,38.0392,43.9216,296.939,14.2196,20.3,17.7202,1,8,0,0,23,69.8039,0,15.3332,13.056,0,176
5462,46465.960,11.3904,11.1398,11.3222,31,0,0,4070,39.7678,14.5,86,148.89,3.44,38.0392,44.3137,296.364,14.2196,20.735,17.7697,1,8,0,0,23,69.8039,0,15.3332,13.568,0,176
5463,46466.000,11.518,11.1398,11.3222,31,0,0,4079.75,40.3891,14.5,87.8,153.78,3.48,37.6471,44.3137,295.732,14.2196,21.17,17.7697,1,8,0,0,23,69.8039,0,15.3332,14.08,0,176
5464,46466.040,11.6863,11.1398,11.2376,31,0,0,4122.25,40.3891,14,87.8,158.67,3.5,38.0392,43.9216,295.974,14.2196,21.605,17.686,1,8,0,0,22,69.8039,0,15.3339,14.592,0,176
5465,46466.080,11.5586,11.1398,11.1792,31,0,0,4128.5,40.3891,13,87.8,165.37,3.54,38.0392,43.9216,296.214,14.2196,22.04,17.6944,1,8,0,0,22,69.8039,0,15.3339,15.104,0,176
5466,46466.120,11.3904,11.1398,11.1792,31,0,0,4166.75,40.3891,13,87.8,169.8,3.58,38.0392,44.7059,295.545,14.2196,22.475,17.6944,1,8,0,0,21,69.8039,0,15.3339,15.616,0,176
5467,46466.160,11.2646,11.1398,11.056,31,0,0,4211.75,41.0105,13.5,87.8,172.65,3.62,37.6471,44.3137,294.449,14.2196,22.91,17.6659,1,8,0,0,21,69.8039,0,15.3354,15.872,0,176
5468,46466.200,11.1795,11.1398,11.056,31,0,0,4233,41.0105,13,87.8,173.63,3.62,36.8627,43.9216,293.276,14.2196,23.345,17.5036,1,8,0,0,21,69.8039,0,15.3354,16.128,0,176
5469,46466.240,10.9281,11.1398,11.056,31,0,0,4250.75,41.6319,13,87.8,175.45,3.68,36.8627,43.9216,292.496,14.2196,23.78,17.5036,1,8,0,0,20,69.8039,0,15.3354,16.384,0,176
5470,46466.280,11.0964,11.1398,11.0277,31,0,0,4240.25,41.6319,12.5,87.8,178.2,3.68,35.2941,43.1373,289.213,14.2196,24.215,17.2838,1,8,0,0,19,69.8039,0,14.7345,16.64,0,176
5471,46466.320,11.2221,11.1398,11.0277,31,0,0,4269.75,42.2532,12,87.8,178.34,3.72,33.3333,41.5686,285.225,14.2196,24.65,17.2838,1,8,0,0,19,69.8039,0,14.7345,16.64,0,176
5472,46466.360,11.0538,11.1398,11.0156,31,0,0,4321.25,42.2532,12,87.8,179.59,3.72,32.9412,40,283.619,14.2196,24.505,16.8594,1,8,0,0,18,69.8039,0,13.8642,16.64,0,176
5473,46466.400,11.2646,11.1398,11.056,31,0,0,4351.75,42.8746,11.5,87.8,187.62,3.76,32.9412,40,282.941,14.2196,24.795,16.7528,1,8,0,0,18,69.8039,0,13.7415,16.64,0,176
5474,46466.440,11.1795,11.1398,11.056,31,0,0,4388.75,42.8746,12.5,87.8,193.74,3.78,32.1569,40,280.641,14.2196,25.085,16.7528,1,8,0,0,16,69.8039,0,13.7415,17.152,0,176
5475,46466.480,11.2221,11.1398,10.9594,31,0,0,4417,43.496,12,87.8,193.19,3.8,30.5882,39.6078,272.679,14.2196,25.52,16.496,1,8,0,0,16,69.8039,0,12.9377,17.408,0,176
5476,46466.520,11.2221,11.1398,10.9356,31,0,0,4452,43.496,12,87.8,197.08,3.8,29.4118,38.4314,264.032,14.2196,25.665,16.1171,1,8,0,0,14,71.3726,0,12.1452,17.664,0,176
5477,46466.560,11.2646,11.1398,10.9356,31,0,0,4473.5,44.1174,12,87.8,197.64,3.82,29.0196,37.2549,261.294,14.2196,25.52,16.1171,1,8,0,0,14,71.3726,0,12.1452,17.664,0,176
5478,46466.600,11.1795,11.1398,10.9754,31,0,0,4489,44.1174,12,87.8,199.86,3.76,27.8431,36.4706,250.596,14.2196,25.52,15.886,1,8,0,0,13,72.1569,0,11.9958,17.664,0,176
5479,46466.640,11.1795,11.1398,10.9754,31,0,0,4523.75,44.1174,12,87.8,196.52,3.76,27.8431,35.6863,249.969,14.2196,25.375,15.886,1,8,0,0,12,72.1569,0,11.9958,17.408,0,176
5480,46466.680,11.1389,11.1398,11.056,31,0,0,4553.75,44.1174,12,87.8,199.86,3.8,28.2353,35.6863,250.552,14.2196,25.52,15.7389,1,8,0,0,12,72.549,0,12.007,17.408,0,176
5481,46466.720,10.8856,11.1398,11.0398,31,0,0,4599.25,44.7387,12,87.8,205.43,3.84,27.451,36.0784,245.126,14.2196,25.81,15.6838,1,8,0,0,11,72.549,0,11.7257,17.664,0,176
5482,46466.760,10.9687,11.1398,11.0398,31,0,0,4618.25,44.7387,12,87.8,208.47,3.84,26.2745,36.0784,234.368,14.2196,26.1,15.6838,1,8,0,0,11,72.549,0,11.7257,17.664,0,176
5483,46466.800,11.0538,11.1398,11.0075,31,0,0,4590.25,45.3601,12,87.8,205.43,3.82,25.4902,35.2941,227.92,14.2196,25.955,15.5132,1,8,0,0,10,74.5098,0,11.1874,17.664,0,176
5484,46466.840,11.0538,11.1398,11.1009,31,0,0,4614.25,45.3601,12.5,87.8,200.42,3.82,24.3137,33.7255,214.764,14.2196,25.665,15.5132,1,8,0,0,9,74.902,0,11.4739,17.408,0,176
5485,46466.880,10.7579,11.1398,11.1009,31,0,0,4652.5,45.9815,12.5,87.8,194.85,3.76,23.1373,32.549,199.234,14.2196,25.375,15.5132,1,10,0,0,9,74.902,0,11.4739,16.896,0,176
5486,46466.920,10.6748,11.1398,11.284,31,0,0,4705,45.9815,13,87.8,192.07,3.74,23.1373,31.7647,197.779,14.2196,24.795,14.9,1,10,0,0,8,74.5098,0,11.5028,16.128,0,176
5487,46466.960,10.5897,11.1398,11.284,31,0,0,4677.5,46.6028,13.5,87.8,192.07,3.76,23.1373,31.7647,200.651,14.2196,24.215,14.9,1,10,0,0,8,74.5098,0,11.5028,15.872,0,176
5488,46467.000,10.17,11.1398,11.447,31,0,0,4756.5,46.6028,14,87.8,189.29,3.76,23.1373,32.549,200.347,14.2196,24.07,15.5133,1,10,0,0,7,74.5098,0,13.0215,15.616,0,176
5489,46467.040,10.2106,11.1398,11.4557,31,0,0,4793.5,46.6028,14,87.8,195.41,3.78,23.1373,32.549,199.377,14.2196,24.07,15.1523,1,10,0,0,7,74.1176,0,12.6926,15.616,0,176
5490,46467.080,10.5897,11.1398,11.4557,31,0,0,4810.75,46.6028,14,87.8,189.29,3.78,23.5294,32.549,201.501,14.2196,24.07,15.1523,1,10,0,0,7,74.1176,0,12.6926,15.36,0,176
5491,46467.120,10.5897,11.1398,11.4819,31,0,0,4800.5,47.2242,14,87.8,191.52,3.78,23.5294,32.9412,200.671,14.2196,24.215,15.5134,1,10,0,0,6,74.1176,0,13.1022,15.36,0,176
5492,46467.160,10.7579,11.1398,11.4514,32,0,0,4822.5,47.2242,14,87.8,196.52,3.8,23.9216,32.9412,202.629,14.2196,24.215,15.5134,1,10,0,0,6,74.1176,0,12.9536,15.36,0,176
5493,46467.200,10.6748,11.1398,11.4514,32,0,0,4885.5,47.8456,14.5,87.8,195.41,3.78,23.9216,32.9412,202.208,14.2196,24.215,15.5134,1,10,0,0,5,74.1176,0,12.9536,15.36,0,176
5494,46467.240,10.8005,11.1398,11.4383,32,0,0,4910,47.8456,14.5,87.8,198.19,3.8,23.9216,32.9412,203.917,14.2196,24.215,15.5135,1,10,0,0,5,73.7255,0,12.9193,15.36,0,176
5495,46467.280,10.5897,11.1398,11.4383,32,0,0,4908.75,48.467,14.5,87.8,205.94,3.84,24.3137,33.7255,204.904,14.2196,24.36,15.5135,1,10,0,0,5,73.7255,0,12.9193,15.616,0,176
5496,46467.320,10.8005,11.1398,11.4166,32,0,0,4952.25,48.467,14.5,87.8,197.64,3.82,23.5294,33.3333,195.411,14.2196,24.505,15.5135,1,10,0,0,4,73.7255,0,12.7706,15.616,0,176
5497,46467.360,10.8856,11.1398,11.3993,32,0,0,4982.5,49.0883,14.5,87.8,200.42,3.8,22.3529,32.9412,182.763,14.2196,24.36,13.3283,1,10,0,0,4,73.7255,0,10.6499,15.616,0,176
5498,46467.400,10.6322,11.1398,11.3993,32,0,0,4942.25,49.0883,14.5,87.8,190.4,3.76,22.3529,31.7647,183.667,14.2196,24.07,13.3283,1,10,0,0,5,73.7255,0,10.6499,15.36,0,176
5499,46467.440,10.4214,11.1398,11.5569,32,0,0,4953.5,49.0883,15,87.8,188.18,3.78,22.7451,31.7647,186.786,14.2196,23.635,12.5062,1,10,0,0,4,73.7255,0,10.3552,14.592,0,176
5500,46467.480,10.464,11.1398,11.76,32,0,0,5040.75,49.0883,15.5,87.8,188.73,3.72,22.3529,31.3725,182.819,14.2196,23.345,12.9575,1,10,0,0,4,73.3333,0,11.3887,14.336,0,176
5501,46467.520,10.9281,11.1398,11.76,32,0,0,5080,49.7097,15.5,87.8,184.28,3.74,23.1373,31.3725,184.589,14.2196,22.91,12.9575,1,10,0,0,4,73.3333,0,11.3887,13.824,0,176
5502,46467.560,10.6748,11.1398,11.8015,32,0,0,5117.75,49.7097,16,87.8,182.05,3.72,23.1373,31.7647,184.207,14.2196,22.765,14.5695,1,10,0,0,4,72.9412,0,13.4496,13.824,0,176
5503,46467.600,10.8005,11.1398,11.8015,32,0,0,5076.25,50.3311,16,87.8,185.39,3.74,21.5686,31.3725,170.989,14.2196,22.62,14.5695,1,10,0,0,4,72.9412,0,13.4496,13.824,0,176
5504,46467.640,10.9687,11.1398,11.6915,32,0,0,5087.75,50.3311,16,87.8,176.01,3.66,20.7843,30.1961,158.606,14.2196,22.33,12.8202,1,10,0,0,4,73.3333,0,11.9581,13.568,0,176
5505,46467.680,10.843,11.1398,12.1101,32,0,0,5144.75,50.9524,16.5,87.8,172.65,3.64,21.5686,29.4118,170.125,14.2196,21.315,13.6025,1,10,0,0,4,72.9412,0,13.6252,12.8,0,176
5506,46467.720,10.7173,11.1398,12.1101,32,0,0,5142.75,50.9524,16.5,87.8,173.22,3.62,21.9608,29.8039,171.237,14.2196,20.445,13.6025,1,10,0,0,4,72.9412,0,13.6252,12.544,0,176
5507,46467.760,10.7173,11.1398,12.1737,32,0,0,5196.75,50.9524,17,87.8,170.26,3.58,21.5686,30.1961,165.906,14.2196,20.01,13.6875,1,10,0,0,4,72.9412,0,14.9318,12.544,0,176
5508,46467.800,11.0964,11.1398,12.0134,32,0,0,5177.25,50.9524,17,87.8,163.84,3.5,20.7843,29.4118,159.147,14.2196,19.575,12.4108,1,10,0,0,4,72.9412,0,14.2879,12.288,0,176
5509,46467.840,10.5897,11.1398,12.0134,32,0,0,5211.25,51.5738,17.5,87.8,159.76,3.5,21.1765,29.4118,160.911,14.2196,18.85,12.4108,1,10,0,0,4,72.9412,0,14.2879,11.776,0,176
5510,46467.880,10.5065,11.1398,12.1737,32,0,0,5220,51.5738,17.5,87.8,154.87,3.5,21.1765,29.4118,162.416,14.2196,18.415,12.9053,1,10,0,0,4,72.9412,0,15.3438,11.52,0,176
5511,46467.920,10.5065,11.1398,12.1737,32,0,0,5197.75,51.5738,18,87.8,148.89,3.46,21.1765,29.4118,159.96,14.2196,17.98,12.9053,1,10,0,0,4,72.9412,0,15.3438,11.008,0,176
5512,46467.960,10.6748,11.1398,12.1198,32,0,0,5273.5,51.5738,18,87.8,151.06,3.46,21.1765,29.4118,159.718,14.2196,17.69,12.4911,1,10,0,0,4,72.549,0,15.3438,11.008,0,176
5513,46468.000,10.6748,11.1398,12.0471,32,0,0,5299.5,51.5738,18.5,87.8,151.06,3.48,20.7843,29.4118,151.598,14.2196,17.4,11.5605,1,10,0,0,4,62.7451,0,0,10.752,0,176
5514,46468.040,10.5897,11.1398,12.0471,32,0,0,5286,51.5738,18.5,87.8,138.88,3.44,11.7647,29.0196,128.709,14.2196,16.965,11.5605,1,10,0,0,4,62.7451,0,0,10.496,0,176
5515,46468.080,10.6322,11.1398,12.1247,32,0,0,5234.75,52.1952,18.5,87.8,132.61,3.34,0,27.451,105.913,14.2196,16.24,1.10035,1,10,0,0,4,62.7451,0,0,9.728,0,176
5516,46468.120,10.5065,11.1398,13.2158,32,0,0,5275.75,52.1952,19,87.8,125.54,3.24,0,26.2745,83.3703,14.2196,14.935,-5.16507,1,10,0,0,4,0,0,0,8.96,0,176
5517,46468.160,11.1795,11.1398,13.2158,32,0,0,5296.5,52.1952,19.5,87.8,113.17,3.12,0,24.3137,60.5825,14.2196,13.63,-5.16507,1,10,0,0,4,0,0,0,8.704,0,176
5518,46468.200,11.0113,11.1398,12.6176,32,0,0,5215.75,52.1952,19.5,87.8,79.8,2.88,0,22.7451,37.6377,14.2196,11.89,-6.62732,1,10,0,0,3,0,0,0,0,0,176
5519,46468.240,11.1389,11.1398,12.6176,32,0,0,5176.5,52.1952,19.5,87.8,59.08,2.68,0,20,15.7335,14.2196,10.44,-6.62732,1,10,0,0,2,0,0,0,0,0,176
5520,46468.280,11.0964,11.1398,13.7594,32,0,0,5169,52.1952,20,87.8,42.54,2.42,0,15.2941,0,14.2196,8.265,-8.04566,1,10,0,0,2,0,0,0,0,0,176
5521,46468.320,11.5586,11.1398,16.6605,32,0,0,5098.25,52.1952,21.5,87.8,22.92,2.08,0,12.9412,0,14.2196,6.525,-8.50202,1,10,0,0,1,0,0,0,0,0,176
5522,46468.360,12.5275,11.2547,16.6605,32,0,0,5173.25,52.1952,24.5,87.8,18.11,1.92,0,12.549,0,14.2196,5.22,-8.50202,1,10,0,0,1,0,0,0,0,0,176
5523,46468.400,13.4559,11.5992,15.6393,32,0,-.78125,5272.75,51.5738,24,87.8,14.31,1.82,0,12.549,0,14.2196,4.495,-8.50199,1,10,0,0,1,0,0,0,0,0,176
5524,46468.440,15.4363,11.9437,14.2748,32,0,-.78125,5282.75,51.5738,23.5,87.8,13.87,1.8,0,12.549,0,14.2196,4.205,-8.50195,1,10,0,0,2,0,0,0,0,0,176
5525,46468.480,17.7532,12.2883,14.2748,32,0,-.78125,5153.25,51.5738,22.5,87.8,12.98,1.78,0,12.549,0,14.2196,4.06,-8.50195,1,10,0,0,2,0,0,0,0,0,176
5526,46468.520,20.4918,12.6328,14.2748,32,0,-.78125,5096.5,51.5738,21.5,87.8,14.31,1.82,0,12.549,0,14.2196,3.915,-8.50191,1,10,0,0,2,0,0,0,0,0,176
5527,46468.560,20.1127,12.9773,14.2748,31,0,-.78125,5045.5,50.9524,21,87.8,14.31,1.8,0,12.549,0,14.2196,3.77,-8.50191,1,10,0,0,2,0,0,0,0,0,176
5528,46468.600,20.2384,13.4367,14.2748,31,0,-.78125,5082.25,50.9524,20,87.8,14.48,1.82,0,12.549,0,14.2196,3.77,-8.50188,1,10,0,0,1,0,0,0,0,0,176
5529,46468.640,20.4067,13.8961,14.2748,31,0,-.78125,5135.25,50.3311,20,87.8,14.74,1.84,0,12.549,0,14.2196,3.625,-8.50184,1,10,0,0,2,0,0,0,0,0,176
5530,46468.680,20.366,14.2406,14.2748,31,0,-.78125,5059.75,50.3311,20,87.8,14.99,1.84,0,12.549,0,14.2196,3.625,-8.50184,1,10,0,0,2,0,0,0,0,0,176
5531,46468.720,20.4492,14.8148,14.2748,31,0,-.78125,5036.25,50.3311,20,87.8,14.99,1.84,0,12.549,0,14.2196,3.48,-8.50181,1,10,0,0,2,0,0,0,0,0,176
5532,46468.760,20.4492,15.7336,12.4558,31,0,-.78125,5017.25,50.3311,20,87.8,15.67,1.86,0,12.549,0,14.2196,3.48,-8.50177,1,10,0,0,2,0,0,0,0,0,176
5533,46468.800,20.4918,16.7672,12.4558,31,0,-.78125,5041.5,49.7097,20,87.8,14.99,1.84,0,12.549,0,14.2196,3.48,-8.50177,1,10,0,0,2,0,0,0,0,0,176
5534,46468.840,20.4492,17.6859,12.4558,31,0,-.78125,5061.5,49.7097,20,87.8,15.25,1.84,0,12.549,0,14.2196,3.48,-8.50173,1,10,0,0,2,0,0,0,0,0,176
5535,46468.880,20.4492,18.8344,12.4558,31,0,-.78125,5050,49.7097,20,87.8,15.08,1.84,0,12.549,0,14.2196,3.335,-8.50173,1,10,0,0,2,0,0,0,0,0,176
5536,46468.920,20.4492,20.2125,12.4558,31,0,-.78125,4972.75,49.7097,20,87.8,15.75,1.86,0,12.549,0,14.2196,3.335,-8.5017,1,10,0,0,2,0,0,0,0,0,176
5537,46468.960,20.366,20.3273,12.4558,31,0,-.78125,4969.5,49.0883,20,87.8,15.83,1.86,0,12.549,0,14.2196,3.335,-8.50166,1,10,0,0,2,0,0,0,0,0,176
5538,46469.000,20.4918,20.3273,12.4558,31,0,-.78125,4956.5,49.0883,20,87.8,15.51,1.84,0,12.549,0,14.2196,3.335,-8.50166,1,10,0,0,1,0,0,0,0,0,176
5539,46469.040,20.4918,20.3273,12.4558,31,0,-.78125,4922.25,49.0883,20,87.8,15.91,1.86,0,12.549,0,14.2196,3.335,-8.50163,1,10,0,0,2,0,0,0,0,0,176
5540,46469.080,20.4067,20.3273,12.4558,30,0,-.78125,4907,49.0883,20,87.8,15.17,1.84,0,12.549,0,14.2196,3.19,-8.50159,1,10,0,0,2,0,0,0,0,0,176
5541,46469.120,20.366,20.3273,12.4558,30,0,-.78125,4892.75,48.467,20,87.8,15.34,1.84,0,12.549,0,14.2196,3.19,-8.50159,1,10,0,0,2,0,0,0,0,0,176
5542,46469.160,20.4067,20.3273,12.4558,30,0,-.78125,4842.5,48.467,20,87.8,15.42,1.84,0,12.549,0,14.2196,3.19,-8.50156,1,10,0,0,2,0,0,0,0,0,176
5543,46469.200,20.3235,20.3273,12.4558,30,0,-.78125,4763.25,47.2242,20,87.8,15.34,1.84,0,12.549,0,14.2196,3.19,-8.50156,1,10,0,0,1,0,0,0,0,0,176
5544,46469.240,19.8593,20.3273,12.4558,30,0,-.78125,4756.5,47.2242,20,87.8,15.59,1.86,0,12.549,0,14.2196,3.19,-8.50153,1,10,0,0,2,0,0,0,0,0,176
5545,46469.280,19.9019,20.3273,12.4558,30,0,-.78125,4726,46.6028,20,87.8,15.42,1.84,0,12.549,0,14.2196,3.19,-8.5015,1,10,0,0,2,0,0,0,0,0,176
5546,46469.320,19.8168,20.3273,12.4558,30,0,-.78125,4696.75,46.6028,20,87.8,14.74,1.82,0,12.1569,0,14.2196,3.19,-8.5015,1,10,0,0,1,0,0,0,0,0,176
5547,46469.360,19.7762,20.3273,12.4558,30,0,-.78125,4662.25,46.6028,20,87.8,14.74,1.82,0,12.1569,0,14.2196,3.045,-8.50146,1,10,0,0,2,0,0,0,0,0,176
5548,46469.400,19.9019,20.3273,12.4558,30,0,-.78125,4627.75,46.6028,20,87.8,14.31,1.8,0,12.1569,0,14.2196,3.045,-8.50143,1,10,0,0,2,0,0,0,0,0,176
5549,46469.440,19.8593,20.3273,12.4558,30,0,-.78125,4600.25,45.3601,20,87.8,14.22,1.8,0,12.1569,0,14.2196,3.045,-8.50143,1,10,0,0,2,0,0,0,0,0,176
5550,46469.480,19.9444,20.3273,12.4558,30,0,-.78125,4578.5,45.3601,20,87.8,14.48,1.82,0,12.1569,0,14.2196,3.045,-8.5014,1,10,0,0,2,0,0,0,0,0,176
5551,46469.520,19.9019,20.3273,12.4558,30,0,-.78125,4551.75,44.7387,20,87.8,14.05,1.8,0,11.7647,0,14.2196,3.045,-8.5014,1,10,0,0,2,0,0,0,0,0,176
5552,46469.560,19.9019,20.3273,12.4609,30,0,-.78125,4512.5,44.7387,20,87.8,14.13,1.8,0,11.7647,0,14.2196,3.045,-8.5013,1,10,0,0,2,0,0,0,0,0,176
5553,46469.600,19.9444,20.3273,12.4971,29,0,-.78125,4457.75,44.1174,20,87.8,13.42,1.8,0,11.7647,0,14.2196,3.045,-8.50127,1,10,0,0,2,0,0,0,0,0,176
5554,46469.640,19.7336,20.3273,12.4971,29,0,-.78125,4396,44.1174,20,87.8,13.51,1.8,0,11.7647,0,14.2196,2.9,-8.50127,1,10,0,0,2,0,0,0,0,0,176
5555,46469.680,19.9019,20.3273,12.5283,29,0,-.78125,4342.75,43.496,20,87.8,12.98,1.78,0,11.7647,0,14.2196,2.9,-8.50124,1,10,0,0,2,0,0,0,0,0,176
5556,46469.720,19.8168,20.3273,12.5754,29,0,-.78125,4301,43.496,20,87.8,13.07,1.78,0,11.3725,0,14.2196,2.9,-8.50121,1,10,0,0,2,0,0,0,0,0,176
5557,46469.760,19.9019,20.3273,12.5754,29,0,-.78125,4248.5,42.2532,20,87.8,12.53,1.76,0,11.3725,0,14.2196,2.9,-8.50121,1,10,0,0,2,0,0,0,0,0,176
5558,46469.800,19.7336,20.3273,12.5912,29,0,-.78125,4208.25,42.2532,20,87.8,12.09,1.76,0,10.9804,0,14.2196,2.9,-8.50118,1,10,0,0,2,0,0,0,0,0,176
5559,46469.840,19.8168,20.3273,12.5912,29,0,-.78125,4161,41.6319,20,87.8,12.18,1.76,0,10.9804,0,14.2196,2.9,-8.50118,1,10,0,0,2,0,0,0,0,0,176
5560,46469.880,19.7762,20.3273,12.6176,29,0,-.78125,4143.75,41.6319,20,87.8,12.09,1.76,0,10.9804,0,14.2196,2.9,-8.50115,1,10,0,0,2,0,0,0,0,0,176
5561,46469.920,19.8168,20.3273,12.6176,29,0,-.78125,4107.25,41.0105,20,87.8,11.78,1.74,0,10.9804,0,14.2196,2.9,-8.50112,1,10,0,0,2,0,0,0,0,0,176
5562,46469.960,19.8168,20.3273,12.6176,29,0,-.78125,4055.5,41.0105,20,87.8,11.72,1.72,0,10.5882,0,14.2196,2.9,-8.50112,1,10,0,0,2,0,0,0,0,0,176
5563,46470.000,19.7762,20.3273,12.6176,29,0,-.78125,4006.5,39.7678,20,87.8,11.53,1.72,0,10.5882,0,14.2196,2.9,-8.50109,1,10,0,0,2,0,0,0,0,0,176
5564,46470.040,19.9444,20.3273,12.6176,29,0,-.78125,3987,39.7678,20,87.8,11.41,1.7,0,10.1961,0,14.2196,2.9,-8.50106,1,10,0,0,2,0,0,0,0,0,176
5565,46470.080,19.7762,20.3273,12.6176,29,0,-.78125,3925,39.1464,20,87.8,11.32,1.7,0,10.1961,0,14.2196,2.9,-8.50106,1,10,0,0,2,0,0,0,0,0,176
5566,46470.120,19.8593,20.3273,12.6176,29,0,-.78125,3905.25,39.1464,20,87.8,11.41,1.7,0,10.1961,0,14.2196,2.9,-8.50103,1,10,0,0,2,0,0,0,0,0,176
5567,46470.160,19.8168,20.3273,12.6176,29,0,-.78125,3840,37.9036,20,87.8,11.17,1.68,0,9.80392,0,14.2196,2.9,-8.50103,1,10,0,0,2,0,0,0,0,0,176
5568,46470.200,19.7762,20.3273,12.6176,29,0,-.78125,3780,37.9036,20,87.8,10.86,1.68,0,9.80392,0,14.2196,2.9,-8.50093,1,10,0,0,2,0,0,0,0,0,176
5569,46470.240,20.4492,20.3273,12.6176,29,0,-.78125,3745.5,37.2823,20,87.8,10.71,1.66,0,9.80392,0,14.2196,2.9,-8.50084,1,10,0,0,2,0,0,0,0,0,176
5570,46470.280,20.6175,20.3273,12.6176,29,0,-.78125,3708,37.2823,20,87.8,10.5,1.66,0,9.41177,0,14.2196,2.9,-8.50084,1,10,0,0,2,0,0,0,0,0,176
5571,46470.320,20.4492,20.3273,12.6176,29,0,-.78125,3650.25,36.6609,20,87.8,9.95,1.64,0,9.41177,0,14.2196,2.9,-8.50075,1,10,0,0,2,0,0,0,0,0,176
5572,46470.360,20.4492,20.3273,12.6176,29,0,-.78125,3640,36.6609,20,87.8,9.77,1.62,0,9.41177,0,14.2196,2.9,-8.50066,1,10,0,0,1,0,0,0,0,0,176
5573,46470.400,20.281,20.3273,12.6176,29,0,-.78125,3587.25,36.0395,20,87.8,9.7,1.62,0,9.01961,0,14.2196,2.9,-8.50066,1,10,0,0,1,0,0,0,0,0,176
5574,46470.440,20.3235,20.3273,12.6176,29,0,-.78125,3574,36.0395,20,87.8,9.6,1.6,0,9.01961,0,14.2196,2.9,-8.50058,1,10,0,0,2,0,0,0,0,0,176
5575,46470.480,20.5343,20.3273,12.6176,29,0,-.78125,3527.5,35.4182,20,87.8,9.42,1.6,0,9.01961,0,14.2196,2.9,-8.50058,1,10,0,0,2,0,0,0,0,0,176
5576,46470.520,20.5343,20.3273,12.6176,29,0,-.78125,3506.25,35.4182,20,87.8,9.53,1.62,0,9.01961,0,14.2196,2.9,-8.50055,1,10,0,0,2,0,0,0,0,0,176
5577,46470.560,20.366,20.3273,12.6176,29,0,-.78125,3497.5,34.7968,20,87.8,9.39,1.6,0,8.62745,0,14.2196,2.9,-8.50052,1,10,0,0,1,0,0,0,0,0,176
5578,46470.600,20.5749,20.3273,12.6176,29,0,-.78125,3447,34.7968,20,87.8,9.28,1.6,0,8.62745,0,14.2196,2.9,-8.50052,1,10,0,0,1,0,0,0,0,0,176
5579,46470.640,20.281,20.3273,12.6176,29,0,-.78125,3422.75,34.1754,20,87.8,9.28,1.58,0,8.23529,0,14.2196,2.9,-8.5005,1,10,0,0,1,0,0,0,0,0,176
5580,46470.680,20.4492,20.3273,12.6176,29,0,-.78125,3408.25,34.1754,20,87.8,8.56,1.56,0,8.23529,0,14.2196,2.9,-8.50047,1,10,0,0,1,0,0,0,0,0,176
5581,46470.720,20.281,20.3273,12.6176,29,0,-.78125,3381.5,33.554,20,87.8,8.56,1.56,0,8.23529,0,14.2196,2.9,-8.50047,1,10,0,0,1,0,0,0,0,0,176
5582,46470.760,20.5343,20.3273,12.6176,29,0,-.78125,3332.25,33.554,20,87.8,8.37,1.56,0,8.23529,0,14.2196,2.9,-8.50039,1,10,0,0,1,0,0,0,0,0,176
5583,46470.800,19.9019,20.3273,12.6176,29,0,-.78125,3309.5,32.9327,20,87.8,8.43,1.56,0,8.23529,0,14.2196,2.9,-8.50039,1,10,0,0,1,0,0,0,0,0,176
5584,46470.840,19.9444,20.3273,12.6282,29,0,-.78125,3284.75,32.9327,20,87.8,8.43,1.56,0,8.23529,0,14.2196,3.045,-8.5003,1,10,0,0,1,0,0,0,0,0,176
5585,46470.880,19.9019,20.3273,12.6335,29,0,-.78125,3269.5,32.3113,20,87.8,8.37,1.56,0,8.23529,0,14.2196,3.045,-8.50028,1,10,0,0,1,0,0,0,0,0,176
5586,46470.920,19.8593,20.3273,12.6335,29,0,-.78125,3243.5,32.3113,20,87.8,8.31,1.56,0,7.84314,0,14.2196,3.045,-8.50028,1,10,0,0,1,0,0,0,0,0,176
5587,46470.960,19.9019,20.3273,12.6388,29,0,-.78125,3221.75,31.6899,20,87.8,8.43,1.56,0,7.84314,0,14.2196,3.045,-8.50019,1,10,0,0,1,0,0,0,0,0,176
5588,46471.000,19.9851,20.3273,12.6441,29,0,-.78125,3186,31.6899,20,87.8,8.56,1.56,0,7.84314,0,14.2196,3.045,-8.5001,1,10,0,0,1,0,0,0,0,0,176
5589,46471.040,19.8168,20.3273,12.6441,29,0,-.78125,3169.5,31.6899,20,87.8,8.43,1.56,0,7.84314,0,14.2196,3.045,-8.5001,1,10,0,0,1,0,0,0,0,0,176
5590,46471.080,19.8168,20.3273,12.6441,29,0,-.78125,3149,31.6899,20,87.8,8.31,1.56,0,7.84314,0,14.2196,3.045,-8.59604,1,10,0,0,1,0,0,0,0,0,176
5591,46471.120,19.8593,20.3273,12.6441,28,0,-.78125,3131,31.0686,20,87.8,8.25,1.54,0,7.84314,0,14.2196,3.045,-8.59604,1,10,0,0,1,0,0,0,0,0,176
5592,46471.160,19.8593,20.3273,12.6494,28,0,-.78125,3110.5,31.0686,20,87.8,8.12,1.54,0,7.84314,0,14.2196,3.045,-8.64254,1,10,0,0,1,0,0,0,0,0,176
5593,46471.200,20.3235,20.3273,12.6494,28,0,-.78125,3102.5,30.4472,20,87.8,8.18,1.56,0,7.84314,0,14.2196,3.045,-8.72236,1,10,0,0,1,0,0,0,0,0,176
5594,46471.240,20.366,20.3273,12.6494,28,0,-.78125,3087.25,30.4472,20,87.8,8.1,1.54,0,7.84314,0,14.2196,3.045,-8.72236,1,10,0,0,1,0,0,0,0,0,176
5595,46471.280,20.4918,20.3273,12.6547,28,0,-.78125,3075.25,30.4472,20,87.8,8.16,1.54,0,7.84314,0,14.2196,3.045,-8.82325,1,10,0,0,1,0,0,0,0,0,176
5596,46471.320,19.8168,20.3273,12.6547,28,0,-.78125,3066.25,30.4472,20,87.8,8.1,1.54,0,7.84314,0,14.2196,3.045,-8.82968,1,10,0,0,1,0,0,0,0,0,176
5597,46471.360,19.8168,20.3273,12.6547,28,0,-.78125,3051.25,30.4472,20,87.8,8.1,1.54,0,7.84314,0,14.2196,3.045,-8.82968,1,10,0,0,1,0,0,0,0,0,176
5598,46471.400,19.8168,20.3273,12.6547,28,0,-.78125,3038.25,30.4472,20,87.8,8.05,1.54,0,7.84314,0,14.2196,3.045,-8.8833,1,10,0,0,1,0,0,0,0,0,176
5599,46471.440,19.8593,20.3273,12.6547,28,0,-.78125,3025.25,29.8258,20,87.8,8,1.54,0,7.84314,0,14.2196,3.045,-8.8833,1,10,0,0,1,0,0,0,0,0,176
5600,46471.480,19.7336,20.3273,12.6547,28,0,-.78125,3012.75,29.8258,20,87.8,8.02,1.54,0,7.84314,0,14.2196,3.045,-8.93053,1,10,0,0,1,0,0,0,0,0,176
5601,46471.520,19.7336,20.3273,12.6601,28,0,-.78125,2995.25,29.8258,20,87.8,7.98,1.54,0,7.84314,0,14.2196,3.045,-9.03025,1,10,0,0,1,0,0,0,0,0,176
5602,46471.560,19.8593,20.3273,12.6601,28,0,-.78125,2978.25,29.8258,20,87.8,8,1.54,0,7.84314,0,14.2196,3.045,-9.03025,1,10,0,0,1,0,0,0,0,0,176
5603,46471.600,19.7762,20.3273,12.6601,28,0,-.78125,2962.75,29.2044,20,87.8,8.02,1.54,0,7.84314,0,14.2196,3.045,-9.09074,1,10,0,0,1,0,0,0,0,0,176
5604,46471.640,19.9444,20.3273,12.6601,28,0,-.78125,2950.75,29.2044,20,87.8,8.05,1.54,0,7.84314,0,14.2196,3.045,-9.1422,1,10,0,0,1,0,0,0,0,0,176
5605,46471.680,19.8168,20.3273,12.6601,28,0,-.78125,2939.75,29.2044,20,87.8,8.16,1.54,0,7.84314,0,14.2196,3.045,-9.1422,1,10,0,0,1,0,0,0,0,0,176
5606,46471.720,19.6911,20.3273,12.6601,28,0,-.78125,2931,29.2044,20,87.8,7.98,1.54,0,7.45098,0,14.2196,3.045,-9.15081,1,10,0,0,1,0,0,0,0,0,176
5607,46471.760,19.6485,20.3273,12.6601,28,0,-.78125,2924.25,28.5831,20,87.8,7.98,1.52,0,7.45098,0,14.2196,3.045,-9.15081,1,10,0,0,1,0,0,0,0,0,176
5608,46471.800,19.6911,20.3273,12.6601,28,0,-.78125,2905.5,28.5831,20,87.8,8.02,1.52,0,7.45098,0,14.2196,3.045,-9.17895,1,10,0,0,1,0,0,0,0,0,176
5609,46471.840,19.7336,20.3273,12.6654,28,0,-.78125,2894.75,28.5831,20,87.8,7.98,1.52,0,7.45098,0,14.2196,3.045,-9.20903,1,10,0,0,1,0,0,0,0,0,176
5610,46471.880,19.8593,20.3273,12.6654,29,0,-.78125,2878.75,28.5831,20,87.8,7.94,1.52,0,7.45098,0,14.2196,3.045,-9.20903,1,10,0,0,1,0,0,0,0,0,176
5611,46471.920,19.9444,20.3273,12.6654,29,0,-.78125,2862,28.5831,20,87.8,7.96,1.52,0,7.45098,0,14.2196,3.045,-9.26645,1,10,0,0,1,0,0,0,0,0,176
5612,46471.960,20.0701,20.3273,12.6654,29,0,-.78125,2839.5,28.5831,20,87.8,8.02,1.52,0,7.45098,0,14.2196,3.045,-9.33944,1,10,0,0,1,0,0,0,0,0,176
5613,46472.000,19.7336,20.3273,12.6654,29,0,-.78125,2816,27.9617,20,87.8,7.98,1.52,0,7.45098,0,14.2196,3.045,-9.33944,1,10,0,0,1,0,0,0,0,0,176
5614,46472.040,20.0276,20.3273,12.6707,29,0,-.78125,2817.25,27.9617,20,87.8,8,1.52,0,7.45098,0,14.2196,3.045,-9.42442,1,10,0,0,1,0,0,0,0,0,176
5615,46472.080,19.9851,20.3273,12.6707,29,0,-.78125,2809.25,27.9617,20,87.8,7.98,1.54,0,8.23529,0,14.2196,3.045,-9.42442,1,10,0,0,1,0,0,0,0,0,176
5616,46472.120,19.8593,20.3273,12.6707,29,0,-.78125,2810.5,27.9617,20,87.8,8.49,1.56,0,8.62745,0,14.2196,3.045,-9.46178,1,10,0,0,1,0,0,0,0,0,176
5617,46472.160,19.8593,20.3273,12.6707,29,0,-.78125,2807.5,27.3403,20,87.8,9.05,1.58,0,9.01961,0,14.2196,3.19,-9.45678,1,10,0,0,1,0,0,0,0,0,176
5618,46472.200,19.8593,20.3273,12.6707,29,0,-.78125,2785,27.3403,20,87.8,9.24,1.6,0,9.01961,0,14.2196,3.19,-9.45678,1,10,0,0,1,0,0,0,0,0,176
5619,46472.240,19.8168,20.3273,12.6707,29,0,-.78125,2762,27.3403,20,87.8,9.22,1.6,0,9.01961,0,14.2196,3.19,-9.48448,1,10,0,0,1,0,0,0,0,0,176
5620,46472.280,19.7762,20.3273,12.6707,29,0,-.78125,2741.25,27.3403,20,87.8,9.6,1.62,0,9.01961,0,14.2196,3.335,-9.48435,1,10,0,0,1,0,0,0,0,0,176
5621,46472.320,19.9444,20.3273,12.6707,29,0,-.78125,2737.75,26.719,20,87.8,9.46,1.6,0,9.01961,0,14.2196,3.335,-9.48435,1,10,0,0,1,0,0,0,0,0,176
5622,46472.360,19.8593,20.3273,12.6707,29,0,-.78125,2695.25,26.719,20,87.8,9.56,1.62,0,9.01961,0,14.2196,3.48,-9.48428,1,10,0,0,1,0,0,0,0,0,176
5623,46472.400,19.9444,20.3273,12.6707,29,0,-.78125,2686.5,26.719,20,87.8,9.46,1.6,0,9.01961,0,14.2196,3.48,-9.48428,1,10,0,0,0,0,0,0,0,0,176
5624,46472.440,19.9851,20.3273,12.6707,29,0,-.78125,2670.75,26.719,20,87.8,9.49,1.6,0,9.01961,0,14.2196,3.48,-9.48421,1,10,0,0,0,0,0,0,0,0,176
5625,46472.480,19.7336,20.3273,12.6707,29,0,-.78125,2664.25,26.719,20,87.8,9.46,1.6,0,9.01961,0,14.2196,3.48,-9.48421,1,10,0,0,0,0,0,0,0,0,176
5626,46472.520,19.8168,20.3273,12.6707,29,0,-.78125,2663.75,26.719,20,87.8,9.42,1.6,0,9.01961,0,14.2196,3.48,-9.48421,1,10,0,0,0,0,0,0,0,0,176
5627,46472.560,19.8593,20.3273,12.6707,29,0,-.78125,2630.75,26.0976,20,87.8,9.42,1.6,0,9.01961,0,14.2196,3.48,-9.48408,1,10,0,0,0,0,0,0,0,0,176
5628,46472.600,19.9444,20.3273,12.6707,29,0,-.78125,2596,26.0976,20,87.8,9.56,1.6,0,9.01961,0,14.2196,3.48,-9.48395,1,10,0,0,1,0,0,0,0,0,176
5629,46472.640,19.8593,20.3273,12.6707,29,0,-.78125,2567.25,25.4762,20,87.8,9.49,1.6,0,9.01961,0,14.2196,3.48,-9.48395,1,10,0,0,1,0,0,0,0,0,176
5630,46472.680,19.9851,20.3273,12.6707,29,0,-.78125,2550.75,25.4762,20,87.8,9.53,1.6,0,9.01961,0,14.2196,3.48,-9.48382,1,10,0,0,1,0,0,0,0,0,176
5631,46472.720,19.9444,20.3273,12.6707,29,0,-.78125,2505.25,24.8548,20,87.8,9.49,1.6,0,9.01961,0,14.2196,3.48,-9.48382,1,10,0,0,0,0,0,0,0,0,176
5632,46472.760,19.7762,20.3273,12.6707,29,0,-.78125,2467,24.8548,20,87.8,9.56,1.62,0,9.01961,0,14.2196,3.48,-9.4837,1,10,0,0,0,0,0,0,0,0,176
5633,46472.800,19.8593,20.3273,12.6707,29,0,-.78125,2460.25,24.2335,20,87.8,9.46,1.62,0,9.01961,0,14.2196,3.48,-9.4836,1,10,0,0,0,0,0,0,0,0,176
5634,46472.840,19.9444,20.3273,12.6707,29,0,-.78125,2435,24.2335,20,87.8,9.49,1.6,0,9.01961,0,14.2196,3.48,-9.4836,1,10,0,0,1,0,0,0,0,0,176
5635,46472.880,19.9019,20.3273,12.6707,29,0,-.78125,2437.25,24.2335,20,87.8,9.49,1.62,0,9.01961,0,14.2196,3.48,-9.48348,1,10,0,0,1,0,0,0,0,0,176
5636,46472.920,19.9019,20.3273,12.6707,29,0,-.78125,2418.5,24.2335,20,87.8,9.28,1.6,0,8.62745,0,14.2196,3.48,-9.48335,1,10,0,0,1,0,0,0,0,0,176
5637,46472.960,19.7762,20.3273,12.6707,29,0,-.78125,2390,23.6121,20,87.8,9.28,1.58,0,8.62745,0,14.2196,3.48,-9.48335,1,10,0,0,0,0,0,0,0,0,176
5638,46473.000,19.6911,20.3273,12.6707,29,0,-.78125,2383.75,23.6121,20,87.8,9.05,1.58,0,8.23529,0,14.2196,3.48,-9.48329,1,10,0,0,0,0,0,0,0,0,176
5639,46473.040,19.8168,20.3273,12.6707,29,0,-.78125,2351.25,23.6121,20,87.8,8.93,1.56,0,8.23529,0,14.2196,3.48,-9.48329,1,10,0,0,1,0,0,0,0,0,176
5640,46473.080,19.9851,20.3273,12.6707,29,0,-.78125,2339.25,23.6121,20,87.8,8.87,1.56,0,8.23529,0,14.2196,3.48,-9.48317,1,10,0,0,1,0,0,0,0,0,176
5641,46473.120,20.3235,20.3273,12.6707,29,0,-.78125,2304.5,22.9907,20,87.8,8.68,1.56,0,8.23529,0,14.2196,3.48,-9.48305,1,10,0,0,0,0,0,0,0,0,176
5642,46473.160,20.4492,20.3273,12.6707,29,0,-.78125,2291.75,22.9907,20,87.8,8.25,1.56,0,8.23529,0,14.2196,3.48,-9.48305,1,10,0,0,0,0,0,0,0,0,176
5643,46473.200,20.4492,20.3273,12.6707,29,0,-.78125,2262,22.3694,20,87.8,8.56,1.56,0,8.23529,0,14.2196,3.48,-9.48293,1,10,0,0,1,0,0,0,0,0,176
5644,46473.240,20.4067,20.3273,12.6707,29,0,-.78125,2248,22.3694,20,87.8,8.43,1.56,0,8.23529,0,14.2196,3.48,-9.48281,1,10,0,0,1,0,0,0,0,0,174.2
5645,46473.280,20.4067,20.3273,12.6707,29,0,-.78125,2219.5,21.748,20,87.8,8.37,1.56,0,8.23529,0,14.2196,3.48,-9.48281,1,10,0,0,0,0,0,0,0,0,174.2
5646,46473.320,20.4492,20.3273,12.6707,29,0,-.78125,2215,21.748,20,87.8,8.56,1.56,0,8.23529,0,14.2196,3.48,-9.48269,1,10,0,0,0,0,0,0,0,0,174.2
5647,46473.360,20.366,20.3273,12.6707,29,0,-.78125,2191.75,21.748,20,87.8,8.56,1.56,0,8.23529,0,14.2196,3.625,-9.48269,1,10,0,0,1,0,0,0,0,0,174.2
5648,46473.400,20.1959,20.3273,12.6707,29,0,-.78125,2189,21.748,20,87.8,8.56,1.56,0,8.23529,0,14.2196,3.625,-9.48257,1,10,0,0,1,0,0,0,0,0,174.2
5649,46473.440,20.281,20.3273,12.6707,29,0,-.78125,2164.5,21.748,20,87.8,8.49,1.56,0,8.23529,0,14.2196,3.625,-9.48246,1,10,0,0,0,0,0,0,0,0,174.2
5650,46473.480,20.4492,20.3273,12.6707,29,0,-.78125,2156.25,21.748,20,87.8,8.18,1.56,0,8.23529,0,14.2196,3.625,-9.48246,1,10,0,0,0,0,0,0,0,0,174.2
5651,46473.520,20.281,20.3273,12.6707,29,0,-.78125,2125.25,21.1266,20,87.8,8.56,1.56,0,8.23529,0,14.2196,3.625,-9.48234,1,10,0,0,1,0,0,0,0,0,174.2
5652,46473.560,20.366,20.3273,12.6707,29,0,-.78125,2113.75,21.1266,20,87.8,8.25,1.56,0,8.23529,0,14.2196,3.77,-9.48222,1,10,0,0,1,0,0,0,0,0,174.2
5653,46473.600,20.366,20.3273,12.6707,29,0,-.78125,2083.75,20.5052,-3.5,87.8,8.25,1.56,0,8.23529,0,14.2196,3.77,-9.48222,1,10,0,0,0,0,0,0,2.048,0,174.2
5654,46473.640,20.4067,20.3273,12.6707,29,0,-.78125,2072.5,20.5052,-2,87.8,8.43,1.56,0,8.23529,0,14.2196,3.77,-9.48211,1,10,0,0,1,0,0,0,2.048,0,174.2
5655,46473.680,20.4067,20.3273,12.6707,29,0,-.78125,2066,20.5052,0,87.8,8.31,1.56,0,8.23529,0,14.2196,3.77,-9.48211,1,10,0,0,1,0,0,0,2.048,0,174.2
5656,46473.720,20.4492,20.3273,12.6707,29,0,-.78125,2052.75,20.5052,2,87.8,8.43,1.56,0,8.23529,0,14.2196,3.915,-9.482,1,10,0,0,0,0,0,0,2.048,0,174.2
5657,46473.760,20.281,20.3273,12.6282,29,0,-.78125,2060.5,20.5052,4,87.8,8.31,1.56,0,8.23529,0,14.2196,3.915,-9.48189,1,10,0,0,0,0,0,0,2.048,0,174.2
5658,46473.800,20.366,20.3273,12.6282,30,0,-.78125,2042.25,20.5052,5.5,87.8,8.49,1.56,0,8.23529,0,14.2196,3.915,-9.48189,1,10,0,0,0,0,0,0,2.048,0,174.2
5659,46473.840,20.4492,20.3273,12.6282,30,0,-.78125,1979.5,19.8839,20,87.8,8.56,1.56,0,8.23529,0,14.2196,3.915,-9.48178,1,10,0,0,0,0,0,0,2.048,0,174.2
5660,46473.880,20.366,20.3273,12.6335,30,0,-.78125,1970.75,19.8839,20,87.8,8.56,1.56,0,8.23529,0,14.2196,3.915,-9.37631,1,10,0,0,0,0,0,0,2.048,0,174.2
5661,46473.920,20.4067,20.3273,12.6335,30,0,-.78125,1973.25,19.2625,20,87.8,8.49,1.56,0,8.23529,0,14.2196,3.915,-9.37631,1,10,0,0,0,0,0,0,2.304,0,174.2
5662,46473.960,20.4918,20.3273,12.6335,30,0,-.78125,1960.5,19.2625,20,87.8,8.25,1.54,0,8.23529,0,14.2196,3.915,-9.39778,1,10,0,0,0,0,0,0,2.304,0,174.2
5663,46474.000,20.4492,20.3273,12.6335,30,0,-.78125,1945.75,18.6411,20,87.8,8.31,1.56,0,8.23529,0,14.2196,3.915,-9.39778,1,10,0,0,0,0,0,0,2.304,0,174.2
5664,46474.040,20.366,20.3273,12.6282,30,0,-.78125,1910.5,18.6411,20,87.8,8.18,1.54,0,8.23529,0,14.2196,3.915,-9.33682,1,10,0,0,0,0,0,0,2.304,0,174.2
5665,46474.080,20.366,20.3273,12.6282,30,0,-.78125,1848.25,18.6411,20,87.8,8.25,1.56,0,8.23529,0,14.2196,3.915,-9.17489,1,10,0,0,0,0,0,0,2.304,0,174.2
5666,46474.120,18.7221,20.3273,12.6282,30,0,-.78125,1826.75,18.6411,20,87.8,8.05,1.54,0,8.23529,0,14.2196,3.915,-9.17489,1,10,0,0,0,0,0,0,2.304,0,174.2
5667,46474.160,16.9951,20.3273,12.6176,30,0,-.78125,1826.25,18.6411,20,87.8,8.1,1.56,0,8.23529,0,14.2196,4.06,-9.05426,1,10,0,0,0,0,0,0,2.304,0,174.2
5668,46474.200,15.7728,20.3273,12.6018,30,0,-.78125,1866,18.6411,20,87.8,8.04,1.54,0,7.84314,0,14.2196,4.06,-9.11067,1,10,0,0,0,0,0,0,2.304,0,174.2
5669,46474.240,14.7188,19.0641,12.6018,30,0,-.78125,1864.5,18.0198,20,87.8,8.1,1.54,0,7.84314,0,14.2196,4.06,-9.11067,1,10,0,0,0,0,0,0,2.304,0,174.2
5670,46474.280,14.2972,17.9156,12.5912,30,0,-.78125,1832.25,18.0198,20,87.8,8.1,1.54,0,7.84314,0,14.2196,4.06,-9.11239,1,10,0,0,0,0,0,0,2.304,0,174.2
5671,46474.320,14.4248,16.882,12.5912,31,0,-.78125,1811.5,18.0198,20,87.8,8.16,1.54,0,7.84314,0,14.2196,4.06,-9.11239,1,10,0,0,0,0,0,0,2.304,0,174.2
5672,46474.360,14.3397,15.8484,12.5965,31,0,-.78125,1790,18.0198,20,87.8,8.02,1.54,0,7.84314,0,14.2196,4.06,-9.01594,1,10,0,0,0,0,0,0,2.304,0,174.2
5673,46474.400,14.1714,15.0445,12.5912,31,0,-.78125,1778.25,17.3984,19.5,87.8,8.05,1.54,0,7.84314,0,14.2196,4.06,-8.92613,1,10,0,0,0,0,0,0,2.048,0,174.2
5674,46474.440,14.1289,14.3555,12.5912,31,-.78125,-.78125,1767.25,17.3984,19.5,87.8,7.98,1.54,0,7.84314,0,14.2196,4.205,-8.92613,1,10,0,0,0,0,0,0,2.048,0,174.2
5675,46474.480,14.0032,13.8961,14.4391,31,-.78125,-.78125,1745.75,17.3984,19,87.8,7.94,1.52,0,7.84314,0,14.2196,4.205,-8.86847,1,10,0,0,0,0,0,0,2.048,0,174.2
5676,46474.520,13.9181,13.4367,14.1474,31,-1.5625,-.78125,1730.25,17.3984,18.5,87.8,7.96,1.52,0,7.84314,0,14.2196,4.205,-8.81538,1,10,0,0,0,0,0,0,2.048,0,174.2
5677,46474.560,13.5816,13.207,14.1474,31,-1.5625,-.78125,1717.75,17.3984,18.5,87.8,7.96,1.54,0,7.84314,0,14.2196,4.205,-8.81538,1,10,0,0,0,0,0,0,2.048,0,174.2
5678,46474.600,13.7073,13.207,14.1407,31,-1.5625,-.78125,1705.25,17.3984,18.5,87.8,8,1.54,0,7.84314,0,14.2196,4.205,-8.7966,1,10,0,0,0,0,0,0,2.048,0,174.2
5679,46474.640,13.7073,13.3219,14.1407,31,-1.5625,-.78125,1692.75,16.777,18,87.8,8.08,1.54,0,7.84314,0,14.2196,4.205,-8.7966,1,10,0,0,0,0,0,0,2.048,0,174.2
5680,46474.680,13.2451,13.4367,14.1407,31,-1.5625,-.78125,1677.75,16.777,17.5,87.8,8.1,1.54,0,7.84314,0,14.2196,4.205,-8.72264,1,10,0,0,0,0,0,0,2.048,0,174.2
5681,46474.720,13.3708,13.6664,14.1275,31,-1.5625,-.78125,1677.75,16.777,17.5,87.8,8.1,1.54,0,7.84314,0,14.2196,4.35,-8.66129,1,10,0,0,0,0,0,0,2.048,0,174.2
5682,46474.760,13.5816,13.8961,14.1275,31,-1.5625,-.78125,1676.25,16.777,17.5,87.8,8.1,1.54,0,7.84314,0,14.2196,4.35,-8.66129,1,10,0,0,0,0,0,0,2.304,0,174.2
5683,46474.800,13.7073,14.0109,14.1275,31,-1.5625,-.78125,1641.5,16.1557,17,87.8,8,1.54,0,7.84314,0,14.2196,4.35,-8.64889,1,10,0,0,0,0,0,0,2.304,0,174.2
5684,46474.840,13.7924,14.1258,14.1142,31,-.78125,-.78125,1634.25,16.1557,17,87.8,8.04,1.54,0,7.84314,0,14.2196,4.35,-8.60056,1,10,0,0,0,0,0,0,2.304,0,174.2
5685,46474.880,13.7498,14.1258,14.1142,31,-.78125,-.78125,1618.75,16.1557,16.5,87.8,8.02,1.54,0,7.84314,0,14.2196,4.35,-8.60056,1,10,0,0,0,0,0,0,2.304,0,174.2
5686,46474.920,14.1289,14.2406,14.1076,31,-.78125,-.78125,1598.75,16.1557,16,87.8,8.02,1.52,0,7.84314,0,14.2196,4.35,-8.53696,1,10,0,0,0,0,0,0,2.304,0,174.2
5687,46474.960,14.2565,14.2406,14.1076,31,-.78125,-.78125,1563.75,15.5343,16,87.8,8.02,1.54,0,7.84314,0,14.2196,4.35,-8.53696,1,10,0,0,0,0,0,0,2.304,0,174.2
5688,46475.000,14.2972,14.2406,14.1076,31,0,-.78125,1555.25,15.5343,15.5,87.8,8.04,1.52,0,7.84314,0,14.2196,4.495,-8.49374,1,10,0,0,0,0,0,0,2.304,0,174.2
5689,46475.040,14.2972,14.1258,14.0944,31,0,-.78125,1567.25,15.5343,16,87.8,7.94,1.54,0,7.84314,0,14.2196,4.495,-8.49364,1,10,0,0,0,0,0,0,2.304,0,174.2
5690,46475.080,14.214,14.1258,14.0944,31,0,-.78125,1582.5,15.5343,16,87.8,7.98,1.52,2.7451,8.62745,27.8217,14.2196,4.495,-8.49364,1,10,0,0,0,0,0,0,2.304,0,174.2
5691,46475.120,14.1714,14.1258,14.0878,31,0,-.78125,1549,15.5343,17,87.8,8.68,1.58,2.7451,9.41177,30.7386,14.2196,4.495,-7.57196,1,10,0,0,0,32.9412,0,0,2.304,0,174.2
5692,46475.160,14.1714,14.0109,14.0878,31,0,-.78125,1534.75,15.5343,17.5,87.8,9.49,1.62,2.7451,9.80392,28.0468,14.2196,4.64,-7.64725,1,10,0,0,1,30.1961,0,0,2.304,0,174.2
5693,46475.200,14.0032,14.0109,14.0878,31,0,-.78125,1553,15.5343,18.5,87.8,9.91,1.64,2.7451,9.80392,27.9544,14.2196,4.785,-7.64725,1,10,0,0,1,30.1961,0,0,2.56,0,174.2
5694,46475.240,14.0032,14.0109,13.7657,31,0,-.78125,1574.5,15.5343,19.5,87.8,10.5,1.68,2.7451,10.1961,27.8448,14.2196,4.93,-7.65012,1,10,0,0,2,29.8039,0,0,2.56,0,174.2
5695,46475.280,13.8775,14.0109,13.7657,31,.78125,-.78125,1580,15.5343,20,87.8,11.1,1.68,2.7451,10.5882,30.5625,14.2196,5.22,-7.65012,1,10,0,0,3,29.8039,0,0,2.56,0,174.2
5696,46475.320,13.7498,14.0109,13.6719,31,.78125,-.78125,1558.75,15.5343,21,87.8,11.26,1.68,2.7451,10.5882,30.6808,14.2196,5.365,-7.57134,1,10,0,0,4,32.9412,0,0,2.816,0,174.2
5697,46475.360,13.7498,14.1258,13.8226,31,.78125,-.78125,1526.25,14.9129,21.5,87.8,11.17,1.68,2.7451,10.5882,30.8642,14.2196,5.51,-7.47958,1,10,0,0,4,36.0784,0,0,2.816,0,174.2
5698,46475.400,13.8349,14.1258,13.8226,31,1.5625,-.78125,1511.75,14.9129,22,87.8,11.23,1.7,2.7451,10.5882,30.9454,14.2196,5.51,-7.47958,1,10,0,0,6,36.0784,0,0,3.072,0,174.2
5699,46475.440,13.9606,14.2406,13.7657,31,2.34375,-.78125,1516.5,14.9129,23,87.8,11.32,1.7,3.92157,10.5882,42.0504,14.2196,5.655,-7.55961,1,10,0,0,6,33.3333,0,0,3.072,0,174.2
5700,46475.480,14.214,14.2406,13.6968,32,2.34375,-.78125,1531.25,14.9129,24,87.8,11.38,1.72,5.4902,11.3725,58.5796,14.2196,5.8,-6.80961,1,10,0,0,7,60,0,0,3.072,0,174.2
5701,46475.520,14.2972,14.2406,13.6968,32,3.125,-.78125,1527.25,14.9129,24.5,87.8,11.93,1.78,7.05882,12.549,75.2867,14.2196,5.945,-6.80961,1,10,0,0,7,60,0,0,3.072,0,174.2
5702,46475.560,14.1714,14.2406,13.6595,32,3.125,-.78125,1512.5,14.9129,25.5,87.8,14.39,1.86,7.45098,13.7255,78.2959,14.2196,6.09,-6.13187,1,10,0,0,9,74.902,0,0,3.328,0,174.2
5703,46475.600,14.1714,14.1258,13.6595,32,3.125,-.78125,1501.5,14.9129,26,87.8,16.29,1.88,7.45098,13.7255,78.4709,14.2196,6.525,-6.13187,1,10,0,0,9,74.902,0,0,3.584,0,174.2
5704,46475.640,14.0457,14.0109,12.8437,32,3.125,-.78125,1508.75,14.9129,25.5,87.8,16.75,1.88,7.45098,13.7255,81.1433,14.2196,6.96,-6.12571,1,10,0,0,10,74.902,0,0,3.84,0,174.2
5705,46475.680,13.9181,14.0109,12.6229,32,3.125,-.78125,1525.5,14.9129,24,87.8,16.75,1.88,9.01961,14.1176,95.1013,14.2196,7.25,-5.81542,1,10,0,0,10,74.902,0,0,4.096,0,174.2
5706,46475.720,14.1289,14.1258,12.6229,32,3.90625,-.78125,1541.75,14.9129,23,87.8,17.22,1.92,9.41177,15.2941,99.3412,14.2196,7.54,-5.81542,1,10,0,0,10,74.902,0,0,4.096,1,174.2
5707,46475.760,14.1289,14.1258,12.932,32,4.6875,-.78125,1552.25,14.9129,22,87.8,18.67,1.96,9.41177,15.6863,97.0015,14.2196,7.685,-5.49558,1,10,0,0,10,74.902,0,0,4.352,0,174.2
5708,46475.800,14.0883,13.8961,12.6018,32,4.6875,-.78125,1548.5,14.9129,20.5,87.8,19.41,1.96,8.62745,15.2941,90.3554,14.2196,8.12,-5.69969,1,10,0,0,11,74.902,0,0,4.608,1,174.2
5709,46475.840,13.8349,13.8961,12.6018,32,3.90625,-.78125,1526.75,14.9129,19.5,87.8,19.04,1.92,8.23529,14.5098,88.4715,14.2196,8.41,-5.69969,1,10,0,0,11,74.902,0,0,4.608,0,174.2
5710,46475.880,13.7924,13.6664,12.8273,32,3.125,-.78125,1510.5,14.9129,19,87.8,17.63,1.9,8.23529,14.5098,86.5491,14.2196,8.555,-5.81499,1,10,0,0,11,74.902,0,0,4.608,0,174.2
5711,46475.920,14.0883,13.4367,12.8273,32,3.125,-.78125,1515.5,14.9129,19,87.8,17.1,1.88,8.23529,14.5098,88.6526,14.2196,8.555,-5.81499,1,10,0,0,11,74.902,0,0,4.608,0,174.2
5712,46475.960,13.8775,13.207,13.0384,32,1.5625,-.78125,1540.25,14.9129,19,87.8,16.94,1.9,9.01961,14.5098,94.9136,14.2196,8.555,-5.81815,1,10,0,0,11,74.902,0,0,4.608,0,174.2
5713,46476.000,13.7924,12.9773,13.0894,32,.78125,-.78125,1550.5,14.9129,19,87.8,17.25,1.9,9.01961,14.5098,94.7869,14.2196,8.555,-5.63301,1,10,0,0,11,74.902,0,0,4.608,0,174.2
5714,46476.040,13.6241,12.7477,13.0894,32,-1.5625,-.78125,1519.25,14.9129,19,87.8,17.33,1.92,9.01961,14.902,94.9379,14.2196,8.555,-5.63301,1,10,0,0,11,74.902,0,0,4.608,0,174.2
5715,46476.080,13.3708,12.6328,13.1236,32,-3.125,-.78125,1510.75,14.9129,18.5,87.8,18.22,1.94,8.62745,15.2941,90.7791,14.2196,8.7,-5.62129,1,10,0,0,11,74.902,0,0,4.608,1,174.2
5716,46476.120,13.3708,12.518,13.1236,32,-3.90625,-.78125,1525.75,14.9129,18.5,87.8,18.22,1.92,8.62745,14.902,90.6868,14.2196,8.845,-5.75555,1,10,0,0,11,74.902,0,0,4.608,0,174.2
5717,46476.160,13.1174,12.518,13.1236,32,-4.6875,-.78125,1539.75,14.9129,18.5,87.8,18,1.92,8.23529,14.5098,86.0421,14.2196,8.845,-5.75555,1,10,0,0,11,74.902,0,0,4.608,0,174.2
5718,46476.200,13.0768,12.6328,13.1294,32,-5.46875,-.78125,1537,14.9129,18.5,87.8,17.1,1.9,8.23529,14.5098,86.0909,14.2196,8.845,-5.89656,1,10,0,0,11,74.902,0,0,4.352,0,174.2
5719,46476.240,13.16,12.7477,13.1294,32,-5.46875,-.78125,1529.25,14.9129,18.5,87.8,16.94,1.88,7.84314,14.5098,83.5723,14.2196,8.845,-5.89656,1,10,0,0,11,74.902,0,0,4.352,0,174.2
5720,46476.280,13.2451,12.8625,13.1984,32,-5.46875,-.78125,1536,14.9129,18.5,87.8,17.09,1.88,6.66667,14.1176,69.5991,14.2196,8.845,-5.97098,1,10,0,0,11,74.902,0,0,4.352,0,174.2
5721,46476.320,13.3282,12.9773,13.2565,32,-6.25,-.78125,1551.5,14.9129,18.5,87.8,16.4,1.84,5.4902,12.549,58.331,14.2196,8.7,-6.64773,1,10,0,0,11,65.4902,0,0,4.352,0,174.2
5722,46476.360,13.3708,12.9773,13.2565,32,-7.03125,-.78125,1567.25,14.9129,19,87.8,14.77,1.82,5.4902,12.549,58.1469,14.2196,8.7,-6.64773,1,10,0,0,11,65.4902,0,0,4.096,0,174.2
5723,46476.400,13.4559,12.9773,13.327,32,-7.03125,-.78125,1561.75,15.5343,19.5,87.8,13.72,1.78,5.09804,12.1569,52.698,14.2196,8.555,-6.73779,1,10,0,0,11,62.3529,0,0,3.84,0,174.2
5724,46476.440,13.539,12.9773,14.3156,32,-7.8125,-.78125,1557.75,15.5343,20.5,87.8,13.01,1.78,1.96078,11.3725,22.3946,14.2196,8.265,-7.56654,1,10,0,0,12,32.9412,0,0,3.584,0,174.2
5725,46476.480,13.5816,12.9773,14.3156,32,-8.59375,-.78125,1564.25,15.5343,21,87.8,11.87,1.7,0,9.80392,15.6502,14.2196,8.12,-7.56654,1,8,0,0,11,32.9412,0,0,3.584,0,174.2
5726,46476.520,13.539,12.8625,14.7,32,-9.375,-.78125,1576.5,15.5343,22.5,87.8,10.84,1.64,0,9.41177,14.9957,14.2196,7.685,-8.02746,1,8,0,0,12,0,0,0,3.328,0,174.2
5727,46476.560,13.4984,12.8625,14.7,32,-9.375,-.78125,1583.5,15.5343,23,87.8,9.85,1.62,0,9.41177,14.3236,14.2196,7.25,-8.02746,1,8,0,0,9,0,0,0,2.816,0,174.2
5728,46476.600,13.4984,12.9773,16.6605,32,-10.1563,-.78125,1577.5,15.5343,23,87.8,9.5,1.6,0,9.01961,13.6586,14.2196,6.815,-8.05949,1,8,0,0,2,0,0,0,2.816,0,174.2
5729,46476.640,13.4133,12.9773,15.3209,32,-10.1563,-.78125,1565,15.5343,22.5,87.8,9.46,1.6,0,9.01961,13.0218,14.2196,6.67,-8.09113,1,8,0,0,1,0,0,0,2.816,0,174.2
5730,46476.680,13.4984,13.0922,15.3209,32,-10.1563,-.78125,1573.25,15.5343,22,87.8,9.46,1.6,0,9.01961,12.3942,14.2196,6.525,-8.09113,1,8,0,0,0,0,0,0,2.816,0,174.2
5731,46476.720,13.4984,13.3219,15.0453,32,-9.375,-.78125,1579.75,15.5343,21.5,87.8,9.53,1.6,0,9.01961,11.7501,14.2196,6.38,-8.12143,1,8,0,0,0,0,0,0,2.816,0,174.2
5732,46476.760,13.8349,13.5516,14.4808,32,-8.59375,-.78125,1585,15.5343,20.5,87.8,9.53,1.62,0,9.01961,11.0925,14.2196,6.235,-8.15268,1,8,0,0,0,0,0,0,2.816,0,174.2
5733,46476.800,14.1289,13.7813,14.4808,32,-7.8125,-.78125,1573.25,15.5343,20,87.8,9.46,1.6,0,9.01961,10.4425,14.2196,6.09,-8.15268,1,8,0,0,0,0,0,0,2.816,0,174.2
5734,46476.840,14.2972,13.8961,14.5087,32,-7.8125,-.78125,1561.5,15.5343,19.5,87.8,9.43,1.62,0,9.01961,9.81692,14.2196,5.945,-8.18388,1,8,0,0,0,0,0,0,2.56,0,174.2
5735,46476.880,14.4248,13.8961,14.5087,32,-7.03125,-.78125,1558,15.5343,18.5,87.8,9.43,1.6,0,9.01961,9.20354,14.2196,5.945,-8.18388,1,8,0,0,0,0,0,0,2.56,0,174.2
5736,46476.920,13.8775,13.8961,14.5157,32,-7.8125,-.78125,1552.5,15.5343,17.5,87.8,9.39,1.6,0,9.01961,8.60532,14.2196,5.8,-8.21355,1,8,0,0,0,0,0,0,2.56,0,174.2
5737,46476.960,13.8349,13.8961,14.5297,32,-7.8125,-.78125,1556.5,15.5343,17,87.8,9.43,1.6,0,8.62745,8.00533,14.2196,5.8,-8.24223,1,8,0,0,0,0,0,0,2.56,0,174.2
5738,46477.000,13.9181,13.8961,14.5297,32,-7.8125,-.78125,1551.25,15.5343,16,87.8,9.43,1.6,0,8.62745,7.41051,14.2196,5.655,-8.24223,1,8,0,0,0,0,0,0,2.56,0,174.2
5739,46477.040,13.8349,13.7813,14.5227,32,-7.8125,-.78125,1547.25,15.5343,15.5,87.8,9.35,1.58,0,8.23529,6.81849,14.2196,5.655,-8.27104,1,8,0,0,0,0,0,0,2.56,0,174.2
5740,46477.080,13.7924,13.7813,14.5227,32,-7.8125,-.78125,1543.5,15.5343,15.5,87.8,9.02,1.58,0,8.23529,6.23856,14.2196,5.655,-8.29923,1,8,0,0,0,0,0,0,2.56,0,174.2
5741,46477.120,13.7073,13.7813,14.5227,32,-7.03125,-.78125,1523.75,15.5343,15.5,87.8,9.02,1.58,0,8.23529,5.66453,14.2196,5.51,-8.29923,1,8,0,0,0,0,0,0,2.56,0,174.2
5742,46477.160,13.8775,13.8961,14.5297,32,-7.03125,-.78125,1522.75,15.5343,15.5,87.8,8.71,1.58,0,8.23529,5.11431,14.2196,5.51,-8.32662,1,8,0,0,0,0,0,0,2.56,0,174.2
5743,46477.200,13.7924,13.8961,14.5297,32,-7.03125,-.78125,1554.75,15.5343,15.5,87.8,8.78,1.58,0,8.23529,4.53841,14.2196,5.365,-8.32662,1,8,0,0,0,0,0,0,2.56,0,174.2
5744,46477.240,13.7073,13.8961,14.5227,32,-6.25,-.78125,1584.5,15.5343,16,87.8,8.53,1.56,0,8.23529,3.8957,14.2196,5.365,-8.35391,1,8,0,0,0,0,0,0,2.56,0,174.2
5745,46477.280,13.8349,13.8961,14.5227,32,-6.25,-.78125,1589.25,15.5343,16,87.8,8.59,1.56,0,8.23529,3.20364,14.2196,5.365,-8.39079,1,8,0,0,0,0,0,0,2.304,0,174.2
5746,46477.320,13.8349,13.8961,14.5227,32,-6.25,-.78125,1570,15.5343,16,87.8,8.54,1.56,0,8.23529,2.5394,14.2196,5.22,-8.39079,1,8,0,0,0,0,0,0,2.304,0,174.2
5747,46477.360,13.6667,13.8961,14.5157,32,-6.25,-.78125,1553.5,15.5343,15.5,87.8,8.36,1.56,0,7.84314,1.913,14.2196,5.22,-8.41793,1,8,0,0,0,0,0,0,2.304,0,174.2
5748,46477.400,13.7498,14.0109,14.5578,32,-6.25,-.78125,1534,15.5343,15.5,87.8,8.23,1.54,0,7.84314,1.32044,14.2196,5.22,-8.44734,1,8,0,0,0,0,0,0,2.304,0,174.2
5749,46477.440,14.2565,13.8961,14.5578,32,-6.25,-.78125,1509.75,14.9129,15.5,87.8,8.23,1.56,0,7.84314,.774875,14.2196,5.22,-8.44734,1,8,0,0,0,0,0,0,2.304,0,174.2
5750,46477.480,13.7924,14.0109,14.5719,32,-6.25,-.78125,1508,14.9129,15,87.8,8.21,1.54,0,7.84314,.256865,14.2196,5.075,-8.47342,1,8,0,0,0,0,0,0,2.304,0,174.2
5751,46477.520,14.0032,14.0109,14.5719,32,-5.46875,-.78125,1530.25,14.9129,15.5,87.8,8.21,1.54,0,7.84314,0,14.2196,5.075,-8.47342,1,8,0,0,0,0,0,0,2.304,0,174.2
5752,46477.560,14.0032,14.0109,14.5649,32,-5.46875,-.78125,1546.5,14.9129,15.5,87.8,8.1,1.54,0,7.45098,0,14.2196,5.075,-8.49045,1,8,0,0,0,0,0,0,2.304,0,174.2
5753,46477.600,14.0032,14.0109,14.5438,32,-5.46875,-.78125,1546.25,14.9129,15.5,87.8,8.02,1.54,0,7.45098,0,14.2196,5.075,-8.49039,1,8,0,0,0,0,0,0,2.304,0,174.2
5754,46477.640,13.9181,14.0109,14.5438,32,-5.46875,-.78125,1540.25,14.9129,15.5,87.8,8.04,1.54,0,7.45098,0,14.2196,5.075,-8.49039,1,8,0,0,0,0,0,0,2.304,0,174.2
5755,46477.680,14.0883,14.0109,14.4253,32,-5.46875,-.78125,1516.5,14.9129,15.5,87.8,8,1.52,0,7.45098,0,14.2196,5.075,-8.49032,1,8,0,0,0,0,0,0,2.304,0,174.2
5756,46477.720,14.0032,14.0109,14.3771,32,-5.46875,-.78125,1488.5,14.9129,15,87.8,7.9,1.52,0,7.45098,0,14.2196,5.075,-8.49025,1,8,0,0,0,0,0,0,2.304,0,174.2
5757,46477.760,13.9181,14.1258,14.3771,32,-5.46875,-.78125,1490.5,14.9129,15,87.8,7.92,1.52,0,7.45098,0,14.2196,5.075,-8.49025,1,8,0,0,0,0,0,0,2.304,0,174.2
5758,46477.800,14.0883,14.1258,14.3428,32,-4.6875,-.78125,1523.75,14.9129,15.5,87.8,7.98,1.52,0,7.45098,0,14.2196,4.93,-8.49018,1,8,0,0,0,0,0,0,2.304,0,174.2
5759,46477.840,14.1289,14.1258,14.3428,32,-4.6875,-.78125,1550.5,14.9129,15.5,87.8,7.9,1.52,0,7.45098,0,14.2196,4.93,-8.49018,1,8,0,0,0,0,0,0,2.304,0,174.2
5760,46477.880,14.0883,14.1258,14.3292,32,-4.6875,-.78125,1549.75,14.9129,15.5,87.8,7.88,1.52,0,7.45098,0,14.2196,4.93,-8.49011,1,8,0,0,0,0,0,0,2.304,0,174.2
5761,46477.920,14.6782,14.1258,14.3019,32,-4.6875,-.78125,1519,14.9129,15.5,87.8,7.94,1.52,0,7.45098,0,14.2196,4.93,-8.49005,1,8,0,0,0,0,0,0,2.304,0,174.2
5762,46477.960,14.6356,14.1258,14.3019,32,-4.6875,-.78125,1502,14.9129,15,87.8,7.94,1.52,0,7.45098,0,14.2196,4.93,-8.49005,1,8,0,0,0,0,0,0,2.304,0,174.2
5763,46478.000,14.6356,14.1258,14.3087,32,-3.90625,-.78125,1496.75,14.9129,15,89.6,7.88,1.52,0,7.45098,0,14.2196,4.93,-8.48998,1,8,0,0,0,0,0,0,2.304,0,174.2
5764,46478.040,14.7188,14.2406,14.3019,32,-3.90625,-.78125,1521.25,14.9129,8,89.6,7.92,1.52,0,7.45098,0,14.2196,4.93,-8.48991,1,8,0,0,0,0,0,0,2.304,0,174.2
5765,46478.080,14.7188,14.2406,14.3019,32,-3.90625,-.78125,1521.25,14.9129,8,89.6,7.96,1.52,0,7.45098,0,14.2196,4.93,-8.48991,1,8,0,0,0,0,0,0,2.304,0,174.2
5766,46478.120,14.8039,14.2406,14.2748,32,-3.90625,-.78125,1513,14.9129,8,89.6,7.94,1.52,0,7.45098,0,14.2196,4.93,-8.48985,1,8,0,0,0,0,0,0,2.304,0,174.2
5767,46478.160,14.7613,14.2406,14.2748,32,-3.90625,-.78125,1502,14.9129,8,89.6,7.94,1.52,0,7.45098,0,14.2196,4.93,-8.48985,1,8,0,0,0,0,0,0,2.304,0,174.2
5768,46478.200,14.8464,14.2406,14.2748,32,-3.125,-.78125,1499,14.9129,8,89.6,7.98,1.52,0,7.45098,0,14.2196,4.93,-8.48979,1,8,0,0,0,0,0,0,2.304,0,174.2
5769,46478.240,14.6782,14.2406,14.2748,32,-3.125,-.78125,1477.25,14.9129,7.5,89.6,7.96,1.52,0,7.45098,0,14.2196,4.93,-8.48972,1,8,0,0,0,0,0,0,2.304,0,174.2
5770,46478.280,14.7188,14.2406,14.2748,32,-3.125,-.78125,1438,14.9129,7,89.6,7.96,1.54,0,7.45098,0,14.2196,4.93,-8.48972,1,8,0,0,0,0,0,0,2.304,0,174.2
5771,46478.320,14.8464,14.2406,14.2748,32,-3.125,-.78125,1401,14.9129,6.5,89.6,8.02,1.54,0,7.45098,0,14.2196,4.93,-8.48966,1,8,0,0,0,0,0,0,2.304,0,174.2
5772,46478.360,14.7613,14.2406,14.2748,32,-3.125,-.78125,1334.75,14.9129,13.5,89.6,8,1.54,0,7.45098,0,14.2196,4.93,-8.48959,1,8,0,0,0,0,0,0,2.304,0,174.2
5773,46478.400,14.7613,14.2406,14.2748,32,-3.125,-.78125,1281.75,14.9129,13,89.6,8.05,1.54,0,7.45098,0,14.2196,4.93,-8.48959,1,8,0,0,1,0,0,0,2.304,0,174.2
5774,46478.440,14.7613,14.2406,14.2748,32,-2.34375,-.78125,1242.25,14.9129,12.5,89.6,8,1.52,0,7.45098,0,14.2196,4.93,-8.48953,1,8,0,0,0,0,0,0,2.304,0,174.2
5775,46478.480,14.7188,14.2406,14.2748,32,-2.34375,-.78125,1233,14.9129,12.5,89.6,7.92,1.52,0,7.45098,0,14.2196,4.93,-8.48953,1,8,0,0,0,0,0,0,2.56,0,174.2
5776,46478.520,14.6782,14.2406,14.2748,32,-2.34375,-.78125,1192.5,14.9129,12,89.6,7.82,1.5,0,7.05882,0,14.2196,4.93,-8.48947,1,8,0,0,0,0,0,0,2.56,0,174.2
5777,46478.560,14.7188,14.2406,14.2748,32,-2.34375,-.78125,1166.5,14.2915,12,89.6,7.8,1.5,0,7.05882,0,14.2196,5.075,-8.52016,1,8,0,0,0,0,0,0,2.56,0,174.2
5778,46478.600,14.2972,14.2406,14.2748,32,-2.34375,-.78125,1125,14.2915,12,89.6,7.71,1.5,0,7.05882,0,14.2196,5.075,-8.52016,1,8,0,0,0,0,0,0,2.56,0,174.2
5779,46478.640,14.214,14.2406,14.2209,32,-1.5625,-.78125,1112.25,14.9129,12,89.6,7.75,1.5,0,7.05882,0,14.2196,5.075,-8.55823,1,8,0,0,0,0,0,0,2.56,0,174.2
5780,46478.680,14.3397,14.2406,14.1941,32,-1.5625,-.78125,1084.75,14.9129,12,89.6,7.75,1.5,0,7.05882,0,14.2196,5.22,-8.58573,1,8,0,0,0,0,0,0,2.56,0,174.2
5781,46478.720,14.2565,14.2406,14.1941,32,-1.5625,-.78125,1062,14.9129,12,89.6,7.73,1.5,0,7.45098,0,14.2196,5.22,-8.58573,1,8,0,0,0,0,0,0,2.56,0,174.2
5782,46478.760,14.0457,14.2406,13.9572,32,-1.5625,-.78125,1034.25,14.9129,12,89.6,7.79,1.52,0,7.45098,0,14.2196,5.365,-8.62474,1,8,0,0,0,0,0,0,2.56,0,174.2
5783,46478.800,14.2565,14.2406,13.9572,32,-1.5625,-.78125,1033.5,14.9129,12,89.6,7.9,1.54,0,7.84314,0,14.2196,5.51,-8.62474,1,8,0,0,0,0,0,0,2.816,0,174.2
5784,46478.840,14.3823,14.1258,13.8289,32,-1.5625,-.78125,1026,14.9129,12,89.6,8.02,1.54,0,7.84314,0,14.2196,5.655,-8.64218,1,8,0,0,0,0,0,0,2.816,0,174.2
5785,46478.880,14.214,14.0109,13.7155,32,-.78125,-.78125,1019.75,14.2915,12,89.6,8.04,1.54,0,7.45098,0,14.2196,5.8,-8.64576,1,8,0,0,0,0,0,0,2.816,0,174.2
5786,46478.920,14.3397,14.0109,13.7155,32,-1.5625,-.78125,1024.75,14.2915,12,89.6,8.04,1.54,0,7.45098,0,14.2196,5.945,-8.64576,1,8,0,0,0,0,0,0,2.816,0,174.2
5787,46478.960,14.2565,13.8961,13.7218,32,-1.5625,-.78125,1017.75,14.2915,12,89.6,7.98,1.52,0,7.05882,0,14.2196,5.945,-8.64996,1,8,0,0,0,0,0,0,2.816,0,174.2
5788,46479.000,14.214,13.7813,13.7218,32,-1.5625,-.78125,1020.75,14.2915,11.5,89.6,7.71,1.48,0,7.05882,0,14.2196,6.09,-8.64958,1,8,0,0,0,0,0,0,2.816,0,174.2
5789,46479.040,14.0032,13.7813,13.7218,32,-1.5625,-.78125,1031.25,14.2915,11.5,89.6,7.53,1.48,0,7.05882,0,14.2196,6.09,-8.64958,1,8,0,0,0,0,0,0,2.816,0,174.2
5790,46479.080,13.8349,13.6664,13.8735,32,-1.5625,-.78125,1026.25,14.2915,11.5,89.6,7.49,1.48,0,7.05882,0,14.2196,6.09,-8.64844,1,8,0,0,0,0,0,0,2.816,0,174.2
5791,46479.120,13.8775,13.5516,13.8735,32,-1.5625,-.78125,1031.5,14.2915,11.5,89.6,7.19,1.46,0,7.05882,0,14.2196,6.09,-8.64844,1,8,0,0,0,0,0,0,2.816,0,174.2
5792,46479.160,13.6667,13.5516,13.8863,32,-1.5625,-.78125,1040.75,14.2915,11.5,89.6,7.19,1.48,0,7.05882,0,14.2196,6.09,-8.6436,1,8,0,0,0,0,0,0,2.816,0,174.2
5793,46479.200,13.7073,13.4367,13.8928,32,-2.34375,-.78125,1053.5,14.2915,11.5,89.6,7.09,1.46,0,7.05882,0,14.2196,6.09,-8.63597,1,8,0,0,0,0,0,0,2.816,0,174.2
5794,46479.240,13.5816,13.3219,13.8928,32,-2.34375,-.78125,1050.5,14.2915,12,89.6,6.91,1.46,0,7.05882,0,14.2196,6.09,-8.63597,1,8,0,0,0,0,0,0,2.816,0,174.2
5795,46479.280,13.2876,13.207,13.912,32,-2.34375,-.78125,1055.5,13.6702,12,89.6,6.91,1.46,0,7.05882,0,14.2196,6.09,-8.62619,1,8,0,0,0,0,0,0,2.816,0,174.2
5796,46479.320,13.3282,13.0922,13.9378,32,-3.125,-.78125,1061.25,13.6702,12,89.6,7.28,1.46,0,7.05882,0,14.2196,6.09,-8.61624,1,8,0,0,0,0,0,0,2.816,0,174.2
5797,46479.360,13.3708,13.0922,13.9378,32,-3.125,-.78125,1058,13.6702,12,89.6,7.28,1.48,0,7.05882,0,14.2196,6.09,-8.61624,1,8,0,0,0,0,0,0,2.816,0,174.2
5798,46479.400,13.1174,12.9773,13.9442,32,-3.125,-.78125,1062.5,13.6702,12,89.6,7.51,1.48,0,7.05882,0,14.2196,6.09,-8.61155,1,8,0,0,0,0,0,0,2.816,0,174.2
5799,46479.440,13.16,12.9773,13.9442,32,-3.90625,-.78125,1072.5,13.6702,12,89.6,7.6,1.48,0,7.05882,0,14.2196,6.09,-8.61155,1,8,0,0,0,0,0,0,2.816,0,174.2
5800,46479.480,13.0343,12.9773,13.9572,32,-3.90625,-.78125,1078.75,13.6702,12,89.6,7.62,1.48,0,7.05882,0,14.2196,6.09,-8.60579,1,8,0,0,0,0,0,0,2.816,0,174.2
5801,46479.520,13.0343,12.9773,13.9701,32,-3.90625,-.78125,1074.25,13.0488,12,89.6,7.62,1.5,0,7.05882,0,14.2196,6.09,-8.59983,1,8,0,0,0,0,0,0,2.816,0,174.2
5802,46479.560,12.7809,12.9773,13.9701,32,-3.90625,-.78125,1082,13.0488,12,89.6,7.67,1.5,0,7.05882,0,14.2196,6.09,-8.59983,1,8,0,0,0,0,0,0,2.816,0,174.2
5803,46479.600,12.9085,12.9773,13.9961,32,-4.6875,-.78125,1084,13.0488,12,89.6,7.62,1.48,0,7.05882,0,14.2196,6.09,-8.60098,1,8,0,0,0,0,0,0,2.816,0,174.2
5804,46479.640,12.9085,12.9773,14.0026,32,-4.6875,-.78125,1075.5,13.0488,12,89.6,7.62,1.5,0,7.05882,0,14.2196,6.09,-8.60268,1,8,0,0,0,0,0,0,2.816,0,174.2
5805,46479.680,12.9085,12.9773,14.0026,32,-4.6875,-.78125,1082.75,13.0488,12,89.6,7.53,1.48,0,7.05882,0,14.2196,6.09,-8.60268,1,8,0,0,0,0,0,0,2.816,0,174.2
5806,46479.720,12.9085,13.0922,14.0091,32,-4.6875,-.78125,1087,13.0488,12,89.6,7.64,1.48,0,7.05882,0,14.2196,6.09,-8.59606,1,8,0,0,0,0,0,0,2.816,0,174.2
5807,46479.760,12.9492,13.0922,14.0091,32,-5.46875,-.78125,1074.25,12.4274,12,89.6,7.48,1.5,0,7.45098,0,14.2196,6.09,-8.59606,1,8,0,0,0,0,0,0,2.816,0,174.2
5808,46479.800,13.0343,13.0922,14.0222,32,-5.46875,-.78125,1066.75,12.4274,12,89.6,7.79,1.52,0,7.84314,0,14.2196,6.09,-8.60381,1,8,0,0,0,0,0,0,2.816,0,174.2
5809,46479.840,12.866,13.0922,14.0287,32,-5.46875,-.78125,1071,12.4274,12,89.6,7.86,1.52,0,7.84314,0,14.2196,6.09,-8.60675,1,8,0,0,0,0,0,0,2.816,0,174.2
5810,46479.880,13.1174,13.0922,14.0287,32,-5.46875,-.78125,1055.5,12.4274,11.5,89.6,8,1.54,0,7.84314,0,14.2196,6.09,-8.60675,1,8,0,0,0,0,0,0,2.816,0,174.2
5811,46479.920,13.1174,13.0922,14.0352,32,-5.46875,-.78125,1041.75,11.8061,11.5,89.6,8.02,1.54,0,7.84314,0,14.2196,6.09,-8.62084,1,8,0,0,0,0,0,0,2.816,0,174.2
5812,46479.960,13.2025,13.207,14.0287,32,-5.46875,-.78125,1025.25,11.8061,11.5,89.6,8,1.52,0,7.84314,0,14.2196,6.09,-8.63713,1,8,0,0,0,0,0,0,2.816,0,174.2
5813,46480.000,13.2451,13.207,14.0287,32,-6.25,-.78125,1034.5,11.8061,11.5,89.6,8,1.54,0,7.84314,0,14.2196,6.09,-8.63713,1,8,0,0,0,0,0,0,2.816,0,174.2
5814,46480.040,13.1174,13.207,13.9961,32,-6.25,-.78125,1033,11.8061,11.5,89.6,8,1.52,0,7.84314,0,14.2196,6.235,-8.64144,1,8,0,0,0,0,0,0,2.816,0,174.2
5815,46480.080,13.16,13.3219,13.9961,32,-6.25,-.78125,1038.5,11.1847,11.5,89.6,7.96,1.52,0,7.45098,0,14.2196,6.235,-8.64144,1,8,0,0,0,0,0,0,2.816,0,174.2
5816,46480.120,13.1174,13.3219,13.9636,32,-6.25,-.78125,1052.25,11.1847,11.5,89.6,7.94,1.52,0,7.45098,0,14.2196,6.235,-8.6364,1,8,0,0,0,0,0,0,2.816,0,174.2
5817,46480.160,13.2025,13.4367,13.9507,32,-6.25,-.78125,1060.75,11.1847,11.5,89.6,7.73,1.48,0,7.05882,0,14.2196,6.38,-8.62441,1,8,0,0,0,0,0,0,2.816,0,174.2
5818,46480.200,13.2876,13.5516,13.9507,32,-6.25,-.78125,1056.25,11.1847,11.5,89.6,7.69,1.5,0,7.05882,0,14.2196,6.38,-8.62441,1,8,0,0,0,0,0,0,2.816,0,174.2
5819,46480.240,13.4133,13.5516,13.9572,32,-6.25,-.78125,1071,11.1847,11.5,89.6,7.67,1.48,0,7.05882,0,14.2196,6.38,-8.61997,1,8,0,0,0,0,0,0,2.816,0,174.2
5820,46480.280,13.4559,13.6664,13.9766,32,-5.46875,-.78125,1092.25,11.1847,11.5,89.6,7.31,1.48,0,7.05882,0,14.2196,6.38,-8.58693,1,8,0,0,0,0,0,0,2.816,0,174.2
5821,46480.320,13.4133,13.6664,13.9766,32,-5.46875,-.78125,1098.5,10.5633,11.5,89.6,7.31,1.48,0,7.05882,0,14.2196,6.38,-8.58693,1,8,0,0,0,0,0,0,2.816,0,174.2
5822,46480.360,13.6667,13.7813,13.9896,32,-5.46875,-.78125,1119.25,10.5633,11.5,89.6,7.4,1.48,0,7.05882,0,14.2196,6.235,-8.56337,1,8,0,0,0,0,0,0,2.816,0,174.2
5823,46480.400,13.6241,13.7813,13.9896,32,-5.46875,-.78125,1123.5,10.5633,11.5,89.6,7.42,1.48,0,7.05882,0,14.2196,6.235,-8.56337,1,8,0,0,0,0,0,0,2.816,0,174.2
5824,46480.440,13.7073,13.6664,14.0091,32,-5.46875,-.78125,1124.5,10.5633,12,89.6,7.51,1.48,0,7.05882,0,14.2196,6.235,-8.55806,1,8,0,0,0,0,0,0,2.816,0,174.2
5825,46480.480,13.6667,13.6664,14.0483,32,-5.46875,-.78125,1121.25,9.94194,12,89.6,7.51,1.48,0,7.05882,0,14.2196,6.235,-8.56006,1,8,0,0,0,0,0,0,2.816,0,174.2
5826,46480.520,13.7498,13.6664,14.0483,32,-5.46875,-.78125,1122.5,9.94194,12,89.6,7.51,1.48,0,7.05882,0,14.2196,6.09,-8.56006,1,8,0,0,0,0,0,0,2.816,0,174.2
5827,46480.560,13.6241,13.5516,14.068,32,-5.46875,-.78125,1132,9.94194,12,89.6,7.42,1.48,0,7.05882,0,14.2196,6.09,-8.55898,1,8,0,0,0,0,0,0,2.816,0,174.2
5828,46480.600,13.539,13.5516,14.1076,32,-6.25,-.78125,1137.5,9.94194,12,89.6,7.42,1.48,0,7.05882,0,14.2196,6.09,-8.54518,1,8,0,0,0,0,0,0,2.56,0,174.2
5829,46480.640,13.539,13.5516,14.1076,32,-6.25,-.78125,1131,9.32057,12,89.6,7.6,1.48,0,7.05882,0,14.2196,6.09,-8.54518,1,8,0,0,0,0,0,0,2.56,0,174.2
5830,46480.680,14.214,13.4367,14.1208,32,-6.25,-.78125,1129.75,9.32057,12,89.6,7.69,1.48,0,7.05882,0,14.2196,6.09,-8.54372,1,8,0,0,0,0,0,0,2.56,0,174.2
5831,46480.720,14.0883,13.5516,14.1208,32,-6.25,-.78125,1125.75,8.6992,12,89.6,7.67,1.5,0,7.05882,0,14.2196,6.09,-8.54372,1,8,0,0,0,0,0,0,2.56,0,174.2
5832,46480.760,14.2565,13.4367,14.1341,32,-6.25,-.78125,1126.25,8.6992,12,89.6,7.62,1.48,0,7.05882,0,14.2196,5.945,-8.55584,1,8,0,0,0,0,0,0,2.56,0,174.2
5833,46480.800,13.9606,13.4367,14.154,32,-6.25,-.78125,1123,8.6992,12,89.6,7.64,1.5,0,7.05882,0,14.2196,5.945,-8.55834,1,8,0,0,0,0,0,0,2.56,0,174.2
5834,46480.840,14.0457,13.5516,14.154,32,-6.25,-.78125,1120,8.6992,12,89.6,7.67,1.48,0,7.05882,0,14.2196,5.945,-8.55834,1,8,0,0,0,0,0,0,2.56,0,174.2
5835,46480.880,14.0457,13.5516,14.1673,32,-6.25,-.78125,1122,8.07783,12,89.6,7.67,1.5,0,7.05882,0,14.2196,5.945,-8.56089,1,8,0,0,0,0,0,0,2.56,0,174.2
5836,46480.920,14.2565,13.5516,14.1673,32,-6.25,-.78125,1107.5,8.07783,13.5,89.6,7.69,1.5,0,7.45098,0,14.2196,5.945,-8.57236,1,8,0,0,0,0,0,0,2.56,0,174.2
5837,46480.960,14.1714,13.6664,14.1673,32,-6.25,-.78125,1084.75,7.45645,15.5,89.6,7.79,1.52,0,7.84314,0,14.2196,5.945,-8.57236,1,8,0,0,0,0,0,0,2.56,0,174.2
5838,46481.000,14.2972,13.5516,14.174,32,-6.25,-.78125,1072.25,7.45645,16,89.6,7.94,1.52,0,7.84314,0,14.2196,5.945,-8.59529,1,8,0,0,0,0,0,0,2.816,0,174.2
5839,46481.040,14.2972,13.6664,14.174,32,-6.25,-.78125,1074,7.45645,15.5,89.6,8.02,1.54,0,7.84314,0,14.2196,5.945,-8.59529,1,8,0,0,0,0,0,0,2.816,0,174.2
5840,46481.080,14.2972,13.6664,14.174,32,-6.25,-.78125,1068.25,7.45645,15.5,89.6,8.06,1.54,0,7.84314,0,14.2196,5.945,-8.60299,1,8,0,0,0,0,0,0,2.816,0,174.2
5841,46481.120,14.214,13.6664,14.1607,32,-6.25,-.78125,1056.75,7.45645,16,89.6,8.06,1.54,0,7.84314,0,14.2196,6.09,-8.6084,1,8,0,0,0,0,0,0,2.816,0,174.2
5842,46481.160,14.1714,13.7813,14.1607,32,-6.25,-.78125,1065,7.45645,15.5,89.6,8.06,1.54,0,7.84314,0,14.2196,6.09,-8.6084,1,8,0,0,0,0,0,0,2.816,0,174.2
5843,46481.200,14.2972,13.7813,14.1474,32,-6.25,-.78125,1068.25,7.45645,15,89.6,8.02,1.54,0,7.84314,0,14.2196,6.09,-8.61542,1,8,0,0,0,0,0,0,2.816,0,174.2
5844,46481.240,14.3823,13.7813,14.1142,32,-6.25,-.78125,1062.25,7.45645,15.5,89.6,8.02,1.54,0,7.84314,0,14.2196,6.09,-8.61377,1,8,0,0,0,0,0,0,2.816,0,174.2
5845,46481.280,14.3397,13.8961,14.1142,32,-6.25,-.78125,1068.25,6.83508,15,89.6,8.02,1.52,0,7.84314,0,14.2196,6.235,-8.61377,1,8,0,0,0,0,0,0,2.816,0,174.2
5846,46481.320,14.2565,13.8961,14.0944,32,-6.25,-.78125,1077.75,6.83508,14,89.6,8,1.54,0,7.84314,0,14.2196,6.235,-8.60814,1,8,0,0,0,0,0,0,2.816,0,174.2
5847,46481.360,14.3823,13.8961,14.0944,32,-5.46875,-.78125,1084.75,6.83508,13,89.6,8,1.54,0,7.84314,0,14.2196,6.235,-8.60814,1,8,0,0,0,0,0,0,2.816,0,174.2
5848,46481.400,14.4673,14.0109,14.0812,32,-5.46875,-.78125,1079.5,6.83508,13.5,89.6,8,1.54,0,7.84314,0,14.2196,6.235,-8.593,1,8,0,0,0,0,0,0,2.816,0,174.2
5849,46481.440,14.4248,14.0109,14.0746,32,-5.46875,-.78125,1089,6.83508,12.5,89.6,7.98,1.54,0,7.84314,0,14.2196,6.235,-8.58898,1,8,0,0,0,0,0,0,2.816,0,174.2
5850,46481.480,14.508,14.1258,14.0746,32,-5.46875,-.78125,1086.5,6.83508,13,89.6,8.04,1.54,0,7.84314,0,14.2196,6.38,-8.58898,1,8,0,0,0,0,0,0,2.816,0,174.2
5851,46481.520,14.508,14.1258,14.0812,32,-5.46875,-.78125,1066.5,6.83508,15,89.6,8.04,1.54,0,7.84314,0,14.2196,6.38,-8.59119,1,8,0,0,0,0,0,0,2.816,0,174.2
5852,46481.560,14.6782,14.2406,14.0812,32,-4.6875,-.78125,1059.5,6.83508,15,89.6,7.94,1.54,0,7.84314,0,14.2196,6.38,-8.60816,1,8,0,0,0,0,0,0,2.816,0,174.2
5853,46481.600,14.7188,14.2406,14.0812,32,-4.6875,-.78125,1065.75,6.83508,14.5,89.6,7.98,1.54,0,7.84314,0,14.2196,6.38,-8.60816,1,8,0,0,0,0,0,0,2.816,0,174.2
5854,46481.640,14.8039,14.2406,14.0812,32,-4.6875,-.78125,1064.25,6.83508,14.5,89.6,7.98,1.52,0,7.84314,0,14.2196,6.38,-8.61529,1,8,0,0,0,0,0,0,2.816,0,174.2
5855,46481.680,14.9296,14.2406,14.0812,32,-4.6875,-.78125,1057.25,6.83508,15,89.6,7.94,1.54,0,7.84314,0,14.2196,6.38,-8.61529,1,8,0,0,0,0,0,0,2.816,0,174.2
5856,46481.720,14.8039,14.2406,14.0746,32,-4.6875,-.78125,1055,6.83508,15,89.6,7.98,1.52,0,7.84314,0,14.2196,6.38,-8.61794,1,8,0,0,0,0,0,0,2.816,0,174.2
5857,46481.760,14.9296,14.2406,14.0812,32,-3.90625,-.78125,1040.5,6.83508,15.5,89.6,7.96,1.54,0,7.84314,0,14.2196,6.38,-8.62965,1,8,0,0,0,0,0,0,2.816,0,174.2
5858,46481.800,14.9721,14.1258,14.0812,32,-3.90625,-.78125,1022.75,6.83508,15.5,89.6,8.02,1.54,0,7.84314,0,14.2196,6.38,-8.62965,1,8,0,0,0,0,0,0,2.816,0,174.2
5859,46481.840,14.7188,14.2406,14.0746,32,-3.90625,-.78125,1022.5,6.83508,15.5,89.6,8,1.54,0,7.45098,0,14.2196,6.38,-8.64963,1,8,0,0,0,0,0,0,2.816,0,174.2
5860,46481.880,14.8464,14.2406,14.0549,32,-3.90625,-.78125,1014.75,6.83508,15.5,89.6,8.02,1.54,0,7.45098,0,14.2196,6.525,-8.6569,1,8,0,0,0,0,0,0,2.816,0,174.2
5861,46481.920,14.8464,14.1258,14.0549,32,-3.90625,-.78125,999,6.83508,16,89.6,8,1.54,0,7.45098,0,14.2196,6.525,-8.6569,1,8,0,0,0,0,0,0,2.816,0,174.2
5862,46481.960,14.7188,14.1258,14.0483,32,-3.90625,-.78125,996.5,6.83508,16,89.6,7.98,1.52,0,7.45098,0,14.2196,6.525,-8.67358,1,8,0,0,0,0,0,0,2.816,0,174.2
5863,46482.000,14.8464,14.1258,14.0483,32,-3.90625,-.78125,1014.5,6.83508,15.5,91.4,7.98,1.54,0,7.45098,0,14.2196,6.525,-8.67358,1,8,0,0,0,0,0,0,3.072,0,174.2
5864,46482.040,14.8464,14.1258,14.0287,32,-3.90625,-.78125,1015.25,6.83508,15.5,91.4,7.96,1.54,0,7.45098,0,14.2196,6.525,-8.65711,1,8,0,0,0,0,0,0,3.072,0,174.2
5865,46482.080,14.5505,14.1258,14.0222,32,-3.125,-.78125,1005.25,6.83508,15,91.4,7.98,1.52,0,7.45098,0,14.2196,6.67,-8.6538,1,8,0,0,0,0,0,0,3.072,0,174.2
5866,46482.120,14.7188,14.1258,14.0222,32,-3.125,-.78125,1012.25,6.83508,15,91.4,8,1.54,0,7.45098,0,14.2196,6.67,-8.6538,1,8,0,0,0,0,0,0,3.072,0,174.2
5867,46482.160,14.6356,14.1258,14.0156,32,-3.125,-.78125,1008.75,6.21371,15,91.4,7.96,1.52,0,7.45098,0,14.2196,6.67,-8.65914,1,8,0,0,0,0,0,0,3.072,0,174.2
5868,46482.200,14.4673,14.1258,14.0091,32,-3.125,-.78125,1004.75,6.21371,15,91.4,7.92,1.52,0,7.45098,0,14.2196,6.67,-8.65797,1,8,0,0,0,0,0,0,3.072,0,174.2
5869,46482.240,14.1289,14.1258,14.0091,32,-3.125,-.78125,1018,6.21371,14.5,91.4,7.94,1.54,0,7.45098,0,14.2196,6.67,-8.65797,1,8,0,0,0,0,0,0,3.072,0,174.2
5870,46482.280,14.0883,14.0109,14.0091,32,-3.125,-.78125,1008.75,6.21371,15,91.4,7.98,1.54,0,7.45098,0,14.2196,6.67,-8.6537,1,8,0,0,0,0,0,0,3.072,0,174.2
5871,46482.320,14.1289,14.0109,14.0091,32,-3.125,-.78125,1012.75,6.21371,14.5,91.4,7.98,1.52,0,7.45098,0,14.2196,6.67,-8.6537,1,8,0,0,0,0,0,0,3.072,0,174.2
5872,46482.360,14.0457,14.0109,14.0222,32,-3.125,-.78125,1021.25,6.21371,14.5,91.4,8,1.54,0,7.45098,0,14.2196,6.67,-8.65847,1,8,0,0,0,0,0,0,3.072,0,174.2
5873,46482.400,14.1289,14.0109,14.0287,32,-3.125,-.78125,1017,6.21371,14.5,91.4,7.96,1.52,0,7.45098,0,14.2196,6.67,-8.65453,1,8,0,0,0,0,0,0,3.072,0,174.2
5874,46482.440,14.0457,14.0109,14.0287,32,-2.34375,-.78125,1019.75,6.21371,14,91.4,7.94,1.52,0,7.45098,0,14.2196,6.67,-8.65453,1,8,0,0,0,0,0,0,3.072,0,174.2
5875,46482.480,13.9181,13.8961,14.0352,32,-2.34375,-.78125,1029.5,6.21371,13,91.4,7.98,1.54,0,7.45098,0,14.2196,6.67,-8.65196,1,8,0,0,0,0,0,0,3.072,0,174.2
5876,46482.520,13.7924,13.8961,14.0418,32,-2.34375,-.78125,1026.75,6.21371,13.5,91.4,7.94,1.52,0,7.45098,0,14.2196,6.67,-8.64556,1,8,0,0,0,0,0,0,3.072,0,174.2
5877,46482.560,13.9181,13.8961,14.0418,32,-2.34375,-.78125,1050.25,6.21371,11,91.4,7.92,1.52,0,7.45098,0,14.2196,6.67,-8.64556,1,8,0,0,0,0,0,0,3.072,0,174.2
5878,46482.600,13.8349,13.7813,14.0483,32,-2.34375,-.78125,1067.5,6.21371,9.5,91.4,7.92,1.54,0,7.45098,0,14.2196,6.67,-8.62388,1,8,0,0,0,0,0,0,3.072,0,174.2
5879,46482.640,13.7924,13.7813,14.0549,32,-3.125,-.78125,1066.5,6.21371,9.5,91.4,7.98,1.52,0,7.45098,0,14.2196,6.67,-8.62388,1,8,0,0,0,0,0,0,3.072,0,174.2
5880,46482.680,13.7924,13.6664,14.0549,32,-3.125,-.78125,1063,6.21371,10,91.4,7.96,1.54,0,7.45098,0,14.2196,6.67,-8.60898,1,8,0,0,0,0,0,0,3.072,0,174.2
5881,46482.720,13.539,13.6664,14.068,32,-3.125,-.78125,1073.5,5.59234,9,91.4,7.96,1.52,0,7.45098,0,14.2196,6.67,-8.60459,1,8,0,0,0,0,0,0,3.072,0,174.2
5882,46482.760,13.5816,13.6664,14.068,32,-3.125,-.78125,1081.25,5.59234,8,91.4,7.96,1.54,0,7.45098,0,14.2196,6.67,-8.60459,1,8,0,0,0,0,0,0,3.072,0,174.2
5883,46482.800,13.4559,13.6664,14.0812,32,-3.125,-.78125,1073.5,5.59234,9,91.4,8,1.54,0,7.84314,0,14.2196,6.67,-8.59544,1,8,0,0,0,0,0,0,3.072,0,174.2
5884,46482.840,13.7073,13.5516,14.0944,32,-3.125,-.78125,1074,5.59234,9.5,91.4,8.04,1.54,0,7.84314,0,14.2196,6.67,-8.60204,1,8,0,0,0,0,0,0,2.816,0,176
5885,46482.880,13.539,13.5516,14.0944,32,-3.125,-.78125,1071.5,5.59234,10,91.4,8,1.52,0,7.84314,0,14.2196,6.67,-8.60204,1,8,0,0,0,0,0,0,2.816,0,176
5886,46482.920,13.5816,13.5516,14.101,32,-3.125,-.78125,1080,5.59234,9,91.4,7.98,1.52,0,7.84314,0,14.2196,6.67,-8.60764,1,8,0,0,0,0,0,0,2.816,0,176
5887,46482.960,13.5816,13.5516,14.101,32,-3.125,-.78125,1074.5,5.59234,9.5,91.4,8,1.54,0,7.84314,0,14.2196,6.67,-8.60764,1,8,0,0,0,0,0,0,2.816,0,176
5888,46483.000,13.4559,13.6664,14.101,32,-3.125,-.78125,1070.25,5.59234,10.5,91.4,7.98,1.52,0,7.84314,0,14.2196,6.67,-8.60138,1,8,0,0,0,0,0,0,2.816,0,176
5889,46483.040,13.5816,13.6664,14.1142,31,-3.125,-.78125,1078.25,5.59234,9.5,91.4,7.98,1.54,0,7.84314,0,14.2196,6.67,-8.60532,1,8,0,0,0,0,0,0,2.816,0,176
5890,46483.080,13.539,13.6664,14.1142,31,-3.125,-.78125,1067,5.59234,10.5,91.4,7.96,1.52,0,7.84314,0,14.2196,6.67,-8.60532,1,8,0,0,0,0,0,0,2.816,0,176
5891,46483.120,13.6241,13.6664,14.1208,31,-3.125,-.78125,1071.25,5.59234,10.5,91.4,7.96,1.54,0,7.84314,0,14.2196,6.67,-8.59904,1,8,0,0,0,0,0,0,2.816,0,176
5892,46483.160,13.7073,13.7813,14.1275,31,-3.125,-.78125,1073.5,5.59234,10.5,91.4,7.98,1.54,0,7.84314,0,14.2196,6.67,-8.60225,1,8,0,0,0,0,0,0,2.816,0,176
5893,46483.200,13.6241,13.7813,14.1275,31,-3.125,-.78125,1074,4.97097,10.5,91.4,8.04,1.54,0,7.84314,0,14.2196,6.67,-8.60225,1,8,0,0,0,0,0,0,2.816,0,176
5894,46483.240,13.5816,13.7813,14.1341,31,-3.125,-.78125,1073.25,4.97097,10.5,91.4,8.04,1.54,0,7.84314,0,14.2196,6.67,-8.60173,1,8,0,0,0,0,0,0,2.816,0,176
5895,46483.280,13.7498,13.7813,14.1474,31,-2.34375,-.78125,1079.5,4.97097,10,91.4,8.04,1.52,0,7.84314,0,14.2196,6.67,-8.60173,1,8,0,0,0,0,0,0,2.816,0,176
5896,46483.320,13.8349,13.7813,14.1474,31,-2.34375,-.78125,1076.5,4.97097,10.5,91.4,8,1.54,0,7.84314,0,14.2196,6.67,-8.59663,1,8,0,0,0,0,0,0,2.816,0,176
5897,46483.360,13.6241,13.7813,14.1474,31,-2.34375,-.78125,1063.75,4.97097,11,91.4,8.02,1.54,0,7.84314,0,14.2196,6.67,-8.61115,1,8,0,0,0,0,0,0,2.816,0,176
5898,46483.400,13.8349,13.7813,14.1474,31,-2.34375,-.78125,1067.25,4.97097,11,91.4,7.96,1.54,0,7.84314,0,14.2196,6.67,-8.61115,1,8,0,0,0,0,0,0,2.816,0,176
5899,46483.440,13.8349,13.8961,14.154,31,-2.34375,-.78125,1073.5,4.3496,10.5,91.4,7.96,1.54,0,7.84314,0,14.2196,6.67,-8.60796,1,8,0,0,0,0,0,0,2.816,0,176
5900,46483.480,13.8775,13.8961,14.154,31,-2.34375,-.78125,1079,4.3496,10,91.4,7.98,1.52,0,7.84314,0,14.2196,6.67,-8.60411,1,8,0,0,0,0,0,0,2.816,0,176
5901,46483.520,14.4248,13.8961,14.154,31,-2.34375,-.78125,1073.75,3.72823,10.5,91.4,7.92,1.54,0,7.84314,0,14.2196,6.67,-8.60411,1,8,0,0,0,0,0,0,2.816,0,176
5902,46483.560,14.5505,13.8961,14.154,31,-2.34375,-.78125,1073.5,3.72823,10.5,91.4,7.9,1.52,0,7.84314,0,14.2196,6.67,-8.59883,1,8,0,0,0,0,0,0,2.816,0,176
5903,46483.600,14.5931,13.8961,14.154,31,-2.34375,-.78125,1077,3.10686,10.5,91.4,7.96,1.54,0,7.84314,0,14.2196,6.67,-8.59883,1,8,0,0,0,0,0,0,2.816,0,176
5904,46483.640,14.4248,14.0109,14.154,31,-2.34375,-.78125,1066,3.10686,11.5,91.4,7.98,1.52,0,7.84314,0,14.2196,6.67,-8.59878,1,8,0,0,0,0,0,0,2.816,0,176
5905,46483.680,14.508,14.0109,14.1474,31,-2.34375,-.78125,1053,3.10686,12.5,91.4,7.96,1.54,0,7.84314,0,14.2196,6.67,-8.6121,1,8,0,0,0,0,0,0,2.816,0,176
5906,46483.720,14.508,14.0109,14.1474,31,-1.5625,-.78125,1063.5,3.10686,11.5,91.4,8.02,1.54,0,7.84314,0,14.2196,6.67,-8.6121,1,8,0,0,0,0,0,0,2.816,0,176
5907,46483.760,14.5505,14.1258,14.154,31,-1.5625,-.78125,1068,3.10686,11,91.4,7.94,1.52,0,7.84314,0,14.2196,6.67,-8.6122,1,8,0,0,0,0,0,0,2.816,0,176
5908,46483.800,14.6356,14.1258,14.1607,31,-1.5625,-.78125,1060.5,3.10686,12,91.4,7.94,1.54,0,7.84314,0,14.2196,6.67,-8.61385,1,8,0,0,0,0,0,0,2.816,0,176
5909,46483.840,14.6782,14.1258,14.1607,31,-1.5625,-.78125,1060,2.48548,12,91.4,7.9,1.52,0,7.45098,0,14.2196,6.67,-8.61385,1,8,0,0,0,0,0,0,2.816,0,176
5910,46483.880,14.7188,14.2406,14.1607,31,-1.5625,-.78125,1065.25,2.48548,11.5,91.4,7.9,1.52,0,7.84314,0,14.2196,6.67,-8.61432,1,8,0,0,0,0,0,0,2.816,0,176
5911,46483.920,14.7188,14.2406,14.1607,31,-.78125,-.78125,1053.5,1.86411,12.5,91.4,7.92,1.52,0,7.45098,0,14.2196,6.67,-8.61432,1,8,0,0,0,0,0,0,2.816,0,176
5912,46483.960,14.8464,14.2406,14.1673,31,-.78125,-.78125,1058.75,1.86411,12,91.4,7.96,1.52,0,7.45098,0,14.2196,6.67,-8.6203,1,8,0,0,0,0,0,0,3.072,0,176
5913,46484.000,14.7613,14.2406,14.1673,31,-.78125,-.78125,1080.5,1.86411,10,91.4,7.9,1.52,0,7.45098,0,14.2196,6.67,-8.59541,1,8,0,0,0,0,0,0,3.072,0,176
5914,46484.040,14.8039,14.2406,14.1673,31,-.78125,-.78125,1100,1.86411,7.5,91.4,7.71,1.48,0,6.27451,0,14.2196,6.67,-8.59541,1,8,0,0,0,0,0,0,3.072,0,176
5915,46484.080,14.9721,14.1258,14.174,31,-.78125,-.78125,1104.75,1.86411,7.5,91.4,7.03,1.46,0,6.27451,0,14.2196,6.67,-8.57741,1,8,0,0,0,0,0,0,2.816,0,176
5916,46484.120,14.9296,14.1258,14.1874,31,-.78125,-.78125,1117,1.86411,6.5,91.4,6.33,1.44,0,6.27451,0,14.2196,6.525,-8.55953,1,8,0,0,0,0,0,0,2.816,0,176
5917,46484.160,14.8039,14.1258,14.1874,31,-.78125,-.78125,1123.75,1.24274,6,91.4,6.22,1.44,0,6.66667,0,14.2196,6.525,-8.55953,1,8,0,0,0,0,0,0,2.816,0,176
5918,46484.200,14.8039,14.0109,14.2343,31,-.78125,-.78125,1131.75,1.24274,6,91.4,6.22,1.44,0,6.66667,0,14.2196,6.525,-8.55643,1,8,0,0,0,0,0,0,2.816,0,176
5919,46484.240,14.8039,14.0109,14.2748,31,-.78125,-.78125,1127.5,1.24274,6.5,91.4,6.25,1.44,0,6.66667,0,14.2196,6.38,-8.55643,1,8,0,0,0,0,0,0,2.816,0,176
5920,46484.280,14.6356,13.8961,14.2748,31,-.78125,-.78125,1135.5,1.24274,6,91.4,6.22,1.42,0,6.27451,0,14.2196,6.235,-8.55211,1,8,0,0,0,0,0,0,2.56,0,176
5921,46484.320,14.7188,13.8961,14.3087,31,-.78125,-.78125,1143.25,0,5.5,91.4,6.07,1.42,0,5.88235,0,14.2196,6.235,-8.53767,1,8,0,0,0,0,0,0,2.56,0,176
5922,46484.360,14.6356,13.8961,14.3087,31,-.78125,-.78125,1122,0,8,91.4,5.81,1.4,0,5.88235,0,14.2196,6.09,-8.53767,1,8,0,0,0,0,0,0,2.56,0,176
5923,46484.400,14.4248,13.7813,15.1284,31,-.78125,-.78125,1113.25,0,9,91.4,5.71,1.4,0,5.88235,0,14.2196,5.945,-8.55709,1,8,0,0,0,0,0,0,2.304,0,176
5924,46484.440,14.4673,13.7813,14.9407,31,-.78125,-.78125,1103.25,0,11,91.4,5.66,1.4,0,5.88235,0,14.2196,5.945,-8.56653,1,8,0,0,0,0,0,0,2.56,0,176
5925,46484.480,14.508,13.7813,14.9407,31,-.78125,-.78125,1104,0,11,91.4,5.71,1.4,0,5.88235,0,14.2196,5.945,-8.56653,1,8,0,0,0,0,0,0,2.56,0,176
5926,46484.520,14.3397,13.7813,14.3702,31,-.78125,-.78125,1089.75,0,12,91.4,5.66,1.38,0,5.88235,0,14.2196,5.8,-8.58751,1,8,0,0,0,0,0,0,2.304,0,176
5927,46484.560,14.1289,13.8961,14.3702,31,0,-.78125,1068.75,0,14,91.4,5.64,1.4,0,6.27451,0,14.2196,5.8,-8.58751,1,8,0,0,0,0,0,0,2.304,0,176
5928,46484.600,13.7073,13.8961,14.3702,31,0,-.78125,1069.5,0,14,91.4,5.69,1.4,0,6.27451,0,14.2196,5.8,-8.60605,1,8,0,0,0,0,0,0,2.304,0,176
5929,46484.640,13.7924,14.0109,14.3565,31,0,-.78125,1055.75,0,15.5,91.4,5.75,1.4,0,6.27451,0,14.2196,5.8,-8.62206,1,8,0,0,0,0,0,0,2.304,0,176
5930,46484.680,13.7924,14.1258,14.3565,31,.78125,-.78125,1050.25,0,15.5,91.4,5.85,1.48,0,7.84314,0,14.2196,5.8,-8.62206,1,8,0,0,0,0,0,0,2.304,0,176
5931,46484.720,13.8775,14.1258,14.3428,31,.78125,-.78125,1020.5,0,16.5,91.4,7.59,1.5,0,7.84314,0,14.2196,5.8,-8.62007,1,8,0,0,0,0,0,0,2.304,0,176
5932,46484.760,14.0032,14.2406,14.3224,31,.78125,-.78125,1002.5,0,16.5,91.4,7.88,1.54,0,7.84314,0,14.2196,5.8,-8.66667,1,8,0,0,0,0,0,0,2.56,0,176
5933,46484.800,14.0032,14.3555,14.3224,31,1.5625,-.78125,985,0,17,91.4,8,1.54,0,7.84314,0,14.2196,5.8,-8.66667,1,8,0,0,0,0,0,0,2.56,0,176
5934,46484.840,14.0457,14.3555,14.2748,31,1.5625,-.78125,939.5,0,17,91.4,8.14,1.54,0,7.84314,0,14.2196,5.945,-8.68738,1,8,0,0,0,0,0,0,2.56,0,176
5935,46484.880,14.2565,14.4703,14.101,31,1.5625,-.78125,927.25,0,17,91.4,8.16,1.54,0,7.84314,0,14.2196,6.09,-8.68738,1,8,0,0,0,0,0,0,2.816,0,176
5936,46484.920,14.2972,14.5852,14.101,31,2.34375,-.78125,905.5,0,16.5,91.4,8.25,1.56,0,7.84314,0,14.2196,6.235,-8.73579,1,8,0,0,0,0,0,0,2.816,0,176
5937,46484.960,14.3823,14.5852,13.6101,31,2.34375,-.78125,907,0,16.5,91.4,8.25,1.54,0,7.84314,0,14.2196,6.38,-8.75431,1,8,0,0,0,0,0,0,3.072,0,176
5938,46485.000,14.4673,14.7,13.6101,31,2.34375,-.78125,892,0,16.5,91.4,8.08,1.5,0,7.05882,0,14.2196,6.525,-8.75431,1,8,0,0,0,0,0,0,3.072,0,176
5939,46485.040,14.3823,14.8148,13.6101,31,3.125,-.78125,897.5,0,16,91.4,7.55,1.48,1.56863,6.66667,18.5395,14.2196,6.67,-8.76468,1,8,0,0,0,0,0,0,3.072,0,176
5940,46485.080,14.6356,14.9297,13.7783,31,3.90625,-.78125,913,0,12,91.4,7.31,1.48,6.27451,9.01961,74.7197,14.2196,6.67,-6.60008,1,8,0,0,0,70.1961,0,0,3.072,0,176
5941,46485.120,14.8039,14.9297,13.7783,31,4.6875,-.78125,925,0,13,91.4,7.61,1.6,6.66667,10.1961,80.8139,14.2196,6.67,-6.60008,1,8,0,0,0,70.1961,0,0,3.072,0,176
5942,46485.160,14.887,15.0445,14.0026,31,5.46875,-.78125,934.5,0,13.5,91.4,8.89,1.66,5.88235,10.5882,68.2431,14.2196,6.815,-6.29745,1,8,0,0,0,74.902,0,0,3.072,0,176
5943,46485.200,14.887,15.0445,13.5124,31,6.25,-.78125,947.75,0,14.5,91.4,10.89,1.68,5.09804,10.5882,62.0487,14.2196,7.54,-6.29745,1,8,0,0,0,74.902,0,0,3.328,0,176
5944,46485.240,15.3512,14.9297,13.5124,31,7.03125,-.78125,964,0,15,91.4,10.99,1.68,5.09804,10.1961,61.7329,14.2196,7.54,-6.70139,1,8,0,0,0,66.6667,0,0,3.84,0,176
5945,46485.280,15.3086,14.3555,13.4882,31,6.25,-.78125,997.75,0,15,91.4,11.16,1.7,5.09804,10.1961,58.3297,14.2196,7.83,-6.7044,1,8,0,0,0,65.8824,0,0,3.584,0,176
5946,46485.320,14.214,13.8961,13.4882,31,3.90625,-.78125,1070.75,0,16,91.4,11.2,1.68,3.92157,10.1961,45.8216,14.2196,7.975,-6.7044,1,8,0,0,0,65.8824,0,0,3.84,0,176
5947,46485.360,13.6667,13.4367,13.3743,31,3.125,-.78125,1106.75,0,17,91.4,10.89,1.66,3.13725,9.41177,36.1827,14.2196,7.975,-7.27257,1,8,0,0,0,45.4902,0,0,3.84,0,176
5948,46485.400,12.9085,13.0922,13.5856,31,.78125,-.78125,1198.5,0,18.5,91.4,9.88,1.64,3.13725,9.01961,35.6835,14.2196,7.975,-7.42561,1,8,0,0,0,38.4314,0,0,3.584,0,176
5949,46485.440,12.191,12.7477,13.5856,31,-.78125,-.78125,1244.75,0,19.5,91.4,9.67,1.62,3.52941,9.01961,38.3427,14.2196,7.975,-7.42561,1,8,0,0,0,38.4314,0,0,3.584,0,176
5950,46485.480,12.6552,12.4031,13.6471,31,-2.34375,-.78125,1323,0,21.5,91.4,9.6,1.62,3.52941,9.01961,40.7064,14.2196,7.83,-7.336,1,8,0,0,0,40.7843,0,0,3.584,0,176
5951,46485.520,12.9492,12.4031,14.7794,31,-3.125,-.78125,1380,0,24,91.4,9.46,1.6,4.70588,9.41177,51.7435,14.2196,7.685,-6.92415,1,8,0,0,1,55.2941,0,0,3.072,0,176
5952,46485.560,12.9492,12.518,14.7794,31,-3.125,-.78125,1395.5,0,25,91.4,9.77,1.64,5.88235,10.5882,63.014,14.2196,7.395,-6.92415,1,8,0,0,2,55.2941,0,0,3.072,0,176
5953,46485.600,13.0768,12.6328,14.9111,31,-3.125,-.78125,1381.25,0,25,91.4,11.18,1.72,5.88235,11.3725,63.1867,14.2196,7.25,-6.49401,1,8,0,0,3,70.5882,0,0,3.072,0,176
5954,46485.640,13.2876,12.6328,14.9111,31,-3.90625,-.78125,1365,0,25,91.4,11.59,1.74,5.88235,11.7647,63.3866,14.2196,7.105,-6.49401,1,8,0,0,3,70.5882,0,0,3.328,0,176
5955,46485.680,13.2451,12.7477,13.9766,31,-3.90625,-.78125,1337.25,0,25,91.4,12.09,1.76,5.88235,11.7647,66.6149,14.2196,7.25,-6.57072,1,8,0,0,4,67.8431,0,0,3.328,0,176
5956,46485.720,13.5816,12.8625,13.9701,31,-4.6875,-.78125,1315.75,0,25,91.4,12.27,1.76,5.88235,11.7647,66.8907,14.2196,7.25,-6.46715,1,8,0,0,5,71.7647,0,0,3.328,0,176
5957,46485.760,13.6241,13.0922,13.9701,31,-3.90625,-.78125,1295.25,0,24.5,91.4,12.38,1.76,5.88235,11.7647,67.1532,14.2196,7.25,-6.46715,1,8,0,0,6,71.7647,0,0,3.328,0,176
5958,46485.800,13.8775,13.3219,13.9572,31,-3.90625,-.78125,1296.25,0,24,91.4,12.56,1.76,5.4902,11.7647,61.3079,14.2196,7.25,-6.54718,1,8,0,0,6,69.0196,0,0,3.328,0,176
5959,46485.840,13.9181,13.6664,13.9378,31,-3.125,-.78125,1294.75,0,23.5,91.4,12.56,1.76,5.09804,11.7647,58.4095,14.2196,7.395,-6.72294,1,8,0,0,7,62.7451,0,0,3.584,0,176
5960,46485.880,14.3823,13.8961,13.9378,31,-1.5625,-.78125,1302.5,0,23.5,91.4,12.38,1.74,5.09804,10.9804,58.3238,14.2196,7.54,-6.72294,1,8,0,0,7,62.7451,0,0,3.584,0,176
5961,46485.920,14.7613,14.1258,13.8992,31,-.78125,-.78125,1314,0,23,91.4,11.8,1.74,5.88235,10.9804,64.0057,14.2196,7.54,-6.63871,1,8,0,0,8,65.4902,0,0,3.584,0,176
5962,46485.960,14.4248,14.3555,13.8992,31,0,-.78125,1320.25,0,23,91.4,11.8,1.74,5.88235,11.3725,66.8279,14.2196,7.54,-6.63871,1,8,0,0,8,65.4902,0,0,3.584,0,176
5963,46486.000,14.6356,14.3555,13.912,31,.78125,-.78125,1329.5,0,23.5,93.2,11.8,1.74,5.88235,11.7647,66.71,14.2196,7.54,-6.47108,1,8,0,0,8,71.3726,0,0,3.584,0,176
5964,46486.040,14.508,14.3555,13.9249,31,.78125,-.78125,1341.75,0,23.5,93.2,12.2,1.76,5.88235,11.7647,66.5524,14.2196,7.54,-6.47723,1,8,0,0,8,71.3726,0,0,3.584,0,176
5965,46486.080,14.3397,14.3555,13.9249,31,.78125,-.78125,1353,0,23.5,93.2,12.11,1.76,6.27451,12.1569,69.2896,14.2196,7.54,-6.47723,1,8,0,0,8,71.3726,0,0,3.584,0,176
5966,46486.120,14.4673,14.2406,13.9249,31,.78125,-.78125,1369,0,23.5,93.2,12.47,1.76,7.45098,12.549,80.5604,14.2196,7.54,-6.2208,1,8,0,0,8,74.902,0,0,3.584,0,176
5967,46486.160,14.2565,14.1258,13.9313,31,.78125,-.78125,1391.5,0,23,93.2,13.8,1.8,8.23529,13.3333,88.7418,14.2196,7.54,-5.80783,1,8,0,0,8,74.902,0,0,3.584,0,176
5968,46486.200,14.1714,14.0109,13.9313,31,.78125,-.78125,1411,0,23,93.2,14.51,1.86,8.23529,13.7255,90.3235,14.2196,7.54,-5.80783,1,8,0,0,9,74.902,0,0,3.584,0,176
5969,46486.240,14.1289,13.8961,13.9249,31,.78125,-.78125,1451.25,0,22,93.2,15.94,1.86,9.01961,13.7255,93.9048,14.2196,7.685,-5.70424,1,8,0,0,8,74.902,0,0,3.84,0,176
5970,46486.280,14.0457,13.8961,13.9249,31,.78125,-.78125,1508,0,21.5,93.2,15.86,1.86,9.80392,13.7255,101.855,14.2196,7.975,-5.70424,1,8,0,0,9,74.902,0,0,3.84,0,176
5971,46486.320,13.9606,13.8961,13.8162,31,.78125,-.78125,1568.75,0,21,93.2,16.48,1.9,11.3725,14.902,114.846,14.2196,7.975,-5.13961,1,8,0,0,9,74.902,0,0,4.096,0,176
5972,46486.360,14.3823,13.8961,13.8036,31,1.5625,-.78125,1653.75,0,20.5,93.2,18.89,1.98,12.1569,16.0784,121.184,14.2196,8.12,-3.85075,1,8,0,0,10,74.902,0,0,4.096,0,176
5973,46486.400,14.508,14.0109,13.8036,31,1.5625,-.78125,1719.5,0,20.5,93.2,20.26,2,12.549,16.4706,122.203,14.2196,8.265,-3.85075,1,8,0,0,10,74.902,0,0,4.352,0,176
5974,46486.440,14.508,14.0109,13.5367,31,2.34375,-.78125,1779.5,0,20.5,93.2,20.86,2.02,12.1569,16.8627,118.998,14.2196,8.555,-3.61262,1,8,0,0,11,74.902,0,0,4.352,0,176
5975,46486.480,14.7188,14.1258,13.641,31,3.125,-.78125,1873.25,0,20.5,93.2,21.45,2.04,12.549,16.8627,119.929,14.2196,8.7,-3.76147,1,8,0,0,12,74.902,0,0,4.352,0,176
5976,46486.520,14.7613,14.3555,13.641,31,3.90625,-.78125,1931.25,0,20.5,93.2,21.84,2.04,12.549,16.4706,121.41,14.2196,8.7,-3.76147,1,8,0,0,13,74.902,0,0,4.352,0,176
5977,46486.560,14.9296,14.4703,13.7031,31,5.46875,-.78125,1978,0,20.5,93.2,21.5,2.02,12.549,16.4706,120.728,14.2196,8.7,-3.6819,1,8,0,0,14,74.902,0,0,4.352,0,176
5978,46486.600,14.9721,14.4703,13.7031,31,6.25,-.78125,2020.25,0,20.5,93.2,21.24,2.02,12.549,16.4706,120.378,14.2196,8.7,-3.6819,1,8,0,0,17,74.902,0,0,4.352,0,176
5979,46486.640,14.9296,14.2406,13.7973,31,6.25,-.78125,2027.25,0,21,93.2,21.32,2.02,12.549,16.0784,117.676,14.2196,8.7,-3.74337,1,8,0,0,17,74.902,0,0,4.352,0,176
5980,46486.680,15.0147,14.0109,13.8735,31,5.46875,-.78125,2009.25,0,21,93.2,20.9,2,12.1569,16.0784,115.568,14.2196,8.555,-4.15523,1,8,0,0,18,74.902,0,0,4.352,0,176
5981,46486.720,14.8464,13.6664,13.8735,31,3.90625,-.78125,1971.75,0,21,93.2,20.38,2,11.7647,15.6863,113.78,14.2196,8.555,-4.15523,1,8,0,0,19,74.902,0,0,4.096,0,176
5982,46486.760,13.9606,13.3219,13.9766,31,3.125,-.78125,1927,0,21,93.2,19.97,1.98,11.7647,15.6863,114.454,14.2196,8.41,-4.2513,1,8,0,0,19,74.902,0,0,4.096,0,176
5983,46486.800,13.3282,13.207,14.0483,31,2.34375,-.78125,1805,0,20.5,93.2,19.89,1.98,11.7647,15.6863,116.291,14.2196,8.41,-4.07292,1,8,0,0,20,74.902,0,0,4.096,0,176
5984,46486.840,13.1174,13.0922,14.0483,31,1.5625,-.78125,1702.75,0,19.5,93.2,20.64,2.04,12.549,17.2549,122.444,14.2196,8.41,-4.07292,1,8,0,0,20,74.902,0,0,4.352,0,176
5985,46486.880,13.0343,13.207,14.0549,31,1.5625,-.78125,1587,1.24274,18.5,93.2,23.17,2.12,13.3333,19.2157,130.747,14.2196,8.41,-3.08963,1,8,0,0,20,74.902,0,0,4.352,0,176
5986,46486.920,13.0343,13.3219,14.0549,31,1.5625,-.78125,1477,1.24274,16.5,93.2,26.29,2.2,13.3333,20.7843,132.122,14.2196,9.57,-3.08963,1,8,0,0,19,74.902,0,0,5.376,0,176
5987,46486.960,13.3708,13.4367,12.1639,31,1.5625,-.78125,1394.25,1.24274,14.5,93.2,29.1,2.22,13.3333,22.7451,131.446,14.2196,10.73,-2.71724,1,8,0,0,19,74.902,0,0,5.888,0,176
5988,46487.000,13.5816,13.4367,12.2132,31,1.5625,0,1326,1.24274,11.5,93.2,29.43,2.2,13.3333,23.1373,128.927,14.2196,11.6,-2.97054,1,8,0,0,18,74.902,0,0,6.144,0,176
5989,46487.040,13.1174,13.0922,12.2132,31,0,0,1310.75,1.86411,11,93.2,28.57,2.16,12.9412,23.5294,126.878,14.2196,12.035,-2.97054,1,8,0,0,17,74.902,0,0,6.4,0,176
5990,46487.080,12.2336,12.7477,12.4147,31,-3.125,0,1306.75,1.86411,10.5,93.2,26.47,2.12,12.549,23.5294,122.98,14.2196,12.325,-3.16978,1,8,0,0,15,74.902,0,0,6.144,0,176
5991,46487.120,12.191,12.518,12.8163,32,-6.25,0,1361,1.86411,11,93.2,24.35,2.12,12.1569,22.7451,121.158,14.2196,12.615,-3.65605,1,8,0,0,14,74.902,0,0,6.144,0,176
5992,46487.160,12.5275,12.6328,12.8163,32,-4.6875,0,1460.25,1.86411,11.5,93.2,23.6,2.08,10.9804,22.3529,110.754,14.2196,12.615,-3.65605,1,8,0,0,12,74.902,0,0,6.144,0,176
5993,46487.200,12.866,12.8625,13.0553,32,-4.6875,0,1602.25,1.86411,12,93.2,23.26,2.08,9.80392,21.1765,100.999,14.2196,12.615,-5.13134,1,8,0,0,11,74.902,0,0,6.144,0,176
5994,46487.240,13.0768,12.9773,13.0553,31,-3.90625,0,1823.75,1.86411,13.5,93.2,23.93,2.1,9.41177,20.7843,93.899,14.2196,12.325,-5.13134,1,8,0,0,10,74.902,0,0,5.888,0,176
5995,46487.280,13.2451,13.0922,13.464,31,-4.6875,0,1965.75,1.86411,15,93.2,24.48,2.12,9.01961,20.3922,85.7266,14.2196,12.035,-5.72625,1,8,0,0,10,74.902,0,0,5.376,0,176
5996,46487.320,13.2876,13.207,14.4878,31,-5.46875,0,2174.5,1.86411,16.5,93.2,24.77,2.12,8.23529,20,75.9034,14.2196,11.455,-6.35485,1,8,0,0,10,74.902,0,0,4.864,0,176
5997,46487.360,13.2025,13.207,14.4878,31,-5.46875,0,2335.75,1.86411,18,93.2,25.84,2.16,8.23529,19.6078,69.0894,14.2196,10.73,-6.35485,1,8,0,0,10,74.902,0,0,4.352,0,176
5998,46487.400,13.4133,13.3219,14.8743,31,-5.46875,0,2495,1.86411,19,93.2,27.42,2.18,8.23529,19.6078,65.2545,14.2196,10.295,-6.77684,1,8,0,0,11,74.902,0,0,4.352,0,176
5999,46487.440,13.7498,13.6664,14.8377,31,-3.90625,0,2659.25,1.86411,20.5,93.2,28.08,2.18,8.23529,19.6078,64.3091,14.2196,9.715,-6.77684,1,8,0,0,12,74.902,0,0,4.096,0,176
6000,46487.480,14.214,14.0109,14.8377,31,-2.34375,0,2763.5,1.86411,21,93.2,29.27,2.22,8.23529,19.6078,59.9744,14.2196,9.28,-6.89638,1,8,0,0,13,74.902,0,0,4.096,0,176
6001,46487.520,14.4673,14.2406,14.9185,31,-.78125,0,2750,1.86411,21.5,93.2,29.6,2.24,7.84314,19.6078,57.5928,14.2196,8.99,-7.09046,1,8,0,0,14,74.902,0,0,4.096,0,176
6002,46487.560,14.5505,14.4703,14.9185,31,0,0,2628.75,1.86411,21.5,93.2,30.03,2.24,8.23529,19.6078,63.8826,14.2196,8.7,-7.09046,1,8,0,0,16,74.902,0,0,4.096,0,176
6003,46487.600,14.2972,14.4703,14.5438,31,.78125,0,2512.25,1.86411,21,95,30.25,2.24,9.01961,20,72.8991,14.2196,8.7,-6.76135,1,8,0,0,18,74.902,0,0,4.352,0,176
6004,46487.640,14.214,14.2406,14.4738,32,1.5625,0,2360,1.86411,20,95,31.31,2.26,9.01961,20.3922,76.3103,14.2196,8.845,-6.471,1,8,0,0,18,74.902,0,0,4.352,0,176
6005,46487.680,13.9181,14.1258,14.4738,32,1.5625,0,2232.75,2.48548,19,95,31.95,2.26,8.62745,20.3922,76.9072,14.2196,8.99,-6.471,1,8,0,0,20,74.902,0,0,4.608,0,176
6006,46487.720,13.9606,14.1258,14.4184,32,1.5625,0,2093.75,2.48548,18,95,31.43,2.24,8.62745,20,80.4243,14.2196,9.135,-6.3392,1,8,0,0,21,74.902,0,0,4.864,0,176
6007,46487.760,14.214,14.1258,13.7909,32,3.125,0,1980.75,2.48548,17,95,29.82,2.22,8.62745,20,83.1228,14.2196,9.57,-6.3392,1,8,0,0,21,74.902,0,0,5.12,0,176
6008,46487.800,14.2972,14.2406,13.7909,32,3.90625,0,1903.75,2.48548,16.5,95,29.38,2.2,8.62745,20,84.4262,14.2196,9.86,-6.13524,1,8,0,0,20,74.902,0,0,5.376,0,176
6009,46487.840,14.0883,14.2406,13.8672,32,4.6875,0,1798.25,3.10686,15.5,95,28.73,2.2,8.23529,20,80.8927,14.2196,10.15,-6.07219,1,8,0,0,20,74.902,0,0,5.632,0,176
6010,46487.880,13.9606,14.1258,13.8672,32,4.6875,0,1740.25,3.10686,14.5,95,28.19,2.16,7.45098,19.2157,77.3404,14.2196,10.44,-6.07219,1,8,0,0,19,74.902,0,0,5.632,0,176
6011,46487.920,13.9181,14.0109,13.7846,32,4.6875,0,1676.75,3.10686,13.5,95,27.05,2.14,7.45098,19.2157,75.6802,14.2196,10.585,-6.31863,1,8,0,0,19,74.902,0,0,5.888,0,176
6012,46487.960,13.6241,13.7813,13.912,32,3.90625,0,1629.5,3.10686,13,95,25.58,2.12,7.45098,18.8235,76.4168,14.2196,10.73,-6.19614,1,8,0,0,17,74.902,0,0,5.888,0,176
6013,46488.000,13.3708,13.6664,13.912,32,3.125,0,1573.5,3.72823,12.5,95,24.43,2.1,7.05882,18.8235,74.4212,14.2196,10.875,-6.19614,1,8,0,0,16,74.902,0,0,5.888,0,176
6014,46488.040,13.2451,13.4367,13.8928,32,2.34375,0,1547.75,3.72823,12.5,95,24.31,2.1,6.27451,18.8235,66.5787,14.2196,10.875,-6.2354,1,8,0,0,15,74.902,0,0,5.888,0,176
6015,46488.080,13.0343,13.0922,13.8992,32,.78125,0,1539.75,3.72823,12.5,95,23.19,2.06,3.92157,17.6471,41.8421,14.2196,11.02,-7.22194,1,8,0,0,14,44.7059,0,0,5.888,0,176
6016,46488.120,12.866,12.8625,13.8992,32,-.78125,0,1568.75,3.72823,13,95,21.17,1.98,0,15.2941,0,14.2196,11.02,-7.22194,1,8,0,0,14,44.7059,0,0,5.632,0,176
6017,46488.160,12.5275,12.7477,13.9766,32,-2.34375,0,1615.25,4.3496,14,95,17.37,1.86,0,12.549,0,14.2196,10.875,-8.4841,1,8,0,0,12,0,0,0,5.12,0,176
6018,46488.200,12.6126,12.6328,13.9766,32,-3.125,-.78125,1665.75,4.3496,19.5,95,14.17,1.76,0,10.9804,0,14.2196,9.86,-8.4841,1,8,0,0,8,0,0,0,4.096,0,176
6019,46488.240,13.0768,12.518,17.3519,32,-3.125,-.78125,1721.5,4.3496,20.5,95,11.84,1.7,0,9.41177,0,14.2196,8.99,-8.7122,1,8,0,0,4,0,0,0,3.584,0,176
6020,46488.280,13.0343,12.4031,18.9821,32,-3.90625,-.78125,1795,4.3496,21.5,95,9.7,1.62,0,9.01961,0,14.2196,8.12,-8.90941,1,8,0,0,2,0,0,0,3.072,0,176
6021,46488.320,12.9085,12.2883,18.9821,32,-3.90625,-.78125,1843,4.3496,20,95,9.15,1.56,0,8.23529,0,14.2196,7.54,-8.90941,1,8,0,0,0,0,0,0,2.816,0,176
6022,46488.360,13.0343,12.518,16.0993,32,-3.90625,-.78125,1910.25,4.3496,14,95,8.22,1.56,0,8.23529,0,14.2196,6.96,-9.16768,1,8,0,0,0,0,0,0,3.072,0,176
6023,46488.400,13.2876,12.7477,17.2229,32,-4.6875,-.78125,1926,4.3496,13,96.8,8.22,1.56,0,8.23529,0,14.2196,6.67,-9.28748,1,8,0,0,0,0,0,0,2.816,0,176
6024,46488.440,13.6241,13.0922,17.2229,32,-3.90625,-.78125,1918.5,4.3496,14,96.8,8.14,1.54,0,8.23529,0,14.2196,6.235,-9.28748,1,8,0,0,0,0,0,0,2.56,0,176
6025,46488.480,13.9181,13.3219,16.5597,32,-3.90625,-.78125,1921,4.3496,13.5,96.8,8.37,1.56,0,8.23529,0,14.2196,5.945,-9.29578,1,8,0,0,0,0,0,0,2.56,0,176
6026,46488.520,14.1714,13.4367,16.5597,32,-3.90625,-.78125,1907.25,4.3496,14,96.8,8.1,1.54,0,8.23529,0,14.2196,5.655,-9.29578,1,8,0,0,0,0,0,0,2.304,0,176
6027,46488.560,14.2972,13.5516,15.7538,32,-3.90625,-.78125,1874.5,4.3496,16,96.8,8.1,1.54,0,8.23529,0,14.2196,5.51,-9.2414,1,8,0,0,0,0,0,0,2.304,0,176
6028,46488.600,14.3823,13.6664,14.736,32,-3.90625,-.78125,1849.75,4.3496,17,96.8,8.1,1.54,0,8.23529,0,14.2196,5.365,-9.14441,1,8,0,0,0,0,0,0,2.304,0,176
6029,46488.640,14.3823,13.8961,14.736,32,-3.90625,-.78125,1833.25,4.3496,17,96.8,8.05,1.54,0,8.23529,0,14.2196,5.22,-9.14441,1,8,0,0,0,0,0,0,2.304,0,176
6030,46488.680,14.3823,14.0109,14.6357,32,-3.90625,-.78125,1803.5,4.3496,16.5,96.8,8.08,1.54,0,8.23529,0,14.2196,5.075,-9.04604,1,8,0,0,0,0,0,0,2.304,0,176
6031,46488.720,14.5505,14.1258,14.5508,32,-3.125,-.78125,1770.75,4.3496,16.5,96.8,8.1,1.54,0,8.23529,0,14.2196,5.075,-8.90484,1,8,0,0,0,0,0,0,2.048,0,176
6032,46488.760,14.5505,14.3555,14.5508,32,-3.125,-.78125,1725.75,4.3496,16.5,96.8,8.04,1.54,0,7.84314,0,14.2196,5.075,-8.90484,1,8,0,0,0,0,0,0,2.048,0,176
6033,46488.800,14.7613,14.4703,14.4738,32,-2.34375,-.78125,1643.5,3.72823,16.5,96.8,8.08,1.54,0,7.84314,0,14.2196,5.075,-8.67407,1,8,0,0,0,0,0,0,2.304,0,176
6034,46488.840,14.8464,14.5852,14.4738,32,-2.34375,-.78125,1604.75,3.72823,16.5,96.8,8.05,1.54,0,7.84314,0,14.2196,5.075,-8.67407,1,8,0,0,0,0,0,0,2.304,0,176
6035,46488.880,15.0147,14.7,14.4253,32,-2.34375,-.78125,1567.25,3.72823,16.5,96.8,8.04,1.54,0,7.84314,0,14.2196,5.075,-8.4954,1,8,0,0,0,0,0,0,2.304,0,176
6036,46488.920,15.3086,14.8148,14.3839,32,-1.5625,-.78125,1539,3.72823,16.5,96.8,8.08,1.54,0,7.84314,0,14.2196,5.075,-8.48389,1,8,0,0,0,0,0,0,2.304,0,176
6037,46488.960,15.3086,14.9297,14.3839,32,-1.5625,-.78125,1495.25,3.72823,16.5,96.8,8.04,1.54,0,7.84314,0,14.2196,5.075,-8.48389,1,8,0,0,0,0,0,0,2.304,0,176
6038,46489.000,15.4363,14.9297,14.3497,32,-.78125,-.78125,1469.25,3.72823,16.5,96.8,8.1,1.54,0,7.45098,0,14.2196,5.075,-8.48387,1,8,0,0,0,0,0,0,2.304,0,176
6039,46489.040,15.562,15.0445,14.3292,32,-.78125,-.78125,1435,3.72823,16.5,96.8,8.08,1.54,0,7.45098,0,14.2196,5.075,-8.48385,1,8,0,0,0,0,0,0,2.304,0,176
6040,46489.080,15.7303,15.0445,14.3292,32,0,-.78125,1415,3.72823,16.5,96.8,8.02,1.52,0,7.45098,0,14.2196,5.075,-8.48385,1,8,0,0,0,0,0,0,2.304,0,176
6041,46489.120,15.7303,15.0445,14.3087,32,0,-.78125,1402.5,3.72823,16.5,96.8,7.96,1.52,0,7.45098,0,14.2196,5.075,-8.48384,1,8,0,0,0,0,0,0,2.304,0,176
6042,46489.160,15.856,15.0445,14.3087,32,.78125,-.78125,1390,3.72823,16.5,96.8,7.82,1.52,0,7.45098,0,14.2196,5.075,-8.48384,1,8,0,0,0,0,0,0,2.304,0,176
6043,46489.200,15.9411,15.0445,14.3019,32,.78125,-.78125,1392,3.72823,16.5,96.8,7.84,1.52,0,7.45098,0,14.2196,5.075,-8.48382,1,8,0,0,0,0,0,0,2.304,0,176
6044,46489.240,15.8153,15.0445,14.2748,32,1.5625,-.78125,1378.5,3.72823,16.5,96.8,7.86,1.52,0,7.45098,0,14.2196,5.075,-8.4838,1,8,0,0,0,0,0,0,2.304,0,176
6045,46489.280,15.9411,15.0445,14.2748,32,1.5625,-.78125,1369,3.72823,16.5,96.8,7.88,1.52,0,7.45098,0,14.2196,5.075,-8.4838,1,8,0,0,0,0,0,0,2.56,0,176
6046,46489.320,15.9836,14.9297,14.2748,32,1.5625,-.78125,1359.75,3.72823,16.5,96.8,7.84,1.5,0,7.45098,0,14.2196,5.22,-8.48379,1,8,0,0,0,0,0,0,2.56,0,176
6047,46489.360,15.9836,14.9297,14.2748,32,2.34375,-.78125,1352.5,3.72823,16.5,96.8,7.86,1.52,0,7.45098,0,14.2196,5.22,-8.48377,1,8,0,0,0,0,0,0,2.56,0,176
6048,46489.400,15.7728,14.8148,14.2748,32,2.34375,-.78125,1341.25,3.72823,16.5,96.8,7.86,1.52,0,7.45098,0,14.2196,5.22,-8.48377,1,8,0,0,0,0,0,0,2.56,0,176
6049,46489.440,15.6471,14.7,14.2748,32,2.34375,-.78125,1337.25,3.72823,16.5,96.8,7.82,1.5,0,7.45098,0,14.2196,5.22,-8.48375,1,8,0,0,0,0,0,0,2.56,0,176
6050,46489.480,15.6045,14.5852,14.2748,32,2.34375,-.78125,1328.5,3.72823,16.5,96.8,7.82,1.52,0,7.45098,0,14.2196,5.22,-8.48375,1,8,0,0,0,0,0,0,2.56,0,176
6051,46489.520,15.3086,14.4703,14.2748,32,2.34375,-.78125,1323.5,3.72823,16.5,96.8,7.84,1.52,0,7.45098,0,14.2196,5.22,-8.48374,1,8,0,0,0,0,0,0,2.56,0,176
6052,46489.560,15.1829,14.3555,14.2748,32,3.125,-.78125,1315.5,3.72823,16.5,96.8,7.86,1.52,0,7.45098,0,14.2196,5.22,-8.48372,1,8,0,0,0,0,0,0,2.56,0,176
6053,46489.600,14.9721,14.2406,14.2748,32,3.125,-.78125,1319.25,3.72823,16.5,96.8,7.84,1.52,0,7.45098,0,14.2196,5.22,-8.48372,1,8,0,0,0,0,0,0,2.56,0,176
6054,46489.640,14.9296,14.1258,14.2748,32,3.125,-.78125,1307.25,3.72823,16.5,96.8,7.84,1.52,0,7.84314,0,14.2196,5.22,-8.4837,1,8,0,0,0,0,0,0,2.56,0,176
6055,46489.680,14.887,14.1258,14.2276,32,3.125,-.78125,1291,3.72823,16.5,96.8,8,1.54,0,7.84314,0,14.2196,5.365,-8.48369,1,8,0,0,0,0,0,0,2.56,0,176
6056,46489.720,14.7613,14.0109,14.2276,32,3.125,-.78125,1277,3.72823,16.5,96.8,8.04,1.54,0,8.23529,0,14.2196,5.365,-8.48369,1,8,0,0,0,0,0,0,2.56,0,176
6057,46489.760,14.0457,14.0109,14.2142,32,3.125,-.78125,1266.5,3.72823,16.5,96.8,8.16,1.54,0,8.23529,0,14.2196,5.365,-8.48367,1,8,0,0,0,0,0,0,2.56,0,176
6058,46489.800,13.9606,13.8961,14.2142,32,3.125,-.78125,1251.5,3.72823,16.5,96.8,8.18,1.54,0,8.23529,0,14.2196,5.365,-8.48367,1,8,0,0,0,0,0,0,2.56,0,176
6059,46489.840,13.9181,13.8961,14.1874,32,3.125,-.78125,1249.75,3.72823,16.5,96.8,8.1,1.56,0,8.23529,0,14.2196,5.365,-8.48366,1,8,0,0,0,0,0,0,2.56,0,176
6060,46489.880,13.9181,13.8961,14.154,32,3.125,-.78125,1247.75,3.72823,16.5,96.8,8.25,1.56,0,8.23529,0,14.2196,5.51,-8.48364,1,8,0,0,0,0,0,0,2.816,0,176
6061,46489.920,13.7924,13.8961,14.154,32,3.125,-.78125,1248.25,3.72823,16.5,96.8,8.37,1.56,0,7.84314,0,14.2196,5.655,-8.48364,1,8,0,0,0,0,0,0,2.816,0,176
6062,46489.960,13.8775,13.8961,14.1275,32,3.125,-.78125,1243.75,3.72823,16.5,96.8,8.37,1.56,0,7.84314,0,14.2196,5.655,-8.48363,1,8,0,0,0,0,0,0,2.816,0,176
6063,46490.000,13.8775,13.8961,14.0944,32,3.125,-.78125,1240.5,3.10686,16.5,96.8,8.43,1.56,0,7.84314,0,14.2196,5.655,-8.48362,1,8,0,0,0,0,0,0,2.816,0,176
6064,46490.040,13.7498,13.8961,14.0944,32,3.125,-.78125,1238.25,3.10686,16.5,96.8,8.14,1.54,0,7.84314,0,14.2196,5.655,-8.48362,1,8,0,0,0,0,0,0,2.816,0,176
6065,46490.080,13.9181,13.8961,14.0878,31,3.125,-.78125,1248.25,3.10686,16.5,96.8,8.14,1.56,0,7.84314,0,14.2196,5.8,-8.4836,1,8,0,0,0,0,0,0,2.816,0,176
6066,46490.120,13.9606,13.8961,14.0878,31,3.90625,-.78125,1249,3.10686,16.5,96.8,8.18,1.54,0,7.84314,0,14.2196,5.8,-8.4836,1,8,0,0,0,0,0,0,2.816,0,176
6067,46490.160,13.8775,14.0109,14.0812,31,3.90625,-.78125,1254,3.10686,16.5,96.8,8.08,1.54,0,7.84314,0,14.2196,5.8,-8.48359,1,8,0,0,0,0,0,0,2.816,0,176
6068,46490.200,13.9606,13.8961,14.0812,31,3.90625,-.78125,1247.75,3.10686,16.5,96.8,8.1,1.54,0,7.84314,0,14.2196,5.8,-8.48357,1,8,0,0,0,0,0,0,2.816,0,176
6069,46490.240,13.8775,13.8961,14.0812,31,3.90625,-.78125,1266.25,3.10686,16.5,96.8,8.08,1.54,0,7.45098,0,14.2196,5.8,-8.48357,1,8,0,0,0,0,0,0,2.816,0,176
6070,46490.280,13.7924,13.8961,14.0944,31,3.90625,-.78125,1284.25,3.10686,16.5,96.8,7.98,1.5,0,7.45098,0,14.2196,5.8,-8.48356,1,8,0,0,0,0,0,0,2.816,0,176
6071,46490.320,13.7924,13.7813,14.0944,31,3.90625,-.78125,1292.75,2.48548,16.5,96.8,7.84,1.52,0,7.45098,0,14.2196,5.8,-8.48356,1,8,0,0,0,0,0,0,2.816,0,176
6072,46490.360,13.8775,13.6664,14.0944,31,3.90625,-.78125,1302.5,2.48548,16.5,96.8,7.84,1.52,0,7.45098,0,14.2196,5.8,-8.48355,1,8,0,0,0,0,0,0,2.816,0,176
6073,46490.400,13.7498,13.6664,14.1208,31,3.90625,-.78125,1314.25,2.48548,16,96.8,7.77,1.5,0,7.45098,0,14.2196,5.8,-8.48353,1,8,0,0,0,0,0,0,2.816,0,176
6074,46490.440,13.7073,13.5516,14.1208,31,3.125,-.78125,1316,2.48548,15.5,96.8,7.79,1.5,0,7.45098,0,14.2196,5.655,-8.48353,1,8,0,0,0,0,0,0,2.816,0,176
6075,46490.480,13.5816,13.4367,14.1341,31,3.125,-.78125,1312.25,2.48548,15.5,96.8,7.77,1.5,0,7.05882,0,14.2196,5.655,-8.48352,1,8,0,0,0,0,0,0,2.816,0,176
6076,46490.520,13.5816,13.3219,14.154,31,3.125,-.78125,1300.5,2.48548,16,96.8,7.79,1.5,0,7.05882,0,14.2196,5.655,-8.4835,1,8,0,0,0,0,0,0,2.816,0,176
6077,46490.560,13.539,13.207,14.154,31,3.125,-.78125,1297,2.48548,16,96.8,7.62,1.48,0,6.66667,0,14.2196,5.655,-8.4835,1,8,0,0,0,0,0,0,2.56,0,176
6078,46490.600,13.4559,13.207,14.1673,31,2.34375,-.78125,1287.5,2.48548,16,96.8,7.28,1.46,0,6.27451,0,14.2196,5.655,-8.48349,1,8,0,0,0,0,0,0,2.56,0,176
6079,46490.640,13.2876,13.0922,14.1941,31,2.34375,-.78125,1289.5,2.48548,16,96.8,7,1.46,0,6.27451,0,14.2196,5.655,-8.48347,1,8,0,0,0,0,0,0,2.56,0,176
6080,46490.680,13.16,12.9773,14.1941,31,2.34375,-.78125,1279,2.48548,16.5,96.8,6.29,1.44,0,6.27451,0,14.2196,5.51,-8.48347,1,8,0,0,0,0,0,0,2.56,0,176
6081,46490.720,13.16,12.9773,14.2276,31,1.5625,-.78125,1253.75,1.86411,16.5,96.8,6.22,1.44,0,6.27451,0,14.2196,5.51,-8.48346,1,8,0,0,0,0,0,0,2.56,0,176
6082,46490.760,13.0343,12.9773,14.2276,31,1.5625,-.78125,1236.5,1.86411,16.5,96.8,6.22,1.44,0,6.27451,0,14.2196,5.51,-8.48346,1,8,0,0,0,0,0,0,2.56,0,176
6083,46490.800,12.9085,12.9773,14.2748,31,1.5625,-.78125,1209,1.86411,16.5,98.6,6.25,1.44,0,6.27451,0,14.2196,5.365,-8.48345,1,8,0,0,0,0,0,0,2.304,0,176
6084,46490.840,13.0343,12.9773,14.2748,31,.78125,-.78125,1180,1.86411,16.5,98.6,6.29,1.44,0,6.27451,0,14.2196,5.365,-8.48343,1,8,0,0,0,0,0,0,2.304,0,176
6085,46490.880,13.0343,12.9773,14.2748,31,.78125,-.78125,1171.5,1.86411,16.5,98.6,6.33,1.46,0,6.27451,0,14.2196,5.365,-8.48343,1,8,0,0,0,0,0,0,2.304,0,176
6086,46490.920,13.0343,12.9773,14.2748,31,.78125,-.78125,1138.25,1.86411,16.5,98.6,6.37,1.44,0,6.66667,0,14.2196,5.365,-8.53208,1,8,0,0,0,0,0,0,2.304,0,176
6087,46490.960,13.0768,12.9773,14.2748,31,.78125,-.78125,1116.5,1.86411,16.5,98.6,6.42,1.46,0,6.66667,0,14.2196,5.365,-8.56003,1,8,0,0,0,0,0,0,2.304,0,176
6088,46491.000,13.2451,12.9773,14.2748,31,0,-.78125,1087.5,1.86411,16.5,98.6,6.46,1.44,0,6.66667,0,14.2196,5.365,-8.56003,1,8,0,0,0,0,0,0,2.304,0,176
6089,46491.040,12.9085,13.0922,14.2748,31,0,-.78125,1087,1.86411,16.5,98.6,6.42,1.44,0,6.27451,0,14.2196,5.365,-8.58664,1,8,0,0,0,0,0,0,2.304,0,176
6090,46491.080,13.0343,13.0922,14.2748,31,0,-.78125,1060.5,1.86411,16.5,98.6,6.11,1.42,0,5.88235,0,14.2196,5.365,-8.58664,1,8,0,0,0,0,0,0,2.304,0,176
6091,46491.120,13.5816,13.207,14.2748,31,0,-.78125,1044,1.24274,16.5,98.6,5.89,1.42,0,5.88235,0,14.2196,5.365,-8.61147,1,8,0,0,0,0,0,0,2.304,0,176
6092,46491.160,13.7073,13.207,14.2748,31,0,-.78125,1043.75,1.24274,16.5,98.6,5.89,1.42,0,5.88235,0,14.2196,5.365,-8.62683,1,8,0,0,0,0,0,0,2.304,0,176
6093,46491.200,13.7498,13.3219,14.2748,31,0,-.78125,1014.75,1.24274,16.5,98.6,5.68,1.4,0,5.88235,0,14.2196,5.365,-8.62683,1,8,0,0,0,0,0,0,2.304,0,176
6094,46491.240,13.8775,13.4367,14.2748,31,.78125,-.78125,998.25,1.24274,17,98.6,5.68,1.4,0,5.88235,0,14.2196,5.365,-8.65362,1,8,0,0,0,0,0,0,2.304,0,176
6095,46491.280,13.9606,13.4367,14.2748,31,.78125,-.78125,991.75,0,17,98.6,5.71,1.4,0,5.88235,0,14.2196,5.365,-8.67464,1,8,0,0,0,0,0,0,2.304,0,176
6096,46491.320,13.7498,13.5516,14.2748,31,.78125,-.78125,960.25,0,17,98.6,5.68,1.4,0,6.66667,0,14.2196,5.365,-8.67464,1,8,0,0,0,0,0,0,2.304,0,176
6097,46491.360,13.9181,13.5516,14.2748,31,.78125,-.78125,938.5,0,17,98.6,5.96,1.46,0,7.45098,0,14.2196,5.365,-8.70357,1,8,0,0,0,0,0,0,2.56,0,176
6098,46491.400,14.0032,13.5516,14.2748,31,.78125,-.78125,928.5,0,17,98.6,6.95,1.5,0,7.45098,0,14.2196,5.365,-8.70357,1,8,0,0,0,0,0,0,2.56,0,176
6099,46491.440,14.1289,13.6664,14.2748,31,.78125,-.78125,896,0,17,98.6,7.71,1.52,0,7.84314,0,14.2196,5.51,-8.73269,1,8,0,0,0,0,0,0,2.56,0,176
6100,46491.480,14.1714,13.6664,14.0878,31,.78125,-.78125,880.25,0,17,98.6,7.84,1.54,0,7.84314,0,14.2196,5.51,-8.77703,1,8,0,0,0,0,0,0,2.56,0,176
6101,46491.520,14.214,13.6664,14.0878,31,.78125,-.78125,854.5,0,17,98.6,7.94,1.54,0,7.84314,0,14.2196,5.655,-8.77703,1,8,0,0,0,0,0,0,2.816,0,176
6102,46491.560,14.214,13.6664,12.9934,31,.78125,-.78125,825.75,0,16.5,98.6,8.06,1.54,0,7.45098,0,14.2196,6.235,-8.80569,1,8,0,0,0,0,0,0,2.816,0,176
6103,46491.600,14.1714,13.7813,13.061,31,.78125,-.78125,824.75,0,16,98.6,8.06,1.54,0,7.45098,0,14.2196,6.38,-8.82803,1,8,0,0,0,0,0,0,3.072,0,176
6104,46491.640,14.3397,13.8961,13.061,31,.78125,-.78125,816.5,0,16,98.6,8.04,1.52,0,7.05882,0,14.2196,6.525,-8.82803,1,8,0,0,0,0,0,0,3.072,0,176
6105,46491.680,14.2972,13.8961,13.2391,31,1.5625,-.78125,822.5,0,15.5,98.6,7.82,1.48,0,6.66667,0,14.2196,6.67,-8.83542,1,8,0,0,0,0,0,0,3.072,0,176
6106,46491.720,14.3397,13.8961,13.2391,31,1.5625,-.78125,833.25,0,15.5,98.6,7.07,1.44,0,5.4902,0,14.2196,6.815,-8.83542,1,8,0,0,0,0,0,0,3.072,0,176
6107,46491.760,14.508,14.0109,13.5063,31,1.5625,-.78125,861.5,0,15.5,98.6,6.07,1.42,0,5.4902,0,14.2196,6.815,-8.82015,1,8,0,0,0,0,0,0,3.072,0,176
6108,46491.800,14.508,14.0109,13.7846,31,1.5625,-.78125,873.5,0,15.5,98.6,5.69,1.4,0,5.4902,0,14.2196,6.815,-8.78306,1,8,0,0,0,0,0,0,3.072,0,176
6109,46491.840,14.4673,14.1258,13.7846,31,1.5625,-.78125,926,0,16,98.6,5.46,1.36,0,5.4902,0,14.2196,6.815,-8.78306,1,8,0,0,0,0,0,0,3.072,0,176
6110,46491.880,14.7188,14.0109,13.8226,31,1.5625,-.78125,948,0,16,98.6,5.42,1.36,0,5.4902,0,14.2196,6.67,-8.73492,1,8,0,0,0,0,0,0,3.072,0,176
6111,46491.920,14.7613,13.8961,13.8672,31,1.5625,-.78125,953.25,0,16,98.6,5.36,1.38,0,5.4902,0,14.2196,6.67,-8.70996,1,8,0,0,0,0,0,0,2.816,0,176
6112,46491.960,14.6356,13.7813,13.8672,31,1.5625,-.78125,970.25,0,16.5,98.6,5.36,1.36,0,5.4902,0,14.2196,6.525,-8.70996,1,8,0,0,0,0,0,0,2.816,0,176
6113,46492.000,14.7188,13.5516,14.5438,31,.78125,-.78125,999.5,0,16.5,98.6,5.4,1.36,0,5.4902,0,14.2196,6.38,-8.68396,1,8,0,0,0,0,0,0,2.56,0,176
6114,46492.040,14.4673,13.3219,14.5438,31,.78125,-.78125,1003,0,16,98.6,5.36,1.38,0,5.4902,0,14.2196,6.38,-8.68396,1,8,0,0,0,0,0,0,2.56,0,176
6115,46492.080,14.1289,13.207,14.6785,31,0,-.78125,1018.5,0,15.5,98.6,5.36,1.36,0,5.4902,0,14.2196,6.235,-8.66411,1,8,0,0,0,0,0,0,2.56,0,176
6116,46492.120,13.4559,12.9773,14.7649,31,-.78125,-.78125,1038,0,14,98.6,5.32,1.36,0,5.4902,0,14.2196,6.09,-8.63188,1,8,0,0,0,0,0,0,2.56,0,176
6117,46492.160,13.2451,12.9773,14.7649,31,-1.5625,-.78125,1038.75,0,14,98.6,5.36,1.38,0,5.4902,0,14.2196,6.09,-8.63188,1,8,0,0,0,0,0,0,2.56,0,176
6118,46492.200,13.1174,12.8625,14.7,31,-1.5625,-1.5625,1047.25,0,13,98.6,5.54,1.38,0,5.4902,0,14.2196,5.945,-8.61908,1,8,0,0,0,0,0,0,2.56,0,176
6119,46492.240,13.1174,12.8625,14.1941,31,-2.34375,-1.5625,1053.75,0,12,98.6,5.48,1.38,0,5.4902,0,14.2196,5.945,-8.61741,1,8,0,0,0,0,0,0,2.56,0,176
6120,46492.280,12.8234,12.8625,14.1941,31,-2.34375,-1.5625,1045.5,0,13,98.6,5.48,1.38,0,5.4902,0,14.2196,5.8,-8.61741,1,8,0,0,0,0,0,0,2.304,0,176
6121,46492.320,12.7809,12.8625,14.2276,31,-2.34375,-1.5625,1031.75,0,14.5,98.6,5.5,1.38,0,5.4902,0,14.2196,5.8,-8.61898,1,8,0,0,0,0,0,0,2.304,0,176
6122,46492.360,12.7809,12.9773,14.2276,31,-2.34375,-1.5625,1026.5,0,15,98.6,5.48,1.38,0,5.4902,0,14.2196,5.8,-8.61898,1,8,0,0,0,0,0,0,2.304,0,176
6123,46492.400,12.9492,13.0922,14.2748,31,-2.34375,-1.5625,1017,0,15.5,98.6,5.52,1.38,0,5.4902,0,14.2196,5.655,-8.64257,1,8,0,0,0,0,0,0,2.304,0,176
6124,46492.440,12.9085,13.0922,14.2748,31,-2.34375,-1.5625,999.25,0,16.5,98.6,5.48,1.38,0,5.4902,0,14.2196,5.655,-8.66762,1,8,0,0,0,0,0,0,2.304,0,176
6125,46492.480,12.9492,13.207,14.2748,31,-2.34375,-1.5625,995.5,0,16.5,98.6,5.46,1.38,0,5.4902,0,14.2196,5.655,-8.66762,1,8,0,0,0,0,0,0,2.304,0,176
6126,46492.520,12.9917,13.3219,14.2748,31,-1.5625,-1.5625,981.75,0,16.5,98.6,5.44,1.38,0,5.4902,0,14.2196,5.655,-8.68351,1,8,0,0,0,0,0,0,2.304,0,176
6127,46492.560,13.1174,13.4367,14.2748,31,-1.5625,-1.5625,954.5,0,17,98.6,5.46,1.38,0,5.4902,0,14.2196,5.655,-8.70858,1,8,0,0,0,0,0,0,2.304,0,176
6128,46492.600,13.1174,13.5516,14.2748,31,-1.5625,-1.5625,947,0,17,98.6,5.48,1.4,0,5.4902,0,14.2196,5.655,-8.70858,1,8,0,0,0,0,0,0,2.304,0,176
6129,46492.640,13.2451,13.6664,14.2748,31,-1.5625,-1.5625,929.5,0,17,98.6,5.52,1.4,0,5.88235,0,14.2196,5.655,-8.7315,1,8,0,0,0,0,0,0,2.304,0,176
6130,46492.680,13.3708,13.6664,14.2748,31,-.78125,-1.5625,921.75,0,17,98.6,5.6,1.38,0,5.88235,0,14.2196,5.655,-8.7315,1,8,0,0,0,0,0,0,2.304,0,176
6131,46492.720,13.3282,13.7813,14.2748,31,-.78125,-1.5625,887.75,0,17,98.6,5.58,1.38,0,5.88235,0,14.2196,5.655,-8.76242,1,8,0,0,0,0,0,0,2.304,0,176
6132,46492.760,13.6667,13.8961,14.2748,31,-.78125,-1.5625,869.25,0,17,98.6,5.54,1.38,0,5.88235,0,14.2196,5.655,-8.78695,1,8,0,0,0,0,0,0,2.304,0,176
6133,46492.800,13.7073,14.0109,14.2748,31,0,-2.34375,864,0,17,98.6,5.6,1.4,0,5.88235,0,14.2196,5.655,-8.78695,1,8,0,0,0,0,0,0,2.304,0,176
6134,46492.840,13.7498,14.0109,14.2748,31,0,-2.34375,838.25,0,17,98.6,5.6,1.4,0,5.88235,0,14.2196,5.655,-8.79162,1,8,0,0,0,0,0,0,2.56,0,176
6135,46492.880,13.9606,14.1258,14.2748,31,0,-2.34375,826.5,0,17,98.6,5.56,1.4,0,5.88235,0,14.2196,5.655,-8.82609,1,8,0,0,0,0,0,0,2.56,0,176
6136,46492.920,13.9181,14.1258,14.2748,31,.78125,-2.34375,803.5,0,17,98.6,5.6,1.4,0,5.88235,0,14.2196,5.8,-8.82609,1,8,0,0,0,0,0,0,2.56,0,176
6137,46492.960,13.9606,14.2406,14.2748,31,.78125,-2.34375,792,0,17,98.6,5.62,1.4,0,5.88235,0,14.2196,5.8,-8.85044,1,8,0,0,0,0,0,0,2.56,0,176
6138,46493.000,14.0883,14.2406,14.2748,31,.78125,-3.90625,773.5,0,17,98.6,5.56,1.4,0,5.88235,0,14.2196,5.8,-8.85044,1,8,0,0,0,0,0,0,2.56,0,176
6139,46493.040,14.2565,14.3555,14.2209,31,1.5625,-3.90625,763,0,17,98.6,5.6,1.4,0,5.88235,0,14.2196,5.8,-8.85043,1,8,0,0,0,0,0,0,2.56,0,176
6140,46493.080,14.3397,14.3555,14.0222,31,1.5625,-3.90625,744.75,0,17,98.6,5.62,1.4,0,5.88235,0,14.2196,5.945,-8.85042,1,8,0,0,0,0,0,0,2.56,0,176
6141,46493.120,14.3823,14.3555,14.0222,31,1.5625,-3.90625,748,0,17,98.6,5.71,1.4,0,5.88235,0,14.2196,6.09,-8.85042,1,8,0,0,0,0,0,0,2.56,0,176
6142,46493.160,15.0147,14.3555,13.8162,31,1.5625,-3.90625,745,0,17,98.6,5.66,1.4,0,5.88235,0,14.2196,6.09,-8.85042,1,8,0,0,0,0,0,0,2.816,0,176
6143,46493.200,15.1829,14.3555,13.7469,31,2.34375,-3.90625,746.25,0,16.5,98.6,5.64,1.4,0,5.88235,0,14.2196,6.235,-8.85041,1,8,0,0,0,0,0,0,2.816,0,176
6144,46493.240,15.1829,14.4703,13.7469,31,2.34375,-3.90625,742.25,0,16.5,98.6,5.6,1.4,0,5.88235,0,14.2196,6.38,-8.85041,1,8,0,0,0,0,0,0,2.816,0,176
6145,46493.280,15.268,14.3555,13.8863,31,2.34375,-3.90625,750.75,0,16.5,98.6,5.58,1.38,0,5.88235,0,14.2196,6.38,-8.8504,1,8,0,0,0,0,0,0,2.816,0,176
6146,46493.320,15.2255,14.3555,13.8863,31,2.34375,-3.90625,754,0,16.5,98.6,5.5,1.38,0,5.4902,0,14.2196,6.525,-8.8504,1,8,0,0,0,0,0,0,2.816,0,176
6147,46493.360,15.2255,14.3555,13.8799,31,2.34375,-3.90625,761.75,0,16.5,98.6,5.5,1.38,0,5.4902,0,14.2196,6.525,-8.85039,1,8,0,0,0,0,0,0,2.816,0,176
6148,46493.400,15.2255,14.3555,13.9766,31,3.125,-3.90625,763.25,0,16.5,98.6,5.48,1.38,0,5.4902,0,14.2196,6.525,-8.85038,1,8,0,0,0,0,0,0,2.816,0,176
6149,46493.440,15.1404,14.3555,13.9766,31,3.125,-3.90625,779,0,16.5,98.6,5.48,1.38,0,5.4902,0,14.2196,6.525,-8.85038,1,8,0,0,0,0,0,0,2.816,0,176
6150,46493.480,15.1829,14.3555,13.9766,31,3.125,-3.90625,782.75,0,16.5,98.6,5.46,1.38,0,5.4902,0,14.2196,6.525,-8.85037,1,8,0,0,0,0,0,0,2.816,0,176
6151,46493.520,15.2255,14.3555,13.9831,31,3.125,-3.90625,798.25,0,16.5,98.6,5.46,1.38,0,5.4902,0,14.2196,6.525,-8.85036,1,8,0,0,0,0,0,0,2.816,0,176
6152,46493.560,15.268,14.2406,13.9831,31,3.125,-3.90625,816.5,0,16.5,98.6,5.48,1.38,0,5.4902,0,14.2196,6.525,-8.85036,1,8,0,0,0,0,0,0,2.816,0,176
6153,46493.600,15.1404,14.2406,13.9896,31,3.125,-3.90625,820.75,0,16.5,98.6,5.48,1.38,0,5.4902,0,14.2196,6.525,-8.83511,1,8,0,0,0,0,0,0,2.816,0,176
6154,46493.640,15.0978,14.1258,13.9896,31,3.125,-3.90625,841.5,0,16,98.6,5.48,1.38,0,5.4902,0,14.2196,6.525,-8.83511,1,8,0,0,0,0,0,0,2.816,0,176
6155,46493.680,14.9296,14.1258,13.9961,31,3.125,-3.90625,847.75,0,16,98.6,5.52,1.38,0,5.4902,0,14.2196,6.525,-8.81232,1,8,0,0,0,0,0,0,2.816,0,176
6156,46493.720,14.9296,14.1258,14.0026,31,3.125,-3.90625,870.5,0,14.5,98.6,5.52,1.4,0,5.4902,0,14.2196,6.525,-8.78567,1,8,0,0,0,0,0,0,2.816,0,176
6157,46493.760,14.887,14.0109,14.0026,31,3.125,-3.90625,878,0,14,98.6,5.54,1.4,0,5.4902,0,14.2196,6.525,-8.78567,1,8,0,0,0,0,0,0,2.816,0,176
6158,46493.800,14.9296,14.0109,14.0287,31,3.125,-3.90625,897.75,0,12,98.6,5.56,1.38,0,5.4902,0,14.2196,6.525,-8.76042,1,8,0,0,0,0,0,0,2.56,0,176
6159,46493.840,14.8039,13.8961,14.0418,31,3.125,-3.90625,914,0,10.5,98.6,5.5,1.36,0,5.4902,0,14.2196,6.525,-8.74568,1,8,0,0,0,0,0,0,2.816,0,176
6160,46493.880,14.1714,13.7813,14.0418,31,3.125,-3.90625,914,0,10.5,98.6,5.44,1.38,0,5.4902,0,14.2196,6.525,-8.74568,1,8,0,0,0,0,0,0,2.56,0,176
6161,46493.920,14.1714,13.8961,14.068,31,3.125,-3.90625,921.25,0,9.5,98.6,5.34,1.38,0,5.4902,0,14.2196,6.38,-8.73891,1,8,0,0,0,0,0,0,2.56,0,176
6162,46493.960,14.0883,13.7813,14.068,31,3.125,-3.90625,918.75,0,10,98.6,5.26,1.36,0,5.4902,0,14.2196,6.38,-8.73891,1,8,0,0,0,0,0,0,2.56,0,176
6163,46494.000,13.8349,13.7813,14.0944,31,3.125,-3.90625,906.25,0,11.5,98.6,5.21,1.34,0,5.4902,0,14.2196,6.38,-8.74234,1,8,0,0,0,0,0,0,2.56,0,176
6164,46494.040,13.9606,13.7813,14.1076,31,3.125,-3.90625,912.25,0,11,98.6,5.13,1.34,0,5.4902,0,14.2196,6.38,-8.75273,1,8,0,0,0,0,0,0,2.56,0,176
6165,46494.080,13.9606,13.7813,14.1076,31,3.125,-3.90625,899.25,0,12,98.6,5.13,1.36,0,5.4902,0,14.2196,6.235,-8.75273,1,8,0,0,0,0,0,0,2.56,0,176
6166,46494.120,13.8349,13.7813,14.1474,31,3.125,-3.90625,903.25,0,12,98.6,5.17,1.36,0,5.4902,0,14.2196,6.235,-8.7591,1,8,0,0,0,0,0,0,2.56,0,176
6167,46494.160,13.9181,13.6664,14.1673,31,3.125,-3.90625,886.75,0,13.5,98.6,5.17,1.36,0,5.4902,0,14.2196,6.235,-8.77057,1,8,0,0,0,0,0,0,2.56,0,176
6168,46494.200,13.8775,13.7813,14.1673,31,3.125,-3.90625,874,0,14.5,98.6,5.19,1.34,0,5.4902,0,14.2196,6.09,-8.77057,1,8,0,0,0,0,0,0,2.56,0,176
6169,46494.240,13.7498,13.7813,14.1874,31,3.90625,-3.90625,875.75,0,14.5,98.6,5.26,1.36,0,5.4902,0,14.2196,6.09,-8.78223,1,8,0,0,0,0,0,0,2.56,0,176
6170,46494.280,13.7498,13.7813,14.1874,31,3.90625,-3.90625,862.5,0,15.5,98.6,5.3,1.36,0,5.4902,0,14.2196,6.09,-8.78223,1,8,0,0,0,0,0,0,2.56,0,176
6171,46494.320,13.7924,13.8961,14.2075,31,3.90625,-3.90625,858.25,0,15.5,98.6,5.32,1.38,0,5.4902,0,14.2196,6.09,-8.79279,1,8,0,0,0,0,0,0,2.56,0,176
6172,46494.360,13.7924,13.8961,14.2209,31,3.90625,-3.90625,847,0,16,98.6,5.42,1.38,0,5.4902,0,14.2196,6.09,-8.80713,1,8,0,0,0,0,0,0,2.56,0,176
6173,46494.400,13.7498,13.8961,14.2209,31,3.90625,-3.90625,850.5,0,16,98.6,5.46,1.38,0,5.4902,0,14.2196,6.09,-8.80713,1,8,0,0,0,0,0,0,2.56,0,176
6174,46494.440,13.8775,13.8961,14.2276,31,3.90625,-3.90625,841.25,0,16,98.6,5.5,1.38,0,5.4902,0,14.2196,6.09,-8.81228,1,8,0,0,0,0,0,0,2.56,0,176
6175,46494.480,13.7498,14.0109,14.2276,31,3.90625,-3.90625,843.25,0,16,98.6,5.46,1.36,0,5.4902,0,14.2196,6.09,-8.81051,1,8,0,0,0,0,0,0,2.56,0,176
6176,46494.520,13.7498,14.0109,14.2276,31,4.6875,-3.90625,834.5,0,16,98.6,5.46,1.36,0,5.4902,0,14.2196,6.09,-8.81051,1,8,0,0,0,0,0,0,2.56,0,176
6177,46494.560,13.7924,14.0109,14.2276,31,4.6875,-3.90625,824.75,0,16.5,98.6,5.44,1.38,0,5.4902,0,14.2196,6.09,-8.81856,1,8,0,0,0,0,0,0,2.56,0,176
6178,46494.600,13.9606,14.0109,14.2276,31,4.6875,-3.90625,830.25,0,16.5,98.6,5.46,1.38,0,5.4902,0,14.2196,6.09,-8.81856,1,8,0,0,0,0,0,0,2.56,0,176
6179,46494.640,13.9181,14.0109,14.2209,31,4.6875,-3.90625,829.25,0,16,98.6,5.46,1.38,0,5.4902,0,14.2196,6.09,-8.8224,1,8,0,0,0,0,0,0,2.56,0,176
6180,46494.680,13.9606,14.0109,14.2209,31,4.6875,-3.90625,833.5,0,16,98.6,5.44,1.38,0,5.4902,0,14.2196,6.09,-8.81944,1,8,0,0,0,0,0,0,2.56,0,176
6181,46494.720,13.9606,14.0109,14.2209,31,4.6875,-3.90625,829.25,0,16,98.6,5.42,1.38,0,5.4902,0,14.2196,6.09,-8.81944,1,8,0,0,0,0,0,0,2.56,0,176
6182,46494.760,14.0032,14.0109,14.2209,31,4.6875,-3.90625,837.25,0,15.5,98.6,5.44,1.38,0,5.4902,0,14.2196,6.09,-8.81606,1,8,0,0,0,0,0,0,2.56,0,176
6183,46494.800,14.0883,14.0109,14.2142,31,5.46875,-3.90625,830.5,0,16,98.6,5.46,1.38,0,5.4902,0,14.2196,6.09,-8.82216,1,8,0,0,0,0,0,0,2.56,0,176
6184,46494.840,14.0457,13.8961,14.2142,31,5.46875,-3.90625,833.25,0,16,98.6,5.5,1.38,0,5.4902,0,14.2196,6.09,-8.82216,1,8,0,0,0,0,0,0,2.56,0,176
6185,46494.880,13.9606,13.8961,14.2142,31,4.6875,-3.90625,831,0,16,98.6,5.54,1.38,0,5.4902,0,14.2196,6.09,-8.82419,1,8,0,0,0,0,0,0,2.56,0,176
6186,46494.920,13.7498,13.8961,14.2142,31,5.46875,-3.90625,825.25,0,16,98.6,5.54,1.38,0,5.4902,0,14.2196,6.09,-8.82419,1,8,0,0,0,0,0,0,2.56,0,176
6187,46494.960,13.9181,13.7813,14.2209,31,4.6875,-3.90625,834.75,0,15.5,98.6,5.5,1.38,0,5.4902,0,14.2196,6.09,-8.82705,1,8,0,0,0,0,0,0,2.56,0,176
6188,46495.000,13.9181,13.7813,14.2142,31,4.6875,-3.90625,825.25,0,16,98.6,5.48,1.38,0,5.4902,0,14.2196,6.09,-8.82689,1,8,0,0,0,0,0,0,2.56,0,176
6189,46495.040,13.8349,13.7813,14.2142,31,4.6875,-3.90625,833.25,0,15.5,98.6,5.48,1.38,0,5.4902,0,14.2196,6.09,-8.82689,1,8,0,0,0,0,0,0,2.56,0,176
6190,46495.080,13.8775,13.7813,14.2142,31,4.6875,-3.90625,829.5,0,15.5,98.6,5.46,1.38,0,5.4902,0,14.2196,6.09,-8.81966,1,8,0,0,0,0,0,0,2.56,0,176
6191,46495.120,13.7924,13.6664,14.2142,31,4.6875,-3.90625,836.25,0,15,98.6,5.46,1.38,0,5.4902,0,14.2196,6.09,-8.8168,1,8,0,0,0,0,0,0,2.56,0,176
6192,46495.160,13.7924,13.5516,14.2142,31,4.6875,-3.90625,833.25,0,15.5,98.6,5.44,1.38,0,5.4902,0,14.2196,6.09,-8.8168,1,8,0,0,0,0,0,0,2.56,0,176
6193,46495.200,13.7924,13.5516,14.2142,31,4.6875,-3.90625,829.75,0,15.5,98.6,5.38,1.36,0,5.4902,0,14.2196,6.09,-8.82279,1,8,0,0,0,0,0,0,2.56,0,176
6194,46495.240,13.6241,13.5516,14.2142,31,4.6875,-3.90625,834.75,0,15,98.6,5.24,1.34,0,5.4902,0,14.2196,6.09,-8.82279,1,8,0,0,0,0,0,0,2.56,0,176
6195,46495.280,13.4559,13.4367,14.2142,31,3.90625,-3.90625,832.25,0,15,98.6,5.24,1.34,0,5.4902,0,14.2196,6.09,-8.81831,1,8,0,0,0,0,0,0,2.56,0,176
6196,46495.320,13.6667,13.4367,14.2209,31,3.90625,-3.90625,836.5,0,14.5,98.6,5.24,1.36,0,5.09804,0,14.2196,6.09,-8.8205,1,8,0,0,0,0,0,0,2.56,0,176
6197,46495.360,13.6241,13.4367,14.2209,31,3.90625,-3.90625,831.75,0,15,98.6,5.24,1.36,0,5.4902,0,14.2196,6.09,-8.8205,1,8,0,0,0,0,0,0,2.56,0,176
6198,46495.400,13.5816,13.4367,14.2209,31,3.90625,-3.90625,837.25,0,14,98.6,5.26,1.36,0,5.4902,0,14.2196,6.09,-8.8209,1,8,0,0,0,0,0,0,2.56,0,176
6199,46495.440,13.6241,13.3219,14.2276,31,3.90625,-3.90625,829.75,0,15,98.6,5.19,1.36,0,5.4902,0,14.2196,6.09,-8.82269,1,8,0,0,0,0,0,0,2.56,0,176
6200,46495.480,13.539,13.4367,14.2276,31,3.90625,-3.90625,833,0,14.5,98.6,5.17,1.36,0,5.09804,0,14.2196,6.09,-8.82269,1,8,0,0,0,0,0,0,2.56,0,176
6201,46495.520,13.3282,13.4367,14.2276,31,3.90625,-3.90625,827.5,0,15,98.6,5.17,1.36,0,5.09804,0,14.2196,6.09,-8.82475,1,8,0,0,0,0,0,0,2.56,0,176
6202,46495.560,13.3282,13.3219,14.2276,31,3.125,-3.90625,830,0,14.5,98.6,5.09,1.34,0,5.09804,0,14.2196,6.09,-8.82475,1,8,0,0,0,0,0,0,2.56,0,176
6203,46495.600,13.4559,13.3219,14.2343,31,3.125,-3.90625,823.5,0,15.5,100.4,5.13,1.34,0,5.09804,0,14.2196,6.09,-8.82847,1,8,0,0,0,0,0,0,2.56,0,176
6204,46495.640,13.4559,13.3219,14.2343,31,3.125,-3.90625,806.25,0,16,100.4,5.09,1.34,0,5.09804,0,14.2196,6.09,-8.83027,1,8,0,0,0,0,0,0,2.56,0,176
6205,46495.680,13.1174,13.207,14.2343,31,3.125,-3.90625,810.75,0,15.5,100.4,5.09,1.34,0,5.09804,0,14.2196,6.09,-8.83027,1,8,0,0,0,0,0,0,2.56,0,176
6206,46495.720,13.2876,13.207,14.2343,31,2.34375,-3.90625,805.25,0,16.5,100.4,5.09,1.34,0,5.09804,0,14.2196,6.09,-8.84029,1,8,0,0,0,0,0,0,2.56,0,176
6207,46495.760,13.2876,13.207,14.2748,31,2.34375,-3.90625,810.75,0,16,100.4,5.09,1.34,0,5.4902,0,14.2196,6.09,-8.84029,1,8,0,0,0,0,0,0,2.56,0,176
6208,46495.800,13.2451,13.207,14.2748,31,2.34375,-3.90625,799.75,0,16.5,100.4,5.13,1.36,0,5.4902,0,14.2196,6.09,-8.84029,1,8,0,0,0,0,0,0,2.56,0,176
6209,46495.840,13.2025,13.207,14.2343,31,2.34375,-3.90625,809.75,0,16,100.4,5.17,1.36,0,5.4902,0,14.2196,6.09,-8.85006,1,8,0,0,0,0,0,0,2.56,0,176
6210,46495.880,13.2876,13.207,14.2343,31,2.34375,-3.90625,808,0,16,100.4,5.19,1.36,0,5.4902,0,14.2196,6.09,-8.85006,1,8,0,0,0,0,0,0,2.56,0,176
6211,46495.920,13.2025,13.207,14.2748,31,2.34375,-3.90625,811,0,16,100.4,5.24,1.36,0,5.4902,0,14.2196,6.09,-8.84281,1,8,0,0,0,0,0,0,2.56,0,176
6212,46495.960,13.2876,13.207,14.2748,31,2.34375,-3.90625,801.75,0,16,100.4,5.24,1.36,0,5.4902,0,14.2196,6.09,-8.84841,1,8,0,0,0,0,0,0,2.56,0,176
6213,46496.000,13.2876,13.207,14.2748,31,2.34375,-3.90625,804.75,0,16,100.4,5.24,1.36,0,5.4902,0,14.2196,6.09,-8.84841,1,8,0,0,0,0,0,0,2.56,0,176
6214,46496.040,13.7924,13.207,14.2748,31,1.5625,-3.90625,797.25,0,16,100.4,5.26,1.36,0,5.09804,0,14.2196,6.09,-8.85004,1,8,0,0,0,0,0,0,2.56,0,176
6215,46496.080,13.7924,13.3219,14.2748,31,1.5625,-3.90625,809.75,0,15.5,100.4,5.24,1.36,0,5.4902,0,14.2196,6.09,-8.84113,1,8,0,0,0,0,0,0,2.56,0,176
6216,46496.120,13.8775,13.3219,14.2748,31,1.5625,-3.90625,807,0,15.5,100.4,5.24,1.36,0,5.4902,0,14.2196,6.09,-8.84113,1,8,0,0,0,0,0,0,2.56,0,176
6217,46496.160,13.7498,13.207,14.2748,31,1.5625,-3.90625,810.25,0,15,100.4,5.19,1.34,0,5.4902,0,14.2196,6.09,-8.83961,1,8,0,0,0,0,0,0,2.56,0,176
6218,46496.200,13.7924,13.207,14.2748,31,1.5625,-3.90625,814,0,14.5,100.4,5.19,1.34,0,5.4902,0,14.2196,6.09,-8.83961,1,8,0,0,0,0,0,0,2.56,0,176
6219,46496.240,13.6667,13.3219,14.2748,31,1.5625,-3.90625,798,0,16,100.4,5.17,1.34,0,5.4902,0,14.2196,6.09,-8.83724,1,8,0,0,0,0,0,0,2.56,0,176
6220,46496.280,13.8349,13.3219,14.2748,31,1.5625,-3.90625,796.5,0,16,100.4,5.09,1.34,0,5.4902,0,14.2196,6.09,-8.85001,1,8,0,0,0,0,0,0,2.56,0,176
6221,46496.320,13.7924,13.3219,14.2748,31,1.5625,-3.90625,793.75,0,16,100.4,5.09,1.36,0,5.4902,0,14.2196,6.09,-8.85001,1,8,0,0,0,0,0,0,2.56,0,176
6222,46496.360,13.8349,13.3219,14.2748,31,1.5625,-3.90625,803,0,15.5,100.4,5.17,1.36,0,5.4902,0,14.2196,6.09,-8.85001,1,8,0,0,0,0,0,0,2.56,0,176
6223,46496.400,13.9606,13.4367,14.2748,31,1.5625,-3.90625,796.25,0,16,100.4,5.24,1.36,0,5.4902,0,14.2196,6.09,-8.85,1,8,0,0,0,0,0,0,2.56,0,176
6224,46496.440,13.7924,13.4367,14.2748,31,1.5625,-3.90625,799.5,0,15.5,100.4,5.24,1.36,0,5.4902,0,14.2196,6.09,-8.85,1,8,0,0,0,0,0,0,2.56,0,176
6225,46496.480,13.7073,13.4367,14.2748,31,.78125,-3.90625,789.75,0,16,100.4,5.24,1.38,0,5.09804,0,14.2196,6.09,-8.84999,1,8,0,0,0,0,0,0,2.56,0,176
6226,46496.520,13.7498,13.4367,14.2748,31,.78125,-3.90625,748.75,0,4,100.4,4.93,1.3,0,3.52941,0,14.2196,6.09,-8.84999,1,8,0,0,1,0,0,0,2.56,0,176
6227,46496.560,10.17,13.4367,14.2748,31,.78125,-3.90625,687.75,0,4,100.4,4.02,1.24,0,2.7451,0,14.2196,6.09,-8.84998,1,8,0,0,1,0,0,0,0,0,176
6228,46496.600,10.17,13.5516,14.2748,31,0,-3.90625,635.25,0,4,100.4,3.4,1.2,0,2.7451,0,14.2196,6.09,-8.84998,1,8,0,0,1,0,0,0,0,0,176
6229,46496.640,10.17,13.5516,14.2748,31,0,-3.90625,635.25,0,4,100.4,3.4,1.16,0,2.35294,0,14.2196,6.09,-8.84998,1,8,0,0,1,0,0,0,0,0,176
6230,46496.680,10.17,13.5516,14.2748,31,0,-3.90625,567.25,0,4,100.4,3.11,1.18,0,2.35294,0,14.2196,6.09,-8.84997,1,8,0,0,1,0,0,0,0,0,176
6231,46496.720,10.17,13.5516,14.2748,31,0,-3.90625,499.75,0,10,100.4,2.86,1.18,0,2.35294,0,14.2196,6.09,-8.84996,1,8,0,0,2,0,0,0,0,0,176
6232,46496.760,10.17,13.6664,14.2748,31,0,-3.90625,499.75,0,10,100.4,2.86,1.14,0,2.35294,0,14.2196,6.09,-8.84996,1,8,0,0,2,0,0,0,0,0,176
6233,46496.800,10.17,13.8961,14.2748,31,0,-3.90625,414.25,0,10,100.4,2.71,1.18,0,2.35294,0,14.2196,6.09,-8.84996,1,8,0,0,2,0,0,0,0,0,176
6234,46496.840,10.17,14.0109,14.2748,31,0,-3.90625,414.25,0,10,100.4,2.71,1.14,0,2.35294,0,14.2196,6.09,-8.84996,1,8,0,0,2,0,0,0,0,0,176
6235,46496.880,10.17,14.1258,14.2748,31,0,-3.90625,309.5,0,10,100.4,2.75,1.18,0,2.35294,0,14.2196,6.09,-8.84995,1,8,0,0,6,0,0,0,0,0,176
6236,46496.920,10.17,14.1258,14.4948,31,0,-3.90625,309.5,0,10,100.4,2.75,1.24,0,2.35294,0,14.2196,6.09,-8.84994,1,8,0,0,6,0,0,0,0,0,176
6237,46496.960,10.17,14.1258,14.4948,31,0,-3.90625,309.5,0,10,100.4,2.75,1.14,0,2.35294,0,14.2196,6.09,-8.84994,1,8,0,0,6,0,0,0,0,0,176
6238,46497.000,10.17,14.1258,14.4948,31,0,-3.90625,309.5,0,10,100.4,2.75,1.08,0,2.35294,0,14.2196,6.09,-8.84993,1,8,0,0,6,0,0,0,0,0,176
6239,46497.040,10.17,14.1258,14.4948,31,0,-3.90625,309.5,0,10,100.4,2.75,1.12,0,2.35294,0,14.2196,6.09,-8.84993,1,8,0,0,6,0,0,0,0,0,176
6240,46497.080,10.17,14.1258,14.4948,31,0,-3.90625,309.5,0,10,100.4,2.75,1.18,0,2.35294,0,14.2196,6.09,-8.84993,1,8,0,0,6,0,0,0,0,0,176
6241,46497.120,10.17,14.1258,14.4948,31,0,-3.90625,309.5,0,10,100.4,2.75,1.18,0,2.35294,0,14.2196,6.09,-8.84992,1,8,0,0,6,0,0,0,0,0,176
6242,46497.160,10.17,14.1258,14.4948,31,0,-3.90625,309.5,0,10,100.4,2.75,1.18,0,2.35294,0,14.2196,6.09,-8.84992,1,8,0,0,6,0,0,0,0,0,176
6243,46497.200,10.17,14.1258,14.4948,31,0,-3.90625,309.5,0,10,100.4,2.75,1.18,0,2.35294,0,14.2196,6.09,-8.84991,1,8,0,0,6,0,0,0,0,0,176
6244,46497.240,10.17,14.1258,14.4948,31,0,-3.90625,309.5,0,10,100.4,2.75,1.16,0,2.35294,0,14.2196,6.09,-8.84991,1,8,0,0,6,0,0,0,0,0,177.8
6245,46497.280,10.17,14.1258,14.4948,31,0,-3.90625,309.5,0,10,100.4,2.75,1.16,0,2.35294,0,14.2196,6.09,-8.84991,1,8,0,0,6,0,0,0,0,0,177.8
6246,46497.320,10.17,14.1258,14.4948,31,0,-3.90625,309.5,0,10,100.4,2.75,1.16,0,2.35294,0,14.2196,6.09,-8.8499,1,8,0,0,6,0,0,0,0,0,177.8
6247,46497.360,10.17,14.1258,14.4948,31,0,-3.90625,309.5,0,10,100.4,2.75,1.16,0,2.35294,0,14.2196,6.09,-8.84989,1,8,0,0,6,0,0,0,0,0,177.8
6248,46497.400,10.17,14.2406,14.4948,31,0,-3.90625,309.5,0,10,100.4,2.75,1.16,0,2.35294,0,14.2196,6.09,-8.84989,1,8,0,0,6,0,0,0,0,0,177.8
6249,46497.440,10.17,14.2406,14.4948,31,0,-3.90625,309.5,0,10,100.4,2.75,1.16,0,2.35294,0,14.2196,6.09,-8.84989,1,8,0,0,6,0,0,0,0,0,177.8
6250,46497.480,10.17,14.2406,14.4948,31,0,-3.90625,309.5,0,10,100.4,2.75,1.16,0,2.35294,0,14.2196,6.09,-8.84989,1,8,0,0,6,0,0,0,0,0,177.8
